Site,Date,Chl_mean,Dominant,Chl_min,Chl_max
BB,2011-07-25,16.929258098117092,Bacillariophyta,9.412578506677187,30.069602868516025
BB,2011-08-09,4.956126745036714,Bacillariophyta,2.7790765012039884,8.71372149841521
BB,2011-08-16,3.201254772292482,Cyanobacteria,1.8048125380495101,5.356636187513152
BB,2011-08-24,2.0120602963692913,Chrysophyta,1.1635817745347496,3.3506803077617437
BB,2011-08-31,4.190011788445167,Chrysophyta,2.401442827458519,6.951421806798028
BB,2011-09-07,1.8921101775623932,Cyanobacteria,1.082400759524392,3.040591281657253
BB,2011-09-13,1.3455602222083236,Cyanobacteria,0.7636109666388273,2.163650671261369
BB,2012-05-07,8.437637415210544,Bacillariophyta,4.695939347882145,14.966987752290326
BB,2012-05-08,0.13200098321043932,Bacillariophyta,0.07316956978431163,0.23309730252707056
BB,2012-05-15,0.039522641381133615,Bacillariophyta,0.02204661313188652,0.06990411299698839
BB,2012-05-29,0.8131526171906961,Cyanobacteria,0.4475152185817269,1.36338245181831
BB,2012-06-05,2.936394673871164,Cyanobacteria,1.5920636856006796,4.725872427835633
BB,2012-06-18,1.57104831834291,Cyanobacteria,0.9456299483698855,2.526701202455593
BB,2012-06-26,1.456940093905215,Chlorophyta,0.9138695660566607,2.337967391183623
BB,2012-07-02,0.20575910956502105,Cryptophyta,0.12684172161603022,0.3255053279448178
BB,2012-07-09,0.6073360661926477,Cryptophyta,0.37513065268715806,0.9442989210737764
BB,2012-07-17,9.032878130350777,Bacillariophyta,5.02236398713838,16.040961292800993
BB,2012-07-24,3.786492722874846,Bacillariophyta,2.1344961624215535,6.647753748993242
BB,2012-07-31,1.9463224073569754,Cyanobacteria,1.0671729531686391,3.3122790378815195
BB,2012-08-07,2.0669982922544556,Chrysophyta,1.2282866868479336,3.341626478068076
BB,2012-08-14,0.8736169278433787,Cyanobacteria,0.5101903814615983,1.4083222005419302
BB,2012-08-21,0.7913767014098615,Cyanobacteria,0.4622161262165422,1.298434779008433
BB,2012-09-06,1.810279054754781,Cyanobacteria,1.0247260224081172,2.9176837725017655
BB,2012-09-11,1.5552359014091361,Cyanobacteria,0.9030939849859289,2.5172612586033276
BB,2013-04-30,0.07668400213084851,Bacillariophyta,0.04309455407100941,0.13350821302851879
BB,2013-05-07,0.4389327605343022,Bacillariophyta,0.24662460302845415,0.7714847242601403
BB,2013-06-03,0.0032621643837128897,Cyanobacteria,0.001812888332862565,0.005377086021442186
BB,2013-06-06,0.022288209231617975,Bacillariophyta,0.013478532386848412,0.036415666720657346
BB,2013-06-11,0.05733118525445654,Bacillariophyta,0.03210063448739326,0.10111161560226045
BB,2013-06-18,0.20549006731661792,Bacillariophyta,0.11459236898011703,0.36428426920597634
BB,2013-07-02,0.37958937105474244,Chlorophyta,0.2458156190241402,0.6131659516064719
BB,2013-07-30,0.956108291968979,Pyrrophyta,0.5433461027312066,1.589423754558732
BB,2013-08-27,0.6029771729327092,Bacillariophyta,0.34823462812649864,1.0411364237524843
BB,2014-09-09,0.6158313192130849,Cyanobacteria,0.34979248412785746,1.0182741173200027
BB,2014-10-07,0.25783864880811064,Cyanobacteria,0.1548538893276962,0.4198471714235506
BB,2015-07-21,2.6405238298887084,Bacillariophyta,1.5124274449443431,4.546298408773062
BB,2016-04-12,0.46412243217897214,Bacillariophyta,0.2758812883679094,0.759396651084065
BB,2016-04-26,1.213729788430533,Chrysophyta,0.7032029895766504,2.059859765287561
BB,2016-05-17,0.8659115744677014,Bacillariophyta,0.5220770040567427,1.4505876683928125
BB,2017-09-19,0.5218549091789799,Cryptophyta,0.31519125477880783,0.8303671892540743
BB,2017-09-26,0.7196768245028494,Bacillariophyta,0.40036239162198617,1.2755820555194297
BB,2020-04-07,0.2800181800791893,Bacillariophyta,0.15739526233583145,0.4945473249283638
BB,2020-04-17,0.23113045183680128,Bacillariophyta,0.13173559599893453,0.4008567468788065
BB,2021-03-26,1.565981986005496,Bacillariophyta,0.8876977416816225,2.6430354449846445
BB,2021-05-25,5.854083616277854,Cryptophyta,3.449144956633848,9.356812845263429
BCD,2012-04-17,1.2814782871318968,Bacillariophyta,0.7287883643954465,2.2316589685510895
BCD,2012-05-08,0.6811260367597961,Bacillariophyta,0.37915786950645963,1.1892912311541681
BCD,2012-05-15,0.5929131083382803,Bacillariophyta,0.34396159507465685,1.01643475443972
BCD,2012-06-26,1.722692557984767,Bacillariophyta,1.034161067972789,2.840891546839255
BCR,2014-06-05,1.8871214317631024,Cyanobacteria,1.1156765136124986,3.039713094862875
BCR,2018-06-15,0.9264693524819916,Bacillariophyta,0.5174562232762975,1.6340185841749224
BCR,2018-06-17,0.7687098910334417,Bacillariophyta,0.4358692402174368,1.3440965173792345
BCR,2018-06-19,0.5314175288983213,Bacillariophyta,0.30164433847777705,0.9260569097319378
BCR,2018-06-21,3.1593105596247275,Cyanobacteria,1.7619075908969062,5.081768067499014
BCR,2018-06-22,5.098184868729903,Cyanobacteria,2.8556068316334127,8.127245672962308
BCR,2018-06-23,14.57571927229214,Cyanobacteria,8.306056495972728,23.53256301692804
BCR,2018-06-24,12.674102779052243,Cyanobacteria,6.983374350367053,21.44346476073111
BCR,2018-06-25,17.03176644726342,Bacillariophyta,9.489218788916144,28.834703935731415
BCR,2018-06-27,14.20035886519053,Cyanobacteria,7.819667144172105,23.7610483536896
BCR,2018-06-28,2.078337537157676,Cyanobacteria,1.1354426221776508,3.3428445966448512
BCR,2018-06-29,40.498337745876825,Bacillariophyta,22.42126605000018,71.07314656289834
BCR,2018-06-30,15.198296560561808,Bacillariophyta,8.408645979158873,26.314128974263532
BCR,2018-07-01,4.6714149537618335,Cyanobacteria,2.603362203476107,7.668752530450432
BCR,2018-07-02,27.286872572397687,Bacillariophyta,15.014865331603762,46.768861104312265
BCR,2018-07-03,13.977128049508849,Bacillariophyta,7.734301993762288,24.141316498907265
BCR,2018-07-04,13.593314765403505,Cyanobacteria,7.482271490439504,23.132161089937373
BCR,2018-07-05,25.946945120535517,Bacillariophyta,14.321086501515003,44.95696051327629
BCR,2018-07-06,21.846231905617817,Bacillariophyta,12.042335899666751,37.74433213538586
BCR,2018-07-09,24.86471546511216,Bacillariophyta,13.827262034089758,42.641840511639614
BCR,2018-07-13,24.883953573880728,Bacillariophyta,13.84719581967696,42.95169777156975
BCR,2018-07-16,19.836769735099796,Bacillariophyta,10.94944599590421,33.792813513655645
BCR,2018-07-18,45.58360284081502,Bacillariophyta,25.14550223226859,79.12316669175551
BCR,2018-07-24,40.95250634078327,Bacillariophyta,22.70374196851545,72.04031337021351
BCR,2018-07-26,40.38593596418004,Bacillariophyta,22.52221355464661,71.23891396702447
BCR,2018-07-31,44.33125615488387,Bacillariophyta,24.657168567191746,78.45614310583852
BCR,2018-08-02,47.495092788662,Bacillariophyta,26.433390034537524,84.13722052088227
BCR,2018-08-07,13.790137800144118,Bacillariophyta,7.6843577034110035,24.31462566376523
BCR,2018-08-09,5.673001833757734,Bacillariophyta,3.200888101673536,9.779639653925122
BCR,2018-08-14,1.3562963784194055,Bacillariophyta,0.7546514614598168,2.407478859946214
BCR,2018-08-16,3.8918916468618816,Bacillariophyta,2.2625337946633923,6.52733264373305
BCR,2018-08-21,1.9542508999278456,Bacillariophyta,1.1025268321294102,3.4331636014913953
BCR,2018-08-29,2.8573767756496844,Bacillariophyta,1.5965400304795587,5.049807968340697
BCR,2018-09-04,1.874862424251182,Bacillariophyta,1.041590235695101,3.3330887542243235
BCR,2018-09-11,2.748342317423385,Bacillariophyta,1.5309340288477293,4.876387868174992
BCR,2018-09-19,1.2549837167379039,Bacillariophyta,0.6978088925330457,2.229141610093905
BCR,2018-09-26,8.654124578923456,Bacillariophyta,4.831638900119247,15.286905416194472
BCR,2018-10-02,5.469386590879123,Bacillariophyta,3.045589108874974,9.705703466740832
BCR,2018-10-09,0.7994897592194457,Bacillariophyta,0.4448076798527183,1.4193788222244128
BCR,2018-10-16,0.737227590526185,Bacillariophyta,0.4114809322207842,1.3067949762666542
BCR,2018-10-23,1.2851526345162003,Bacillariophyta,0.7163525748458676,2.275193018945581
BCR,2018-10-29,0.5497189145726041,Bacillariophyta,0.30826514583125586,0.9702908870799264
BCR,2018-11-05,0.6918277376667391,Bacillariophyta,0.38697446301412763,1.2248286370706933
BCR,2018-11-13,0.8167612533576594,Bacillariophyta,0.45702631629393003,1.438377731327428
BCR,2018-11-19,1.30636808711999,Bacillariophyta,0.7342538663463756,2.286596746630148
BCR,2018-11-27,0.7217522904712027,Bacillariophyta,0.4089331942811918,1.2536486959197324
BCR,2018-12-04,31.225885822160787,Bacillariophyta,17.392739919136815,55.10109855894337
BCR,2018-12-18,1.017627350737015,Bacillariophyta,0.5679888030529545,1.8012059258935365
BCR,2018-12-31,2.555890793442594,Bacillariophyta,1.4290550246802378,4.511801136131165
BCR,2019-01-15,1.6956537019888178,Cryptophyta,1.0136890398687874,2.7281584982699725
BCR,2019-01-29,3.9804910222440517,Cryptophyta,2.3825554656287924,6.3949383079696895
BCR,2019-02-12,3.8165722530275876,Bacillariophyta,2.138888131824378,6.713453499041194
BCR,2019-03-05,30.623847061630787,Bacillariophyta,17.228381539226476,53.38817322502679
BCR,2019-03-26,21.80067789893626,Bacillariophyta,12.198116377433264,38.246308703310916
BCR,2019-04-04,12.673189517496251,Bacillariophyta,7.089675692492528,22.360186564289727
BCR,2019-04-09,11.155334885099974,Bacillariophyta,6.380909920228866,19.13722786339838
BCR,2019-04-17,31.96165475829147,Bacillariophyta,17.7875021870134,56.693457235220535
BCR,2019-04-23,23.706292150216342,Bacillariophyta,13.259498553363825,41.806230697218126
BCR,2019-04-30,23.82376213448755,Bacillariophyta,13.253835467430939,42.270698338758564
BCR,2019-05-07,21.64898493176431,Bacillariophyta,12.071970735641202,38.297465899612725
BCR,2019-05-14,8.335125015932533,Bacillariophyta,4.668172900301996,14.635562992494334
BCR,2019-05-21,14.575317888327662,Bacillariophyta,8.307342009068856,25.081889098911443
BCR,2019-05-28,8.528433796356465,Bacillariophyta,4.762182883794714,15.068586780248575
BCR,2019-05-30,9.792255242424897,Bacillariophyta,5.4749432191568586,17.259414209070993
BCR,2019-06-03,21.813102295320494,Bacillariophyta,12.115614961341189,37.971244979887736
BCR,2019-06-04,12.359870745073195,Bacillariophyta,7.057661655293514,21.242711272528165
BCR,2019-06-05,59.28191069600826,Bacillariophyta,33.17362841143563,104.45437471436463
BCR,2019-06-06,23.248990003653727,Bacillariophyta,12.969308906775106,41.13174987537096
BCR,2019-06-07,12.198939339721518,Bacillariophyta,6.782819599071932,21.504752315511364
BCR,2019-06-10,5.324623698983981,Cyanobacteria,2.889638381934696,8.607402395729272
BCR,2019-06-11,14.096619059360355,Cyanobacteria,7.651135626022103,23.219401298806144
BCR,2019-06-12,3.1628350189544,Bacillariophyta,1.772932853963292,5.498735261874932
BCR,2019-06-13,4.503087996642166,Cyanobacteria,2.441151261130627,7.478813687556711
BCR,2019-06-14,17.185759651466807,Cyanobacteria,9.536569111197105,27.766593690450293
BCR,2019-06-17,13.008402023241088,Cyanobacteria,7.185977246658946,20.97698349576308
BCR,2019-06-18,14.318032818979697,Cyanobacteria,7.868683838384435,23.161238425738667
BCR,2019-06-19,17.932187061011483,Cyanobacteria,9.79351628462428,28.802371612252102
BCR,2019-06-20,11.798213307453876,Cyanobacteria,6.45596406041539,19.393147099715957
BCR,2019-06-21,21.366870283297292,Cyanobacteria,11.674785244944035,34.266843602576884
BCR,2019-06-24,19.214565666039533,Cyanobacteria,10.347447433847577,30.934653245950912
BCR,2019-06-25,7.51011672994188,Cyanobacteria,4.082443477383955,12.05531806380168
BCR,2019-06-27,13.015695716611939,Cyanobacteria,7.007258756606713,20.929287218431423
BCR,2019-06-28,5.393365336189875,Cyanobacteria,2.895408035325324,8.667454897491499
BCR,2019-07-01,21.460166093248603,Cyanobacteria,11.66578777798439,35.04185245535893
BCR,2019-07-02,24.21629845140793,Cyanobacteria,13.09866342857069,38.855329950787805
BCR,2019-07-03,12.844196528563048,Cyanobacteria,6.893562231249023,20.698027449991194
BCR,2019-07-05,22.9396539391752,Cyanobacteria,12.64984553348394,36.923966597962945
BCR,2019-07-08,20.640955923805013,Cyanobacteria,11.58223587595814,32.788698681172946
BCR,2019-07-09,4.270593565481172,Cyanobacteria,2.442069724855542,6.884261142425874
BCR,2019-07-10,13.481785017875442,Cyanobacteria,7.449669024525715,21.980737384486
BCR,2019-07-11,14.163753356198779,Cyanobacteria,7.694342122570429,22.686554668885513
BCR,2019-07-12,30.29500798128124,Cyanobacteria,16.414745283344097,49.81677505032337
BCR,2019-07-15,16.428051656071652,Cyanobacteria,9.32110488553708,26.538400448067037
BCR,2019-07-16,5.867963176609729,Cyanobacteria,3.2198678842851285,9.989185323715638
BCR,2019-07-17,19.66411805814378,Cyanobacteria,10.755418260486572,31.71846666096672
BCR,2019-07-18,1.6645766104798652,Cyanobacteria,0.9024801796982952,2.6688337609259998
BCR,2019-07-19,25.21414195579661,Cyanobacteria,14.283532644412869,40.37242545694157
BCR,2019-07-22,3.57880574742707,Cyanobacteria,2.0878848267337267,5.719495467382748
BCR,2019-07-23,6.240599882594166,Cyanobacteria,3.6728992723826543,9.833677743171807
BCR,2019-07-25,5.442029293287205,Bacillariophyta,3.111270559940462,9.21272914247881
BCR,2019-07-30,13.674020413651611,Bacillariophyta,7.604940822823751,23.480130756694294
BCR,2019-08-01,19.223901797673467,Bacillariophyta,10.653481735330715,33.52726180807194
BCR,2019-08-06,23.7747535182887,Bacillariophyta,13.246220725001896,41.83801176196872
BCR,2019-08-08,26.403864320763525,Bacillariophyta,14.668832256183725,46.63850070387613
BCR,2019-08-13,56.692102638139026,Bacillariophyta,31.49379812146516,100.59585858457744
BCR,2019-08-15,43.27416028355265,Bacillariophyta,24.019667044114325,74.91273384004106
BCR,2019-08-20,8.972999917521228,Bacillariophyta,5.072136542694511,15.360957639119082
BCR,2019-08-22,9.942534539229737,Bacillariophyta,5.523111943218507,17.52132009661045
BCR,2019-08-27,0.8055813937918296,Bacillariophyta,0.4696095880201517,1.3233637518666943
BCR,2019-08-29,4.259261885218123,Chrysophyta,2.4864451202856612,7.106993764892112
BCR,2019-09-03,0.5830406552256008,Bacillariophyta,0.3226128753849759,1.0138903665300865
BCR,2019-09-10,0.5387736248665929,Cyanobacteria,0.2924541336170404,0.8987846745067691
BCR,2019-09-17,1.436236343123947,Bacillariophyta,0.8309469752782467,2.4785888756819774
BCR,2019-09-24,0.535895300407619,Bacillariophyta,0.3127279000518615,0.906102933990814
BCR,2019-09-26,22.556052347786533,Cyanobacteria,12.132080911273961,36.311274329986674
BCR,2019-10-01,0.25811724591992086,Cryptophyta,0.15458203917978358,0.41021880106378955
BCR,2019-10-09,0.4278789438045133,Cryptophyta,0.25272339903552016,0.6983446214245659
BCR,2019-10-15,3.927022377554164,Bacillariophyta,2.2843989546420365,6.5811478791359495
BCR,2019-10-30,1.8421627733100405,Cryptophyta,1.1334591134994425,2.848105996873942
BCR,2020-03-09,0.5748332084798382,Bacillariophyta,0.333055412466392,0.9468158824371212
BCR,2020-03-31,26.634833653636292,Chlorophyta,16.9454994210161,43.85060212232263
BCR,2020-04-07,10.610137933547277,Bacillariophyta,5.898051033619088,18.852912981909967
BCR,2020-04-14,5.523400820775629,Bacillariophyta,3.085196575224816,9.768967531461195
BCR,2020-04-23,7.899223286373212,Bacillariophyta,4.444055963551038,13.858720884289285
BCR,2020-04-28,12.984188037225492,Bacillariophyta,7.2345324746076685,23.00093109528555
BCR,2020-05-05,5.2574808172682355,Bacillariophyta,2.9507812515971845,9.232193657952253
BCR,2020-05-12,13.602888299262016,Bacillariophyta,7.562919926327895,24.15232965028129
BCR,2020-05-19,2.9260746405557154,Bacillariophyta,1.6668987625159817,5.042718854883427
BCR,2020-05-25,20.079089444380237,Bacillariophyta,11.173676226371052,35.58811881630419
BCR,2020-05-26,0.669885431507019,Bacillariophyta,0.387540455842998,1.1563986376260762
BCR,2020-05-27,9.182882880542818,Bacillariophyta,5.274059566679521,15.64310075924535
BCR,2020-05-28,1.4852017262175208,Bacillariophyta,0.848040481937311,2.5482542730242312
BCR,2020-05-29,4.393613074783053,Bacillariophyta,2.5700457639312884,7.2988805544636515
BCR,2020-06-01,1.6890819635329921,Bacillariophyta,0.967361091384671,2.888360637676061
BCR,2020-06-02,5.274115691719267,Cryptophyta,3.1059227096362827,8.51396300291056
BCR,2020-06-03,8.123764019095669,Bacillariophyta,4.696135586360785,13.367102563245295
BCR,2020-06-04,5.273860793543208,Cyanobacteria,3.191520870379151,8.103818997249359
BCR,2020-06-05,14.253151698756763,Cyanobacteria,8.09775203465447,23.003785075039843
BCR,2020-06-08,13.764892852816407,Cyanobacteria,7.640337284835059,22.593131830472586
BCR,2020-06-09,8.906657684518667,Bacillariophyta,5.138541534488152,14.768870355414435
BCR,2020-06-10,10.398918182878953,Cryptophyta,6.151101030301091,16.797192312781977
BCR,2020-06-11,4.9463860328872205,Bacillariophyta,2.801071610531499,8.353414405482992
BCR,2020-06-12,6.702811956927769,Cyanobacteria,3.912527596603445,10.759229264827532
BCR,2020-06-15,8.092105900302919,Cryptophyta,4.81788984469429,13.121081445146007
BCR,2020-06-17,5.393317711594673,Cryptophyta,3.155498965784336,8.783284735472002
BCR,2020-06-19,6.932221520589046,Bacillariophyta,3.901674965065944,11.731007255957461
BCR,2020-06-22,4.337320329892905,Cyanobacteria,2.468660044536364,7.205816211137705
BCR,2020-06-24,8.843585994778618,Bacillariophyta,5.133587125247518,14.780965377503406
BCR,2020-06-26,14.90860120297372,Bacillariophyta,8.374480469493745,25.537250567236594
BCR,2020-06-29,9.041089902050967,Bacillariophyta,5.104103986345847,15.554972750819841
BCR,2020-07-01,9.619580885578381,Bacillariophyta,5.598538511720493,16.042970919160915
BCR,2020-07-02,1.7964475145355905,Cyanobacteria,1.0604903201422153,2.8655673341170482
BCR,2020-07-06,1.5190636245819973,Cyanobacteria,0.8444937840508787,2.496388520323643
BCR,2020-07-08,1.2766802547750955,Chrysophyta,0.733187787149282,2.10186253031779
BCR,2020-07-10,5.483433511598183,Cyanobacteria,3.12783673976115,8.95376810133531
BCR,2020-07-13,6.654557052768929,Cyanobacteria,3.8167622538068904,10.947836776934562
BCR,2020-07-14,9.395424712307472,Cyanobacteria,5.301466180757094,15.526927556492161
BCR,2020-07-15,9.174382194004584,Cyanobacteria,5.1045780744312,15.474323911066733
BCR,2020-07-16,11.988208143979863,Chrysophyta,6.734156503788975,20.29282773696395
BCR,2020-07-17,19.95433297008085,Pyrrophyta,11.245028919694054,32.586878058586066
BCR,2020-07-20,16.72447622693266,Bacillariophyta,9.494155325535651,28.782854274803316
BCR,2020-07-21,23.660196664934656,Pyrrophyta,13.030197639665738,39.15429165932439
BCR,2020-07-22,29.883930118863923,Pyrrophyta,16.496714903746955,49.37795624392597
BCR,2020-07-23,134.77019928162045,Bacillariophyta,74.92745440410482,237.91890099680356
BCR,2020-07-24,7.412389460824034,Cyanobacteria,4.122229915529393,12.308366252548762
BCR,2020-07-27,11.61624113562777,Chrysophyta,6.615438181930001,19.59223932105564
BCR,2020-07-28,30.93844832517168,Bacillariophyta,17.247563631861606,53.84252164391688
BCR,2020-07-29,10.349381186297826,Bacillariophyta,5.771597351552479,17.728388479168302
BCR,2020-07-30,6.955134904372581,Bacillariophyta,3.8995777487942465,11.920279745883084
BCR,2020-07-31,8.947064361179809,Cyanobacteria,4.968750577495225,15.103318651742043
BCR,2020-08-03,29.847439820256092,Bacillariophyta,16.476247940336748,51.67546744162
BCR,2020-08-04,39.25995845318539,Pyrrophyta,22.168527716942478,65.29865679528055
BCR,2020-08-05,20.913904443154046,Bacillariophyta,11.578915567458841,36.39068701543419
BCR,2020-08-06,117.57210580350772,Bacillariophyta,64.52501747017897,198.14230605954486
BCR,2020-08-07,20.839573231713775,Bacillariophyta,11.569196127901812,36.66083694075109
BCR,2020-08-10,18.56867339122543,Bacillariophyta,10.30025875517467,32.323581289349605
BCR,2020-08-11,61.114859152388796,Bacillariophyta,33.657107681935734,103.8139819285328
BCR,2020-08-12,31.978721333380392,Bacillariophyta,17.780544340017396,56.04722522286171
BCR,2020-08-13,13.57043133543464,Cyanobacteria,7.475172538640599,22.990407648172834
BCR,2020-08-14,40.05053039759057,Bacillariophyta,22.158487119415884,68.8744967934388
BCR,2020-08-17,4.50838485620525,Cyanobacteria,2.4910333172922123,7.369518364050023
BCR,2020-08-18,17.491993399261467,Bacillariophyta,9.891833464489174,30.309963127628485
BCR,2020-08-19,1.3369264781654568,Cyanobacteria,0.7395071588828963,2.152384325407462
BCR,2020-08-20,2.501245630224989,Cyanobacteria,1.4481075230835423,3.9823164448615453
BCR,2020-08-21,9.206166167335972,Bacillariophyta,5.129047796289044,16.10966615076628
BCR,2020-08-24,3.969090154312057,Bacillariophyta,2.326378680695362,6.530335762124153
BCR,2020-08-25,15.861850135303337,Bacillariophyta,9.087468650238865,27.40759624074251
BCR,2020-08-26,11.355582171470296,Chlorophyta,7.219423642847445,18.40190858898275
BCR,2020-08-28,1.7214136178161574,Cryptophyta,1.0196627593687422,2.780688023496235
BCR,2020-08-31,4.539522159550203,Bacillariophyta,2.6483466229647785,7.502668449440187
BCR,2020-09-02,6.872315911140106,Bacillariophyta,3.9905124221316153,11.516465234323974
BCR,2020-09-04,3.1053173476164955,Bacillariophyta,1.7760488088416848,5.313757446220662
BCR,2021-03-26,2.738790347446452,Bacillariophyta,1.5485543756603586,4.7611824633172235
BCR,2021-04-06,4.626237080373399,Bacillariophyta,2.59013025491257,8.14608936482176
BCR,2021-04-13,5.51157741232361,Bacillariophyta,3.1414365334346206,9.448049764494645
BCR,2021-04-21,4.919588391494452,Bacillariophyta,2.7764151946140005,8.577359489965392
BCR,2021-04-27,9.508414479193945,Bacillariophyta,5.331105692405167,16.713085961539058
BCR,2021-05-04,5.0917086154700915,Bacillariophyta,2.8368874377443625,9.022239095777872
BCR,2021-05-11,3.9458744779783084,Bacillariophyta,2.205843002955711,6.969734587837564
BCR,2021-05-18,1.656482373237162,Cryptophyta,0.9836814629703513,2.701594621236727
BCR,2021-05-25,4.005306205910643,Bacillariophyta,2.3469013632124205,6.61289791055675
BCR,2021-05-27,3.815654115877038,Chrysophyta,2.245397601019944,6.105007029600521
BCR,2021-06-02,27.31800915632339,Bacillariophyta,15.234627300657225,48.00814464835819
BCR,2021-06-04,78.29656797705428,Chlorophyta,51.667011028487444,125.41221950981223
BCR,2021-06-07,26.377707490148854,Chlorophyta,17.09172809903863,42.53335738301762
BCR,2021-06-09,6.909764165099665,Bacillariophyta,3.9662931140007402,11.622415394330503
BCR,2021-06-11,8.803741422678137,Bacillariophyta,4.996486105187955,14.953539160108226
BCR,2021-06-14,7.932959381601945,Bacillariophyta,4.480398956525375,13.759697489437977
BCR,2021-06-16,8.803150625603797,Bacillariophyta,5.10463660560594,14.79224597101518
BCR,2021-06-18,11.71053281481334,Bacillariophyta,6.51903595271409,20.334125158248874
BCR,2021-06-21,12.878652254902622,Bacillariophyta,7.202114342216146,22.695306940245747
BCR,2021-06-23,23.327459501311456,Bacillariophyta,12.961674870690054,41.45876290276381
BCR,2021-06-25,21.140616823616902,Bacillariophyta,11.83619029643031,37.10052972511452
BCR,2021-07-01,15.935292598984942,Bacillariophyta,8.87738703302633,28.23796843974
BCR,2021-07-08,7.232684110864969,Bacillariophyta,4.0745295954189595,12.569489321312835
BCR,2021-07-13,8.491854603432278,Bacillariophyta,4.7204369411611315,15.070855574234875
BCR,2021-07-15,30.793230121925458,Bacillariophyta,17.123519936095608,54.67828643810823
BCR,2021-07-20,22.692598312504895,Bacillariophyta,12.648811734415828,40.17471818129724
BCR,2021-07-22,2.3659063484690366,Bacillariophyta,1.3406531806362647,4.127496942463649
BCR,2021-07-27,8.438417156216827,Bacillariophyta,4.691795507671348,14.959812611200975
BCR,2021-07-29,6.518473769723154,Bacillariophyta,3.6487186131274028,11.47037366104702
BCR,2021-08-03,3.701825503541232,Cryptophyta,2.2190973396711673,5.939017251629967
BCR,2021-08-05,6.279071021968374,Bacillariophyta,3.5427740192530397,10.963622457247798
BCR,2021-08-10,2.58316087518768,Bacillariophyta,1.503080814496031,4.324423675818166
BCR,2021-08-12,1.3179132,Bacillariophyta,0.786067,2.2121809999999997
BCR,2021-08-17,5.363287403061574,Bacillariophyta,2.9927882265777193,9.482512077342275
BCR,2021-08-19,8.333585495150421,Bacillariophyta,4.631354122751753,14.807155015434232
BCR,2021-08-24,6.540325918686613,Bacillariophyta,3.6355216860592297,11.621331670229353
BCR,2021-08-26,22.909454871905076,Bacillariophyta,12.726358283622547,40.704721735979504
BCR,2021-08-31,1.819933467531346,Bacillariophyta,1.053950134252964,3.0835915257710877
BCR,2021-09-02,29.815603083954205,Bacillariophyta,16.611951497058925,52.90815440270983
BCR,2021-09-07,4.496805663830943,Bacillariophyta,2.5682016738206617,7.879920270894622
BCR,2021-09-09,2.444516281482248,Bacillariophyta,1.3900998926675552,4.25257668822955
BCR,2021-09-14,0.14638812880969562,Bacillariophyta,0.08131974300913809,0.2601854034495007
BCR,2021-09-16,0.05392504912491611,Bacillariophyta,0.032076040122023176,0.08878458409239667
BCR,2021-09-21,0.23711673969829233,Cryptophyta,0.14170189184440996,0.3774733077539611
BCR,2021-09-28,3.8625055832793476,Bacillariophyta,2.173218975488761,6.7296107542747485
BCR,2021-10-05,7.557660873968466,Bacillariophyta,4.198231569617267,13.419385430893719
BCR,2021-10-12,3.6656822047418,Bacillariophyta,2.085203506826324,6.276251288281022
BCR,2021-10-14,8.013304580663819,Bacillariophyta,4.4659653543591675,14.038370442092763
BCR,2021-10-19,3.9267737208439657,Bacillariophyta,2.1739212910579657,6.897558650776479
BCR,2021-10-26,0.6046946266891078,Bacillariophyta,0.34294232848842443,1.0422370759628259
BCR,2022-04-07,19.64265721170561,Bacillariophyta,10.966654159521804,34.56101185329522
BCR,2022-04-27,9.606392185374308,Bacillariophyta,5.354851472157198,17.00964191264748
BCR,2022-05-03,19.937774584946485,Bacillariophyta,11.132876773628743,35.1838912612726
BCR,2022-05-11,2.4480342341407577,Bacillariophyta,1.4472789423981745,4.104751975163035
BCR,2022-05-17,4.7278418788818835,Bacillariophyta,2.640111505148879,8.368397799603654
BCR,2022-05-24,1.2528829772765198,Bacillariophyta,0.6994141482841153,2.2205747377081804
BCR,2022-05-31,11.094228837492757,Cryptophyta,6.608331389129451,17.954075493811857
BCR,2022-06-07,0.935691653008364,Bacillariophyta,0.5473009949770279,1.568447299385201
BCR,2022-06-14,7.7730333436902725,Bacillariophyta,4.531549796975264,12.935236859177058
BCR,2022-06-16,5.382039067242962,Bacillariophyta,3.001851489070724,9.513253385438947
BCR,2022-06-21,1.8545203432720532,Bacillariophyta,1.0466811160487142,3.2432140317956883
BCR,2022-06-23,4.448623436989065,Bacillariophyta,2.4927653650344035,7.8450836652785405
BCR,2022-06-29,44.618164473322466,Bacillariophyta,24.8447585082452,79.07637255311133
BCR,2022-07-05,15.472430698393353,Bacillariophyta,8.815916561983519,26.904436192385486
BCR,2022-07-07,7.243177619132475,Bacillariophyta,4.20244242098061,12.26633053253255
BCR,2022-07-11,56.09334659633354,Bacillariophyta,32.32560310007736,96.91146049915038
BCR,2022-07-13,16.260970875009242,Bacillariophyta,9.348892574346166,27.653626325500476
BCR,2022-07-15,16.575900877099667,Bacillariophyta,9.220460680284454,29.370117842501532
BCR,2022-07-19,6.049169789957787,Bacillariophyta,3.382411685375348,10.660033333361882
BCR,2022-07-21,31.852753454785898,Bacillariophyta,17.707933868269446,56.20082002018523
BCR,2022-07-28,28.154946052822535,Bacillariophyta,15.791250653000247,49.47636334090287
BCR,2022-08-02,71.53115547508474,Bacillariophyta,40.89447860641825,124.58631678489961
BCR,2022-08-04,15.134855530493041,Bacillariophyta,8.493439521662241,26.64917439856781
BCR,2022-08-09,1.9955583656383773,Bacillariophyta,1.1389576927946985,3.4661153250124337
BCR,2022-08-11,8.47644914071833,Bacillariophyta,4.807329708859735,14.660803641988474
BCR,2022-08-16,11.462641624006052,Bacillariophyta,6.468519252024249,19.9075954141036
BCR,2022-08-23,6.279336225340387,Bacillariophyta,3.6959940776757514,10.751471398688226
BCR,2022-08-30,0.6136711696770736,Cyanobacteria,0.35148954610315875,0.9902127765161609
BCR,2022-09-06,5.4242775665041245,Bacillariophyta,3.0284530527688966,9.431293130856439
BCR,2022-09-13,8.772030348717475,Bacillariophyta,4.967957228269484,15.208936072235156
BCR,2022-09-27,0.23683810653184145,Bacillariophyta,0.13979910009207655,0.3941787935572596
BCR,2022-10-04,38.49143710655221,Bacillariophyta,21.39448673229132,68.38650844437
BCR,2022-10-18,4.563555418720418,Bacillariophyta,2.5429990650412075,8.08355357692038
BO,2011-07-26,14.174500240056132,Bacillariophyta,7.895541826807758,25.144521710294832
BO,2011-08-09,8.806932618704455,Bacillariophyta,4.929590656813282,15.473196287653415
BO,2011-08-16,3.4777956225843054,Cyanobacteria,1.9572035919331912,5.767106706190355
BO,2011-08-24,0.6502282036384657,Bacillariophyta,0.38422716578382277,1.0630565131497776
BO,2011-08-31,1.1430255675338727,Cyanobacteria,0.6781631547289799,1.8510754089862478
BO,2011-09-07,8.930076938719948,Cyanobacteria,4.869763363873245,14.43497610068643
BO,2011-09-13,1.143320380899165,Cyanobacteria,0.6615427511341623,1.8476944846252414
BO,2011-09-20,2.270241225474973,Cyanobacteria,1.3292603930632991,3.58114359477387
BO,2012-05-07,34.58504583733047,Bacillariophyta,19.21789879858514,61.468588154981305
BO,2012-05-08,0.2967773034446038,Bacillariophyta,0.1659586229343061,0.5229557316319909
BO,2012-05-15,0.12452653874249328,Bacillariophyta,0.06930359738009165,0.2194810921564002
BO,2012-05-29,0.49390855788079036,Bacillariophyta,0.2860893295291605,0.8411537126234306
BO,2012-06-05,1.9775564732794366,Cyanobacteria,1.1031773233617301,3.1735623851613757
BO,2012-06-18,3.0614926675711667,Cyanobacteria,1.859983751195732,4.940302402277807
BO,2012-06-26,0.8607569560874563,Cyanobacteria,0.5112330088291628,1.382590180324288
BO,2012-07-02,4.0216060916609155,Cryptophyta,2.4750064044393096,6.207543962429906
BO,2012-07-09,2.9013049748151674,Cryptophyta,1.7848906800079287,4.4918758494256155
BO,2012-07-12,11.02954318062534,Bacillariophyta,6.174962277607576,19.467601612456736
BO,2012-07-24,2.4113491713097295,Bacillariophyta,1.352653544819389,4.249588305168148
BO,2012-07-31,0.5390017964460593,Bacillariophyta,0.3082795942179612,0.9257872512987133
BO,2012-08-07,0.3156999393142503,Cryptophyta,0.1912964905596905,0.5086341478317626
BO,2012-08-21,11.343613696167038,Cyanobacteria,6.345719901880621,18.009524405269538
BO,2012-08-28,1.4963421050786123,Cyanobacteria,0.8530405743698976,2.3939795811338875
BO,2012-09-11,1.1743795476545487,Cyanobacteria,0.6788490609197714,1.8889893109946736
BO,2012-09-18,1.7826473442254547,Bacillariophyta,1.030015363254309,3.010471371306494
BO,2013-04-30,0.014816762611238802,Cryptophyta,0.008813088531587418,0.023972434525219844
BO,2013-05-07,0.04738736217624826,Euglenophyta,0.029192535460035213,0.07276240494252571
BO,2013-06-03,0.07661306245884977,Cyanobacteria,0.042197476267667525,0.12409951561299734
BO,2013-06-06,0.0858672967507787,Bacillariophyta,0.04798951541999358,0.15045041345716811
BO,2013-06-11,0.016498261479318054,Bacillariophyta,0.00947757088567249,0.028021205305379576
BO,2013-06-18,0.03642335071526161,Bacillariophyta,0.021506382847038343,0.06024161126034628
BO,2013-07-02,0.9779665201281575,Bacillariophyta,0.5435161329054229,1.731808039263595
BO,2013-08-27,0.054246477659173675,Cyanobacteria,0.029175814933970503,0.08721161372857393
BO,2014-06-05,2.288007137555137,Cyanobacteria,1.2798580330057654,3.694826023460257
BO,2014-09-09,1.660658061781548,Cyanobacteria,0.9407033507820349,2.695861739052859
BO,2014-10-07,1.2952444731069064,Pyrrophyta,0.7250782205736557,2.1120862481721914
BO,2015-07-21,0.6925389912856139,Cryptophyta,0.42386167039231926,1.1045416293407617
BO,2016-04-12,0.6524498371579301,Bacillariophyta,0.38184236796661264,1.0923053871455908
BO,2016-05-17,1.6311340148430775,Cyanobacteria,0.9154331364033788,2.673447660418622
BO,2017-04-25,0.715327380942604,Chrysophyta,0.43168011055253575,1.1813818131937681
BO,2017-06-05,3495.3258403199134,Cyanobacteria,1872.495985885668,5617.487957657004
BO,2017-06-07,2647.0687602612343,Cyanobacteria,1418.8006764070701,4253.5899553619765
BO,2017-06-12,23.833230009326726,Cyanobacteria,13.926861567050462,37.3741090011657
BO,2017-06-20,4.4764643985306245,Cryptophyta,2.7850281705961333,7.113745809579375
BO,2017-06-27,3.5386939330342657,Cryptophyta,2.1782693404321907,5.516886969366891
BO,2017-07-25,2.502840539551532,Cyanobacteria,1.4495682126376488,4.024899610728123
BO,2017-08-01,19.416795425109672,Bacillariophyta,11.968685422516398,32.428219559297105
BO,2017-08-03,20.51336871058057,Bacillariophyta,11.580555565788128,35.70111137369027
BO,2017-08-08,2.2508035884892137,Cryptophyta,1.400143099074198,3.502606133941586
BO,2017-08-10,9.409720678887828,Bacillariophyta,5.420687672018888,15.97840299791
BO,2017-08-24,3.672976570731841,Chrysophyta,2.193339571232621,5.89636346350924
BO,2017-09-12,1.231721922791069,Cryptophyta,0.7550106505164795,1.9068450890983575
BO,2018-05-08,22.440838599354656,Cyanobacteria,12.663873067915702,35.681362725521346
BO,2018-05-10,4.044429141474694,Cyanobacteria,2.2404695433028157,6.665253768050515
BO,2018-05-14,89.68565836453413,Cyanobacteria,48.21672891986744,144.3449502783865
BO,2018-05-16,9.657509959641683,Cyanobacteria,5.176414944339294,15.52084820972243
BO,2018-05-17,18.251437639187806,Cyanobacteria,10.221686147431877,29.304974664214207
BO,2018-05-21,1436.9090504067315,Cyanobacteria,769.7727055750348,2309.318116725104
BO,2018-05-23,4.471700952712123,Cyanobacteria,2.5360164062920547,7.20200102318013
BO,2018-05-27,8.626461053157524,Cyanobacteria,4.6825992848726905,13.849741759470811
BO,2018-06-03,1.8838300443628968,Chlorophyta,1.1873973711947374,3.0429788032865837
BO,2018-06-04,10.747514651104728,Cyanobacteria,5.8886434555555525,17.267072092292512
BO,2018-06-06,1.7308165758401395,Cyanobacteria,1.0130514264269308,2.789832481741636
BO,2018-06-07,6.518438180959994,Cyanobacteria,3.7607168484607185,10.522413128398666
BO,2018-06-08,4.487086490252059,Cyanobacteria,2.4398157932355704,7.222841012130591
BO,2018-06-09,9.647215307626738,Cyanobacteria,5.522041388886293,15.341781570531841
BO,2018-06-12,6.993196133290249,Cyanobacteria,3.8471680359585325,11.231623889748994
BO,2018-06-15,4.7842598695290794,Cyanobacteria,2.786230509459403,7.537041660166836
BO,2018-06-17,1.724882756557075,Cyanobacteria,0.9789244584692905,2.756951590153683
BO,2018-06-18,8.752080546662537,Cyanobacteria,4.813918950321808,14.164386176956537
BO,2018-06-19,8.524014217502671,Cyanobacteria,4.712117235951203,13.653476980319818
BO,2018-06-21,2.5328425271262476,Cryptophyta,1.5511015377539856,3.9584237689555444
BO,2018-06-23,24.769566402471508,Bacillariophyta,13.92845072504123,42.34612680624384
BO,2018-06-24,21.145879142948186,Bacillariophyta,11.721168142105856,36.229084572597564
BO,2018-06-25,20.729004729506325,Bacillariophyta,11.503147317789251,36.17618664388572
BO,2018-06-27,5.504039972863,Cyanobacteria,3.1829368235668545,8.939242508285808
BO,2018-06-28,8.049631652258272,Cryptophyta,4.86263774795444,12.618998257315265
BO,2018-06-29,14.432889148190267,Bacillariophyta,8.093474998320694,25.269652379849923
BO,2018-07-02,43.74570104861139,Bacillariophyta,24.29391441175619,76.1908816122635
BO,2018-07-03,24.671266331307375,Bacillariophyta,13.863795870215675,43.261529314856
BO,2018-07-05,60.48646428162871,Bacillariophyta,33.96290835307406,105.4557193381211
BO,2018-07-09,44.08532299223476,Bacillariophyta,24.48973170469191,77.92164382574362
BO,2018-07-13,10.672339744779912,Cyanobacteria,5.864847940571406,17.818256863620586
BO,2018-07-16,20.60979664947277,Bacillariophyta,11.475516463631116,36.21725898544727
BO,2018-07-18,52.12591219908566,Bacillariophyta,28.979666819700686,92.37566285912594
BO,2018-07-24,25.922794322308807,Bacillariophyta,14.389738207023605,45.830098663051345
BO,2018-07-26,9.191158720160416,Bacillariophyta,5.12486026320059,16.127984467946174
BO,2018-07-31,5.979860749045151,Bacillariophyta,3.3350126125461546,10.273419632142692
BO,2018-08-02,11.903167104729837,Bacillariophyta,6.754535836405352,20.372453976027007
BO,2018-08-07,15.45253009386081,Bacillariophyta,8.720105707185397,26.581280566908912
BO,2018-08-09,7.223794012001916,Chrysophyta,4.1848679136545845,12.156995580156723
BO,2018-08-14,0.8165216439640933,Bacillariophyta,0.46085443502502577,1.419627168439825
BO,2018-08-16,1.5210360626908388,Bacillariophyta,0.8563943709150189,2.658912738207914
BO,2018-08-21,0.6890101712008518,Bacillariophyta,0.40158413599799586,1.1628483179668363
BO,2018-08-29,0.3075906299892626,Bacillariophyta,0.17293981900414557,0.5387693438491549
BO,2018-09-11,0.8641398751050298,Bacillariophyta,0.4889619128446427,1.5019867840641072
BO,2018-09-26,8.393403617882505,Bacillariophyta,4.8111867629893945,14.3817334920165
BO,2018-10-02,11.437430344200486,Chrysophyta,6.5764359369616265,19.526342068455584
BO,2019-03-05,10.974934756819609,Bacillariophyta,6.181156577667707,19.197954518630453
BO,2019-04-09,9.873502363516561,Bacillariophyta,5.591865099005922,17.166802164366434
BO,2019-04-17,21.321157653216478,Chlorophyta,13.777123122385582,34.082528176351055
BO,2019-04-23,5.385736158007334,Cryptophyta,3.239246553275803,8.594064458651953
BO,2019-04-30,0.6128851183805906,Cryptophyta,0.3617618453161167,0.9962297402046756
BO,2019-05-07,2.9250703919086822,Cryptophyta,1.767266819735307,4.654206594297753
BO,2019-05-14,15.100926979185731,Bacillariophyta,8.463922913218198,25.575726527079723
BO,2019-05-21,1.6074004484619515,Bacillariophyta,0.9297706232859412,2.7372017740890953
BO,2019-05-28,3.769434433316064,Bacillariophyta,2.1329050371364504,6.627830484003028
BO,2019-05-30,3.514718196174357,Bacillariophyta,2.0072480275638083,5.97623448333824
BO,2019-06-03,10.24065310266493,Bacillariophyta,5.64237800517242,17.531137717114298
BO,2019-06-04,3.4276854095136113,Bacillariophyta,1.9432289226088173,5.936003992386963
BO,2019-06-05,16.066871657608864,Cyanobacteria,8.725138029631866,25.98174780647539
BO,2019-06-06,14.948377021641955,Cyanobacteria,8.152708302450868,24.838477959144118
BO,2019-06-07,15.948231716789284,Cyanobacteria,8.617138699784878,25.93110814556933
BO,2019-06-10,40.78220230331697,Cyanobacteria,22.014655687771718,66.27602077617608
BO,2019-06-11,34.98586513162752,Cyanobacteria,18.768455939387618,56.31761715243049
BO,2019-06-12,124.08583755819774,Cyanobacteria,66.93075262786756,199.1042374137762
BO,2019-06-13,23.20134236874858,Cyanobacteria,12.533260603587403,37.202197094842646
BO,2019-06-14,6.38006839317997,Cyanobacteria,3.61825421757761,10.088570572367688
BO,2019-06-17,18.30680245949587,Cyanobacteria,10.286568109147087,29.078572956236
BO,2019-06-18,3.918689300138347,Cyanobacteria,2.250769313385643,6.248026002510794
BO,2019-06-19,22.095772693688346,Cyanobacteria,12.017692913579,35.383765177590746
BO,2019-06-20,8.936050102057512,Cyanobacteria,4.8884684813686885,14.319965112476844
BO,2019-06-21,12.133200109987316,Cyanobacteria,6.763703990816624,19.287055589493573
BO,2019-06-24,7.389893005763201,Cyanobacteria,4.1792621914059245,11.806719989646018
BO,2019-06-25,10.208045232455431,Cyanobacteria,5.7661310553284535,16.155088370612496
BO,2019-06-26,4.61201331640842,Cyanobacteria,2.642574840290562,7.266934304867009
BO,2019-06-27,10.375839071558598,Cyanobacteria,6.060353578253985,16.373448964838236
BO,2019-06-28,6.765467877387716,Cyanobacteria,3.857244145543868,10.689790156085238
BO,2019-07-01,2.7299165819516134,Cryptophyta,1.6683008928545648,4.228895518530937
BO,2019-07-02,1.2947649234864815,Cryptophyta,0.7754671458638058,2.0195206385866724
BO,2019-07-03,5.731056293023035,Cryptophyta,3.4354563429667087,8.903850683774063
BO,2019-07-05,15.283074315076266,Cryptophyta,9.193767534227304,23.725400570853026
BO,2019-07-08,5.084906509958527,Cryptophyta,3.083124029856649,7.908079046242393
BO,2019-07-09,15.85707108452678,Cryptophyta,9.527299581418704,24.621413702918304
BO,2019-07-10,9.319599395090346,Cryptophyta,5.553243247317711,14.512933726231395
BO,2019-07-11,11.47950394496359,Cryptophyta,7.054824046957273,17.989551572067406
BO,2019-07-12,1.075487032558811,Cryptophyta,0.6605395627403556,1.6583346190267614
BO,2019-07-16,6.350946109564491,Cyanobacteria,3.5025556737063726,10.138832644252354
BO,2019-07-18,6.064526462930954,Cyanobacteria,3.581607562687281,9.844987878641652
BO,2019-07-23,15.706601750229494,Cyanobacteria,9.262230943789808,24.588245841545405
BO,2019-07-25,2.892921315488079,Chlorophyta,1.8379416344664767,4.606023140368463
BO,2019-07-30,3.935141603203086,Chlorophyta,2.472971046018351,6.4440239489931574
BO,2019-08-01,0.6464953006460555,Cryptophyta,0.3871315011466538,1.0472670870919984
BO,2019-08-06,9.282344558285557,Bacillariophyta,5.338401253800118,15.697751660159179
BO,2019-08-08,14.158797398594503,Bacillariophyta,7.896730231473151,23.911289830898586
BO,2019-08-13,3.3885969342902396,Cryptophyta,2.0435176880774995,5.321891134028401
BO,2019-08-15,20.118615269757864,Bacillariophyta,11.584137652116764,34.087763217783234
BO,2019-08-20,3.9819691932295336,Cryptophyta,2.4062761188313786,6.235645270853271
BO,2019-08-22,29.636009424887074,Bacillariophyta,16.340880676955106,51.30393318303114
BO,2019-08-27,4.952586540773412,Cryptophyta,2.994889498486411,7.825938761342039
BO,2019-08-29,6.725940177424697,Cryptophyta,4.022993498013708,10.829849032375265
BO,2019-09-03,3.898313901383608,Cryptophyta,2.389928164822723,6.029236165348755
BO,2019-09-24,31.17547038567077,Cyanobacteria,16.80052392630188,50.0951116872219
BO,2019-10-01,32.032258566197214,Cyanobacteria,17.40434636016292,51.299571117180314
BO,2019-10-09,9.349481633620513,Cryptophyta,5.708800566872722,14.54866248778255
BO,2019-10-15,1.147649487861329,Cryptophyta,0.7099461299110267,1.8177614923903307
BO,2019-10-30,2.077769692019624,Cryptophyta,1.2230210988280619,3.3516164639437642
BO,2020-03-09,0.2217921784768474,Bacillariophyta,0.12572851876667818,0.38923834026811016
BO,2020-04-07,2.1072059277406456,Bacillariophyta,1.1812544757112688,3.70805285813675
BO,2020-04-14,0.14927567595644187,Bacillariophyta,0.08361009316436224,0.2633587839970646
BO,2020-04-17,1.6268430250866595,Bacillariophyta,0.9235588348535715,2.824540240575988
BO,2020-04-23,1.7168147371851643,Bacillariophyta,0.9670173821961617,3.0064954060546
BO,2020-05-05,4.773079027369831,Cyanobacteria,2.6642387064667576,7.765545627843657
BO,2020-05-12,11.084333658809646,Cyanobacteria,6.031910766679065,18.481841331775815
BO,2020-05-19,11.844443528798848,Cyanobacteria,6.3674249332665935,19.076423608790538
BO,2020-05-25,54.90368624768133,Cyanobacteria,29.458932142634193,88.33507094464936
BO,2020-05-26,18.585376685806708,Cyanobacteria,9.980080962430357,29.889659711204928
BO,2020-05-27,55.56247775453235,Cyanobacteria,29.788235784033844,89.34430588622851
BO,2020-05-29,100.18435464261526,Cyanobacteria,54.01224200394041,160.90731992247558
BO,2020-06-01,28.681986542002765,Cyanobacteria,15.478460970673586,46.15129932881848
BO,2020-06-03,9.414791726070108,Cyanobacteria,5.23908940264157,15.14647880376976
BO,2020-06-05,3.2388902513800124,Cyanobacteria,1.86229032417476,5.181334897394494
BO,2020-06-08,10.463901290712878,Cyanobacteria,5.962801099072745,16.592138888246552
BO,2020-06-10,3.346873926206073,Cyanobacteria,1.8511889837050095,5.351213910384194
BO,2020-06-12,11.755420406238178,Cyanobacteria,6.559080734555957,18.678071080449804
BO,2020-06-15,5.8217547491531905,Cryptophyta,3.485726861409755,9.052255697703055
BO,2020-06-17,9.618873446832922,Cryptophyta,5.68286415137112,15.086979218664908
BO,2020-06-19,36.70747642243108,Cyanobacteria,20.028481741040927,58.73076710129569
BO,2020-06-22,1.878794626988783,Cyanobacteria,1.0742261076070145,2.992211368878927
BO,2020-06-24,8.513675911193817,Cyanobacteria,4.861627067830417,13.689352948385293
BO,2020-06-26,21.042648984265167,Cyanobacteria,11.432070628521195,34.19500367227332
BO,2020-06-29,350.52558768776106,Cyanobacteria,188.02279016129205,563.3125594787069
BO,2020-07-01,7.056886726719225,Cyanobacteria,3.9407475469795052,11.595162027117848
BO,2020-07-02,9.60497257196839,Cyanobacteria,5.281028721003706,15.748253409681839
BO,2020-07-06,4.098979700275673,Chrysophyta,2.4167809803392872,6.7359126142546755
BO,2020-07-08,2.1431887563234326,Cyanobacteria,1.1798026498752276,3.5177013618823088
BO,2020-07-10,23.754753040593343,Chrysophyta,13.22366149949938,39.5465958020087
BO,2020-07-13,3.1696246737876836,Cyanobacteria,1.8343483819768827,5.170938537967644
BO,2020-07-15,12.923008510989552,Chrysophyta,7.348361102052202,21.27168941851139
BO,2020-07-17,44.01577990964374,Chrysophyta,24.948813685127146,74.57521960729603
BO,2020-07-20,33.04480415138728,Chrysophyta,18.715087263315397,55.104351839840014
BO,2020-07-22,18.235737073351537,Chrysophyta,10.4757762739071,31.031681926532823
BO,2020-07-24,4.313347397026447,Chrysophyta,2.4822853178163538,7.328412751782934
BO,2020-07-27,12.806953426564597,Bacillariophyta,7.238706157064757,22.079537114501512
BO,2020-07-29,67.80832265724439,Cyanobacteria,37.713076483463915,114.2197964941879
BO,2020-07-31,208.76930044399904,Cyanobacteria,112.59936489713485,339.21579537080794
BO,2020-08-03,27.45312144645432,Cyanobacteria,14.875743120849647,43.97791586067028
BO,2020-08-05,19.952978659670997,Bacillariophyta,11.172555034605894,35.11339036382763
BO,2020-08-07,0.5288894406997904,Cryptophyta,0.32097431519290215,0.8200362164960794
BO,2020-08-10,3.3408008122884074,Cyanobacteria,1.925605312389719,5.294404433605511
BO,2020-08-12,18.122880170572063,Bacillariophyta,10.338948567570814,30.9782272813094
BO,2020-08-14,0.28858239570763794,Cryptophyta,0.17595773604336967,0.44818316239104133
BO,2020-08-17,1.2076491478865374,Cryptophyta,0.7156739431682169,1.9231393757518385
BO,2020-08-19,1.2112655029853212,Cryptophyta,0.7420078844891953,1.8939696610744938
BO,2020-08-21,6.704375526617184,Cryptophyta,4.0218104148158655,10.744951951646003
BO,2020-08-24,6.168488739128482,Cryptophyta,3.6666993045058556,10.01182023679636
BO,2020-08-26,4.718240262785451,Cyanobacteria,2.734660049003939,7.499757601463434
BO,2020-08-28,5.00208916202799,Cyanobacteria,2.7912423629646295,7.985907507377429
BO,2020-08-31,2.4451492845100176,Cryptophyta,1.4610724001052062,3.933964943549023
BO,2020-09-02,5.26463812908438,Cryptophyta,3.163338769244028,8.411510786716677
BO,2020-09-04,1.7919058342269552,Bacillariophyta,1.0148961349702932,3.0859779343342932
BO,2021-03-26,0.32857613441311256,Bacillariophyta,0.18555111391680182,0.5766636247319921
BO,2021-04-06,5.926845909912194,Bacillariophyta,3.315494190420797,10.450867072998271
BO,2021-04-15,2.766145730062708,Bacillariophyta,1.5780852869475481,4.800556374739012
BO,2021-04-21,5.048997537886933,Bacillariophyta,2.8049748324361445,8.975790945290045
BO,2021-04-27,2.305604738849388,Bacillariophyta,1.3378614644251439,3.8864000822377927
BO,2021-05-04,7.337109961005363,Bacillariophyta,4.1067224345660955,12.920402570529138
BO,2021-05-11,2.9331288816120153,Bacillariophyta,1.6688773627826032,4.945186610574481
BO,2021-05-18,7.338349596619538,Cyanobacteria,4.025765543118328,12.147600659666729
BO,2021-05-25,4.189218676225509,Cyanobacteria,2.315406254544563,6.931666359985915
BO,2021-05-27,9.192958460012107,Cyanobacteria,5.039165654737681,15.158388247258818
BO,2021-06-02,8.546097052060944,Cyanobacteria,4.776885637578955,13.657157343525759
BO,2021-06-04,4.18040554368207,Cryptophyta,2.512304814070721,6.661235110477067
BO,2021-06-07,9.385092098156036,Cyanobacteria,5.310128283524773,15.629304263237216
BO,2021-06-09,0.25194535113416794,Cryptophyta,0.1520452078560934,0.3928475959937897
BO,2021-06-11,2.206804681643048,Cryptophyta,1.3154033463019914,3.495347242024064
BO,2021-06-14,5.383146482590387,Bacillariophyta,3.0920615275147783,8.873735846551027
BO,2021-06-16,5.155918727696479,Bacillariophyta,2.9501911193396566,8.88449988038818
BO,2021-06-18,9.762988595126604,Bacillariophyta,5.743589162683979,16.072126004546988
BO,2021-06-21,12.087430549422729,Bacillariophyta,7.301213885360789,20.17189240024626
BO,2021-06-23,4.531013116595002,Bacillariophyta,2.541476069293629,7.9626632053413315
BO,2021-06-25,12.68907220183397,Bacillariophyta,7.306901364386452,21.527268504790246
BO,2021-07-01,3.9944664414081705,Bacillariophyta,2.2687738690636143,6.849134425657659
BO,2021-07-06,9.284551263527133,Bacillariophyta,5.338706377433336,15.837834154798665
BO,2021-07-08,6.003321107637406,Cryptophyta,3.671974769923306,9.297635354006582
BO,2021-07-13,1.1877094401643418,Cryptophyta,0.7369555551337653,1.8405271498860498
BO,2021-07-15,1.9458926802647225,Cryptophyta,1.195079578897913,3.0653045127476317
BO,2021-07-20,3.2368088209463717,Cryptophyta,1.9793705121933136,5.045624696822946
BO,2021-07-22,12.604970088749837,Pyrrophyta,7.092974681525348,20.45243003817565
BO,2021-07-27,3.622824317060537,Cryptophyta,2.221450365881044,5.6097404149273125
BO,2021-07-29,3.882226242111307,Cryptophyta,2.3626834942341954,6.089189253219741
BO,2021-08-03,9.500882383809985,Cryptophyta,5.837792100619286,14.6451766685722
BO,2021-08-05,5.162417222562539,Cryptophyta,3.166287217666473,7.992250662111171
BO,2021-08-10,3.7989203285993085,Cryptophyta,2.3054883291735533,5.9720833945976795
BO,2021-08-17,4.885348930670804,Cyanobacteria,2.8448839382640743,7.853560003431793
BO,2021-08-19,8.50671166580168,Bacillariophyta,4.822868980713381,14.735809963687066
BO,2021-08-24,0.9286136170653768,Chrysophyta,0.543848563639221,1.539430990737578
BO,2021-08-26,2.396776764777046,Bacillariophyta,1.3692963529810207,4.095168521109154
BO,2021-08-31,3.459847265863621,Bacillariophyta,1.9823147885332555,5.9095853651559835
BO,2021-09-02,1.144783130264714,Cryptophyta,0.6935475055364522,1.853849740739831
BO,2021-09-07,5.1621949611463585,Chrysophyta,3.019037047265597,8.35093151616942
BO,2021-09-09,5.263018070291031,Cryptophyta,3.1583911768872106,8.487523874601624
BO,2021-09-16,2.8327524539316107,Cryptophyta,1.6821429793029476,4.596962801911221
BO,2021-09-21,0.9012956144651944,Bacillariophyta,0.5096460191947171,1.5614506976655713
BO,2021-09-28,4.943208746439299,Bacillariophyta,2.7612959591864423,8.52198174985485
BO,2022-04-07,2.7119413018025984,Cryptophyta,1.6144770561960171,4.41646842765517
BO,2022-04-27,56.929691508878676,Bacillariophyta,31.736983072639244,100.78183321807674
BO,2022-05-03,2.9587372495919677,Bacillariophyta,1.7124495603274308,5.042649675210929
BO,2022-05-11,6.756788350254139,Bacillariophyta,3.9381613799125867,11.53891658700834
BO,2022-05-17,5.9405478523946496,Bacillariophyta,3.4081999091470494,10.277644120981675
BO,2022-05-24,12.231691144916262,Bacillariophyta,6.854248765507459,21.57105779112788
BO,2022-05-31,7.883600672554669,Bacillariophyta,4.523957774148592,13.476208167356202
BO,2022-06-07,3.6861655864708487,Bacillariophyta,2.0539812938440867,6.3107038570096075
BO,2022-06-14,5.511224162080808,Cyanobacteria,3.185149088906909,8.84900441842441
BO,2022-06-16,3.719806963658246,Cryptophyta,2.244123836676249,5.866486506560514
BO,2022-06-21,5.43142189225592,Bacillariophyta,3.080078875741842,9.17798215658701
BO,2022-06-23,15.008300989919569,Cyanobacteria,8.546322618585075,24.411167063282928
BO,2022-06-29,1.3905523926298113,Cryptophyta,0.8356684444489488,2.1824501985774862
BO,2022-07-05,36.17870658879377,Cyanobacteria,20.366931656079647,59.64919369482442
BO,2022-07-07,2107.7656547214783,Cyanobacteria,1129.260146370814,3387.4805270073584
BO,2022-07-11,22.819241083838243,Cryptophyta,13.841634525969512,35.6699656292767
BO,2022-07-13,35.90942415308124,Bacillariophyta,20.291951005359422,62.44983956401171
BO,2022-07-15,43.92466809862952,Bacillariophyta,24.787774008169585,76.75956369329775
BO,2022-07-19,27.909469509470966,Bacillariophyta,15.946300139591086,47.37297046286861
BO,2022-07-21,5.875711150947357,Bacillariophyta,3.398735648879582,9.878217848675494
BO,2022-07-28,5.918328626125874,Bacillariophyta,3.4934869581275825,9.709882811629331
BO,2022-08-02,34.37438993022008,Bacillariophyta,20.031971106621754,58.89768632282616
BO,2022-08-04,25.49696958657067,Bacillariophyta,14.292391814630438,44.890658974602296
BO,2022-08-11,1.0585883296024883,Bacillariophyta,0.625660005551154,1.7423800793129987
BO,2022-08-16,8.8633298253574,Bacillariophyta,5.161132876255764,14.675141070346788
BO,2022-08-23,4.02222343138628,Cyanobacteria,2.3217124603527317,6.4235301085333525
BO,2022-08-30,1.858777541123133,Cryptophyta,1.1189256904777332,2.907123018546079
BO,2022-09-06,2.2816237205877186,Cryptophyta,1.3581446911955979,3.6644234590603086
BO,2022-09-13,1.7030129941071672,Cyanobacteria,0.9865099923450451,2.777998322987491
BO,2022-09-27,8.045809072067012,Cryptophyta,4.771784113305208,13.04750268132114
BO,2022-10-04,8.52358753248915,Bacillariophyta,5.105922993248179,14.272387348108266
DD,2014-06-05,1.8432928946472236,Cyanobacteria,1.0575334653604223,2.926680728340145
DD,2014-06-24,1.5230974333138831,Bacillariophyta,0.8535457218149928,2.6494573678053737
DD,2015-07-28,0.5880698725465786,Cryptophyta,0.3610871323365342,0.9201787838451263
DD,2015-10-13,16.37978768220984,Cyanobacteria,8.796629213359337,26.379782947119626
DD,2017-08-03,42.12348994324176,Cyanobacteria,22.841681285959872,69.55394076353575
DD,2018-06-19,3.343039984047517,Cyanobacteria,1.8139951861110393,5.3708039337744005
DL,2020-04-17,0.8806171645283782,Bacillariophyta,0.5120026485148681,1.4732109946220915
HA,2011-07-26,8.94308728404037,Bacillariophyta,4.966900188205684,15.878413421923309
HA,2011-08-09,1.9349711623316508,Bacillariophyta,1.0813658972839548,3.3782044267354188
HA,2011-08-16,0.9817310239148596,Chrysophyta,0.5734777702853108,1.6058372265531748
HA,2011-08-24,1.293513811692929,Cryptophyta,0.7788499184805923,2.053636537099856
HA,2011-08-31,4.35779696714706,Chrysophyta,2.528229875911875,7.3794542754765455
HA,2011-09-07,2.2609300057864643,Cyanobacteria,1.3488462507845433,3.618611400049981
HA,2011-09-13,1.1575167347505528,Cyanobacteria,0.6731907225594012,1.8332529901468537
HA,2011-09-20,8.61648508981725,Cyanobacteria,4.848274054959055,13.78342768832973
HA,2012-05-07,9.547449471447932,Bacillariophyta,5.325811230904654,16.926014059177295
HA,2012-05-08,0.3305233013330496,Bacillariophyta,0.19205110687711868,0.57024157346249
HA,2012-05-15,0.1448785917398535,Bacillariophyta,0.08066109411806623,0.25686999048714915
HA,2012-05-29,0.597889435860021,Cyanobacteria,0.35901025634449213,0.9841825770743473
HA,2012-06-05,5.558559746022135,Cyanobacteria,2.9896972941878484,8.943772152159548
HA,2012-06-18,3.192620603274949,Cryptophyta,1.9465284920163177,4.996457090919215
HA,2012-06-26,2.5028270830898687,Cryptophyta,1.5206131425332197,3.985441035326802
HA,2012-07-02,0.7242149056857183,Cryptophyta,0.4522599861013306,1.1306824731449963
HA,2012-07-09,0.755263412742603,Bacillariophyta,0.44567093934149904,1.2439408003581243
HA,2012-07-17,3.873504824427082,Bacillariophyta,2.164385992650332,6.865148199833236
HA,2012-07-24,8.348800769014167,Bacillariophyta,4.681300528916718,14.738052558282355
HA,2012-07-31,2.1497792223258174,Cyanobacteria,1.1891424724798894,3.612685734748341
HA,2012-08-07,4.667019273682964,Chrysophyta,2.6795174176279044,7.959545942763982
HA,2012-08-21,1.9535613568119017,Chrysophyta,1.1372679691959282,3.2743818571795864
HA,2012-08-28,0.9580489213056081,Cyanobacteria,0.5501292141386698,1.5292554864985117
HA,2012-09-11,1.077114439258011,Cyanobacteria,0.6440379519015621,1.7268368773186265
HA,2012-09-18,1.8669526343542606,Cryptophyta,1.16586332075328,2.950429009643674
HA,2013-04-30,0.09024285053817466,Bacillariophyta,0.055423418498959875,0.15119043983895886
HA,2013-05-07,0.298920478974267,Bacillariophyta,0.17089557310525516,0.5221344162818572
HA,2013-06-03,4.452172157154384,Cryptophyta,2.7049797575407486,6.988503845816451
HA,2013-06-06,0.43212645427172297,Bacillariophyta,0.25711284567919435,0.7245293695230319
HA,2013-06-11,0.6205094484528155,Bacillariophyta,0.35931190264049623,1.067382637317427
HA,2013-06-18,0.4255421931270069,Cyanobacteria,0.2474780828981671,0.7019408838139773
HA,2013-07-02,0.2578171597655975,Bacillariophyta,0.14651213121819562,0.44950394035949837
HA,2013-08-27,0.28068650921487526,Bacillariophyta,0.16041347902232075,0.4873565961785132
HA,2014-09-09,0.6194696603346064,Cyanobacteria,0.3578824451620576,0.9972667179569633
HA,2014-10-07,0.6958767155341801,Chrysophyta,0.4113757263119001,1.1558938421491352
HA,2015-07-21,1.321804509952548,Cryptophyta,0.8079044091352799,2.0678611057513936
HA,2016-04-12,0.2661720974391747,Bacillariophyta,0.15285890249613635,0.45787124836284526
HA,2016-05-17,1.1045994445302567,Cyanobacteria,0.649640459499863,1.8119812529605743
HA,2017-09-19,0.8765610013895009,Cryptophyta,0.5287900243596813,1.3713482062870868
HA,2017-09-26,1.414723195151274,Cyanobacteria,0.8202888791279891,2.25675749416902
HA,2020-04-07,2.6546635847683047,Bacillariophyta,1.4897469382492756,4.68350887899346
HA,2020-04-17,4.16718151294431,Bacillariophyta,2.42085962994988,7.21532648780401
HA,2021-03-26,5.589346754335358,Bacillariophyta,3.144405703621685,9.866546397228277
HA,2021-05-25,10.096626715303106,Cyanobacteria,5.529024435679121,16.168075959305977
HT,2011-07-26,24.945383901278888,Bacillariophyta,13.887185608866615,44.26877296311511
HT,2011-08-09,8.395740770356758,Bacillariophyta,4.651446990901159,14.666552804658645
HT,2011-08-16,4.052008020910556,Cyanobacteria,2.2749526438025263,6.646422746290647
HT,2011-08-24,2.80028818598632,Chrysophyta,1.61781740313344,4.591123755614625
HT,2011-08-31,4.06997250272553,Chrysophyta,2.3815720537804874,6.65150725780716
HT,2011-09-07,1.552055996672253,Cyanobacteria,0.9270742984171463,2.450776955191982
HT,2011-09-13,1.366648294878171,Cyanobacteria,0.7850828079355168,2.1611591436690305
HT,2011-09-20,617.6497543148511,Cyanobacteria,331.18607464994153,992.5059253326331
HT,2011-09-27,2.307251613704229,Cyanobacteria,1.3151621366914912,3.687620038609255
HT,2012-05-07,28.033827452404577,Bacillariophyta,15.581300116789036,49.79976712758628
HT,2012-05-08,0.827493359087122,Bacillariophyta,0.4630950449715216,1.4570608707929458
HT,2012-05-15,0.4944891159861136,Cyanobacteria,0.27107956672708616,0.8293463707404976
HT,2012-05-22,0.6404637393094404,Bacillariophyta,0.39008404570363575,1.0605927313585068
HT,2012-05-29,0.8842436230197749,Cryptophyta,0.5242343453095694,1.4130447725422937
HT,2012-06-05,35.60012578520692,Cyanobacteria,19.195563508734125,57.15759642425191
HT,2012-06-18,3.170645715259066,Cyanobacteria,1.8644421967074136,5.087470314040782
HT,2012-06-26,1.4210042140714831,Cyanobacteria,0.8798903236417673,2.2588054929217107
HT,2012-07-02,2.4751273938974894,Chlorophyta,1.5719302468099983,3.96349973520745
HT,2012-07-09,0.6553902282080744,Cyanobacteria,0.3975405482845373,1.0576972304208128
HT,2012-07-12,8.933604945838884,Bacillariophyta,5.074977020483117,15.529400677064622
HT,2012-07-24,6.214393680475081,Bacillariophyta,3.4819883765894626,10.925561380283426
HT,2012-07-31,1.6826965973404013,Bacillariophyta,0.9467512224025251,2.8991203416984743
HT,2012-08-07,0.6715075699652133,Cryptophyta,0.40487998231108663,1.0566533505961797
HT,2012-08-14,0.6076546307228872,Cyanobacteria,0.3369867946358562,0.9684401506829349
HT,2012-08-21,3.861176434803843,Cyanobacteria,2.171344178590082,6.1492528951190435
HT,2012-08-28,1.777198856722106,Cryptophyta,1.0763646458404967,2.776572897136861
HT,2012-09-04,75.04962181873871,Cyanobacteria,40.25924155099762,120.5772751868786
HT,2012-09-06,2.578846554956042,Cyanobacteria,1.3839062435259328,4.144375028572271
HT,2012-09-11,2.460728093084041,Cyanobacteria,1.3651259180663688,3.99997366212359
HT,2012-09-18,1.9794833767573932,Pyrrophyta,1.147678470054949,3.194033712188128
HT,2012-09-25,35.13725819204684,Cyanobacteria,18.835171701958732,56.50783901157621
HT,2012-10-02,1.4003031932293926,Cryptophyta,0.8424849524482233,2.266480314716882
HT,2012-10-09,2.972913974402918,Bacillariophyta,1.678146864875909,5.121637168567643
HT,2013-04-30,1.050107806693166,Bacillariophyta,0.6001230838614529,1.8017426223451563
HT,2013-05-07,0.5911057093461248,Chlorophyta,0.3819335921986344,0.9564098185087779
HT,2013-06-03,0.3507189384892565,Bacillariophyta,0.2031501330015424,0.5892523367342851
HT,2013-06-11,0.36821106877640253,Cyanobacteria,0.21738799494615102,0.5965931959449573
HT,2013-06-18,0.3942477008795991,Cyanobacteria,0.23014863740726427,0.6364477551289346
HT,2013-07-02,0.5697132306736872,Cryptophyta,0.3467886816112672,0.8894188647409318
HT,2013-08-27,0.2634011310502981,Chlorophyta,0.16007040932113353,0.4277452067514533
HT,2014-05-06,0.6447834012033925,Cyanobacteria,0.3817917772167268,1.0218900715949064
HT,2014-05-20,2.4765079486869794,Cyanobacteria,1.3756030565717376,3.9824324354918232
HT,2014-05-27,6.151495120550613,Cyanobacteria,3.513307289609471,10.018156741922166
HT,2014-06-03,14.898656833096585,Cyanobacteria,8.359244233536367,23.71059011000927
HT,2014-06-05,10.428047832097787,Cyanobacteria,5.610718943000222,16.76214573631076
HT,2014-06-10,2.7964726762361174,Cyanobacteria,1.6347045831073863,4.468251809217931
HT,2014-06-17,4.643235525136797,Cryptophyta,2.842576610621469,7.234559424935623
HT,2014-06-24,4.844525586037402,Bacillariophyta,2.709530622507166,8.443157268237346
HT,2014-07-01,1.0807022811195088,Bacillariophyta,0.6059086909295441,1.8835644736055426
HT,2014-07-08,4.922851694372177,Bacillariophyta,2.7344884698426566,8.71199538039102
HT,2014-07-15,7.822242044419675,Cyanobacteria,4.243553487716611,12.93959737047385
HT,2014-07-22,3.1642115114340847,Bacillariophyta,1.8642877948946561,5.2241897448099115
HT,2014-07-29,5.980149977094613,Cyanobacteria,3.2870761025171493,10.043948893072418
HT,2014-08-04,1.0799881759849834,Cryptophyta,0.649130459431062,1.6797030406137103
HT,2014-08-12,3.872706494854444,Cyanobacteria,2.169913528622037,6.207520849409883
HT,2014-08-19,0.3964757517134028,Cryptophyta,0.24191178364656674,0.6227411302634872
HT,2014-08-27,0.7474330304861405,Cryptophyta,0.4556288713841565,1.1809965572430574
HT,2014-09-02,5.814056076970739,Cyanobacteria,3.432767379435954,9.40137694124695
HT,2014-09-09,2.717199327590041,Cyanobacteria,1.5621723055600982,4.331230949558095
HT,2014-10-21,0.7299759433414548,Cryptophyta,0.44489977542157494,1.1581419577686742
HT,2015-04-21,1.9733563245700405,Cyanobacteria,1.0854293329083067,3.366838468325056
HT,2015-04-28,6.20528102530539,Cyanobacteria,3.401450255517276,10.134900884415552
HT,2015-05-05,4.200549559130543,Cyanobacteria,2.296072630546191,6.802380103009237
HT,2015-05-12,380.77122545537475,Cyanobacteria,203.98834331287628,611.9505153276062
HT,2015-05-18,9.346044647328538,Cyanobacteria,5.094874858965894,15.059984092412261
HT,2015-05-26,3.8211256542752676,Cyanobacteria,2.1182701516995928,6.36543121893337
HT,2015-06-08,2.066780531998443,Bacillariophyta,1.1646618798753596,3.524053927467982
HT,2015-06-16,1.5718041431906944,Cryptophyta,0.9536548972025398,2.4360383247611828
HT,2015-06-23,5.1777146686732065,Bacillariophyta,2.981368664578531,8.801136550501985
HT,2015-07-14,0.7247328577361575,Bacillariophyta,0.41872539374202244,1.231731410127725
HT,2015-07-21,0.869952957416569,Bacillariophyta,0.5175733044029295,1.4278483216006128
HT,2015-07-28,2.43594439442268,Bacillariophyta,1.379125215725524,4.231703415160931
HT,2015-08-04,1.2290830161549056,Bacillariophyta,0.7141924848109741,2.066740689466874
HT,2015-08-11,1.3134619973127035,Bacillariophyta,0.7614929143848967,2.1893847434921683
HT,2015-08-18,1.102186275455623,Chlorophyta,0.6647002166140924,1.8091855770998426
HT,2015-08-25,8.22316272854336,Cyanobacteria,4.48894792603086,13.341210491993488
HT,2015-09-01,0.8244204376240563,Pyrrophyta,0.46904172414386874,1.3566209877149196
HT,2015-09-15,9.38427185074337,Bacillariophyta,5.193445139124833,16.357315256896655
HT,2015-09-22,6.8199129250090165,Bacillariophyta,3.8079027626036948,11.710320220387214
HT,2016-04-12,1.0254867121959215,Bacillariophyta,0.6050869364945999,1.6897848344108541
HT,2016-04-26,1.168269465365994,Chrysophyta,0.6781869187711994,1.9822044808388972
HT,2016-05-03,0.3289062012748253,Bacillariophyta,0.19535845609195512,0.5603101128631743
HT,2016-05-09,0.7975226683735868,Chrysophyta,0.4620827734121806,1.3481304829442053
HT,2016-05-17,0.8295832340461443,Bacillariophyta,0.47898939574330196,1.4240618805469067
HT,2016-05-24,2.628422910205516,Cyanobacteria,1.4849475163729005,4.207757429524137
HT,2016-05-31,35.058873145218215,Cyanobacteria,18.829898333720493,56.48549517158315
HT,2016-06-02,10.73225012932166,Cyanobacteria,5.80144131991176,17.280106625088877
HT,2016-06-07,9.476885747201578,Cyanobacteria,5.32096292477068,15.077673051616427
HT,2016-06-14,2.04078930254618,Cryptophyta,1.2532168535508343,3.1684399909344902
HT,2016-06-21,1.1505449929138192,Cryptophyta,0.6867386613565711,1.7884218289970648
HT,2016-06-28,5.577874711787758,Cyanobacteria,3.021854759234526,8.935860100870268
HT,2016-07-05,2.6190051648075907,Cyanobacteria,1.4576125013187706,4.207588179742532
HT,2016-07-12,13.09707206382419,Cyanobacteria,7.275071438002605,21.03475038963944
HT,2016-07-18,0.6966646091699699,Chlorophyta,0.4469120096039225,1.129343580199266
HT,2016-07-26,1.3860546072104685,Bacillariophyta,0.8314294282686807,2.285194805814202
HT,2016-08-02,6.977141188741682,Bacillariophyta,4.109518346093744,11.632040001405779
HT,2016-08-09,12.435936580570026,Bacillariophyta,7.0212250055898195,21.67544344675182
HT,2016-08-23,19.12228742531,Bacillariophyta,10.72247636310964,33.68857615066005
HT,2016-08-29,0.5585412585301605,Cyanobacteria,0.33304740652479875,0.914686938779136
HT,2016-09-06,3.2647440491466293,Bacillariophyta,1.9057956473922677,5.472511033525507
HT,2017-04-11,0.28200398553399225,Chrysophyta,0.17139645745536194,0.4618904426486456
HT,2017-04-25,1.1878907734879236,Cryptophyta,0.7215410251380423,1.9076141123844674
HT,2017-05-09,0.3776850801215543,Cryptophyta,0.2342831323729813,0.5960944330470637
HT,2017-05-31,39.00127027417517,Cyanobacteria,21.11012426634687,62.60702405365876
HT,2017-06-05,1389.8012217824785,Cyanobacteria,744.9087233166345,2233.1622810306158
HT,2017-06-07,2766.812074417523,Cyanobacteria,1482.2207541522448,4446.662262456734
HT,2017-06-12,13.22114237072268,Cyanobacteria,7.785132088414646,20.813107514304704
HT,2017-06-20,5.992999901764854,Cryptophyta,3.7750531154088836,9.43429975205131
HT,2017-06-27,1.6148624338036086,Chrysophyta,0.9846026528129062,2.60020252748357
HT,2017-07-11,41.41695158245545,Bacillariophyta,23.067544345185365,72.87731702770462
HT,2017-07-18,1.4046620498517042,Bacillariophyta,0.830522802671268,2.310074102967942
HT,2017-07-25,12.630988087082624,Cyanobacteria,7.164880698923687,20.793806302617227
HT,2017-08-01,12.60434251494658,Cyanobacteria,6.785779553092137,20.309375491598317
HT,2017-08-03,69.90194356036689,Cyanobacteria,38.00999274060469,114.90280003350084
HT,2017-08-08,8.008044272543167,Cyanobacteria,4.32878768553565,12.92563283468757
HT,2017-08-10,24.556169429339537,Cyanobacteria,13.403712394312006,40.73132549152337
HT,2017-08-15,3.1089630746889867,Chrysophyta,1.840028078912131,4.978308502929592
HT,2017-08-24,2.1704840070170333,Cryptophyta,1.2972116096755866,3.431917817871678
HT,2017-08-29,11.955109810428043,Bacillariophyta,6.734701198523772,20.906246440332634
HT,2017-09-12,0.5145649566617828,Cryptophyta,0.3146886384901801,0.7954634014984133
HT,2018-04-24,0.826458569282641,Bacillariophyta,0.467385619156882,1.4428667401035857
HT,2018-05-08,11.866427177064164,Cyanobacteria,6.637217325313745,19.090448400227064
HT,2018-05-10,2.6138389791035537,Cryptophyta,1.5622930152809062,4.2013104519391815
HT,2018-05-14,279.8878490330373,Cyanobacteria,150.07185299089946,450.0932553899273
HT,2018-05-16,0.07010551482089726,Cyanobacteria,0.03872605544304517,0.1157022118406871
HT,2018-05-17,12.785773452060216,Cyanobacteria,6.932305516521338,20.575810690051956
HT,2018-05-21,35.6459344595312,Cyanobacteria,19.118915032193172,57.33517312776701
HT,2018-05-23,1.15208474521649,Cyanobacteria,0.6617023320501172,1.8731750861795313
HT,2018-05-27,4.369147964270847,Cyanobacteria,2.479405235777138,7.017479695635861
HT,2018-06-02,11.108898993146896,Cyanobacteria,6.064145902212779,17.848141081624256
HT,2018-06-03,3.644434892332305,Cyanobacteria,2.180872934699675,5.903796048894708
HT,2018-06-04,14.04620115770758,Cyanobacteria,7.8398467203263085,22.441277646589587
HT,2018-06-06,103.01550212626492,Cyanobacteria,55.33035407937417,165.56690044886582
HT,2018-06-07,9.21550325169714,Cyanobacteria,5.012453545702289,14.813649287300281
HT,2018-06-08,6.8351433415116745,Cyanobacteria,3.762395161959529,11.32231910579342
HT,2018-06-09,5.902726523492911,Cyanobacteria,3.362026623838703,9.37376390522109
HT,2018-06-12,22.06783168574411,Cyanobacteria,12.267533156417935,36.91539940232968
HT,2018-06-15,9.385335104166234,Cyanobacteria,5.313830699588656,14.847149342478048
HT,2018-06-17,17.141148183637778,Cyanobacteria,9.247261654247701,27.521230421943176
HT,2018-06-18,12.580732021812516,Cyanobacteria,6.897073340177927,20.232314007061973
HT,2018-06-19,1.1020309654505516,Cyanobacteria,0.6386207856973899,1.751646222015966
HT,2018-06-21,1.388529492634573,Cyanobacteria,0.8258737449434975,2.1999822603065997
HT,2018-06-23,7.5820414691619495,Cyanobacteria,4.334280760551468,11.968929906864224
HT,2018-06-24,61.86005968957469,Cyanobacteria,33.44447919081669,101.70646740236117
HT,2018-06-25,10.967870954194256,Cyanobacteria,6.155114679498663,18.41459667627587
HT,2018-06-27,18.948406662293806,Bacillariophyta,10.65117877698318,32.86571905468591
HT,2018-06-28,4.242517768320833,Cyanobacteria,2.359720401805107,6.904705481193554
HT,2018-06-29,11.411131573297299,Bacillariophyta,6.3154841290215264,19.85701117131493
HT,2018-07-02,39.82972258460713,Bacillariophyta,22.214474574898155,70.25989619607681
HT,2018-07-03,8.911767995481673,Bacillariophyta,4.9266231494060415,15.236853182650155
HT,2018-07-05,45.1266020641949,Bacillariophyta,24.924507011427224,77.74140761568529
HT,2018-07-09,35.827803374316915,Bacillariophyta,20.039463207162978,63.13381739570112
HT,2018-07-13,64.98315648523352,Bacillariophyta,36.0028213912477,114.31031383597475
HT,2018-07-16,17.22041667028832,Bacillariophyta,9.540749083642693,29.916797049247318
HT,2018-07-18,66.87663470966744,Bacillariophyta,37.08258928148842,117.97011348348872
HT,2018-07-24,28.39767481522872,Bacillariophyta,15.773892929704788,50.26344605226582
HT,2018-07-26,20.528210718984166,Bacillariophyta,11.371204262899774,35.86840060107795
HT,2018-07-31,11.406282812913473,Bacillariophyta,6.410571527466281,20.072401198002837
HT,2018-08-02,44.695686875064716,Bacillariophyta,24.800331083960273,78.84157067885889
HT,2018-08-07,8.870033784742825,Bacillariophyta,4.9282899075078594,15.54658611448286
HT,2018-08-09,4.678843606830009,Bacillariophyta,2.63267816849885,8.211693901357142
HT,2018-08-14,0.4854940516551865,Bacillariophyta,0.2704068019649967,0.8584269212875831
HT,2018-08-16,0.6757876837638314,Bacillariophyta,0.37945911487736084,1.1844393110200246
HT,2018-08-21,0.8996820846906686,Bacillariophyta,0.5165918707941449,1.5448736873325102
HT,2018-08-29,4.118697738007909,Chrysophyta,2.3870624275562453,6.970570839950481
HT,2018-09-11,0.7107698843568905,Bacillariophyta,0.4083089509507739,1.2343202454476108
HT,2018-09-26,0.593169384259666,Haptophyta,0.35300697594917796,0.9889764891110591
HT,2018-10-02,2.97837253393243,Bacillariophyta,1.7068585998949064,5.118248431980558
HT,2019-03-05,9.018714902640989,Bacillariophyta,5.121099482550726,15.59024737597471
HT,2019-04-09,6.542727102888931,Bacillariophyta,3.7782752756088818,10.947321185070537
HT,2019-04-17,9.52628911127048,Bacillariophyta,5.3506304925587544,16.70461306223745
HT,2019-04-23,18.56453240018982,Bacillariophyta,10.844788724305234,30.436621539569806
HT,2019-04-30,4.046157531268477,Bacillariophyta,2.2742289276126515,7.08892004890778
HT,2019-05-07,8.645127309873846,Bacillariophyta,4.857278981368742,15.160266902357083
HT,2019-05-14,5.116700873157489,Bacillariophyta,2.923561783357856,8.785840508673493
HT,2019-05-21,1.769492041734965,Bacillariophyta,1.0386856891255953,2.9043529737280838
HT,2019-05-28,2.8330478655353017,Bacillariophyta,1.6159151965337584,4.960688456447925
HT,2019-05-30,7.989997708031568,Bacillariophyta,4.474385487284912,14.013515005689966
HT,2019-06-03,9.757617226362113,Cyanobacteria,5.307956678129205,15.86365303930626
HT,2019-06-04,15.127103535391978,Cyanobacteria,8.182006702790218,24.85627077074023
HT,2019-06-05,7.2413575310656055,Cyanobacteria,3.914963781888096,11.906227535987036
HT,2019-06-06,8.412042204393638,Cyanobacteria,4.562925255145513,13.88505578181696
HT,2019-06-07,7.697225476871526,Cyanobacteria,4.179900170250783,12.55700256549046
HT,2019-06-10,13.97777201738467,Cyanobacteria,7.502767860437469,22.56123487511911
HT,2019-06-11,37.826982362879825,Cyanobacteria,20.377366408555563,61.60523920233083
HT,2019-06-12,237.29176502734782,Cyanobacteria,127.15849026558617,381.4024679594552
HT,2019-06-13,61.17917529664265,Cyanobacteria,33.069630266619406,99.28083911632159
HT,2019-06-14,50.27891213431493,Cyanobacteria,26.984358000333525,80.83379669367051
HT,2019-06-17,70.15476894394178,Cyanobacteria,37.733764239944506,112.8521747758059
HT,2019-06-18,24.954094916840823,Cyanobacteria,13.669381996873925,40.033109661554434
HT,2019-06-19,51.920261523784156,Cyanobacteria,28.08684048321302,83.27969865587598
HT,2019-06-20,39.72136617769322,Cyanobacteria,21.636439425433373,64.60431193827998
HT,2019-06-21,8.568028122566448,Cyanobacteria,4.82665622329739,13.613811324551527
HT,2019-06-24,55.70863741479909,Cyanobacteria,30.25163533845569,89.88412898305882
HT,2019-06-25,10.306625448885697,Cyanobacteria,5.551563451105178,16.54920430263633
HT,2019-06-26,6.202441193805282,Cyanobacteria,3.4202243581643175,9.88792335688564
HT,2019-06-27,14.94039730724694,Cyanobacteria,8.267430234923134,23.794647864299204
HT,2019-06-28,17.81868617735699,Cyanobacteria,10.06186038354099,28.356320703644812
HT,2019-07-01,5.742429114783353,Cyanobacteria,3.229038705453821,9.111321272887444
HT,2019-07-02,6.4035956985794265,Cyanobacteria,3.716940435466683,10.057200644691038
HT,2019-07-03,30.775080729569172,Cyanobacteria,17.619338184667463,48.49725850663472
HT,2019-07-05,9.530418220302286,Cyanobacteria,5.39044686333334,15.085836255640775
HT,2019-07-08,21.29817475510047,Cyanobacteria,11.810476710990415,33.89079159214316
HT,2019-07-09,14.74593143947341,Cyanobacteria,8.224915041103905,23.43124962236035
HT,2019-07-10,3.046952188073876,Cyanobacteria,1.719395962402091,4.828359815965066
HT,2019-07-11,11.134946697145605,Cyanobacteria,6.384755828149263,17.674841526957373
HT,2019-07-12,10.510460555291258,Cyanobacteria,5.887479531212358,16.6769300282013
HT,2019-07-16,12.243847731472616,Cyanobacteria,6.894023679001831,19.47909750634006
HT,2019-07-18,23.596966514562446,Cyanobacteria,13.76180330629021,37.18461000588552
HT,2019-07-23,30.54531566658266,Bacillariophyta,17.00382270337754,52.26965711389383
HT,2019-07-25,51.04605557716202,Bacillariophyta,28.24242699216589,87.59354705145358
HT,2019-07-30,2.4547487309451745,Cyanobacteria,1.4684187456238416,3.942373714803857
HT,2019-08-01,15.074992078514619,Bacillariophyta,8.359514671886748,26.41808597974147
HT,2019-08-06,13.126560605917575,Bacillariophyta,7.342142802839462,22.94158296298351
HT,2019-08-08,21.271364070284,Bacillariophyta,11.850793295226113,37.651913300958135
HT,2019-08-13,1.4184297352664668,Bacillariophyta,0.813489307927408,2.3742145680790143
HT,2019-08-15,30.443626731638222,Bacillariophyta,17.37702044743189,53.11474881169236
HT,2019-08-20,42.311636074542164,Bacillariophyta,23.34769710931671,73.47940168439021
HT,2019-08-22,44.13040600573564,Bacillariophyta,24.60516959080793,77.7386146898543
HT,2019-08-27,13.838993852374891,Bacillariophyta,7.691954067510636,24.25461969258063
HT,2019-08-29,3.4603358847641355,Bacillariophyta,1.9235635529529624,6.052520580829466
HT,2019-09-03,5.782312988114967,Bacillariophyta,3.385431870884617,9.898121067387173
HT,2019-09-10,12.24018115318501,Cyanobacteria,6.722281193576946,19.981215660004285
HT,2019-09-24,3.3610170287658603,Cyanobacteria,1.8457015548641291,5.489942758051881
HT,2019-10-01,11.864110764626714,Cyanobacteria,6.556099499597295,19.60408241937919
HT,2019-10-09,6.702320182753583,Bacillariophyta,3.722065307546044,11.416435610561438
HT,2019-10-15,1.9992684680650619,Cryptophyta,1.1968835674906193,3.133988250110324
HT,2019-10-30,8.563156670136864,Bacillariophyta,4.876265365557374,14.70645445057712
HT,2020-03-09,5.198910653889923,Cryptophyta,3.1702142608565103,8.153896444088948
HT,2020-04-07,11.833771442500176,Bacillariophyta,6.585718672186183,20.995893683669493
HT,2020-04-14,5.65210301753424,Bacillariophyta,3.1628567630902675,9.971087105368596
HT,2020-04-17,2.647251400386024,Bacillariophyta,1.4970041673154157,4.604014619917177
HT,2020-04-23,4.466516026870643,Bacillariophyta,2.4956089740943637,7.631114337490344
HT,2020-04-28,2.821747987063366,Bacillariophyta,1.6363772945624333,4.746786433086043
HT,2020-05-05,4.862607834422102,Bacillariophyta,2.821960427361137,8.182690400922517
HT,2020-05-12,6.362561501615927,Cyanobacteria,3.486848401380265,10.591009930802613
HT,2020-05-19,3.0795194645468515,Bacillariophyta,1.79454666740704,5.130967772385149
HT,2020-05-25,26.16640665208281,Cyanobacteria,14.100334867541658,42.23754187708588
HT,2020-05-26,18.449883039596674,Cyanobacteria,9.97649361220638,30.06914395814565
HT,2020-05-27,8.453122283542118,Cyanobacteria,4.629796766807472,13.683787398306327
HT,2020-05-29,26.922346950771722,Cyanobacteria,14.60077834583888,43.318770208322924
HT,2020-06-01,21.55598448550318,Cyanobacteria,11.989441217893011,34.353142912166184
HT,2020-06-03,12.467351389343026,Cyanobacteria,7.004456309120993,20.22598369491751
HT,2020-06-05,6.0497697455037045,Cyanobacteria,3.4587707979518854,9.820480207125422
HT,2020-06-08,3.365916586592545,Cyanobacteria,1.971860540106027,5.349577681360941
HT,2020-06-10,0.9028898339632412,Cryptophyta,0.5414054836438397,1.437821778230462
HT,2020-06-12,7.253618393206855,Cyanobacteria,4.114754070579996,11.556915456630408
HT,2020-06-15,3.4563587019410176,Bacillariophyta,2.0173469782056705,5.754928667251218
HT,2020-06-17,11.55965139438391,Cryptophyta,6.822544203749601,18.42451615258921
HT,2020-06-19,6.694123019944885,Bacillariophyta,3.9364537086523574,10.91421251154474
HT,2020-06-22,8.87369683035433,Cyanobacteria,4.849140146555268,14.24791239328362
HT,2020-06-24,6.034333392985814,Cyanobacteria,3.261597850654886,9.732447604342598
HT,2020-06-26,33.565545984046175,Cyanobacteria,18.20919035296773,54.151954614761685
HT,2020-06-29,1.4835768415122434,Cryptophyta,0.916019651132745,2.335071879199392
HT,2020-07-01,2.126831680950419,Cryptophyta,1.285247397091867,3.305179283966103
HT,2020-07-02,43.924880263766404,Cyanobacteria,23.72782232428997,70.45830531650513
HT,2020-07-06,4.8086801485334725,Cyanobacteria,2.718048005586787,7.84433509063013
HT,2020-07-08,17.07167430551121,Cyanobacteria,9.169147208589882,27.511292619637132
HT,2020-07-10,7.943300852872155,Cyanobacteria,4.290817733665625,12.760435603413411
HT,2020-07-13,8.070145115552847,Cyanobacteria,4.369977556837782,12.979852178606565
HT,2020-07-15,8.538309306873606,Chrysophyta,4.798950024566901,14.53508127221952
HT,2020-07-17,11.237821436766122,Cyanobacteria,6.216978762711275,18.789795514433873
HT,2020-07-20,83.01625662414519,Chrysophyta,46.53972795919849,143.83267313548674
HT,2020-07-22,25.49009380691742,Bacillariophyta,14.220988716818722,44.18025981943576
HT,2020-07-24,14.794201973782034,Cyanobacteria,8.195577064492975,24.970745312392086
HT,2020-07-27,42.258238296617826,Chrysophyta,23.992818717377865,71.98956296287776
HT,2020-07-29,43.66159354727303,Cyanobacteria,23.946669827649966,72.94237541678059
HT,2020-07-31,28.995548994929063,Bacillariophyta,16.600648476994625,49.12826893884008
HT,2020-08-03,31.794935385714666,Cyanobacteria,17.46771717746178,54.317863386800255
HT,2020-08-05,35.845328192030536,Bacillariophyta,19.891497911336526,62.72858482974553
HT,2020-08-07,23.296345577516593,Cyanobacteria,12.862729663183352,39.21541460921165
HT,2020-08-10,20.64606307684898,Pyrrophyta,11.402573522307717,34.081521607178054
HT,2020-08-12,10.735893931407942,Bacillariophyta,5.991589161299468,18.70176954056038
HT,2020-08-14,27.044689248517162,Bacillariophyta,15.000326019268702,47.61748410880425
HT,2020-08-17,0.42531890046389936,Cyanobacteria,0.24435008037419934,0.6734455687799659
HT,2020-08-19,28.60634183281977,Pyrrophyta,15.722729753710718,47.9769881282054
HT,2020-08-21,23.288355659713943,Pyrrophyta,12.966837964777783,38.72707939591151
HT,2020-08-24,3.9378264834727226,Cyanobacteria,2.1956432475248886,6.6039211929477855
HT,2020-08-26,79.47074440221984,Cyanobacteria,42.63752058333172,128.00503851121206
HT,2020-08-28,4.707262709756606,Cryptophyta,2.814249094524311,7.582901205947261
HT,2020-08-31,2.206277179067498,Bacillariophyta,1.2432475737066027,3.8400157782869666
HT,2020-09-02,9.127811548597878,Bacillariophyta,5.131551923332168,15.875714716164522
HT,2020-09-04,2.050370231641651,Cryptophyta,1.2294326464246168,3.28497444736826
HT,2021-03-26,5.258299738334239,Bacillariophyta,2.9304449955230805,9.271303423690776
HT,2021-04-06,4.480662383328212,Bacillariophyta,2.558463171705464,7.741571167027735
HT,2021-04-15,11.354097264323201,Bacillariophyta,6.4913484393069485,19.640662608224343
HT,2021-04-21,4.532614133095097,Bacillariophyta,2.568133021373534,7.892432869719578
HT,2021-04-27,3.4216844305363483,Bacillariophyta,2.0115053315275095,5.640161123348038
HT,2021-05-04,3.9398989398525526,Bacillariophyta,2.297968740432217,6.687279858923787
HT,2021-05-11,2.884011900134334,Bacillariophyta,1.6176412960639186,5.03751696302192
HT,2021-05-18,1.8442132873425177,Cyanobacteria,1.0659213980910807,3.0002103359510466
HT,2021-05-25,9.863032527417543,Bacillariophyta,5.512090989707909,17.431447857495606
HT,2021-05-27,7.150988336423301,Cyanobacteria,3.9065662868827915,11.57113875483849
HT,2021-06-02,12.105107279084258,Cyanobacteria,6.948910504533818,19.52201207858205
HT,2021-06-04,5.027803705533957,Cryptophyta,2.9842482123069427,7.983443645563236
HT,2021-06-07,4.239426291710381,Cryptophyta,2.4989816676254604,6.9058570611558405
HT,2021-06-09,3.3693123662598823,Bacillariophyta,1.9547319542278883,5.66801268830415
HT,2021-06-11,5.492744212322006,Bacillariophyta,3.210539334761675,8.948567759996239
HT,2021-06-14,11.155101055674757,Cryptophyta,6.683249506360601,17.729056546907596
HT,2021-06-16,4.482018468263347,Bacillariophyta,2.4858540977956927,7.7222826934137885
HT,2021-06-18,41.58206081512444,Bacillariophyta,23.14314144881319,73.78901727217372
HT,2021-06-21,14.390559508110043,Bacillariophyta,8.057769636212177,25.438220713513886
HT,2021-06-23,10.297409745720486,Bacillariophyta,5.727812600626012,18.2749673485642
HT,2021-06-25,24.50784564035978,Bacillariophyta,13.621039736035565,43.18866666658954
HT,2021-07-01,6.478391798117061,Chrysophyta,3.6275022482464805,11.153279177367525
HT,2021-07-06,3.6528148006393097,Bacillariophyta,2.152767340879732,5.959159925353523
HT,2021-07-08,6.966263769446508,Bacillariophyta,4.071295782362748,11.585401850883434
HT,2021-07-13,0.8752094076826415,Bacillariophyta,0.5164541197506771,1.4299486895903681
HT,2021-07-15,1.855352108913302,Cryptophyta,1.126457112381831,2.910965196487298
HT,2021-07-20,0.5146725650832162,Chrysophyta,0.3042939873729753,0.829028095136436
HT,2021-07-22,3.8419424339441894,Bacillariophyta,2.1309545408825405,6.621129418221112
HT,2021-07-27,6.594113001283279,Bacillariophyta,3.713181180940314,11.494934134083952
HT,2021-07-29,1.345896074282767,Chrysophyta,0.803620805880738,2.163709397364367
HT,2021-08-03,3.73375194945059,Cryptophyta,2.280299111886426,5.817828794243626
HT,2021-08-05,6.92222962348993,Bacillariophyta,3.924760822388249,11.896710579624175
HT,2021-08-10,0.1370264599105779,Bacillariophyta,0.07903669813064998,0.2372498220531913
HT,2021-08-17,1.5632070410384786,Bacillariophyta,0.9124426882613328,2.5926486501468764
HT,2021-08-19,2.901959959264696,Cryptophyta,1.7391314865836867,4.629341084621056
HT,2021-08-24,2.3294547562201093,Bacillariophyta,1.1935169443023081,4.234488350028689
HT,2021-08-26,4.764764525130068,Cyanobacteria,2.753603443150774,7.595303445580636
HT,2021-08-31,10.087604889268441,Cyanobacteria,5.567948171694217,16.583195725457447
HT,2021-09-02,5.22598686697215,Bacillariophyta,2.9298035057064475,9.028480752481313
HT,2021-09-07,12.938024387474348,Bacillariophyta,7.262503303367303,22.64570091732725
HT,2021-09-09,7.192898250928997,Xanthophyta,3.6217792829373394,12.933232819984942
HT,2021-09-16,3.1849707618514027,Bacillariophyta,1.7938969010732242,5.433034314953212
HT,2021-09-21,18.891780559030373,Bacillariophyta,10.539026739097524,32.633260609839695
HT,2021-09-28,4.692949957087019,Bacillariophyta,2.716992901064324,7.7411013987969115
HT,2021-10-05,13.708661413551999,Cyanobacteria,7.5671302562562115,22.848680558195927
HT,2022-04-07,15.411367156500608,Bacillariophyta,8.613022930676392,27.249862474244537
HT,2022-04-27,14.992612062354034,Bacillariophyta,8.53567967792433,26.11475765958843
HT,2022-05-03,5.496170988647004,Bacillariophyta,3.1938848307978156,9.266615489972828
HT,2022-05-11,4.181838754852149,Bacillariophyta,2.425184997915654,7.084274276123899
HT,2022-05-17,3.274619828202056,Bacillariophyta,1.9329159416062134,5.426873504995408
HT,2022-05-24,15.110604750813039,Bacillariophyta,8.459093199815285,26.58140150724007
HT,2022-05-31,20.02293045323803,Cyanobacteria,11.007939734119656,34.07157660672515
HT,2022-06-07,21.23695508938776,Cyanobacteria,11.672003143529931,35.14479290169271
HT,2022-06-14,7.577003406081797,Cyanobacteria,4.45353212081376,11.982914444121334
HT,2022-06-16,7.012391043867495,Cyanobacteria,3.817836855173597,11.293820491576653
HT,2022-06-21,3.2946026134942388,Cryptophyta,1.9756744203428729,5.2070995654941905
HT,2022-06-23,19.998385186697686,Cyanobacteria,11.06411885220537,32.807517111628584
HT,2022-06-27,54.762524830367106,Cyanobacteria,29.368371372292625,87.99862449705337
HT,2022-06-29,12.411924894761164,Bacillariophyta,7.007295209226308,21.594096762894143
HT,2022-07-05,17.97792197501187,Cyanobacteria,9.86372409086194,29.132854147968047
HT,2022-07-07,18.988830838794584,Cyanobacteria,10.513834743624091,31.893749029000137
HT,2022-07-11,12.961972771124152,Bacillariophyta,7.232131773648343,22.29782920745314
HT,2022-07-13,21.40960969728524,Bacillariophyta,11.910589073541669,36.664785731308584
HT,2022-07-15,2.0524653269227002,Chrysophyta,1.1979063872759006,3.391401189035229
HT,2022-07-19,11.153536287265453,Cyanobacteria,6.1203430737979865,18.235379870845073
HT,2022-07-21,12.898324475488254,Bacillariophyta,7.25559715687511,22.589620635555722
HT,2022-07-28,30.261722987088227,Bacillariophyta,16.9772609406615,53.264913481868575
HT,2022-08-02,1.8044953558055266,Bacillariophyta,1.030806249657658,3.135940878312558
HT,2022-08-04,49.423713784504294,Bacillariophyta,27.75637794465099,86.73891111315999
HT,2022-08-11,8.679275759558262,Cyanobacteria,4.787863263779357,14.453601163443357
HT,2022-08-16,1.3539069179671148,Cyanobacteria,0.7987155745503307,2.1495377266215625
HT,2022-08-23,1.725537851303373,Cryptophyta,1.0647718847741223,2.722630311769045
HT,2022-08-30,3.0699332480843866,Cyanobacteria,1.7027466887293476,5.018251545638464
HT,2022-09-06,1.5871719842214604,Cyanobacteria,0.9171356786811422,2.6070730179423203
HT,2022-09-13,6.567803298426996,Bacillariophyta,3.7063992870152935,10.982915278563867
HT,2022-09-27,7.22146329906973,Bacillariophyta,4.026599255871173,12.423903970468764
HT,2022-10-04,2.3551781949247426,Bacillariophyta,1.332989018336558,4.061999014818683
KA,2013-06-06,0.06395903263809542,Cryptophyta,0.03884365807002413,0.10222286281157356
LB,2011-07-26,13.652883563621113,Bacillariophyta,7.6133069098151145,24.217011621177328
LB,2011-07-29,20.81597908948019,Bacillariophyta,11.590701437745892,36.941752975033396
LB,2011-08-02,49.524225199805684,Bacillariophyta,27.679128586714853,87.68277870609174
LB,2011-08-09,15.932693170702416,Bacillariophyta,8.855816479497216,28.24859888205866
LB,2011-08-24,5.175714543125057,Bacillariophyta,2.89921818817207,9.123033712599934
LB,2011-09-07,1.4377918747449487,Cyanobacteria,0.827136650123106,2.327039405977406
LB,2011-09-13,2.5010481530386994,Cyanobacteria,1.4653525747701073,3.9569452234715285
LB,2011-09-20,3.314718667700326,Cyanobacteria,1.8719363470131067,5.269345218693176
LB,2011-09-27,1.6409809194899343,Cyanobacteria,0.9317189169602703,2.616350549251084
LB,2011-10-26,5.668529841484084,Cryptophyta,3.3940593269519628,9.204218769383663
LB,2011-11-30,8.17544137107423,Bacillariophyta,4.816514152547558,13.525657592609848
LB,2012-01-04,3.095822374654256,Bacillariophyta,1.7946901857937387,5.214684182094786
LB,2012-04-25,2.1930651380844584,Bacillariophyta,1.2402291483454548,3.813931471380446
LB,2012-05-08,0.9205172034647526,Bacillariophyta,0.5278362732014878,1.5665305230982887
LB,2012-05-15,35.20435820657708,Bacillariophyta,20.581884033081675,58.270385601354526
LB,2012-05-22,1.0429418866971578,Bacillariophyta,0.5811812394900444,1.8140496236247796
LB,2012-05-29,1.0725313200795419,Cyanobacteria,0.613400532348751,1.7639036976924705
LB,2012-06-05,1.3214595315426694,Cyanobacteria,0.7342538686284599,2.119522516251834
LB,2012-06-12,12.313822092076371,Cyanobacteria,6.79019869085686,19.805177701278932
LB,2012-06-18,2.9972002083865847,Cyanobacteria,1.6703650581346763,4.8070569016376234
LB,2012-06-21,1.101070404640099,Chlorophyta,0.6826631973250995,1.7783542863523583
LB,2012-06-26,2.7628309441796204,Cyanobacteria,1.620718242438064,4.464261434787153
LB,2012-07-02,1.0681994593804827,Cyanobacteria,0.6405591353281789,1.711294611373148
LB,2012-07-05,2.330417477643754,Cyanobacteria,1.4519760675988465,3.723423372638696
LB,2012-07-09,1.4448897381046888,Cryptophyta,0.8846310080796924,2.2944306635112937
LB,2012-07-12,2.024931353928422,Cryptophyta,1.2215311384742145,3.303453590857565
LB,2012-07-17,2.4924292578936007,Bacillariophyta,1.5431077249029774,4.07427070755833
LB,2012-07-24,2.5010550957734528,Bacillariophyta,1.4136256022327642,4.374163083852046
LB,2012-07-31,4.671560392315124,Bacillariophyta,2.587677008303646,7.963490171298448
LB,2012-08-07,1.7634524609277176,Bacillariophyta,1.0105142527103461,3.013857794674836
LB,2012-08-14,16.935251318990474,Chrysophyta,9.436312884748405,28.16967955219274
LB,2012-08-17,1.1900701084644372,Cyanobacteria,0.6945594503630572,1.8813524626197007
LB,2012-08-21,3.8342437692761906,Cyanobacteria,2.1147214267838903,6.15099432076918
LB,2012-08-28,2.3279481077057116,Cyanobacteria,1.2898128354401142,3.7212382128268184
LB,2012-09-04,3.840145190599695,Cyanobacteria,2.1999814818992918,6.1409933586648
LB,2012-09-06,7.809207758666736,Cyanobacteria,4.453373967690413,12.595323029568066
LB,2012-09-11,36.59074678738022,Pyrrophyta,20.00087768288711,59.602137426773886
LB,2012-09-18,65.66853527467687,Pyrrophyta,39.35835303826445,106.5020403156815
LB,2012-09-25,7.678580065625731,Pyrrophyta,4.229924313028847,12.679545215805529
LB,2012-10-02,7.02125205569494,Bacillariophyta,3.9328342304813813,11.856597624852567
LB,2012-10-09,15.441002237618235,Bacillariophyta,8.65467021808972,26.844510501461496
LB,2012-11-06,83.99655381520307,Cyanobacteria,45.1773782865294,135.14159567256377
LB,2013-02-05,11.646035912959467,Bacillariophyta,6.536733181735864,20.45297098851629
LB,2013-03-12,2.0437446822141268,Bacillariophyta,1.147719964591261,3.5269598257500197
LB,2013-04-02,9.05530305169774,Bacillariophyta,5.035784125930084,16.064247848180575
LB,2013-04-30,12.034557616260873,Bacillariophyta,6.691979477190957,21.37031255627966
LB,2013-05-07,10.266052182082055,Cryptophyta,6.2974135820585815,15.853501667707903
LB,2013-05-14,0.9540136749205235,Cyanobacteria,0.515129267581104,1.5645629787721074
LB,2013-05-21,2.120359643279217,Cryptophyta,1.2659435004636737,3.425736286917568
LB,2013-05-28,0.2084997591065317,Bacillariophyta,0.1248906878091518,0.34754292763829475
LB,2013-06-03,0.25906229299975864,Cryptophyta,0.15588498783912058,0.41065664938681823
LB,2013-06-11,3.658190130542796,Bacillariophyta,2.123937329489667,6.213686605155565
LB,2013-06-18,1.8373450812718233,Chlorophyta,1.1305886020535718,2.9613456614947347
LB,2013-06-25,1.298495238028008,Chrysophyta,0.7337453204779694,2.249450937670875
LB,2013-07-02,0.17352006113889065,Bacillariophyta,0.09968251094359805,0.28724763348099175
LB,2013-07-10,0.556552872627358,Cryptophyta,0.3412033025730315,0.8820382461081676
LB,2013-07-17,0.31484775456474645,Bacillariophyta,0.18577868401702818,0.5376927251493977
LB,2013-07-23,1.4412399309068171,Chrysophyta,0.8637388684970568,2.3131029628730833
LB,2013-07-30,5.308641464035599,Chlorophyta,3.383171121591681,8.708254957626956
LB,2013-08-06,2.7652382890543348,Chlorophyta,1.710055215913818,4.500021937530631
LB,2013-08-13,4.318015792393964,Chlorophyta,2.74735612452412,7.009555447934467
LB,2013-08-20,4.527843367352424,Chlorophyta,2.824410262189825,7.490432210156766
LB,2013-08-27,0.9339718188034932,Chlorophyta,0.5904165027801512,1.5074621356293358
LB,2013-09-03,2.188078656467056,Chlorophyta,1.3614052707291286,3.6047490955185206
LB,2013-09-10,0.9916921839245768,Chlorophyta,0.619532956770738,1.6339360864085832
LB,2013-09-24,1.1544893935212313,Bacillariophyta,0.6789559715442467,1.9212020703958825
LB,2014-05-06,0.6143184016966546,Cryptophyta,0.38924638398399786,0.9711237880229108
LB,2014-05-20,1.897091041406312,Cyanobacteria,1.0821033877168607,3.101463874670138
LB,2014-05-27,1.979924122268541,Cyanobacteria,1.0999802447958296,3.1804404795077716
LB,2014-06-03,7.61246284256312,Cyanobacteria,4.2701468898178865,12.203226843627185
LB,2014-06-05,1.8720360677925687,Cyanobacteria,1.0618221307498388,3.072569696922013
LB,2014-06-10,4.725462079243968,Cyanobacteria,2.711522752697658,7.591609933682834
LB,2014-06-17,6.249070441337838,Bacillariophyta,3.6318716565208122,10.313606267697656
LB,2014-06-24,0.8282418917902344,Bacillariophyta,0.47247602426667146,1.4349544942441352
LB,2014-07-01,4.568400781035402,Bacillariophyta,2.571357969207508,7.987381679350852
LB,2014-07-08,2.7558932788963206,Bacillariophyta,1.5287743892369303,4.879428417319314
LB,2014-07-15,11.029937004167977,Bacillariophyta,6.187119010950545,19.028636775424726
LB,2014-07-22,1.9468170016003792,Cyanobacteria,1.136865867988578,3.0732056947342308
LB,2014-07-29,1.5803554561877255,Cyanobacteria,0.8684496666358008,2.544684410927662
LB,2014-08-04,0.9362918069301506,Cyanobacteria,0.5309872534739479,1.498493593773399
LB,2014-08-08,3.326488249998944,Cyanobacteria,1.9465390020011126,5.220326935701926
LB,2014-08-12,0.9477055654736273,Cryptophyta,0.598429008428109,1.477264730068056
LB,2014-08-19,0.4144439425959139,Cyanobacteria,0.2534093170969417,0.6550222203537973
LB,2014-08-27,3.203088157666338,Cyanobacteria,1.837663386417085,5.125734762281012
LB,2014-09-02,5.318045216439808,Cyanobacteria,3.1326510158812972,8.417003519511955
LB,2014-09-09,2.5169407394994487,Cyanobacteria,1.464887720013573,4.062951876439799
LB,2014-10-14,1.1199526612026331,Pyrrophyta,0.6280052441185635,1.8492490148597645
LB,2014-10-21,1.6106981869483106,Cryptophyta,0.9792960340098806,2.5722839187306072
LB,2015-04-14,1.198216575481189,Bacillariophyta,0.690639571097126,2.0292231109978247
LB,2015-04-21,1.7324276751741396,Bacillariophyta,0.9826894060084043,2.9438626047237766
LB,2015-04-28,3.0883978782622235,Cyanobacteria,1.7047780231151548,5.080276251351639
LB,2015-05-05,2.465929586019134,Bacillariophyta,1.405375088520122,4.119871914583961
LB,2015-05-12,5.401854168846,Cyanobacteria,3.0284584030331523,8.673356346604622
LB,2015-05-18,2.2547586275071416,Bacillariophyta,1.3001372214110287,3.7787585964371644
LB,2015-05-26,2.084874452590503,Cyanobacteria,1.1921310104921101,3.42576718062075
LB,2015-06-08,4.334222878463912,Bacillariophyta,2.404182852269028,7.469366441543975
LB,2015-06-16,1.8228690816537194,Bacillariophyta,1.068292069107714,3.039392043557208
LB,2015-06-23,0.50567854731212,Bacillariophyta,0.3019698952516693,0.8320994594249085
LB,2015-06-30,3.1152749303658234,Chlorophyta,1.9680291534747658,5.066125985947935
LB,2015-07-14,0.21276359486088126,Cryptophyta,0.12870961692722233,0.34107466956148097
LB,2015-07-21,2.038343047634889,Bacillariophyta,1.1553327986331094,3.5519000301625456
LB,2015-07-28,1.7206979058332013,Bacillariophyta,0.9646235514881921,2.928958084011915
LB,2015-08-04,0.8229903984202565,Cryptophyta,0.4900345983017711,1.343196463411439
LB,2015-08-11,0.6616580162250452,Cryptophyta,0.39485950629194805,1.066997528816571
LB,2015-08-18,1.103715297805461,Chrysophyta,0.6380854435212263,1.8681653320356724
LB,2015-08-25,1.1650473725729462,Bacillariophyta,0.6688310324400806,1.992594042470739
LB,2015-09-01,1.2419957804842905,Bacillariophyta,0.7085321926146878,2.1279336317307735
LB,2015-09-15,7.388363432922211,Bacillariophyta,4.102466514497193,12.891592340915587
LB,2015-09-22,5.352559655845244,Bacillariophyta,2.9986459073030955,9.332183685379366
LB,2016-04-12,1.2106809822270461,Bacillariophyta,0.708094020974633,2.023928413934122
LB,2016-04-26,0.36922663905293274,Bacillariophyta,0.21775212890196344,0.6190866254343703
LB,2016-05-03,0.7051842099998822,Bacillariophyta,0.41570315272999186,1.198191166705923
LB,2016-05-09,1.0847745474075214,Bacillariophyta,0.6710013813382574,1.7836929756189155
LB,2016-05-17,1.3680492259716617,Bacillariophyta,0.8454552972484011,2.2468140618576187
LB,2016-05-24,1.6984146409821863,Cyanobacteria,0.9281620847748662,2.783556996289903
LB,2016-05-31,2.9226476182593806,Cyanobacteria,1.6135931779553159,4.72923206026565
LB,2016-06-02,3.7919790775672615,Cyanobacteria,2.096541871780516,6.316527211762354
LB,2016-06-07,1.4126013886315647,Cyanobacteria,0.7921923457520853,2.263846891646702
LB,2016-06-14,4.275223800751922,Cyanobacteria,2.4210310797896293,6.776997124291735
LB,2016-06-21,1.2220764902918415,Cryptophyta,0.7295439963915866,1.900266986517874
LB,2016-06-28,4.289872738438629,Cyanobacteria,2.375520754259309,6.934034146234329
LB,2016-07-05,7.0735322586056855,Cyanobacteria,3.8055108024551214,11.362854190206793
LB,2016-07-12,9.024926085219983,Cyanobacteria,4.847085617816184,14.503674378479088
LB,2016-07-18,0.8753859797047118,Bacillariophyta,0.5175057504707297,1.4822444031048148
LB,2016-07-26,3.7391379811011953,Bacillariophyta,2.149936272965452,6.410985584187556
LB,2016-08-02,12.361256989461072,Bacillariophyta,6.941487459427039,21.745398661280696
LB,2016-08-09,5.873767328101715,Bacillariophyta,3.3157007479210376,10.258754171459625
LB,2016-08-23,4.863172979272358,Bacillariophyta,2.737909115124577,8.570111547193866
LB,2016-08-29,1.234262739091363,Bacillariophyta,0.7298518763783601,2.0288623097865064
LB,2016-09-06,3.2439759469364158,Bacillariophyta,1.869518488279729,5.479083346884775
LB,2016-09-27,0.9107702825485886,Cyanobacteria,0.506908697205952,1.529689927881193
LB,2017-04-11,0.6378053789493255,Chrysophyta,0.37811245906702207,1.0591279735067136
LB,2017-05-09,0.3756963709040201,Chlorophyta,0.23870487377731214,0.6051571397908015
LB,2017-05-31,1.3188841214135854,Cyanobacteria,0.7758141311971172,2.1503653371044056
LB,2017-06-05,128.785129991652,Cyanobacteria,69.0026537863831,207.0674325879386
LB,2017-06-07,13.994963459077427,Cyanobacteria,7.595444535849863,22.50170729596511
LB,2017-06-12,4.2087372900195525,Cyanobacteria,2.455679869712119,6.727801560230626
LB,2017-06-20,4.245336152269737,Cryptophyta,2.578024060269683,6.688780636893287
LB,2017-06-27,3.429156779113059,Chrysophyta,2.120188889275272,5.5360080119571915
LB,2017-07-18,6.507618915553394,Bacillariophyta,3.7078066039109197,11.056777234458629
LB,2017-07-25,38.222154949144645,Bacillariophyta,21.342521631102024,66.50600546527045
LB,2017-08-01,2.4477423528502342,Bacillariophyta,1.3636583801234865,4.2175776793533455
LB,2017-08-03,21.82387757759439,Bacillariophyta,12.436404523211399,38.2371595119364
LB,2017-08-08,7.038700961217463,Cyanobacteria,3.868910218843461,11.480590174644085
LB,2017-08-10,5.71949083656149,Chrysophyta,3.2094968947499716,9.54337606981417
LB,2017-08-15,2.208360181676437,Cyanobacteria,1.2684184195434225,3.503119540644457
LB,2017-08-24,6.4471065063605355,Cryptophyta,3.8198520615860843,10.166295881138243
LB,2017-08-29,1.9527372513331678,Chrysophyta,1.1538107828954074,3.192534947016682
LB,2017-09-12,0.47183065764342236,Cyanobacteria,0.280976387195629,0.741381527955076
LB,2017-09-19,1.886580912829154,Cyanobacteria,1.1042255245631323,2.9828885441411637
LB,2018-04-24,0.8714623683401237,Bacillariophyta,0.49800497380651754,1.4942739761015391
LB,2018-05-08,3.3867760900164323,Cyanobacteria,1.9272994871940305,5.638047067123828
LB,2018-05-10,4.141492260223652,Bacillariophyta,2.4130494220355327,6.811715832711057
LB,2018-05-14,7.556420595268695,Cyanobacteria,4.119653773818178,12.245372182905824
LB,2018-05-16,1.1162267011554992,Bacillariophyta,0.6324570457299551,1.9385073049166723
LB,2018-05-17,1.7686765004501148,Cryptophyta,1.0588246808920707,2.8447729087274523
LB,2018-05-21,12.349906187185892,Cyanobacteria,6.838437797043359,19.984658788923614
LB,2018-05-23,4.696856984620788,Cyanobacteria,2.731629969107081,7.391174911196939
LB,2018-05-27,3.568048254251055,Cyanobacteria,2.0727736747952967,5.7071442102511405
LB,2018-05-29,4.134953381631571,Cyanobacteria,2.4231388806575924,6.583433404220174
LB,2018-05-30,4.482096262568206,Bacillariophyta,2.5437436200103485,7.535172257285805
LB,2018-05-31,6.06982861018778,Cryptophyta,3.5841272060006566,9.84245537184293
LB,2018-06-02,2.1424338947296575,Cyanobacteria,1.2184113397345149,3.528369993689495
LB,2018-06-03,2.113419128526813,Chlorophyta,1.3148994500265037,3.4464110287773435
LB,2018-06-04,8.452697805789004,Cyanobacteria,4.798836734367976,13.880612297686406
LB,2018-06-06,11.092353565346524,Cyanobacteria,6.104380259118133,17.734933077388124
LB,2018-06-07,8.804791328022445,Cyanobacteria,4.8837413681262065,14.372458236648713
LB,2018-06-08,7.097580714744527,Cyanobacteria,4.055681955216773,11.44115146994993
LB,2018-06-09,14.96324934117678,Cyanobacteria,8.489456169583653,24.150146999939427
LB,2018-06-12,10.364461778047257,Cyanobacteria,5.652691322947753,16.593605480016134
LB,2018-06-13,6.105982863135673,Cyanobacteria,3.501071785390454,9.650425108171504
LB,2018-06-15,5.761786397497215,Cryptophyta,3.395994289337485,9.24830772937019
LB,2018-06-17,3.606272840219553,Cryptophyta,2.151251807641851,5.625518189480664
LB,2018-06-18,6.790248952528908,Cyanobacteria,3.9077176913477465,10.728063157277067
LB,2018-06-19,5.353107208329795,Cyanobacteria,3.0589780654072998,8.583560005219917
LB,2018-06-21,14.91166706882041,Cyanobacteria,8.290905479297024,23.94666516382529
LB,2018-06-23,15.94186818101058,Cyanobacteria,8.806843946350257,26.50479464583008
LB,2018-06-24,5.356465910279323,Bacillariophyta,2.9962752586632355,9.349146942714377
LB,2018-06-25,20.54745699148405,Cyanobacteria,12.236187612770195,33.26046908505922
LB,2018-06-27,24.047101372332992,Bacillariophyta,13.40284036960105,41.35764259743046
LB,2018-06-28,25.67901700781904,Bacillariophyta,14.294507166478766,43.79694505047091
LB,2018-06-29,56.58322542622723,Bacillariophyta,31.37644638262338,99.07846218803864
LB,2018-07-02,32.459536221157094,Cyanobacteria,18.171189541258325,54.58380542361963
LB,2018-07-03,74.29539777995669,Cyanobacteria,40.25688897438817,123.011853392352
LB,2018-07-05,83.4702636297815,Bacillariophyta,45.98110577616468,143.25303889031548
LB,2018-07-06,42.66048550714092,Bacillariophyta,23.600120494365285,73.9358694952289
LB,2018-07-09,31.794778440270843,Bacillariophyta,17.871259759594526,55.01278255691084
LB,2018-07-13,28.008737558360323,Bacillariophyta,15.607365365161808,49.638271468418715
LB,2018-07-16,57.19254028658152,Bacillariophyta,31.667236667433066,100.11143997269016
LB,2018-07-18,57.35400299324678,Bacillariophyta,31.776397296670577,100.9377754998403
LB,2018-07-24,107.7767720057043,Bacillariophyta,59.68888834126431,189.8495845929226
LB,2018-07-26,45.441941536041035,Bacillariophyta,25.386986909896457,80.08729772846338
LB,2018-07-31,23.9075162402356,Bacillariophyta,13.32887256685959,42.240068101704644
LB,2018-08-02,45.37569314577462,Bacillariophyta,25.323894886273767,80.08424336535516
LB,2018-08-07,4.989506535352121,Bacillariophyta,2.841577929647681,8.571563634013724
LB,2018-08-09,22.397572318582124,Bacillariophyta,12.592677631818502,39.35157369105282
LB,2018-08-14,1.180885111594193,Chrysophyta,0.7353759000005962,1.9388749988533749
LB,2018-08-16,1.1380257678778074,Bacillariophyta,0.641405015844522,1.9969084353750568
LB,2018-08-21,1.3462255239773138,Bacillariophyta,0.7727721106772653,2.3348769256533637
LB,2018-08-29,1.3592620344873916,Bacillariophyta,0.7618373311070359,2.396587663008613
LB,2018-09-11,0.8581011474204447,Bacillariophyta,0.48132565684037887,1.5132057049705496
LB,2018-09-26,1.8760687100389914,Chrysophyta,1.0850999538524024,3.190859230661819
LB,2018-10-02,7.1827869493173795,Chrysophyta,4.09736703941591,12.264912481415095
LB,2019-03-05,13.852431336945141,Bacillariophyta,7.77088462441815,24.317537484972803
LB,2019-04-09,24.41757776827846,Bacillariophyta,13.621178670904559,43.19014334710922
LB,2019-04-17,23.57214056713742,Bacillariophyta,13.114060895604789,41.31028100354317
LB,2019-04-23,12.6168671137044,Bacillariophyta,7.0441598606800095,21.49152742054021
LB,2019-04-30,13.731653656033329,Bacillariophyta,7.723664921200465,23.852077286957282
LB,2019-05-07,10.672481299244188,Bacillariophyta,6.011756916095152,18.648035505579163
LB,2019-05-14,7.3315791458145885,Bacillariophyta,4.117937466135692,12.922425035857438
LB,2019-05-21,5.295039946107139,Bacillariophyta,3.013685883547131,9.240675400796615
LB,2019-05-28,6.382422821002215,Bacillariophyta,3.601589026292225,11.247357337561173
LB,2019-05-30,9.05366254255837,Bacillariophyta,5.003969666990413,15.877669735901154
LB,2019-06-03,7.417037905907213,Cyanobacteria,4.1539590629310075,12.153911596742761
LB,2019-06-04,10.49757206837267,Cyanobacteria,5.853078829589891,17.40812454820961
LB,2019-06-05,10.685120081823074,Cyanobacteria,5.814856959080775,17.660733827065954
LB,2019-06-06,11.05743909480424,Cyanobacteria,6.113904109098656,18.446961653362024
LB,2019-06-07,14.807980520940548,Cyanobacteria,8.140940951731523,24.110704384006308
LB,2019-06-10,2.5572261792342066,Cyanobacteria,1.382959792054495,4.15508220608896
LB,2019-06-11,19.126111190674894,Cyanobacteria,10.265034091056854,30.823754216879443
LB,2019-06-12,21.021532658624807,Cyanobacteria,11.432622594643382,33.90871609072226
LB,2019-06-13,6.773982400021104,Cyanobacteria,3.63115477927885,10.902164436366824
LB,2019-06-14,39.60626230671264,Cyanobacteria,21.679650400734737,63.38882694077141
LB,2019-06-17,21.734155254657225,Cyanobacteria,11.712728243928114,34.92553679646649
LB,2019-06-18,43.8365694409435,Cyanobacteria,24.139839345399686,70.65325263900715
LB,2019-06-19,41.685377226230635,Cyanobacteria,22.545917398163223,66.99502799095463
LB,2019-06-20,28.559636800318607,Cyanobacteria,15.525856397753952,45.856234338854726
LB,2019-06-21,28.631234797949737,Cyanobacteria,15.62706372044915,46.03187837061574
LB,2019-06-24,28.57210279957711,Cyanobacteria,15.699193872117604,45.62989258278418
LB,2019-06-25,12.723884709434149,Cyanobacteria,6.821043911173001,20.448747847855753
LB,2019-06-26,28.158938957954213,Cyanobacteria,15.454144746349034,45.10432429461467
LB,2019-06-27,24.650124533392532,Cyanobacteria,13.426100582820139,39.4336787177228
LB,2019-06-28,9.090077605655294,Cyanobacteria,5.024588872203237,14.479615182744915
LB,2019-07-01,10.767643707364401,Cyanobacteria,6.128871377702114,17.08466526653159
LB,2019-07-02,13.152085890007607,Cyanobacteria,7.22196226238185,21.098955667505457
LB,2019-07-03,7.902222822123555,Cyanobacteria,4.286804039373858,12.658213186065604
LB,2019-07-05,11.667591262150676,Cyanobacteria,6.617034565944356,18.54208847232359
LB,2019-07-08,12.077171915918242,Cyanobacteria,6.535580479007558,19.945932460259908
LB,2019-07-09,5.231256554562639,Cyanobacteria,2.8201860321145085,8.397123278568182
LB,2019-07-10,22.76800140918181,Cyanobacteria,12.519583789955062,36.316669414003464
LB,2019-07-11,18.64945628837314,Cyanobacteria,10.2606636842416,29.74517673630776
LB,2019-07-12,15.625566867082048,Cyanobacteria,8.744548724603762,24.8007240103609
LB,2019-07-16,7.915124466313613,Cyanobacteria,4.442810530208094,12.589685623652326
LB,2019-07-18,15.430930006051701,Cyanobacteria,8.775472096440451,24.695302580323897
LB,2019-07-23,6.674868275257136,Cyanobacteria,3.8073505889829935,10.867267291939683
LB,2019-07-25,13.07867897444609,Cyanobacteria,7.208854719398132,21.328403098165722
LB,2019-08-01,11.440678055019193,Bacillariophyta,6.393772014923114,20.12956856432513
LB,2019-08-06,27.571046069704327,Bacillariophyta,15.34543207662387,48.4219657030147
LB,2019-08-08,25.37757709466344,Bacillariophyta,14.169097667142257,44.7269195108031
LB,2019-08-13,10.841246752046208,Bacillariophyta,6.04902008141513,19.074371788441827
LB,2019-08-15,16.520156935086927,Bacillariophyta,9.185418922641215,28.930364298632245
LB,2019-08-22,3.64462387470866,Bacillariophyta,2.0706505709540255,6.279900341524507
LB,2019-08-29,2.4564696234765053,Cyanobacteria,1.375397471266205,4.074951543837132
LB,2019-09-10,2.1427310163557483,Bacillariophyta,1.2193323947166235,3.6663694809534357
LB,2019-09-24,19.452061406575858,Bacillariophyta,10.848080761466093,34.4291552693311
LB,2019-10-01,2.0084948230239372,Cryptophyta,1.2102073455436309,3.202662829224518
LB,2019-10-09,5.858967798340414,Cryptophyta,3.5014352280507546,9.445286060427843
LB,2019-10-15,9.30095128996085,Chrysophyta,5.425660437447448,15.479613520404373
LB,2019-10-30,6.180615371029227,Cryptophyta,3.664972490470521,9.93880977333749
LB,2020-04-07,14.083059560525504,Bacillariophyta,7.874485294199226,24.83847181214767
LB,2020-04-17,19.478292654641436,Bacillariophyta,10.893507860270285,34.35341486900891
LB,2020-04-23,4.319277219385653,Bacillariophyta,2.508659427628182,7.370422420792704
LB,2020-04-28,5.286872325681946,Bacillariophyta,3.0141518520686756,9.147978949222216
LB,2020-05-05,7.39027942051936,Bacillariophyta,4.188626460284159,12.362737242378886
LB,2020-05-12,3.3196895511241666,Cyanobacteria,1.833121719190536,5.602760684626807
LB,2020-05-19,14.523991349042277,Cyanobacteria,8.029475592799031,23.96963289421732
LB,2020-05-25,10.921653969562572,Cyanobacteria,5.924154880093954,17.966285466802937
LB,2020-05-26,11.417096782880504,Cyanobacteria,6.211484439652233,18.51894738789806
LB,2020-05-27,12.457136549784854,Cyanobacteria,6.965190832964883,20.13118169049009
LB,2020-05-29,36.54475115436519,Cyanobacteria,19.6654061466336,58.99038908278948
LB,2020-06-01,49.24055500626277,Cyanobacteria,26.792725017593654,78.98470911616064
LB,2020-06-03,6.538844052874117,Cyanobacteria,3.5317096577033666,10.509158131534216
LB,2020-06-05,13.362778322046289,Cyanobacteria,7.501042506263931,21.490750381502227
LB,2020-06-08,4.061709047749603,Cryptophyta,2.4140337300484966,6.387502330904969
LB,2020-06-10,2.1056754877642283,Bacillariophyta,1.1946813207773048,3.557929458094298
LB,2020-06-12,3.6619767756004435,Bacillariophyta,2.1569190479207285,6.023505703331006
LB,2020-06-15,3.9852078927932935,Cryptophyta,2.3893546331598983,6.357244847992797
LB,2020-06-17,14.273209431358325,Cyanobacteria,8.369738695703258,22.629698058624736
LB,2020-06-19,4.491126513571749,Cryptophyta,2.741621105372753,7.0802784435432145
LB,2020-06-22,6.7606499433983815,Cyanobacteria,3.8427252654331876,11.218369851030298
LB,2020-06-24,8.94417579034742,Cyanobacteria,5.206421699530712,14.651691672402027
LB,2020-06-26,12.642088206182368,Cyanobacteria,7.07143016297809,20.400770999347674
LB,2020-06-29,2.212856019383151,Cryptophyta,1.3145597872210564,3.5882608163870895
LB,2020-07-02,6.878064712443322,Cyanobacteria,3.7147007976620205,11.051732637248595
LB,2020-07-06,10.603814865395055,Cyanobacteria,5.911463074084345,17.102109774068502
LB,2020-07-08,8.622738694302512,Cyanobacteria,4.830830786403034,13.830033933758232
LB,2020-07-10,9.800632601074128,Cyanobacteria,5.306952908761703,15.991252922532075
LB,2020-07-13,7.9404984293096685,Cyanobacteria,4.304293628066286,12.859963167698353
LB,2020-07-15,15.3348634370562,Cyanobacteria,8.377184097796519,24.902265355426472
LB,2020-07-17,11.64745096995512,Cyanobacteria,6.6387430995565335,19.19618805706766
LB,2020-07-20,14.562258291878317,Cyanobacteria,8.10396840125719,23.996325928825126
LB,2020-07-22,19.287744065991188,Cyanobacteria,10.814133887572547,32.137406029750345
LB,2020-07-24,350.1439600180248,Bacillariophyta,194.91194592811888,599.0079312676097
LB,2020-07-27,25.079853632136505,Bacillariophyta,14.095988788465739,42.99477055375764
LB,2020-07-29,6.771915721081627,Chrysophyta,3.851054396129812,11.319883416913475
LB,2020-07-31,1.5911175416057337,Chrysophyta,0.914757498538533,2.6872238203994776
LB,2020-08-03,72.83746542914474,Bacillariophyta,40.2906902222698,127.36059051482408
LB,2020-08-05,10.242869187833437,Pyrrophyta,5.591474428067848,16.712383521664805
LB,2020-08-07,57.59694756765822,Bacillariophyta,31.738621074811068,99.31956071604557
LB,2020-08-10,99.14257642137058,Bacillariophyta,54.90519191787906,171.48452351725197
LB,2020-08-12,47.76473909167557,Bacillariophyta,26.391239148523034,82.96381317755083
LB,2020-08-14,14.741424529628748,Bacillariophyta,8.266724681188919,24.802950936673497
LB,2020-08-17,3.826429769458127,Cyanobacteria,2.159536369376059,6.306711251118127
LB,2020-08-19,5.233165144607426,Cyanobacteria,2.9976528241144247,8.59993665848049
LB,2020-08-21,32.6652114127292,Pyrrophyta,17.998461225782663,53.37759389045335
LB,2020-08-24,2.101900740108954,Cryptophyta,1.250475982213061,3.4202117594903525
LB,2020-08-26,2.536438394092667,Cryptophyta,1.5335797583944728,3.9967181399792038
LB,2020-08-28,2.941495552413864,Cryptophyta,1.7658911545302347,4.604913124560566
LB,2020-08-31,6.385213720422153,Bacillariophyta,3.7903670798655025,10.471491441863765
LB,2020-09-02,4.565158265423223,Bacillariophyta,2.7643206762883756,7.449171091029199
LB,2020-09-04,3.8842855104952183,Cyanobacteria,2.2014822923751503,6.3264211062206215
LB,2021-03-26,12.44366589469603,Bacillariophyta,6.960172276899246,21.9305927092142
LB,2021-04-06,20.88659451395375,Bacillariophyta,11.972219226166317,35.655265716646014
LB,2021-04-15,13.95163321534847,Bacillariophyta,7.834436081965377,24.435312649482242
LB,2021-04-21,2.414582292327578,Bacillariophyta,1.4234314676171869,4.108154138464695
LB,2021-04-27,7.7708613798615,Bacillariophyta,4.386149996541543,13.574483781681442
LB,2021-05-04,6.022198788374567,Bacillariophyta,3.4066626701271896,10.478655315636992
LB,2021-05-11,6.198189938475686,Bacillariophyta,3.56856729350037,10.606938232112572
LB,2021-05-18,2.5324105958174323,Cryptophyta,1.5109716567246776,4.083529401366996
LB,2021-05-25,4.002023304933931,Cyanobacteria,2.244208368912567,6.686587828852771
LB,2021-05-27,7.459021756598698,Cyanobacteria,4.3969117327402625,11.915315282228631
LB,2021-06-04,6.100303330632073,Cryptophyta,3.5902092210472207,9.692542762751248
LB,2021-06-07,27.64018593513723,Bacillariophyta,15.318173318061131,47.987426355932556
LB,2021-06-09,1.8227696608154274,Bacillariophyta,1.038764391163735,3.1187056572216485
LB,2021-06-11,3.6137434801194845,Bacillariophyta,2.1224256245227457,5.942458509818618
LB,2021-06-14,7.23647795669094,Bacillariophyta,4.083337117554841,12.501510161357949
LB,2021-06-16,19.33098477932235,Bacillariophyta,10.858648219937638,33.80360830246521
LB,2021-06-18,29.953326120887873,Bacillariophyta,16.668271981535963,51.69731707632997
LB,2021-06-21,7.5165950082631126,Bacillariophyta,4.206847478538596,13.211286572955343
LB,2021-06-23,59.94948160701361,Pyrrophyta,32.90624654258066,100.94557124270818
LB,2021-06-25,8.43635881989267,Bacillariophyta,4.7518762748617425,14.685994746102825
LB,2021-07-01,14.685159716136143,Pyrrophyta,8.193889003472465,24.42458578808143
LB,2021-07-06,2935.353689212135,Cyanobacteria,1572.6573027968564,4717.421628900607
LB,2021-07-08,3.3874766052314738,Cryptophyta,2.0060599517688846,5.499684043348082
LB,2021-07-13,4.766614631413787,Cryptophyta,2.8899931108265364,7.575979465891826
LB,2021-07-15,12.165370869725498,Bacillariophyta,6.936749237226586,20.946161525309854
LB,2021-07-20,0.46747691406073905,Bacillariophyta,0.2643154730208915,0.8132926853695162
LB,2021-07-22,1.8221849602258144,Cyanobacteria,1.0547801287591694,2.9216960860987733
LB,2021-07-27,0.39062571167689597,Chrysophyta,0.23249865699641906,0.6486398736577099
LB,2021-07-29,1.3452804381367216,Cryptophyta,0.8176882519612265,2.1179810531873806
LB,2021-08-03,0.28616552038113285,Bacillariophyta,0.15924864181240864,0.5065788608308939
LB,2021-08-05,1.8868003769160484,Cryptophyta,1.1568341438269751,2.9333834441853988
LB,2021-08-10,0.16608174678824422,Cryptophyta,0.10043010143844489,0.26488817356009736
LB,2021-08-17,1.8666405662418373,Cryptophyta,1.121705702171092,2.9098970550158065
LB,2021-08-19,81.3736130693389,Cyanobacteria,43.7436727918576,130.68694871726996
LB,2021-08-24,64.41127126923723,Pyrrophyta,35.428944172204616,106.50653240973301
LB,2021-08-26,1.979020305310457,Cryptophyta,1.191182518857095,3.149288147185468
LB,2021-08-31,7.640141761505771,Bacillariophyta,4.393089735885266,13.178747510841806
LB,2021-09-02,0.3732988975526762,Cryptophyta,0.22317805455266687,0.5953048713080573
LB,2021-09-07,9.096505433415624,Bacillariophyta,5.1441880713342485,15.867142239885512
LB,2021-09-09,2.9394076050318483,Xanthophyta,1.4754797573509817,5.3316222003747065
LB,2021-09-16,2.8897439350866683,Bacillariophyta,1.7791286565782876,4.723544455553783
LB,2021-09-21,3.326724796582321,Bacillariophyta,1.976503369818262,5.5924771266670685
LB,2021-09-28,13.452108797385671,Bacillariophyta,7.569822335457752,22.828589806506795
LB,2021-10-05,11.187552874670097,Cyanobacteria,6.214937239383188,18.615846666080234
LB,2021-10-12,13.196398939241247,Bacillariophyta,7.344072968143372,22.803002804980142
LB,2021-10-14,11.006368877094987,Bacillariophyta,6.182883275346288,19.077138932460663
LB,2021-10-19,11.16084108953112,Bacillariophyta,6.247037869596484,19.059548421707326
LB,2022-04-07,30.241168607677892,Bacillariophyta,17.233162904122832,52.11174419134152
LB,2022-04-27,5.082361943501684,Bacillariophyta,2.9868867373546975,8.454236879946507
LB,2022-05-03,18.42280740679893,Bacillariophyta,10.687683420477489,30.511352537685344
LB,2022-05-11,6.202669813058562,Bacillariophyta,3.563106180377548,10.587923917708011
LB,2022-05-17,9.852645897227182,Bacillariophyta,5.668890436129159,16.70078396941636
LB,2022-05-24,4.017557615087503,Bacillariophyta,2.3825245905843833,6.572099013000489
LB,2022-05-31,28.599678403417396,Bacillariophyta,16.59682004499178,47.39032770595331
LB,2022-06-07,48.15607652110455,Bacillariophyta,27.57674905323185,80.82948907323856
LB,2022-06-14,363.26559366901836,Bacillariophyta,206.93227443496303,608.129234418599
LB,2022-06-16,5.2057888169696085,Cyanobacteria,2.8764887706339146,8.429103921502259
LB,2022-06-21,1.2120601259225146,Bacillariophyta,0.6940114430498168,2.061647768094312
LB,2022-06-23,2.127789742861154,Cyanobacteria,1.2641283872547608,3.340392897404077
LB,2022-06-27,17.34072783216701,Cyanobacteria,9.33241235920573,27.895009741702758
LB,2022-06-29,2.2070758675665,Cryptophyta,1.3464204830641935,3.4621835960735665
LB,2022-07-05,2.8065430349270897,Bacillariophyta,1.6355234296862935,4.689606282236348
LB,2022-07-07,14.415860937875426,Bacillariophyta,8.224529687522322,24.611564727440506
LB,2022-07-11,6.340963587985072,Cyanobacteria,3.466573253247264,10.3182940654257
LB,2022-07-13,470.9660819982963,Chlorophyta,313.27963911363236,754.5442694311059
LB,2022-07-15,43.29009778258113,Bacillariophyta,24.292393046201493,76.0922819167299
LB,2022-07-19,6.283178087910829,Chrysophyta,3.6191984619248396,10.725069742049104
LB,2022-07-21,39.20580483391048,Bacillariophyta,21.883224560106175,68.95110048456638
LB,2022-07-28,10.677398006331806,Bacillariophyta,6.283465813518231,17.582618002036085
LB,2022-08-02,27.419640535562674,Bacillariophyta,15.766705737387554,47.32990510192576
LB,2022-08-04,17.5794646940508,Bacillariophyta,9.867726518644249,30.90160268193047
LB,2022-08-09,11.533936152678551,Bacillariophyta,6.395747578127125,19.514857411869233
LB,2022-08-11,0.8686960134994867,Cyanobacteria,0.5113786905610096,1.367860097471417
LB,2022-08-16,8.832184058937152,Chlorophyta,5.799063917048338,14.152234797383736
LB,2022-08-23,1.419336774627318,Bacillariophyta,0.805211003844696,2.394815763043748
LB,2022-08-30,0.20950353729597757,Cyanobacteria,0.1240747786216437,0.33532178839573656
LB,2022-09-06,4.049581552873047,Bacillariophyta,2.2822377354964143,6.885446463018993
LB,2022-09-13,4.751486825724504,Bacillariophyta,2.7789211011664547,7.86437392873474
LB,2022-09-27,6.197043809304402,Bacillariophyta,3.427908006361263,10.749890872283805
LB,2022-10-04,2.7216903547356264,Bacillariophyta,1.5396849801856067,4.5895179125426715
LB ,2019-07-30,10.990474978742375,Bacillariophyta,6.348787410491861,18.68626796605659
LB ,2019-08-20,10.265339058547275,Bacillariophyta,5.716778811021744,17.63142001323904
LB ,2019-08-27,1.0061240766491348,Bacillariophyta,0.5760875762460682,1.7094900916456484
LB ,2019-09-03,5.789066385244117,Bacillariophyta,3.2589765190571844,10.05312893820674
LB ,2020-03-09,2.1300574520928186,Bacillariophyta,1.251204418567969,3.5112835620455716
LB ,2020-04-14,13.12772763865521,Bacillariophyta,7.329049985858851,23.1976999213426
LB ,2020-07-01,2.4920455193049142,Cryptophyta,1.4860231901339518,4.0342662593240775
LB-Max,2020-08-05,27.872666808800282,Cyanobacteria,15.438637414084333,46.741497084818114
LB-Max Chl,2020-04-17,9.16308202402984,Bacillariophyta,5.245160277861002,15.833916683207924
LBP,2011-07-26,16.07737228856985,Bacillariophyta,8.934551788358455,28.55792327559183
LBP,2011-08-02,0.16872339335618394,Bacillariophyta,0.09423549691182798,0.2982610366316233
LBP,2011-08-09,0.5702979502258567,Bacillariophyta,0.31772166625764414,1.011836770216425
LBP,2011-08-16,1.6883471387262032,Bacillariophyta,0.940430038996647,2.9904536684350824
LBP,2011-08-24,2.18375033363061,Chrysophyta,1.2748201314226209,3.5860067001780105
LBP,2011-08-31,0.5618170963462941,Bacillariophyta,0.31328991722663624,0.9951540107231707
LBP,2011-09-13,0.47985867812692745,Bacillariophyta,0.26758184509914285,0.8461575656305554
LBP,2011-09-20,0.7902908838093026,Bacillariophyta,0.43935656585597527,1.4019407638303543
LBP,2011-09-27,2.5553544020715844,Bacillariophyta,1.4196967161975813,4.540044440599765
LBP,2011-10-26,0.22681913051576746,Bacillariophyta,0.12718783751848547,0.3957471488145237
LBP,2011-11-30,1.7157020550926765,Bacillariophyta,0.9750208797858319,2.9995717511388684
LBP,2012-01-04,2.5883071628920433,Bacillariophyta,1.5143821218812945,4.295040141368984
LBP,2012-04-25,1.1745384153499605,Bacillariophyta,0.6885578330522194,1.9616332384204884
LBP,2012-05-15,0.3723293177774549,Bacillariophyta,0.21047030962187288,0.6474360326223283
LBP,2012-05-29,0.36573188311486976,Bacillariophyta,0.21358807290029144,0.6160389539940008
LBP,2012-06-05,2.2967999885723875,Cyanobacteria,1.3054918597253589,3.820723318446838
LBP,2012-06-12,1.0398059599603648,Cyanobacteria,0.5678286207384302,1.7574884997718885
LBP,2012-06-18,0.42724942701333496,Bacillariophyta,0.23903466124599904,0.7319570877052199
LBP,2012-06-21,0.24897223516573389,Bacillariophyta,0.1387947951472578,0.43125447655263005
LBP,2012-06-26,0.7607673262786648,Bacillariophyta,0.41955219849146197,1.3049948676637442
LBP,2012-07-02,0.6946061252386936,Bacillariophyta,0.38815186631841,1.2283058919940737
LBP,2012-07-09,0.13364547226226817,Bacillariophyta,0.0746456906538716,0.23599912643358625
LBP,2012-07-12,0.27825591412457246,Bacillariophyta,0.15693275523750583,0.48791344586707386
LBP,2012-07-17,0.3242792136740789,Bacillariophyta,0.18056235320929664,0.5743088690568201
LBP,2012-07-24,0.19551309984231202,Bacillariophyta,0.10860305786783114,0.3474469981364117
LBP,2012-07-31,0.5258815842825201,Bacillariophyta,0.29215643571251115,0.9349005942800357
LBP,2012-08-07,0.5063163997021284,Bacillariophyta,0.28148922502162516,0.899308698722013
LBP,2012-08-14,0.1853300283743841,Bacillariophyta,0.10491345654145287,0.3216662873317249
LBP,2012-08-21,0.2945751570430185,Bacillariophyta,0.16645923240015464,0.5124636985714555
LBP,2012-08-28,0.25878926576485484,Bacillariophyta,0.1460292495241718,0.45104006496273225
LBP,2012-09-04,0.11708357590575436,Bacillariophyta,0.06497438064909762,0.2075289458649764
LBP,2012-09-11,0.2931200860533873,Bacillariophyta,0.1683073514336914,0.510908681580689
LBP,2012-09-18,0.299222699501871,Bacillariophyta,0.1660878980227909,0.5261424310034035
LBP,2012-09-25,0.20543842728901268,Bacillariophyta,0.1143469274454903,0.362705511198215
LBP,2012-10-02,0.4157893954819841,Bacillariophyta,0.2309346818217847,0.7386700772213962
LBP,2012-10-09,0.5212608817696315,Bacillariophyta,0.2949475339910176,0.9132727356969926
LBP,2012-11-06,1.8338361975460387,Bacillariophyta,1.033998799838829,3.2284688080479196
LBP,2013-04-30,1.8970502377924414,Bacillariophyta,1.0713204901812523,3.302918990444756
LBP,2013-05-14,0.3476982059295444,Bacillariophyta,0.19774884176090213,0.5997974566745692
LBP,2013-05-21,3.7753324386780753,Cryptophyta,2.2233987325143176,6.0845891016912335
LBP,2013-05-28,0.7706254338996573,Bacillariophyta,0.42831917985233753,1.369001585255712
LBP,2013-06-03,0.8723666114298247,Bacillariophyta,0.49574075078016266,1.5255692536965206
LBP,2013-06-11,0.37986475452604584,Bacillariophyta,0.21113506964032694,0.6695820025498613
LBP,2013-06-18,2.0443500788438005,Bacillariophyta,1.1408797023162849,3.6134533634833366
LBP,2013-06-25,0.7323038901452106,Bacillariophyta,0.40952580095612306,1.2907664873372005
LBP,2013-07-02,1.0785361094133266,Bacillariophyta,0.5987484519029634,1.912377144897531
LBP,2013-07-17,0.8592422963335565,Bacillariophyta,0.4835312148344062,1.4471368645286118
LBP,2013-07-23,0.7176128502863289,Bacillariophyta,0.4005237452930199,1.2705424198047546
LBP,2013-07-30,8.20945320180688,Bacillariophyta,4.560796134791613,14.594487153787234
LBP,2013-08-06,0.5180722976008135,Bacillariophyta,0.2950994082622939,0.9083961787810069
LBP,2013-08-13,0.7652489199605166,Bacillariophyta,0.43746551278788404,1.3407189661007632
LBP,2013-08-20,0.45751437779427145,Bacillariophyta,0.2614246370617179,0.8010642050609577
LBP,2013-08-27,2.221800816371612,Bacillariophyta,1.2375280524502457,3.9447572930705737
LBP,2013-09-03,2.155795814040805,Bacillariophyta,1.2040566971278661,3.8182456095582915
LBP,2013-09-10,1.7973655119384409,Bacillariophyta,1.0027467639696546,3.1664466799628244
LBP,2013-09-24,1.776510994361104,Bacillariophyta,1.0605206904467193,2.984186864911923
LBP,2014-05-06,0.08065829792983864,Bacillariophyta,0.04512375279175859,0.14213818055232025
LBP,2014-05-20,0.21447911363747219,Cryptophyta,0.13069692278362488,0.3448051707638488
LBP,2014-05-27,0.23474429820673726,Bacillariophyta,0.13648486208298388,0.39662509892649905
LBP,2014-06-03,0.9453498411383342,Bacillariophyta,0.5767787163189606,1.5474683776048126
LBP,2014-06-10,0.6887179264016726,Bacillariophyta,0.39919034092693106,1.1696791224582592
LBP,2014-06-17,0.2979469985091267,Cyanobacteria,0.1647182497310709,0.4927435691978219
LBP,2014-07-15,0.05518363447326793,Bacillariophyta,0.031761141345293224,0.09606006944405597
LBP,2014-08-27,0.12220897896875586,Bacillariophyta,0.06833551261741173,0.21655379039549022
LBP,2014-09-02,0.07903380775837202,Bacillariophyta,0.044035236823388224,0.13995091238855803
LBP,2014-09-09,0.1328991390906794,Bacillariophyta,0.07550659468495019,0.23336882263548245
LBP,2014-09-16,0.10865513533944494,Bacillariophyta,0.059896719037448885,0.1891463777037256
LBP,2014-09-24,0.09653404018052712,Bacillariophyta,0.053610074687510466,0.16956221415173128
LBP,2014-09-30,0.12989570688809252,Bacillariophyta,0.07214238444867893,0.23073738559436127
LBP,2014-10-07,0.07339273540905336,Bacillariophyta,0.040770687539925216,0.13044970661619676
LBP,2014-10-14,0.1266664152097531,Bacillariophyta,0.07166766691330002,0.22263738596217472
LBP,2014-10-21,0.06709579102093975,Bacillariophyta,0.03727543945607764,0.11928140625944844
LBP,2015-04-21,4.79305520666486,Bacillariophyta,2.6628063956212613,8.520969382348264
LBP,2015-04-28,0.9407467376998003,Bacillariophyta,0.523915924606489,1.6673232523732457
LBP,2015-06-02,0.453601217521039,Bacillariophyta,0.2540331173844976,0.793518815660477
LBP,2015-06-08,0.5833720387187874,Bacillariophyta,0.3246584875574116,1.0337003314676412
LBP,2015-06-23,1.109771125474965,Bacillariophyta,0.6196002788412156,1.9647440217615837
LBP,2015-06-30,0.23793312836113706,Bacillariophyta,0.1324148055792751,0.42262465336952537
LBP,2015-07-14,1.2645542863103887,Bacillariophyta,0.7066925946014802,2.2336575571256647
LBP,2015-07-21,0.4390412487481817,Bacillariophyta,0.2555521555133157,0.7350698975307863
LBP,2015-07-28,0.4752809094040926,Bacillariophyta,0.27827496779546296,0.7875892240674814
LBP,2015-08-04,1.3485305513614456,Bacillariophyta,0.7774907495613164,2.2375254410249785
LBP,2015-08-11,1.379453399900305,Bacillariophyta,0.7912301493075277,2.300792332468115
LBP,2015-08-18,1.4040702079883693,Bacillariophyta,0.8239185749935272,2.3198870731737378
LBP,2015-08-25,0.789857228144308,Bacillariophyta,0.4526756167805017,1.349085606817091
LBP,2015-09-03,0.7628436717541376,Cryptophyta,0.4518601161937435,1.2302047937704474
LBP,2015-09-15,4.691870848717832,Bacillariophyta,2.6115919915587162,8.098532940157735
LBP,2015-09-22,3.6269166469879535,Bacillariophyta,2.021398409033646,6.423282502735788
LBP,2016-04-12,1.4692522766992102,Bacillariophyta,0.8175158083917424,2.609785388776569
LBP,2016-04-26,0.3879116202801792,Bacillariophyta,0.21582004298639226,0.688366309175148
LBP,2016-05-03,0.5591386876351342,Bacillariophyta,0.321063751695886,0.95374202669511
LBP,2016-05-09,1.312644297644748,Bacillariophyta,0.8012990391375975,2.20187676370796
LBP,2016-05-17,0.7404641968697971,Cryptophyta,0.4452897255214281,1.2062367690706286
LBP,2016-05-24,0.7673274709943135,Bacillariophyta,0.4519884263974405,1.2803795397863784
LBP,2016-05-31,1.6035245882673939,Bacillariophyta,0.9359539367309044,2.694827645627532
LBP,2016-06-07,0.4431961760794496,Bacillariophyta,0.2524351867577551,0.7692559983630212
LBP,2016-06-14,0.2706494126652657,Bacillariophyta,0.14992963603347223,0.4640755806195835
LBP,2016-06-21,0.3743472366583028,Bacillariophyta,0.2081673012763535,0.6588995617004275
LBP,2016-06-28,0.37234834921616206,Cyanobacteria,0.20492055311646323,0.6336507919094192
LBP,2016-07-18,0.06870128311214574,Cyanobacteria,0.03753784060788116,0.11447371910556609
LBP,2016-07-26,0.035396546247548316,Bacillariophyta,0.019771129102926017,0.062221945284384364
LBP,2016-08-02,0.1239962514101104,Bacillariophyta,0.07037773961728566,0.21435551118128035
LBP,2016-08-09,0.14330832744453448,Bacillariophyta,0.0800348120194354,0.24949078711492256
LBP,2016-08-17,0.5463215941961305,Bacillariophyta,0.3054085278177439,0.9657541962209059
LBP,2017-08-29,6.655835355044046,Bacillariophyta,3.747584623674502,11.660200575836164
LBP,2017-09-12,0.2855627673336844,Bacillariophyta,0.15838204589543572,0.4992157035376777
LBP,2018-06-04,1.8474102808408803,Bacillariophyta,1.0338791823428866,3.124319845931834
LBP,2018-06-06,0.43769482042124674,Bacillariophyta,0.24404682649476267,0.7544266504615228
LBP,2018-06-07,0.465395453415035,Bacillariophyta,0.2607980559237164,0.8071383914725008
LBP,2018-06-08,0.9376758950907312,Bacillariophyta,0.5175641289421544,1.6111501581039265
LBP,2018-06-09,0.4940455720415592,Bacillariophyta,0.27717092671622845,0.854792949985428
LBP,2018-06-12,1.3298167832601067,Bacillariophyta,0.7431540396812304,2.338348416005278
LBP,2018-06-15,2.5210547810549886,Bacillariophyta,1.416823732940773,4.429323050196375
LBP,2018-06-17,0.734722323018549,Bacillariophyta,0.41491793142936173,1.2829906568809344
LBP,2018-06-18,0.6353432880285118,Bacillariophyta,0.35399274567666994,1.1085892065763985
LBP,2018-06-19,0.9222672867402849,Bacillariophyta,0.5214844646403415,1.5923898776014227
LBP,2018-06-21,3.6332651181032274,Bacillariophyta,2.0429555312246253,6.336591353968911
LBP,2018-06-25,1.1894426632939188,Bacillariophyta,0.657932666650088,2.055850856823335
LBP,2018-06-27,0.15520950332982256,Cyanobacteria,0.08543225923445187,0.25815035275029385
LBP,2018-06-28,0.8015447411151767,Chlorophyta,0.5071148128879174,1.3225892728448152
LBP,2018-06-29,0.1415307749056886,Bacillariophyta,0.07860682595909062,0.2484239173221421
LBP,2018-07-02,0.9265918976935692,Bacillariophyta,0.5114711486076763,1.6053897611564978
LBP,2018-07-03,0.9659310230215634,Bacillariophyta,0.5350660577938331,1.6982144055794899
LBP,2018-07-05,0.7268738341095787,Bacillariophyta,0.4007333337896857,1.263027406298559
LBP,2018-07-06,0.38595887179495575,Bacillariophyta,0.21455740376878168,0.6820344721853873
LBP,2018-07-09,0.48653341184678994,Bacillariophyta,0.2734480300969713,0.8458926385736196
LBP,2018-07-13,1.9572172082159318,Bacillariophyta,1.0825189703995783,3.432770861223828
LBP,2018-07-16,3.319596866014036,Bacillariophyta,1.842089344813114,5.876349496211897
LBP,2018-07-18,1.6277245160864575,Bacillariophyta,0.9028609132985809,2.871158231230087
LBP,2018-07-24,17.99525222452794,Bacillariophyta,9.979753875016549,31.822621091903255
LBP,2018-07-26,18.625830949683472,Bacillariophyta,10.339791741719873,32.87167293924753
LBP,2018-07-31,4.018246997591122,Bacillariophyta,2.2330875909457366,7.08184236300623
LBP,2018-08-02,7.230265133539312,Bacillariophyta,4.01318681330069,12.75730132037566
LBP,2018-08-07,6.983390907636742,Bacillariophyta,3.8693928052781223,12.288393900833736
LBP,2018-08-09,11.457584442816978,Bacillariophyta,6.368677135787336,20.362346266994763
LBP,2018-08-14,0.6308824728460936,Bacillariophyta,0.3505657199023587,1.1205590276512705
LBP,2018-08-16,0.7080315834170839,Bacillariophyta,0.3933568573538546,1.258167744361973
LBP,2018-08-21,1.4131032776009047,Bacillariophyta,0.7986853116970251,2.4706290842692686
LBP,2018-08-29,0.9365730132867179,Bacillariophyta,0.5203183407148433,1.6650186902874984
LBP,2018-09-11,2.198091845219868,Bacillariophyta,1.2218752431782376,3.906078118133898
LBP,2018-09-26,5.720732897512333,Bacillariophyta,3.1987890265943886,10.089949187511117
LBP,2018-10-02,5.978370100898962,Bacillariophyta,3.3268740052955614,10.61018207520217
LBP,2019-04-09,7.817940719815626,Bacillariophyta,4.524053678495267,13.175148006242834
LBP,2019-04-17,43.09659605933135,Bacillariophyta,24.087609385063356,76.05874272324168
LBP,2019-04-23,12.899998599598577,Bacillariophyta,7.238961805129944,22.615959312063435
LBP,2019-04-30,1.4677572883828225,Bacillariophyta,0.8167239989041556,2.597152387435982
LBP,2019-05-07,10.033525607750901,Bacillariophyta,5.583883191992474,17.78550569449914
LBP,2019-05-14,17.80994134911699,Bacillariophyta,10.072709045669598,30.92966564745601
LBP,2019-05-21,1.9479937635061986,Bacillariophyta,1.0861556502267387,3.450829819907245
LBP,2019-05-28,1.6099411650383015,Bacillariophyta,0.8990459158491674,2.8438140487589334
LBP,2019-05-30,10.990902107552758,Bacillariophyta,6.4931395361606485,17.989819932090402
LBP,2019-06-03,13.631589794332406,Bacillariophyta,7.7752380133232695,23.45420779389179
LBP,2019-06-04,1.558173465756142,Cryptophyta,0.9310783819824959,2.5197363819602585
LBP,2019-06-05,15.92002311191909,Bacillariophyta,8.923406523860205,28.00411377412599
LBP,2019-06-06,2.012721528679399,Bacillariophyta,1.1304176742679897,3.5321765840949837
LBP,2019-06-07,1.0336015891753345,Bacillariophyta,0.5957040676410191,1.7527507983035917
LBP,2019-06-10,8.295184285993955,Bacillariophyta,4.614923528243487,14.727902643340004
LBP,2019-06-11,5.43732628107016,Bacillariophyta,3.0700409180637935,9.468386322084065
LBP,2019-06-12,1.1083917169879798,Bacillariophyta,0.6205979867637695,1.9522731473497479
LBP,2019-06-13,7.699702374247748,Bacillariophyta,4.466327804358078,12.931366311331105
LBP,2019-06-14,12.734771825170537,Pyrrophyta,7.3466297318325475,20.430186769542917
LBP,2019-06-17,20.558392383493164,Bacillariophyta,11.514462004977817,36.2123314106732
LBP,2019-06-18,16.619157936213178,Bacillariophyta,9.379486110555092,28.989255087249866
LBP,2019-06-19,0.22526694761649105,Cyanobacteria,0.122015453627737,0.373532058349065
LBP,2019-06-20,0.18715328548325752,Cyanobacteria,0.10661576548248167,0.30043542540083146
LBP,2019-06-21,0.15104109562200754,Cyanobacteria,0.08658904839637598,0.2424351174689373
LBP,2019-06-24,1.3896782654236004,Bacillariophyta,0.761513828385793,2.3799841278470173
LBP,2019-06-25,15.086295473262094,Bacillariophyta,8.302451694136609,26.06253613717869
LBP,2019-06-26,1.6352139029019646,Bacillariophyta,0.9085051473612281,2.880002407951299
LBP,2019-06-27,4.996592193399311,Bacillariophyta,2.7792815311157413,8.855879456218343
LBP,2019-06-28,15.38830073434914,Cyanobacteria,8.402129379147727,25.945995329677686
LBP,2019-07-01,2.253946679804065,Cyanobacteria,1.2297497601951581,3.7780167683374044
LBP,2019-07-02,0.2675475034736553,Cyanobacteria,0.14888820633188288,0.4296838307933333
LBP,2019-07-03,5.848623497748926,Bacillariophyta,3.250862647359941,10.36766926531505
LBP,2019-07-05,2.5636814011451556,Bacillariophyta,1.4324980013228705,4.525829233671722
LBP,2019-07-08,2.315664708607891,Cyanobacteria,1.3094436351949024,3.8039824297953366
LBP,2019-07-09,1.5402212995838975,Bacillariophyta,0.863024152522921,2.6960341919846256
LBP,2019-07-10,1.7503587887782945,Cyanobacteria,0.9462942540525223,2.825942772629321
LBP,2019-07-11,21.997946409569767,Cyanobacteria,11.967459451615728,36.723685541618
LBP,2019-07-12,3.1002955565551664,Bacillariophyta,1.7298055643785617,5.487683166522796
LBP,2019-07-16,4.287597060258779,Bacillariophyta,2.418033314246132,7.466171709453569
LBP,2019-07-18,0.24894979687045257,Cyanobacteria,0.13721771148717932,0.4051403625888371
LBP,2019-07-23,0.3585989300372114,Cyanobacteria,0.21743194433113697,0.5905193306119267
LBP,2019-07-25,0.32753918754093925,Bacillariophyta,0.18014572208283566,0.5666356472895689
LBP,2019-07-30,0.1272447074347639,Cyanobacteria,0.06933638260081379,0.21455876806270685
LBP,2019-08-01,0.29129538934712523,Cyanobacteria,0.16178313874420644,0.4944160958333931
LBP,2019-08-06,0.3274594844594868,Cyanobacteria,0.17773753968882516,0.5461643879454361
LBP,2019-08-08,3.6865438493686513,Bacillariophyta,2.0459185724039193,6.535268174567751
LBP,2019-08-13,0.2044373313157194,Cyanobacteria,0.11560286894340926,0.3438393183448888
LBP,2019-08-15,8.230908636154407,Bacillariophyta,4.586409641376273,14.57055726104774
LBP,2019-08-20,5.3927139560773885,Bacillariophyta,2.9984313904858593,9.580048690377076
LBP,2019-08-22,8.250203879959475,Bacillariophyta,4.588908285643854,14.651834084415041
LBP,2019-08-27,0.16668124827049757,Cyanobacteria,0.09022918589637592,0.27592725389734013
LBP,2019-08-29,1.2958922302612204,Bacillariophyta,0.7281714796909201,2.2732593716539844
LBP,2019-09-03,3.7832308652384445,Cyanobacteria,2.029511475620601,6.080040789901786
LBP,2019-09-10,0.3049202211243662,Bacillariophyta,0.16900116897707876,0.538649389829779
LBP,2019-09-24,0.0021573972672106955,Cyanobacteria,0.0011557485360057299,0.0034672456080171894
LBP,2019-10-01,2.9217268092717226,Bacillariophyta,1.6338317589130509,5.16941491735163
LBP,2019-10-09,0.5446970885664295,Cryptophyta,0.32881057575172995,0.8700941783164304
LBP,2019-10-15,1.9267000734636877,Cryptophyta,1.180052274623301,2.99255402552117
LBP,2019-10-30,0.903706110903418,Cryptophyta,0.5498197724881018,1.4296766240966639
LBP,2020-03-09,2.126317705612638,Bacillariophyta,1.1929850589359459,3.721069930443364
LBP,2020-04-07,11.859776531976054,Bacillariophyta,6.794073743314581,20.26613611433587
LBP,2020-04-14,5.92685635327791,Bacillariophyta,3.317138183179396,10.443708083387895
LBP,2020-04-17,9.012253088144947,Bacillariophyta,5.052578134947779,15.84329932931588
LBP,2020-04-23,26.378249729193627,Bacillariophyta,14.656348494728027,46.8893249322694
LBP,2020-04-28,22.16596796401878,Bacillariophyta,12.371804046850771,39.1826757046137
LBP,2020-05-05,6.574368639755605,Bacillariophyta,3.687701145582214,11.552006468252412
LBP,2020-05-12,5.156412762324947,Bacillariophyta,2.8648097618677797,9.160754855232762
LBP,2020-05-19,3.919879315984355,Bacillariophyta,2.181294964729806,6.9500955569564
LBP,2020-05-25,8.050596519836361,Bacillariophyta,4.48467388244728,14.267887301156017
LBP,2020-05-26,2.908080896598469,Bacillariophyta,1.6675748410313034,5.045502689545962
LBP,2020-05-27,1.5583447734722797,Bacillariophyta,0.8664697396272846,2.7644807212894356
LBP,2020-05-29,7.700643089434731,Bacillariophyta,4.369995711365543,13.322589512276751
LBP,2020-06-01,2.097611641975876,Bacillariophyta,1.2240066577054496,3.556688734723851
LBP,2020-06-03,3.1733337601614617,Bacillariophyta,1.7758406668673634,5.58912593494934
LBP,2020-06-05,7.9547990434395865,Bacillariophyta,4.401106249285423,13.76435074662986
LBP,2020-06-08,8.983412501416947,Bacillariophyta,5.019897559346506,15.619023902325234
LBP,2020-06-10,5.807924265427577,Bacillariophyta,3.2183416013484654,10.127162453346864
LBP,2020-06-12,2.741514228834175,Cyanobacteria,1.5015583186742212,4.655141375278452
LBP,2020-06-15,4.473033535518651,Bacillariophyta,2.4839936253748274,7.845401997073338
LBP,2020-06-17,13.550324106875065,Bacillariophyta,7.481371897366321,23.64927566381228
LBP,2020-06-19,2.5760467998649395,Bacillariophyta,1.4366318711878923,4.56102723717931
LBP,2020-06-22,0.96515059663955,Bacillariophyta,0.5401794486761288,1.6764895032637677
LBP,2020-06-24,12.481109847708751,Bacillariophyta,6.921576251468653,22.041632815190212
LBP,2020-06-26,0.9996648822244553,Bacillariophyta,0.5589247972415964,1.7424644633286255
LBP,2020-06-29,1.0649966962595894,Cyanobacteria,0.5827338690319656,1.8114517601971356
LBP,2020-07-01,3.3802835674643767,Bacillariophyta,1.9016721754922643,5.9199829027325315
LBP,2020-07-02,2.0726647992424168,Bacillariophyta,1.163043111802979,3.6624457502112144
LBP,2020-07-06,4.221607452050906,Bacillariophyta,2.346635494477281,7.5018625265062235
LBP,2020-07-08,3.6915905893725154,Bacillariophyta,2.0548984009652878,6.556404130115582
LBP,2020-07-10,1.1233943476479065,Bacillariophyta,0.6286735241338269,1.9798890845227255
LBP,2020-07-17,2.41605941851471,Bacillariophyta,1.3462580206675077,4.246029081581769
LBP,2020-07-20,5.144769450179759,Bacillariophyta,2.861286042899309,9.12498824712165
LBP,2020-07-22,1.8447179633862847,Bacillariophyta,1.025533795044346,3.277406248549102
LBP,2020-07-24,2.628301158454626,Bacillariophyta,1.4598405082491412,4.669724895578738
LBP,2020-07-27,3.4310753056572114,Bacillariophyta,1.9050025144352667,6.059379483103102
LBP,2020-07-29,4.120941429052744,Bacillariophyta,2.266288530973757,7.127257079216079
LBP,2020-07-31,1.9264303241698504,Bacillariophyta,1.0720669502409337,3.3859491859667976
LBP,2020-08-03,4.0075433180879365,Bacillariophyta,2.2437656415866827,7.064754640139917
LBP,2020-08-05,3.102749928907977,Bacillariophyta,1.810169942129932,5.262172302905118
LBP,2020-08-07,6.298674060437885,Bacillariophyta,3.5485059229083875,10.72521769554865
LBP,2020-08-10,9.63126581990377,Cyanobacteria,5.266421026725834,16.3640403687034
LBP,2020-08-12,0.7231818210170468,Bacillariophyta,0.40273729241635164,1.2608133606128236
LBP,2020-08-14,1.0319060082310554,Bacillariophyta,0.5806743472641946,1.8058250470538875
LBP,2020-08-17,9.029568633758934,Bacillariophyta,4.99927221633357,15.905035159191893
LBP,2020-08-19,15.533336036092626,Bacillariophyta,8.62913343762651,27.549878820848132
LBP,2020-08-21,11.342976863458924,Bacillariophyta,6.258691927630489,19.665385877017727
LBP,2020-08-24,10.784531465175126,Bacillariophyta,5.973909134011068,19.022024156969806
LBP,2020-08-26,4.1883777773334145,Bacillariophyta,2.356388283098515,7.317707658665868
LBP,2020-08-28,15.954318766907086,Bacillariophyta,8.750584267740589,27.39206840184781
LBP,2020-08-31,16.335651397382833,Pyrrophyta,8.946313754601052,27.24690891018136
LBP,2020-09-02,2.4047114047794382,Cyanobacteria,1.3143439906139411,4.08922410494158
LBP,2020-09-04,3.315555787034958,Bacillariophyta,1.8428595554770881,5.818673197135239
LBP,2021-03-26,13.524778139323079,Bacillariophyta,7.514158639608776,24.04061355714853
LBP,2021-04-06,2.0745587454729626,Bacillariophyta,1.1624694142727636,3.639763058467252
LBP,2021-04-15,4.998408163317223,Bacillariophyta,3.001315770336761,7.989277129014861
LBP,2021-04-21,12.674928263317979,Bacillariophyta,7.0605312236174935,22.47567661212693
LBP,2021-04-27,10.790550301006313,Bacillariophyta,6.010801491295491,19.101752331151182
LBP,2021-05-04,1.8449258849418129,Bacillariophyta,1.0367762803018628,3.2323320368730246
LBP,2021-05-11,1.7868912508094803,Bacillariophyta,0.9955228568322014,3.170601160496764
LBP,2021-05-18,1.8134109073969797,Bacillariophyta,1.0189462135891525,3.177654965715913
LBP,2021-05-25,1.0316784439673876,Bacillariophyta,0.5808466648875704,1.8047367920873685
LBP,2021-05-27,1.0303629068219489,Bacillariophyta,0.6019430651904522,1.7160005081895564
LBP,2021-06-02,4.2429240250670155,Bacillariophyta,2.4069540087557013,7.3483349162649905
LBP,2021-06-04,1.5009320637272265,Bacillariophyta,0.8539472993404017,2.592027507419403
LBP,2021-06-07,4.413018294689971,Cyanobacteria,2.460026155268668,7.251881485368297
LBP,2021-06-09,1.025417922048513,Bacillariophyta,0.5639099204605666,1.77009367139463
LBP,2021-06-11,2.6680497571638964,Bacillariophyta,1.4724190110749424,4.646322779035018
LBP,2021-06-14,1.6728630757730782,Bacillariophyta,0.9361633584967045,2.8246211697971946
LBP,2021-06-16,1.4363125972306168,Bacillariophyta,0.7987276833074132,2.466712703731964
LBP,2021-06-18,1.4683442022629096,Bacillariophyta,0.821016676894551,2.588919132417628
LBP,2021-06-21,2.365488396766929,Bacillariophyta,1.3088275175900257,4.147183077439383
LBP,2021-06-23,0.5205015663574594,Bacillariophyta,0.290442491358312,0.9104145818134878
LBP,2021-06-25,5.276694687107038,Bacillariophyta,2.931217702648784,9.358462781155536
LBP,2021-07-01,6.612823189391638,Bacillariophyta,3.672537156261637,11.68062631142596
LBP,2021-07-06,3.8617718234919116,Bacillariophyta,2.1944329456891305,6.578142490625336
LBP,2021-07-08,3.3803050078461876,Bacillariophyta,1.8857198049618842,5.958008647879618
LBP,2021-07-13,1.5526057940164406,Bacillariophyta,0.8968577313522359,2.6073606206765696
LBP,2021-07-15,2.6111131771641407,Bacillariophyta,1.4603211407117285,4.5924835584507075
LBP,2021-07-20,5.046156891092911,Bacillariophyta,2.8201741497263817,8.873849836459527
LBP,2021-07-22,2.705193744337154,Bacillariophyta,1.515653065479878,4.758507982412193
LBP,2021-07-27,1.8484326155500663,Bacillariophyta,1.0356642133303318,3.2516789221850066
LBP,2021-07-29,35.005876582350204,Bacillariophyta,19.45236249209261,62.19069348684247
LBP,2021-08-03,0.48086660437668444,Cryptophyta,0.29751566079429875,0.7644130578224428
LBP,2021-08-05,1.5051858963413682,Bacillariophyta,0.8519650229748419,2.6076365195371403
LBP,2021-08-10,0.9490699040874676,Bacillariophyta,0.534128577771024,1.6595663930634614
LBP,2021-08-17,0.652237502170013,Bacillariophyta,0.364816113990245,1.1509579951371964
LBP,2021-08-19,0.49598324124407306,Bacillariophyta,0.27639787657718085,0.8775756493060144
LBP,2021-08-24,4.570415810623682,Bacillariophyta,2.5403329291284367,8.115642665224428
LBP,2021-08-26,2.481691336959266,Bacillariophyta,1.4367028734249216,4.311354533696764
LBP,2021-08-31,0.9033273109722162,Bacillariophyta,0.5035179914468082,1.6006529233545117
LBP,2021-09-02,7.022820167058026,Bacillariophyta,3.9028072852861557,12.480033112848384
LBP,2021-09-07,0.8772363955778995,Bacillariophyta,0.484500340537154,1.529436804662918
LBP,2021-09-09,2.5958805804169818,Bacillariophyta,1.4568811199469698,4.549246602564987
LBP,2021-09-16,2.502320354068639,Cryptophyta,1.4916278702384256,4.02274491958646
LBP,2021-09-21,0.5552153497305807,Bacillariophyta,0.308747502634784,0.9825773435553046
LBP,2021-09-28,2.0132008707306013,Bacillariophyta,1.129288257076082,3.534472724919068
LBP,2021-10-05,3.0883141863611594,Bacillariophyta,1.7384981859462483,5.332591780657605
LBP,2021-10-12,3.017112857392716,Bacillariophyta,1.7631503964211117,5.037448671469268
LBP,2021-10-14,20.895168496333678,Bacillariophyta,11.924046102178552,35.65516933209254
LBP,2021-10-19,3.7694454747417203,Bacillariophyta,2.143443157260485,6.320623449216762
LBP,2022-04-07,5.964592933427048,Bacillariophyta,3.3212609050804,10.574562780175379
LBP,2022-04-27,12.084615370610171,Bacillariophyta,6.731286835197271,21.416074158131938
LBP,2022-05-03,2.347655139235504,Bacillariophyta,1.322533646279592,4.106105808521611
LBP,2022-05-11,0.4388906125833799,Bacillariophyta,0.24858975740203937,0.7594361832608943
LBP,2022-05-17,4.398550459186553,Bacillariophyta,2.4981715932295825,7.714890552581902
LBP,2022-05-24,6.2471603931601285,Bacillariophyta,3.4772799148192375,11.075230641666653
LBP,2022-05-31,0.35950024681469583,Bacillariophyta,0.2002122236352304,0.6367429840214746
LBP,2022-06-07,4.251953297840287,Bacillariophyta,2.3650537526279938,7.554456123369307
LBP,2022-06-14,0.558845928628195,Bacillariophyta,0.31453445363536064,0.9867379521257638
LBP,2022-06-16,1.5819040024025603,Bacillariophyta,0.8808615166491623,2.8065168981459445
LBP,2022-06-21,1.3177411963856802,Bacillariophyta,0.7319675440399208,2.341697289586279
LBP,2022-06-23,1.0372145014755303,Bacillariophyta,0.5760586609560565,1.842460979795495
LBP,2022-06-29,0.09443013637875333,Bacillariophyta,0.05235329248620298,0.16694790624508565
LBP,2022-07-05,0.7198142401670372,Bacillariophyta,0.399784457362652,1.2787036128176958
LBP,2022-07-07,1.9160962010022746,Bacillariophyta,1.0755461446293042,3.369364237773662
LBP,2022-07-11,18.676580397246862,Bacillariophyta,10.388132785626027,33.135267026977644
LBP,2022-07-13,0.4521366321841758,Bacillariophyta,0.2535085101108752,0.7960566698761898
LBP,2022-07-15,3.593334322008404,Bacillariophyta,1.981465263061036,6.259755359329266
LBP,2022-07-19,0.2799678665345586,Bacillariophyta,0.15542768489390815,0.4967744904839345
LBP,2022-07-21,7.083061797239835,Bacillariophyta,3.9327588209395508,12.550140744913326
LBP,2022-07-28,5.844150418879199,Bacillariophyta,3.2696671497867786,10.315432355919116
LBP,2022-08-02,2.61281606312,Bacillariophyta,1.487358312785892,4.501466852565204
LBP,2022-08-04,2.1964320335712397,Bacillariophyta,1.2321319293792368,3.8571658900697043
LBP,2022-08-09,9.181059376403054,Pyrrophyta,5.01478951411068,15.097688035250595
LBP,2022-08-11,13.217796069081738,Bacillariophyta,7.345684238037459,23.491817129932066
LBP,2022-08-23,0.37229491429425227,Bacillariophyta,0.2198287651479224,0.6409150729227345
LBP,2022-08-30,1.190524003535197,Bacillariophyta,0.661728306459061,2.1106025115730582
LBP,2022-09-06,0.44682176402251844,Bacillariophyta,0.25945719401195844,0.7493331500057704
LBP,2022-09-13,0.07847857792600595,Bacillariophyta,0.046139653389160686,0.13212011702568202
LBP,2022-09-27,7.849407306647929,Bacillariophyta,4.51868702354341,13.55935742366789
LBR,2011-07-26,0.3316551929115065,Bacillariophyta,0.1860155378406005,0.5835677601147837
LBR,2011-08-02,0.20644479043094532,Bacillariophyta,0.11502656461927899,0.3655761368117718
LBR,2011-08-09,0.17356493104973034,Bacillariophyta,0.09647627420316202,0.3083546273862732
LBR,2011-08-16,1.027471161894981,Bacillariophyta,0.572284567519767,1.8200216808782952
LBR,2011-08-24,1.3753156450868824,Bacillariophyta,0.7673974239453213,2.4320720233535713
LBR,2011-08-31,0.443413094071522,Bacillariophyta,0.24695928219185323,0.7861047863987706
LBR,2011-09-13,0.7859832810398014,Bacillariophyta,0.438549947872327,1.386386226891584
LBR,2011-09-20,0.6130114310030764,Bacillariophyta,0.3422146578706615,1.0830551507372101
LBR,2011-09-27,2.8497042603343514,Bacillariophyta,1.58319422591309,5.06481892666776
LBR,2012-04-25,0.29448518335498625,Bacillariophyta,0.16434951601113895,0.5223345966621411
LBR,2012-05-15,0.36894110267238356,Bacillariophyta,0.20503585428307894,0.6546049707856302
LBR,2012-05-22,0.4013471642438766,Bacillariophyta,0.2231572484590524,0.7127458085895831
LBR,2012-05-29,0.19641216301204115,Bacillariophyta,0.11088728970073378,0.34324957848727367
LBR,2012-06-05,0.35923841564486986,Bacillariophyta,0.2010104394098847,0.6363524053305043
LBR,2012-06-12,0.38248178427076696,Bacillariophyta,0.2111441427580755,0.6683942749071485
LBR,2012-06-18,0.560753251786071,Bacillariophyta,0.32060827728727376,0.9455771215050927
LBR,2012-06-21,0.42153066218884255,Bacillariophyta,0.23440584430680375,0.7473301077263552
LBR,2012-06-26,0.4112368111154911,Bacillariophyta,0.22919552852745576,0.7219112593231954
LBR,2012-07-02,0.6353346014005347,Bacillariophyta,0.35648761825685066,1.1222189706950827
LBR,2012-07-09,0.21776041409235322,Bacillariophyta,0.12109606041686874,0.3863963865631131
LBR,2012-07-17,1.0754044530822044,Bacillariophyta,0.6002241051846977,1.904107618421837
LBR,2012-07-24,0.32813937526152576,Bacillariophyta,0.18229965292306988,0.5833588893538236
LBR,2012-08-07,0.28088975542121253,Bacillariophyta,0.15604986412289584,0.4993595651932667
LBR,2012-09-25,0.08521746441355442,Bacillariophyta,0.047343707758040546,0.15043666956831772
LBR,2012-10-02,0.6135843492923894,Bacillariophyta,0.348405290860538,1.053962645324263
LBR,2012-10-09,0.11359269171853198,Bacillariophyta,0.0630715857271897,0.20163756209823544
LBR,2012-11-06,0.98525979061021,Bacillariophyta,0.5472545548835835,1.7506098001681887
LBR,2013-05-14,1.2559541176817433,Bacillariophyta,0.7006811268653399,2.220514097897012
LBR,2013-09-10,0.7468478511690515,Bacillariophyta,0.45919100958185366,1.2477498252907373
LBR,2013-09-24,0.9944863337512445,Bacillariophyta,0.5527062896478447,1.7670734409690008
LBR,2014-09-30,0.06685116628645504,Bacillariophyta,0.037007830170232105,0.11771384060463096
LBR,2014-10-07,0.16161950253889448,Bacillariophyta,0.0899450328410141,0.28629267923380486
LBR,2014-10-14,0.2878673659600093,Bacillariophyta,0.15991877453122672,0.5116993630885218
LBR,2014-10-21,0.08134178161862768,Bacillariophyta,0.04518987867701537,0.1446076117664492
LBS,2011-07-25,39.94974942860969,Bacillariophyta,22.202715781959792,70.99621249874511
LBS,2011-08-02,24.693728031319175,Bacillariophyta,13.808508205026842,43.3581587680671
LBS,2011-08-09,11.3375320923098,Bacillariophyta,6.330495712618741,19.938911469018628
LBS,2011-08-16,2.9491343215726267,Cyanobacteria,1.6927143174227548,4.869331966967548
LBS,2011-08-24,2.613898161074169,Chrysophyta,1.5174569622865963,4.3011225045114285
LBS,2011-08-31,6.9989507652610135,Cyanobacteria,4.028352302370698,11.419648185328912
LBS,2011-09-13,6.164986415628073,Cyanobacteria,3.469645876855766,10.194916721407623
LBS,2011-09-20,2.6870151376575437,Cyanobacteria,1.5094627509382332,4.287175093958554
LBS,2011-09-27,3.228943964119506,Cyanobacteria,1.8758385591122024,5.14741047072983
LBS,2012-01-04,3.142134033820547,Bacillariophyta,1.8400240214926342,5.190786778974682
LBS,2012-04-25,1.0422218797398224,Bacillariophyta,0.5786929891512343,1.8437458066823733
LBS,2012-05-08,0.34825155228390814,Bacillariophyta,0.19841963931005963,0.5994114284620681
LBS,2012-05-15,0.40983682177937736,Bacillariophyta,0.23187958933327618,0.7120423454609804
LBS,2012-05-22,1.6359832036889421,Bacillariophyta,0.9911325354207091,2.702848187226162
LBS,2012-05-29,1.6487204074371096,Chrysophyta,0.9769742126186929,2.749809680174806
LBS,2012-06-05,0.7832801191413199,Cyanobacteria,0.445443066664402,1.309077801295318
LBS,2012-06-12,1.5582986738923643,Cyanobacteria,0.8722731603810895,2.5111387072867495
LBS,2012-06-18,0.9926102014114156,Cyanobacteria,0.5633206162193363,1.6190649227076614
LBS,2012-06-21,2.5318970196435497,Cyanobacteria,1.5023400596673684,4.037762465047692
LBS,2012-06-26,1.5290551409228537,Chlorophyta,0.9704326681852407,2.4405789728804326
LBS,2012-07-02,3.99883216555817,Cryptophyta,2.473314072340946,6.434998127329081
LBS,2012-07-09,0.7025993346899582,Chlorophyta,0.45067855462159334,1.121997162953094
LBS,2012-07-12,1.0721870456865705,Bacillariophyta,0.6333055857667406,1.8091777740235564
LBS,2012-07-17,3.884005995373356,Bacillariophyta,2.1855348419236016,6.704315979935406
LBS,2012-07-24,1.8135887721286568,Bacillariophyta,1.0278124329656733,3.086091036714131
LBS,2012-07-31,1.0990717310104947,Cyanobacteria,0.6031985820840058,1.847078271384381
LBS,2012-08-07,15.484187404620439,Pyrrophyta,8.462120631437603,25.3194855958271
LBS,2012-08-14,1.6268339557267868,Cyanobacteria,0.8916117461449984,2.6365608276585233
LBS,2012-08-21,1.4402428908175002,Cyanobacteria,0.8268241822665852,2.296428548313883
LBS,2012-08-28,2.0575947468873537,Cyanobacteria,1.1476988621928497,3.339749129219872
LBS,2012-09-04,1.8318475682765154,Cyanobacteria,0.9970323611416172,2.969834746212988
LBS,2013-04-30,0.5063958305808904,Bacillariophyta,0.2846159743122201,0.8822081659033764
LBS,2013-05-07,1.5644196507315176,Bacillariophyta,0.9078606151632129,2.5669382818091244
LBS,2013-05-14,0.799703468384911,Bacillariophyta,0.4597641132037935,1.3568540505381101
LBS,2013-05-21,17.67387534405727,Bacillariophyta,9.958957229603145,30.888794534275824
LBS,2013-05-28,3.49366450652601,Chlorophyta,2.227067686954024,5.727686640290044
LBS,2013-06-03,3.837343383626095,Cyanobacteria,2.0749942703905253,6.203065020752616
LBS,2013-06-11,0.26128619841894246,Bacillariophyta,0.1475284907226688,0.44472829967801236
LBS,2013-06-18,1.9683219209686875,Bacillariophyta,1.1651722393659616,3.3329466109060513
LBS,2013-06-25,0.8614140402507711,Cyanobacteria,0.4895522801165257,1.3933758931017197
LBS,2013-07-02,0.6363711289660372,Bacillariophyta,0.36765593866820934,1.057838471230523
LBS,2013-07-10,2.554865226094081,Bacillariophyta,1.4316174750558903,4.518727600167459
LBS,2013-07-17,6.163900390634739,Bacillariophyta,3.6712208799249546,10.497582861727572
LBS,2013-07-23,0.5039106612263473,Cryptophyta,0.311625349795562,0.7775512305400076
LBS,2013-07-30,1.0404218991765328,Chlorophyta,0.654573817733295,1.6854329481020218
LBS,2013-08-06,1.3699750175493486,Chlorophyta,0.8746990004153958,2.230365395017561
LBS,2013-08-13,1.3001452646928142,Chrysophyta,0.7523570202756013,2.1973376422140958
LBS,2013-08-20,3.337898474662363,Bacillariophyta,1.8563601641269616,5.9161140492022986
LBS,2013-08-27,0.4621675894035858,Chlorophyta,0.28850737597408266,0.7492337219769184
LBS,2013-09-03,1.255812005947313,Cryptophyta,0.7652978600120999,2.0113034119639694
LBS,2014-05-06,0.6529278346534184,Bacillariophyta,0.40160879481975975,1.0617863782496384
LBS,2014-05-20,1.7275128237768138,Cyanobacteria,0.9480240544116691,2.785631500165107
LBS,2014-05-27,3.3652262965303854,Cyanobacteria,1.910203656644422,5.468683379027334
LBS,2014-06-03,4.049526474325788,Cyanobacteria,2.249274015631916,6.483429752909355
LBS,2014-06-10,2.9966970996060556,Cyanobacteria,1.7408745078234817,4.721139232818311
LBS,2014-06-17,3.7897017334611354,Cryptophyta,2.2405330710797235,6.177980368106609
LBS,2014-08-27,0.31108641666198733,Cryptophyta,0.18838307574710544,0.48766136356213113
LBS,2014-09-02,1.2622599007655666,Chrysophyta,0.745069043437918,2.041346045859649
LBS,2014-09-09,1.0169345489899366,Cyanobacteria,0.5804726694430633,1.627392523282225
LBS,2014-09-16,1.1095958850788181,Cyanobacteria,0.6411652547130404,1.7692721550747217
LBS,2014-09-24,0.4401064546749716,Cryptophyta,0.2657725930939711,0.6996692524222673
LBS,2016-04-12,1.0487211060402557,Bacillariophyta,0.6163711399696906,1.7375124078168276
LBS,2016-04-26,1.4425889469583528,Cryptophyta,0.8845517905263394,2.3112801347110117
LBS,2016-05-03,2.152573850763975,Bacillariophyta,1.2713810426368608,3.608482530388503
LBS,2016-05-09,2.1580339120030207,Bacillariophyta,1.2290538286847548,3.721293593187078
LBS,2016-05-17,1.8109353249007154,Bacillariophyta,1.0656051493059444,2.9961064821742225
LBS,2016-05-24,2.2174698226923684,Cryptophyta,1.322814480136378,3.514089908796831
LBS,2016-05-31,3.21503277636991,Cyanobacteria,1.8006636324731977,5.281880755695981
LBS,2016-06-07,4.291251519920864,Cyanobacteria,2.540860123880644,6.718689689931277
LBS,2016-06-14,5.096236109505759,Cryptophyta,3.1391718080238586,7.955333019112243
LBS,2016-06-21,2.350990630665673,Cyanobacteria,1.3232428390416604,3.7375658401723504
LBS,2016-06-28,3.5599183106114007,Cyanobacteria,1.9213178152421844,5.711134066401102
LBS,2016-07-05,3.5423341409770597,Cyanobacteria,1.9294281157719089,5.691305242556721
LBS,2017-05-09,0.5282274228331811,Cyanobacteria,0.3182761649618103,0.8549724774198498
LBS,2017-05-31,6.080459024043508,Cyanobacteria,3.299023841323389,10.010960095491734
LBS,2017-06-20,5.6484306085469616,Cryptophyta,3.4283437984418765,8.939287716071135
LBS,2017-06-27,2.8401367607335173,Cryptophyta,1.7233676873452055,4.5037448429586036
LBS,2017-07-18,2.0959504929921042,Cryptophyta,1.3091366007743739,3.2947350672710694
LBS,2017-07-25,2.0954244883465885,Bacillariophyta,1.2217507329415385,3.533269107260943
LBS,2017-08-01,32.465563273032195,Cyanobacteria,17.77645312920819,54.842030109520195
LBS,2017-08-03,9.921120275917657,Bacillariophyta,5.5359728027408694,17.317552385589792
LBS,2017-08-08,1.4684034130637131,Cyanobacteria,0.8523264017111847,2.371927275344313
LBS,2017-08-15,1.6458492391485378,Cyanobacteria,0.918802875839865,2.6489034233498527
LBS,2017-08-24,11.167366102330469,Cyanobacteria,6.307226589681481,18.251882790943295
LBS,2017-08-29,7.56913580762772,Cyanobacteria,4.24352329556572,12.377532677463627
LBS,2017-09-12,0.2355878162620074,Cryptophyta,0.14143906065242587,0.3693229335268657
LBS,2018-04-24,1.5290654650452982,Bacillariophyta,0.8663340821007632,2.665729136662747
LBS,2018-05-10,2.3642164719751153,Chrysophyta,1.414549750578066,3.8201249982158183
LBS,2018-05-14,2.0908287015328857,Chrysophyta,1.243866345120409,3.4361902043314165
LBS,2018-05-17,2.4383043528739234,Cyanobacteria,1.411492475041337,3.931376408597812
LBS,2018-05-21,13.12541670694655,Cyanobacteria,7.301001938229223,21.352691833652727
LBS,2018-05-23,7.563346315942233,Cyanobacteria,4.058866662971474,12.228878767792732
LBS,2018-05-27,8.068830864714565,Cyanobacteria,4.501332417438403,12.948923924224129
LBS,2018-05-29,6.980646651782084,Cyanobacteria,4.048412253960096,11.40423973930028
LBS,2018-05-30,5.598140318975492,Cryptophyta,3.290796261717993,9.09986810368411
LBS,2018-05-31,7.088019134267039,Cyanobacteria,4.004432795739918,11.465093093870104
LBS,2018-06-03,5.703764006480417,Bacillariophyta,3.2301723126066073,9.879084364652028
LBS,2018-06-04,11.56814142082162,Cyanobacteria,6.453085359363774,19.051110076786834
LBS,2018-06-06,10.90078761575092,Cyanobacteria,6.0673854575430575,17.701417972927207
LBS,2018-06-07,5.2420091309236,Cyanobacteria,3.034081231235651,8.374803263326495
LBS,2018-06-08,11.900007752279075,Cyanobacteria,6.6890506254175035,19.295691742849343
LBS,2018-06-09,10.539503606785265,Cyanobacteria,5.942277326032891,17.07916545739771
LBS,2018-06-12,18.03829424765851,Cyanobacteria,10.075982179841336,28.828996729594916
LBS,2018-06-15,8.754970123589356,Cyanobacteria,5.07901464450324,13.950548023008759
LBS,2018-06-17,7.087448503453985,Cyanobacteria,4.190227943129312,11.070130448492268
LBS,2018-06-18,19.120512423368584,Cyanobacteria,10.599765461039226,32.06666360412644
LBS,2018-06-19,8.560356377891617,Cryptophyta,5.06030094853118,13.671091508682188
LBS,2018-06-21,16.398442258921456,Cyanobacteria,9.184982003133978,27.0029719805021
LBS,2018-06-25,10.629132994553615,Cyanobacteria,5.847121978957807,17.174879034116625
LBS,2018-06-27,20.29828118609477,Bacillariophyta,11.213210326711135,35.06311363835394
LBS,2018-06-28,16.84445821421427,Cyanobacteria,9.221937097418888,28.227306345657645
LBS,2018-06-29,69.83764180240374,Bacillariophyta,38.689101438471546,123.14977284358297
LBS,2018-07-02,57.64416118500814,Bacillariophyta,32.05076933057325,99.8706690830793
LBS,2018-07-03,46.936265365256716,Bacillariophyta,26.03156002831734,80.76108949046606
LBS,2018-07-05,69.71385292733613,Bacillariophyta,38.38659610345097,120.80451385431317
LBS,2018-07-06,36.68825017742136,Bacillariophyta,20.264617902795944,63.539054795384835
LBS,2018-07-09,42.935694221836805,Bacillariophyta,23.73393543936492,74.03164254517084
LBS,2018-07-13,26.087824029837186,Bacillariophyta,14.673769777208829,45.588879878523976
LBS,2018-07-16,126.82662008011403,Bacillariophyta,70.29735416533447,223.1620574795098
LBS,2018-07-18,18.100693580876744,Bacillariophyta,10.04103370816547,31.201920057383948
LBS,2018-07-24,89.12636979664607,Bacillariophyta,49.54201715503396,157.95321390895143
LBS,2018-07-26,29.223503794651503,Bacillariophyta,16.285919927130266,51.73854575158209
LBS,2018-07-31,25.113385073609827,Bacillariophyta,14.087101238807232,44.05407954192684
LBS,2018-08-02,15.780556097723885,Bacillariophyta,8.78294710552979,27.939204580943976
LBS,2018-08-07,7.562052008798914,Bacillariophyta,4.25741354657164,13.071651016097901
LBS,2018-08-09,7.620596493737151,Bacillariophyta,4.317901146342892,13.144384937519098
LBS,2018-08-14,0.8023943654555121,Bacillariophyta,0.4474554576604785,1.4221888528378368
LBS,2018-08-16,0.743972195873442,Bacillariophyta,0.41715956231194307,1.3097083133974716
LBS,2019-04-09,9.136154663575628,Bacillariophyta,5.321266841144563,15.591842560316186
LBS,2019-04-17,14.316082445508844,Bacillariophyta,7.993372304939958,25.290780408791
LBS,2019-04-23,12.909471157451998,Bacillariophyta,7.4041388295803,21.590838106007233
LBS,2019-04-30,9.62470530478292,Bacillariophyta,5.348533323020583,17.105227509468452
LBS,2019-05-07,7.124417330761155,Bacillariophyta,4.089368688601046,12.14558775374243
LBS,2019-05-14,7.675693052608874,Bacillariophyta,4.518987860620603,12.631237757678155
LBS,2019-05-21,8.039991253656044,Bacillariophyta,4.871751778002937,13.188069182799223
LBS,2019-05-28,5.26857476336217,Bacillariophyta,3.047976172362138,8.90982896633147
LBS,2019-05-30,8.869037528501769,Bacillariophyta,5.091044605195172,15.008849308257721
LBS,2019-06-03,3.8859243551907854,Bacillariophyta,2.2173446547505553,6.646194959990713
LBS,2019-06-04,4.589700035951424,Bacillariophyta,2.5663009311588683,8.026123387276815
LBS,2019-06-05,2.242468127919079,Bacillariophyta,1.2461382733870034,3.910020804380459
LBS,2019-06-06,2.79865121675951,Cyanobacteria,1.589425200285402,4.647254689451375
LBS,2019-06-07,2.4644189870930577,Bacillariophyta,1.3904252724496595,4.254709753088041
LBS,2019-06-10,28.585780173996607,Cyanobacteria,15.473717566154008,47.1891772396941
LBS,2019-06-11,19.240105499250472,Cyanobacteria,10.397632445297662,31.01348080638745
LBS,2019-06-12,2.7540015724330367,Cyanobacteria,1.4919319135056404,4.491223310697126
LBS,2019-06-13,5.519933030525111,Cyanobacteria,3.1024472352974173,9.028030706720948
LBS,2019-06-14,7.810513377912236,Cyanobacteria,4.323701328068546,12.974929604035072
LBS,2019-06-17,7.389830368133527,Cyanobacteria,4.053437933846943,12.010250212302518
LBS,2019-06-18,10.269910128836232,Cyanobacteria,5.690506747206454,16.527768988821798
LBS,2019-06-19,15.192271502062361,Cyanobacteria,8.454784538428841,24.266778252877337
LBS,2019-06-20,24.461275063915124,Cyanobacteria,13.295205023511809,39.957940498215486
LBS,2019-06-21,28.20706247527784,Cyanobacteria,15.493546255072246,45.33086780862361
LBS,2019-06-24,13.868946853181873,Cyanobacteria,7.4859075441469525,22.245308223293367
LBS,2019-06-25,12.891888889763209,Cyanobacteria,6.979155334401905,20.672453868819723
LBS,2019-06-27,12.027152874748323,Cyanobacteria,6.562506679270905,19.818470376449216
LBS,2019-06-28,6.105284917546202,Cyanobacteria,3.286144302274442,9.800895127429209
LBS,2019-07-01,6.5901718166325685,Cyanobacteria,3.587084174055584,10.549858026154988
LBS,2019-07-02,19.455590648169082,Cyanobacteria,10.619527931489184,31.204043317205937
LBS,2019-07-03,7.093830942954849,Cyanobacteria,3.801705029455722,11.400685068015367
LBS,2019-07-05,8.16957601390632,Cyanobacteria,4.497611685999478,13.027452651280084
LBS,2019-07-08,8.467025836174276,Cyanobacteria,4.6358458849424045,13.522805162917614
LBS,2019-07-09,15.274743723109054,Cyanobacteria,8.406930375947676,24.36249099462032
LBS,2019-07-10,6.091902435473261,Cyanobacteria,3.3659215618193334,9.71089781006583
LBS,2019-07-11,21.998107895779736,Cyanobacteria,12.087184791990861,35.40516335640767
LBS,2019-07-12,10.26534515356102,Cyanobacteria,5.585360244645459,16.427371164126146
LBS,2019-07-16,4.224391869582047,Cyanobacteria,2.401042488994411,6.6718969219685995
LBS,2019-07-18,22.169274875147,Bacillariophyta,12.613503794710018,37.84080875694361
LBS,2019-07-23,5.230104825009269,Cyanobacteria,3.037460588997817,8.568090399301651
LBS,2019-07-25,23.223762910897847,Bacillariophyta,13.59301263195936,39.36002281096192
LBS,2019-07-30,13.738630852728717,Bacillariophyta,7.665766107070561,24.108624312524494
LBS,2019-08-01,20.081685984693625,Bacillariophyta,11.216141914637776,35.43105891989686
LBS,2019-08-06,17.237484757505396,Bacillariophyta,9.621393427632169,30.285399373747655
LBS,2019-08-08,15.216726184345214,Bacillariophyta,8.538501027102434,26.576876668968378
LBS,2019-08-13,6.385911289122207,Bacillariophyta,3.550244850791451,11.173965928886954
LBS,2019-08-15,53.43162001129125,Bacillariophyta,29.719558710924126,94.6697731645185
LBS,2019-08-20,6.6527718342504185,Cyanobacteria,3.7238973906151824,10.952606893589282
LBS,2019-08-22,7.24131284865596,Bacillariophyta,4.095836871101043,12.67004506697237
LBS,2020-05-12,4.783719006018094,Cyanobacteria,2.7621125508135687,7.6534803639883835
LBS,2020-05-19,4.278778899228236,Bacillariophyta,2.527784364073142,7.009887523759292
LBS,2020-05-25,9.107003808164194,Cryptophyta,5.481146728443565,14.482366570678824
LBS,2020-05-26,2.2261386868315944,Cryptophyta,1.3000196343769765,3.6334505292454704
LBS,2020-05-27,19.77675239426502,Cyanobacteria,10.927525921578317,32.01177342228729
LBS,2020-05-29,44.18858406600762,Cyanobacteria,24.1292286562274,71.1434081996436
LBS,2020-06-01,24.51518101860548,Cyanobacteria,14.205682297436736,39.199472034128
LBS,2020-06-03,5.82225422262074,Cyanobacteria,3.404267118120183,9.25516703413668
LBS,2020-06-05,11.395851186335078,Cyanobacteria,6.680269108445556,18.126788790520973
LBS,2020-06-08,3.631731332483429,Cryptophyta,2.211459983642995,5.64900872948323
LBS,2020-06-10,5.796713485805032,Bacillariophyta,3.3572212732761493,9.609101186420505
LBS,2020-06-12,5.380075460987171,Cyanobacteria,3.0034076334927637,8.556419870344465
LBS,2020-06-15,3.2928811442154236,Cryptophyta,1.9875841016732116,5.191185591635442
LBS,2020-06-17,3.4444067780923713,Cryptophyta,2.036578654026672,5.623018186814341
LBS,2020-06-19,9.004937089430031,Cyanobacteria,5.18883461413821,14.462576856878593
LBS,2020-06-22,2.9689883492652256,Bacillariophyta,1.7111859784259624,4.975211508598884
LBS,2020-06-24,4.826958290938423,Bacillariophyta,2.8216388657378935,7.900202485982624
LBS,2020-06-26,5.502288221275352,Cyanobacteria,3.1356258391952294,9.087479490227123
LBS,2020-06-29,3.2489491218268665,Cryptophyta,1.9223441885286314,5.292553321227072
LBS,2020-07-01,10.911851660906095,Bacillariophyta,6.342021636068557,18.46550292315005
LBS,2020-07-02,5.166652597292896,Cryptophyta,3.0741798991523717,8.189684863226647
LBS,2020-07-06,5.683489050062897,Bacillariophyta,3.4031054981733813,9.486599637954187
LBS,2020-07-08,1.7537476519004511,Cyanobacteria,0.965875700013922,2.822744424762405
LBS,2020-07-10,9.895146092920955,Cyanobacteria,5.653706401564909,16.24757587704095
LBS,2020-07-13,7.111249388942344,Bacillariophyta,4.0928954165927856,11.763224147858265
LBS,2020-07-15,12.66278546192755,Cyanobacteria,7.107394061992432,20.85125455464991
LBS,2020-07-17,20.369832299551135,Cyanobacteria,11.452235418336281,33.399051343038984
LBS,2020-07-20,26.75422412541539,Cyanobacteria,14.966745030402425,43.79952520950608
LBS,2020-07-22,9.88924601227216,Cyanobacteria,5.707951258847677,16.081844195318492
LBS,2020-07-24,12.756453539697706,Bacillariophyta,7.1624210747356765,21.639754816522178
LBS,2020-07-27,7.284761458558401,Chrysophyta,4.2642539126621095,12.055698386936948
LBS,2020-07-29,18.638525430797568,Cyanobacteria,10.533395902053774,30.875026858630584
LBS,2020-07-31,6.946937102553396,Chrysophyta,3.9415663563265446,11.874892526919593
LBS,2020-08-03,11.30883102824092,Bacillariophyta,6.316909394178963,19.38398334969193
LBS,2020-08-05,13.763261114331506,Cyanobacteria,7.662360083492684,23.079917239690143
LBS,2020-08-07,46.218057478485505,Bacillariophyta,25.42149124383291,77.93093403722494
LBS,2020-08-10,173.9995798154032,Bacillariophyta,96.4239052848364,303.5265944622978
LBS,2020-08-12,19.32453730139834,Pyrrophyta,10.79349252035647,31.76878711195577
LBS,2020-08-14,7.497914472891623,Cyanobacteria,4.206237632176829,12.467159852380925
LBS,2020-08-17,21.39665698053114,Bacillariophyta,12.120151020558383,36.6086722104132
LBS,2020-08-19,8.194376123063636,Bacillariophyta,4.647547256201819,13.750027600162523
LBS,2020-08-21,8.416947336420712,Cryptophyta,4.999624056874841,13.361554380882907
LBS,2020-08-24,5.378031811671293,Bacillariophyta,3.0480823075138583,9.21719252542813
LBS,2020-08-26,12.29579748544758,Bacillariophyta,7.0082664418533875,20.992007257735025
LBS,2020-08-28,16.712853231965294,Bacillariophyta,9.657044313662345,28.3859725953385
LBS,2020-08-31,22.872796482890017,Pyrrophyta,12.902880004614769,37.66127420536407
LBS,2020-09-02,1.85711860396174,Cryptophyta,1.1406530887703044,2.9063930166461653
LBS,2020-09-04,2.7590432447277125,Bacillariophyta,1.614874154949914,4.562887946119478
LBS,2021-05-11,7.075320524879481,Bacillariophyta,4.043598981444133,12.10549810381403
LBS,2021-05-18,11.957401980254946,Bacillariophyta,6.959553867360115,19.893683112845768
LBS,2021-05-25,4.241460602659687,Cyanobacteria,2.4515809551400785,6.874470040189239
LBS,2021-05-27,7.38315252988144,Bacillariophyta,4.309247591044619,12.271859824213136
LBS,2021-06-02,7.5705803166757635,Cryptophyta,4.5535855455144905,12.080642946728405
LBS,2021-06-04,26.71490784855707,Cryptophyta,15.760507622889037,43.44493016941517
LBS,2021-06-07,11.116104246161727,Bacillariophyta,6.384890148840779,18.76741480314337
LBS,2021-06-09,12.076259911457282,Cryptophyta,7.069942928963486,19.7227002541084
LBS,2021-06-11,19.485593769633763,Cyanobacteria,11.19073326900234,31.782907735893843
LBS,2021-06-14,9.718157826835153,Bacillariophyta,5.5814694175118005,16.573384860951936
LBS,2021-06-16,9.015889711143751,Bacillariophyta,5.100795292362154,15.658760431541374
LBS,2021-06-18,24.07265150637215,Bacillariophyta,13.42031324450797,42.62303992509324
LBS,2021-06-21,21.456099909034673,Bacillariophyta,11.98213383161264,37.82159807310152
LBS,2021-06-23,26.94607808672864,Bacillariophyta,15.077736489577747,47.47639272753436
LBS,2021-06-25,52.16093765008773,Bacillariophyta,28.977684503466268,92.72229803252146
LBS,2021-07-01,3.016951367883267,Bacillariophyta,1.737384122874507,5.032234616486822
LBS,2022-04-27,5.606820840751227,Bacillariophyta,3.2594320493453632,9.411378204366121
LBS,2022-05-03,8.209613788380409,Bacillariophyta,4.596323609221786,14.486631878947387
LBS,2022-05-11,6.210365553923943,Bacillariophyta,3.6265865770236854,10.393949478205075
LBS,2022-05-17,7.509065013330106,Bacillariophyta,4.227609968187805,13.146073560821108
LBS,2022-05-24,30.125700430198265,Bacillariophyta,17.266997752634293,51.4193910295335
LBS,2022-05-31,5.605548104332381,Bacillariophyta,3.268388518202414,9.39044996637435
LBS,2022-06-07,7.852012798150376,Bacillariophyta,4.631453944285375,12.886156486096361
LBS,2022-06-14,5.662955426339699,Cryptophyta,3.3801124722816422,9.099687164123814
LBS,2022-06-16,13.990791859610892,Bacillariophyta,7.963244978210184,23.87050141563285
LBS,2022-06-21,7.095797293869683,Cyanobacteria,3.8838250915532435,11.831840172779314
LBS,2022-06-23,11.290917274379252,Cryptophyta,6.847035308754199,17.812284910986453
LBS,2022-06-29,27.666070954383756,Bacillariophyta,15.460326553205617,47.20532666718335
LBS,2022-07-05,3.710885890342874,Cyanobacteria,2.07099968922765,5.9383508826004725
LBS,2022-07-07,14.265697555727055,Bacillariophyta,8.198259706504782,24.088850846981927
LBS,2022-07-11,71.98563168778963,Bacillariophyta,40.56539005325253,126.74499639442143
LBS,2022-07-13,5.228583322718268,Bacillariophyta,3.079959767474598,8.678940190824944
LBS,2022-07-15,18.017000626612813,Bacillariophyta,10.229619238204648,31.110022574793728
LBS,2022-07-19,39.8056480190732,Bacillariophyta,22.205175419276323,70.28622615252387
LBS,2022-07-21,27.01388583668884,Bacillariophyta,15.084757306851895,47.173751486527195
LBS,2022-07-28,10.891406653936109,Bacillariophyta,6.142851117807307,19.01406801014655
LBS,2022-08-02,0.29648411911275874,Cryptophyta,0.17953531903239553,0.4733951681359377
LBS,2022-08-04,23.53646512784062,Bacillariophyta,13.771190613970965,40.43737574369398
LBS,2022-08-09,5.246836671425852,Bacillariophyta,2.9674741988593683,9.160808092617279
LBS,2022-08-11,1.4111196199674982,Chrysophyta,0.8400033106912055,2.278642492938908
LBS,2022-08-23,0.6337994361560981,Cryptophyta,0.3913765408101616,1.0009204482860166
LBS,2022-08-30,4.064379505163699,Bacillariophyta,2.434854816994774,6.808873983563224
LBS,2022-09-06,2.439633404154575,Bacillariophyta,1.3871138126480786,4.1883424238818465
LBS,2022-09-13,6.052410840665929,Bacillariophyta,3.4141877693916087,10.500536621146573
PK,2012-05-22,0.7662200476662445,Bacillariophyta,0.4350037480483304,1.3445611853704202
PK,2012-05-29,0.7273805745652967,Bacillariophyta,0.42149031981842866,1.2516077948872215
PK,2012-06-05,1.350427432399494,Cyanobacteria,0.7516524670947363,2.282708945982038
PK,2012-06-12,0.6102898055157396,Cyanobacteria,0.3536056972727112,0.9798626320191549
PK,2012-06-18,0.5696690104850827,Bacillariophyta,0.3233558824823735,0.9526021969030267
PK,2012-06-21,2.034255954630694,Bacillariophyta,1.1737176732455412,3.4673377035948616
PK,2012-07-02,1.068220842579151,Bacillariophyta,0.6571864568457887,1.7728857265592777
PK,2012-07-05,1.6037282660547725,Bacillariophyta,0.9485349332541531,2.7302073160477724
PK,2012-07-09,1.1522055773785356,Bacillariophyta,0.7058044309418081,1.9152489094545668
PK,2012-07-12,1.3972931454910331,Bacillariophyta,0.7970235388474399,2.4370415672535652
PK,2012-07-17,0.7568981697540234,Bacillariophyta,0.46296135491540086,1.265183345636342
PK,2012-07-24,2.3310042305564775,Bacillariophyta,1.3055253504077773,4.108046471811615
PK,2012-07-31,3.4546931429101932,Bacillariophyta,1.9227138879568277,6.0653610248920495
PK,2012-08-07,1.8059454524727323,Bacillariophyta,1.0035385332046522,3.1547505893907446
PK,2012-08-14,3.761869096202758,Bacillariophyta,2.0895018835020522,6.605794208181565
PK,2012-08-21,8.75394775817938,Bacillariophyta,5.016893261293647,14.46791250962036
PK,2012-08-28,5.074707998375329,Bacillariophyta,2.8299907138792424,8.716569762530904
PK,2012-09-04,5.348057043421792,Bacillariophyta,3.0403828512575117,9.03901961566151
PK,2012-09-11,21.616984695111988,Pyrrophyta,11.8356044177277,35.52849187063829
PK,2012-09-18,0.9041800135540885,Bacillariophyta,0.530378435850953,1.5040456090411138
PK,2012-09-25,0.6654598578362051,Bacillariophyta,0.3711096897445682,1.175286758225668
PK,2012-10-02,0.7670343336165251,Bacillariophyta,0.42711344225036263,1.358843955603901
PK,2012-10-09,1.4891909415013123,Bacillariophyta,0.8303231838071436,2.640749239841064
PK,2012-11-06,1.614054463269045,Bacillariophyta,0.90799253679343,2.826823601377166
PK,2012-12-04,1.3717381952037004,Bacillariophyta,0.7828949202485518,2.397949292153817
PK,2013-01-22,4.7895953818067545,Bacillariophyta,2.7277228748604667,8.337627258571317
PK,2013-01-23,1.658136599624548,Bacillariophyta,0.9319096500926952,2.904743057313142
PK,2013-02-05,10.840861320223443,Bacillariophyta,6.07734737528902,19.014998089335748
PK,2013-03-05,3.7902211397418957,Bacillariophyta,2.1091374822410733,6.731372017165805
PK,2013-03-12,6.482192786048132,Bacillariophyta,3.6616486723153483,11.264691583175125
PK,2013-04-03,6.204167772568137,Bacillariophyta,3.5856700769179626,10.470980344758955
PK,2013-04-30,4.475238672210901,Bacillariophyta,2.486998639112975,7.952960132391705
PK,2013-05-07,5.255942835825074,Bacillariophyta,2.9534721869781193,9.208803071193005
PK,2013-05-14,8.261925019580207,Cryptophyta,4.98982787922912,13.10641463313816
PK,2013-05-21,5.1898094145062466,Bacillariophyta,2.864989107011601,8.998169959429545
PK,2013-05-28,2.4660584558427168,Bacillariophyta,1.3700330910703487,4.384036777016281
PK,2013-05-31,1.870918617495313,Bacillariophyta,1.0656435614294015,3.244108570625538
PK,2013-06-03,3.136333205522415,Bacillariophyta,1.9335305005403305,5.106532641417995
PK,2013-06-11,5.22196382112646,Bacillariophyta,2.9187941526339536,9.169920089037975
PK,2013-06-18,11.16647115377589,Bacillariophyta,6.294074678624134,19.545223104765608
PK,2013-06-25,6.050668654204835,Bacillariophyta,3.4827406438073623,10.399079576863523
PK,2013-07-02,2.0394089607315355,Bacillariophyta,1.143906503819507,3.58194632622489
PK,2013-07-10,14.106198538209766,Bacillariophyta,7.888307759228188,24.94187431082205
PK,2013-07-17,1.5381262541559046,Bacillariophyta,0.8954163938386002,2.649400564976352
PK,2013-07-23,9.078929503053459,Cryptophyta,5.5180934750301835,14.610384495219618
PK,2013-07-30,3.4483747728487555,Bacillariophyta,1.9430395092254082,6.019389645678117
PK,2013-08-06,8.015606979272766,Bacillariophyta,4.515153607934885,14.071943299067703
PK,2013-08-13,3.535216203629486,Bacillariophyta,1.999791659731763,6.145462241033572
PK,2013-08-20,4.257095881652338,Bacillariophyta,2.3895625601129216,7.474185501653182
PK,2013-08-27,4.825830281437732,Bacillariophyta,2.680907457303483,8.525536194928211
PK,2013-09-03,4.4616775216635105,Bacillariophyta,2.6056557904178943,7.611377605057056
PK,2013-09-10,75.0004996656992,Chlorophyta,48.63885276102657,119.97331792560072
PK,2014-05-06,1.02951056573912,Bacillariophyta,0.5759208269608893,1.8145524832598918
PK,2014-05-20,0.34918719325891606,Bacillariophyta,0.20100768316237985,0.6019070435126079
PK,2014-05-27,1.9495903034633562,Bacillariophyta,1.0890969940746227,3.445039770511741
PK,2014-06-03,0.8917831465914882,Bacillariophyta,0.4960497124990714,1.572678536507586
PK,2014-06-10,2.4872327807871986,Bacillariophyta,1.4598024068967377,4.068695105300386
PK,2014-06-17,2.8303890528741626,Bacillariophyta,1.6604122993134605,4.670286722512012
PK,2014-07-08,4.704278290509116,Bacillariophyta,2.6221072919225263,8.34346000637431
PK,2014-07-15,3.8389225930003295,Bacillariophyta,2.1448551709536288,6.770292330737422
PK,2014-07-29,0.8906353546874346,Bacillariophyta,0.5262542879917413,1.4917218053292078
PK,2014-08-04,3.829163568095837,Bacillariophyta,2.1508014483361224,6.720993498137655
PK,2014-08-08,2.706620346187298,Bacillariophyta,1.5321016169135957,4.70326926872363
PK,2014-08-12,1.0535004046677583,Bacillariophyta,0.617541118186648,1.7620555721356246
PK,2014-08-13,0.7985402983493108,Bacillariophyta,0.4584362239046862,1.3686333384631302
PK,2014-08-18,0.8015924203108792,Bacillariophyta,0.4562075959164286,1.400061061043569
PK,2014-08-19,1.8271872843205896,Bacillariophyta,1.034809146878524,3.197805537051326
PK,2014-09-02,2.2754190426751313,Bacillariophyta,1.3600690261569996,3.8054837067725606
PK,2014-09-09,1.3548671384572175,Bacillariophyta,0.772629557476414,2.323453290990275
PK,2014-10-21,3.703416666767112,Bacillariophyta,2.0643887767324443,6.562511098351436
PK,2015-01-20,0.3725154135932937,Bacillariophyta,0.21047718099153298,0.6512521582458446
PK,2015-04-21,1.6795674173097546,Bacillariophyta,0.9391473230331507,2.9610568197430047
PK,2015-04-28,0.9239271154569592,Bacillariophyta,0.5192698153854934,1.6186292002858633
PK,2015-05-05,1.005135421145734,Bacillariophyta,0.5624757382874626,1.770045346200162
PK,2015-05-12,1.7831125161875232,Bacillariophyta,1.0072025473038313,3.1035068718575163
PK,2015-05-18,0.8367354530330358,Bacillariophyta,0.46475405210352605,1.4866784889912168
PK,2015-05-26,0.6974204058855575,Bacillariophyta,0.3857930716284582,1.2241367664678442
PK,2015-06-08,0.896931884391225,Bacillariophyta,0.5049998711284048,1.5694005185189157
PK,2015-06-16,2.102325842545864,Bacillariophyta,1.1755709147504603,3.7160185460247726
PK,2015-06-23,1.6280107559067223,Bacillariophyta,0.9853741050966791,2.7044304504698324
PK,2015-06-30,1.2399887934912404,Bacillariophyta,0.7195347356052516,2.099230813269264
PK,2015-07-07,1.1302032026195248,Bacillariophyta,0.6595462401603438,1.9026607823902058
PK,2015-07-14,1.304239727206922,Bacillariophyta,0.7403801849861099,2.2829756114624056
PK,2015-07-21,2.0125439104697302,Bacillariophyta,1.1389944848946822,3.5030063389945876
PK,2015-07-28,8.598209892902767,Bacillariophyta,4.805341617209898,15.188123691119976
PK,2015-08-04,1.0635395878319114,Bacillariophyta,0.6196543169381066,1.788138655498782
PK,2015-08-11,3.0514047014980137,Bacillariophyta,1.7208212637101326,5.349459405792145
PK,2015-08-18,1.3503564960880632,Cryptophyta,0.8103856200145334,2.157335640295144
PK,2015-08-25,1.5733162419128188,Bacillariophyta,0.8986533090731582,2.712146556562442
PK,2015-09-01,1.8657184775944005,Bacillariophyta,1.0892556805698739,3.1207632229940367
PK,2015-09-15,3.1711390954632908,Bacillariophyta,1.7994747245728537,5.461296145267404
PK,2015-09-22,6.291244383240066,Bacillariophyta,3.5253286934419377,11.06836454030346
PK,2015-10-13,6.92012104776435,Bacillariophyta,3.8570999601705274,12.10474412918155
PK,2015-11-17,2.4800046797396647,Bacillariophyta,1.384338559998524,4.3324131362572205
PK,2016-04-12,1.5787747510107275,Bacillariophyta,0.8817207540522478,2.7882159878339188
PK,2016-04-26,2.2725838993530054,Bacillariophyta,1.2637018065425292,4.0366752047054275
PK,2016-05-03,1.2673956570663705,Bacillariophyta,0.7043909269178693,2.252018920594005
PK,2016-05-09,2.8857395929161376,Bacillariophyta,1.6921218741470134,4.909659474597856
PK,2016-05-17,2.523122991281905,Bacillariophyta,1.4187837982795917,4.434450154549943
PK,2016-05-24,2.9452485105250883,Bacillariophyta,1.6724695466979909,5.113812567996902
PK,2016-05-31,1.3071220419629044,Bacillariophyta,0.7513937581831998,2.257241826814401
PK,2016-06-02,1.8112616830019375,Bacillariophyta,1.0470962984912315,3.057667676313999
PK,2016-06-07,1.6396371271114438,Cyanobacteria,0.9298365507695261,2.7046734513512503
PK,2016-06-14,1.102340407146874,Cyanobacteria,0.6551230431425864,1.7763051213116883
PK,2016-06-21,2.773662501813647,Bacillariophyta,1.5553247841889792,4.706072755949471
PK,2016-07-05,2.43964427094138,Cyanobacteria,1.4028431845781635,4.056039352398618
PK,2016-07-12,5.219042865695221,Cyanobacteria,2.820287871933317,8.478583536756819
PK,2016-07-18,2.1700158053614276,Bacillariophyta,1.2274154521855338,3.8113618627731674
PK,2016-07-26,14.940849392081256,Bacillariophyta,8.34442096689113,26.428281762223666
PK,2016-08-02,8.944789276830676,Bacillariophyta,5.1256564398668125,15.30078209713616
PK,2016-08-09,1.8494471214305392,Bacillariophyta,1.0404585652398284,3.237021046589375
PK,2016-08-17,0.8994395419334204,Bacillariophyta,0.5050123508248794,1.5780528144732204
PK,2016-08-23,77.58535072600101,Bacillariophyta,43.167059990775506,137.76079637761413
PK,2016-08-29,3.835208182515177,Bacillariophyta,2.2436223208815385,6.528425305334529
PK,2016-09-06,5.160840708080197,Bacillariophyta,2.9116758336534025,9.002074519192226
PK,2016-11-18,0.6427566668102824,Bacillariophyta,0.363501265664501,1.1108787874523445
PK,2017-04-25,0.41697558811568924,Bacillariophyta,0.23676340736386348,0.7209634063536551
PK,2017-05-03,0.5394576274294262,Bacillariophyta,0.31306904780381917,0.9234735913699457
PK,2017-05-10,0.2996793786241471,Bacillariophyta,0.17628204849915474,0.5042602474925764
PK,2017-05-15,1.2784089654052595,Cryptophyta,0.7945974153465214,2.0579707401320815
PK,2017-05-31,2.2221420512862884,Cyanobacteria,1.2387716379573026,3.5846378045696317
PK,2017-06-05,0.35529124099134235,Cyanobacteria,0.19966825801502505,0.5848404087610033
PK,2017-06-07,1.1816305330029913,Cyanobacteria,0.6927483431049877,1.8863621815898695
PK,2017-06-12,2.6904739666394564,Cyanobacteria,1.4995015126055729,4.3526484881713445
PK,2017-06-20,0.37964552164057175,Cryptophyta,0.22412013713948592,0.6012502485927183
PK,2017-06-27,0.17091254192018326,Chrysophyta,0.09652504624204047,0.29395745860303224
PK,2017-07-18,4.496619025964637,Bacillariophyta,2.60994879429533,7.670996804138921
PK,2017-07-25,2.877086900255625,Bacillariophyta,1.6634739695362015,4.818402643037439
PK,2017-08-01,1.2993276441184531,Bacillariophyta,0.7310081685705979,2.2503661552078005
PK,2017-08-03,1.8245265796645023,Bacillariophyta,1.02222964193518,3.1063700221998403
PK,2017-08-08,2.8063982765014037,Bacillariophyta,1.6017343604823642,4.851921579284461
PK,2017-08-10,14.941638548327541,Bacillariophyta,8.388649399496757,26.028939774867553
PK,2017-08-15,0.5674913073490736,Bacillariophyta,0.31967246960734713,0.9715070658906441
PK,2017-08-24,4.13531168446629,Bacillariophyta,2.374898654028048,7.11858080130712
PK,2017-08-29,2.6508946941981746,Bacillariophyta,1.5257191568854145,4.4826013678379955
PK,2017-09-06,1.6034686535287184,Cyanobacteria,0.9543116941389401,2.588927024373158
PK,2017-09-12,0.5937951441737647,Bacillariophyta,0.345076035275015,1.0028588444829272
PK,2017-09-19,0.22463237601444658,Bacillariophyta,0.12663975718205384,0.3840270408601291
PK,2017-09-26,1.8749942177999925,Bacillariophyta,1.038992188506362,3.2947953429420864
PK,2018-01-29,2.782733267504205,Cryptophyta,1.668226871802668,4.456116105089386
PK,2018-04-24,2.515877695850238,Bacillariophyta,1.4404882062680175,4.317843964138163
PK,2018-05-08,13.103387865072788,Bacillariophyta,7.381883016667492,22.919156845347782
PK,2018-05-10,1.4846588667475495,Bacillariophyta,0.884496027774729,2.4630293970751205
PK,2018-05-14,0.6539089906335422,Bacillariophyta,0.390591729002346,1.0682141739587037
PK,2018-05-16,0.4031103906781853,Bacillariophyta,0.22525380655328028,0.7127867752606931
PK,2018-05-17,5.08655765824729,Chrysophyta,3.0724152657267854,8.123107435400046
PK,2018-05-21,14.060718747341518,Bacillariophyta,7.922390693030339,24.58116914560389
PK,2018-05-23,0.5546639239455253,Bacillariophyta,0.3126065789896937,0.9721202036684049
PK,2018-05-24,4.210236945483325,Bacillariophyta,2.428436116326285,7.148951090465332
PK,2018-05-27,4.314208268761695,Bacillariophyta,2.4433217708528367,7.49045406722979
PK,2018-05-29,5.022127836988925,Bacillariophyta,2.8356186358384967,8.720671241623092
PK,2018-05-30,0.6509277304796037,Bacillariophyta,0.3622274397348785,1.1407480974441682
PK,2018-05-31,2.1998862426108543,Bacillariophyta,1.2557632281614755,3.764357073419624
PK,2018-06-04,2.2875541786095437,Bacillariophyta,1.2952793318422404,3.948276419317304
PK,2018-06-06,1.276550315707001,Bacillariophyta,0.7187655864344152,2.1978743024557725
PK,2018-06-07,4.026222666297116,Bacillariophyta,2.275429310697366,6.973321179922112
PK,2018-06-08,0.8456107033957714,Bacillariophyta,0.4822403126598787,1.449634170650477
PK,2018-06-09,2.4310839479416084,Bacillariophyta,1.3995603983453808,4.107164352978899
PK,2018-06-12,0.8903333499867621,Bacillariophyta,0.4982067428360154,1.5641966606525755
PK,2018-06-13,0.2267880122064968,Bacillariophyta,0.12660027940304805,0.3937553468746274
PK,2018-06-15,0.6999672526616773,Bacillariophyta,0.4085233443756175,1.2020819649870529
PK,2018-06-17,1.2638066867543838,Cryptophyta,0.7507462080699091,2.0587497767301275
PK,2018-06-18,3.1765496361300474,Bacillariophyta,1.7766080609863864,5.614092966417075
PK,2018-06-19,0.7019276417422927,Bacillariophyta,0.40693014490323026,1.1980241662833022
PK,2018-06-21,1.055619083677089,Bacillariophyta,0.5997410909901467,1.847649438189701
PK,2018-06-22,1.8971297334232922,Bacillariophyta,1.089264940688309,3.183173313377733
PK,2018-06-23,2.2378814301175844,Bacillariophyta,1.2556306825574546,3.802119862527157
PK,2018-06-24,1.8336282502980468,Bacillariophyta,1.0402059279135722,3.1266253115221243
PK,2018-06-25,12.624244846466139,Bacillariophyta,7.066306143979611,22.185067720507714
PK,2018-06-27,3.3464846795043757,Bacillariophyta,1.8679442746765738,5.6761139869017185
PK,2018-06-28,19.56671876404366,Bacillariophyta,10.872659736412446,34.70847606773842
PK,2018-06-29,7.316918152510839,Bacillariophyta,4.073152015010231,12.548736894499342
PK,2018-06-30,4.925823596466723,Bacillariophyta,2.717765927467606,8.526146539514416
PK,2018-07-01,2.9768562002240735,Cyanobacteria,1.6334868902097721,4.998294624637703
PK,2018-07-02,34.03322518163536,Bacillariophyta,18.939076070455123,60.0996978466149
PK,2018-07-03,16.57300141498965,Bacillariophyta,9.191611881931117,29.079057461027467
PK,2018-07-04,11.383021213115969,Bacillariophyta,6.265549289294711,19.622397473604682
PK,2018-07-05,10.639194652152668,Bacillariophyta,5.876921154008712,18.44785034212687
PK,2018-07-06,10.262547947100703,Bacillariophyta,5.676001148955529,17.854867192344326
PK,2018-07-09,23.359649120007106,Bacillariophyta,12.943189217631774,40.24820308940189
PK,2018-07-13,10.104292812785634,Bacillariophyta,5.546038310006716,17.803306312087088
PK,2018-07-16,17.947610280276717,Bacillariophyta,10.001722294272412,31.610423321212977
PK,2018-07-18,43.639645632404054,Bacillariophyta,24.234186977833847,76.99132233561805
PK,2018-07-24,13.40070937342683,Bacillariophyta,7.5009888194381,23.492013533482776
PK,2018-07-26,20.137609326259323,Bacillariophyta,11.242052699712817,35.438987317336014
PK,2018-07-31,29.28480695856534,Bacillariophyta,16.365761988219855,51.558198425225946
PK,2018-08-02,4.358990177661358,Bacillariophyta,2.4973328547659603,7.464897982921731
PK,2018-08-07,8.160718093411619,Bacillariophyta,4.5554608752707075,14.289690339021167
PK,2018-08-09,14.809429218185771,Bacillariophyta,8.338389407829789,25.98993285061436
PK,2018-08-14,1.4379511400394254,Bacillariophyta,0.8001381466839416,2.5533301650641587
PK,2018-08-16,4.2010675958144015,Bacillariophyta,2.3999139138289247,7.248683875054412
PK,2018-08-21,1.9528199768998435,Bacillariophyta,1.0881081850958145,3.4596812560522445
PK,2018-08-29,1.0751010658389055,Bacillariophyta,0.5984334347422438,1.9067346530245457
PK,2018-09-04,3.1889806971345607,Bacillariophyta,1.7757635383158552,5.662500056401
PK,2018-09-11,1.4789825741186933,Bacillariophyta,0.822387046795504,2.6270999157056343
PK,2018-09-19,2.0248810867487688,Bacillariophyta,1.1818462506537657,3.461410708148781
PK,2018-09-26,2.668564054135258,Bacillariophyta,1.5235800999496978,4.619735438246791
PK,2018-10-02,3.6221555489757806,Bacillariophyta,2.0488225907426787,6.301972466672047
PK,2018-10-09,0.7854885312830323,Bacillariophyta,0.43663294730010765,1.3954223359316988
PK,2018-10-16,1.534547760453726,Bacillariophyta,0.8538672669388473,2.7228711171203774
PK,2018-10-23,1.0753522232512893,Bacillariophyta,0.6000801690073859,1.903203963111753
PK,2018-10-29,0.7718131511048953,Bacillariophyta,0.4308128698967178,1.3640011248327109
PK,2018-11-05,0.872161858506543,Bacillariophyta,0.4854424662540755,1.5475648332098475
PK,2018-11-13,0.5707644737343724,Bacillariophyta,0.3220628506725065,0.9974201720239728
PK,2018-11-19,1.1299672850686728,Bacillariophyta,0.6404900959912546,1.9677195866688504
PK,2018-11-27,0.7793145773414973,Bacillariophyta,0.4422019406280887,1.3591055315495486
PK,2018-12-04,0.7810517321967271,Bacillariophyta,0.4380086854049921,1.3759645471062425
PK,2018-12-18,0.9904468888780965,Bacillariophyta,0.5503951984139522,1.7602067618565773
PK,2018-12-31,2.1756310732480877,Bacillariophyta,1.2240307734883522,3.797850157704685
PK,2019-01-15,0.3560556805472602,Bacillariophyta,0.2093771202117452,0.5867142413420601
PK,2019-02-12,2.0249255344940567,Bacillariophyta,1.1783734162142605,3.389263028898763
PK,2019-03-05,8.522853755304254,Bacillariophyta,4.81041672019876,14.797105051782943
PK,2019-03-26,11.88562079384857,Bacillariophyta,6.707281922161639,20.706725664685923
PK,2019-04-04,13.051179866171578,Bacillariophyta,7.291924636438849,23.034379014199164
PK,2019-04-09,0.28613810966829134,Bacillariophyta,0.16071648736127236,0.49986970716017587
PK,2019-04-17,24.025148865941485,Bacillariophyta,13.354352754640553,42.36557437634837
PK,2019-04-23,14.679813766536855,Bacillariophyta,8.286924269351456,25.722685268100935
PK,2019-04-30,40.7927314128036,Bacillariophyta,22.853074471994454,71.74232552278781
PK,2019-05-07,1.8906048515984013,Bacillariophyta,1.0709540802007442,3.2726600387603004
PK,2019-05-14,31.335417745961987,Bacillariophyta,17.50236280350354,55.32282129355748
PK,2019-05-21,6.195967964640777,Bacillariophyta,3.58104189753534,10.764239337002296
PK,2019-05-28,2.3196441383849558,Bacillariophyta,1.2959326632653387,4.102509424672439
PK,2019-05-30,8.523258934273496,Bacillariophyta,4.75058742252985,15.088845383440722
PK,2019-06-03,13.025916684801299,Bacillariophyta,7.25411807945737,23.097046187007873
PK,2019-06-04,16.886151821006713,Bacillariophyta,9.400825923178413,29.95875846109934
PK,2019-06-05,27.79874096470841,Bacillariophyta,15.907597156005563,47.61068583789107
PK,2019-06-06,1.4558192130224055,Cryptophyta,0.8610713430103507,2.3661062288544294
PK,2019-06-07,8.425489423571598,Bacillariophyta,4.703169584033843,14.922709479375456
PK,2019-06-10,3.1156237768382797,Cyanobacteria,1.6831434239688594,5.077370809272124
PK,2019-06-11,6.138285741328312,Bacillariophyta,3.3950507671884194,10.736745789419855
PK,2019-06-12,80.73906213656035,Bacillariophyta,44.83988577220683,141.98203561867794
PK,2019-06-13,43.063030853883284,Bacillariophyta,24.104823758427685,75.05663041918768
PK,2019-06-14,8.01238745009102,Cyanobacteria,4.382351638661037,13.597336793142592
PK,2019-06-17,8.616017127452125,Cyanobacteria,4.703337356320061,14.31046269947385
PK,2019-06-18,6.853881149308525,Cyanobacteria,3.7976837023739267,11.090142102231349
PK,2019-06-19,2.532462756189687,Cyanobacteria,1.366445456177751,4.097882742309851
PK,2019-06-20,6.6355134957186985,Cyanobacteria,3.6806023977345608,11.13853514715752
PK,2019-06-21,28.114777412128515,Cyanobacteria,15.327395919694194,47.459817379355975
PK,2019-06-24,70.54672644056353,Bacillariophyta,39.14751433614473,124.21076622740108
PK,2019-06-25,6.121102637828626,Cyanobacteria,3.284505427762882,9.837117356618581
PK,2019-06-26,5.551976129268852,Cyanobacteria,2.9867784289886914,8.941425292548551
PK,2019-06-27,7.035140710714667,Cyanobacteria,3.8481181042281003,11.821653331029722
PK,2019-06-28,3.8395456659791325,Cyanobacteria,2.0951650329907663,6.440853391534545
PK,2019-07-01,20.96867293759484,Cyanobacteria,11.507982566746561,34.3289901519665
PK,2019-07-02,27.03049755150849,Cyanobacteria,14.770493766885592,44.58009645359899
PK,2019-07-03,4.327292774073458,Cyanobacteria,2.4104535845503348,6.885875857279596
PK,2019-07-05,32.75387994735059,Cyanobacteria,18.206763850520726,52.9932393179471
PK,2019-07-08,16.99133274879084,Cyanobacteria,9.352983813692976,27.701414635885406
PK,2019-07-09,8.620216122108591,Cyanobacteria,4.657493929473933,14.147572780725667
PK,2019-07-10,2.6642974951723706,Cyanobacteria,1.4945262129696752,4.2443284888566515
PK,2019-07-11,7.918928466776906,Cyanobacteria,4.2824121712372785,12.987647605074768
PK,2019-07-12,4.030190728776307,Cyanobacteria,2.1824828348597958,6.656314140993685
PK,2019-07-15,3.80084322997293,Cyanobacteria,2.1287324535146985,6.294015715912353
PK,2019-07-16,34.64901757188724,Bacillariophyta,19.229103698468993,61.3864269402631
PK,2019-07-17,3.7255009196291655,Cyanobacteria,2.045226358584778,6.076501366115631
PK,2019-07-18,2.1281786139251824,Cyanobacteria,1.1880589215021269,3.529133104995429
PK,2019-07-19,35.38712052934112,Bacillariophyta,19.975419938264213,60.365492891491975
PK,2019-07-22,11.231620384757687,Cyanobacteria,6.244769102030444,18.670034654238883
PK,2019-07-23,2.2644319889471296,Cyanobacteria,1.23857351130948,3.7784481961472287
PK,2019-07-25,14.080458949994338,Bacillariophyta,7.858648929461864,24.872878027224775
PK,2019-07-30,2.058799290077742,Cyanobacteria,1.1124856567160988,3.3171370431286484
PK,2019-08-01,24.13129808539919,Bacillariophyta,13.369853810016492,42.501855191811806
PK,2019-08-06,7.5187112030256245,Bacillariophyta,4.14310918369853,13.002227620630022
PK,2019-08-08,29.133427023052406,Bacillariophyta,16.132074367858806,51.06935941875945
PK,2019-08-13,8.403423123621122,Bacillariophyta,4.686261928678315,14.767537803114108
PK,2019-08-15,34.91889979492591,Bacillariophyta,19.395413997423002,61.91238902552979
PK,2019-08-20,9.28573407594072,Bacillariophyta,5.157310466792206,16.31458351072874
PK,2019-08-22,5.221570468905202,Bacillariophyta,2.9392663350046493,9.080712933073743
PK,2019-08-27,24.410846504789436,Bacillariophyta,13.578867201183433,42.65701517000686
PK,2019-08-29,2.6316212051090955,Cyanobacteria,1.4283939270081953,4.330350769205144
PK,2019-09-03,1.6081007892448005,Bacillariophyta,0.8916442817415253,2.8268518591543783
PK,2019-09-10,0.7038294862862493,Bacillariophyta,0.3961139294019554,1.2083049688427814
PK,2019-09-17,2.4281198576024003,Bacillariophyta,1.3813878630638032,4.188034556908477
PK,2019-09-24,2.1951450630174105,Bacillariophyta,1.2483922142904553,3.817925885859387
PK,2019-09-26,0.8945031800155597,Bacillariophyta,0.4970640285647146,1.5884328490509119
PK,2019-10-01,0.6978100691295192,Bacillariophyta,0.41067549943646803,1.1490139071619676
PK,2019-10-09,0.8466531683445375,Cryptophyta,0.5187228917153218,1.3113095299459239
PK,2019-10-15,1.1746164104593526,Bacillariophyta,0.6842656368738844,1.9637354712552344
PK,2019-10-30,27.52293100253193,Bacillariophyta,15.435544034926433,48.34866879096654
PK,2020-05-12,5.616631527034975,Euglenophyta,3.4224833455561847,8.767541083071876
PK,2020-05-25,9.909694105342002,Bacillariophyta,5.5265216239757615,17.53255329686036
PK,2020-05-26,7.493442391620887,Bacillariophyta,4.181651414310816,13.286848388029952
PK,2020-05-27,7.825894202323128,Bacillariophyta,4.441423621310509,13.537882324050473
PK,2020-05-28,2.1838834804426215,Bacillariophyta,1.2486301859000914,3.748515752433164
PK,2020-05-29,2.4575975531984624,Bacillariophyta,1.379060641301008,4.317570952046723
PK,2020-06-01,0.7404316496833527,Bacillariophyta,0.44548969638817937,1.2586597166112086
PK,2020-06-02,1.7606565291597567,Bacillariophyta,1.0094142184499002,2.994431554833996
PK,2020-06-03,7.713270330878583,Bacillariophyta,4.369826207481232,13.38529783614488
PK,2020-06-04,3.6643473733009975,Bacillariophyta,2.068547929291203,6.187216471783935
PK,2020-06-05,20.282988941079694,Bacillariophyta,11.29083764232728,35.6895453666302
PK,2020-06-08,6.424769099452664,Cyanobacteria,3.613116591293694,10.344023181420054
PK,2020-06-09,1.6962908426244052,Cryptophyta,1.0123503082705305,2.7669873518736208
PK,2020-06-10,3.5104167167146434,Bacillariophyta,2.0532908825283487,5.810494395346514
PK,2020-06-11,3.5175030315061857,Cyanobacteria,2.0395249445048163,5.579198462047322
PK,2020-06-12,3.8716760514327917,Bacillariophyta,2.2040453709573193,6.577399004346834
PK,2020-06-15,8.874588014404612,Bacillariophyta,4.991646186933964,15.531526834896958
PK,2020-06-17,16.797589582849522,Bacillariophyta,9.367973246803338,29.52306548380275
PK,2020-06-19,28.286759212505242,Bacillariophyta,15.832983378012466,49.71545342462694
PK,2020-06-22,10.219555654408072,Bacillariophyta,5.86363041814105,17.424773027951275
PK,2020-06-24,1.317451345986616,Bacillariophyta,0.7463559587207927,2.2738586169459754
PK,2020-06-26,6.566812880206432,Bacillariophyta,3.6898139856572527,11.496508772529074
PK,2020-06-29,1.8995428039009083,Bacillariophyta,1.0794632620951656,3.286531167105261
PK,2020-07-01,1.0513997534051853,Bacillariophyta,0.6261384683547213,1.7115548587608627
PK,2020-07-02,16.790066146908398,Bacillariophyta,9.37049283676137,29.674910662840823
PK,2020-07-06,1.5258796441941764,Bacillariophyta,0.8616905983759677,2.660640401163541
PK,2020-07-08,0.6210708803888613,Bacillariophyta,0.3553277269197738,1.0784102392557156
PK,2020-07-10,8.169268814074094,Bacillariophyta,4.903324802313557,13.741748722551339
PK,2020-07-13,8.331833947590834,Bacillariophyta,4.682328559075884,14.465871363547611
PK,2020-07-14,14.278079622735271,Bacillariophyta,7.949997413340936,24.982312373752144
PK,2020-07-15,88.41058342620751,Bacillariophyta,49.10337189957214,156.96207103585235
PK,2020-07-16,94.45917404280863,Bacillariophyta,52.499079412142564,167.43106770040097
PK,2020-07-17,61.618733567473036,Bacillariophyta,34.29265945032185,109.19161842609456
PK,2020-07-20,21.24886405760154,Bacillariophyta,12.204885157056143,36.673527204150695
PK,2020-07-21,14.560917222421967,Bacillariophyta,8.248259044257267,25.0611508105062
PK,2020-07-22,19.819867677297598,Bacillariophyta,11.106184170851684,34.74333063187088
PK,2020-07-23,1.5546397060308335,Cyanobacteria,0.8836898708537497,2.5684094348660516
PK,2020-07-24,31.075585371751288,Bacillariophyta,17.22021053210927,52.9717840092315
PK,2020-07-27,49.18160557982354,Bacillariophyta,27.22899641177135,85.71269218025115
PK,2020-07-28,82.0810563945444,Bacillariophyta,45.596475339562346,145.73108590860286
PK,2020-07-29,18.733988394077613,Bacillariophyta,10.414835621928026,33.19338071752731
PK,2020-07-30,22.835642625175563,Bacillariophyta,12.736451333560986,40.1329518086217
PK,2020-07-31,1.2335491050647207,Chrysophyta,0.7000780001657277,2.083888331030659
PK,2020-08-03,12.956318783883576,Bacillariophyta,7.216885121640924,22.472479306584404
PK,2020-08-04,197.2290529837587,Bacillariophyta,109.54502790322891,350.31055068189806
PK,2020-08-05,19.207617976151656,Bacillariophyta,10.655746164726631,33.84753870209497
PK,2020-08-06,23.304612366715922,Bacillariophyta,12.963260547875329,41.20497213985513
PK,2020-08-07,11.05834746134657,Bacillariophyta,6.12463925164887,19.36174179081204
PK,2020-08-10,12.826080381331261,Pyrrophyta,7.056991399193498,21.239253124437802
PK,2020-08-11,19.398855606341474,Bacillariophyta,10.77983721554651,34.282882214627435
PK,2020-08-12,19.93359703081239,Bacillariophyta,11.07043363487122,35.23041118322219
PK,2020-08-13,9.637534653420214,Bacillariophyta,5.3847502531637055,16.812683308758267
PK,2020-08-14,57.50202357614009,Bacillariophyta,31.87216126796801,100.59636808454492
PK,2020-08-17,7.610424611229668,Bacillariophyta,4.2472743957761585,13.331143173576372
PK,2020-08-18,36.32323673947771,Bacillariophyta,20.185455685010158,64.49549280445346
PK,2020-08-19,1.1372266491159926,Bacillariophyta,0.6645829959232933,1.8938230988752587
PK,2020-08-20,111.1201576933382,Bacillariophyta,61.73066615819315,197.43813307637924
PK,2020-08-21,6.0775987815564365,Bacillariophyta,3.442208531855113,10.500418248050046
PK,2020-08-24,59.990917146552285,Bacillariophyta,33.594752360097694,105.74481804107056
PK,2020-08-25,4.79705529596737,Bacillariophyta,2.7125104899888695,8.330663328272621
PK,2020-08-26,1.340732416033428,Bacillariophyta,0.7533559907265949,2.3445699835690967
PK,2020-08-28,4.752985307936785,Bacillariophyta,2.6904029865479226,8.190877348952087
PK,2020-08-31,11.169100793084928,Bacillariophyta,6.256581084184721,19.586446107891533
PK,2020-09-02,174.14310094170446,Bacillariophyta,96.76786563376655,309.50063152720395
PK,2020-09-04,96.10947592204246,Bacillariophyta,53.42768467488499,170.71421633321717
PK,2021-03-26,3.125981797291163,Bacillariophyta,1.7395167691177427,5.551549404605702
PK,2021-04-06,11.69074761427733,Bacillariophyta,6.533965004551088,20.72020472617911
PK,2021-04-13,3.301940583780408,Bacillariophyta,1.8662219901587946,5.745740612354569
PK,2021-04-21,4.000319212423088,Bacillariophyta,2.26442172908275,6.9604548072684445
PK,2021-04-27,19.009058457020185,Bacillariophyta,10.5956488280401,33.656626829550454
PK,2021-05-04,4.207289569796113,Bacillariophyta,2.3762998596104956,7.3587395524458135
PK,2021-05-11,6.01288536710052,Bacillariophyta,3.4005890708064253,10.478338344082752
PK,2021-05-18,3.7644167144836125,Bacillariophyta,2.133217190237111,6.5365036815422695
PK,2021-05-25,4.005450713655238,Bacillariophyta,2.3078678239578556,6.816249517431112
PK,2021-05-27,5.628067714915454,Bacillariophyta,3.1523435663467154,9.91439327508874
PK,2021-06-02,1.5603427579091047,Bacillariophyta,0.9097909907342464,2.615559424090811
PK,2021-06-04,9.094409058029411,Bacillariophyta,5.036042723757377,15.753593656805215
PK,2021-06-07,3.2255329821380703,Bacillariophyta,1.8023486394914277,5.6681122357359275
PK,2021-06-09,4.5530163266016705,Bacillariophyta,2.544663651589213,7.733651023360381
PK,2021-06-11,4.879149041634921,Bacillariophyta,2.745978155342453,8.421947923677244
PK,2021-06-14,4.60458263285256,Bacillariophyta,2.6883239918150985,7.637853461807832
PK,2021-06-16,10.253093895888245,Bacillariophyta,5.747142207733858,18.009271154532794
PK,2021-06-18,7.7014184865556725,Bacillariophyta,4.388724202491098,13.22938506069916
PK,2021-06-21,27.238913957514537,Bacillariophyta,15.175538511608586,48.17586290549223
PK,2021-06-23,8.349677190073145,Bacillariophyta,4.676908911525216,14.68949807433701
PK,2021-06-25,12.990599594117535,Bacillariophyta,7.229176538514494,23.045294026612996
PK,2021-07-01,7.064866022504017,Bacillariophyta,3.928848098211453,12.527690016635644
PK,2021-07-06,17.54887671974866,Bacillariophyta,9.957355383682946,30.560196945804428
PK,2021-07-08,8.42560249330842,Bacillariophyta,4.821398452005276,14.365962863168043
PK,2021-07-13,17.631085658463373,Bacillariophyta,9.841383346899313,31.0984774733822
PK,2021-07-15,2.7765275006203045,Bacillariophyta,1.5760334108816962,4.772990288674069
PK,2021-07-20,10.327692370116084,Bacillariophyta,5.760660890689167,18.26443156098862
PK,2021-07-22,13.070305348873626,Bacillariophyta,7.467975514924648,22.60714232727842
PK,2021-07-27,4.535391864668635,Bacillariophyta,2.5252218209206667,8.040690440747651
PK,2021-07-29,12.300918419734083,Bacillariophyta,6.899236486977937,21.60942918630318
PK,2021-08-03,10.360095902103286,Bacillariophyta,5.872598229360846,18.20927049868404
PK,2021-08-10,11.776941796263136,Bacillariophyta,6.558687116223971,20.87415398985789
PK,2021-08-12,3.8372034999999998,Bacillariophyta,2.1319749999999997,6.820493
PK,2021-08-17,7.898515335040336,Bacillariophyta,4.4424299953418895,13.824304382656766
PK,2021-08-19,7.172153858173394,Bacillariophyta,4.014947551324752,12.62832205459906
PK,2021-09-21,7.375027279262133,Bacillariophyta,4.099417733942684,13.089234157184805
PK,2021-09-28,10.622209223351854,Bacillariophyta,5.923688880025226,18.790272242942113
PK,2021-10-12,21.842740088974008,Bacillariophyta,12.41572064806987,38.31340246833225
PK,2021-10-14,10.089132416207955,Bacillariophyta,5.652667493679037,17.75685436990212
PK,2021-10-19,4.61871148572429,Bacillariophyta,2.579181948521969,8.03627590285336
PK,2021-10-26,3.127520539342947,Bacillariophyta,1.7528238395506552,5.488446731464806
PK,2022-04-07,5.082423461715904,Bacillariophyta,2.871904233956145,8.84795067424024
PK,2022-04-27,14.236984939980664,Bacillariophyta,7.957360681810493,25.140287586428503
PK,2022-05-03,9.56902474012638,Bacillariophyta,5.346728332459649,16.897202833437472
PK,2022-05-11,27.002629628134656,Bacillariophyta,15.008891904678741,47.978789790044516
PK,2022-05-17,9.837772548057387,Bacillariophyta,5.566640675321304,17.086709320340287
PK,2022-05-24,7.942276893644192,Bacillariophyta,4.440189902420004,13.858794173337792
PK,2022-05-31,16.639233255288087,Bacillariophyta,9.410829194651438,28.83445641011471
PK,2022-06-07,9.03203196738256,Bacillariophyta,5.156113722845333,15.477822159815783
PK,2022-06-14,25.009819448068477,Bacillariophyta,14.025913296957821,43.89941964252129
PK,2022-06-16,12.668114196195063,Bacillariophyta,7.235239545525017,21.590564892650352
PK,2022-06-21,0.7755933860685258,Bacillariophyta,0.43352166563016575,1.3671035094911628
PK,2022-06-23,9.526631995430757,Bacillariophyta,5.3466943239629385,16.720050314730393
PK,2022-06-27,40.8553651138813,Bacillariophyta,23.762000263395073,70.45343622485008
PK,2022-06-29,6.898962261872576,Bacillariophyta,3.9301976189579677,11.85989558439787
PK,2022-07-05,35.8796366710767,Bacillariophyta,20.22263929974017,63.2472217583202
PK,2022-07-07,7.238349092422728,Bacillariophyta,4.033377247365832,12.810742153608716
PK,2022-07-11,15.47231973951706,Bacillariophyta,8.709465589659406,27.210278625614812
PK,2022-07-13,6.451765603135227,Bacillariophyta,3.632397721468994,11.284194656803594
PK,2022-07-15,1.1991298002860016,Cryptophyta,0.7167245542708186,1.9277315215999054
PK,2022-07-19,8.62779556758387,Bacillariophyta,4.860762856156965,15.09374751986709
PK,2022-07-21,67.67402989360058,Bacillariophyta,37.601297201354896,120.1360686282351
PK,2022-07-28,22.812948285013217,Bacillariophyta,12.730614146878931,40.32355794253355
PK,2022-08-09,45.46798576282832,Bacillariophyta,25.274246564141063,80.77243620184987
PK,2022-08-11,104.47611926356177,Bacillariophyta,58.110998116387,185.45323407877797
PK,2022-08-12,35.603024752841705,Bacillariophyta,19.789690071872936,63.25915164732808
PK,2022-08-14,1.9355813933783657,Bacillariophyta,1.1007662654908092,3.3439390624303877
PK,2022-08-16,31.192346645861914,Bacillariophyta,17.387003048464347,55.35858228332814
PK,2022-08-23,7.075529401381079,Bacillariophyta,3.9465078248457415,12.522568535500746
PK,2022-08-30,1.133297173948118,Bacillariophyta,0.646423185578359,1.9539799766008779
PK,2022-09-06,8.66773264471597,Bacillariophyta,4.891583712335366,15.144532235183132
PK,2022-09-13,19.915608039615293,Bacillariophyta,11.101163517420607,35.266767037189815
PK,2022-09-27,21.007603505869668,Bacillariophyta,11.673267771703125,37.336286459354305
PK,2022-10-04,29.82525002764859,Bacillariophyta,16.58524880142106,52.98733365641465
PK,2022-10-18,17.456118301771667,Bacillariophyta,9.699121598502291,31.02728888263037
