date,satellite_value,calibrated_chlorophyll_ugL,sensor
2011-01-06,38.034636159052894,16.356771916460502,MODIS-Terra
2011-01-20,49.95556868386814,15.817493755440637,MODIS-Terra
2011-01-22,46.4218370103515,15.962645986008624,MODIS-Terra
2011-01-27,63.822930247975336,15.332598399978792,MODIS-Terra
2011-02-01,45.5772404404335,15.998970266773199,MODIS-Terra
2011-02-02,37.75228622920782,16.371505081965893,MODIS-Terra
2011-02-10,45.26400220650709,16.012612899145665,MODIS-Terra
2011-02-21,32.39961216930425,16.673769229533832,MODIS-Terra
2011-04-01,85.10794135148745,14.76253567767651,MODIS-Terra
2011-04-12,71.18521318763631,15.116409685097778,MODIS-Terra
2011-04-19,105.12206886915696,14.343935974291071,MODIS-Terra
2011-04-22,91.0890151501778,14.627950243007263,MODIS-Terra
2011-04-23,80.0042368182344,14.885059944954605,MODIS-Terra
2011-05-01,73.53385767186278,15.052117401218538,MODIS-Terra
2011-05-04,95.05963101816786,14.543387986127414,MODIS-Terra
2011-05-10,61.597516282807554,15.402866141815366,MODIS-Terra
2011-05-12,53.80240866359019,15.670690568225837,MODIS-Terra
2011-05-13,65.1795915516714,15.29095089068619,MODIS-Terra
2011-05-19,69.4432977669756,15.165474805009126,MODIS-Terra
2011-05-20,100.7057305158975,14.429020555853867,MODIS-Terra
2011-05-24,101.12510972636038,14.420782512757683,MODIS-Terra
2011-06-03,81.69221686100421,14.843694581990803,MODIS-Terra
2011-06-09,81.66453755463839,14.844365985999616,MODIS-Terra
2011-06-14,124.47354498814484,14.00887230085334,MODIS-Terra
2011-06-16,80.35726083754577,14.876337267307918,MODIS-Terra
2011-06-17,86.58386618553818,14.72846763337077,MODIS-Terra
2011-06-20,75.49188535604658,15.000064515102963,MODIS-Terra
2011-06-22,79.12279945317269,14.907007602461022,MODIS-Terra
2011-06-25,76.83919293312005,14.96502350506114,MODIS-Terra
2011-07-01,97.16513068348584,14.499965740359812,MODIS-Terra
2011-07-02,88.53780413528108,14.68424618206916,MODIS-Terra
2011-07-03,94.90825559102808,14.546546705992114,MODIS-Terra
2011-07-04,92.16837490803692,14.604604642780373,MODIS-Terra
2011-07-05,98.73922182760036,14.468111621628395,MODIS-Terra
2011-07-06,89.16874560190129,14.670174431718578,MODIS-Terra
2011-07-08,92.075917381805,14.606593710778498,MODIS-Terra
2011-07-09,90.2479912986924,14.646332905861755,MODIS-Terra
2011-07-10,94.71709541406926,14.550542793309887,MODIS-Terra
2011-07-15,92.42834096576274,14.599022557284684,MODIS-Terra
2011-07-22,62.455991024981266,15.375464211356189,MODIS-Terra
2011-07-23,125.71868298520404,13.989130203767445,MODIS-Terra
2011-07-24,97.52172170227531,14.49270471870716,MODIS-Terra
2011-07-26,72.75621335701544,15.073175140330704,MODIS-Terra
2011-07-27,73.8583250457207,15.043396783425237,MODIS-Terra
2011-07-28,97.804992519847,14.486955515459499,MODIS-Terra
2011-07-29,94.06162851768472,14.564306271886608,MODIS-Terra
2011-07-30,98.54680291050008,14.471978228267972,MODIS-Terra
2011-07-31,109.28061134287331,14.267016319405343,MODIS-Terra
2011-08-01,132.88839259759996,13.879114332071595,MODIS-Terra
2011-08-02,98.2113612335882,14.478736880039946,MODIS-Terra
2011-08-03,113.53504821606504,14.191286930744127,MODIS-Terra
2011-08-04,90.65077790680112,14.637507781185718,MODIS-Terra
2011-08-05,57.66920410872033,15.533319324470199,MODIS-Terra
2011-08-06,93.44095395424266,14.577427648131788,MODIS-Terra
2011-08-07,70.6410256827844,15.131608184450442,MODIS-Terra
2011-08-09,109.31591238668712,14.266375938668489,MODIS-Terra
2011-08-10,121.63636634274025,14.054602621967092,MODIS-Terra
2011-08-11,91.2857487500108,14.62367457632115,MODIS-Terra
2011-08-12,109.72465957622464,14.258976019723036,MODIS-Terra
2011-08-13,109.67912344783517,14.259799039194036,MODIS-Terra
2011-08-14,79.18993089561656,14.905327481099903,MODIS-Terra
2011-08-16,108.46325612388016,14.281901581871125,MODIS-Terra
2011-08-17,143.589512751514,13.725460443080806,MODIS-Terra
2011-08-18,95.23549124309925,14.539724640800387,MODIS-Terra
2011-08-19,108.1756756264339,14.28716547429849,MODIS-Terra
2011-08-20,96.73647998521986,14.508729324120281,MODIS-Terra
2011-08-21,93.89191043564328,14.567885600286331,MODIS-Terra
2011-08-22,91.76800164660476,14.613232393827388,MODIS-Terra
2011-08-23,104.85050272080754,14.349064138508083,MODIS-Terra
2011-08-25,102.1520614897862,14.400752684377267,MODIS-Terra
2011-08-26,119.39729792216664,14.091449961410262,MODIS-Terra
2011-08-27,81.51034231185089,14.848110387122802,MODIS-Terra
2011-08-29,101.71294481226056,14.409292594106773,MODIS-Terra
2011-09-01,86.82409550988528,14.722977405796087,MODIS-Terra
2011-09-02,124.0888840136316,14.015011075152074,MODIS-Terra
2011-09-03,93.83014780907362,14.569189766358363,MODIS-Terra
2011-09-04,105.95367329115597,14.328314025002783,MODIS-Terra
2011-09-05,80.24701679581024,14.879057116117338,MODIS-Terra
2011-09-06,113.95220486031558,14.184014468870373,MODIS-Terra
2011-09-08,82.63097445306632,14.821056909510276,MODIS-Terra
2011-09-09,128.6204565959621,13.94386821224441,MODIS-Terra
2011-09-10,72.30952462367074,15.08537271715079,MODIS-Terra
2011-09-11,86.15634784529354,14.738275869609083,MODIS-Terra
2011-09-12,64.71665025264578,15.305064522896373,MODIS-Terra
2011-09-13,103.6881639260495,14.371164100089686,MODIS-Terra
2011-09-19,66.87931961771022,15.239975349013093,MODIS-Terra
2011-09-20,102.0796011293718,14.402159362792645,MODIS-Terra
2011-09-21,81.39307248850653,14.850962842416152,MODIS-Terra
2011-09-23,88.27106111933689,14.690225399015276,MODIS-Terra
2011-09-24,104.02976298886404,14.364643620548009,MODIS-Terra
2011-09-28,72.24797539398591,15.087059309451092,MODIS-Terra
2011-09-29,90.81762280910988,14.633863630575433,MODIS-Terra
2011-10-08,68.70446971209178,15.186657471822855,MODIS-Terra
2011-10-14,79.90879987202914,14.887424636687456,MODIS-Terra
2011-10-17,80.02911474333162,14.88444399372895,MODIS-Terra
2011-10-18,77.66421765456704,14.94386738350579,MODIS-Terra
2011-10-23,65.3230938198823,15.286596249626882,MODIS-Terra
2011-10-24,47.946207076652534,15.898723926543312,MODIS-Terra
2011-10-25,59.03414596739053,15.487013296317514,MODIS-Terra
2011-10-26,49.602642535513944,15.831522426937681,MODIS-Terra
2011-10-27,48.648189339050035,15.869966119948572,MODIS-Terra
2011-11-01,41.77750242409508,16.17115748164622,MODIS-Terra
2011-11-02,40.75289298551034,16.220266734976803,MODIS-Terra
2011-11-29,29.608505661863216,16.851799925535147,MODIS-Terra
2011-12-01,36.4211704122573,16.442477595263767,MODIS-Terra
2011-12-02,38.15239614815223,16.35065934950785,MODIS-Terra
2011-12-03,43.71447353049889,16.0815161663794,MODIS-Terra
2011-12-04,32.37320484091752,16.675380822830448,MODIS-Terra
2011-12-05,41.74667634192624,16.172617358752632,MODIS-Terra
2011-12-06,34.673685045253166,16.539683170196554,MODIS-Terra
2011-12-07,40.42827952407985,16.23608255158547,MODIS-Terra
2011-12-08,30.314322817035237,16.80524603444985,MODIS-Terra
2011-12-09,35.2369380189774,16.507828037659465,MODIS-Terra
2011-12-10,34.86252108419465,16.528946276847478,MODIS-Terra
2011-12-12,33.35692414356867,16.616213858807555,MODIS-Terra
2011-12-13,35.57841421724034,16.488761993655544,MODIS-Terra
2011-12-16,39.298682317170424,16.292123450329427,MODIS-Terra
2011-12-17,30.90545844708497,16.767080706041156,MODIS-Terra
2011-12-21,41.24346173420505,16.19660209734775,MODIS-Terra
2011-12-22,28.589239553485186,16.921019484792623,MODIS-Terra
2011-12-23,32.398509854898194,16.673836475657026,MODIS-Terra
2012-01-03,37.71909062595464,16.373244461169406,MODIS-Terra
2012-01-04,37.56089011365575,16.38155486476103,MODIS-Terra
2012-01-08,45.39914858425601,16.006715283394215,MODIS-Terra
2012-01-10,59.414609300549685,15.474296213687467,MODIS-Terra
2012-01-27,51.74400265805701,15.747890373189989,MODIS-Terra
2012-02-02,70.21344337191155,15.143632193358371,MODIS-Terra
2012-02-03,47.2382004862444,15.928157083068982,MODIS-Terra
2012-02-06,38.64929543835352,16.325072355717907,MODIS-Terra
2012-02-12,47.317255035372,15.924848894324555,MODIS-Terra
2012-02-24,73.26862389865427,15.059274571528022,MODIS-Terra
2012-03-04,35.48502057167917,16.493958357373458,MODIS-Terra
2012-03-08,56.37243283673168,15.578336637511484,MODIS-Terra
2012-03-26,55.2247290116628,15.619049206527507,MODIS-Terra
2012-04-14,88.10622256783753,14.693929377670088,MODIS-Terra
2012-04-21,70.53654077450392,15.13453968105614,MODIS-Terra
2012-04-22,91.3709907207196,14.62182484167738,MODIS-Terra
2012-04-23,72.97487419306987,15.067231447927838,MODIS-Terra
2012-05-06,84.92661688226887,14.766761685867436,MODIS-Terra
2012-05-07,77.91193477566647,14.937558911098336,MODIS-Terra
2012-05-09,75.01771718574693,15.012545336487278,MODIS-Terra
2012-05-10,70.3966608169753,15.138471031932454,MODIS-Terra
2012-05-12,85.57107143480131,14.751782442445233,MODIS-Terra
2012-05-13,90.58592789811476,14.63892601136854,MODIS-Terra
2012-05-14,74.2072053120302,15.034062556728031,MODIS-Terra
2012-05-15,63.93346670347891,15.32917220637853,MODIS-Terra
2012-05-16,80.2913295534498,14.877963421140066,MODIS-Terra
2012-05-17,72.11860104660411,15.09060914501174,MODIS-Terra
2012-05-30,45.53874710723159,16.00064173883402,MODIS-Terra
2012-06-01,101.2799173686486,14.417750168855605,MODIS-Terra
2012-06-06,84.60061723752878,14.774382226279954,MODIS-Terra
2012-06-10,92.56309347333438,14.596135261756444,MODIS-Terra
2012-06-11,59.649821751399905,15.466474743984577,MODIS-Terra
2012-06-13,48.872183781261725,15.860876884914546,MODIS-Terra
2012-06-14,84.12992240525675,14.785436981671069,MODIS-Terra
2012-06-15,82.96177048303251,14.813141002329644,MODIS-Terra
2012-06-16,73.02676123088906,15.06582364952601,MODIS-Terra
2012-06-20,46.89400535665041,15.94262524174394,MODIS-Terra
2012-06-21,93.5683751274949,14.574726822529328,MODIS-Terra
2012-06-24,33.860008419412914,16.586624496608465,MODIS-Terra
2012-06-27,58.22420638156143,15.514360192258778,MODIS-Terra
2012-07-02,132.65818907139848,13.882553746431313,MODIS-Terra
2012-07-04,119.31267751069213,14.09285600148587,MODIS-Terra
2012-07-05,85.87041542889332,14.744862933104173,MODIS-Terra
2012-07-06,87.36784444287103,14.710606259806582,MODIS-Terra
2012-07-07,86.44194650719047,14.731718225022632,MODIS-Terra
2012-07-08,61.527381479316425,15.405121601473297,MODIS-Terra
2012-07-09,105.23524472501418,14.341802699051073,MODIS-Terra
2012-07-10,77.41045053978833,14.950350772438469,MODIS-Terra
2012-07-11,107.5735251596524,14.298232633191787,MODIS-Terra
2012-07-12,88.72109038504863,14.680148107757645,MODIS-Terra
2012-07-13,71.79455852887536,15.099528332282603,MODIS-Terra
2012-07-21,104.03402828780332,14.364562339125428,MODIS-Terra
2012-07-23,106.5294930146468,14.317568563489772,MODIS-Terra
2012-07-24,80.17635149412612,14.880802472111213,MODIS-Terra
2012-07-25,107.98641286515948,14.290637373426875,MODIS-Terra
2012-07-26,96.138851015588,14.52101246071993,MODIS-Terra
2012-07-27,85.0699953576322,14.763419316091358,MODIS-Terra
2012-07-28,106.64310417789105,14.31545529183984,MODIS-Terra
2012-07-29,65.24330846193429,15.289016193178213,MODIS-Terra
2012-07-30,97.90968869830829,14.48483482702045,MODIS-Terra
2012-07-31,117.74126847261986,14.119148609618719,MODIS-Terra
2012-08-01,98.10552284403968,14.480874145543112,MODIS-Terra
2012-08-02,88.16328944339881,14.692646283802105,MODIS-Terra
2012-08-03,119.24002100014546,14.09406404503352,MODIS-Terra
2012-08-04,111.1859218577465,14.232744479744156,MODIS-Terra
2012-08-06,100.80425423065668,14.427082141943401,MODIS-Terra
2012-08-07,81.61981653040681,14.845451242759964,MODIS-Terra
2012-08-08,93.58308217122344,14.57441532746111,MODIS-Terra
2012-08-10,106.13119383229056,14.324995088636797,MODIS-Terra
2012-08-11,99.94430300359063,14.44406544050696,MODIS-Terra
2012-08-12,104.31848584541343,14.359149079058511,MODIS-Terra
2012-08-13,91.38936294001708,14.621426393458478,MODIS-Terra
2012-08-14,95.48060152728394,14.534629986867913,MODIS-Terra
2012-08-16,88.4013523783945,14.687302588167768,MODIS-Terra
2012-08-17,82.10158933401297,14.833791032149293,MODIS-Terra
2012-08-19,125.38492538564918,13.994402849598714,MODIS-Terra
2012-08-21,106.9702327798839,14.309382918372307,MODIS-Terra
2012-08-22,96.68738519108534,14.509735517682543,MODIS-Terra
2012-08-23,73.6655862825101,15.048572349677329,MODIS-Terra
2012-08-24,94.83049518246516,14.548171270613125,MODIS-Terra
2012-08-25,85.15506466598191,14.76143887624255,MODIS-Terra
2012-08-26,77.5758701503705,14.946122135922451,MODIS-Terra
2012-08-27,89.7769160513654,14.656704223732959,MODIS-Terra
2012-08-29,116.3917679244883,14.142009148635566,MODIS-Terra
2012-08-30,108.13337430562189,14.287940937784697,MODIS-Terra
2012-08-31,100.40483407634616,14.43495230158669,MODIS-Terra
2012-09-01,88.4595319077202,14.685998839969784,MODIS-Terra
2012-09-02,99.42833087977324,14.454325548247198,MODIS-Terra
2012-09-03,101.66018511200136,14.410321134612559,MODIS-Terra
2012-09-04,102.30404020907883,14.397805540014815,MODIS-Terra
2012-09-05,98.81783565045858,14.466534059952892,MODIS-Terra
2012-09-06,103.52378675953436,14.374309388609618,MODIS-Terra
2012-09-07,83.66461290847211,14.796426058926158,MODIS-Terra
2012-09-11,94.54187869175288,14.55421266442238,MODIS-Terra
2012-09-12,92.66456577453044,14.59396381553563,MODIS-Terra
2012-09-14,80.34794522905823,14.876566950209963,MODIS-Terra
2012-09-16,87.04248289391667,14.717999487949214,MODIS-Terra
2012-09-17,102.00613458815027,14.403586591407588,MODIS-Terra
2012-09-18,71.05677025858878,15.119986466697128,MODIS-Terra
2012-09-19,79.31091794094361,14.902303081388595,MODIS-Terra
2012-09-20,112.65513507403294,14.206714612165001,MODIS-Terra
2012-09-22,111.70869084448508,14.223443537854905,MODIS-Terra
2012-09-24,124.32630337636508,14.0112198800648,MODIS-Terra
2012-09-25,76.01740930267833,14.986322957125367,MODIS-Terra
2012-09-26,92.91382820198912,14.58863980185231,MODIS-Terra
2012-09-30,81.17683092685341,14.8562334375506,MODIS-Terra
2012-10-01,92.91382820198912,14.58863980185231,MODIS-Terra
2012-10-02,84.88413199554483,14.767753154013576,MODIS-Terra
2012-10-03,67.80627198234808,15.212717503813224,MODIS-Terra
2012-10-04,66.69073976364415,15.245566812670404,MODIS-Terra
2012-10-05,72.31993013953095,15.085087723278548,MODIS-Terra
2012-10-06,78.35543069361226,14.926314458017032,MODIS-Terra
2012-10-07,75.04240973116814,15.011893451867309,MODIS-Terra
2012-10-08,68.7183797355237,15.186256568191197,MODIS-Terra
2012-10-09,71.61317923310838,15.104538294557756,MODIS-Terra
2012-10-10,74.7654405569181,15.019217743705894,MODIS-Terra
2012-10-11,72.60853942197511,15.077199337486945,MODIS-Terra
2012-10-17,85.04359515475544,14.764034322630096,MODIS-Terra
2012-10-18,72.79726715705941,15.072057848538634,MODIS-Terra
2012-10-25,78.54208268132999,14.921601027222437,MODIS-Terra
2012-11-06,55.17884917356987,15.620694196348154,MODIS-Terra
2012-11-08,42.02040428860128,16.15969146054283,MODIS-Terra
2012-11-15,39.7862879417853,16.267738107157925,MODIS-Terra
2012-11-26,36.65869775404535,16.429625407679623,MODIS-Terra
2013-01-02,36.752697017795,16.424562197092314,MODIS-Terra
2013-01-04,56.9333691559136,15.55873832681948,MODIS-Terra
2013-01-16,34.579892064275846,16.5450377758317,MODIS-Terra
2013-01-17,36.5937614177028,16.433130730522635,MODIS-Terra
2013-01-18,35.47997618703148,16.494239411914577,MODIS-Terra
2013-01-19,37.090920002096816,16.406450273721134,MODIS-Terra
2013-01-20,36.745816538184926,16.424932371398768,MODIS-Terra
2013-01-21,36.483543062448696,16.439094644543843,MODIS-Terra
2013-01-22,34.11756802829272,16.571645169716476,MODIS-Terra
2013-02-08,37.14304566155247,16.403673590717744,MODIS-Terra
2013-02-15,55.557794896933785,15.607148067671233,MODIS-Terra
2013-03-04,48.9783915191942,15.856581704228802,MODIS-Terra
2013-03-07,32.18332814008036,16.68700742214503,MODIS-Terra
2013-03-08,38.61915603986173,16.326614961148834,MODIS-Terra
2013-03-09,61.30613287279297,15.41225355953145,MODIS-Terra
2013-03-30,57.259867763261745,15.547419416740468,MODIS-Terra
2013-04-22,58.272474563427146,15.512719857863885,MODIS-Terra
2013-04-23,87.86162304899136,14.699438369796667,MODIS-Terra
2013-04-24,80.89356893614345,14.863158791161823,MODIS-Terra
2013-04-25,69.76861672382515,15.156218889107663,MODIS-Terra
2013-04-26,84.45170005376468,14.777873052463747,MODIS-Terra
2013-04-27,69.27927342655194,15.170158008757426,MODIS-Terra
2013-05-01,73.94198474848167,15.041154481424314,MODIS-Terra
2013-05-02,76.54578676009291,14.972601979801084,MODIS-Terra
2013-05-03,84.33054433553676,14.780717643641538,MODIS-Terra
2013-05-04,77.60368410446127,14.945412008624658,MODIS-Terra
2013-05-05,81.8930073229381,14.838830883812648,MODIS-Terra
2013-05-06,57.416574920520965,15.542009605308635,MODIS-Terra
2013-05-07,83.44696001038685,14.80158724588648,MODIS-Terra
2013-05-08,57.376392064830135,15.543395384119663,MODIS-Terra
2013-05-09,98.59959681028128,14.470916599894622,MODIS-Terra
2013-05-10,73.6705942770228,15.048437700414752,MODIS-Terra
2013-05-20,93.9559158494219,14.566534978535401,MODIS-Terra
2013-05-31,93.218522290575,14.582151136063544,MODIS-Terra
2013-06-02,84.43997673294331,14.77814812406723,MODIS-Terra
2013-06-03,94.0482708578671,14.564587749257726,MODIS-Terra
2013-06-04,89.10913965501237,14.671499555406626,MODIS-Terra
2013-06-05,90.23480057002048,14.64662258093017,MODIS-Terra
2013-06-06,100.10585903011452,14.440863756738167,MODIS-Terra
2013-06-07,56.7018616654092,15.566803424108343,MODIS-Terra
2013-06-08,105.16136035834889,14.343195101359925,MODIS-Terra
2013-06-09,58.25492059171394,15.513316250997264,MODIS-Terra
2013-06-10,101.49444230054496,14.413555726628942,MODIS-Terra
2013-06-14,74.3950814333611,15.029054081789695,MODIS-Terra
2013-06-16,50.29397273707883,15.804134859036026,MODIS-Terra
2013-06-28,124.34248221731268,14.010961793562387,MODIS-Terra
2013-06-30,67.84512845009527,15.211583027298957,MODIS-Terra
2013-07-01,81.76395371893852,14.84195555003214,MODIS-Terra
2013-07-02,49.242298477914986,15.845949051062462,MODIS-Terra
2013-07-03,94.54808446671564,14.554082570155629,MODIS-Terra
2013-07-04,83.35636597989628,14.803739453967864,MODIS-Terra
2013-07-05,119.80155509353752,14.084746571626965,MODIS-Terra
2013-07-06,96.78040824083334,14.507829449974452,MODIS-Terra
2013-07-07,79.80616694096089,14.889970772688457,MODIS-Terra
2013-07-08,109.79040966909226,14.257788254164211,MODIS-Terra
2013-07-09,71.17352132579192,15.116735004814245,MODIS-Terra
2013-07-10,94.38794260413376,14.557442420198072,MODIS-Terra
2013-07-11,68.1127051756276,15.203788250921093,MODIS-Terra
2013-07-13,65.55961669708046,15.279439637319797,MODIS-Terra
2013-07-14,106.13119383229056,14.324995088636797,MODIS-Terra
2013-07-15,101.17056942904097,14.419891576465147,MODIS-Terra
2013-07-16,63.69392529797702,15.336604536321715,MODIS-Terra
2013-07-17,95.3519851517674,14.537301668722648,MODIS-Terra
2013-07-18,102.04106127693235,14.402907945619177,MODIS-Terra
2013-07-19,94.97301272989384,14.545194817531524,MODIS-Terra
2013-07-20,92.05619805488924,14.607018196637455,MODIS-Terra
2013-07-21,115.43127619570824,14.158441497195668,MODIS-Terra
2013-07-22,113.42845726055396,14.193149449391967,MODIS-Terra
2013-07-23,104.66101305488652,14.352650250846523,MODIS-Terra
2013-07-24,100.6147321720192,14.430812592197867,MODIS-Terra
2013-07-25,116.25820601669088,14.144286047825062,MODIS-Terra
2013-07-26,97.06437080153478,14.502022262147307,MODIS-Terra
2013-07-27,66.2243988444155,15.259461998420193,MODIS-Terra
2013-07-28,118.18151922413468,14.111747265396275,MODIS-Terra
2013-07-29,110.81986016448452,14.239283335905952,MODIS-Terra
2013-07-30,110.9948711307868,14.236154481241783,MODIS-Terra
2013-08-03,87.9008608979032,14.69855360610427,MODIS-Terra
2013-08-04,101.76231086480983,14.408330693906464,MODIS-Terra
2013-08-05,106.57494753093704,14.31672279822783,MODIS-Terra
2013-08-06,82.45655013764758,14.825243597770168,MODIS-Terra
2013-08-08,86.30581990101483,14.734841134908038,MODIS-Terra
2013-08-10,105.85319948910862,14.330194948953931,MODIS-Terra
2013-08-12,79.20779593295947,14.90488060608061,MODIS-Terra
2013-08-13,109.73953020168798,14.258707321996098,MODIS-Terra
2013-08-18,97.448629603316,14.4941908835724,MODIS-Terra
2013-08-19,76.98995649412072,14.961140606811227,MODIS-Terra
2013-08-20,101.55906785932156,14.412293885451959,MODIS-Terra
2013-08-24,113.52703631163378,14.191426866243546,MODIS-Terra
2013-08-27,89.56936765565942,14.661290901249345,MODIS-Terra
2013-08-30,112.65513507403294,14.206714612165001,MODIS-Terra
2013-08-31,103.85295601171192,14.368015860458286,MODIS-Terra
2013-09-01,91.32398456029046,14.622844653492734,MODIS-Terra
2013-09-07,110.5117672492016,14.244803430005277,MODIS-Terra
2013-09-08,99.01645146546788,14.46255396029153,MODIS-Terra
2013-09-09,101.21117795493312,14.419096052939608,MODIS-Terra
2013-09-10,91.89707589141616,14.610446844216881,MODIS-Terra
2013-09-11,97.90968869830829,14.48483482702045,MODIS-Terra
2013-09-12,82.63097445306632,14.821056909510276,MODIS-Terra
2013-09-13,78.2113248813092,14.929961158233255,MODIS-Terra
2013-09-15,78.64160306957034,14.91909245230147,MODIS-Terra
2013-09-19,86.39369904816786,14.732824518878601,MODIS-Terra
2013-10-04,69.46466628907106,15.16486550591992,MODIS-Terra
2013-10-05,91.03034701794364,14.629227077057976,MODIS-Terra
2013-10-06,89.05136239401754,14.672784868935423,MODIS-Terra
2013-10-13,57.36425170919812,15.543814256762403,MODIS-Terra
2013-10-14,69.24161748704246,15.171234717561106,MODIS-Terra
2013-10-15,72.48435110154875,15.080589862753186,MODIS-Terra
2013-10-16,76.17469855625973,14.982228530011298,MODIS-Terra
2013-10-17,74.04471131315242,15.038404595581142,MODIS-Terra
2013-10-18,82.11614081385524,14.83343990948822,MODIS-Terra
2013-10-19,60.25427649160473,15.446515187806085,MODIS-Terra
2013-10-20,63.827727765684934,15.332449573053736,MODIS-Terra
2013-10-21,71.49420013626539,15.10783155043407,MODIS-Terra
2013-10-22,69.16345093420946,15.173471625501179,MODIS-Terra
2013-10-23,62.91610035782033,15.360932063624773,MODIS-Terra
2013-10-24,60.64013464916581,15.433878022929434,MODIS-Terra
2013-10-25,72.26697224432249,15.086538598637844,MODIS-Terra
2013-10-26,55.229839328888346,15.618866064018334,MODIS-Terra
2013-10-28,34.57862740874297,16.54511007347014,MODIS-Terra
2013-10-29,51.04959544763223,15.77462651540543,MODIS-Terra
2013-10-30,59.13944028684201,15.483485644451548,MODIS-Terra
2013-11-01,40.75431106207942,16.220197919470365,MODIS-Terra
2013-11-21,32.03061171220199,16.696408361287922,MODIS-Terra
2013-11-22,38.90265751695376,16.312151924709497,MODIS-Terra
2013-11-23,29.63471265297406,16.850051682644335,MODIS-Terra
2013-11-24,38.600414317891165,16.327574812250873,MODIS-Terra
2013-11-25,30.251809443172032,16.809325388071898,MODIS-Terra
2013-11-28,38.42456022429061,16.336603831472416,MODIS-Terra
2013-11-29,44.713937213191734,16.036799640350637,MODIS-Terra
2013-12-04,26.764099531191757,17.051352946896486,MODIS-Terra
2013-12-09,33.65276479693719,16.598760257335357,MODIS-Terra
2013-12-11,34.62939360795228,16.542209948899085,MODIS-Terra
2013-12-16,28.395497215770007,16.9344547763543,MODIS-Terra
2013-12-17,43.4225334695872,16.09477027537241,MODIS-Terra
2013-12-26,46.60716941085489,15.954763465476162,MODIS-Terra
2013-12-27,35.61077486088619,16.486964641047734,MODIS-Terra
2013-12-28,47.54064041499043,15.915530618499133,MODIS-Terra
2014-01-02,39.6756461010952,16.27324510030803,MODIS-Terra
2014-01-04,41.77502646995567,16.171274699439323,MODIS-Terra
2014-01-05,33.20894759223984,16.625001989322072,MODIS-Terra
2014-01-15,49.95711250824568,15.817432606453622,MODIS-Terra
2014-01-16,44.92553560610343,16.02746057028037,MODIS-Terra
2014-01-17,58.018368871816534,15.521370583676685,MODIS-Terra
2014-01-18,42.903942120864045,16.118535055289954,MODIS-Terra
2014-01-20,48.29080002869633,15.884555034460277,MODIS-Terra
2014-01-21,42.04076775090674,16.15873322214668,MODIS-Terra
2014-01-22,41.058352723092085,16.20549845907692,MODIS-Terra
2014-01-23,35.273627142809595,16.505770714357936,MODIS-Terra
2014-01-24,38.595957000271,16.327803160721373,MODIS-Terra
2014-01-25,39.48812287487737,16.282613796876376,MODIS-Terra
2014-01-26,32.504519535793754,16.66737982999109,MODIS-Terra
2014-02-01,44.86838377411932,16.029978681944158,MODIS-Terra
2014-02-22,79.7998881819102,14.890126643252529,MODIS-Terra
2014-02-28,62.282170350899975,15.38098199097874,MODIS-Terra
2014-03-11,80.88275798620434,14.863423582487712,MODIS-Terra
2014-03-12,81.51669173469647,14.84795606145451,MODIS-Terra
2014-03-13,63.752861702234945,15.334773314501376,MODIS-Terra
2014-03-18,100.65585222854702,14.430002612119438,MODIS-Terra
2014-03-22,76.00211649285038,14.9867214978525,MODIS-Terra
2014-03-23,66.42843883072793,15.253370412662889,MODIS-Terra
2014-03-24,49.75552218717005,15.825433339910546,MODIS-Terra
2014-04-07,81.66453755463839,14.844365985999616,MODIS-Terra
2014-04-08,72.83924821791402,15.070915970781357,MODIS-Terra
2014-04-09,75.15754624541499,15.008856663098868,MODIS-Terra
2014-04-11,53.6611594739131,15.675893151196874,MODIS-Terra
2014-04-12,96.66842195904935,14.510124303920293,MODIS-Terra
2014-04-13,109.39177507979896,14.265000444487782,MODIS-Terra
2014-04-14,78.46117770188125,14.92364270757821,MODIS-Terra
2014-04-20,64.1815740267751,15.321503324021705,MODIS-Terra
2014-04-29,87.39554070026989,14.709978183375597,MODIS-Terra
2014-04-30,67.67152014550514,15.216656828199689,MODIS-Terra
2014-05-01,55.487982341138945,15.609636710337213,MODIS-Terra
2014-05-07,76.29640648307034,14.979066110047711,MODIS-Terra
2014-05-13,74.71585651810199,15.020531820912538,MODIS-Terra
2014-05-14,63.215905993813465,15.351519892795864,MODIS-Terra
2014-05-16,56.74233655336782,15.565391021693586,MODIS-Terra
2014-05-20,95.34097254763472,14.537530594920213,MODIS-Terra
2014-05-21,84.0822211650692,14.786560735413445,MODIS-Terra
2014-05-29,93.94600571798917,14.566744038900652,MODIS-Terra
2014-05-30,80.79117329311924,14.865668172863366,MODIS-Terra
2014-05-31,87.25645184348878,14.713134350708629,MODIS-Terra
2014-06-01,60.50082006317401,15.438431412443379,MODIS-Terra
2014-06-02,86.87278836290521,14.721866420875017,MODIS-Terra
2014-06-03,72.39959311019311,15.082907209807672,MODIS-Terra
2014-06-04,86.1028414291402,14.739506844158768,MODIS-Terra
2014-06-05,78.4423417452241,14.924118344341082,MODIS-Terra
2014-06-06,71.80813533656656,15.09915382893007,MODIS-Terra
2014-06-07,86.3126989061924,14.734683204341081,MODIS-Terra
2014-06-08,66.33202303293527,15.256246563871741,MODIS-Terra
2014-06-09,81.04105034780422,14.859550067140276,MODIS-Terra
2014-06-10,40.36928229246369,16.238970611692935,MODIS-Terra
2014-06-11,80.26212947944728,14.878684048273612,MODIS-Terra
2014-06-19,53.83585420985733,15.66946067470235,MODIS-Terra
2014-06-30,99.69574120828608,14.449001481026016,MODIS-Terra
2014-07-01,105.10226825015248,14.344309435710898,MODIS-Terra
2014-07-05,74.36744133307614,15.029790130371339,MODIS-Terra
2014-07-06,107.29878384009088,14.303302754694869,MODIS-Terra
2014-07-07,114.6163290699423,14.172491130937487,MODIS-Terra
2014-07-09,94.1194436808036,14.563088429700429,MODIS-Terra
2014-07-10,84.51267212435458,14.776443040522395,MODIS-Terra
2014-07-12,68.12839583825574,15.203332114774412,MODIS-Terra
2014-07-14,67.75873201528262,15.214106391239966,MODIS-Terra
2014-07-15,98.98441031282752,14.46319549999555,MODIS-Terra
2014-07-16,87.12353936486664,14.716155057485025,MODIS-Terra
2014-07-17,81.9631724348912,14.837134095430542,MODIS-Terra
2014-07-18,95.29555109196878,14.538475079201248,MODIS-Terra
2014-07-19,54.625268139951096,15.640650705313192,MODIS-Terra
2014-07-25,101.87578512119944,14.406121405202043,MODIS-Terra
2014-07-26,84.51267212435458,14.776443040522395,MODIS-Terra
2014-07-28,98.32306584826908,14.476483644277891,MODIS-Terra
2014-07-29,88.44613056081852,14.686299075644683,MODIS-Terra
2014-07-30,69.8651845195798,15.153479644075674,MODIS-Terra
2014-07-31,90.0931299833673,14.649736404102327,MODIS-Terra
2014-08-01,85.00000268647048,14.765050248916054,MODIS-Terra
2014-08-02,89.94599678898554,14.6529754657995,MODIS-Terra
2014-08-03,90.24529270162122,14.646392164981194,MODIS-Terra
2014-08-04,63.24679043299325,15.350552829862409,MODIS-Terra
2014-08-05,147.68784710515993,13.66962029930653,MODIS-Terra
2014-08-06,67.52194069734254,15.221038794861329,MODIS-Terra
2014-08-07,95.89598603332554,14.526025869646219,MODIS-Terra
2014-08-08,78.30344551243773,14.9276292081654,MODIS-Terra
2014-08-09,88.51923897321585,14.684661750053806,MODIS-Terra
2014-08-10,82.7407487218649,14.818426526477992,MODIS-Terra
2014-08-16,76.01511987925575,14.986382615922139,MODIS-Terra
2014-08-17,85.93982299962522,14.743261973095514,MODIS-Terra
2014-08-18,89.40768751305853,14.66487127311791,MODIS-Terra
2014-08-19,73.71275680947991,15.047304444025372,MODIS-Terra
2014-08-20,77.18310717973212,14.95617710005979,MODIS-Terra
2014-08-22,78.84398360333869,14.914000870223617,MODIS-Terra
2014-08-26,96.0770738160564,14.522286515051178,MODIS-Terra
2014-08-27,96.01284991203632,14.52361189524811,MODIS-Terra
2014-08-28,95.12633146592589,14.541997753648388,MODIS-Terra
2014-08-29,66.13377568542728,15.262173546259987,MODIS-Terra
2014-09-01,92.39275013518603,14.599785850649141,MODIS-Terra
2014-09-02,93.64254398128092,14.573156424376293,MODIS-Terra
2014-09-03,89.40768751305853,14.66487127311791,MODIS-Terra
2014-09-04,96.09496790984596,14.521917394410252,MODIS-Terra
2014-09-05,72.35583642612326,15.084104609630685,MODIS-Terra
2014-09-07,125.59269380291774,13.991118917220888,MODIS-Terra
2014-09-08,82.06987078873084,14.834556605891066,MODIS-Terra
2014-09-09,72.35968692993698,15.08399921177795,MODIS-Terra
2014-09-10,99.45130087590074,14.453867661482263,MODIS-Terra
2014-09-11,87.56876569197554,14.706054405808345,MODIS-Terra
2014-09-12,90.5569831714389,14.639559341801032,MODIS-Terra
2014-09-13,83.89287789357545,14.791027595808941,MODIS-Terra
2014-09-14,100.4843972544741,14.433382104064208,MODIS-Terra
2014-09-16,86.58932571906146,14.728342691952207,MODIS-Terra
2014-09-19,102.1087048535803,14.401594250372682,MODIS-Terra
2014-09-20,98.53420608698625,14.472231620623006,MODIS-Terra
2014-09-27,94.893687741317,14.546850955331365,MODIS-Terra
2014-09-28,84.00611448051498,14.788354986592935,MODIS-Terra
2014-09-29,87.80384953451069,14.700741806808196,MODIS-Terra
2014-10-01,84.04772105105111,14.787373891161224,MODIS-Terra
2014-10-02,101.93164077464948,14.405034823993901,MODIS-Terra
2014-10-03,89.40524227026071,14.664925472049845,MODIS-Terra
2014-10-04,82.85767113510995,14.815628686787932,MODIS-Terra
2014-10-05,89.02638655275763,14.673340739259743,MODIS-Terra
2014-10-06,89.96994801098856,14.652447831995119,MODIS-Terra
2014-10-07,70.11375419112917,15.146446042981097,MODIS-Terra
2014-10-09,82.15536110547913,14.832493845069848,MODIS-Terra
2014-10-19,73.68022356856213,15.04817882462305,MODIS-Terra
2014-10-27,55.13059234321601,15.62242588430297,MODIS-Terra
2014-11-10,31.214402091233595,16.74742317380992,MODIS-Terra
2014-11-11,42.84346564924698,16.12132506214914,MODIS-Terra
2014-11-12,49.445162479229914,15.837814347952758,MODIS-Terra
2014-11-15,34.04337821994842,16.57594835446548,MODIS-Terra
2014-11-16,38.21009959348627,16.347671003444816,MODIS-Terra
2014-11-17,35.78216370131392,16.47747255898571,MODIS-Terra
2014-11-30,42.88185433218349,16.11955359301362,MODIS-Terra
2014-12-03,36.55276744687415,16.435346818601147,MODIS-Terra
2014-12-14,41.4751278988374,16.18552413558234,MODIS-Terra
2014-12-22,40.17892280515384,16.248317967096,MODIS-Terra
2014-12-30,23.9575045509459,17.27016797432475,MODIS-Terra
2014-12-31,39.85678964474858,16.2642369770723,MODIS-Terra
2015-01-01,39.7562905763317,16.269229659875236,MODIS-Terra
2015-01-02,37.36970200279575,16.39164484947628,MODIS-Terra
2015-01-07,59.24129340690748,15.480079237990026,MODIS-Terra
2015-01-08,36.695456916828014,16.42764385861551,MODIS-Terra
2015-01-09,33.51598070281986,16.606810956969298,MODIS-Terra
2015-01-13,27.47487916068877,16.999571754877138,MODIS-Terra
2015-01-24,34.02520233952012,16.577004025069186,MODIS-Terra
2015-01-25,35.25546857246435,16.506788679727492,MODIS-Terra
2015-01-26,51.7101543710212,15.749185284393434,MODIS-Terra
2015-01-29,30.954036127225933,16.76397684408471,MODIS-Terra
2015-01-30,52.16363565457103,15.731906550276449,MODIS-Terra
2015-01-31,38.31756811343124,16.342117402316262,MODIS-Terra
2015-02-14,34.673685045253166,16.539683170196554,MODIS-Terra
2015-02-16,70.18676027025562,15.144384965954487,MODIS-Terra
2015-02-22,51.60792764241144,15.753101242257912,MODIS-Terra
2015-02-23,62.01579590984265,15.389467681484462,MODIS-Terra
2015-02-28,56.257710727232336,15.582368814541269,MODIS-Terra
2015-03-01,61.75995440899443,15.397652127658262,MODIS-Terra
2015-03-02,56.39223109417393,15.577641609606758,MODIS-Terra
2015-03-03,54.91647999126957,15.630127548763426,MODIS-Terra
2015-03-04,55.956745746709615,15.592986038590084,MODIS-Terra
2015-03-07,53.34841002506904,15.687461315707083,MODIS-Terra
2015-03-08,53.42682851136069,15.684554384187095,MODIS-Terra
2015-03-09,49.59307022205013,15.83190430779041,MODIS-Terra
2015-03-18,63.41438596896352,15.345313226701819,MODIS-Terra
2015-03-26,58.350314658607246,15.51007741140927,MODIS-Terra
2015-03-27,52.14444961818165,15.732634544242273,MODIS-Terra
2015-03-29,40.91354280821497,16.212485974804963,MODIS-Terra
2015-04-09,64.78753148077514,15.302897059838756,MODIS-Terra
2015-04-12,47.4535915434955,15.91915656297931,MODIS-Terra
2015-04-15,44.850545459337205,16.030765293830314,MODIS-Terra
2015-04-16,70.61825538866555,15.132246673931377,MODIS-Terra
2015-04-17,56.223019646377814,15.583589728831384,MODIS-Terra
2015-04-18,57.19187519407585,15.549771236963807,MODIS-Terra
2015-04-20,52.63377303583704,15.714150641771084,MODIS-Terra
2015-04-22,55.32870595637295,15.615326224592195,MODIS-Terra
2015-04-27,69.72340482083268,15.15750267129647,MODIS-Terra
2015-04-30,47.804125372014745,15.904595604611586,MODIS-Terra
2015-05-02,63.69000217116941,15.336726492367461,MODIS-Terra
2015-05-03,49.25692664965532,15.845361354466718,MODIS-Terra
2015-05-04,51.31430133781266,15.76439224120486,MODIS-Terra
2015-05-07,61.68834979696692,15.399948837789907,MODIS-Terra
2015-05-08,53.90105632209686,15.667065186041668,MODIS-Terra
2015-05-09,56.90871052116774,15.55959580924059,MODIS-Terra
2015-05-18,58.272474563427174,15.512719857863885,MODIS-Terra
2015-05-25,53.175841556632555,15.69387337454907,MODIS-Terra
2015-05-26,56.28979551511426,15.581240294084864,MODIS-Terra
2015-05-27,71.38073671711635,15.110977232392884,MODIS-Terra
2015-05-28,50.9269446676815,15.779386496942834,MODIS-Terra
2015-05-29,62.953193304325616,15.359765136596025,MODIS-Terra
2015-05-30,46.86206714231524,15.943973122837406,MODIS-Terra
2015-06-04,43.16982412718352,16.10631527070575,MODIS-Terra
2015-06-05,67.01844595598733,15.235860271842284,MODIS-Terra
2015-06-06,39.9352067381866,16.260350015794074,MODIS-Terra
2015-06-07,75.04748016761562,15.011759618530277,MODIS-Terra
2015-06-08,66.13092951893793,15.262258766805985,MODIS-Terra
2015-06-10,65.9092039500259,15.268908991130047,MODIS-Terra
2015-06-11,61.21995881889429,15.415038332776703,MODIS-Terra
2015-06-12,67.03282641679775,15.235435412709762,MODIS-Terra
2015-06-13,43.17293420666359,16.106172777841152,MODIS-Terra
2015-06-14,62.085358915636405,15.387248162960873,MODIS-Terra
2015-06-16,56.21974698799909,15.583704945212617,MODIS-Terra
2015-06-17,56.77158110527104,15.564371135698138,MODIS-Terra
2015-06-18,55.83237734861989,15.597390057564326,MODIS-Terra
2015-06-19,49.535258774257194,15.834212219638857,MODIS-Terra
2015-06-22,42.15180523718299,16.153516289498157,MODIS-Terra
2015-06-24,55.950679762077094,15.593200615064234,MODIS-Terra
2015-06-25,72.07632972780355,15.091770382592017,MODIS-Terra
2015-06-26,68.98187269180283,15.178677633756593,MODIS-Terra
2015-06-29,36.909384755556886,16.41615095191048,MODIS-Terra
2015-06-30,68.82310816496575,15.183240764941615,MODIS-Terra
2015-07-01,42.551425226564035,16.134853507140633,MODIS-Terra
2015-07-02,60.50567162412295,15.438272667249066,MODIS-Terra
2015-07-03,60.259814523572935,15.446333242523224,MODIS-Terra
2015-07-05,58.97533952052398,15.488986207668745,MODIS-Terra
2015-07-06,59.47448491819241,15.472302256161584,MODIS-Terra
2015-07-08,32.932563788566426,16.641521162113918,MODIS-Terra
2015-07-14,67.68370688308119,15.216300240443047,MODIS-Terra
2015-07-15,40.226922790286594,16.245956832041657,MODIS-Terra
2015-07-16,52.76152546337606,15.709353083039332,MODIS-Terra
2015-07-17,48.10515410434669,15.892175802944166,MODIS-Terra
2015-07-18,53.239937708533475,15.691489359462366,MODIS-Terra
2015-07-19,62.86296308159571,15.362604934033357,MODIS-Terra
2015-07-20,51.150510103981034,15.770718641632925,MODIS-Terra
2015-07-21,53.69840666935284,15.67451991319274,MODIS-Terra
2015-07-22,46.463574348469905,15.960868086958953,MODIS-Terra
2015-07-23,53.64150760036826,15.676618064080571,MODIS-Terra
2015-07-24,37.16136440899434,16.402698691791784,MODIS-Terra
2015-07-28,71.36032326565459,15.111543708211116,MODIS-Terra
2015-07-29,49.943773209510745,15.817961021913561,MODIS-Terra
2015-07-30,48.06475785240237,15.893837955397203,MODIS-Terra
2015-07-31,64.0042625286041,15.326980917855622,MODIS-Terra
2015-08-04,49.943773209510745,15.817961021913561,MODIS-Terra
2015-08-05,55.84021920139905,15.597112080215652,MODIS-Terra
2015-08-06,74.04471131315238,15.038404595581142,MODIS-Terra
2015-08-07,49.268098458239635,15.844912636804793,MODIS-Terra
2015-08-08,52.81921316462529,15.707190500331762,MODIS-Terra
2015-08-11,43.3704299311226,16.097145125241013,MODIS-Terra
2015-08-12,50.11107794060693,15.811343672566863,MODIS-Terra
2015-08-13,58.2305463022149,15.514144660546776,MODIS-Terra
2015-08-15,47.122056609853175,15.933027375019947,MODIS-Terra
2015-08-16,65.81645486844303,15.271697440022876,MODIS-Terra
2015-08-17,47.037711303110456,15.936571759598792,MODIS-Terra
2015-08-18,57.25384687702257,15.547627562974299,MODIS-Terra
2015-08-19,57.34860570014763,15.544354213640531,MODIS-Terra
2015-08-20,49.459495265641664,15.837240873005271,MODIS-Terra
2015-08-21,46.919362369201224,15.941555757483115,MODIS-Terra
2015-08-22,44.17596823960685,16.060743290959977,MODIS-Terra
2015-08-25,38.93195240296709,16.310663421532695,MODIS-Terra
2015-08-26,82.0830036366829,14.834239589497315,MODIS-Terra
2015-08-27,66.0594992859799,15.264398745473045,MODIS-Terra
2015-08-31,76.75702684498452,14.967142883645124,MODIS-Terra
2015-09-01,54.974377995423104,15.628041995491458,MODIS-Terra
2015-09-03,43.876527213340864,16.074196966155796,MODIS-Terra
2015-09-07,47.444295334704734,15.919544180415642,MODIS-Terra
2015-09-08,60.23447554643979,15.447165860157952,MODIS-Terra
2015-09-09,60.27171904544728,15.445942190433698,MODIS-Terra
2015-09-10,49.99316396009443,15.816005188392296,MODIS-Terra
2015-09-11,60.2507250379258,15.446631875261232,MODIS-Terra
2015-09-12,48.51066649469508,15.875567218885521,MODIS-Terra
2015-09-18,51.94549041244312,15.740199631346968,MODIS-Terra
2015-09-19,48.99217610530417,15.85602491864472,MODIS-Terra
2015-09-20,73.26862389865427,15.059274571528022,MODIS-Terra
2015-09-21,88.08629261408323,14.694377678834144,MODIS-Terra
2015-09-23,54.11801709853829,15.65911492797602,MODIS-Terra
2015-09-25,46.87133847285467,15.94358175265279,MODIS-Terra
2015-09-27,58.48118232204403,15.505642746602348,MODIS-Terra
2015-09-28,60.2507250379258,15.446631875261232,MODIS-Terra
2015-09-29,56.15815295315624,15.585874657833187,MODIS-Terra
2015-09-30,52.57350557897057,15.716417932853233,MODIS-Terra
2015-10-01,53.20946456168639,15.692622431351197,MODIS-Terra
2015-10-02,44.653562804065245,16.039472398646808,MODIS-Terra
2015-10-04,51.39705777980159,15.76120344668766,MODIS-Terra
2015-10-05,60.97214175982434,15.423068552144514,MODIS-Terra
2015-10-11,72.34672761560347,15.084353962670093,MODIS-Terra
2015-10-12,88.74115328412404,14.67970003675373,MODIS-Terra
2015-10-13,70.3082021079828,15.14096120315844,MODIS-Terra
2015-10-14,60.7325409408851,15.430863546665819,MODIS-Terra
2015-10-20,41.76332545671781,16.17182874811658,MODIS-Terra
2015-10-22,58.534599835639945,15.503835450773408,MODIS-Terra
2015-11-06,36.40399640425189,16.44341008900801,MODIS-Terra
2015-11-20,38.608627354524515,16.327154127087738,MODIS-Terra
2015-11-21,41.63854124161733,16.177746990030528,MODIS-Terra
2015-11-23,55.532255419686834,15.608058124039417,MODIS-Terra
2015-11-25,36.584082863016675,16.433653718960272,MODIS-Terra
2015-11-26,32.87043132093057,16.6452537891048,MODIS-Terra
2015-11-27,32.05391118732707,16.694971202634747,MODIS-Terra
2015-11-28,40.825486453457515,16.216747030572265,MODIS-Terra
2015-11-29,35.76074890898491,16.478656099142427,MODIS-Terra
2015-12-01,37.27535512329975,16.39664301077437,MODIS-Terra
2015-12-31,31.918551913173744,16.703335035221357,MODIS-Terra
2016-01-01,41.95000861881024,16.163007623940075,MODIS-Terra
2016-01-02,28.691833618406356,16.913941708421817,MODIS-Terra
2016-01-08,31.338142790628588,16.7396041487782,MODIS-Terra
2016-01-10,38.36850294343362,16.33949069081018,MODIS-Terra
2016-01-25,34.86909417117714,16.528573587909364,MODIS-Terra
2016-01-27,32.101082401727204,16.692064774291794,MODIS-Terra
2016-02-07,45.23734284541347,16.013778353461248,MODIS-Terra
2016-02-08,46.84120419467468,15.944854091839488,MODIS-Terra
2016-02-09,43.45502733713574,16.09329066178384,MODIS-Terra
2016-03-17,72.05831554634996,15.092265457534609,MODIS-Terra
2016-03-19,74.23699110087472,15.033267672515422,MODIS-Terra
2016-03-29,76.16389395001933,14.982509516968321,MODIS-Terra
2016-03-30,133.35070738049757,13.8722249154564,MODIS-Terra
2016-03-31,85.19223452936615,14.760574169704796,MODIS-Terra
2016-04-01,103.2478749161994,14.37960006128958,MODIS-Terra
2016-04-02,79.58957229127122,14.895354827225788,MODIS-Terra
2016-04-06,74.4534210944077,15.027501407004934,MODIS-Terra
2016-04-07,80.60339237638524,14.87027832172555,MODIS-Terra
2016-04-08,97.89877585729202,14.485055768017332,MODIS-Terra
2016-04-09,54.83941060095502,15.632907082762472,MODIS-Terra
2016-04-10,107.33843213569492,14.302570279587371,MODIS-Terra
2016-04-11,73.95639896918911,15.040768397629222,MODIS-Terra
2016-04-16,78.4817025803708,14.923124552598438,MODIS-Terra
2016-04-17,68.43994430155588,15.194296860422014,MODIS-Terra
2016-04-18,58.98990951653599,15.488497212648213,MODIS-Terra
2016-04-19,97.8622829084817,14.4857947814412,MODIS-Terra
2016-04-20,75.35895358126452,15.003555574873644,MODIS-Terra
2016-04-30,80.27556800642189,14.878352367079515,MODIS-Terra
2016-05-01,95.4758241741376,14.534729160163351,MODIS-Terra
2016-05-02,95.02969014498804,14.544012357949441,MODIS-Terra
2016-05-07,53.68845480068989,15.67488672790023,MODIS-Terra
2016-05-09,70.45154193713275,15.136927660382298,MODIS-Terra
2016-05-11,76.20109761230441,14.981542157559602,MODIS-Terra
2016-05-12,63.14032550018158,15.353888481256035,MODIS-Terra
2016-05-17,68.20307909773224,15.201162466833466,MODIS-Terra
2016-05-18,80.52185126573426,14.872283548050177,MODIS-Terra
2016-05-28,81.13156033448833,14.857338619497227,MODIS-Terra
2016-05-29,80.09320891350092,14.882857968981511,MODIS-Terra
2016-05-30,57.95609972134648,15.523496227565602,MODIS-Terra
2016-05-31,66.14267120975576,15.261907218086208,MODIS-Terra
2016-06-03,87.18914589067775,14.714663441553967,MODIS-Terra
2016-06-04,60.585121384368506,15.435674841130663,MODIS-Terra
2016-06-05,79.59455237945619,14.895230869399711,MODIS-Terra
2016-06-06,70.32492970016528,15.140490070863166,MODIS-Terra
2016-06-07,56.167707556657035,15.585537931699491,MODIS-Terra
2016-06-12,89.23701702806638,14.668657747354587,MODIS-Terra
2016-06-20,89.93160183924952,14.653292646986074,MODIS-Terra
2016-06-21,89.7769160513654,14.656704223732959,MODIS-Terra
2016-06-22,60.20198197803118,15.448234083074794,MODIS-Terra
2016-06-25,96.1762806890574,14.520240931727244,MODIS-Terra
2016-06-26,87.39554070026989,14.709978183375597,MODIS-Terra
2016-06-27,111.753260536633,14.222652577326585,MODIS-Terra
2016-06-28,90.45932284116422,14.64169770754404,MODIS-Terra
2016-06-29,87.01443102231941,14.718638204041781,MODIS-Terra
2016-06-30,95.89060010458384,14.526137193680825,MODIS-Terra
2016-07-02,104.86332879338224,14.34882163733323,MODIS-Terra
2016-07-03,60.73998325673254,15.430620962675107,MODIS-Terra
2016-07-04,115.7614757327568,14.152777022893588,MODIS-Terra
2016-07-05,95.9668764607398,14.524561186426581,MODIS-Terra
2016-07-13,114.6163290699423,14.172491130937487,MODIS-Terra
2016-07-14,87.68255380180003,14.70348116373998,MODIS-Terra
2016-07-15,73.94198474848167,15.041154481424314,MODIS-Terra
2016-07-16,92.82315541867774,14.590574837856707,MODIS-Terra
2016-07-17,98.10552284403968,14.480874145543112,MODIS-Terra
2016-07-20,106.34607263804187,14.32098509914988,MODIS-Terra
2016-07-21,83.85135196627036,14.792008592255911,MODIS-Terra
2016-07-23,77.23293960950963,14.954898537267468,MODIS-Terra
2016-07-24,62.903093022120544,15.361341430929997,MODIS-Terra
2016-07-25,80.58843017339932,14.870646114614487,MODIS-Terra
2016-07-26,59.44854331419998,15.473165908737428,MODIS-Terra
2016-07-27,80.78209284245175,14.865890858062585,MODIS-Terra
2016-07-28,93.70069324120227,14.571926080980802,MODIS-Terra
2016-07-29,91.23528757639151,14.624770386205,MODIS-Terra
2016-07-30,86.73676344991433,14.724971547547398,MODIS-Terra
2016-07-31,72.2337577692425,15.087449109249178,MODIS-Terra
2016-08-01,89.31351682528502,14.666959639923334,MODIS-Terra
2016-08-03,79.82130003784536,14.8895951429256,MODIS-Terra
2016-08-04,85.24914948079152,14.75925084939297,MODIS-Terra
2016-08-05,85.24914948079152,14.75925084939297,MODIS-Terra
2016-08-06,75.73087998986705,14.99380342134009,MODIS-Terra
2016-08-10,71.38073671711635,15.110977232392884,MODIS-Terra
2016-08-11,68.54990109648926,15.19111778148806,MODIS-Terra
2016-08-12,83.70068925302178,14.795571877280167,MODIS-Terra
2016-08-13,55.9366274248639,15.593697787731116,MODIS-Terra
2016-08-14,94.37656681393362,14.557681305759843,MODIS-Terra
2016-08-15,81.12913147471093,14.857397932150889,MODIS-Terra
2016-08-16,88.5909093472689,14.683057939272203,MODIS-Terra
2016-08-17,85.38094008257924,14.75618998703851,MODIS-Terra
2016-08-18,84.80371122070707,14.769631286433878,MODIS-Terra
2016-08-19,52.05840458263853,15.73590272184208,MODIS-Terra
2016-08-20,84.72883324893716,14.771381570914969,MODIS-Terra
2016-08-21,78.62942872624795,14.919399156598274,MODIS-Terra
2016-08-22,57.622244627256066,15.534931823579882,MODIS-Terra
2016-08-23,95.72566461222624,14.529549338225934,MODIS-Terra
2016-08-24,84.45170005376468,14.777873052463747,MODIS-Terra
2016-08-25,62.05452121659554,15.388231782656476,MODIS-Terra
2016-08-26,68.56616472620296,15.190647998057557,MODIS-Terra
2016-08-27,62.783291834063114,15.365115792761117,MODIS-Terra
2016-08-28,110.46269388801352,14.245684093261843,MODIS-Terra
2016-08-29,87.26700231722143,14.71289476634638,MODIS-Terra
2016-08-31,86.28873431657745,14.735233445956283,MODIS-Terra
2016-09-05,97.73897264667124,14.488293954834262,MODIS-Terra
2016-09-08,84.04061266111113,14.787541474815612,MODIS-Terra
2016-09-09,98.39414326505452,14.475051243796088,MODIS-Terra
2016-09-10,88.03966377755816,14.695426935720548,MODIS-Terra
2016-09-11,70.45959264889969,15.13670135843995,MODIS-Terra
2016-09-12,69.22893925454345,15.171597361904105,MODIS-Terra
2016-09-13,71.37945017341274,15.111012929369736,MODIS-Terra
2016-09-14,81.118103515045,14.857667256741024,MODIS-Terra
2016-09-15,72.89580897641814,15.069378565232,MODIS-Terra
2016-09-16,59.386148014626784,15.475244724658296,MODIS-Terra
2016-09-20,70.33633697352523,15.140168849337101,MODIS-Terra
2016-09-21,88.05339643510962,14.695117861528047,MODIS-Terra
2016-09-24,86.31641366285797,14.734597924900072,MODIS-Terra
2016-09-25,79.14996388486851,14.906327577825778,MODIS-Terra
2016-09-26,80.48151144070029,14.873276317821706,MODIS-Terra
2016-09-27,76.12989533689061,14.983393951803123,MODIS-Terra
2016-09-28,79.57579244203492,14.895697857489267,MODIS-Terra
2016-09-30,72.3888568123403,15.083200941309656,MODIS-Terra
2016-10-11,76.10580965079785,14.984020751671437,MODIS-Terra
2016-10-12,69.58522442376723,15.16143142668011,MODIS-Terra
2016-10-22,67.41905112220692,15.224058594340022,MODIS-Terra
2016-10-28,51.77132094588631,15.746845891737621,MODIS-Terra
2016-11-04,37.4410722155916,16.38787226456941,MODIS-Terra
2016-11-08,55.3779449544454,15.613565614959498,MODIS-Terra
2016-11-10,71.29402481108741,15.113384614102756,MODIS-Terra
2016-11-19,48.81972033093488,15.863002012361676,MODIS-Terra
2016-12-21,33.66387014897939,16.598108062916594,MODIS-Terra
2016-12-29,34.50648836477639,16.549238479504766,MODIS-Terra
2016-12-31,35.625912420260065,16.486124440320054,MODIS-Terra
2017-01-06,33.944504518266285,16.581697825643346,MODIS-Terra
2017-01-16,37.83292077883343,16.36728634767826,MODIS-Terra
2017-01-24,42.00809548877593,16.160270897303803,MODIS-Terra
2017-02-13,51.8693269849297,15.743103268586083,MODIS-Terra
2017-02-17,67.84882992679177,15.211474990595775,MODIS-Terra
2017-02-25,69.64873333642007,15.159624771108042,MODIS-Terra
2017-03-02,43.6166642432057,16.08594685803314,MODIS-Terra
2017-03-19,87.55219906280597,14.706429327154865,MODIS-Terra
2017-04-03,74.71094562894181,15.020662016733581,MODIS-Terra
2017-04-15,124.72282929075736,14.004904088506578,MODIS-Terra
2017-04-21,84.57786920100172,14.774915075152876,MODIS-Terra
2017-04-29,84.80371122070707,14.769631286433878,MODIS-Terra
2017-05-03,100.9490328501314,14.424237107551562,MODIS-Terra
2017-05-07,91.3709907207196,14.62182484167738,MODIS-Terra
2017-05-08,75.16708710322602,15.008605225955534,MODIS-Terra
2017-05-09,79.09278797190342,14.90775916991447,MODIS-Terra
2017-05-10,63.16670735960161,15.353061389038203,MODIS-Terra
2017-05-19,87.85034060078344,14.699692847636356,MODIS-Terra
2017-05-20,73.06422758346933,15.064807733110001,MODIS-Terra
2017-05-21,87.0307085563855,14.718267554105637,MODIS-Terra
2017-05-23,98.32306584826908,14.476483644277891,MODIS-Terra
2017-05-24,54.04706181514883,15.661711492485324,MODIS-Terra
2017-05-25,86.81875410313093,14.723099314118826,MODIS-Terra
2017-05-26,93.94856417475538,14.56669006456309,MODIS-Terra
2017-05-27,118.64215986763035,14.104032515423114,MODIS-Terra
2017-05-28,83.66145353364088,14.796500881116458,MODIS-Terra
2017-05-29,80.20902436848202,14.879995297073378,MODIS-Terra
2017-05-31,54.05745119113053,15.661331087327994,MODIS-Terra
2017-06-17,101.3731356330789,14.415926455663111,MODIS-Terra
2017-06-18,50.3567159348483,15.801667852895207,MODIS-Terra
2017-06-19,91.93200225177657,14.609693769699675,MODIS-Terra
2017-06-20,49.427508499658856,15.838520936438385,MODIS-Terra
2017-06-21,76.57981912081911,14.971721463860945,MODIS-Terra
2017-06-22,97.43105784250542,14.49454833192192,MODIS-Terra
2017-06-23,96.06125281303132,14.52261292894616,MODIS-Terra
2017-06-24,98.10552284403968,14.480874145543112,MODIS-Terra
2017-06-25,86.98181409282854,14.719381120709954,MODIS-Terra
2017-06-26,81.17168114105199,14.8563591272532,MODIS-Terra
2017-06-27,43.08019056730505,16.110426369946936,MODIS-Terra
2017-06-28,91.82134327720247,14.612080755306579,MODIS-Terra
2017-06-29,96.82409504588972,14.506934925911082,MODIS-Terra
2017-06-30,100.82863200645572,14.426602810768259,MODIS-Terra
2017-07-01,88.26647565871136,14.69032834256484,MODIS-Terra
2017-07-02,82.22714385575337,14.830763481361032,MODIS-Terra
2017-07-03,91.8145197986526,14.612228036051306,MODIS-Terra
2017-07-05,87.2003882099511,14.714407950945883,MODIS-Terra
2017-07-06,72.78136918820584,15.072490442069125,MODIS-Terra
2017-07-07,118.48425185568335,14.10667376790957,MODIS-Terra
2017-07-08,91.82134327720247,14.612080755306579,MODIS-Terra
2017-07-09,96.84584852479064,14.506489655262385,MODIS-Terra
2017-07-10,87.06860954725737,14.717404791989907,MODIS-Terra
2017-07-11,55.3183554361502,15.615696520778556,MODIS-Terra
2017-07-12,93.932319356126,14.567032797355523,MODIS-Terra
2017-07-13,76.1093241047135,14.983929280074676,MODIS-Terra
2017-07-14,89.46417948598813,14.66361953710441,MODIS-Terra
2017-07-15,78.7131215669866,14.917291665602875,MODIS-Terra
2017-07-16,105.9011651674416,14.329296783465338,MODIS-Terra
2017-07-17,95.17838585275857,14.540913463236507,MODIS-Terra
2017-07-18,77.82463213649078,14.939779912471181,MODIS-Terra
2017-07-19,98.95704587645122,14.463743564778724,MODIS-Terra
2017-07-20,59.861235548292235,15.459470851915512,MODIS-Terra
2017-07-21,92.8091319456459,14.59087427928796,MODIS-Terra
2017-07-22,81.94691246268322,14.837527177970742,MODIS-Terra
2017-07-23,132.93593613844163,13.87840473614358,MODIS-Terra
2017-07-24,103.38788318786987,14.376913610718248,MODIS-Terra
2017-07-25,77.76285408055656,14.941353063878523,MODIS-Terra
2017-07-26,75.97744213049958,14.987364696703366,MODIS-Terra
2017-07-27,69.69003072030897,15.158450854429361,MODIS-Terra
2017-07-28,93.35505911854166,14.579250352956137,MODIS-Terra
2017-07-29,98.0354479632492,14.482290480320444,MODIS-Terra
2017-07-30,100.33323353158568,14.436366416028136,MODIS-Terra
2017-07-31,109.65582056652109,14.260220347048175,MODIS-Terra
2017-08-01,106.54725028034868,14.317238113918279,MODIS-Terra
2017-08-04,70.82625932214427,15.126421762582027,MODIS-Terra
2017-08-05,70.60118690843571,15.132725416603876,MODIS-Terra
2017-08-08,71.8153946575172,15.098953616427593,MODIS-Terra
2017-08-09,78.22986702907698,14.929491560475299,MODIS-Terra
2017-08-10,85.85708364451132,14.745170592760246,MODIS-Terra
2017-08-11,65.73170240169078,15.274248904336673,MODIS-Terra
2017-08-16,78.65772077494815,14.918686477000847,MODIS-Terra
2017-08-17,101.99131869247036,14.403874542852577,MODIS-Terra
2017-08-18,72.8214569583811,15.071399809865738,MODIS-Terra
2017-08-19,86.26507965303846,14.735776720975423,MODIS-Terra
2017-08-23,133.54962474554551,13.869267975355115,MODIS-Terra
2017-08-24,87.90792967451364,14.698394256039705,MODIS-Terra
2017-08-30,66.58538635157335,15.24869745098431,MODIS-Terra
2017-09-01,58.19931660002473,15.515206570763553,MODIS-Terra
2017-09-10,73.20749729774258,15.060927699170179,MODIS-Terra
2017-09-11,67.25812271641814,15.228791057720855,MODIS-Terra
2017-09-13,75.51243180539335,14.99952547054545,MODIS-Terra
2017-09-14,50.45038963083365,15.797990386940796,MODIS-Terra
2017-09-15,68.0305118416664,15.206179369856386,MODIS-Terra
2017-09-24,83.43527983386942,14.801864596518044,MODIS-Terra
2017-09-26,85.74995191772295,14.747644619534071,MODIS-Terra
2017-09-27,84.45170005376468,14.777873052463747,MODIS-Terra
2017-09-28,73.61365449198266,15.049969171092584,MODIS-Terra
2017-10-03,83.66461290847211,14.796426058926158,MODIS-Terra
2017-10-04,84.26285213810337,14.78230875083841,MODIS-Terra
2017-10-05,76.86366430824634,14.964392731276462,MODIS-Terra
2017-10-06,73.00444367548974,15.066429046821668,MODIS-Terra
2017-10-14,57.96610976634109,15.523154367170491,MODIS-Terra
2017-10-16,64.30788177620306,15.317610560658181,MODIS-Terra
2017-10-23,76.40014117809356,14.976374670177847,MODIS-Terra
2017-10-25,76.56335107169069,14.972147491339001,MODIS-Terra
2017-10-26,87.80384953451069,14.700741806808196,MODIS-Terra
2017-10-27,73.48613302446115,15.053403319808808,MODIS-Terra
2017-10-28,63.67123090030881,15.3373101280647,MODIS-Terra
2017-10-30,55.753076997301775,15.60020327989264,MODIS-Terra
2017-10-31,65.30063853182814,15.287277035384932,MODIS-Terra
2017-11-14,46.33541982003801,15.966332200865509,MODIS-Terra
2017-12-05,46.08944423990106,15.976862202167695,MODIS-Terra
2017-12-06,46.667214229976125,15.952216355187488,MODIS-Terra
2017-12-07,51.9694475359812,15.739287173253501,MODIS-Terra
2017-12-08,38.60513026146769,16.327333242998634,MODIS-Terra
2017-12-09,46.6364209517694,15.953522202102704,MODIS-Terra
2017-12-10,34.0930478152947,16.573066366742523,MODIS-Terra
2017-12-11,38.561935002334344,16.329546975432663,MODIS-Terra
2017-12-13,36.28917474299557,16.449655834358737,MODIS-Terra
2017-12-31,34.0224887195932,16.577161682678252,MODIS-Terra
2018-01-01,43.07578937236495,16.110628453182926,MODIS-Terra
2018-01-03,48.021947168087415,15.895600974013973,MODIS-Terra
2018-01-14,38.27558740580821,16.34428496871294,MODIS-Terra
2018-02-06,62.052487989118255,15.388296652959184,MODIS-Terra
2018-02-12,43.09029401053171,16.10996254279246,MODIS-Terra
2018-02-13,41.15823011998301,16.200693381640235,MODIS-Terra
2018-03-06,50.94330550134362,15.778750885212048,MODIS-Terra
2018-03-10,55.14908286957097,15.621762176387278,MODIS-Terra
2018-03-11,60.0748056756063,15.452420528997095,MODIS-Terra
2018-03-19,68.85432476124258,15.18234272437121,MODIS-Terra
2018-03-20,47.897109978577035,15.900750951842383,MODIS-Terra
2018-04-19,82.36485230276503,14.827448155091702,MODIS-Terra
2018-04-22,71.51926176739707,15.107137408285894,MODIS-Terra
2018-04-23,58.43956480432519,15.50705194999864,MODIS-Terra
2018-04-24,57.49255933064543,15.539391786833562,MODIS-Terra
2018-04-25,61.92408923679336,15.392397526686182,MODIS-Terra
2018-04-26,66.65172523982817,15.246725576592894,MODIS-Terra
2018-05-02,89.23701702806638,14.668657747354587,MODIS-Terra
2018-05-03,73.92194738828827,15.04169130530454,MODIS-Terra
2018-05-07,88.51923897321585,14.684661750053806,MODIS-Terra
2018-05-08,60.42585025373923,15.440886072687363,MODIS-Terra
2018-05-12,44.44493516153502,16.04873611392918,MODIS-Terra
2018-05-13,73.38418140816525,15.056153151639705,MODIS-Terra
2018-05-14,80.27556800642189,14.878352367079515,MODIS-Terra
2018-05-17,81.60575997258877,14.845792479424063,MODIS-Terra
2018-05-18,81.81996912640527,14.840598692397407,MODIS-Terra
2018-05-22,69.60319991056848,15.160919906229083,MODIS-Terra
2018-05-23,88.37481487953991,14.687897552639356,MODIS-Terra
2018-05-24,81.37227493206846,14.851469147278294,MODIS-Terra
2018-05-27,65.6285990519617,15.277357247634313,MODIS-Terra
2018-05-28,81.82987987924942,14.840358721333928,MODIS-Terra
2018-06-01,98.05010244231389,14.481994204418243,MODIS-Terra
2018-06-02,70.31595200462857,15.140742913578151,MODIS-Terra
2018-06-05,51.668474055252005,15.750780982241508,MODIS-Terra
2018-06-11,107.12650775482426,14.306488575429853,MODIS-Terra
2018-06-12,71.95903627920032,15.094996117903975,MODIS-Terra
2018-06-19,102.29871193078746,14.397908791156397,MODIS-Terra
2018-06-20,83.84111190404388,14.79225057498968,MODIS-Terra
2018-06-21,48.894786277208446,15.859962030935662,MODIS-Terra
2018-06-22,94.74051415435817,14.550052806624535,MODIS-Terra
2018-06-23,77.57191706403162,14.946223084093049,MODIS-Terra
2018-06-24,106.8554783803838,14.311510952375102,MODIS-Terra
2018-06-25,94.25481987213068,14.56023972692833,MODIS-Terra
2018-06-26,113.4542721751482,14.192698211950187,MODIS-Terra
2018-06-27,114.1793040508967,14.180066510981192,MODIS-Terra
2018-06-28,67.85205057062063,15.211380992965587,MODIS-Terra
2018-06-29,107.19608441221986,14.305201312273653,MODIS-Terra
2018-06-30,45.37804049786281,16.007635258566665,MODIS-Terra
2018-07-01,97.31534275156572,14.496903839077618,MODIS-Terra
2018-07-03,142.74741854570007,13.737130758923286,MODIS-Terra
2018-07-05,102.52437567465772,14.393540579219575,MODIS-Terra
2018-07-06,99.06453922608068,14.461591517989632,MODIS-Terra
2018-07-07,59.24129340690748,15.480079237990026,MODIS-Terra
2018-07-08,99.26361018865371,14.457612205472515,MODIS-Terra
2018-07-09,54.36436780415392,15.650126163174377,MODIS-Terra
2018-07-10,111.2081233890224,14.232348591014556,MODIS-Terra
2018-07-11,124.67574200224068,14.00565303740666,MODIS-Terra
2018-07-12,132.80337283493134,13.880383898879359,MODIS-Terra
2018-07-14,99.58618586226284,14.451180973905934,MODIS-Terra
2018-07-15,115.79053511686224,14.152279289623607,MODIS-Terra
2018-07-16,86.17344305705204,14.737882735991434,MODIS-Terra
2018-07-17,98.94794470420524,14.46392587983155,MODIS-Terra
2018-07-18,102.2235361877472,14.39936611537064,MODIS-Terra
2018-07-19,144.87233448321606,13.70781278183074,MODIS-Terra
2018-07-20,127.69583272514936,13.958179016858821,MODIS-Terra
2018-07-21,93.8182238292768,14.569441649106125,MODIS-Terra
2018-07-22,98.04215079690712,14.482154960770117,MODIS-Terra
2018-07-23,113.1115000417262,14.198698137123074,MODIS-Terra
2018-07-24,96.3963145032328,14.515711473041165,MODIS-Terra
2018-07-25,107.4936444130327,14.299705432729638,MODIS-Terra
2018-07-26,132.63545611126506,13.882893716909393,MODIS-Terra
2018-07-27,104.67668066424145,14.352353494164731,MODIS-Terra
2018-07-28,114.45646207443308,14.175258914141978,MODIS-Terra
2018-07-29,103.10723467133356,14.382302298651211,MODIS-Terra
2018-07-30,80.59077211344902,14.870588541798384,MODIS-Terra
2018-07-31,93.2072657342968,14.582390475457487,MODIS-Terra
2018-08-02,90.20823035337948,14.647206204560462,MODIS-Terra
2018-08-05,83.20515098365442,14.807337013751976,MODIS-Terra
2018-08-06,98.89461279655208,14.464994563064806,MODIS-Terra
2018-08-07,87.07941790206063,14.717158823817272,MODIS-Terra
2018-08-08,82.06306544272734,14.834720901377068,MODIS-Terra
2018-08-09,127.32754454908697,13.963907975261804,MODIS-Terra
2018-08-10,88.00435527947266,14.696221827589397,MODIS-Terra
2018-08-12,111.1745636405916,14.232947045368178,MODIS-Terra
2018-08-14,95.22041139853796,14.540038504542736,MODIS-Terra
2018-08-15,75.3188952522048,15.004608792782506,MODIS-Terra
2018-08-17,58.994061044073085,15.488357902041116,MODIS-Terra
2018-08-18,84.73851742305854,14.771155114963562,MODIS-Terra
2018-08-19,72.64751740750629,15.07613637319696,MODIS-Terra
2018-08-21,86.0688193646443,14.740289956419929,MODIS-Terra
2018-08-22,62.997502636253046,15.358372083963673,MODIS-Terra
2018-08-24,71.98012293385672,15.094415818676566,MODIS-Terra
2018-08-28,84.64774618313918,14.773278734787482,MODIS-Terra
2018-08-29,76.7300362387243,14.967839568682962,MODIS-Terra
2018-09-01,71.48659215646173,15.10804231975294,MODIS-Terra
2018-09-02,89.7769160513654,14.656704223732959,MODIS-Terra
2018-09-03,82.47666827429036,14.824760253849263,MODIS-Terra
2018-09-04,86.85876111836957,14.722186405314801,MODIS-Terra
2018-09-05,94.18099160091964,14.561792778890094,MODIS-Terra
2018-09-06,78.33026149062498,14.926950900229599,MODIS-Terra
2018-09-07,77.41045053978833,14.950350772438469,MODIS-Terra
2018-09-08,81.84335484165022,14.840032495840205,MODIS-Terra
2018-09-09,85.46005467738028,14.754354797898031,MODIS-Terra
2018-09-18,77.97267874149783,14.936015033057743,MODIS-Terra
2018-09-19,71.09517907420562,15.118916211619535,MODIS-Terra
2018-09-20,58.747254576956145,15.49665689191761,MODIS-Terra
2018-09-24,57.91408151125303,15.524931865035569,MODIS-Terra
2018-09-25,65.85011905440767,15.27068489238377,MODIS-Terra
2018-09-26,68.6554914709803,15.188069728395817,MODIS-Terra
2018-09-27,80.16016165855036,14.881202559444546,MODIS-Terra
2018-09-28,67.76612799813623,15.213890252637725,MODIS-Terra
2018-10-03,55.432014105026326,15.611634094164629,MODIS-Terra
2018-10-10,60.40014029802399,15.441728567147493,MODIS-Terra
2018-10-11,65.18605829044802,15.290754448919074,MODIS-Terra
2018-10-12,54.48303910721031,15.645810612045011,MODIS-Terra
2018-10-13,70.05380401048426,15.148140132552044,MODIS-Terra
2018-10-14,61.94187354487444,15.39182901542938,MODIS-Terra
2018-10-15,70.50995478486054,15.135286286121755,MODIS-Terra
2018-10-16,68.23770732848838,15.200157274666594,MODIS-Terra
2018-10-17,56.545214026372115,15.572279257704622,MODIS-Terra
2018-10-18,54.66110526630343,15.63935268890043,MODIS-Terra
2018-10-19,50.102914193954966,15.81166605883459,MODIS-Terra
2018-10-20,52.90902505035294,15.703828338282278,MODIS-Terra
2018-10-21,55.191675059867286,15.620234195738476,MODIS-Terra
2018-10-22,61.435254350479454,15.408088210288724,MODIS-Terra
2018-11-08,50.72425015317941,15.787278032176346,MODIS-Terra
2018-11-09,38.19092608324167,16.34866346157628,MODIS-Terra
2018-11-10,44.271765797254766,16.05645837235022,MODIS-Terra
2018-11-11,38.12910199614771,16.351866984491153,MODIS-Terra
2018-11-12,34.885223338358315,16.527659373481242,MODIS-Terra
2018-11-15,51.51972228071331,15.756486312092079,MODIS-Terra
2018-11-16,36.18794861702379,16.455178417962998,MODIS-Terra
2018-11-17,50.31846491747591,15.803171483453184,MODIS-Terra
2018-11-18,41.08725280869417,16.204106885337865,MODIS-Terra
2018-11-19,47.05749002681423,15.935740043320493,MODIS-Terra
2018-11-20,38.55340953667998,16.32998419293142,MODIS-Terra
2018-12-04,34.673685045253166,16.539683170196554,MODIS-Terra
2018-12-05,33.870092423097894,16.586035889752452,MODIS-Terra
2018-12-06,38.73517817769697,16.32068324652255,MODIS-Terra
2018-12-13,34.765122635056066,16.534476921958003,MODIS-Terra
2018-12-31,36.77658581080496,16.423277500778568,MODIS-Terra
2019-01-01,36.605546096913386,16.43249412219575,MODIS-Terra
2019-01-02,36.626518075885855,16.431361721382814,MODIS-Terra
2019-01-12,49.943773209510745,15.817961021913561,MODIS-Terra
2019-01-13,46.17186966048162,15.9733274099749,MODIS-Terra
2019-01-14,44.675516473975975,16.038500098989402,MODIS-Terra
2019-01-24,35.942947485486776,16.468608955078253,MODIS-Terra
2019-01-25,41.07681873026428,16.20460918607239,MODIS-Terra
2019-01-29,45.58046048971121,15.998830508400943,MODIS-Terra
2019-01-30,31.483417112731967,16.730463643517623,MODIS-Terra
2019-01-31,35.144050870993226,16.51304620261783,MODIS-Terra
2019-03-03,33.995297815345744,16.578742129884972,MODIS-Terra
2019-03-10,35.36445755649377,16.50068661520322,MODIS-Terra
2019-03-15,41.04864642150997,16.20596604829302,MODIS-Terra
2019-03-17,42.68087889304408,16.128845320363098,MODIS-Terra
2019-03-18,35.4708219623138,16.494749553419183,MODIS-Terra
2019-03-19,36.45476065552784,16.440655019484893,MODIS-Terra
2019-03-24,44.08515754531834,16.06481371813379,MODIS-Terra
2019-03-30,61.98886936382164,15.390327482524981,MODIS-Terra
2019-04-18,80.56830447124523,14.871140941319027,MODIS-Terra
2019-04-24,81.03200163723284,14.859771291435095,MODIS-Terra
2019-04-26,94.08931027847628,14.563723078852036,MODIS-Terra
2019-04-28,112.65513507403294,14.206714612165001,MODIS-Terra
2019-04-29,90.63698929761767,14.63780924494256,MODIS-Terra
2019-04-30,88.70727767152127,14.680456650155747,MODIS-Terra
2019-05-01,88.54628159143789,14.684056449130026,MODIS-Terra
2019-05-02,92.17324215202426,14.604499987369536,MODIS-Terra
2019-05-03,89.99725923658943,14.651846349872471,MODIS-Terra
2019-05-04,77.79193877185011,14.940612279599918,MODIS-Terra
2019-05-05,84.21140499757732,14.783518870376042,MODIS-Terra
2019-05-06,95.43409561359144,14.535595615772536,MODIS-Terra
2019-05-07,69.7989303596501,15.155358604581124,MODIS-Terra
2019-05-08,74.05939133029158,15.038011937198462,MODIS-Terra
2019-05-09,72.32866112572037,15.084848624202891,MODIS-Terra
2019-05-10,96.93422179795871,14.504681773292646,MODIS-Terra
2019-05-11,101.50624830012642,14.413325149712819,MODIS-Terra
2019-05-13,88.27845340461495,14.690059453507388,MODIS-Terra
2019-05-29,84.36937318152468,14.779805545235718,MODIS-Terra
2019-05-31,88.21275970877032,14.691534662544882,MODIS-Terra
2019-06-01,66.26013125632775,15.258393861263698,MODIS-Terra
2019-06-02,92.54608141802312,14.596499541888306,MODIS-Terra
2019-06-03,89.99289384688996,14.65194247774366,MODIS-Terra
2019-06-04,101.83068014304882,14.40699928318827,MODIS-Terra
2019-06-11,135.63535159455108,13.838525152897205,MODIS-Terra
2019-06-12,104.83505560149884,14.349356234809534,MODIS-Terra
2019-06-13,114.45083220217694,14.175356454599523,MODIS-Terra
2019-06-14,104.51075990181306,14.355498414264957,MODIS-Terra
2019-06-15,75.7585388890425,14.993080096375934,MODIS-Terra
2019-06-16,101.59262173784796,14.411639047700191,MODIS-Terra
2019-06-17,46.72483527091411,15.94977513357594,MODIS-Terra
2019-06-18,121.14963216189255,14.06255470630174,MODIS-Terra
2019-06-19,80.25421929036526,14.878879308438854,MODIS-Terra
2019-06-22,69.66572656172384,15.159141638779374,MODIS-Terra
2019-06-23,107.31372104614697,14.303026768354016,MODIS-Terra
2019-06-24,62.104093680776735,15.386650824392405,MODIS-Terra
2019-06-26,69.08044720576486,15.175849721972554,MODIS-Terra
2019-06-28,93.97542230759532,14.566123541952834,MODIS-Terra
2019-06-29,119.5093083544323,14.089590340632753,MODIS-Terra
2019-06-30,106.5255329273519,14.317642265275367,MODIS-Terra
2019-07-04,106.51929957941483,14.317758280596195,MODIS-Terra
2019-07-05,74.30990866149533,15.031323085707413,MODIS-Terra
2019-07-14,87.55655583074956,14.706330721766676,MODIS-Terra
2019-07-19,51.89293140581477,15.742202924501271,MODIS-Terra
2019-07-20,94.53885382707249,14.554276079018564,MODIS-Terra
2019-07-21,82.50724816655239,14.824025788465292,MODIS-Terra
2019-07-22,116.77784770403797,14.135442070890008,MODIS-Terra
2019-07-24,102.90596144141284,14.386175929993897,MODIS-Terra
2019-07-25,94.9392540796766,14.545899457965675,MODIS-Terra
2019-07-27,119.22389126432216,14.094332330128395,MODIS-Terra
2019-07-28,70.52578859050999,15.134841597077525,MODIS-Terra
2019-07-29,116.035619981093,14.148086390892104,MODIS-Terra
2019-07-30,90.77934446547977,14.634699098181272,MODIS-Terra
2019-07-31,106.13119383229056,14.324995088636797,MODIS-Terra
2019-08-01,109.1530902650136,14.269331343412546,MODIS-Terra
2019-08-02,94.0431281945296,14.564696127924663,MODIS-Terra
2019-08-03,94.1809916009196,14.561792778890094,MODIS-Terra
2019-08-04,59.17326206867702,15.482353850092295,MODIS-Terra
2019-08-05,117.55537561987708,14.122282068076856,MODIS-Terra
2019-08-06,83.72498787548265,14.79499676435637,MODIS-Terra
2019-08-07,98.03153513973278,14.48236959502708,MODIS-Terra
2019-08-12,83.32586496719334,14.80446457997391,MODIS-Terra
2019-08-13,85.81433302130407,14.746157477000565,MODIS-Terra
2019-08-14,105.46667303448922,14.337447573376153,MODIS-Terra
2019-08-15,77.51337698742029,14.947718596340906,MODIS-Terra
2019-08-16,104.33704853356204,14.358796340861886,MODIS-Terra
2019-08-17,87.48473368937786,14.707956875176137,MODIS-Terra
2019-08-18,96.78040824083334,14.507829449974452,MODIS-Terra
2019-08-19,87.77084312345035,14.701486853454753,MODIS-Terra
2019-08-22,84.94699630410885,14.766286267646024,MODIS-Terra
2019-08-23,103.18142352452692,14.380876389017772,MODIS-Terra
2019-08-24,74.4259157652161,15.028233293453468,MODIS-Terra
2019-08-25,90.48137138099516,14.641214732636058,MODIS-Terra
2019-08-26,91.95656978891724,14.609164220795492,MODIS-Terra
2019-08-27,64.68788992895117,15.305944654498376,MODIS-Terra
2019-08-28,73.07157782664397,15.064608489043394,MODIS-Terra
2019-08-30,100.9490328501314,14.424237107551562,MODIS-Terra
2019-08-31,98.95704587645122,14.463743564778724,MODIS-Terra
2019-09-01,38.99531135577557,16.307447905457025,MODIS-Terra
2019-09-02,84.32110663823069,14.780939400571924,MODIS-Terra
2019-09-03,81.57075587877839,14.84664249281127,MODIS-Terra
2019-09-04,80.5006853868756,14.872804381959327,MODIS-Terra
2019-09-05,83.25626810913143,14.806120155832673,MODIS-Terra
2019-09-06,77.80466008275607,14.94028835587278,MODIS-Terra
2019-09-11,80.50474967137424,14.872704360531202,MODIS-Terra
2019-09-12,96.22847130401502,14.519165638726122,MODIS-Terra
2019-09-14,54.60220675726036,15.641486435045294,MODIS-Terra
2019-09-21,75.73087998986705,14.99380342134009,MODIS-Terra
2019-09-25,62.151217693247865,15.385149118338859,MODIS-Terra
2019-09-30,98.83951559730936,14.46609922367179,MODIS-Terra
2019-10-01,85.54817652527849,14.752312664987471,MODIS-Terra
2019-10-05,41.87555914039045,16.166520796549662,MODIS-Terra
2019-10-06,71.95903627920032,15.094996117903975,MODIS-Terra
2019-10-07,82.86920491694936,14.815352908014574,MODIS-Terra
2019-10-09,53.329611161713615,15.688158812856386,MODIS-Terra
2019-10-10,82.17834862340455,14.83193955389902,MODIS-Terra
2019-10-14,55.05145864418079,15.6252688583088,MODIS-Terra
2019-10-24,68.46672234117526,15.193522182772767,MODIS-Terra
2019-10-27,44.807698033278015,16.032656002169574,MODIS-Terra
2019-10-28,45.30382808254585,16.01087312541972,MODIS-Terra
2019-10-29,51.880667240168115,15.742670665920969,MODIS-Terra
2019-10-30,60.17087788032927,15.449257166122834,MODIS-Terra
2019-11-01,44.00797746185335,16.068279757138043,MODIS-Terra
2019-11-02,49.1133820598003,15.851135896693563,MODIS-Terra
2019-11-03,42.02828697260412,16.159320472103786,MODIS-Terra
2019-11-04,44.41463474409247,16.05008515240661,MODIS-Terra
2019-11-06,41.7961271619503,16.17027596251978,MODIS-Terra
2019-11-08,31.70004431867278,16.71691152971448,MODIS-Terra
2019-11-09,40.8793786899696,16.214138092895155,MODIS-Terra
2019-11-11,41.60824916364565,16.179186345294397,MODIS-Terra
2019-11-20,35.82978347576934,16.474843267492133,MODIS-Terra
2019-11-21,33.75053772030624,16.593025615226793,MODIS-Terra
2019-11-22,36.38359940862004,16.444518150861768,MODIS-Terra
2019-11-28,33.00085889000761,16.637426407870862,MODIS-Terra
2019-11-29,37.21919515886969,16.399624159759924,MODIS-Terra
2019-11-30,36.46848894777795,16.43991061707618,MODIS-Terra
2019-12-02,42.46899900644537,16.138688569364717,MODIS-Terra
2019-12-03,33.296580040026804,16.619792910419847,MODIS-Terra
2019-12-05,36.38698764063517,16.44433404307165,MODIS-Terra
2019-12-28,23.650919430314296,17.295604053765942,MODIS-Terra
2020-01-25,41.029463625496184,16.206890480474044,MODIS-Terra
2020-02-10,42.19716131312709,16.15138924301914,MODIS-Terra
2020-02-12,43.90671396867483,16.072836552362105,MODIS-Terra
2020-02-13,40.26173394422246,16.244246217242107,MODIS-Terra
2020-02-18,73.01955543039935,15.06601909754022,MODIS-Terra
2020-02-19,70.0076924866796,15.149444149479677,MODIS-Terra
2020-02-21,58.406226238777194,15.508181543532032,MODIS-Terra
2020-02-22,60.93667668728386,15.424220417924403,MODIS-Terra
2020-02-25,71.4762945933002,15.108327636165654,MODIS-Terra
2020-02-27,63.874284363224895,15.331005889711832,MODIS-Terra
2020-02-28,59.20982982778223,15.481130891490238,MODIS-Terra
2020-03-01,43.59099956068785,16.087111091375164,MODIS-Terra
2020-03-04,38.1944256546828,16.348482279891186,MODIS-Terra
2020-03-05,59.01926932940461,15.487512210871955,MODIS-Terra
2020-03-09,35.15378810302631,16.512498544531354,MODIS-Terra
2020-03-10,58.77957873378085,15.495567999239256,MODIS-Terra
2020-03-12,70.057041718121,15.14804860354036,MODIS-Terra
2020-03-15,67.94416259765238,15.20869449565862,MODIS-Terra
2020-03-16,60.79784625469108,15.42873591565342,MODIS-Terra
2020-03-17,59.13944028684201,15.483485644451548,MODIS-Terra
2020-03-19,58.083006934870475,15.519166479275327,MODIS-Terra
2020-03-21,57.48470348294701,15.539662276874424,MODIS-Terra
2020-03-22,59.171962420214626,15.482397328924662,MODIS-Terra
2020-04-05,46.741478784826406,15.949070559329698,MODIS-Terra
2020-04-07,55.40426147218483,15.612625271001207,MODIS-Terra
2020-04-08,60.535354233334864,15.437301715667786,MODIS-Terra
2020-04-09,55.74649519680223,15.600436952123005,MODIS-Terra
2020-04-10,59.581932736672414,15.468729080461912,MODIS-Terra
2020-04-11,71.42981994988504,15.109615827642415,MODIS-Terra
2020-04-12,58.68199478275172,15.498857098299254,MODIS-Terra
2020-04-13,61.01973944638614,15.421523682502198,MODIS-Terra
2020-04-14,49.67820236729666,15.828510597035915,MODIS-Terra
2020-04-16,53.05678261130808,15.698309311675416,MODIS-Terra
2020-04-17,62.9689540462034,15.359269518495239,MODIS-Terra
2020-04-20,62.15268893999311,15.385102252241836,MODIS-Terra
2020-04-28,50.51536636240701,15.79544351201946,MODIS-Terra
2020-05-07,59.89033886121218,15.458508625607806,MODIS-Terra
2020-05-08,76.20422598924813,14.981460835833559,MODIS-Terra
2020-05-15,77.0376982389216,14.959912604528085,MODIS-Terra
2020-05-24,66.5080985364735,15.250997246899828,MODIS-Terra
2020-05-27,79.14996388486847,14.906327577825778,MODIS-Terra
2020-05-28,94.2950568400678,14.559393812582584,MODIS-Terra
2020-05-29,57.35537665642591,15.544120524235723,MODIS-Terra
2020-06-01,60.48477092795382,15.438956637647493,MODIS-Terra
2020-06-02,86.05714368812806,14.74055877568901,MODIS-Terra
2020-06-18,104.91144876609307,14.347912101808902,MODIS-Terra
2020-06-19,80.39601854162768,14.87538195377283,MODIS-Terra
2020-06-21,99.73940501357936,14.448133499446158,MODIS-Terra
2020-06-22,130.07078598088953,13.92162624875914,MODIS-Terra
2020-06-25,99.4078459697761,14.454733986006886,MODIS-Terra
2020-06-26,94.6756847744596,14.55140951754447,MODIS-Terra
2020-07-02,86.68450035070775,14.726165882097916,MODIS-Terra
2020-07-03,59.581932736672414,15.468729080461912,MODIS-Terra
2020-07-05,39.27429745028663,16.29335085706407,MODIS-Terra
2020-07-08,113.5863921581308,14.190390393904295,MODIS-Terra
2020-07-10,100.76749868228508,14.427805071297257,MODIS-Terra
2020-07-11,91.74683787031591,14.613689501882163,MODIS-Terra
2020-07-13,99.62230900240604,14.450462076392,MODIS-Terra
2020-07-14,106.48163167338534,14.318459501297866,MODIS-Terra
2020-07-15,153.91353915926388,13.58768476047294,MODIS-Terra
2020-07-16,96.49570700205491,14.51366883027356,MODIS-Terra
2020-07-18,96.99058564931612,14.50352957730854,MODIS-Terra
2020-07-19,93.61693533245656,14.573698503283936,MODIS-Terra
2020-07-20,95.6085947745068,14.531974810049633,MODIS-Terra
2020-07-21,62.27630743074475,15.381168371723902,MODIS-Terra
2020-07-22,103.48485775157457,14.3750550084618,MODIS-Terra
2020-07-23,90.72693055993636,14.635843660359,MODIS-Terra
2020-07-25,119.69319087246927,14.086541250567393,MODIS-Terra
2020-07-26,93.10536821459904,14.584558355729882,MODIS-Terra
2020-07-27,98.97397497359891,14.463404484898206,MODIS-Terra
2020-07-28,100.6025843884374,14.43105194159159,MODIS-Terra
2020-07-30,84.1150759740728,14.785786668232504,MODIS-Terra
2020-07-31,104.54252645519658,14.354895914647045,MODIS-Terra
2020-08-01,79.45591435009848,14.898684558685432,MODIS-Terra
2020-08-03,105.12924338552112,14.343800672349857,MODIS-Terra
2020-08-04,68.53511932169677,15.19154485721208,MODIS-Terra
2020-08-05,89.66513464411835,14.659173200600208,MODIS-Terra
2020-08-07,94.18099160091964,14.561792778890094,MODIS-Terra
2020-08-09,109.85327418268125,14.256653279424995,MODIS-Terra
2020-08-10,88.03334905589129,14.69556907420565,MODIS-Terra
2020-08-11,90.81762280910988,14.633863630575433,MODIS-Terra
2020-08-13,64.18659770089342,15.321348350180415,MODIS-Terra
2020-08-14,95.89598603332554,14.526025869646219,MODIS-Terra
2020-08-17,92.6392936879032,14.594504401127779,MODIS-Terra
2020-08-18,93.37379703571102,14.57885258816691,MODIS-Terra
2020-08-19,87.80384953451069,14.700741806808196,MODIS-Terra
2020-08-20,110.03233655108347,14.253423980906064,MODIS-Terra
2020-08-22,79.02823328257449,14.90937675573582,MODIS-Terra
2020-08-23,89.0996572000226,14.671710445169879,MODIS-Terra
2020-08-24,85.7768147000068,14.747023979350502,MODIS-Terra
2020-08-25,104.55032688642336,14.354747995868706,MODIS-Terra
2020-08-26,96.2512721933569,14.518696050299582,MODIS-Terra
2020-08-27,95.739332069459,14.529266366522847,MODIS-Terra
2020-08-28,90.8883579034554,14.632320681912347,MODIS-Terra
2020-08-29,64.5465145317207,15.310276747136072,MODIS-Terra
2020-08-30,95.4255012948724,14.535774115911408,MODIS-Terra
2020-08-31,60.959844638480185,15.423467873152617,MODIS-Terra
2020-09-01,89.41978343078829,14.664603188224874,MODIS-Terra
2020-09-03,90.72693055993636,14.635843660359,MODIS-Terra
2020-09-04,76.96210521147388,14.961857341987297,MODIS-Terra
2020-09-05,85.46005467738028,14.754354797898031,MODIS-Terra
2020-09-27,72.64043268234192,15.076329537638912,MODIS-Terra
2020-09-28,67.71731031297084,15.21531732520134,MODIS-Terra
2020-09-29,60.046393553935125,15.4533570197799,MODIS-Terra
2020-09-30,65.15039653555273,15.29183799716452,MODIS-Terra
2020-10-02,60.40195057767526,15.441669234042251,MODIS-Terra
2020-10-03,52.977596334492475,15.701265160934554,MODIS-Terra
2020-10-04,62.451776277271605,15.375597823412477,MODIS-Terra
2020-10-06,55.11089246995391,15.62313324543095,MODIS-Terra
2020-10-08,46.89699748307248,15.942499012634357,MODIS-Terra
2020-10-09,54.80410202598779,15.634181800252918,MODIS-Terra
2020-10-15,52.813831637577366,15.707392142070262,MODIS-Terra
2020-10-16,60.88706358584474,15.42583291827816,MODIS-Terra
2020-10-20,38.3054093483528,16.342744945272557,MODIS-Terra
2020-10-22,44.00797746185335,16.068279757138043,MODIS-Terra
2020-10-25,45.69161614915362,15.994012096163146,MODIS-Terra
2020-10-26,48.198190342691184,15.888353004107444,MODIS-Terra
2020-10-27,46.43838963530736,15.96194069773253,MODIS-Terra
2020-10-28,53.311546342697774,15.688829305738636,MODIS-Terra
2020-10-29,52.798505702409635,15.707966505546437,MODIS-Terra
2020-10-31,43.037849410221334,16.112371341405037,MODIS-Terra
2020-11-01,45.518837410502734,16.001506818227767,MODIS-Terra
2020-11-02,44.78636312613579,16.033598110253934,MODIS-Terra
2020-11-21,33.75533167054702,16.592744863593225,MODIS-Terra
2020-11-29,56.94902246000075,15.558194189069468,MODIS-Terra
2020-12-01,89.47004833257066,14.663489541772492,MODIS-Terra
2020-12-02,32.87325543381591,16.645083977054696,MODIS-Terra
2020-12-04,40.0899782022449,16.252700627688114,MODIS-Terra
2020-12-05,32.09151001597553,16.692654226896025,MODIS-Terra
2020-12-08,43.07295734039279,16.110758498345604,MODIS-Terra
2020-12-12,12.63103006502964,18.533328463775433,MODIS-Terra
2020-12-23,51.46346540164154,15.75864831080878,MODIS-Terra
2020-12-27,39.14631913977496,16.299805104927714,MODIS-Terra
2020-12-28,52.61100663008462,15.715006820572057,MODIS-Terra
2021-01-13,32.99244015124488,16.637930711359218,MODIS-Terra
2021-01-14,38.46266148708373,16.33464407490942,MODIS-Terra
2021-01-18,55.24065791549605,15.618478405471024,MODIS-Terra
2021-01-19,40.441434103773126,16.235439175589704,MODIS-Terra
2021-01-23,48.90030903779442,15.859738556938623,MODIS-Terra
2021-02-09,36.474853785351975,16.43956558518596,MODIS-Terra
2021-02-10,88.37481487953991,14.687897552639356,MODIS-Terra
2021-02-28,75.0545367597633,15.011573375948728,MODIS-Terra
2021-03-03,46.7893566563011,15.947045127227057,MODIS-Terra
2021-03-11,70.3082021079828,15.14096120315844,MODIS-Terra
2021-03-12,69.89230950392607,15.152710895275959,MODIS-Terra
2021-03-13,64.34225750053842,15.316552432252479,MODIS-Terra
2021-03-16,89.7769160513654,14.656704223732959,MODIS-Terra
2021-03-27,62.36536406445018,15.378339168189541,MODIS-Terra
2021-03-30,58.90973776446623,15.491189413141228,MODIS-Terra
2021-03-31,67.41591143099492,15.224150816242968,MODIS-Terra
2021-04-01,53.64588594179839,15.676456534100112,MODIS-Terra
2021-04-05,59.92703200756581,15.457296125402763,MODIS-Terra
2021-04-06,52.269057263845106,15.727911197421463,MODIS-Terra
2021-04-07,60.84606365891115,15.42716646682095,MODIS-Terra
2021-04-09,59.94427617489461,15.456726559301956,MODIS-Terra
2021-04-11,59.135627494290915,15.483613274230152,MODIS-Terra
2021-04-13,56.64708108180369,15.568716637166403,MODIS-Terra
2021-04-14,54.649848519898185,15.63976031544587,MODIS-Terra
2021-04-15,69.08044720576486,15.175849721972554,MODIS-Terra
2021-04-16,62.43323277876737,15.376185779203297,MODIS-Terra
2021-04-17,55.88659018988365,15.595469120686175,MODIS-Terra
2021-04-18,57.08199736792915,15.553577743004553,MODIS-Terra
2021-04-19,50.46381125613302,15.797464035218127,MODIS-Terra
2021-04-20,59.8503788001446,15.459829921915798,MODIS-Terra
2021-04-21,58.632507277598776,15.500527176252945,MODIS-Terra
2021-04-22,72.95019967954886,15.06790126680437,MODIS-Terra
2021-04-27,65.76812894716149,15.2731518850876,MODIS-Terra
2021-04-28,66.21291369260486,15.259805442338575,MODIS-Terra
2021-05-04,64.45972457733474,15.312940897240424,MODIS-Terra
2021-05-05,53.67188124000526,15.675497761284305,MODIS-Terra
2021-05-10,61.94187354487444,15.39182901542938,MODIS-Terra
2021-05-11,71.07650131858117,15.119436592032912,MODIS-Terra
2021-05-14,43.64780948982554,16.084534925879325,MODIS-Terra
2021-05-15,59.53657966507474,15.470236511715939,MODIS-Terra
2021-05-16,72.73041146506766,15.073877668591535,MODIS-Terra
2021-05-17,50.823004444274176,15.783429295557994,MODIS-Terra
2021-05-26,80.78209284245175,14.865890858062585,MODIS-Terra
2021-05-28,43.852714390678976,16.075270787438058,MODIS-Terra
2021-05-29,37.42146796357028,16.38890781810585,MODIS-Terra
2021-05-30,41.80107356970273,16.17004191215358,MODIS-Terra
2021-05-31,65.55961669708041,15.279439637319797,MODIS-Terra
2021-06-01,77.92587889287127,14.93720439911749,MODIS-Terra
2021-06-02,76.48530016652974,14.97416790765999,MODIS-Terra
2021-06-03,75.31388015813816,15.004740689526557,MODIS-Terra
2021-06-04,43.1045883524631,16.109306505833956,MODIS-Terra
2021-06-16,91.60139132487804,14.616833792331704,MODIS-Terra
2021-06-17,89.1988449271061,14.669505617237178,MODIS-Terra
2021-06-18,77.67703147974711,14.943540569135052,MODIS-Terra
2021-06-19,97.50665991151948,14.493010875739401,MODIS-Terra
2021-06-20,76.46886699434248,14.974593556830655,MODIS-Terra
2021-06-21,79.29579915689204,14.902680764762295,MODIS-Terra
2021-06-23,95.8461500198446,14.527056189444693,MODIS-Terra
2021-06-24,65.28668601776982,15.287700156840515,MODIS-Terra
2021-06-25,130.1236773576313,13.92081979954105,MODIS-Terra
2021-06-26,89.59064556690308,14.660820186557885,MODIS-Terra
2021-06-27,78.4423417452241,14.924118344341082,MODIS-Terra
2021-06-28,100.02314903326514,14.44250224190705,MODIS-Terra
2021-06-29,71.73589015814181,15.101147456137255,MODIS-Terra
2021-06-30,85.87590115017608,14.744736352097902,MODIS-Terra
2021-07-02,79.84122708396424,14.889100627343282,MODIS-Terra
2021-07-03,84.09399869641666,14.786283219266693,MODIS-Terra
2021-07-04,74.26375934114226,15.032553588043015,MODIS-Terra
2021-07-05,83.11594732941035,14.809462319521572,MODIS-Terra
2021-07-07,91.04027915214832,14.629010859632558,MODIS-Terra
2021-07-09,83.29311052170813,14.805243573576718,MODIS-Terra
2021-07-10,78.24418150370545,14.929129108540451,MODIS-Terra
2021-07-11,75.49411230748655,15.000006083045037,MODIS-Terra
2021-07-12,54.93605392470603,15.629422227692203,MODIS-Terra
2021-07-13,73.04052512348493,15.06545037520516,MODIS-Terra
2021-07-14,62.95073432799257,15.35984247363308,MODIS-Terra
2021-07-15,46.54231281158257,15.95751837173384,MODIS-Terra
2021-07-16,74.97954178192481,15.013553590671563,MODIS-Terra
2021-07-17,50.35953067155616,15.801557251844088,MODIS-Terra
2021-07-18,81.08692434892696,14.858428911286751,MODIS-Terra
2021-07-19,67.41117958156244,15.224289812577467,MODIS-Terra
2021-07-20,69.08044720576486,15.175849721972554,MODIS-Terra
2021-07-23,69.64463810214647,15.159741219798207,MODIS-Terra
2021-07-25,72.87179347038338,15.070031197015737,MODIS-Terra
2021-07-26,30.083436917146887,16.82035461468422,MODIS-Terra
2021-07-28,63.788289986070055,15.333673329394628,MODIS-Terra
2021-07-29,60.96342423810457,15.423351625518308,MODIS-Terra
2021-08-01,59.932030423021615,15.457131013452795,MODIS-Terra
2021-08-02,69.4097241304353,15.166432496870584,MODIS-Terra
2021-08-05,41.4751278988374,16.18552413558234,MODIS-Terra
2021-08-07,74.36514330264845,15.029851338600793,MODIS-Terra
2021-08-08,51.50984898615511,15.756865580609428,MODIS-Terra
2021-08-09,62.02149861972481,15.389285634023622,MODIS-Terra
2021-08-10,66.82138151355049,15.241691560350205,MODIS-Terra
2021-08-11,62.4295380352408,15.376302948664488,MODIS-Terra
2021-08-16,58.36479158444595,15.509586349361257,MODIS-Terra
2021-08-18,67.79891043944578,15.212932508851736,MODIS-Terra
2021-08-22,37.28348377242398,16.396211887476966,MODIS-Terra
2021-08-23,67.96573358283003,15.208065891124875,MODIS-Terra
2021-08-24,40.586147829503325,16.228375133445866,MODIS-Terra
2021-08-27,77.35833754436234,14.951684808762593,MODIS-Terra
2021-08-30,77.87812933300816,14.938418635533594,MODIS-Terra
2021-08-31,64.39912365692659,15.314803257083554,MODIS-Terra
2021-09-02,36.97121366491169,16.412841674024776,MODIS-Terra
2021-09-05,37.953729710647984,16.360982476252275,MODIS-Terra
2021-09-06,73.63247684121008,15.04946278847467,MODIS-Terra
2021-09-08,71.07650131858117,15.119436592032912,MODIS-Terra
2021-09-12,57.2013333164521,15.549443919527448,MODIS-Terra
2021-09-13,64.69445775692283,15.305743629577023,MODIS-Terra
2021-09-14,56.265246835165534,15.582103688825327,MODIS-Terra
2021-09-15,62.09615786075748,15.38690382784398,MODIS-Terra
2021-09-16,60.7656233760968,15.42978544405571,MODIS-Terra
2021-09-20,76.06286743902035,14.985138760037898,MODIS-Terra
2021-09-21,72.55701111495053,15.07860543405809,MODIS-Terra
2021-09-23,64.2128039073125,15.320540118756526,MODIS-Terra
2021-09-24,65.33507498858437,15.286233107334965,MODIS-Terra
2021-09-25,60.15686935408731,15.449718110044046,MODIS-Terra
2021-09-26,61.669783748148376,15.400544775885464,MODIS-Terra
2021-09-29,87.23839369308277,14.713544489443052,MODIS-Terra
2021-10-01,69.51596178640331,15.163403635868804,MODIS-Terra
2021-10-02,70.61825538866555,15.132246673931377,MODIS-Terra
2021-10-03,67.78924871038093,15.213214729657125,MODIS-Terra
2021-10-07,48.139819422582015,15.890750566209704,MODIS-Terra
2021-10-15,64.15181302339165,15.322421660654982,MODIS-Terra
2021-10-16,59.47103410360633,15.472417119637043,MODIS-Terra
2021-10-19,62.27067430966265,15.38134746370099,MODIS-Terra
2021-10-30,34.405570095266995,16.55502834413835,MODIS-Terra
2021-10-31,46.56750113938632,15.95644799555248,MODIS-Terra
2021-11-08,31.410496292657538,16.735046473086527,MODIS-Terra
2021-11-22,37.03249290620066,16.409567258155676,MODIS-Terra
2021-11-29,35.50096164052176,16.493070441582518,MODIS-Terra
2021-12-01,38.6653100143405,16.32425318005437,MODIS-Terra
2021-12-03,38.13489625219941,16.351566525063276,MODIS-Terra
2022-01-22,86.42521720011999,14.732101751200503,MODIS-Terra
2022-01-23,74.66411219066057,15.021904077931936,MODIS-Terra
2022-01-24,41.54548433887136,16.182172001536514,MODIS-Terra
2022-01-25,96.78040824083334,14.507829449974452,MODIS-Terra
2022-01-26,41.517356936927136,16.18351145236386,MODIS-Terra
2022-01-27,39.72789740217646,16.270642482151857,MODIS-Terra
2022-01-28,123.03069357871496,14.031997087765149,MODIS-Terra
2022-01-29,39.75078640099443,16.269503464707668,MODIS-Terra
2022-02-06,52.391013308743595,15.723299224133598,MODIS-Terra
2022-02-08,38.59062566167481,16.328076319851448,MODIS-Terra
2022-02-10,35.018090240729045,16.520144370008325,MODIS-Terra
2022-02-11,44.07155928582866,16.06542395563031,MODIS-Terra
2022-02-12,31.14260789886287,16.75197394659267,MODIS-Terra
2022-02-13,36.051599477121606,16.46264160879639,MODIS-Terra
2022-02-17,89.52645130621282,14.662240645720658,MODIS-Terra
2022-02-18,48.08706686019457,15.892919852207228,MODIS-Terra
2022-02-19,47.744293805087835,15.907073418022946,MODIS-Terra
2022-02-25,63.25467966220116,15.350305875447702,MODIS-Terra
2022-03-06,103.01111584558458,14.384151224851848,MODIS-Terra
2022-03-07,72.67676732517856,15.075339075492707,MODIS-Terra
2022-03-12,72.4889102621434,15.080465288494793,MODIS-Terra
2022-03-22,142.38911325294956,13.742117236903141,MODIS-Terra
2022-03-25,52.34801076457564,15.724924214462476,MODIS-Terra
2022-04-01,58.978801966874734,15.488869990887338,MODIS-Terra
2022-04-06,58.71740109933048,15.497663086624812,MODIS-Terra
2022-04-07,55.772187263205346,15.599524968169248,MODIS-Terra
2022-04-22,69.08044720576486,15.175849721972554,MODIS-Terra
2022-04-24,58.881012434851705,15.492154910887734,MODIS-Terra
2022-05-01,71.99522008800916,15.094000453084618,MODIS-Terra
2022-05-21,78.10410999795504,14.932678657698489,MODIS-Terra
2022-06-07,58.773889151293,15.495759618916509,MODIS-Terra
2022-06-20,58.54715385660405,15.50341094436169,MODIS-Terra
2022-06-21,103.10357321959935,14.382372698243216,MODIS-Terra
2022-06-22,94.4191052684052,14.556788167823129,MODIS-Terra
2022-06-24,91.5345390438853,14.618280688145092,MODIS-Terra
2022-06-25,51.42746336035584,15.760033136557922,MODIS-Terra
2022-06-26,80.03196869004846,14.884373345225072,MODIS-Terra
2022-06-27,94.46504661106412,14.555824033472504,MODIS-Terra
2022-06-28,94.0482708578671,14.564587749257726,MODIS-Terra
2022-06-29,95.23549124309925,14.539724640800387,MODIS-Terra
2022-06-30,70.67926777871413,15.130536320296414,MODIS-Terra
2022-07-01,85.52244365328195,14.752908780782718,MODIS-Terra
2022-07-02,48.97983797482339,15.856523271802416,MODIS-Terra
2022-07-08,45.13163114181439,16.01840645424022,MODIS-Terra
2022-07-10,79.94779487957003,14.886458096580554,MODIS-Terra
2022-07-11,94.43168857732044,14.556524045425931,MODIS-Terra
2022-07-12,75.78509534471438,14.992385849907464,MODIS-Terra
2022-07-13,70.40942772200495,15.138111892849906,MODIS-Terra
2022-07-14,94.36637648130748,14.557895321728779,MODIS-Terra
2022-07-15,88.43774720493867,14.686486914353054,MODIS-Terra
2022-07-16,68.64606027627622,15.188341786299816,MODIS-Terra
2022-07-17,84.16365363329095,14.784642719316594,MODIS-Terra
2022-07-18,39.76616114664316,16.268738743701192,MODIS-Terra
2022-07-19,75.44639784029522,15.001258419572764,MODIS-Terra
2022-07-20,97.34186068124734,14.496363790984333,MODIS-Terra
2022-07-21,99.14923886814536,14.4598974475756,MODIS-Terra
2022-07-22,82.52656099609318,14.823562074355209,MODIS-Terra
2022-07-23,75.43651074380085,15.0015180197978,MODIS-Terra
2022-07-24,81.5775705954766,14.846476980781631,MODIS-Terra
2022-07-25,91.80161883420966,14.612506525566232,MODIS-Terra
2022-07-26,74.2480340189314,15.032973054373883,MODIS-Terra
2022-07-27,56.78574141097216,15.563877491908102,MODIS-Terra
2022-07-29,75.81455235682677,14.991616060051228,MODIS-Terra
2022-07-30,88.89241911749181,14.676325018671378,MODIS-Terra
2022-08-01,59.35191297234396,15.476386254776344,MODIS-Terra
2022-08-02,65.61625855099403,15.277729613407928,MODIS-Terra
2022-08-04,89.11722162076319,14.67131983018669,MODIS-Terra
2022-08-05,66.7105360918782,15.244979103747482,MODIS-Terra
2022-08-06,95.95072577892688,14.524894784386106,MODIS-Terra
2022-08-07,72.06077964094816,15.092197730739827,MODIS-Terra
2022-08-10,81.84665304853871,14.839952655231286,MODIS-Terra
2022-08-11,69.08044720576486,15.175849721972554,MODIS-Terra
2022-08-13,78.95477291663357,14.911219100413632,MODIS-Terra
2022-08-14,89.39915784903059,14.665060339975184,MODIS-Terra
2022-08-15,97.2957444548108,14.497303060451145,MODIS-Terra
2022-08-16,78.11278911165005,14.932458536007516,MODIS-Terra
2022-08-20,72.96901368499607,15.067390517899412,MODIS-Terra
2022-08-21,93.06312496381808,14.585457779220974,MODIS-Terra
2022-08-22,99.00350052028791,14.462813243927826,MODIS-Terra
2022-08-23,79.67107824078845,14.893327060107936,MODIS-Terra
2022-08-24,75.47243892968069,15.000574834909798,MODIS-Terra
2022-08-25,69.21502204789485,15.171995521765098,MODIS-Terra
2022-08-26,65.27999049274977,15.28790323616579,MODIS-Terra
2022-08-28,66.5677885597295,15.24922086117499,MODIS-Terra
2022-08-30,72.06411991346269,15.09210592547231,MODIS-Terra
2022-08-31,68.21280225391187,15.200880170575829,MODIS-Terra
2022-09-01,71.2363962011217,15.114986172525278,MODIS-Terra
2022-09-04,94.997239539422,14.544689288069094,MODIS-Terra
2022-09-05,76.55596400948907,14.97233862390567,MODIS-Terra
2022-09-06,82.25920655242845,14.829991078685339,MODIS-Terra
2022-09-08,83.48934191245199,14.80058119510727,MODIS-Terra
2022-09-09,65.3744662695167,15.285039648395696,MODIS-Terra
2022-09-19,64.01310961720203,15.326707250698746,MODIS-Terra
2022-09-20,57.50984375149918,15.538796784929218,MODIS-Terra
2022-09-23,86.17344305705204,14.737882735991434,MODIS-Terra
2022-09-24,76.46204133485948,14.974770380694736,MODIS-Terra
2022-09-25,78.76699884568869,14.915936150134257,MODIS-Terra
2022-09-26,69.08044720576486,15.175849721972554,MODIS-Terra
2022-09-27,81.3662038000761,14.851616969924066,MODIS-Terra
2022-10-01,74.58776360188801,15.023930572055178,MODIS-Terra
2022-10-02,76.21551093121298,14.981167512995853,MODIS-Terra
2022-10-03,62.683761287611055,15.368256990848977,MODIS-Terra
2022-10-04,86.91633169379004,14.720873454300659,MODIS-Terra
2022-10-05,62.63591860873047,15.369768683328061,MODIS-Terra
2022-10-06,70.45475091670089,15.136837454296483,MODIS-Terra
2022-10-08,69.8206680019214,15.154741931489752,MODIS-Terra
2022-10-09,65.23703057507922,15.28920673095206,MODIS-Terra
2022-10-27,59.63516863462925,15.466961101729567,MODIS-Terra
2022-10-29,45.66276126635968,15.99526178264989,MODIS-Terra
2022-11-09,36.66473118906732,16.429300031839944,MODIS-Terra
2022-11-10,48.84042006749138,15.862163259956787,MODIS-Terra
2022-11-14,66.491084569247,15.251503876824813,MODIS-Terra
2022-11-15,39.13698034936552,16.30027690572456,MODIS-Terra
2022-11-16,33.76895674939508,16.59194714516434,MODIS-Terra
2022-11-17,41.690648650598426,16.175273501486572,MODIS-Terra
2022-11-18,45.73252535434005,15.992241693123333,MODIS-Terra
2022-11-19,31.157643213308567,16.75102004707378,MODIS-Terra
2022-11-20,32.862351619708434,16.645739696606938,MODIS-Terra
2022-11-23,4.121775416064765,20.738137685963466,MODIS-Terra
2022-11-24,33.452105656692126,16.61058168112345,MODIS-Terra
2022-12-15,33.76007608952043,16.592467051847734,MODIS-Terra
2022-12-17,30.111782800608292,16.818493516832746,MODIS-Terra
2022-12-21,36.620354368884925,16.431694469151466,MODIS-Terra
2023-01-20,33.95791235149034,16.580917186589318,MODIS-Terra
2023-01-29,51.63035640676646,15.75224141056583,MODIS-Terra
2023-01-30,42.29273025994732,16.146914837493,MODIS-Terra
2023-02-11,30.88816200041719,16.76818703420247,MODIS-Terra
2023-02-12,46.901002219728475,15.94233007701439,MODIS-Terra
2023-02-25,54.21638862418893,15.655520694624101,MODIS-Terra
2023-03-18,55.52639953080927,15.608266847633672,MODIS-Terra
2023-03-21,61.753038560112486,15.397873836855865,MODIS-Terra
2023-04-27,54.00102007989705,15.663398180721288,MODIS-Terra
2023-04-28,75.73087998986708,14.99380342134009,MODIS-Terra
2023-04-29,45.472663015645225,16.003514556262758,MODIS-Terra
2023-05-03,54.038921007449936,15.662009617682656,MODIS-Terra
2023-05-10,42.584661231813726,16.133309224277582,MODIS-Terra
2023-05-11,63.46047439641606,15.343874767845705,MODIS-Terra
2023-05-12,67.83047758751012,15.212010706458955,MODIS-Terra
2023-05-13,56.66452990863344,15.568107036304582,MODIS-Terra
2023-05-14,72.88218830902707,15.069748686443404,MODIS-Terra
2023-05-15,76.3773373682118,14.976966011832701,MODIS-Terra
2023-05-16,83.04153259437449,14.811237015811457,MODIS-Terra
2023-05-17,75.35997152756148,15.003528818195605,MODIS-Terra
2023-05-19,61.67289668973019,15.400444843352716,MODIS-Terra
2023-05-20,71.18770322331376,15.116340408088831,MODIS-Terra
2023-05-23,58.642442365757525,15.500191779425563,MODIS-Terra
2023-05-24,68.43572472340205,15.194418958650544,MODIS-Terra
2023-05-25,67.56223602915169,15.219857381143015,MODIS-Terra
2023-05-28,60.2183679183313,15.447695325014138,MODIS-Terra
2023-05-29,67.58161230823951,15.219289540673913,MODIS-Terra
2023-05-30,73.62561429687455,15.049647398355432,MODIS-Terra
2023-05-31,70.39036890734502,15.138648050226834,MODIS-Terra
2023-06-01,76.23724059302594,14.980602828710744,MODIS-Terra
2023-06-02,69.62501648044571,15.160299258754208,MODIS-Terra
2023-06-03,77.82757691269474,14.93970495612632,MODIS-Terra
2023-06-05,76.10226994415792,14.984112884786214,MODIS-Terra
2023-06-06,47.67496943284205,15.909948234406215,MODIS-Terra
2023-06-10,82.10750753165536,14.833648220401528,MODIS-Terra
2023-06-11,58.035679732715955,15.520780057621437,MODIS-Terra
2023-06-12,81.23116936293981,14.85490769562773,MODIS-Terra
2023-06-14,67.84882992679177,15.211474990595775,MODIS-Terra
2023-06-15,79.06151945758823,14.908542519445177,MODIS-Terra
2023-06-16,63.58187515597042,15.340090728729365,MODIS-Terra
2023-06-21,87.28931570466263,14.712388160199453,MODIS-Terra
2023-06-22,80.48151144070029,14.873276317821706,MODIS-Terra
2023-06-23,42.97571909607878,16.115228799722217,MODIS-Terra
2023-06-24,69.93359497229427,15.15154139535673,MODIS-Terra
2023-06-25,80.9482017803419,14.861821214972792,MODIS-Terra
2023-06-26,75.34409221011175,15.003946246478904,MODIS-Terra
2023-06-29,78.25886040967745,14.928757497641527,MODIS-Terra
2023-06-30,59.94427617489461,15.456726559301956,MODIS-Terra
2023-07-01,82.37573218285354,14.8271864580405,MODIS-Terra
2023-07-02,90.50978618470846,14.640592477334394,MODIS-Terra
2023-07-03,62.54695871171029,15.372582627023462,MODIS-Terra
2023-07-04,67.72046741401583,15.21522500359572,MODIS-Terra
2023-07-05,47.154503847121454,15.931665552259005,MODIS-Terra
2023-07-07,73.92944201696248,15.041490498610983,MODIS-Terra
2023-07-08,76.0878530675187,14.984488178052288,MODIS-Terra
2023-07-09,71.78696185947474,15.099737910017552,MODIS-Terra
2023-07-10,47.304807654271215,15.925369412951113,MODIS-Terra
2023-07-11,79.48413700833787,14.897981001318271,MODIS-Terra
2023-07-12,66.1122736326841,15.262817456068092,MODIS-Terra
2023-07-13,90.49687937160896,14.640875099259233,MODIS-Terra
2023-07-14,84.1150759740728,14.785786668232504,MODIS-Terra
2023-07-16,78.54880763193371,14.921431413940581,MODIS-Terra
2023-07-18,77.76089198534025,14.941403048203938,MODIS-Terra
2023-07-19,80.92521415976817,14.862383911241409,MODIS-Terra
2023-07-20,68.8404621585085,15.18274147426871,MODIS-Terra
2023-07-21,75.3881154746231,15.002789198390019,MODIS-Terra
2023-07-23,70.97910510182625,15.122152357137907,MODIS-Terra
2023-07-26,82.43039958134706,14.825872048122733,MODIS-Terra
2023-07-27,55.03582255284385,15.625831086069752,MODIS-Terra
2023-07-28,68.26264875207777,15.199433587372141,MODIS-Terra
2023-07-29,51.902024288221554,15.74185620341325,MODIS-Terra
2023-07-30,67.41591143099492,15.224150816242968,MODIS-Terra
2023-07-31,78.61034248286084,14.919880085507089,MODIS-Terra
2023-08-01,84.05078949730328,14.787301555458043,MODIS-Terra
2023-08-02,78.21132488130924,14.929961158233255,MODIS-Terra
2023-08-03,51.55293686067232,15.755210953356027,MODIS-Terra
2023-08-07,81.90925659924494,14.838437801943542,MODIS-Terra
2023-08-08,65.43472027043195,15.283215487298776,MODIS-Terra
2023-08-10,51.90953384746652,15.74156990176516,MODIS-Terra
2023-08-11,76.19083796752878,14.981808878975926,MODIS-Terra
2023-08-12,87.59611660204747,14.7054355789096,MODIS-Terra
2023-08-13,77.23607993709727,14.95481799267941,MODIS-Terra
2023-08-15,74.81299681985752,15.017958223035293,MODIS-Terra
2023-08-16,81.84899204914097,14.839896036339837,MODIS-Terra
2023-08-18,73.06740936277416,15.06472148172088,MODIS-Terra
2023-08-23,77.8758848295872,14.938475729886477,MODIS-Terra
2023-08-26,59.58193273667245,15.468729080461912,MODIS-Terra
2023-08-27,58.151974400857895,15.516817441964463,MODIS-Terra
2023-09-02,69.66572656172384,15.159141638779374,MODIS-Terra
2023-09-05,72.14836124968971,15.0897920080846,MODIS-Terra
2023-09-06,79.04751219544062,14.908893534397293,MODIS-Terra
2023-09-08,68.10466428782208,15.20402204454615,MODIS-Terra
2023-09-09,63.916533368469466,15.329696689489651,MODIS-Terra
2023-09-12,68.03704170582846,15.205989301647378,MODIS-Terra
2023-09-13,80.09320891350092,14.882857968981511,MODIS-Terra
2023-09-14,56.626426253843285,15.56943848658409,MODIS-Terra
2023-09-15,58.62049147812754,15.500932891176717,MODIS-Terra
2023-09-16,60.19710856547726,15.448394345631755,MODIS-Terra
2023-09-19,65.58131820472205,15.278784292302134,MODIS-Terra
2023-09-22,79.41554141607081,14.89969144144061,MODIS-Terra
2023-10-01,65.07994799880433,15.293980248133266,MODIS-Terra
2023-10-04,52.53878809402893,15.717725198638732,MODIS-Terra
2023-10-05,84.21551893270059,14.783422076880697,MODIS-Terra
2023-10-06,71.65280311719626,15.103442745176153,MODIS-Terra
2023-10-07,68.30452419131701,15.198219144444352,MODIS-Terra
2023-10-08,64.7875314807751,15.302897059838756,MODIS-Terra
2023-10-12,86.28873431657745,14.735233445956283,MODIS-Terra
2023-10-17,81.17683092685341,14.8562334375506,MODIS-Terra
2023-10-18,64.11121495644659,15.323675082479554,MODIS-Terra
2023-10-19,54.25396054847587,15.654149632985877,MODIS-Terra
2023-10-28,48.311590793507214,15.883703393330052,MODIS-Terra
2023-10-29,78.82338774270468,14.914518434158595,MODIS-Terra
2023-10-30,48.92420639000938,15.858771860140337,MODIS-Terra
2023-10-31,53.235208756071465,15.691665151965708,MODIS-Terra
2023-11-14,38.156309060974024,16.350456565141485,MODIS-Terra
2023-11-15,51.85221288061786,15.74375630794134,MODIS-Terra
2023-11-16,36.17702691797894,16.455775192650094,MODIS-Terra
2023-11-17,33.712922805540174,16.595229866542013,MODIS-Terra
2023-11-20,29.70540513302065,16.845343534888798,MODIS-Terra
2023-11-21,31.797093316436115,16.710870115915668,MODIS-Terra
2023-11-24,36.098584502712875,16.46006666744131,MODIS-Terra
2023-11-25,45.48362134520922,16.003037886244897,MODIS-Terra
2023-11-26,30.22379049785922,16.811156513301853,MODIS-Terra
2023-11-27,41.91947987401278,16.164447482331525,MODIS-Terra
2023-11-28,44.31896881737568,16.054350433412083,MODIS-Terra
2023-12-12,95.3789435868074,14.536741377392673,MODIS-Terra
2023-12-20,30.023926484702965,16.824267571964924,MODIS-Terra
2024-01-01,40.836189988494645,16.216228596300994,MODIS-Terra
2024-01-30,39.56397839535599,16.27881870689373,MODIS-Terra
2024-02-13,54.897872954606605,15.630798261486461,MODIS-Terra
2024-02-23,53.15518059696023,15.694642456517272,MODIS-Terra
2024-02-24,56.99096658638808,15.556736868885764,MODIS-Terra
2024-03-14,64.56762784845472,15.309629181978607,MODIS-Terra
2024-03-16,90.99155389449666,14.630071808784578,MODIS-Terra
2024-03-18,64.98019963526221,15.297017429079006,MODIS-Terra
2024-03-19,63.236377270865326,15.350878837313871,MODIS-Terra
2024-03-29,56.65254037593881,15.568525888431282,MODIS-Terra
2024-03-30,70.7194311511373,15.129411228453364,MODIS-Terra
2024-03-31,58.8166258305219,15.494320740804937,MODIS-Terra
2024-04-01,62.555889001060514,15.372299967512049,MODIS-Terra
2024-04-02,67.8088221772623,15.212643026928049,MODIS-Terra
2024-04-17,63.16670735960161,15.353061389038203,MODIS-Terra
2024-04-18,61.79812331015325,15.39642894926908,MODIS-Terra
2024-04-19,70.97757157605308,15.122195147198113,MODIS-Terra
2024-04-20,43.05712787197922,16.111485534869075,MODIS-Terra
2024-04-21,54.217758199950254,15.65547069989941,MODIS-Terra
2024-04-23,58.9037367785004,15.491391075706588,MODIS-Terra
2024-05-08,68.57283357534031,15.190455396999937,MODIS-Terra
2024-05-09,59.94247459369562,15.456786056969804,MODIS-Terra
2024-05-10,66.61141576059573,15.247923512565876,MODIS-Terra
2024-05-11,83.69394378934646,14.7957315620896,MODIS-Terra
2024-05-12,75.83515446659324,14.991077849542307,MODIS-Terra
2024-05-13,74.90063305419923,15.01563928047176,MODIS-Terra
2024-05-14,52.827479348499395,15.70688081259641,MODIS-Terra
2024-05-15,59.28520167354703,15.478612558199416,MODIS-Terra
2024-05-16,51.77658142563804,15.74664482682374,MODIS-Terra
2024-05-17,54.19352527913029,15.656355479768536,MODIS-Terra
2024-05-18,62.03525085837702,15.388846690330638,MODIS-Terra
2024-05-20,76.4853001665297,14.97416790765999,MODIS-Terra
2024-05-26,75.76154282073718,14.993001554558987,MODIS-Terra
2024-05-30,91.36834635982942,14.621882197935065,MODIS-Terra
2024-05-31,66.3506549418966,15.255690435999668,MODIS-Terra
2024-06-05,87.01443102231941,14.718638204041781,MODIS-Terra
2024-06-06,82.35706868663931,14.827635397925633,MODIS-Terra
2024-06-09,72.20415794704338,15.088260883099906,MODIS-Terra
2024-06-10,86.68450035070775,14.726165882097916,MODIS-Terra
2024-06-11,78.8301156571115,14.91434935011739,MODIS-Terra
2024-06-12,43.606479953251856,16.0864087687047,MODIS-Terra
2024-06-13,81.62563169839525,14.845310091019883,MODIS-Terra
2024-06-18,86.82409550988528,14.722977405796087,MODIS-Terra
2024-06-19,88.90654267408401,14.676010188672421,MODIS-Terra
2024-06-20,82.42142331220965,14.826087811730304,MODIS-Terra
2024-06-21,92.9812917389192,14.587201292956138,MODIS-Terra
2024-06-22,65.39385286945314,15.284452545432828,MODIS-Terra
2024-06-23,88.00624936415625,14.696179178435159,MODIS-Terra
2024-06-24,40.578827522969576,16.228731862507402,MODIS-Terra
2024-06-25,87.07941790206063,14.717158823817272,MODIS-Terra
2024-06-28,107.6356715207372,14.297087565247807,MODIS-Terra
2024-07-02,84.98581982031963,14.765380893896804,MODIS-Terra
2024-07-03,109.2738025446119,14.267139858560768,MODIS-Terra
2024-07-04,110.65363283915524,14.242259723132747,MODIS-Terra
2024-07-05,102.2749101132576,14.398370087233957,MODIS-Terra
2024-07-06,71.37945017341274,15.111012929369736,MODIS-Terra
2024-07-07,97.03897594489256,14.502540910298421,MODIS-Terra
2024-07-08,95.3477653069806,14.537389386276686,MODIS-Terra
2024-07-09,89.605306755962,14.660495913348996,MODIS-Terra
2024-07-10,59.212523585737365,15.4810408322395,MODIS-Terra
2024-07-11,46.97920044424987,15.939034246999086,MODIS-Terra
2024-07-12,71.20333013418171,15.115905696138952,MODIS-Terra
2024-07-13,85.74648185883729,14.747724806235396,MODIS-Terra
2024-07-14,75.92457960641865,14.988743391959247,MODIS-Terra
2024-07-15,69.43777746423739,15.165632240554373,MODIS-Terra
2024-07-16,93.37379703571102,14.57885258816691,MODIS-Terra
2024-07-18,87.80384953451069,14.700741806808196,MODIS-Terra
2024-07-19,91.0052396798152,14.629773755763381,MODIS-Terra
2024-07-20,85.25339948201137,14.759152068663639,MODIS-Terra
2024-07-22,59.91047663734019,15.457843094710597,MODIS-Terra
2024-07-23,79.82130003784536,14.8895951429256,MODIS-Terra
2024-07-25,73.14325865207638,15.062666474287425,MODIS-Terra
2024-07-27,74.57765714080601,15.024198979398307,MODIS-Terra
2024-07-31,92.72916289082274,14.592582711219734,MODIS-Terra
2024-08-01,75.23990899760231,15.00668714581684,MODIS-Terra
2024-08-04,90.07579133827086,14.650117831117996,MODIS-Terra
2024-08-05,78.24418150370545,14.929129108540451,MODIS-Terra
2024-08-06,78.3993323563188,14.92520482446264,MODIS-Terra
2024-08-07,104.33704853356204,14.358796340861886,MODIS-Terra
2024-08-09,83.25280811683746,14.80620249843173,MODIS-Terra
2024-08-10,62.51889340803853,15.373471205811256,MODIS-Terra
2024-08-16,74.37046464197955,15.029709607163113,MODIS-Terra
2024-08-18,78.85632918743238,14.913690696352887,MODIS-Terra
2024-08-25,74.44476155794564,15.027731798620835,MODIS-Terra
2024-08-26,90.60644798592648,14.638477140058512,MODIS-Terra
2024-08-28,78.02949592837278,14.934572044061724,MODIS-Terra
2024-08-29,89.15486446555279,14.67048294988831,MODIS-Terra
2024-08-30,67.87413193725573,15.21073664657456,MODIS-Terra
2024-08-31,80.28851610862809,14.878032842620428,MODIS-Terra
2024-09-02,62.2452094802843,15.382157260380154,MODIS-Terra
2024-09-03,74.85366548268576,15.016881752736595,MODIS-Terra
2024-09-05,53.58012060887825,15.678884197718162,MODIS-Terra
2024-09-08,64.64152661168421,15.307364299965684,MODIS-Terra
2024-09-10,79.14996388486851,14.906327577825778,MODIS-Terra
2024-09-14,72.44153397985285,15.081760176972807,MODIS-Terra
2024-09-16,45.619772651988086,15.997125053597415,MODIS-Terra
2024-09-18,83.51084788333502,14.800070886657522,MODIS-Terra
2024-09-20,75.73087998986705,14.99380342134009,MODIS-Terra
2024-09-21,61.76301135918941,15.397554135436621,MODIS-Terra
2024-09-22,76.855490059372,14.96460340830663,MODIS-Terra
2024-09-24,77.09105170421566,14.958541156644628,MODIS-Terra
2024-09-27,68.48838122091139,15.192895821340471,MODIS-Terra
2024-09-28,76.21551093121298,14.981167512995853,MODIS-Terra
2024-09-29,72.44497262985783,15.081666163371551,MODIS-Terra
2024-09-30,46.58175696743576,15.955842451034641,MODIS-Terra
2024-10-01,70.22130516505379,15.143410454130162,MODIS-Terra
2024-10-02,63.01403320266424,15.357852625468013,MODIS-Terra
2024-10-03,69.6613836862151,15.159265099364347,MODIS-Terra
2024-10-05,73.77421401539011,15.045653737472321,MODIS-Terra
2024-10-06,73.3201950668503,15.057880933607635,MODIS-Terra
2024-10-07,79.14996388486851,14.906327577825778,MODIS-Terra
2024-10-08,64.00557958996497,15.32694017478184,MODIS-Terra
2024-10-12,73.84342250133983,15.043796476961916,MODIS-Terra
2024-10-13,56.9070685341485,15.559652921059978,MODIS-Terra
2024-10-14,66.14604587128554,15.26180619151819,MODIS-Terra
2024-11-07,41.22829074531865,16.19732971721453,MODIS-Terra
2024-11-29,38.221704318865314,16.34707056158811,MODIS-Terra
2024-12-03,38.05966444108642,16.35547119549949,MODIS-Terra
2024-12-04,32.85886668701082,16.64594931477052,MODIS-Terra
2024-12-05,33.24829879747405,16.622661167194565,MODIS-Terra
2025-01-06,101.05030057292856,14.422249520533228,MODIS-Terra
2025-01-09,60.54716987483402,15.43691534485356,MODIS-Terra
2025-01-15,36.47879309226725,16.43935206912738,MODIS-Terra
2025-01-16,43.55714722138441,16.08864778948839,MODIS-Terra
2025-01-18,30.333453846648425,16.803999302486204,MODIS-Terra
2025-01-19,42.57849305619246,16.133595732469985,MODIS-Terra
2025-01-20,36.78474317391459,16.422839003092577,MODIS-Terra
2025-01-22,34.602525208188034,16.54374433338944,MODIS-Terra
2025-01-24,28.35124260354868,16.93753649109965,MODIS-Terra
2025-01-25,32.65424340281472,16.658296409773016,MODIS-Terra
2025-01-26,38.68469853327129,16.323261873611727,MODIS-Terra
2025-01-27,38.22267481641229,16.347020355166592,MODIS-Terra
2025-01-28,36.68070822968216,16.42843866728515,MODIS-Terra
2025-01-29,28.435009051309247,16.931707374818302,MODIS-Terra
2025-02-12,34.33752900778848,16.55894155313763,MODIS-Terra
2025-02-26,57.70084491808326,15.532233577693205,MODIS-Terra
2025-02-27,67.78067440073072,15.213465220352646,MODIS-Terra
2025-02-28,68.87774295951925,15.181669295046504,MODIS-Terra
2025-03-01,68.20796776413752,15.201020527221772,MODIS-Terra
2025-03-05,68.41376448500512,15.195054524041552,MODIS-Terra
2025-03-06,73.30775594731674,15.058216993737346,MODIS-Terra
2025-03-07,51.00343695089001,15.776416550869385,MODIS-Terra
2025-04-04,58.239269205355065,15.513848155300593,MODIS-Terra
2025-04-13,72.92929757208483,15.068468856066488,MODIS-Terra
2025-04-14,90.00654172343816,14.651641960738175,MODIS-Terra
2025-04-16,70.5666948283238,15.133693214919163,MODIS-Terra
2025-04-17,69.89230950392607,15.152710895275959,MODIS-Terra
2025-04-18,80.32729881611975,14.877076096774658,MODIS-Terra
2025-04-22,81.49742388370524,14.84842441253113,MODIS-Terra
2025-04-23,66.2243988444155,15.259461998420193,MODIS-Terra
2025-04-30,57.4315725935524,15.541492631176538,MODIS-Terra
2025-05-01,67.41793116447043,15.224091490278965,MODIS-Terra
2025-05-02,40.89540926404217,16.213362710439696,MODIS-Terra
2025-05-04,87.89469123216816,14.698692698132731,MODIS-Terra
2025-05-05,91.57136010917613,14.61748363293691,MODIS-Terra
2025-05-06,61.51100956300382,15.405648473812562,MODIS-Terra
2025-05-07,58.525493157886565,15.504143444250303,MODIS-Terra
2025-05-08,64.29650952131627,15.317960737283443,MODIS-Terra
2025-05-09,67.53729963157973,15.220588405303715,MODIS-Terra
2025-05-10,48.98738272276309,15.856218514736952,MODIS-Terra
2025-05-21,51.80693859874352,15.745484919459045,MODIS-Terra
2025-05-24,73.0772761604367,15.064454037270252,MODIS-Terra
2025-05-27,77.20564513063756,14.955598736411957,MODIS-Terra
2025-05-28,68.97083153943515,15.178994634001356,MODIS-Terra
2025-05-30,90.74378204903095,14.635475602563702,MODIS-Terra
2025-05-31,71.77064740429316,15.100188069740625,MODIS-Terra
2025-06-01,40.34721457802129,16.240051962735947,MODIS-Terra
2025-06-02,74.98778147842376,15.013335927948674,MODIS-Terra
2025-06-03,58.67694069306895,15.499027596605288,MODIS-Terra
2025-06-05,66.5739759520797,15.249036814162196,MODIS-Terra
2025-06-07,79.67697458235546,14.893180446694942,MODIS-Terra
2025-06-08,96.61971071415208,14.511123335912885,MODIS-Terra
2025-06-09,98.00085068884292,14.482990123571199,MODIS-Terra
2025-06-10,74.0196631058739,15.039074759701862,MODIS-Terra
2025-06-12,56.607006111733355,15.570117425509693,MODIS-Terra
2025-06-14,63.528108805060846,15.341765726071458,MODIS-Terra
2025-06-15,74.41350619417777,15.028563586760583,MODIS-Terra
2025-06-17,74.59241957705464,15.023806930894466,MODIS-Terra
2025-06-23,74.19432915175996,15.034406277391781,MODIS-Terra
2025-06-24,74.76544055691807,15.019217743705894,MODIS-Terra
2025-06-25,79.33630773071962,14.901668978849557,MODIS-Terra
2025-06-29,126.97352557111329,13.969430568102439,MODIS-Terra
2025-06-30,92.9908918479892,14.586996676735112,MODIS-Terra
2025-07-02,77.26417936257378,14.954097430837578,MODIS-Terra
2025-07-03,51.508679579576935,15.75691050649641,MODIS-Terra
2025-07-05,89.86449574285581,14.654771944650406,MODIS-Terra
2025-07-06,101.02382131491424,14.422769038460046,MODIS-Terra
2025-07-07,78.85105278007593,14.913823256344244,MODIS-Terra
2025-07-08,102.1087048535803,14.401594250372682,MODIS-Terra
2025-07-09,99.09815811850156,14.460918936507255,MODIS-Terra
2025-07-10,88.00762433984929,14.696148218645249,MODIS-Terra
2025-07-11,45.62053203119153,15.997092124360051,MODIS-Terra
2025-07-12,76.66524373199061,14.969512999465906,MODIS-Terra
2025-07-13,88.05339643510962,14.695117861528047,MODIS-Terra
2025-07-14,78.74562671204886,14.916473747699342,MODIS-Terra
2025-07-15,86.82409550988528,14.722977405796087,MODIS-Terra
2025-07-16,106.80826907874427,14.312387075190713,MODIS-Terra
2025-07-17,77.4436808951181,14.94950057890037,MODIS-Terra
2025-07-18,79.14996388486851,14.906327577825778,MODIS-Terra
2025-07-19,90.9274580785412,14.631468301483096,MODIS-Terra
2025-07-22,68.95542805500214,15.179436964833826,MODIS-Terra
2025-07-23,96.64789108309728,14.510545315935019,MODIS-Terra
2025-07-24,58.642442365757525,15.500191779425563,MODIS-Terra
2025-07-25,93.80546082405137,14.569711290851274,MODIS-Terra
2025-07-27,81.86721353307897,14.839455014223176,MODIS-Terra
2025-07-28,105.99509570930864,14.327539092770053,MODIS-Terra
2025-07-29,49.12754621698066,15.850565349911335,MODIS-Terra
2025-08-01,53.15518059696023,15.694642456517272,MODIS-Terra
2025-08-02,58.49504109821,15.505173699030138,MODIS-Terra
2025-08-04,83.72498787548265,14.79499676435637,MODIS-Terra
2025-08-08,137.17333382912625,13.816156427503984,MODIS-Terra
2025-08-09,62.97198014601965,15.359174372803295,MODIS-Terra
2025-08-10,99.93934245998916,14.444163829192235,MODIS-Terra
