datetime,sensor,band1_red,band2_nir,band4_green,green_red_ratio,ndci,nir_red_ratio
2011-01-03,Aqua,0.12000000000000001,0.2864,0.129,1.0674772036474165,0.427726561141068,2.4948328267477207
2011-01-06,Aqua,0.032600000000000004,0.1222,0.0412,1.263803680981595,0.578811369509044,3.7484662576687113
2011-01-20,Aqua,0.057600000000000005,0.1252,0.0683,1.191904047976012,0.5020995800839831,3.016867469879518
2011-01-22,Aqua,0.0438,0.14400000000000002,0.057800000000000004,1.2951807228915664,0.5335463258785943,3.287671232876713
2011-01-27,Aqua,0.037200000000000004,0.0999,0.053700000000000005,1.4435483870967742,0.4070422535211267,2.3729216152019
2011-01-30,Aqua,0.048600000000000004,0.1607,0.0634,1.3045267489711934,0.535594839942666,3.3065843621399176
2011-02-01,Aqua,0.058100000000000006,0.0756,0.0673,1.1610738255033557,0.24342105263157895,1.6434782608695653
2011-02-02,Aqua,0.07830000000000001,0.28190000000000004,0.0892,1.1392081736909323,0.5652415324819544,3.6002554278416348
2011-02-09,Aqua,0.035,0.13720000000000002,0.0408,1.1657142857142857,0.5934959349593496,3.92
2011-02-10,Aqua,0.0594,0.08460000000000001,0.0757,1.2744107744107744,0.17500000000000002,1.4242424242424243
2011-04-12,Aqua,0.0182,0.0985,0.0323,1.7747252747252749,0.6880891173950301,5.412087912087912
2011-04-22,Aqua,0.0239,0.1038,0.0392,1.6401673640167362,0.6413340623291417,4.576219512195122
2011-05-01,Aqua,0.0317,0.0839,0.0431,1.359621451104101,0.4515570934256055,2.6466876971608833
2011-05-04,Aqua,0.0296,0.1336,0.0449,1.5168918918918919,0.6372549019607843,4.513513513513513
2011-05-10,Aqua,0.0473,0.0859,0.054900000000000004,1.160676532769556,0.28978978978978975,1.8160676532769555
2011-05-19,Aqua,0.0431,0.07730000000000001,0.052500000000000005,1.2180974477958237,0.28405315614617943,1.7935034802784224
2011-05-20,Aqua,0.029,0.13520000000000001,0.042100000000000005,1.4517241379310346,0.6467722289890379,4.662068965517242
2011-05-24,Aqua,0.0224,0.0825,0.0329,1.4409090909090907,0.5729265967588179,3.6830357142857144
2011-06-03,Aqua,0.0213,0.1428,0.0318,1.4929577464788735,0.7404021937842779,6.704225352112677
2011-06-09,Aqua,0.024800000000000003,0.10400000000000001,0.0376,1.5167464114832534,0.6282051282051282,4.379310344827586
2011-06-14,Aqua,0.0221,0.10490000000000001,0.0381,1.7239819004524886,0.651968503937008,4.746606334841629
2011-06-16,Aqua,0.034800000000000005,0.1729,0.047400000000000005,1.4763092269326683,0.6649012999518537,4.968390804597701
2011-06-17,Aqua,0.0125,0.10360000000000001,0.0238,1.9040000000000001,0.7846683893195522,8.288
2011-06-25,Aqua,0.0302,0.2209,0.0483,1.5496688741721854,0.7235093049753133,6.233516483516484
2011-07-01,Aqua,0.0162,0.12040000000000001,0.031100000000000003,1.9602272727272727,0.7758112094395281,7.921052631578948
2011-07-02,Aqua,0.024900000000000002,0.0675,0.0436,1.7510040160642568,0.46103896103896097,2.710843373493976
2011-07-03,Aqua,0.013800000000000002,0.14450000000000002,0.030600000000000002,2.217391304347826,0.8256475047378394,10.471014492753623
2011-07-04,Aqua,0.0533,0.0876,0.0656,1.2307692307692308,0.1983584131326949,1.4948805460750851
2011-07-05,Aqua,0.0275,0.2159,0.048,1.7454545454545456,0.7740345110928513,7.8509090909090915
2011-07-06,Aqua,0.0239,0.1893,0.0425,1.778242677824268,0.775797373358349,7.920502092050208
2011-07-08,Aqua,0.0184,0.0916,0.0328,1.7127071823204418,0.6700091157702825,5.060773480662983
2011-07-09,Aqua,0.029400000000000003,0.2119,0.048400000000000006,1.649390243902439,0.756319933692499,7.207482993197279
2011-07-10,Aqua,0.0112,0.1273,0.024300000000000002,2.169642857142857,0.8382671480144405,11.366071428571429
2011-07-15,Aqua,0.0269,0.10990000000000001,0.0395,1.4684014869888475,0.6067251461988306,4.08550185873606
2011-07-22,Aqua,0.0407,0.16110000000000002,0.052700000000000004,1.2948402948402948,0.5966303270564915,3.958230958230959
2011-07-23,Aqua,0.0262,0.2131,0.0446,1.702290076335878,0.781027998328458,8.133587786259541
2011-07-24,Aqua,0.015600000000000001,0.10310000000000001,0.028900000000000002,1.8525641025641026,0.7371524852569503,6.6089743589743595
2011-07-27,Aqua,0.025,0.149,0.0386,1.536,0.7024364955935718,5.721254355400697
2011-07-28,Aqua,0.026000000000000002,0.2121,0.0446,1.7884615384615383,0.7906289573659773,8.55241935483871
2011-07-29,Aqua,0.0454,0.10060000000000001,0.0591,1.2761020881670533,0.3780821917808219,2.2158590308370045
2011-07-30,Aqua,0.0267,0.2388,0.046700000000000005,1.749063670411985,0.7988700564971751,8.9438202247191
2011-07-31,Aqua,0.027,0.08950000000000001,0.0398,1.5148148148148148,0.536480686695279,3.3148148148148153
2011-08-01,Aqua,0.0233,0.1305,0.038,1.674342105263158,0.7123857024106401,5.9537572254335265
2011-08-02,Aqua,0.0148,0.10070000000000001,0.030500000000000003,2.060810810810811,0.7164750957854407,6.0540540540540535
2011-08-03,Aqua,0.016900000000000002,0.058600000000000006,0.0324,1.9171597633136093,0.5523178807947019,3.467455621301775
2011-08-04,Aqua,0.0109,0.1291,0.0256,2.3486238532110093,0.8442857142857144,11.844036697247706
2011-08-05,Aqua,0.0324,0.1221,0.049600000000000005,1.5308641975308643,0.5805825242718446,3.7685185185185186
2011-08-06,Aqua,0.0257,0.2361,0.0458,1.782101167315175,0.8036669213139801,9.186770428015564
2011-08-07,Aqua,0.0184,0.17420000000000002,0.0333,1.8097826086956523,0.8089304257528557,9.467391304347828
2011-08-08,Aqua,0.0221,0.1247,0.0441,1.9954751131221717,0.6989100817438691,5.642533936651583
2011-08-09,Aqua,0.0161,0.11750000000000001,0.030500000000000003,2.104294478527607,0.7843583902809415,8.274647887323944
2011-08-10,Aqua,0.0247,0.1257,0.042100000000000005,1.7704280155642023,0.6715425531914894,5.089068825910932
2011-08-11,Aqua,0.0135,0.0951,0.0304,2.1953125,0.7513812154696133,7.044444444444445
2011-08-12,Aqua,0.0252,0.10930000000000001,0.0434,1.7137096774193548,0.6073529411764705,4.093632958801498
2011-08-13,Aqua,0.0228,0.2776,0.044700000000000004,1.9605263157894737,0.8482023968042611,12.175438596491228
2011-08-14,Aqua,0.04,0.0719,0.0568,1.4200000000000002,0.2850759606791779,1.7975
2011-08-15,Aqua,0.0297,0.2516,0.0517,1.7407407407407407,0.7888375399928901,8.47138047138047
2011-08-16,Aqua,0.0229,0.1282,0.0386,1.6855895196506552,0.663854639844257,4.949806949806949
2011-08-17,Aqua,0.023200000000000002,0.1983,0.041100000000000005,1.771551724137931,0.7548672566371681,7.15884476534296
2011-08-18,Aqua,0.0123,0.131,0.025900000000000003,2.0695652173913044,0.8245125348189415,10.396825396825397
2011-08-19,Aqua,0.0253,0.17420000000000002,0.0419,1.6561264822134387,0.7463659147869676,6.885375494071147
2011-08-20,Aqua,0.009600000000000001,0.1325,0.0227,2.3645833333333335,0.8648838845883181,13.802083333333332
2011-08-21,Aqua,0.0298,0.0932,0.044500000000000005,1.454248366013072,0.505654281098546,3.045751633986928
2011-08-24,Aqua,0.029,0.2911,0.0475,1.6379310344827585,0.7924876847290641,8.637982195845698
2011-08-25,Aqua,0.010700000000000001,0.07970000000000001,0.0235,2.0934579439252334,0.7750556792873052,7.891089108910891
2011-08-26,Aqua,0.024800000000000003,0.1567,0.040100000000000004,1.6169354838709677,0.7588457574716592,7.293447293447294
2011-08-27,Aqua,0.0117,0.1057,0.0253,2.1623931623931623,0.8006814310051107,9.034188034188034
2011-08-28,Aqua,0.02,0.0888,0.0346,1.6852791878172586,0.6368663594470045,4.507614213197969
2011-09-01,Aqua,0.0193,0.1042,0.0313,1.6733668341708543,0.6874493927125507,5.398963730569948
2011-09-02,Aqua,0.027100000000000003,0.2089,0.043500000000000004,1.6724738675958188,0.7703389830508474,7.708487084870848
2011-09-03,Aqua,0.0117,0.11950000000000001,0.023100000000000002,2.092436974789916,0.8188736681887366,10.042016806722689
2011-09-04,Aqua,0.0221,0.1482,0.0362,1.6380090497737556,0.7137476459510357,5.9868421052631575
2011-09-05,Aqua,0.013900000000000001,0.1439,0.0263,1.896969696969697,0.8508038585209003,12.405172413793103
2011-09-06,Aqua,0.019700000000000002,0.1247,0.0342,1.715736040609137,0.7271468144044322,6.3299492385786795
2011-09-07,Aqua,0.0344,0.20270000000000002,0.054200000000000005,1.5755813953488373,0.7098270771826233,5.892441860465117
2011-09-08,Aqua,0.028,0.109,0.041,1.4701754385964911,0.6354088522130532,4.48559670781893
2011-09-10,Aqua,0.0187,0.11170000000000001,0.035500000000000004,1.8983957219251337,0.7131901840490796,5.973262032085562
2011-09-11,Aqua,0.022600000000000002,0.09620000000000001,0.0386,1.7079646017699115,0.6195286195286195,4.256637168141593
2011-09-12,Aqua,0.0313,0.15330000000000002,0.051500000000000004,1.645367412140575,0.6608884073672807,4.897763578274761
2011-09-19,Aqua,0.0205,0.13040000000000002,0.0347,1.6832579185520362,0.7305905773059057,6.4236453201970445
2011-09-20,Aqua,0.024200000000000003,0.14450000000000002,0.0385,1.5909090909090906,0.7131001778304683,5.971074380165289
2011-09-21,Aqua,0.0114,0.1184,0.0247,2.1666666666666665,0.8243451463790448,10.385964912280702
2011-09-23,Aqua,0.032100000000000004,0.256,0.049300000000000004,1.5781710914454279,0.7771607080874695,7.975077881619937
2011-09-24,Aqua,0.017400000000000002,0.11910000000000001,0.0318,1.8129032258064517,0.7591105620753552,7.302564102564102
2011-09-28,Aqua,0.012100000000000001,0.13970000000000002,0.024,1.9440000000000002,0.8357424441524309,11.176
2011-09-29,Aqua,0.0183,0.0794,0.0323,1.7650273224043718,0.6253838280450359,4.33879781420765
2011-10-08,Aqua,0.0112,0.1217,0.0212,1.8928571428571428,0.7916456970306996,8.599033816425122
2011-10-17,Aqua,0.0137,0.1405,0.023100000000000002,1.686131386861314,0.7324290998766955,6.474654377880185
2011-10-18,Aqua,0.033800000000000004,0.19090000000000001,0.0471,1.393491124260355,0.6991544281263908,5.64792899408284
2011-10-24,Aqua,0.0517,0.1358,0.0606,1.2097625329815302,0.5537757437070938,3.482051282051282
2011-10-25,Aqua,0.0453,0.2861,0.0567,1.2516556291390728,0.7266143633071817,6.3156732891832235
2011-10-27,Aqua,0.050800000000000005,0.2384,0.0609,1.1791338582677164,0.626193724420191,4.350364963503649
2011-11-01,Aqua,0.061500000000000006,0.30010000000000003,0.0741,1.2048780487804878,0.7046293666571998,5.7711538461538465
2011-11-02,Aqua,0.022600000000000002,0.09040000000000001,0.027,1.2577319587628866,0.5776487663280117,3.7353951890034365
2011-11-08,Aqua,0.0234,0.1241,0.0307,1.311965811965812,0.6827118644067797,5.303418803418803
2011-11-29,Aqua,0.0199,0.08750000000000001,0.0275,1.5427135678391959,0.7888594164456233,8.472361809045225
2011-12-01,Aqua,0.0199,0.1326,0.0298,1.4974874371859295,0.7390163934426229,6.663316582914573
2011-12-02,Aqua,0.0252,0.1253,0.0328,1.3015873015873016,0.5,2.9999999999999996
2011-12-03,Aqua,0.0043,0.1807,0.0045000000000000005,1.0465116279069768,0.9502026635784597,39.162790697674424
2011-12-04,Aqua,0.0151,0.0448,0.0207,1.3708609271523178,0.49582637729549245,2.966887417218543
2011-12-05,Aqua,0.047400000000000005,0.1948,0.0497,1.0485232067510548,0.6085879438480595,4.109704641350211
2011-12-06,Aqua,0.0177,0.1231,0.0233,1.4350282485875707,0.7485795454545454,6.954802259887005
2011-12-07,Aqua,0.0315,0.09820000000000001,0.0349,1.107936507936508,0.5142636854279106,3.117460317460318
2011-12-08,Aqua,0.0337,0.15330000000000002,0.0438,1.2997032640949555,0.6395721925133689,4.548961424332345
2011-12-09,Aqua,0.027800000000000002,0.0666,0.0344,1.237410071942446,0.3509127789046653,2.0812500000000003
2011-12-10,Aqua,0.013800000000000002,0.1459,0.018000000000000002,1.3043478260869565,0.8271759549154665,10.572463768115941
2011-12-12,Aqua,0.042100000000000005,0.2482,0.0487,1.1567695961995248,0.7099552187392353,5.895486935866983
2011-12-13,Aqua,0.0268,0.10160000000000001,0.034300000000000004,1.2798507462686568,0.6201044386422977,4.2646048109965635
2011-12-16,Aqua,0.0373,0.0833,0.0429,1.1501340482573728,0.3814262023217247,2.233243967828418
2011-12-17,Aqua,0.0039000000000000003,0.1433,0.0036000000000000003,0.9230769230769231,0.9470108695652175,36.743589743589745
2011-12-19,Aqua,0.09000000000000001,0.3446,0.1047,1.163333333333333,0.5858260469397146,3.828888888888889
2011-12-21,Aqua,0.0599,0.26880000000000004,0.06520000000000001,1.0884808013355594,0.6355339215089747,4.487479131886478
2011-12-22,Aqua,0.0204,0.1114,0.0273,1.338235294117647,0.6904400606980273,5.4607843137254894
2011-12-23,Aqua,0.0224,0.0577,0.0235,1.0491071428571428,0.4406991260923845,2.575892857142857
2012-01-08,Aqua,0.035300000000000005,0.1327,0.047900000000000005,1.2549575070821528,0.5978326309452137,3.973053892215569
2012-01-09,Aqua,0.11130000000000001,0.2066,0.12040000000000001,1.0817610062893082,0.29977980497011636,1.8562443845462713
2012-01-10,Aqua,0.0268,0.057800000000000004,0.0386,1.4402985074626866,0.3664302600472813,2.156716417910448
2012-01-11,Aqua,0.031100000000000003,0.1752,0.042,1.3504823151125402,0.6797323135755258,5.244776119402984
2012-01-12,Aqua,0.0302,0.041,0.0341,1.129139072847682,0.15168539325842698,1.3576158940397351
2012-01-23,Aqua,0.19260000000000002,0.2788,0.2021,1.0493250259605398,0.1828595672464997,1.447559709241952
2012-02-02,Aqua,0.040100000000000004,0.0949,0.049800000000000004,1.3653846153846152,0.47577854671280273,2.815181518151815
2012-02-03,Aqua,0.024800000000000003,0.15230000000000002,0.0375,1.4733727810650887,0.770224337185588,7.704142011834319
2012-02-04,Aqua,0.0531,0.13620000000000002,0.0668,1.2580037664783428,0.438985736925515,2.5649717514124295
2012-02-05,Aqua,0.0505,0.2541,0.0655,1.297029702970297,0.6415897799858056,4.58019801980198
2012-02-06,Aqua,0.0359,0.0745,0.0534,1.3430656934306568,0.28892733564013834,1.8126520681265204
2012-02-15,Aqua,0.21610000000000001,0.30770000000000003,0.23370000000000002,1.0814437760296158,0.17487590683466975,1.4238778343359557
2012-02-24,Aqua,0.0205,0.22870000000000001,0.031200000000000002,1.5219512195121951,0.8354735152487962,11.15609756097561
2012-03-04,Aqua,0.047,0.10110000000000001,0.0608,1.2936170212765958,0.36529372045914926,2.151063829787234
2012-03-08,Aqua,0.0529,0.26980000000000004,0.0635,1.2003780718336483,0.6721413077161451,5.1001890359168245
2012-04-06,Aqua,0.0322,0.0687,0.054200000000000005,1.6832298136645965,0.3617443012884044,2.1335403726708075
2012-04-22,Aqua,0.0304,0.1253,0.043300000000000005,1.424342105263158,0.6095054592164418,4.121710526315789
2012-05-06,Aqua,0.0244,0.1332,0.038,1.549107142857143,0.6903553299492385,5.4590163934426235
2012-05-07,Aqua,0.012700000000000001,0.0921,0.024200000000000003,1.874015748031496,0.7312030075187971,6.440559440559441
2012-05-10,Aqua,0.0262,0.1759,0.0381,1.4541984732824427,0.6688804554079697,5.040114613180516
2012-05-11,Aqua,0.0351,0.2152,0.047900000000000005,1.3646723646723649,0.7195365561326408,6.131054131054131
2012-05-12,Aqua,0.016800000000000002,0.0799,0.0285,1.6785714285714286,0.6525336091003101,4.7559523809523805
2012-05-13,Aqua,0.0287,0.15410000000000001,0.041,1.4664536741214058,0.7058495821727019,5.799242424242425
2012-05-17,Aqua,0.029,0.1769,0.0419,1.4448275862068964,0.6517273576097106,4.742627345844504
2012-05-18,Aqua,0.0308,0.14070000000000002,0.040100000000000004,1.2866666666666666,0.646186440677966,4.652694610778443
2012-06-01,Aqua,0.0187,0.0712,0.0335,1.7914438502673797,0.5839822024471635,3.8074866310160425
2012-06-06,Aqua,0.0263,0.08420000000000001,0.0371,1.4106463878326996,0.5239819004524887,3.201520912547529
2012-06-10,Aqua,0.0149,0.1134,0.030100000000000002,1.930817610062893,0.7677318784099767,7.610738255033557
2012-06-11,Aqua,0.03665,0.15085,0.05485,1.5237849170259257,0.6038198361474303,4.135478844540334
2012-06-14,Aqua,0.030000000000000002,0.1665,0.047400000000000005,1.58,0.6946564885496184,5.55
2012-06-15,Aqua,0.036500000000000005,0.1416,0.051300000000000005,1.4054794520547944,0.5901179112857945,3.87945205479452
2012-06-16,Aqua,0.030000000000000002,0.18280000000000002,0.0492,1.64,0.7180451127819549,6.093333333333334
2012-06-17,Aqua,0.023700000000000002,0.10550000000000001,0.0352,1.688,0.6982813494589434,5.628691983122363
2012-06-20,Aqua,0.0506,0.0811,0.0616,1.2173913043478262,0.23158694001518607,1.6027667984189724
2012-06-27,Aqua,0.027600000000000003,0.1494,0.0407,1.5105263157894737,0.6881355932203389,5.413043478260869
2012-07-02,Aqua,0.0267,0.19490000000000002,0.046400000000000004,1.8366013071895424,0.7590252707581228,7.299625468164794
2012-07-04,Aqua,0.0315,0.1467,0.0461,1.5643153526970957,0.6436974789915967,4.613207547169811
2012-07-05,Aqua,0.0149,0.1086,0.0275,1.8456375838926176,0.7587044534412956,7.2885906040268456
2012-07-06,Aqua,0.0417,0.1321,0.0567,1.2733812949640289,0.5201380897583429,3.1678657074340526
2012-07-07,Aqua,0.0291,0.24650000000000002,0.0494,1.697594501718213,0.7888243831640059,8.470790378006873
2012-07-08,Aqua,0.0553,0.20550000000000002,0.0727,1.314647377938517,0.575920245398773,3.7160940325497287
2012-07-10,Aqua,0.0244,0.1476,0.0392,1.6065573770491801,0.7162790697674418,6.049180327868853
2012-07-11,Aqua,0.025500000000000002,0.16340000000000002,0.0397,1.6589595375722543,0.7154855643044619,6.0295202952029525
2012-07-13,Aqua,0.027700000000000002,0.1182,0.0381,1.3827160493827162,0.6202878684030158,4.267148014440433
2012-07-14,Aqua,0.0463,0.1796,0.0656,1.4168466522678187,0.5900841080123949,3.879049676025918
2012-07-21,Aqua,0.0097,0.1202,0.0219,2.2577319587628866,0.850654349499615,12.391752577319588
2012-07-23,Aqua,0.023700000000000002,0.20450000000000002,0.0409,1.7440758293838863,0.7922874671340929,8.628691983122362
2012-07-24,Aqua,0.0379,0.1136,0.0485,1.279683377308707,0.5497953615279673,3.4424242424242424
2012-07-25,Aqua,0.0234,0.1328,0.0381,1.6479750778816198,0.7003841229193342,5.6752136752136755
2012-07-26,Aqua,0.016800000000000002,0.08510000000000001,0.029400000000000003,1.75,0.6656716417910449,4.982142857142857
2012-07-27,Aqua,0.0302,0.1927,0.046,1.580392156862745,0.7290264692687304,6.380794701986755
2012-07-28,Aqua,0.011000000000000001,0.10790000000000001,0.0227,2.0636363636363635,0.8149705634987385,9.809090909090909
2012-07-29,Aqua,0.0263,0.1222,0.038700000000000005,1.540441176470588,0.6574074074074074,4.837837837837838
2012-07-30,Aqua,0.029,0.2321,0.049300000000000004,1.7,0.7778628877824588,8.003448275862068
2012-07-31,Aqua,0.0375,0.12560000000000002,0.051500000000000004,1.3733333333333335,0.5401594114040466,3.349333333333334
2012-08-01,Aqua,0.027,0.2303,0.0449,1.662962962962963,0.790128254955305,8.52962962962963
2012-08-02,Aqua,0.023,0.13390000000000002,0.0351,1.5260869565217392,0.7068196303377949,5.821739130434784
2012-08-03,Aqua,0.0212,0.1466,0.0358,1.6886792452830188,0.7473182359952325,6.915094339622642
2012-08-04,Aqua,0.0106,0.11080000000000001,0.0221,2.0849056603773586,0.8253706754530478,10.452830188679247
2012-08-05,Aqua,0.0253,0.22540000000000002,0.0409,1.6858006042296072,0.7472868217054265,6.914110429447852
2012-08-06,Aqua,0.0103,0.1388,0.021500000000000002,2.087378640776699,0.8618376928236082,13.475728155339807
2012-08-07,Aqua,0.0342,0.1039,0.0456,1.3333333333333333,0.5047067342505431,3.038011695906433
2012-08-08,Aqua,0.025,0.19440000000000002,0.0407,1.6342412451361867,0.780362959516054,8.10593220338983
2012-08-09,Aqua,0.0333,0.0855,0.0448,1.3453453453453452,0.43939393939393934,2.5675675675675675
2012-08-10,Aqua,0.030000000000000002,0.19140000000000001,0.0443,1.5782747603833864,0.7289972899728998,6.38
2012-08-11,Aqua,0.0165,0.1014,0.029,1.7575757575757576,0.7201017811704835,6.1454545454545455
2012-08-12,Aqua,0.0224,0.08360000000000001,0.0359,1.6026785714285714,0.5773584905660377,3.7321428571428577
2012-08-13,Aqua,0.013900000000000001,0.125,0.0267,1.920863309352518,0.7998560115190785,8.992805755395683
2012-08-14,Aqua,0.020800000000000003,0.07350000000000001,0.0334,1.6057692307692306,0.5588547189819725,3.5336538461538463
2012-08-15,Aqua,0.0407,0.23900000000000002,0.0596,1.4643734643734643,0.7089739006077942,5.872235872235873
2012-08-16,Aqua,0.027200000000000002,0.12490000000000001,0.0405,1.4738805970149254,0.6466710613052077,4.66044776119403
2012-08-19,Aqua,0.024300000000000002,0.1477,0.0369,1.575,0.7642105263157896,7.482142857142858
2012-08-21,Aqua,0.0177,0.1067,0.0298,1.6836158192090396,0.7563786008230453,7.20945945945946
2012-08-22,Aqua,0.0105,0.1063,0.021500000000000002,2.0476190476190474,0.8202054794520549,10.123809523809523
2012-08-23,Aqua,0.0275,0.1441,0.038200000000000005,1.4581818181818182,0.7413897280966767,6.733644859813084
2012-08-24,Aqua,0.028900000000000002,0.2631,0.045700000000000005,1.5813148788927336,0.802054794520548,9.103806228373701
2012-08-25,Aqua,0.0297,0.09920000000000001,0.042100000000000005,1.4175084175084176,0.569620253164557,3.6470588235294117
2012-08-26,Aqua,0.024200000000000003,0.1645,0.039900000000000005,1.6487603305785123,0.7435082140964494,6.797520661157025
2012-08-30,Aqua,0.021,0.11130000000000001,0.0318,1.5732758620689655,0.6825396825396826,5.3
2012-08-31,Aqua,0.0258,0.1918,0.040600000000000004,1.5736434108527133,0.7628676470588236,7.434108527131783
2012-09-01,Aqua,0.025900000000000003,0.1247,0.036500000000000005,1.4514925373134329,0.6560424966799469,4.814671814671814
2012-09-02,Aqua,0.031200000000000002,0.26130000000000003,0.0473,1.5297619047619047,0.7721261444557477,7.776785714285714
2012-09-03,Aqua,0.0229,0.0852,0.0345,1.5065502183406114,0.57631822386679,3.7205240174672487
2012-09-04,Aqua,0.0233,0.10840000000000001,0.037700000000000004,1.6180257510729614,0.6461655277145026,4.652360515021459
2012-09-05,Aqua,0.013600000000000001,0.1022,0.0269,1.977941176470588,0.7651122625215889,7.51470588235294
2012-09-06,Aqua,0.024800000000000003,0.1384,0.039,1.5725806451612903,0.6960784313725489,5.580645161290322
2012-09-07,Aqua,0.016,0.1409,0.027600000000000003,1.8062500000000001,0.7908101571946795,8.560693641618498
2012-09-11,Aqua,0.022600000000000002,0.1373,0.038200000000000005,1.6902654867256637,0.7173233270794246,6.075221238938052
2012-09-12,Aqua,0.0131,0.09090000000000001,0.0257,1.9618320610687023,0.7480769230769231,6.9389312977099245
2012-09-13,Aqua,0.036500000000000005,0.1482,0.05,1.36986301369863,0.6047644829453167,4.060273972602739
2012-09-14,Aqua,0.0149,0.1389,0.0279,1.8724832214765101,0.8062418725617686,9.322147651006711
2012-09-15,Aqua,0.0361,0.17830000000000001,0.051500000000000004,1.4265927977839337,0.6632462686567165,4.9390581717451525
2012-09-16,Aqua,0.033,0.2742,0.050800000000000005,1.5393939393939395,0.7851562499999999,8.309090909090909
2012-09-17,Aqua,0.0172,0.0727,0.0292,1.697674418604651,0.6173526140155728,4.226744186046512
2012-09-18,Aqua,0.035,0.2477,0.0502,1.4342857142857142,0.7523876901308808,7.0771428571428565
2012-09-20,Aqua,0.0442,0.25730000000000003,0.0587,1.3280542986425339,0.7067993366500829,5.8212669683257925
2012-09-22,Aqua,0.0199,0.10010000000000001,0.0309,1.5527638190954773,0.6683333333333333,5.030150753768845
2012-09-23,Aqua,0.07970000000000001,0.1762,0.1091,1.368883312421581,0.3771004298554122,2.2107904642409033
2012-09-24,Aqua,0.027200000000000002,0.1028,0.042100000000000005,1.5477941176470589,0.5716535433070866,3.6691176470588234
2012-09-25,Aqua,0.0262,0.2155,0.040600000000000004,1.549618320610687,0.7832023169218039,8.225190839694656
2012-09-26,Aqua,0.0196,0.11230000000000001,0.0281,1.5228426395939085,0.7289972899728998,6.380000000000001
2012-09-27,Aqua,0.0601,0.1831,0.0704,1.1713810316139768,0.5057565789473684,3.0465890183028286
2012-09-30,Aqua,0.0112,0.1198,0.0211,1.9320388349514563,0.8416602613374328,11.63106796116505
2012-10-01,Aqua,0.023100000000000002,0.1155,0.0324,1.4252873563218391,0.6666666666666667,5.0
2012-10-02,Aqua,0.033,0.24020000000000002,0.046700000000000005,1.4500000000000002,0.7584187408491948,7.278787878787879
2012-10-03,Aqua,0.018500000000000003,0.0709,0.0292,1.5783783783783782,0.629013079667063,4.391025641025641
2012-10-04,Aqua,0.0369,0.2262,0.053500000000000006,1.3766937669376693,0.6994740796393689,5.655
2012-10-05,Aqua,0.0152,0.14550000000000002,0.0264,1.643835616438356,0.7615012106537531,7.385786802030457
2012-10-06,Aqua,0.0267,0.12340000000000001,0.039900000000000005,1.4943820224719102,0.6442371752165224,4.621722846441948
2012-10-07,Aqua,0.0162,0.0994,0.027600000000000003,1.7832167832167833,0.7197231833910034,6.135802469135803
2012-10-08,Aqua,0.018600000000000002,0.053500000000000006,0.0307,1.650537634408602,0.48404993065187235,2.8763440860215055
2012-10-09,Aqua,0.0173,0.1469,0.0304,1.7687861271676302,0.789281364190012,8.491329479768787
2012-10-10,Aqua,0.026000000000000002,0.11810000000000001,0.038,1.4615384615384615,0.6391394864677308,4.542307692307692
2012-10-11,Aqua,0.0395,0.22990000000000002,0.053700000000000005,1.359493670886076,0.7067557535263549,5.820253164556963
2012-10-17,Aqua,0.015600000000000001,0.117,0.026000000000000002,1.6666666666666667,0.7560414269275029,7.19811320754717
2012-10-18,Aqua,0.0386,0.25930000000000003,0.0545,1.3550913838120104,0.7402509325194981,6.699738903394255
2012-10-25,Aqua,0.0526,0.2018,0.058300000000000005,1.108365019011407,0.5864779874213836,3.8365019011406845
2012-11-14,Aqua,0.0782,0.2442,0.0883,1.129156010230179,0.5148883374689825,3.122762148337596
2012-11-15,Aqua,0.016900000000000002,0.0786,0.0247,1.4957264957264957,0.6885069817400645,5.4206896551724135
2012-11-25,Aqua,0.044500000000000005,0.15610000000000002,0.052500000000000005,1.1797752808988764,0.5563310069790628,3.507865168539326
2012-12-30,Aqua,0.062,0.27840000000000004,0.07350000000000001,1.185483870967742,0.5778004766768812,3.7370967741935486
2013-01-01,Aqua,0.0505,0.2083,0.0591,1.2173913043478262,0.5751093825960136,3.7070938215102975
2013-01-02,Aqua,0.0439,0.1487,0.0521,1.214123006833713,0.5441329179646937,3.387243735763098
2013-01-04,Aqua,0.2656,0.3708,0.2635,0.992093373493976,0.16530483972344437,1.3960843373493976
2013-01-17,Aqua,0.048600000000000004,0.18330000000000002,0.048400000000000006,0.9958847736625515,0.5808538163001293,3.771604938271605
2013-01-18,Aqua,0.0359,0.09870000000000001,0.0381,1.0612813370473537,0.4665676077265974,2.7493036211699167
2013-01-19,Aqua,0.0361,0.1366,0.0357,0.9889196675900278,0.5819339895773017,3.78393351800554
2013-01-20,Aqua,0.0179,0.17880000000000001,0.0261,1.458100558659218,0.7597315436241611,7.324022346368715
2013-01-21,Aqua,0.025500000000000002,0.0765,0.0284,1.1137254901960785,0.49999999999999994,2.9999999999999996
2013-02-08,Aqua,0.0134,0.07590000000000001,0.0148,1.1044776119402986,0.6998880179171334,5.664179104477612
2013-02-10,Aqua,0.0383,0.1411,0.0434,1.133159268929504,0.5730211817168339,3.6840731070496084
2013-02-15,Aqua,0.0229,0.0651,0.028900000000000002,1.2620087336244543,0.4795454545454545,2.8427947598253276
2013-03-03,Aqua,0.0258,0.07060000000000001,0.0332,1.238244514106583,0.502127659574468,3.0170940170940175
2013-03-07,Aqua,0.0241,0.15130000000000002,0.0322,1.3360995850622406,0.7251995438996579,6.2780082987551875
2013-03-09,Aqua,0.0158,0.1206,0.024200000000000003,1.5316455696202531,0.7683284457478007,7.632911392405062
2013-03-13,Aqua,0.0366,0.1897,0.046700000000000005,1.2759562841530057,0.6765355722492268,5.183060109289618
2013-03-30,Aqua,0.016,0.068,0.0274,1.655844155844156,0.630695443645084,4.415584415584416
2013-03-31,Aqua,0.0449,0.1452,0.0553,1.2316258351893095,0.527617043661231,3.2338530066815143
2013-04-22,Aqua,0.025,0.1355,0.036000000000000004,1.4367346938775512,0.5592635212888377,3.5378590078328984
2013-04-23,Aqua,0.034,0.18810000000000002,0.047,1.3852941176470588,0.682468694096601,5.298591549295774
2013-04-24,Aqua,0.013900000000000001,0.0796,0.0244,1.7500000000000002,0.7026737967914439,5.726618705035971
2013-04-25,Aqua,0.0229,0.08070000000000001,0.0339,1.480349344978166,0.5579150579150579,3.5240174672489086
2013-04-26,Aqua,0.0195,0.108,0.0296,1.517948717948718,0.6941176470588235,5.538461538461538
2013-04-27,Aqua,0.0234,0.0665,0.0333,1.4230769230769231,0.47942157953281417,2.841880341880342
2013-05-01,Aqua,0.0128,0.0506,0.0234,1.828125,0.5962145110410095,3.9531249999999996
2013-05-02,Aqua,0.0292,0.1449,0.039900000000000005,1.3664383561643838,0.6929499072356213,5.5135951661631415
2013-05-03,Aqua,0.0118,0.0881,0.0217,1.8376068376068377,0.7637637637637636,7.466101694915254
2013-05-04,Aqua,0.0229,0.07970000000000001,0.0341,1.4890829694323142,0.6117290192113245,4.151041666666667
2013-05-05,Aqua,0.0108,0.1111,0.0212,1.9629629629629628,0.822805578342904,10.287037037037036
2013-05-06,Aqua,0.035300000000000005,0.0738,0.046700000000000005,1.3229461756373937,0.3528872593950504,2.090651558073654
2013-05-07,Aqua,0.0325,0.1839,0.048,1.476923076923077,0.699630314232902,5.658461538461538
2013-05-08,Aqua,0.0429,0.08420000000000001,0.053200000000000004,1.24009324009324,0.32494099134539733,1.9627039627039629
2013-05-09,Aqua,0.034300000000000004,0.17420000000000002,0.048,1.3994169096209912,0.6709832134292566,5.078717201166181
2013-05-10,Aqua,0.025900000000000003,0.0903,0.0371,1.4324324324324322,0.5542168674698794,3.4864864864864864
2013-05-20,Aqua,0.0256,0.2001,0.0396,1.546875,0.7227722772277227,6.214285714285714
2013-05-31,Aqua,0.0747,0.1041,0.08600000000000001,1.1512717536813923,0.16442953020134224,1.393574297188755
2013-06-01,Aqua,0.0541,0.2728,0.067,1.2384473197781887,0.6690119302539003,5.042513863216266
2013-06-03,Aqua,0.019,0.09820000000000001,0.0315,1.6578947368421053,0.6757679180887372,5.1684210526315795
2013-06-04,Aqua,0.0143,0.1029,0.024900000000000002,1.7412587412587415,0.7559726962457339,7.195804195804196
2013-06-05,Aqua,0.033800000000000004,0.1819,0.0507,1.5,0.6866017617060732,5.381656804733727
2013-06-07,Aqua,0.0468,0.0776,0.0563,1.202991452991453,0.24758842443729903,1.6581196581196582
2013-06-08,Aqua,0.0241,0.20220000000000002,0.0405,1.6804979253112033,0.7870083959346,8.390041493775934
2013-06-09,Aqua,0.0572,0.10020000000000001,0.065,1.1363636363636365,0.2731893265565439,1.7517482517482519
2013-06-10,Aqua,0.0184,0.1257,0.030100000000000002,1.6358695652173914,0.7446217904233171,6.8315217391304355
2013-06-14,Aqua,0.0177,0.06720000000000001,0.029400000000000003,1.6610169491525424,0.5830388692579506,3.796610169491526
2013-06-28,Aqua,0.014,0.1039,0.028,1.816176470588235,0.7511436413540714,7.036764705882353
2013-06-30,Aqua,0.0274,0.117,0.0407,1.4854014598540146,0.6204986149584488,4.27007299270073
2013-07-01,Aqua,0.034,0.2353,0.0539,1.5852941176470587,0.7474935016709989,6.920588235294117
2013-07-02,Aqua,0.0648,0.1338,0.0714,1.101851851851852,0.3460764587525151,2.0584615384615383
2013-07-03,Aqua,0.020900000000000002,0.1575,0.0354,1.708,0.7656950672645739,7.535885167464114
2013-07-04,Aqua,0.0241,0.1046,0.037000000000000005,1.5352697095435688,0.7077551020408164,5.843575418994414
2013-07-05,Aqua,0.0204,0.1267,0.0341,1.6715686274509802,0.7226376614547927,6.21078431372549
2013-07-06,Aqua,0.0125,0.1046,0.0234,1.8719999999999999,0.7865072587532024,8.367999999999999
2013-07-07,Aqua,0.0275,0.1627,0.043000000000000003,1.5636363636363637,0.7108307045215563,5.916363636363637
2013-07-08,Aqua,0.009300000000000001,0.0926,0.020900000000000002,2.247311827956989,0.817468105986261,9.956989247311826
2013-07-09,Aqua,0.040600000000000004,0.16110000000000002,0.052700000000000004,1.2980295566502462,0.5974219137332673,3.9679802955665027
2013-07-10,Aqua,0.0256,0.21180000000000002,0.042800000000000005,1.671875,0.784330244313395,8.2734375
2013-07-11,Aqua,0.0471,0.096,0.057,1.2101910828025477,0.34171907756813413,2.038216560509554
2013-07-12,Aqua,0.029900000000000003,0.1555,0.0438,1.4648829431438126,0.6774541531823084,5.20066889632107
2013-07-13,Aqua,0.0166,0.11180000000000001,0.0285,1.716867469879518,0.7414330218068536,6.734939759036145
2013-07-14,Aqua,0.0154,0.09050000000000001,0.0279,1.8088235294117645,0.7091595845136922,5.876623376623377
2013-07-15,Aqua,0.010400000000000001,0.12480000000000001,0.022000000000000002,2.1153846153846154,0.846153846153846,12.0
2013-07-16,Aqua,0.0236,0.1207,0.037700000000000004,1.5974576271186443,0.6729036729036729,5.114406779661017
2013-07-17,Aqua,0.0245,0.23020000000000002,0.041800000000000004,1.7061224489795919,0.8076168040832351,9.395918367346939
2013-07-18,Aqua,0.054200000000000005,0.1269,0.0625,1.1639344262295082,0.415633423180593,2.422509225092251
2013-07-19,Aqua,0.020800000000000003,0.1658,0.0354,1.7019230769230769,0.7770632368703108,7.971153846153845
2013-07-20,Aqua,0.027100000000000003,0.114,0.0379,1.431095406360424,0.6158752657689582,4.206642066420664
2013-07-21,Aqua,0.02,0.1474,0.033800000000000004,1.6900000000000002,0.7561465127947816,7.20164609053498
2013-07-22,Aqua,0.0119,0.1027,0.0228,1.9243697478991595,0.8065083553210203,9.336363636363636
2013-07-23,Aqua,0.0198,0.1092,0.0335,1.636842105263158,0.6930232558139535,5.515151515151515
2013-07-24,Aqua,0.010100000000000001,0.1308,0.020900000000000002,2.0693069306930694,0.8626784500339906,13.564356435643564
2013-07-25,Aqua,0.0322,0.1675,0.0456,1.4161490683229814,0.710929519918284,5.918727915194347
2013-07-26,Aqua,0.0245,0.1633,0.0403,1.6448979591836734,0.7390841320553782,6.665306122448979
2013-07-27,Aqua,0.032100000000000004,0.17070000000000002,0.0451,1.4049844236760123,0.6840551181102363,5.330218068535825
2013-07-28,Aqua,0.0244,0.1744,0.0388,1.5901639344262295,0.7805872756933115,8.115241635687733
2013-07-30,Aqua,0.0213,0.1159,0.0354,1.6619718309859155,0.7119645494830134,5.943589743589744
2013-08-03,Aqua,0.038900000000000004,0.0983,0.0506,1.3007712082262208,0.4329446064139942,2.5269922879177376
2013-08-04,Aqua,0.0238,0.1496,0.0385,1.6176470588235292,0.7254901960784315,6.285714285714286
2013-08-05,Aqua,0.0204,0.1306,0.032100000000000004,1.5735294117647058,0.722735674676525,6.213333333333333
2013-08-06,Aqua,0.0235,0.10360000000000001,0.0367,1.5617021276595746,0.6302124311565696,4.408510638297873
2013-08-08,Aqua,0.0281,0.1602,0.0398,1.416370106761566,0.7015400955921401,5.7010676156583635
2013-08-09,Aqua,0.01,0.1391,0.020200000000000003,2.0555555555555554,0.8658618376928235,13.91
2013-08-12,Aqua,0.029900000000000003,0.1312,0.0412,1.3779264214046822,0.6288019863438857,4.3879598662207355
2013-08-13,Aqua,0.0302,0.13920000000000002,0.0426,1.4350282485875707,0.6502667457024304,4.71864406779661
2013-08-17,Aqua,0.0205,0.09000000000000001,0.0322,1.570731707317073,0.6289592760180995,4.390243902439025
2013-08-18,Aqua,0.0261,0.25470000000000004,0.0424,1.6245210727969348,0.8141025641025641,9.758620689655173
2013-08-19,Aqua,0.027100000000000003,0.1431,0.0388,1.4317343173431734,0.6909920182440137,5.472324723247232
2013-08-20,Aqua,0.0213,0.1558,0.0345,1.6640926640926639,0.759457933370977,7.314553990610329
2013-08-21,Aqua,0.013900000000000001,0.1263,0.027800000000000002,2.0,0.7838983050847457,8.254901960784313
2013-08-24,Aqua,0.02305,0.13065,0.038700000000000005,1.8053030303030302,0.6727888277613204,5.332514332514332
2013-08-30,Aqua,0.014400000000000001,0.1509,0.025500000000000002,1.7708333333333333,0.8257713248638839,10.479166666666666
2013-08-31,Aqua,0.0132,0.0644,0.0245,1.8560606060606062,0.6597938144329896,4.878787878787879
2013-09-01,Aqua,0.0114,0.1226,0.0223,1.9561403508771928,0.8298507462686566,10.75438596491228
2013-09-07,Aqua,0.0261,0.1902,0.041800000000000004,1.6015325670498084,0.7586685159500692,7.287356321839081
2013-09-08,Aqua,0.0108,0.1125,0.0223,2.064814814814815,0.8248175182481752,10.416666666666666
2013-09-09,Aqua,0.019700000000000002,0.114,0.0322,1.6345177664974617,0.7122888759464182,5.951417004048584
2013-09-10,Aqua,0.0108,0.1073,0.0218,2.0185185185185186,0.8302139037433155,10.779527559055117
2013-09-11,Aqua,0.018600000000000002,0.1062,0.031200000000000002,1.6774193548387095,0.7019230769230769,5.709677419354838
2013-09-12,Aqua,0.0334,0.2301,0.051300000000000005,1.535593220338983,0.7425217720560393,6.7676470588235285
2013-09-13,Aqua,0.0219,0.11280000000000001,0.034300000000000004,1.5662100456621006,0.6748329621380846,5.15068493150685
2013-09-19,Aqua,0.026500000000000003,0.21130000000000002,0.0414,1.562264150943396,0.7771236333052987,7.973584905660377
2013-10-04,Aqua,0.0135,0.1153,0.0213,1.5777777777777777,0.7648241206030151,7.504273504273504
2013-10-05,Aqua,0.0287,0.2368,0.0434,1.545816733067729,0.783804143126177,8.250871080139373
2013-10-06,Aqua,0.013900000000000001,0.0794,0.022500000000000003,1.6187050359712232,0.778275475923852,8.020202020202019
2013-10-14,Aqua,0.0315,0.202,0.0441,1.3633802816901408,0.8014497321147178,9.073015873015873
2013-10-15,Aqua,0.0165,0.0878,0.0247,1.5628742514970062,0.6836049856184084,5.321212121212121
2013-10-16,Aqua,0.0329,0.2079,0.042100000000000005,1.2796352583586628,0.7104072398190044,5.90625
2013-10-17,Aqua,0.0146,0.0713,0.023100000000000002,1.582191780821918,0.660069848661234,4.883561643835616
2013-10-18,Aqua,0.0337,0.19,0.0409,1.227979274611399,0.6987036209208761,5.637982195845697
2013-10-19,Aqua,0.0152,0.12480000000000001,0.024,1.5789473684210527,0.7828571428571428,8.210526315789474
2013-10-20,Aqua,0.019100000000000002,0.127,0.025,1.3089005235602094,0.712187958883994,5.948979591836734
2013-10-21,Aqua,0.0362,0.2441,0.0478,1.3433962264150943,0.7417053157331431,6.7430939226519335
2013-10-22,Aqua,0.014,0.0864,0.021400000000000002,1.5000000000000002,0.7349397590361445,6.545454545454546
2013-10-23,Aqua,0.0328,0.1676,0.0414,1.377142857142857,0.6726546906187625,5.109756097560975
2013-10-24,Aqua,0.016900000000000002,0.0903,0.024800000000000003,1.5052083333333333,0.7692307692307694,7.666666666666667
2013-10-25,Aqua,0.0292,0.1111,0.0388,1.3145539906103287,0.5837491090520314,3.8047945205479454
2013-10-26,Aqua,0.013800000000000002,0.0829,0.0216,1.5652173913043477,0.7145811789038261,6.007246376811594
2013-10-28,Aqua,0.17900000000000002,0.2622,0.19090000000000001,1.0664804469273743,0.18857660924750672,1.4648044692737427
2013-10-29,Aqua,0.013800000000000002,0.0694,0.021400000000000002,1.5507246376811594,0.5370985603543743,3.3205741626794256
2013-10-30,Aqua,0.046900000000000004,0.2228,0.0546,1.1907894736842104,0.6968325791855204,5.597014925373134
2013-11-01,Aqua,0.039900000000000005,0.17270000000000002,0.0509,1.327027027027027,0.616381544841887,4.213513513513513
2013-11-10,Aqua,0.0623,0.1733,0.0664,1.0996835443037976,0.5688949522510232,3.6392405063291138
2013-11-11,Aqua,0.016,0.0964,0.0236,1.4628099173553717,0.7607305936073059,7.358778625954198
2013-11-13,Aqua,0.022000000000000002,0.1316,0.031400000000000004,1.4272727272727272,0.7135416666666666,5.981818181818181
2013-11-21,Aqua,0.0145,0.0801,0.018000000000000002,1.2413793103448276,0.44725738396624476,2.618320610687023
2013-11-22,Aqua,0.028900000000000002,0.1495,0.0359,1.2422145328719723,0.6537610619469026,4.776357827476038
2013-11-24,Aqua,0.0448,0.2376,0.0499,1.09375,0.6549865229110513,4.796875
2013-11-25,Aqua,0.020900000000000002,0.08360000000000001,0.0244,1.3069767441860465,0.5908658420551854,3.8883720930232557
2013-11-28,Aqua,0.0466,0.1438,0.0517,1.109442060085837,0.5105042016806722,3.0858369098712446
2013-12-03,Aqua,0.051500000000000004,0.154,0.0603,1.170873786407767,0.4987834549878345,2.990291262135922
2013-12-04,Aqua,0.0033,0.0784,0.0061,1.8484848484848486,0.91921664626683,23.757575757575758
2013-12-08,Aqua,0.0787,0.301,0.08360000000000001,1.0622617534942822,0.5854622070055308,3.8246505717916133
2013-12-11,Aqua,0.036000000000000004,0.2303,0.042100000000000005,1.1694444444444445,0.7296282388283891,6.397222222222221
2013-12-16,Aqua,0.027600000000000003,0.08940000000000001,0.033600000000000005,1.2173913043478262,0.5079801871216291,3.0648769574944073
2013-12-17,Aqua,0.048,0.22610000000000002,0.0541,1.1270833333333334,0.6497628602699745,4.710416666666667
2013-12-24,Aqua,0.0528,0.2667,0.0635,1.2026515151515151,0.6694835680751173,5.051136363636363
2013-12-26,Aqua,0.043300000000000005,0.1854,0.050800000000000005,1.1732101616628174,0.6213379973764757,4.281755196304849
2013-12-27,Aqua,0.0224,0.0867,0.029500000000000002,1.3169642857142858,0.563570784490532,3.5826446280991733
2013-12-28,Aqua,0.0395,0.14600000000000002,0.0446,1.129113924050633,0.525,3.210526315789474
2014-01-04,Aqua,0.0385,0.1376,0.0419,1.0883116883116883,0.56274843838728,3.574025974025974
2014-01-05,Aqua,0.0111,0.1097,0.0173,1.25,0.8162251655629139,9.882882882882884
2014-01-15,Aqua,0.039,0.1496,0.041800000000000004,1.1588089330024816,0.5864262990455991,3.835897435897436
2014-01-16,Aqua,0.0291,0.1317,0.0383,1.2895622895622896,0.6975051975051973,5.6116838487972505
2014-01-17,Aqua,0.0236,0.0471,0.0304,1.288135593220339,0.33239038189533243,1.995762711864407
2014-01-18,Aqua,0.042100000000000005,0.2144,0.0489,1.213991769547325,0.6717348927875244,5.092636579572446
2014-01-19,Aqua,0.0235,0.0713,0.0327,1.3487179487179488,0.48968512486427795,2.919148936170213
2014-01-20,Aqua,0.0354,0.1756,0.0454,1.1642651296829971,0.6205576817933296,4.270893371757925
2014-01-22,Aqua,0.0351,0.09620000000000001,0.0424,1.2038216560509554,0.4043795620437956,2.357843137254902
2014-01-23,Aqua,0.0159,0.1207,0.025400000000000002,1.562043795620438,0.7890685142417244,8.481751824817518
2014-01-24,Aqua,0.0366,0.1655,0.041100000000000005,1.099526066350711,0.5936446798266731,3.9218009478672986
2014-01-25,Aqua,0.0216,0.1145,0.031900000000000005,1.156989247311828,0.6823529411764705,5.296296296296296
2014-01-26,Aqua,0.0198,0.0485,0.0241,1.311740890688259,0.42020497803806733,2.4494949494949494
2014-02-22,Aqua,0.0253,0.1,0.043500000000000004,1.7193675889328066,0.5961691939345571,3.9525691699604746
2014-03-07,Aqua,0.031400000000000004,0.19310000000000002,0.046,1.4649681528662417,0.7202672605790645,6.14968152866242
2014-03-11,Aqua,0.0233,0.1263,0.03835,1.5861476478255718,0.6616519174041298,4.912371134020619
2014-03-12,Aqua,0.0199,0.1003,0.0371,1.751111111111111,0.6688851913477537,5.040201005025126
2014-03-13,Aqua,0.0475,0.1295,0.057100000000000005,1.2021052631578948,0.46327683615819215,2.7263157894736842
2014-03-18,Aqua,0.046400000000000004,0.1738,0.0585,1.3571428571428572,0.5335968379446641,3.2881355932203387
2014-03-21,Aqua,0.020900000000000002,0.1211,0.035,1.674641148325359,0.7056338028169014,5.794258373205741
2014-03-22,Aqua,0.0274,0.06420000000000001,0.0455,1.6605839416058392,0.41379310344827586,2.411764705882353
2014-03-23,Aqua,0.041800000000000004,0.22,0.0557,1.332535885167464,0.6806722689075629,5.263157894736842
2014-03-24,Aqua,0.0347,0.0921,0.050100000000000006,1.4438040345821326,0.4526813880126183,2.6541786743515847
2014-04-07,Aqua,0.0184,0.0436,0.0367,1.8967391304347827,0.4064516129032258,2.369565217391304
2014-04-10,Aqua,0.0307,0.13970000000000002,0.0451,1.4690553745928339,0.6447076239822355,4.629166666666666
2014-04-11,Aqua,0.0187,0.0611,0.035500000000000004,1.8983957219251337,0.531328320802005,3.2673796791443848
2014-04-12,Aqua,0.0291,0.1359,0.042800000000000005,1.470790378006873,0.6472727272727273,4.6701030927835046
2014-04-13,Aqua,0.013900000000000001,0.0964,0.0281,1.9782608695652173,0.7479601087941977,6.935251798561151
2014-04-28,Aqua,0.038400000000000004,0.14600000000000002,0.049100000000000005,1.2666666666666666,0.6043956043956044,4.055555555555555
2014-04-30,Aqua,0.0201,0.0468,0.030600000000000002,1.5223880597014927,0.39910313901345296,2.328358208955224
2014-05-07,Aqua,0.025900000000000003,0.09770000000000001,0.038400000000000004,1.4826254826254825,0.5809061488673138,3.772200772200772
2014-05-13,Aqua,0.021400000000000002,0.0864,0.031,1.4485981308411213,0.6029684601113172,4.037383177570093
2014-05-14,Aqua,0.023,0.09580000000000001,0.0356,1.5478260869565217,0.6127946127946128,4.165217391304348
2014-05-16,Aqua,0.0281,0.0993,0.0397,1.4128113879003559,0.5588697017268445,3.5338078291814945
2014-05-20,Aqua,0.0264,0.08460000000000001,0.0376,1.4047619047619049,0.5243243243243243,3.204545454545455
2014-05-21,Aqua,0.028800000000000003,0.14700000000000002,0.042100000000000005,1.525679758308157,0.7023060796645703,5.71830985915493
2014-05-22,Aqua,0.02,0.11570000000000001,0.031100000000000003,1.5217391304347827,0.7052321296978629,5.785
2014-05-29,Aqua,0.0145,0.1767,0.0261,1.8,0.8483263598326358,12.186206896551724
2014-05-30,Aqua,0.031100000000000003,0.1535,0.0509,1.6366559485530545,0.6630552546045504,4.935691318327974
2014-05-31,Aqua,0.0164,0.0922,0.031,1.8902439024390243,0.6979742173112339,5.621951219512195
2014-06-01,Aqua,0.0332,0.1159,0.049,1.4753521126760563,0.5546613011401743,3.4909638554216866
2014-06-02,Aqua,0.0334,0.2036,0.0528,1.5808383233532934,0.7181434599156119,6.095808383233533
2014-06-03,Aqua,0.0337,0.2311,0.049600000000000005,1.4718100890207717,0.7454682779456193,6.8575667655786345
2014-06-04,Aqua,0.0327,0.17420000000000002,0.0509,1.5685131195335276,0.6853932584269663,5.357142857142858
2014-06-05,Aqua,0.0327,0.08460000000000001,0.0461,1.4097859327217126,0.4375,2.555555555555556
2014-06-06,Aqua,0.0364,0.1449,0.053500000000000006,1.4697802197802199,0.6018217306441119,4.022875816993464
2014-06-07,Aqua,0.017400000000000002,0.1252,0.030000000000000002,1.7241379310344827,0.755960729312763,7.195402298850574
2014-06-08,Aqua,0.0275,0.1199,0.0427,1.5527272727272727,0.6710046850598648,5.079113924050633
2014-06-09,Aqua,0.0122,0.0999,0.0244,2.0,0.7823371989295271,8.188524590163935
2014-06-10,Aqua,0.0367,0.13520000000000001,0.0495,1.321525885558583,0.5730075625363583,3.683923705722071
2014-06-19,Aqua,0.06760000000000001,0.1253,0.078,1.1538461538461537,0.29911871435977183,1.853550295857988
2014-06-22,Aqua,0.0364,0.2056,0.0522,1.434065934065934,0.6991735537190084,5.648351648351648
2014-06-30,Aqua,0.0103,0.11560000000000001,0.0198,1.8958333333333333,0.8097251585623678,9.511111111111113
2014-07-01,Aqua,0.0183,0.17370000000000002,0.032100000000000004,1.7714285714285716,0.7463271302644466,6.884169884169884
2014-07-02,Aqua,0.0111,0.10250000000000001,0.022500000000000003,2.027027027027027,0.8045774647887324,9.234234234234235
2014-07-03,Aqua,0.0267,0.059000000000000004,0.0357,1.39453125,0.3947990543735224,2.3046875
2014-07-05,Aqua,0.031,0.24700000000000003,0.047,1.5161290322580645,0.7769784172661871,7.967741935483872
2014-07-06,Aqua,0.018600000000000002,0.1484,0.033,1.7741935483870968,0.7772455089820359,7.978494623655913
2014-07-07,Aqua,0.0257,0.07880000000000001,0.0361,1.4080882352941175,0.5081339712918661,3.066147859922179
2014-07-09,Aqua,0.0109,0.10200000000000001,0.0216,1.981651376146789,0.7941952506596306,8.717948717948719
2014-07-10,Aqua,0.017400000000000002,0.1206,0.030100000000000002,1.7298850574712643,0.7391304347826086,6.666666666666666
2014-07-12,Aqua,0.0476,0.0877,0.055400000000000005,1.1638655462184875,0.2963784183296378,1.8424369747899159
2014-07-14,Aqua,0.049600000000000005,0.09530000000000001,0.060000000000000005,1.2096774193548387,0.3153899240855762,1.9213709677419355
2014-07-15,Aqua,0.0257,0.1444,0.0405,1.575875486381323,0.7324535092981403,6.475336322869955
2014-07-16,Aqua,0.0172,0.0911,0.0304,1.7674418604651163,0.6823638042474607,5.296511627906977
2014-07-17,Aqua,0.023100000000000002,0.1612,0.039400000000000004,1.7056277056277056,0.7493217580032555,6.978354978354978
2014-07-19,Aqua,0.0213,0.1312,0.0341,1.6009389671361502,0.720655737704918,6.159624413145541
2014-07-25,Aqua,0.010700000000000001,0.1096,0.0216,2.0186915887850465,0.8221113881961762,10.242990654205606
2014-07-26,Aqua,0.0131,0.062400000000000004,0.0241,1.8307692307692307,0.652980132450331,4.763358778625954
2014-07-28,Aqua,0.0383,0.0821,0.0473,1.2584856396866841,0.36378737541528244,2.143603133159269
2014-07-30,Aqua,0.0368,0.0821,0.046400000000000004,1.2608695652173914,0.3809924306139614,2.2309782608695654
2014-07-31,Aqua,0.025,0.1453,0.0397,1.5879999999999999,0.7064004697592484,5.812
2014-08-01,Aqua,0.0468,0.13340000000000002,0.061700000000000005,1.3183760683760684,0.5287009063444108,3.243589743589744
2014-08-02,Aqua,0.027700000000000002,0.1208,0.0408,1.4729241877256318,0.6269360269360269,4.3610108303249095
2014-08-04,Aqua,0.025500000000000002,0.10110000000000001,0.0386,1.5137254901960784,0.6060365369340747,4.076612903225806
2014-08-05,Aqua,0.0193,0.232,0.0383,1.9844559585492227,0.8463987266215678,12.020725388601036
2014-08-06,Aqua,0.0292,0.2126,0.0413,1.4143835616438358,0.7584780810587262,7.280821917808219
2014-08-07,Aqua,0.021,0.17270000000000002,0.034800000000000005,1.6571428571428573,0.7831698502839444,8.223809523809525
2014-08-08,Aqua,0.0178,0.0714,0.0284,1.5823529411764705,0.5305466237942122,3.26027397260274
2014-08-09,Aqua,0.029,0.16490000000000002,0.0436,1.5034482758620689,0.7008767405879319,5.686206896551725
2014-08-10,Aqua,0.014700000000000001,0.11380000000000001,0.026500000000000003,1.8027210884353742,0.7712062256809339,7.741496598639456
2014-08-15,Aqua,0.0351,0.1019,0.0468,1.3333333333333335,0.4875912408759124,2.903133903133903
2014-08-16,Aqua,0.026600000000000002,0.1529,0.0405,1.5394321766561516,0.7036211699164344,5.7481203007518795
2014-08-17,Aqua,0.0165,0.10160000000000001,0.0285,1.7272727272727273,0.720575783234547,6.157575757575758
2014-08-18,Aqua,0.027200000000000002,0.153,0.041100000000000005,1.5110294117647058,0.6981132075471698,5.624999999999999
2014-08-20,Aqua,0.027100000000000003,0.2195,0.0426,1.5719557195571954,0.7802108678021086,8.099630996309962
2014-08-21,Aqua,0.057600000000000005,0.258,0.0687,1.1927083333333333,0.6349809885931559,4.479166666666666
2014-08-22,Aqua,0.0187,0.184,0.0332,1.7754010695187166,0.8154908732116428,9.839572192513367
2014-08-24,Aqua,0.0193,0.0727,0.0298,1.544041450777202,0.5701943844492441,3.6532663316582914
2014-08-25,Aqua,0.0247,0.16110000000000002,0.0367,1.5141843971631206,0.765195670274771,7.5177304964539005
2014-08-26,Aqua,0.0091,0.1092,0.0184,2.021978021978022,0.8461538461538463,12.0
2014-08-27,Aqua,0.018000000000000002,0.17650000000000002,0.0307,1.6688741721854303,0.7286973555337904,6.371841155234657
2014-08-28,Aqua,0.0102,0.1164,0.0194,1.9019607843137254,0.8388625592417063,11.411764705882353
2014-08-29,Aqua,0.032600000000000004,0.1689,0.044500000000000005,1.3650306748466257,0.676426799007444,5.180981595092024
2014-09-01,Aqua,0.0224,0.18710000000000002,0.0357,1.5937500000000002,0.7861575178997613,8.352678571428573
2014-09-02,Aqua,0.0129,0.1232,0.0238,1.8449612403100777,0.8150537634408603,9.813953488372094
2014-09-03,Aqua,0.019700000000000002,0.0993,0.030000000000000002,1.6366782006920415,0.6689075630252102,5.040609137055837
2014-09-04,Aqua,0.0117,0.1254,0.0211,1.8461538461538463,0.8293216630196937,10.717948717948719
2014-09-05,Aqua,0.015600000000000001,0.077,0.0267,1.7115384615384615,0.684964200477327,5.348484848484849
2014-09-06,Aqua,0.0159,0.2099,0.030600000000000002,1.9245283018867925,0.8591674047829938,13.20125786163522
2014-09-07,Aqua,0.0195,0.11910000000000001,0.030500000000000003,1.6051282051282052,0.7186147186147187,6.107692307692308
2014-09-10,Aqua,0.0219,0.1776,0.0344,1.5707762557077627,0.775187969924812,7.896321070234113
2014-09-11,Aqua,0.0118,0.0944,0.0228,1.9322033898305087,0.7861873226111636,8.353982300884955
2014-09-12,Aqua,0.0198,0.0805,0.0329,1.6616161616161613,0.6597938144329897,4.878787878787879
2014-09-13,Aqua,0.0131,0.1399,0.0246,1.8778625954198473,0.8121761658031087,9.648275862068965
2014-09-14,Aqua,0.0118,0.0393,0.0238,2.0,0.5411764705882353,3.358974358974359
2014-09-16,Aqua,0.028900000000000002,0.0767,0.0405,1.4013840830449826,0.4526515151515152,2.6539792387543253
2014-09-19,Aqua,0.0309,0.18380000000000002,0.0434,1.4045307443365695,0.7121564974382859,5.94822006472492
2014-09-20,Aqua,0.0109,0.12050000000000001,0.020900000000000002,1.94,0.8272727272727272,10.578947368421051
2014-09-21,Aqua,0.0196,0.0719,0.031100000000000003,1.5867346938775513,0.571584699453552,3.668367346938776
2014-09-27,Aqua,0.0118,0.1015,0.0233,1.9745762711864407,0.793040293040293,8.663716814159292
2014-09-28,Aqua,0.017,0.08710000000000001,0.0263,1.5470588235294116,0.6775862068965517,5.2032085561497325
2014-10-01,Aqua,0.0322,0.22660000000000002,0.048100000000000004,1.5093167701863355,0.7604208822339135,7.347972972972973
2014-10-02,Aqua,0.0108,0.0755,0.020200000000000003,1.8703703703703705,0.7100792751981879,5.898437499999999
2014-10-03,Aqua,0.028200000000000003,0.2371,0.0415,1.4716312056737588,0.7874104787033548,8.407801418439716
2014-10-04,Aqua,0.0092,0.0883,0.0189,2.0430107526881716,0.8094262295081966,9.494623655913978
2014-10-05,Aqua,0.0123,0.062400000000000004,0.0233,1.8943089430894309,0.6706827309236948,5.073170731707317
2014-10-06,Aqua,0.0111,0.1365,0.021,1.8918918918918919,0.8322147651006712,10.92
2014-10-07,Aqua,0.0187,0.1034,0.028300000000000002,1.5133689839572193,0.6936936936936936,5.529411764705882
2014-10-08,Aqua,0.0356,0.31570000000000004,0.053700000000000005,1.436746987951807,0.7861386138613862,8.351851851851853
2014-10-09,Aqua,0.013300000000000001,0.0649,0.022600000000000002,1.699248120300752,0.6695652173913043,5.052631578947369
2014-10-10,Aqua,0.032600000000000004,0.1826,0.046,1.4155844155844155,0.6970260223048328,5.601226993865031
2014-10-12,Aqua,0.0383,0.2283,0.0492,1.3437499999999998,0.7126781695423856,5.960835509138382
2014-10-16,Aqua,0.026000000000000002,0.1922,0.0342,1.3153846153846154,0.7616865261228232,7.392307692307692
2014-10-19,Aqua,0.0405,0.24780000000000002,0.0517,1.2765432098765432,0.7190426638917794,6.118518518518519
2014-11-07,Aqua,0.0142,0.1442,0.0239,1.475609756097561,0.8012121212121213,9.060975609756097
2014-11-10,Aqua,0.012,0.0471,0.017,1.4166666666666667,0.5939086294416245,3.9250000000000003
2014-11-11,Aqua,0.038900000000000004,0.2258,0.0476,1.223650385604113,0.6548186148772444,4.794055201698513
2014-11-12,Aqua,0.020900000000000002,0.1014,0.030500000000000003,1.4593301435406698,0.6582174979558463,4.851674641148325
2014-11-15,Aqua,0.0499,0.1047,0.0567,1.1362725450901803,0.3544631306597671,2.0981963927855714
2014-11-17,Aqua,0.0351,0.1292,0.0409,1.1846153846153846,0.5727328058429703,3.6809116809116813
2014-12-14,Aqua,0.0264,0.1129,0.0317,1.2007575757575757,0.620961952620244,4.276515151515151
2014-12-22,Aqua,0.0482,0.1617,0.057800000000000004,1.199170124481328,0.5407336827060506,3.354771784232365
2014-12-26,Aqua,0.0476,0.0907,0.0604,1.26890756302521,0.3116413593637021,1.9054621848739495
2014-12-30,Aqua,0.036000000000000004,0.0614,0.0473,1.3138888888888889,0.2607802874743326,1.7055555555555555
2014-12-31,Aqua,0.0455,0.16160000000000002,0.0519,1.1406593406593408,0.699748743718593,5.661087866108787
2015-01-01,Aqua,0.027800000000000002,0.1323,0.0385,1.3383685800604228,0.6527170518425984,4.758992805755396
2015-01-02,Aqua,0.0148,0.1398,0.0247,1.6689189189189189,0.8085381630012936,9.445945945945946
2015-01-07,Aqua,0.042300000000000004,0.1285,0.0522,1.2340425531914894,0.5046838407494145,3.0378250591016545
2015-01-13,Aqua,0.0285,0.1096,0.0379,1.3554216867469882,0.5350140056022409,3.3012048192771086
2015-01-19,Aqua,0.034800000000000005,0.12480000000000001,0.051800000000000006,1.4885057471264367,0.5639097744360901,3.5862068965517238
2015-01-21,Aqua,0.049300000000000004,0.19460000000000002,0.061000000000000006,1.2553191489361704,0.6109271523178808,4.140425531914894
2015-01-25,Aqua,0.0371,0.10500000000000001,0.0516,1.3908355795148248,0.5680868838763576,3.630560928433269
2015-01-28,Aqua,0.0419,0.1965,0.0567,1.3239074550128533,0.6821941663038746,5.293150684931507
2015-01-30,Aqua,0.040100000000000004,0.18000000000000002,0.0517,1.3242574257425743,0.6356201726487961,4.488778054862843
2015-01-31,Aqua,0.0228,0.0835,0.0333,1.4958677685950412,0.5506035283194057,3.4504132231404956
2015-02-16,Aqua,0.025900000000000003,0.0718,0.035300000000000005,1.433673469387755,0.4417670682730923,2.58273381294964
2015-02-17,Aqua,0.052700000000000004,0.1797,0.06380000000000001,1.2058823529411764,0.5352413498504912,3.3033088235294117
2015-02-18,Aqua,0.0222,0.12660000000000002,0.0342,1.5405405405405406,0.7016129032258065,5.7027027027027035
2015-02-22,Aqua,0.0328,0.17400000000000002,0.0417,1.361271676300578,0.6827852998065764,5.304878048780488
2015-02-23,Aqua,0.0227,0.08600000000000001,0.0333,1.4322916666666665,0.5823367065317387,3.788546255506608
2015-02-24,Aqua,0.0362,0.155,0.0419,1.1574585635359116,0.6213389121338911,4.281767955801104
2015-02-28,Aqua,0.0275,0.0951,0.0354,1.2872727272727273,0.5654320987654322,3.6022727272727275
2015-03-01,Aqua,0.0451,0.2044,0.053700000000000005,1.1906873614190687,0.6384769539078157,4.532150776053215
2015-03-03,Aqua,0.0397,0.23600000000000002,0.051500000000000004,1.297229219143577,0.7120058034095031,5.944584382871537
2015-03-04,Aqua,0.0253,0.084,0.0349,1.3794466403162056,0.5370539798719122,3.320158102766799
2015-03-05,Aqua,0.0606,0.2131,0.0669,1.1096774193548387,0.549254816430389,3.4370967741935488
2015-03-07,Aqua,0.0347,0.12610000000000002,0.0429,1.2363112391930835,0.568407960199005,3.6340057636887613
2015-03-08,Aqua,0.0207,0.13720000000000002,0.028800000000000003,1.4347826086956523,0.7378087397086764,6.628019323671499
2015-03-09,Aqua,0.018600000000000002,0.0354,0.027,1.4516129032258063,0.31111111111111106,1.9032258064516128
2015-03-12,Aqua,0.0366,0.1778,0.0451,1.2322404371584699,0.6585820895522388,4.85792349726776
2015-03-16,Aqua,0.027600000000000003,0.10600000000000001,0.0359,1.3007246376811594,0.5868263473053892,3.8405797101449277
2015-03-18,Aqua,0.0234,0.08370000000000001,0.0292,1.3080168776371306,0.5630252100840336,3.576923076923077
2015-03-26,Aqua,0.033600000000000005,0.1762,0.0424,1.3342618384401115,0.6796949475691135,5.244047619047618
2015-03-27,Aqua,0.0233,0.0869,0.0307,1.2749003984063745,0.5435847208619001,3.381974248927039
2015-03-29,Aqua,0.027200000000000002,0.1396,0.0362,1.3308823529411764,0.6738609112709832,5.13235294117647
2015-04-12,Aqua,0.029300000000000003,0.07440000000000001,0.0352,1.2013651877133105,0.4349083895853423,2.539249146757679
2015-04-15,Aqua,0.042300000000000004,0.1457,0.0522,1.2340425531914894,0.4302191464821223,2.5101214574898787
2015-04-16,Aqua,0.0128,0.1003,0.020900000000000002,1.6,0.7627416520210897,7.42962962962963
2015-04-17,Aqua,0.016900000000000002,0.0422,0.0239,1.4036144578313254,0.43537414965986393,2.5421686746987953
2015-04-18,Aqua,0.0356,0.198,0.0472,1.3258426966292134,0.6744186046511628,5.142857142857143
2015-04-19,Aqua,0.0363,0.08080000000000001,0.0451,1.2338709677419355,0.3694915254237288,2.172043010752688
2015-04-20,Aqua,0.045200000000000004,0.2054,0.056600000000000004,1.252212389380531,0.6282203725723344,4.37953091684435
2015-04-22,Aqua,0.031100000000000003,0.1072,0.0391,1.3532763532763534,0.5502530730296457,3.4469453376205785
2015-04-27,Aqua,0.036500000000000005,0.2207,0.047900000000000005,1.3123287671232877,0.7161741835147746,6.0465753424657525
2015-04-30,Aqua,0.0247,0.1058,0.0334,1.375,0.6214559386973181,4.2834008097166
2015-05-02,Aqua,0.018500000000000003,0.11330000000000001,0.0287,1.531791907514451,0.7192716236722305,6.124324324324324
2015-05-03,Aqua,0.0364,0.1242,0.0487,1.3379120879120878,0.5821656050955415,3.7865853658536586
2015-05-08,Aqua,0.0378,0.1375,0.051500000000000004,1.3624338624338626,0.5687393040501997,3.6375661375661377
2015-05-09,Aqua,0.027800000000000002,0.10300000000000001,0.038900000000000004,1.4323144104803494,0.5606060606060607,3.5517241379310347
2015-05-25,Aqua,0.0216,0.0921,0.0329,1.523148148148148,0.6200527704485489,4.263888888888888
2015-05-26,Aqua,0.0342,0.11860000000000001,0.0451,1.3836930455635492,0.5523560209424083,3.4678362573099415
2015-05-28,Aqua,0.0426,0.2114,0.0567,1.3309859154929577,0.6645669291338583,4.962441314553991
2015-05-30,Aqua,0.057300000000000004,0.1022,0.0658,1.1483420593368237,0.28150470219435736,1.7835951134380452
2015-06-04,Aqua,0.0298,0.14800000000000002,0.0478,1.4377104377104377,0.5991356023770935,3.9892183288409706
2015-06-05,Aqua,0.0346,0.22870000000000001,0.054400000000000004,1.5722543352601157,0.7371819217622484,6.609826589595376
2015-06-06,Aqua,0.075,0.11370000000000001,0.0874,1.1653333333333336,0.20508744038155807,1.5160000000000002
2015-06-07,Aqua,0.034,0.2495,0.054,1.588235294117647,0.7601410934744268,7.338235294117647
2015-06-08,Aqua,0.0344,0.11520000000000001,0.0476,1.3837209302325582,0.5401069518716578,3.3488372093023258
2015-06-10,Aqua,0.016900000000000002,0.1149,0.030000000000000002,1.7751479289940828,0.7435508345978756,6.798816568047337
2015-06-11,Aqua,0.0297,0.1426,0.0436,1.5102040816326532,0.7067624177139438,5.820408163265306
2015-06-12,Aqua,0.016800000000000002,0.1211,0.0281,1.6726190476190474,0.7743589743589743,7.863636363636363
2015-06-13,Aqua,0.0534,0.0833,0.0641,1.200374531835206,0.21872713972201902,1.5599250936329587
2015-06-14,Aqua,0.0317,0.2091,0.0505,1.6013071895424835,0.7400169923534411,6.69281045751634
2015-06-15,Aqua,0.062,0.1044,0.0714,1.1709677419354838,0.25480769230769235,1.6838709677419357
2015-06-17,Aqua,0.0212,0.13470000000000001,0.0344,1.6226415094339623,0.7280307889672868,6.353773584905661
2015-06-18,Aqua,0.0298,0.0978,0.0414,1.47265625,0.5329153605015675,3.2818791946308723
2015-06-20,Aqua,0.0356,0.15610000000000002,0.057300000000000004,1.3216374269005848,0.5486111111111112,3.430769230769231
2015-06-22,Aqua,0.069,0.12100000000000001,0.07830000000000001,1.1347826086956523,0.2736842105263158,1.7536231884057971
2015-06-23,Aqua,0.034300000000000004,0.21880000000000002,0.0512,1.4927113702623906,0.7289608850256815,6.379008746355685
2015-06-25,Aqua,0.033100000000000004,0.14020000000000002,0.0443,1.4961832061068703,0.61800346220427,4.235649546827794
2015-06-26,Aqua,0.0184,0.11610000000000001,0.0323,1.7554347826086958,0.7263940520446097,6.309782608695652
2015-06-29,Aqua,0.0541,0.1198,0.06330000000000001,1.1700554528650648,0.36757990867579904,2.1624548736462095
2015-06-30,Aqua,0.031400000000000004,0.2159,0.0471,1.5,0.7460574201374848,6.875796178343949
2015-07-01,Aqua,0.0511,0.1411,0.0596,1.2230919765166341,0.4731486715658564,2.796137339055794
2015-07-02,Aqua,0.034,0.16620000000000001,0.0466,1.4693877551020407,0.6603396603396603,4.8882352941176475
2015-07-03,Aqua,0.020200000000000003,0.0862,0.0327,1.6188118811881187,0.6203007518796994,4.267326732673267
2015-07-06,Aqua,0.0374,0.1365,0.055400000000000005,1.318872017353579,0.5225878416062465,3.189252336448598
2015-07-08,Aqua,0.063,0.13670000000000002,0.0695,1.1031746031746033,0.36905358037055586,2.16984126984127
2015-07-12,Aqua,0.022600000000000002,0.1386,0.037200000000000004,1.6460176991150444,0.7196029776674937,6.1327433628318575
2015-07-14,Aqua,0.0146,0.1694,0.021500000000000002,1.4726027397260275,0.841304347826087,11.602739726027396
2015-07-16,Aqua,0.0349,0.24230000000000002,0.0466,1.4146341463414633,0.7356733524355302,6.56639566395664
2015-07-17,Aqua,0.0465,0.1164,0.0543,1.167741935483871,0.4290976058931861,2.503225806451613
2015-07-18,Aqua,0.0369,0.17220000000000002,0.0478,1.3742138364779874,0.6470588235294119,4.666666666666667
2015-07-19,Aqua,0.0228,0.093,0.0346,1.5175438596491226,0.6062176165803108,4.078947368421052
2015-07-20,Aqua,0.032100000000000004,0.2079,0.0448,1.4496124031007753,0.6906574394463667,5.465324384787472
2015-07-22,Aqua,0.0333,0.1706,0.0451,1.3423423423423424,0.6597774244833068,4.878504672897196
2015-07-23,Aqua,0.0364,0.2214,0.0514,1.412087912087912,0.7176105508145849,6.082417582417582
2015-07-24,Aqua,0.0388,0.18730000000000002,0.0528,1.3608247422680413,0.6567890314020345,4.827319587628867
2015-07-28,Aqua,0.0171,0.126,0.026000000000000002,1.47953216374269,0.791044776119403,8.571428571428571
2015-07-29,Aqua,0.0292,0.1537,0.0442,1.5198237885462555,0.6077405857740585,4.098666666666667
2015-07-30,Aqua,0.0166,0.1419,0.0268,1.6144578313253013,0.7905362776025237,8.548192771084338
2015-07-31,Aqua,0.0446,0.0758,0.0546,1.2242152466367713,0.25913621262458475,1.6995515695067265
2015-08-01,Aqua,0.035300000000000005,0.23870000000000002,0.050300000000000004,1.3645320197044335,0.7092731829573935,5.879310344827586
2015-08-04,Aqua,0.024800000000000003,0.129,0.037700000000000004,1.5201612903225807,0.681877444589309,5.286885245901639
2015-08-05,Aqua,0.0402,0.1869,0.0531,1.3228699551569507,0.6459709379128137,4.649253731343284
2015-08-06,Aqua,0.0183,0.11130000000000001,0.029300000000000003,1.6010928961748636,0.7175925925925926,6.081967213114755
2015-08-07,Aqua,0.0386,0.1469,0.049100000000000005,1.2557544757033248,0.5795698924731183,3.757033248081841
2015-08-08,Aqua,0.052700000000000004,0.3049,0.0634,1.2030360531309297,0.7052572706935122,5.785578747628083
2015-08-09,Aqua,0.0446,0.1419,0.0575,1.289237668161435,0.5217158176943699,3.1816143497757845
2015-08-12,Aqua,0.0485,0.1559,0.0585,1.2969072164948452,0.6072164948453609,4.091863517060368
2015-08-13,Aqua,0.027,0.1216,0.0379,1.403703703703704,0.6366083445491252,4.503703703703704
2015-08-16,Aqua,0.040100000000000004,0.11280000000000001,0.049,1.221945137157107,0.4720094284030642,2.787946428571429
2015-08-17,Aqua,0.0413,0.2531,0.056100000000000004,1.3583535108958837,0.7194293478260869,6.128329297820822
2015-08-18,Aqua,0.0434,0.1277,0.052700000000000004,1.2580645161290323,0.4936416184971098,2.9497716894977173
2015-08-19,Aqua,0.0403,0.19290000000000002,0.0553,1.3002481389578164,0.6135508155583437,4.175324675324675
2015-08-20,Aqua,0.0284,0.10540000000000001,0.0378,1.3309859154929577,0.5960170697012803,3.9507042253521125
2015-08-21,Aqua,0.032100000000000004,0.10160000000000001,0.042,1.3384030418250952,0.5198204936424832,3.1651090342679127
2015-08-22,Aqua,0.0181,0.134,0.0287,1.585635359116022,0.7619986850756081,7.403314917127072
2015-08-23,Aqua,0.048,0.20570000000000002,0.060500000000000005,1.2604166666666667,0.6216003153330705,4.285416666666667
2015-08-24,Aqua,0.0356,0.19890000000000002,0.0497,1.3960674157303372,0.6963752665245203,5.587078651685394
2015-08-25,Aqua,0.0442,0.1013,0.054400000000000004,1.2307692307692308,0.39243986254295526,2.2918552036199094
2015-08-26,Aqua,0.043500000000000004,0.24650000000000002,0.0584,1.3425287356321838,0.7,5.666666666666667
2015-09-01,Aqua,0.0599,0.21130000000000002,0.0689,1.1502504173622705,0.558259587020649,3.5275459098497497
2015-09-03,Aqua,0.0189,0.19360000000000002,0.0302,1.597883597883598,0.8221176470588235,10.243386243386244
2015-09-07,Aqua,0.0164,0.1263,0.026600000000000002,1.621951219512195,0.7701471618780659,7.701219512195121
2015-09-08,Aqua,0.0337,0.1242,0.0425,1.2611275964391693,0.5731475617479417,3.685459940652819
2015-09-09,Aqua,0.039400000000000004,0.23470000000000002,0.0534,1.3553299492385786,0.7125136811382707,5.956852791878172
2015-09-10,Aqua,0.0313,0.10830000000000001,0.0398,1.2702702702702702,0.4989619377162629,2.9917127071823204
2015-09-11,Aqua,0.0417,0.2485,0.056600000000000004,1.346666666666667,0.6683450822423632,5.030364372469636
2015-09-12,Aqua,0.030100000000000002,0.09280000000000001,0.0415,1.3787375415282392,0.5101708706265257,3.083056478405316
2015-09-18,Aqua,0.0368,0.2747,0.0502,1.3641304347826089,0.7637239165329053,7.4646739130434785
2015-09-19,Aqua,0.022500000000000003,0.1462,0.0335,1.4577777777777778,0.702970297029703,5.7333333333333325
2015-09-20,Aqua,0.036500000000000005,0.11280000000000001,0.049300000000000004,1.3506849315068492,0.5110515740120563,3.0904109589041093
2015-09-21,Aqua,0.0173,0.1883,0.0284,1.6416184971098267,0.8317120622568093,10.884393063583815
2015-09-22,Aqua,0.040600000000000004,0.13870000000000002,0.0505,1.2438423645320196,0.578011317704123,3.739463601532567
2015-09-23,Aqua,0.0196,0.1348,0.0292,1.489795918367347,0.7622801697998787,7.41326530612245
2015-09-24,Aqua,0.0358,0.0789,0.047400000000000005,1.3240223463687153,0.3757628596338274,2.2039106145251397
2015-09-27,Aqua,0.039400000000000004,0.1768,0.051500000000000004,1.3071065989847714,0.6355226641998151,4.4873096446700504
2015-09-28,Aqua,0.0234,0.08410000000000001,0.0352,1.5042735042735043,0.5646511627906976,3.594017094017094
2015-09-29,Aqua,0.0472,0.21580000000000002,0.0604,1.230142566191446,0.629294073235183,4.395112016293279
2015-09-30,Aqua,0.0413,0.1206,0.0523,1.2663438256658595,0.4898085237801112,2.920096852300242
2015-10-01,Aqua,0.040100000000000004,0.11040000000000001,0.0502,1.2992518703241893,0.45072273324572937,2.6411483253588517
2015-10-02,Aqua,0.0395,0.1628,0.051500000000000004,1.3037974683544304,0.6094908551655956,4.121518987341772
2015-10-03,Aqua,0.042100000000000005,0.1072,0.0539,1.261455525606469,0.436034829202947,2.546318289786223
2015-10-05,Aqua,0.0281,0.0601,0.040600000000000004,1.397003745318352,0.36281179138321995,2.1387900355871885
2015-10-06,Aqua,0.061900000000000004,0.1903,0.0733,1.2195121951219512,0.5025661271219898,3.0206349206349206
2015-10-11,Aqua,0.049800000000000004,0.26940000000000003,0.0648,1.3012048192771082,0.68796992481203,5.409638554216867
2015-10-12,Aqua,0.035500000000000004,0.1325,0.0439,1.2901408450704224,0.5680473372781065,3.6301369863013697
2015-10-13,Aqua,0.0485,0.22080000000000002,0.061700000000000005,1.265658747300216,0.5936485023457236,3.921847246891652
2015-10-20,Aqua,0.0458,0.23240000000000002,0.0585,1.277292576419214,0.6178210929342152,4.233151183970856
2015-10-22,Aqua,0.057100000000000005,0.317,0.06770000000000001,1.1856392294220666,0.6947340283346699,5.551663747810858
2015-11-21,Aqua,0.0396,0.2013,0.0472,1.2843326885880078,0.7020172910662824,5.711798839458414
2015-11-23,Aqua,0.058800000000000005,0.1602,0.0684,1.163265306122449,0.46301369863013697,2.7244897959183674
2015-11-25,Aqua,0.0345,0.085,0.0434,1.2579710144927536,0.6175071360608945,4.228855721393035
2015-11-26,Aqua,0.0219,0.10990000000000001,0.0298,1.360730593607306,0.6676783004552352,5.018264840182649
2015-11-27,Aqua,0.040600000000000004,0.1521,0.049,1.206896551724138,0.578619615983394,3.7463054187192117
2015-11-28,Aqua,0.0512,0.2959,0.0623,1.216796875,0.7049841544223566,5.779296875
2015-11-29,Aqua,0.021500000000000002,0.0459,0.028200000000000003,1.3116279069767443,0.7255639097744361,6.287671232876713
2015-12-01,Aqua,0.0213,0.11520000000000001,0.0275,1.2437275985663083,0.6989399293286218,5.643192488262911
2015-12-31,Aqua,0.0213,0.0591,0.031200000000000002,1.4647887323943662,0.4701492537313433,2.7746478873239435
2016-01-01,Aqua,0.035500000000000004,0.18130000000000002,0.041,1.1549295774647887,0.672509225092251,5.107042253521127
2016-01-02,Aqua,0.018500000000000003,0.0792,0.019700000000000002,1.0648648648648649,0.6212896622313203,4.281081081081081
2016-01-08,Aqua,0.0378,0.21380000000000002,0.0482,1.2751322751322751,0.6995230524642289,5.656084656084657
2016-01-10,Aqua,0.0424,0.1867,0.0524,1.2665094339622642,0.7085137085137085,5.861386138613861
2016-01-25,Aqua,0.0238,0.0671,0.0357,1.5,0.5407577497129735,3.3550000000000004
2016-02-08,Aqua,0.034300000000000004,0.0722,0.051300000000000005,1.5437665782493368,0.38324873096446693,2.242798353909465
2016-02-25,Aqua,0.0434,0.232,0.059500000000000004,1.370967741935484,0.6848220769789397,5.345622119815668
2016-03-03,Aqua,0.0439,0.2851,0.0629,1.4328018223234622,0.733130699088146,6.494305239179955
2016-03-17,Aqua,0.0199,0.1131,0.0405,1.9660194174757282,0.6918474195961106,5.490291262135923
2016-03-30,Aqua,0.033800000000000004,0.1658,0.0502,1.4852071005917158,0.6613226452905812,4.905325443786982
2016-03-31,Aqua,0.0228,0.0659,0.0437,1.9166666666666667,0.46607341490545046,2.745833333333333
2016-04-01,Aqua,0.031900000000000005,0.1143,0.0517,1.6332288401253916,0.6589259796806965,4.863829787234042
2016-04-03,Aqua,0.025400000000000002,0.050100000000000006,0.0506,1.9921259842519683,0.3271523178807947,1.9724409448818898
2016-04-07,Aqua,0.0184,0.0618,0.038,2.140625,0.5629984051036682,3.576642335766423
2016-04-08,Aqua,0.034,0.15430000000000002,0.051000000000000004,1.5,0.638874137015401,4.538235294117647
2016-04-09,Aqua,0.0357,0.117,0.0551,1.5434173669467788,0.5324165029469549,3.277310924369748
2016-04-10,Aqua,0.0224,0.0483,0.0455,2.03125,0.3663366336633664,2.15625
2016-04-11,Aqua,0.0227,0.12290000000000001,0.0379,1.669603524229075,0.6718146718146719,5.094117647058824
2016-04-17,Aqua,0.0256,0.12240000000000001,0.0386,1.5078125,0.654054054054054,4.78125
2016-04-19,Aqua,0.021,0.1336,0.036500000000000005,1.7095238095238094,0.6946959896507117,5.5508474576271185
2016-04-30,Aqua,0.033,0.1102,0.0427,1.309090909090909,0.5391061452513967,3.3393939393939394
2016-05-01,Aqua,0.030100000000000002,0.1802,0.043000000000000003,1.4675324675324677,0.7137422729434143,5.986710963455149
2016-05-09,Aqua,0.022500000000000003,0.1058,0.032100000000000004,1.4266666666666667,0.6264411990776326,4.353909465020576
2016-05-10,Aqua,0.029900000000000003,0.18660000000000002,0.0412,1.5121951219512195,0.7237875288683602,6.240802675585284
2016-05-11,Aqua,0.012700000000000001,0.0922,0.0218,1.716535433070866,0.757864632983794,7.259842519685039
2016-05-28,Aqua,0.0298,0.1572,0.0409,1.37248322147651,0.6812834224598932,5.2751677852349
2016-05-30,Aqua,0.0459,0.10060000000000001,0.057100000000000005,1.3010752688172045,0.3631436314363144,2.140425531914894
2016-05-31,Aqua,0.048400000000000006,0.1973,0.0644,1.330578512396694,0.606023606023606,4.0764462809917354
2016-06-03,Aqua,0.024800000000000003,0.0855,0.042100000000000005,1.6975806451612903,0.5503173164097914,3.44758064516129
2016-06-05,Aqua,0.0196,0.0985,0.036500000000000005,1.862244897959184,0.6680779000846739,5.025510204081633
2016-06-06,Aqua,0.0358,0.1343,0.052000000000000005,1.4959568733153639,0.5790711346266902,3.7513966480446927
2016-06-12,Aqua,0.0164,0.0811,0.0285,1.7378048780487805,0.6635897435897437,4.945121951219512
2016-06-20,Aqua,0.3125,0.5005000000000001,0.2431,0.7779200000000001,0.2312423124231243,1.6016000000000001
2016-06-21,Aqua,0.012100000000000001,0.0852,0.0241,1.9917355371900825,0.7512846865364851,7.0413223140495855
2016-06-22,Aqua,0.030600000000000002,0.1169,0.0446,1.507936507936508,0.645320197044335,4.638888888888889
2016-06-25,Aqua,0.024,0.1559,0.043000000000000003,1.7916666666666667,0.7488958990536277,6.964824120603015
2016-06-26,Aqua,0.031,0.08360000000000001,0.0461,1.4870967741935484,0.4589877835951135,2.6967741935483875
2016-06-27,Aqua,0.0286,0.1413,0.0473,1.653846153846154,0.6633313713949383,4.940559440559441
2016-06-28,Aqua,0.0166,0.07880000000000001,0.0329,1.9819277108433735,0.6519916142557651,4.746987951807229
2016-06-29,Aqua,0.0238,0.1539,0.0438,1.8403361344537814,0.7321328081035452,6.466386554621849
2016-06-30,Aqua,0.0145,0.1048,0.0302,2.0827586206896553,0.7569153394803018,7.227586206896552
2016-07-02,Aqua,0.0264,0.195,0.0463,1.753787878787879,0.7615176151761517,7.386363636363637
2016-07-03,Aqua,0.0516,0.0782,0.0733,1.4205426356589148,0.20493066255778125,1.5155038759689923
2016-07-04,Aqua,0.024800000000000003,0.13140000000000002,0.045700000000000005,1.842741935483871,0.6824583866837388,5.298387096774194
2016-07-05,Aqua,0.0188,0.08660000000000001,0.037700000000000004,2.0268817204301075,0.6463878326996197,4.655913978494624
2016-07-13,Aqua,0.031100000000000003,0.1704,0.0519,1.6688102893890675,0.6913151364764266,5.479099678456591
2016-07-14,Aqua,0.0167,0.08610000000000001,0.0374,2.1954022988505746,0.6750972762645916,5.155688622754492
2016-07-15,Aqua,0.0323,0.1552,0.053700000000000005,1.6625386996904026,0.6554666666666668,4.8049535603715166
2016-07-16,Aqua,0.0134,0.1073,0.0302,2.253731343283582,0.7779618889809445,8.007462686567164
2016-07-17,Aqua,0.029,0.188,0.051000000000000004,1.7586206896551724,0.7327188940092166,6.482758620689655
2016-07-20,Aqua,0.025900000000000003,0.1346,0.0412,1.6013289036544849,0.7294357579877634,6.391959798994975
2016-07-21,Aqua,0.0177,0.09340000000000001,0.031200000000000002,1.748743718592965,0.6813681368136815,5.276836158192091
2016-07-22,Aqua,0.031,0.08560000000000001,0.046900000000000004,1.5751072961373391,0.5720844811753902,3.6738197424892705
2016-07-23,Aqua,0.012700000000000001,0.11170000000000001,0.0235,1.937007874015748,0.8064066852367688,9.33093525179856
2016-07-24,Aqua,0.024,0.07930000000000001,0.0378,1.6246056782334386,0.5923694779116466,3.9064039408866997
2016-07-25,Aqua,0.027700000000000002,0.1854,0.0454,1.5848375451263537,0.7400281557954013,6.693140794223827
2016-07-26,Aqua,0.0546,0.09730000000000001,0.0651,1.1981981981981982,0.2811059907834102,1.7820512820512822
2016-07-27,Aqua,0.024300000000000002,0.15510000000000002,0.039900000000000005,1.6419753086419753,0.7290969899665554,6.382716049382716
2016-07-28,Aqua,0.025900000000000003,0.0891,0.038,1.4818840579710142,0.5495652173913043,3.4401544401544397
2016-07-29,Aqua,0.027600000000000003,0.1507,0.0427,1.5471014492753623,0.707901037509976,5.846994535519126
2016-07-30,Aqua,0.013600000000000001,0.1237,0.0244,1.8194444444444444,0.8024691358024693,9.125
2016-07-31,Aqua,0.025400000000000002,0.1076,0.0391,1.5451895043731778,0.6180451127819548,4.2362204724409445
2016-08-01,Aqua,0.012400000000000001,0.09530000000000001,0.0238,1.9193548387096773,0.7697307335190342,7.685483870967742
2016-08-03,Aqua,0.0258,0.1661,0.040600000000000004,1.6111111111111112,0.7311099531005733,6.437984496124031
2016-08-04,Aqua,0.038700000000000005,0.0726,0.050300000000000004,1.3084832904884318,0.3045822102425875,1.8759689922480618
2016-08-05,Aqua,0.0284,0.16590000000000002,0.0427,1.5181818181818183,0.70766855378281,5.841549295774648
2016-08-06,Aqua,0.0188,0.092,0.0297,1.593220338983051,0.6773017319963538,5.19774011299435
2016-08-10,Aqua,0.0183,0.1757,0.0317,1.7322404371584699,0.8113402061855669,9.601092896174864
2016-08-11,Aqua,0.0329,0.09730000000000001,0.0456,1.36,0.5203125000000001,3.1693811074918568
2016-08-12,Aqua,0.0257,0.1429,0.0417,1.6176470588235292,0.7144571085782843,6.004201680672268
2016-08-14,Aqua,0.0239,0.11180000000000001,0.0388,1.6234309623430963,0.6477523949889462,4.677824267782427
2016-08-15,Aqua,0.0128,0.0884,0.026000000000000002,2.0241935483870965,0.7539682539682541,7.129032258064516
2016-08-16,Aqua,0.0158,0.05,0.031100000000000003,1.9683544303797469,0.5197568389057751,3.1645569620253164
2016-08-17,Aqua,0.0132,0.09620000000000001,0.025500000000000002,1.9318181818181819,0.7586837294332723,7.287878787878788
2016-08-18,Aqua,0.0198,0.1416,0.033,1.6666666666666665,0.7012630422844591,5.69485294117647
2016-08-19,Aqua,0.0392,0.2238,0.0555,1.4158163265306123,0.7019011406844106,5.709183673469388
2016-08-20,Aqua,0.0285,0.0944,0.0439,1.5031645569620251,0.528744939271255,3.2439862542955327
2016-08-21,Aqua,0.0268,0.11760000000000001,0.0426,1.58955223880597,0.628808864265928,4.388059701492537
2016-08-23,Aqua,0.0164,0.0636,0.030000000000000002,1.829268292682927,0.5900000000000001,3.8780487804878048
2016-08-24,Aqua,0.0131,0.1148,0.0241,1.8396946564885495,0.7951524628616106,8.763358778625953
2016-08-25,Aqua,0.0152,0.0364,0.0285,1.875,0.41085271317829464,2.3947368421052633
2016-08-27,Aqua,0.0333,0.0829,0.045000000000000005,1.3520710059171597,0.4207369323050557,2.452662721893491
2016-08-28,Aqua,0.028800000000000003,0.1713,0.0414,1.4931972789115646,0.712143928035982,5.947916666666666
2016-08-29,Aqua,0.027200000000000002,0.1368,0.0413,1.5183823529411764,0.6682926829268293,5.029411764705882
2016-08-30,Aqua,0.0346,0.2167,0.049,1.4394366197183097,0.7184773988897701,6.1042253521126755
2016-09-05,Aqua,0.018600000000000002,0.11685000000000001,0.0298,1.6206868881399454,0.7181094991276348,6.3572107614792275
2016-09-09,Aqua,0.013600000000000001,0.10060000000000001,0.024800000000000003,1.8235294117647058,0.7618213660245184,7.397058823529412
2016-09-10,Aqua,0.017400000000000002,0.0981,0.0292,1.6379310344827585,0.6987012987012987,5.637931034482758
2016-09-11,Aqua,0.032600000000000004,0.2635,0.049600000000000005,1.5214723926380367,0.7798041202296521,8.08282208588957
2016-09-12,Aqua,0.0263,0.075,0.0358,1.4258555133079847,0.5275310834813499,3.2330827067669174
2016-09-13,Aqua,0.031,0.23320000000000002,0.0449,1.4743202416918428,0.7514081862561021,7.045317220543806
2016-09-14,Aqua,0.016800000000000002,0.0597,0.0307,1.827380952380952,0.5607843137254901,3.5535714285714284
2016-09-15,Aqua,0.036500000000000005,0.18660000000000002,0.049600000000000005,1.378082191780822,0.6727924697445091,5.112328767123287
2016-09-20,Aqua,0.1164,0.18280000000000002,0.153,1.3144329896907216,0.2219251336898396,1.5704467353951892
2016-09-21,Aqua,0.023100000000000002,0.054700000000000006,0.035500000000000004,1.541125541125541,0.4152652005174644,2.420353982300885
2016-09-24,Aqua,0.0223,0.10990000000000001,0.0324,1.5170068027210883,0.7131722525331254,5.972826086956522
2016-09-25,Aqua,0.013600000000000001,0.10600000000000001,0.0213,1.613138686131387,0.8055754110078628,9.286764705882351
2016-09-26,Aqua,0.0196,0.0733,0.029500000000000002,1.5051020408163267,0.5780409041980624,3.7397959183673475
2016-09-27,Aqua,0.0339,0.215,0.0494,1.4572271386430677,0.7276014463640015,6.342182890855457
2016-09-28,Aqua,0.0217,0.04,0.0322,1.4838709677419355,0.335559265442404,2.0100502512562812
2016-10-11,Aqua,0.013900000000000001,0.116,0.0224,1.6115107913669064,0.7887537993920973,8.467625899280575
2016-10-12,Aqua,0.023700000000000002,0.0751,0.0322,1.3586497890295357,0.520242914979757,3.1687763713080166
2016-10-28,Aqua,0.0171,0.0548,0.0228,1.3333333333333333,0.5243393602225312,3.2046783625730995
2016-11-02,Aqua,0.0285,0.13290000000000002,0.0395,1.3859649122807016,0.5846575342465754,3.8153034300791555
2016-11-03,Aqua,0.0123,0.1102,0.0161,1.3089430894308942,0.7991836734693877,8.959349593495935
2016-11-08,Aqua,0.0152,0.09140000000000001,0.023100000000000002,1.5197368421052633,0.6263345195729537,4.352380952380953
2016-11-09,Aqua,0.027,0.10980000000000001,0.0346,1.2814814814814814,0.605263157894737,4.066666666666667
2016-11-10,Aqua,0.0297,0.10450000000000001,0.034,1.144781144781145,0.5573770491803278,3.5185185185185186
2016-12-21,Aqua,0.035,0.1494,0.042,1.2,0.6203904555314533,4.268571428571429
2016-12-29,Aqua,0.07150000000000001,0.22790000000000002,0.0813,1.1370629370629368,0.5223780895123581,3.187412587412587
2016-12-31,Aqua,0.025400000000000002,0.12340000000000001,0.0337,1.216535433070866,0.5472527472527473,3.41747572815534
2017-01-05,Aqua,0.068,0.1393,0.0757,1.113235294117647,0.3439459720212253,2.0485294117647057
2017-01-22,Aqua,0.049800000000000004,0.16540000000000002,0.061900000000000004,1.2429718875502007,0.5371747211895911,3.321285140562249
2017-02-13,Aqua,0.0487,0.1971,0.0589,1.2094455852156059,0.6037428803905615,4.047227926078029
2017-02-17,Aqua,0.026600000000000002,0.09290000000000001,0.0388,1.4586466165413534,0.5548117154811716,3.492481203007519
2017-03-19,Aqua,0.0236,0.055200000000000006,0.0402,1.7033898305084747,0.4010152284263959,2.338983050847458
2017-03-31,Aqua,0.029,0.21960000000000002,0.0432,1.4896551724137932,0.7666934835076429,7.572413793103449
2017-04-03,Aqua,0.026000000000000002,0.0978,0.039900000000000005,1.5346153846153847,0.5799676898222941,3.761538461538461
2017-04-21,Aqua,0.013300000000000001,0.1013,0.0245,1.8421052631578947,0.7678883071553227,7.616541353383458
2017-05-03,Aqua,0.0114,0.0516,0.023,2.017543859649123,0.638095238095238,4.526315789473684
2017-05-07,Aqua,0.012400000000000001,0.0824,0.0235,1.8951612903225805,0.7383966244725739,6.64516129032258
2017-05-08,Aqua,0.027800000000000002,0.1126,0.039400000000000004,1.4172661870503598,0.603988603988604,4.0503597122302155
2017-05-09,Aqua,0.0273,0.17750000000000002,0.038700000000000005,1.4175824175824177,0.7333984375000001,6.501831501831502
2017-05-10,Aqua,0.0376,0.0826,0.0472,1.2553191489361701,0.3701842546063651,2.1755319148936167
2017-05-18,Aqua,0.030000000000000002,0.18030000000000002,0.041800000000000004,1.5555555555555554,0.7187060478199719,6.11
2017-05-19,Aqua,0.038700000000000005,0.0989,0.0466,1.208888888888889,0.4610591900311527,2.710982658959538
2017-05-20,Aqua,0.0275,0.1633,0.0392,1.5066666666666666,0.7255453905700211,6.287179487179487
2017-05-21,Aqua,0.0179,0.1044,0.027800000000000002,1.5530726256983243,0.6964121435142594,5.587878787878788
2017-05-22,Aqua,0.0267,0.1404,0.0379,1.5106382978723405,0.6804308797127468,5.258426966292134
2017-05-23,Aqua,0.011600000000000001,0.08410000000000001,0.022600000000000002,1.9482758620689655,0.7575757575757576,7.25
2017-05-24,Aqua,0.0322,0.1164,0.045000000000000005,1.3710073710073711,0.6933333333333334,5.521739130434783
2017-05-25,Aqua,0.0279,0.19890000000000002,0.0455,1.6308243727598566,0.753968253968254,7.129032258064517
2017-05-26,Aqua,0.0724,0.1179,0.0651,0.899171270718232,0.23909616395165526,1.628453038674033
2017-05-28,Aqua,0.043000000000000003,0.0927,0.059800000000000006,1.3906976744186046,0.36624907885040525,2.155813953488372
2017-05-29,Aqua,0.0286,0.1208,0.0449,1.56993006993007,0.6171352074966533,4.223776223776224
2017-06-02,Aqua,0.0478,0.1072,0.062,1.297071129707113,0.34,2.0303030303030303
2017-06-06,Aqua,0.0309,0.0974,0.047,1.5210355987055015,0.5183164458300857,3.1521035598705502
2017-06-11,Aqua,0.045000000000000005,0.1217,0.0655,1.4555555555555555,0.46010797840431905,2.704444444444444
2017-06-18,Aqua,0.0459,0.09680000000000001,0.0546,1.1895424836601307,0.3566923615977575,2.1089324618736383
2017-06-19,Aqua,0.0224,0.1724,0.0391,1.7455357142857144,0.7700205338809034,7.696428571428571
2017-06-20,Aqua,0.041100000000000005,0.10450000000000001,0.0534,1.2992700729927007,0.5890878090366582,3.867219917012448
2017-06-21,Aqua,0.0246,0.21910000000000002,0.0409,1.6626016260162602,0.7981124333196552,8.90650406504065
2017-06-22,Aqua,0.0149,0.09630000000000001,0.0261,1.7516778523489933,0.7320143884892087,6.463087248322148
2017-06-23,Aqua,0.016900000000000002,0.09820000000000001,0.0279,1.650887573964497,0.7063423110338837,5.810650887573964
2017-06-24,Aqua,0.0105,0.09480000000000001,0.0198,1.8857142857142857,0.8005698005698006,9.028571428571428
2017-06-26,Aqua,0.025400000000000002,0.19720000000000001,0.0409,1.6102362204724407,0.7717879604672058,7.763779527559055
2017-06-27,Aqua,0.0274,0.2561,0.044700000000000004,1.6313868613138687,0.8067019400352734,9.346715328467154
2017-06-28,Aqua,0.0258,0.1763,0.043000000000000003,1.7155963302752295,0.7568321249302843,7.224770642201835
2017-06-29,Aqua,0.0284,0.1134,0.0378,1.3309859154929577,0.5454545454545454,3.4
2017-06-30,Aqua,0.0302,0.1952,0.046700000000000005,1.5463576158940397,0.7320319432120674,6.4635761589403975
2017-07-01,Aqua,0.0155,0.1145,0.026600000000000002,1.709677419354839,0.7547892720306514,7.15625
2017-07-02,Aqua,0.018600000000000002,0.14070000000000002,0.0308,1.6559139784946235,0.7518632178868918,7.060070671378091
2017-07-03,Aqua,0.0122,0.1139,0.022000000000000002,1.8032786885245902,0.8065027755749405,9.336065573770492
2017-07-04,Aqua,0.049600000000000005,0.0794,0.0553,1.1532258064516128,0.23100775193798442,1.600806451612903
2017-07-05,Aqua,0.023700000000000002,0.1756,0.0371,1.6096491228070176,0.7701612903225805,7.701754385964913
2017-07-06,Aqua,0.0409,0.10690000000000001,0.0487,1.1662591687041566,0.4734665747760166,2.798429319371728
2017-07-07,Aqua,0.024,0.22970000000000002,0.038900000000000004,1.6009389671361502,0.7813105854982552,8.145390070921986
2017-07-08,Aqua,0.015700000000000002,0.0954,0.0252,1.6050955414012738,0.7173717371737173,6.076433121019107
2017-07-09,Aqua,0.0194,0.18780000000000002,0.0327,1.751700680272109,0.757604117922321,7.250965250965251
2017-07-10,Aqua,0.0097,0.1095,0.0193,2.0309278350515467,0.837248322147651,11.288659793814432
2017-07-11,Aqua,0.0227,0.1895,0.0362,1.5094936708860758,0.7671333824613116,7.5886075949367084
2017-07-12,Aqua,0.0228,0.2109,0.0385,1.68859649122807,0.8048780487804877,9.25
2017-07-13,Aqua,0.029,0.2384,0.0432,1.4896551724137932,0.7830964846671652,8.220689655172414
2017-07-14,Aqua,0.023200000000000002,0.1708,0.038900000000000004,1.6767241379310345,0.7608247422680413,7.362068965517241
2017-07-15,Aqua,0.022500000000000003,0.0931,0.034,1.511111111111111,0.6107266435986158,4.137777777777777
2017-07-16,Aqua,0.0216,0.132,0.0362,1.6741573033707866,0.7524339360222531,7.078651685393258
2017-07-17,Aqua,0.0122,0.09330000000000001,0.0224,1.8837209302325584,0.7873563218390804,8.405405405405405
2017-07-19,Aqua,0.012,0.1143,0.0219,1.8083333333333333,0.8114104595879555,9.605042016806722
2017-07-20,Aqua,0.036500000000000005,0.1063,0.0482,1.3070422535211268,0.4992947813822285,2.9943661971830986
2017-07-21,Aqua,0.0239,0.19890000000000002,0.0397,1.6610878661087864,0.7854578096947935,8.322175732217573
2017-07-22,Aqua,0.0258,0.2091,0.0375,1.4534883720930232,0.7803320561941253,8.104651162790699
2017-07-23,Aqua,0.0076,0.0634,0.016,2.1052631578947367,0.7859154929577464,8.342105263157894
2017-07-24,Aqua,0.015700000000000002,0.08600000000000001,0.0279,1.723684210526316,0.6912487708947885,5.477707006369426
2017-07-25,Aqua,0.025,0.17850000000000002,0.0392,1.5461847389558232,0.7542997542997544,7.140000000000001
2017-07-26,Aqua,0.014100000000000001,0.1192,0.0263,1.8652482269503545,0.7884471117779445,8.453900709219857
2017-07-27,Aqua,0.0213,0.050800000000000005,0.0325,1.5241379310344827,0.4309859154929577,2.514851485148515
2017-07-28,Aqua,0.0247,0.22290000000000001,0.0405,1.639676113360324,0.8004846526655897,9.024291497975709
2017-07-29,Aqua,0.0492,0.0896,0.0606,1.2317073170731707,0.2910662824207493,1.8211382113821137
2017-07-30,Aqua,0.0219,0.18000000000000002,0.0373,1.7031963470319635,0.7830609212481426,8.219178082191782
2017-07-31,Aqua,0.021,0.1129,0.034,1.5658536585365854,0.6326825741142443,4.444881889763779
2017-08-01,Aqua,0.030000000000000002,0.2003,0.043000000000000003,1.570967741935484,0.7394702561875814,6.676666666666667
2017-08-04,Aqua,0.0391,0.11180000000000001,0.054400000000000004,1.391304347826087,0.4817760106030485,2.8593350383631715
2017-08-05,Aqua,0.031200000000000002,0.1008,0.0422,1.3525641025641024,0.5329341317365269,3.282051282051282
2017-08-06,Aqua,0.036500000000000005,0.20400000000000001,0.0536,1.5424657534246573,0.7391304347826086,6.666666666666667
2017-08-08,Aqua,0.027600000000000003,0.1489,0.0414,1.4999999999999998,0.6872521246458924,5.394927536231884
2017-08-09,Aqua,0.020200000000000003,0.1246,0.0327,1.6188118811881187,0.7209944751381214,6.168316831683168
2017-08-10,Aqua,0.0267,0.1015,0.041,1.5355805243445693,0.6188197767145135,4.2468619246861925
2017-08-12,Aqua,0.0292,0.1549,0.042100000000000005,1.4417808219178083,0.7021978021978021,5.715867158671586
2017-08-16,Aqua,0.023,0.0941,0.0324,1.4434782608695653,0.6071733561058923,4.091304347826087
2017-08-17,Aqua,0.0284,0.2046,0.042300000000000004,1.48943661971831,0.7595541401273886,7.317880794701987
2017-08-18,Aqua,0.011300000000000001,0.0936,0.021,1.8584070796460177,0.784556720686368,8.283185840707963
2017-08-19,Aqua,0.0244,0.1951,0.0375,1.536885245901639,0.7227645450995706,6.214084507042253
2017-08-21,Aqua,0.033800000000000004,0.08710000000000001,0.0504,1.4451038575667656,0.4408602150537635,2.576923076923077
2017-08-24,Aqua,0.0199,0.1259,0.0325,1.6331658291457287,0.7270233196159123,6.326633165829146
2017-08-25,Aqua,0.020300000000000002,0.09670000000000001,0.032,1.5763546798029555,0.652991452991453,4.763546798029557
2017-08-29,Aqua,0.0172,0.22740000000000002,0.051300000000000005,2.982558139534884,0.8593622240392478,13.22093023255814
2017-08-31,Aqua,0.026500000000000003,0.1603,0.040100000000000004,1.5457627118644068,0.7162740899357602,6.049056603773584
2017-09-01,Aqua,0.0352,0.1095,0.0545,1.5482954545454544,0.5134761575673809,3.110795454545454
2017-09-07,Aqua,0.0183,0.1774,0.035300000000000005,1.92896174863388,0.8129790495656616,9.693989071038251
2017-09-10,Aqua,0.0135,0.07690000000000001,0.0223,1.651851851851852,0.7013274336283186,5.696296296296297
2017-09-11,Aqua,0.031200000000000002,0.16190000000000002,0.0448,1.4358974358974357,0.6768513723459347,5.189102564102564
2017-09-14,Aqua,0.034300000000000004,0.21630000000000002,0.0478,1.3935860058309038,0.7262569832402235,6.3061224489795915
2017-09-24,Aqua,0.01,0.0648,0.0178,1.77,0.732620320855615,6.4799999999999995
2017-09-26,Aqua,0.0088,0.07350000000000001,0.016800000000000002,1.9090909090909092,0.7861482381530984,8.352272727272728
2017-09-27,Aqua,0.0182,0.16390000000000002,0.0308,1.6923076923076923,0.7445449707291113,6.8291666666666675
2017-09-28,Aqua,0.015600000000000001,0.0998,0.027100000000000003,1.7371794871794872,0.729636048526863,6.397435897435897
2017-10-03,Aqua,0.0195,0.12050000000000001,0.028,1.435897435897436,0.740072202166065,6.694444444444445
2017-10-04,Aqua,0.0264,0.16590000000000002,0.039900000000000005,1.5113636363636365,0.7254290171606864,6.28409090909091
2017-10-05,Aqua,0.0123,0.0902,0.021500000000000002,1.7479674796747968,0.7599999999999999,7.333333333333333
2017-10-06,Aqua,0.023700000000000002,0.1301,0.0345,1.4556962025316456,0.6918075422626788,5.489451476793248
2017-10-14,Aqua,0.0115,0.1023,0.020300000000000002,1.765217391304348,0.7978910369068541,8.895652173913044
2017-10-15,Aqua,0.0105,0.0327,0.0181,1.6476190476190475,0.5209302325581395,3.174757281553398
2017-10-16,Aqua,0.0258,0.2802,0.0386,1.496124031007752,0.8313725490196079,10.86046511627907
2017-10-23,Aqua,0.013300000000000001,0.11900000000000001,0.0217,1.631578947368421,0.798941798941799,8.947368421052632
2017-10-24,Aqua,0.0217,0.0896,0.0313,1.4423963133640554,0.6642120765832106,4.956140350877193
2017-10-26,Aqua,0.0146,0.0874,0.0233,1.5958904109589043,0.7128547579298831,5.965116279069768
2017-10-27,Aqua,0.030500000000000003,0.1579,0.04,1.3197492163009403,0.6718106995884773,5.094043887147335
2017-10-28,Aqua,0.015600000000000001,0.10010000000000001,0.0252,1.6153846153846152,0.7489014438166981,6.965
2017-10-30,Aqua,0.0211,0.12940000000000002,0.031400000000000004,1.5467980295566504,0.689295039164491,5.436974789915967
2017-10-31,Aqua,0.018500000000000003,0.10590000000000001,0.0275,1.4864864864864862,0.6045454545454546,4.057471264367816
2017-12-05,Aqua,0.0257,0.1945,0.031,1.364179104477612,0.811533052039381,9.611940298507463
2017-12-06,Aqua,0.0178,0.08420000000000001,0.023700000000000002,1.3314606741573034,0.6509803921568629,4.730337078651686
2017-12-07,Aqua,0.028900000000000002,0.1105,0.0354,1.2819767441860466,0.6263736263736263,4.352941176470588
2017-12-08,Aqua,0.0166,0.136,0.0238,1.4337349397590362,0.7953144266337854,8.771084337349398
2017-12-09,Aqua,0.0258,0.07060000000000001,0.034,1.3178294573643412,0.4897846493649917,2.9199134199134202
2017-12-10,Aqua,0.023100000000000002,0.1307,0.029500000000000002,1.277056277056277,0.6996098829648894,5.658008658008658
2017-12-11,Aqua,0.0142,0.0521,0.0223,1.5704225352112675,0.5367047308319738,3.316901408450704
2017-12-13,Aqua,0.0304,0.1096,0.0402,1.3223684210526316,0.5729103111653447,3.682857142857143
2018-01-01,Aqua,0.029500000000000002,0.1827,0.0396,1.3423728813559321,0.6062854648625055,4.0798226164079825
2018-01-03,Aqua,0.0332,0.10070000000000001,0.042100000000000005,1.2680722891566267,0.5426136363636364,3.3726708074534164
2018-01-13,Aqua,0.0371,0.24750000000000003,0.0472,1.2442396313364055,0.7277676950998185,6.346666666666667
2018-01-14,Aqua,0.0112,0.08650000000000001,0.016300000000000002,1.455357142857143,0.7707267144319345,7.7232142857142865
2018-02-12,Aqua,0.0244,0.1522,0.0291,1.209016393442623,0.7169707020453288,6.066406249999999
2018-02-13,Aqua,0.0179,0.0669,0.027,1.4532374100719425,0.655940594059406,4.812949640287769
2018-03-11,Aqua,0.030100000000000002,0.22705000000000003,0.0431,1.4318936877076411,0.7099236641221374,5.894736842105263
2018-03-20,Aqua,0.0373,0.17350000000000002,0.0473,1.2680965147453083,0.6461100569259962,4.651474530831099
2018-03-28,Aqua,0.0397,0.1885,0.052500000000000005,1.3224181360201512,0.6520595968448728,4.748110831234257
2018-04-22,Aqua,0.0198,0.1168,0.029400000000000003,1.4848484848484849,0.7101024890190337,5.898989898989899
2018-04-23,Aqua,0.0262,0.0855,0.037000000000000005,1.4122137404580155,0.5308863025962399,3.263358778625954
2018-04-24,Aqua,0.024200000000000003,0.11860000000000001,0.034,1.4310344827586206,0.6727785613540198,5.112068965517241
2018-04-25,Aqua,0.0308,0.0921,0.041100000000000005,1.3344155844155845,0.4987794955248169,2.99025974025974
2018-04-26,Aqua,0.0333,0.1968,0.0483,1.4564564564564564,0.7083333333333334,5.857142857142857
2018-05-02,Aqua,0.0239,0.20470000000000002,0.0371,1.5268817204301075,0.7194456110877782,6.12874251497006
2018-05-07,Aqua,0.0236,0.12290000000000001,0.0361,1.5296610169491527,0.677815699658703,5.207627118644068
2018-05-12,Aqua,0.029900000000000003,0.1993,0.045000000000000005,1.476489028213166,0.7398515931907464,6.6879194630872485
2018-05-13,Aqua,0.0478,0.0955,0.057100000000000005,1.2629482071713147,0.3681948424068768,2.165532879818594
2018-05-14,Aqua,0.0329,0.18510000000000001,0.0504,1.5319148936170213,0.6981651376146788,5.62613981762918
2018-05-17,Aqua,0.016,0.1107,0.0251,1.56875,0.7301854974704891,6.4125000000000005
2018-05-18,Aqua,0.033800000000000004,0.082,0.0497,1.5348189415041784,0.5500945179584121,3.445378151260504
2018-05-20,Aqua,0.0381,0.0698,0.05,1.2746666666666668,0.30102516309412863,1.8613333333333335
2018-05-21,Aqua,0.029500000000000002,0.17320000000000002,0.0453,1.535593220338983,0.7089294523926987,5.871186440677967
2018-05-22,Aqua,0.056400000000000006,0.09380000000000001,0.06860000000000001,1.2163120567375887,0.24900133155792278,1.6631205673758864
2018-05-23,Aqua,0.0315,0.17470000000000002,0.049,1.5555555555555556,0.6944713870029098,5.546031746031747
2018-05-24,Aqua,0.0206,0.1119,0.0315,1.529126213592233,0.6890566037735848,5.432038834951456
2018-05-27,Aqua,0.024200000000000003,0.0915,0.0349,1.4847328244274811,0.6315049226441632,4.427480916030534
2018-05-28,Aqua,0.0253,0.2019,0.0415,1.640316205533597,0.7772887323943662,7.980237154150197
2018-06-01,Aqua,0.023,0.14350000000000002,0.036500000000000005,1.5869565217391306,0.7237237237237238,6.239130434782609
2018-06-02,Aqua,0.0143,0.10700000000000001,0.0245,1.7132867132867133,0.7642209398186314,7.482517482517483
2018-06-06,Aqua,0.0376,0.201,0.053700000000000005,1.4281914893617023,0.6848281642917017,5.345744680851064
2018-06-12,Aqua,0.032100000000000004,0.17200000000000001,0.047900000000000005,1.4532019704433496,0.6854483096521314,5.358255451713395
2018-06-19,Aqua,0.0268,0.1335,0.0448,1.6607929515418502,0.709346991037132,5.881057268722467
2018-06-21,Aqua,0.0368,0.2526,0.0567,1.5407608695652175,0.7456807187284036,6.864130434782608
2018-06-22,Aqua,0.0758,0.27080000000000004,0.0821,1.0831134564643798,0.5626081938834392,3.572559366754618
2018-06-23,Aqua,0.0455,0.10590000000000001,0.0597,1.312087912087912,0.3989431968295905,2.3274725274725276
2018-06-24,Aqua,0.0247,0.11520000000000001,0.0417,1.688259109311741,0.6468906361686919,4.663967611336033
2018-06-25,Aqua,0.0189,0.1077,0.0313,1.656084656084656,0.7014218009478674,5.698412698412699
2018-06-26,Aqua,0.023700000000000002,0.09090000000000001,0.039400000000000004,1.6624472573839664,0.5863874345549739,3.8354430379746836
2018-06-27,Aqua,0.0125,0.1247,0.0261,2.0150375939849625,0.8177842565597667,9.975999999999999
2018-06-29,Aqua,0.024800000000000003,0.23650000000000002,0.047,1.828793774319066,0.8103727714748784,9.547008547008547
2018-06-30,Aqua,0.045700000000000005,0.2104,0.0575,1.2582056892778992,0.6431081608746584,4.6039387308533914
2018-07-01,Aqua,0.025500000000000002,0.21380000000000002,0.045000000000000005,1.7647058823529413,0.7868783953196825,8.384313725490196
2018-07-02,Aqua,0.0118,0.10830000000000001,0.020800000000000003,1.7627118644067798,0.8034970857618651,9.177966101694915
2018-07-03,Aqua,0.0211,0.1223,0.039400000000000004,1.8672985781990523,0.7057182705718271,5.796208530805687
2018-07-05,Aqua,0.0333,0.1494,0.0519,1.5658536585365854,0.6354679802955665,4.486486486486486
2018-07-07,Aqua,0.058600000000000006,0.079,0.07390000000000001,1.2610921501706485,0.14825581395348833,1.3481228668941978
2018-07-08,Aqua,0.027700000000000002,0.1925,0.0475,1.736462093862816,0.7444494789306751,6.826241134751773
2018-07-09,Aqua,0.041600000000000005,0.14850000000000002,0.057,1.3701923076923075,0.5623356128353498,3.5697115384615383
2018-07-10,Aqua,0.027700000000000002,0.193,0.0477,1.7220216606498193,0.7489805165382872,6.967509025270758
2018-07-11,Aqua,0.019700000000000002,0.12090000000000001,0.0364,1.8477157360406091,0.7197724039829304,6.137055837563452
2018-07-12,Aqua,0.0342,0.2436,0.0551,1.6111111111111112,0.7537796976241901,7.12280701754386
2018-07-14,Aqua,0.0313,0.12760000000000002,0.0528,1.6869009584664536,0.5831265508684864,3.7976190476190474
2018-07-16,Aqua,0.0649,0.10980000000000001,0.0863,1.3297380585516179,0.25701202060675443,1.691833590138675
2018-07-17,Aqua,0.0292,0.1743,0.050800000000000005,1.7054794520547947,0.713022113022113,5.969178082191781
2018-07-18,Aqua,0.0281,0.1295,0.048100000000000004,1.711743772241993,0.6207759699624531,4.273927392739274
2018-07-19,Aqua,0.025900000000000003,0.1495,0.0456,1.7606177606177604,0.7121702915316982,5.948553054662379
2018-07-20,Aqua,0.0178,0.1085,0.0349,1.9606741573033708,0.7181314330958037,6.095505617977528
2018-07-21,Aqua,0.022000000000000002,0.083,0.0424,1.927272727272727,0.5961538461538461,3.9523809523809526
2018-07-22,Aqua,0.0159,0.13040000000000002,0.0316,1.9874213836477987,0.7826384142173617,8.20125786163522
2018-07-24,Aqua,0.024900000000000002,0.1782,0.0458,1.8393574297188753,0.7548005908419497,7.156626506024096
2018-07-25,Aqua,0.0448,0.1194,0.059300000000000005,1.3236607142857144,0.4543239951278928,2.6651785714285716
2018-07-26,Aqua,0.0296,0.24910000000000002,0.0482,1.6283783783783783,0.7875852170792969,8.41554054054054
2018-07-27,Aqua,0.0199,0.0969,0.0363,1.8241206030150752,0.6592465753424658,4.869346733668341
2018-07-28,Aqua,0.0239,0.18100000000000002,0.041600000000000005,1.7405857740585775,0.7229890528319849,6.219931271477664
2018-07-29,Aqua,0.016,0.0961,0.0325,2.03125,0.7145405887600357,6.0062500000000005
2018-07-30,Aqua,0.0335,0.1433,0.0504,1.5492537313432835,0.6192090395480225,4.252225519287834
2018-07-31,Aqua,0.0284,0.22710000000000002,0.0463,1.630281690140845,0.7776908023483367,7.996478873239437
2018-08-01,Aqua,0.0375,0.1781,0.0504,1.344,0.6521335807050093,4.749333333333333
2018-08-02,Aqua,0.0245,0.1706,0.0409,1.6693877551020406,0.7488467452588417,6.963265306122449
2018-08-04,Aqua,0.024200000000000003,0.2184,0.0408,1.6859504132231404,0.7472000000000001,6.911392405063291
2018-08-05,Aqua,0.012100000000000001,0.10300000000000001,0.0246,2.0847457627118646,0.789748045178106,8.512396694214877
2018-08-06,Aqua,0.027800000000000002,0.2119,0.043000000000000003,1.5467625899280575,0.7473757872638209,6.916897506925208
2018-08-07,Aqua,0.024900000000000002,0.1638,0.0397,1.5943775100401605,0.7360890302066773,6.578313253012047
2018-08-08,Aqua,0.035,0.1744,0.0495,1.3736263736263736,0.6546489563567364,4.791208791208791
2018-08-09,Aqua,0.035,0.2277,0.0507,1.4514285714285715,0.733536353254663,6.505714285714285
2018-08-10,Aqua,0.0403,0.1062,0.052500000000000005,1.3027295285359801,0.44982935153583614,2.6352357320099253
2018-08-12,Aqua,0.0179,0.1046,0.029400000000000003,1.654054054054054,0.7077551020408164,5.843575418994414
2018-08-14,Aqua,0.0324,0.1585,0.0488,1.506172839506173,0.6605552645364063,4.8919753086419755
2018-08-17,Aqua,0.0362,0.109,0.046700000000000005,1.2900552486187846,0.4900888585099112,2.9222520107238608
2018-08-18,Aqua,0.031,0.2124,0.0461,1.535483870967742,0.766824644549763,7.5772357723577235
2018-08-19,Aqua,0.0235,0.1479,0.035,1.4893617021276597,0.6970740103270223,5.6022727272727275
2018-08-21,Aqua,0.0368,0.1463,0.048400000000000006,1.3296703296703298,0.6015325670498084,4.019230769230769
2018-08-22,Aqua,0.0262,0.0877,0.0403,1.5381679389312977,0.5399473222124671,3.347328244274809
2018-08-27,Aqua,0.0229,0.1537,0.0368,1.6069868995633187,0.740656851642129,6.711790393013101
2018-08-28,Aqua,0.011300000000000001,0.0742,0.021,1.846774193548387,0.7453646477132262,6.8543689320388355
2018-08-29,Aqua,0.0273,0.1305,0.0388,1.4212454212454213,0.7311036789297658,6.4378109452736325
2018-09-01,Aqua,0.026000000000000002,0.2157,0.0412,1.5846153846153845,0.784857261067439,8.296153846153846
2018-09-02,Aqua,0.024300000000000002,0.0838,0.0368,1.3822222222222222,0.5766698024459077,3.724444444444444
2018-09-03,Aqua,0.029500000000000002,0.2728,0.044700000000000004,1.5318471337579618,0.7935568704799474,8.687898089171973
2018-09-04,Aqua,0.0199,0.1048,0.0298,1.4974874371859295,0.6808340016038492,5.266331658291457
2018-09-05,Aqua,0.0309,0.139,0.0438,1.4174757281553398,0.6362566215420836,4.498381877022654
2018-09-06,Aqua,0.024,0.1904,0.0374,1.5583333333333333,0.7761194029850746,7.933333333333334
2018-09-07,Aqua,0.0257,0.21660000000000001,0.0397,1.544747081712062,0.7163232963549921,6.050279329608939
2018-09-08,Aqua,0.019100000000000002,0.1559,0.028800000000000003,1.5078534031413613,0.7817142857142857,8.162303664921465
2018-09-09,Aqua,0.02,0.1642,0.0307,1.5730994152046782,0.7580993520518359,7.267857142857143
2018-09-19,Aqua,0.0303,0.18610000000000002,0.0444,1.4653465346534653,0.8097447795823666,9.51219512195122
2018-09-20,Aqua,0.013800000000000002,0.0639,0.0227,1.644927536231884,0.6447876447876447,4.630434782608695
2018-09-24,Aqua,0.014100000000000001,0.1221,0.024,1.7021276595744679,0.7929515418502203,8.659574468085106
2018-09-25,Aqua,0.012100000000000001,0.0439,0.0196,1.5867768595041323,0.5678571428571428,3.6280991735537187
2018-09-26,Aqua,0.0308,0.2192,0.0437,1.452127659574468,0.7536,7.116883116883117
2018-09-27,Aqua,0.019100000000000002,0.1267,0.0279,1.4914285714285713,0.7144790257104194,6.004739336492891
2018-09-28,Aqua,0.0385,0.2197,0.0517,1.3584415584415583,0.6965250965250965,5.590330788804071
2018-10-11,Aqua,0.0205,0.0954,0.028200000000000003,1.375609756097561,0.6462467644521138,4.6536585365853655
2018-10-12,Aqua,0.038,0.2406,0.0519,1.3527696793002915,0.72041473006793,6.153452685421994
2018-10-13,Aqua,0.0187,0.0838,0.027800000000000002,1.4866310160427807,0.6427350427350427,4.598086124401914
2018-10-14,Aqua,0.034,0.21880000000000002,0.045000000000000005,1.3235294117647058,0.68625,5.374501992031873
2018-10-15,Aqua,0.0143,0.077,0.0229,1.6013986013986015,0.6867469879518073,5.384615384615384
2018-10-16,Aqua,0.022600000000000002,0.0716,0.0307,1.3584070796460177,0.5201698513800423,3.1681415929203536
2018-10-17,Aqua,0.0183,0.1121,0.028300000000000002,1.5464480874316942,0.7193251533742331,6.1256830601092895
2018-10-18,Aqua,0.031,0.11,0.0395,1.2741935483870968,0.6102783725910064,4.131868131868131
2018-10-19,Aqua,0.0482,0.3129,0.061900000000000004,1.2842323651452283,0.7330379396289116,6.491701244813278
2018-10-20,Aqua,0.0233,0.1368,0.031900000000000005,1.369098712446352,0.6835637480798771,5.320388349514563
2018-10-21,Aqua,0.0502,0.25,0.060500000000000005,1.2641921397379912,0.6644474034620506,4.9603174603174605
2018-10-22,Aqua,0.0228,0.0752,0.0302,1.3991596638655464,0.5683003128258604,3.632850241545894
2018-10-30,Aqua,0.0374,0.1713,0.0446,1.192513368983957,0.6415908001916628,4.580213903743315
2018-11-07,Aqua,0.0228,0.1295,0.0256,1.1228070175438596,0.70059093893631,5.6798245614035086
2018-11-08,Aqua,0.0441,0.1835,0.0514,1.1655328798185942,0.6124780316344464,4.160997732426304
2018-11-10,Aqua,0.025900000000000003,0.08170000000000001,0.0339,1.2803738317757007,0.46547085201793725,2.7416107382550337
2018-11-11,Aqua,0.0173,0.1385,0.023100000000000002,1.3352601156069366,0.7779204107830552,8.00578034682081
2018-11-12,Aqua,0.0378,0.09240000000000001,0.04,1.1509054325955734,0.4514835605453088,2.646198830409357
2018-11-15,Aqua,0.0383,0.1709,0.0454,1.1853785900783291,0.6721664275466285,5.100656455142231
2018-11-16,Aqua,0.0159,0.10160000000000001,0.0233,1.4654088050314464,0.7298606904906118,6.403587443946189
2018-11-17,Aqua,0.0233,0.0896,0.0284,1.2188841201716738,0.6409714889123547,4.570588235294117
2018-11-18,Aqua,0.0218,0.1169,0.029300000000000003,1.3440366972477065,0.6558800315706393,4.8119266055045875
2018-11-19,Aqua,0.0218,0.0531,0.027100000000000003,1.243119266055046,0.6066565809379727,4.084615384615384
2018-11-24,Aqua,0.047900000000000005,0.23170000000000002,0.056600000000000004,1.1646090534979423,0.6573676680972819,4.8371607515657615
2018-12-03,Aqua,0.037200000000000004,0.12000000000000001,0.038900000000000004,1.0456989247311828,0.5267175572519085,3.225806451612903
2018-12-04,Aqua,0.0074,0.058800000000000005,0.0119,1.6081081081081081,0.7764350453172204,7.9459459459459465
2018-12-05,Aqua,0.0274,0.10200000000000001,0.0332,1.2116788321167884,0.5243965074473549,3.205183585313175
2018-12-06,Aqua,0.0522,0.3522,0.060700000000000004,1.1628352490421456,0.7418397626112758,6.747126436781609
2018-12-31,Aqua,0.0477,0.28140000000000004,0.0585,1.2264150943396228,0.7101185050136737,5.899371069182391
2019-01-12,Aqua,0.0043,0.1203,0.006200000000000001,1.4418604651162792,0.9309791332263243,27.976744186046513
2019-01-13,Aqua,0.0357,0.1247,0.0419,1.1637010676156583,0.554862842892768,3.492997198879552
2019-01-14,Aqua,0.0211,0.10650000000000001,0.0262,1.2417061611374407,0.6692789968652036,5.047393364928911
2019-01-29,Aqua,0.0304,0.0852,0.035500000000000004,1.1927710843373494,0.48232848232848224,2.8634538152610443
2019-01-30,Aqua,0.0396,0.22840000000000002,0.047,1.2110552763819096,0.7364238410596027,6.587939698492462
2019-01-31,Aqua,0.0344,0.13540000000000002,0.0374,1.1656976744186047,0.5864089045108378,3.8356940509915014
2019-03-02,Aqua,0.1403,0.2354,0.1497,1.066999287241625,0.25312749534202816,1.6778332145402708
2019-03-16,Aqua,0.08220000000000001,0.2671,0.095,1.1557177615571774,0.5293444030918981,3.249391727493917
2019-03-17,Aqua,0.0339,0.1228,0.0381,1.1238938053097345,0.5417451349654739,3.3643835616438356
2019-03-24,Aqua,0.0187,0.0932,0.0262,1.4010695187165776,0.6657730116175158,4.983957219251336
2019-03-30,Aqua,0.0366,0.184,0.0488,1.3333333333333335,0.6681776971894833,5.027322404371585
2019-04-24,Aqua,0.0357,0.1237,0.055200000000000006,1.486842105263158,0.5299938157081013,3.255263157894737
2019-04-26,Aqua,0.0359,0.14600000000000002,0.0531,1.4902506963788302,0.6052776250687192,4.066852367688023
2019-04-28,Aqua,0.027600000000000003,0.0835,0.0448,1.673913043478261,0.5031503150315032,3.0253623188405796
2019-04-29,Aqua,0.040400000000000005,0.1874,0.0557,1.3787128712871286,0.6453028972783144,4.638613861386138
2019-05-01,Aqua,0.0337,0.1464,0.0502,1.489614243323442,0.62576346474181,4.344213649851632
2019-05-02,Aqua,0.0378,0.0784,0.0557,1.43980343980344,0.34939759036144574,2.074074074074074
2019-05-03,Aqua,0.0324,0.10890000000000001,0.049800000000000004,1.5370370370370372,0.5414012738853504,3.3611111111111116
2019-05-04,Aqua,0.028300000000000002,0.09960000000000001,0.044000000000000004,1.549618320610687,0.5514018691588785,3.4583333333333335
2019-05-05,Aqua,0.030500000000000003,0.0611,0.048,1.5737704918032787,0.33406113537117904,2.00327868852459
2019-05-06,Aqua,0.0245,0.1237,0.034800000000000005,1.4204081632653063,0.669365721997301,5.048979591836734
2019-05-07,Aqua,0.0403,0.1427,0.0521,1.392156862745098,0.5344086021505375,3.2956120092378747
2019-05-09,Aqua,0.0466,0.09040000000000001,0.061700000000000005,1.3240343347639485,0.3197080291970803,1.9399141630901289
2019-05-10,Aqua,0.0315,0.1517,0.0495,1.5714285714285714,0.6561135371179039,4.815873015873016
2019-05-11,Aqua,0.0238,0.0823,0.0397,1.6638655462184875,0.5631528964862298,3.5782608695652174
2019-05-12,Aqua,0.0262,0.0763,0.044700000000000004,1.7061068702290076,0.4887804878048781,2.9122137404580153
2019-05-13,Aqua,0.020200000000000003,0.1153,0.0286,1.4158415841584158,0.7018450184501844,5.707920792079207
2019-05-23,Aqua,0.035500000000000004,0.2384,0.0507,1.428169014084507,0.7407813070463672,6.715492957746478
2019-06-01,Aqua,0.0711,0.1024,0.0792,1.1139240506329116,0.18040345821325654,1.4402250351617443
2019-06-02,Aqua,0.030500000000000003,0.203,0.0482,1.5753012048192772,0.7387580299785867,6.655737704918033
2019-06-03,Aqua,0.0269,0.1014,0.0375,1.3803278688524592,0.5831381733021078,3.797752808988764
2019-06-04,Aqua,0.0257,0.15180000000000002,0.042300000000000004,1.6459143968871597,0.7104225352112676,5.906614785992218
2019-06-08,Aqua,0.034800000000000005,0.0685,0.0536,1.4174174174174172,0.34577603143418467,2.057057057057057
2019-06-09,Aqua,0.0317,0.2073,0.051800000000000006,1.634069400630915,0.7347280334728034,6.539432176656152
2019-06-10,Aqua,0.038,0.19360000000000002,0.05,1.3157894736842106,0.6718480138169257,5.094736842105264
2019-06-11,Aqua,0.028900000000000002,0.2048,0.0497,1.7197231833910034,0.7526743688489516,7.086505190311419
2019-06-12,Aqua,0.019700000000000002,0.10300000000000001,0.0354,1.8121827411167513,0.629746835443038,4.401709401709402
2019-06-13,Aqua,0.024,0.0947,0.042100000000000005,1.7541666666666669,0.5956192080876159,3.9458333333333333
2019-06-14,Aqua,0.013800000000000002,0.1265,0.027600000000000003,1.9275362318840579,0.7551385165326183,7.1678832116788325
2019-06-15,Aqua,0.0335,0.14730000000000001,0.0514,1.534328358208955,0.629424778761062,4.397014925373134
2019-06-16,Aqua,0.0327,0.26180000000000003,0.053200000000000004,1.6269113149847096,0.7779286926994906,8.006116207951072
2019-06-18,Aqua,0.0258,0.1708,0.0443,1.7170542635658914,0.7375381485249238,6.62015503875969
2019-06-19,Aqua,0.0323,0.0896,0.0463,1.4334365325077398,0.47005742411812956,2.773993808049535
2019-06-22,Aqua,0.0317,0.1565,0.042100000000000005,1.6377551020408165,0.6955579631635971,5.569395017793594
2019-06-23,Aqua,0.0227,0.1459,0.0332,1.462555066079295,0.730723606168446,6.427312775330396
2019-06-24,Aqua,0.0408,0.22190000000000001,0.056400000000000006,1.3823529411764706,0.6893795203654358,5.438725490196078
2019-06-26,Aqua,0.047900000000000005,0.0828,0.0631,1.3173277661795406,0.2670237184391736,1.728601252609603
2019-06-28,Aqua,0.012700000000000001,0.0993,0.0269,2.1181102362204722,0.7732142857142856,7.818897637795275
2019-06-29,Aqua,0.0308,0.17850000000000002,0.0516,1.6753246753246753,0.7056856187290971,5.795454545454546
2019-06-30,Aqua,0.011300000000000001,0.1207,0.0217,1.9026548672566372,0.8287878787878787,10.681415929203538
2019-07-04,Aqua,0.0298,0.182,0.0454,1.6176470588235294,0.739961759082218,6.691176470588235
2019-07-05,Aqua,0.0334,0.09090000000000001,0.0456,1.3901734104046244,0.4625905068382945,2.721556886227545
2019-07-07,Aqua,0.0128,0.1233,0.0262,2.046875,0.7894736842105262,8.5
2019-07-08,Aqua,0.0273,0.154,0.0466,1.706959706959707,0.6988416988416989,5.6410256410256405
2019-07-12,Aqua,0.0468,0.0853,0.0606,1.294871794871795,0.29144587433762303,1.8226495726495726
2019-07-13,Aqua,0.030500000000000003,0.22160000000000002,0.0505,1.6557377049180328,0.7580325267750891,7.2655737704918035
2019-07-19,Aqua,0.055,0.12940000000000002,0.067,1.2181818181818183,0.4034707158351411,2.352727272727273
2019-07-20,Aqua,0.028800000000000003,0.1573,0.043300000000000005,1.5348837209302326,0.6734042553191489,5.123778501628664
2019-07-21,Aqua,0.0303,0.11510000000000001,0.0432,1.4308681672025725,0.5745554035567716,3.7009646302250805
2019-07-22,Aqua,0.0309,0.20140000000000002,0.0489,1.5825242718446602,0.7339647008179079,6.51779935275081
2019-07-24,Aqua,0.0239,0.1124,0.0395,1.6527196652719665,0.6493030080704328,4.702928870292887
2019-07-25,Aqua,0.0171,0.0984,0.0273,1.5964912280701755,0.7038961038961038,5.754385964912281
2019-07-26,Aqua,0.0395,0.1097,0.0524,1.3265822784810126,0.4274560832791152,2.493181818181818
2019-07-28,Aqua,0.0391,0.0915,0.0511,1.3069053708439897,0.4012251148545176,2.340153452685422
2019-07-29,Aqua,0.031,0.19790000000000002,0.048400000000000006,1.5482866043613706,0.7291393621668851,6.383870967741936
2019-07-30,Aqua,0.020800000000000003,0.0959,0.0327,1.5721153846153844,0.6435304198800342,4.6105769230769225
2019-07-31,Aqua,0.0315,0.188,0.048100000000000004,1.528358208955224,0.7129840546697038,5.968253968253968
2019-08-01,Aqua,0.0162,0.1208,0.0273,1.6851851851851853,0.7635036496350365,7.45679012345679
2019-08-03,Aqua,0.0317,0.2575,0.0512,1.6151419558359623,0.780774550484094,8.123028391167193
2019-08-04,Aqua,0.0419,0.1032,0.056400000000000006,1.3125,0.42246726395589246,2.4630071599045347
2019-08-05,Aqua,0.0332,0.16490000000000002,0.0471,1.544262295081967,0.6878198567041965,5.406557377049181
2019-08-06,Aqua,0.0364,0.1675,0.0478,1.3131868131868132,0.6429622363903873,4.601648351648351
2019-08-07,Aqua,0.0298,0.1763,0.046700000000000005,1.5671140939597317,0.7108199902959729,5.916107382550336
2019-08-09,Aqua,0.0286,0.11610000000000001,0.046400000000000004,1.6170212765957446,0.6091476091476091,4.117021276595745
2019-08-13,Aqua,0.0363,0.0847,0.049800000000000004,1.371900826446281,0.4,2.3333333333333335
2019-08-14,Aqua,0.0302,0.2058,0.046,1.5430463576158941,0.7440677966101694,6.814569536423841
2019-08-15,Aqua,0.0154,0.0854,0.029500000000000002,1.7894736842105265,0.6266666666666666,4.357142857142858
2019-08-16,Aqua,0.0318,0.14500000000000002,0.045200000000000004,1.5313653136531364,0.6657093624353819,4.982817869415808
2019-08-18,Aqua,0.025500000000000002,0.0843,0.0391,1.5114754098360654,0.53551912568306,3.3058823529411763
2019-08-19,Aqua,0.0325,0.2127,0.0477,1.4676923076923076,0.7327902240325865,6.484756097560975
2019-08-22,Aqua,0.024,0.098,0.0364,1.476987447698745,0.6078753076292042,4.100418410041841
2019-08-24,Aqua,0.0287,0.09390000000000001,0.0395,1.3763066202090593,0.531810766721044,3.271777003484321
2019-08-25,Aqua,0.0155,0.054700000000000006,0.0284,1.832258064516129,0.5584045584045584,3.5290322580645164
2019-08-26,Aqua,0.014400000000000001,0.1292,0.024200000000000003,1.6805555555555556,0.7413127413127414,6.731343283582089
2019-08-27,Aqua,0.021400000000000002,0.066,0.0324,1.5247148288973384,0.5353535353535354,3.304347826086956
2019-08-28,Aqua,0.0335,0.19360000000000002,0.0497,1.4792899408284024,0.7059344552701505,5.801204819277109
2019-08-30,Aqua,0.028900000000000002,0.21380000000000002,0.047400000000000005,1.4753086419753088,0.736799350121852,6.598765432098767
2019-08-31,Aqua,0.0164,0.0877,0.0262,1.597560975609756,0.6523031203566122,4.752136752136752
2019-09-02,Aqua,0.0164,0.1159,0.0262,1.597560975609756,0.7157712305025997,6.036585365853658
2019-09-03,Aqua,0.0256,0.1283,0.0339,1.627906976744186,0.5829734731647132,3.7958579881656798
2019-09-04,Aqua,0.0335,0.254,0.0504,1.5044776119402985,0.7669565217391305,7.582089552238806
2019-09-05,Aqua,0.0172,0.07970000000000001,0.028800000000000003,1.7616279069767442,0.6691099476439791,5.044303797468355
2019-09-06,Aqua,0.0341,0.19490000000000002,0.0495,1.4516129032258065,0.7021834061135372,5.715542521994136
2019-09-12,Aqua,0.0181,0.0849,0.0285,1.5745856353591159,0.6485436893203883,4.69060773480663
2019-09-21,Aqua,0.016900000000000002,0.07490000000000001,0.027,1.5976331360946743,0.6318082788671024,4.431952662721893
2019-09-25,Aqua,0.0187,0.1061,0.0287,1.4101123595505618,0.6526479750778815,4.757847533632287
2019-10-01,Aqua,0.0367,0.2639,0.052000000000000005,1.4168937329700273,0.7558216899534265,7.190735694822888
2019-10-05,Aqua,0.035300000000000005,0.1022,0.049,1.3881019830028327,0.4865454545454544,2.8951841359773365
2019-10-06,Aqua,0.0292,0.24830000000000002,0.0393,1.3942558746736293,0.7895495495495496,8.503424657534246
2019-10-07,Aqua,0.019200000000000002,0.0755,0.0264,1.4322916666666665,0.594508975712777,3.932291666666666
2019-10-10,Aqua,0.0239,0.0966,0.0329,1.3765690376569037,0.6033195020746888,4.041841004184101
2019-10-14,Aqua,0.020300000000000002,0.0843,0.025400000000000002,1.2941176470588236,0.6118546845124283,4.152709359605911
2019-10-22,Aqua,0.1287,0.20980000000000001,0.17200000000000001,1.3364413364413366,0.2395864106351551,1.63014763014763
2019-10-24,Aqua,0.0297,0.2156,0.0393,1.3232323232323233,0.7030015797788309,5.73404255319149
2019-10-27,Aqua,0.016800000000000002,0.0979,0.026000000000000002,1.416058394160584,0.6467619848612278,4.661904761904761
2019-10-28,Aqua,0.0252,0.0674,0.0313,1.242063492063492,0.4557235421166307,2.6746031746031744
2019-10-29,Aqua,0.022000000000000002,0.094,0.028300000000000002,1.2863636363636364,0.6206896551724137,4.2727272727272725
2019-10-30,Aqua,0.0158,0.042800000000000005,0.0233,1.4746835443037973,0.46075085324232085,2.708860759493671
2019-11-01,Aqua,0.0149,0.0659,0.0233,1.563758389261745,0.7450753186558517,6.845454545454546
2019-11-02,Aqua,0.042300000000000004,0.24230000000000002,0.051300000000000005,1.2466367713004485,0.7194086190625983,6.12780269058296
2019-11-03,Aqua,0.0228,0.0872,0.029400000000000003,1.2982456140350878,0.6530805687203792,4.7650273224043715
2019-11-04,Aqua,0.037000000000000005,0.1806,0.0438,1.2251655629139073,0.6576411197797155,4.841823056300268
2019-11-06,Aqua,0.0263,0.0651,0.031900000000000005,1.2129277566539927,0.48970251716247143,2.9192825112107625
2019-11-08,Aqua,0.026500000000000003,0.078,0.034800000000000005,1.3132075471698113,0.56312625250501,3.5779816513761467
2019-11-11,Aqua,0.062200000000000005,0.24600000000000002,0.0742,1.1190476190476188,0.5708812260536398,3.6607142857142856
2019-11-13,Aqua,0.035,0.10110000000000001,0.037700000000000004,1.2011834319526626,0.5789473684210527,3.75
2019-11-20,Aqua,0.049800000000000004,0.2386,0.0562,1.13556338028169,0.6154366960054165,4.200704225352113
2019-11-21,Aqua,0.0223,0.15460000000000002,0.0303,1.358490566037736,0.7283398546674121,6.362139917695473
2019-11-22,Aqua,0.0318,0.0915,0.030000000000000002,1.1656441717791413,0.5376532399299475,3.3257575757575757
2019-11-29,Aqua,0.0604,0.232,0.0649,1.074503311258278,0.5868673050615595,3.8410596026490067
2019-12-05,Aqua,0.025900000000000003,0.17270000000000002,0.030500000000000003,1.3706563706563706,0.7343984023964053,6.530075187969925
2019-12-09,Aqua,0.058600000000000006,0.2914,0.06420000000000001,1.0955631399317407,0.6651428571428571,4.972696245733788
2019-12-16,Aqua,0.0446,0.1768,0.0519,1.163677130044843,0.5971093044263777,3.964125560538117
2019-12-26,Aqua,0.0574,0.1211,0.0634,1.1045296167247387,0.3568627450980393,2.1097560975609757
2020-01-19,Aqua,0.1017,0.2019,0.12560000000000002,1.2350049164208459,0.33003952569169964,1.9852507374631267
2020-02-09,Aqua,0.0405,0.1638,0.049,1.2098765432098766,0.6035242290748898,4.044444444444444
2020-02-10,Aqua,0.024200000000000003,0.066,0.0381,1.5743801652892562,0.6708860759493671,5.076923076923077
2020-02-18,Aqua,0.0345,0.1391,0.0437,1.2666666666666666,0.6025345622119815,4.0318840579710145
2020-02-19,Aqua,0.036000000000000004,0.13970000000000002,0.0434,1.2055555555555555,0.5902105862265224,3.8805555555555555
2020-02-20,Aqua,0.041600000000000005,0.28040000000000004,0.0567,1.3629807692307692,0.7416149068322981,6.740384615384616
2020-02-21,Aqua,0.0247,0.1008,0.0371,1.3833333333333333,0.6284329563812602,4.382608695652174
2020-02-25,Aqua,0.029,0.12480000000000001,0.036500000000000005,1.2586206896551726,0.6228868660598179,4.303448275862069
2020-02-27,Aqua,0.02905,0.2873,0.041650000000000006,1.3852198648808818,0.8160383898587389,9.898139148986607
2020-02-28,Aqua,0.0235,0.0575,0.0324,1.3617021276595744,0.4501891551071879,2.637614678899083
2020-03-04,Aqua,0.0346,0.1053,0.0363,1.2338308457711444,0.5053609721229451,3.0433526011560694
2020-03-10,Aqua,0.0224,0.10650000000000001,0.0318,1.4196428571428572,0.65244375484872,4.7544642857142865
2020-03-12,Aqua,0.0179,0.1337,0.0273,1.5251396648044695,0.7638522427440634,7.46927374301676
2020-03-16,Aqua,0.0366,0.20600000000000002,0.0485,1.3041237113402062,0.6830065359477124,5.309278350515465
2020-03-17,Aqua,0.0206,0.0625,0.028200000000000003,1.3689320388349515,0.5042117930204573,3.0339805825242716
2020-03-18,Aqua,0.0378,0.17900000000000002,0.0555,1.3275862068965516,0.5896980461811724,3.8744588744588744
2020-03-19,Aqua,0.0181,0.0911,0.0233,1.3743589743589744,0.647377938517179,4.671794871794872
2020-03-20,Aqua,0.027700000000000002,0.20570000000000002,0.0392,1.3429602888086642,0.6662616443904416,4.992718446601942
2020-03-21,Aqua,0.0173,0.1277,0.0246,1.4219653179190752,0.7613793103448275,7.381502890173411
2020-03-22,Aqua,0.0218,0.0596,0.028300000000000002,1.298165137614679,0.49,2.9215686274509802
2020-03-31,Aqua,0.3267,0.3961,0.36310000000000003,1.1114172023262934,0.09601549529607085,1.2124273033363944
2020-04-07,Aqua,0.0298,0.0978,0.0378,1.2684563758389262,0.5329153605015675,3.2818791946308723
2020-04-08,Aqua,0.054400000000000004,0.2577,0.06570000000000001,1.2077205882352942,0.6513937840435757,4.737132352941176
2020-04-09,Aqua,0.0252,0.056,0.033,1.3095238095238095,0.37931034482758624,2.2222222222222223
2020-04-10,Aqua,0.034800000000000005,0.13,0.0434,1.2744186046511627,0.5776699029126214,3.7356321839080455
2020-04-11,Aqua,0.0219,0.0816,0.0291,1.34841628959276,0.5768115942028985,3.726027397260274
2020-04-12,Aqua,0.0315,0.1053,0.0424,1.3460317460317461,0.5394736842105263,3.342857142857143
2020-04-13,Aqua,0.020900000000000002,0.0931,0.0238,1.138755980861244,0.6333333333333333,4.454545454545454
2020-04-14,Aqua,0.0285,0.0893,0.031900000000000005,1.3403361344537816,0.5161290322580646,3.1333333333333333
2020-04-16,Aqua,0.0329,0.0942,0.040100000000000004,1.2188449848024319,0.4285714285714285,2.5
2020-04-17,Aqua,0.0335,0.1723,0.0453,1.3143631436314362,0.6623251326579835,4.922857142857143
2020-04-19,Aqua,0.0346,0.1458,0.046400000000000004,1.3003533568904593,0.616407982261641,4.213872832369943
2020-04-20,Aqua,0.0201,0.10990000000000001,0.025500000000000002,1.2686567164179106,0.6651515151515153,4.972850678733032
2020-04-21,Aqua,0.039900000000000005,0.2401,0.053000000000000005,1.3283208020050126,0.6837307152875175,5.323725055432373
2020-05-07,Aqua,0.0366,0.1527,0.038400000000000004,1.3797814207650274,0.5807453416149068,3.77037037037037
2020-05-08,Aqua,0.0268,0.11750000000000001,0.030600000000000002,1.1417910447761195,0.6285516285516285,4.384328358208955
2020-05-09,Aqua,0.039,0.0906,0.0471,1.2295081967213113,0.4660194174757281,2.745454545454545
2020-05-15,Aqua,0.0502,0.1213,0.0471,0.9382470119521913,0.4145772594752186,2.4163346613545817
2020-05-28,Aqua,0.0274,0.1192,0.0429,1.5656934306569343,0.626193724420191,4.350364963503649
2020-06-01,Aqua,0.024900000000000002,0.0594,0.033800000000000004,1.4399999999999997,0.45054945054945056,2.6399999999999997
2020-06-04,Aqua,0.0358,0.1545,0.0444,1.240223463687151,0.6237519705727799,4.315642458100559
2020-06-18,Aqua,0.039900000000000005,0.2174,0.056900000000000006,1.4783653846153846,0.7154582763337893,6.028846153846153
2020-06-21,Aqua,0.0284,0.1688,0.041600000000000005,1.4647887323943662,0.7119675456389452,5.943661971830986
2020-06-22,Aqua,0.025400000000000002,0.193,0.043500000000000004,1.7125984251968505,0.7673992673992673,7.5984251968503935
2020-06-23,Aqua,0.027200000000000002,0.1448,0.0409,1.503676470588235,0.6837209302325581,5.323529411764706
2020-06-25,Aqua,0.0223,0.1124,0.030000000000000002,1.345291479820628,0.6688938381588716,5.040358744394619
2020-06-26,Aqua,0.0472,0.115,0.0551,1.1724137931034482,0.40404040404040403,2.355932203389831
2020-07-02,Aqua,0.0161,0.1506,0.027200000000000002,1.6913580246913582,0.7327800829875518,6.484472049689441
2020-07-03,Aqua,0.033600000000000005,0.1255,0.046900000000000004,1.3958333333333333,0.5776241357636706,3.735119047619047
2020-07-05,Aqua,0.0613,0.0926,0.0682,1.1125611745513866,0.20337881741390512,1.5106035889070146
2020-07-08,Aqua,0.026000000000000002,0.1602,0.0405,1.5576923076923077,0.7207303974221269,6.161538461538461
2020-07-10,Aqua,0.0267,0.1641,0.043300000000000005,1.6217228464419478,0.720125786163522,6.146067415730337
2020-07-13,Aqua,0.0252,0.2534,0.045000000000000005,1.7857142857142858,0.8190954773869347,10.055555555555555
2020-07-14,Aqua,0.036500000000000005,0.11170000000000001,0.049100000000000005,1.2627118644067796,0.5186947654656696,3.1553672316384183
2020-07-15,Aqua,0.021,0.1331,0.035,1.6375838926174497,0.72744970798183,6.338095238095238
2020-07-16,Aqua,0.0162,0.0813,0.0268,1.6543209876543212,0.6676923076923076,5.018518518518519
2020-07-17,Aqua,0.0275,0.1027,0.0396,1.6042296072507551,0.5775729646697388,3.7345454545454544
2020-07-18,Aqua,0.0194,0.1041,0.0287,1.479381443298969,0.68582995951417,5.365979381443299
2020-07-19,Aqua,0.0269,0.0703,0.0385,1.4882154882154883,0.5780022446689114,3.7393617021276593
2020-07-20,Aqua,0.0275,0.23270000000000002,0.047,1.709090909090909,0.7886241352805534,8.461818181818183
2020-07-21,Aqua,0.0563,0.10360000000000001,0.0674,1.197158081705151,0.29580988117573487,1.8401420959147425
2020-07-22,Aqua,0.0275,0.1986,0.0442,1.6679245283018866,0.7645490892936473,7.494339622641508
2020-07-23,Aqua,0.0261,0.1222,0.0381,1.4597701149425286,0.6480107889413351,4.6819923371647505
2020-07-24,Aqua,0.028200000000000003,0.169,0.0434,1.6192660550458717,0.7139959432048681,5.99290780141844
2020-07-25,Aqua,0.014100000000000001,0.1187,0.0252,1.7872340425531914,0.7876506024096386,8.418439716312056
2020-07-26,Aqua,0.0258,0.15360000000000001,0.0403,1.6069182389937107,0.7123745819397994,5.953488372093024
2020-07-28,Aqua,0.0397,0.1318,0.0509,1.2811735941320295,0.5263462651997685,3.2224938875305624
2020-07-29,Aqua,0.0304,0.1937,0.0487,1.5661016949152542,0.72910927456382,6.383050847457627
2020-07-30,Aqua,0.039400000000000004,0.1168,0.0495,1.2829736211031175,0.509924709103354,3.081005586592179
2020-07-31,Aqua,0.0285,0.16140000000000002,0.0442,1.5508771929824563,0.6998420221169037,5.663157894736843
2020-08-01,Aqua,0.0175,0.097,0.029500000000000002,1.6666666666666665,0.6842105263157895,5.333333333333333
2020-08-02,Aqua,0.042300000000000004,0.16490000000000002,0.0548,1.37,0.5872220482305042,3.845220030349014
2020-08-03,Aqua,0.0179,0.1318,0.029900000000000003,1.6703910614525141,0.7608550434201737,7.363128491620112
2020-08-04,Aqua,0.026600000000000002,0.1322,0.038900000000000004,1.5304054054054053,0.6649874055415617,4.969924812030075
2020-08-05,Aqua,0.028,0.21860000000000002,0.0449,1.6035714285714286,0.772911597729116,7.807142857142858
2020-08-07,Aqua,0.0239,0.162,0.0366,1.6486486486486487,0.758957654723127,7.297297297297297
2020-08-09,Aqua,0.02,0.11900000000000001,0.033800000000000004,1.6900000000000002,0.7122302158273381,5.95
2020-08-10,Aqua,0.0137,0.10360000000000001,0.0241,1.7591240875912408,0.7544715447154472,7.145695364238411
2020-08-11,Aqua,0.0219,0.1085,0.034800000000000005,1.5890410958904113,0.6641104294478528,4.954337899543379
2020-08-13,Aqua,0.0352,0.0789,0.0443,1.258522727272727,0.382997370727432,2.2414772727272725
2020-08-14,Aqua,0.0268,0.1857,0.0415,1.5485074626865671,0.747764705882353,6.92910447761194
2020-08-15,Aqua,0.0146,0.10360000000000001,0.0274,1.8767123287671232,0.7529610829103215,7.095890410958905
2020-08-17,Aqua,0.0165,0.10360000000000001,0.026600000000000002,1.6881720430107527,0.7252289758534555,6.278787878787879
2020-08-19,Aqua,0.0099,0.10980000000000001,0.02,2.02020202020202,0.8345864661654134,11.090909090909092
2020-08-22,Aqua,0.0286,0.13920000000000002,0.0398,1.3826714801444042,0.6591179976162098,4.8671328671328675
2020-08-23,Aqua,0.0234,0.2722,0.040100000000000004,1.7136752136752138,0.8416779431664412,11.632478632478632
2020-08-24,Aqua,0.0234,0.1231,0.027600000000000003,1.1794871794871795,0.6805460750853243,5.260683760683761
2020-08-26,Aqua,0.0137,0.09680000000000001,0.0238,1.7372262773722629,0.7520361990950226,7.065693430656935
2020-08-27,Aqua,0.020200000000000003,0.21230000000000002,0.0347,1.8465346534653462,0.7684298209079551,7.636690647482014
2020-08-28,Aqua,0.0125,0.11380000000000001,0.016800000000000002,1.5563636363636366,0.8051027639971651,9.261818181818184
2020-08-30,Aqua,0.0221,0.23850000000000002,0.0361,1.6334841628959276,0.8303914044512664,10.79185520361991
2020-09-02,Aqua,0.0458,0.1779,0.0545,1.1899563318777293,0.5905230219043361,3.8842794759825328
2020-09-03,Aqua,0.032100000000000004,0.1398,0.0461,1.5272727272727273,0.6022181146025877,4.0278810408921935
2020-09-04,Aqua,0.0181,0.1047,0.0304,1.6795580110497237,0.7052117263843648,5.7845303867403315
2020-09-05,Aqua,0.014700000000000001,0.042100000000000005,0.0253,1.673469387755102,0.4823943661971831,2.863945578231293
2020-09-07,Aqua,0.028,0.0734,0.041100000000000005,1.467857142857143,0.4477317554240632,2.6214285714285714
2020-09-09,Aqua,0.43410000000000004,0.4228,0.405,0.9329647546648238,-0.013187069669739798,0.9739691315365122
2020-09-20,Aqua,0.0512,0.09920000000000001,0.059000000000000004,1.15234375,0.3191489361702128,1.9375
2020-09-27,Aqua,0.0204,0.0646,0.027100000000000003,1.3284313725490196,0.52,3.1666666666666665
2020-09-28,Aqua,0.0223,0.0829,0.0224,1.0044843049327354,0.5670517327975891,3.6194895591647334
2020-09-29,Aqua,0.0246,0.0917,0.0316,1.2764227642276424,0.568586387434555,3.6359223300970878
2020-09-30,Aqua,0.024200000000000003,0.053200000000000004,0.0313,1.242537313432836,0.38532110091743127,2.253731343283582
2020-10-01,Aqua,0.045700000000000005,0.1577,0.0482,1.0547045951859955,0.5360536612632755,3.3108433734939755
2020-10-02,Aqua,0.027200000000000002,0.1043,0.0296,1.0520833333333333,0.5110246433203632,3.0901856763925726
2020-10-03,Aqua,0.0444,0.1287,0.0489,1.1013513513513513,0.4870017331022531,2.8986486486486487
2020-10-04,Aqua,0.0196,0.0507,0.025500000000000002,1.3010204081632655,0.4423897581792319,2.5867346938775513
2020-10-05,Aqua,0.0454,0.1159,0.0507,1.1167400881057268,0.43707377557346566,2.552863436123348
2020-10-06,Aqua,0.029300000000000003,0.0834,0.0358,1.221843003412969,0.48003549245785265,2.8464163822525594
2020-10-08,Aqua,0.053500000000000006,0.16720000000000002,0.0539,1.0074766355140186,0.5151789759855007,3.125233644859813
2020-10-09,Aqua,0.033600000000000005,0.0668,0.0405,1.2053571428571428,0.3306772908366533,1.9880952380952377
2020-10-15,Aqua,0.0224,0.0995,0.025900000000000003,1.1562500000000002,0.6324856439704676,4.441964285714286
2020-10-16,Aqua,0.018000000000000002,0.048400000000000006,0.0221,1.2277777777777776,0.4925373134328358,2.941176470588235
2020-10-25,Aqua,0.031,0.0592,0.035,1.1290322580645162,0.3389121338912134,2.0253164556962022
2020-10-26,Aqua,0.051000000000000004,0.15710000000000002,0.052500000000000005,1.0294117647058825,0.5098510331571361,3.0803921568627453
2020-10-27,Aqua,0.016,0.0621,0.022500000000000003,1.287878787878788,0.5388556789069172,3.337037037037037
2020-10-28,Aqua,0.028200000000000003,0.08660000000000001,0.0351,1.1411290322580645,0.5499092558983666,3.443548387096774
2020-10-29,Aqua,0.022600000000000002,0.08370000000000001,0.0258,1.1415929203539823,0.6069565217391304,4.088495575221239
2020-10-31,Aqua,0.026500000000000003,0.10060000000000001,0.0323,1.2188679245283018,0.607698001480385,4.098113207547169
2020-11-01,Aqua,0.0228,0.0723,0.0264,1.1578947368421053,0.44669117647058826,2.6146179401993357
2020-11-02,Aqua,0.0398,0.1426,0.0429,1.0778894472361809,0.5635964912280702,3.5829145728643215
2020-11-29,Aqua,0.0587,0.1694,0.0539,0.9748031496062992,0.5461043602573267,3.4062992125984253
2020-12-01,Aqua,0.0201,0.1298,0.0245,1.218905472636816,0.7318212141427618,6.45771144278607
2020-12-02,Aqua,0.029900000000000003,0.12040000000000001,0.0323,1.080267558528428,0.6021290751829673,4.026755852842809
2020-12-04,Aqua,0.0439,0.1501,0.043000000000000003,0.979498861047836,0.5474226804123712,3.419134396355353
2020-12-05,Aqua,0.019200000000000002,0.044000000000000004,0.0218,1.1354166666666665,0.3924050632911392,2.2916666666666665
2020-12-07,Aqua,0.0333,0.0761,0.0375,1.126126126126126,0.3912248628884826,2.285285285285285
2020-12-23,Aqua,0.033800000000000004,0.0608,0.041600000000000005,1.2020725388601037,0.28541226215644816,1.7988165680473371
2020-12-28,Aqua,0.047,0.1575,0.0499,1.0617021276595744,0.5403422982885085,3.351063829787234
2021-01-13,Aqua,0.047400000000000005,0.0591,0.0499,1.1028806584362139,0.30719885958660015,1.8868312757201646
2021-01-14,Aqua,0.0546,0.1542,0.0591,1.1107382550335572,0.459351620947631,2.699261992619926
2021-01-16,Aqua,0.0419,0.1193,0.0512,1.1836283185840708,0.4504559270516717,2.639380530973451
2021-01-18,Aqua,0.0419,0.062,0.054400000000000004,1.298329355608592,0.376551724137931,2.2079646017699113
2021-01-23,Aqua,0.044700000000000004,0.12190000000000001,0.049600000000000005,1.109619686800895,0.45557491289198604,2.6736
2021-02-10,Aqua,0.052500000000000005,0.1331,0.0533,1.0933333333333333,0.43426724137931033,2.535238095238095
2021-03-03,Aqua,0.0444,0.10640000000000001,0.052500000000000005,1.1824324324324325,0.41114058355437666,2.3963963963963963
2021-03-11,Aqua,0.034800000000000005,0.0877,0.0374,1.2,0.31901840490797545,1.936936936936937
2021-03-27,Aqua,0.0366,0.0981,0.0369,1.0081967213114755,0.45657015590200445,2.680327868852459
2021-03-30,Aqua,0.0427,0.1202,0.0471,1.1030444964871196,0.47575199508901167,2.8149882903981265
2021-03-31,Aqua,0.0298,0.07970000000000001,0.034300000000000004,1.151006711409396,0.4557077625570776,2.6744966442953024
2021-04-01,Aqua,0.0269,0.0499,0.035300000000000005,1.3122676579925652,0.29947916666666663,1.8550185873605947
2021-04-05,Aqua,0.023700000000000002,0.056900000000000006,0.028300000000000002,1.1898734177215189,0.4196301564722617,2.4460784313725488
2021-04-09,Aqua,0.0235,0.084,0.0268,1.1404255319148937,0.5627906976744186,3.5744680851063833
2021-04-11,Aqua,0.042800000000000005,0.1257,0.0471,1.1004672897196262,0.4919881305637982,2.9369158878504673
2021-04-12,Aqua,0.0367,0.0555,0.0397,1.1852861035422344,0.2185792349726776,1.5594405594405594
2021-04-13,Aqua,0.052450000000000004,0.13290000000000002,0.054150000000000004,1.0402496663000864,0.423728813559322,2.4705882352941173
2021-04-14,Aqua,0.0206,0.0502,0.0274,1.3300970873786409,0.4180790960451978,2.4368932038834954
2021-04-15,Aqua,0.0483,0.1384,0.046400000000000004,0.9979296066252588,0.41152473227944925,2.3986135181975734
2021-04-16,Aqua,0.021,0.0751,0.024900000000000002,1.1476190476190475,0.5629552549427679,3.576190476190476
2021-04-17,Aqua,0.040600000000000004,0.1107,0.0374,0.9887640449438202,0.3949216639654241,2.305357142857143
2021-04-18,Aqua,0.0478,0.14300000000000002,0.0499,1.0606694560669456,0.4989517819706499,2.99163179916318
2021-04-20,Aqua,0.041,0.11030000000000001,0.0456,1.1121951219512196,0.45803040317250493,2.6902439024390246
2021-04-21,Aqua,0.019,0.0432,0.027700000000000002,1.4578947368421054,0.414721723518851,2.4171779141104293
2021-04-22,Aqua,0.0347,0.0874,0.0409,1.1786743515850142,0.4316134316134316,2.5187319884726227
2021-04-29,Aqua,0.0444,0.1107,0.049300000000000004,1.1103603603603605,0.4274661508704061,2.4932432432432434
2021-05-04,Aqua,0.0545,0.1595,0.0641,1.0911062906724511,0.5000000000000001,3.0
2021-05-10,Aqua,0.0307,0.0906,0.0352,1.1172638436482085,0.4233473980309424,2.4682926829268292
2021-05-11,Aqua,0.0199,0.0743,0.025400000000000002,1.2763819095477387,0.5774946921443737,3.7336683417085426
2021-05-13,Aqua,0.041,0.136,0.0466,1.1365853658536587,0.5367231638418078,3.3170731707317076
2021-05-14,Aqua,0.0482,0.08850000000000001,0.0539,1.1166253101736974,0.27155172413793105,1.7455621301775148
2021-05-15,Aqua,0.037200000000000004,0.1032,0.045200000000000004,1.2150537634408602,0.4566787003610108,2.681063122923588
2021-05-16,Aqua,0.024900000000000002,0.0585,0.0329,1.3212851405622488,0.40287769784172667,2.3493975903614457
2021-05-17,Aqua,0.0414,0.1197,0.048400000000000006,1.1690821256038648,0.4860335195530727,2.891304347826087
2021-05-26,Aqua,0.027100000000000003,0.0869,0.0366,1.162361623616236,0.5092674315975286,3.0755395683453237
2021-05-28,Aqua,0.0455,0.11810000000000001,0.0478,1.0857142857142856,0.44376528117359415,2.5956043956043957
2021-06-01,Aqua,0.025400000000000002,0.0747,0.0332,1.3543307086614171,0.5481865284974093,3.426605504587156
2021-06-02,Aqua,0.039400000000000004,0.1096,0.0495,1.2563451776649746,0.47114093959731534,2.781725888324873
2021-06-03,Aqua,0.0195,0.07680000000000001,0.027,1.3743589743589744,0.5950155763239875,3.9384615384615387
2021-06-04,Aqua,0.0381,0.0703,0.047,1.2335958005249343,0.3239171374764595,1.958217270194986
2021-06-12,Aqua,0.0273,0.09380000000000001,0.037000000000000005,1.3553113553113554,0.5491329479768786,3.435897435897436
2021-06-16,Aqua,0.0262,0.08900000000000001,0.0363,1.3854961832061068,0.545138888888889,3.3969465648854964
2021-06-17,Aqua,0.022500000000000003,0.0562,0.033,1.4666666666666666,0.42820838627700114,2.4977777777777774
2021-06-18,Aqua,0.0244,0.0787,0.0339,1.3360655737704918,0.5426695842450766,3.373205741626794
2021-06-19,Aqua,0.0198,0.0824,0.028,1.4141414141414141,0.6452054794520548,4.637065637065637
2021-06-20,Aqua,0.040100000000000004,0.0981,0.0528,1.3167082294264338,0.4196816208393632,2.4463840399002494
2021-06-21,Aqua,0.0475,0.16540000000000002,0.0562,1.1831578947368422,0.5537811178957257,3.4821052631578953
2021-06-23,Aqua,0.040400000000000005,0.1288,0.051300000000000005,1.2698019801980198,0.5224586288416074,3.188118811881188
2021-06-24,Aqua,0.0335,0.08800000000000001,0.0472,1.355223880597015,0.442225392296719,2.585677749360614
2021-06-25,Aqua,0.0367,0.115,0.049600000000000005,1.3514986376021798,0.5161502966381015,3.1335149863760217
2021-06-26,Aqua,0.0218,0.0728,0.0324,1.5917431192660552,0.5766233766233766,3.723926380368098
2021-06-27,Aqua,0.033600000000000005,0.09570000000000001,0.0495,1.4732142857142856,0.4802784222737818,2.8482142857142856
2021-06-28,Aqua,0.024,0.0864,0.0363,1.5125,0.5652173913043479,3.6
2021-06-29,Aqua,0.055,0.10300000000000001,0.0673,1.2236363636363636,0.30379746835443044,1.8727272727272728
2021-06-30,Aqua,0.0396,0.17750000000000002,0.051500000000000004,1.3005050505050506,0.63519115614924,4.482323232323233
2021-07-01,Aqua,0.0545,0.0868,0.0661,1.1867145421903054,0.21824561403508771,1.5583482944344704
2021-07-02,Aqua,0.0449,0.1448,0.0523,1.1714922048997773,0.5266209804955193,3.224944320712695
2021-07-03,Aqua,0.0261,0.064,0.0391,1.4980842911877394,0.42064372918978915,2.4521072796934864
2021-07-04,Aqua,0.047900000000000005,0.1633,0.0548,1.1440501043841336,0.5464015151515151,3.4091858037578286
2021-07-05,Aqua,0.0211,0.091,0.031200000000000002,1.4976303317535546,0.6035242290748898,4.044444444444444
2021-07-06,Aqua,0.0393,0.0981,0.051000000000000004,1.297709923664122,0.42794759825327505,2.4961832061068705
2021-07-07,Aqua,0.037200000000000004,0.1401,0.0466,1.2526881720430108,0.5803722504230118,3.766129032258064
2021-07-08,Aqua,0.0528,0.10880000000000001,0.0632,1.196969696969697,0.34653465346534656,2.0606060606060606
2021-07-09,Aqua,0.039400000000000004,0.1254,0.0483,1.2258883248730963,0.5218446601941747,3.182741116751269
2021-07-10,Aqua,0.033100000000000004,0.0675,0.0463,1.3987915407854983,0.341948310139165,2.039274924471299
2021-07-11,Aqua,0.0425,0.15910000000000002,0.0519,1.2211764705882353,0.5272727272727273,3.2307692307692313
2021-07-12,Aqua,0.022600000000000002,0.0733,0.0333,1.4734513274336283,0.5286757038581855,3.243362831858407
2021-07-13,Aqua,0.0425,0.12710000000000002,0.0529,1.244705882352941,0.4988207547169811,2.9905882352941178
2021-07-14,Aqua,0.0269,0.101,0.034,1.2983193277310923,0.6185897435897436,4.243697478991597
2021-07-15,Aqua,0.048100000000000004,0.0753,0.058300000000000005,1.212058212058212,0.22042139384116693,1.5654885654885655
2021-07-16,Aqua,0.0388,0.1317,0.0488,1.2577319587628866,0.5448680351906159,3.394329896907217
2021-07-17,Aqua,0.0441,0.1008,0.0528,1.1972789115646258,0.391304347826087,2.2857142857142856
2021-07-18,Aqua,0.0475,0.1535,0.0487,1.0736842105263158,0.5579133510167992,3.5239999999999996
2021-07-19,Aqua,0.026000000000000002,0.0663,0.036500000000000005,1.403846153846154,0.43661971830985913,2.55
2021-07-20,Aqua,0.035,0.1131,0.043500000000000004,1.2428571428571429,0.5092592592592593,3.0754716981132075
2021-07-21,Aqua,0.0286,0.0966,0.037200000000000004,1.3006993006993008,0.5431309904153355,3.377622377622378
2021-07-22,Aqua,0.037000000000000005,0.10490000000000001,0.042,1.135135135135135,0.4696184644371173,2.770870337477797
2021-07-23,Aqua,0.043500000000000004,0.1449,0.048,1.096551724137931,0.5359999999999999,3.310344827586207
2021-07-24,Aqua,0.0509,0.17020000000000002,0.0512,1.005893909626719,0.5395748530076888,3.3438113948919455
2021-07-25,Aqua,0.0358,0.1246,0.042100000000000005,1.1759776536312851,0.5536159600997507,3.480446927374302
2021-07-26,Aqua,0.0334,0.0712,0.0412,1.2335329341317365,0.37451737451737455,2.197530864197531
2021-08-02,Aqua,0.041800000000000004,0.098,0.0497,1.1889952153110046,0.3642585551330798,2.1459330143540667
2021-08-03,Aqua,0.044700000000000004,0.17650000000000002,0.0534,1.1946308724832215,0.5363489499192245,3.313588850174216
2021-08-04,Aqua,0.0494,0.111,0.0631,1.277327935222672,0.3840399002493766,2.2469635627530367
2021-08-08,Aqua,0.0454,0.16140000000000002,0.0524,1.1541850220264316,0.5842490842490843,3.8105726872246697
2021-08-09,Aqua,0.051800000000000006,0.1062,0.057300000000000004,1.106177606177606,0.34430379746835443,2.05019305019305
2021-08-10,Aqua,0.039900000000000005,0.1233,0.045700000000000005,1.094240837696335,0.5143651529193698,3.118320610687023
2021-08-11,Aqua,0.0357,0.1159,0.041800000000000004,1.1708683473389356,0.5290237467018469,3.246498599439776
2021-08-15,Aqua,0.0419,0.1121,0.056100000000000004,1.3389021479713605,0.45584415584415594,2.675417661097852
2021-08-16,Aqua,0.0403,0.096,0.0482,1.196029776674938,0.4086573734409391,2.3821339950372207
2021-08-18,Aqua,0.20500000000000002,0.2639,0.2263,1.1039024390243901,0.1256131371294519,1.2873170731707317
2021-08-19,Aqua,0.0431,0.1422,0.049300000000000004,1.1438515081206497,0.5066006600660066,3.0535117056856187
2021-08-23,Aqua,0.0356,0.10260000000000001,0.0432,1.2134831460674158,0.4797338173018754,2.844186046511628
2021-08-24,Aqua,0.0584,0.1764,0.0644,1.1027397260273972,0.5025553662691652,3.0205479452054793
2021-08-25,Aqua,0.0345,0.0656,0.043000000000000003,1.2463768115942029,0.3106893106893107,1.901449275362319
2021-08-27,Aqua,0.025900000000000003,0.0587,0.033800000000000004,1.305019305019305,0.38770685579196207,2.266409266409266
2021-08-30,Aqua,0.052700000000000004,0.16440000000000002,0.056100000000000004,1.064516129032258,0.5145094426531552,3.1195445920303606
2021-08-31,Aqua,0.028200000000000003,0.12140000000000001,0.031,1.099290780141844,0.622994652406417,4.304964539007092
2021-09-05,Aqua,0.027800000000000002,0.092,0.0363,1.2910447761194028,0.5280135823429541,3.2374100719424463
2021-09-06,Aqua,0.041100000000000005,0.1091,0.046700000000000005,1.1362530413625305,0.4527296937416778,2.654501216545012
2021-09-08,Aqua,0.0362,0.08600000000000001,0.0449,1.240331491712707,0.4075286415711948,2.3756906077348066
2021-09-13,Aqua,0.0327,0.0947,0.0397,1.2140672782874617,0.48665620094191525,2.8960244648318043
2021-09-14,Aqua,0.0238,0.0713,0.0323,1.3571428571428572,0.5107731305449937,3.088082901554404
2021-09-15,Aqua,0.0419,0.1307,0.0407,1.0548780487804879,0.4931381518755718,2.9458483754512637
2021-09-16,Aqua,0.0229,0.09680000000000001,0.0284,1.240174672489083,0.6173767752715121,4.22707423580786
2021-09-20,Aqua,0.049100000000000005,0.1525,0.049100000000000005,1.0,0.5564232721593129,3.5088028169014085
2021-09-21,Aqua,0.020900000000000002,0.0821,0.026000000000000002,1.244019138755981,0.5941747572815534,3.92822966507177
2021-09-24,Aqua,0.0322,0.10010000000000001,0.040100000000000004,1.2453416149068324,0.49248120300751874,2.940740740740741
2021-09-25,Aqua,0.0579,0.20020000000000002,0.0613,1.0587219343696028,0.5513366912049593,3.457685664939551
2021-09-26,Aqua,0.0287,0.083,0.035500000000000004,1.264808362369338,0.4861235452103849,2.8919860627177703
2021-09-29,Aqua,0.0239,0.064,0.0317,1.3008849557522124,0.4562002275312855,2.6778242677824267
2021-09-30,Aqua,0.0438,0.1515,0.0485,1.1073059360730595,0.5514592933947772,3.458904109589041
2021-10-01,Aqua,0.0397,0.1114,0.0463,1.1662468513853905,0.4745201853077432,2.8060453400503778
2021-10-02,Aqua,0.0227,0.09860000000000001,0.0292,1.2863436123348018,0.6314935064935066,4.427312775330396
2021-10-03,Aqua,0.0352,0.10350000000000001,0.0427,1.2130681818181819,0.49242970439798117,2.940340909090909
2021-10-07,Aqua,0.028300000000000002,0.0838,0.0344,1.215547703180212,0.4753521126760563,2.8120805369127515
2021-10-08,Aqua,0.0621,0.18030000000000002,0.0639,1.0289855072463767,0.48762376237623767,2.9033816425120773
2021-10-09,Aqua,0.0228,0.0937,0.0258,1.131578947368421,0.6085836909871245,4.109649122807018
2021-10-15,Aqua,0.0477,0.124,0.0528,1.1043956043956042,0.4443797320908562,2.59958071278826
2021-10-16,Aqua,0.0317,0.09380000000000001,0.034800000000000005,1.1402439024390243,0.518001469507715,3.149390243902439
2021-10-30,Aqua,0.0308,0.07680000000000001,0.0359,1.1655844155844155,0.42750929368029744,2.4935064935064934
2021-10-31,Aqua,0.037700000000000004,0.0932,0.0431,1.143236074270557,0.47468354430379744,2.807228915662651
2021-11-20,Aqua,0.0426,0.1226,0.0478,1.1220657276995305,0.47038327526132406,2.776315789473684
2021-11-22,Aqua,0.025900000000000003,0.06420000000000001,0.034300000000000004,1.3243243243243243,0.4398034398034399,2.5701754385964914
2021-12-03,Aqua,0.0322,0.1033,0.038400000000000004,1.1925465838509317,0.5247232472324722,3.208074534161491
2021-12-05,Aqua,0.08,0.20470000000000002,0.0775,0.98125,0.4676304211187932,2.7567886658795753
2022-01-16,Aqua,0.049600000000000005,0.11570000000000001,0.058600000000000006,1.1814516129032258,0.3998790078644888,2.3326612903225805
2022-01-21,Aqua,0.027600000000000003,0.07050000000000001,0.0351,1.2717391304347825,0.4373088685015291,2.5543478260869565
2022-01-22,Aqua,0.0357,0.1188,0.0362,1.0678466076696167,0.534020618556701,3.2920353982300887
2022-01-25,Aqua,0.0089,0.0465,0.0119,1.3370786516853934,0.6787003610108304,5.224719101123595
2022-01-27,Aqua,0.0189,0.0756,0.025900000000000003,1.3703703703703705,0.6,4.0
2022-01-28,Aqua,0.0538,0.1653,0.0562,1.0446096654275092,0.5089000456412597,3.0724907063197024
2022-02-06,Aqua,0.0241,0.0528,0.031900000000000005,1.3236514522821579,0.3732119635890767,2.190871369294606
2022-02-10,Aqua,0.0332,0.0757,0.036000000000000004,1.0843373493975905,0.39026629935720847,2.2801204819277108
2022-02-12,Aqua,0.0236,0.0776,0.030500000000000003,1.2923728813559323,0.5335968379446641,3.288135593220339
2022-02-17,Aqua,0.0347,0.0845,0.0393,1.132564841498559,0.4177852348993289,2.435158501440922
2022-02-18,Aqua,0.0409,0.12240000000000001,0.0449,1.097799511002445,0.4881889763779527,2.9076923076923076
2022-02-23,Aqua,0.049300000000000004,0.12890000000000001,0.0434,0.8985507246376812,0.44668911335578,2.614604462474645
2022-02-25,Aqua,0.08420000000000001,0.1976,0.0805,0.9560570071258906,0.4024130589070262,2.346793349168646
2022-03-07,Aqua,0.0269,0.08700000000000001,0.0322,1.1115241635687734,0.4625623960066556,2.721362229102167
2022-03-12,Aqua,0.0332,0.0891,0.0363,1.0933734939759037,0.45176110260336916,2.6480446927374306
2022-03-22,Aqua,0.0345,0.10360000000000001,0.039900000000000005,1.0440881763527055,0.5096982758620691,3.0791208791208793
2022-04-24,Aqua,0.0302,0.0709,0.0376,1.2450331125827814,0.40257171117705237,2.347682119205298
2022-05-21,Aqua,0.047900000000000005,0.1618,0.0536,1.1189979123173277,0.5353535353535355,3.3043478260869565
2022-05-22,Aqua,0.0473,0.0857,0.0546,1.1543340380549683,0.28872180451127816,1.8118393234672303
2022-05-23,Aqua,0.054700000000000006,0.15910000000000002,0.0591,1.0804387568555758,0.48830682881197385,2.9085923217550276
2022-06-14,Aqua,0.047400000000000005,0.0704,0.0604,1.2742616033755274,0.19524617996604413,1.4852320675105484
2022-06-21,Aqua,0.0448,0.1159,0.0558,1.2455357142857144,0.3913565426170469,2.2859960552268244
2022-06-22,Aqua,0.038200000000000005,0.153,0.0487,1.274869109947644,0.6004184100418409,4.00523560209424
2022-06-23,Aqua,0.061000000000000006,0.092,0.07300000000000001,1.1967213114754098,0.20261437908496727,1.5081967213114753
2022-06-24,Aqua,0.0444,0.1572,0.0529,1.1914414414414414,0.5595238095238095,3.5405405405405403
2022-06-25,Aqua,0.024900000000000002,0.0645,0.0356,1.4297188755020078,0.4429530201342281,2.5903614457831323
2022-06-26,Aqua,0.040400000000000005,0.13490000000000002,0.0543,1.344059405940594,0.5390758699372504,3.339108910891089
2022-06-27,Aqua,0.021400000000000002,0.0835,0.0315,1.4579439252336448,0.5919923736892279,3.9018691588785046
2022-06-28,Aqua,0.03515,0.1207,0.0475,1.3577130956513115,0.5223066351944263,3.3234285383712665
2022-06-30,Aqua,0.0618,0.1082,0.0711,1.1504854368932038,0.27294117647058824,1.750809061488673
2022-07-01,Aqua,0.035300000000000005,0.1346,0.047,1.3314447592067986,0.5813008130081302,3.7766990291262132
2022-07-03,Aqua,0.0238,0.0771,0.0374,1.5714285714285714,0.5282457879088206,3.2394957983193278
2022-07-09,Aqua,0.0444,0.09770000000000001,0.054200000000000005,1.2207207207207207,0.3750879662209712,2.2004504504504507
2022-07-10,Aqua,0.041100000000000005,0.1511,0.0514,1.2506082725060825,0.5723204994797086,3.67639902676399
2022-07-11,Aqua,0.0205,0.09050000000000001,0.027600000000000003,1.3611111111111112,0.6146297948260483,4.189814814814815
2022-07-12,Aqua,0.0244,0.0674,0.0363,1.462882096069869,0.4684095860566448,2.762295081967213
2022-07-14,Aqua,0.041600000000000005,0.1385,0.0505,1.2139423076923077,0.5380344253192672,3.329326923076923
2022-07-15,Aqua,0.0391,0.15330000000000002,0.0477,1.2199488491048591,0.5935550935550936,3.9207161125319696
2022-07-16,Aqua,0.0557,0.085,0.06470000000000001,1.161579892280072,0.20824449182658145,1.5260323159784561
2022-07-17,Aqua,0.0385,0.1542,0.048,1.2467532467532467,0.600415153087701,4.005194805194805
2022-07-18,Aqua,0.0217,0.0945,0.0315,1.4516129032258065,0.6265060240963856,4.354838709677419
2022-07-19,Aqua,0.0194,0.0604,0.028900000000000002,1.4896907216494846,0.5919433047370385,3.9012797074954295
2022-07-20,Aqua,0.0189,0.0692,0.0263,1.3915343915343916,0.5709421112372304,3.6613756613756614
2022-07-21,Aqua,0.0234,0.0597,0.0347,1.44954128440367,0.43682310469314073,2.5512820512820515
2022-07-22,Aqua,0.0364,0.1723,0.044500000000000005,1.2225274725274726,0.6511739338763777,4.733516483516484
2022-07-23,Aqua,0.053700000000000005,0.12510000000000002,0.058300000000000005,1.085661080074488,0.3993288590604028,2.3296089385474863
2022-07-24,Aqua,0.0302,0.132,0.041,1.217993079584775,0.5975662755323772,3.96976241900648
2022-07-25,Aqua,0.0317,0.098,0.038900000000000004,1.184971098265896,0.47812971342383115,2.832369942196532
2022-07-26,Aqua,0.0396,0.1396,0.0506,1.2777777777777777,0.5580357142857143,3.525252525252525
2022-07-27,Aqua,0.0241,0.0765,0.0323,1.3692946058091287,0.5257731958762888,3.2173913043478266
2022-07-28,Aqua,0.0309,0.0912,0.0358,1.1585760517799353,0.4938574938574939,2.9514563106796117
2022-07-29,Aqua,0.0222,0.0852,0.031400000000000004,1.4144144144144146,0.5865921787709497,3.8378378378378377
2022-07-30,Aqua,0.0425,0.0921,0.05,1.1764705882352942,0.36849925705794945,2.1670588235294117
2022-07-31,Aqua,0.0429,0.1537,0.0517,1.2051282051282053,0.5702265372168286,3.6536144578313254
2022-08-01,Aqua,0.0407,0.1183,0.047400000000000005,1.1732673267326732,0.4918032786885245,2.935483870967742
2022-08-02,Aqua,0.0397,0.1575,0.047,1.1838790931989924,0.5585185185185184,3.530201342281879
2022-08-03,Aqua,0.0246,0.0864,0.0313,1.2723577235772359,0.573715248525695,3.6916996047430835
2022-08-04,Aqua,0.029300000000000003,0.10450000000000001,0.0381,1.1108597285067874,0.5620328849028401,3.5665529010238908
2022-08-05,Aqua,0.016900000000000002,0.0876,0.024200000000000003,1.349112426035503,0.6234498308906427,4.311377245508982
2022-08-06,Aqua,0.0221,0.039400000000000004,0.0309,1.3971962616822429,0.2813008130081301,1.7828054298642535
2022-08-07,Aqua,0.042,0.1572,0.0483,1.15,0.5783132530120482,3.742857142857143
2022-08-08,Aqua,0.0455,0.1582,0.052500000000000005,1.153846153846154,0.5532646048109966,3.476923076923077
2022-08-09,Aqua,0.0395,0.1369,0.0461,1.1670886075949367,0.5663244353182753,3.6117424242424243
2022-08-10,Aqua,0.0267,0.0838,0.0358,1.33201581027668,0.5167420814479637,3.138576779026217
2022-08-11,Aqua,0.0364,0.11460000000000001,0.0432,1.1236263736263736,0.509113001215067,3.0742574257425748
2022-08-12,Aqua,0.0285,0.12000000000000001,0.0356,1.2491228070175437,0.6161616161616161,4.2105263157894735
2022-08-13,Aqua,0.0245,0.0829,0.028800000000000003,1.2857142857142856,0.5155393053016454,3.1283018867924524
2022-08-14,Aqua,0.0437,0.1704,0.048,1.0983981693363845,0.5917795422699672,3.8993135011441646
2022-08-15,Aqua,0.042100000000000005,0.1199,0.0459,1.1116389548693586,0.48024691358024696,2.847980997624703
2022-08-16,Aqua,0.0342,0.1291,0.041800000000000004,1.2222222222222223,0.5811390079608082,3.7748538011695905
2022-08-19,Aqua,0.027700000000000002,0.101,0.033600000000000005,1.212996389891697,0.5646785437645238,3.5943060498220643
2022-08-20,Aqua,0.0309,0.1262,0.036500000000000005,1.1812297734627832,0.6066115702479339,4.084033613445378
2022-08-21,Aqua,0.02,0.0907,0.0256,1.28,0.6386630532971996,4.535
2022-08-22,Aqua,0.0263,0.07640000000000001,0.0333,1.2661596958174905,0.4878286270691334,2.904942965779468
2022-08-23,Aqua,0.041800000000000004,0.1504,0.046700000000000005,1.1172248803827751,0.5737179487179488,3.691729323308271
2022-08-24,Aqua,0.0391,0.0732,0.0442,1.1849865951742629,0.3036509349955476,1.8721227621483374
2022-08-25,Aqua,0.0337,0.1081,0.0431,1.2298507462686568,0.5246826516220028,3.207715133531157
2022-08-26,Aqua,0.027200000000000002,0.0685,0.0322,1.2647058823529411,0.5071507150715071,3.0580357142857144
2022-08-27,Aqua,0.040400000000000005,0.1321,0.039,1.0732984293193717,0.5314917127071822,3.2688679245283017
2022-08-28,Aqua,0.0161,0.0678,0.0234,1.453416149068323,0.6162097735399285,4.211180124223603
2022-08-30,Aqua,0.058300000000000005,0.1746,0.0603,1.0343053173241852,0.49935594675826533,2.9948542024013722
2022-08-31,Aqua,0.0352,0.0935,0.0436,1.2237960339943341,0.4518633540372671,2.648725212464589
2022-09-01,Aqua,0.0345,0.1061,0.0432,1.2521739130434781,0.5092460881934566,3.0753623188405794
2022-09-03,Aqua,0.0427,0.1622,0.049300000000000004,1.154566744730679,0.5832113225963884,3.798594847775176
2022-09-04,Aqua,0.0196,0.0757,0.0268,1.3673469387755104,0.5886673662119623,3.862244897959184
2022-09-05,Aqua,0.025500000000000002,0.08410000000000001,0.0292,1.1243523316062176,0.5346715328467154,3.298039215686275
2022-09-06,Aqua,0.0268,0.1222,0.031400000000000004,1.1716417910447763,0.640268456375839,4.559701492537314
2022-09-07,Aqua,0.0273,0.058100000000000006,0.0373,1.3663003663003663,0.36065573770491804,2.128205128205128
2022-09-08,Aqua,0.0473,0.1713,0.0523,1.1057082452431288,0.5672461116193961,3.6215644820295982
2022-09-09,Aqua,0.025900000000000003,0.0714,0.0354,1.2972972972972974,0.46762589928057546,2.7567567567567566
2022-09-19,Aqua,0.0443,0.1482,0.0531,1.198645598194131,0.5397402597402597,3.345372460496614
2022-09-20,Aqua,0.032,0.1223,0.0356,1.1125,0.5852235904082956,3.821875
2022-09-23,Aqua,0.018000000000000002,0.0386,0.0262,1.4555555555555555,0.36395759717314485,2.1444444444444444
2022-09-24,Aqua,0.0368,0.12340000000000001,0.0427,1.1603260869565217,0.5405742821473158,3.3532608695652177
2022-09-25,Aqua,0.018600000000000002,0.052500000000000005,0.026600000000000002,1.4301075268817205,0.5152603231597847,3.125925925925926
2022-09-26,Aqua,0.042800000000000005,0.1245,0.0523,1.2219626168224298,0.488344291691572,2.908878504672897
2022-09-27,Aqua,0.0269,0.0922,0.0357,1.3271375464684017,0.5482787573467673,3.4275092936802976
2022-09-30,Aqua,0.023700000000000002,0.0714,0.0273,1.1538461538461537,0.501577287066246,3.0126582278481013
2022-10-01,Aqua,0.0409,0.1437,0.0458,1.058614564831261,0.5463182897862232,3.408376963350785
2022-10-02,Aqua,0.018000000000000002,0.062400000000000004,0.0269,1.4944444444444442,0.5522388059701493,3.4666666666666663
2022-10-03,Aqua,0.0297,0.08030000000000001,0.039900000000000005,1.3434343434343436,0.46,2.703703703703704
2022-10-04,Aqua,0.029,0.0815,0.0369,1.2837837837837838,0.4885496183206106,2.9104477611940296
2022-10-05,Aqua,0.0341,0.10360000000000001,0.041800000000000004,1.2258064516129035,0.504720406681191,3.0381231671554256
2022-10-06,Aqua,0.0281,0.0918,0.036000000000000004,1.2811387900355873,0.5435606060606061,3.3817427385892116
2022-10-07,Aqua,0.027100000000000003,0.06670000000000001,0.0323,1.1918819188191883,0.42217484008528794,2.4612546125461257
2022-10-08,Aqua,0.051800000000000006,0.16690000000000002,0.0587,1.133204633204633,0.5262917238225879,3.222007722007722
2022-10-09,Aqua,0.0286,0.060000000000000005,0.0393,1.3741258741258742,0.4012738853503185,2.3404255319148937
2022-10-11,Aqua,0.0206,0.0763,0.026500000000000003,1.2864077669902914,0.5630383711824588,3.5770609318996414
2022-10-12,Aqua,0.0262,0.0757,0.034,1.297709923664122,0.4857703631010795,2.8893129770992365
2022-10-13,Aqua,0.0236,0.0985,0.0291,1.2330508474576272,0.6,4.0
2022-10-14,Aqua,0.035,0.1067,0.033100000000000004,1.08,0.5059985885673959,3.0485714285714285
2022-10-15,Aqua,0.0649,0.1983,0.0703,1.0832049306625577,0.5068389057750761,3.0554699537750385
2022-10-16,Aqua,0.0274,0.07640000000000001,0.034300000000000004,1.2518248175182483,0.4720616570327554,2.788321167883212
2022-10-17,Aqua,0.051800000000000006,0.1468,0.0608,1.1737451737451736,0.47834843907351454,2.833976833976834
2022-10-18,Aqua,0.0279,0.081,0.0339,1.2453416149068324,0.49251379038613075,2.940993788819876
2022-10-19,Aqua,0.0442,0.1342,0.051000000000000004,1.1538461538461537,0.4945155393053017,2.9566003616636527
2022-10-27,Aqua,0.0257,0.07830000000000001,0.033800000000000004,1.3151750972762648,0.5458646616541353,3.403973509933775
2022-11-12,Aqua,0.14350000000000002,0.22660000000000002,0.1521,1.05993031358885,0.2245339097541205,1.5790940766550523
2022-11-15,Aqua,0.0317,0.061200000000000004,0.0426,1.3438485804416405,0.3175457481162541,1.9305993690851737
2022-11-17,Aqua,0.029500000000000002,0.0548,0.0388,1.3152542372881355,0.3001186239620403,1.8576271186440678
2022-11-18,Aqua,0.05,0.09770000000000001,0.0521,1.042,0.3229519295870007,1.9540000000000002
2022-11-19,Aqua,0.024800000000000003,0.11270000000000001,0.031400000000000004,1.0404040404040404,0.6392727272727272,4.544354838709677
2022-11-20,Aqua,0.0524,0.1421,0.056600000000000004,1.0801526717557253,0.46118251928020565,2.7118320610687023
2022-11-24,Aqua,0.0244,0.055900000000000005,0.033100000000000004,1.2921810699588478,0.3922789539227895,2.290983606557377
2022-12-17,Aqua,0.0221,0.0661,0.028,1.2669683257918551,0.4988662131519275,2.990950226244344
2023-01-23,Aqua,0.0102,0.0611,0.0151,1.480392156862745,0.7138849929873773,5.990196078431373
2023-01-24,Aqua,0.0651,0.15510000000000002,0.0637,0.978494623655914,0.40871934604904636,2.382488479262673
2023-01-25,Aqua,0.031200000000000002,0.0896,0.0352,1.1282051282051282,0.48344370860927144,2.8717948717948714
2023-01-30,Aqua,0.0303,0.054700000000000006,0.0356,1.174917491749175,0.2870588235294118,1.8052805280528055
2023-02-01,Aqua,0.049100000000000005,0.10020000000000001,0.0536,1.0916496945010183,0.3422638981915606,2.0407331975560083
2023-02-09,Aqua,0.0413,0.091,0.0487,1.1791767554479418,0.37566137566137564,2.2033898305084745
2023-04-27,Aqua,0.043500000000000004,0.1119,0.0504,1.1586206896551723,0.44015444015444005,2.572413793103448
2023-04-28,Aqua,0.025400000000000002,0.0772,0.0318,1.2519685039370079,0.5048732943469785,3.0393700787401574
2023-04-29,Aqua,0.0285,0.0597,0.039,1.368421052631579,0.35374149659863946,2.094736842105263
2023-05-12,Aqua,0.020900000000000002,0.0614,0.0317,1.5167464114832534,0.4921020656136087,2.937799043062201
2023-05-13,Aqua,0.0341,0.09680000000000001,0.0417,1.2228739002932552,0.46015712682379345,2.704781704781704
2023-05-15,Aqua,0.0492,0.0915,0.0678,1.3780487804878048,0.30063965884861404,1.8597560975609755
2023-05-16,Aqua,0.056100000000000004,0.166,0.0618,1.1016042780748663,0.49482215218370096,2.9590017825311943
2023-05-17,Aqua,0.0337,0.1077,0.041100000000000005,1.2195845697329377,0.5233380480905234,3.1958456973293767
2023-05-18,Aqua,0.041600000000000005,0.109,0.0456,1.0877551020408163,0.4725274725274725,2.7916666666666665
2023-05-19,Aqua,0.028300000000000002,0.0903,0.0363,1.2720848056537104,0.5227655986509274,3.1908127208480566
2023-05-20,Aqua,0.0373,0.0903,0.041600000000000005,1.1152815013404827,0.4153605015673982,2.420911528150134
2023-05-23,Aqua,0.0367,0.10490000000000001,0.0448,1.2207084468664848,0.48163841807909613,2.8583106267029974
2023-05-24,Aqua,0.038700000000000005,0.09380000000000001,0.0458,1.1834625322997414,0.41848234410217877,2.4392764857881133
2023-05-25,Aqua,0.0333,0.0708,0.0449,1.3483483483483483,0.4051054384017758,2.361940298507463
2023-05-27,Aqua,0.1,0.17950000000000002,0.09530000000000001,0.9530000000000001,0.28443649373881935,1.7950000000000002
2023-05-28,Aqua,0.057800000000000004,0.1754,0.0639,1.1055363321799307,0.5129725722757598,3.1065449010654484
2023-05-29,Aqua,0.07640000000000001,0.1043,0.08320000000000001,1.0890052356020943,0.15439955727725507,1.3651832460732982
2023-05-30,Aqua,0.0391,0.125,0.0477,1.2199488491048591,0.4975688816855754,2.980645161290323
2023-05-31,Aqua,0.0375,0.079,0.046700000000000005,1.2453333333333336,0.3562231759656653,2.106666666666667
2023-06-01,Aqua,0.024800000000000003,0.0724,0.032600000000000004,1.314516129032258,0.5195339273474984,3.162624821683309
2023-06-02,Aqua,0.0325,0.1109,0.0367,1.1292307692307693,0.5467224546722455,3.4123076923076923
2023-06-03,Aqua,0.0347,0.0935,0.0454,1.264808362369338,0.45865834633385333,2.6945244956772334
2023-06-04,Aqua,0.0575,0.1827,0.0629,1.0939130434782607,0.5212323064113239,3.177391304347826
2023-06-05,Aqua,0.07730000000000001,0.1062,0.0835,1.0802069857697283,0.15749318801089915,1.373868046571798
2023-06-06,Aqua,0.0398,0.11750000000000001,0.0488,1.2261306532663316,0.4939605848696758,2.9522613065326633
2023-06-07,Aqua,0.0375,0.0813,0.046200000000000005,1.2320000000000002,0.36868686868686873,2.168
2023-06-10,Aqua,0.0431,0.1242,0.052700000000000004,1.2227378190255223,0.48475791990436345,2.8816705336426915
2023-06-11,Aqua,0.0455,0.1857,0.0539,1.1806167400881058,0.5749063670411986,3.7048458149779737
2023-06-14,Aqua,0.029300000000000003,0.07680000000000001,0.0378,1.2901023890784982,0.4476908576814326,2.621160409556314
2023-06-16,Aqua,0.022500000000000003,0.0998,0.0309,1.3521126760563382,0.6320523303352411,4.435555555555555
2023-06-21,Aqua,0.020800000000000003,0.0718,0.030100000000000002,1.4471153846153846,0.5615615615615616,3.561643835616439
2023-06-22,Aqua,0.0743,0.25620000000000004,0.08170000000000001,1.0995962314939436,0.5503782148260212,3.448183041722746
2023-06-24,Aqua,0.038400000000000004,0.0936,0.047,1.2239583333333333,0.41818181818181815,2.4375
2023-06-25,Aqua,0.044000000000000004,0.1666,0.0536,1.218181818181818,0.5821462488129154,3.786363636363636
2023-06-26,Aqua,0.061900000000000004,0.0942,0.0699,1.1292407108239095,0.20691864189622036,1.5218093699515347
2023-06-27,Aqua,0.0419,0.1534,0.0534,1.2744630071599046,0.5709165386584742,3.66109785202864
2023-06-28,Aqua,0.025400000000000002,0.0799,0.034800000000000005,1.3700787401574803,0.5175688509021842,3.1456692913385824
2023-06-29,Aqua,0.0182,0.053500000000000006,0.028200000000000003,1.5494505494505495,0.49290780141843976,2.944055944055944
2023-06-30,Aqua,0.017400000000000002,0.1028,0.0257,1.4770114942528734,0.648757016840417,4.69406392694064
2023-07-01,Aqua,0.0436,0.12000000000000001,0.0507,1.1536697247706422,0.45631067961165056,2.678571428571429
2023-07-02,Aqua,0.041,0.16140000000000002,0.0487,1.1878048780487804,0.5948616600790514,3.936585365853659
2023-07-03,Aqua,0.045700000000000005,0.1723,0.0512,1.1203501094091903,0.5807339449541283,3.7702407002188183
2023-07-04,Aqua,0.0409,0.12050000000000001,0.0531,1.2982885085574574,0.49318463444857497,2.9462102689486556
2023-07-05,Aqua,0.0281,0.0975,0.0383,1.3558718861209964,0.552547770700637,3.4697508896797156
2023-07-06,Aqua,0.044500000000000005,0.1574,0.055600000000000004,1.249438202247191,0.5591877166914313,3.537078651685393
2023-07-07,Aqua,0.027100000000000003,0.1179,0.032100000000000004,1.2422145328719723,0.6232142857142856,4.308056872037915
2023-07-08,Aqua,0.0459,0.0975,0.0533,1.1612200435729847,0.37815126050420167,2.2162162162162162
2023-07-09,Aqua,0.0454,0.1593,0.055200000000000006,1.2158590308370045,0.5564240351734245,3.5088105726872243
2023-07-10,Aqua,0.0456,0.1608,0.0472,1.0350877192982455,0.5581395348837209,3.526315789473684
2023-07-11,Aqua,0.0371,0.1411,0.0459,1.2371967654986524,0.5836139169472503,3.803234501347709
2023-07-12,Aqua,0.0261,0.06670000000000001,0.0373,1.42911877394636,0.4375000000000001,2.555555555555556
2023-07-13,Aqua,0.031900000000000005,0.10350000000000001,0.0425,1.3322884012539185,0.5288035450516986,3.244514106583072
2023-07-14,Aqua,0.022600000000000002,0.1095,0.028200000000000003,1.247787610619469,0.6578349735049206,4.845132743362831
2023-07-15,Aqua,0.0506,0.0751,0.0589,1.1640316205533596,0.1949085123309467,1.4841897233201582
2023-07-16,Aqua,0.0409,0.15710000000000002,0.0475,1.1613691931540342,0.586868686868687,3.841075794621027
2023-07-17,Aqua,0.0434,0.0801,0.0524,1.1888888888888889,0.29716599190283405,1.8456221198156684
2023-07-18,Aqua,0.0458,0.1741,0.051500000000000004,1.1244541484716157,0.5834470213733515,3.8013100436681224
2023-07-19,Aqua,0.025400000000000002,0.0799,0.0345,1.358267716535433,0.5175688509021842,3.1456692913385824
2023-07-20,Aqua,0.042800000000000005,0.12000000000000001,0.053700000000000005,1.2546728971962617,0.47420147420147424,2.803738317757009
2023-07-21,Aqua,0.0204,0.08940000000000001,0.028300000000000002,1.3872549019607843,0.6284153005464481,4.382352941176471
2023-07-22,Aqua,0.0529,0.0897,0.0591,1.1111111111111112,0.29811866859623737,1.8494845360824743
2023-07-23,Aqua,0.051300000000000005,0.16790000000000002,0.0575,1.120857699805068,0.5462478184991274,3.4076923076923076
2023-07-25,Aqua,0.0345,0.1457,0.044000000000000004,1.2753623188405798,0.6170921198668147,4.223188405797101
2023-07-26,Aqua,0.0211,0.068,0.030500000000000003,1.4454976303317537,0.526374859708193,3.2227488151658767
2023-07-27,Aqua,0.0342,0.10600000000000001,0.0426,1.2456140350877192,0.5236139630390144,3.1982758620689653
2023-07-28,Aqua,0.0201,0.09430000000000001,0.0287,1.427860696517413,0.6486013986013988,4.691542288557215
2023-07-29,Aqua,0.0555,0.0781,0.06280000000000001,1.107583774250441,0.16916167664670662,1.4072072072072073
2023-07-30,Aqua,0.044000000000000004,0.1442,0.052500000000000005,1.1931818181818181,0.5324123273113708,3.277272727272727
2023-07-31,Aqua,0.037200000000000004,0.1018,0.046700000000000005,1.1977011494252872,0.4012388162422573,2.340229885057471
2023-08-01,Aqua,0.0487,0.16920000000000002,0.0468,1.10337972166998,0.5530059660394677,3.4743326488706368
2023-08-02,Aqua,0.0236,0.0787,0.0333,1.4110169491525426,0.5386119257087,3.3347457627118646
2023-08-03,Aqua,0.0358,0.1056,0.0375,1.047486033519553,0.49363507779349364,2.9497206703910615
2023-08-08,Aqua,0.0296,0.092,0.04,1.3513513513513513,0.513157894736842,3.108108108108108
2023-08-09,Aqua,0.0273,0.0952,0.0327,1.1978021978021978,0.5542857142857143,3.4871794871794872
2023-08-10,Aqua,0.017400000000000002,0.0367,0.027100000000000003,1.5574712643678161,0.35674676524953786,2.1091954022988504
2023-08-11,Aqua,0.0483,0.20470000000000002,0.0524,1.0331262939958592,0.5803649000868809,3.7660455486542443
2023-08-12,Aqua,0.0449,0.0942,0.053500000000000006,1.174013921113689,0.3719320327249843,2.18436873747495
2023-08-13,Aqua,0.0398,0.1342,0.0478,1.2010050251256281,0.542528735632184,3.371859296482412
2023-08-16,Aqua,0.024900000000000002,0.10350000000000001,0.0332,1.3333333333333333,0.6121495327102804,4.156626506024097
2023-08-18,Aqua,0.0603,0.19720000000000001,0.061000000000000006,1.0116086235489221,0.5316504854368933,3.270315091210614
2023-08-19,Aqua,0.0424,0.09090000000000001,0.047900000000000005,1.1297169811320755,0.3638409602400601,2.143867924528302
2023-08-23,Aqua,0.031100000000000003,0.1139,0.0378,1.215434083601286,0.5710344827586206,3.6623794212218646
2023-08-26,Aqua,0.0444,0.1107,0.049800000000000004,1.1509009009009008,0.4274661508704061,2.4932432432432434
2023-08-27,Aqua,0.0361,0.1689,0.0412,1.0914127423822715,0.6351451973194342,4.481632653061225
2023-09-05,Aqua,0.028,0.0902,0.0356,1.0725806451612903,0.5262655205348614,3.2217741935483866
2023-09-06,Aqua,0.0213,0.1048,0.0285,1.3380281690140845,0.6897321428571429,5.446043165467626
2023-09-08,Aqua,0.0582,0.1791,0.0609,1.0463917525773196,0.5123995808592385,3.1017191977077365
2023-09-09,Aqua,0.0379,0.1207,0.045200000000000004,1.1172069825436408,0.5012437810945274,3.0099750623441395
2023-09-10,Aqua,0.0354,0.0898,0.0441,1.2457627118644068,0.4345047923322684,2.536723163841808
2023-09-12,Aqua,0.015000000000000001,0.0357,0.0166,1.1066666666666667,0.4082840236686391,2.38
2023-09-13,Aqua,0.0227,0.1003,0.029400000000000003,1.2819383259911894,0.594721960414703,3.9348837209302325
2023-09-14,Aqua,0.0216,0.0616,0.0309,1.3492063492063493,0.41935483870967744,2.4444444444444446
2023-09-15,Aqua,0.0596,0.1872,0.0653,1.0956375838926173,0.5170178282009724,3.140939597315436
2023-09-17,Aqua,0.0627,0.19865,0.06715,1.0755010792476103,0.46954674220963166,2.7703604806408544
2023-09-19,Aqua,0.036500000000000005,0.11810000000000001,0.0437,1.1972602739726026,0.5278137128072445,3.235616438356164
2023-09-22,Aqua,0.0449,0.14,0.051800000000000006,1.1536748329621382,0.5143320713899405,3.11804008908686
2023-10-01,Aqua,0.0329,0.0687,0.0403,1.224924012158055,0.35236220472440943,2.088145896656535
2023-10-05,Aqua,0.0173,0.054400000000000004,0.021400000000000002,1.2390438247011952,0.5083251714005876,3.0677290836653386
2023-10-06,Aqua,0.055400000000000005,0.1904,0.060700000000000004,1.095667870036101,0.5142857142857142,3.1176470588235294
2023-10-07,Aqua,0.022000000000000002,0.065,0.0316,1.4363636363636363,0.4942528735632183,2.954545454545454
2023-10-08,Aqua,0.0466,0.1469,0.0519,1.113733905579399,0.5183462532299742,3.152360515021459
2023-10-12,Aqua,0.029400000000000003,0.1194,0.0344,1.1700680272108843,0.6048387096774193,4.061224489795919
2023-10-17,Aqua,0.013300000000000001,0.028900000000000002,0.0211,1.5864661654135337,0.38235294117647056,2.238095238095238
2023-10-18,Aqua,0.028800000000000003,0.1164,0.034,1.1805555555555556,0.6033057851239669,4.041666666666666
2023-10-19,Aqua,0.033,0.1159,0.033800000000000004,1.103030303030303,0.5567494963062458,3.512121212121212
2023-10-28,Aqua,0.021500000000000002,0.1149,0.024900000000000002,1.158139534883721,0.6527777777777778,4.76
2023-10-30,Aqua,0.06960000000000001,0.23390000000000002,0.0721,1.0359195402298849,0.5413509060955518,3.360632183908046
2023-10-31,Aqua,0.0175,0.040400000000000005,0.023700000000000002,1.3542857142857143,0.3955094991364422,2.3085714285714287
2023-11-08,Aqua,0.054900000000000004,0.1734,0.056900000000000006,1.0364298724954464,0.49241044323011535,2.9401913875598087
2023-11-16,Aqua,0.0206,0.0713,0.0267,1.296116504854369,0.5516866158868334,3.4611650485436893
2023-11-17,Aqua,0.0222,0.0727,0.027700000000000002,1.2477477477477479,0.3804573804573805,2.228187919463087
2023-11-23,Aqua,0.011300000000000001,0.09230000000000001,0.015600000000000001,1.3805309734513274,0.7755102040816326,7.909090909090909
2023-11-24,Aqua,0.024800000000000003,0.0634,0.026000000000000002,1.0483870967741935,0.4554730983302412,2.6729131175468486
2023-11-25,Aqua,0.0818,0.2605,0.07970000000000001,0.9743276283618583,0.5220566754309086,3.184596577017115
2023-11-26,Aqua,0.0309,0.1052,0.0345,1.1165048543689322,0.5190615835777127,3.158536585365854
2023-11-27,Aqua,0.0354,0.11960000000000001,0.038900000000000004,1.0988700564971752,0.5432258064516129,3.378531073446328
2023-11-28,Aqua,0.0328,0.0921,0.041600000000000005,1.2682926829268293,0.49925335988053754,2.99403578528827
2023-12-12,Aqua,0.0342,0.1247,0.0429,1.2543859649122806,0.571964956195244,3.6725146198830414
2023-12-15,Aqua,0.0345,0.06570000000000001,0.043000000000000003,1.2463768115942029,0.31137724550898205,1.9043478260869566
2023-12-16,Aqua,0.0522,0.1462,0.0562,1.0766283524904214,0.4737903225806452,2.800766283524904
2023-12-20,Aqua,0.0221,0.0731,0.031,1.2736486486486487,0.42356377799415773,2.4695945945945943
2023-12-23,Aqua,0.0369,0.11720000000000001,0.0437,1.1014084507042252,0.4938007695596409,2.9510135135135136
2024-02-10,Aqua,0.031200000000000002,0.041800000000000004,0.0536,1.7179487179487178,0.1452054794520548,1.3397435897435899
2024-02-13,Aqua,0.0216,0.08800000000000001,0.028900000000000002,1.337962962962963,0.6058394160583943,4.074074074074074
2024-03-14,Aqua,0.0362,0.08270000000000001,0.0495,1.367403314917127,0.391084945332212,2.2845303867403315
2024-03-15,Aqua,0.031200000000000002,0.075,0.040400000000000005,1.294871794871795,0.41242937853107337,2.4038461538461537
2024-03-16,Aqua,0.07440000000000001,0.19440000000000002,0.0771,1.0,0.4464285714285714,2.6129032258064515
2024-03-31,Aqua,0.032,0.0879,0.0398,1.2437500000000001,0.4662218515429525,2.746875
2024-04-01,Aqua,0.039900000000000005,0.1255,0.046400000000000004,1.162907268170426,0.4408194233687406,2.576662143826323
2024-04-10,Aqua,0.057100000000000005,0.1231,0.0591,1.0350262697022765,0.3662597114317425,2.1558669001751314
2024-04-17,Aqua,0.029300000000000003,0.049600000000000005,0.0352,1.2013651877133105,0.26495726495726496,1.7209302325581397
2024-04-18,Aqua,0.0341,0.1062,0.0405,1.187683284457478,0.47861507128309577,2.8359375
2024-04-19,Aqua,0.0263,0.0791,0.0292,1.2021276595744679,0.5399673735725937,3.3475177304964534
2024-04-21,Aqua,0.027800000000000002,0.0994,0.0324,1.1654676258992804,0.5748462064251538,3.7041800643086815
2024-04-23,Aqua,0.056,0.1532,0.060700000000000004,1.0839285714285716,0.4646271510516253,2.7357142857142858
2024-05-08,Aqua,0.0178,0.06620000000000001,0.0245,1.3764044943820226,0.5761904761904763,3.719101123595506
2024-05-09,Aqua,0.0385,0.1173,0.0367,1.0831295843520783,0.4850249584026622,2.8836833602584817
2024-05-10,Aqua,0.049,0.16820000000000002,0.055,1.119221411192214,0.5350678733031675,3.3017031630170317
2024-05-11,Aqua,0.0669,0.09570000000000001,0.0738,1.0969899665551839,0.1771217712177122,1.430493273542601
2024-05-12,Aqua,0.029,0.0845,0.0375,1.2931034482758619,0.4889867841409692,2.913793103448276
2024-05-13,Aqua,0.0412,0.09190000000000001,0.049800000000000004,1.20873786407767,0.3809166040571,2.2305825242718447
2024-05-14,Aqua,0.0195,0.056,0.0262,1.3128205128205128,0.49400986610288933,2.952646239554318
2024-05-15,Aqua,0.06720000000000001,0.2036,0.06910000000000001,1.0282738095238095,0.5036927621861151,3.029761904761904
2024-05-16,Aqua,0.0521,0.1341,0.056600000000000004,1.08637236084453,0.4403866809881847,2.5738963531669863
2024-05-17,Aqua,0.0579,0.1752,0.0659,1.1381692573402418,0.49331405854716304,2.947218259629101
2024-05-20,Aqua,0.0246,0.0814,0.0335,1.3617886178861789,0.5358490566037736,3.3089430894308944
2024-05-26,Aqua,0.027800000000000002,0.0854,0.04,1.4028776978417266,0.508833922261484,3.0719424460431655
2024-05-27,Aqua,0.0521,0.18760000000000002,0.060500000000000005,1.161228406909789,0.5652899457655403,3.6007677543186185
2024-05-30,Aqua,0.031200000000000002,0.0857,0.042300000000000004,1.3247588424437298,0.45592286501377416,2.6759493670886076
2024-05-31,Aqua,0.0309,0.0969,0.0442,1.3681462140992167,0.5303378156772712,3.2583798882681565
2024-06-05,Aqua,0.042800000000000005,0.1638,0.055,1.2850467289719625,0.5856727976766699,3.8271028037383172
2024-06-06,Aqua,0.0261,0.0966,0.034,1.3094339622641509,0.6503642039542142,4.720238095238095
2024-06-07,Aqua,0.0296,0.0989,0.0391,1.370879120879121,0.5392996108949416,3.3412162162162162
2024-06-09,Aqua,0.08120000000000001,0.13440000000000002,0.0921,1.1342364532019704,0.24675324675324678,1.6551724137931034
2024-06-10,Aqua,0.0359,0.13190000000000002,0.0487,1.3565459610027855,0.5721096543504173,3.674094707520892
2024-06-12,Aqua,0.0257,0.0893,0.0368,1.4319066147859922,0.5530434782608695,3.4747081712062258
2024-06-13,Aqua,0.0218,0.1023,0.0308,1.4128440366972477,0.6486704270749396,4.692660550458716
2024-06-18,Aqua,0.020900000000000002,0.07780000000000001,0.029900000000000003,1.5660377358490567,0.663344407530454,4.940789473684211
2024-06-19,Aqua,0.0256,0.042100000000000005,0.0397,1.5296442687747038,0.24372230428360417,1.6445312500000002
2024-06-20,Aqua,0.047400000000000005,0.1832,0.0626,1.320675105485232,0.5888985255854293,3.8649789029535864
2024-06-21,Aqua,0.0956,0.12010000000000001,0.1068,1.1171548117154813,0.1135836810384794,1.2562761506276152
2024-06-22,Aqua,0.038900000000000004,0.1474,0.056600000000000004,1.455012853470437,0.5823939881910896,3.7892030848329044
2024-06-23,Aqua,0.030100000000000002,0.09430000000000001,0.042800000000000005,1.4219269102990033,0.5160771704180065,3.132890365448505
2024-06-24,Aqua,0.044500000000000005,0.2005,0.058,1.3033707865168538,0.6356447688564477,4.489148580968281
2024-06-25,Aqua,0.054400000000000004,0.21680000000000002,0.06420000000000001,1.1801470588235294,0.5988200589970503,3.985294117647059
2024-06-28,Aqua,0.0318,0.09380000000000001,0.0477,1.5,0.49363057324840764,2.949685534591195
2024-07-02,Aqua,0.0425,0.1726,0.057100000000000005,1.3435294117647059,0.5999999999999999,4.0
2024-07-03,Aqua,0.0589,0.0921,0.0761,1.2920203735144313,0.21986754966887417,1.563667232597623
2024-07-04,Aqua,0.0444,0.17750000000000002,0.060500000000000005,1.3626126126126126,0.5998197386210006,3.997747747747748
2024-07-05,Aqua,0.0219,0.09910000000000001,0.0333,1.5890410958904113,0.6380165289256198,4.525114155251142
2024-07-06,Aqua,0.016300000000000002,0.0465,0.0316,1.9386503067484662,0.48089171974522293,2.8527607361963185
2024-07-07,Aqua,0.050100000000000006,0.20800000000000002,0.061500000000000006,1.2275449101796407,0.6117783804726851,4.151696606786427
2024-07-08,Aqua,0.0844,0.1353,0.0964,1.1407035175879399,0.2316795630405098,1.603080568720379
2024-07-09,Aqua,0.043300000000000005,0.1467,0.0591,1.364896073903002,0.5442105263157895,3.3879907621247107
2024-07-10,Aqua,0.0246,0.09530000000000001,0.037200000000000004,1.5121951219512197,0.5896580483736448,3.873983739837399
2024-07-11,Aqua,0.031900000000000005,0.1124,0.05,1.4519572953736657,0.5578655578655577,3.523510971786833
2024-07-12,Aqua,0.0224,0.09970000000000001,0.035,1.5625000000000002,0.633087633087633,4.450892857142858
2024-07-13,Aqua,0.0555,0.1427,0.0669,1.2054054054054053,0.4399596367305752,2.571171171171171
2024-07-14,Aqua,0.040600000000000004,0.1443,0.0574,1.4137931034482758,0.5608436992969174,3.5541871921182264
2024-07-15,Aqua,0.0388,0.09920000000000001,0.0568,1.4637305699481864,0.43870566272557565,2.5631929046563195
2024-07-17,Aqua,0.0211,0.09920000000000001,0.0379,1.592436974789916,0.6130081300813008,4.168067226890757
2024-07-18,Aqua,0.0273,0.040600000000000004,0.047,1.7216117216117215,0.19587628865979384,1.4871794871794872
2024-07-19,Aqua,0.054,0.1894,0.066,1.2222222222222223,0.5581273014203051,3.526190476190476
2024-07-20,Aqua,0.0587,0.1373,0.0684,1.1652470187393527,0.4010204081632653,2.3390119250425894
2024-07-22,Aqua,0.027200000000000002,0.0891,0.0415,1.5090909090909093,0.5283018867924528,3.2399999999999998
2024-07-23,Aqua,0.031400000000000004,0.09480000000000001,0.0441,1.4044585987261144,0.5023771790808241,3.019108280254777
2024-07-24,Aqua,0.0488,0.2147,0.0603,1.209016393442623,0.5862653666807969,3.834016393442623
2024-07-25,Aqua,0.0717,0.1174,0.08270000000000001,1.1826923076923077,0.24167107350608147,1.6373779637377965
2024-07-26,Aqua,0.0477,0.1636,0.0597,1.2515723270440253,0.5485092285849503,3.429769392033543
2024-07-31,Aqua,0.0455,0.1652,0.0592,1.3010989010989011,0.5681063122923589,3.630769230769231
2024-08-01,Aqua,0.0437,0.0999,0.060000000000000005,1.3729977116704806,0.39136490250696376,2.28604118993135
2024-08-02,Aqua,0.0381,0.14100000000000001,0.053500000000000006,1.4041994750656168,0.5745393634840872,3.7007874015748032
2024-08-04,Aqua,0.0333,0.09140000000000001,0.0511,1.5345345345345345,0.4659182036888533,2.744744744744745
2024-08-06,Aqua,0.0555,0.0976,0.0736,1.2789968652037618,0.2749836708033965,1.7585585585585586
2024-08-07,Aqua,0.0438,0.1394,0.061000000000000006,1.3926940639269407,0.5218340611353711,3.182648401826484
2024-08-09,Aqua,0.036500000000000005,0.0878,0.0548,1.5013698630136985,0.48813559322033895,2.9072847682119205
2024-08-10,Aqua,0.026600000000000002,0.10740000000000001,0.038400000000000004,1.443609022556391,0.6020942408376962,4.026315789473684
2024-08-11,Aqua,0.0534,0.0755,0.07490000000000001,1.3680851063829789,0.1714507370054305,1.4138576779026215
2024-08-14,Aqua,0.0472,0.1668,0.0541,1.2100371747211898,0.5545229244114002,3.489568845618915
2024-08-16,Aqua,0.0335,0.0944,0.0505,1.501779359430605,0.5295646523716698,3.251381215469613
2024-08-26,Aqua,0.0337,0.13240000000000002,0.0453,1.344213649851632,0.5942203491872365,3.928783382789318
2024-08-27,Aqua,0.0637,0.2273,0.0693,1.0879120879120878,0.5621993127147765,3.568288854003139
2024-08-28,Aqua,0.034300000000000004,0.0961,0.0443,1.2531645569620253,0.5050900548159749,3.041139240506329
2024-08-29,Aqua,0.0431,0.16640000000000002,0.0538,1.248259860788863,0.5885441527446301,3.8607888631090495
2024-08-30,Aqua,0.0264,0.0903,0.0354,1.340909090909091,0.5475578406169667,3.420454545454546
2024-08-31,Aqua,0.047900000000000005,0.1791,0.051000000000000004,1.161710037174721,0.5596924322136787,3.5422794117647056
2024-09-03,Aqua,0.0407,0.151,0.051000000000000004,1.253071253071253,0.575378195096505,3.71007371007371
2024-09-04,Aqua,0.0285,0.061000000000000006,0.0438,1.5368421052631578,0.3631284916201117,2.1403508771929824
2024-09-05,Aqua,0.0347,0.10690000000000001,0.045700000000000005,1.3111111111111111,0.5108695652173912,3.088888888888889
2024-09-08,Aqua,0.0689,0.21380000000000002,0.0722,1.0478955007256894,0.5125574814290769,3.1030478955007257
2024-09-10,Aqua,0.0337,0.10160000000000001,0.0429,1.2472727272727273,0.5018477457501849,3.0148367952522257
2024-09-13,Aqua,0.0627,0.2384,0.0664,1.059011164274322,0.5782038345105953,3.741626794258373
2024-09-18,Aqua,0.0181,0.09040000000000001,0.0284,1.569060773480663,0.6663594470046083,4.994475138121547
2024-09-21,Aqua,0.0241,0.07010000000000001,0.0335,1.3900414937759338,0.5239130434782608,3.200913242009133
2024-09-24,Aqua,0.0216,0.0742,0.0297,1.2453703703703702,0.5490605427974948,3.435185185185185
2024-09-26,Aqua,0.0125,0.05,0.0221,1.72,0.6000000000000001,4.0
2024-09-27,Aqua,0.039400000000000004,0.1433,0.0455,1.1548223350253806,0.5686918445539134,3.6370558375634516
2024-09-28,Aqua,0.023200000000000002,0.07970000000000001,0.033600000000000005,1.4482758620689655,0.5490767735665696,3.435344827586207
2024-09-29,Aqua,0.029400000000000003,0.11040000000000001,0.038700000000000005,1.316326530612245,0.5793991416309013,3.7551020408163267
2024-09-30,Aqua,0.0511,0.1897,0.0599,1.172211350293542,0.5755813953488372,3.712328767123288
2024-10-01,Aqua,0.0247,0.063,0.0325,1.3157894736842106,0.43671607753705816,2.5506072874493926
2024-10-02,Aqua,0.0333,0.10260000000000001,0.0402,1.207207207207207,0.509933774834437,3.081081081081081
2024-10-03,Aqua,0.021400000000000002,0.09730000000000001,0.0297,1.3691588785046729,0.6176226101413134,4.230434782608696
2024-10-07,Aqua,0.043500000000000004,0.1346,0.050300000000000004,1.1563218390804597,0.5115103874227961,3.094252873563218
2024-10-08,Aqua,0.018600000000000002,0.0637,0.027200000000000002,1.4623655913978495,0.5479951397326852,3.424731182795699
2024-10-13,Aqua,0.0264,0.08,0.036000000000000004,1.4393939393939394,0.5037593984962406,3.0303030303030303
2024-10-14,Aqua,0.0308,0.0814,0.0402,1.1710037174721188,0.4565656565656565,2.680297397769517
2024-10-25,Aqua,0.0222,0.0956,0.0291,1.3603603603603605,0.6230899830220713,4.306306306306307
2024-11-07,Aqua,0.0145,0.052700000000000004,0.0234,1.462962962962963,0.5599630996309963,3.5450733752620547
2024-11-28,Aqua,0.0704,0.21880000000000002,0.0673,0.9559659090909091,0.5131396957123099,3.1079545454545454
2024-11-29,Aqua,0.008700000000000001,0.046700000000000005,0.0129,1.482758620689655,0.6859205776173286,5.3678160919540225
2024-11-30,Aqua,0.033100000000000004,0.09720000000000001,0.0351,1.0604229607250755,0.4919416730621642,2.9365558912386707
2024-12-01,Aqua,0.0213,0.1163,0.0261,1.2253521126760565,0.690406976744186,5.460093896713615
2024-12-02,Aqua,0.0356,0.0921,0.034,0.955056179775281,0.44244322631166794,2.587078651685393
2024-12-04,Aqua,0.0239,0.0927,0.0269,1.1255230125523012,0.5900514579759862,3.8786610878661087
2024-12-05,Aqua,0.0189,0.08080000000000001,0.0268,1.4179894179894181,0.62086258776329,4.275132275132275
2024-12-09,Aqua,0.0111,0.035,0.0135,1.2162162162162162,0.5184381778741867,3.1531531531531534
2025-01-06,Aqua,0.021,0.057300000000000004,0.0261,1.3095238095238095,0.4636015325670497,2.7285714285714286
2025-01-09,Aqua,0.0364,0.13040000000000002,0.039,1.0714285714285714,0.5635491606714629,3.5824175824175826
2025-01-14,Aqua,0.0345,0.1029,0.042800000000000005,1.2405797101449276,0.4978165938864628,2.982608695652174
2025-01-15,Aqua,0.0217,0.0792,0.0318,1.4015444015444014,0.5544147843942506,3.488479262672811
2025-01-19,Aqua,0.045700000000000005,0.1545,0.052000000000000005,1.1378555798687089,0.4325581395348837,2.524590163934426
2025-01-20,Aqua,0.036000000000000004,0.10020000000000001,0.0402,1.1954887218045112,0.5342820181112549,3.2944444444444443
2025-01-22,Aqua,0.0722,0.2268,0.0654,0.9058171745152355,0.517056856187291,3.141274238227147
2025-01-24,Aqua,0.0629,0.1597,0.061900000000000004,0.9841017488076312,0.4446460980036298,2.6013071895424837
2025-01-25,Aqua,0.0234,0.1116,0.0327,1.3137254901960784,0.46998867497168734,2.7735042735042734
2025-01-26,Aqua,0.0164,0.0763,0.020900000000000002,1.274390243902439,0.6461704422869472,4.652439024390244
2025-01-27,Aqua,0.06760000000000001,0.2074,0.06420000000000001,0.9497041420118343,0.5083636363636362,3.0680473372781063
2025-01-28,Aqua,0.024900000000000002,0.058300000000000005,0.030600000000000002,1.2289156626506024,0.40144230769230765,2.3413654618473894
2025-01-29,Aqua,0.0419,0.1237,0.0442,0.9768786127167631,0.49165908401577196,2.9343675417661097
2025-02-27,Aqua,0.048400000000000006,0.1023,0.057,1.177685950413223,0.3576642335766423,2.1136363636363633
2025-02-28,Aqua,0.049,0.1046,0.0599,1.2224489795918367,0.36197916666666663,2.1346938775510202
2025-03-01,Aqua,0.0362,0.09040000000000001,0.046200000000000005,1.361878453038674,0.42897727272727276,2.5024875621890548
2025-03-06,Aqua,0.0329,0.0804,0.047,1.440729483282675,0.41924095322153576,2.4437689969604866
2025-03-07,Aqua,0.04535,0.09560000000000002,0.05485,1.2678670100447968,0.32973939039448885,2.052897993014031
2025-04-04,Aqua,0.0454,0.12350000000000001,0.055400000000000005,1.2202643171806167,0.46240378922439307,2.7202643171806167
2025-04-05,Aqua,0.033100000000000004,0.0833,0.0468,1.4138972809667671,0.4312714776632302,2.5166163141993954
2025-04-13,Aqua,0.0296,0.0714,0.0422,1.377777777777778,0.4262295081967213,2.4857142857142858
2025-04-14,Aqua,0.029300000000000003,0.08030000000000001,0.0415,1.416382252559727,0.46532846715328463,2.74061433447099
2025-04-15,Aqua,0.0258,0.0823,0.0376,1.4573643410852715,0.522664199814986,3.189922480620155
2025-04-16,Aqua,0.0558,0.1228,0.0632,1.1326164874551972,0.3751399776035834,2.2007168458781363
2025-04-17,Aqua,0.0599,0.1814,0.06720000000000001,1.1218697829716195,0.5035225859925404,3.028380634390651
2025-04-18,Aqua,0.0386,0.0737,0.0461,1.2770083102493075,0.3424408014571949,2.041551246537396
2025-04-19,Aqua,0.041600000000000005,0.129,0.0524,1.2596153846153846,0.5123094958968347,3.1009615384615383
2025-04-22,Aqua,0.0422,0.11910000000000001,0.0538,1.2748815165876777,0.4653207424291761,2.740560292326431
2025-04-23,Aqua,0.033600000000000005,0.07880000000000001,0.043000000000000003,1.2797619047619047,0.40213523131672596,2.3452380952380953
2025-04-30,Aqua,0.0661,0.1976,0.0737,1.1149773071104387,0.49867273416761476,2.989409984871407
2025-05-01,Aqua,0.049600000000000005,0.124,0.0579,1.1673387096774193,0.42857142857142855,2.4999999999999996
2025-05-02,Aqua,0.0577,0.19460000000000002,0.0635,1.1178509532062393,0.4836406900654373,2.8732718894009217
2025-05-04,Aqua,0.027700000000000002,0.0911,0.037200000000000004,1.3429602888086642,0.5336700336700336,3.2888086642599275
2025-05-05,Aqua,0.020800000000000003,0.08940000000000001,0.0286,1.3749999999999998,0.6225045372050817,4.2980769230769225
2025-05-06,Aqua,0.0434,0.0945,0.0475,1.0898502495840268,0.22250970245795598,1.5723793677204658
2025-05-08,Aqua,0.0366,0.0911,0.0455,1.2431693989071038,0.4267815191855912,2.489071038251366
2025-05-09,Aqua,0.039400000000000004,0.1076,0.0472,1.197969543147208,0.46394557823129245,2.7309644670050757
2025-05-24,Aqua,0.0392,0.0579,0.0489,1.239795918367347,0.1925849639546859,1.4770408163265307
2025-05-27,Aqua,0.0324,0.1107,0.043000000000000003,1.3271604938271606,0.5471698113207547,3.416666666666667
2025-05-28,Aqua,0.028800000000000003,0.12990000000000002,0.039,1.3541666666666665,0.6370510396975425,4.510416666666667
2025-05-30,Aqua,0.055900000000000005,0.2056,0.0687,1.2289803220035775,0.5724665391969407,3.6779964221824684
2025-06-01,Aqua,0.0284,0.0946,0.041,1.387323943661972,0.5382113821138212,3.3309859154929575
2025-06-02,Aqua,0.0574,0.23040000000000002,0.07,1.2195121951219514,0.6011118832522586,4.013937282229966
2025-06-03,Aqua,0.0947,0.1351,0.1017,1.0739176346356916,0.175805047867711,1.4266103484688488
2025-06-05,Aqua,0.0468,0.0989,0.057100000000000005,1.2200854700854702,0.35758407687028143,2.1132478632478633
2025-06-07,Aqua,0.051500000000000004,0.23520000000000002,0.0653,1.2679611650485436,0.6407394489012906,4.566990291262136
2025-06-08,Aqua,0.1053,0.14780000000000001,0.1223,1.1614434947768282,0.16791781904385622,1.4036087369420704
2025-06-09,Aqua,0.0422,0.1563,0.057300000000000004,1.3578199052132702,0.5748110831234257,3.7037914691943126
2025-06-10,Aqua,0.0414,0.1043,0.051800000000000006,1.2512077294685993,0.4317089910775567,2.5193236714975846
2025-06-11,Aqua,0.0597,0.2427,0.0723,1.2110552763819096,0.6051587301587301,4.065326633165829
2025-06-12,Aqua,0.0748,0.26030000000000003,0.08660000000000001,1.1577540106951871,0.5535660996717398,3.479946524064171
2025-06-14,Aqua,0.0641,0.2426,0.0791,1.2340093603744149,0.5658643326039386,3.606854838709677
2025-06-15,Aqua,0.0315,0.12090000000000001,0.0414,1.3047619047619048,0.57012987012987,3.6525679758308156
2025-06-16,Aqua,0.0362,0.1328,0.046400000000000004,1.3251121076233183,0.5715976331360946,3.668508287292817
2025-06-17,Aqua,0.0504,0.197,0.06380000000000001,1.265873015873016,0.5925626515763945,3.908730158730159
2025-06-28,Aqua,0.0432,0.1558,0.0587,1.3587962962962963,0.5658291457286432,3.606481481481481
2025-06-29,Aqua,0.0279,0.10980000000000001,0.0432,1.5483870967741935,0.621380846325167,4.2823529411764705
2025-06-30,Aqua,0.020200000000000003,0.0927,0.030000000000000002,1.5022831050228311,0.6839237057220708,5.327586206896552
2025-07-01,Aqua,0.0419,0.1332,0.0541,1.2911694510739857,0.5214163335237009,3.1789976133651554
2025-07-02,Aqua,0.042300000000000004,0.1754,0.057,1.3475177304964538,0.5968354430379746,3.9607535321821037
2025-07-03,Aqua,0.0659,0.1067,0.0785,1.1911987860394537,0.22756410256410256,1.5892116182572613
2025-07-04,Aqua,0.0371,0.1447,0.0487,1.3126684636118597,0.5918591859185919,3.9002695417789757
2025-07-05,Aqua,0.0568,0.26730000000000004,0.0695,1.1936619718309858,0.6047320807237301,4.059859154929577
2025-07-06,Aqua,0.057100000000000005,0.09860000000000001,0.0692,1.165158371040724,0.23815877251501003,1.6252189141856392
2025-07-07,Aqua,0.054,0.21450000000000002,0.0694,1.2851851851851852,0.5977653631284917,3.9722222222222228
2025-07-08,Aqua,0.0417,0.1188,0.0526,1.2613908872901678,0.4803738317757009,2.8489208633093526
2025-07-09,Aqua,0.0166,0.044500000000000005,0.031,1.8674698795180722,0.4566284779050737,2.6807228915662655
2025-07-10,Aqua,0.0519,0.24130000000000001,0.0632,1.2177263969171483,0.6459754433833561,4.649325626204239
2025-07-11,Aqua,0.0859,0.1231,0.0937,1.1446409989594173,0.1611328125,1.3841676367869615
2025-07-12,Aqua,0.0424,0.17070000000000002,0.056,1.320754716981132,0.6020647583294229,4.025943396226416
2025-07-13,Aqua,0.0298,0.09530000000000001,0.0407,1.3300653594771241,0.5235811350919264,3.1979865771812084
2025-07-14,Aqua,0.0374,0.18430000000000002,0.0426,1.340153452685422,0.6384799726121191,4.53219696969697
2025-07-15,Aqua,0.053700000000000005,0.2361,0.0666,1.2402234636871508,0.6061606160616062,4.078212290502793
2025-07-16,Aqua,0.1293,0.1587,0.1328,1.0270688321732406,0.10208333333333336,1.2273781902552205
2025-07-17,Aqua,0.0327,0.11800000000000001,0.0478,1.4617737003058104,0.5660252156602522,3.6085626911314987
2025-07-19,Aqua,0.0261,0.0853,0.0356,1.3639846743295019,0.5314183123877918,3.268199233716475
2025-07-22,Aqua,0.0453,0.1653,0.061700000000000005,1.3620309050772628,0.5698005698005697,3.6490066225165565
2025-07-23,Aqua,0.0234,0.0819,0.0368,1.5726495726495726,0.5555555555555555,3.5
2025-07-24,Aqua,0.020200000000000003,0.0349,0.0328,1.6237623762376237,0.321969696969697,1.9497206703910615
2025-07-25,Aqua,0.056,0.2159,0.0683,1.219642857142857,0.58808385435822,3.855357142857143
2025-07-26,Aqua,0.0779,0.11380000000000001,0.0878,1.1270860077021823,0.18727177882107465,1.4608472400513481
2025-07-27,Aqua,0.0327,0.1012,0.045700000000000005,1.3576923076923078,0.5115758028379388,3.09480122324159
2025-07-28,Aqua,0.024900000000000002,0.1056,0.0363,1.434782608695652,0.6448598130841121,4.631578947368421
2025-07-29,Aqua,0.0315,0.09050000000000001,0.0448,1.4222222222222223,0.4836065573770492,2.8730158730158735
2025-07-30,Aqua,0.0524,0.1859,0.06570000000000001,1.25381679389313,0.5602182123373899,3.5477099236641223
2025-08-01,Aqua,0.0367,0.1254,0.05,1.3623978201634876,0.5471930906847624,3.4168937329700273
2025-08-02,Aqua,0.0216,0.1024,0.032100000000000004,1.4861111111111112,0.6574147501982552,4.837962962962963
2025-08-04,Aqua,0.0708,0.2457,0.078,1.1016949152542372,0.5526066350710901,3.4703389830508473
2025-08-05,Aqua,0.0675,0.10740000000000001,0.0787,1.165925925925926,0.22813036020583194,1.5911111111111111
2025-08-08,Aqua,0.041100000000000005,0.0558,0.0487,1.218978102189781,0.19383259911894277,1.4808743169398908
2025-08-09,Aqua,0.0522,0.1621,0.0637,1.2203065134099618,0.517196625567813,3.1424731182795695
2025-08-10,Aqua,0.0218,0.0714,0.0313,1.614678899082569,0.5625,3.571428571428571
2025-08-11,Aqua,0.0297,0.1086,0.043000000000000003,1.4478114478114479,0.5704989154013015,3.6565656565656566
2025-08-12,Aqua,0.0601,0.25070000000000003,0.0726,1.2079866888519135,0.6132561132561134,4.171381031613977
2025-08-13,Aqua,0.0453,0.1671,0.051000000000000004,1.1258278145695364,0.5734463276836158,3.6887417218543046
2025-08-14,Aqua,0.0354,0.1255,0.047900000000000005,1.3531073446327684,0.5540728384765082,3.4850374064837903
