datetime,chlorophyll_ugL,sensor,method
2011-01-20,36.34492756442397,MODIS-Aqua,Green Red Ratio
2011-01-22,22.943773730778553,MODIS-Aqua,Green Red Ratio
2011-01-25,10.581108278856536,MODIS-Aqua,Green Red Ratio
2011-01-27,35.85177295340202,MODIS-Aqua,Green Red Ratio
2011-01-30,31.99465184680759,MODIS-Aqua,Green Red Ratio
2011-02-01,10.230106289476032,MODIS-Aqua,Green Red Ratio
2011-02-02,14.636825014675619,MODIS-Aqua,Green Red Ratio
2011-02-09,18.162200020725347,MODIS-Aqua,Green Red Ratio
2011-02-10,18.633949427785772,MODIS-Aqua,Green Red Ratio
2011-02-21,128.48407686022142,MODIS-Aqua,Green Red Ratio
2011-04-12,80.00942658386748,MODIS-Aqua,Green Red Ratio
2011-04-22,124.67300871569675,MODIS-Aqua,Green Red Ratio
2011-05-01,43.3249616728693,MODIS-Aqua,Green Red Ratio
2011-05-04,52.42002753206221,MODIS-Aqua,Green Red Ratio
2011-05-10,25.851849052869035,MODIS-Aqua,Green Red Ratio
2011-05-19,23.71687707562935,MODIS-Aqua,Green Red Ratio
2011-05-20,108.6978831430408,MODIS-Aqua,Green Red Ratio
2011-05-24,97.61558621792429,MODIS-Aqua,Green Red Ratio
2011-06-09,26.609306219185207,MODIS-Aqua,Green Red Ratio
2011-06-14,135.43877844535749,MODIS-Aqua,Green Red Ratio
2011-06-16,52.130254064986474,MODIS-Aqua,Green Red Ratio
2011-06-17,88.69202012667742,MODIS-Aqua,Green Red Ratio
2011-06-20,20.252859471250815,MODIS-Aqua,Green Red Ratio
2011-06-25,38.36769237751582,MODIS-Aqua,Green Red Ratio
2011-07-01,79.92784959463849,MODIS-Aqua,Green Red Ratio
2011-07-02,60.520790323067324,MODIS-Aqua,Green Red Ratio
2011-07-03,127.91494633090385,MODIS-Aqua,Green Red Ratio
2011-07-04,26.151476205793465,MODIS-Aqua,Green Red Ratio
2011-07-05,121.59513761833982,MODIS-Aqua,Green Red Ratio
2011-07-06,143.39626931144352,MODIS-Aqua,Green Red Ratio
2011-07-08,96.5590701113039,MODIS-Aqua,Green Red Ratio
2011-07-09,128.494128965429,MODIS-Aqua,Green Red Ratio
2011-07-10,237.40143801409704,MODIS-Aqua,Green Red Ratio
2011-07-15,71.91592083631284,MODIS-Aqua,Green Red Ratio
2011-07-20,19.10226334487716,MODIS-Aqua,Green Red Ratio
2011-07-22,34.55980022972286,MODIS-Aqua,Green Red Ratio
2011-07-23,183.2261912810229,MODIS-Aqua,Green Red Ratio
2011-07-24,121.18115768465941,MODIS-Aqua,Green Red Ratio
2011-07-27,36.1102143227072,MODIS-Aqua,Green Red Ratio
2011-07-28,120.2548487401472,MODIS-Aqua,Green Red Ratio
2011-07-29,23.971561525816224,MODIS-Aqua,Green Red Ratio
2011-07-30,186.2323568665667,MODIS-Aqua,Green Red Ratio
2011-07-31,52.85247873265708,MODIS-Aqua,Green Red Ratio
2011-08-01,319.6415241132843,MODIS-Aqua,Green Red Ratio
2011-08-02,417.5343168777281,MODIS-Aqua,Green Red Ratio
2011-08-03,152.05546054262905,MODIS-Aqua,Green Red Ratio
2011-08-04,214.4732601592259,MODIS-Aqua,Green Red Ratio
2011-08-05,29.257068332240095,MODIS-Aqua,Green Red Ratio
2011-08-06,151.88369461460076,MODIS-Aqua,Green Red Ratio
2011-08-07,46.22026749159556,MODIS-Aqua,Green Red Ratio
2011-08-09,154.87042185438943,MODIS-Aqua,Green Red Ratio
2011-08-10,389.42791253878,MODIS-Aqua,Green Red Ratio
2011-08-11,332.65357622729874,MODIS-Aqua,Green Red Ratio
2011-08-12,73.43774736433512,MODIS-Aqua,Green Red Ratio
2011-08-13,229.65717449602033,MODIS-Aqua,Green Red Ratio
2011-08-14,42.36751515700191,MODIS-Aqua,Green Red Ratio
2011-08-16,299.2489702056163,MODIS-Aqua,Green Red Ratio
2011-08-17,185.77562851414126,MODIS-Aqua,Green Red Ratio
2011-08-18,340.9451845037952,MODIS-Aqua,Green Red Ratio
2011-08-19,266.0417369975695,MODIS-Aqua,Green Red Ratio
2011-08-20,230.49280490509602,MODIS-Aqua,Green Red Ratio
2011-08-21,27.86493285890152,MODIS-Aqua,Green Red Ratio
2011-08-22,46.03182510226956,MODIS-Aqua,Green Red Ratio
2011-08-23,12.566183031332397,MODIS-Aqua,Green Red Ratio
2011-08-24,197.37084319759217,MODIS-Aqua,Green Red Ratio
2011-08-26,134.87252330020766,MODIS-Aqua,Green Red Ratio
2011-08-27,250.87786033735946,MODIS-Aqua,Green Red Ratio
2011-08-28,88.14220745548576,MODIS-Aqua,Green Red Ratio
2011-08-29,119.56981893556093,MODIS-Aqua,Green Red Ratio
2011-09-01,483.2633779714513,MODIS-Aqua,Green Red Ratio
2011-09-02,280.38046307210203,MODIS-Aqua,Green Red Ratio
2011-09-03,174.16503003195172,MODIS-Aqua,Green Red Ratio
2011-09-04,167.42249846873253,MODIS-Aqua,Green Red Ratio
2011-09-05,120.41928810751546,MODIS-Aqua,Green Red Ratio
2011-09-06,240.59172433750604,MODIS-Aqua,Green Red Ratio
2011-09-08,46.66809939229561,MODIS-Aqua,Green Red Ratio
2011-09-10,113.50660742213445,MODIS-Aqua,Green Red Ratio
2011-09-11,74.89851700060402,MODIS-Aqua,Green Red Ratio
2011-09-13,59.13194003619077,MODIS-Aqua,Green Red Ratio
2011-09-18,55.78523547667975,MODIS-Aqua,Green Red Ratio
2011-09-19,79.54696731491946,MODIS-Aqua,Green Red Ratio
2011-09-20,53.66329364907841,MODIS-Aqua,Green Red Ratio
2011-09-21,213.65977766026853,MODIS-Aqua,Green Red Ratio
2011-09-23,48.4202659897399,MODIS-Aqua,Green Red Ratio
2011-09-24,58.68724306654721,MODIS-Aqua,Green Red Ratio
2011-09-28,115.55096917716166,MODIS-Aqua,Green Red Ratio
2011-09-29,246.78766173700214,MODIS-Aqua,Green Red Ratio
2011-10-08,49.00044316410753,MODIS-Aqua,Green Red Ratio
2011-10-16,16.886219374782776,MODIS-Aqua,Green Red Ratio
2011-10-17,110.86367990188747,MODIS-Aqua,Green Red Ratio
2011-10-18,45.84778244057097,MODIS-Aqua,Green Red Ratio
2011-10-24,19.48950352008608,MODIS-Aqua,Green Red Ratio
2011-10-25,33.82889627626469,MODIS-Aqua,Green Red Ratio
2011-10-27,24.374877343828288,MODIS-Aqua,Green Red Ratio
2011-10-29,24.335049495229832,MODIS-Aqua,Green Red Ratio
2011-11-01,20.071394702759548,MODIS-Aqua,Green Red Ratio
2011-11-02,12.452877603407902,MODIS-Aqua,Green Red Ratio
2011-11-08,17.97865935505935,MODIS-Aqua,Green Red Ratio
2011-11-11,12.125087186188425,MODIS-Aqua,Green Red Ratio
2011-11-25,8.98195263434866,MODIS-Aqua,Green Red Ratio
2011-11-29,15.559339056705769,MODIS-Aqua,Green Red Ratio
2011-12-01,12.592833200603177,MODIS-Aqua,Green Red Ratio
2011-12-02,10.01791814318431,MODIS-Aqua,Green Red Ratio
2011-12-03,10.757165697240032,MODIS-Aqua,Green Red Ratio
2011-12-04,8.116282704069514,MODIS-Aqua,Green Red Ratio
2011-12-05,9.69944048705531,MODIS-Aqua,Green Red Ratio
2011-12-06,7.526614587506416,MODIS-Aqua,Green Red Ratio
2011-12-07,7.638352809816042,MODIS-Aqua,Green Red Ratio
2011-12-08,13.359829950837696,MODIS-Aqua,Green Red Ratio
2011-12-09,8.403450282592953,MODIS-Aqua,Green Red Ratio
2011-12-10,15.77031348146814,MODIS-Aqua,Green Red Ratio
2011-12-12,11.346460048964259,MODIS-Aqua,Green Red Ratio
2011-12-13,8.583661786762905,MODIS-Aqua,Green Red Ratio
2011-12-16,10.667105652850912,MODIS-Aqua,Green Red Ratio
2011-12-17,11.949899718328409,MODIS-Aqua,Green Red Ratio
2011-12-21,13.200753596311113,MODIS-Aqua,Green Red Ratio
2011-12-22,8.073047311685693,MODIS-Aqua,Green Red Ratio
2011-12-23,16.01713726926718,MODIS-Aqua,Green Red Ratio
2012-01-08,15.098306954924402,MODIS-Aqua,Green Red Ratio
2012-01-09,13.722127327063982,MODIS-Aqua,Green Red Ratio
2012-01-10,21.553015387072985,MODIS-Aqua,Green Red Ratio
2012-01-11,18.555227837941096,MODIS-Aqua,Green Red Ratio
2012-01-12,9.273292608075057,MODIS-Aqua,Green Red Ratio
2012-01-23,33.82889627626467,MODIS-Aqua,Green Red Ratio
2012-01-27,26.827894815068,MODIS-Aqua,Green Red Ratio
2012-02-02,23.87873615828885,MODIS-Aqua,Green Red Ratio
2012-02-03,20.84272788480869,MODIS-Aqua,Green Red Ratio
2012-02-05,18.921625491048257,MODIS-Aqua,Green Red Ratio
2012-02-06,27.670271857340573,MODIS-Aqua,Green Red Ratio
2012-02-24,107.11455428121472,MODIS-Aqua,Green Red Ratio
2012-02-27,8.352923666309675,MODIS-Aqua,Green Red Ratio
2012-03-04,11.977758660857688,MODIS-Aqua,Green Red Ratio
2012-03-07,9.081204995309381,MODIS-Aqua,Green Red Ratio
2012-03-08,21.752950279576552,MODIS-Aqua,Green Red Ratio
2012-03-23,9.576012517074613,MODIS-Aqua,Green Red Ratio
2012-03-24,23.94518906968038,MODIS-Aqua,Green Red Ratio
2012-04-14,40.137931565954496,MODIS-Aqua,Green Red Ratio
2012-04-21,57.4297011523694,MODIS-Aqua,Green Red Ratio
2012-04-22,139.3862425568605,MODIS-Aqua,Green Red Ratio
2012-04-23,202.97844765621446,MODIS-Aqua,Green Red Ratio
2012-04-29,72.1923694312679,MODIS-Aqua,Green Red Ratio
2012-05-06,72.4476406041313,MODIS-Aqua,Green Red Ratio
2012-05-07,116.79899166940805,MODIS-Aqua,Green Red Ratio
2012-05-09,164.8815937499591,MODIS-Aqua,Green Red Ratio
2012-05-10,43.9373706432506,MODIS-Aqua,Green Red Ratio
2012-05-11,44.71854938822933,MODIS-Aqua,Green Red Ratio
2012-05-12,52.71585474846823,MODIS-Aqua,Green Red Ratio
2012-05-13,132.86944049593174,MODIS-Aqua,Green Red Ratio
2012-05-17,54.60543556801495,MODIS-Aqua,Green Red Ratio
2012-05-18,27.91045607261,MODIS-Aqua,Green Red Ratio
2012-05-26,35.999301017218436,MODIS-Aqua,Green Red Ratio
2012-06-01,112.32097873496107,MODIS-Aqua,Green Red Ratio
2012-06-06,26.221210058962676,MODIS-Aqua,Green Red Ratio
2012-06-10,112.23787893223891,MODIS-Aqua,Green Red Ratio
2012-06-11,36.987217661083626,MODIS-Aqua,Green Red Ratio
2012-06-13,56.720452770153734,MODIS-Aqua,Green Red Ratio
2012-06-14,65.36630336168841,MODIS-Aqua,Green Red Ratio
2012-06-16,122.56816452712356,MODIS-Aqua,Green Red Ratio
2012-06-17,14.993068964729698,MODIS-Aqua,Green Red Ratio
2012-06-20,43.601703146128386,MODIS-Aqua,Green Red Ratio
2012-06-27,102.89277656530109,MODIS-Aqua,Green Red Ratio
2012-07-02,151.45579689337333,MODIS-Aqua,Green Red Ratio
2012-07-04,45.21858290569384,MODIS-Aqua,Green Red Ratio
2012-07-05,101.42877254040341,MODIS-Aqua,Green Red Ratio
2012-07-06,80.75993153152979,MODIS-Aqua,Green Red Ratio
2012-07-07,82.31463542166178,MODIS-Aqua,Green Red Ratio
2012-07-10,47.694771159052245,MODIS-Aqua,Green Red Ratio
2012-07-11,85.71367843485034,MODIS-Aqua,Green Red Ratio
2012-07-13,30.325014695350696,MODIS-Aqua,Green Red Ratio
2012-07-19,88.02707593833028,MODIS-Aqua,Green Red Ratio
2012-07-21,217.3719355696684,MODIS-Aqua,Green Red Ratio
2012-07-23,145.48198098329118,MODIS-Aqua,Green Red Ratio
2012-07-24,20.92341046631377,MODIS-Aqua,Green Red Ratio
2012-07-25,125.98526900994027,MODIS-Aqua,Green Red Ratio
2012-07-26,144.84156972185056,MODIS-Aqua,Green Red Ratio
2012-07-27,87.21950872746535,MODIS-Aqua,Green Red Ratio
2012-07-28,199.519234082342,MODIS-Aqua,Green Red Ratio
2012-07-29,40.137931565954496,MODIS-Aqua,Green Red Ratio
2012-07-30,107.89788002999704,MODIS-Aqua,Green Red Ratio
2012-07-31,20.252859471250826,MODIS-Aqua,Green Red Ratio
2012-08-01,210.1475351035261,MODIS-Aqua,Green Red Ratio
2012-08-02,44.4912900272017,MODIS-Aqua,Green Red Ratio
2012-08-03,426.545359247072,MODIS-Aqua,Green Red Ratio
2012-08-04,344.076649111124,MODIS-Aqua,Green Red Ratio
2012-08-05,89.66986516468211,MODIS-Aqua,Green Red Ratio
2012-08-07,21.077318257163537,MODIS-Aqua,Green Red Ratio
2012-08-08,154.87042185438943,MODIS-Aqua,Green Red Ratio
2012-08-09,45.70107825181491,MODIS-Aqua,Green Red Ratio
2012-08-10,87.98263936314451,MODIS-Aqua,Green Red Ratio
2012-08-11,150.7121538834456,MODIS-Aqua,Green Red Ratio
2012-08-12,71.52165945330559,MODIS-Aqua,Green Red Ratio
2012-08-13,170.43472757967777,MODIS-Aqua,Green Red Ratio
2012-08-14,48.63292429520288,MODIS-Aqua,Green Red Ratio
2012-08-15,79.78389414699252,MODIS-Aqua,Green Red Ratio
2012-08-16,55.89189707219632,MODIS-Aqua,Green Red Ratio
2012-08-19,160.51287060141578,MODIS-Aqua,Green Red Ratio
2012-08-21,202.46146263675817,MODIS-Aqua,Green Red Ratio
2012-08-22,338.6572449022363,MODIS-Aqua,Green Red Ratio
2012-08-23,55.84283195455686,MODIS-Aqua,Green Red Ratio
2012-08-25,32.765056388065446,MODIS-Aqua,Green Red Ratio
2012-08-26,128.95208046386966,MODIS-Aqua,Green Red Ratio
2012-08-29,460.29592224261506,MODIS-Aqua,Green Red Ratio
2012-08-30,127.83656791081346,MODIS-Aqua,Green Red Ratio
2012-08-31,110.77901349220092,MODIS-Aqua,Green Red Ratio
2012-09-01,87.5606677892163,MODIS-Aqua,Green Red Ratio
2012-09-02,99.44814118455108,MODIS-Aqua,Green Red Ratio
2012-09-03,194.55726150791094,MODIS-Aqua,Green Red Ratio
2012-09-04,58.66672634353126,MODIS-Aqua,Green Red Ratio
2012-09-05,402.7068389515226,MODIS-Aqua,Green Red Ratio
2012-09-06,177.99847442187297,MODIS-Aqua,Green Red Ratio
2012-09-07,98.8522608400574,MODIS-Aqua,Green Red Ratio
2012-09-09,162.40109693692,MODIS-Aqua,Green Red Ratio
2012-09-11,84.25988580070693,MODIS-Aqua,Green Red Ratio
2012-09-12,81.42372505065384,MODIS-Aqua,Green Red Ratio
2012-09-13,41.05479220378469,MODIS-Aqua,Green Red Ratio
2012-09-14,176.51601620810592,MODIS-Aqua,Green Red Ratio
2012-09-16,56.6775132738609,MODIS-Aqua,Green Red Ratio
2012-09-17,206.08394034518787,MODIS-Aqua,Green Red Ratio
2012-09-18,104.400617656655,MODIS-Aqua,Green Red Ratio
2012-09-20,31.96080934691292,MODIS-Aqua,Green Red Ratio
2012-09-22,46.461654317159464,MODIS-Aqua,Green Red Ratio
2012-09-23,26.5507026437223,MODIS-Aqua,Green Red Ratio
2012-09-24,149.51332734260103,MODIS-Aqua,Green Red Ratio
2012-09-25,42.69258157578577,MODIS-Aqua,Green Red Ratio
2012-09-26,58.011624139523924,MODIS-Aqua,Green Red Ratio
2012-09-30,98.78599139771119,MODIS-Aqua,Green Red Ratio
2012-10-01,43.68310307554837,MODIS-Aqua,Green Red Ratio
2012-10-02,56.50531594784208,MODIS-Aqua,Green Red Ratio
2012-10-03,43.551255361982584,MODIS-Aqua,Green Red Ratio
2012-10-04,49.521922786624536,MODIS-Aqua,Green Red Ratio
2012-10-05,114.53681219025867,MODIS-Aqua,Green Red Ratio
2012-10-06,51.406042930349315,MODIS-Aqua,Green Red Ratio
2012-10-07,78.78427842454917,MODIS-Aqua,Green Red Ratio
2012-10-08,24.886384173808473,MODIS-Aqua,Green Red Ratio
2012-10-09,71.78989716358689,MODIS-Aqua,Green Red Ratio
2012-10-10,70.05186394232649,MODIS-Aqua,Green Red Ratio
2012-10-11,28.39429555709603,MODIS-Aqua,Green Red Ratio
2012-10-18,48.84793166539109,MODIS-Aqua,Green Red Ratio
2012-10-25,22.69853296465766,MODIS-Aqua,Green Red Ratio
2012-11-05,14.71502146616011,MODIS-Aqua,Green Red Ratio
2012-11-14,19.66221396421549,MODIS-Aqua,Green Red Ratio
2012-11-15,15.8516218163873,MODIS-Aqua,Green Red Ratio
2012-11-25,9.762296844637092,MODIS-Aqua,Green Red Ratio
2012-12-10,14.42563855868096,MODIS-Aqua,Green Red Ratio
2013-01-02,6.007652458150665,MODIS-Aqua,Green Red Ratio
2013-01-18,20.957514785224074,MODIS-Aqua,Green Red Ratio
2013-01-21,14.686988236994928,MODIS-Aqua,Green Red Ratio
2013-02-01,16.160459249656746,MODIS-Aqua,Green Red Ratio
2013-02-08,6.878707139313209,MODIS-Aqua,Green Red Ratio
2013-02-10,9.440277365246907,MODIS-Aqua,Green Red Ratio
2013-02-15,8.119839533861585,MODIS-Aqua,Green Red Ratio
2013-02-19,12.574374579401908,MODIS-Aqua,Green Red Ratio
2013-03-03,31.733969810665705,MODIS-Aqua,Green Red Ratio
2013-03-07,56.00942362432251,MODIS-Aqua,Green Red Ratio
2013-03-09,34.24094014294098,MODIS-Aqua,Green Red Ratio
2013-03-13,25.99911548452908,MODIS-Aqua,Green Red Ratio
2013-03-30,56.720452770153734,MODIS-Aqua,Green Red Ratio
2013-03-31,31.038807675695036,MODIS-Aqua,Green Red Ratio
2013-04-22,25.98918280273956,MODIS-Aqua,Green Red Ratio
2013-04-23,81.81723626948488,MODIS-Aqua,Green Red Ratio
2013-04-24,75.19935940102204,MODIS-Aqua,Green Red Ratio
2013-04-25,31.5922796136487,MODIS-Aqua,Green Red Ratio
2013-04-26,65.44798859791882,MODIS-Aqua,Green Red Ratio
2013-04-27,42.613626403404716,MODIS-Aqua,Green Red Ratio
2013-05-01,217.84824622915187,MODIS-Aqua,Green Red Ratio
2013-05-02,101.66719844000559,MODIS-Aqua,Green Red Ratio
2013-05-03,95.86108644016464,MODIS-Aqua,Green Red Ratio
2013-05-04,68.90317160447793,MODIS-Aqua,Green Red Ratio
2013-05-05,216.57932265926746,MODIS-Aqua,Green Red Ratio
2013-05-06,21.030923466686474,MODIS-Aqua,Green Red Ratio
2013-05-07,63.5624936733619,MODIS-Aqua,Green Red Ratio
2013-05-08,19.260854376089608,MODIS-Aqua,Green Red Ratio
2013-05-09,72.43717703412185,MODIS-Aqua,Green Red Ratio
2013-05-10,34.35022664869359,MODIS-Aqua,Green Red Ratio
2013-05-13,21.927464451187852,MODIS-Aqua,Green Red Ratio
2013-05-20,100.74509781316897,MODIS-Aqua,Green Red Ratio
2013-05-31,32.79941158238905,MODIS-Aqua,Green Red Ratio
2013-06-01,93.23139903790602,MODIS-Aqua,Green Red Ratio
2013-06-02,22.387432993969398,MODIS-Aqua,Green Red Ratio
2013-06-03,102.06514410742822,MODIS-Aqua,Green Red Ratio
2013-06-04,129.92954205567463,MODIS-Aqua,Green Red Ratio
2013-06-05,61.29917389831964,MODIS-Aqua,Green Red Ratio
2013-06-07,20.70128967039083,MODIS-Aqua,Green Red Ratio
2013-06-08,142.2761059281175,MODIS-Aqua,Green Red Ratio
2013-06-09,137.17921375782683,MODIS-Aqua,Green Red Ratio
2013-06-10,187.05073784628837,MODIS-Aqua,Green Red Ratio
2013-06-14,25.075410684130414,MODIS-Aqua,Green Red Ratio
2013-06-17,88.74013118761881,MODIS-Aqua,Green Red Ratio
2013-06-18,30.860926802019453,MODIS-Aqua,Green Red Ratio
2013-06-28,314.5803499533076,MODIS-Aqua,Green Red Ratio
2013-06-30,24.847859205629206,MODIS-Aqua,Green Red Ratio
2013-07-01,60.364754330778624,MODIS-Aqua,Green Red Ratio
2013-07-02,56.47044305358175,MODIS-Aqua,Green Red Ratio
2013-07-03,180.70481455336468,MODIS-Aqua,Green Red Ratio
2013-07-04,21.37662489519944,MODIS-Aqua,Green Red Ratio
2013-07-05,159.73685311320313,MODIS-Aqua,Green Red Ratio
2013-07-06,126.89079013155332,MODIS-Aqua,Green Red Ratio
2013-07-07,62.19441294002708,MODIS-Aqua,Green Red Ratio
2013-07-08,323.82113754908886,MODIS-Aqua,Green Red Ratio
2013-07-09,19.989411140827087,MODIS-Aqua,Green Red Ratio
2013-07-10,84.57610939359182,MODIS-Aqua,Green Red Ratio
2013-07-11,17.260453153650545,MODIS-Aqua,Green Red Ratio
2013-07-12,81.0219597032712,MODIS-Aqua,Green Red Ratio
2013-07-13,233.75293471616777,MODIS-Aqua,Green Red Ratio
2013-07-14,246.9075350526481,MODIS-Aqua,Green Red Ratio
2013-07-15,427.1844793226819,MODIS-Aqua,Green Red Ratio
2013-07-16,110.6765524622231,MODIS-Aqua,Green Red Ratio
2013-07-17,106.19633225962797,MODIS-Aqua,Green Red Ratio
2013-07-18,15.719103998503401,MODIS-Aqua,Green Red Ratio
2013-07-19,100.3262945679963,MODIS-Aqua,Green Red Ratio
2013-07-20,37.66615290513568,MODIS-Aqua,Green Red Ratio
2013-07-21,165.94814947768273,MODIS-Aqua,Green Red Ratio
2013-07-22,139.3862425568605,MODIS-Aqua,Green Red Ratio
2013-07-23,62.4207953999523,MODIS-Aqua,Green Red Ratio
2013-07-24,392.4495039403818,MODIS-Aqua,Green Red Ratio
2013-07-25,23.81036267177257,MODIS-Aqua,Green Red Ratio
2013-07-26,67.52896644907662,MODIS-Aqua,Green Red Ratio
2013-07-27,22.595259398823703,MODIS-Aqua,Green Red Ratio
2013-07-28,258.7243692814192,MODIS-Aqua,Green Red Ratio
2013-07-30,68.32952063878975,MODIS-Aqua,Green Red Ratio
2013-08-02,25.628894654915385,MODIS-Aqua,Green Red Ratio
2013-08-03,21.21978743845235,MODIS-Aqua,Green Red Ratio
2013-08-04,54.56379547371749,MODIS-Aqua,Green Red Ratio
2013-08-05,69.56875504636434,MODIS-Aqua,Green Red Ratio
2013-08-06,72.17607837221334,MODIS-Aqua,Green Red Ratio
2013-08-09,327.2327216960309,MODIS-Aqua,Green Red Ratio
2013-08-12,20.74424501526325,MODIS-Aqua,Green Red Ratio
2013-08-13,34.757506314518814,MODIS-Aqua,Green Red Ratio
2013-08-17,47.296336726447905,MODIS-Aqua,Green Red Ratio
2013-08-18,104.4126865553037,MODIS-Aqua,Green Red Ratio
2013-08-19,54.037431625386006,MODIS-Aqua,Green Red Ratio
2013-08-20,143.8313612956509,MODIS-Aqua,Green Red Ratio
2013-08-21,156.822048503081,MODIS-Aqua,Green Red Ratio
2013-08-30,446.9169495989673,MODIS-Aqua,Green Red Ratio
2013-08-31,89.1528162924014,MODIS-Aqua,Green Red Ratio
2013-09-01,216.2985708125761,MODIS-Aqua,Green Red Ratio
2013-09-07,284.32159981614524,MODIS-Aqua,Green Red Ratio
2013-09-10,478.1511807014188,MODIS-Aqua,Green Red Ratio
2013-09-11,145.18909689559138,MODIS-Aqua,Green Red Ratio
2013-09-12,65.0001632627766,MODIS-Aqua,Green Red Ratio
2013-09-13,94.38235005632308,MODIS-Aqua,Green Red Ratio
2013-09-19,57.698253972750976,MODIS-Aqua,Green Red Ratio
2013-10-04,82.31463542166178,MODIS-Aqua,Green Red Ratio
2013-10-05,73.56972319138053,MODIS-Aqua,Green Red Ratio
2013-10-06,47.75512710310027,MODIS-Aqua,Green Red Ratio
2013-10-13,36.910465103524935,MODIS-Aqua,Green Red Ratio
2013-10-14,33.30705762821076,MODIS-Aqua,Green Red Ratio
2013-10-15,41.18461312386932,MODIS-Aqua,Green Red Ratio
2013-10-16,68.46948177545374,MODIS-Aqua,Green Red Ratio
2013-10-17,40.920411282926224,MODIS-Aqua,Green Red Ratio
2013-10-18,170.70063274270763,MODIS-Aqua,Green Red Ratio
2013-10-19,37.442857175455536,MODIS-Aqua,Green Red Ratio
2013-10-20,54.14053184114205,MODIS-Aqua,Green Red Ratio
2013-10-21,33.01586087482377,MODIS-Aqua,Green Red Ratio
2013-10-22,39.7492008652061,MODIS-Aqua,Green Red Ratio
2013-10-23,20.43341926222928,MODIS-Aqua,Green Red Ratio
2013-10-24,31.943979015268678,MODIS-Aqua,Green Red Ratio
2013-10-25,42.924632296556204,MODIS-Aqua,Green Red Ratio
2013-10-26,30.591534623363902,MODIS-Aqua,Green Red Ratio
2013-10-29,9.991271623824261,MODIS-Aqua,Green Red Ratio
2013-10-30,17.982978137586052,MODIS-Aqua,Green Red Ratio
2013-11-01,17.009511624337406,MODIS-Aqua,Green Red Ratio
2013-11-10,9.924364584672343,MODIS-Aqua,Green Red Ratio
2013-11-11,10.901197123446918,MODIS-Aqua,Green Red Ratio
2013-11-13,15.710647149163812,MODIS-Aqua,Green Red Ratio
2013-11-21,12.796831249582148,MODIS-Aqua,Green Red Ratio
2013-11-22,12.691733137673614,MODIS-Aqua,Green Red Ratio
2013-11-24,8.759626298641445,MODIS-Aqua,Green Red Ratio
2013-11-25,9.945746881839776,MODIS-Aqua,Green Red Ratio
2013-11-28,11.28534726072679,MODIS-Aqua,Green Red Ratio
2013-12-04,9.661461947438168,MODIS-Aqua,Green Red Ratio
2013-12-11,9.499757311078426,MODIS-Aqua,Green Red Ratio
2013-12-16,14.348007844916099,MODIS-Aqua,Green Red Ratio
2013-12-17,13.098599930593043,MODIS-Aqua,Green Red Ratio
2013-12-24,13.686683720474702,MODIS-Aqua,Green Red Ratio
2013-12-26,12.550041481103163,MODIS-Aqua,Green Red Ratio
2013-12-27,9.839415016062157,MODIS-Aqua,Green Red Ratio
2013-12-28,8.144004927959681,MODIS-Aqua,Green Red Ratio
2014-01-02,18.773726144148885,MODIS-Aqua,Green Red Ratio
2014-01-04,7.702414217608731,MODIS-Aqua,Green Red Ratio
2014-01-05,16.54131720277298,MODIS-Aqua,Green Red Ratio
2014-01-15,17.984550167544995,MODIS-Aqua,Green Red Ratio
2014-01-16,14.180486656706744,MODIS-Aqua,Green Red Ratio
2014-01-17,8.831298382062682,MODIS-Aqua,Green Red Ratio
2014-01-18,16.527102434096594,MODIS-Aqua,Green Red Ratio
2014-01-19,10.627997965797542,MODIS-Aqua,Green Red Ratio
2014-01-20,12.125087186188425,MODIS-Aqua,Green Red Ratio
2014-01-22,14.21216584100535,MODIS-Aqua,Green Red Ratio
2014-01-23,13.514277797368,MODIS-Aqua,Green Red Ratio
2014-01-24,27.072153229355997,MODIS-Aqua,Green Red Ratio
2014-01-25,11.679894740394628,MODIS-Aqua,Green Red Ratio
2014-01-26,8.631948420537134,MODIS-Aqua,Green Red Ratio
2014-02-22,69.3761027302135,MODIS-Aqua,Green Red Ratio
2014-02-28,18.95410940411169,MODIS-Aqua,Green Red Ratio
2014-03-07,30.090798017081248,MODIS-Aqua,Green Red Ratio
2014-03-11,60.10045435545709,MODIS-Aqua,Green Red Ratio
2014-03-12,73.02810766980319,MODIS-Aqua,Green Red Ratio
2014-03-13,38.95778327936052,MODIS-Aqua,Green Red Ratio
2014-03-18,30.749381907542986,MODIS-Aqua,Green Red Ratio
2014-03-21,55.7136554644141,MODIS-Aqua,Green Red Ratio
2014-03-22,108.28253622186672,MODIS-Aqua,Green Red Ratio
2014-03-23,34.410822366293495,MODIS-Aqua,Green Red Ratio
2014-03-24,17.390513492517854,MODIS-Aqua,Green Red Ratio
2014-04-07,126.71738168139282,MODIS-Aqua,Green Red Ratio
2014-04-10,73.02810766980319,MODIS-Aqua,Green Red Ratio
2014-04-11,94.38235005632308,MODIS-Aqua,Green Red Ratio
2014-04-12,285.47254599177535,MODIS-Aqua,Green Red Ratio
2014-04-13,176.6162213125129,MODIS-Aqua,Green Red Ratio
2014-04-28,33.41686866853411,MODIS-Aqua,Green Red Ratio
2014-04-30,32.04805170575758,MODIS-Aqua,Green Red Ratio
2014-05-07,49.98785596881162,MODIS-Aqua,Green Red Ratio
2014-05-11,49.79619850895728,MODIS-Aqua,Green Red Ratio
2014-05-13,36.93297438054979,MODIS-Aqua,Green Red Ratio
2014-05-14,49.83954307246139,MODIS-Aqua,Green Red Ratio
2014-05-16,42.56364550564288,MODIS-Aqua,Green Red Ratio
2014-05-20,21.10332637888061,MODIS-Aqua,Green Red Ratio
2014-05-21,94.68737000446004,MODIS-Aqua,Green Red Ratio
2014-05-22,55.04256183020647,MODIS-Aqua,Green Red Ratio
2014-05-29,67.16685893430174,MODIS-Aqua,Green Red Ratio
2014-05-30,76.5936629777705,MODIS-Aqua,Green Red Ratio
2014-05-31,50.417100746208234,MODIS-Aqua,Green Red Ratio
2014-06-01,26.985828314807357,MODIS-Aqua,Green Red Ratio
2014-06-02,58.40467682465151,MODIS-Aqua,Green Red Ratio
2014-06-04,73.58823169889607,MODIS-Aqua,Green Red Ratio
2014-06-05,36.18957847962665,MODIS-Aqua,Green Red Ratio
2014-06-06,64.32092885385246,MODIS-Aqua,Green Red Ratio
2014-06-07,35.67431628069652,MODIS-Aqua,Green Red Ratio
2014-06-08,47.44877500851663,MODIS-Aqua,Green Red Ratio
2014-06-09,51.26568683741738,MODIS-Aqua,Green Red Ratio
2014-06-10,15.833593187270809,MODIS-Aqua,Green Red Ratio
2014-06-19,93.79726233452254,MODIS-Aqua,Green Red Ratio
2014-06-22,48.13801162351045,MODIS-Aqua,Green Red Ratio
2014-06-30,394.4884610686302,MODIS-Aqua,Green Red Ratio
2014-07-01,292.1582102062648,MODIS-Aqua,Green Red Ratio
2014-07-03,28.18376739061494,MODIS-Aqua,Green Red Ratio
2014-07-05,48.62382228959064,MODIS-Aqua,Green Red Ratio
2014-07-06,150.8239038119847,MODIS-Aqua,Green Red Ratio
2014-07-07,71.27276072758558,MODIS-Aqua,Green Red Ratio
2014-07-09,129.92954205567463,MODIS-Aqua,Green Red Ratio
2014-07-10,157.64937958009094,MODIS-Aqua,Green Red Ratio
2014-07-12,32.54821278011992,MODIS-Aqua,Green Red Ratio
2014-07-14,23.525376481169197,MODIS-Aqua,Green Red Ratio
2014-07-15,120.53414639300584,MODIS-Aqua,Green Red Ratio
2014-07-16,146.5674091574336,MODIS-Aqua,Green Red Ratio
2014-07-17,295.12444606028527,MODIS-Aqua,Green Red Ratio
2014-07-19,25.216280382083948,MODIS-Aqua,Green Red Ratio
2014-07-25,230.29491551700823,MODIS-Aqua,Green Red Ratio
2014-07-26,109.42633251341586,MODIS-Aqua,Green Red Ratio
2014-07-28,19.8541195686055,MODIS-Aqua,Green Red Ratio
2014-07-30,20.092192521519657,MODIS-Aqua,Green Red Ratio
2014-07-31,83.23635621046411,MODIS-Aqua,Green Red Ratio
2014-08-02,52.225579949508486,MODIS-Aqua,Green Red Ratio
2014-08-04,43.443676012227506,MODIS-Aqua,Green Red Ratio
2014-08-05,100.11523063962746,MODIS-Aqua,Green Red Ratio
2014-08-06,25.518043646736274,MODIS-Aqua,Green Red Ratio
2014-08-07,243.4153291377161,MODIS-Aqua,Green Red Ratio
2014-08-08,53.704401589662815,MODIS-Aqua,Green Red Ratio
2014-08-09,70.10793934626507,MODIS-Aqua,Green Red Ratio
2014-08-10,127.91494633090385,MODIS-Aqua,Green Red Ratio
2014-08-15,77.90056241392719,MODIS-Aqua,Green Red Ratio
2014-08-16,61.08935727346159,MODIS-Aqua,Green Red Ratio
2014-08-17,64.32092885385246,MODIS-Aqua,Green Red Ratio
2014-08-18,105.8677355731857,MODIS-Aqua,Green Red Ratio
2014-08-20,74.27332141286765,MODIS-Aqua,Green Red Ratio
2014-08-21,48.39982264851293,MODIS-Aqua,Green Red Ratio
2014-08-24,70.76349175715204,MODIS-Aqua,Green Red Ratio
2014-08-25,106.00745414568381,MODIS-Aqua,Green Red Ratio
2014-08-27,113.93385639501774,MODIS-Aqua,Green Red Ratio
2014-08-28,136.3724461186397,MODIS-Aqua,Green Red Ratio
2014-08-29,52.56647045977598,MODIS-Aqua,Green Red Ratio
2014-09-01,97.75187038758182,MODIS-Aqua,Green Red Ratio
2014-09-02,224.12732767609245,MODIS-Aqua,Green Red Ratio
2014-09-03,130.1552912476565,MODIS-Aqua,Green Red Ratio
2014-09-04,238.55242218704348,MODIS-Aqua,Green Red Ratio
2014-09-05,98.27299915920797,MODIS-Aqua,Green Red Ratio
2014-09-06,132.86944049593174,MODIS-Aqua,Green Red Ratio
2014-09-07,112.1204065752848,MODIS-Aqua,Green Red Ratio
2014-09-09,179.74402243936188,MODIS-Aqua,Green Red Ratio
2014-09-10,68.4195617866973,MODIS-Aqua,Green Red Ratio
2014-09-11,286.1183846051985,MODIS-Aqua,Green Red Ratio
2014-09-12,49.00044316410753,MODIS-Aqua,Green Red Ratio
2014-09-13,135.09694383914064,MODIS-Aqua,Green Red Ratio
2014-09-14,206.99964201733414,MODIS-Aqua,Green Red Ratio
2014-09-19,243.1553371647645,MODIS-Aqua,Green Red Ratio
2014-09-20,223.11229723181236,MODIS-Aqua,Green Red Ratio
2014-09-21,121.98081377696367,MODIS-Aqua,Green Red Ratio
2014-09-27,213.50663675661616,MODIS-Aqua,Green Red Ratio
2014-09-28,35.42909295293396,MODIS-Aqua,Green Red Ratio
2014-10-01,39.831117159043906,MODIS-Aqua,Green Red Ratio
2014-10-02,61.379737964333124,MODIS-Aqua,Green Red Ratio
2014-10-03,237.02321116014318,MODIS-Aqua,Green Red Ratio
2014-10-04,59.28582521864863,MODIS-Aqua,Green Red Ratio
2014-10-06,73.02810766980319,MODIS-Aqua,Green Red Ratio
2014-10-07,75.79210122486191,MODIS-Aqua,Green Red Ratio
2014-10-08,39.580972939196386,MODIS-Aqua,Green Red Ratio
2014-10-09,50.196516765741265,MODIS-Aqua,Green Red Ratio
2014-10-10,27.67452521010549,MODIS-Aqua,Green Red Ratio
2014-10-11,36.68509124164626,MODIS-Aqua,Green Red Ratio
2014-10-12,35.85903592642226,MODIS-Aqua,Green Red Ratio
2014-10-16,385.0630778181218,MODIS-Aqua,Green Red Ratio
2014-10-19,26.663620356805012,MODIS-Aqua,Green Red Ratio
2014-11-07,14.773679594955533,MODIS-Aqua,Green Red Ratio
2014-11-11,9.485164034489072,MODIS-Aqua,Green Red Ratio
2014-11-12,12.257755716359828,MODIS-Aqua,Green Red Ratio
2014-11-16,10.478185319829148,MODIS-Aqua,Green Red Ratio
2014-11-17,6.64479879761728,MODIS-Aqua,Green Red Ratio
2014-11-30,18.01401089038351,MODIS-Aqua,Green Red Ratio
2014-12-30,10.38974419289019,MODIS-Aqua,Green Red Ratio
2014-12-31,10.018022301115465,MODIS-Aqua,Green Red Ratio
2015-01-01,19.803702516287153,MODIS-Aqua,Green Red Ratio
2015-01-02,9.044760749626196,MODIS-Aqua,Green Red Ratio
2015-01-07,11.727863942880292,MODIS-Aqua,Green Red Ratio
2015-01-13,9.966896272516191,MODIS-Aqua,Green Red Ratio
2015-01-21,17.251422237496516,MODIS-Aqua,Green Red Ratio
2015-01-24,15.659590541927052,MODIS-Aqua,Green Red Ratio
2015-01-25,16.720425221807584,MODIS-Aqua,Green Red Ratio
2015-01-28,18.287222394159276,MODIS-Aqua,Green Red Ratio
2015-01-30,15.1883253747404,MODIS-Aqua,Green Red Ratio
2015-01-31,11.679894740394628,MODIS-Aqua,Green Red Ratio
2015-02-16,16.719262235758773,MODIS-Aqua,Green Red Ratio
2015-02-17,86.7733950232935,MODIS-Aqua,Green Red Ratio
2015-02-18,29.16909511874091,MODIS-Aqua,Green Red Ratio
2015-02-19,118.79065805377624,MODIS-Aqua,Green Red Ratio
2015-02-21,7.687139712985822,MODIS-Aqua,Green Red Ratio
2015-02-22,25.10857721947014,MODIS-Aqua,Green Red Ratio
2015-02-23,76.17199549301837,MODIS-Aqua,Green Red Ratio
2015-02-24,19.924551555499566,MODIS-Aqua,Green Red Ratio
2015-02-28,132.86944049593174,MODIS-Aqua,Green Red Ratio
2015-03-01,19.660089073757074,MODIS-Aqua,Green Red Ratio
2015-03-03,18.87024943977753,MODIS-Aqua,Green Red Ratio
2015-03-04,19.503110778229736,MODIS-Aqua,Green Red Ratio
2015-03-05,14.338238860369396,MODIS-Aqua,Green Red Ratio
2015-03-07,22.589147785638588,MODIS-Aqua,Green Red Ratio
2015-03-08,36.250226358812576,MODIS-Aqua,Green Red Ratio
2015-03-09,44.75235643110626,MODIS-Aqua,Green Red Ratio
2015-03-12,25.682374953194206,MODIS-Aqua,Green Red Ratio
2015-03-16,27.40307493759621,MODIS-Aqua,Green Red Ratio
2015-03-18,54.33609099518535,MODIS-Aqua,Green Red Ratio
2015-03-26,27.461112129548475,MODIS-Aqua,Green Red Ratio
2015-03-27,109.23339970396411,MODIS-Aqua,Green Red Ratio
2015-03-29,38.98299742244057,MODIS-Aqua,Green Red Ratio
2015-04-12,47.103843005799206,MODIS-Aqua,Green Red Ratio
2015-04-15,32.25686703311307,MODIS-Aqua,Green Red Ratio
2015-04-16,57.4297011523694,MODIS-Aqua,Green Red Ratio
2015-04-17,38.20648796802181,MODIS-Aqua,Green Red Ratio
2015-04-18,24.4770092831922,MODIS-Aqua,Green Red Ratio
2015-04-19,43.21611636048126,MODIS-Aqua,Green Red Ratio
2015-04-20,25.540009860541414,MODIS-Aqua,Green Red Ratio
2015-04-22,28.383521046773325,MODIS-Aqua,Green Red Ratio
2015-04-27,32.46415458450786,MODIS-Aqua,Green Red Ratio
2015-04-30,35.7805866461226,MODIS-Aqua,Green Red Ratio
2015-05-02,23.87015715908762,MODIS-Aqua,Green Red Ratio
2015-05-03,25.991719637739738,MODIS-Aqua,Green Red Ratio
2015-05-04,22.214204210915003,MODIS-Aqua,Green Red Ratio
2015-05-05,41.53444581175732,MODIS-Aqua,Green Red Ratio
2015-05-07,30.5675892451529,MODIS-Aqua,Green Red Ratio
2015-05-08,67.72127464720569,MODIS-Aqua,Green Red Ratio
2015-05-09,23.262273073293603,MODIS-Aqua,Green Red Ratio
2015-05-26,49.78879430176247,MODIS-Aqua,Green Red Ratio
2015-05-27,67.21104678979677,MODIS-Aqua,Green Red Ratio
2015-05-28,10.833178965821796,MODIS-Aqua,Green Red Ratio
2015-05-30,13.743263789400409,MODIS-Aqua,Green Red Ratio
2015-06-04,47.45304607280022,MODIS-Aqua,Green Red Ratio
2015-06-05,34.47419584072283,MODIS-Aqua,Green Red Ratio
2015-06-07,36.3376310959197,MODIS-Aqua,Green Red Ratio
2015-06-08,47.21813069264549,MODIS-Aqua,Green Red Ratio
2015-06-10,32.49475019276296,MODIS-Aqua,Green Red Ratio
2015-06-11,142.00602778786393,MODIS-Aqua,Green Red Ratio
2015-06-12,30.338445108568028,MODIS-Aqua,Green Red Ratio
2015-06-13,9.113714175986837,MODIS-Aqua,Green Red Ratio
2015-06-14,36.29339497200791,MODIS-Aqua,Green Red Ratio
2015-06-15,10.187494760542611,MODIS-Aqua,Green Red Ratio
2015-06-17,70.05186394232649,MODIS-Aqua,Green Red Ratio
2015-06-18,23.194051016801065,MODIS-Aqua,Green Red Ratio
2015-06-20,9.846291198980934,MODIS-Aqua,Green Red Ratio
2015-06-22,15.202956120496884,MODIS-Aqua,Green Red Ratio
2015-06-23,26.361690549375528,MODIS-Aqua,Green Red Ratio
2015-06-25,52.03003339783079,MODIS-Aqua,Green Red Ratio
2015-06-26,80.64563871040345,MODIS-Aqua,Green Red Ratio
2015-06-29,10.117486813555173,MODIS-Aqua,Green Red Ratio
2015-06-30,27.778304067716846,MODIS-Aqua,Green Red Ratio
2015-07-02,109.21949763121762,MODIS-Aqua,Green Red Ratio
2015-07-03,36.7263740932333,MODIS-Aqua,Green Red Ratio
2015-07-05,16.393173434460547,MODIS-Aqua,Green Red Ratio
2015-07-06,31.5922796136487,MODIS-Aqua,Green Red Ratio
2015-07-08,14.251721796916904,MODIS-Aqua,Green Red Ratio
2015-07-12,81.33516608357178,MODIS-Aqua,Green Red Ratio
2015-07-14,28.547150509311347,MODIS-Aqua,Green Red Ratio
2015-07-15,11.79283581865947,MODIS-Aqua,Green Red Ratio
2015-07-16,28.268158188240537,MODIS-Aqua,Green Red Ratio
2015-07-17,29.756884456184586,MODIS-Aqua,Green Red Ratio
2015-07-18,51.81169044984444,MODIS-Aqua,Green Red Ratio
2015-07-19,79.78880836708524,MODIS-Aqua,Green Red Ratio
2015-07-20,115.27777903778441,MODIS-Aqua,Green Red Ratio
2015-07-21,19.94658185547352,MODIS-Aqua,Green Red Ratio
2015-07-22,18.729908152282196,MODIS-Aqua,Green Red Ratio
2015-07-23,22.998011183822626,MODIS-Aqua,Green Red Ratio
2015-07-24,7.811099566007327,MODIS-Aqua,Green Red Ratio
2015-07-28,56.14856638030716,MODIS-Aqua,Green Red Ratio
2015-07-29,179.2225431961829,MODIS-Aqua,Green Red Ratio
2015-07-30,55.907984283236075,MODIS-Aqua,Green Red Ratio
2015-07-31,20.19311986798777,MODIS-Aqua,Green Red Ratio
2015-08-01,25.630964194388717,MODIS-Aqua,Green Red Ratio
2015-08-04,31.328005992712438,MODIS-Aqua,Green Red Ratio
2015-08-05,391.72853905145615,MODIS-Aqua,Green Red Ratio
2015-08-06,38.41511667866145,MODIS-Aqua,Green Red Ratio
2015-08-07,24.099440677125056,MODIS-Aqua,Green Red Ratio
2015-08-08,19.621543681667358,MODIS-Aqua,Green Red Ratio
2015-08-12,21.49118186468739,MODIS-Aqua,Green Red Ratio
2015-08-13,19.40817528961234,MODIS-Aqua,Green Red Ratio
2015-08-15,39.25796321607529,MODIS-Aqua,Green Red Ratio
2015-08-16,25.189941472242854,MODIS-Aqua,Green Red Ratio
2015-08-17,14.28107377881868,MODIS-Aqua,Green Red Ratio
2015-08-18,30.83240024314449,MODIS-Aqua,Green Red Ratio
2015-08-19,18.277889752271875,MODIS-Aqua,Green Red Ratio
2015-08-20,18.7774845468049,MODIS-Aqua,Green Red Ratio
2015-08-21,51.757093575376864,MODIS-Aqua,Green Red Ratio
2015-08-22,34.41565460152627,MODIS-Aqua,Green Red Ratio
2015-08-23,7.742049715433711,MODIS-Aqua,Green Red Ratio
2015-08-24,18.061808565236692,MODIS-Aqua,Green Red Ratio
2015-08-25,27.908550040192594,MODIS-Aqua,Green Red Ratio
2015-08-26,15.85956428852071,MODIS-Aqua,Green Red Ratio
2015-08-31,22.585455769217866,MODIS-Aqua,Green Red Ratio
2015-09-01,21.764902816854953,MODIS-Aqua,Green Red Ratio
2015-09-03,408.13453218766443,MODIS-Aqua,Green Red Ratio
2015-09-07,30.974605752759736,MODIS-Aqua,Green Red Ratio
2015-09-08,28.383521046773325,MODIS-Aqua,Green Red Ratio
2015-09-09,16.02137430685933,MODIS-Aqua,Green Red Ratio
2015-09-10,42.99644817857424,MODIS-Aqua,Green Red Ratio
2015-09-11,28.272758624197984,MODIS-Aqua,Green Red Ratio
2015-09-12,45.28755407607604,MODIS-Aqua,Green Red Ratio
2015-09-18,21.100168160691428,MODIS-Aqua,Green Red Ratio
2015-09-19,30.349266142875514,MODIS-Aqua,Green Red Ratio
2015-09-21,56.41673615038385,MODIS-Aqua,Green Red Ratio
2015-09-22,27.56068404685665,MODIS-Aqua,Green Red Ratio
2015-09-23,55.303826794148776,MODIS-Aqua,Green Red Ratio
2015-09-24,18.217902221788865,MODIS-Aqua,Green Red Ratio
2015-09-27,16.43550356320476,MODIS-Aqua,Green Red Ratio
2015-09-28,29.291867594173546,MODIS-Aqua,Green Red Ratio
2015-09-29,81.82748264057098,MODIS-Aqua,Green Red Ratio
2015-10-01,13.302488104793976,MODIS-Aqua,Green Red Ratio
2015-10-02,18.146756641966984,MODIS-Aqua,Green Red Ratio
2015-10-03,36.38236069411244,MODIS-Aqua,Green Red Ratio
2015-10-05,39.64564633057894,MODIS-Aqua,Green Red Ratio
2015-10-11,14.878845162539546,MODIS-Aqua,Green Red Ratio
2015-10-12,19.416757967104918,MODIS-Aqua,Green Red Ratio
2015-10-13,17.62254155553881,MODIS-Aqua,Green Red Ratio
2015-10-14,8.693873277005322,MODIS-Aqua,Green Red Ratio
2015-10-20,18.32837284278916,MODIS-Aqua,Green Red Ratio
2015-10-22,15.940881217068116,MODIS-Aqua,Green Red Ratio
2015-10-26,58.175138582030016,MODIS-Aqua,Green Red Ratio
2015-11-06,13.463981475359239,MODIS-Aqua,Green Red Ratio
2015-11-21,11.257194109339679,MODIS-Aqua,Green Red Ratio
2015-11-23,12.319836330109885,MODIS-Aqua,Green Red Ratio
2015-11-25,15.078881158628267,MODIS-Aqua,Green Red Ratio
2015-11-26,13.442527533895666,MODIS-Aqua,Green Red Ratio
2015-11-27,13.523830978518088,MODIS-Aqua,Green Red Ratio
2015-11-28,15.874091761330245,MODIS-Aqua,Green Red Ratio
2015-11-29,7.3953019052473765,MODIS-Aqua,Green Red Ratio
2015-12-01,11.494386543904174,MODIS-Aqua,Green Red Ratio
2015-12-31,3.103364127403944,MODIS-Aqua,Green Red Ratio
2016-01-01,12.980688402415092,MODIS-Aqua,Green Red Ratio
2016-01-02,7.743368035816123,MODIS-Aqua,Green Red Ratio
2016-01-08,11.940427296268018,MODIS-Aqua,Green Red Ratio
2016-01-10,8.771469973377167,MODIS-Aqua,Green Red Ratio
2016-01-25,17.28121672768763,MODIS-Aqua,Green Red Ratio
2016-02-07,21.43008813277412,MODIS-Aqua,Green Red Ratio
2016-02-08,10.6986376088564,MODIS-Aqua,Green Red Ratio
2016-02-25,35.88963122107904,MODIS-Aqua,Green Red Ratio
2016-03-03,51.55527095555013,MODIS-Aqua,Green Red Ratio
2016-03-17,54.38289607767388,MODIS-Aqua,Green Red Ratio
2016-03-30,100.41419624350902,MODIS-Aqua,Green Red Ratio
2016-03-31,218.18729490798182,MODIS-Aqua,Green Red Ratio
2016-04-01,353.9918007228717,MODIS-Aqua,Green Red Ratio
2016-04-08,271.515936861093,MODIS-Aqua,Green Red Ratio
2016-04-10,239.08181990476854,MODIS-Aqua,Green Red Ratio
2016-04-11,67.74668091242386,MODIS-Aqua,Green Red Ratio
2016-04-17,111.09321070020373,MODIS-Aqua,Green Red Ratio
2016-04-18,22.69092326865128,MODIS-Aqua,Green Red Ratio
2016-04-19,158.47851741740297,MODIS-Aqua,Green Red Ratio
2016-04-30,34.107717096593156,MODIS-Aqua,Green Red Ratio
2016-05-01,135.61626362080727,MODIS-Aqua,Green Red Ratio
2016-05-02,46.3947892510091,MODIS-Aqua,Green Red Ratio
2016-05-09,31.808088558515262,MODIS-Aqua,Green Red Ratio
2016-05-10,165.91889617519809,MODIS-Aqua,Green Red Ratio
2016-05-11,152.9629661633309,MODIS-Aqua,Green Red Ratio
2016-05-30,52.36989233647724,MODIS-Aqua,Green Red Ratio
2016-05-31,40.678374740047325,MODIS-Aqua,Green Red Ratio
2016-06-03,91.84746185473495,MODIS-Aqua,Green Red Ratio
2016-06-05,89.33175601278538,MODIS-Aqua,Green Red Ratio
2016-06-06,30.55169964069162,MODIS-Aqua,Green Red Ratio
2016-06-07,32.45024349188773,MODIS-Aqua,Green Red Ratio
2016-06-12,68.5231598027764,MODIS-Aqua,Green Red Ratio
2016-06-20,135.00713084750106,MODIS-Aqua,Green Red Ratio
2016-06-21,184.5587118859766,MODIS-Aqua,Green Red Ratio
2016-06-22,28.939323813749287,MODIS-Aqua,Green Red Ratio
2016-06-25,77.86463140702615,MODIS-Aqua,Green Red Ratio
2016-06-26,49.944514101119324,MODIS-Aqua,Green Red Ratio
2016-06-27,44.08564106725813,MODIS-Aqua,Green Red Ratio
2016-06-28,93.14103748889228,MODIS-Aqua,Green Red Ratio
2016-06-29,66.49321425928365,MODIS-Aqua,Green Red Ratio
2016-06-30,222.21670953167757,MODIS-Aqua,Green Red Ratio
2016-07-02,219.38581016594875,MODIS-Aqua,Green Red Ratio
2016-07-03,74.31234587743275,MODIS-Aqua,Green Red Ratio
2016-07-04,66.14677264848979,MODIS-Aqua,Green Red Ratio
2016-07-05,101.37720975224958,MODIS-Aqua,Green Red Ratio
2016-07-11,77.6111504235335,MODIS-Aqua,Green Red Ratio
2016-07-13,203.14799355528922,MODIS-Aqua,Green Red Ratio
2016-07-14,79.62563650704878,MODIS-Aqua,Green Red Ratio
2016-07-15,259.90657983604854,MODIS-Aqua,Green Red Ratio
2016-07-16,274.91476592283203,MODIS-Aqua,Green Red Ratio
2016-07-17,20.09005448613175,MODIS-Aqua,Green Red Ratio
2016-07-20,136.55507709731577,MODIS-Aqua,Green Red Ratio
2016-07-21,64.00534172593132,MODIS-Aqua,Green Red Ratio
2016-07-22,151.3326815842705,MODIS-Aqua,Green Red Ratio
2016-07-23,157.43724635670716,MODIS-Aqua,Green Red Ratio
2016-07-24,27.97491412770098,MODIS-Aqua,Green Red Ratio
2016-07-25,65.48373728652597,MODIS-Aqua,Green Red Ratio
2016-07-26,24.761835564839306,MODIS-Aqua,Green Red Ratio
2016-07-27,77.95917544518906,MODIS-Aqua,Green Red Ratio
2016-07-28,137.56051887397385,MODIS-Aqua,Green Red Ratio
2016-07-29,97.50725095421775,MODIS-Aqua,Green Red Ratio
2016-07-30,77.38290919516686,MODIS-Aqua,Green Red Ratio
2016-07-31,53.35151446835643,MODIS-Aqua,Green Red Ratio
2016-08-01,140.92644256400072,MODIS-Aqua,Green Red Ratio
2016-08-03,65.34066223718891,MODIS-Aqua,Green Red Ratio
2016-08-04,67.47750276434734,MODIS-Aqua,Green Red Ratio
2016-08-05,184.30956423391748,MODIS-Aqua,Green Red Ratio
2016-08-06,38.279483793720196,MODIS-Aqua,Green Red Ratio
2016-08-07,50.17413863058022,MODIS-Aqua,Green Red Ratio
2016-08-10,67.7056161804091,MODIS-Aqua,Green Red Ratio
2016-08-11,25.621449390705017,MODIS-Aqua,Green Red Ratio
2016-08-12,90.34081943877425,MODIS-Aqua,Green Red Ratio
2016-08-14,49.84170927250221,MODIS-Aqua,Green Red Ratio
2016-08-16,90.14646045218441,MODIS-Aqua,Green Red Ratio
2016-08-17,144.4706610349235,MODIS-Aqua,Green Red Ratio
2016-08-18,29.679549611605406,MODIS-Aqua,Green Red Ratio
2016-08-19,39.13458710201099,MODIS-Aqua,Green Red Ratio
2016-08-20,38.78837237157018,MODIS-Aqua,Green Red Ratio
2016-08-21,45.723502510465515,MODIS-Aqua,Green Red Ratio
2016-08-23,43.19005637312573,MODIS-Aqua,Green Red Ratio
2016-08-24,98.06584228642797,MODIS-Aqua,Green Red Ratio
2016-08-25,33.32717216142109,MODIS-Aqua,Green Red Ratio
2016-08-27,51.874715482475956,MODIS-Aqua,Green Red Ratio
2016-08-28,146.80728804416188,MODIS-Aqua,Green Red Ratio
2016-08-30,26.63159950178251,MODIS-Aqua,Green Red Ratio
2016-09-05,77.49066312366425,MODIS-Aqua,Green Red Ratio
2016-09-07,71.47264677885602,MODIS-Aqua,Green Red Ratio
2016-09-09,191.43861737727332,MODIS-Aqua,Green Red Ratio
2016-09-11,48.563482581685314,MODIS-Aqua,Green Red Ratio
2016-09-12,73.02810766980319,MODIS-Aqua,Green Red Ratio
2016-09-13,26.6504584693259,MODIS-Aqua,Green Red Ratio
2016-09-14,54.00222874265908,MODIS-Aqua,Green Red Ratio
2016-09-15,26.357117924519414,MODIS-Aqua,Green Red Ratio
2016-09-20,51.836819454420294,MODIS-Aqua,Green Red Ratio
2016-09-21,278.03063761512294,MODIS-Aqua,Green Red Ratio
2016-09-24,36.066044111736794,MODIS-Aqua,Green Red Ratio
2016-09-25,156.10169619553614,MODIS-Aqua,Green Red Ratio
2016-09-26,25.654808080056295,MODIS-Aqua,Green Red Ratio
2016-09-27,37.29491329827177,MODIS-Aqua,Green Red Ratio
2016-09-28,86.59868337670494,MODIS-Aqua,Green Red Ratio
2016-09-30,130.6005363915499,MODIS-Aqua,Green Red Ratio
2016-10-11,99.60271779853474,MODIS-Aqua,Green Red Ratio
2016-10-12,27.24415431034803,MODIS-Aqua,Green Red Ratio
2016-10-22,17.29613236001017,MODIS-Aqua,Green Red Ratio
2016-10-28,19.606128820534575,MODIS-Aqua,Green Red Ratio
2016-11-08,13.808336231250937,MODIS-Aqua,Green Red Ratio
2016-11-09,10.99758629541307,MODIS-Aqua,Green Red Ratio
2016-11-10,15.436818736732627,MODIS-Aqua,Green Red Ratio
2017-01-27,5.214184521432047,MODIS-Aqua,Green Red Ratio
2017-02-17,19.112673634704628,MODIS-Aqua,Green Red Ratio
2017-03-02,13.090087646125106,MODIS-Aqua,Green Red Ratio
2017-03-19,34.34627067567206,MODIS-Aqua,Green Red Ratio
2017-03-31,83.36769684058402,MODIS-Aqua,Green Red Ratio
2017-04-03,67.15070134331594,MODIS-Aqua,Green Red Ratio
2017-04-21,222.96351682357155,MODIS-Aqua,Green Red Ratio
2017-05-07,254.6614537031367,MODIS-Aqua,Green Red Ratio
2017-05-08,53.722409536126975,MODIS-Aqua,Green Red Ratio
2017-05-10,20.95023915440067,MODIS-Aqua,Green Red Ratio
2017-05-18,84.98460538223975,MODIS-Aqua,Green Red Ratio
2017-05-19,25.63394023274391,MODIS-Aqua,Green Red Ratio
2017-05-20,183.97085291659732,MODIS-Aqua,Green Red Ratio
2017-05-21,49.1183674544414,MODIS-Aqua,Green Red Ratio
2017-05-22,228.68752766265152,MODIS-Aqua,Green Red Ratio
2017-05-23,146.50872308048633,MODIS-Aqua,Green Red Ratio
2017-05-24,38.75933334029046,MODIS-Aqua,Green Red Ratio
2017-05-26,160.80625993084604,MODIS-Aqua,Green Red Ratio
2017-05-27,139.25543994523778,MODIS-Aqua,Green Red Ratio
2017-05-28,67.26116349988321,MODIS-Aqua,Green Red Ratio
2017-05-29,74.50522990961638,MODIS-Aqua,Green Red Ratio
2017-05-31,67.369502012876,MODIS-Aqua,Green Red Ratio
2017-06-02,24.134775233933436,MODIS-Aqua,Green Red Ratio
2017-06-06,35.66025325338806,MODIS-Aqua,Green Red Ratio
2017-06-17,126.33853543989306,MODIS-Aqua,Green Red Ratio
2017-06-18,26.528214984514822,MODIS-Aqua,Green Red Ratio
2017-06-19,128.35974711781577,MODIS-Aqua,Green Red Ratio
2017-06-21,31.5922796136487,MODIS-Aqua,Green Red Ratio
2017-06-22,98.504841538695,MODIS-Aqua,Green Red Ratio
2017-06-23,318.42914553698387,MODIS-Aqua,Green Red Ratio
2017-06-24,115.9708810133802,MODIS-Aqua,Green Red Ratio
2017-06-26,99.36719689452183,MODIS-Aqua,Green Red Ratio
2017-06-27,80.14060819271626,MODIS-Aqua,Green Red Ratio
2017-06-28,167.42249846873253,MODIS-Aqua,Green Red Ratio
2017-06-29,42.679074606575874,MODIS-Aqua,Green Red Ratio
2017-06-30,86.45797589162417,MODIS-Aqua,Green Red Ratio
2017-07-01,66.50820001810992,MODIS-Aqua,Green Red Ratio
2017-07-02,70.40048577004104,MODIS-Aqua,Green Red Ratio
2017-07-03,94.38235005632308,MODIS-Aqua,Green Red Ratio
2017-07-04,26.931773219637243,MODIS-Aqua,Green Red Ratio
2017-07-05,147.6385712077467,MODIS-Aqua,Green Red Ratio
2017-07-06,55.231523084106804,MODIS-Aqua,Green Red Ratio
2017-07-07,143.12489321839476,MODIS-Aqua,Green Red Ratio
2017-07-08,76.21787515983546,MODIS-Aqua,Green Red Ratio
2017-07-09,226.19265174920088,MODIS-Aqua,Green Red Ratio
2017-07-10,148.33008821567606,MODIS-Aqua,Green Red Ratio
2017-07-11,28.403397217607928,MODIS-Aqua,Green Red Ratio
2017-07-12,153.10475287497383,MODIS-Aqua,Green Red Ratio
2017-07-14,138.81766808990972,MODIS-Aqua,Green Red Ratio
2017-07-15,33.99537999509801,MODIS-Aqua,Green Red Ratio
2017-07-16,215.4629759126591,MODIS-Aqua,Green Red Ratio
2017-07-17,205.81885099860895,MODIS-Aqua,Green Red Ratio
2017-07-19,169.18155795431224,MODIS-Aqua,Green Red Ratio
2017-07-20,23.017965422126448,MODIS-Aqua,Green Red Ratio
2017-07-21,166.38678097487355,MODIS-Aqua,Green Red Ratio
2017-07-22,24.145611088245847,MODIS-Aqua,Green Red Ratio
2017-07-24,75.24658595393582,MODIS-Aqua,Green Red Ratio
2017-07-25,174.01189464283885,MODIS-Aqua,Green Red Ratio
2017-07-26,234.9537090408521,MODIS-Aqua,Green Red Ratio
2017-07-27,49.41525775276946,MODIS-Aqua,Green Red Ratio
2017-07-28,138.9697370116811,MODIS-Aqua,Green Red Ratio
2017-07-29,16.701612562608936,MODIS-Aqua,Green Red Ratio
2017-07-31,101.17674166386263,MODIS-Aqua,Green Red Ratio
2017-08-01,137.59536220630986,MODIS-Aqua,Green Red Ratio
2017-08-04,46.590088044906175,MODIS-Aqua,Green Red Ratio
2017-08-05,31.23556674665849,MODIS-Aqua,Green Red Ratio
2017-08-08,45.715409009401334,MODIS-Aqua,Green Red Ratio
2017-08-09,295.12444606028527,MODIS-Aqua,Green Red Ratio
2017-08-10,50.55314025085649,MODIS-Aqua,Green Red Ratio
2017-08-16,77.71830017954022,MODIS-Aqua,Green Red Ratio
2017-08-17,117.13911428374266,MODIS-Aqua,Green Red Ratio
2017-08-18,272.4878718558527,MODIS-Aqua,Green Red Ratio
2017-08-19,64.11836296682634,MODIS-Aqua,Green Red Ratio
2017-08-21,33.38681341151045,MODIS-Aqua,Green Red Ratio
2017-08-24,185.09263533367323,MODIS-Aqua,Green Red Ratio
2017-08-25,27.73214637486003,MODIS-Aqua,Green Red Ratio
2017-08-26,50.196516765741265,MODIS-Aqua,Green Red Ratio
2017-08-29,14.420277332681165,MODIS-Aqua,Green Red Ratio
2017-08-31,78.3366854748083,MODIS-Aqua,Green Red Ratio
2017-09-02,54.240022933707024,MODIS-Aqua,Green Red Ratio
2017-09-07,120.08601140337518,MODIS-Aqua,Green Red Ratio
2017-09-09,117.13911428374266,MODIS-Aqua,Green Red Ratio
2017-09-10,77.00559264827169,MODIS-Aqua,Green Red Ratio
2017-09-11,233.75293471616777,MODIS-Aqua,Green Red Ratio
2017-09-14,39.01668523405932,MODIS-Aqua,Green Red Ratio
2017-09-15,34.16429571112415,MODIS-Aqua,Green Red Ratio
2017-09-24,62.029555273058186,MODIS-Aqua,Green Red Ratio
2017-09-26,313.4455958162843,MODIS-Aqua,Green Red Ratio
2017-09-27,209.63841402713774,MODIS-Aqua,Green Red Ratio
2017-09-28,56.566895808242656,MODIS-Aqua,Green Red Ratio
2017-10-02,33.96369808963883,MODIS-Aqua,Green Red Ratio
2017-10-03,144.0364901099189,MODIS-Aqua,Green Red Ratio
2017-10-04,164.46565775641685,MODIS-Aqua,Green Red Ratio
2017-10-05,235.2582896305761,MODIS-Aqua,Green Red Ratio
2017-10-06,47.06203132802482,MODIS-Aqua,Green Red Ratio
2017-10-14,74.7975632289101,MODIS-Aqua,Green Red Ratio
2017-10-15,85.03059767039329,MODIS-Aqua,Green Red Ratio
2017-10-16,47.444284524652105,MODIS-Aqua,Green Red Ratio
2017-10-23,78.40247992907788,MODIS-Aqua,Green Red Ratio
2017-10-24,281.59057944251464,MODIS-Aqua,Green Red Ratio
2017-10-26,172.2534874435875,MODIS-Aqua,Green Red Ratio
2017-10-27,27.38327369003418,MODIS-Aqua,Green Red Ratio
2017-10-28,28.653903231376756,MODIS-Aqua,Green Red Ratio
2017-10-30,32.21577919270939,MODIS-Aqua,Green Red Ratio
2017-10-31,112.57529401138427,MODIS-Aqua,Green Red Ratio
2017-11-14,12.432350197537408,MODIS-Aqua,Green Red Ratio
2017-12-04,11.293590700905913,MODIS-Aqua,Green Red Ratio
2017-12-05,18.092626878950465,MODIS-Aqua,Green Red Ratio
2017-12-06,10.51109262547412,MODIS-Aqua,Green Red Ratio
2017-12-07,20.464281475764757,MODIS-Aqua,Green Red Ratio
2017-12-08,13.47453047109881,MODIS-Aqua,Green Red Ratio
2017-12-09,25.192905135330086,MODIS-Aqua,Green Red Ratio
2017-12-10,18.40780345056372,MODIS-Aqua,Green Red Ratio
2017-12-11,17.776792412324507,MODIS-Aqua,Green Red Ratio
2017-12-13,9.869506514539532,MODIS-Aqua,Green Red Ratio
2017-12-21,11.04791837216409,MODIS-Aqua,Green Red Ratio
2017-12-31,12.683302741471445,MODIS-Aqua,Green Red Ratio
2018-01-01,27.59918385420453,MODIS-Aqua,Green Red Ratio
2018-01-03,20.27035879313168,MODIS-Aqua,Green Red Ratio
2018-01-13,13.462427870189057,MODIS-Aqua,Green Red Ratio
2018-01-14,19.50993299906574,MODIS-Aqua,Green Red Ratio
2018-02-06,13.068202400775847,MODIS-Aqua,Green Red Ratio
2018-02-12,11.486824285902305,MODIS-Aqua,Green Red Ratio
2018-02-13,13.530273027263469,MODIS-Aqua,Green Red Ratio
2018-03-06,18.583018095511534,MODIS-Aqua,Green Red Ratio
2018-03-11,42.846123972128225,MODIS-Aqua,Green Red Ratio
2018-03-20,43.012226917143124,MODIS-Aqua,Green Red Ratio
2018-03-28,35.999301017218436,MODIS-Aqua,Green Red Ratio
2018-04-06,21.842165124882698,MODIS-Aqua,Green Red Ratio
2018-04-21,58.87262845282349,MODIS-Aqua,Green Red Ratio
2018-04-22,97.61558621792429,MODIS-Aqua,Green Red Ratio
2018-04-23,75.26933524146484,MODIS-Aqua,Green Red Ratio
2018-04-24,41.32708249535073,MODIS-Aqua,Green Red Ratio
2018-04-25,43.85952114772711,MODIS-Aqua,Green Red Ratio
2018-04-26,56.80113412062196,MODIS-Aqua,Green Red Ratio
2018-05-02,113.77177542427775,MODIS-Aqua,Green Red Ratio
2018-05-07,77.62721989282757,MODIS-Aqua,Green Red Ratio
2018-05-13,40.137931565954496,MODIS-Aqua,Green Red Ratio
2018-05-14,79.79927484452217,MODIS-Aqua,Green Red Ratio
2018-05-17,108.1738442619044,MODIS-Aqua,Green Red Ratio
2018-05-18,70.68247874313847,MODIS-Aqua,Green Red Ratio
2018-05-20,38.30537852813881,MODIS-Aqua,Green Red Ratio
2018-05-21,70.80193554318285,MODIS-Aqua,Green Red Ratio
2018-05-23,37.22866285330608,MODIS-Aqua,Green Red Ratio
2018-05-24,49.61880106275656,MODIS-Aqua,Green Red Ratio
2018-05-27,28.849782398290074,MODIS-Aqua,Green Red Ratio
2018-05-28,107.34331080746918,MODIS-Aqua,Green Red Ratio
2018-06-01,129.7262021339889,MODIS-Aqua,Green Red Ratio
2018-06-02,86.85570211143794,MODIS-Aqua,Green Red Ratio
2018-06-05,59.07273430118461,MODIS-Aqua,Green Red Ratio
2018-06-06,45.96298325529887,MODIS-Aqua,Green Red Ratio
2018-06-12,31.478747601856327,MODIS-Aqua,Green Red Ratio
2018-06-15,60.32443165038135,MODIS-Aqua,Green Red Ratio
2018-06-19,99.26361273795197,MODIS-Aqua,Green Red Ratio
2018-06-21,22.013457639220295,MODIS-Aqua,Green Red Ratio
2018-06-22,224.55016429394098,MODIS-Aqua,Green Red Ratio
2018-06-23,109.64508317739437,MODIS-Aqua,Green Red Ratio
2018-06-24,71.20900702137924,MODIS-Aqua,Green Red Ratio
2018-06-25,102.01137153322843,MODIS-Aqua,Green Red Ratio
2018-06-26,96.78597466863413,MODIS-Aqua,Green Red Ratio
2018-06-27,128.37037652975434,MODIS-Aqua,Green Red Ratio
2018-06-28,48.07818909127613,MODIS-Aqua,Green Red Ratio
2018-06-29,116.6036116714822,MODIS-Aqua,Green Red Ratio
2018-06-30,27.3092611305775,MODIS-Aqua,Green Red Ratio
2018-07-03,312.7899137609791,MODIS-Aqua,Green Red Ratio
2018-07-05,68.22972359571322,MODIS-Aqua,Green Red Ratio
2018-07-07,68.28093808239608,MODIS-Aqua,Green Red Ratio
2018-07-08,90.72551686549751,MODIS-Aqua,Green Red Ratio
2018-07-09,50.360781574340514,MODIS-Aqua,Green Red Ratio
2018-07-10,217.26680150613518,MODIS-Aqua,Green Red Ratio
2018-07-11,276.97228570680403,MODIS-Aqua,Green Red Ratio
2018-07-14,42.282244845689874,MODIS-Aqua,Green Red Ratio
2018-07-16,56.8433968325635,MODIS-Aqua,Green Red Ratio
2018-07-17,196.6292239839359,MODIS-Aqua,Green Red Ratio
2018-07-18,70.25216612489743,MODIS-Aqua,Green Red Ratio
2018-07-19,62.12817662925529,MODIS-Aqua,Green Red Ratio
2018-07-20,246.4592753168946,MODIS-Aqua,Green Red Ratio
2018-07-21,204.64781287439936,MODIS-Aqua,Green Red Ratio
2018-07-22,342.24759825033374,MODIS-Aqua,Green Red Ratio
2018-07-24,61.52863289306383,MODIS-Aqua,Green Red Ratio
2018-07-25,42.57667834628825,MODIS-Aqua,Green Red Ratio
2018-07-26,327.28962023018755,MODIS-Aqua,Green Red Ratio
2018-07-27,152.83704376618442,MODIS-Aqua,Green Red Ratio
2018-07-28,155.3630846089162,MODIS-Aqua,Green Red Ratio
2018-07-29,215.12010579598825,MODIS-Aqua,Green Red Ratio
2018-07-30,44.845809536699235,MODIS-Aqua,Green Red Ratio
2018-07-31,68.57750724366834,MODIS-Aqua,Green Red Ratio
2018-08-01,28.56487524608875,MODIS-Aqua,Green Red Ratio
2018-08-02,161.87391790960658,MODIS-Aqua,Green Red Ratio
2018-08-04,45.024577216471165,MODIS-Aqua,Green Red Ratio
2018-08-05,43.281540711272974,MODIS-Aqua,Green Red Ratio
2018-08-06,63.74717890026497,MODIS-Aqua,Green Red Ratio
2018-08-07,49.03524540133798,MODIS-Aqua,Green Red Ratio
2018-08-08,27.589162845386365,MODIS-Aqua,Green Red Ratio
2018-08-09,36.77186958960801,MODIS-Aqua,Green Red Ratio
2018-08-10,24.505953560184256,MODIS-Aqua,Green Red Ratio
2018-08-12,63.60701769937452,MODIS-Aqua,Green Red Ratio
2018-08-14,41.72860708935078,MODIS-Aqua,Green Red Ratio
2018-08-17,23.689973724008297,MODIS-Aqua,Green Red Ratio
2018-08-18,79.679145406209,MODIS-Aqua,Green Red Ratio
2018-08-19,56.14524291782405,MODIS-Aqua,Green Red Ratio
2018-08-21,26.457068140868714,MODIS-Aqua,Green Red Ratio
2018-08-22,35.56514290771521,MODIS-Aqua,Green Red Ratio
2018-08-24,26.554051189326312,MODIS-Aqua,Green Red Ratio
2018-08-28,135.90454358192565,MODIS-Aqua,Green Red Ratio
2018-08-29,42.454516571956965,MODIS-Aqua,Green Red Ratio
2018-08-31,7.842774869070238,MODIS-Aqua,Green Red Ratio
2018-09-01,71.56953429761778,MODIS-Aqua,Green Red Ratio
2018-09-02,32.878346528370415,MODIS-Aqua,Green Red Ratio
2018-09-03,52.96789310828705,MODIS-Aqua,Green Red Ratio
2018-09-04,67.04346739856308,MODIS-Aqua,Green Red Ratio
2018-09-05,34.05141249441129,MODIS-Aqua,Green Red Ratio
2018-09-07,122.340991151475,MODIS-Aqua,Green Red Ratio
2018-09-08,35.58107541695758,MODIS-Aqua,Green Red Ratio
2018-09-09,63.76339519963596,MODIS-Aqua,Green Red Ratio
2018-09-14,15.149729972216317,MODIS-Aqua,Green Red Ratio
2018-09-18,46.16565778636835,MODIS-Aqua,Green Red Ratio
2018-09-19,35.857641110947206,MODIS-Aqua,Green Red Ratio
2018-09-20,181.32442365567832,MODIS-Aqua,Green Red Ratio
2018-09-24,49.066097561625355,MODIS-Aqua,Green Red Ratio
2018-09-25,105.90669117131073,MODIS-Aqua,Green Red Ratio
2018-09-26,61.79452961793028,MODIS-Aqua,Green Red Ratio
2018-09-27,397.6040106489143,MODIS-Aqua,Green Red Ratio
2018-09-28,29.121139085480774,MODIS-Aqua,Green Red Ratio
2018-10-11,466.5117718832196,MODIS-Aqua,Green Red Ratio
2018-10-12,34.77899405000925,MODIS-Aqua,Green Red Ratio
2018-10-13,50.77761901841558,MODIS-Aqua,Green Red Ratio
2018-10-14,23.08549230849129,MODIS-Aqua,Green Red Ratio
2018-10-15,71.4270679327305,MODIS-Aqua,Green Red Ratio
2018-10-16,19.248381577655202,MODIS-Aqua,Green Red Ratio
2018-10-17,55.04817633207337,MODIS-Aqua,Green Red Ratio
2018-10-18,37.22866285330608,MODIS-Aqua,Green Red Ratio
2018-10-19,27.634076234545226,MODIS-Aqua,Green Red Ratio
2018-10-20,29.07970231398691,MODIS-Aqua,Green Red Ratio
2018-10-21,28.392868731993833,MODIS-Aqua,Green Red Ratio
2018-10-22,23.85198359938136,MODIS-Aqua,Green Red Ratio
2018-10-30,14.297033638190749,MODIS-Aqua,Green Red Ratio
2018-11-07,12.233078422471152,MODIS-Aqua,Green Red Ratio
2018-11-08,12.495779804535912,MODIS-Aqua,Green Red Ratio
2018-11-10,7.65924883529383,MODIS-Aqua,Green Red Ratio
2018-11-11,12.056816538806627,MODIS-Aqua,Green Red Ratio
2018-11-12,10.786250389129147,MODIS-Aqua,Green Red Ratio
2018-11-15,9.937385614846038,MODIS-Aqua,Green Red Ratio
2018-11-16,12.072802128801351,MODIS-Aqua,Green Red Ratio
2018-11-17,11.215867302603122,MODIS-Aqua,Green Red Ratio
2018-11-18,10.766638110485964,MODIS-Aqua,Green Red Ratio
2018-11-19,11.90040932290938,MODIS-Aqua,Green Red Ratio
2018-11-24,10.529073079754214,MODIS-Aqua,Green Red Ratio
2018-12-03,7.778686796927012,MODIS-Aqua,Green Red Ratio
2018-12-04,12.627215314998434,MODIS-Aqua,Green Red Ratio
2018-12-05,7.465996864055768,MODIS-Aqua,Green Red Ratio
2018-12-06,9.810505654497558,MODIS-Aqua,Green Red Ratio
2018-12-13,8.47910833655512,MODIS-Aqua,Green Red Ratio
2019-01-12,9.967731887273416,MODIS-Aqua,Green Red Ratio
2019-01-13,8.034882257381511,MODIS-Aqua,Green Red Ratio
2019-01-14,11.65190748465799,MODIS-Aqua,Green Red Ratio
2019-01-24,10.166598739066352,MODIS-Aqua,Green Red Ratio
2019-01-25,12.301225093859873,MODIS-Aqua,Green Red Ratio
2019-01-29,7.795213974159257,MODIS-Aqua,Green Red Ratio
2019-01-30,10.440014584061924,MODIS-Aqua,Green Red Ratio
2019-01-31,7.750255442348834,MODIS-Aqua,Green Red Ratio
2019-03-02,11.255076501637427,MODIS-Aqua,Green Red Ratio
2019-03-03,14.897127350303514,MODIS-Aqua,Green Red Ratio
2019-03-04,19.970485569131252,MODIS-Aqua,Green Red Ratio
2019-03-14,29.88328649677381,MODIS-Aqua,Green Red Ratio
2019-03-17,13.561289447972566,MODIS-Aqua,Green Red Ratio
2019-03-18,21.139696984315535,MODIS-Aqua,Green Red Ratio
2019-03-24,47.13985991544074,MODIS-Aqua,Green Red Ratio
2019-03-30,34.51637203200754,MODIS-Aqua,Green Red Ratio
2019-04-18,53.09543700851175,MODIS-Aqua,Green Red Ratio
2019-04-24,37.377507584204224,MODIS-Aqua,Green Red Ratio
2019-04-26,54.08033423277969,MODIS-Aqua,Green Red Ratio
2019-04-28,146.22267198238728,MODIS-Aqua,Green Red Ratio
2019-04-29,80.00339222642103,MODIS-Aqua,Green Red Ratio
2019-05-01,117.3938751504414,MODIS-Aqua,Green Red Ratio
2019-05-02,88.35876559387198,MODIS-Aqua,Green Red Ratio
2019-05-03,111.57431536401083,MODIS-Aqua,Green Red Ratio
2019-05-04,90.99956119679862,MODIS-Aqua,Green Red Ratio
2019-05-05,23.74905382423665,MODIS-Aqua,Green Red Ratio
2019-05-06,100.19259985421853,MODIS-Aqua,Green Red Ratio
2019-05-07,32.030248006953855,MODIS-Aqua,Green Red Ratio
2019-05-08,48.22693578511844,MODIS-Aqua,Green Red Ratio
2019-05-09,38.02084572355678,MODIS-Aqua,Green Red Ratio
2019-05-10,186.70148088823174,MODIS-Aqua,Green Red Ratio
2019-05-11,116.49211273319645,MODIS-Aqua,Green Red Ratio
2019-05-12,124.16480069852499,MODIS-Aqua,Green Red Ratio
2019-05-13,27.44486502993889,MODIS-Aqua,Green Red Ratio
2019-05-21,65.79774909815366,MODIS-Aqua,Green Red Ratio
2019-05-23,28.22617386065378,MODIS-Aqua,Green Red Ratio
2019-05-29,27.212346281793515,MODIS-Aqua,Green Red Ratio
2019-06-01,17.529702016869237,MODIS-Aqua,Green Red Ratio
2019-06-02,95.97454290729982,MODIS-Aqua,Green Red Ratio
2019-06-03,35.36459799899816,MODIS-Aqua,Green Red Ratio
2019-06-04,117.2035865417025,MODIS-Aqua,Green Red Ratio
2019-06-09,70.04857886347749,MODIS-Aqua,Green Red Ratio
2019-06-10,36.42531842263032,MODIS-Aqua,Green Red Ratio
2019-06-11,207.48837394547394,MODIS-Aqua,Green Red Ratio
2019-06-12,109.0936417906539,MODIS-Aqua,Green Red Ratio
2019-06-13,125.7063004379783,MODIS-Aqua,Green Red Ratio
2019-06-14,97.55849135405307,MODIS-Aqua,Green Red Ratio
2019-06-15,36.32724628921753,MODIS-Aqua,Green Red Ratio
2019-06-16,65.19415776822339,MODIS-Aqua,Green Red Ratio
2019-06-18,105.24741913530632,MODIS-Aqua,Green Red Ratio
2019-06-19,36.38670111241358,MODIS-Aqua,Green Red Ratio
2019-06-22,67.65608265678573,MODIS-Aqua,Green Red Ratio
2019-06-23,361.0790969919791,MODIS-Aqua,Green Red Ratio
2019-06-24,34.79377300492993,MODIS-Aqua,Green Red Ratio
2019-06-26,29.990100141865874,MODIS-Aqua,Green Red Ratio
2019-06-29,26.901980603280922,MODIS-Aqua,Green Red Ratio
2019-06-30,284.9514660721912,MODIS-Aqua,Green Red Ratio
2019-07-04,148.4244948684079,MODIS-Aqua,Green Red Ratio
2019-07-05,31.806813293298454,MODIS-Aqua,Green Red Ratio
2019-07-08,76.65947890368459,MODIS-Aqua,Green Red Ratio
2019-07-13,311.6274061678704,MODIS-Aqua,Green Red Ratio
2019-07-14,29.72142717627126,MODIS-Aqua,Green Red Ratio
2019-07-19,46.69664647171363,MODIS-Aqua,Green Red Ratio
2019-07-20,129.20056168447206,MODIS-Aqua,Green Red Ratio
2019-07-21,40.32387025500028,MODIS-Aqua,Green Red Ratio
2019-07-22,84.99758633047473,MODIS-Aqua,Green Red Ratio
2019-07-24,74.24107010305546,MODIS-Aqua,Green Red Ratio
2019-07-25,148.26778391643256,MODIS-Aqua,Green Red Ratio
2019-07-26,27.507939110437913,MODIS-Aqua,Green Red Ratio
2019-07-28,32.781168796886526,MODIS-Aqua,Green Red Ratio
2019-07-29,177.97956257230612,MODIS-Aqua,Green Red Ratio
2019-07-30,64.78926235308232,MODIS-Aqua,Green Red Ratio
2019-07-31,272.4878718558527,MODIS-Aqua,Green Red Ratio
2019-08-01,74.64087607690206,MODIS-Aqua,Green Red Ratio
2019-08-03,68.66446275750022,MODIS-Aqua,Green Red Ratio
2019-08-04,15.167267060103825,MODIS-Aqua,Green Red Ratio
2019-08-05,54.02239693100962,MODIS-Aqua,Green Red Ratio
2019-08-06,58.41163376006693,MODIS-Aqua,Green Red Ratio
2019-08-07,136.02496973548116,MODIS-Aqua,Green Red Ratio
2019-08-13,62.38584822152179,MODIS-Aqua,Green Red Ratio
2019-08-14,275.7458646214957,MODIS-Aqua,Green Red Ratio
2019-08-15,129.02312524219982,MODIS-Aqua,Green Red Ratio
2019-08-16,198.5332014349836,MODIS-Aqua,Green Red Ratio
2019-08-18,34.59193444750689,MODIS-Aqua,Green Red Ratio
2019-08-19,84.37873156012326,MODIS-Aqua,Green Red Ratio
2019-08-22,54.31887069894024,MODIS-Aqua,Green Red Ratio
2019-08-24,52.595067258771735,MODIS-Aqua,Green Red Ratio
2019-08-25,59.341949636919935,MODIS-Aqua,Green Red Ratio
2019-08-26,195.71241668955156,MODIS-Aqua,Green Red Ratio
2019-08-27,71.73111149288486,MODIS-Aqua,Green Red Ratio
2019-08-28,62.9162943031419,MODIS-Aqua,Green Red Ratio
2019-08-30,146.60681436631185,MODIS-Aqua,Green Red Ratio
2019-08-31,112.1204065752848,MODIS-Aqua,Green Red Ratio
2019-09-01,83.70925594850344,MODIS-Aqua,Green Red Ratio
2019-09-02,77.11174073949829,MODIS-Aqua,Green Red Ratio
2019-09-03,155.45503534360023,MODIS-Aqua,Green Red Ratio
2019-09-04,42.00900856768911,MODIS-Aqua,Green Red Ratio
2019-09-05,20.462786402743276,MODIS-Aqua,Green Red Ratio
2019-09-06,108.72425680873337,MODIS-Aqua,Green Red Ratio
2019-09-12,314.5803499533076,MODIS-Aqua,Green Red Ratio
2019-09-21,66.13851528463485,MODIS-Aqua,Green Red Ratio
2019-09-24,26.93177321963727,MODIS-Aqua,Green Red Ratio
2019-09-25,33.899951895709336,MODIS-Aqua,Green Red Ratio
2019-09-28,20.743581960477165,MODIS-Aqua,Green Red Ratio
2019-10-01,35.13918154016573,MODIS-Aqua,Green Red Ratio
2019-10-05,116.3219729709996,MODIS-Aqua,Green Red Ratio
2019-10-06,42.82592968581117,MODIS-Aqua,Green Red Ratio
2019-10-07,54.94325230087734,MODIS-Aqua,Green Red Ratio
2019-10-09,60.86664684611346,MODIS-Aqua,Green Red Ratio
2019-10-10,28.249986651056286,MODIS-Aqua,Green Red Ratio
2019-10-11,13.689786311876315,MODIS-Aqua,Green Red Ratio
2019-10-14,37.15480450500548,MODIS-Aqua,Green Red Ratio
2019-10-24,44.8965306487848,MODIS-Aqua,Green Red Ratio
2019-10-27,44.95022720183541,MODIS-Aqua,Green Red Ratio
2019-10-28,18.587789282510823,MODIS-Aqua,Green Red Ratio
2019-10-29,15.808815417714246,MODIS-Aqua,Green Red Ratio
2019-10-30,12.523779535596262,MODIS-Aqua,Green Red Ratio
2019-11-01,18.54192892476323,MODIS-Aqua,Green Red Ratio
2019-11-02,12.477766347394354,MODIS-Aqua,Green Red Ratio
2019-11-03,25.670858611160135,MODIS-Aqua,Green Red Ratio
2019-11-04,18.368827723647946,MODIS-Aqua,Green Red Ratio
2019-11-06,8.51640200096537,MODIS-Aqua,Green Red Ratio
2019-11-11,11.379676517994486,MODIS-Aqua,Green Red Ratio
2019-11-13,12.212311260649093,MODIS-Aqua,Green Red Ratio
2019-11-16,9.17607397592173,MODIS-Aqua,Green Red Ratio
2019-11-20,7.471596001526175,MODIS-Aqua,Green Red Ratio
2019-11-21,11.771339674767827,MODIS-Aqua,Green Red Ratio
2019-11-22,19.92396011983779,MODIS-Aqua,Green Red Ratio
2019-11-23,8.60839202182249,MODIS-Aqua,Green Red Ratio
2019-11-28,14.851900839722477,MODIS-Aqua,Green Red Ratio
2019-11-29,10.237534468309125,MODIS-Aqua,Green Red Ratio
2019-12-05,13.047977707280632,MODIS-Aqua,Green Red Ratio
2019-12-09,13.515527339661036,MODIS-Aqua,Green Red Ratio
2019-12-16,15.502261275856155,MODIS-Aqua,Green Red Ratio
2020-02-10,27.28409641213866,MODIS-Aqua,Green Red Ratio
2020-02-12,14.515868323659655,MODIS-Aqua,Green Red Ratio
2020-02-18,49.69224031040922,MODIS-Aqua,Green Red Ratio
2020-02-19,62.50387342837197,MODIS-Aqua,Green Red Ratio
2020-02-20,27.384632721099695,MODIS-Aqua,Green Red Ratio
2020-02-21,39.77829738838693,MODIS-Aqua,Green Red Ratio
2020-02-25,24.958287702678383,MODIS-Aqua,Green Red Ratio
2020-02-26,44.16182062583764,MODIS-Aqua,Green Red Ratio
2020-02-27,25.794724306548325,MODIS-Aqua,Green Red Ratio
2020-02-28,18.195877611314067,MODIS-Aqua,Green Red Ratio
2020-03-01,28.958244371407513,MODIS-Aqua,Green Red Ratio
2020-03-04,24.072828688707972,MODIS-Aqua,Green Red Ratio
2020-03-05,49.411931992698,MODIS-Aqua,Green Red Ratio
2020-03-10,29.63838657482449,MODIS-Aqua,Green Red Ratio
2020-03-12,39.89721448740986,MODIS-Aqua,Green Red Ratio
2020-03-16,32.99282197210646,MODIS-Aqua,Green Red Ratio
2020-03-17,51.66393271211537,MODIS-Aqua,Green Red Ratio
2020-03-18,29.154640430266777,MODIS-Aqua,Green Red Ratio
2020-03-19,35.76407730753635,MODIS-Aqua,Green Red Ratio
2020-03-20,103.27109110992208,MODIS-Aqua,Green Red Ratio
2020-03-21,38.567899272274644,MODIS-Aqua,Green Red Ratio
2020-03-22,90.11946014556518,MODIS-Aqua,Green Red Ratio
2020-04-05,97.99497456471639,MODIS-Aqua,Green Red Ratio
2020-04-07,66.30786394305272,MODIS-Aqua,Green Red Ratio
2020-04-08,13.666958696228974,MODIS-Aqua,Green Red Ratio
2020-04-09,29.39316328823633,MODIS-Aqua,Green Red Ratio
2020-04-10,21.01330987692922,MODIS-Aqua,Green Red Ratio
2020-04-11,22.42049522082116,MODIS-Aqua,Green Red Ratio
2020-04-12,28.607932204870437,MODIS-Aqua,Green Red Ratio
2020-04-13,68.01249023210195,MODIS-Aqua,Green Red Ratio
2020-04-14,129.87417992136125,MODIS-Aqua,Green Red Ratio
2020-04-16,24.800243045670786,MODIS-Aqua,Green Red Ratio
2020-04-17,37.25479034203526,MODIS-Aqua,Green Red Ratio
2020-04-19,72.17607837221338,MODIS-Aqua,Green Red Ratio
2020-04-20,38.49638810359704,MODIS-Aqua,Green Red Ratio
2020-04-21,29.568016511819962,MODIS-Aqua,Green Red Ratio
2020-05-04,29.493549137411197,MODIS-Aqua,Green Red Ratio
2020-05-05,22.322955538149852,MODIS-Aqua,Green Red Ratio
2020-05-07,63.449978063400806,MODIS-Aqua,Green Red Ratio
2020-05-08,52.102674152997146,MODIS-Aqua,Green Red Ratio
2020-05-09,25.610466776524753,MODIS-Aqua,Green Red Ratio
2020-05-15,112.38697936588885,MODIS-Aqua,Green Red Ratio
2020-05-23,25.656011005416058,MODIS-Aqua,Green Red Ratio
2020-05-27,22.896099654801077,MODIS-Aqua,Green Red Ratio
2020-05-28,63.523102355636645,MODIS-Aqua,Green Red Ratio
2020-06-01,47.42931335283231,MODIS-Aqua,Green Red Ratio
2020-06-04,75.59768862184121,MODIS-Aqua,Green Red Ratio
2020-06-18,63.60701769937459,MODIS-Aqua,Green Red Ratio
2020-06-21,25.030447340009975,MODIS-Aqua,Green Red Ratio
2020-06-22,343.22142413812645,MODIS-Aqua,Green Red Ratio
2020-06-23,44.629233606903945,MODIS-Aqua,Green Red Ratio
2020-06-25,86.25868000825695,MODIS-Aqua,Green Red Ratio
2020-06-26,40.97493431661302,MODIS-Aqua,Green Red Ratio
2020-06-27,203.08734853985376,MODIS-Aqua,Green Red Ratio
2020-07-02,66.09483722391585,MODIS-Aqua,Green Red Ratio
2020-07-03,37.53801860245532,MODIS-Aqua,Green Red Ratio
2020-07-04,93.88192006272354,MODIS-Aqua,Green Red Ratio
2020-07-05,26.77648088205916,MODIS-Aqua,Green Red Ratio
2020-07-06,56.566895808242656,MODIS-Aqua,Green Red Ratio
2020-07-08,113.71027897191605,MODIS-Aqua,Green Red Ratio
2020-07-10,76.72776979950757,MODIS-Aqua,Green Red Ratio
2020-07-11,88.39914097735416,MODIS-Aqua,Green Red Ratio
2020-07-13,186.15186558213375,MODIS-Aqua,Green Red Ratio
2020-07-14,21.343600658791196,MODIS-Aqua,Green Red Ratio
2020-07-15,145.30946376410466,MODIS-Aqua,Green Red Ratio
2020-07-16,54.60543556801495,MODIS-Aqua,Green Red Ratio
2020-07-17,200.76623014523008,MODIS-Aqua,Green Red Ratio
2020-07-18,138.32469842538612,MODIS-Aqua,Green Red Ratio
2020-07-19,33.12218993841847,MODIS-Aqua,Green Red Ratio
2020-07-20,132.86944049593174,MODIS-Aqua,Green Red Ratio
2020-07-21,36.42531842263032,MODIS-Aqua,Green Red Ratio
2020-07-22,154.75710573997327,MODIS-Aqua,Green Red Ratio
2020-07-23,37.29349956560347,MODIS-Aqua,Green Red Ratio
2020-07-24,170.43472757967777,MODIS-Aqua,Green Red Ratio
2020-07-25,181.2200508549909,MODIS-Aqua,Green Red Ratio
2020-07-26,116.63814487115671,MODIS-Aqua,Green Red Ratio
2020-07-28,24.330708577854338,MODIS-Aqua,Green Red Ratio
2020-07-29,77.4093570020452,MODIS-Aqua,Green Red Ratio
2020-07-30,35.04294886140475,MODIS-Aqua,Green Red Ratio
2020-07-31,119.33562050254608,MODIS-Aqua,Green Red Ratio
2020-08-01,113.66217450101203,MODIS-Aqua,Green Red Ratio
2020-08-02,166.48367353475527,MODIS-Aqua,Green Red Ratio
2020-08-03,82.31463542166178,MODIS-Aqua,Green Red Ratio
2020-08-04,40.540326228989066,MODIS-Aqua,Green Red Ratio
2020-08-05,91.04489413502385,MODIS-Aqua,Green Red Ratio
2020-08-07,99.91863827316432,MODIS-Aqua,Green Red Ratio
2020-08-08,57.07658283218447,MODIS-Aqua,Green Red Ratio
2020-08-09,69.16073296605836,MODIS-Aqua,Green Red Ratio
2020-08-10,78.89147115945201,MODIS-Aqua,Green Red Ratio
2020-08-11,103.94056710043958,MODIS-Aqua,Green Red Ratio
2020-08-13,25.670023910283202,MODIS-Aqua,Green Red Ratio
2020-08-14,106.88167877295838,MODIS-Aqua,Green Red Ratio
2020-08-15,81.56494157470699,MODIS-Aqua,Green Red Ratio
2020-08-17,166.40963259786088,MODIS-Aqua,Green Red Ratio
2020-08-19,208.14999294173904,MODIS-Aqua,Green Red Ratio
2020-08-22,32.54489320036903,MODIS-Aqua,Green Red Ratio
2020-08-23,97.55849135405307,MODIS-Aqua,Green Red Ratio
2020-08-24,42.33573447664253,MODIS-Aqua,Green Red Ratio
2020-08-26,72.64901700262777,MODIS-Aqua,Green Red Ratio
2020-08-27,357.1766254752181,MODIS-Aqua,Green Red Ratio
2020-08-30,197.33688825774934,MODIS-Aqua,Green Red Ratio
2020-08-31,49.96664142130508,MODIS-Aqua,Green Red Ratio
2020-09-03,71.03837926189368,MODIS-Aqua,Green Red Ratio
2020-09-04,86.49458632992634,MODIS-Aqua,Green Red Ratio
2020-09-05,69.87743221356628,MODIS-Aqua,Green Red Ratio
2020-09-27,35.55575564879336,MODIS-Aqua,Green Red Ratio
2020-09-28,164.53528805908408,MODIS-Aqua,Green Red Ratio
2020-09-29,40.86149420349931,MODIS-Aqua,Green Red Ratio
2020-09-30,54.025744720717526,MODIS-Aqua,Green Red Ratio
2020-10-01,38.20648796802181,MODIS-Aqua,Green Red Ratio
2020-10-02,29.42888761299281,MODIS-Aqua,Green Red Ratio
2020-10-03,24.318396701333484,MODIS-Aqua,Green Red Ratio
2020-10-04,33.05610853438756,MODIS-Aqua,Green Red Ratio
2020-10-05,14.094762399292932,MODIS-Aqua,Green Red Ratio
2020-10-06,23.08009911083713,MODIS-Aqua,Green Red Ratio
2020-10-08,39.16926244816412,MODIS-Aqua,Green Red Ratio
2020-10-09,35.99930101721846,MODIS-Aqua,Green Red Ratio
2020-10-15,25.621449390704992,MODIS-Aqua,Green Red Ratio
2020-10-16,104.93382539248758,MODIS-Aqua,Green Red Ratio
2020-10-22,14.544029306424452,MODIS-Aqua,Green Red Ratio
2020-10-25,65.52208684981075,MODIS-Aqua,Green Red Ratio
2020-10-26,27.566655264427258,MODIS-Aqua,Green Red Ratio
2020-10-27,11.407117426122506,MODIS-Aqua,Green Red Ratio
2020-10-28,29.112375174583853,MODIS-Aqua,Green Red Ratio
2020-10-29,18.193322950753657,MODIS-Aqua,Green Red Ratio
2020-10-31,16.298908435661865,MODIS-Aqua,Green Red Ratio
2020-11-01,8.476670797942372,MODIS-Aqua,Green Red Ratio
2020-11-02,10.291897410896174,MODIS-Aqua,Green Red Ratio
2020-11-21,13.054962183546163,MODIS-Aqua,Green Red Ratio
2020-11-29,7.924053972719735,MODIS-Aqua,Green Red Ratio
2020-12-01,7.446564392070918,MODIS-Aqua,Green Red Ratio
2020-12-02,10.492216196779784,MODIS-Aqua,Green Red Ratio
2020-12-04,20.8259709462772,MODIS-Aqua,Green Red Ratio
2020-12-05,7.372151964105764,MODIS-Aqua,Green Red Ratio
2020-12-07,11.774513052121382,MODIS-Aqua,Green Red Ratio
2020-12-12,7.852760049438265,MODIS-Aqua,Green Red Ratio
2020-12-23,20.45913962110601,MODIS-Aqua,Green Red Ratio
2020-12-27,15.180746815750974,MODIS-Aqua,Green Red Ratio
2020-12-28,14.997142823253515,MODIS-Aqua,Green Red Ratio
2021-01-13,15.300237045999145,MODIS-Aqua,Green Red Ratio
2021-01-14,16.50507532538457,MODIS-Aqua,Green Red Ratio
2021-01-16,18.113413201092243,MODIS-Aqua,Green Red Ratio
2021-01-17,13.810416591439663,MODIS-Aqua,Green Red Ratio
2021-01-18,13.12542439637454,MODIS-Aqua,Green Red Ratio
2021-01-19,11.676454951305637,MODIS-Aqua,Green Red Ratio
2021-01-23,12.958852400261812,MODIS-Aqua,Green Red Ratio
2021-02-10,14.003146622300818,MODIS-Aqua,Green Red Ratio
2021-02-24,119.80180634102666,MODIS-Aqua,Green Red Ratio
2021-02-28,97.61558621792429,MODIS-Aqua,Green Red Ratio
2021-03-03,27.669120292753732,MODIS-Aqua,Green Red Ratio
2021-03-11,76.0009552853419,MODIS-Aqua,Green Red Ratio
2021-03-12,38.33937852440389,MODIS-Aqua,Green Red Ratio
2021-03-16,28.73515768281027,MODIS-Aqua,Green Red Ratio
2021-03-17,25.621449390704992,MODIS-Aqua,Green Red Ratio
2021-03-23,55.38836206624214,MODIS-Aqua,Green Red Ratio
2021-03-27,78.0497866804123,MODIS-Aqua,Green Red Ratio
2021-03-30,27.246210876691606,MODIS-Aqua,Green Red Ratio
2021-03-31,27.3650691795464,MODIS-Aqua,Green Red Ratio
2021-04-01,24.42897029462441,MODIS-Aqua,Green Red Ratio
2021-04-05,30.219468092472525,MODIS-Aqua,Green Red Ratio
2021-04-06,48.79635144155077,MODIS-Aqua,Green Red Ratio
2021-04-09,68.01249023210195,MODIS-Aqua,Green Red Ratio
2021-04-11,30.520233023917367,MODIS-Aqua,Green Red Ratio
2021-04-12,37.484189457130775,MODIS-Aqua,Green Red Ratio
2021-04-13,37.20932709156082,MODIS-Aqua,Green Red Ratio
2021-04-14,20.835407984384968,MODIS-Aqua,Green Red Ratio
2021-04-15,41.5949379764743,MODIS-Aqua,Green Red Ratio
2021-04-16,52.6492531494257,MODIS-Aqua,Green Red Ratio
2021-04-17,92.98925598319785,MODIS-Aqua,Green Red Ratio
2021-04-18,38.96691372608277,MODIS-Aqua,Green Red Ratio
2021-04-20,25.508275406093365,MODIS-Aqua,Green Red Ratio
2021-04-21,17.704686489464304,MODIS-Aqua,Green Red Ratio
2021-04-22,34.0795306637062,MODIS-Aqua,Green Red Ratio
2021-04-29,52.956467278208464,MODIS-Aqua,Green Red Ratio
2021-05-04,43.31669695218329,MODIS-Aqua,Green Red Ratio
2021-05-10,42.60385540955785,MODIS-Aqua,Green Red Ratio
2021-05-11,80.42944219124007,MODIS-Aqua,Green Red Ratio
2021-05-12,21.483038893037197,MODIS-Aqua,Green Red Ratio
2021-05-13,50.23780262136365,MODIS-Aqua,Green Red Ratio
2021-05-14,17.950921268478904,MODIS-Aqua,Green Red Ratio
2021-05-15,38.63119432878682,MODIS-Aqua,Green Red Ratio
2021-05-16,34.40992516909024,MODIS-Aqua,Green Red Ratio
2021-05-17,56.76994389006488,MODIS-Aqua,Green Red Ratio
2021-05-26,80.32363463882113,MODIS-Aqua,Green Red Ratio
2021-05-28,43.21006311364066,MODIS-Aqua,Green Red Ratio
2021-06-01,78.80843279004688,MODIS-Aqua,Green Red Ratio
2021-06-02,48.57723967520594,MODIS-Aqua,Green Red Ratio
2021-06-03,52.16421861421839,MODIS-Aqua,Green Red Ratio
2021-06-04,27.522183475653765,MODIS-Aqua,Green Red Ratio
2021-06-16,84.53367080999986,MODIS-Aqua,Green Red Ratio
2021-06-17,72.2740684697431,MODIS-Aqua,Green Red Ratio
2021-06-18,139.21299796663408,MODIS-Aqua,Green Red Ratio
2021-06-19,121.67444172184751,MODIS-Aqua,Green Red Ratio
2021-06-20,50.834778143341026,MODIS-Aqua,Green Red Ratio
2021-06-21,54.2960470914634,MODIS-Aqua,Green Red Ratio
2021-06-23,81.2313284521713,MODIS-Aqua,Green Red Ratio
2021-06-24,28.40743792684746,MODIS-Aqua,Green Red Ratio
2021-06-25,80.38204041698877,MODIS-Aqua,Green Red Ratio
2021-06-26,50.196516765741265,MODIS-Aqua,Green Red Ratio
2021-06-27,46.83677157354169,MODIS-Aqua,Green Red Ratio
2021-06-28,202.8997964704715,MODIS-Aqua,Green Red Ratio
2021-06-29,20.35438119347974,MODIS-Aqua,Green Red Ratio
2021-06-30,57.92176563258506,MODIS-Aqua,Green Red Ratio
2021-07-01,20.680061414644875,MODIS-Aqua,Green Red Ratio
2021-07-02,144.98808119072396,MODIS-Aqua,Green Red Ratio
2021-07-03,103.84677719737621,MODIS-Aqua,Green Red Ratio
2021-07-04,255.26461997396737,MODIS-Aqua,Green Red Ratio
2021-07-05,238.72999128981428,MODIS-Aqua,Green Red Ratio
2021-07-06,17.805606029361275,MODIS-Aqua,Green Red Ratio
2021-07-07,83.05464731761745,MODIS-Aqua,Green Red Ratio
2021-07-08,19.514370587021645,MODIS-Aqua,Green Red Ratio
2021-07-09,61.873976900466126,MODIS-Aqua,Green Red Ratio
2021-07-10,21.36214831322761,MODIS-Aqua,Green Red Ratio
2021-07-11,58.8334896926356,MODIS-Aqua,Green Red Ratio
2021-07-12,43.387804915415785,MODIS-Aqua,Green Red Ratio
2021-07-13,56.686556812444515,MODIS-Aqua,Green Red Ratio
2021-07-14,61.80863165455847,MODIS-Aqua,Green Red Ratio
2021-07-15,16.5450730969407,MODIS-Aqua,Green Red Ratio
2021-07-16,36.2614191009534,MODIS-Aqua,Green Red Ratio
2021-07-17,24.6043221092765,MODIS-Aqua,Green Red Ratio
2021-07-18,119.86850699477888,MODIS-Aqua,Green Red Ratio
2021-07-19,41.489552094230646,MODIS-Aqua,Green Red Ratio
2021-07-20,103.89687359783932,MODIS-Aqua,Green Red Ratio
2021-07-21,87.00988628281448,MODIS-Aqua,Green Red Ratio
2021-07-22,20.913813638345268,MODIS-Aqua,Green Red Ratio
2021-07-23,49.63161046722946,MODIS-Aqua,Green Red Ratio
2021-07-24,14.566608612955585,MODIS-Aqua,Green Red Ratio
2021-07-25,50.602853916628334,MODIS-Aqua,Green Red Ratio
2021-07-26,34.92975474124085,MODIS-Aqua,Green Red Ratio
2021-08-02,30.395616804085712,MODIS-Aqua,Green Red Ratio
2021-08-03,27.840079926085746,MODIS-Aqua,Green Red Ratio
2021-08-04,51.33075062947111,MODIS-Aqua,Green Red Ratio
2021-08-08,41.677638662302655,MODIS-Aqua,Green Red Ratio
2021-08-09,14.654731196622429,MODIS-Aqua,Green Red Ratio
2021-08-10,14.060433125608657,MODIS-Aqua,Green Red Ratio
2021-08-11,45.63051369466469,MODIS-Aqua,Green Red Ratio
2021-08-13,29.667069930609244,MODIS-Aqua,Green Red Ratio
2021-08-16,51.38422071021666,MODIS-Aqua,Green Red Ratio
2021-08-18,15.77188747723484,MODIS-Aqua,Green Red Ratio
2021-08-19,69.97183401726161,MODIS-Aqua,Green Red Ratio
2021-08-22,29.865240172651536,MODIS-Aqua,Green Red Ratio
2021-08-23,57.47990260457262,MODIS-Aqua,Green Red Ratio
2021-08-25,18.656841097326037,MODIS-Aqua,Green Red Ratio
2021-08-27,160.19715985022654,MODIS-Aqua,Green Red Ratio
2021-08-30,97.66618385800815,MODIS-Aqua,Green Red Ratio
2021-08-31,52.781232222736314,MODIS-Aqua,Green Red Ratio
2021-09-04,42.0223488452229,MODIS-Aqua,Green Red Ratio
2021-09-05,232.79189961417126,MODIS-Aqua,Green Red Ratio
2021-09-06,30.36954560675102,MODIS-Aqua,Green Red Ratio
2021-09-08,62.23038060381603,MODIS-Aqua,Green Red Ratio
2021-09-13,22.69853296465766,MODIS-Aqua,Green Red Ratio
2021-09-14,59.81980975610431,MODIS-Aqua,Green Red Ratio
2021-09-15,76.14213520898682,MODIS-Aqua,Green Red Ratio
2021-09-16,30.7800969133897,MODIS-Aqua,Green Red Ratio
2021-09-20,60.80203154361385,MODIS-Aqua,Green Red Ratio
2021-09-21,45.50790247748811,MODIS-Aqua,Green Red Ratio
2021-09-24,62.83086407710415,MODIS-Aqua,Green Red Ratio
2021-09-26,18.983542762357065,MODIS-Aqua,Green Red Ratio
2021-09-29,22.89225852883871,MODIS-Aqua,Green Red Ratio
2021-10-01,26.539576687443006,MODIS-Aqua,Green Red Ratio
2021-10-02,43.16674529159698,MODIS-Aqua,Green Red Ratio
2021-10-03,26.931773219637243,MODIS-Aqua,Green Red Ratio
2021-10-06,23.294338872664834,MODIS-Aqua,Green Red Ratio
2021-10-07,34.45583868311559,MODIS-Aqua,Green Red Ratio
2021-10-08,137.89391750440862,MODIS-Aqua,Green Red Ratio
2021-10-09,31.308150764036622,MODIS-Aqua,Green Red Ratio
2021-10-15,26.83808343387222,MODIS-Aqua,Green Red Ratio
2021-10-16,29.756884456184554,MODIS-Aqua,Green Red Ratio
2021-10-30,11.959634978688793,MODIS-Aqua,Green Red Ratio
2021-10-31,9.662934737479114,MODIS-Aqua,Green Red Ratio
2021-11-17,9.346943705696917,MODIS-Aqua,Green Red Ratio
2021-11-20,14.076171349783214,MODIS-Aqua,Green Red Ratio
2021-11-21,18.464686507234493,MODIS-Aqua,Green Red Ratio
2021-11-22,7.939899728255403,MODIS-Aqua,Green Red Ratio
2021-11-29,9.204191704668213,MODIS-Aqua,Green Red Ratio
2021-12-01,9.825988182287563,MODIS-Aqua,Green Red Ratio
2021-12-03,9.480891491549446,MODIS-Aqua,Green Red Ratio
2021-12-05,8.476995988975132,MODIS-Aqua,Green Red Ratio
2022-01-21,25.935988155746188,MODIS-Aqua,Green Red Ratio
2022-01-23,21.87379663133182,MODIS-Aqua,Green Red Ratio
2022-01-24,13.582599605723773,MODIS-Aqua,Green Red Ratio
2022-01-25,18.35016235085349,MODIS-Aqua,Green Red Ratio
2022-01-26,8.584324626710567,MODIS-Aqua,Green Red Ratio
2022-01-27,8.303699100973484,MODIS-Aqua,Green Red Ratio
2022-01-28,8.030860390261257,MODIS-Aqua,Green Red Ratio
2022-01-29,10.35875041105943,MODIS-Aqua,Green Red Ratio
2022-02-06,9.293047932647324,MODIS-Aqua,Green Red Ratio
2022-02-11,12.125087186188425,MODIS-Aqua,Green Red Ratio
2022-02-12,11.452148658989168,MODIS-Aqua,Green Red Ratio
2022-02-13,11.989881543546497,MODIS-Aqua,Green Red Ratio
2022-02-17,83.84459298246277,MODIS-Aqua,Green Red Ratio
2022-02-18,23.03219100050602,MODIS-Aqua,Green Red Ratio
2022-02-22,28.407990652130408,MODIS-Aqua,Green Red Ratio
2022-02-23,119.16924459703877,MODIS-Aqua,Green Red Ratio
2022-02-25,26.590081443931165,MODIS-Aqua,Green Red Ratio
2022-03-05,40.74050428867724,MODIS-Aqua,Green Red Ratio
2022-03-06,59.13686038158027,MODIS-Aqua,Green Red Ratio
2022-03-07,25.058838761037627,MODIS-Aqua,Green Red Ratio
2022-03-12,38.47748088116486,MODIS-Aqua,Green Red Ratio
2022-03-22,49.142328732475335,MODIS-Aqua,Green Red Ratio
2022-03-24,23.195417647127222,MODIS-Aqua,Green Red Ratio
2022-04-24,36.69627517006519,MODIS-Aqua,Green Red Ratio
2022-05-21,57.453136060225454,MODIS-Aqua,Green Red Ratio
2022-05-23,50.668466781843215,MODIS-Aqua,Green Red Ratio
2022-06-21,26.008707811051334,MODIS-Aqua,Green Red Ratio
2022-06-22,132.86944049593174,MODIS-Aqua,Green Red Ratio
2022-06-23,22.360583174006926,MODIS-Aqua,Green Red Ratio
2022-06-24,97.32227454855534,MODIS-Aqua,Green Red Ratio
2022-06-25,50.09878947609384,MODIS-Aqua,Green Red Ratio
2022-06-26,100.43776192526819,MODIS-Aqua,Green Red Ratio
2022-06-27,107.03186301515548,MODIS-Aqua,Green Red Ratio
2022-06-28,67.52896644907662,MODIS-Aqua,Green Red Ratio
2022-06-29,205.33774367021772,MODIS-Aqua,Green Red Ratio
2022-06-30,21.984541588588094,MODIS-Aqua,Green Red Ratio
2022-07-01,69.55208498322396,MODIS-Aqua,Green Red Ratio
2022-07-03,170.77729525252164,MODIS-Aqua,Green Red Ratio
2022-07-04,59.327155221345656,MODIS-Aqua,Green Red Ratio
2022-07-07,17.822763763461843,MODIS-Aqua,Green Red Ratio
2022-07-08,88.36579257547507,MODIS-Aqua,Green Red Ratio
2022-07-09,29.934333648267696,MODIS-Aqua,Green Red Ratio
2022-07-11,117.26753319469036,MODIS-Aqua,Green Red Ratio
2022-07-12,28.51153954931158,MODIS-Aqua,Green Red Ratio
2022-07-14,19.49241519708886,MODIS-Aqua,Green Red Ratio
2022-07-15,104.58058879688328,MODIS-Aqua,Green Red Ratio
2022-07-16,18.057071971303852,MODIS-Aqua,Green Red Ratio
2022-07-17,93.31246083708702,MODIS-Aqua,Green Red Ratio
2022-07-18,93.86313857203878,MODIS-Aqua,Green Red Ratio
2022-07-19,191.77913117634674,MODIS-Aqua,Green Red Ratio
2022-07-20,151.22628418768844,MODIS-Aqua,Green Red Ratio
2022-07-21,55.70579513222792,MODIS-Aqua,Green Red Ratio
2022-07-22,100.1025355968535,MODIS-Aqua,Green Red Ratio
2022-07-23,19.26263638070566,MODIS-Aqua,Green Red Ratio
2022-07-24,65.05047886946387,MODIS-Aqua,Green Red Ratio
2022-07-25,87.30005925515239,MODIS-Aqua,Green Red Ratio
2022-07-26,83.63896704582653,MODIS-Aqua,Green Red Ratio
2022-07-27,53.704401589662815,MODIS-Aqua,Green Red Ratio
2022-07-28,38.26134066033676,MODIS-Aqua,Green Red Ratio
2022-07-29,64.2029013979254,MODIS-Aqua,Green Red Ratio
2022-07-30,16.78758829621833,MODIS-Aqua,Green Red Ratio
2022-07-31,31.46953531035052,MODIS-Aqua,Green Red Ratio
2022-08-01,22.845735205065804,MODIS-Aqua,Green Red Ratio
2022-08-02,100.66430828592422,MODIS-Aqua,Green Red Ratio
2022-08-03,45.067658997862544,MODIS-Aqua,Green Red Ratio
2022-08-04,89.64145622391939,MODIS-Aqua,Green Red Ratio
2022-08-05,193.9075044836647,MODIS-Aqua,Green Red Ratio
2022-08-06,54.14053184114205,MODIS-Aqua,Green Red Ratio
2022-08-07,62.45670747425898,MODIS-Aqua,Green Red Ratio
2022-08-09,43.734956081373376,MODIS-Aqua,Green Red Ratio
2022-08-10,59.50027688440663,MODIS-Aqua,Green Red Ratio
2022-08-11,49.00044316410753,MODIS-Aqua,Green Red Ratio
2022-08-12,52.657916891038575,MODIS-Aqua,Green Red Ratio
2022-08-13,81.96962595708737,MODIS-Aqua,Green Red Ratio
2022-08-14,95.16814819049247,MODIS-Aqua,Green Red Ratio
2022-08-15,18.577407613289534,MODIS-Aqua,Green Red Ratio
2022-08-16,78.7584906751492,MODIS-Aqua,Green Red Ratio
2022-08-19,56.566895808242656,MODIS-Aqua,Green Red Ratio
2022-08-20,109.28192896510372,MODIS-Aqua,Green Red Ratio
2022-08-21,37.71461875306596,MODIS-Aqua,Green Red Ratio
2022-08-22,40.86883200392842,MODIS-Aqua,Green Red Ratio
2022-08-23,68.3295206387897,MODIS-Aqua,Green Red Ratio
2022-08-24,22.69853296465766,MODIS-Aqua,Green Red Ratio
2022-08-25,80.44804153606086,MODIS-Aqua,Green Red Ratio
2022-08-26,80.63078431383903,MODIS-Aqua,Green Red Ratio
2022-08-27,72.55962784145254,MODIS-Aqua,Green Red Ratio
2022-08-28,92.0682885252953,MODIS-Aqua,Green Red Ratio
2022-08-30,52.55012134733627,MODIS-Aqua,Green Red Ratio
2022-08-31,45.103370756761755,MODIS-Aqua,Green Red Ratio
2022-09-01,57.07658283218447,MODIS-Aqua,Green Red Ratio
2022-09-03,124.26289383742686,MODIS-Aqua,Green Red Ratio
2022-09-04,221.56723855030458,MODIS-Aqua,Green Red Ratio
2022-09-05,249.1656662376971,MODIS-Aqua,Green Red Ratio
2022-09-06,42.106562984692516,MODIS-Aqua,Green Red Ratio
2022-09-07,43.18015036186089,MODIS-Aqua,Green Red Ratio
2022-09-08,58.79977026651695,MODIS-Aqua,Green Red Ratio
2022-09-09,39.90423931489221,MODIS-Aqua,Green Red Ratio
2022-09-12,74.55097455930826,MODIS-Aqua,Green Red Ratio
2022-09-14,18.145571925383468,MODIS-Aqua,Green Red Ratio
2022-09-19,67.76386441293357,MODIS-Aqua,Green Red Ratio
2022-09-23,228.61228250381617,MODIS-Aqua,Green Red Ratio
2022-09-24,132.86944049593174,MODIS-Aqua,Green Red Ratio
2022-09-25,60.844184101372655,MODIS-Aqua,Green Red Ratio
2022-09-26,49.38423840763665,MODIS-Aqua,Green Red Ratio
2022-09-27,52.90844716554744,MODIS-Aqua,Green Red Ratio
2022-09-30,43.72084711275749,MODIS-Aqua,Green Red Ratio
2022-10-01,41.81626317178458,MODIS-Aqua,Green Red Ratio
2022-10-02,55.53115609714408,MODIS-Aqua,Green Red Ratio
2022-10-03,88.28938274216742,MODIS-Aqua,Green Red Ratio
2022-10-04,63.49763597686918,MODIS-Aqua,Green Red Ratio
2022-10-05,38.971785672225465,MODIS-Aqua,Green Red Ratio
2022-10-06,36.22385713425582,MODIS-Aqua,Green Red Ratio
2022-10-08,51.40894404967108,MODIS-Aqua,Green Red Ratio
2022-10-09,39.434122256777655,MODIS-Aqua,Green Red Ratio
2022-10-11,46.01177935218253,MODIS-Aqua,Green Red Ratio
2022-10-12,34.85008616621174,MODIS-Aqua,Green Red Ratio
2022-10-13,56.76017248664763,MODIS-Aqua,Green Red Ratio
2022-10-14,139.66460619338343,MODIS-Aqua,Green Red Ratio
2022-10-16,59.50656691306762,MODIS-Aqua,Green Red Ratio
2022-10-17,47.223115279884,MODIS-Aqua,Green Red Ratio
2022-10-18,49.27124277422526,MODIS-Aqua,Green Red Ratio
2022-10-19,59.55371057372072,MODIS-Aqua,Green Red Ratio
2022-10-27,34.813865478069786,MODIS-Aqua,Green Red Ratio
2022-11-10,17.684665931191997,MODIS-Aqua,Green Red Ratio
2022-11-15,14.524731055223738,MODIS-Aqua,Green Red Ratio
2022-11-16,9.259013249765596,MODIS-Aqua,Green Red Ratio
2022-11-18,12.768071524573022,MODIS-Aqua,Green Red Ratio
2022-11-19,16.656411941618472,MODIS-Aqua,Green Red Ratio
2022-11-20,13.376804993693009,MODIS-Aqua,Green Red Ratio
2022-11-23,9.575804465761587,MODIS-Aqua,Green Red Ratio
2022-11-24,10.824505904437602,MODIS-Aqua,Green Red Ratio
2022-11-26,10.402954558462442,MODIS-Aqua,Green Red Ratio
2022-12-14,12.662040488786413,MODIS-Aqua,Green Red Ratio
2022-12-16,8.914708183694765,MODIS-Aqua,Green Red Ratio
2022-12-17,9.235220349429193,MODIS-Aqua,Green Red Ratio
2023-01-23,8.945739531489577,MODIS-Aqua,Green Red Ratio
2023-01-24,7.998069758454893,MODIS-Aqua,Green Red Ratio
2023-01-25,11.82334156295327,MODIS-Aqua,Green Red Ratio
2023-01-29,8.045100006712405,MODIS-Aqua,Green Red Ratio
2023-01-30,10.147870071230058,MODIS-Aqua,Green Red Ratio
2023-02-01,8.503225113168275,MODIS-Aqua,Green Red Ratio
2023-02-09,12.214185286359108,MODIS-Aqua,Green Red Ratio
2023-02-11,10.896020089041926,MODIS-Aqua,Green Red Ratio
2023-02-24,35.700482274345404,MODIS-Aqua,Green Red Ratio
2023-02-25,22.62575606957396,MODIS-Aqua,Green Red Ratio
2023-03-16,17.68417519690121,MODIS-Aqua,Green Red Ratio
2023-03-29,136.85523206812118,MODIS-Aqua,Green Red Ratio
2023-04-25,25.600277181580523,MODIS-Aqua,Green Red Ratio
2023-04-27,56.057667221701,MODIS-Aqua,Green Red Ratio
2023-04-28,99.44814118455108,MODIS-Aqua,Green Red Ratio
2023-04-29,134.79959942040412,MODIS-Aqua,Green Red Ratio
2023-05-12,27.802613783651214,MODIS-Aqua,Green Red Ratio
2023-05-13,31.42708941053669,MODIS-Aqua,Green Red Ratio
2023-05-14,57.33369304345484,MODIS-Aqua,Green Red Ratio
2023-05-16,45.80932548536728,MODIS-Aqua,Green Red Ratio
2023-05-17,179.2225431961829,MODIS-Aqua,Green Red Ratio
2023-05-18,116.14826677302871,MODIS-Aqua,Green Red Ratio
2023-05-19,54.50503060616544,MODIS-Aqua,Green Red Ratio
2023-05-20,36.42531842263032,MODIS-Aqua,Green Red Ratio
2023-05-23,56.65191144385981,MODIS-Aqua,Green Red Ratio
2023-05-24,42.57183507625649,MODIS-Aqua,Green Red Ratio
2023-05-25,55.72343876009673,MODIS-Aqua,Green Red Ratio
2023-05-28,44.929155975667285,MODIS-Aqua,Green Red Ratio
2023-05-29,17.002465352776312,MODIS-Aqua,Green Red Ratio
2023-05-30,61.40564659311604,MODIS-Aqua,Green Red Ratio
2023-05-31,23.71031949611139,MODIS-Aqua,Green Red Ratio
2023-06-01,67.17691242043695,MODIS-Aqua,Green Red Ratio
2023-06-02,49.00044316410753,MODIS-Aqua,Green Red Ratio
2023-06-03,27.19677855513864,MODIS-Aqua,Green Red Ratio
2023-06-04,47.17604262488545,MODIS-Aqua,Green Red Ratio
2023-06-05,19.55916810005663,MODIS-Aqua,Green Red Ratio
2023-06-06,76.21787515983546,MODIS-Aqua,Green Red Ratio
2023-06-07,30.641335138946694,MODIS-Aqua,Green Red Ratio
2023-06-10,22.158755934440485,MODIS-Aqua,Green Red Ratio
2023-06-11,71.99966050534917,MODIS-Aqua,Green Red Ratio
2023-06-14,33.967465192009634,MODIS-Aqua,Green Red Ratio
2023-06-16,51.792642409995494,MODIS-Aqua,Green Red Ratio
2023-06-21,127.10734794800285,MODIS-Aqua,Green Red Ratio
2023-06-22,86.21861925312905,MODIS-Aqua,Green Red Ratio
2023-06-24,18.612122011916096,MODIS-Aqua,Green Red Ratio
2023-06-25,55.10808248750307,MODIS-Aqua,Green Red Ratio
2023-06-26,26.460967571742632,MODIS-Aqua,Green Red Ratio
2023-06-27,70.56736456919062,MODIS-Aqua,Green Red Ratio
2023-06-28,47.12959009466357,MODIS-Aqua,Green Red Ratio
2023-06-29,66.09483722391585,MODIS-Aqua,Green Red Ratio
2023-06-30,82.62803795374752,MODIS-Aqua,Green Red Ratio
2023-07-01,15.625245308392696,MODIS-Aqua,Green Red Ratio
2023-07-02,67.79700830317222,MODIS-Aqua,Green Red Ratio
2023-07-03,18.343811231142038,MODIS-Aqua,Green Red Ratio
2023-07-04,39.84424491296075,MODIS-Aqua,Green Red Ratio
2023-07-05,52.76027439941132,MODIS-Aqua,Green Red Ratio
2023-07-06,49.47730966235529,MODIS-Aqua,Green Red Ratio
2023-07-07,56.657291272327505,MODIS-Aqua,Green Red Ratio
2023-07-08,16.927951898532477,MODIS-Aqua,Green Red Ratio
2023-07-09,67.93890995435024,MODIS-Aqua,Green Red Ratio
2023-07-10,18.758330105711675,MODIS-Aqua,Green Red Ratio
2023-07-11,79.85532463214734,MODIS-Aqua,Green Red Ratio
2023-07-12,62.53159066868527,MODIS-Aqua,Green Red Ratio
2023-07-13,62.385848221521755,MODIS-Aqua,Green Red Ratio
2023-07-14,103.65737170586843,MODIS-Aqua,Green Red Ratio
2023-07-15,65.30264173406651,MODIS-Aqua,Green Red Ratio
2023-07-16,103.40743914156158,MODIS-Aqua,Green Red Ratio
2023-07-17,26.39978845623695,MODIS-Aqua,Green Red Ratio
2023-07-18,166.59742256662628,MODIS-Aqua,Green Red Ratio
2023-07-19,50.84916361513116,MODIS-Aqua,Green Red Ratio
2023-07-20,32.841721815536125,MODIS-Aqua,Green Red Ratio
2023-07-21,110.52107183550547,MODIS-Aqua,Green Red Ratio
2023-07-22,21.601739323456794,MODIS-Aqua,Green Red Ratio
2023-07-23,55.999030695058046,MODIS-Aqua,Green Red Ratio
2023-07-25,86.81252688550343,MODIS-Aqua,Green Red Ratio
2023-07-26,76.19685588349557,MODIS-Aqua,Green Red Ratio
2023-07-27,85.48580586570532,MODIS-Aqua,Green Red Ratio
2023-07-28,75.89462438333413,MODIS-Aqua,Green Red Ratio
2023-07-29,19.07864168312383,MODIS-Aqua,Green Red Ratio
2023-07-30,45.25848532137926,MODIS-Aqua,Green Red Ratio
2023-07-31,38.7788295714608,MODIS-Aqua,Green Red Ratio
2023-08-01,98.66431473971952,MODIS-Aqua,Green Red Ratio
2023-08-02,86.60635418420597,MODIS-Aqua,Green Red Ratio
2023-08-03,75.52541848999033,MODIS-Aqua,Green Red Ratio
2023-08-07,53.8108830664742,MODIS-Aqua,Green Red Ratio
2023-08-08,115.53414318443723,MODIS-Aqua,Green Red Ratio
2023-08-09,33.77512547785684,MODIS-Aqua,Green Red Ratio
2023-08-10,53.29446678142632,MODIS-Aqua,Green Red Ratio
2023-08-11,42.80233657261397,MODIS-Aqua,Green Red Ratio
2023-08-12,22.49895752748938,MODIS-Aqua,Green Red Ratio
2023-08-13,127.30876826748268,MODIS-Aqua,Green Red Ratio
2023-08-16,44.49508268934119,MODIS-Aqua,Green Red Ratio
2023-08-18,43.72084711275749,MODIS-Aqua,Green Red Ratio
2023-08-19,20.448921823103763,MODIS-Aqua,Green Red Ratio
2023-08-22,99.50676649787358,MODIS-Aqua,Green Red Ratio
2023-08-23,55.21227909281489,MODIS-Aqua,Green Red Ratio
2023-08-24,14.373293374174438,MODIS-Aqua,Green Red Ratio
2023-08-26,41.85627315201058,MODIS-Aqua,Green Red Ratio
2023-08-27,54.140531841142106,MODIS-Aqua,Green Red Ratio
2023-08-28,35.52278578843923,MODIS-Aqua,Green Red Ratio
2023-09-05,125.61924950418859,MODIS-Aqua,Green Red Ratio
2023-09-06,62.120841272757914,MODIS-Aqua,Green Red Ratio
2023-09-07,16.577169219839856,MODIS-Aqua,Green Red Ratio
2023-09-08,61.9132816582208,MODIS-Aqua,Green Red Ratio
2023-09-09,55.50768884562365,MODIS-Aqua,Green Red Ratio
2023-09-10,42.49234589707002,MODIS-Aqua,Green Red Ratio
2023-09-12,33.225401114876824,MODIS-Aqua,Green Red Ratio
2023-09-13,65.55661366762749,MODIS-Aqua,Green Red Ratio
2023-09-14,212.56231635285155,MODIS-Aqua,Green Red Ratio
2023-09-15,36.15908880339954,MODIS-Aqua,Green Red Ratio
2023-09-17,25.23322135433323,MODIS-Aqua,Green Red Ratio
2023-09-19,143.6275647135689,MODIS-Aqua,Green Red Ratio
2023-09-22,38.98299742244057,MODIS-Aqua,Green Red Ratio
2023-10-01,26.530796331148444,MODIS-Aqua,Green Red Ratio
2023-10-04,36.85839101283611,MODIS-Aqua,Green Red Ratio
2023-10-05,70.07506211591215,MODIS-Aqua,Green Red Ratio
2023-10-06,80.81259582258717,MODIS-Aqua,Green Red Ratio
2023-10-07,135.3390451299656,MODIS-Aqua,Green Red Ratio
2023-10-08,28.41793091327286,MODIS-Aqua,Green Red Ratio
2023-10-17,367.2473165800964,MODIS-Aqua,Green Red Ratio
2023-10-18,40.573129089044365,MODIS-Aqua,Green Red Ratio
2023-10-19,101.55926976113344,MODIS-Aqua,Green Red Ratio
2023-10-28,34.29487318104415,MODIS-Aqua,Green Red Ratio
2023-10-29,16.89540952586595,MODIS-Aqua,Green Red Ratio
2023-10-30,9.362788849050618,MODIS-Aqua,Green Red Ratio
2023-10-31,14.70083931005007,MODIS-Aqua,Green Red Ratio
2023-11-08,16.29051323641308,MODIS-Aqua,Green Red Ratio
2023-11-16,16.994754816971003,MODIS-Aqua,Green Red Ratio
2023-11-17,13.247436801282651,MODIS-Aqua,Green Red Ratio
2023-11-23,13.238551678541825,MODIS-Aqua,Green Red Ratio
2023-11-24,8.718641549231547,MODIS-Aqua,Green Red Ratio
2023-11-25,10.105325492057956,MODIS-Aqua,Green Red Ratio
2023-11-26,9.861325764240847,MODIS-Aqua,Green Red Ratio
2023-11-27,7.336142920115356,MODIS-Aqua,Green Red Ratio
2023-12-12,21.46045642930227,MODIS-Aqua,Green Red Ratio
2023-12-16,12.86129012070379,MODIS-Aqua,Green Red Ratio
2023-12-20,8.12666071860998,MODIS-Aqua,Green Red Ratio
2024-02-10,19.59254950013583,MODIS-Aqua,Green Red Ratio
2024-02-13,9.85408234343882,MODIS-Aqua,Green Red Ratio
2024-02-22,25.518043646736274,MODIS-Aqua,Green Red Ratio
2024-02-23,20.24566039823868,MODIS-Aqua,Green Red Ratio
2024-02-24,26.200761364870264,MODIS-Aqua,Green Red Ratio
2024-03-14,196.10495142849985,MODIS-Aqua,Green Red Ratio
2024-03-15,153.9106970011584,MODIS-Aqua,Green Red Ratio
2024-03-16,132.86944049593174,MODIS-Aqua,Green Red Ratio
2024-03-18,20.909906217444405,MODIS-Aqua,Green Red Ratio
2024-03-19,29.88622391946725,MODIS-Aqua,Green Red Ratio
2024-03-30,69.0024673954567,MODIS-Aqua,Green Red Ratio
2024-03-31,98.28672274439997,MODIS-Aqua,Green Red Ratio
2024-04-01,60.28508570269635,MODIS-Aqua,Green Red Ratio
2024-04-10,11.565153475449236,MODIS-Aqua,Green Red Ratio
2024-04-17,17.344430545471113,MODIS-Aqua,Green Red Ratio
2024-04-18,50.417100746208234,MODIS-Aqua,Green Red Ratio
2024-04-19,49.258381723211585,MODIS-Aqua,Green Red Ratio
2024-04-21,41.957483937231096,MODIS-Aqua,Green Red Ratio
2024-04-23,36.478066926021285,MODIS-Aqua,Green Red Ratio
2024-05-08,206.99964201733414,MODIS-Aqua,Green Red Ratio
2024-05-09,28.403397217607928,MODIS-Aqua,Green Red Ratio
2024-05-10,60.31398421797944,MODIS-Aqua,Green Red Ratio
2024-05-12,153.2848206878549,MODIS-Aqua,Green Red Ratio
2024-05-13,17.461148973223874,MODIS-Aqua,Green Red Ratio
2024-05-14,94.60071025087002,MODIS-Aqua,Green Red Ratio
2024-05-15,54.08033423277969,MODIS-Aqua,Green Red Ratio
2024-05-16,19.218716419496833,MODIS-Aqua,Green Red Ratio
2024-05-17,47.03400461510068,MODIS-Aqua,Green Red Ratio
2024-05-20,71.11109692473698,MODIS-Aqua,Green Red Ratio
2024-05-23,236.02758506547673,MODIS-Aqua,Green Red Ratio
2024-05-26,47.17484384047699,MODIS-Aqua,Green Red Ratio
2024-05-27,59.66194554357878,MODIS-Aqua,Green Red Ratio
2024-05-30,45.415810008835905,MODIS-Aqua,Green Red Ratio
2024-05-31,145.18909689559138,MODIS-Aqua,Green Red Ratio
2024-06-05,137.3198935523106,MODIS-Aqua,Green Red Ratio
2024-06-06,69.25606733775413,MODIS-Aqua,Green Red Ratio
2024-06-07,50.86815067535452,MODIS-Aqua,Green Red Ratio
2024-06-10,100.98233192153023,MODIS-Aqua,Green Red Ratio
2024-06-11,29.385063807030956,MODIS-Aqua,Green Red Ratio
2024-06-12,176.77906089320985,MODIS-Aqua,Green Red Ratio
2024-06-13,78.19822785267945,MODIS-Aqua,Green Red Ratio
2024-06-18,330.0094649194857,MODIS-Aqua,Green Red Ratio
2024-06-19,47.305290112080414,MODIS-Aqua,Green Red Ratio
2024-06-20,73.29675379546688,MODIS-Aqua,Green Red Ratio
2024-06-22,168.2421102220279,MODIS-Aqua,Green Red Ratio
2024-06-23,43.66822706358935,MODIS-Aqua,Green Red Ratio
2024-06-24,199.0934181441392,MODIS-Aqua,Green Red Ratio
2024-06-25,115.95592911383515,MODIS-Aqua,Green Red Ratio
2024-06-28,54.82204654172823,MODIS-Aqua,Green Red Ratio
2024-07-01,32.781168796886526,MODIS-Aqua,Green Red Ratio
2024-07-02,220.59994078080425,MODIS-Aqua,Green Red Ratio
2024-07-03,19.90021178863838,MODIS-Aqua,Green Red Ratio
2024-07-04,96.49669589620872,MODIS-Aqua,Green Red Ratio
2024-07-05,126.08315620517412,MODIS-Aqua,Green Red Ratio
2024-07-06,173.36115793973994,MODIS-Aqua,Green Red Ratio
2024-07-07,94.38235005632312,MODIS-Aqua,Green Red Ratio
2024-07-08,40.8203855667304,MODIS-Aqua,Green Red Ratio
2024-07-09,33.03678677117269,MODIS-Aqua,Green Red Ratio
2024-07-10,33.38681341151045,MODIS-Aqua,Green Red Ratio
2024-07-11,354.9638763131329,MODIS-Aqua,Green Red Ratio
2024-07-12,155.41872289888067,MODIS-Aqua,Green Red Ratio
2024-07-13,30.338445108568028,MODIS-Aqua,Green Red Ratio
2024-07-14,60.13366637523192,MODIS-Aqua,Green Red Ratio
2024-07-15,29.652302973468526,MODIS-Aqua,Green Red Ratio
2024-07-17,74.95344031836565,MODIS-Aqua,Green Red Ratio
2024-07-18,23.507735812228088,MODIS-Aqua,Green Red Ratio
2024-07-19,74.34457835324243,MODIS-Aqua,Green Red Ratio
2024-07-20,18.100891801782556,MODIS-Aqua,Green Red Ratio
2024-07-22,60.41208070794704,MODIS-Aqua,Green Red Ratio
2024-07-23,150.22600508378446,MODIS-Aqua,Green Red Ratio
2024-07-24,100.48982239968242,MODIS-Aqua,Green Red Ratio
2024-07-25,33.46738878608796,MODIS-Aqua,Green Red Ratio
2024-07-26,111.27748741348644,MODIS-Aqua,Green Red Ratio
2024-07-31,165.35858684905836,MODIS-Aqua,Green Red Ratio
2024-08-01,41.3389718383219,MODIS-Aqua,Green Red Ratio
2024-08-04,97.90014785599952,MODIS-Aqua,Green Red Ratio
2024-08-06,45.091835742126804,MODIS-Aqua,Green Red Ratio
2024-08-07,177.0899578441867,MODIS-Aqua,Green Red Ratio
2024-08-09,41.90182671322382,MODIS-Aqua,Green Red Ratio
2024-08-10,47.80695390522131,MODIS-Aqua,Green Red Ratio
2024-08-11,31.4956667394609,MODIS-Aqua,Green Red Ratio
2024-08-13,69.49017140397147,MODIS-Aqua,Green Red Ratio
2024-08-14,84.53367080999986,MODIS-Aqua,Green Red Ratio
2024-08-16,61.917527020608205,MODIS-Aqua,Green Red Ratio
2024-08-18,26.875569208555557,MODIS-Aqua,Green Red Ratio
2024-08-19,30.3053810588418,MODIS-Aqua,Green Red Ratio
2024-08-20,15.123798828749281,MODIS-Aqua,Green Red Ratio
2024-08-21,16.390319438532483,MODIS-Aqua,Green Red Ratio
2024-08-25,89.82654386848874,MODIS-Aqua,Green Red Ratio
2024-08-26,77.06735417433184,MODIS-Aqua,Green Red Ratio
2024-08-27,39.66963662130828,MODIS-Aqua,Green Red Ratio
2024-08-28,27.692040082762745,MODIS-Aqua,Green Red Ratio
2024-08-29,144.73004131602175,MODIS-Aqua,Green Red Ratio
2024-08-30,58.812681805290005,MODIS-Aqua,Green Red Ratio
2024-08-31,96.92891214766915,MODIS-Aqua,Green Red Ratio
2024-09-03,46.616402284862566,MODIS-Aqua,Green Red Ratio
2024-09-05,31.98380363777713,MODIS-Aqua,Green Red Ratio
2024-09-06,31.899357455149016,MODIS-Aqua,Green Red Ratio
2024-09-08,39.163650620036364,MODIS-Aqua,Green Red Ratio
2024-09-10,15.683126752980993,MODIS-Aqua,Green Red Ratio
2024-09-13,39.71248504298886,MODIS-Aqua,Green Red Ratio
2024-09-18,37.20382688116026,MODIS-Aqua,Green Red Ratio
2024-09-19,41.35725837573146,MODIS-Aqua,Green Red Ratio
2024-09-20,17.7775888828855,MODIS-Aqua,Green Red Ratio
2024-09-21,47.71783463140862,MODIS-Aqua,Green Red Ratio
2024-09-24,130.72301123960506,MODIS-Aqua,Green Red Ratio
2024-09-26,63.60701769937459,MODIS-Aqua,Green Red Ratio
2024-09-27,178.3992956121365,MODIS-Aqua,Green Red Ratio
2024-09-28,100.35165212271505,MODIS-Aqua,Green Red Ratio
2024-09-29,95.45018712220168,MODIS-Aqua,Green Red Ratio
2024-09-30,33.93488439625563,MODIS-Aqua,Green Red Ratio
2024-10-01,469.0781791227668,MODIS-Aqua,Green Red Ratio
2024-10-02,81.47137724815221,MODIS-Aqua,Green Red Ratio
2024-10-03,108.97627670086844,MODIS-Aqua,Green Red Ratio
2024-10-07,32.63267208688115,MODIS-Aqua,Green Red Ratio
2024-10-08,268.6773511624783,MODIS-Aqua,Green Red Ratio
2024-10-13,31.798291679545194,MODIS-Aqua,Green Red Ratio
2024-10-14,36.98808505044452,MODIS-Aqua,Green Red Ratio
2024-10-25,67.90615683643217,MODIS-Aqua,Green Red Ratio
2024-11-07,14.11562535597153,MODIS-Aqua,Green Red Ratio
2024-11-27,11.125740688738933,MODIS-Aqua,Green Red Ratio
2024-11-28,10.311610694578988,MODIS-Aqua,Green Red Ratio
2024-11-29,13.227982325618978,MODIS-Aqua,Green Red Ratio
2024-11-30,7.972979575317172,MODIS-Aqua,Green Red Ratio
2024-12-01,12.787634324661678,MODIS-Aqua,Green Red Ratio
2024-12-02,16.00183508192875,MODIS-Aqua,Green Red Ratio
2024-12-03,9.072956521300643,MODIS-Aqua,Green Red Ratio
2024-12-04,11.047474390301703,MODIS-Aqua,Green Red Ratio
2024-12-05,25.004889604180413,MODIS-Aqua,Green Red Ratio
2024-12-09,10.034587413793844,MODIS-Aqua,Green Red Ratio
2025-01-06,26.357117924519454,MODIS-Aqua,Green Red Ratio
2025-01-09,30.548375417869742,MODIS-Aqua,Green Red Ratio
2025-01-15,20.33855556595525,MODIS-Aqua,Green Red Ratio
2025-01-16,9.956090178118329,MODIS-Aqua,Green Red Ratio
2025-01-17,11.757419267364421,MODIS-Aqua,Green Red Ratio
2025-01-18,25.845024294896458,MODIS-Aqua,Green Red Ratio
2025-01-19,10.009681334284865,MODIS-Aqua,Green Red Ratio
2025-01-20,11.962188217627142,MODIS-Aqua,Green Red Ratio
2025-01-21,11.117653193101416,MODIS-Aqua,Green Red Ratio
2025-01-22,9.46391790614286,MODIS-Aqua,Green Red Ratio
2025-01-24,7.893555105305699,MODIS-Aqua,Green Red Ratio
2025-01-25,12.84514028596854,MODIS-Aqua,Green Red Ratio
2025-01-26,27.51261024644538,MODIS-Aqua,Green Red Ratio
2025-01-27,8.016849550421359,MODIS-Aqua,Green Red Ratio
2025-01-28,8.565541741632488,MODIS-Aqua,Green Red Ratio
2025-01-29,7.572368636592816,MODIS-Aqua,Green Red Ratio
2025-02-11,8.969901479133142,MODIS-Aqua,Green Red Ratio
2025-02-27,23.157717129184704,MODIS-Aqua,Green Red Ratio
2025-02-28,23.767380665758438,MODIS-Aqua,Green Red Ratio
2025-03-01,34.16429571112415,MODIS-Aqua,Green Red Ratio
2025-03-06,31.00460045844787,MODIS-Aqua,Green Red Ratio
2025-03-07,56.17536613784973,MODIS-Aqua,Green Red Ratio
2025-03-08,17.01785137936554,MODIS-Aqua,Green Red Ratio
2025-04-04,55.98447633257765,MODIS-Aqua,Green Red Ratio
2025-04-05,21.950669450266705,MODIS-Aqua,Green Red Ratio
2025-04-13,45.32057746625498,MODIS-Aqua,Green Red Ratio
2025-04-14,143.32708830528497,MODIS-Aqua,Green Red Ratio
2025-04-15,30.406508823008192,MODIS-Aqua,Green Red Ratio
2025-04-17,105.63534990910344,MODIS-Aqua,Green Red Ratio
2025-04-18,73.97758614557624,MODIS-Aqua,Green Red Ratio
2025-04-19,34.48704304606816,MODIS-Aqua,Green Red Ratio
2025-04-22,69.9174658989676,MODIS-Aqua,Green Red Ratio
2025-04-23,38.915857883961856,MODIS-Aqua,Green Red Ratio
2025-04-26,18.92425128179761,MODIS-Aqua,Green Red Ratio
2025-04-30,29.858020604915254,MODIS-Aqua,Green Red Ratio
2025-05-01,25.59079770748632,MODIS-Aqua,Green Red Ratio
2025-05-02,74.52490054461747,MODIS-Aqua,Green Red Ratio
2025-05-04,95.3596639784915,MODIS-Aqua,Green Red Ratio
2025-05-05,99.48147606774346,MODIS-Aqua,Green Red Ratio
2025-05-06,168.1991380310575,MODIS-Aqua,Green Red Ratio
2025-05-08,46.091374888535825,MODIS-Aqua,Green Red Ratio
2025-05-09,45.38109808375605,MODIS-Aqua,Green Red Ratio
2025-05-24,27.57617256904541,MODIS-Aqua,Green Red Ratio
2025-05-27,73.02810766980323,MODIS-Aqua,Green Red Ratio
2025-05-28,38.23430929632893,MODIS-Aqua,Green Red Ratio
2025-05-30,91.62656114145945,MODIS-Aqua,Green Red Ratio
2025-05-31,12.541657208062993,MODIS-Aqua,Green Red Ratio
2025-06-01,47.030853792816075,MODIS-Aqua,Green Red Ratio
2025-06-02,55.75580733891956,MODIS-Aqua,Green Red Ratio
2025-06-03,14.318644687066083,MODIS-Aqua,Green Red Ratio
2025-06-05,19.822921275899176,MODIS-Aqua,Green Red Ratio
2025-06-07,93.40430619867172,MODIS-Aqua,Green Red Ratio
2025-06-08,7.835833151651239,MODIS-Aqua,Green Red Ratio
2025-06-09,73.2754690045518,MODIS-Aqua,Green Red Ratio
2025-06-10,21.923144072610807,MODIS-Aqua,Green Red Ratio
2025-06-11,23.246445984022323,MODIS-Aqua,Green Red Ratio
2025-06-12,47.16168406033619,MODIS-Aqua,Green Red Ratio
2025-06-14,74.48337287850657,MODIS-Aqua,Green Red Ratio
2025-06-15,26.83808343387222,MODIS-Aqua,Green Red Ratio
2025-06-16,38.61757372710418,MODIS-Aqua,Green Red Ratio
2025-06-17,52.50598023645959,MODIS-Aqua,Green Red Ratio
2025-06-28,12.963365207916917,MODIS-Aqua,Green Red Ratio
2025-06-29,245.91605386302857,MODIS-Aqua,Green Red Ratio
2025-06-30,42.338348229005675,MODIS-Aqua,Green Red Ratio
2025-07-01,44.459646294019294,MODIS-Aqua,Green Red Ratio
2025-07-02,100.74509781316897,MODIS-Aqua,Green Red Ratio
2025-07-03,30.954453216649082,MODIS-Aqua,Green Red Ratio
2025-07-04,158.18590096782984,MODIS-Aqua,Green Red Ratio
2025-07-05,46.53310735791838,MODIS-Aqua,Green Red Ratio
2025-07-06,16.973582249853642,MODIS-Aqua,Green Red Ratio
2025-07-07,91.80101089203764,MODIS-Aqua,Green Red Ratio
2025-07-08,12.96595316057441,MODIS-Aqua,Green Red Ratio
2025-07-09,58.74463470477183,MODIS-Aqua,Green Red Ratio
2025-07-10,67.43590383626989,MODIS-Aqua,Green Red Ratio
2025-07-11,15.551487712979652,MODIS-Aqua,Green Red Ratio
2025-07-12,287.16797397093126,MODIS-Aqua,Green Red Ratio
2025-07-13,46.02815062741492,MODIS-Aqua,Green Red Ratio
2025-07-14,42.56553051249022,MODIS-Aqua,Green Red Ratio
2025-07-15,58.54340771050046,MODIS-Aqua,Green Red Ratio
2025-07-16,7.989975656906334,MODIS-Aqua,Green Red Ratio
2025-07-17,42.89043554511099,MODIS-Aqua,Green Red Ratio
2025-07-19,114.20744127874094,MODIS-Aqua,Green Red Ratio
2025-07-21,191.62148486113577,MODIS-Aqua,Green Red Ratio
2025-07-22,99.49238177736186,MODIS-Aqua,Green Red Ratio
2025-07-23,29.73181028318064,MODIS-Aqua,Green Red Ratio
2025-07-24,91.93165316326437,MODIS-Aqua,Green Red Ratio
2025-07-25,44.19301082598479,MODIS-Aqua,Green Red Ratio
2025-07-27,17.649607162891716,MODIS-Aqua,Green Red Ratio
2025-07-28,69.70883754061954,MODIS-Aqua,Green Red Ratio
2025-07-29,25.09315802424631,MODIS-Aqua,Green Red Ratio
2025-08-01,89.88176629448252,MODIS-Aqua,Green Red Ratio
2025-08-02,21.41666566181643,MODIS-Aqua,Green Red Ratio
2025-08-04,30.697575891905345,MODIS-Aqua,Green Red Ratio
2025-08-08,22.08542642675323,MODIS-Aqua,Green Red Ratio
2025-08-09,16.82616273519821,MODIS-Aqua,Green Red Ratio
2025-08-10,367.8770280796842,MODIS-Aqua,Green Red Ratio
2025-08-11,394.4884610686294,MODIS-Aqua,Green Red Ratio
2025-08-12,54.1861909869855,MODIS-Aqua,Green Red Ratio
2025-08-13,24.835071208652533,MODIS-Aqua,Green Red Ratio
2025-08-14,287.00337270965576,MODIS-Aqua,Green Red Ratio
