datetime,sensor,band1_red,band2_nir,band4_green,green_red_ratio,ndci,nir_red_ratio
2011-01-19,Terra,0.19240000000000002,0.2928,0.1996,1.0374220374220373,0.20692497938994225,1.5218295218295217
2011-01-20,Terra,0.040600000000000004,0.06330000000000001,0.053000000000000005,1.3054187192118227,0.21264367816091953,1.5401459854014599
2011-01-27,Terra,0.0395,0.048600000000000004,0.055900000000000005,1.3311546840958606,0.10227272727272729,1.2278481012658229
2011-02-01,Terra,0.0507,0.09920000000000001,0.0591,1.165680473372781,0.34965986394557824,2.075313807531381
2011-02-02,Terra,0.06330000000000001,0.23920000000000002,0.0687,1.0853080568720377,0.5814876033057851,3.7788309636650865
2011-02-09,Terra,0.0244,0.2555,0.0316,1.2950819672131149,0.8256520185780637,10.471311475409836
2011-02-10,Terra,0.046700000000000005,0.0873,0.055900000000000005,1.3173333333333335,0.30298507462686564,1.8693790149892933
2011-02-21,Terra,0.0434,0.059000000000000004,0.0629,1.4531645569620253,0.19796954314720816,1.4936708860759496
2011-04-01,Terra,0.0229,0.0811,0.0358,1.5414847161572054,0.5596153846153846,3.5414847161572056
2011-04-08,Terra,0.029400000000000003,0.08650000000000001,0.0444,1.510204081632653,0.4926660914581536,2.942176870748299
2011-04-12,Terra,0.0296,0.1404,0.043300000000000005,1.462837837837838,0.651764705882353,4.743243243243243
2011-04-19,Terra,0.0188,0.0604,0.033100000000000004,1.7606382978723405,0.5252525252525252,3.2127659574468086
2011-04-22,Terra,0.018000000000000002,0.0519,0.031400000000000004,1.7722222222222224,0.5156017830609213,3.1288343558282206
2011-04-23,Terra,0.0304,0.152,0.0459,1.5142857142857142,0.6566757493188011,4.825396825396825
2011-05-01,Terra,0.0221,0.1043,0.0329,1.4642857142857144,0.6158017041053447,4.205645161290322
2011-05-04,Terra,0.0181,0.09090000000000001,0.0286,1.580110497237569,0.6678899082568807,5.0220994475138125
2011-05-10,Terra,0.0303,0.0684,0.0414,1.2985915492957745,0.28571428571428575,1.8
2011-05-19,Terra,0.042,0.0713,0.0505,1.2023809523809523,0.25,1.6666666666666667
2011-05-20,Terra,0.012700000000000001,0.1252,0.020200000000000003,1.5905511811023623,0.8158085569253083,9.858267716535433
2011-05-24,Terra,0.0229,0.1464,0.0298,1.3013100436681222,0.7294743059657413,6.393013100436681
2011-06-03,Terra,0.020200000000000003,0.1374,0.0333,1.6485148514851484,0.7436548223350254,6.801980198019801
2011-06-09,Terra,0.0198,0.0889,0.0279,1.4240837696335078,0.6356945722171113,4.48989898989899
2011-06-14,Terra,0.015600000000000001,0.094,0.0268,1.7393939393939393,0.7216117216117215,6.184210526315789
2011-06-16,Terra,0.0161,0.0893,0.0267,1.658385093167702,0.7322987390882637,6.471014492753623
2011-06-17,Terra,0.0235,0.17650000000000002,0.0393,1.672340425531915,0.7523385300668153,7.075539568345324
2011-06-20,Terra,0.048600000000000004,0.14350000000000002,0.0614,1.2633744855967077,0.4940135346173868,2.9526748971193415
2011-06-22,Terra,0.031100000000000003,0.13970000000000002,0.0505,1.54434250764526,0.6206496519721577,4.272171253822631
2011-06-25,Terra,0.0227,0.125,0.037000000000000005,1.5714285714285716,0.6366995073891626,4.505084745762712
2011-07-01,Terra,0.0279,0.15660000000000002,0.0487,1.7455197132616487,0.697560975609756,5.612903225806452
2011-07-02,Terra,0.0238,0.08220000000000001,0.0386,1.6218487394957983,0.5509433962264151,3.453781512605042
2011-07-03,Terra,0.024300000000000002,0.1348,0.0427,1.7572016460905349,0.6945317410433689,5.5473251028806585
2011-07-04,Terra,0.047,0.08700000000000001,0.0608,1.295744680851064,0.2985074626865672,1.8510638297872342
2011-07-05,Terra,0.0224,0.184,0.040600000000000004,1.8125000000000002,0.7829457364341085,8.214285714285714
2011-07-06,Terra,0.0529,0.1149,0.06470000000000001,1.2230623818525521,0.3694874851013111,2.172022684310019
2011-07-08,Terra,0.0228,0.1086,0.0359,1.680232558139535,0.6529680365296803,4.763157894736842
2011-07-09,Terra,0.0165,0.11710000000000001,0.027600000000000003,1.6727272727272728,0.752994011976048,7.096969696969698
2011-07-10,Terra,0.020200000000000003,0.1474,0.035300000000000005,1.7376237623762374,0.7673860911270983,7.597938144329897
2011-07-15,Terra,0.0241,0.0839,0.033100000000000004,1.4836601307189543,0.5815268614514609,3.779279279279279
2011-07-22,Terra,0.0477,0.1287,0.0577,1.209643605870021,0.4591836734693878,2.69811320754717
2011-07-23,Terra,0.0105,0.1097,0.020900000000000002,1.973913043478261,0.8237738985868662,10.349056603773585
2011-07-24,Terra,0.019,0.0763,0.0329,1.6210526315789475,0.6012591815320042,4.015789473684211
2011-07-27,Terra,0.0223,0.0661,0.0341,1.5291479820627802,0.49547511312217196,2.964125560538117
2011-07-28,Terra,0.0211,0.1821,0.038400000000000004,1.8737864077669903,0.7914412198721102,8.589622641509434
2011-07-29,Terra,0.0567,0.0849,0.0671,1.1834215167548503,0.19915254237288138,1.4973544973544974
2011-07-30,Terra,0.020900000000000002,0.22740000000000002,0.0392,1.8585858585858583,0.8291571753986332,10.706666666666665
2011-07-31,Terra,0.0264,0.0889,0.042,1.4919354838709677,0.5055038103302286,3.0445205479452055
2011-08-01,Terra,0.0125,0.08800000000000001,0.0267,2.136,0.7512437810945274,7.04
2011-08-02,Terra,0.019200000000000002,0.0756,0.034300000000000004,1.7552083333333333,0.6153846153846153,4.199999999999999
2011-08-03,Terra,0.015600000000000001,0.0614,0.0302,1.935897435897436,0.5948051948051948,3.9358974358974357
2011-08-04,Terra,0.0239,0.17350000000000002,0.0441,1.8398268398268398,0.7463512833417212,6.884920634920635
2011-08-05,Terra,0.031900000000000005,0.15460000000000002,0.046700000000000005,1.463949843260188,0.6534759358288771,4.771604938271605
2011-08-06,Terra,0.0256,0.21760000000000002,0.0454,1.78515625,0.7894736842105262,8.5
2011-08-07,Terra,0.026500000000000003,0.20400000000000001,0.0437,1.6490566037735848,0.770065075921909,7.69811320754717
2011-08-09,Terra,0.0239,0.13240000000000002,0.0409,1.711297071129707,0.7273320287018917,6.334928229665072
2011-08-10,Terra,0.0145,0.1071,0.027600000000000003,1.903448275862069,0.7615131578947368,7.386206896551724
2011-08-11,Terra,0.0238,0.18050000000000002,0.043300000000000005,1.819327731092437,0.7618350414836506,7.397540983606558
2011-08-12,Terra,0.0198,0.0746,0.0359,1.8181818181818183,0.5705263157894737,3.656862745098039
2011-08-13,Terra,0.0263,0.17070000000000002,0.048600000000000004,1.844106463878327,0.7321100917431193,6.465753424657534
2011-08-14,Terra,0.0361,0.068,0.051500000000000004,1.4265927977839337,0.3064361191162344,1.883656509695291
2011-08-16,Terra,0.0212,0.0989,0.0368,1.8156424581005588,0.6333608587943849,4.454954954954955
2011-08-17,Terra,0.0119,0.0755,0.025500000000000002,2.142857142857143,0.7276887871853546,6.34453781512605
2011-08-18,Terra,0.0146,0.07880000000000001,0.030000000000000002,2.0547945205479454,0.6873661670235546,5.397260273972603
2011-08-19,Terra,0.013000000000000001,0.10590000000000001,0.023,1.7741935483870968,0.805626598465473,9.289473684210527
2011-08-20,Terra,0.020300000000000002,0.1303,0.0361,1.778325123152709,0.7304116865869853,6.418719211822659
2011-08-21,Terra,0.0224,0.1163,0.0337,1.5102880658436213,0.6770007209805335,5.191964285714286
2011-08-22,Terra,0.0236,0.22440000000000002,0.0415,1.7584745762711866,0.7923322683706071,8.63076923076923
2011-08-23,Terra,0.0204,0.14020000000000002,0.03265,1.614285714285714,0.7565741193737769,7.301355578727842
2011-08-25,Terra,0.013800000000000002,0.0601,0.0273,1.9130434782608694,0.6376021798365122,4.518796992481203
2011-08-26,Terra,0.0117,0.08220000000000001,0.0234,2.0,0.7507987220447284,7.025641025641026
2011-08-27,Terra,0.023,0.1134,0.0374,1.6260869565217393,0.6627565982404693,4.930434782608696
2011-09-01,Terra,0.0128,0.0478,0.024800000000000003,1.9375,0.5959933222036728,3.9504132231404956
2011-09-02,Terra,0.0126,0.13140000000000002,0.022600000000000002,1.9396551724137931,0.8341625207296848,11.06
2011-09-03,Terra,0.019100000000000002,0.1568,0.0344,1.8115183246073296,0.7598204264870931,7.327102803738317
2011-09-04,Terra,0.012,0.10060000000000001,0.0238,1.9833333333333334,0.7752525252525252,7.898876404494382
2011-09-05,Terra,0.0235,0.165,0.040400000000000005,1.719148936170213,0.7506631299734748,7.021276595744681
2011-09-06,Terra,0.016800000000000002,0.1531,0.0333,1.982142857142857,0.8022366097704531,9.113095238095237
2011-09-08,Terra,0.021,0.2041,0.035500000000000004,1.6904761904761905,0.8134162594402489,9.719047619047618
2011-09-09,Terra,0.028300000000000002,0.2872,0.0466,1.646643109540636,0.7894736842105263,8.5
2011-09-10,Terra,0.0247,0.116,0.0379,1.5344129554655872,0.6684996072270228,5.033175355450237
2011-09-11,Terra,0.0164,0.1077,0.031200000000000002,1.822857142857143,0.7356970185334408,6.567073170731707
2011-09-12,Terra,0.0396,0.19920000000000002,0.061200000000000004,1.5454545454545454,0.6683417085427136,5.03030303030303
2011-09-13,Terra,0.0194,0.1198,0.0318,1.6391752577319587,0.721264367816092,6.175257731958763
2011-09-20,Terra,0.015300000000000001,0.0862,0.0257,1.7581699346405228,0.6985221674876846,5.633986928104575
2011-09-21,Terra,0.019100000000000002,0.13240000000000002,0.0345,1.7853403141361253,0.7478547854785478,6.9319371727748695
2011-09-23,Terra,0.020200000000000003,0.17350000000000002,0.036500000000000005,1.806930693069307,0.7914300464636036,8.589108910891088
2011-09-24,Terra,0.0166,0.0789,0.031400000000000004,1.8260869565217392,0.6523560209424083,4.753012048192771
2011-09-28,Terra,0.018000000000000002,0.1444,0.0316,1.7555555555555555,0.7783251231527095,8.022222222222222
2011-09-29,Terra,0.0167,0.1119,0.028800000000000003,1.6296296296296298,0.7110091743119266,5.920634920634921
2011-10-14,Terra,0.0227,0.1481,0.0354,1.5505050505050504,0.734192037470726,6.524229074889868
2011-10-17,Terra,0.0155,0.09380000000000001,0.0244,1.536764705882353,0.652863436123348,4.761421319796955
2011-10-18,Terra,0.0274,0.2622,0.0432,1.511764705882353,0.7818552497451579,8.16822429906542
2011-10-23,Terra,0.0308,0.1315,0.0412,1.3376623376623376,0.6210131332082552,4.277227722772277
2011-10-25,Terra,0.0339,0.20090000000000002,0.0448,1.3215339233038348,0.7112436115843273,5.926253687315635
2011-10-26,Terra,0.032100000000000004,0.1602,0.0379,1.1806853582554517,0.6661466458658345,4.990654205607476
2011-10-27,Terra,0.0621,0.1694,0.0762,1.2270531400966185,0.4634989200863931,2.727858293075684
2011-11-01,Terra,0.0285,0.193,0.039400000000000004,1.3191489361702127,0.7353330392589326,6.556666666666667
2011-11-02,Terra,0.016900000000000002,0.08850000000000001,0.0224,1.3254437869822484,0.635743519781719,4.49063670411985
2011-11-29,Terra,0.031900000000000005,0.07100000000000001,0.0335,1.050156739811912,0.379980563654033,2.225705329153605
2011-12-01,Terra,0.0359,0.1477,0.038900000000000004,1.090185676392573,0.5933117583603019,3.917771883289124
2011-12-02,Terra,0.0228,0.09040000000000001,0.0262,1.1491228070175439,0.5708079930495222,3.6599190283400813
2011-12-03,Terra,0.0402,0.2366,0.046700000000000005,1.1616915422885574,0.7182280319535223,6.097938144329897
2011-12-04,Terra,0.0221,0.0915,0.023,1.0407239819004523,0.5195652173913043,3.16289592760181
2011-12-05,Terra,0.0415,0.2818,0.0514,1.0843881856540083,0.7432725023198268,6.790361445783132
2011-12-06,Terra,0.029900000000000003,0.1095,0.0302,1.0100334448160535,0.5417789757412399,3.3647058823529408
2011-12-07,Terra,0.024800000000000003,0.11570000000000001,0.032,1.2903225806451613,0.7470678225395208,6.907258064516129
2011-12-08,Terra,0.025500000000000002,0.10070000000000001,0.033,1.109704641350211,0.6189710610932476,4.248945147679325
2011-12-09,Terra,0.0251,0.16010000000000002,0.0267,1.0683229813664596,0.6937708036138849,5.531055900621118
2011-12-10,Terra,0.0448,0.21180000000000002,0.050300000000000004,1.1227678571428572,0.6508183943881528,4.727678571428572
2011-12-12,Terra,0.0402,0.2321,0.0468,1.164179104477612,0.7047374219610725,5.77363184079602
2011-12-13,Terra,0.034300000000000004,0.092,0.0337,0.9825072886297375,0.456848772763262,2.6822157434402327
2011-12-16,Terra,0.098,0.2016,0.0891,0.9091836734693877,0.3457943925233645,2.057142857142857
2011-12-17,Terra,0.038700000000000005,0.1615,0.0375,0.9689922480620153,0.6133866133866133,4.17312661498708
2011-12-21,Terra,0.0318,0.19260000000000002,0.0309,0.9607390300230947,0.6678043230944255,5.02054794520548
2011-12-22,Terra,0.0376,0.0913,0.035500000000000004,0.9867021276595744,0.41440743609604963,2.4153439153439153
2012-01-04,Terra,0.07490000000000001,0.2369,0.0789,1.0534045393858475,0.519563822963438,3.1628838451268355
2012-01-08,Terra,0.029300000000000003,0.1364,0.034800000000000005,1.187713310580205,0.6463488231744116,4.655290102389078
2012-02-02,Terra,0.0258,0.096,0.0363,1.4780219780219779,0.6513513513513514,4.736434108527132
2012-02-03,Terra,0.0388,0.1439,0.0511,1.3170103092783505,0.6703424260011607,5.066901408450704
2012-02-06,Terra,0.0327,0.09570000000000001,0.05,1.2782874617737003,0.37440758293838866,2.196969696969697
2012-02-12,Terra,0.1316,0.3022,0.1353,1.028115501519757,0.3932687874596589,2.2963525835866263
2012-02-23,Terra,0.0794,0.2197,0.09050000000000001,1.1397984886649877,0.46907388833166164,2.7670025188916876
2012-02-24,Terra,0.023,0.0708,0.0367,1.4285714285714286,0.5047821466524973,3.03862660944206
2012-03-04,Terra,0.056400000000000006,0.1393,0.0663,1.175531914893617,0.4236075625958099,2.469858156028369
2012-03-26,Terra,0.0354,0.23020000000000002,0.051500000000000004,1.4548022598870056,0.7334337349397592,6.502824858757062
2012-04-21,Terra,0.0284,0.08410000000000001,0.0419,1.4753521126760563,0.4951111111111111,2.961267605633803
2012-04-22,Terra,0.0164,0.0717,0.030000000000000002,1.829268292682927,0.6276958002270148,4.371951219512194
2012-04-23,Terra,0.0257,0.0995,0.0419,1.6303501945525292,0.5894568690095847,3.8715953307392996
2012-05-06,Terra,0.020800000000000003,0.12510000000000002,0.0298,1.4326923076923075,0.7148732008224812,6.014423076923077
2012-05-07,Terra,0.022600000000000002,0.0868,0.0329,1.4557522123893802,0.677294685990338,5.197604790419162
2012-05-09,Terra,0.0238,0.11660000000000001,0.038,1.5966386554621848,0.6609686609686609,4.899159663865547
2012-05-10,Terra,0.019200000000000002,0.060500000000000005,0.029400000000000003,1.53125,0.5181932245922208,3.1510416666666665
2012-05-12,Terra,0.0206,0.16090000000000002,0.0322,1.5631067961165048,0.7045226130653266,5.768707482993197
2012-05-13,Terra,0.0176,0.09580000000000001,0.0279,1.5852272727272727,0.6895943562610228,5.443181818181818
2012-05-14,Terra,0.0304,0.0611,0.0408,1.342105263157895,0.4143518518518518,2.41501976284585
2012-05-16,Terra,0.0201,0.0854,0.0313,1.5572139303482588,0.6189573459715639,4.248756218905473
2012-05-17,Terra,0.0182,0.0855,0.028900000000000002,1.6043956043956042,0.6634241245136188,4.942196531791908
2012-06-01,Terra,0.0303,0.1529,0.0466,1.537953795379538,0.6692139737991267,5.0462046204620465
2012-06-06,Terra,0.0342,0.1961,0.0477,1.394736842105263,0.7029960920538427,5.73391812865497
2012-06-10,Terra,0.020800000000000003,0.1348,0.0398,1.9005524861878451,0.7500000000000001,7.0
2012-06-14,Terra,0.0268,0.1825,0.0455,1.6977611940298507,0.7439082656473962,6.809701492537313
2012-06-15,Terra,0.0386,0.0908,0.0543,1.4481865284974094,0.4680679062247373,2.759878419452888
2012-06-16,Terra,0.015000000000000001,0.1338,0.028200000000000003,1.8800000000000001,0.7983870967741935,8.92
2012-06-20,Terra,0.034800000000000005,0.0873,0.0459,1.3189655172413792,0.4299754299754299,2.508620689655172
2012-06-21,Terra,0.0241,0.20020000000000002,0.0407,1.6887966804979253,0.785109228711547,8.307053941908714
2012-06-24,Terra,0.025500000000000002,0.163,0.0446,1.7490196078431373,0.7294429708222813,6.3921568627450975
2012-07-04,Terra,0.0146,0.09570000000000001,0.0267,1.8321678321678323,0.7399999999999999,6.6923076923076925
2012-07-05,Terra,0.0268,0.1673,0.0439,1.6380597014925373,0.7238536836682123,6.242537313432836
2012-07-06,Terra,0.041,0.0906,0.049100000000000005,1.1975609756097563,0.37116564417177916,2.180487804878049
2012-07-07,Terra,0.024300000000000002,0.1948,0.042300000000000004,1.7407407407407407,0.7781834778639889,8.016460905349794
2012-07-08,Terra,0.0519,0.1057,0.0613,1.1811175337186897,0.34137055837563446,2.0366088631984587
2012-07-09,Terra,0.0165,0.11330000000000001,0.0292,1.7548387096774194,0.7593167701863354,7.3096774193548395
2012-07-10,Terra,0.030100000000000002,0.08080000000000001,0.0426,1.4683098591549295,0.4571686203787196,2.684385382059801
2012-07-11,Terra,0.0155,0.0879,0.027100000000000003,1.767741935483871,0.7440476190476192,6.813953488372094
2012-07-12,Terra,0.025400000000000002,0.15510000000000002,0.0422,1.6614173228346456,0.7185595567867036,6.106299212598425
2012-07-13,Terra,0.0206,0.0937,0.0298,1.4466019417475728,0.6395450568678914,4.548543689320389
2012-07-21,Terra,0.0177,0.1479,0.0337,1.903954802259887,0.7927272727272727,8.649122807017545
2012-07-23,Terra,0.0205,0.19010000000000002,0.037200000000000004,1.8146341463414635,0.8053181386514721,9.273170731707317
2012-07-24,Terra,0.0393,0.1022,0.049600000000000005,1.2620865139949111,0.501585288522511,3.0127226463104324
2012-07-25,Terra,0.014,0.12350000000000001,0.0258,1.8428571428571427,0.7963636363636364,8.821428571428573
2012-07-26,Terra,0.019100000000000002,0.1109,0.0328,1.7,0.7012020606754436,5.693486590038314
2012-07-28,Terra,0.022000000000000002,0.15810000000000002,0.0371,1.8,0.7556912826207663,7.1863636363636365
2012-07-29,Terra,0.0193,0.08120000000000001,0.0302,1.5647668393782384,0.6159203980099504,4.2072538860103625
2012-07-30,Terra,0.022600000000000002,0.1784,0.0415,1.811965811965812,0.7593688362919132,7.311475409836065
2012-07-31,Terra,0.049,0.09620000000000001,0.058,1.183673469387755,0.32506887052341604,1.963265306122449
2012-08-01,Terra,0.022500000000000003,0.23870000000000002,0.04,1.7660550458715596,0.7898795180722891,8.51834862385321
2012-08-02,Terra,0.0251,0.1398,0.0409,1.4883720930232558,0.661319073083779,4.905263157894737
2012-08-03,Terra,0.0119,0.0877,0.022600000000000002,1.8991596638655464,0.7610441767068274,7.369747899159663
2012-08-04,Terra,0.0189,0.1197,0.0317,1.874015748031496,0.7272727272727273,6.333333333333333
2012-08-06,Terra,0.023100000000000002,0.1904,0.039900000000000005,1.7444444444444445,0.7836065573770491,8.242424242424242
2012-08-07,Terra,0.0281,0.10550000000000001,0.0391,1.3380782918149468,0.5793413173652695,3.7544483985765127
2012-08-08,Terra,0.0221,0.1678,0.0378,1.7104072398190044,0.7672459189046866,7.592760180995475
2012-08-10,Terra,0.0145,0.1241,0.0257,1.7430555555555554,0.7920577617328519,8.618055555555555
2012-08-11,Terra,0.0165,0.10360000000000001,0.0304,1.8424242424242423,0.7202970297029703,6.150442477876106
2012-08-12,Terra,0.016900000000000002,0.1384,0.028200000000000003,1.688775510204082,0.7823567289117836,8.189349112426035
2012-08-13,Terra,0.0244,0.12510000000000002,0.038900000000000004,1.5942622950819674,0.6858006042296072,5.365384615384615
2012-08-14,Terra,0.0216,0.13090000000000002,0.033600000000000005,1.5555555555555558,0.7303370786516854,6.416666666666667
2012-08-15,Terra,0.0285,0.2024,0.0473,1.6596491228070176,0.7531398873971417,7.101754385964912
2012-08-16,Terra,0.0187,0.149,0.030100000000000002,1.6096256684491979,0.7695961995249406,7.68041237113402
2012-08-17,Terra,0.0274,0.18330000000000002,0.0439,1.602189781021898,0.7399145704793545,6.689781021897811
2012-08-19,Terra,0.013300000000000001,0.1125,0.0233,1.7518796992481203,0.7885532591414944,8.458646616541353
2012-08-21,Terra,0.014,0.1081,0.0246,1.7214285714285713,0.7706797706797707,7.7214285714285715
2012-08-22,Terra,0.0175,0.18510000000000001,0.034,1.9428571428571428,0.7970873786407767,8.85645933014354
2012-08-23,Terra,0.020800000000000003,0.0952,0.0316,1.5192307692307692,0.6162988115449914,4.212389380530974
2012-08-24,Terra,0.020800000000000003,0.2359,0.0373,1.7932692307692306,0.8188126445643793,10.038297872340426
2012-08-25,Terra,0.0324,0.12510000000000002,0.0431,1.330246913580247,0.5885714285714286,3.861111111111112
2012-08-26,Terra,0.0137,0.16010000000000002,0.0253,1.8467153284671531,0.8423475258918298,11.686131386861314
2012-08-29,Terra,0.013600000000000001,0.09050000000000001,0.0268,1.9705882352941175,0.7387127761767531,6.654411764705882
2012-08-30,Terra,0.0154,0.0694,0.024800000000000003,1.6794871794871795,0.639386189258312,4.546099290780142
2012-08-31,Terra,0.0207,0.16740000000000002,0.0367,1.7729468599033817,0.7799043062200958,8.08695652173913
2012-09-01,Terra,0.0211,0.0664,0.0322,1.5402843601895735,0.4887892376681614,2.9122807017543857
2012-09-03,Terra,0.0179,0.1153,0.028900000000000002,1.6145251396648046,0.7589134125636671,7.295774647887325
2012-09-04,Terra,0.0161,0.1,0.028300000000000002,1.7577639751552796,0.7202432667245873,6.149068322981367
2012-09-05,Terra,0.0164,0.1216,0.0315,1.920731707317073,0.7490774907749077,6.970588235294117
2012-09-06,Terra,0.0165,0.11080000000000001,0.0285,1.6888888888888887,0.7204968944099378,6.155555555555555
2012-09-07,Terra,0.023200000000000002,0.12010000000000001,0.0391,1.6853448275862069,0.6762037683182136,5.176724137931035
2012-09-11,Terra,0.0162,0.11280000000000001,0.0273,1.7261146496815285,0.7488372093023257,6.962962962962964
2012-09-12,Terra,0.0159,0.11030000000000001,0.029500000000000002,1.7169811320754718,0.7464167585446528,6.8869565217391315
2012-09-14,Terra,0.022600000000000002,0.1254,0.0378,1.6376811594202898,0.6945945945945945,5.548672566371682
2012-09-16,Terra,0.0217,0.16740000000000002,0.0368,1.6960784313725488,0.7704918032786886,7.714285714285715
2012-09-17,Terra,0.0152,0.0463,0.026500000000000003,1.7434210526315792,0.5589225589225589,3.5343511450381677
2012-09-18,Terra,0.0201,0.134,0.0313,1.5572139303482588,0.7391304347826086,6.666666666666667
2012-09-19,Terra,0.029300000000000003,0.1278,0.0436,1.4880546075085324,0.6269891788669637,4.361774744027303
2012-09-20,Terra,0.018000000000000002,0.1409,0.0303,1.6833333333333331,0.7734424166142229,7.827777777777777
2012-09-22,Terra,0.014400000000000001,0.0855,0.023100000000000002,1.6527777777777777,0.7150259067357513,6.0181818181818185
2012-09-24,Terra,0.014700000000000001,0.1193,0.0297,2.020408163265306,0.776530039303762,7.949748743718593
2012-09-25,Terra,0.024300000000000002,0.17070000000000002,0.0379,1.559670781893004,0.7507692307692309,7.0246913580246915
2012-09-26,Terra,0.0143,0.0707,0.0228,1.674698795180723,0.6635294117647059,4.944055944055944
2012-09-30,Terra,0.016300000000000002,0.1095,0.0274,1.673469387755102,0.7545909849749582,7.149659863945578
2012-10-01,Terra,0.0171,0.0777,0.026600000000000002,1.5555555555555556,0.6392405063291139,4.543859649122807
2012-10-02,Terra,0.0195,0.1491,0.0324,1.6615384615384614,0.7686832740213524,7.6461538461538465
2012-10-03,Terra,0.022500000000000003,0.0766,0.031,1.3777777777777775,0.6162361623616236,4.211538461538462
2012-10-04,Terra,0.0315,0.21660000000000001,0.0475,1.507936507936508,0.7471264367816092,6.909090909090909
2012-10-05,Terra,0.018000000000000002,0.0872,0.028300000000000002,1.6024844720496896,0.6178107606679034,4.233009708737864
2012-10-06,Terra,0.0193,0.11900000000000001,0.0313,1.5833333333333333,0.6927453769559033,5.5092592592592595
2012-10-07,Terra,0.0198,0.0893,0.0316,1.595959595959596,0.6370302474793768,4.51010101010101
2012-10-08,Terra,0.019700000000000002,0.1427,0.0307,1.5583756345177664,0.7532934131736526,7.106796116504855
2012-10-09,Terra,0.0262,0.133,0.039900000000000005,1.5229007633587788,0.6708542713567839,5.076335877862595
2012-10-10,Terra,0.0171,0.0799,0.028900000000000002,1.6900584795321638,0.6750524109014675,5.15483870967742
2012-10-11,Terra,0.0257,0.19770000000000001,0.0409,1.5494071146245059,0.7730941704035875,7.814229249011858
2012-10-17,Terra,0.0123,0.10210000000000001,0.0236,1.8943089430894309,0.7201320132013201,6.14622641509434
2012-10-18,Terra,0.0219,0.1563,0.035500000000000004,1.6210045662100458,0.7542087542087542,7.136986301369863
2012-11-15,Terra,0.021,0.0874,0.0273,1.3,0.48135593220338985,2.8562091503267975
2012-11-25,Terra,0.0239,0.11950000000000001,0.033600000000000005,1.4058577405857742,0.6083445491251682,4.106529209621994
2012-11-26,Terra,0.0589,0.1678,0.0682,1.1810865191146882,0.5429885057471265,3.37625754527163
2013-01-20,Terra,0.0323,0.1008,0.038900000000000004,1.2043343653250775,0.5146506386175809,3.120743034055727
2013-01-21,Terra,0.0178,0.0699,0.0216,1.2134831460674158,0.5940706955530217,3.9269662921348316
2013-02-01,Terra,0.030500000000000003,0.07250000000000001,0.0315,1.0327868852459015,0.4728682170542635,2.7941176470588234
2013-02-15,Terra,0.017400000000000002,0.0589,0.0207,1.189655172413793,0.5439056356487548,3.3850574712643673
2013-03-03,Terra,0.182,0.29600000000000004,0.1834,1.0076923076923077,0.23849372384937245,1.6263736263736266
2013-03-04,Terra,0.0472,0.2195,0.0577,1.2107438016528926,0.6386711459499813,4.535123966942148
2013-03-07,Terra,0.0246,0.0956,0.0296,1.2032520325203253,0.5382139983909895,3.3310104529616726
2013-03-09,Terra,0.0273,0.11510000000000001,0.035500000000000004,1.3003663003663004,0.6165730337078652,4.216117216117216
2013-03-30,Terra,0.0193,0.038400000000000004,0.0302,1.5647668393782384,0.33102253032928947,1.9896373056994818
2013-04-22,Terra,0.0324,0.0902,0.041600000000000005,1.2901234567901236,0.600709849157054,4.0088888888888885
2013-04-23,Terra,0.0201,0.11510000000000001,0.029,1.4427860696517414,0.7026627218934911,5.726368159203981
2013-04-24,Terra,0.017400000000000002,0.053700000000000005,0.028200000000000003,1.6206896551724137,0.5196232339089482,3.163398692810458
2013-04-25,Terra,0.0211,0.08600000000000001,0.029500000000000002,1.4057971014492754,0.611996251171509,4.154589371980677
2013-04-26,Terra,0.0201,0.12840000000000001,0.033,1.6096256684491979,0.7035812672176308,5.747211895910781
2013-04-27,Terra,0.0261,0.1063,0.0335,1.3220973782771537,0.615501519756839,4.201581027667984
2013-05-01,Terra,0.016800000000000002,0.09280000000000001,0.028800000000000003,1.6516129032258065,0.6097137901127493,4.124444444444444
2013-05-02,Terra,0.017,0.1005,0.0251,1.476470588235294,0.7106382978723405,5.911764705882353
2013-05-03,Terra,0.0145,0.0734,0.0267,1.717241379310345,0.6719817767653758,5.097222222222222
2013-05-04,Terra,0.020800000000000003,0.093,0.029300000000000003,1.3596059113300494,0.5709459459459458,3.6614173228346454
2013-05-05,Terra,0.021500000000000002,0.1313,0.0345,1.6871794871794872,0.7204301075268817,6.153846153846154
2013-05-06,Terra,0.028800000000000003,0.09570000000000001,0.037700000000000004,1.314516129032258,0.5373493975903614,3.3229166666666665
2013-05-07,Terra,0.0252,0.1527,0.04,1.5873015873015872,0.7166947723440135,6.059523809523809
2013-05-08,Terra,0.0381,0.1217,0.0475,1.2467191601049867,0.5231539424280351,3.1942257217847767
2013-05-09,Terra,0.015700000000000002,0.0918,0.0253,1.6114649681528659,0.707906976744186,5.8471337579617835
2013-05-10,Terra,0.024900000000000002,0.1071,0.0379,1.5220883534136547,0.6088328075709779,4.112903225806452
2013-05-20,Terra,0.0165,0.0694,0.027600000000000003,1.6727272727272728,0.6158323632130385,4.206060606060606
2013-05-31,Terra,0.04,0.0833,0.0511,1.2774999999999999,0.29824561403508776,1.8500000000000003
2013-06-01,Terra,0.031100000000000003,0.1169,0.042800000000000005,1.3762057877813505,0.5797297297297297,3.7588424437299035
2013-06-02,Terra,0.031200000000000002,0.08320000000000001,0.041800000000000004,1.3911764705882352,0.5364727608494922,3.314741035856574
2013-06-03,Terra,0.0158,0.0838,0.0269,1.70253164556962,0.6827309236947792,5.30379746835443
2013-06-04,Terra,0.0167,0.1047,0.0303,1.7718120805369126,0.7248764415156507,6.269461077844312
2013-06-05,Terra,0.0173,0.1258,0.029300000000000003,1.5917159763313609,0.742382271468144,6.763440860215053
2013-06-06,Terra,0.0172,0.12200000000000001,0.0316,1.8372093023255816,0.7528735632183907,7.0930232558139545
2013-06-07,Terra,0.0412,0.07780000000000001,0.0483,1.1723300970873787,0.30756302521008405,1.888349514563107
2013-06-08,Terra,0.0196,0.188,0.0359,1.8316326530612246,0.8111753371868978,9.591836734693878
2013-06-09,Terra,0.055,0.0825,0.061200000000000004,1.1127272727272728,0.18790496760259176,1.4627659574468084
2013-06-10,Terra,0.015600000000000001,0.1305,0.0269,1.7243589743589742,0.786447638603696,8.365384615384615
2013-06-14,Terra,0.016300000000000002,0.1136,0.027700000000000002,1.6046511627906976,0.7476835352815394,6.926553672316384
2013-06-15,Terra,0.0347,0.16,0.0511,1.472622478386167,0.6573241671073506,4.83641975308642
2013-06-28,Terra,0.0128,0.0898,0.024900000000000002,1.8412698412698414,0.75390625,7.126984126984127
2013-06-29,Terra,0.045700000000000005,0.27030000000000004,0.0639,1.398249452954048,0.710759493670886,5.914660831509847
2013-06-30,Terra,0.0222,0.1422,0.0339,1.527027027027027,0.7299270072992701,6.405405405405404
2013-07-01,Terra,0.0291,0.1908,0.0488,1.6800000000000002,0.7480531378836464,6.9381818181818184
2013-07-02,Terra,0.0678,0.11660000000000001,0.0732,1.0796460176991152,0.2646420824295011,1.7197640117994102
2013-07-03,Terra,0.024200000000000003,0.22940000000000002,0.042300000000000004,1.7479338842975207,0.7921875,8.62406015037594
2013-07-04,Terra,0.027700000000000002,0.1068,0.0388,1.3129032258064517,0.5500725689404935,3.445161290322581
2013-07-05,Terra,0.0114,0.09190000000000001,0.021500000000000002,1.8859649122807018,0.8019607843137255,9.099009900990099
2013-07-06,Terra,0.0196,0.1223,0.0324,1.6568265682656826,0.7237491190979564,6.2397959183673475
2013-07-07,Terra,0.0173,0.113,0.027700000000000002,1.601156069364162,0.7614964925954795,7.385620915032679
2013-07-08,Terra,0.0161,0.12240000000000001,0.030100000000000002,1.8695652173913044,0.7675090252707581,7.6024844720496905
2013-07-10,Terra,0.0199,0.1726,0.0363,1.8241206030150752,0.7932467532467532,8.673366834170855
2013-07-11,Terra,0.027,0.2627,0.0432,1.6,0.813600276147739,9.72962962962963
2013-07-13,Terra,0.027800000000000002,0.15280000000000002,0.0395,1.5,0.7226606538895152,6.211382113821139
2013-07-14,Terra,0.0164,0.129,0.027,1.646341463414634,0.7744154057771665,7.865853658536585
2013-07-15,Terra,0.0195,0.1388,0.033800000000000004,1.808219178082192,0.7536323436512951,7.117948717948718
2013-07-16,Terra,0.0119,0.1115,0.0252,2.091743119266055,0.7670364500792393,7.5850340136054415
2013-07-17,Terra,0.0216,0.17750000000000002,0.0388,1.794392523364486,0.783023606228026,8.217592592592593
2013-07-18,Terra,0.0585,0.1042,0.06760000000000001,1.1572649572649574,0.2808850645359557,1.781196581196581
2013-07-19,Terra,0.0207,0.20120000000000002,0.038,1.8357487922705313,0.8134294727354665,9.719806763285025
2013-07-20,Terra,0.0263,0.1273,0.0395,1.414448669201521,0.6185632549268913,4.243333333333333
2013-07-21,Terra,0.0126,0.10060000000000001,0.0227,1.8015873015873016,0.7773851590106007,7.984126984126985
2013-07-22,Terra,0.0151,0.10500000000000001,0.029300000000000003,1.9403973509933776,0.7485428809325562,6.953642384105961
2013-07-23,Terra,0.0162,0.10880000000000001,0.0268,1.7402597402597402,0.7408000000000001,6.71604938271605
2013-07-24,Terra,0.019200000000000002,0.1384,0.0354,1.8437499999999998,0.7563451776649747,7.208333333333332
2013-07-25,Terra,0.0316,0.08220000000000001,0.0409,1.2943037974683542,0.4446397188049209,2.6012658227848102
2013-07-26,Terra,0.016900000000000002,0.11510000000000001,0.0286,1.692307692307692,0.743939393939394,6.810650887573964
2013-07-27,Terra,0.037200000000000004,0.07440000000000001,0.047400000000000005,1.2741935483870968,0.33333333333333337,2.0
2013-07-28,Terra,0.012100000000000001,0.1363,0.021,1.7355371900826446,0.8369272237196765,11.264462809917354
2013-07-29,Terra,0.0148,0.0582,0.0245,1.6418918918918919,0.6440677966101696,4.6190476190476195
2013-07-30,Terra,0.0158,0.1246,0.0268,1.6962025316455696,0.774928774928775,7.886075949367088
2013-08-03,Terra,0.0453,0.1043,0.0545,1.2030905077262692,0.39438502673796794,2.30242825607064
2013-08-04,Terra,0.0211,0.1653,0.0327,1.7716535433070866,0.7660064486411792,7.547244094488189
2013-08-05,Terra,0.0207,0.0941,0.032600000000000004,1.4782608695652175,0.6127783155856728,4.165
2013-08-06,Terra,0.0205,0.1073,0.0337,1.6439024390243901,0.6831372549019609,5.311881188118812
2013-08-08,Terra,0.0137,0.0862,0.0238,1.7372262773722629,0.7171314741035856,6.070422535211267
2013-08-12,Terra,0.035,0.0603,0.0438,1.2514285714285713,0.2432989690721649,1.643051771117166
2013-08-13,Terra,0.012,0.1454,0.0212,1.7666666666666666,0.8475222363405336,12.116666666666667
2013-08-18,Terra,0.0172,0.1603,0.0313,1.8563535911602211,0.7970852017937219,8.85635359116022
2013-08-19,Terra,0.027700000000000002,0.0888,0.0374,1.3108614232209739,0.5283993115318417,3.240875912408759
2013-08-20,Terra,0.0194,0.21130000000000002,0.034,1.7061855670103094,0.8318162115301257,10.891752577319588
2013-08-24,Terra,0.0177,0.0824,0.029,1.6384180790960452,0.6463536463536464,4.655367231638418
2013-08-27,Terra,0.0211,0.19090000000000001,0.0371,1.7582938388625593,0.8009433962264151,9.04739336492891
2013-08-30,Terra,0.0088,0.046,0.016,1.8181818181818181,0.6788321167883211,5.227272727272727
2013-08-31,Terra,0.0126,0.0792,0.0224,1.864406779661017,0.7406593406593406,6.711864406779662
2013-09-01,Terra,0.018000000000000002,0.11900000000000001,0.032,1.7777777777777777,0.7476780185758513,6.926380368098159
2013-09-07,Terra,0.012,0.11040000000000001,0.0207,1.7720588235294117,0.803921568627451,9.200000000000001
2013-09-08,Terra,0.0148,0.0884,0.0281,1.8986486486486485,0.7131782945736433,5.972972972972973
2013-09-09,Terra,0.0118,0.1173,0.0228,1.8898305084745763,0.7772727272727272,7.979591836734693
2013-09-10,Terra,0.0166,0.1376,0.0309,1.8614457831325302,0.7846952010376135,8.289156626506024
2013-09-11,Terra,0.0155,0.07830000000000001,0.025,1.6129032258064517,0.6695095948827292,5.0516129032258075
2013-09-12,Terra,0.0258,0.2116,0.041600000000000005,1.612403100775194,0.7826453243470936,8.2015503875969
2013-09-19,Terra,0.0201,0.194,0.0335,1.6822429906542056,0.8122372723026623,9.65174129353234
2013-10-04,Terra,0.0238,0.1078,0.0341,1.3025210084033612,0.6382978723404256,4.529411764705882
2013-10-05,Terra,0.0166,0.11960000000000001,0.028800000000000003,1.7349397590361446,0.7562408223201175,7.2048192771084345
2013-10-06,Terra,0.013300000000000001,0.0499,0.0211,1.5864661654135337,0.6289424860853432,4.39
2013-10-13,Terra,0.010400000000000001,0.056400000000000006,0.0178,1.70873786407767,0.688622754491018,5.423076923076923
2013-10-14,Terra,0.027200000000000002,0.21030000000000001,0.0415,1.46875,0.743058433485288,6.783870967741936
2013-10-15,Terra,0.0149,0.0392,0.0221,1.4832214765100673,0.48526522593320237,2.8854961832061066
2013-10-16,Terra,0.012400000000000001,0.1305,0.0177,1.4274193548387095,0.8264520643806859,10.524193548387096
2013-10-17,Terra,0.013900000000000001,0.0444,0.0211,1.5179856115107913,0.523156089193825,3.194244604316547
2013-10-18,Terra,0.0142,0.076,0.0216,1.5211267605633803,0.6907675194660734,5.467625899280575
2013-10-19,Terra,0.0234,0.14500000000000002,0.032100000000000004,1.4056603773584906,0.7220902612826603,6.196581196581197
2013-10-20,Terra,0.015300000000000001,0.1192,0.022600000000000002,1.4313725490196076,0.6943852167732765,5.544186046511627
2013-10-21,Terra,0.0236,0.1471,0.034300000000000004,1.490909090909091,0.7397989355411,6.6863636363636365
2013-10-22,Terra,0.015700000000000002,0.0522,0.022000000000000002,1.4012738853503184,0.580110497237569,3.763157894736842
2013-10-23,Terra,0.027800000000000002,0.2084,0.0412,1.3669064748201438,0.764606265876376,7.496402877697841
2013-10-24,Terra,0.0207,0.10840000000000001,0.027600000000000003,1.287958115183246,0.6154992548435171,4.2015503875969
2013-10-25,Terra,0.017400000000000002,0.1131,0.0236,1.3563218390804597,0.7333333333333334,6.499999999999999
2013-10-26,Terra,0.0188,0.0981,0.0275,1.4042553191489362,0.5977198697068404,3.9716599190283404
2013-10-29,Terra,0.0151,0.0898,0.022500000000000003,1.490066225165563,0.6518105849582173,4.744
2013-10-30,Terra,0.032,0.1888,0.0438,1.36875,0.7265660722450845,6.314381270903009
2013-11-01,Terra,0.0164,0.11170000000000001,0.0228,1.3902439024390243,0.7063351095322676,5.810483870967742
2013-11-21,Terra,0.018500000000000003,0.10500000000000001,0.0228,1.2265193370165746,0.5433526011560693,3.3797468354430378
2013-11-22,Terra,0.0317,0.1618,0.0376,1.1861198738170349,0.6603595080416271,4.888579387186629
2013-11-23,Terra,0.0204,0.1034,0.026500000000000003,1.2990196078431373,0.6704361873990307,5.068627450980392
2013-11-24,Terra,0.0383,0.221,0.0471,1.2297650130548303,0.7045892788276129,5.7702349869451695
2013-11-25,Terra,0.022600000000000002,0.07740000000000001,0.0251,1.1674418604651162,0.4841802492809205,2.8773234200743496
2013-11-28,Terra,0.0216,0.1131,0.026000000000000002,1.2037037037037037,0.6254256526674233,4.339393939393939
2013-12-07,Terra,0.036500000000000005,0.07050000000000001,0.031100000000000003,0.8520547945205479,0.3177570093457944,1.9315068493150684
2013-12-11,Terra,0.042,0.2043,0.0415,0.9880952380952381,0.658952496954933,4.864285714285714
2013-12-14,Terra,0.0327,0.0562,0.0317,0.9694189602446482,0.26434195725534304,1.7186544342507646
2013-12-16,Terra,0.1236,0.20550000000000002,0.1163,0.9409385113268608,0.24886052871467643,1.662621359223301
2013-12-17,Terra,0.0329,0.19840000000000002,0.037200000000000004,1.130699088145897,0.7155209684392565,6.030395136778116
2013-12-26,Terra,0.0592,0.26030000000000003,0.0645,1.089527027027027,0.6294209702660407,4.39695945945946
2013-12-27,Terra,0.060200000000000004,0.1232,0.061200000000000004,1.0166112956810631,0.34351145038167935,2.046511627906977
2013-12-28,Terra,0.027200000000000002,0.13490000000000002,0.0291,1.11986301369863,0.685852608929532,5.366438356164384
2014-01-02,Terra,0.042,0.2235,0.0483,1.15,0.6836158192090395,5.321428571428571
2014-01-04,Terra,0.0195,0.1419,0.0239,1.1818181818181819,0.7486136783733826,6.955882352941176
2014-01-05,Terra,0.032,0.1096,0.0329,1.0581039755351682,0.5480225988700566,3.425
2014-01-15,Terra,0.02,0.1037,0.0244,1.22,0.6608260325406758,4.8966789667896675
2014-01-16,Terra,0.0329,0.1646,0.034800000000000005,1.0763358778625955,0.5859412614347617,3.8302325581395347
2014-01-17,Terra,0.0183,0.0794,0.023200000000000002,1.2677595628415301,0.5895895895895895,3.873170731707317
2014-01-18,Terra,0.0345,0.21810000000000002,0.0455,1.2954545454545456,0.7229778095919828,6.219638242894057
2014-01-20,Terra,0.019200000000000002,0.0917,0.0247,1.383495145631068,0.7174392935982339,6.078125
2014-01-21,Terra,0.029500000000000002,0.0898,0.0347,1.1762711864406779,0.4589764419171405,2.6966966966966965
2014-01-22,Terra,0.0233,0.097,0.0291,1.2489270386266094,0.6126350789692435,4.163090128755365
2014-01-23,Terra,0.0325,0.1197,0.0383,1.17921146953405,0.621951219512195,4.290322580645161
2014-01-24,Terra,0.016800000000000002,0.0781,0.021400000000000002,1.1785714285714286,0.6179487179487181,4.23489932885906
2014-01-25,Terra,0.0347,0.1748,0.0472,1.2529761904761905,0.6775431861804221,5.202380952380952
2014-01-26,Terra,0.0217,0.0699,0.023700000000000002,1.1843317972350231,0.522875816993464,3.1917808219178085
2014-02-22,Terra,0.023,0.131,0.038,1.504253942982238,0.6482802972298574,4.781361763773824
2014-03-11,Terra,0.019100000000000002,0.0698,0.0333,1.6818181818181817,0.5489964580873671,3.4345549738219896
2014-03-12,Terra,0.029300000000000003,0.09230000000000001,0.047400000000000005,1.6177474402730376,0.5180921052631579,3.150170648464164
2014-03-18,Terra,0.0189,0.0818,0.0323,1.708994708994709,0.6246276067527309,4.3280423280423275
2014-03-22,Terra,0.0246,0.0674,0.0379,1.7072072072072073,0.5044642857142858,3.036036036036036
2014-03-23,Terra,0.041100000000000005,0.16770000000000002,0.0597,1.4525547445255473,0.6063218390804598,4.08029197080292
2014-03-24,Terra,0.0367,0.17170000000000002,0.0487,1.326975476839237,0.6477927063339731,4.678474114441417
2014-04-07,Terra,0.0171,0.0477,0.030500000000000003,1.9677419354838712,0.5094936708860759,3.07741935483871
2014-04-08,Terra,0.0308,0.1499,0.0483,1.5681818181818181,0.659103486441616,4.866883116883117
2014-04-09,Terra,0.0228,0.0717,0.0358,1.5982142857142856,0.5402792696025779,3.3504672897196257
2014-04-11,Terra,0.0246,0.0727,0.0379,1.5406504065040652,0.49434737923946565,2.9552845528455283
2014-04-12,Terra,0.0181,0.06770000000000001,0.0324,1.761658031088083,0.578088578088578,3.7403314917127073
2014-04-13,Terra,0.02,0.07780000000000001,0.035300000000000005,1.7650000000000001,0.591002044989775,3.89
2014-04-14,Terra,0.0201,0.0512,0.029900000000000003,1.4875621890547266,0.4361851332398317,2.5472636815920398
2014-04-20,Terra,0.039900000000000005,0.1208,0.0536,1.3433583959899749,0.5034225264467952,3.0275689223057642
2014-04-29,Terra,0.0161,0.09860000000000001,0.028,1.7018633540372672,0.7252843394575678,6.280254777070064
2014-04-30,Terra,0.0167,0.0439,0.0264,1.5808383233532934,0.4488448844884489,2.62874251497006
2014-05-07,Terra,0.019200000000000002,0.11130000000000001,0.0264,1.3749999999999998,0.7057471264367817,5.796875
2014-05-13,Terra,0.0184,0.10160000000000001,0.029500000000000002,1.6032608695652175,0.6673469387755103,5.012269938650307
2014-05-14,Terra,0.018000000000000002,0.0951,0.0247,1.434065934065934,0.6787290379523389,5.225274725274725
2014-05-16,Terra,0.025,0.11420000000000001,0.0337,1.34,0.6514822848879249,4.738589211618257
2014-05-20,Terra,0.030100000000000002,0.1086,0.0391,1.3573770491803276,0.5614665708123652,3.5606557377049177
2014-05-21,Terra,0.0158,0.0969,0.024300000000000002,1.5379746835443038,0.7196095829636203,6.132911392405063
2014-05-29,Terra,0.0206,0.08610000000000001,0.0381,1.8495145631067962,0.6138706654170571,4.1796116504854375
2014-05-30,Terra,0.020200000000000003,0.1327,0.030600000000000002,1.5197368421052633,0.735775016350556,6.569306930693069
2014-05-31,Terra,0.0325,0.1501,0.050800000000000005,1.5744680851063833,0.6440306681270537,4.618461538461538
2014-06-01,Terra,0.033100000000000004,0.0742,0.0449,1.3564954682779455,0.38303821062441745,2.241691842900302
2014-06-02,Terra,0.0262,0.1459,0.0453,1.7364341085271318,0.6955258570598489,5.568702290076335
2014-06-03,Terra,0.056,0.1666,0.06810000000000001,1.2160714285714287,0.49685534591194974,2.975
2014-06-04,Terra,0.0253,0.20520000000000002,0.0429,1.6956521739130435,0.7502088554720133,7.006688963210702
2014-06-05,Terra,0.0395,0.06760000000000001,0.0528,1.345029239766082,0.2554194156456174,1.6860759493670887
2014-06-06,Terra,0.0211,0.1391,0.031,1.4691943127962084,0.7365792759051185,6.592417061611374
2014-06-07,Terra,0.023700000000000002,0.165,0.042800000000000005,1.6153846153846154,0.7080745341614907,5.8510638297872335
2014-06-08,Terra,0.021400000000000002,0.0888,0.0318,1.4857142857142858,0.6174863387978141,4.228571428571429
2014-06-09,Terra,0.0304,0.1826,0.0471,1.4198250728862971,0.6837252189949286,5.323615160349854
2014-06-10,Terra,0.038700000000000005,0.1395,0.0468,1.2340425531914894,0.5346534653465347,3.2978723404255317
2014-06-11,Terra,0.0258,0.2124,0.0419,1.63671875,0.7812154696132596,8.141414141414142
2014-06-19,Terra,0.0703,0.1056,0.07400000000000001,1.0526315789473686,0.19886039886039888,1.496443812233286
2014-06-30,Terra,0.0094,0.0601,0.0193,1.8571428571428572,0.7294964028776978,6.3936170212765955
2014-07-01,Terra,0.0137,0.11750000000000001,0.0222,1.6204379562043796,0.7911585365853658,8.576642335766424
2014-07-05,Terra,0.042,0.2099,0.0517,1.230952380952381,0.666534339023422,4.997619047619048
2014-07-06,Terra,0.0217,0.2301,0.0391,1.8018433179723503,0.8276409849086576,10.6036866359447
2014-07-07,Terra,0.0224,0.1272,0.033,1.4574898785425103,0.6631810676940011,4.937908496732026
2014-07-09,Terra,0.0179,0.0746,0.029500000000000002,1.6480446927374304,0.6449834619625138,4.633540372670807
2014-07-10,Terra,0.014400000000000001,0.0645,0.023100000000000002,1.6041666666666667,0.6349809885931559,4.479166666666666
2014-07-12,Terra,0.042100000000000005,0.0896,0.050100000000000006,1.190023752969121,0.3606681852695519,2.1282660332541563
2014-07-14,Terra,0.0451,0.1111,0.0557,1.2350332594235032,0.4225352112676056,2.4634146341463414
2014-07-15,Terra,0.012,0.1381,0.021500000000000002,1.7610619469026547,0.8401065956029312,11.508333333333333
2014-07-16,Terra,0.022600000000000002,0.0882,0.0374,1.6244343891402715,0.5920577617328519,3.902654867256637
2014-07-17,Terra,0.0137,0.10740000000000001,0.022600000000000002,1.6496350364963506,0.773740710156895,7.8394160583941614
2014-07-18,Terra,0.021500000000000002,0.1656,0.0388,1.803680981595092,0.7542372881355932,7.137931034482758
2014-07-19,Terra,0.021500000000000002,0.0665,0.030500000000000003,1.4186046511627908,0.5113636363636362,3.093023255813953
2014-07-25,Terra,0.013900000000000001,0.1326,0.0284,2.0431654676258995,0.7639060568603213,7.471204188481674
2014-07-26,Terra,0.015000000000000001,0.077,0.0239,1.5933333333333333,0.6647398843930636,4.9655172413793105
2014-07-28,Terra,0.0333,0.0879,0.0409,1.2342342342342343,0.4445357436318817,2.600591715976331
2014-07-29,Terra,0.0316,0.2351,0.0507,1.560655737704918,0.7630296212973379,7.439873417721518
2014-07-30,Terra,0.038900000000000004,0.1116,0.0473,1.2159383033419022,0.48305647840531557,2.8688946015424164
2014-07-31,Terra,0.015700000000000002,0.1005,0.024900000000000002,1.5859872611464967,0.7297762478485369,6.401273885350318
2014-08-01,Terra,0.0223,0.1233,0.0376,1.5784313725490196,0.6639676113360324,4.951807228915663
2014-08-02,Terra,0.0172,0.1048,0.0257,1.50990099009901,0.718032786885246,6.093023255813954
2014-08-04,Terra,0.0257,0.1092,0.037000000000000005,1.4396887159533076,0.6298507462686567,4.403225806451613
2014-08-05,Terra,0.0217,0.18480000000000002,0.0422,1.944700460829493,0.7898305084745764,8.516129032258066
2014-08-06,Terra,0.0363,0.0931,0.0436,1.2011019283746556,0.38130563798219586,2.2326139088729016
2014-08-07,Terra,0.0146,0.11800000000000001,0.0239,1.6369863013698631,0.8029029793735676,9.147286821705427
2014-08-08,Terra,0.021,0.1701,0.0332,1.4241379310344828,0.7621000820344545,7.406896551724138
2014-08-09,Terra,0.0155,0.1358,0.024300000000000002,1.567741935483871,0.7842465753424658,8.26984126984127
2014-08-10,Terra,0.023700000000000002,0.1762,0.04,1.5581395348837208,0.7274509803921569,6.338129496402877
2014-08-16,Terra,0.019700000000000002,0.126,0.0284,1.4416243654822334,0.7295813315030886,6.395939086294415
2014-08-17,Terra,0.0196,0.09720000000000001,0.0317,1.5977011494252873,0.6391231028667791,4.542056074766355
2014-08-18,Terra,0.0137,0.0971,0.021500000000000002,1.5693430656934308,0.7527075812274368,7.087591240875913
2014-08-19,Terra,0.021,0.1381,0.0351,1.623076923076923,0.7360150848522942,6.576190476190476
2014-08-20,Terra,0.0354,0.1072,0.0453,1.3248730964467004,0.5035063113604488,3.0282485875706215
2014-08-22,Terra,0.028200000000000003,0.06520000000000001,0.0357,1.2943262411347518,0.3961456102783726,2.3120567375886525
2014-08-25,Terra,0.0152,0.1087,0.0235,1.5460526315789473,0.754640839386602,7.151315789473685
2014-08-26,Terra,0.013600000000000001,0.10400000000000001,0.026000000000000002,1.888888888888889,0.7666999002991026,7.572649572649572
2014-08-27,Terra,0.012400000000000001,0.07930000000000001,0.02,1.6129032258064515,0.7371303395399782,6.608333333333334
2014-08-28,Terra,0.016900000000000002,0.12760000000000002,0.0297,1.7573964497041419,0.766089965397924,7.550295857988166
2014-08-29,Terra,0.0194,0.0992,0.026500000000000003,1.3761061946902655,0.682960582516373,5.5643992992385956
2014-09-01,Terra,0.0131,0.1041,0.020900000000000002,1.5954198473282444,0.7764505119453925,7.946564885496183
2014-09-02,Terra,0.0317,0.0966,0.041,1.2933753943217667,0.5058456742010913,3.047318611987382
2014-09-03,Terra,0.0125,0.0799,0.021500000000000002,1.6693548387096773,0.7313109425785483,6.443548387096773
2014-09-04,Terra,0.0146,0.0956,0.0269,1.7960526315789476,0.7461187214611873,6.877697841726619
2014-09-05,Terra,0.0146,0.07100000000000001,0.0235,1.6095890410958904,0.6588785046728972,4.863013698630137
2014-09-07,Terra,0.011600000000000001,0.0906,0.0245,2.112068965517241,0.7534965034965034,7.113475177304964
2014-09-08,Terra,0.0273,0.21330000000000002,0.043500000000000004,1.5942028985507246,0.7807228915662652,8.12087912087912
2014-09-10,Terra,0.0132,0.1046,0.021400000000000002,1.6212121212121213,0.7758913412563667,7.924242424242424
2014-09-11,Terra,0.0148,0.08990000000000001,0.0268,1.8108108108108107,0.717287488061127,6.074324324324325
2014-09-12,Terra,0.0159,0.1312,0.0258,1.6226415094339621,0.7850000000000001,8.30232558139535
2014-09-13,Terra,0.020300000000000002,0.1801,0.0356,1.753694581280788,0.7814155031295137,8.149779735682818
2014-09-14,Terra,0.013000000000000001,0.0453,0.0235,1.7983870967741933,0.5579322638146167,3.5241935483870965
2014-09-16,Terra,0.027700000000000002,0.0717,0.038400000000000004,1.3917525773195876,0.47379239465570405,2.80078125
2014-09-19,Terra,0.0132,0.0995,0.021,1.590909090909091,0.7628070175438597,7.431952662721894
2014-09-20,Terra,0.0187,0.1635,0.033,1.7948717948717947,0.7888402625820568,8.471502590673575
2014-09-27,Terra,0.0179,0.0944,0.0297,1.6592178770949721,0.6812110418521816,5.273743016759776
2014-09-28,Terra,0.0154,0.0824,0.0258,1.6753246753246753,0.7056145675265554,5.793814432989691
2014-09-29,Terra,0.0218,0.1632,0.035500000000000004,1.6540284360189572,0.7643243243243245,7.486238532110092
2014-10-01,Terra,0.0257,0.18630000000000002,0.042800000000000005,1.6653696498054475,0.7575471698113208,7.2490272373540865
2014-10-02,Terra,0.014700000000000001,0.08320000000000001,0.023100000000000002,1.6363636363636365,0.6910569105691057,5.473684210526317
2014-10-03,Terra,0.012400000000000001,0.10830000000000001,0.0205,1.6451612903225805,0.8030560271646859,9.155172413793103
2014-10-04,Terra,0.0145,0.0892,0.0234,1.6758620689655173,0.7170356111645813,6.068027210884353
2014-10-05,Terra,0.013300000000000001,0.0998,0.0204,1.5338345864661653,0.7677543186180422,7.611570247933884
2014-10-06,Terra,0.0176,0.136,0.029300000000000003,1.6666666666666667,0.7708333333333333,7.7272727272727275
2014-10-07,Terra,0.0083,0.053700000000000005,0.0182,2.1927710843373496,0.732258064516129,6.46987951807229
2014-10-09,Terra,0.0122,0.0731,0.021400000000000002,1.6416666666666668,0.7058437294812869,5.799107142857143
2014-10-19,Terra,0.013300000000000001,0.1326,0.0229,1.4251497005988025,0.7762893503014067,7.940119760479042
2014-10-27,Terra,0.0154,0.0792,0.020200000000000003,1.3116883116883118,0.6744186046511629,5.142857142857143
2014-11-10,Terra,0.016,0.0506,0.0199,1.303030303030303,0.5195195195195196,3.1625
2014-11-11,Terra,0.0327,0.22290000000000001,0.043500000000000004,1.3302752293577982,0.7289784572619875,6.37948717948718
2014-11-12,Terra,0.031200000000000002,0.0917,0.034800000000000005,1.2119815668202765,0.47309236947791167,2.795731707317073
2014-11-15,Terra,0.0324,0.09280000000000001,0.0376,1.1604938271604939,0.5413119679519278,3.3602620087336246
2014-11-16,Terra,0.0235,0.1569,0.0281,1.195744680851064,0.6963824289405686,5.587234042553192
2014-11-17,Terra,0.027800000000000002,0.0799,0.0308,1.1079136690647482,0.4837511606313834,2.8741007194244603
2014-12-03,Terra,0.0307,0.0944,0.033600000000000005,1.1107491856677523,0.5019888623707238,3.0159744408945683
2014-12-14,Terra,0.026000000000000002,0.0737,0.0284,1.0653846153846154,0.4784353059177532,2.8346153846153843
2014-12-16,Terra,0.0787,0.21330000000000002,0.0782,0.9936467598475223,0.46095890410958895,2.710292249047014
2014-12-31,Terra,0.035500000000000004,0.10740000000000001,0.0408,1.1492957746478873,0.5031490552834149,3.0253521126760563
2015-01-01,Terra,0.0337,0.1394,0.0375,1.1127596439169138,0.6106296938186019,4.136498516320475
2015-01-02,Terra,0.0471,0.1124,0.0521,1.1061571125265393,0.4094043887147335,2.386411889596603
2015-01-07,Terra,0.0297,0.1114,0.0413,1.3905723905723906,0.5790219702338766,3.750841750841751
2015-01-08,Terra,0.0511,0.0985,0.057,1.1154598825831703,0.27166666666666667,1.7459954233409611
2015-01-13,Terra,0.025400000000000002,0.0794,0.033600000000000005,1.1614173228346456,0.3310980720871751,1.9899749373433582
2015-01-25,Terra,0.020300000000000002,0.0935,0.030000000000000002,1.477832512315271,0.6432337434094904,4.605911330049261
2015-01-30,Terra,0.0472,0.2511,0.0639,1.353813559322034,0.6835400603419376,5.319915254237288
2015-01-31,Terra,0.0461,0.08370000000000001,0.054200000000000005,1.1791338582677164,0.29855537720706254,1.8512585812356979
2015-02-14,Terra,0.022600000000000002,0.0682,0.0341,1.303448275862069,0.40909090909090906,2.3846153846153846
2015-02-16,Terra,0.029,0.1052,0.035300000000000005,1.3029315960912051,0.5368882395909423,3.3186119873817037
2015-02-17,Terra,0.0308,0.10990000000000001,0.040600000000000004,1.3181818181818183,0.5621890547263682,3.5681818181818183
2015-02-21,Terra,0.02,0.08030000000000001,0.0267,1.335,0.6011964107676969,4.015000000000001
2015-02-22,Terra,0.035,0.2132,0.048100000000000004,1.3742857142857143,0.717969379532635,6.091428571428571
2015-02-23,Terra,0.0227,0.0572,0.0298,1.3127753303964758,0.43178973717146435,2.5198237885462555
2015-02-28,Terra,0.0234,0.1012,0.031200000000000002,1.3877551020408163,0.6343749999999999,4.47008547008547
2015-03-01,Terra,0.0327,0.1764,0.044500000000000005,1.358433734939759,0.6872309899569583,5.394495412844036
2015-03-02,Terra,0.024,0.0884,0.032100000000000004,1.2885375494071147,0.4896093100581878,2.9185667752442996
2015-03-03,Terra,0.0381,0.2227,0.052700000000000004,1.383202099737533,0.7078220858895705,5.84514435695538
2015-03-04,Terra,0.021500000000000002,0.1082,0.028800000000000003,1.3395348837209302,0.5369318181818181,3.3190184049079754
2015-03-07,Terra,0.0252,0.0925,0.029900000000000003,1.1865079365079365,0.5717926932880204,3.6706349206349205
2015-03-08,Terra,0.0367,0.17980000000000002,0.046700000000000005,1.2724795640326976,0.6609699769053117,4.899182561307902
2015-03-09,Terra,0.0206,0.0694,0.025,1.2165898617511521,0.5236004390779364,3.19815668202765
2015-03-12,Terra,0.0236,0.1115,0.0264,1.1186440677966103,0.6506291635825315,4.724576271186441
2015-03-18,Terra,0.0181,0.0398,0.0253,1.3977900552486187,0.37478411053540583,2.1988950276243093
2015-03-26,Terra,0.0292,0.2164,0.042300000000000004,1.4486301369863015,0.7291250499400719,6.383480825958703
2015-03-27,Terra,0.0198,0.0584,0.0264,1.3282828282828283,0.44375772558714466,2.5955555555555554
2015-03-29,Terra,0.044000000000000004,0.1598,0.052500000000000005,1.1931818181818181,0.5682041216879292,3.6318181818181814
2015-04-09,Terra,0.0296,0.127,0.0403,1.3614864864864864,0.6219667943805874,4.29054054054054
2015-04-12,Terra,0.02705,0.0989,0.03275,1.2387014945838475,0.5567402894135567,3.5120274914089347
2015-04-16,Terra,0.0213,0.08370000000000001,0.029900000000000003,1.4037558685446012,0.5942857142857143,3.929577464788733
2015-04-17,Terra,0.0212,0.0826,0.0264,1.2452830188679245,0.5915221579961465,3.8962264150943398
2015-04-18,Terra,0.0287,0.14750000000000002,0.0414,1.4425087108013936,0.674233825198638,5.139372822299652
2015-04-20,Terra,0.0252,0.1227,0.029300000000000003,1.2009132420091324,0.6592292089249493,4.8690476190476195
2015-04-22,Terra,0.0182,0.0918,0.0247,1.357142857142857,0.669090909090909,5.043956043956044
2015-04-27,Terra,0.0239,0.2008,0.0373,1.5353982300884954,0.7521815008726003,7.070422535211267
2015-04-30,Terra,0.035,0.1073,0.0455,1.2828571428571427,0.5112676056338028,3.0922190201729105
2015-05-02,Terra,0.027200000000000002,0.10300000000000001,0.039900000000000005,1.4487951807228916,0.5858352578906851,3.828996282527881
2015-05-03,Terra,0.0296,0.09620000000000001,0.0386,1.282392026578073,0.5233570863024545,3.196013289036545
2015-05-07,Terra,0.40640000000000004,0.511,0.40850000000000003,1.0051673228346456,0.11401787660780463,1.2573818897637794
2015-05-08,Terra,0.018500000000000003,0.0952,0.028300000000000002,1.4820512820512821,0.6660649819494585,4.989189189189189
2015-05-09,Terra,0.037000000000000005,0.1308,0.0519,1.389189189189189,0.5227008149010477,3.190243902439024
2015-05-18,Terra,0.0344,0.1569,0.0492,1.4031746031746033,0.6403554626241506,4.561046511627907
2015-05-25,Terra,0.0281,0.109,0.0407,1.3992395437262357,0.5900802334062728,3.8790035587188614
2015-05-26,Terra,0.0196,0.1072,0.0281,1.433673469387755,0.690851735015773,5.469387755102042
2015-05-27,Terra,0.028900000000000002,0.1433,0.045200000000000004,1.453287197231834,0.6643437862950058,4.958477508650519
2015-05-28,Terra,0.035300000000000005,0.09670000000000001,0.0453,1.2832861189801699,0.3863799283154122,2.2593457943925235
2015-05-30,Terra,0.0375,0.2368,0.051500000000000004,1.3733333333333335,0.7265767407947503,6.3146666666666675
2015-06-04,Terra,0.0261,0.1061,0.038400000000000004,1.471264367816092,0.605143721633888,4.065134099616858
2015-06-05,Terra,0.0309,0.165,0.048400000000000006,1.5663430420711977,0.6491754122938531,4.700854700854701
2015-06-06,Terra,0.0671,0.09910000000000001,0.07930000000000001,1.1818181818181819,0.15299592786503785,1.3612637362637363
2015-06-07,Terra,0.0286,0.2351,0.0477,1.6678321678321677,0.760389367278173,7.346875
2015-06-08,Terra,0.0413,0.10650000000000001,0.0536,1.2905569007263922,0.44113667117726657,2.5786924939467313
2015-06-10,Terra,0.030000000000000002,0.0949,0.0426,1.4472727272727273,0.5283018867924528,3.2399999999999998
2015-06-11,Terra,0.019200000000000002,0.0945,0.031200000000000002,1.625,0.6181506849315068,4.237668161434978
2015-06-12,Terra,0.0252,0.1796,0.044700000000000004,1.6211453744493391,0.7269230769230769,6.323943661971831
2015-06-13,Terra,0.0494,0.0738,0.0597,1.2085020242914981,0.1980519480519481,1.4939271255060729
2015-06-14,Terra,0.0274,0.1826,0.045000000000000005,1.6423357664233578,0.7609756097560977,7.367346938775511
2015-06-16,Terra,0.022000000000000002,0.1311,0.0317,1.4177777777777778,0.7126061397779229,5.959090909090908
2015-06-18,Terra,0.02,0.10210000000000001,0.0323,1.615,0.6598639455782312,4.88
2015-06-19,Terra,0.0274,0.1202,0.0422,1.5401459854014599,0.6278772378516625,4.374570446735395
2015-06-20,Terra,0.0315,0.1053,0.0396,1.2571428571428573,0.5394736842105263,3.342857142857143
2015-06-22,Terra,0.062400000000000004,0.1678,0.07150000000000001,1.1458333333333335,0.45786272806255424,2.689102564102564
2015-06-23,Terra,0.033800000000000004,0.2427,0.0506,1.5380281690140845,0.746065808297568,6.876056338028168
2015-06-24,Terra,0.041600000000000005,0.0916,0.0528,1.2692307692307692,0.3753753753753753,2.2019230769230766
2015-06-25,Terra,0.0154,0.085,0.0258,1.6753246753246753,0.6932270916334662,5.51948051948052
2015-06-26,Terra,0.030100000000000002,0.10700000000000001,0.0441,1.4651162790697674,0.5609044493070752,3.5548172757475083
2015-06-29,Terra,0.043500000000000004,0.1013,0.0528,1.2137931034482758,0.399171270718232,2.328735632183908
2015-06-30,Terra,0.029400000000000003,0.1933,0.045200000000000004,1.5374149659863945,0.7359676695105523,6.574829931972789
2015-07-01,Terra,0.0654,0.1264,0.0742,1.1605301914580266,0.3180396246089677,1.9327217125382266
2015-07-02,Terra,0.0151,0.12990000000000002,0.0236,1.5885416666666667,0.7917241379310345,8.602649006622517
2015-07-03,Terra,0.0318,0.1143,0.0487,1.5136186770428017,0.4999999999999999,3.0
2015-07-05,Terra,0.0458,0.2795,0.060500000000000005,1.3209606986899565,0.7184137719028589,6.102620087336245
2015-07-08,Terra,0.0687,0.1227,0.07740000000000001,1.126637554585153,0.2821316614420063,1.7860262008733625
2015-07-14,Terra,0.0297,0.1487,0.0489,1.494949494949495,0.6670403587443946,5.006734006734007
2015-07-16,Terra,0.038400000000000004,0.20220000000000002,0.052500000000000005,1.3671875,0.6807980049875311,5.265625
2015-07-17,Terra,0.0521,0.0945,0.061500000000000006,1.1845574387947269,0.28048780487804875,1.7796610169491525
2015-07-18,Terra,0.016800000000000002,0.1575,0.0257,1.5297619047619047,0.8072289156626505,9.374999999999998
2015-07-19,Terra,0.033,0.1023,0.0492,1.3908794788273615,0.4459363957597173,2.6096938775510203
2015-07-20,Terra,0.0211,0.12010000000000001,0.0303,1.4360189573459716,0.7011331444759206,5.691943127962086
2015-07-21,Terra,0.0345,0.13820000000000002,0.049300000000000004,1.4390243902439024,0.5600448933782267,3.545918367346939
2015-07-22,Terra,0.024300000000000002,0.0897,0.0328,1.382239382239382,0.5736842105263158,3.691358024691358
2015-07-23,Terra,0.0337,0.1935,0.046900000000000004,1.391691394658754,0.7033450704225351,5.741839762611276
2015-07-28,Terra,0.032600000000000004,0.10700000000000001,0.0413,1.4047619047619044,0.5329512893982808,3.2822085889570554
2015-07-29,Terra,0.0189,0.0998,0.0287,1.5185185185185186,0.7045260461144321,5.768786127167631
2015-07-30,Terra,0.0296,0.1456,0.043300000000000005,1.462837837837838,0.6621004566210045,4.918918918918919
2015-07-31,Terra,0.034,0.111,0.0419,1.2513227513227514,0.5310344827586206,3.264705882352941
2015-08-04,Terra,0.039400000000000004,0.1364,0.049600000000000005,1.2588832487309645,0.5096845600442722,3.0790067720090293
2015-08-05,Terra,0.0164,0.09680000000000001,0.0275,1.563758389261745,0.6864244741873805,5.378048780487805
2015-08-06,Terra,0.0313,0.1287,0.0436,1.3929712460063897,0.6087500000000001,4.111821086261981
2015-08-07,Terra,0.0267,0.07640000000000001,0.0364,1.3632958801498127,0.46653346653346656,2.749063670411985
2015-08-08,Terra,0.031400000000000004,0.1574,0.045000000000000005,1.4331210191082802,0.6673728813559321,5.012738853503184
2015-08-09,Terra,0.0514,0.1418,0.058800000000000005,1.143968871595331,0.4679089026915114,2.7587548638132295
2015-08-10,Terra,0.023200000000000002,0.1394,0.0328,1.4137931034482758,0.7146371463714637,6.008620689655172
2015-08-11,Terra,0.039,0.2348,0.0516,1.323076923076923,0.7151205259313368,6.02051282051282
2015-08-12,Terra,0.0198,0.15510000000000002,0.027,1.3636363636363635,0.7735849056603773,7.833333333333333
2015-08-13,Terra,0.039400000000000004,0.10640000000000001,0.052500000000000005,1.3477157360406091,0.4476190476190475,2.6206896551724137
2015-08-15,Terra,0.0354,0.17120000000000002,0.051500000000000004,1.4548022598870056,0.6573088092933206,4.836158192090396
2015-08-16,Terra,0.032600000000000004,0.11220000000000001,0.0407,1.2640264026402641,0.5380397532556547,3.3293768545994067
2015-08-17,Terra,0.0422,0.2112,0.0567,1.3412322274881516,0.6669297553275453,5.004739336492891
2015-08-18,Terra,0.0357,0.1048,0.0454,1.319327731092437,0.501432664756447,3.011494252873563
2015-08-19,Terra,0.023200000000000002,0.1375,0.031900000000000005,1.4150943396226414,0.7112632233976354,5.926724137931035
2015-08-20,Terra,0.0391,0.11950000000000001,0.049800000000000004,1.2671957671957674,0.5193897012078831,3.1613756613756614
2015-08-21,Terra,0.020900000000000002,0.1401,0.0281,1.4000000000000001,0.7317327766179541,6.455252918287939
2015-08-22,Terra,0.0385,0.16110000000000002,0.0524,1.361038961038961,0.561928004881025,3.565459610027855
2015-08-23,Terra,0.0363,0.1159,0.0449,1.297229219143577,0.5229960578186597,3.1928374655647387
2015-08-25,Terra,0.040400000000000005,0.078,0.0516,1.25,0.28289473684210525,1.7889908256880733
2015-08-27,Terra,0.0358,0.0745,0.046900000000000004,1.3179347826086958,0.3387241689128481,2.0244565217391304
2015-08-31,Terra,0.0281,0.0995,0.0363,1.291814946619217,0.5595611285266459,3.5409252669039146
2015-09-01,Terra,0.028900000000000002,0.1019,0.0386,1.3356401384083045,0.4630294328786791,2.7245989304812834
2015-09-07,Terra,0.026600000000000002,0.1038,0.0373,1.4022556390977443,0.5920245398773005,3.9022556390977443
2015-09-08,Terra,0.0222,0.0804,0.0297,1.3378378378378377,0.5365344467640919,3.315315315315315
2015-09-09,Terra,0.0309,0.21200000000000002,0.043500000000000004,1.3737704918032785,0.7455743104158089,6.86084142394822
2015-09-10,Terra,0.0239,0.10070000000000001,0.0316,1.3221757322175733,0.5385790679908327,3.3344370860927155
2015-09-11,Terra,0.013600000000000001,0.1429,0.0217,1.5845070422535212,0.8192234245703375,10.06338028169014
2015-09-12,Terra,0.0341,0.16920000000000002,0.0437,1.2791411042944785,0.5827876520112255,3.7937219730941707
2015-09-18,Terra,0.0649,0.21580000000000002,0.07830000000000001,1.206471494607088,0.537584609903812,3.3251155624036985
2015-09-19,Terra,0.0273,0.0716,0.0366,1.3406593406593406,0.447927199191102,2.6227106227106223
2015-09-20,Terra,0.0172,0.111,0.026000000000000002,1.5116279069767442,0.7316692667706708,6.453488372093023
2015-09-21,Terra,0.0432,0.1032,0.049600000000000005,1.1481481481481481,0.40983606557377045,2.388888888888889
2015-09-23,Terra,0.0316,0.1509,0.042100000000000005,1.3322784810126582,0.6416739319965127,4.581508515815084
2015-09-25,Terra,0.041600000000000005,0.1791,0.0546,1.3125,0.6230176710466697,4.305288461538462
2015-09-27,Terra,0.0366,0.20520000000000002,0.0472,1.2896174863387977,0.6972704714640199,5.606557377049181
2015-09-28,Terra,0.038900000000000004,0.11170000000000001,0.0471,1.210796915167095,0.4668417596848325,2.751231527093596
2015-09-29,Terra,0.0218,0.1037,0.032,1.4678899082568808,0.6525896414342629,4.756880733944954
2015-09-30,Terra,0.038,0.10830000000000001,0.048,1.2789473684210528,0.41015624999999994,2.390728476821192
2015-10-01,Terra,0.0264,0.135,0.0325,1.2761194029850746,0.7045454545454545,5.769230769230769
2015-10-04,Terra,0.0439,0.2114,0.0526,1.1981776765375853,0.6560908734821778,4.815489749430524
2015-10-05,Terra,0.032100000000000004,0.0795,0.041600000000000005,1.2794117647058825,0.34517766497461927,2.0542635658914725
2015-10-11,Terra,0.037700000000000004,0.1779,0.0458,1.3050397877984083,0.6419012459621597,4.585051546391752
2015-10-12,Terra,0.033600000000000005,0.084,0.0439,1.2906666666666669,0.4621409921671019,2.7184466019417477
2015-10-13,Terra,0.0367,0.17450000000000002,0.0476,1.2970027247956404,0.7010526315789473,5.690140845070423
2015-10-14,Terra,0.046200000000000005,0.1109,0.0529,1.145021645021645,0.40379746835443037,2.354564755838641
2015-10-22,Terra,0.031,0.1353,0.0375,1.2096774193548387,0.6271797955502105,4.364516129032258
2015-11-06,Terra,0.048600000000000004,0.0918,0.0582,1.131868131868132,0.34505494505494505,2.053691275167785
2015-11-20,Terra,0.0376,0.09190000000000001,0.0466,1.2087227414330217,0.423702556158017,2.4704301075268815
2015-11-21,Terra,0.040400000000000005,0.1938,0.048100000000000004,1.3,0.6606467870642586,4.893564356435643
2015-11-23,Terra,0.02,0.1269,0.027600000000000003,1.3800000000000001,0.7277059223961879,6.345000000000001
2015-11-25,Terra,0.0247,0.1274,0.028900000000000002,1.1700404858299596,0.6752136752136753,5.157894736842106
2015-11-26,Terra,0.0313,0.1439,0.035500000000000004,1.1083743842364533,0.6283971159179146,4.382089552238806
2015-11-27,Terra,0.0224,0.0959,0.026500000000000003,1.1830357142857144,0.5555555555555555,3.5
2015-11-28,Terra,0.0308,0.1686,0.0441,1.1713554987212276,0.8251986379114643,10.441558441558442
2015-11-29,Terra,0.0172,0.0743,0.0218,1.2342342342342343,0.5446985446985447,3.392694063926941
2015-12-01,Terra,0.033800000000000004,0.09860000000000001,0.036000000000000004,1.1558823529411764,0.4894259818731117,2.9171597633136095
2016-01-02,Terra,0.029400000000000003,0.1716,0.0322,1.0952380952380951,0.7074626865671642,5.836734693877551
2016-01-10,Terra,0.011000000000000001,0.0862,0.0182,1.6545454545454545,0.7736625514403292,7.836363636363635
2016-01-25,Terra,0.030600000000000002,0.056100000000000004,0.0407,1.3300653594771241,0.29411764705882354,1.8333333333333333
2016-02-07,Terra,0.14100000000000001,0.29350000000000004,0.1433,1.0163120567375887,0.35097813578826237,2.0815602836879434
2016-02-08,Terra,0.0333,0.08070000000000001,0.053000000000000005,1.471518987341772,0.3483709273182958,2.0692307692307694
2016-02-09,Terra,0.0419,0.2174,0.0551,1.4056122448979593,0.7168141592920355,6.0625
2016-03-17,Terra,0.0341,0.12480000000000001,0.053700000000000005,1.559077809798271,0.5648902821316615,3.596541786743516
2016-03-19,Terra,0.0378,0.1668,0.055900000000000005,1.478835978835979,0.6679999999999999,5.024096385542169
2016-03-29,Terra,0.0219,0.0733,0.0415,1.9302325581395348,0.5464135021097046,3.4093023255813955
2016-03-30,Terra,0.0178,0.0859,0.035,1.9662921348314608,0.6567020250723241,4.825842696629214
2016-03-31,Terra,0.0287,0.0743,0.051800000000000006,1.7804878048780488,0.4427184466019417,2.588850174216028
2016-04-01,Terra,0.0196,0.0805,0.0344,1.7551020408163265,0.6083916083916084,4.107142857142858
2016-04-02,Terra,0.0381,0.0927,0.0589,1.5459317585301837,0.41743119266055045,2.4330708661417324
2016-04-06,Terra,0.032600000000000004,0.2109,0.0475,1.503225806451613,0.6838323353293414,5.325757575757575
2016-04-07,Terra,0.023,0.0585,0.0413,1.7801724137931034,0.4320685434516523,2.521551724137931
2016-04-08,Terra,0.0198,0.0995,0.035,1.7676767676767677,0.6680637049455156,5.025252525252525
2016-04-11,Terra,0.030100000000000002,0.1153,0.047900000000000005,1.541528239202658,0.5859697386519945,3.830564784053156
2016-04-16,Terra,0.0205,0.096,0.035500000000000004,1.731707317073171,0.6566005176876618,4.824120603015075
2016-04-17,Terra,0.022000000000000002,0.1097,0.0323,1.468181818181818,0.6659073652239939,4.986363636363636
2016-04-18,Terra,0.023,0.0869,0.0386,1.6782608695652175,0.5814376706096452,3.7782608695652176
2016-04-19,Terra,0.0176,0.0756,0.031200000000000002,1.8920454545454546,0.6506550218340611,4.725
2016-04-20,Terra,0.028800000000000003,0.1385,0.042800000000000005,1.4861111111111112,0.6557083084279737,4.809027777777778
2016-04-21,Terra,0.038700000000000005,0.1206,0.051300000000000005,1.3255813953488371,0.5141242937853108,3.1162790697674416
2016-04-30,Terra,0.0152,0.0374,0.0257,1.6907894736842106,0.42205323193916355,2.460526315789474
2016-05-01,Terra,0.0146,0.0935,0.024300000000000002,1.6643835616438358,0.7298797409805735,6.404109589041096
2016-05-02,Terra,0.016900000000000002,0.0713,0.027700000000000002,1.6390532544378698,0.616780045351474,4.218934911242603
2016-05-07,Terra,0.040100000000000004,0.07730000000000001,0.0466,1.2224938875305624,0.30795262267343493,1.8899755501222497
2016-05-09,Terra,0.0308,0.061700000000000005,0.0376,1.2573726541554961,0.5405742821473158,3.3532608695652177
2016-05-10,Terra,0.015700000000000002,0.11130000000000001,0.0238,1.5159235668789808,0.752755905511811,7.0891719745222925
2016-05-11,Terra,0.0199,0.1012,0.0292,1.592039800995025,0.671345995045417,5.085427135678391
2016-05-12,Terra,0.0284,0.1212,0.036500000000000005,1.285211267605634,0.6203208556149732,4.267605633802817
2016-05-13,Terra,0.038400000000000004,0.17470000000000002,0.0495,1.254010695187166,0.6416382252559727,4.580952380952381
2016-05-17,Terra,0.018500000000000003,0.10020000000000001,0.027,1.4594594594594592,0.6882898062342039,5.416216216216216
2016-05-18,Terra,0.022500000000000003,0.1066,0.0354,1.4371859296482412,0.618830675778284,4.247011952191235
2016-05-28,Terra,0.016900000000000002,0.09920000000000001,0.0274,1.6560509554140126,0.7088716623600345,5.8698224852071
2016-05-30,Terra,0.030000000000000002,0.0787,0.0425,1.4166666666666667,0.4480220791168354,2.6233333333333335
2016-05-31,Terra,0.0386,0.1622,0.0546,1.4145077720207253,0.6155378486055777,4.2020725388601035
2016-06-03,Terra,0.023700000000000002,0.09920000000000001,0.0422,1.7805907172995779,0.6182707993474714,4.239316239316239
2016-06-04,Terra,0.023,0.1076,0.036500000000000005,1.497797356828194,0.647779479326187,4.678260869565218
2016-06-05,Terra,0.0329,0.1226,0.0521,1.5855072463768116,0.5768488745980708,3.7264437689969605
2016-06-06,Terra,0.028200000000000003,0.11710000000000001,0.0426,1.5106382978723403,0.6118375774260152,4.152482269503546
2016-06-07,Terra,0.033100000000000004,0.17370000000000002,0.0507,1.5317220543806644,0.6798839458413926,5.24773413897281
2016-06-12,Terra,0.024,0.1635,0.038900000000000004,1.697530864197531,0.7440000000000001,6.8125
2016-06-20,Terra,0.0187,0.12660000000000002,0.029500000000000002,1.5775401069518717,0.7426015141087406,6.770053475935829
2016-06-21,Terra,0.0187,0.1092,0.0327,1.748663101604278,0.707584050039093,5.839572192513369
2016-06-22,Terra,0.022600000000000002,0.066,0.0332,1.4690265486725662,0.4762456546929316,2.8185840707964602
2016-06-25,Terra,0.0274,0.2214,0.043000000000000003,1.5693430656934308,0.7797427652733119,8.08029197080292
2016-06-26,Terra,0.031100000000000003,0.16740000000000002,0.0459,1.522658610271903,0.7373015873015873,6.613293051359516
2016-06-27,Terra,0.014400000000000001,0.1302,0.0261,1.8125,0.8008298755186722,9.041666666666666
2016-06-28,Terra,0.0222,0.1145,0.0397,1.7882882882882882,0.6752011704462326,5.157657657657658
2016-06-29,Terra,0.0205,0.0823,0.034800000000000005,1.6975609756097563,0.6011673151750972,4.014634146341463
2016-06-30,Terra,0.021400000000000002,0.09970000000000001,0.0409,1.9112149532710279,0.6465730800990916,4.658878504672897
2016-07-02,Terra,0.0217,0.1693,0.0407,1.8755760368663594,0.7727748691099476,7.8018433179723505
2016-07-03,Terra,0.0529,0.1279,0.07250000000000001,1.3705103969754255,0.41482300884955753,2.4177693761814747
2016-07-04,Terra,0.0158,0.1121,0.0304,1.9240506329113922,0.7529319781078967,7.094936708860759
2016-07-05,Terra,0.0281,0.11040000000000001,0.0512,1.822064056939502,0.5942238267148015,3.928825622775801
2016-07-13,Terra,0.0145,0.11710000000000001,0.028,1.9310344827586206,0.7796352583586625,8.075862068965517
2016-07-14,Terra,0.0234,0.0824,0.0476,1.9912280701754386,0.55765595463138,3.5213675213675213
2016-07-15,Terra,0.0222,0.0713,0.041100000000000005,1.8513513513513515,0.5251336898395722,3.2117117117117115
2016-07-16,Terra,0.0227,0.14070000000000002,0.0419,1.828193832599119,0.7221542227662179,6.1982378854625555
2016-07-20,Terra,0.0117,0.1061,0.0216,1.8461538461538463,0.801358234295416,9.068376068376068
2016-07-21,Terra,0.0268,0.1291,0.0429,1.4980544747081712,0.6290220820189273,4.391156462585033
2016-07-23,Terra,0.0205,0.1246,0.0341,1.6852589641434264,0.7174362508614748,6.078048780487805
2016-07-25,Terra,0.028900000000000002,0.1749,0.044000000000000004,1.563573883161512,0.7163886162904808,6.0519031141868505
2016-07-26,Terra,0.047900000000000005,0.11800000000000001,0.059000000000000004,1.231732776617954,0.4225437010247136,2.463465553235908
2016-07-27,Terra,0.0274,0.221,0.0431,1.5276595744680852,0.7667318982387477,7.573825503355705
2016-07-28,Terra,0.0224,0.0775,0.0352,1.5446428571428572,0.5531062124248497,3.475336322869955
2016-07-29,Terra,0.0159,0.0994,0.025400000000000002,1.7162162162162162,0.7347294938917975,6.5394736842105265
2016-07-30,Terra,0.023200000000000002,0.1222,0.0376,1.6206896551724137,0.6808803301237965,5.267241379310344
2016-07-31,Terra,0.0158,0.0792,0.0264,1.5869565217391302,0.6397515527950312,4.551724137931035
2016-08-01,Terra,0.018500000000000003,0.11470000000000001,0.0329,1.778378378378378,0.7222222222222222,6.199999999999999
2016-08-03,Terra,0.025,0.18710000000000002,0.04,1.5999999999999999,0.7565526432696579,7.215328467153285
2016-08-04,Terra,0.031200000000000002,0.0881,0.0417,1.3365384615384615,0.5456140350877192,3.401544401544401
2016-08-05,Terra,0.016900000000000002,0.13,0.027100000000000003,1.6035502958579881,0.7699115044247787,7.692307692307692
2016-08-06,Terra,0.0241,0.1237,0.0374,1.5483870967741937,0.6592890677397719,4.87007874015748
2016-08-10,Terra,0.0221,0.1414,0.0371,1.6787330316742082,0.7296636085626911,6.398190045248868
2016-08-11,Terra,0.0349,0.0849,0.0446,1.2779369627507164,0.41736227045075125,2.4326647564469916
2016-08-12,Terra,0.022600000000000002,0.165,0.0367,1.6238938053097345,0.7590618336886993,7.300884955752212
2016-08-13,Terra,0.029,0.2081,0.0419,1.4448275862068964,0.7553774778574441,7.175862068965517
2016-08-14,Terra,0.0135,0.0879,0.025,1.6875,0.7101167315175098,5.899328859060403
2016-08-15,Terra,0.0205,0.1182,0.0359,1.751219512195122,0.7043979812545061,5.765853658536585
2016-08-16,Terra,0.0143,0.060000000000000005,0.0263,1.8391608391608392,0.6200294550810014,4.263565891472868
2016-08-17,Terra,0.023200000000000002,0.1405,0.0374,1.6697247706422018,0.731361675908811,6.444954128440368
2016-08-18,Terra,0.0145,0.0854,0.0279,1.9241379310344828,0.636015325670498,4.494736842105263
2016-08-19,Terra,0.038200000000000005,0.1827,0.052500000000000005,1.3743455497382198,0.6541421457673154,4.782722513089005
2016-08-20,Terra,0.0269,0.0784,0.041100000000000005,1.4731182795698925,0.4750705550329256,2.8100358422939067
2016-08-21,Terra,0.0205,0.1177,0.0313,1.6440677966101696,0.703328509406657,5.741463414634146
2016-08-22,Terra,0.0335,0.15360000000000001,0.0444,1.3253731343283581,0.6419027258150721,4.585074626865672
2016-08-23,Terra,0.0128,0.0872,0.0244,1.8294573643410852,0.7422577422577423,6.75968992248062
2016-08-24,Terra,0.020800000000000003,0.1257,0.0358,1.7211538461538458,0.7160409556313992,6.04326923076923
2016-08-25,Terra,0.019100000000000002,0.0959,0.030600000000000002,1.5260115606936417,0.6530426884650317,4.764397905759162
2016-08-26,Terra,0.037200000000000004,0.2051,0.0533,1.4204545454545454,0.6579256360078278,4.8466819221967965
2016-08-27,Terra,0.026600000000000002,0.0714,0.0376,1.4254545454545453,0.44974619289340106,2.6346863468634685
2016-08-28,Terra,0.030600000000000002,0.2174,0.044500000000000005,1.454248366013072,0.753225806451613,7.104575163398692
2016-08-29,Terra,0.0273,0.0711,0.0405,1.4835164835164836,0.4705274043433299,2.7773437499999996
2016-08-31,Terra,0.0199,0.0716,0.0333,1.6684491978609626,0.5725714285714286,3.6791443850267376
2016-09-05,Terra,0.0222,0.0747,0.033800000000000004,1.490990990990991,0.5030181086519114,3.0242914979757085
2016-09-08,Terra,0.018000000000000002,0.07640000000000001,0.026600000000000002,1.5903614457831325,0.643010752688172,4.602409638554217
2016-09-09,Terra,0.0183,0.0908,0.030600000000000002,1.6721311475409837,0.6666666666666667,5.0
2016-09-10,Terra,0.013000000000000001,0.0512,0.023100000000000002,1.776923076923077,0.5950155763239875,3.9384615384615382
2016-09-11,Terra,0.024300000000000002,0.1537,0.0374,1.5390946502057612,0.740656851642129,6.711790393013101
2016-09-12,Terra,0.021500000000000002,0.0631,0.031,1.441860465116279,0.49172576832151293,2.9348837209302325
2016-09-13,Terra,0.027700000000000002,0.1986,0.0407,1.4693140794223825,0.7551922227132125,7.169675090252707
2016-09-14,Terra,0.0194,0.0858,0.0313,1.620879120879121,0.6311787072243346,4.422680412371134
2016-09-15,Terra,0.019,0.1359,0.0291,1.5315789473684212,0.745664739884393,6.863636363636362
2016-09-16,Terra,0.0196,0.06420000000000001,0.031900000000000005,1.653061224489796,0.5639464068209501,3.58659217877095
2016-09-20,Terra,0.0238,0.186,0.0364,1.5294117647058822,0.7731172545281221,7.815126050420168
2016-09-21,Terra,0.0222,0.0766,0.0327,1.4778761061946901,0.5443548387096774,3.389380530973451
2016-09-24,Terra,0.015000000000000001,0.08710000000000001,0.0218,1.4972375690607735,0.7061704211557297,5.806666666666667
2016-09-25,Terra,0.0177,0.0922,0.027700000000000002,1.5649717514124295,0.677888989990901,5.209039548022599
2016-09-26,Terra,0.0115,0.062200000000000005,0.0216,1.8684210526315788,0.6994535519125683,5.654545454545454
2016-09-27,Terra,0.0264,0.16540000000000002,0.0397,1.4924812030075187,0.7229166666666665,6.218045112781955
2016-09-28,Terra,0.0224,0.0495,0.0329,1.46875,0.3769123783031989,2.209821428571429
2016-09-30,Terra,0.0287,0.0847,0.0375,1.3066202090592334,0.49382716049382713,2.951219512195122
2016-10-11,Terra,0.019200000000000002,0.08460000000000001,0.0302,1.5,0.6332046332046332,4.452631578947369
2016-10-12,Terra,0.0183,0.0853,0.025500000000000002,1.3934426229508197,0.6210902591599643,4.278301886792453
2016-10-22,Terra,0.0279,0.16840000000000002,0.0398,1.4265232974910393,0.7157412124299541,6.035842293906811
2016-10-28,Terra,0.0161,0.0634,0.0218,1.279503105590062,0.5949685534591195,3.937888198757764
2016-11-03,Terra,0.0258,0.1279,0.031,1.2015503875968991,0.6642810670136631,4.957364341085272
2016-11-04,Terra,0.0363,0.10700000000000001,0.043500000000000004,1.1680440771349863,0.49337055129099794,2.947658402203857
2016-11-07,Terra,0.45470000000000005,0.5338,0.46780000000000005,1.0288102045304597,0.08002023267577137,1.1739608533098747
2016-11-08,Terra,0.0181,0.0509,0.0236,1.303867403314917,0.4753623188405796,2.8121546961325965
2016-11-10,Terra,0.0262,0.08270000000000001,0.0317,1.2190812720848057,0.4914337240757439,2.9326241134751774
2017-02-13,Terra,0.0287,0.1389,0.0368,1.2822299651567943,0.6575178997613365,4.839721254355401
2017-02-17,Terra,0.0177,0.11710000000000001,0.021,1.1864406779661016,0.7373887240356084,6.6158192090395485
2017-02-25,Terra,0.054,0.14020000000000002,0.0714,1.3222222222222224,0.4438722966014419,2.5962962962962965
2017-03-19,Terra,0.0193,0.0757,0.0329,1.6731707317073172,0.5696776399692888,3.6478513356562137
2017-04-03,Terra,0.0193,0.09620000000000001,0.0329,1.704663212435233,0.6658008658008658,4.984455958549223
2017-04-15,Terra,0.014400000000000001,0.0993,0.028800000000000003,2.0,0.7467018469656993,6.895833333333333
2017-04-21,Terra,0.0238,0.0821,0.037200000000000004,1.5630252100840336,0.550519357884797,3.4495798319327733
2017-04-29,Terra,0.0228,0.0819,0.0339,1.4868421052631577,0.5644699140401146,3.5921052631578947
2017-05-03,Terra,0.0114,0.0572,0.0234,2.0526315789473686,0.6432,4.605381165919282
2017-05-07,Terra,0.019100000000000002,0.0815,0.031400000000000004,1.6096256684491979,0.6479099678456591,4.680365296803654
2017-05-08,Terra,0.0176,0.0504,0.028,1.552325581395349,0.49112426035502965,2.9302325581395348
2017-05-09,Terra,0.0217,0.1375,0.033,1.5207373271889402,0.731404958677686,6.446153846153846
2017-05-10,Terra,0.033,0.0878,0.042300000000000004,1.2476780185758514,0.46211490424646123,2.718266253869969
2017-05-19,Terra,0.0316,0.163,0.043000000000000003,1.360759493670886,0.6752312435765674,5.158227848101266
2017-05-21,Terra,0.016900000000000002,0.0809,0.0291,1.5739644970414202,0.6560900716479016,4.81547619047619
2017-05-23,Terra,0.0205,0.1245,0.0327,1.6081632653061226,0.7172413793103448,6.073170731707317
2017-05-24,Terra,0.0184,0.0893,0.0274,1.4782608695652175,0.6340347666971637,4.465
2017-05-25,Terra,0.02,0.1207,0.0341,1.7049999999999998,0.7157071783937455,6.035
2017-05-26,Terra,0.0286,0.0854,0.0405,1.416083916083916,0.4982456140350877,2.9860139860139863
2017-05-27,Terra,0.0268,0.1816,0.0407,1.5186567164179103,0.7428023032629559,6.776119402985075
2017-05-28,Terra,0.0386,0.0775,0.0519,1.392857142857143,0.41294439380127623,2.406832298136646
2017-05-29,Terra,0.0181,0.1206,0.0285,1.5745856353591159,0.7390050468637347,6.662983425414364
2017-06-02,Terra,0.0402,0.0722,0.0528,1.3169642857142858,0.2846975088967972,1.7960199004975124
2017-06-17,Terra,0.0166,0.12300000000000001,0.0284,1.8235294117647058,0.7824,8.191176470588236
2017-06-18,Terra,0.038700000000000005,0.0728,0.0454,1.17312661498708,0.2957233848953594,1.8397932816537466
2017-06-19,Terra,0.022500000000000003,0.1935,0.0383,1.72,0.7891816920943135,8.486842105263158
2017-06-20,Terra,0.0545,0.0954,0.060700000000000004,1.1211009174311928,0.2728485657104736,1.7504587155963303
2017-06-22,Terra,0.0146,0.0776,0.023100000000000002,1.6591760299625467,0.7302118171683389,6.413223140495867
2017-06-23,Terra,0.0123,0.1111,0.0211,1.7154471544715448,0.8006482982171799,9.032520325203253
2017-06-24,Terra,0.0154,0.11560000000000001,0.0279,1.8116883116883118,0.7648854961832061,7.5064935064935066
2017-06-25,Terra,0.0188,0.0654,0.0273,1.452127659574468,0.5534441805225654,3.478723404255319
2017-06-26,Terra,0.0251,0.1764,0.0409,1.6186046511627907,0.7508684863523573,7.027888446215139
2017-06-29,Terra,0.0241,0.0763,0.032100000000000004,1.3159851301115242,0.4986020503261882,2.9888475836431225
2017-06-30,Terra,0.0129,0.0937,0.0229,1.584,0.7509960159362551,7.032
2017-07-01,Terra,0.026000000000000002,0.1183,0.0391,1.5038461538461538,0.6396396396396395,4.55
2017-07-02,Terra,0.015000000000000001,0.08220000000000001,0.024,1.5933333333333333,0.67926455566905,5.235668789808917
2017-07-03,Terra,0.0164,0.1254,0.029,1.7682926829268293,0.768688293370945,7.646341463414634
2017-07-04,Terra,0.0468,0.0848,0.0539,1.1517094017094018,0.2887537993920973,1.811965811965812
2017-07-05,Terra,0.0223,0.2033,0.0376,1.6860986547085202,0.7992277992277993,8.961538461538462
2017-07-06,Terra,0.034800000000000005,0.127,0.046400000000000004,1.2975460122699387,0.5914786967418546,3.8957055214723924
2017-07-07,Terra,0.0118,0.10490000000000001,0.0193,1.6355932203389831,0.7977720651242501,8.889830508474578
2017-07-08,Terra,0.0151,0.1022,0.0273,1.625,0.7077464788732394,5.843373493975903
2017-07-09,Terra,0.0119,0.10490000000000001,0.0195,1.638655462184874,0.7962328767123287,8.815126050420169
2017-07-11,Terra,0.0205,0.07490000000000001,0.027600000000000003,1.3463414634146342,0.5311203319502075,3.265486725663717
2017-07-12,Terra,0.018000000000000002,0.1451,0.031100000000000003,1.7277777777777776,0.7792765174739422,8.06111111111111
2017-07-13,Terra,0.0471,0.09090000000000001,0.055600000000000004,1.1719745222929936,0.3173913043478261,1.929936305732484
2017-07-14,Terra,0.0224,0.18610000000000002,0.0376,1.6785714285714286,0.7851318944844125,8.308035714285715
2017-07-15,Terra,0.031100000000000003,0.059300000000000005,0.0412,1.337620578778135,0.4035502958579882,2.3531746031746033
2017-07-16,Terra,0.012700000000000001,0.1179,0.0216,1.700787401574803,0.8055130168453293,9.283464566929133
2017-07-17,Terra,0.0189,0.11900000000000001,0.0313,1.656084656084656,0.7258883248730964,6.296296296296297
2017-07-18,Terra,0.0182,0.0823,0.027700000000000002,1.568421052631579,0.6542713567839195,4.784883720930233
2017-07-19,Terra,0.020800000000000003,0.15810000000000002,0.0349,1.6778846153846152,0.7674678591391838,7.600961538461538
2017-07-20,Terra,0.0373,0.097,0.046400000000000004,1.2761394101876677,0.41605839416058393,2.425
2017-07-21,Terra,0.020800000000000003,0.17980000000000002,0.037200000000000004,1.695431472081218,0.7926221335992023,8.644230769230768
2017-07-22,Terra,0.0335,0.1029,0.0439,1.3161094224924015,0.5154639175257733,3.1276595744680855
2017-07-23,Terra,0.013300000000000001,0.14,0.0234,1.7593984962406015,0.8041237113402062,9.210526315789474
2017-07-24,Terra,0.0183,0.0892,0.031400000000000004,1.6174863387978142,0.6704119850187266,5.068181818181818
2017-07-25,Terra,0.0151,0.06960000000000001,0.0246,1.629139072847682,0.6434474616292798,4.609271523178808
2017-07-26,Terra,0.0195,0.0981,0.0328,1.6820512820512823,0.6683673469387755,5.0307692307692315
2017-07-27,Terra,0.0218,0.0761,0.031400000000000004,1.4403669724770645,0.5114200595829196,3.0934959349593494
2017-07-28,Terra,0.0201,0.1497,0.035,1.7412935323383087,0.7632508833922261,7.447761194029851
2017-07-29,Terra,0.037200000000000004,0.1134,0.0461,1.239247311827957,0.5059760956175298,3.048387096774193
2017-07-30,Terra,0.0211,0.2384,0.0359,1.7014218009478672,0.8149980966882376,9.810699588477366
2017-07-31,Terra,0.0199,0.0897,0.0318,1.5837837837837838,0.63732129420617,4.514522821576763
2017-08-01,Terra,0.015700000000000002,0.1193,0.0262,1.6687898089171973,0.7674074074074073,7.598726114649681
2017-08-04,Terra,0.0292,0.125,0.0453,1.5513698630136987,0.6212710765239948,4.280821917808219
2017-08-05,Terra,0.029500000000000002,0.0729,0.0381,1.2915254237288136,0.42382812500000006,2.471186440677966
2017-08-08,Terra,0.025400000000000002,0.114,0.0356,1.4015748031496063,0.6355810616929699,4.488188976377953
2017-08-09,Terra,0.024300000000000002,0.1259,0.038200000000000005,1.5020576131687244,0.6554898093359632,4.805343511450382
2017-08-10,Terra,0.017,0.13040000000000002,0.0303,1.7823529411764705,0.7693351424694708,7.670588235294118
2017-08-11,Terra,0.0233,0.2295,0.0393,1.686695278969957,0.8156645569620252,9.849785407725323
2017-08-12,Terra,0.0196,0.1386,0.0322,1.6428571428571428,0.7292576419213974,6.387096774193548
2017-08-14,Terra,0.044500000000000005,0.1066,0.0533,1.197752808988764,0.4109861019192587,2.395505617977528
2017-08-16,Terra,0.0216,0.0858,0.031400000000000004,1.4537037037037037,0.6093385214007783,4.1195219123505975
2017-08-17,Terra,0.014700000000000001,0.1341,0.0224,1.5477707006369426,0.7903871829105474,8.541401273885349
2017-08-18,Terra,0.0193,0.11670000000000001,0.031,1.6062176165803108,0.7161764705882353,6.046632124352332
2017-08-19,Terra,0.012400000000000001,0.1062,0.0216,1.7419354838709677,0.7441860465116279,6.818181818181818
2017-08-20,Terra,0.0392,0.1622,0.0526,1.3333333333333333,0.6107249255213505,4.137755102040817
2017-08-23,Terra,0.0281,0.1282,0.038900000000000004,1.3629893238434163,0.6515809051456913,4.740213523131673
2017-08-30,Terra,0.0252,0.10940000000000001,0.0339,1.3452380952380951,0.6401799100449774,4.558333333333334
2017-08-31,Terra,0.027200000000000002,0.1126,0.0388,1.4264705882352942,0.6108726752503576,4.139705882352941
2017-09-10,Terra,0.0275,0.1136,0.0376,1.3824701195219125,0.6090651558073654,4.115942028985507
2017-09-11,Terra,0.032100000000000004,0.1028,0.043300000000000005,1.3650306748466257,0.5240919199406967,3.202492211838006
2017-09-13,Terra,0.0146,0.0815,0.0234,1.443661971830986,0.6615698267074414,4.909638554216867
2017-09-14,Terra,0.0213,0.15130000000000002,0.0318,1.5381165919282513,0.7542028985507246,7.136792452830189
2017-09-24,Terra,0.0117,0.055400000000000005,0.0199,1.6346153846153846,0.6512667660208643,4.735042735042735
2017-09-26,Terra,0.0092,0.044000000000000004,0.016300000000000002,1.771739130434783,0.6666666666666666,5.0
2017-09-27,Terra,0.012100000000000001,0.09190000000000001,0.0204,1.6111111111111112,0.7673076923076924,7.595041322314049
2017-09-28,Terra,0.0206,0.1255,0.029500000000000002,1.481308411214953,0.7180013689253935,6.092233009708738
2017-10-03,Terra,0.019,0.1015,0.0275,1.4099378881987579,0.669407894736842,5.0497512437810945
2017-10-04,Terra,0.0151,0.1376,0.0221,1.4635761589403975,0.802226588081205,9.112582781456954
2017-10-05,Terra,0.018500000000000003,0.1413,0.0298,1.5704225352112675,0.7531017369727048,7.100502512562814
2017-10-06,Terra,0.019,0.12200000000000001,0.026500000000000003,1.3947368421052633,0.7270916334661354,6.328467153284671
2017-10-14,Terra,0.023,0.171,0.034,1.4759358288770055,0.6237424547283702,4.315508021390374
2017-10-16,Terra,0.0235,0.1452,0.0327,1.3914893617021276,0.7213989330171904,6.178723404255319
2017-10-23,Terra,0.019,0.1221,0.0285,1.4400000000000002,0.7306874557051736,6.426315789473684
2017-10-25,Terra,0.018600000000000002,0.1275,0.0235,1.3299492385786802,0.7912029676735559,8.578680203045685
2017-10-26,Terra,0.0198,0.0887,0.025400000000000002,1.2828282828282829,0.6350230414746544,4.479797979797979
2017-10-27,Terra,0.0205,0.1268,0.027200000000000002,1.434065934065934,0.721072796934866,6.170329670329671
2017-10-28,Terra,0.0183,0.0758,0.0274,1.4972677595628416,0.6110520722635495,4.142076502732241
2017-10-30,Terra,0.024300000000000002,0.1102,0.035300000000000005,1.4526748971193417,0.6170212765957447,4.222222222222222
2017-10-31,Terra,0.0142,0.056,0.025400000000000002,1.5875706214689265,0.625544267053701,4.341085271317829
2017-11-29,Terra,0.0204,0.13140000000000002,0.026000000000000002,1.2745098039215685,0.7312252964426877,6.4411764705882355
2017-12-05,Terra,0.0397,0.254,0.042,1.057934508816121,0.7296561116785835,6.3979848866498745
2017-12-06,Terra,0.018600000000000002,0.0917,0.0234,1.2857142857142856,0.6433691756272402,4.608040201005025
2017-12-07,Terra,0.020200000000000003,0.10450000000000001,0.0292,1.4455445544554453,0.6760224538893345,5.173267326732673
2017-12-08,Terra,0.0444,0.117,0.048100000000000004,1.1193693693693694,0.449814126394052,2.635135135135135
2017-12-09,Terra,0.0241,0.1327,0.0332,1.2723214285714286,0.6482412060301508,4.685714285714286
2017-12-10,Terra,0.0403,0.1539,0.0468,1.161290322580645,0.5849639546858908,3.8188585607940446
2017-12-11,Terra,0.0218,0.0947,0.026000000000000002,1.2592592592592593,0.6257510729613734,4.344036697247707
2017-12-13,Terra,0.029500000000000002,0.0747,0.033800000000000004,1.145762711864407,0.5126705653021443,3.104
2017-12-14,Terra,0.0551,0.186,0.055900000000000005,1.014519056261343,0.5429282455412691,3.3756805807622503
2017-12-31,Terra,0.0483,0.1521,0.0545,1.1289640591966175,0.48971596474045054,2.919385796545106
2018-01-01,Terra,0.0222,0.1111,0.031400000000000004,1.4144144144144146,0.6669167291822956,5.004504504504505
2018-01-03,Terra,0.0308,0.0829,0.038200000000000005,1.175438596491228,0.4158838599487617,2.4239766081871346
2018-01-14,Terra,0.0264,0.0723,0.0324,1.2621951219512193,0.3758325404376784,2.2042682926829267
2018-02-06,Terra,0.0241,0.0931,0.0318,1.2388888888888887,0.5299917830731307,3.2552447552447554
2018-02-12,Terra,0.032,0.1575,0.039,1.203125,0.670201484623542,5.064308681672025
2018-02-13,Terra,0.026600000000000002,0.0775,0.0327,1.2293233082706765,0.48895292987512007,2.913533834586466
2018-03-10,Terra,0.025,0.11510000000000001,0.028800000000000003,1.1520000000000001,0.6431120628122771,4.604
2018-03-11,Terra,0.0344,0.11850000000000001,0.0405,1.177325581395349,0.5500327011118378,3.4447674418604652
2018-03-19,Terra,0.0252,0.0839,0.0324,1.2857142857142856,0.538038496791934,3.3293650793650795
2018-03-20,Terra,0.0179,0.12990000000000002,0.0222,1.240223463687151,0.7577807848443844,7.256983240223465
2018-03-30,Terra,0.0313,0.1019,0.0419,1.3225806451612903,0.5300300300300299,3.2555910543130993
2018-04-19,Terra,0.026600000000000002,0.18430000000000002,0.037700000000000004,1.4172932330827068,0.7477477477477477,6.928571428571429
2018-04-22,Terra,0.021,0.1087,0.033,1.4801980198019802,0.6079881656804733,4.10188679245283
2018-04-23,Terra,0.028800000000000003,0.10400000000000001,0.0369,1.28125,0.5662650602409639,3.611111111111111
2018-04-24,Terra,0.0315,0.1013,0.0407,1.3141891891891893,0.547746371275783,3.4222972972972974
2018-04-25,Terra,0.0268,0.0922,0.035,1.3059701492537314,0.549579831932773,3.4402985074626864
2018-04-26,Terra,0.031200000000000002,0.167,0.0446,1.400749063670412,0.6851664984863773,5.352564102564102
2018-05-02,Terra,0.016800000000000002,0.10060000000000001,0.024200000000000003,1.4404761904761905,0.7137989778534924,5.988095238095238
2018-05-03,Terra,0.0219,0.11710000000000001,0.034,1.5159817351598175,0.6983321247280638,5.6298076923076925
2018-05-07,Terra,0.0148,0.0952,0.023700000000000002,1.6013513513513515,0.7309090909090908,6.4324324324324325
2018-05-08,Terra,0.0245,0.10640000000000001,0.037200000000000004,1.445945945945946,0.602409638554217,4.03030303030303
2018-05-12,Terra,0.0245,0.1494,0.037000000000000005,1.5285171102661597,0.7341845618107951,6.524017467248909
2018-05-13,Terra,0.0182,0.0409,0.029400000000000003,1.6153846153846154,0.4366197183098592,2.5500000000000003
2018-05-14,Terra,0.025900000000000003,0.16770000000000002,0.041800000000000004,1.6138996138996138,0.7324380165289256,6.474903474903475
2018-05-17,Terra,0.024800000000000003,0.0985,0.0362,1.4596774193548387,0.5977291159772912,3.971774193548387
2018-05-18,Terra,0.0238,0.08600000000000001,0.0371,1.5588235294117647,0.5664845173041895,3.6134453781512605
2018-05-22,Terra,0.0521,0.08420000000000001,0.0631,1.2111324376199617,0.23550990462215707,1.6161228406909791
2018-05-23,Terra,0.0176,0.1013,0.027200000000000002,1.5454545454545454,0.7039529015979814,5.755681818181818
2018-05-24,Terra,0.0264,0.0913,0.0375,1.4322033898305087,0.5961538461538463,3.952380952380952
2018-05-27,Terra,0.019700000000000002,0.06380000000000001,0.0286,1.4517766497461928,0.5523114355231145,3.4673913043478266
2018-05-28,Terra,0.0206,0.1589,0.0332,1.5870646766169156,0.7704735376044568,7.7135922330097095
2018-06-01,Terra,0.014,0.11710000000000001,0.023100000000000002,1.6357142857142857,0.7864225781845918,8.364285714285716
2018-06-02,Terra,0.015700000000000002,0.0858,0.0263,1.6751592356687897,0.6906403940886698,5.464968152866241
2018-06-05,Terra,0.0324,0.1231,0.042100000000000005,1.299382716049383,0.5588835942818244,3.533950617283951
2018-06-11,Terra,0.0222,0.1948,0.0434,1.954954954954955,0.7953917050691245,8.774774774774775
2018-06-12,Terra,0.024900000000000002,0.109,0.0361,1.4297188755020078,0.6220238095238095,4.291338582677165
2018-06-19,Terra,0.014700000000000001,0.0767,0.0267,1.8027210884353742,0.698781838316722,5.639705882352941
2018-06-20,Terra,0.025500000000000002,0.1593,0.0444,1.736842105263158,0.724025974025974,6.247058823529411
2018-06-23,Terra,0.061900000000000004,0.0815,0.07390000000000001,1.1938610662358644,0.13668061366806136,1.3166397415185784
2018-06-24,Terra,0.015700000000000002,0.14550000000000002,0.029300000000000003,1.8662420382165605,0.805210918114144,9.26751592356688
2018-06-26,Terra,0.0149,0.12340000000000001,0.0268,1.7986577181208054,0.7845263919016631,8.281879194630873
2018-06-27,Terra,0.0205,0.1323,0.0374,1.824390243902439,0.7453825857519788,6.854922279792746
2018-06-28,Terra,0.0236,0.0761,0.037000000000000005,1.63135593220339,0.5594262295081966,3.53953488372093
2018-06-29,Terra,0.0205,0.1517,0.0379,1.8487804878048781,0.761904761904762,7.3999999999999995
2018-06-30,Terra,0.0673,0.09430000000000001,0.0784,1.1649331352154533,0.16707920792079212,1.4011887072808322
2018-07-01,Terra,0.0179,0.22390000000000002,0.0337,1.8826815642458101,0.8519437551695617,12.508379888268157
2018-07-03,Terra,0.0137,0.11030000000000001,0.0264,1.9270072992700729,0.779032258064516,8.05109489051095
2018-07-05,Terra,0.0178,0.07970000000000001,0.031900000000000005,1.7624309392265194,0.6298568507157464,4.403314917127072
2018-07-06,Terra,0.0269,0.2056,0.0477,1.703125,0.7572649572649572,7.23943661971831
2018-07-07,Terra,0.0316,0.19590000000000002,0.045200000000000004,1.4303797468354431,0.722197802197802,6.199367088607595
2018-07-08,Terra,0.025400000000000002,0.18710000000000002,0.045000000000000005,1.7755905511811023,0.7609411764705882,7.366141732283465
2018-07-09,Terra,0.051500000000000004,0.0771,0.0694,1.3475728155339806,0.18524212144504226,1.4547169811320753
2018-07-10,Terra,0.0111,0.112,0.025500000000000002,2.1610169491525424,0.8109965635738833,9.581818181818182
2018-07-11,Terra,0.0207,0.0579,0.0405,1.9565217391304348,0.4980595084087968,2.984536082474227
2018-07-12,Terra,0.0152,0.0818,0.0333,2.1907894736842106,0.6865979381443298,5.381578947368421
2018-07-15,Terra,0.024900000000000002,0.1888,0.0465,1.8674698795180722,0.7669630322882545,7.5823293172690756
2018-07-16,Terra,0.0451,0.20120000000000002,0.061500000000000006,1.3636363636363638,0.6337799431587495,4.46119733924612
2018-07-17,Terra,0.028900000000000002,0.22740000000000002,0.0495,1.71280276816609,0.7744830277019118,7.868512110726644
2018-07-18,Terra,0.0315,0.1907,0.0526,1.593939393939394,0.6713409290096406,5.085333333333334
2018-07-20,Terra,0.025500000000000002,0.161,0.045700000000000005,1.7921568627450981,0.7073170731707316,5.833333333333333
2018-07-21,Terra,0.019700000000000002,0.11860000000000001,0.033600000000000005,1.8603351955307266,0.717595944967415,6.082051282051283
2018-07-22,Terra,0.0223,0.1428,0.042100000000000005,1.8878923766816145,0.7298606904906118,6.403587443946189
2018-07-23,Terra,0.0178,0.17980000000000002,0.028800000000000003,1.6179775280898878,0.8198380566801619,10.10112359550562
2018-07-24,Terra,0.024900000000000002,0.18050000000000002,0.044500000000000005,1.78714859437751,0.7575462512171373,7.248995983935743
2018-07-25,Terra,0.0386,0.0936,0.054900000000000004,1.422279792746114,0.416036308623298,2.4248704663212433
2018-07-26,Terra,0.013800000000000002,0.11410000000000001,0.025900000000000003,1.8768115942028984,0.7842064112587959,8.268115942028984
2018-07-27,Terra,0.02,0.1057,0.037700000000000004,1.8850000000000002,0.6817820206841686,5.285
2018-07-28,Terra,0.015300000000000001,0.1097,0.029900000000000003,1.954248366013072,0.7523961661341854,7.07741935483871
2018-07-29,Terra,0.0241,0.1578,0.0425,1.7634854771784234,0.7350192413413963,6.547717842323651
2018-07-30,Terra,0.0251,0.10300000000000001,0.041,1.6334661354581674,0.5981380915438324,3.976833976833977
2018-07-31,Terra,0.0261,0.1888,0.044500000000000005,1.7049808429118776,0.7570963238715681,7.233716475095785
2018-08-02,Terra,0.026500000000000003,0.20600000000000002,0.0429,1.6188679245283017,0.7720430107526882,7.773584905660377
2018-08-05,Terra,0.021500000000000002,0.1124,0.0364,1.735159817351598,0.6788648244958925,5.227906976744186
2018-08-06,Terra,0.019200000000000002,0.1106,0.033,1.7414634146341463,0.7041602465331279,5.760416666666666
2018-08-08,Terra,0.0297,0.12200000000000001,0.0437,1.4545454545454546,0.6084377059986816,4.107744107744108
2018-08-09,Terra,0.0199,0.2389,0.0392,2.0251256281407035,0.8462132921174651,12.00502512562814
2018-08-10,Terra,0.0263,0.08420000000000001,0.0373,1.4432234432234434,0.5103139013452914,3.0842490842490844
2018-08-12,Terra,0.016,0.0522,0.0284,1.7125,0.5514592933947773,3.4589041095890414
2018-08-14,Terra,0.0217,0.1449,0.0385,1.7703349282296652,0.7394957983193278,6.67741935483871
2018-08-15,Terra,0.024800000000000003,0.1457,0.0359,1.4233870967741935,0.7048260381593716,5.775665399239544
2018-08-17,Terra,0.0351,0.09040000000000001,0.045000000000000005,1.2865168539325842,0.44063745019920325,2.575498575498576
2018-08-18,Terra,0.0217,0.1918,0.0361,1.663594470046083,0.7967213114754098,8.838709677419354
2018-08-19,Terra,0.0275,0.0897,0.0373,1.377104377104377,0.5654450261780104,3.602409638554217
2018-08-21,Terra,0.027800000000000002,0.1246,0.0436,1.568345323741007,0.6351706036745406,4.482014388489208
2018-08-22,Terra,0.029,0.1292,0.0388,1.3857142857142857,0.6454545454545454,4.641025641025641
2018-08-23,Terra,0.0396,0.1512,0.0546,1.3787878787878787,0.5849056603773585,3.818181818181818
2018-08-24,Terra,0.0224,0.0775,0.033100000000000004,1.4464285714285714,0.5063168124392613,3.051181102362204
2018-08-28,Terra,0.0135,0.07730000000000001,0.0239,1.7703703703703704,0.7026431718061674,5.725925925925926
2018-08-29,Terra,0.0172,0.1384,0.0267,1.552325581395349,0.7789203084832905,8.046511627906977
2018-09-01,Terra,0.0211,0.17600000000000002,0.035,1.6587677725118484,0.7858954845256214,8.341232227488153
2018-09-02,Terra,0.021,0.1038,0.0287,1.3666666666666665,0.6105508145849495,4.135458167330677
2018-09-03,Terra,0.0245,0.2278,0.0371,1.5918367346938775,0.8051420838971582,9.26388888888889
2018-09-04,Terra,0.016800000000000002,0.1067,0.0279,1.5364238410596027,0.6829652996845427,5.308457711442786
2018-09-05,Terra,0.0216,0.11510000000000001,0.034800000000000005,1.6111111111111112,0.683979517190929,5.328703703703704
2018-09-06,Terra,0.0323,0.2503,0.049,1.5170278637770898,0.7714083510261854,7.74922600619195
2018-09-07,Terra,0.0178,0.08950000000000001,0.028300000000000002,1.5674157303370788,0.6966824644549763,5.593750000000001
2018-09-08,Terra,0.0188,0.1274,0.030600000000000002,1.5957446808510638,0.7428180574555403,6.776595744680852
2018-09-09,Terra,0.0189,0.083,0.0267,1.4126984126984128,0.6290480863591756,4.391534391534392
2018-09-18,Terra,0.015700000000000002,0.10600000000000001,0.0247,1.5555555555555554,0.6472416472416473,4.669603524229075
2018-09-19,Terra,0.0269,0.21300000000000002,0.0388,1.4386617100371748,0.7757398916215089,7.9182156133829
2018-09-20,Terra,0.0158,0.048400000000000006,0.0228,1.4430379746835442,0.5077881619937695,3.0632911392405062
2018-09-21,Terra,0.0431,0.1927,0.051000000000000004,1.1832946635730859,0.6344359626802375,4.470997679814386
2018-09-24,Terra,0.019700000000000002,0.13240000000000002,0.030000000000000002,1.5228426395939085,0.7409598948060487,6.720812182741117
2018-09-25,Terra,0.015000000000000001,0.1053,0.0253,1.5571428571428572,0.679425837320574,5.238805970149254
2018-09-26,Terra,0.0239,0.2,0.0354,1.4811715481171548,0.7865118356409111,8.368200836820083
2018-09-27,Terra,0.0212,0.1206,0.028300000000000002,1.3744493392070485,0.6831821353803209,5.312775330396476
2018-09-28,Terra,0.018600000000000002,0.1575,0.027200000000000002,1.4623655913978495,0.7887563884156729,8.46774193548387
2018-10-03,Terra,0.0268,0.1652,0.037200000000000004,1.3880597014925373,0.7208333333333334,6.164179104477612
2018-10-10,Terra,0.024200000000000003,0.13720000000000002,0.033100000000000004,1.3734439834024899,0.6756393001345895,5.16597510373444
2018-10-11,Terra,0.0149,0.09770000000000001,0.0222,1.429530201342282,0.7216828478964401,6.186046511627906
2018-10-12,Terra,0.025,0.18610000000000002,0.0354,1.416,0.7631454287067742,7.444
2018-10-13,Terra,0.0184,0.1263,0.027600000000000003,1.2916666666666665,0.6630372492836676,4.9353741496598635
2018-10-14,Terra,0.0151,0.13920000000000002,0.0213,1.454022988505747,0.8042773817239145,9.218543046357617
2018-10-15,Terra,0.024300000000000002,0.1226,0.0324,1.2439024390243902,0.6478494623655915,4.679389312977099
2018-10-16,Terra,0.023,0.13570000000000002,0.0297,1.291304347826087,0.710144927536232,5.9
2018-10-17,Terra,0.027200000000000002,0.1597,0.0375,1.378676470588235,0.6506459948320414,4.724852071005917
2018-10-18,Terra,0.0246,0.1385,0.033,1.296747967479675,0.6502082093991671,4.717687074829932
2018-10-19,Terra,0.030600000000000002,0.15940000000000001,0.0397,1.3016393442622949,0.6787783043707215,5.226229508196721
2018-10-20,Terra,0.024900000000000002,0.09340000000000001,0.031400000000000004,1.3453815261044177,0.5671140939597316,3.62015503875969
2018-10-21,Terra,0.035300000000000005,0.24050000000000002,0.0492,1.326219512195122,0.719085060757684,6.119592875318067
2018-10-22,Terra,0.0292,0.0742,0.037200000000000004,1.2739726027397262,0.4352030947775628,2.541095890410959
2018-10-30,Terra,0.0381,0.13870000000000002,0.0438,1.1496062992125984,0.5690045248868779,3.640419947506562
2018-11-07,Terra,0.0574,0.24480000000000002,0.061700000000000005,1.0749128919860629,0.6201191264063534,4.2648083623693385
2018-11-08,Terra,0.0313,0.12610000000000002,0.038,1.3219814241486068,0.6000000000000001,4.0
2018-11-09,Terra,0.031400000000000004,0.1293,0.038700000000000005,1.232484076433121,0.6274386406544997,4.368243243243243
2018-11-10,Terra,0.0154,0.0886,0.021,1.2582781456953642,0.6783479349186483,5.217898832684825
2018-11-11,Terra,0.0245,0.17170000000000002,0.033800000000000004,1.2614107883817427,0.7502548419979613,7.0081632653061225
2018-11-12,Terra,0.0227,0.0787,0.029,1.25,0.5149181905678537,3.123015873015873
2018-11-15,Terra,0.027600000000000003,0.1574,0.037200000000000004,1.3478260869565217,0.696404793608522,5.587719298245615
2018-11-16,Terra,0.0263,0.10020000000000001,0.0298,1.1606714628297363,0.5705329153605015,3.6569343065693434
2018-11-17,Terra,0.0206,0.1051,0.025400000000000002,1.2330097087378642,0.6722354813046936,5.101941747572815
2018-11-18,Terra,0.033800000000000004,0.1429,0.0346,1.2586206896551724,0.6174306734578382,4.227810650887574
2018-11-19,Terra,0.0176,0.08900000000000001,0.022600000000000002,1.2840909090909092,0.6693306693306694,5.04833836858006
2018-11-20,Terra,0.0597,0.1907,0.06770000000000001,1.1340033500837523,0.5231629392971247,3.1943048576214403
2018-11-25,Terra,0.0495,0.15560000000000002,0.0521,1.0525252525252524,0.5173086299366163,3.1434343434343437
2018-12-03,Terra,0.0158,0.1135,0.0234,1.481012658227848,0.7556071152358856,7.183544303797468
2018-12-04,Terra,0.0188,0.0625,0.0247,1.3138297872340425,0.5375153751537516,3.324468085106383
2018-12-05,Terra,0.011600000000000001,0.10010000000000001,0.0173,1.206896551724138,0.7644670050761422,7.491379310344827
2018-12-06,Terra,0.038900000000000004,0.1836,0.044700000000000004,1.174785100286533,0.6503370786516853,4.719794344473008
2018-12-13,Terra,0.10310000000000001,0.259,0.10210000000000001,0.9903006789524733,0.43054404860535755,2.512124151309408
2019-01-01,Terra,0.016800000000000002,0.06960000000000001,0.0194,1.1547619047619047,0.6111111111111112,4.142857142857143
2019-01-12,Terra,0.024200000000000003,0.1092,0.0287,1.1859504132231404,0.6371814092953523,4.512396694214876
2019-01-13,Terra,0.012,0.0859,0.0205,1.1666666666666665,0.8008385744234802,9.042105263157895
2019-01-14,Terra,0.0318,0.1567,0.0396,1.2,0.6450488145048815,4.634577603143418
2019-01-25,Terra,0.0476,0.27030000000000004,0.046400000000000004,0.984819734345351,0.7005347593582887,5.678571428571429
2019-01-29,Terra,0.019,0.13090000000000002,0.024900000000000002,1.3105263157894738,0.6542772861356932,4.784982935153584
2019-01-30,Terra,0.0391,0.1759,0.047900000000000005,1.2408376963350785,0.5983643798273511,3.9796380090497734
2019-01-31,Terra,0.028800000000000003,0.12490000000000001,0.0329,1.2013888888888888,0.6002562459961562,4.003205128205129
2019-03-11,Terra,0.0471,0.1621,0.0529,1.1231422505307855,0.5497131931166348,3.441613588110403
2019-03-17,Terra,0.049,0.2353,0.0567,1.157142857142857,0.6552937038339782,4.802040816326531
2019-03-18,Terra,0.0329,0.1423,0.0379,1.1519756838905777,0.6244292237442922,4.325227963525836
2019-03-24,Terra,0.025400000000000002,0.0852,0.0302,1.1889763779527558,0.5406871609403254,3.354330708661417
2019-03-30,Terra,0.038900000000000004,0.2202,0.0478,1.2287917737789202,0.6997298340409109,5.660668380462725
2019-04-18,Terra,0.0344,0.1454,0.051500000000000004,1.5419161676646709,0.5995599559955995,3.9945054945054945
2019-04-22,Terra,0.0358,0.1721,0.052000000000000005,1.453781512605042,0.6556036556036556,4.807262569832402
2019-04-24,Terra,0.0281,0.0976,0.043300000000000005,1.5189873417721518,0.552903739061257,3.4733096085409256
2019-04-26,Terra,0.024800000000000003,0.0756,0.0417,1.6814516129032258,0.5059760956175299,3.048387096774193
2019-04-28,Terra,0.0245,0.0947,0.0442,1.5387755102040817,0.5889261744966444,3.8653061224489798
2019-04-29,Terra,0.0307,0.12840000000000001,0.047400000000000005,1.5439739413680782,0.6140791954745443,4.182410423452769
2019-04-30,Terra,0.0329,0.1003,0.051300000000000005,1.3824451410658305,0.3195319531953196,1.9391534391534393
2019-05-01,Terra,0.0324,0.19740000000000002,0.0454,1.4012345679012348,0.7180156657963448,6.0925925925925934
2019-05-02,Terra,0.0356,0.11120000000000001,0.0492,1.4578651685393258,0.5465924895688457,3.411042944785276
2019-05-03,Terra,0.0228,0.12810000000000002,0.0364,1.4035087719298245,0.62,4.2631578947368425
2019-05-04,Terra,0.0297,0.0781,0.0487,1.6397306397306397,0.44897959183673464,2.6296296296296298
2019-05-05,Terra,0.022000000000000002,0.07830000000000001,0.0385,1.6485355648535567,0.545923632610939,3.4045454545454548
2019-05-06,Terra,0.031200000000000002,0.1301,0.0458,1.5153374233128831,0.6519374575118967,4.74609375
2019-05-07,Terra,0.028300000000000002,0.0785,0.0478,1.460674157303371,0.37598597721297106,2.205056179775281
2019-05-08,Terra,0.0335,0.1842,0.051500000000000004,1.537313432835821,0.6344276841171252,4.470873786407767
2019-05-09,Terra,0.031100000000000003,0.18100000000000002,0.042800000000000005,1.3762057877813505,0.7067421027817069,5.819935691318328
2019-05-10,Terra,0.0183,0.13870000000000002,0.0286,1.5628415300546448,0.7668789808917197,7.579234972677597
2019-05-11,Terra,0.027600000000000003,0.11810000000000001,0.0427,1.5978260869565215,0.6149659863945578,4.19434628975265
2019-05-13,Terra,0.027200000000000002,0.1252,0.0451,1.6470588235294117,0.6430446194225722,4.602941176470588
2019-05-29,Terra,0.0238,0.10060000000000001,0.0385,1.6176470588235292,0.6291497975708502,4.393013100436682
2019-05-31,Terra,0.0229,0.1394,0.0388,1.6943231441048034,0.7178065311152186,6.0873362445414845
2019-06-01,Terra,0.028800000000000003,0.187,0.0425,1.4756944444444444,0.7330861909175163,6.493055555555555
2019-06-02,Terra,0.0258,0.1602,0.0396,1.5348837209302326,0.7225806451612904,6.209302325581396
2019-06-03,Terra,0.0332,0.1148,0.043500000000000004,1.3633333333333333,0.561904761904762,3.5652173913043477
2019-06-04,Terra,0.015700000000000002,0.1217,0.0256,1.6688741721854303,0.7714701601164483,7.7515923566878975
2019-06-09,Terra,0.0412,0.1826,0.054,1.3106796116504853,0.6318141197497767,4.432038834951457
2019-06-11,Terra,0.0161,0.1213,0.029900000000000003,1.8571428571428574,0.7656477438136827,7.53416149068323
2019-06-12,Terra,0.0337,0.1637,0.0492,1.6913946587537092,0.6535353535353536,4.772594752186588
2019-06-13,Terra,0.018000000000000002,0.0751,0.0313,1.7388888888888887,0.6133190118152524,4.172222222222222
2019-06-14,Terra,0.0253,0.16790000000000002,0.044700000000000004,1.7667984189723323,0.7209786569495056,6.167910447761194
2019-06-15,Terra,0.027,0.08370000000000001,0.042100000000000005,1.5592592592592596,0.4774933804060018,2.827702702702703
2019-06-16,Terra,0.0223,0.1647,0.040400000000000005,1.8116591928251122,0.7662198391420914,7.555045871559634
2019-06-17,Terra,0.06620000000000001,0.1938,0.0722,1.0906344410876132,0.49076923076923074,2.927492447129909
2019-06-18,Terra,0.015600000000000001,0.1452,0.0284,1.8205128205128205,0.8059701492537313,9.307692307692307
2019-06-19,Terra,0.0324,0.0964,0.0465,1.4428571428571428,0.5510860820595335,3.455197132616487
2019-06-22,Terra,0.019,0.10700000000000001,0.0304,1.6,0.6925566343042071,5.505263157894737
2019-06-23,Terra,0.0223,0.195,0.041100000000000005,1.8430493273542603,0.7947537965945698,8.74439461883408
2019-06-24,Terra,0.0358,0.12140000000000001,0.0472,1.318435754189944,0.5445292620865141,3.391061452513967
2019-06-28,Terra,0.0206,0.10830000000000001,0.03705,1.7739980449657868,0.6661538461538462,4.990783410138249
2019-06-29,Terra,0.0152,0.0901,0.027600000000000003,1.8092105263157894,0.7113010446343779,5.927631578947368
2019-06-30,Terra,0.0222,0.12760000000000002,0.0379,1.7072072072072073,0.7036048064085448,5.7477477477477485
2019-07-04,Terra,0.0279,0.18180000000000002,0.0449,1.6093189964157706,0.773538961038961,7.831541218637993
2019-07-05,Terra,0.036500000000000005,0.1173,0.0511,1.380821917808219,0.5243664717348927,3.2049180327868854
2019-07-14,Terra,0.026000000000000002,0.12490000000000001,0.041800000000000004,1.6076923076923078,0.6318289786223278,4.4322580645161285
2019-07-19,Terra,0.058800000000000005,0.1824,0.0594,1.010204081632653,0.5124378109452736,3.1020408163265305
2019-07-20,Terra,0.038200000000000005,0.2107,0.047900000000000005,1.2539267015706805,0.6930494174367214,5.515706806282722
2019-07-21,Terra,0.0309,0.1105,0.0432,1.4466019417475728,0.6362275449101797,4.497942386831276
2019-07-22,Terra,0.015000000000000001,0.1203,0.0257,1.678947368421053,0.7332139659803044,6.496644295302014
2019-07-23,Terra,0.0468,0.1477,0.060700000000000004,1.297008547008547,0.5187660668380462,3.155982905982906
2019-07-24,Terra,0.0145,0.0781,0.024900000000000002,1.717241379310345,0.6886486486486487,5.423611111111111
2019-07-25,Terra,0.0323,0.1726,0.0429,1.328173374613003,0.6847242557345047,5.343653250773993
2019-07-26,Terra,0.0441,0.07780000000000001,0.0541,1.2267573696145124,0.2764561115668581,1.7641723356009071
2019-07-28,Terra,0.0395,0.0944,0.0507,1.2835443037974683,0.44130127298444133,2.579746835443038
2019-07-29,Terra,0.014100000000000001,0.1111,0.0241,1.7092198581560283,0.7747603833865815,7.879432624113475
2019-07-30,Terra,0.0247,0.1168,0.0378,1.5154639175257731,0.6562315416420557,4.817869415807561
2019-07-31,Terra,0.018000000000000002,0.08940000000000001,0.030500000000000003,1.622340425531915,0.6663560111835974,4.99441340782123
2019-08-01,Terra,0.019700000000000002,0.1058,0.035500000000000004,1.7999999999999996,0.7058823529411764,5.8
2019-08-03,Terra,0.030600000000000002,0.1842,0.0432,1.4117647058823528,0.7017301038062284,5.705336426914154
2019-08-04,Terra,0.0488,0.08310000000000001,0.060000000000000005,1.2295081967213115,0.2505643340857788,1.6686746987951808
2019-08-05,Terra,0.032600000000000004,0.1459,0.042,1.2883435582822085,0.6347338935574229,4.475460122699386
2019-08-06,Terra,0.032600000000000004,0.08310000000000001,0.0472,1.432601880877743,0.4049027895181741,2.3607954545454546
2019-08-12,Terra,0.028800000000000003,0.1887,0.0446,1.548611111111111,0.7351724137931035,6.552083333333333
2019-08-13,Terra,0.0287,0.1052,0.0427,1.4146341463414636,0.5713218820014937,3.6655052264808363
2019-08-14,Terra,0.0158,0.1092,0.026000000000000002,1.6455696202531644,0.7472000000000001,6.911392405063291
2019-08-15,Terra,0.024900000000000002,0.128,0.038400000000000004,1.6420664206642066,0.6729559748427674,5.115384615384615
2019-08-16,Terra,0.0145,0.1107,0.0244,1.6827586206896552,0.768370607028754,7.63448275862069
2019-08-17,Terra,0.0264,0.15710000000000002,0.0438,1.659090909090909,0.7122615803814714,5.950757575757576
2019-08-18,Terra,0.020300000000000002,0.0757,0.0328,1.6157635467980296,0.5770833333333334,3.729064039408867
2019-08-19,Terra,0.0274,0.19010000000000002,0.0442,1.624087591240876,0.7234814143245694,6.232786885245901
2019-08-22,Terra,0.0233,0.13470000000000001,0.039400000000000004,1.55793991416309,0.6297640653357532,4.401960784313726
2019-08-23,Terra,0.0142,0.1116,0.025,1.6818181818181819,0.7742448330683626,7.859154929577465
2019-08-24,Terra,0.029300000000000003,0.1451,0.044000000000000004,1.5187713310580204,0.6512455516014234,4.73469387755102
2019-08-25,Terra,0.018600000000000002,0.12430000000000001,0.0292,1.5698924731182795,0.7396780965710287,6.682795698924731
2019-08-26,Terra,0.0218,0.15460000000000002,0.0354,1.6833333333333331,0.7528344671201815,7.091743119266056
2019-08-27,Terra,0.0198,0.09380000000000001,0.030100000000000002,1.52020202020202,0.5938827527612573,3.9246861924686196
2019-08-28,Terra,0.0296,0.20950000000000002,0.044700000000000004,1.510135135135135,0.7524048515265578,7.077702702702703
2019-08-31,Terra,0.018600000000000002,0.0601,0.0316,1.669291338582677,0.532967032967033,3.2823529411764705
2019-09-02,Terra,0.019100000000000002,0.10250000000000001,0.031100000000000003,1.6073298429319371,0.6858552631578947,5.366492146596858
2019-09-03,Terra,0.015600000000000001,0.1154,0.0264,1.6923076923076923,0.6795580110497238,5.241379310344827
2019-09-04,Terra,0.024900000000000002,0.184,0.0386,1.5220883534136547,0.7717862301396244,7.763713080168776
2019-09-05,Terra,0.0178,0.0742,0.0275,1.5449438202247192,0.6130434782608697,4.168539325842697
2019-09-06,Terra,0.0135,0.13340000000000002,0.022000000000000002,1.5675675675675678,0.766887417218543,7.579545454545455
2019-09-11,Terra,0.0413,0.191,0.0465,1.12590799031477,0.6444253120964271,4.624697336561743
2019-09-12,Terra,0.012100000000000001,0.0533,0.0195,1.611570247933884,0.6299694189602446,4.40495867768595
2019-09-14,Terra,0.027200000000000002,0.12240000000000001,0.0351,1.290441176470588,0.6363636363636364,4.5
2019-09-21,Terra,0.0154,0.08320000000000001,0.0247,1.4805194805194806,0.6540755467196819,4.781609195402299
2019-09-25,Terra,0.0236,0.1597,0.0351,1.5499999999999998,0.6519583539910759,4.746438746438747
2019-09-30,Terra,0.0178,0.096,0.0297,1.6685393258426966,0.6566005176876618,4.824120603015075
2019-10-01,Terra,0.0142,0.13090000000000002,0.022600000000000002,1.591549295774648,0.8042729152308753,9.21830985915493
2019-10-05,Terra,0.018600000000000002,0.11040000000000001,0.0274,1.4731182795698923,0.7116279069767442,5.935483870967742
2019-10-06,Terra,0.0261,0.1585,0.037200000000000004,1.4327731092436973,0.738891936368623,6.659663865546218
2019-10-07,Terra,0.014,0.044700000000000004,0.021,1.5,0.5258964143426295,3.218487394957983
2019-10-09,Terra,0.0413,0.128,0.0521,1.2615012106537529,0.5121086828115771,3.099273607748184
2019-10-10,Terra,0.015600000000000001,0.129,0.0218,1.3974358974358974,0.7842323651452282,8.269230769230768
2019-10-14,Terra,0.020200000000000003,0.0789,0.0269,1.3316831683168315,0.6036585365853658,4.046153846153846
2019-10-24,Terra,0.0286,0.2189,0.038400000000000004,1.2902097902097902,0.768888888888889,7.653846153846154
2019-10-27,Terra,0.0195,0.097,0.0267,1.3692307692307693,0.6652360515021459,4.9743589743589745
2019-10-28,Terra,0.0187,0.09670000000000001,0.0241,1.2834224598930482,0.6788194444444444,5.2270270270270265
2019-10-29,Terra,0.0246,0.1515,0.0344,1.3124999999999998,0.7206132879045996,6.158536585365853
2019-10-30,Terra,0.0223,0.0901,0.029400000000000003,1.3183856502242153,0.5890652557319224,3.8669527896995706
2019-11-01,Terra,0.0211,0.08070000000000001,0.029,1.3744075829383886,0.5415472779369628,3.3625000000000003
2019-11-02,Terra,0.0179,0.0916,0.0236,1.3801169590643274,0.6764427625354777,5.181286549707602
2019-11-03,Terra,0.025900000000000003,0.1391,0.030500000000000003,1.1776061776061775,0.686060606060606,5.37065637065637
2019-11-04,Terra,0.016,0.0985,0.0223,1.39375,0.7428437353355232,6.7773722627737225
2019-11-06,Terra,0.014100000000000001,0.09960000000000001,0.0219,1.5531914893617018,0.607242339832869,4.092198581560283
2019-11-09,Terra,0.0444,0.1766,0.051800000000000006,1.1666666666666667,0.5981900452488689,3.9774774774774775
2019-11-11,Terra,0.0385,0.1578,0.0439,1.1628959276018098,0.5623762376237623,3.5701357466063346
2019-11-20,Terra,0.024900000000000002,0.11720000000000001,0.0302,1.1346153846153844,0.6577102803738317,4.843003412969282
2019-11-21,Terra,0.0333,0.1267,0.0368,1.1356466876971612,0.5997474747474747,3.9968454258675084
2019-11-22,Terra,0.0199,0.0848,0.024300000000000002,1.1404109589041096,0.6260786193672099,4.348717948717948
2019-11-28,Terra,0.042800000000000005,0.0978,0.0465,1.086448598130841,0.39118065433854904,2.2850467289719623
2019-11-29,Terra,0.0287,0.08,0.0356,1.240418118466899,0.47194112235510577,2.7874564459930316
2019-11-30,Terra,0.0381,0.1555,0.044700000000000004,1.173228346456693,0.606404958677686,4.081364829396326
2019-12-05,Terra,0.0443,0.1291,0.0472,1.0612813370473537,0.5648484848484848,3.5961002785515315
2019-12-28,Terra,0.034300000000000004,0.1046,0.0284,0.9357798165137615,0.683579335793358,5.32069970845481
2020-02-10,Terra,0.0224,0.0908,0.0317,1.4151785714285714,0.553464499572284,3.478927203065134
2020-02-18,Terra,0.0368,0.1521,0.0494,1.3423913043478262,0.6103758602435151,4.133152173913044
2020-02-19,Terra,0.0236,0.1125,0.0292,1.2718446601941749,0.6304347826086956,4.411764705882352
2020-02-21,Terra,0.0224,0.0868,0.0352,1.3867403314917126,0.5135135135135135,3.111111111111111
2020-02-22,Terra,0.0264,0.1218,0.0349,1.3474903474903475,0.6492890995260664,4.702702702702703
2020-02-27,Terra,0.0351,0.17200000000000001,0.045000000000000005,1.2820512820512822,0.6610333172380494,4.900284900284901
2020-02-28,Terra,0.030000000000000002,0.1008,0.0374,1.2433333333333332,0.47180192572214574,2.7864583333333335
2020-03-05,Terra,0.0386,0.1405,0.0453,1.1735751295336787,0.5689558905639308,3.639896373056995
2020-03-10,Terra,0.0244,0.0675,0.0318,1.393574297188755,0.46898803046789983,2.7663934426229506
2020-03-12,Terra,0.0296,0.11620000000000001,0.0398,1.3445945945945945,0.5939643347050755,3.925675675675676
2020-03-15,Terra,0.031100000000000003,0.1458,0.0364,1.170418006430868,0.6483889202939515,4.688102893890675
2020-03-16,Terra,0.027200000000000002,0.1371,0.0322,1.1838235294117645,0.6688983566646378,5.040441176470588
2020-03-17,Terra,0.019200000000000002,0.07100000000000001,0.0257,1.3385416666666665,0.5442804428044281,3.3886639676113366
2020-03-19,Terra,0.0267,0.08080000000000001,0.0346,1.3071161048689137,0.49907235621521345,2.992592592592593
2020-03-20,Terra,0.0253,0.1124,0.0317,1.2529644268774702,0.6137832017229001,4.178438661710037
2020-03-21,Terra,0.0303,0.10550000000000001,0.0396,1.306930693069307,0.5537555228276879,3.481848184818482
2020-03-22,Terra,0.0206,0.0722,0.026500000000000003,1.3454545454545455,0.5329087048832271,3.2818181818181813
2020-04-07,Terra,0.024900000000000002,0.0636,0.031,1.2449799196787148,0.4372881355932203,2.5542168674698793
2020-04-08,Terra,0.0316,0.16840000000000002,0.0432,1.2974683544303798,0.6439436619718311,4.617088607594936
2020-04-09,Terra,0.024800000000000003,0.1426,0.0317,1.2620967741935483,0.5863851788022403,3.8354166666666667
2020-04-10,Terra,0.0207,0.1321,0.0275,1.3285024154589373,0.7290575916230367,6.381642512077295
2020-04-11,Terra,0.029,0.11750000000000001,0.037200000000000004,1.2827586206896553,0.6040955631399317,4.051724137931035
2020-04-12,Terra,0.0211,0.10550000000000001,0.0287,1.3601895734597156,0.6666666666666666,5.0
2020-04-13,Terra,0.0256,0.1446,0.0358,1.3984374999999998,0.6158256880733944,4.205970149253731
2020-04-14,Terra,0.021,0.1082,0.029900000000000003,1.3197969543147208,0.599250936329588,3.990654205607477
2020-04-16,Terra,0.0373,0.1241,0.0446,1.1957104557640752,0.5495495495495495,3.44
2020-04-17,Terra,0.0329,0.16720000000000002,0.0425,1.2917933130699089,0.6711644177911046,5.082066869300912
2020-04-20,Terra,0.0256,0.1277,0.0345,1.34765625,0.6225895316804408,4.299270072992701
2020-05-04,Terra,0.027,0.1274,0.0369,1.3666666666666667,0.6675392670157068,5.015748031496063
2020-05-07,Terra,0.0212,0.1145,0.027600000000000003,1.3615023474178405,0.6863033873343152,5.375586854460094
2020-05-08,Terra,0.0235,0.11860000000000001,0.0344,1.4638297872340424,0.6692470091484871,5.046808510638298
2020-05-09,Terra,0.0829,0.18130000000000002,0.0888,1.0711700844390832,0.37244511733535207,2.186972255729795
2020-05-24,Terra,0.038900000000000004,0.1564,0.0487,1.309192200557103,0.6016385048643113,4.020565552699229
2020-05-27,Terra,0.0239,0.0916,0.034800000000000005,1.5977011494252873,0.5861471861471861,3.8326359832635983
2020-05-28,Terra,0.0146,0.1034,0.025,1.7123287671232879,0.752542372881356,7.082191780821918
2020-06-01,Terra,0.0228,0.06810000000000001,0.0327,1.4342105263157894,0.4864864864864865,2.8947368421052633
2020-06-02,Terra,0.0229,0.157,0.0376,1.5829596412556055,0.745414118954975,6.85589519650655
2020-06-18,Terra,0.016900000000000002,0.16440000000000002,0.0316,1.8562874251497006,0.8155715074544452,9.84431137724551
2020-06-19,Terra,0.0675,0.1519,0.0747,1.1066666666666667,0.3846855059252507,2.25037037037037
2020-06-22,Terra,0.012100000000000001,0.08990000000000001,0.023,1.7999999999999998,0.7714285714285715,7.75
2020-06-23,Terra,0.0292,0.1835,0.044000000000000004,1.5277777777777777,0.7256011315417256,6.288659793814434
2020-06-25,Terra,0.0221,0.12560000000000002,0.035500000000000004,1.6063348416289593,0.7007447528774542,5.683257918552036
2020-07-02,Terra,0.0257,0.1752,0.0415,1.592760180995475,0.6782046405477368,5.215130023640662
2020-07-03,Terra,0.030600000000000002,0.12610000000000002,0.0383,1.2516339869281046,0.6094447989789408,4.120915032679739
2020-07-04,Terra,0.0323,0.16240000000000002,0.048,1.4860681114551082,0.6682074987159734,5.027863777089784
2020-07-05,Terra,0.0648,0.0969,0.07150000000000001,1.1080246913580247,0.1889570552147239,1.4659606656580937
2020-07-08,Terra,0.0143,0.1048,0.025400000000000002,1.7762237762237765,0.7598656591099915,7.328671328671329
2020-07-10,Terra,0.0162,0.07400000000000001,0.0253,1.61046511627907,0.625866050808314,4.34567901234568
2020-07-11,Terra,0.0268,0.1592,0.042800000000000005,1.6327433628318584,0.7513751375137513,7.044247787610619
2020-07-13,Terra,0.023100000000000002,0.2066,0.038,1.606060606060606,0.7891545975075783,8.485623003194888
2020-07-14,Terra,0.0463,0.08360000000000001,0.054400000000000004,1.1749460043196545,0.28714395688991534,1.8056155507559397
2020-07-15,Terra,0.0131,0.1182,0.024300000000000002,1.8025477707006368,0.8032036613272312,9.162790697674419
2020-07-16,Terra,0.0188,0.0993,0.031,1.710344827586207,0.6816257408975445,5.281914893617021
2020-07-18,Terra,0.0206,0.11180000000000001,0.035300000000000005,1.7135922330097089,0.688821752265861,5.427184466019418
2020-07-19,Terra,0.027800000000000002,0.08410000000000001,0.0373,1.3417266187050358,0.5031277926720286,3.025179856115108
2020-07-20,Terra,0.020900000000000002,0.1652,0.0364,1.7658536585365854,0.7792137856758213,8.058536585365854
2020-07-21,Terra,0.054700000000000006,0.1041,0.0639,1.1681901279707494,0.31108312342569266,1.903107861060329
2020-07-22,Terra,0.027800000000000002,0.2,0.0446,1.60431654676259,0.755926251097454,7.194244604316546
2020-07-23,Terra,0.0287,0.0716,0.039900000000000005,1.4511784511784511,0.4687179487179486,2.764478764478764
2020-07-25,Terra,0.0151,0.1075,0.030500000000000003,1.8958333333333333,0.7172523961661341,6.073446327683616
2020-07-26,Terra,0.0135,0.0767,0.024,1.7465753424657535,0.7006651884700665,5.681481481481482
2020-07-27,Terra,0.0224,0.18130000000000002,0.0415,1.8502415458937198,0.7800687285223368,8.09375
2020-07-28,Terra,0.0349,0.1066,0.0455,1.3087818696883853,0.4535603715170279,2.660056657223796
2020-07-30,Terra,0.035300000000000005,0.0916,0.046,1.3031161473087816,0.44365642237982655,2.5949008498583566
2020-07-31,Terra,0.014,0.1178,0.0246,1.7421875,0.7882547559966914,8.4453125
2020-08-03,Terra,0.0183,0.1037,0.031400000000000004,1.7158469945355193,0.7084019769357495,5.858757062146893
2020-08-04,Terra,0.0172,0.09480000000000001,0.0286,1.6627906976744187,0.6928571428571427,5.511627906976745
2020-08-05,Terra,0.0257,0.17550000000000002,0.040600000000000004,1.6370967741935485,0.7523714428357463,7.076612903225806
2020-08-07,Terra,0.020900000000000002,0.21810000000000002,0.0345,1.6507177033492824,0.8251046025104602,10.435406698564593
2020-08-09,Terra,0.011000000000000001,0.1004,0.021500000000000002,1.9047619047619047,0.773851590106007,7.84375
2020-08-10,Terra,0.013900000000000001,0.08510000000000001,0.025,1.7985611510791366,0.7191919191919193,6.122302158273381
2020-08-11,Terra,0.0164,0.0999,0.025900000000000003,1.579268292682927,0.7179707652622528,6.091463414634146
2020-08-13,Terra,0.0245,0.064,0.0334,1.4022988505747125,0.44632768361581926,2.6122448979591835
2020-08-14,Terra,0.024900000000000002,0.17,0.0385,1.5461847389558232,0.7444843509492047,6.827309236947791
2020-08-17,Terra,0.0234,0.1221,0.036000000000000004,1.6159695817490496,0.6783505154639176,5.217948717948718
2020-08-18,Terra,0.019100000000000002,0.0855,0.030600000000000002,1.6562500000000002,0.6847290640394089,5.34375
2020-08-19,Terra,0.0177,0.1082,0.0315,1.7556818181818181,0.7188244638602064,6.112994350282486
2020-08-22,Terra,0.0268,0.07740000000000001,0.0351,1.3097014925373134,0.4856046065259117,2.8880597014925375
2020-08-23,Terra,0.0274,0.1796,0.0412,1.6642335766423357,0.8160515524311659,9.872611464968152
2020-08-24,Terra,0.022500000000000003,0.0925,0.0337,1.4977777777777777,0.6517857142857142,4.743589743589744
2020-08-25,Terra,0.014100000000000001,0.08600000000000001,0.0244,1.730496453900709,0.7182817182817183,6.0992907801418434
2020-08-26,Terra,0.0159,0.084,0.0281,1.7672955974842766,0.6816816816816818,5.283018867924528
2020-08-27,Terra,0.013300000000000001,0.0698,0.0227,1.782258064516129,0.6982968369829684,5.629032258064516
2020-08-28,Terra,0.0207,0.17950000000000002,0.0341,1.6859903381642514,0.7896311066799601,8.507109004739338
2020-08-29,Terra,0.019200000000000002,0.07590000000000001,0.028,1.464705882352941,0.5680166147455867,3.6298076923076916
2020-08-30,Terra,0.0213,0.21530000000000002,0.0364,1.7089201877934272,0.8199492814877429,10.107981220657278
2020-09-01,Terra,0.016300000000000002,0.10830000000000001,0.0269,1.6503067484662575,0.7383627608346708,6.644171779141104
2020-09-02,Terra,0.13140000000000002,0.16690000000000002,0.1597,1.215372907153729,0.11900771035869931,1.2701674277016743
2020-09-04,Terra,0.0269,0.12240000000000001,0.0436,1.6161616161616161,0.6495956873315365,4.707692307692308
2020-09-05,Terra,0.0166,0.1119,0.0268,1.6258064516129032,0.6804123711340206,5.258064516129033
2020-09-09,Terra,0.4046,0.3975,0.3659,0.9137419673751854,-0.008851764119187127,0.9824518042511122
2020-09-27,Terra,0.023200000000000002,0.0873,0.0291,1.254310344827586,0.5458104933437745,3.403448275862069
2020-09-28,Terra,0.015700000000000002,0.0497,0.020300000000000002,1.2420382165605093,0.5488000000000001,3.4326241134751774
2020-09-29,Terra,0.030600000000000002,0.0889,0.0379,1.196078431372549,0.5042301184433163,3.0341296928327646
2020-09-30,Terra,0.0247,0.07300000000000001,0.030600000000000002,1.2388663967611337,0.5077173030056864,3.062706270627063
2020-10-01,Terra,0.0606,0.1612,0.0718,1.1848184818481848,0.4535617673579802,2.66006600660066
2020-10-02,Terra,0.0352,0.1041,0.0409,1.1075,0.494615936826992,2.9573863636363633
2020-10-03,Terra,0.0224,0.0888,0.027100000000000003,1.0970149253731343,0.5562248995983936,3.5067873303167416
2020-10-04,Terra,0.0263,0.08030000000000001,0.030000000000000002,1.1406844106463878,0.5065666041275797,3.0532319391634983
2020-10-06,Terra,0.0451,0.12440000000000001,0.0519,1.1507760532150777,0.46784660766961655,2.7583148558758315
2020-10-08,Terra,0.0334,0.0937,0.0432,1.2934131736526948,0.4744295830055076,2.8053892215568865
2020-10-09,Terra,0.028,0.0463,0.034,1.2892857142857144,0.24629878869448182,1.6535714285714285
2020-10-15,Terra,0.022500000000000003,0.09910000000000001,0.027700000000000002,1.2079207920792079,0.6124367317425885,4.16044776119403
2020-10-16,Terra,0.0151,0.05,0.02,1.3576158940397351,0.5360983102918586,3.3112582781456954
2020-10-22,Terra,0.0363,0.14450000000000002,0.039400000000000004,1.0853994490358128,0.5984513274336284,3.9807162534435268
2020-10-25,Terra,0.025500000000000002,0.0601,0.031200000000000002,1.2283464566929134,0.4058479532163742,2.3661417322834644
2020-10-26,Terra,0.056400000000000006,0.2164,0.057800000000000004,1.0248226950354609,0.5865102639296187,3.836879432624113
2020-10-27,Terra,0.0212,0.0471,0.025400000000000002,1.1981132075471699,0.39469026548672564,2.304093567251462
2020-10-28,Terra,0.024,0.0882,0.027700000000000002,1.1541666666666668,0.5901271503365744,3.8795620437956204
2020-10-29,Terra,0.0285,0.11610000000000001,0.028900000000000002,1.0140350877192983,0.5214285714285714,3.17910447761194
2020-10-31,Terra,0.0309,0.11570000000000001,0.034300000000000004,1.110032362459547,0.575440266539743,3.710762331838565
2020-11-01,Terra,0.0218,0.043300000000000005,0.026500000000000003,1.2155963302752295,0.37184115523465694,2.1839080459770113
2020-11-02,Terra,0.0463,0.1841,0.0448,0.9676025917926565,0.5980902777777778,3.9762419006479486
2020-11-21,Terra,0.024800000000000003,0.0658,0.0298,1.2016129032258063,0.5196304849884527,3.163461538461538
2020-11-29,Terra,0.0193,0.08370000000000001,0.0173,0.8963730569948186,0.6252427184466021,4.33678756476684
2020-12-01,Terra,0.02,0.1082,0.0224,1.103825136612022,0.5375886524822695,3.3251533742331287
2020-12-02,Terra,0.0453,0.1343,0.042300000000000004,0.9349240780911062,0.48891352549889133,2.913232104121475
2020-12-04,Terra,0.0349,0.1617,0.030100000000000002,0.8624641833810889,0.6449643947100714,4.63323782234957
2020-12-05,Terra,0.034800000000000005,0.07300000000000001,0.0304,0.9325153374233127,0.37667304015296366,2.208588957055215
2020-12-08,Terra,0.0253,0.0872,0.027700000000000002,1.0068259385665528,0.5349264705882353,3.300395256916996
2020-12-12,Terra,0.005,0.0165,0.0067,1.34,0.5348837209302325,3.3000000000000003
2020-12-23,Terra,0.029400000000000003,0.0925,0.0304,1.0340136054421767,0.5176374077112386,3.14625850340136
2020-12-28,Terra,0.0229,0.1126,0.0224,0.9781659388646288,0.6619926199261992,4.91703056768559
2021-01-13,Terra,0.034,0.0631,0.0375,1.2109004739336493,0.40691192865105913,2.3721804511278193
2021-01-14,Terra,0.052000000000000005,0.17800000000000002,0.0603,1.1596153846153845,0.5478260869565217,3.4230769230769234
2021-01-18,Terra,0.0347,0.0821,0.0444,1.2975609756097561,0.4523449319213313,2.6519337016574585
2021-01-19,Terra,0.0804,0.1359,0.08990000000000001,1.1181592039800996,0.2565880721220527,1.6902985074626864
2021-01-23,Terra,0.0381,0.0839,0.0446,1.2047872340425532,0.37540983606557377,2.202099737532808
2021-02-10,Terra,0.0235,0.07830000000000001,0.0281,1.1422764227642277,0.5218658892128281,3.182926829268293
2021-03-12,Terra,0.0223,0.06520000000000001,0.0297,1.3318385650224216,0.4902857142857143,2.923766816143498
2021-03-16,Terra,0.0167,0.0461,0.020900000000000002,1.2514970059880242,0.4681528662420383,2.760479041916168
2021-03-23,Terra,0.0531,0.11170000000000001,0.0587,1.1054613935969868,0.35558252427184467,2.103578154425612
2021-03-27,Terra,0.024200000000000003,0.054200000000000005,0.0309,1.2556053811659194,0.374812769144355,2.1995448556713377
2021-03-30,Terra,0.0287,0.0844,0.031900000000000005,1.1114982578397214,0.49248452696728556,2.9407665505226483
2021-03-31,Terra,0.029300000000000003,0.0646,0.0366,1.2491467576791808,0.37593184238551647,2.204778156996587
2021-04-01,Terra,0.029,0.0712,0.027600000000000003,1.0388349514563109,0.42115768463073855,2.4551724137931035
2021-04-05,Terra,0.0268,0.09720000000000001,0.028200000000000003,1.0522388059701493,0.567741935483871,3.626865671641791
2021-04-06,Terra,0.0344,0.0869,0.0374,1.0872093023255816,0.43281121187139326,2.5261627906976747
2021-04-09,Terra,0.0344,0.10250000000000001,0.038900000000000004,1.130813953488372,0.4974433893352812,2.979651162790698
2021-04-11,Terra,0.034300000000000004,0.1306,0.0352,1.0262390670553936,0.5839902971497878,3.807580174927113
2021-04-12,Terra,0.023200000000000002,0.0584,0.0251,1.081896551724138,0.43137254901960775,2.5172413793103448
2021-04-13,Terra,0.0317,0.0799,0.035,1.10410094637224,0.4318996415770609,2.5205047318611986
2021-04-14,Terra,0.0262,0.0621,0.0333,1.2709923664122138,0.40656851642129105,2.3702290076335877
2021-04-15,Terra,0.031,0.08320000000000001,0.0291,0.9387096774193548,0.4570928196147111,2.6838709677419357
2021-04-16,Terra,0.0261,0.0646,0.0328,1.2567049808429118,0.45876887340301975,2.695278969957082
2021-04-17,Terra,0.02985,0.0737,0.028200000000000003,1.0734339190221545,0.4064885496183206,2.3697749196141475
2021-04-18,Terra,0.0381,0.10550000000000001,0.043300000000000005,1.136482939632546,0.5020796197266787,3.0167064439140816
2021-04-19,Terra,0.0408,0.0847,0.0434,1.1221374045801527,0.3839869281045751,2.2466843501326257
2021-04-20,Terra,0.041800000000000004,0.1454,0.0436,1.0430622009569377,0.5534188034188033,3.478468899521531
2021-04-21,Terra,0.0246,0.052700000000000004,0.0329,1.3373983739837398,0.36351875808538164,2.142276422764228
2021-04-22,Terra,0.0253,0.0685,0.032,1.2648221343873518,0.4605543710021322,2.7075098814229253
2021-04-27,Terra,0.039400000000000004,0.1363,0.042,1.065989847715736,0.5515082527034717,3.4593908629441623
2021-04-28,Terra,0.0269,0.0728,0.034,1.2639405204460967,0.41518578352180935,2.4198895027624308
2021-05-05,Terra,0.0454,0.1228,0.049100000000000005,1.0814977973568283,0.4601664684898929,2.7048458149779737
2021-05-10,Terra,0.023700000000000002,0.064,0.0284,1.1983122362869199,0.459521094640821,2.70042194092827
2021-05-11,Terra,0.0247,0.07740000000000001,0.0307,1.242914979757085,0.5161606268364349,3.1336032388663972
2021-05-12,Terra,0.0376,0.08510000000000001,0.042100000000000005,1.120906801007557,0.3751846381093057,2.2009456264775413
2021-05-14,Terra,0.040100000000000004,0.0879,0.0487,1.2144638403990025,0.37343750000000003,2.1920199501246884
2021-05-15,Terra,0.0223,0.08070000000000001,0.027600000000000003,1.2600896860986548,0.5342205323193916,3.2938775510204086
2021-05-16,Terra,0.031200000000000002,0.0988,0.038400000000000004,1.2307692307692308,0.4538152610441767,2.661764705882353
2021-05-26,Terra,0.0219,0.07680000000000001,0.0258,1.2602739726027399,0.5195681511470986,3.162921348314607
2021-05-28,Terra,0.033100000000000004,0.0723,0.0395,1.1933534743202416,0.3018699910952805,1.864795918367347
2021-05-29,Terra,0.0412,0.18810000000000002,0.0471,1.1432038834951457,0.6406454426515483,4.565533980582525
2021-05-30,Terra,0.064,0.1075,0.07150000000000001,1.1488294314381269,0.2536443148688047,1.6796875
2021-06-01,Terra,0.026500000000000003,0.0864,0.0379,1.430188679245283,0.48627450980392156,2.8931297709923665
2021-06-02,Terra,0.0258,0.0697,0.0349,1.321705426356589,0.4596858638743455,2.701550387596899
2021-06-03,Terra,0.020900000000000002,0.061900000000000004,0.0324,1.5502392344497606,0.4951690821256038,2.9617224880382773
2021-06-16,Terra,0.0161,0.0763,0.0233,1.4472049689440996,0.6515151515151515,4.739130434782609
2021-06-17,Terra,0.0218,0.0502,0.0323,1.481651376146789,0.39444444444444443,2.302752293577982
2021-06-18,Terra,0.0193,0.0656,0.028800000000000003,1.5025906735751295,0.5453474676089518,3.3989637305699483
2021-06-19,Terra,0.0216,0.07490000000000001,0.0339,1.523148148148148,0.5571725571725572,3.5164319248826295
2021-06-20,Terra,0.027,0.0597,0.0402,1.488888888888889,0.37716262975778553,2.2111111111111112
2021-06-21,Terra,0.0422,0.1501,0.0528,1.2511848341232228,0.5611024440977639,3.556872037914692
2021-06-23,Terra,0.0413,0.16390000000000002,0.051500000000000004,1.2469733656174333,0.6116331096196869,4.149769585253456
2021-06-24,Terra,0.0463,0.0921,0.0591,1.2764578833693305,0.3309248554913295,1.9892008639308856
2021-06-25,Terra,0.0211,0.0826,0.030000000000000002,1.4218009478672986,0.5930568948891032,3.9146919431279623
2021-06-26,Terra,0.0383,0.11720000000000001,0.045700000000000005,1.2725060827250607,0.5073954983922829,3.060052219321149
2021-06-27,Terra,0.023,0.06810000000000001,0.0378,1.656521739130435,0.48247978436657674,2.864583333333333
2021-06-28,Terra,0.0298,0.0989,0.0453,1.453020134228188,0.5369075369075368,3.3187919463087248
2021-06-29,Terra,0.0596,0.1451,0.06620000000000001,1.1107382550335572,0.41768441621885694,2.434563758389262
2021-06-30,Terra,0.0711,0.19820000000000002,0.0891,1.2531645569620253,0.4719643520237654,2.787623066104079
2021-07-01,Terra,0.061900000000000004,0.1711,0.0683,1.1033925686591275,0.4686695278969956,2.764135702746365
2021-07-02,Terra,0.0229,0.0838,0.0322,1.3089430894308942,0.5955284552845528,3.944723618090452
2021-07-03,Terra,0.0357,0.09630000000000001,0.044700000000000004,1.2521008403361344,0.4590909090909091,2.697478991596639
2021-07-04,Terra,0.0219,0.0673,0.0333,1.5205479452054795,0.5089686098654708,3.0730593607305936
2021-07-05,Terra,0.024800000000000003,0.07640000000000001,0.0375,1.504032258064516,0.5098814229249012,3.0806451612903225
2021-07-06,Terra,0.0323,0.055400000000000005,0.0458,1.4179566563467492,0.2633979475484607,1.715170278637771
2021-07-07,Terra,0.0332,0.1262,0.043500000000000004,1.3102409638554218,0.5701292484442317,3.6525612472160356
2021-07-08,Terra,0.0621,0.1492,0.0664,1.0692431561996778,0.412210127780407,2.4025764895330113
2021-07-09,Terra,0.0345,0.1597,0.0419,1.2307692307692308,0.6094961240310077,4.121588089330024
2021-07-10,Terra,0.0297,0.0932,0.0419,1.4107744107744107,0.45520231213872825,2.6710875331564985
2021-07-11,Terra,0.022000000000000002,0.0903,0.028300000000000002,1.2863636363636364,0.6081923419412288,4.1045454545454545
2021-07-12,Terra,0.0284,0.0684,0.040600000000000004,1.426056338028169,0.4426229508196721,2.5882352941176467
2021-07-14,Terra,0.0354,0.0912,0.0494,1.3954802259887005,0.4407582938388626,2.576271186440678
2021-07-15,Terra,0.0487,0.07050000000000001,0.060500000000000005,1.2422997946611911,0.18288590604026853,1.4476386036960986
2021-07-16,Terra,0.0323,0.1366,0.0393,1.1356466876971612,0.6232917409387997,4.309148264984227
2021-07-17,Terra,0.062,0.1894,0.0611,0.9854838709677419,0.5067621320604614,3.0548387096774197
2021-07-18,Terra,0.0212,0.0908,0.0297,1.330188679245283,0.548167092924126,3.4264150943396223
2021-07-19,Terra,0.0376,0.108,0.0477,1.2686170212765957,0.4835164835164834,2.872340425531915
2021-07-20,Terra,0.0224,0.0873,0.0315,1.3794642857142858,0.5734989648033126,3.6893203883495147
2021-07-22,Terra,0.0292,0.0591,0.0366,1.2642140468227423,0.3776223776223776,2.2134831460674156
2021-07-23,Terra,0.031400000000000004,0.1263,0.039,1.2261146496815285,0.5746566238369516,3.7020833333333334
2021-07-24,Terra,0.059500000000000004,0.1589,0.059300000000000005,0.9966386554621849,0.4551282051282052,2.6705882352941175
2021-07-25,Terra,0.0499,0.24700000000000003,0.0563,1.1282565130260522,0.6638598854833276,4.949899799599199
2021-07-26,Terra,0.10060000000000001,0.1933,0.1061,1.0546719681908547,0.31541340592038103,1.9214711729622265
2021-07-29,Terra,0.0297,0.0966,0.0374,1.2592592592592593,0.5296912114014252,3.2525252525252526
2021-08-02,Terra,0.0291,0.0935,0.0413,1.4192439862542956,0.5252854812398042,3.213058419243986
2021-08-05,Terra,0.0083,0.0949,0.010700000000000001,1.2891566265060241,0.8391472868217054,11.433734939759036
2021-08-09,Terra,0.054400000000000004,0.1149,0.0596,1.0955882352941175,0.3573538098050797,2.112132352941176
2021-08-10,Terra,0.0505,0.1665,0.0584,1.1564356435643564,0.5345622119815668,3.297029702970297
2021-08-11,Terra,0.0279,0.0636,0.0385,1.3799283154121864,0.39016393442622954,2.2795698924731185
2021-08-16,Terra,0.0346,0.0811,0.0424,1.3005780346820812,0.40068493150684925,2.3371428571428567
2021-08-18,Terra,0.031,0.060700000000000004,0.038400000000000004,1.2508143322475571,0.3274917853231106,1.9739413680781759
2021-08-23,Terra,0.0241,0.0781,0.034,1.4107883817427387,0.493734335839599,2.950495049504951
2021-08-24,Terra,0.038700000000000005,0.1111,0.051300000000000005,1.3255813953488371,0.4833110814419225,2.870801033591731
2021-08-25,Terra,0.045000000000000005,0.126,0.051500000000000004,1.1444444444444444,0.4736842105263157,2.8
2021-08-27,Terra,0.0273,0.08,0.035500000000000004,1.3003663003663004,0.4723076923076923,2.7900874635568513
2021-08-31,Terra,0.0327,0.114,0.0398,1.217125382262997,0.5566572237960339,3.5111821086261985
2021-09-02,Terra,0.0472,0.1388,0.0568,1.2033898305084747,0.49247311827956997,2.940677966101695
2021-09-05,Terra,0.0275,0.0594,0.0393,1.4290909090909092,0.36708860759493667,2.16
2021-09-06,Terra,0.0238,0.0828,0.029400000000000003,1.2352941176470589,0.5534709193245778,3.478991596638655
2021-09-08,Terra,0.0309,0.0811,0.0395,1.27831715210356,0.4482142857142858,2.6245954692556634
2021-09-12,Terra,0.0269,0.08710000000000001,0.037000000000000005,1.37546468401487,0.48115299334811545,2.854700854700855
2021-09-13,Terra,0.0221,0.0915,0.029400000000000003,1.330316742081448,0.5881481481481481,3.856115107913669
2021-09-14,Terra,0.0516,0.161,0.060000000000000005,1.1627906976744187,0.5145813734713076,3.12015503875969
2021-09-15,Terra,0.025500000000000002,0.0857,0.0292,1.1450980392156862,0.5413669064748201,3.36078431372549
2021-09-16,Terra,0.0434,0.10640000000000001,0.0517,1.1912442396313365,0.4263120057512581,2.4862155388471177
2021-09-20,Terra,0.0229,0.0944,0.027600000000000003,1.2052401746724892,0.609548167092924,4.122270742358078
2021-09-21,Terra,0.0193,0.0509,0.0268,1.38860103626943,0.4501424501424502,2.6373056994818653
2021-09-23,Terra,0.0297,0.08170000000000001,0.0364,1.1952861952861953,0.466786355475763,2.750841750841751
2021-09-24,Terra,0.0257,0.08850000000000001,0.0308,1.198443579766537,0.5499124343257443,3.443579766536965
2021-09-25,Terra,0.0476,0.137,0.0548,1.1512605042016806,0.49451887941534706,2.9566265060240964
2021-09-26,Terra,0.0267,0.07680000000000001,0.0329,1.2322097378277153,0.48405797101449277,2.8764044943820224
2021-09-29,Terra,0.0165,0.07400000000000001,0.0227,1.3757575757575757,0.6353591160220995,4.484848484848485
2021-10-01,Terra,0.025400000000000002,0.1,0.029900000000000003,1.1771653543307086,0.5873015873015873,3.846153846153846
2021-10-02,Terra,0.0369,0.11270000000000001,0.0425,1.151761517615176,0.5066844919786097,3.05420054200542
2021-10-03,Terra,0.0257,0.07200000000000001,0.0309,1.2023346303501945,0.473899692937564,2.8015564202334633
2021-10-07,Terra,0.0339,0.0935,0.038900000000000004,1.1474926253687316,0.4649842271293376,2.7382075471698113
2021-10-15,Terra,0.0253,0.0918,0.0279,1.1027667984189724,0.5678906917164817,3.628458498023716
2021-10-16,Terra,0.040100000000000004,0.0925,0.0429,1.0698254364089774,0.3951734539969834,2.306733167082294
2021-10-30,Terra,0.041,0.0844,0.042,1.0248447204968945,0.3460925039872408,2.0585365853658537
2021-10-31,Terra,0.0235,0.0937,0.028200000000000003,1.2000000000000002,0.5573770491803279,3.518518518518519
2021-11-08,Terra,0.0268,0.0993,0.031100000000000003,1.142857142857143,0.20073664825046048,1.502304147465438
2021-11-22,Terra,0.0216,0.061700000000000005,0.027700000000000002,1.13903743315508,0.356043956043956,2.10580204778157
2021-12-01,Terra,0.033800000000000004,0.0818,0.0352,1.0414201183431953,0.4152249134948096,2.420118343195266
2022-01-25,Terra,0.027200000000000002,0.0451,0.033800000000000004,1.2426470588235294,0.24757952973720607,1.6580882352941175
2022-01-27,Terra,0.043500000000000004,0.085,0.0437,1.0045977011494251,0.3229571984435798,1.9540229885057472
2022-01-29,Terra,0.0388,0.1311,0.043000000000000003,1.0257142857142856,0.43686502177068215,2.5515463917525776
2022-02-06,Terra,0.028800000000000003,0.10360000000000001,0.0291,1.0104166666666665,0.5649546827794562,3.5972222222222223
2022-02-10,Terra,0.0349,0.07540000000000001,0.0374,1.0716332378223496,0.36718041704442433,2.160458452722063
2022-02-11,Terra,0.0224,0.0889,0.0245,1.09375,0.5974842767295597,3.9687500000000004
2022-02-12,Terra,0.0344,0.1046,0.0358,1.0406976744186045,0.5050359712230216,3.0406976744186047
2022-02-13,Terra,0.023700000000000002,0.0869,0.0245,1.0337552742616034,0.5714285714285715,3.6666666666666665
2022-02-18,Terra,0.0224,0.1247,0.0188,0.8837209302325582,0.6954452753229096,5.566964285714286
2022-02-19,Terra,0.0368,0.0974,0.0361,1.048913043478261,0.451564828614009,2.6467391304347827
2022-03-07,Terra,0.0267,0.0734,0.031200000000000002,1.1685393258426966,0.4639949906073888,2.731308411214953
2022-03-10,Terra,0.023200000000000002,0.065,0.027100000000000003,1.168103448275862,0.4739229024943311,2.8017241379310343
2022-03-12,Terra,0.0206,0.0603,0.0285,1.383495145631068,0.4907292954264524,2.9271844660194173
2022-03-22,Terra,0.009300000000000001,0.07100000000000001,0.0077,0.8279569892473118,0.7683686176836861,7.634408602150538
2022-03-25,Terra,0.0364,0.08700000000000001,0.0432,1.1868131868131868,0.41004862236628853,2.39010989010989
2022-04-01,Terra,0.028900000000000002,0.0755,0.036000000000000004,1.245674740484429,0.446360153256705,2.612456747404844
2022-04-06,Terra,0.0269,0.0541,0.0341,1.2676579925650557,0.39432989690721654,2.302127659574468
2022-04-07,Terra,0.0495,0.1495,0.056600000000000004,1.1434343434343435,0.5025125628140703,3.02020202020202
2022-04-23,Terra,0.0304,0.0927,0.0332,1.0921052631578947,0.5060926076360683,3.049342105263158
2022-04-24,Terra,0.029300000000000003,0.0709,0.0388,1.309608540925267,0.3898097001744112,2.2888746584699455
2022-05-01,Terra,0.0292,0.06770000000000001,0.0366,1.2021276595744679,0.4118873826903024,2.400709219858156
2022-05-21,Terra,0.0253,0.0946,0.0349,1.3557312252964429,0.5102618542108988,3.0838150289017343
2022-05-31,Terra,0.0188,0.0721,0.0275,1.4627659574468084,0.5863586358635864,3.835106382978723
2022-06-20,Terra,0.0441,0.13970000000000002,0.057100000000000005,1.303030303030303,0.512142471667566,3.099557522123894
2022-06-21,Terra,0.018500000000000003,0.0646,0.0303,1.5666666666666667,0.5641646489104116,3.5888888888888886
2022-06-22,Terra,0.0247,0.0763,0.035300000000000005,1.4291497975708505,0.5108910891089109,3.0890688259109313
2022-06-23,Terra,0.032100000000000004,0.0709,0.0419,1.3134796238244513,0.3660886319845858,2.1550151975683893
2022-06-24,Terra,0.0286,0.1076,0.0403,1.4090909090909092,0.5800293685756241,3.762237762237762
2022-06-25,Terra,0.07350000000000001,0.0984,0.0811,1.1034013605442177,0.14485165794066313,1.3387755102040815
2022-06-26,Terra,0.041100000000000005,0.1542,0.0523,1.2725060827250607,0.5791090629800307,3.751824817518248
2022-06-27,Terra,0.0313,0.0621,0.043500000000000004,1.389776357827476,0.3297644539614561,1.9840255591054312
2022-06-28,Terra,0.0142,0.0782,0.0233,1.6408450704225352,0.6926406926406926,5.507042253521127
2022-06-29,Terra,0.0344,0.10930000000000001,0.0438,1.2732558139534884,0.5212247738343773,3.177325581395349
2022-06-30,Terra,0.028900000000000002,0.0947,0.037700000000000004,1.3044982698961938,0.5323624595469255,3.2768166089965396
2022-07-01,Terra,0.0309,0.0999,0.043000000000000003,1.3915857605177995,0.5275229357798166,3.233009708737864
2022-07-08,Terra,0.029300000000000003,0.12340000000000001,0.0424,1.409556313993174,0.549929676511955,3.44375
2022-07-10,Terra,0.033100000000000004,0.131,0.0424,1.280966767371601,0.5965874466788543,3.957703927492447
2022-07-11,Terra,0.044500000000000005,0.1003,0.0536,1.1315345699831365,0.24876847290640391,1.662295081967213
2022-07-12,Terra,0.0368,0.1472,0.0475,1.2880434782608696,0.6032977691561592,4.04156479217604
2022-07-14,Terra,0.0193,0.075,0.0286,1.4689265536723164,0.6181229773462783,4.23728813559322
2022-07-15,Terra,0.020800000000000003,0.07390000000000001,0.030600000000000002,1.471153846153846,0.5809628008752735,3.7728459530026113
2022-07-16,Terra,0.0216,0.0526,0.0315,1.4583333333333333,0.41778975741239893,2.435185185185185
2022-07-17,Terra,0.0327,0.1197,0.041100000000000005,1.2568807339449544,0.5708661417322834,3.6605504587155964
2022-07-18,Terra,0.015300000000000001,0.0378,0.024900000000000002,1.583941605839416,0.4679611650485436,2.759124087591241
2022-07-19,Terra,0.0346,0.1497,0.043300000000000005,1.2514450867052025,0.6244131455399062,4.325
2022-07-20,Terra,0.0378,0.0906,0.0465,1.2301587301587302,0.5087427144046628,3.071186440677966
2022-07-21,Terra,0.0195,0.07440000000000001,0.029,1.4871794871794872,0.584664536741214,3.8153846153846156
2022-07-22,Terra,0.0211,0.0468,0.0297,1.4075829383886256,0.3895071542130365,2.2760416666666665
2022-07-23,Terra,0.024200000000000003,0.101,0.027,1.3012048192771082,0.5905511811023623,3.8846153846153846
2022-07-24,Terra,0.0334,0.12430000000000001,0.040400000000000005,1.237142857142857,0.5764109067850349,3.721556886227545
2022-07-25,Terra,0.0172,0.0703,0.024,1.3953488372093024,0.6068571428571429,4.087209302325581
2022-07-26,Terra,0.038900000000000004,0.1628,0.0494,1.2699228791773778,0.5851996105160662,3.8215962441314555
2022-07-27,Terra,0.051500000000000004,0.1092,0.0577,1.120388349514563,0.35905413814561293,2.1203883495145632
2022-07-29,Terra,0.038400000000000004,0.1403,0.0456,1.1875,0.5460992907801419,3.4062500000000004
2022-07-30,Terra,0.0132,0.0678,0.0187,1.4166666666666667,0.674074074074074,5.136363636363637
2022-08-01,Terra,0.03345,0.11510000000000001,0.041100000000000005,1.2626865671641792,0.5389649721897529,3.3383633801914887
2022-08-02,Terra,0.0436,0.1532,0.053500000000000006,1.2454128440366974,0.544439048081593,3.390191897654584
2022-08-03,Terra,0.0385,0.10490000000000001,0.0444,1.1485148514851484,0.44390915347556775,2.5965346534653464
2022-08-04,Terra,0.054,0.1837,0.056900000000000006,1.0537037037037038,0.5456457719814893,3.401851851851852
2022-08-05,Terra,0.0543,0.1794,0.0533,0.9815837937384898,0.5353016688061617,3.3038674033149174
2022-08-06,Terra,0.014100000000000001,0.0799,0.0188,1.3333333333333333,0.7,5.666666666666666
2022-08-07,Terra,0.0354,0.1144,0.0448,1.2655367231638417,0.5247524752475248,3.2083333333333335
2022-08-11,Terra,0.045200000000000004,0.1519,0.0529,1.1761133603238867,0.541349568746829,3.3606194690265485
2022-08-12,Terra,0.046700000000000005,0.083,0.053200000000000004,1.139186295503212,0.2798766383962991,1.7773019271948607
2022-08-13,Terra,0.0354,0.1738,0.0434,1.2259887005649717,0.6615678776290632,4.909604519774011
2022-08-14,Terra,0.0207,0.049300000000000004,0.0268,1.2946859903381642,0.46726190476190477,2.7541899441340787
2022-08-15,Terra,0.0205,0.0834,0.0267,1.302439024390244,0.6053897978825793,4.068292682926829
2022-08-16,Terra,0.0279,0.1081,0.0349,1.2939068100358422,0.570079883805374,3.6520270270270268
2022-08-19,Terra,0.035500000000000004,0.09920000000000001,0.042300000000000004,1.1572700296735905,0.47509293680297404,2.810198300283286
2022-08-20,Terra,0.029,0.124,0.0354,1.2206896551724138,0.6209150326797386,4.275862068965517
2022-08-21,Terra,0.015300000000000001,0.0553,0.0198,1.2941176470588236,0.56657223796034,3.6143790849673203
2022-08-23,Terra,0.020900000000000002,0.07780000000000001,0.028900000000000002,1.3614457831325302,0.5764944275582573,3.722488038277512
2022-08-24,Terra,0.024300000000000002,0.1072,0.028900000000000002,1.1893004115226338,0.6062874251497007,4.079847908745247
2022-08-25,Terra,0.0316,0.0964,0.0391,1.2373417721518987,0.50625,3.050632911392405
2022-08-26,Terra,0.0223,0.060700000000000004,0.029,1.3004484304932735,0.46265060240963857,2.7219730941704037
2022-08-28,Terra,0.0302,0.0743,0.0359,1.1715328467153285,0.4568627450980392,2.6823104693140793
2022-08-29,Terra,0.0685,0.2144,0.0727,1.0613138686131387,0.546897546897547,3.414012738853503
2022-08-30,Terra,0.024200000000000003,0.07300000000000001,0.032600000000000004,1.3471074380165289,0.5020576131687243,3.0165289256198347
2022-08-31,Terra,0.0241,0.084,0.0318,1.3195020746887967,0.5541165587419057,3.4854771784232366
2022-09-01,Terra,0.0218,0.06380000000000001,0.0285,1.3073394495412844,0.4906542056074767,2.9266055045871564
2022-09-04,Terra,0.014700000000000001,0.036500000000000005,0.0222,1.510204081632653,0.5625,3.5714285714285716
2022-09-05,Terra,0.033100000000000004,0.1501,0.038,1.132930513595166,0.6386462882096069,4.5347432024169185
2022-09-06,Terra,0.015600000000000001,0.039900000000000005,0.026000000000000002,1.6666666666666667,0.4380165289256199,2.558823529411765
2022-09-08,Terra,0.016900000000000002,0.053500000000000006,0.0238,1.408284023668639,0.5198863636363638,3.165680473372781
2022-09-09,Terra,0.0235,0.0689,0.031400000000000004,1.3361702127659576,0.4913419913419913,2.931914893617021
2022-09-19,Terra,0.0358,0.1203,0.0436,1.217877094972067,0.5380906460945034,3.329853862212943
2022-09-20,Terra,0.0198,0.0439,0.027,1.3636363636363635,0.402555910543131,2.3475935828877006
2022-09-23,Terra,0.0216,0.1012,0.0257,1.1898148148148149,0.6482084690553747,4.685185185185185
2022-09-24,Terra,0.020300000000000002,0.0729,0.025900000000000003,1.3054187192118227,0.553213909378293,3.4764150943396226
2022-09-25,Terra,0.018000000000000002,0.0693,0.0236,1.311111111111111,0.5823665893271461,3.7888888888888883
2022-09-26,Terra,0.0279,0.092,0.0373,1.3369175627240142,0.52797783933518,3.237089201877934
2022-09-27,Terra,0.0257,0.0857,0.0335,1.3151750972762648,0.5114503816793893,3.09375
2022-09-30,Terra,0.044700000000000004,0.1627,0.053700000000000005,1.2013422818791946,0.5689488910318226,3.639821029082774
2022-10-01,Terra,0.020800000000000003,0.061200000000000004,0.0269,1.2932692307692306,0.49268292682926834,2.942307692307692
2022-10-02,Terra,0.0229,0.1008,0.0246,1.074235807860262,0.629749393694422,4.401746724890829
2022-10-03,Terra,0.0337,0.101,0.0383,1.1364985163204748,0.4996288047512991,2.997032640949555
2022-10-04,Terra,0.0279,0.08600000000000001,0.0356,1.2696629213483146,0.5261756876663709,3.2209737827715355
2022-10-05,Terra,0.042100000000000005,0.12090000000000001,0.0504,1.197149643705463,0.48343558282208593,2.8717339667458432
2022-10-06,Terra,0.023200000000000002,0.0772,0.0302,1.3060344827586206,0.5363128491620112,3.3132530120481927
2022-10-08,Terra,0.0195,0.057,0.027700000000000002,1.4205128205128206,0.49019607843137264,2.9230769230769234
2022-10-09,Terra,0.0161,0.1018,0.019200000000000002,1.0551724137931036,0.6690647482014388,5.043478260869565
2022-10-27,Terra,0.0268,0.0517,0.034800000000000005,1.2698412698412698,0.3446033810143043,2.051587301587302
2022-10-29,Terra,0.0263,0.06770000000000001,0.0334,1.2091254752851712,0.3958762886597938,2.310580204778157
2022-11-14,Terra,0.0536,0.12150000000000001,0.0589,1.0988805970149254,0.3877784123358082,2.2667910447761197
2022-11-15,Terra,0.0368,0.07300000000000001,0.0422,1.1467391304347827,0.3296903460837888,1.9836956521739133
2022-11-16,Terra,0.054,0.2008,0.0499,0.924074074074074,0.576138147566719,3.718518518518519
2022-11-17,Terra,0.042300000000000004,0.058,0.051800000000000006,1.2245862884160756,0.15653040877367894,1.3711583924349882
2022-11-18,Terra,0.031100000000000003,0.10020000000000001,0.035500000000000004,1.1878612716763008,0.4866468842729972,2.895953757225434
2022-11-19,Terra,0.0424,0.10840000000000001,0.0495,1.1190965092402465,0.4333915066899361,2.529774127310062
2022-11-20,Terra,0.0219,0.031,0.0323,1.4748858447488586,0.1720226843100189,1.4155251141552512
2022-11-24,Terra,0.024900000000000002,0.0863,0.0335,1.1566265060240963,0.5084586466165414,3.0688336520076485
2022-11-26,Terra,0.0765,0.16040000000000001,0.083,1.084967320261438,0.3541578725200507,2.096732026143791
2022-12-21,Terra,0.0078000000000000005,0.0274,0.0122,1.564102564102564,0.5568181818181818,3.5128205128205128
2023-01-20,Terra,0.036000000000000004,0.0653,0.0443,1.2305555555555554,0.2892398815399802,1.8138888888888887
2023-01-23,Terra,0.0302,0.055200000000000006,0.0328,1.086092715231788,0.29274004683840754,1.827814569536424
2023-01-30,Terra,0.0402,0.0898,0.0441,1.0970149253731343,0.3033381712626996,1.8708333333333333
2023-02-11,Terra,0.0378,0.0688,0.0398,1.052910052910053,0.29080675422138835,1.82010582010582
2023-02-12,Terra,0.0211,0.0906,0.0206,0.976303317535545,0.6222023276633841,4.293838862559242
2023-03-21,Terra,0.035,0.0892,0.037700000000000004,1.0771428571428572,0.4363929146537842,2.5485714285714285
2023-04-27,Terra,0.0362,0.0945,0.034800000000000005,0.9613259668508288,0.4460596786534047,2.6104972375690605
2023-04-28,Terra,0.0358,0.0868,0.045000000000000005,1.256983240223464,0.4159869494290375,2.4245810055865924
2023-05-03,Terra,0.0613,0.1559,0.06810000000000001,1.1109298531810767,0.4355432780847146,2.5432300163132138
2023-05-10,Terra,0.039,0.09820000000000001,0.047900000000000005,1.2282051282051283,0.4314868804664723,2.5179487179487183
2023-05-11,Terra,0.0323,0.08825000000000001,0.0349,1.0860875164280737,0.46256990238559453,2.7318278130924503
2023-05-12,Terra,0.046200000000000005,0.1277,0.0548,1.186147186147186,0.4686601495112134,2.764069264069264
2023-05-13,Terra,0.0502,0.084,0.0516,1.1676300578034682,0.4117647058823529,2.4
2023-05-14,Terra,0.0201,0.0711,0.0264,1.3134328358208955,0.5592105263157894,3.5373134328358207
2023-05-15,Terra,0.0251,0.0784,0.0393,1.5657370517928286,0.514975845410628,3.1235059760956174
2023-05-16,Terra,0.020800000000000003,0.060700000000000004,0.030500000000000003,1.4519230769230769,0.49140049140049147,2.9323671497584543
2023-05-17,Terra,0.0466,0.1383,0.054,1.1587982832618025,0.4959437533802055,2.967811158798283
2023-05-18,Terra,0.0529,0.0896,0.0608,1.1493383742911152,0.25754385964912274,1.6937618147448015
2023-05-19,Terra,0.053000000000000005,0.1595,0.061200000000000004,1.1547169811320754,0.5011764705882352,3.0094339622641506
2023-05-20,Terra,0.0325,0.0878,0.043000000000000003,1.323076923076923,0.39631336405529954,2.312977099236641
2023-05-23,Terra,0.031400000000000004,0.0935,0.0396,1.2106824925816024,0.4177386594448206,2.4348837209302325
2023-05-24,Terra,0.048100000000000004,0.1618,0.056600000000000004,1.2037422037422036,0.5235404896421845,3.197628458498024
2023-05-25,Terra,0.0579,0.0775,0.0669,1.1554404145077721,0.13304093567251457,1.3069139966273187
2023-05-29,Terra,0.035300000000000005,0.11220000000000001,0.044500000000000005,1.2577903682719545,0.5254928619986404,3.214899713467049
2023-05-30,Terra,0.067,0.0898,0.0747,1.1149253731343283,0.14540816326530615,1.3402985074626865
2023-05-31,Terra,0.0492,0.1573,0.0577,1.1727642276422765,0.5234866828087168,3.197154471544715
2023-06-01,Terra,0.0339,0.09910000000000001,0.042300000000000004,1.2477876106194692,0.49022556390977445,2.92330383480826
2023-06-02,Terra,0.0244,0.09090000000000001,0.0308,1.2622950819672132,0.5767562879444926,3.725409836065574
2023-06-03,Terra,0.0268,0.1091,0.0379,1.361940298507463,0.5349593495934959,3.3006993006993004
2023-06-04,Terra,0.0378,0.07010000000000001,0.045200000000000004,1.174242424242424,0.29935125115848016,1.8544973544973546
2023-06-05,Terra,0.0371,0.1169,0.0476,1.2830188679245285,0.5181818181818183,3.150943396226415
2023-06-10,Terra,0.042100000000000005,0.14,0.0514,1.2209026128266032,0.5376166941241077,3.32541567695962
2023-06-11,Terra,0.0809,0.1043,0.0876,1.0828182941903584,0.12634989200863933,1.289245982694685
2023-06-12,Terra,0.040100000000000004,0.15710000000000002,0.052700000000000004,1.314214463840399,0.5933062880324544,3.917705735660848
2023-06-15,Terra,0.032600000000000004,0.11950000000000001,0.0468,1.4355828220858895,0.5251097025841054,3.211498973305955
2023-06-16,Terra,0.048100000000000004,0.0762,0.0555,1.1538461538461537,0.22606596942880128,1.5841995841995842
2023-06-21,Terra,0.0213,0.0884,0.028200000000000003,1.3239436619718312,0.6116681859617138,4.150234741784038
2023-06-22,Terra,0.0356,0.1231,0.0455,1.2780898876404494,0.5513547574039067,3.457865168539326
2023-06-24,Terra,0.0476,0.1731,0.057600000000000005,1.2100840336134453,0.568645219755324,3.6365546218487395
2023-06-25,Terra,0.0241,0.09630000000000001,0.0357,1.3775933609958506,0.5321336760925449,3.2747252747252746
2023-06-26,Terra,0.0196,0.07250000000000001,0.0269,1.3724489795918369,0.5743756786102063,3.698979591836735
2023-06-28,Terra,0.0379,0.09630000000000001,0.044700000000000004,1.1794195250659631,0.43517138599105815,2.54089709762533
2023-06-29,Terra,0.0395,0.1563,0.049800000000000004,1.2607594936708861,0.5965270684371807,3.9569620253164555
2023-06-30,Terra,0.053000000000000005,0.0988,0.0591,1.1150943396226414,0.30171277997364954,1.8641509433962262
2023-07-01,Terra,0.0183,0.09000000000000001,0.0244,1.3333333333333335,0.662049861495845,4.918032786885246
2023-07-02,Terra,0.020900000000000002,0.0825,0.0325,1.555023923444976,0.5850767085076709,3.8201680672268905
2023-07-03,Terra,0.0239,0.0838,0.0302,1.2635983263598327,0.5561745589600742,3.506276150627615
2023-07-04,Terra,0.0494,0.16620000000000001,0.0604,1.2278225806451613,0.5417439703153989,3.3643724696356276
2023-07-05,Terra,0.032,0.1252,0.039400000000000004,1.2312500000000002,0.5928753180661578,3.9125
2023-07-06,Terra,0.0522,0.1869,0.063,1.206896551724138,0.5769010863350486,3.7270270270270265
2023-07-07,Terra,0.030600000000000002,0.0747,0.0415,1.3478260869565217,0.42829827915869984,2.4983277591973243
2023-07-08,Terra,0.0228,0.0966,0.0284,1.3349056603773586,0.6400679117147708,4.556603773584906
2023-07-09,Terra,0.0284,0.10250000000000001,0.0409,1.4190140845070423,0.5687022900763359,3.6371681415929205
2023-07-10,Terra,0.0504,0.0746,0.057600000000000005,1.142857142857143,0.1936,1.4801587301587302
2023-07-11,Terra,0.040100000000000004,0.1526,0.049,1.221945137157107,0.5838090295796575,3.8054862842892767
2023-07-12,Terra,0.052500000000000005,0.0792,0.0601,1.1447619047619046,0.20182094081942342,1.505703422053232
2023-07-13,Terra,0.0161,0.096,0.0222,1.37888198757764,0.7127564674397858,5.962732919254659
2023-07-14,Terra,0.0175,0.0585,0.026600000000000002,1.52,0.5394736842105262,3.3428571428571425
2023-07-15,Terra,0.0219,0.0565,0.027100000000000003,1.2374429223744294,0.44132653061224497,2.579908675799087
2023-07-16,Terra,0.034300000000000004,0.1305,0.0448,1.3061224489795917,0.5946137491141035,3.9335664335664338
2023-07-17,Terra,0.06430000000000001,0.139,0.0707,1.0995334370139966,0.36743728480078697,2.161741835147745
2023-07-18,Terra,0.0446,0.1943,0.0502,1.1255605381165918,0.6266220175805777,4.356502242152466
2023-07-19,Terra,0.026000000000000002,0.0636,0.0341,1.3115384615384613,0.4196428571428571,2.446153846153846
2023-07-20,Terra,0.0263,0.11030000000000001,0.029900000000000003,1.2042553191489362,0.5994659546061415,3.993333333333333
2023-07-21,Terra,0.024800000000000003,0.0816,0.0357,1.439516129032258,0.5338345864661654,3.290322580645161
2023-07-22,Terra,0.0482,0.08660000000000001,0.0536,1.112033195020747,0.28486646884273004,1.7966804979253115
2023-07-23,Terra,0.0398,0.1345,0.0507,1.2738693467336684,0.5433161216293746,3.379396984924623
2023-07-26,Terra,0.0247,0.0762,0.0342,1.3846153846153846,0.5104063429137761,3.08502024291498
2023-07-28,Terra,0.037000000000000005,0.1257,0.0478,1.2918918918918918,0.5451751690227412,3.397297297297297
2023-07-29,Terra,0.061200000000000004,0.0883,0.0674,1.1013071895424835,0.1773333333333333,1.4311183144246353
2023-07-30,Terra,0.0509,0.18760000000000002,0.0592,1.163064833005894,0.5861751152073733,3.8329621380846324
2023-07-31,Terra,0.0333,0.1168,0.0443,1.3303303303303302,0.5344995140913509,3.2964509394572024
2023-08-01,Terra,0.019700000000000002,0.0752,0.0269,1.299492385786802,0.5848261327713382,3.817258883248731
2023-08-02,Terra,0.0396,0.12150000000000001,0.048400000000000006,1.2727272727272727,0.5027829313543599,3.022388059701493
2023-08-03,Terra,0.0376,0.0814,0.0434,1.1586901763224182,0.38200339558573854,2.2362637362637363
2023-08-07,Terra,0.030100000000000002,0.0915,0.039,1.2956810631229234,0.5049342105263157,3.0398671096345513
2023-08-08,Terra,0.0205,0.063,0.0291,1.396039603960396,0.5144230769230769,3.1188118811881185
2023-08-10,Terra,0.039400000000000004,0.12010000000000001,0.0437,1.1091370558375635,0.5059561128526645,3.048223350253807
2023-08-11,Terra,0.048400000000000006,0.23450000000000001,0.055400000000000005,1.1446280991735538,0.6496551724137931,4.708661417322834
2023-08-12,Terra,0.0146,0.06670000000000001,0.026000000000000002,1.7295081967213115,0.5180722891566264,3.15
2023-08-13,Terra,0.0181,0.07350000000000001,0.0251,1.3867403314917126,0.6048034934497816,4.060773480662983
2023-08-15,Terra,0.018000000000000002,0.0736,0.0257,1.4277777777777776,0.6069868995633187,4.088888888888889
2023-08-16,Terra,0.0438,0.1814,0.0504,1.1968503937007873,0.61101243339254,4.141552511415525
2023-08-18,Terra,0.0253,0.1086,0.027,1.2134387351778657,0.6318223866790009,4.4321608040201
2023-08-23,Terra,0.025500000000000002,0.10890000000000001,0.0257,1.007843137254902,0.6205357142857142,4.270588235294118
2023-08-26,Terra,0.0477,0.12990000000000002,0.053500000000000006,1.1949685534591195,0.45955056179775283,2.7006237006237006
2023-08-27,Terra,0.037700000000000004,0.1015,0.043500000000000004,1.1538461538461537,0.45833333333333326,2.692307692307692
2023-09-02,Terra,0.0482,0.15760000000000002,0.0533,1.1058091286307055,0.55196017423771,3.4638888888888886
2023-09-05,Terra,0.0229,0.0766,0.0296,1.292576419213974,0.537561853351327,3.3249027237354083
2023-09-06,Terra,0.018000000000000002,0.064,0.024800000000000003,1.3777777777777778,0.5609756097560975,3.5555555555555554
2023-09-07,Terra,0.042100000000000005,0.1125,0.0505,1.1995249406175772,0.4553686934023285,2.672209026128266
2023-09-08,Terra,0.015000000000000001,0.0528,0.0223,1.4866666666666666,0.5166425470332852,3.137724550898204
2023-09-09,Terra,0.0522,0.1749,0.0594,1.1379310344827587,0.5402906208718626,3.350574712643678
2023-09-12,Terra,0.025,0.0723,0.0313,1.252,0.48612538540596095,2.892
2023-09-13,Terra,0.0247,0.07830000000000001,0.0281,1.1376518218623481,0.5203883495145631,3.17004048582996
2023-09-14,Terra,0.0369,0.1203,0.0429,1.1626016260162602,0.5305343511450381,3.2601626016260163
2023-09-15,Terra,0.0206,0.064,0.0303,1.470873786407767,0.511070110701107,3.0905660377358486
2023-09-16,Terra,0.0269,0.1033,0.031400000000000004,1.16728624535316,0.58678955453149,3.8401486988847586
2023-09-19,Terra,0.038700000000000005,0.1414,0.0458,1.1834625322997414,0.5090715048025614,3.0739130434782607
2023-09-21,Terra,0.0575,0.1778,0.0634,1.102608695652174,0.5112622184445389,3.0921739130434784
2023-09-22,Terra,0.0286,0.096,0.034300000000000004,1.1993006993006994,0.5124223602484472,3.1019108280254772
2023-10-01,Terra,0.031,0.0906,0.0388,1.2516129032258065,0.4901315789473684,2.92258064516129
2023-10-04,Terra,0.0159,0.0596,0.0223,1.4025157232704402,0.47342398022249693,2.7981220657276995
2023-10-05,Terra,0.0179,0.0838,0.021,1.1731843575418996,0.647984267453294,4.681564245810056
2023-10-06,Terra,0.0205,0.060200000000000004,0.029300000000000003,1.429268292682927,0.48232323232323226,2.8634146341463413
2023-10-07,Terra,0.0257,0.0794,0.031,1.206225680933852,0.5496062992125984,3.4405594405594404
2023-10-08,Terra,0.0444,0.13470000000000001,0.051000000000000004,1.1486486486486487,0.5041876046901174,3.0337837837837838
2023-10-12,Terra,0.0149,0.068,0.0213,1.4429530201342282,0.6222023276633841,4.293838862559242
2023-10-17,Terra,0.013000000000000001,0.0779,0.016300000000000002,1.2538461538461538,0.6802168021680216,5.254237288135593
2023-10-18,Terra,0.0308,0.0993,0.036000000000000004,1.168831168831169,0.5265180630284397,3.224025974025974
2023-10-19,Terra,0.024900000000000002,0.08080000000000001,0.027200000000000002,1.0923694779116466,0.5288552507095553,3.2449799196787152
2023-10-28,Terra,0.0228,0.0568,0.0281,1.2061403508771928,0.4271356783919598,2.491228070175439
2023-10-29,Terra,0.015000000000000001,0.0855,0.0171,1.135678391959799,0.6555965559655597,4.807142857142857
2023-10-30,Terra,0.0275,0.0688,0.032,1.1636363636363636,0.42886812045690553,2.501818181818182
2023-10-31,Terra,0.024200000000000003,0.0772,0.0287,1.2107438016528926,0.5107632093933463,3.088
2023-11-15,Terra,0.0195,0.07350000000000001,0.0219,1.123076923076923,0.5806451612903226,3.7692307692307696
2023-11-16,Terra,0.1743,0.2495,0.1716,0.9846526655896608,0.18229854689564073,1.445880452342488
2023-11-17,Terra,0.016300000000000002,0.0781,0.022500000000000003,1.1538461538461537,0.5721200387221685,3.6742081447963804
2023-11-20,Terra,0.012,0.0906,0.0077,0.6416666666666667,0.7660818713450293,7.55
2023-11-21,Terra,0.0313,0.0736,0.0344,1.0990415335463257,0.40324118207816967,2.351437699680511
2023-11-24,Terra,0.028900000000000002,0.0857,0.0291,1.0761245674740485,0.4814323607427055,2.8567774936061383
2023-11-25,Terra,0.040400000000000005,0.1479,0.046400000000000004,1.1485148514851484,0.5708975039830058,3.6608910891089104
2023-11-26,Terra,0.037000000000000005,0.0868,0.0375,1.0135135135135134,0.4022617124394184,2.3459459459459455
2023-11-27,Terra,0.0194,0.09340000000000001,0.0179,0.922680412371134,0.6455223880597014,4.6421052631578945
2023-11-28,Terra,0.0461,0.1056,0.046400000000000004,1.0528735632183908,0.39222148978246535,2.2906724511930583
2023-12-12,Terra,0.0707,0.19920000000000002,0.0785,1.1103253182461104,0.47610226009633194,2.817538896746818
2023-12-20,Terra,0.4702,0.5399,0.4461,0.9487452148022119,0.06900306900306905,1.1482347937048065
2024-01-01,Terra,0.0952,0.17500000000000002,0.0921,0.9674369747899159,0.288756070227867,1.8119747899159664
2024-02-13,Terra,0.051000000000000004,0.12380000000000001,0.06430000000000001,1.197573656845754,0.38812237552489504,2.268627450980392
2024-02-23,Terra,0.061200000000000004,0.1163,0.0687,1.1470588235294117,0.3104225352112676,1.9003267973856208
2024-02-24,Terra,0.0344,0.0714,0.0465,1.3922155688622755,0.3625954198473283,2.137724550898204
2024-03-16,Terra,0.026600000000000002,0.0635,0.0352,1.3233082706766917,0.3823773898586866,2.238223418573351
2024-03-18,Terra,0.0409,0.10700000000000001,0.0461,1.1271393643031786,0.44692359702501705,2.616136919315404
2024-03-19,Terra,0.0217,0.0603,0.030100000000000002,1.2857142857142858,0.4707317073170731,2.7788018433179724
2024-03-30,Terra,0.048799999999999996,0.1372,0.0519,1.0680127164502164,0.4760356113923052,2.8196699134199132
2024-04-01,Terra,0.0536,0.18960000000000002,0.058800000000000005,1.0788990825688074,0.5592105263157895,3.537313432835821
2024-04-02,Terra,0.024300000000000002,0.06280000000000001,0.0317,1.3045267489711934,0.44202066590126293,2.5843621399176957
2024-04-10,Terra,0.0352,0.0816,0.038,1.0795454545454544,0.3972602739726027,2.3181818181818183
2024-04-17,Terra,0.017,0.040100000000000004,0.0216,1.2705882352941176,0.404553415061296,2.3588235294117648
2024-04-18,Terra,0.048100000000000004,0.165,0.0492,1.0228690228690227,0.5485687470671047,3.4303534303534304
2024-04-19,Terra,0.031100000000000003,0.1024,0.0344,1.1061093247588423,0.4366341713699333,2.5500910746812386
2024-04-21,Terra,0.048,0.1218,0.0505,1.0875000000000001,0.42456140350877186,2.475609756097561
2024-04-23,Terra,0.0526,0.1449,0.054400000000000004,1.0680529300567108,0.47779986746189523,2.82994923857868
2024-05-08,Terra,0.029300000000000003,0.1075,0.0378,1.2901023890784982,0.47375,2.8004750593824226
2024-05-09,Terra,0.041600000000000005,0.069,0.0463,1.1129807692307692,0.24773960216998192,1.658653846153846
2024-05-10,Terra,0.0456,0.1666,0.0514,1.1271929824561404,0.5418787598334104,3.3656565656565656
2024-05-11,Terra,0.0219,0.2122,0.033,1.5068493150684932,0.8129004698846647,9.689497716894978
2024-05-12,Terra,0.0227,0.0777,0.0264,1.232,0.5467625899280576,3.4126984126984126
2024-05-13,Terra,0.0323,0.09230000000000001,0.038900000000000004,1.263157894736842,0.4791666666666667,2.8400000000000003
2024-05-14,Terra,0.0263,0.0692,0.031900000000000005,1.2129277566539927,0.4492146596858638,2.6311787072243344
2024-05-15,Terra,0.0471,0.1484,0.051000000000000004,1.149312377210216,0.5181585677749361,3.1507430997876855
2024-05-16,Terra,0.0545,0.091,0.0606,1.111926605504587,0.2508591065292096,1.6697247706422018
2024-05-17,Terra,0.0553,0.1792,0.060700000000000004,1.0976491862567812,0.5283582089552239,3.240506329113924
2024-05-26,Terra,0.022000000000000002,0.0579,0.031400000000000004,1.3909090909090909,0.45112781954887227,2.643835616438356
2024-05-30,Terra,0.0201,0.0941,0.034300000000000004,1.5816326530612246,0.5490584737363727,3.435164835164835
2024-05-31,Terra,0.0318,0.0864,0.0405,1.2484848484848485,0.4472361809045226,2.618181818181818
2024-06-05,Terra,0.018600000000000002,0.055600000000000004,0.0285,1.532258064516129,0.4986522911051213,2.989247311827957
2024-06-06,Terra,0.0328,0.1313,0.0448,1.3623693379790942,0.5510204081632653,3.4545454545454546
2024-06-07,Terra,0.096,0.1471,0.09910000000000001,1.0322916666666668,0.21020156314273963,1.5322916666666668
2024-06-09,Terra,0.0227,0.09910000000000001,0.034800000000000005,1.5071090047393365,0.5685483870967742,3.635514018691589
2024-06-10,Terra,0.0199,0.0791,0.028200000000000003,1.4170854271356785,0.597979797979798,3.9748743718592965
2024-06-11,Terra,0.0383,0.14930000000000002,0.053700000000000005,1.402088772845953,0.5428854734754586,3.3752711496746204
2024-06-12,Terra,0.0613,0.1549,0.0669,1.0913539967373573,0.4329324699352452,2.5269168026101143
2024-06-13,Terra,0.0396,0.15610000000000002,0.0504,1.2727272727272727,0.5962902345881069,3.954054054054054
2024-06-18,Terra,0.0342,0.1298,0.047900000000000005,1.4005847953216375,0.599737532808399,3.99672131147541
2024-06-20,Terra,0.025,0.10590000000000001,0.031,1.24,0.6180290297937356,4.236
2024-06-21,Terra,0.0217,0.0626,0.0341,1.5714285714285714,0.48517200474495853,2.8847926267281108
2024-06-22,Terra,0.029,0.09040000000000001,0.039,1.389655172413793,0.5054121565362198,3.043771043771044
2024-06-23,Terra,0.0563,0.2122,0.06670000000000001,1.1847246891651866,0.5806331471135939,3.7690941385435166
2024-06-24,Terra,0.1034,0.1327,0.11230000000000001,1.0928433268858802,0.20672525792892626,1.5211946050096339
2024-06-25,Terra,0.049100000000000005,0.26280000000000003,0.0629,1.2915766738660908,0.6851554985572298,5.352342158859471
2024-06-28,Terra,0.0315,0.1048,0.0488,1.5492063492063493,0.5377842993396919,3.326984126984127
2024-07-02,Terra,0.020900000000000002,0.0823,0.0337,1.6124401913875597,0.5949612403100775,3.9377990430622005
2024-07-03,Terra,0.0315,0.1154,0.046200000000000005,1.567484662576687,0.5711368277739959,3.6634920634920634
2024-07-05,Terra,0.037200000000000004,0.15760000000000002,0.0521,1.400537634408602,0.6180698151950718,4.236559139784946
2024-07-06,Terra,0.027600000000000003,0.13090000000000002,0.0335,1.334355828220859,0.6263610315186247,4.352760736196318
2024-07-07,Terra,0.0181,0.085,0.029500000000000002,1.6298342541436464,0.6488845780795344,4.696132596685083
2024-07-08,Terra,0.0269,0.1018,0.0393,1.4609665427509295,0.5819735819735818,3.7843866171003717
2024-07-09,Terra,0.0211,0.08700000000000001,0.031100000000000003,1.4739336492890995,0.6096207215541167,4.1232227488151665
2024-07-10,Terra,0.045000000000000005,0.17420000000000002,0.0613,1.3536036036036037,0.553968253968254,3.4839857651245554
2024-07-11,Terra,0.0821,0.1383,0.0916,1.1157125456760049,0.25499092558983666,1.684531059683313
2024-07-12,Terra,0.0514,0.1923,0.0649,1.2626459143968871,0.578169881001231,3.7412451361867705
2024-07-13,Terra,0.0252,0.066,0.0408,1.619047619047619,0.4473684210526316,2.619047619047619
2024-07-14,Terra,0.023200000000000002,0.0747,0.0374,1.6120689655172413,0.526046986721144,3.2198275862068964
2024-07-15,Terra,0.0375,0.1193,0.055,1.4666666666666668,0.5216836734693878,3.1813333333333333
2024-07-16,Terra,0.0189,0.0637,0.035300000000000005,1.7354497354497356,0.5423728813559322,3.3703703703703707
2024-07-18,Terra,0.032,0.0863,0.051300000000000005,1.4519230769230769,0.4689361702127659,2.766025641025641
2024-07-19,Terra,0.0222,0.117,0.033600000000000005,1.5043478260869565,0.6810344827586207,5.27027027027027
2024-07-20,Terra,0.033600000000000005,0.09670000000000001,0.0543,1.6139240506329113,0.48426707597851104,2.8779761904761902
2024-07-22,Terra,0.0546,0.21150000000000002,0.0708,1.2967032967032968,0.5488831929696083,3.4334415584415585
2024-07-23,Terra,0.0524,0.0646,0.06860000000000001,1.3091603053435115,0.10427350427350429,1.2328244274809161
2024-07-25,Terra,0.0323,0.063,0.0526,1.6037151702786379,0.32214060860440713,1.9504643962848296
2024-07-27,Terra,0.0441,0.138,0.061200000000000004,1.3877551020408163,0.5156507413509062,3.1292517006802725
2024-07-31,Terra,0.021400000000000002,0.0722,0.033100000000000004,1.6355140186915889,0.552479815455594,3.4690721649484533
2024-08-01,Terra,0.040100000000000004,0.1505,0.059300000000000005,1.4663341645885286,0.5453005927180355,3.3985102420856608
2024-08-02,Terra,0.06620000000000001,0.10790000000000001,0.07930000000000001,1.1978851963746224,0.23951751866743248,1.6299093655589123
2024-08-04,Terra,0.0287,0.0671,0.0443,1.543554006968641,0.40083507306889354,2.337979094076655
2024-08-05,Terra,0.0286,0.07540000000000001,0.043500000000000004,1.520979020979021,0.45000000000000007,2.6363636363636367
2024-08-06,Terra,0.035500000000000004,0.10310000000000001,0.0531,1.4901408450704225,0.4877344877344878,2.904225352112676
2024-08-09,Terra,0.0432,0.0679,0.06280000000000001,1.437070938215103,0.2168458781362007,1.5537757437070938
2024-08-10,Terra,0.036500000000000005,0.1258,0.0454,1.2438356164383562,0.5502156500308071,3.446575342465753
2024-08-11,Terra,0.0828,0.1824,0.0921,1.1123188405797102,0.37556561085972856,2.2028985507246377
2024-08-16,Terra,0.0238,0.053700000000000005,0.045000000000000005,1.8907563025210086,0.3858064516129032,2.2563025210084033
2024-08-25,Terra,0.051300000000000005,0.2218,0.0623,1.2202729044834306,0.5968322534197265,3.9607142857142854
2024-08-26,Terra,0.02,0.08460000000000001,0.029900000000000003,1.495,0.5742633794347566,3.697740112994351
2024-08-28,Terra,0.022000000000000002,0.0737,0.0332,1.509090909090909,0.5402298850574712,3.3499999999999996
2024-08-29,Terra,0.024300000000000002,0.0674,0.029300000000000003,1.2366412213740456,0.44017094017094016,2.572519083969466
2024-08-30,Terra,0.0431,0.16190000000000002,0.0531,1.2320185614849188,0.5795121951219513,3.756380510440836
2024-08-31,Terra,0.018500000000000003,0.0609,0.0298,1.5999999999999999,0.44827586206896547,2.625
2024-09-03,Terra,0.0211,0.0623,0.0304,1.4407582938388626,0.4940047961630695,2.9526066350710902
2024-09-08,Terra,0.0286,0.1148,0.032600000000000004,1.13986013986014,0.601115760111576,4.013986013986014
2024-09-10,Terra,0.024900000000000002,0.06620000000000001,0.0328,1.3482142857142858,0.49435665914221216,2.9553571428571432
2024-09-16,Terra,0.0678,0.27790000000000004,0.07390000000000001,1.0899705014749264,0.6077523864622506,4.098820058997051
2024-09-18,Terra,0.0182,0.0791,0.026500000000000003,1.4560439560439562,0.6258992805755396,4.346153846153846
2024-09-20,Terra,0.0204,0.0553,0.028200000000000003,1.3823529411764706,0.48367029548989116,2.873493975903614
2024-09-21,Terra,0.0585,0.21350000000000002,0.065,1.1111111111111112,0.5698529411764707,3.64957264957265
2024-09-22,Terra,0.0172,0.060500000000000005,0.0234,1.3604651162790697,0.543921916592724,3.3852140077821016
2024-09-24,Terra,0.0175,0.0551,0.0275,1.4691358024691359,0.5179063360881543,3.1485714285714286
2024-09-27,Terra,0.018000000000000002,0.06720000000000001,0.0257,1.4166666666666665,0.5545787545787546,3.4901315789473686
2024-09-28,Terra,0.025500000000000002,0.09870000000000001,0.028200000000000003,1.0901960784313725,0.5937193326790973,3.9227053140096624
2024-09-29,Terra,0.0159,0.0459,0.023100000000000002,1.389937106918239,0.48543689320388345,2.8867924528301887
2024-09-30,Terra,0.025900000000000003,0.07350000000000001,0.0327,1.2625482625482625,0.4788732394366197,2.8378378378378377
2024-10-01,Terra,0.037700000000000004,0.1206,0.044000000000000004,1.16710875331565,0.523689197725837,3.19893899204244
2024-10-02,Terra,0.018000000000000002,0.041600000000000005,0.0274,1.4388888888888889,0.3959731543624161,2.3111111111111113
2024-10-03,Terra,0.0568,0.20700000000000002,0.062400000000000004,1.0985915492957747,0.5693707354056102,3.6443661971830985
2024-10-05,Terra,0.0199,0.07880000000000001,0.0263,1.3015075376884422,0.5942915392456677,3.92964824120603
2024-10-06,Terra,0.0291,0.08320000000000001,0.0397,1.3206896551724137,0.48306595365418903,2.8689655172413797
2024-10-07,Terra,0.0179,0.0429,0.0269,1.4413407821229052,0.4111842105263158,2.3966480446927374
2024-10-08,Terra,0.053700000000000005,0.1945,0.061200000000000004,1.1477272727272727,0.5635048231511253,3.58195211786372
2024-10-12,Terra,0.019100000000000002,0.08950000000000001,0.0198,1.1771653543307086,0.6482504604051564,4.68586387434555
2024-10-13,Terra,0.054200000000000005,0.1764,0.061200000000000004,1.1291512915129152,0.523447401774398,3.1968085106382977
2024-10-14,Terra,0.0204,0.0463,0.028900000000000002,1.4166666666666667,0.3883058470764617,2.269607843137255
2024-10-25,Terra,0.0497,0.16820000000000002,0.060500000000000005,1.2173038229376258,0.5438274437815512,3.3843058350100605
2024-11-07,Terra,0.0349,0.1378,0.0405,1.1604584527220632,0.5396648044692738,3.3446601941747574
2024-11-29,Terra,0.16920000000000002,0.23900000000000002,0.1607,0.9497635933806147,0.17099461048505635,1.4125295508274232
2024-12-01,Terra,0.043500000000000004,0.1633,0.046200000000000005,1.0620689655172415,0.5793036750483558,3.754022988505747
2024-12-02,Terra,0.0286,0.052700000000000004,0.0287,1.0034965034965035,0.2964329643296433,1.8426573426573427
2024-12-03,Terra,0.019200000000000002,0.0879,0.0238,1.2395833333333333,0.6414565826330533,4.578125
2024-12-04,Terra,0.0567,0.163,0.0575,1.0141093474426808,0.48384160218479744,2.874779541446208
2024-12-05,Terra,0.025500000000000002,0.0868,0.0251,0.984313725490196,0.536283185840708,3.312977099236641
2025-01-06,Terra,0.013800000000000002,0.051800000000000006,0.022000000000000002,1.5942028985507246,0.5792682926829269,3.753623188405797
2025-01-08,Terra,0.0444,0.1477,0.047400000000000005,1.0675675675675675,0.5377407600208225,3.3265765765765765
2025-01-09,Terra,0.0066,0.09680000000000001,0.0111,1.6818181818181819,0.872340425531915,14.666666666666668
2025-01-15,Terra,0.0383,0.1242,0.0424,1.1103286384976527,0.4892086330935252,2.915492957746479
2025-01-16,Terra,0.0649,0.12380000000000001,0.0699,1.0770416024653313,0.3121356650768416,1.9075500770416025
2025-01-17,Terra,0.034300000000000004,0.1227,0.039400000000000004,1.1486880466472302,0.5630573248407643,3.5772594752186584
2025-01-18,Terra,0.031,0.062,0.0349,1.2193548387096775,0.3333333333333333,2.0
2025-01-19,Terra,0.014400000000000001,0.0791,0.015000000000000001,1.119402985074627,0.6919786096256685,5.493055555555555
2025-01-20,Terra,0.0454,0.1409,0.042800000000000005,0.9942528735632183,0.46870229007633596,2.764367816091954
2025-01-22,Terra,0.0656,0.1762,0.0665,1.013719512195122,0.45740281224152185,2.685975609756097
2025-01-25,Terra,0.0315,0.0751,0.033800000000000004,1.1382978723404256,0.2763664357197844,1.7638297872340425
2025-01-26,Terra,0.0264,0.07930000000000001,0.030000000000000002,1.0025839793281652,0.5845410628019323,3.8139534883720927
2025-01-27,Terra,0.057100000000000005,0.1358,0.0587,1.0280210157618213,0.4493062966915688,2.6317829457364343
2025-01-28,Terra,0.038200000000000005,0.077,0.0396,1.0549738219895288,0.35232383808095946,2.087962962962963
2025-01-29,Terra,0.084,0.2626,0.07680000000000001,0.9142857142857144,0.5152914021927293,3.126190476190476
2025-02-26,Terra,0.0373,0.0733,0.0492,1.2393442622950819,0.41233140655105976,2.40327868852459
2025-02-27,Terra,0.0322,0.0668,0.0415,1.2888198757763976,0.34949494949494947,2.0745341614906834
2025-02-28,Terra,0.0524,0.1326,0.0618,1.1793893129770991,0.43351351351351347,2.5305343511450378
2025-03-01,Terra,0.0369,0.0603,0.052700000000000004,1.3301435406698565,0.18119490695396667,1.4425837320574162
2025-03-05,Terra,0.0998,0.2548,0.0961,0.9629258517034068,0.43711223914269604,2.55310621242485
2025-03-06,Terra,0.029,0.032,0.0463,1.5727848101265822,0.049180327868852444,1.103448275862069
2025-04-04,Terra,0.0362,0.10350000000000001,0.049300000000000004,1.361878453038674,0.43516873889875674,2.540880503144654
2025-04-13,Terra,0.0241,0.0753,0.0303,1.2572614107883817,0.5150905432595574,3.1244813278008303
2025-04-14,Terra,0.025900000000000003,0.0694,0.041100000000000005,1.572,0.45645330535152145,2.6795366795366795
2025-04-16,Terra,0.0521,0.1577,0.0603,1.1573896353166986,0.4996260284218399,2.9970104633781767
2025-04-17,Terra,0.0318,0.0499,0.0439,1.3668478260869568,0.22154222766217868,1.569182389937107
2025-04-18,Terra,0.020300000000000002,0.0682,0.0292,1.4384236453201968,0.5412429378531074,3.359605911330049
2025-04-22,Terra,0.0322,0.0787,0.043300000000000005,1.201954397394137,0.38425925925925924,2.2481203007518795
2025-04-23,Terra,0.025500000000000002,0.07490000000000001,0.036000000000000004,1.411764705882353,0.49203187250996017,2.9372549019607845
2025-04-30,Terra,0.029400000000000003,0.0757,0.0339,1.212837837837838,0.4422057264050901,2.5855513307984794
2025-05-01,Terra,0.047400000000000005,0.125,0.0567,1.1962025316455696,0.45011600928074247,2.6371308016877633
2025-05-02,Terra,0.057,0.0863,0.0646,1.124633431085044,0.20446615491974876,1.5140350877192983
2025-05-04,Terra,0.022600000000000002,0.059000000000000004,0.0325,1.4380530973451326,0.446078431372549,2.6106194690265485
2025-05-05,Terra,0.028,0.0719,0.029400000000000003,1.2484472049689441,0.5283194057567315,3.24015748031496
2025-05-06,Terra,0.049600000000000005,0.159,0.058100000000000006,1.1713709677419355,0.49460043196544284,2.9572649572649574
2025-05-07,Terra,0.0268,0.0755,0.0356,1.3097014925373134,0.4760508308895405,2.8171641791044775
2025-05-08,Terra,0.0562,0.2225,0.06380000000000001,1.1352313167259789,0.5718827269516071,3.6716171617161715
2025-05-09,Terra,0.0366,0.1087,0.0441,1.2487179487179487,0.4962147281486579,2.969945355191257
2025-05-10,Terra,0.035500000000000004,0.0941,0.039900000000000005,1.173529411764706,0.44625407166123776,2.611764705882353
2025-05-21,Terra,0.0369,0.10990000000000001,0.044000000000000004,1.1924119241192412,0.49727520435967304,2.9783197831978323
2025-05-24,Terra,0.027100000000000003,0.08420000000000001,0.035300000000000005,1.3210332103321032,0.5130278526504942,3.107011070110701
2025-05-27,Terra,0.0165,0.04,0.0263,1.593939393939394,0.4705882352941176,2.7777777777777777
2025-05-28,Terra,0.0473,0.19460000000000002,0.0596,1.2352941176470589,0.5864465682015638,3.8361344537815127
2025-05-30,Terra,0.0159,0.0738,0.0228,1.4339622641509433,0.6454849498327759,4.6415094339622645
2025-05-31,Terra,0.0376,0.12300000000000001,0.046900000000000004,1.247340425531915,0.5422505307855626,3.3692022263450836
2025-06-01,Terra,0.06960000000000001,0.14170000000000002,0.0747,1.0732758620689653,0.3043478260869565,1.8749999999999998
2025-06-02,Terra,0.044000000000000004,0.1864,0.054200000000000005,1.2318181818181817,0.6180555555555555,4.236363636363636
2025-06-03,Terra,0.0463,0.1393,0.0538,1.161987041036717,0.5010775862068965,3.0086393088552916
2025-06-05,Terra,0.040400000000000005,0.12250000000000001,0.0494,1.2227722772277225,0.5039901780233271,3.032178217821782
2025-06-07,Terra,0.048,0.2036,0.060200000000000004,1.2541666666666667,0.5987436199450334,3.984344422700587
2025-06-08,Terra,0.020300000000000002,0.0539,0.027800000000000002,1.3694581280788176,0.4972222222222221,2.977900552486188
2025-06-09,Terra,0.0205,0.0806,0.027800000000000002,1.395121951219512,0.6432212028542303,4.605714285714286
2025-06-10,Terra,0.025400000000000002,0.0819,0.0378,1.4881889763779526,0.5265610438024231,3.2244094488188972
2025-06-11,Terra,0.08270000000000001,0.11330000000000001,0.08460000000000001,1.022974607013301,0.15612244897959185,1.370012091898428
2025-06-12,Terra,0.0645,0.1882,0.07740000000000001,1.2000000000000002,0.544295729764181,3.3888111888111885
2025-06-14,Terra,0.0263,0.0891,0.0341,1.2965779467680607,0.5441941074523396,3.387832699619772
2025-06-15,Terra,0.036000000000000004,0.1307,0.047900000000000005,1.3714285714285714,0.5680863827234554,3.6305555555555555
2025-06-17,Terra,0.045000000000000005,0.1711,0.0574,1.2755555555555553,0.5835261453031003,3.802222222222222
2025-06-23,Terra,0.029900000000000003,0.10070000000000001,0.038700000000000005,1.294314381270903,0.5421133231240428,3.367892976588629
2025-06-24,Terra,0.0239,0.09910000000000001,0.0308,1.288702928870293,0.6113821138211382,4.146443514644352
2025-06-25,Terra,0.0332,0.11030000000000001,0.045200000000000004,1.424929178470255,0.5372822299651567,3.3222891566265065
2025-06-28,Terra,0.0327,0.081,0.0436,1.3333333333333333,0.424802110817942,2.4770642201834865
2025-06-29,Terra,0.014100000000000001,0.10690000000000001,0.0229,1.6825396825396826,0.7311740890688259,6.4397590361445785
2025-06-30,Terra,0.0218,0.0945,0.0371,1.7018348623853212,0.5733091239219248,3.6872340425531918
2025-07-02,Terra,0.0409,0.159,0.054700000000000006,1.3374083129584353,0.5907953976988495,3.8875305623471883
2025-07-03,Terra,0.047900000000000005,0.0918,0.057800000000000004,1.2066805845511481,0.3142448103078024,1.9164926931106472
2025-07-05,Terra,0.0198,0.066,0.0322,1.626262626262626,0.5384615384615385,3.333333333333333
2025-07-06,Terra,0.0483,0.1052,0.057600000000000005,1.1925465838509317,0.3299620733249051,1.9849056603773583
2025-07-07,Terra,0.0363,0.14170000000000002,0.0505,1.391184573002755,0.5921348314606742,3.9035812672176315
2025-07-08,Terra,0.0597,0.1447,0.0699,1.170854271356784,0.4158512720156555,2.423785594639866
2025-07-09,Terra,0.015000000000000001,0.0906,0.022600000000000002,1.5066666666666666,0.7159090909090909,6.039999999999999
2025-07-10,Terra,0.0316,0.1338,0.046200000000000005,1.5031645569620251,0.553030303030303,3.4745762711864407
2025-07-11,Terra,0.041800000000000004,0.0976,0.0506,1.1766561514195584,0.38257016248153614,2.2392344497607652
2025-07-12,Terra,0.0424,0.16090000000000002,0.0539,1.2712264150943398,0.5828824397442205,3.794811320754717
2025-07-13,Terra,0.0541,0.1348,0.0625,1.155268022181146,0.42721016410799356,2.4916820702402958
2025-07-14,Terra,0.018600000000000002,0.0839,0.0273,1.467741935483871,0.6370731707317072,4.510752688172043
2025-07-15,Terra,0.0187,0.054200000000000005,0.032100000000000004,1.6881720430107527,0.4869684499314129,2.8983957219251337
2025-07-16,Terra,0.019200000000000002,0.0872,0.0269,1.5781249999999998,0.6640230713770728,4.952789699570816
2025-07-17,Terra,0.0522,0.20090000000000002,0.06470000000000001,1.272030651340996,0.5818897637795276,3.7834274952919023
2025-07-18,Terra,0.0269,0.1253,0.0328,1.2193308550185875,0.6465177398160314,4.657992565055761
2025-07-19,Terra,0.0201,0.09390000000000001,0.0263,1.378048780487805,0.6647206005004169,4.965174129353234
2025-07-22,Terra,0.043300000000000005,0.14780000000000001,0.055900000000000005,1.2909930715935334,0.5468341182626897,3.4133949191685913
2025-07-23,Terra,0.0546,0.1841,0.062400000000000004,1.1428571428571428,0.5425219941348973,3.371794871794872
2025-07-24,Terra,0.050800000000000005,0.2117,0.0658,1.295275590551181,0.6129523809523809,4.1673228346456686
2025-07-25,Terra,0.0196,0.0736,0.029500000000000002,1.5051020408163267,0.5793991416309012,3.7551020408163267
2025-07-27,Terra,0.0375,0.1374,0.0502,1.3386666666666667,0.5711835334476844,3.664
2025-07-28,Terra,0.069,0.11860000000000001,0.077,1.115942028985507,0.26439232409381663,1.718840579710145
2025-07-29,Terra,0.060500000000000005,0.24250000000000002,0.0748,1.2363636363636363,0.6080332409972299,4.102473498233215
2025-08-01,Terra,0.049100000000000005,0.16570000000000001,0.06420000000000001,1.3075356415478616,0.542830540037244,3.374745417515275
2025-08-02,Terra,0.0626,0.1048,0.0699,1.1166134185303513,0.230958230958231,1.6006389776357828
2025-08-04,Terra,0.024200000000000003,0.06420000000000001,0.0363,1.4999999999999998,0.4524886877828055,2.652892561983471
2025-08-08,Terra,0.0173,0.08,0.0264,1.5260115606936417,0.644398766700925,4.624277456647399
2025-08-09,Terra,0.031400000000000004,0.0917,0.0397,1.2643312101910826,0.4898456539398862,2.9203821656050954
2025-08-10,Terra,0.016,0.0722,0.0252,1.53125,0.63718820861678,4.5125
2025-08-11,Terra,0.0291,0.1037,0.0413,1.4192439862542956,0.5617469879518072,3.563573883161512
2025-08-12,Terra,0.030100000000000002,0.12050000000000001,0.0361,1.1993355481727574,0.600265604249668,4.003322259136213
2025-08-13,Terra,0.0563,0.2765,0.06760000000000001,1.2007104795737122,0.6616586538461537,4.911190053285968
