datetime,chlorophyll_ugL,sensor,method
2011-01-20,7.155422390760843,MODIS-Aqua,Green Red Ratio
2011-01-27,11.832648631322554,MODIS-Aqua,Green Red Ratio
2011-01-28,12.452618510416585,MODIS-Aqua,Green Red Ratio
2011-01-30,16.51507304880219,MODIS-Aqua,Green Red Ratio
2011-02-01,11.881438695488148,MODIS-Aqua,Green Red Ratio
2011-02-07,10.35811957127719,MODIS-Aqua,Green Red Ratio
2011-02-09,15.147023072747494,MODIS-Aqua,Green Red Ratio
2011-02-10,10.38914087660021,MODIS-Aqua,Green Red Ratio
2011-02-12,13.57136911468592,MODIS-Aqua,Green Red Ratio
2011-02-14,14.49906929025436,MODIS-Aqua,Green Red Ratio
2011-02-20,19.518746512381,MODIS-Aqua,Green Red Ratio
2011-03-02,11.847531617928391,MODIS-Aqua,Green Red Ratio
2011-03-07,12.98212757991193,MODIS-Aqua,Green Red Ratio
2011-03-22,15.497871262573106,MODIS-Aqua,Green Red Ratio
2011-03-31,15.237450966283506,MODIS-Aqua,Green Red Ratio
2011-04-02,12.770002654529593,MODIS-Aqua,Green Red Ratio
2011-04-03,10.398768076926984,MODIS-Aqua,Green Red Ratio
2011-04-05,15.142404993504304,MODIS-Aqua,Green Red Ratio
2011-04-11,16.326137066405,MODIS-Aqua,Green Red Ratio
2011-04-12,15.05699795018678,MODIS-Aqua,Green Red Ratio
2011-04-13,15.918286293261618,MODIS-Aqua,Green Red Ratio
2011-04-18,15.692070055195403,MODIS-Aqua,Green Red Ratio
2011-04-19,14.256544260715565,MODIS-Aqua,Green Red Ratio
2011-04-21,19.06421077521292,MODIS-Aqua,Green Red Ratio
2011-04-25,13.8219126980717,MODIS-Aqua,Green Red Ratio
2011-04-26,16.2092726968284,MODIS-Aqua,Green Red Ratio
2011-04-27,12.348635233932589,MODIS-Aqua,Green Red Ratio
2011-04-28,15.189023737341717,MODIS-Aqua,Green Red Ratio
2011-04-30,15.326465094390715,MODIS-Aqua,Green Red Ratio
2011-05-01,13.38848400816365,MODIS-Aqua,Green Red Ratio
2011-05-03,12.233852418761742,MODIS-Aqua,Green Red Ratio
2011-05-04,13.044768822739318,MODIS-Aqua,Green Red Ratio
2011-05-08,13.99431529401634,MODIS-Aqua,Green Red Ratio
2011-05-09,15.924655738622931,MODIS-Aqua,Green Red Ratio
2011-05-10,14.574439492180431,MODIS-Aqua,Green Red Ratio
2011-05-12,14.12478912399537,MODIS-Aqua,Green Red Ratio
2011-05-18,20.529414868129493,MODIS-Aqua,Green Red Ratio
2011-05-19,12.702054197611512,MODIS-Aqua,Green Red Ratio
2011-05-21,20.434986988677863,MODIS-Aqua,Green Red Ratio
2011-05-22,18.527447740435303,MODIS-Aqua,Green Red Ratio
2011-05-23,30.725133937831774,MODIS-Aqua,Green Red Ratio
2011-06-07,18.308964535416937,MODIS-Aqua,Green Red Ratio
2011-06-08,21.295768021110398,MODIS-Aqua,Green Red Ratio
2011-06-09,18.622211021038826,MODIS-Aqua,Green Red Ratio
2011-06-12,7.416396698711036,MODIS-Aqua,Green Red Ratio
2011-06-13,18.313194079840862,MODIS-Aqua,Green Red Ratio
2011-06-14,22.107724405173716,MODIS-Aqua,Green Red Ratio
2011-06-15,22.866677229590287,MODIS-Aqua,Green Red Ratio
2011-06-16,19.137183716285833,MODIS-Aqua,Green Red Ratio
2011-06-17,25.511461636334076,MODIS-Aqua,Green Red Ratio
2011-06-19,22.64658916882112,MODIS-Aqua,Green Red Ratio
2011-06-20,25.463135478109137,MODIS-Aqua,Green Red Ratio
2011-06-22,25.621749983211043,MODIS-Aqua,Green Red Ratio
2011-06-23,21.785114817061952,MODIS-Aqua,Green Red Ratio
2011-06-24,31.26130692644217,MODIS-Aqua,Green Red Ratio
2011-06-26,34.73369398027605,MODIS-Aqua,Green Red Ratio
2011-06-30,38.28877515000002,MODIS-Aqua,Green Red Ratio
2011-07-01,32.69567474024293,MODIS-Aqua,Green Red Ratio
2011-07-02,25.46313547810915,MODIS-Aqua,Green Red Ratio
2011-07-03,39.4266533902313,MODIS-Aqua,Green Red Ratio
2011-07-04,39.26992650305331,MODIS-Aqua,Green Red Ratio
2011-07-05,42.7975369690036,MODIS-Aqua,Green Red Ratio
2011-07-06,45.212058382450415,MODIS-Aqua,Green Red Ratio
2011-07-07,34.02018604118782,MODIS-Aqua,Green Red Ratio
2011-07-08,32.067018140484755,MODIS-Aqua,Green Red Ratio
2011-07-09,53.7667521768132,MODIS-Aqua,Green Red Ratio
2011-07-10,32.308158211961384,MODIS-Aqua,Green Red Ratio
2011-07-14,116.32734438031261,MODIS-Aqua,Green Red Ratio
2011-07-20,121.89029076055927,MODIS-Aqua,Green Red Ratio
2011-07-21,140.32067895374752,MODIS-Aqua,Green Red Ratio
2011-07-22,180.24886387994457,MODIS-Aqua,Green Red Ratio
2011-07-23,73.78706682450732,MODIS-Aqua,Green Red Ratio
2011-07-24,75.16738241420984,MODIS-Aqua,Green Red Ratio
2011-07-26,105.43630640803995,MODIS-Aqua,Green Red Ratio
2011-07-27,56.897114517873966,MODIS-Aqua,Green Red Ratio
2011-07-28,60.91330548563887,MODIS-Aqua,Green Red Ratio
2011-07-29,46.51837841333263,MODIS-Aqua,Green Red Ratio
2011-07-30,57.59788919401488,MODIS-Aqua,Green Red Ratio
2011-07-31,40.50373507654415,MODIS-Aqua,Green Red Ratio
2011-08-01,47.42362551429305,MODIS-Aqua,Green Red Ratio
2011-08-02,55.12908818885365,MODIS-Aqua,Green Red Ratio
2011-08-03,48.858925580878825,MODIS-Aqua,Green Red Ratio
2011-08-04,53.0933110369073,MODIS-Aqua,Green Red Ratio
2011-08-05,45.55219996236983,MODIS-Aqua,Green Red Ratio
2011-08-06,41.20181082832649,MODIS-Aqua,Green Red Ratio
2011-08-07,32.498431849931386,MODIS-Aqua,Green Red Ratio
2011-08-08,34.88591598635912,MODIS-Aqua,Green Red Ratio
2011-08-09,34.41812785468608,MODIS-Aqua,Green Red Ratio
2011-08-10,43.741191482842794,MODIS-Aqua,Green Red Ratio
2011-08-11,75.22877772424363,MODIS-Aqua,Green Red Ratio
2011-08-12,43.775880749722724,MODIS-Aqua,Green Red Ratio
2011-08-13,57.72220066399611,MODIS-Aqua,Green Red Ratio
2011-08-15,57.10862865178611,MODIS-Aqua,Green Red Ratio
2011-08-16,73.72889556369698,MODIS-Aqua,Green Red Ratio
2011-08-17,45.949343053973024,MODIS-Aqua,Green Red Ratio
2011-08-18,97.06330589188578,MODIS-Aqua,Green Red Ratio
2011-08-19,48.214866352281604,MODIS-Aqua,Green Red Ratio
2011-08-20,51.52457673081095,MODIS-Aqua,Green Red Ratio
2011-08-21,34.80969667798094,MODIS-Aqua,Green Red Ratio
2011-08-22,60.42745641868769,MODIS-Aqua,Green Red Ratio
2011-08-23,134.49706085405978,MODIS-Aqua,Green Red Ratio
2011-08-24,46.68571861669321,MODIS-Aqua,Green Red Ratio
2011-08-25,53.8844367529324,MODIS-Aqua,Green Red Ratio
2011-08-26,67.88855246246679,MODIS-Aqua,Green Red Ratio
2011-08-27,81.11526506643855,MODIS-Aqua,Green Red Ratio
2011-08-28,54.84763807271524,MODIS-Aqua,Green Red Ratio
2011-08-29,67.44662156460555,MODIS-Aqua,Green Red Ratio
2011-08-30,69.12034295411941,MODIS-Aqua,Green Red Ratio
2011-09-01,51.786384050913796,MODIS-Aqua,Green Red Ratio
2011-09-02,89.37372297037905,MODIS-Aqua,Green Red Ratio
2011-09-03,42.93503303969666,MODIS-Aqua,Green Red Ratio
2011-09-04,30.468942558399892,MODIS-Aqua,Green Red Ratio
2011-09-05,54.31741502136848,MODIS-Aqua,Green Red Ratio
2011-09-06,30.960255742269986,MODIS-Aqua,Green Red Ratio
2011-09-07,28.36692578462739,MODIS-Aqua,Green Red Ratio
2011-09-08,42.828277561140936,MODIS-Aqua,Green Red Ratio
2011-09-13,43.98078424001395,MODIS-Aqua,Green Red Ratio
2011-09-16,41.84332353031103,MODIS-Aqua,Green Red Ratio
2011-09-18,46.25358084722403,MODIS-Aqua,Green Red Ratio
2011-09-19,45.92414867529569,MODIS-Aqua,Green Red Ratio
2011-09-20,31.845290066112728,MODIS-Aqua,Green Red Ratio
2011-09-21,26.565504761959918,MODIS-Aqua,Green Red Ratio
2011-09-23,31.506705450541357,MODIS-Aqua,Green Red Ratio
2011-09-26,32.617462850825525,MODIS-Aqua,Green Red Ratio
2011-09-27,37.491108349180344,MODIS-Aqua,Green Red Ratio
2011-09-28,28.536160424807356,MODIS-Aqua,Green Red Ratio
2011-09-29,25.081809599883567,MODIS-Aqua,Green Red Ratio
2011-10-08,17.63663190990945,MODIS-Aqua,Green Red Ratio
2011-10-09,29.526967580388668,MODIS-Aqua,Green Red Ratio
2011-10-11,21.5151633486227,MODIS-Aqua,Green Red Ratio
2011-10-13,21.427768807260385,MODIS-Aqua,Green Red Ratio
2011-10-16,41.02617198476704,MODIS-Aqua,Green Red Ratio
2011-10-17,15.966607750546503,MODIS-Aqua,Green Red Ratio
2011-10-18,23.868632344533832,MODIS-Aqua,Green Red Ratio
2011-10-19,21.251705300588217,MODIS-Aqua,Green Red Ratio
2011-10-21,21.765162131340464,MODIS-Aqua,Green Red Ratio
2011-10-22,20.285485802042636,MODIS-Aqua,Green Red Ratio
2011-10-24,16.802140840075044,MODIS-Aqua,Green Red Ratio
2011-10-25,18.620076070828123,MODIS-Aqua,Green Red Ratio
2011-10-26,21.42242966832079,MODIS-Aqua,Green Red Ratio
2011-10-27,16.57718123261685,MODIS-Aqua,Green Red Ratio
2011-10-29,26.648633186195013,MODIS-Aqua,Green Red Ratio
2011-10-31,21.03778629502542,MODIS-Aqua,Green Red Ratio
2011-11-01,14.561361289612293,MODIS-Aqua,Green Red Ratio
2011-11-02,22.107724405173716,MODIS-Aqua,Green Red Ratio
2011-11-04,31.097364106246708,MODIS-Aqua,Green Red Ratio
2011-11-12,15.291614446335512,MODIS-Aqua,Green Red Ratio
2011-11-14,19.871859368395892,MODIS-Aqua,Green Red Ratio
2011-11-19,19.14991734607483,MODIS-Aqua,Green Red Ratio
2011-11-25,10.42606633917072,MODIS-Aqua,Green Red Ratio
2011-11-28,16.219932787702206,MODIS-Aqua,Green Red Ratio
2011-11-29,18.566731373423156,MODIS-Aqua,Green Red Ratio
2011-11-30,11.302886464277819,MODIS-Aqua,Green Red Ratio
2011-12-01,14.93556171798129,MODIS-Aqua,Green Red Ratio
2011-12-02,14.206526376772384,MODIS-Aqua,Green Red Ratio
2011-12-03,14.68194205003116,MODIS-Aqua,Green Red Ratio
2011-12-04,11.613821757041391,MODIS-Aqua,Green Red Ratio
2011-12-05,16.25866549273,MODIS-Aqua,Green Red Ratio
2011-12-06,15.110121276575821,MODIS-Aqua,Green Red Ratio
2011-12-07,15.889268140325164,MODIS-Aqua,Green Red Ratio
2011-12-08,16.46350748272855,MODIS-Aqua,Green Red Ratio
2011-12-09,15.680844013677937,MODIS-Aqua,Green Red Ratio
2011-12-12,13.175143278149898,MODIS-Aqua,Green Red Ratio
2012-01-02,16.073799603538053,MODIS-Aqua,Green Red Ratio
2012-01-03,17.8833937018963,MODIS-Aqua,Green Red Ratio
2012-01-06,29.828163410673763,MODIS-Aqua,Green Red Ratio
2012-01-08,20.97865876839472,MODIS-Aqua,Green Red Ratio
2012-01-12,21.992328161719307,MODIS-Aqua,Green Red Ratio
2012-01-13,28.474245584698732,MODIS-Aqua,Green Red Ratio
2012-01-14,28.22478508230188,MODIS-Aqua,Green Red Ratio
2012-01-16,26.17353334306156,MODIS-Aqua,Green Red Ratio
2012-02-02,24.229931198424314,MODIS-Aqua,Green Red Ratio
2012-02-03,18.649061246759494,MODIS-Aqua,Green Red Ratio
2012-02-05,27.068983868315026,MODIS-Aqua,Green Red Ratio
2012-02-06,29.70681646909258,MODIS-Aqua,Green Red Ratio
2012-02-11,18.907845346824256,MODIS-Aqua,Green Red Ratio
2012-02-15,17.617908237257776,MODIS-Aqua,Green Red Ratio
2012-02-18,24.770145983531616,MODIS-Aqua,Green Red Ratio
2012-02-19,21.041487293827725,MODIS-Aqua,Green Red Ratio
2012-02-23,18.93346088699939,MODIS-Aqua,Green Red Ratio
2012-02-24,18.806476576530418,MODIS-Aqua,Green Red Ratio
2012-03-01,13.886947077499249,MODIS-Aqua,Green Red Ratio
2012-03-03,12.871776379952234,MODIS-Aqua,Green Red Ratio
2012-03-04,14.082811675569348,MODIS-Aqua,Green Red Ratio
2012-03-07,12.364330435584137,MODIS-Aqua,Green Red Ratio
2012-03-08,14.32862312982721,MODIS-Aqua,Green Red Ratio
2012-03-09,15.002902154030465,MODIS-Aqua,Green Red Ratio
2012-03-17,15.291614446335512,MODIS-Aqua,Green Red Ratio
2012-03-18,13.16806366496932,MODIS-Aqua,Green Red Ratio
2012-03-23,13.305120310052644,MODIS-Aqua,Green Red Ratio
2012-03-28,10.187482017897722,MODIS-Aqua,Green Red Ratio
2012-04-02,11.488280388652536,MODIS-Aqua,Green Red Ratio
2012-04-20,14.315401849669042,MODIS-Aqua,Green Red Ratio
2012-04-21,13.119642638883505,MODIS-Aqua,Green Red Ratio
2012-04-24,13.174844464854955,MODIS-Aqua,Green Red Ratio
2012-04-28,14.77482871181192,MODIS-Aqua,Green Red Ratio
2012-04-29,11.92941568117522,MODIS-Aqua,Green Red Ratio
2012-05-01,13.249679135595153,MODIS-Aqua,Green Red Ratio
2012-05-06,12.716538470057827,MODIS-Aqua,Green Red Ratio
2012-05-07,12.922847409788195,MODIS-Aqua,Green Red Ratio
2012-05-08,13.863029357133154,MODIS-Aqua,Green Red Ratio
2012-05-09,14.686925798968348,MODIS-Aqua,Green Red Ratio
2012-05-10,13.203416567668672,MODIS-Aqua,Green Red Ratio
2012-05-11,13.519682058556599,MODIS-Aqua,Green Red Ratio
2012-05-12,13.491094623934453,MODIS-Aqua,Green Red Ratio
2012-05-13,14.738930383287677,MODIS-Aqua,Green Red Ratio
2012-05-14,15.989375576496538,MODIS-Aqua,Green Red Ratio
2012-05-15,16.874130994809995,MODIS-Aqua,Green Red Ratio
2012-05-16,19.30745609191984,MODIS-Aqua,Green Red Ratio
2012-05-17,17.326600444155545,MODIS-Aqua,Green Red Ratio
2012-05-18,18.25585287377179,MODIS-Aqua,Green Red Ratio
2012-05-22,16.189281189673864,MODIS-Aqua,Green Red Ratio
2012-05-23,21.28371225043647,MODIS-Aqua,Green Red Ratio
2012-05-26,16.33645790681268,MODIS-Aqua,Green Red Ratio
2012-05-30,20.642278660044614,MODIS-Aqua,Green Red Ratio
2012-05-31,16.60745074335731,MODIS-Aqua,Green Red Ratio
2012-06-01,20.259827692547628,MODIS-Aqua,Green Red Ratio
2012-06-02,12.973515986869321,MODIS-Aqua,Green Red Ratio
2012-06-05,22.264658221957422,MODIS-Aqua,Green Red Ratio
2012-06-06,20.372090981078596,MODIS-Aqua,Green Red Ratio
2012-06-08,16.280455457463184,MODIS-Aqua,Green Red Ratio
2012-06-09,16.86870443466053,MODIS-Aqua,Green Red Ratio
2012-06-10,21.364637912999587,MODIS-Aqua,Green Red Ratio
2012-06-11,15.76900494827537,MODIS-Aqua,Green Red Ratio
2012-06-13,11.926476328463002,MODIS-Aqua,Green Red Ratio
2012-06-14,18.02918712514953,MODIS-Aqua,Green Red Ratio
2012-06-17,15.463534353428102,MODIS-Aqua,Green Red Ratio
2012-06-18,9.760179769706903,MODIS-Aqua,Green Red Ratio
2012-06-19,22.553071856348023,MODIS-Aqua,Green Red Ratio
2012-06-20,17.73245480680686,MODIS-Aqua,Green Red Ratio
2012-06-21,78.31803568391405,MODIS-Aqua,Green Red Ratio
2012-06-26,33.58366213547507,MODIS-Aqua,Green Red Ratio
2012-06-27,24.76483668141153,MODIS-Aqua,Green Red Ratio
2012-07-02,43.58060088661481,MODIS-Aqua,Green Red Ratio
2012-07-03,58.47057247281353,MODIS-Aqua,Green Red Ratio
2012-07-04,48.372890808089714,MODIS-Aqua,Green Red Ratio
2012-07-05,54.3208802369988,MODIS-Aqua,Green Red Ratio
2012-07-06,34.20090950371014,MODIS-Aqua,Green Red Ratio
2012-07-07,86.39114854250631,MODIS-Aqua,Green Red Ratio
2012-07-08,99.20225654501647,MODIS-Aqua,Green Red Ratio
2012-07-09,66.41378465744754,MODIS-Aqua,Green Red Ratio
2012-07-11,71.29285020343355,MODIS-Aqua,Green Red Ratio
2012-07-12,82.35177574005917,MODIS-Aqua,Green Red Ratio
2012-07-13,43.56635820952942,MODIS-Aqua,Green Red Ratio
2012-07-14,165.31420822437713,MODIS-Aqua,Green Red Ratio
2012-07-15,57.733606115729465,MODIS-Aqua,Green Red Ratio
2012-07-18,301.5083266543804,MODIS-Aqua,Green Red Ratio
2012-07-20,193.3834013316561,MODIS-Aqua,Green Red Ratio
2012-07-21,164.48875761247447,MODIS-Aqua,Green Red Ratio
2012-07-22,22.980219198525948,MODIS-Aqua,Green Red Ratio
2012-07-23,127.02316102980164,MODIS-Aqua,Green Red Ratio
2012-07-24,62.30315930810951,MODIS-Aqua,Green Red Ratio
2012-07-25,60.141443344302886,MODIS-Aqua,Green Red Ratio
2012-07-27,63.711598051554304,MODIS-Aqua,Green Red Ratio
2012-07-28,48.463858586106575,MODIS-Aqua,Green Red Ratio
2012-07-29,58.94199144642926,MODIS-Aqua,Green Red Ratio
2012-07-30,64.06656095643613,MODIS-Aqua,Green Red Ratio
2012-07-31,61.156212644396874,MODIS-Aqua,Green Red Ratio
2012-08-01,68.2137494346048,MODIS-Aqua,Green Red Ratio
2012-08-02,55.359859515363375,MODIS-Aqua,Green Red Ratio
2012-08-03,68.52157490026974,MODIS-Aqua,Green Red Ratio
2012-08-04,57.653710270479294,MODIS-Aqua,Green Red Ratio
2012-08-05,54.46274911851997,MODIS-Aqua,Green Red Ratio
2012-08-06,46.65318443216478,MODIS-Aqua,Green Red Ratio
2012-08-07,42.43237211578995,MODIS-Aqua,Green Red Ratio
2012-08-08,59.554367129277374,MODIS-Aqua,Green Red Ratio
2012-08-10,66.80243731704627,MODIS-Aqua,Green Red Ratio
2012-08-12,32.825696126543505,MODIS-Aqua,Green Red Ratio
2012-08-13,61.20665802805668,MODIS-Aqua,Green Red Ratio
2012-08-18,58.72573120108449,MODIS-Aqua,Green Red Ratio
2012-08-19,32.283141795067834,MODIS-Aqua,Green Red Ratio
2012-08-21,32.14303932235879,MODIS-Aqua,Green Red Ratio
2012-08-23,43.6094872077605,MODIS-Aqua,Green Red Ratio
2012-08-24,66.85622277073855,MODIS-Aqua,Green Red Ratio
2012-08-26,30.232220609042756,MODIS-Aqua,Green Red Ratio
2012-08-28,45.43336813796529,MODIS-Aqua,Green Red Ratio
2012-08-29,40.289655422272226,MODIS-Aqua,Green Red Ratio
2012-08-30,33.129997951950024,MODIS-Aqua,Green Red Ratio
2012-08-31,39.02771198884869,MODIS-Aqua,Green Red Ratio
2012-09-01,27.606706804131882,MODIS-Aqua,Green Red Ratio
2012-09-02,31.063970142865333,MODIS-Aqua,Green Red Ratio
2012-09-03,47.73200583141877,MODIS-Aqua,Green Red Ratio
2012-09-04,26.43287795916336,MODIS-Aqua,Green Red Ratio
2012-09-05,52.17553723852964,MODIS-Aqua,Green Red Ratio
2012-09-06,31.95678430076745,MODIS-Aqua,Green Red Ratio
2012-09-07,67.4109988743891,MODIS-Aqua,Green Red Ratio
2012-09-08,43.05792242952424,MODIS-Aqua,Green Red Ratio
2012-09-09,42.482372244227264,MODIS-Aqua,Green Red Ratio
2012-09-10,49.088969045485904,MODIS-Aqua,Green Red Ratio
2012-09-11,33.49434920919495,MODIS-Aqua,Green Red Ratio
2012-09-12,37.96457636504538,MODIS-Aqua,Green Red Ratio
2012-09-13,32.67788792656788,MODIS-Aqua,Green Red Ratio
2012-09-15,31.363785538371207,MODIS-Aqua,Green Red Ratio
2012-09-16,34.28625640554424,MODIS-Aqua,Green Red Ratio
2012-09-17,25.683257938170485,MODIS-Aqua,Green Red Ratio
2012-09-18,22.70589952474409,MODIS-Aqua,Green Red Ratio
2012-09-19,49.432933021133984,MODIS-Aqua,Green Red Ratio
2012-09-20,31.25645729557002,MODIS-Aqua,Green Red Ratio
2012-09-21,34.35745226633996,MODIS-Aqua,Green Red Ratio
2012-09-22,28.583261967264157,MODIS-Aqua,Green Red Ratio
2012-09-23,41.16982065820993,MODIS-Aqua,Green Red Ratio
2012-09-24,36.00461413024289,MODIS-Aqua,Green Red Ratio
2012-09-25,109.17462506254428,MODIS-Aqua,Green Red Ratio
2012-09-26,34.02018604118782,MODIS-Aqua,Green Red Ratio
2012-09-30,45.02038962799553,MODIS-Aqua,Green Red Ratio
2012-10-01,24.68358086851645,MODIS-Aqua,Green Red Ratio
2012-10-02,36.190261996541246,MODIS-Aqua,Green Red Ratio
2012-10-03,16.269051440428022,MODIS-Aqua,Green Red Ratio
2012-10-04,24.393725936217475,MODIS-Aqua,Green Red Ratio
2012-10-06,17.070618765566532,MODIS-Aqua,Green Red Ratio
2012-10-07,26.796813433372343,MODIS-Aqua,Green Red Ratio
2012-10-08,22.8067515456008,MODIS-Aqua,Green Red Ratio
2012-10-09,23.122320116445582,MODIS-Aqua,Green Red Ratio
2012-10-10,24.220649254223826,MODIS-Aqua,Green Red Ratio
2012-10-11,27.508204715326556,MODIS-Aqua,Green Red Ratio
2012-10-13,25.346540016591316,MODIS-Aqua,Green Red Ratio
2012-10-16,14.887324148027156,MODIS-Aqua,Green Red Ratio
2012-10-17,15.21023915277745,MODIS-Aqua,Green Red Ratio
2012-10-20,13.1891592542269,MODIS-Aqua,Green Red Ratio
2012-10-25,16.063850184024982,MODIS-Aqua,Green Red Ratio
2012-10-29,17.508327807566403,MODIS-Aqua,Green Red Ratio
2012-11-04,12.632409854369078,MODIS-Aqua,Green Red Ratio
2012-11-06,9.333993794132804,MODIS-Aqua,Green Red Ratio
2012-11-07,12.774776977576167,MODIS-Aqua,Green Red Ratio
2012-11-10,11.459384833918698,MODIS-Aqua,Green Red Ratio
2012-11-25,8.160965481476431,MODIS-Aqua,Green Red Ratio
2012-12-05,12.324949380591402,MODIS-Aqua,Green Red Ratio
2012-12-08,6.59086696754308,MODIS-Aqua,Green Red Ratio
2012-12-09,6.8655193669066055,MODIS-Aqua,Green Red Ratio
2012-12-12,12.642356820591841,MODIS-Aqua,Green Red Ratio
2012-12-13,6.451076375911486,MODIS-Aqua,Green Red Ratio
2013-03-08,15.396707721197506,MODIS-Aqua,Green Red Ratio
2013-03-09,15.436480870332954,MODIS-Aqua,Green Red Ratio
2013-03-10,17.846323113930737,MODIS-Aqua,Green Red Ratio
2013-03-13,16.729807694197522,MODIS-Aqua,Green Red Ratio
2013-03-15,17.63663190990945,MODIS-Aqua,Green Red Ratio
2013-03-17,11.411494796192034,MODIS-Aqua,Green Red Ratio
2013-03-22,16.339263080592975,MODIS-Aqua,Green Red Ratio
2013-03-23,17.426883565748305,MODIS-Aqua,Green Red Ratio
2013-03-29,18.708411975478235,MODIS-Aqua,Green Red Ratio
2013-03-30,17.87369531375556,MODIS-Aqua,Green Red Ratio
2013-04-02,16.18347650472588,MODIS-Aqua,Green Red Ratio
2013-04-08,12.26914725320759,MODIS-Aqua,Green Red Ratio
2013-04-09,13.517972013476331,MODIS-Aqua,Green Red Ratio
2013-04-11,16.806160168193355,MODIS-Aqua,Green Red Ratio
2013-04-15,16.667115031980273,MODIS-Aqua,Green Red Ratio
2013-04-17,15.069195746190951,MODIS-Aqua,Green Red Ratio
2013-04-18,14.953164113459362,MODIS-Aqua,Green Red Ratio
2013-04-20,14.04850123911348,MODIS-Aqua,Green Red Ratio
2013-04-22,13.290850098558272,MODIS-Aqua,Green Red Ratio
2013-04-23,12.46353490457476,MODIS-Aqua,Green Red Ratio
2013-04-24,14.910229876568591,MODIS-Aqua,Green Red Ratio
2013-04-25,13.112753404318626,MODIS-Aqua,Green Red Ratio
2013-04-26,15.022771208716827,MODIS-Aqua,Green Red Ratio
2013-04-27,14.15132987146676,MODIS-Aqua,Green Red Ratio
2013-04-30,15.812890841098332,MODIS-Aqua,Green Red Ratio
2013-05-01,15.954042960466497,MODIS-Aqua,Green Red Ratio
2013-05-02,15.827411073288538,MODIS-Aqua,Green Red Ratio
2013-05-03,16.88383159075905,MODIS-Aqua,Green Red Ratio
2013-05-09,15.762654120385527,MODIS-Aqua,Green Red Ratio
2013-05-10,19.374243083349704,MODIS-Aqua,Green Red Ratio
2013-05-17,21.27493518295504,MODIS-Aqua,Green Red Ratio
2013-05-19,21.906229926677984,MODIS-Aqua,Green Red Ratio
2013-05-20,20.700780785432887,MODIS-Aqua,Green Red Ratio
2013-05-23,21.824402274886296,MODIS-Aqua,Green Red Ratio
2013-05-24,17.23321596332186,MODIS-Aqua,Green Red Ratio
2013-05-26,17.088352514329607,MODIS-Aqua,Green Red Ratio
2013-05-28,22.625583865924682,MODIS-Aqua,Green Red Ratio
2013-05-29,18.32880976230053,MODIS-Aqua,Green Red Ratio
2013-05-30,24.96032453528098,MODIS-Aqua,Green Red Ratio
2013-05-31,27.414653644588196,MODIS-Aqua,Green Red Ratio
2013-06-01,18.239278170489953,MODIS-Aqua,Green Red Ratio
2013-06-02,16.892464472272327,MODIS-Aqua,Green Red Ratio
2013-06-03,23.868632344533832,MODIS-Aqua,Green Red Ratio
2013-06-04,29.525843866309927,MODIS-Aqua,Green Red Ratio
2013-06-05,25.621749983211043,MODIS-Aqua,Green Red Ratio
2013-06-06,45.82649111978979,MODIS-Aqua,Green Red Ratio
2013-06-07,36.625386723648894,MODIS-Aqua,Green Red Ratio
2013-06-08,38.601581752353866,MODIS-Aqua,Green Red Ratio
2013-06-09,26.895510232966274,MODIS-Aqua,Green Red Ratio
2013-06-10,35.61514123334683,MODIS-Aqua,Green Red Ratio
2013-06-11,37.27984548640045,MODIS-Aqua,Green Red Ratio
2013-06-12,45.616610609539286,MODIS-Aqua,Green Red Ratio
2013-06-14,44.519597914769655,MODIS-Aqua,Green Red Ratio
2013-06-17,208.62537360438174,MODIS-Aqua,Green Red Ratio
2013-06-18,28.066354294249425,MODIS-Aqua,Green Red Ratio
2013-06-21,255.566348222454,MODIS-Aqua,Green Red Ratio
2013-06-22,120.40076241215465,MODIS-Aqua,Green Red Ratio
2013-06-27,419.6532553984188,MODIS-Aqua,Green Red Ratio
2013-06-28,375.76421111212125,MODIS-Aqua,Green Red Ratio
2013-06-29,79.58087091449018,MODIS-Aqua,Green Red Ratio
2013-06-30,87.35429774110878,MODIS-Aqua,Green Red Ratio
2013-07-02,35.18725609939728,MODIS-Aqua,Green Red Ratio
2013-07-03,40.03399015903588,MODIS-Aqua,Green Red Ratio
2013-07-04,100.33182210021847,MODIS-Aqua,Green Red Ratio
2013-07-05,299.7178592520854,MODIS-Aqua,Green Red Ratio
2013-07-06,54.48184692843607,MODIS-Aqua,Green Red Ratio
2013-07-08,102.57631200765454,MODIS-Aqua,Green Red Ratio
2013-07-09,35.70092332138868,MODIS-Aqua,Green Red Ratio
2013-07-10,170.38799401884103,MODIS-Aqua,Green Red Ratio
2013-07-11,104.88723893286448,MODIS-Aqua,Green Red Ratio
2013-07-12,149.69909281694157,MODIS-Aqua,Green Red Ratio
2013-07-13,98.39063417091964,MODIS-Aqua,Green Red Ratio
2013-07-14,101.02441731795567,MODIS-Aqua,Green Red Ratio
2013-07-17,217.8743889061036,MODIS-Aqua,Green Red Ratio
2013-07-18,28.655973465722745,MODIS-Aqua,Green Red Ratio
2013-07-19,148.0033964310714,MODIS-Aqua,Green Red Ratio
2013-07-20,110.62757626939349,MODIS-Aqua,Green Red Ratio
2013-07-21,48.72707908428042,MODIS-Aqua,Green Red Ratio
2013-07-22,69.98972422514625,MODIS-Aqua,Green Red Ratio
2013-07-23,58.63513867782361,MODIS-Aqua,Green Red Ratio
2013-07-25,153.0819035203497,MODIS-Aqua,Green Red Ratio
2013-07-26,44.73263704606077,MODIS-Aqua,Green Red Ratio
2013-07-27,56.58951996805853,MODIS-Aqua,Green Red Ratio
2013-07-28,77.92638473831103,MODIS-Aqua,Green Red Ratio
2013-07-29,78.56513306363776,MODIS-Aqua,Green Red Ratio
2013-08-01,33.655691366841744,MODIS-Aqua,Green Red Ratio
2013-08-03,28.327213470910884,MODIS-Aqua,Green Red Ratio
2013-08-04,81.28292354478083,MODIS-Aqua,Green Red Ratio
2013-08-06,37.73678609708138,MODIS-Aqua,Green Red Ratio
2013-08-11,33.47502629058541,MODIS-Aqua,Green Red Ratio
2013-08-12,29.298255490761647,MODIS-Aqua,Green Red Ratio
2013-08-13,22.48868562503091,MODIS-Aqua,Green Red Ratio
2013-08-14,50.48819931266399,MODIS-Aqua,Green Red Ratio
2013-08-15,22.44305961242551,MODIS-Aqua,Green Red Ratio
2013-08-18,24.808161126656216,MODIS-Aqua,Green Red Ratio
2013-08-19,19.83969696043309,MODIS-Aqua,Green Red Ratio
2013-08-20,20.605055079008473,MODIS-Aqua,Green Red Ratio
2013-08-23,18.581070669726238,MODIS-Aqua,Green Red Ratio
2013-08-24,17.932811951657968,MODIS-Aqua,Green Red Ratio
2013-08-26,24.938581609375742,MODIS-Aqua,Green Red Ratio
2013-08-27,24.58895464008017,MODIS-Aqua,Green Red Ratio
2013-08-28,21.569540886363995,MODIS-Aqua,Green Red Ratio
2013-08-30,28.080346062792707,MODIS-Aqua,Green Red Ratio
2013-08-31,22.555634818695257,MODIS-Aqua,Green Red Ratio
2013-09-01,27.22270247528862,MODIS-Aqua,Green Red Ratio
2013-09-02,26.836800607691078,MODIS-Aqua,Green Red Ratio
2013-09-03,25.537874927774254,MODIS-Aqua,Green Red Ratio
2013-09-04,23.97405134486186,MODIS-Aqua,Green Red Ratio
2013-09-06,25.165794559573147,MODIS-Aqua,Green Red Ratio
2013-09-07,20.5580211696037,MODIS-Aqua,Green Red Ratio
2013-09-08,25.931639709828342,MODIS-Aqua,Green Red Ratio
2013-09-09,20.864106437902326,MODIS-Aqua,Green Red Ratio
2013-09-10,27.628514706726563,MODIS-Aqua,Green Red Ratio
2013-09-11,22.385200179343276,MODIS-Aqua,Green Red Ratio
2013-09-12,24.48106629898759,MODIS-Aqua,Green Red Ratio
2013-09-13,22.566421032389176,MODIS-Aqua,Green Red Ratio
2013-09-14,22.364757048570006,MODIS-Aqua,Green Red Ratio
2013-09-15,16.33154111732809,MODIS-Aqua,Green Red Ratio
2013-09-18,26.362270160565686,MODIS-Aqua,Green Red Ratio
2013-09-19,23.09883171074907,MODIS-Aqua,Green Red Ratio
2013-09-20,23.68934742183787,MODIS-Aqua,Green Red Ratio
2013-09-25,22.88540097952816,MODIS-Aqua,Green Red Ratio
2013-09-27,22.813132164395743,MODIS-Aqua,Green Red Ratio
2013-09-30,11.841273916813003,MODIS-Aqua,Green Red Ratio
2013-10-02,18.1678515922895,MODIS-Aqua,Green Red Ratio
2013-10-03,19.345680415830287,MODIS-Aqua,Green Red Ratio
2013-10-04,18.0534541516189,MODIS-Aqua,Green Red Ratio
2013-10-05,21.208029549750197,MODIS-Aqua,Green Red Ratio
2013-10-06,20.89786682893979,MODIS-Aqua,Green Red Ratio
2013-10-07,18.99815881230248,MODIS-Aqua,Green Red Ratio
2013-10-09,15.940000043761021,MODIS-Aqua,Green Red Ratio
2013-10-11,19.419601221532446,MODIS-Aqua,Green Red Ratio
2013-10-13,14.421333083477016,MODIS-Aqua,Green Red Ratio
2013-10-14,15.15967940000988,MODIS-Aqua,Green Red Ratio
2013-10-15,16.51507304880219,MODIS-Aqua,Green Red Ratio
2013-10-16,13.328918690659368,MODIS-Aqua,Green Red Ratio
2013-10-17,13.641767018810672,MODIS-Aqua,Green Red Ratio
2013-10-18,13.496377577168891,MODIS-Aqua,Green Red Ratio
2013-10-19,13.034201605017266,MODIS-Aqua,Green Red Ratio
2013-10-20,14.02439274282467,MODIS-Aqua,Green Red Ratio
2013-10-21,14.252849016765927,MODIS-Aqua,Green Red Ratio
2013-10-22,12.960397547251011,MODIS-Aqua,Green Red Ratio
2013-10-23,13.748762427448174,MODIS-Aqua,Green Red Ratio
2013-10-24,12.613517962522725,MODIS-Aqua,Green Red Ratio
2013-10-25,12.172722285299788,MODIS-Aqua,Green Red Ratio
2013-10-26,11.968463435191582,MODIS-Aqua,Green Red Ratio
2013-10-27,6.791247417407629,MODIS-Aqua,Green Red Ratio
2013-10-29,10.372425570095867,MODIS-Aqua,Green Red Ratio
2013-10-30,10.198640113806906,MODIS-Aqua,Green Red Ratio
2013-10-31,11.494598877406665,MODIS-Aqua,Green Red Ratio
2013-11-01,10.788062341774573,MODIS-Aqua,Green Red Ratio
2013-11-09,8.688194998917789,MODIS-Aqua,Green Red Ratio
2013-11-11,12.09836070171808,MODIS-Aqua,Green Red Ratio
2013-11-13,12.10412876596185,MODIS-Aqua,Green Red Ratio
2013-11-17,8.518120539948795,MODIS-Aqua,Green Red Ratio
2013-11-21,8.153542270078361,MODIS-Aqua,Green Red Ratio
2013-11-22,8.418745577115732,MODIS-Aqua,Green Red Ratio
2013-11-23,7.204217986896214,MODIS-Aqua,Green Red Ratio
2013-11-24,6.8032849620420235,MODIS-Aqua,Green Red Ratio
2013-11-25,7.114098560888666,MODIS-Aqua,Green Red Ratio
2013-11-28,11.144611028500078,MODIS-Aqua,Green Red Ratio
2013-12-04,5.9486272373627145,MODIS-Aqua,Green Red Ratio
2014-02-16,19.840341410023854,MODIS-Aqua,Green Red Ratio
2014-02-19,21.556626846218094,MODIS-Aqua,Green Red Ratio
2014-02-22,22.65633200749744,MODIS-Aqua,Green Red Ratio
2014-02-25,27.656734031022907,MODIS-Aqua,Green Red Ratio
2014-03-07,19.2129913929173,MODIS-Aqua,Green Red Ratio
2014-03-10,17.22551690239106,MODIS-Aqua,Green Red Ratio
2014-03-11,18.648096751786355,MODIS-Aqua,Green Red Ratio
2014-03-12,22.93923028150955,MODIS-Aqua,Green Red Ratio
2014-03-13,21.512629753963875,MODIS-Aqua,Green Red Ratio
2014-03-14,21.588616501281784,MODIS-Aqua,Green Red Ratio
2014-03-15,21.368805510223105,MODIS-Aqua,Green Red Ratio
2014-03-17,15.1974204879162,MODIS-Aqua,Green Red Ratio
2014-03-18,20.308248418144526,MODIS-Aqua,Green Red Ratio
2014-03-19,19.483236983300326,MODIS-Aqua,Green Red Ratio
2014-03-20,19.302168130945006,MODIS-Aqua,Green Red Ratio
2014-03-21,17.287254887215937,MODIS-Aqua,Green Red Ratio
2014-03-22,17.83052604477908,MODIS-Aqua,Green Red Ratio
2014-03-23,19.06421077521292,MODIS-Aqua,Green Red Ratio
2014-04-02,19.04635044691469,MODIS-Aqua,Green Red Ratio
2014-04-06,22.598383414269545,MODIS-Aqua,Green Red Ratio
2014-04-07,16.247876061735155,MODIS-Aqua,Green Red Ratio
2014-04-10,16.267415867317457,MODIS-Aqua,Green Red Ratio
2014-04-11,16.728092507041932,MODIS-Aqua,Green Red Ratio
2014-04-12,16.591473088719937,MODIS-Aqua,Green Red Ratio
2014-04-13,20.81680815709204,MODIS-Aqua,Green Red Ratio
2014-04-15,14.545714245102767,MODIS-Aqua,Green Red Ratio
2014-04-16,17.689816075223188,MODIS-Aqua,Green Red Ratio
2014-04-18,18.071017711127585,MODIS-Aqua,Green Red Ratio
2014-04-19,16.88019091722616,MODIS-Aqua,Green Red Ratio
2014-04-20,19.291110383769684,MODIS-Aqua,Green Red Ratio
2014-04-28,17.849793879681066,MODIS-Aqua,Green Red Ratio
2014-04-29,20.368117967708123,MODIS-Aqua,Green Red Ratio
2014-04-30,17.326600444155545,MODIS-Aqua,Green Red Ratio
2014-05-03,17.53294231631554,MODIS-Aqua,Green Red Ratio
2014-05-05,18.780444666992384,MODIS-Aqua,Green Red Ratio
2014-05-06,14.141246989188092,MODIS-Aqua,Green Red Ratio
2014-05-07,14.205040325789792,MODIS-Aqua,Green Red Ratio
2014-05-10,19.51724424512631,MODIS-Aqua,Green Red Ratio
2014-05-11,17.054415593755692,MODIS-Aqua,Green Red Ratio
2014-05-13,17.89878330394882,MODIS-Aqua,Green Red Ratio
2014-05-14,17.476999105655384,MODIS-Aqua,Green Red Ratio
2014-05-16,15.964670091653058,MODIS-Aqua,Green Red Ratio
2014-05-17,38.11211689107354,MODIS-Aqua,Green Red Ratio
2014-05-19,21.565448115186964,MODIS-Aqua,Green Red Ratio
2014-05-20,17.700562984680626,MODIS-Aqua,Green Red Ratio
2014-05-21,19.06421077521292,MODIS-Aqua,Green Red Ratio
2014-05-24,19.48433101679541,MODIS-Aqua,Green Red Ratio
2014-05-26,22.124119217543463,MODIS-Aqua,Green Red Ratio
2014-05-27,14.417929633188738,MODIS-Aqua,Green Red Ratio
2014-05-29,22.09535036232001,MODIS-Aqua,Green Red Ratio
2014-05-30,20.80481712040222,MODIS-Aqua,Green Red Ratio
2014-05-31,23.086770146132714,MODIS-Aqua,Green Red Ratio
2014-06-01,23.733072263633428,MODIS-Aqua,Green Red Ratio
2014-06-02,22.41658464149145,MODIS-Aqua,Green Red Ratio
2014-06-03,14.124523947170553,MODIS-Aqua,Green Red Ratio
2014-06-04,34.219913868102836,MODIS-Aqua,Green Red Ratio
2014-06-05,24.615874124449007,MODIS-Aqua,Green Red Ratio
2014-06-06,27.67292915220897,MODIS-Aqua,Green Red Ratio
2014-06-07,31.378280275532664,MODIS-Aqua,Green Red Ratio
2014-06-08,34.35051187647366,MODIS-Aqua,Green Red Ratio
2014-06-09,33.67646842093439,MODIS-Aqua,Green Red Ratio
2014-06-10,51.14402023346845,MODIS-Aqua,Green Red Ratio
2014-06-11,51.82604292625078,MODIS-Aqua,Green Red Ratio
2014-06-12,17.766109203478234,MODIS-Aqua,Green Red Ratio
2014-06-13,63.639649690069746,MODIS-Aqua,Green Red Ratio
2014-06-15,35.36350837832046,MODIS-Aqua,Green Red Ratio
2014-06-16,50.08672994427311,MODIS-Aqua,Green Red Ratio
2014-06-17,50.44371953980288,MODIS-Aqua,Green Red Ratio
2014-06-18,124.44181378990505,MODIS-Aqua,Green Red Ratio
2014-06-19,24.388147844412984,MODIS-Aqua,Green Red Ratio
2014-06-20,72.8835938353367,MODIS-Aqua,Green Red Ratio
2014-06-22,93.75042051391799,MODIS-Aqua,Green Red Ratio
2014-06-23,33.20703089931439,MODIS-Aqua,Green Red Ratio
2014-06-28,305.4744245154758,MODIS-Aqua,Green Red Ratio
2014-06-29,172.5331151991054,MODIS-Aqua,Green Red Ratio
2014-06-30,65.98748135719597,MODIS-Aqua,Green Red Ratio
2014-07-01,50.018702496823096,MODIS-Aqua,Green Red Ratio
2014-07-02,58.60364172170483,MODIS-Aqua,Green Red Ratio
2014-07-05,150.06027991451447,MODIS-Aqua,Green Red Ratio
2014-07-06,59.48256327280649,MODIS-Aqua,Green Red Ratio
2014-07-07,53.86262389577309,MODIS-Aqua,Green Red Ratio
2014-07-10,98.76339403406783,MODIS-Aqua,Green Red Ratio
2014-07-12,93.56972295655328,MODIS-Aqua,Green Red Ratio
2014-07-15,37.71885610950275,MODIS-Aqua,Green Red Ratio
2014-07-17,33.7371830637678,MODIS-Aqua,Green Red Ratio
2014-07-18,96.63212005716473,MODIS-Aqua,Green Red Ratio
2014-07-19,52.556641165645786,MODIS-Aqua,Green Red Ratio
2014-07-20,50.07094539894711,MODIS-Aqua,Green Red Ratio
2014-07-24,87.78090798921413,MODIS-Aqua,Green Red Ratio
2014-07-25,94.60084877961962,MODIS-Aqua,Green Red Ratio
2014-07-26,52.81206966160024,MODIS-Aqua,Green Red Ratio
2014-08-03,38.340473544045935,MODIS-Aqua,Green Red Ratio
2014-08-04,24.44992680716269,MODIS-Aqua,Green Red Ratio
2014-08-07,36.680260409581145,MODIS-Aqua,Green Red Ratio
2014-08-08,52.06994929146689,MODIS-Aqua,Green Red Ratio
2014-08-09,54.31276135694531,MODIS-Aqua,Green Red Ratio
2014-08-10,211.44924200466136,MODIS-Aqua,Green Red Ratio
2014-08-11,78.94367859869305,MODIS-Aqua,Green Red Ratio
2014-08-14,27.655759112045203,MODIS-Aqua,Green Red Ratio
2014-08-15,20.273804717425808,MODIS-Aqua,Green Red Ratio
2014-08-16,28.66129649987297,MODIS-Aqua,Green Red Ratio
2014-08-17,54.12159060575926,MODIS-Aqua,Green Red Ratio
2014-08-18,26.806791396032217,MODIS-Aqua,Green Red Ratio
2014-08-19,19.621228856460853,MODIS-Aqua,Green Red Ratio
2014-08-20,30.604181478420912,MODIS-Aqua,Green Red Ratio
2014-08-21,31.24399719523937,MODIS-Aqua,Green Red Ratio
2014-08-22,20.710560229012103,MODIS-Aqua,Green Red Ratio
2014-08-23,30.52925198323658,MODIS-Aqua,Green Red Ratio
2014-08-24,24.409077270058294,MODIS-Aqua,Green Red Ratio
2014-08-25,26.12107175169749,MODIS-Aqua,Green Red Ratio
2014-08-26,34.132757061681865,MODIS-Aqua,Green Red Ratio
2014-08-27,38.220140816250705,MODIS-Aqua,Green Red Ratio
2014-08-29,2.3923886749518584,MODIS-Aqua,Green Red Ratio
2014-08-31,66.89623066335552,MODIS-Aqua,Green Red Ratio
2014-09-01,39.337789141999956,MODIS-Aqua,Green Red Ratio
2014-09-02,5.5658686451233335,MODIS-Aqua,Green Red Ratio
2014-09-03,31.4112095111449,MODIS-Aqua,Green Red Ratio
2014-09-04,33.29642992209998,MODIS-Aqua,Green Red Ratio
2014-09-05,27.405442629113903,MODIS-Aqua,Green Red Ratio
2014-09-06,23.535065697907957,MODIS-Aqua,Green Red Ratio
2014-09-07,28.107076993111296,MODIS-Aqua,Green Red Ratio
2014-09-08,27.086610389498016,MODIS-Aqua,Green Red Ratio
2014-09-09,32.924730100067585,MODIS-Aqua,Green Red Ratio
2014-09-10,36.33457794378743,MODIS-Aqua,Green Red Ratio
2014-09-11,25.146515704938363,MODIS-Aqua,Green Red Ratio
2014-09-14,25.94804047309306,MODIS-Aqua,Green Red Ratio
2014-09-15,19.253613882993168,MODIS-Aqua,Green Red Ratio
2014-09-16,29.47450042780057,MODIS-Aqua,Green Red Ratio
2014-09-17,17.21418995038572,MODIS-Aqua,Green Red Ratio
2014-09-19,30.613751306285607,MODIS-Aqua,Green Red Ratio
2014-09-20,33.4117797180668,MODIS-Aqua,Green Red Ratio
2014-09-21,32.68227309407539,MODIS-Aqua,Green Red Ratio
2014-09-26,46.41730558580961,MODIS-Aqua,Green Red Ratio
2014-09-29,46.2815775437616,MODIS-Aqua,Green Red Ratio
2014-09-30,42.28679763686766,MODIS-Aqua,Green Red Ratio
2014-10-01,59.16261677123946,MODIS-Aqua,Green Red Ratio
2014-10-02,37.99276602177259,MODIS-Aqua,Green Red Ratio
2014-10-03,37.73013333556988,MODIS-Aqua,Green Red Ratio
2014-10-04,40.67087055839637,MODIS-Aqua,Green Red Ratio
2014-10-05,56.11547820090319,MODIS-Aqua,Green Red Ratio
2014-10-06,57.0023013519999,MODIS-Aqua,Green Red Ratio
2014-10-07,41.76370179394905,MODIS-Aqua,Green Red Ratio
2014-10-08,34.795648606140354,MODIS-Aqua,Green Red Ratio
2014-10-09,31.260352095880993,MODIS-Aqua,Green Red Ratio
2014-10-12,22.652590367570458,MODIS-Aqua,Green Red Ratio
2014-10-13,14.083254611439239,MODIS-Aqua,Green Red Ratio
2014-10-16,14.763137923455746,MODIS-Aqua,Green Red Ratio
2014-10-18,21.96040891953005,MODIS-Aqua,Green Red Ratio
2014-10-24,20.0074159746508,MODIS-Aqua,Green Red Ratio
2014-10-25,7.5719117454493015,MODIS-Aqua,Green Red Ratio
2014-10-27,8.482239044625924,MODIS-Aqua,Green Red Ratio
2014-11-01,11.12052798272558,MODIS-Aqua,Green Red Ratio
2014-11-07,9.571664912047707,MODIS-Aqua,Green Red Ratio
2014-11-08,11.604322487403808,MODIS-Aqua,Green Red Ratio
2014-11-10,8.626922104215362,MODIS-Aqua,Green Red Ratio
2014-11-11,7.926058380061777,MODIS-Aqua,Green Red Ratio
2014-11-15,10.26744017892184,MODIS-Aqua,Green Red Ratio
2014-11-16,11.535453399031908,MODIS-Aqua,Green Red Ratio
2014-11-17,12.230317766149167,MODIS-Aqua,Green Red Ratio
2014-11-24,13.656809127393412,MODIS-Aqua,Green Red Ratio
2014-11-25,14.584010214388485,MODIS-Aqua,Green Red Ratio
2014-11-29,12.000173135337217,MODIS-Aqua,Green Red Ratio
2014-12-26,8.33764285730039,MODIS-Aqua,Green Red Ratio
2014-12-28,5.247492864903303,MODIS-Aqua,Green Red Ratio
2014-12-30,4.864955369274943,MODIS-Aqua,Green Red Ratio
2014-12-31,7.082371005856112,MODIS-Aqua,Green Red Ratio
2015-01-01,6.498814356799506,MODIS-Aqua,Green Red Ratio
2015-01-07,8.871802651386458,MODIS-Aqua,Green Red Ratio
2015-01-19,15.190135388318621,MODIS-Aqua,Green Red Ratio
2015-01-20,9.201949392103401,MODIS-Aqua,Green Red Ratio
2015-01-24,14.425104119707795,MODIS-Aqua,Green Red Ratio
2015-01-25,14.042793979147215,MODIS-Aqua,Green Red Ratio
2015-01-30,11.77280560516883,MODIS-Aqua,Green Red Ratio
2015-01-31,11.06376700483449,MODIS-Aqua,Green Red Ratio
2015-02-14,8.620273379600063,MODIS-Aqua,Green Red Ratio
2015-02-17,13.87706464775438,MODIS-Aqua,Green Red Ratio
2015-02-18,10.365087318861747,MODIS-Aqua,Green Red Ratio
2015-02-19,10.161648013572188,MODIS-Aqua,Green Red Ratio
2015-02-20,13.638377996437804,MODIS-Aqua,Green Red Ratio
2015-02-21,13.696491545963983,MODIS-Aqua,Green Red Ratio
2015-02-22,11.477875774243248,MODIS-Aqua,Green Red Ratio
2015-02-23,9.633881593156122,MODIS-Aqua,Green Red Ratio
2015-02-24,12.585861319217477,MODIS-Aqua,Green Red Ratio
2015-02-25,14.127581964822058,MODIS-Aqua,Green Red Ratio
2015-02-28,13.127968284556818,MODIS-Aqua,Green Red Ratio
2015-03-01,13.58730666810092,MODIS-Aqua,Green Red Ratio
2015-03-02,13.262988122525678,MODIS-Aqua,Green Red Ratio
2015-03-03,14.264687888417708,MODIS-Aqua,Green Red Ratio
2015-03-04,13.957537909196905,MODIS-Aqua,Green Red Ratio
2015-03-06,15.549275611298157,MODIS-Aqua,Green Red Ratio
2015-03-07,15.200616809197628,MODIS-Aqua,Green Red Ratio
2015-03-08,16.010904888904733,MODIS-Aqua,Green Red Ratio
2015-03-09,14.927625895416691,MODIS-Aqua,Green Red Ratio
2015-03-12,15.967592851022452,MODIS-Aqua,Green Red Ratio
2015-03-17,16.361192544056724,MODIS-Aqua,Green Red Ratio
2015-03-18,14.668429438840608,MODIS-Aqua,Green Red Ratio
2015-03-21,14.715912487618697,MODIS-Aqua,Green Red Ratio
2015-03-26,15.957152562066007,MODIS-Aqua,Green Red Ratio
2015-03-27,14.829508251684906,MODIS-Aqua,Green Red Ratio
2015-03-28,14.575329723457518,MODIS-Aqua,Green Red Ratio
2015-03-29,15.953884729916231,MODIS-Aqua,Green Red Ratio
2015-04-01,14.40439543801972,MODIS-Aqua,Green Red Ratio
2015-04-02,15.809222105888635,MODIS-Aqua,Green Red Ratio
2015-04-09,13.681351519041291,MODIS-Aqua,Green Red Ratio
2015-04-10,12.55934191940829,MODIS-Aqua,Green Red Ratio
2015-04-11,17.205214589584827,MODIS-Aqua,Green Red Ratio
2015-04-12,12.475656011942256,MODIS-Aqua,Green Red Ratio
2015-04-14,12.312684797912572,MODIS-Aqua,Green Red Ratio
2015-04-15,11.419435758725946,MODIS-Aqua,Green Red Ratio
2015-04-16,13.761357247209835,MODIS-Aqua,Green Red Ratio
2015-04-17,13.087048002323543,MODIS-Aqua,Green Red Ratio
2015-04-19,16.411427616674874,MODIS-Aqua,Green Red Ratio
2015-04-22,14.320395209511714,MODIS-Aqua,Green Red Ratio
2015-04-24,14.677856043307994,MODIS-Aqua,Green Red Ratio
2015-04-25,17.453767275714597,MODIS-Aqua,Green Red Ratio
2015-04-26,17.62747504229671,MODIS-Aqua,Green Red Ratio
2015-04-27,18.834815973754655,MODIS-Aqua,Green Red Ratio
2015-04-29,16.601186717138233,MODIS-Aqua,Green Red Ratio
2015-04-30,19.098570098980975,MODIS-Aqua,Green Red Ratio
2015-05-01,17.598898146779486,MODIS-Aqua,Green Red Ratio
2015-05-02,21.75192208694124,MODIS-Aqua,Green Red Ratio
2015-05-03,20.24573451505555,MODIS-Aqua,Green Red Ratio
2015-05-04,16.73868740205367,MODIS-Aqua,Green Red Ratio
2015-05-06,19.564350613942153,MODIS-Aqua,Green Red Ratio
2015-05-07,16.85525687916939,MODIS-Aqua,Green Red Ratio
2015-05-09,19.00419483681265,MODIS-Aqua,Green Red Ratio
2015-05-24,19.081050586295664,MODIS-Aqua,Green Red Ratio
2015-05-26,22.57219798536593,MODIS-Aqua,Green Red Ratio
2015-05-27,29.76868171572126,MODIS-Aqua,Green Red Ratio
2015-06-08,55.150429892082734,MODIS-Aqua,Green Red Ratio
2015-06-10,57.05017781236702,MODIS-Aqua,Green Red Ratio
2015-06-11,75.65798536314568,MODIS-Aqua,Green Red Ratio
2015-06-12,123.77361075774121,MODIS-Aqua,Green Red Ratio
2015-06-13,25.927615954976243,MODIS-Aqua,Green Red Ratio
2015-06-14,84.84238973872863,MODIS-Aqua,Green Red Ratio
2015-06-15,100.92398819823582,MODIS-Aqua,Green Red Ratio
2015-06-16,90.2529059280822,MODIS-Aqua,Green Red Ratio
2015-06-17,155.44334894565364,MODIS-Aqua,Green Red Ratio
2015-06-18,184.57133002406863,MODIS-Aqua,Green Red Ratio
2015-06-19,405.9801760127723,MODIS-Aqua,Green Red Ratio
2015-06-21,67.56467360981182,MODIS-Aqua,Green Red Ratio
2015-06-24,98.61770117655517,MODIS-Aqua,Green Red Ratio
2015-06-25,68.13853896929851,MODIS-Aqua,Green Red Ratio
2015-06-29,40.396778783881274,MODIS-Aqua,Green Red Ratio
2015-06-30,92.57787218669343,MODIS-Aqua,Green Red Ratio
2015-07-01,42.4667136983403,MODIS-Aqua,Green Red Ratio
2015-07-02,38.39246011694463,MODIS-Aqua,Green Red Ratio
2015-07-06,61.80369808415489,MODIS-Aqua,Green Red Ratio
2015-07-07,37.33151087593511,MODIS-Aqua,Green Red Ratio
2015-07-15,34.17280061317183,MODIS-Aqua,Green Red Ratio
2015-07-16,118.5504606771255,MODIS-Aqua,Green Red Ratio
2015-07-18,72.73009861726322,MODIS-Aqua,Green Red Ratio
2015-07-19,59.263337469443655,MODIS-Aqua,Green Red Ratio
2015-07-20,78.08562446573438,MODIS-Aqua,Green Red Ratio
2015-07-23,56.36860479870796,MODIS-Aqua,Green Red Ratio
2015-07-24,42.20240846301414,MODIS-Aqua,Green Red Ratio
2015-07-26,88.5971341174792,MODIS-Aqua,Green Red Ratio
2015-07-27,147.5172048430159,MODIS-Aqua,Green Red Ratio
2015-07-28,72.56789865405852,MODIS-Aqua,Green Red Ratio
2015-07-29,71.52284960864918,MODIS-Aqua,Green Red Ratio
2015-08-05,63.76239764267258,MODIS-Aqua,Green Red Ratio
2015-08-08,48.463858586106575,MODIS-Aqua,Green Red Ratio
2015-08-12,135.41576228645485,MODIS-Aqua,Green Red Ratio
2015-08-13,268.5168766773009,MODIS-Aqua,Green Red Ratio
2015-08-15,350.117643445617,MODIS-Aqua,Green Red Ratio
2015-08-16,86.054050413873,MODIS-Aqua,Green Red Ratio
2015-08-17,47.782204170603976,MODIS-Aqua,Green Red Ratio
2015-08-19,77.0685578516655,MODIS-Aqua,Green Red Ratio
2015-08-20,91.16794541369396,MODIS-Aqua,Green Red Ratio
2015-08-21,69.38471658543912,MODIS-Aqua,Green Red Ratio
2015-08-24,94.99325977092538,MODIS-Aqua,Green Red Ratio
2015-08-27,88.40600508513683,MODIS-Aqua,Green Red Ratio
2015-08-31,110.15757815071251,MODIS-Aqua,Green Red Ratio
2015-09-01,75.89711645764419,MODIS-Aqua,Green Red Ratio
2015-09-03,101.6633036130966,MODIS-Aqua,Green Red Ratio
2015-09-04,66.88999800008389,MODIS-Aqua,Green Red Ratio
2015-09-05,232.30876184994437,MODIS-Aqua,Green Red Ratio
2015-09-07,95.3901725411761,MODIS-Aqua,Green Red Ratio
2015-09-08,40.50373507654415,MODIS-Aqua,Green Red Ratio
2015-09-09,62.421721681968904,MODIS-Aqua,Green Red Ratio
2015-09-10,74.7050094177381,MODIS-Aqua,Green Red Ratio
2015-09-13,31.02023448228437,MODIS-Aqua,Green Red Ratio
2015-09-18,85.30868271627475,MODIS-Aqua,Green Red Ratio
2015-09-19,109.74889516153132,MODIS-Aqua,Green Red Ratio
2015-09-20,59.507682282002385,MODIS-Aqua,Green Red Ratio
2015-09-21,40.32563154285682,MODIS-Aqua,Green Red Ratio
2015-09-22,85.38118717100383,MODIS-Aqua,Green Red Ratio
2015-09-23,26.747767179311836,MODIS-Aqua,Green Red Ratio
2015-09-24,31.994282686318556,MODIS-Aqua,Green Red Ratio
2015-09-25,41.733251857694704,MODIS-Aqua,Green Red Ratio
2015-09-26,31.589253912589044,MODIS-Aqua,Green Red Ratio
2015-09-27,39.15190522298423,MODIS-Aqua,Green Red Ratio
2015-09-28,34.245179240595455,MODIS-Aqua,Green Red Ratio
2015-09-29,27.37230859087039,MODIS-Aqua,Green Red Ratio
2015-10-02,51.67360539983952,MODIS-Aqua,Green Red Ratio
2015-10-04,42.61724493330048,MODIS-Aqua,Green Red Ratio
2015-10-05,84.99131235183287,MODIS-Aqua,Green Red Ratio
2015-10-09,26.501272341880973,MODIS-Aqua,Green Red Ratio
2015-10-11,32.92329473129962,MODIS-Aqua,Green Red Ratio
2015-10-12,38.41548504633152,MODIS-Aqua,Green Red Ratio
2015-10-13,37.49895493575679,MODIS-Aqua,Green Red Ratio
2015-10-14,28.93433732827179,MODIS-Aqua,Green Red Ratio
2015-10-15,24.65878615546283,MODIS-Aqua,Green Red Ratio
2015-10-16,30.40084007662426,MODIS-Aqua,Green Red Ratio
2015-10-20,40.68262522825822,MODIS-Aqua,Green Red Ratio
2015-10-21,35.5573027563617,MODIS-Aqua,Green Red Ratio
2015-10-22,20.647434700901286,MODIS-Aqua,Green Red Ratio
2015-10-26,19.718282593251747,MODIS-Aqua,Green Red Ratio
2015-10-28,23.162116569174408,MODIS-Aqua,Green Red Ratio
2015-10-29,32.58251528199618,MODIS-Aqua,Green Red Ratio
2015-11-02,15.501663087063026,MODIS-Aqua,Green Red Ratio
2015-11-04,20.502884813799103,MODIS-Aqua,Green Red Ratio
2015-11-10,10.624672945910493,MODIS-Aqua,Green Red Ratio
2015-11-12,15.30846381928172,MODIS-Aqua,Green Red Ratio
2015-11-16,11.901615969098032,MODIS-Aqua,Green Red Ratio
2015-11-18,8.877190653351333,MODIS-Aqua,Green Red Ratio
2015-11-20,12.226910331146579,MODIS-Aqua,Green Red Ratio
2015-11-21,8.695235109588104,MODIS-Aqua,Green Red Ratio
2015-11-23,11.057937998413207,MODIS-Aqua,Green Red Ratio
2015-11-26,7.2217533863277215,MODIS-Aqua,Green Red Ratio
2015-11-27,9.051162957336047,MODIS-Aqua,Green Red Ratio
2016-01-31,24.177916214067338,MODIS-Aqua,Green Red Ratio
2016-02-01,19.885109708964492,MODIS-Aqua,Green Red Ratio
2016-02-07,21.28153578046868,MODIS-Aqua,Green Red Ratio
2016-02-08,15.495683712761226,MODIS-Aqua,Green Red Ratio
2016-02-17,11.431815142369372,MODIS-Aqua,Green Red Ratio
2016-02-22,11.309974285664099,MODIS-Aqua,Green Red Ratio
2016-02-24,12.570589489699527,MODIS-Aqua,Green Red Ratio
2016-02-25,15.194417245915922,MODIS-Aqua,Green Red Ratio
2016-03-03,9.907542067217905,MODIS-Aqua,Green Red Ratio
2016-03-07,11.78709655119251,MODIS-Aqua,Green Red Ratio
2016-03-16,12.33620018481954,MODIS-Aqua,Green Red Ratio
2016-03-17,15.561117280072148,MODIS-Aqua,Green Red Ratio
2016-03-19,7.867912519450594,MODIS-Aqua,Green Red Ratio
2016-03-22,14.801099768002034,MODIS-Aqua,Green Red Ratio
2016-03-24,14.133783544837714,MODIS-Aqua,Green Red Ratio
2016-03-25,13.899853863185953,MODIS-Aqua,Green Red Ratio
2016-03-27,13.473282316896345,MODIS-Aqua,Green Red Ratio
2016-03-28,26.568201605317128,MODIS-Aqua,Green Red Ratio
2016-03-30,10.344853097678412,MODIS-Aqua,Green Red Ratio
2016-03-31,12.859373932660816,MODIS-Aqua,Green Red Ratio
2016-04-01,10.730518782064467,MODIS-Aqua,Green Red Ratio
2016-04-02,13.134822670815707,MODIS-Aqua,Green Red Ratio
2016-04-04,13.918244505402164,MODIS-Aqua,Green Red Ratio
2016-04-05,13.784495371960613,MODIS-Aqua,Green Red Ratio
2016-04-06,14.036630163850177,MODIS-Aqua,Green Red Ratio
2016-04-07,10.849927705740999,MODIS-Aqua,Green Red Ratio
2016-04-09,15.393704319302731,MODIS-Aqua,Green Red Ratio
2016-04-10,13.15230323208859,MODIS-Aqua,Green Red Ratio
2016-04-11,16.138737915499224,MODIS-Aqua,Green Red Ratio
2016-04-12,11.794752592251426,MODIS-Aqua,Green Red Ratio
2016-04-15,12.856559851507956,MODIS-Aqua,Green Red Ratio
2016-04-16,12.70869696443145,MODIS-Aqua,Green Red Ratio
2016-04-17,11.535453399031908,MODIS-Aqua,Green Red Ratio
2016-04-19,12.23147652646784,MODIS-Aqua,Green Red Ratio
2016-04-25,13.32627450817371,MODIS-Aqua,Green Red Ratio
2016-04-27,23.548071920697026,MODIS-Aqua,Green Red Ratio
2016-04-28,14.334977564052787,MODIS-Aqua,Green Red Ratio
2016-04-29,18.04654727857805,MODIS-Aqua,Green Red Ratio
2016-04-30,16.429406069248156,MODIS-Aqua,Green Red Ratio
2016-05-01,14.202529221413446,MODIS-Aqua,Green Red Ratio
2016-05-08,15.625134346426021,MODIS-Aqua,Green Red Ratio
2016-05-09,13.679778577357697,MODIS-Aqua,Green Red Ratio
2016-05-10,15.448486083572039,MODIS-Aqua,Green Red Ratio
2016-05-11,17.44679843184894,MODIS-Aqua,Green Red Ratio
2016-05-17,17.532942316315513,MODIS-Aqua,Green Red Ratio
2016-05-25,23.75807357576722,MODIS-Aqua,Green Red Ratio
2016-05-26,20.390045661780533,MODIS-Aqua,Green Red Ratio
2016-05-27,20.840094291127016,MODIS-Aqua,Green Red Ratio
2016-05-28,18.535859291319742,MODIS-Aqua,Green Red Ratio
2016-05-30,13.81988443859906,MODIS-Aqua,Green Red Ratio
2016-06-03,37.97718282740701,MODIS-Aqua,Green Red Ratio
2016-06-06,18.364160264842074,MODIS-Aqua,Green Red Ratio
2016-06-10,15.463534353428102,MODIS-Aqua,Green Red Ratio
2016-06-11,37.22244629961403,MODIS-Aqua,Green Red Ratio
2016-06-12,39.710480871567256,MODIS-Aqua,Green Red Ratio
2016-06-18,58.15697278134943,MODIS-Aqua,Green Red Ratio
2016-06-19,109.62426384215411,MODIS-Aqua,Green Red Ratio
2016-06-20,117.34555438000017,MODIS-Aqua,Green Red Ratio
2016-06-21,112.82615336648418,MODIS-Aqua,Green Red Ratio
2016-06-22,124.12633563820235,MODIS-Aqua,Green Red Ratio
2016-06-23,50.61132305606619,MODIS-Aqua,Green Red Ratio
2016-06-25,160.21917643395233,MODIS-Aqua,Green Red Ratio
2016-06-26,53.54371459371706,MODIS-Aqua,Green Red Ratio
2016-06-27,77.50260191999146,MODIS-Aqua,Green Red Ratio
2016-06-28,54.164821492325785,MODIS-Aqua,Green Red Ratio
2016-06-29,72.78523066353264,MODIS-Aqua,Green Red Ratio
2016-06-30,84.73692112622746,MODIS-Aqua,Green Red Ratio
2016-07-01,180.21385537403333,MODIS-Aqua,Green Red Ratio
2016-07-02,59.61136196926586,MODIS-Aqua,Green Red Ratio
2016-07-03,81.04374033593096,MODIS-Aqua,Green Red Ratio
2016-07-04,51.44257003788742,MODIS-Aqua,Green Red Ratio
2016-07-05,105.66273171761404,MODIS-Aqua,Green Red Ratio
2016-07-06,32.028740291665976,MODIS-Aqua,Green Red Ratio
2016-07-11,249.15212051582105,MODIS-Aqua,Green Red Ratio
2016-07-12,77.43595876361545,MODIS-Aqua,Green Red Ratio
2016-07-13,59.682506025267706,MODIS-Aqua,Green Red Ratio
2016-07-14,41.995999797603055,MODIS-Aqua,Green Red Ratio
2016-07-15,47.56563781380525,MODIS-Aqua,Green Red Ratio
2016-07-16,175.4733678813292,MODIS-Aqua,Green Red Ratio
2016-07-17,40.50373507654415,MODIS-Aqua,Green Red Ratio
2016-07-19,31.623522420658457,MODIS-Aqua,Green Red Ratio
2016-07-20,255.76641615588252,MODIS-Aqua,Green Red Ratio
2016-07-21,110.76591623281338,MODIS-Aqua,Green Red Ratio
2016-07-22,160.52030466985667,MODIS-Aqua,Green Red Ratio
2016-07-23,95.3120380944329,MODIS-Aqua,Green Red Ratio
2016-07-24,71.766635228271,MODIS-Aqua,Green Red Ratio
2016-07-25,54.976189106307714,MODIS-Aqua,Green Red Ratio
2016-07-26,92.31455445612465,MODIS-Aqua,Green Red Ratio
2016-07-27,51.52780603714216,MODIS-Aqua,Green Red Ratio
2016-07-28,63.43111728531069,MODIS-Aqua,Green Red Ratio
2016-07-29,60.137234548985106,MODIS-Aqua,Green Red Ratio
2016-07-30,65.55776841410535,MODIS-Aqua,Green Red Ratio
2016-07-31,60.808957455036754,MODIS-Aqua,Green Red Ratio
2016-08-01,126.50493700177005,MODIS-Aqua,Green Red Ratio
2016-08-02,27.979450914834572,MODIS-Aqua,Green Red Ratio
2016-08-03,92.67144599704015,MODIS-Aqua,Green Red Ratio
2016-08-04,50.83489992616011,MODIS-Aqua,Green Red Ratio
2016-08-06,109.42593435714106,MODIS-Aqua,Green Red Ratio
2016-08-07,81.7322498364707,MODIS-Aqua,Green Red Ratio
2016-08-08,197.67879224908674,MODIS-Aqua,Green Red Ratio
2016-08-09,74.9682934992657,MODIS-Aqua,Green Red Ratio
2016-08-10,54.9350389408552,MODIS-Aqua,Green Red Ratio
2016-08-11,47.58015964766773,MODIS-Aqua,Green Red Ratio
2016-08-12,62.585464770836445,MODIS-Aqua,Green Red Ratio
2016-08-13,65.24258196113004,MODIS-Aqua,Green Red Ratio
2016-08-15,37.75546351716912,MODIS-Aqua,Green Red Ratio
2016-08-16,30.825968120540708,MODIS-Aqua,Green Red Ratio
2016-08-17,36.27836198455586,MODIS-Aqua,Green Red Ratio
2016-08-18,26.40455738973599,MODIS-Aqua,Green Red Ratio
2016-08-19,22.497850882030342,MODIS-Aqua,Green Red Ratio
2016-08-20,35.416170147156926,MODIS-Aqua,Green Red Ratio
2016-08-21,35.43008904090157,MODIS-Aqua,Green Red Ratio
2016-08-22,50.29675553410954,MODIS-Aqua,Green Red Ratio
2016-08-23,65.57824008234931,MODIS-Aqua,Green Red Ratio
2016-08-24,67.09633337329926,MODIS-Aqua,Green Red Ratio
2016-08-25,96.8917994344394,MODIS-Aqua,Green Red Ratio
2016-08-26,19.91909061857367,MODIS-Aqua,Green Red Ratio
2016-08-27,56.88268342492718,MODIS-Aqua,Green Red Ratio
2016-08-28,94.32610133858947,MODIS-Aqua,Green Red Ratio
2016-08-30,56.67612119652555,MODIS-Aqua,Green Red Ratio
2016-08-31,59.54073840794175,MODIS-Aqua,Green Red Ratio
2016-09-03,69.98294071968924,MODIS-Aqua,Green Red Ratio
2016-09-04,75.46893950636029,MODIS-Aqua,Green Red Ratio
2016-09-05,71.06463678367057,MODIS-Aqua,Green Red Ratio
2016-09-06,61.99522257040698,MODIS-Aqua,Green Red Ratio
2016-09-08,45.402773508472755,MODIS-Aqua,Green Red Ratio
2016-09-09,36.44309277647317,MODIS-Aqua,Green Red Ratio
2016-09-10,31.996678342252075,MODIS-Aqua,Green Red Ratio
2016-09-11,46.56952255411264,MODIS-Aqua,Green Red Ratio
2016-09-12,21.290074706838553,MODIS-Aqua,Green Red Ratio
2016-09-13,40.50373507654415,MODIS-Aqua,Green Red Ratio
2016-09-14,59.53462164064661,MODIS-Aqua,Green Red Ratio
2016-09-15,57.98837032227931,MODIS-Aqua,Green Red Ratio
2016-09-19,30.35195030193828,MODIS-Aqua,Green Red Ratio
2016-09-24,46.24771412205692,MODIS-Aqua,Green Red Ratio
2016-09-25,41.054450104280576,MODIS-Aqua,Green Red Ratio
2016-09-26,43.6094872077605,MODIS-Aqua,Green Red Ratio
2016-09-27,40.03970323178752,MODIS-Aqua,Green Red Ratio
2016-09-28,33.05411606419594,MODIS-Aqua,Green Red Ratio
2016-09-29,26.22778565523021,MODIS-Aqua,Green Red Ratio
2016-09-30,20.479411780283833,MODIS-Aqua,Green Red Ratio
2016-10-06,25.046014207329613,MODIS-Aqua,Green Red Ratio
2016-10-07,27.462106282467087,MODIS-Aqua,Green Red Ratio
2016-10-10,24.1831989189951,MODIS-Aqua,Green Red Ratio
2016-10-11,27.293841228367004,MODIS-Aqua,Green Red Ratio
2016-10-12,28.959422509512244,MODIS-Aqua,Green Red Ratio
2016-10-18,27.214543013263153,MODIS-Aqua,Green Red Ratio
2016-11-01,14.543862231105388,MODIS-Aqua,Green Red Ratio
2016-11-04,17.156185776484516,MODIS-Aqua,Green Red Ratio
2016-11-09,20.831565969048004,MODIS-Aqua,Green Red Ratio
2016-11-10,20.568383337474394,MODIS-Aqua,Green Red Ratio
2016-11-13,16.470123654119014,MODIS-Aqua,Green Red Ratio
2016-11-17,14.088444972272955,MODIS-Aqua,Green Red Ratio
2016-11-30,13.401835090066736,MODIS-Aqua,Green Red Ratio
2016-12-01,11.922516583203157,MODIS-Aqua,Green Red Ratio
2016-12-03,12.619719986557532,MODIS-Aqua,Green Red Ratio
2016-12-05,6.035432342494203,MODIS-Aqua,Green Red Ratio
2016-12-10,12.93888046015399,MODIS-Aqua,Green Red Ratio
2017-02-23,28.602572989360272,MODIS-Aqua,Green Red Ratio
2017-02-25,29.75715701274746,MODIS-Aqua,Green Red Ratio
2017-03-01,17.21418995038572,MODIS-Aqua,Green Red Ratio
2017-03-10,15.419749283494108,MODIS-Aqua,Green Red Ratio
2017-03-13,18.74497689924445,MODIS-Aqua,Green Red Ratio
2017-03-16,17.62979142100188,MODIS-Aqua,Green Red Ratio
2017-03-21,16.185462551812403,MODIS-Aqua,Green Red Ratio
2017-03-31,12.839051268508427,MODIS-Aqua,Green Red Ratio
2017-04-02,11.306861513793235,MODIS-Aqua,Green Red Ratio
2017-04-03,14.920149975402538,MODIS-Aqua,Green Red Ratio
2017-04-10,14.152414795649642,MODIS-Aqua,Green Red Ratio
2017-04-14,12.721492822178352,MODIS-Aqua,Green Red Ratio
2017-04-20,13.594527156690939,MODIS-Aqua,Green Red Ratio
2017-04-21,15.309299651346985,MODIS-Aqua,Green Red Ratio
2017-04-27,14.07486500485981,MODIS-Aqua,Green Red Ratio
2017-04-28,11.848712388651792,MODIS-Aqua,Green Red Ratio
2017-04-30,14.87993271240324,MODIS-Aqua,Green Red Ratio
2017-05-02,17.72339580834427,MODIS-Aqua,Green Red Ratio
2017-05-03,13.99431529401634,MODIS-Aqua,Green Red Ratio
2017-05-06,16.977300655106898,MODIS-Aqua,Green Red Ratio
2017-05-07,12.940837832414505,MODIS-Aqua,Green Red Ratio
2017-05-08,11.853003360878928,MODIS-Aqua,Green Red Ratio
2017-05-09,14.12577074927417,MODIS-Aqua,Green Red Ratio
2017-05-14,21.750295940476832,MODIS-Aqua,Green Red Ratio
2017-05-15,13.325124350350608,MODIS-Aqua,Green Red Ratio
2017-05-17,11.846193017946234,MODIS-Aqua,Green Red Ratio
2017-05-18,13.349355463940501,MODIS-Aqua,Green Red Ratio
2017-05-19,13.761621282343201,MODIS-Aqua,Green Red Ratio
2017-05-20,13.40613027734562,MODIS-Aqua,Green Red Ratio
2017-05-22,13.966889760710249,MODIS-Aqua,Green Red Ratio
2017-05-23,19.40729530504548,MODIS-Aqua,Green Red Ratio
2017-05-24,13.16085661531875,MODIS-Aqua,Green Red Ratio
2017-05-25,19.278239346026776,MODIS-Aqua,Green Red Ratio
2017-05-26,11.68604759749781,MODIS-Aqua,Green Red Ratio
2017-05-27,16.853960085142464,MODIS-Aqua,Green Red Ratio
2017-05-28,15.58633745583241,MODIS-Aqua,Green Red Ratio
2017-05-29,17.642841695434235,MODIS-Aqua,Green Red Ratio
2017-06-01,21.794040628481014,MODIS-Aqua,Green Red Ratio
2017-06-02,14.113244027565212,MODIS-Aqua,Green Red Ratio
2017-06-04,11.774015254982572,MODIS-Aqua,Green Red Ratio
2017-06-05,16.75256306257745,MODIS-Aqua,Green Red Ratio
2017-06-06,17.848093442024467,MODIS-Aqua,Green Red Ratio
2017-06-13,23.575411918886388,MODIS-Aqua,Green Red Ratio
2017-06-17,36.85386267878495,MODIS-Aqua,Green Red Ratio
2017-06-18,28.314039672567464,MODIS-Aqua,Green Red Ratio
2017-06-19,25.432685139617075,MODIS-Aqua,Green Red Ratio
2017-06-20,27.034459446891738,MODIS-Aqua,Green Red Ratio
2017-06-21,21.238225625385752,MODIS-Aqua,Green Red Ratio
2017-06-22,21.840640472296275,MODIS-Aqua,Green Red Ratio
2017-06-23,51.25885486059606,MODIS-Aqua,Green Red Ratio
2017-06-24,43.6094872077605,MODIS-Aqua,Green Red Ratio
2017-06-26,48.843406063639186,MODIS-Aqua,Green Red Ratio
2017-06-27,18.791328093005895,MODIS-Aqua,Green Red Ratio
2017-06-28,121.65394740179221,MODIS-Aqua,Green Red Ratio
2017-06-29,215.66073563923146,MODIS-Aqua,Green Red Ratio
2017-06-30,87.8491955687662,MODIS-Aqua,Green Red Ratio
2017-07-01,103.76612818106278,MODIS-Aqua,Green Red Ratio
2017-07-02,148.4853929967607,MODIS-Aqua,Green Red Ratio
2017-07-03,92.40020529182797,MODIS-Aqua,Green Red Ratio
2017-07-05,89.0355535633507,MODIS-Aqua,Green Red Ratio
2017-07-06,325.3251416207629,MODIS-Aqua,Green Red Ratio
2017-07-07,490.44047915312456,MODIS-Aqua,Green Red Ratio
2017-07-08,154.82693640179173,MODIS-Aqua,Green Red Ratio
2017-07-09,126.79918343327046,MODIS-Aqua,Green Red Ratio
2017-07-10,168.14483542431478,MODIS-Aqua,Green Red Ratio
2017-07-11,144.01578054418252,MODIS-Aqua,Green Red Ratio
2017-07-12,145.09353927697458,MODIS-Aqua,Green Red Ratio
2017-07-14,100.919503136097,MODIS-Aqua,Green Red Ratio
2017-07-15,185.94215389992004,MODIS-Aqua,Green Red Ratio
2017-07-16,330.80830669900166,MODIS-Aqua,Green Red Ratio
2017-07-17,61.39357811952449,MODIS-Aqua,Green Red Ratio
2017-07-18,82.19732472680325,MODIS-Aqua,Green Red Ratio
2017-07-19,130.37455380812185,MODIS-Aqua,Green Red Ratio
2017-07-20,248.81300000388524,MODIS-Aqua,Green Red Ratio
2017-07-21,164.21498189743272,MODIS-Aqua,Green Red Ratio
2017-07-22,22.56914323725383,MODIS-Aqua,Green Red Ratio
2017-07-24,56.279956257975634,MODIS-Aqua,Green Red Ratio
2017-07-25,51.80549512422206,MODIS-Aqua,Green Red Ratio
2017-07-27,221.41544709774357,MODIS-Aqua,Green Red Ratio
2017-07-28,95.48010047822603,MODIS-Aqua,Green Red Ratio
2017-07-29,47.11198337457453,MODIS-Aqua,Green Red Ratio
2017-07-30,38.82191284378388,MODIS-Aqua,Green Red Ratio
2017-08-01,48.889895227066155,MODIS-Aqua,Green Red Ratio
2017-08-03,32.284104717753515,MODIS-Aqua,Green Red Ratio
2017-08-08,92.43963927394987,MODIS-Aqua,Green Red Ratio
2017-08-10,39.388889014400554,MODIS-Aqua,Green Red Ratio
2017-08-15,50.55368200231181,MODIS-Aqua,Green Red Ratio
2017-08-16,56.7771386483851,MODIS-Aqua,Green Red Ratio
2017-08-17,57.05017781236699,MODIS-Aqua,Green Red Ratio
2017-08-19,34.93133856848123,MODIS-Aqua,Green Red Ratio
2017-08-21,49.65966016587679,MODIS-Aqua,Green Red Ratio
2017-08-26,48.008350304217835,MODIS-Aqua,Green Red Ratio
2017-08-28,41.015657495614,MODIS-Aqua,Green Red Ratio
2017-09-01,51.29325717588368,MODIS-Aqua,Green Red Ratio
2017-09-02,25.153376970792113,MODIS-Aqua,Green Red Ratio
2017-09-08,53.0126416898623,MODIS-Aqua,Green Red Ratio
2017-09-09,32.38607291949393,MODIS-Aqua,Green Red Ratio
2017-09-11,45.362132545771104,MODIS-Aqua,Green Red Ratio
2017-09-20,38.02336295197735,MODIS-Aqua,Green Red Ratio
2017-09-23,46.300221101111106,MODIS-Aqua,Green Red Ratio
2017-09-24,170.29707245441443,MODIS-Aqua,Green Red Ratio
2017-09-26,66.93900239304213,MODIS-Aqua,Green Red Ratio
2017-09-27,51.12922161364586,MODIS-Aqua,Green Red Ratio
2017-09-28,71.0098161694516,MODIS-Aqua,Green Red Ratio
2017-09-30,35.945557641864376,MODIS-Aqua,Green Red Ratio
2017-10-01,24.468990812298422,MODIS-Aqua,Green Red Ratio
2017-10-03,23.11663971701092,MODIS-Aqua,Green Red Ratio
2017-10-05,113.26102318917002,MODIS-Aqua,Green Red Ratio
2017-10-06,38.17189532302465,MODIS-Aqua,Green Red Ratio
2017-10-07,28.006314650619917,MODIS-Aqua,Green Red Ratio
2017-10-08,29.796160720345085,MODIS-Aqua,Green Red Ratio
2017-10-11,19.773326444830218,MODIS-Aqua,Green Red Ratio
2017-10-14,29.06773507113811,MODIS-Aqua,Green Red Ratio
2017-10-15,50.862445216607746,MODIS-Aqua,Green Red Ratio
2017-10-16,29.900295195060924,MODIS-Aqua,Green Red Ratio
2017-10-17,47.01221515099901,MODIS-Aqua,Green Red Ratio
2017-10-20,19.587709893415507,MODIS-Aqua,Green Red Ratio
2017-10-23,56.66968340805991,MODIS-Aqua,Green Red Ratio
2017-10-24,16.3551364358155,MODIS-Aqua,Green Red Ratio
2017-10-25,27.87761196787864,MODIS-Aqua,Green Red Ratio
2017-10-26,22.44305961242551,MODIS-Aqua,Green Red Ratio
2017-10-27,18.6439661175564,MODIS-Aqua,Green Red Ratio
2017-10-28,22.722667805369657,MODIS-Aqua,Green Red Ratio
2017-10-29,21.146030309571007,MODIS-Aqua,Green Red Ratio
2017-10-30,14.530768259397979,MODIS-Aqua,Green Red Ratio
2017-10-31,15.962540608536905,MODIS-Aqua,Green Red Ratio
2017-11-01,21.739611212356344,MODIS-Aqua,Green Red Ratio
2017-11-04,19.665155695787544,MODIS-Aqua,Green Red Ratio
2017-11-06,18.846260046901076,MODIS-Aqua,Green Red Ratio
2017-11-14,12.09131307838905,MODIS-Aqua,Green Red Ratio
2017-11-17,15.572438179990217,MODIS-Aqua,Green Red Ratio
2017-12-03,19.72726608508386,MODIS-Aqua,Green Red Ratio
2017-12-04,8.87428607012581,MODIS-Aqua,Green Red Ratio
2017-12-05,14.163226033003529,MODIS-Aqua,Green Red Ratio
2017-12-06,12.633938696078296,MODIS-Aqua,Green Red Ratio
2017-12-07,16.401496053737695,MODIS-Aqua,Green Red Ratio
2017-12-09,14.228199667802441,MODIS-Aqua,Green Red Ratio
2017-12-30,18.382661259002465,MODIS-Aqua,Green Red Ratio
2018-01-06,31.812576359242495,MODIS-Aqua,Green Red Ratio
2018-01-07,13.538354613379687,MODIS-Aqua,Green Red Ratio
2018-02-05,20.596130034109912,MODIS-Aqua,Green Red Ratio
2018-02-06,19.666843595868162,MODIS-Aqua,Green Red Ratio
2018-02-07,21.90983265113188,MODIS-Aqua,Green Red Ratio
2018-02-11,20.132131300619935,MODIS-Aqua,Green Red Ratio
2018-02-12,20.3027622825536,MODIS-Aqua,Green Red Ratio
2018-02-13,16.09063090326961,MODIS-Aqua,Green Red Ratio
2018-02-15,16.109066844288357,MODIS-Aqua,Green Red Ratio
2018-02-18,15.855728934566548,MODIS-Aqua,Green Red Ratio
2018-02-19,19.384955100517455,MODIS-Aqua,Green Red Ratio
2018-02-22,16.29118294841779,MODIS-Aqua,Green Red Ratio
2018-02-23,17.439088297608134,MODIS-Aqua,Green Red Ratio
2018-02-26,18.871054940593865,MODIS-Aqua,Green Red Ratio
2018-03-01,15.569178575663058,MODIS-Aqua,Green Red Ratio
2018-03-03,16.423837737742954,MODIS-Aqua,Green Red Ratio
2018-03-05,14.583237362939768,MODIS-Aqua,Green Red Ratio
2018-03-19,16.41659440584082,MODIS-Aqua,Green Red Ratio
2018-03-27,14.754386498694208,MODIS-Aqua,Green Red Ratio
2018-03-28,14.311196348960072,MODIS-Aqua,Green Red Ratio
2018-03-31,14.04556691242222,MODIS-Aqua,Green Red Ratio
2018-04-02,15.000919861836469,MODIS-Aqua,Green Red Ratio
2018-04-08,15.614554147826745,MODIS-Aqua,Green Red Ratio
2018-04-09,13.877239698452826,MODIS-Aqua,Green Red Ratio
2018-04-16,16.75273400027912,MODIS-Aqua,Green Red Ratio
2018-04-20,15.313859538746913,MODIS-Aqua,Green Red Ratio
2018-04-21,15.812890841098332,MODIS-Aqua,Green Red Ratio
2018-04-22,14.683275443182785,MODIS-Aqua,Green Red Ratio
2018-04-23,14.22147808906558,MODIS-Aqua,Green Red Ratio
2018-04-25,15.577411836138294,MODIS-Aqua,Green Red Ratio
2018-04-27,13.415379615192498,MODIS-Aqua,Green Red Ratio
2018-04-29,15.949601470012867,MODIS-Aqua,Green Red Ratio
2018-05-01,17.130567692139014,MODIS-Aqua,Green Red Ratio
2018-05-02,15.824715652337451,MODIS-Aqua,Green Red Ratio
2018-05-03,18.777792842397524,MODIS-Aqua,Green Red Ratio
2018-05-06,18.981823594305656,MODIS-Aqua,Green Red Ratio
2018-05-07,20.501796434000113,MODIS-Aqua,Green Red Ratio
2018-05-09,22.567821161044066,MODIS-Aqua,Green Red Ratio
2018-05-13,15.476815857445974,MODIS-Aqua,Green Red Ratio
2018-05-14,32.17832224820171,MODIS-Aqua,Green Red Ratio
2018-05-15,36.13331143404101,MODIS-Aqua,Green Red Ratio
2018-05-18,30.68757881060924,MODIS-Aqua,Green Red Ratio
2018-05-22,27.366488465430145,MODIS-Aqua,Green Red Ratio
2018-05-26,13.424410174571646,MODIS-Aqua,Green Red Ratio
2018-05-27,23.436003544512758,MODIS-Aqua,Green Red Ratio
2018-05-28,45.444099422265516,MODIS-Aqua,Green Red Ratio
2018-05-29,13.689145535752342,MODIS-Aqua,Green Red Ratio
2018-05-31,18.47490954981392,MODIS-Aqua,Green Red Ratio
2018-06-01,51.13156500106283,MODIS-Aqua,Green Red Ratio
2018-06-02,53.51245954215858,MODIS-Aqua,Green Red Ratio
2018-06-03,38.41548504633152,MODIS-Aqua,Green Red Ratio
2018-06-04,42.76023932341123,MODIS-Aqua,Green Red Ratio
2018-06-07,21.55301594538778,MODIS-Aqua,Green Red Ratio
2018-06-08,25.296093637406457,MODIS-Aqua,Green Red Ratio
2018-06-09,26.405885043980224,MODIS-Aqua,Green Red Ratio
2018-06-11,104.71964300142079,MODIS-Aqua,Green Red Ratio
2018-06-12,56.36860479870799,MODIS-Aqua,Green Red Ratio
2018-06-13,53.06650912106208,MODIS-Aqua,Green Red Ratio
2018-06-14,145.93637993082976,MODIS-Aqua,Green Red Ratio
2018-06-15,110.15757815071251,MODIS-Aqua,Green Red Ratio
2018-06-19,199.09527076053152,MODIS-Aqua,Green Red Ratio
2018-06-21,56.56969905109183,MODIS-Aqua,Green Red Ratio
2018-06-22,66.2607860730355,MODIS-Aqua,Green Red Ratio
2018-06-23,32.89933046953202,MODIS-Aqua,Green Red Ratio
2018-06-24,165.20013168616865,MODIS-Aqua,Green Red Ratio
2018-06-26,93.74555413109651,MODIS-Aqua,Green Red Ratio
2018-06-27,134.2562025733385,MODIS-Aqua,Green Red Ratio
2018-06-28,108.66035162489877,MODIS-Aqua,Green Red Ratio
2018-06-30,212.4603418406733,MODIS-Aqua,Green Red Ratio
2018-07-01,206.79719211182612,MODIS-Aqua,Green Red Ratio
2018-07-02,123.03190243009308,MODIS-Aqua,Green Red Ratio
2018-07-03,404.2557342778669,MODIS-Aqua,Green Red Ratio
2018-07-05,42.15668223865543,MODIS-Aqua,Green Red Ratio
2018-07-07,210.21043508562636,MODIS-Aqua,Green Red Ratio
2018-07-09,33.26872012718316,MODIS-Aqua,Green Red Ratio
2018-07-10,350.8194761638205,MODIS-Aqua,Green Red Ratio
2018-07-11,103.7365042116104,MODIS-Aqua,Green Red Ratio
2018-07-12,62.15090894453749,MODIS-Aqua,Green Red Ratio
2018-07-14,43.935204677239106,MODIS-Aqua,Green Red Ratio
2018-07-17,49.29677277950694,MODIS-Aqua,Green Red Ratio
2018-07-18,81.53463753701041,MODIS-Aqua,Green Red Ratio
2018-07-19,63.290186385352236,MODIS-Aqua,Green Red Ratio
2018-07-21,39.388889014400554,MODIS-Aqua,Green Red Ratio
2018-07-22,21.15528968618472,MODIS-Aqua,Green Red Ratio
2018-07-24,20.614747631771415,MODIS-Aqua,Green Red Ratio
2018-08-07,55.206747297910844,MODIS-Aqua,Green Red Ratio
2018-08-24,53.44201105599859,MODIS-Aqua,Green Red Ratio
2018-08-27,118.25822366929926,MODIS-Aqua,Green Red Ratio
2018-08-28,64.82497558970108,MODIS-Aqua,Green Red Ratio
2018-08-29,34.54514088607217,MODIS-Aqua,Green Red Ratio
2018-08-31,91.0901485714941,MODIS-Aqua,Green Red Ratio
2018-09-01,93.25685872320547,MODIS-Aqua,Green Red Ratio
2018-09-02,68.07747494428682,MODIS-Aqua,Green Red Ratio
2018-09-03,90.52044907540584,MODIS-Aqua,Green Red Ratio
2018-09-05,51.66595419090585,MODIS-Aqua,Green Red Ratio
2018-09-10,57.9083908081607,MODIS-Aqua,Green Red Ratio
2018-09-12,53.23692061081246,MODIS-Aqua,Green Red Ratio
2018-09-14,45.78840519362819,MODIS-Aqua,Green Red Ratio
2018-09-16,208.087748056407,MODIS-Aqua,Green Red Ratio
2018-09-17,100.5735182276129,MODIS-Aqua,Green Red Ratio
2018-09-18,73.57737940762722,MODIS-Aqua,Green Red Ratio
2018-09-19,70.35736435764397,MODIS-Aqua,Green Red Ratio
2018-09-20,121.84897781026464,MODIS-Aqua,Green Red Ratio
2018-09-23,47.092345579585015,MODIS-Aqua,Green Red Ratio
2018-09-24,46.43708113487382,MODIS-Aqua,Green Red Ratio
2018-09-25,53.29313844231315,MODIS-Aqua,Green Red Ratio
2018-09-26,49.6807132829254,MODIS-Aqua,Green Red Ratio
2018-09-27,45.6616352951875,MODIS-Aqua,Green Red Ratio
2018-09-29,18.919646180167838,MODIS-Aqua,Green Red Ratio
2018-09-30,64.21699989327972,MODIS-Aqua,Green Red Ratio
2018-10-04,35.522757680840996,MODIS-Aqua,Green Red Ratio
2018-10-06,27.893141809065675,MODIS-Aqua,Green Red Ratio
2018-10-07,168.6484087073122,MODIS-Aqua,Green Red Ratio
2018-10-09,14.015292749434415,MODIS-Aqua,Green Red Ratio
2018-10-11,52.28306142800628,MODIS-Aqua,Green Red Ratio
2018-10-12,39.45765901072581,MODIS-Aqua,Green Red Ratio
2018-10-13,17.36539304081531,MODIS-Aqua,Green Red Ratio
2018-10-14,22.631885637343746,MODIS-Aqua,Green Red Ratio
2018-10-15,43.07990962893013,MODIS-Aqua,Green Red Ratio
2018-10-16,28.68960637954925,MODIS-Aqua,Green Red Ratio
2018-10-17,34.20545633500215,MODIS-Aqua,Green Red Ratio
2018-10-18,29.471608003804235,MODIS-Aqua,Green Red Ratio
2018-10-19,30.436563544562983,MODIS-Aqua,Green Red Ratio
2018-10-20,24.331791084269142,MODIS-Aqua,Green Red Ratio
2018-10-21,26.44836930414062,MODIS-Aqua,Green Red Ratio
2018-10-22,26.648633186195042,MODIS-Aqua,Green Red Ratio
2018-10-30,19.597471527889407,MODIS-Aqua,Green Red Ratio
2018-11-01,20.170138945786416,MODIS-Aqua,Green Red Ratio
2018-11-05,21.405508137829308,MODIS-Aqua,Green Red Ratio
2018-11-06,20.3155486307911,MODIS-Aqua,Green Red Ratio
2018-11-07,14.180756283851688,MODIS-Aqua,Green Red Ratio
2018-11-08,16.35882598322911,MODIS-Aqua,Green Red Ratio
2018-11-09,18.82153051316968,MODIS-Aqua,Green Red Ratio
2018-11-10,16.351268429194608,MODIS-Aqua,Green Red Ratio
2018-11-11,15.981673851253628,MODIS-Aqua,Green Red Ratio
2018-11-12,14.584437483997737,MODIS-Aqua,Green Red Ratio
2018-11-14,18.702373043648578,MODIS-Aqua,Green Red Ratio
2018-11-15,17.92523044727644,MODIS-Aqua,Green Red Ratio
2018-11-16,15.444741903665502,MODIS-Aqua,Green Red Ratio
2018-11-17,16.10579582536209,MODIS-Aqua,Green Red Ratio
2018-11-18,17.821272270553223,MODIS-Aqua,Green Red Ratio
2018-11-19,16.197813717629355,MODIS-Aqua,Green Red Ratio
2018-11-25,12.020971920632569,MODIS-Aqua,Green Red Ratio
2018-12-02,13.107804980853349,MODIS-Aqua,Green Red Ratio
2018-12-05,10.563887865401083,MODIS-Aqua,Green Red Ratio
2018-12-06,13.276807839729585,MODIS-Aqua,Green Red Ratio
2018-12-12,14.61878529295464,MODIS-Aqua,Green Red Ratio
2018-12-21,11.535453399031908,MODIS-Aqua,Green Red Ratio
2018-12-25,16.62237222889682,MODIS-Aqua,Green Red Ratio
2018-12-27,11.489477943571167,MODIS-Aqua,Green Red Ratio
2018-12-30,6.5076391646545,MODIS-Aqua,Green Red Ratio
2018-12-31,8.94739969488394,MODIS-Aqua,Green Red Ratio
2019-01-12,13.269242562942,MODIS-Aqua,Green Red Ratio
2019-01-13,13.125324149853924,MODIS-Aqua,Green Red Ratio
2019-01-21,19.318675927557326,MODIS-Aqua,Green Red Ratio
2019-01-25,18.198011145355398,MODIS-Aqua,Green Red Ratio
2019-01-29,11.535453399031908,MODIS-Aqua,Green Red Ratio
2019-01-30,21.02311971393053,MODIS-Aqua,Green Red Ratio
2019-01-31,14.667554050726066,MODIS-Aqua,Green Red Ratio
2019-02-06,19.78703038722015,MODIS-Aqua,Green Red Ratio
2019-02-18,20.910371235165478,MODIS-Aqua,Green Red Ratio
2019-02-21,21.34605040000581,MODIS-Aqua,Green Red Ratio
2019-03-07,21.09424815738305,MODIS-Aqua,Green Red Ratio
2019-03-11,19.44259155365024,MODIS-Aqua,Green Red Ratio
2019-03-12,24.72471288957419,MODIS-Aqua,Green Red Ratio
2019-03-13,19.99704771977542,MODIS-Aqua,Green Red Ratio
2019-03-14,19.478383525167615,MODIS-Aqua,Green Red Ratio
2019-03-15,20.403909897002322,MODIS-Aqua,Green Red Ratio
2019-03-17,21.34569341261138,MODIS-Aqua,Green Red Ratio
2019-03-18,18.753926629706648,MODIS-Aqua,Green Red Ratio
2019-03-27,19.675612626756397,MODIS-Aqua,Green Red Ratio
2019-03-30,21.447363366087885,MODIS-Aqua,Green Red Ratio
2019-03-31,21.52635974110587,MODIS-Aqua,Green Red Ratio
2019-04-02,19.711491110723077,MODIS-Aqua,Green Red Ratio
2019-04-12,18.083303318367843,MODIS-Aqua,Green Red Ratio
2019-04-16,21.05831488899933,MODIS-Aqua,Green Red Ratio
2019-04-18,19.16423918848631,MODIS-Aqua,Green Red Ratio
2019-04-21,16.205382043044203,MODIS-Aqua,Green Red Ratio
2019-04-22,17.123726534360156,MODIS-Aqua,Green Red Ratio
2019-04-23,18.363403353811755,MODIS-Aqua,Green Red Ratio
2019-04-24,15.14857709907056,MODIS-Aqua,Green Red Ratio
2019-04-25,14.141246989188092,MODIS-Aqua,Green Red Ratio
2019-04-26,13.050398145305342,MODIS-Aqua,Green Red Ratio
2019-04-27,17.20478083473459,MODIS-Aqua,Green Red Ratio
2019-04-28,15.074732024365135,MODIS-Aqua,Green Red Ratio
2019-04-29,16.364238650296823,MODIS-Aqua,Green Red Ratio
2019-04-30,12.296838471694938,MODIS-Aqua,Green Red Ratio
2019-05-01,16.47600115159117,MODIS-Aqua,Green Red Ratio
2019-05-02,16.158669390097064,MODIS-Aqua,Green Red Ratio
2019-05-03,14.08680363467156,MODIS-Aqua,Green Red Ratio
2019-05-04,17.129854944033273,MODIS-Aqua,Green Red Ratio
2019-05-05,16.41740586759552,MODIS-Aqua,Green Red Ratio
2019-05-06,16.76179054093163,MODIS-Aqua,Green Red Ratio
2019-05-08,20.707665017257362,MODIS-Aqua,Green Red Ratio
2019-05-09,13.521526025401455,MODIS-Aqua,Green Red Ratio
2019-05-10,17.297750886653095,MODIS-Aqua,Green Red Ratio
2019-05-11,18.907845346824256,MODIS-Aqua,Green Red Ratio
2019-05-12,14.421333083477,MODIS-Aqua,Green Red Ratio
2019-05-24,22.51731179023612,MODIS-Aqua,Green Red Ratio
2019-05-28,21.47787665498797,MODIS-Aqua,Green Red Ratio
2019-05-30,19.853297775340696,MODIS-Aqua,Green Red Ratio
2019-05-31,22.580700330152627,MODIS-Aqua,Green Red Ratio
2019-06-02,18.971450548641105,MODIS-Aqua,Green Red Ratio
2019-06-03,21.954663107115252,MODIS-Aqua,Green Red Ratio
2019-06-04,19.477143518725097,MODIS-Aqua,Green Red Ratio
2019-06-05,22.355038285489304,MODIS-Aqua,Green Red Ratio
2019-06-08,26.939996799257894,MODIS-Aqua,Green Red Ratio
2019-06-09,28.080346062792707,MODIS-Aqua,Green Red Ratio
2019-06-11,30.90375800128952,MODIS-Aqua,Green Red Ratio
2019-06-12,28.916920324894363,MODIS-Aqua,Green Red Ratio
2019-06-13,37.32656059492008,MODIS-Aqua,Green Red Ratio
2019-06-14,23.513449263197728,MODIS-Aqua,Green Red Ratio
2019-06-16,37.28953966406788,MODIS-Aqua,Green Red Ratio
2019-06-18,131.91469535404894,MODIS-Aqua,Green Red Ratio
2019-06-19,45.16863020492242,MODIS-Aqua,Green Red Ratio
2019-06-20,68.29170969473493,MODIS-Aqua,Green Red Ratio
2019-06-21,75.89711645764419,MODIS-Aqua,Green Red Ratio
2019-06-22,76.60476272909914,MODIS-Aqua,Green Red Ratio
2019-06-23,86.24555738416684,MODIS-Aqua,Green Red Ratio
2019-06-26,27.18782506472298,MODIS-Aqua,Green Red Ratio
2019-06-28,54.522214894992295,MODIS-Aqua,Green Red Ratio
2019-06-30,89.0355535633507,MODIS-Aqua,Green Red Ratio
2019-07-02,113.47369086737562,MODIS-Aqua,Green Red Ratio
2019-07-03,236.10025113898743,MODIS-Aqua,Green Red Ratio
2019-07-04,82.29570478423794,MODIS-Aqua,Green Red Ratio
2019-07-05,53.49644345757808,MODIS-Aqua,Green Red Ratio
2019-07-07,55.881660498831735,MODIS-Aqua,Green Red Ratio
2019-07-08,93.27116549663963,MODIS-Aqua,Green Red Ratio
2019-07-11,135.44798548966995,MODIS-Aqua,Green Red Ratio
2019-07-12,54.94696179709056,MODIS-Aqua,Green Red Ratio
2019-07-13,117.86674923347606,MODIS-Aqua,Green Red Ratio
2019-07-14,108.537027418327,MODIS-Aqua,Green Red Ratio
2019-07-15,177.34152757183278,MODIS-Aqua,Green Red Ratio
2019-07-16,95.22497046720778,MODIS-Aqua,Green Red Ratio
2019-07-18,207.49312930337044,MODIS-Aqua,Green Red Ratio
2019-07-19,172.77932675050096,MODIS-Aqua,Green Red Ratio
2019-07-20,57.61942795712367,MODIS-Aqua,Green Red Ratio
2019-07-21,41.460424370274325,MODIS-Aqua,Green Red Ratio
2019-07-22,63.84481828462969,MODIS-Aqua,Green Red Ratio
2019-07-23,194.6796602715386,MODIS-Aqua,Green Red Ratio
2019-07-24,70.78185177429916,MODIS-Aqua,Green Red Ratio
2019-07-26,45.75229399640748,MODIS-Aqua,Green Red Ratio
2019-07-27,62.745091980609374,MODIS-Aqua,Green Red Ratio
2019-07-28,46.072282734013605,MODIS-Aqua,Green Red Ratio
2019-07-29,45.7836826961635,MODIS-Aqua,Green Red Ratio
2019-07-30,61.1513552684827,MODIS-Aqua,Green Red Ratio
2019-07-31,50.61395876001382,MODIS-Aqua,Green Red Ratio
2019-08-02,213.79171593914168,MODIS-Aqua,Green Red Ratio
2019-08-03,95.79656967009413,MODIS-Aqua,Green Red Ratio
2019-08-04,65.32744539342728,MODIS-Aqua,Green Red Ratio
2019-08-05,69.6682327400634,MODIS-Aqua,Green Red Ratio
2019-08-08,158.30245342103922,MODIS-Aqua,Green Red Ratio
2019-08-11,207.29727823070348,MODIS-Aqua,Green Red Ratio
2019-08-12,219.00674607720956,MODIS-Aqua,Green Red Ratio
2019-08-13,87.34048004324788,MODIS-Aqua,Green Red Ratio
2019-08-14,114.31225695216051,MODIS-Aqua,Green Red Ratio
2019-08-15,182.83004218348782,MODIS-Aqua,Green Red Ratio
2019-08-16,235.6994376445059,MODIS-Aqua,Green Red Ratio
2019-08-17,93.29618261121013,MODIS-Aqua,Green Red Ratio
2019-08-18,163.24848892766033,MODIS-Aqua,Green Red Ratio
2019-08-19,44.88133518246823,MODIS-Aqua,Green Red Ratio
2019-08-20,254.8932552413872,MODIS-Aqua,Green Red Ratio
2019-08-22,55.50805987355262,MODIS-Aqua,Green Red Ratio
2019-08-23,64.2284400585052,MODIS-Aqua,Green Red Ratio
2019-08-24,134.55227615163005,MODIS-Aqua,Green Red Ratio
2019-08-25,164.05836087605792,MODIS-Aqua,Green Red Ratio
2019-08-26,105.45907399084116,MODIS-Aqua,Green Red Ratio
2019-08-27,48.696296509379344,MODIS-Aqua,Green Red Ratio
2019-08-30,98.80341625747396,MODIS-Aqua,Green Red Ratio
2019-08-31,153.01354291286498,MODIS-Aqua,Green Red Ratio
2019-09-01,108.61281010040452,MODIS-Aqua,Green Red Ratio
2019-09-02,98.2937598646152,MODIS-Aqua,Green Red Ratio
2019-09-03,64.9159241133614,MODIS-Aqua,Green Red Ratio
2019-09-04,110.51603028942937,MODIS-Aqua,Green Red Ratio
2019-09-05,85.69151799560427,MODIS-Aqua,Green Red Ratio
2019-09-06,63.28154294430968,MODIS-Aqua,Green Red Ratio
2019-09-08,61.77661239514955,MODIS-Aqua,Green Red Ratio
2019-09-10,24.068466449718027,MODIS-Aqua,Green Red Ratio
2019-09-11,115.96265837778864,MODIS-Aqua,Green Red Ratio
2019-09-12,73.47517308602902,MODIS-Aqua,Green Red Ratio
2019-09-13,72.25720747296812,MODIS-Aqua,Green Red Ratio
2019-09-14,49.448942375791184,MODIS-Aqua,Green Red Ratio
2019-09-15,41.733251857694704,MODIS-Aqua,Green Red Ratio
2019-09-19,40.34814672385714,MODIS-Aqua,Green Red Ratio
2019-09-20,158.63054563506395,MODIS-Aqua,Green Red Ratio
2019-09-21,216.54888771481106,MODIS-Aqua,Green Red Ratio
2019-09-23,153.6725183062743,MODIS-Aqua,Green Red Ratio
2019-09-24,65.93197615164352,MODIS-Aqua,Green Red Ratio
2019-09-25,75.89711645764416,MODIS-Aqua,Green Red Ratio
2019-09-26,99.33668172723327,MODIS-Aqua,Green Red Ratio
2019-09-27,64.90556915454206,MODIS-Aqua,Green Red Ratio
2019-10-01,102.21452244551556,MODIS-Aqua,Green Red Ratio
2019-10-04,128.23635807247592,MODIS-Aqua,Green Red Ratio
2019-10-05,77.95263798584368,MODIS-Aqua,Green Red Ratio
2019-10-06,75.89711645764419,MODIS-Aqua,Green Red Ratio
2019-10-07,67.53983287352854,MODIS-Aqua,Green Red Ratio
2019-10-08,26.15736809724656,MODIS-Aqua,Green Red Ratio
2019-10-09,32.643472700860904,MODIS-Aqua,Green Red Ratio
2019-10-10,33.58018412324916,MODIS-Aqua,Green Red Ratio
2019-10-11,45.10750674840862,MODIS-Aqua,Green Red Ratio
2019-10-12,32.76169574324191,MODIS-Aqua,Green Red Ratio
2019-10-13,42.10323234187494,MODIS-Aqua,Green Red Ratio
2019-10-14,31.310689439693036,MODIS-Aqua,Green Red Ratio
2019-10-18,20.255893372972945,MODIS-Aqua,Green Red Ratio
2019-10-22,28.994849412837134,MODIS-Aqua,Green Red Ratio
2019-10-23,16.308672530935908,MODIS-Aqua,Green Red Ratio
2019-10-24,17.332739872201433,MODIS-Aqua,Green Red Ratio
2019-10-25,16.031288018755436,MODIS-Aqua,Green Red Ratio
2019-10-26,12.743450488893346,MODIS-Aqua,Green Red Ratio
2019-10-27,12.937119078254874,MODIS-Aqua,Green Red Ratio
2019-10-28,15.331503152366993,MODIS-Aqua,Green Red Ratio
2019-10-29,12.326145797560262,MODIS-Aqua,Green Red Ratio
2019-10-30,11.535453399031908,MODIS-Aqua,Green Red Ratio
2019-10-31,14.01106875432153,MODIS-Aqua,Green Red Ratio
2019-11-01,11.75792389438563,MODIS-Aqua,Green Red Ratio
2019-11-02,13.569640500762421,MODIS-Aqua,Green Red Ratio
2019-11-03,14.899959610229544,MODIS-Aqua,Green Red Ratio
2019-11-04,12.97875751846776,MODIS-Aqua,Green Red Ratio
2019-11-06,13.731104636455726,MODIS-Aqua,Green Red Ratio
2019-11-08,15.770081578985724,MODIS-Aqua,Green Red Ratio
2019-11-10,13.4926011377417,MODIS-Aqua,Green Red Ratio
2019-11-20,12.007234151951335,MODIS-Aqua,Green Red Ratio
2019-11-21,10.691200521227561,MODIS-Aqua,Green Red Ratio
2019-11-22,11.148985631582118,MODIS-Aqua,Green Red Ratio
2019-11-23,14.177115248555973,MODIS-Aqua,Green Red Ratio
2019-11-28,11.904743857543489,MODIS-Aqua,Green Red Ratio
2019-11-29,8.459663484343531,MODIS-Aqua,Green Red Ratio
2019-12-03,9.157879585653957,MODIS-Aqua,Green Red Ratio
2019-12-23,10.856806507493678,MODIS-Aqua,Green Red Ratio
2019-12-30,8.128020931487818,MODIS-Aqua,Green Red Ratio
2020-01-05,13.114945585554906,MODIS-Aqua,Green Red Ratio
2020-01-09,14.168281943101746,MODIS-Aqua,Green Red Ratio
2020-02-03,13.24103742897435,MODIS-Aqua,Green Red Ratio
2020-02-06,9.71680395160808,MODIS-Aqua,Green Red Ratio
2020-02-07,9.96020703429292,MODIS-Aqua,Green Red Ratio
2020-02-09,12.847140586861045,MODIS-Aqua,Green Red Ratio
2020-02-10,9.787765735272014,MODIS-Aqua,Green Red Ratio
2020-02-11,12.356595948785083,MODIS-Aqua,Green Red Ratio
2020-02-12,13.680184556179867,MODIS-Aqua,Green Red Ratio
2020-02-13,11.895565661062935,MODIS-Aqua,Green Red Ratio
2020-02-17,10.95708406817925,MODIS-Aqua,Green Red Ratio
2020-02-18,12.597597735363475,MODIS-Aqua,Green Red Ratio
2020-02-19,11.15299318231053,MODIS-Aqua,Green Red Ratio
2020-02-21,12.5047482280389,MODIS-Aqua,Green Red Ratio
2020-02-22,12.845445242456988,MODIS-Aqua,Green Red Ratio
2020-02-23,12.920290535487512,MODIS-Aqua,Green Red Ratio
2020-02-24,12.556808699135813,MODIS-Aqua,Green Red Ratio
2020-02-25,12.505597714120233,MODIS-Aqua,Green Red Ratio
2020-02-26,10.768282182646125,MODIS-Aqua,Green Red Ratio
2020-02-27,12.472884107377851,MODIS-Aqua,Green Red Ratio
2020-03-01,12.337941958696334,MODIS-Aqua,Green Red Ratio
2020-03-02,11.058592769399848,MODIS-Aqua,Green Red Ratio
2020-03-03,13.763465881419096,MODIS-Aqua,Green Red Ratio
2020-03-04,12.990305532980038,MODIS-Aqua,Green Red Ratio
2020-03-09,19.133740324974543,MODIS-Aqua,Green Red Ratio
2020-03-10,15.05025752615406,MODIS-Aqua,Green Red Ratio
2020-03-12,13.851434681162022,MODIS-Aqua,Green Red Ratio
2020-03-13,14.463684657425965,MODIS-Aqua,Green Red Ratio
2020-03-19,15.893777056735633,MODIS-Aqua,Green Red Ratio
2020-03-20,15.163101472466627,MODIS-Aqua,Green Red Ratio
2020-03-22,15.457250284443395,MODIS-Aqua,Green Red Ratio
2020-03-26,17.00517117978223,MODIS-Aqua,Green Red Ratio
2020-04-01,15.76887832157833,MODIS-Aqua,Green Red Ratio
2020-04-03,15.716812431917651,MODIS-Aqua,Green Red Ratio
2020-04-07,16.474600290668416,MODIS-Aqua,Green Red Ratio
2020-04-08,17.12184475726724,MODIS-Aqua,Green Red Ratio
2020-04-09,16.089441547211997,MODIS-Aqua,Green Red Ratio
2020-04-10,18.945112955772405,MODIS-Aqua,Green Red Ratio
2020-04-12,17.53294231631554,MODIS-Aqua,Green Red Ratio
2020-04-13,18.74706321490778,MODIS-Aqua,Green Red Ratio
2020-04-14,18.8722282005049,MODIS-Aqua,Green Red Ratio
2020-04-15,18.177282363164487,MODIS-Aqua,Green Red Ratio
2020-04-16,15.770741718234623,MODIS-Aqua,Green Red Ratio
2020-04-17,18.76953141824458,MODIS-Aqua,Green Red Ratio
2020-04-19,19.34211546000137,MODIS-Aqua,Green Red Ratio
2020-04-21,19.06421077521292,MODIS-Aqua,Green Red Ratio
2020-04-23,17.63964653275332,MODIS-Aqua,Green Red Ratio
2020-04-26,21.148898852901507,MODIS-Aqua,Green Red Ratio
2020-04-28,20.42143556592674,MODIS-Aqua,Green Red Ratio
2020-04-30,17.53294231631554,MODIS-Aqua,Green Red Ratio
2020-05-03,21.61547937155706,MODIS-Aqua,Green Red Ratio
2020-05-06,19.789248440730294,MODIS-Aqua,Green Red Ratio
2020-05-07,18.879340120880002,MODIS-Aqua,Green Red Ratio
2020-05-08,22.00337276110533,MODIS-Aqua,Green Red Ratio
2020-05-15,23.80802468174266,MODIS-Aqua,Green Red Ratio
2020-05-17,20.708623742852833,MODIS-Aqua,Green Red Ratio
2020-05-19,20.82043659501806,MODIS-Aqua,Green Red Ratio
2020-05-20,16.431125159115062,MODIS-Aqua,Green Red Ratio
2020-05-21,21.70399538271523,MODIS-Aqua,Green Red Ratio
2020-05-22,22.68074141453133,MODIS-Aqua,Green Red Ratio
2020-05-23,21.441706246212018,MODIS-Aqua,Green Red Ratio
2020-05-24,22.114765233285414,MODIS-Aqua,Green Red Ratio
2020-05-26,21.839156393125553,MODIS-Aqua,Green Red Ratio
2020-05-28,22.249065853363476,MODIS-Aqua,Green Red Ratio
2020-06-02,23.68228622366517,MODIS-Aqua,Green Red Ratio
2020-06-04,31.046075870712947,MODIS-Aqua,Green Red Ratio
2020-06-08,24.043092620479907,MODIS-Aqua,Green Red Ratio
2020-06-09,18.820205674901032,MODIS-Aqua,Green Red Ratio
2020-06-13,31.47645501429734,MODIS-Aqua,Green Red Ratio
2020-06-17,32.76169574324191,MODIS-Aqua,Green Red Ratio
2020-06-18,51.0951407772686,MODIS-Aqua,Green Red Ratio
2020-06-21,92.90811448289685,MODIS-Aqua,Green Red Ratio
2020-06-22,86.24555738416684,MODIS-Aqua,Green Red Ratio
2020-06-23,72.6137597344828,MODIS-Aqua,Green Red Ratio
2020-06-25,93.12053383385695,MODIS-Aqua,Green Red Ratio
2020-06-26,28.324698103214036,MODIS-Aqua,Green Red Ratio
2020-06-27,107.81118766626066,MODIS-Aqua,Green Red Ratio
2020-06-29,104.9097313348498,MODIS-Aqua,Green Red Ratio
2020-06-30,127.85862229119013,MODIS-Aqua,Green Red Ratio
2020-07-01,173.62706020488372,MODIS-Aqua,Green Red Ratio
2020-07-02,88.33374153813993,MODIS-Aqua,Green Red Ratio
2020-07-03,42.89453276648928,MODIS-Aqua,Green Red Ratio
2020-07-04,115.56755716819113,MODIS-Aqua,Green Red Ratio
2020-07-05,284.0671118091789,MODIS-Aqua,Green Red Ratio
2020-07-06,210.70366689431805,MODIS-Aqua,Green Red Ratio
2020-07-07,317.7240849104195,MODIS-Aqua,Green Red Ratio
2020-07-08,171.78276923377132,MODIS-Aqua,Green Red Ratio
2020-07-09,71.39067131396972,MODIS-Aqua,Green Red Ratio
2020-07-10,173.5947133882864,MODIS-Aqua,Green Red Ratio
2020-07-11,149.06809694958773,MODIS-Aqua,Green Red Ratio
2020-07-12,60.19007628400353,MODIS-Aqua,Green Red Ratio
2020-07-13,173.15621308749695,MODIS-Aqua,Green Red Ratio
2020-07-14,35.32380519667059,MODIS-Aqua,Green Red Ratio
2020-07-15,81.98199054588328,MODIS-Aqua,Green Red Ratio
2020-07-16,195.45497096193867,MODIS-Aqua,Green Red Ratio
2020-07-17,34.683862359200134,MODIS-Aqua,Green Red Ratio
2020-07-18,57.2864642346958,MODIS-Aqua,Green Red Ratio
2020-07-19,45.271721408227506,MODIS-Aqua,Green Red Ratio
2020-07-20,57.439749515489815,MODIS-Aqua,Green Red Ratio
2020-07-21,49.30927659658757,MODIS-Aqua,Green Red Ratio
2020-07-22,34.80878453796566,MODIS-Aqua,Green Red Ratio
2020-07-23,82.55525153187449,MODIS-Aqua,Green Red Ratio
2020-07-24,119.0480118412118,MODIS-Aqua,Green Red Ratio
2020-07-25,157.9872104872479,MODIS-Aqua,Green Red Ratio
2020-07-26,51.814116150912284,MODIS-Aqua,Green Red Ratio
2020-07-29,82.27517632505807,MODIS-Aqua,Green Red Ratio
2020-07-30,85.59535717754346,MODIS-Aqua,Green Red Ratio
2020-07-31,131.19760624933613,MODIS-Aqua,Green Red Ratio
2020-08-01,210.5774464741195,MODIS-Aqua,Green Red Ratio
2020-08-02,163.43254706380168,MODIS-Aqua,Green Red Ratio
2020-08-03,256.3601300372881,MODIS-Aqua,Green Red Ratio
2020-08-04,83.52725099701568,MODIS-Aqua,Green Red Ratio
2020-08-07,165.53515991909742,MODIS-Aqua,Green Red Ratio
2020-08-08,168.29004221108312,MODIS-Aqua,Green Red Ratio
2020-08-09,105.66273171761404,MODIS-Aqua,Green Red Ratio
2020-08-10,115.85124853428901,MODIS-Aqua,Green Red Ratio
2020-08-11,72.23101620797065,MODIS-Aqua,Green Red Ratio
2020-08-12,126.37415414787198,MODIS-Aqua,Green Red Ratio
2020-08-13,109.9978083367569,MODIS-Aqua,Green Red Ratio
2020-08-14,64.83280159601918,MODIS-Aqua,Green Red Ratio
2020-08-15,46.93934052277459,MODIS-Aqua,Green Red Ratio
2020-08-20,79.65343743867903,MODIS-Aqua,Green Red Ratio
2020-08-30,49.71310444772,MODIS-Aqua,Green Red Ratio
2020-08-31,65.5671009410768,MODIS-Aqua,Green Red Ratio
2020-09-02,108.1788402129776,MODIS-Aqua,Green Red Ratio
2020-09-03,56.09326690016717,MODIS-Aqua,Green Red Ratio
2020-09-06,160.17572568660728,MODIS-Aqua,Green Red Ratio
2020-09-07,72.20711976865319,MODIS-Aqua,Green Red Ratio
2020-09-08,31.654983913886742,MODIS-Aqua,Green Red Ratio
2020-09-09,68.78733712111246,MODIS-Aqua,Green Red Ratio
2020-09-10,37.20603663967356,MODIS-Aqua,Green Red Ratio
2020-09-17,32.64862251494235,MODIS-Aqua,Green Red Ratio
2020-09-19,57.05017781236702,MODIS-Aqua,Green Red Ratio
2020-09-20,73.26955968295636,MODIS-Aqua,Green Red Ratio
2020-09-27,70.07980254504368,MODIS-Aqua,Green Red Ratio
2020-09-28,70.69601033143685,MODIS-Aqua,Green Red Ratio
2020-09-29,109.47574118922039,MODIS-Aqua,Green Red Ratio
2020-10-01,102.44351639101232,MODIS-Aqua,Green Red Ratio
2020-10-03,125.43231508358747,MODIS-Aqua,Green Red Ratio
2020-10-05,46.99709247993582,MODIS-Aqua,Green Red Ratio
2020-10-06,34.56611390143529,MODIS-Aqua,Green Red Ratio
2020-10-11,25.519135588383467,MODIS-Aqua,Green Red Ratio
2020-10-14,26.023718001370593,MODIS-Aqua,Green Red Ratio
2020-10-15,25.093262481144265,MODIS-Aqua,Green Red Ratio
2020-10-16,65.42771809314176,MODIS-Aqua,Green Red Ratio
2020-10-18,102.28700881527631,MODIS-Aqua,Green Red Ratio
2020-10-20,40.50373507654415,MODIS-Aqua,Green Red Ratio
2020-10-22,17.881658629042043,MODIS-Aqua,Green Red Ratio
2020-10-23,26.530523085879594,MODIS-Aqua,Green Red Ratio
2020-10-24,25.48260247963162,MODIS-Aqua,Green Red Ratio
2020-10-25,13.068986647677937,MODIS-Aqua,Green Red Ratio
2020-10-26,30.844940991919177,MODIS-Aqua,Green Red Ratio
2020-10-27,30.232220609042756,MODIS-Aqua,Green Red Ratio
2020-10-28,30.330103314921075,MODIS-Aqua,Green Red Ratio
2020-10-29,27.14772548597185,MODIS-Aqua,Green Red Ratio
2020-10-30,22.587770003112343,MODIS-Aqua,Green Red Ratio
2020-10-31,25.71193469749572,MODIS-Aqua,Green Red Ratio
2020-11-01,35.19833808700993,MODIS-Aqua,Green Red Ratio
2020-11-02,25.443937273070894,MODIS-Aqua,Green Red Ratio
2020-11-03,28.173938221976535,MODIS-Aqua,Green Red Ratio
2020-11-04,22.661724274411753,MODIS-Aqua,Green Red Ratio
2020-11-05,21.39201062713042,MODIS-Aqua,Green Red Ratio
2020-11-06,15.438969430327449,MODIS-Aqua,Green Red Ratio
2020-11-07,11.741084224792845,MODIS-Aqua,Green Red Ratio
2020-11-08,13.582064889561815,MODIS-Aqua,Green Red Ratio
2020-11-11,12.823665303356313,MODIS-Aqua,Green Red Ratio
2020-11-19,8.438042901738418,MODIS-Aqua,Green Red Ratio
2020-11-20,7.977020673818448,MODIS-Aqua,Green Red Ratio
2020-11-21,8.944615485722762,MODIS-Aqua,Green Red Ratio
2020-11-24,9.176549340919374,MODIS-Aqua,Green Red Ratio
2020-11-26,8.769720884286276,MODIS-Aqua,Green Red Ratio
2020-11-27,12.549046575803644,MODIS-Aqua,Green Red Ratio
2020-11-29,9.919786466383375,MODIS-Aqua,Green Red Ratio
2020-12-01,10.964677559917858,MODIS-Aqua,Green Red Ratio
2020-12-02,12.466860652677955,MODIS-Aqua,Green Red Ratio
2020-12-03,14.562016766348416,MODIS-Aqua,Green Red Ratio
2020-12-04,15.5971749693136,MODIS-Aqua,Green Red Ratio
2020-12-05,11.419667552748486,MODIS-Aqua,Green Red Ratio
2020-12-06,10.578320233535235,MODIS-Aqua,Green Red Ratio
2020-12-07,13.51208210688647,MODIS-Aqua,Green Red Ratio
2020-12-08,10.20076989707003,MODIS-Aqua,Green Red Ratio
2020-12-10,12.700318575432034,MODIS-Aqua,Green Red Ratio
2020-12-21,11.650099455025419,MODIS-Aqua,Green Red Ratio
2020-12-23,9.30323336000636,MODIS-Aqua,Green Red Ratio
2020-12-28,9.086156223748718,MODIS-Aqua,Green Red Ratio
2020-12-30,21.954053383390512,MODIS-Aqua,Green Red Ratio
2021-01-07,11.732574631185361,MODIS-Aqua,Green Red Ratio
2021-01-13,12.376657654170739,MODIS-Aqua,Green Red Ratio
2021-01-14,9.188624439855278,MODIS-Aqua,Green Red Ratio
2021-01-18,9.739038726497476,MODIS-Aqua,Green Red Ratio
2021-01-23,12.61368928336307,MODIS-Aqua,Green Red Ratio
2021-01-25,13.950056485389005,MODIS-Aqua,Green Red Ratio
2021-02-03,10.606207346502627,MODIS-Aqua,Green Red Ratio
2021-02-05,10.36031271990944,MODIS-Aqua,Green Red Ratio
2021-02-06,8.46061579758643,MODIS-Aqua,Green Red Ratio
2021-02-07,8.507497765002629,MODIS-Aqua,Green Red Ratio
2021-02-10,9.723151833329512,MODIS-Aqua,Green Red Ratio
2021-02-13,14.537290872934317,MODIS-Aqua,Green Red Ratio
2021-02-22,13.25340154743068,MODIS-Aqua,Green Red Ratio
2021-02-23,9.841891490645926,MODIS-Aqua,Green Red Ratio
2021-02-24,9.138534540116492,MODIS-Aqua,Green Red Ratio
2021-02-25,14.424359758144163,MODIS-Aqua,Green Red Ratio
2021-02-27,9.69479029157988,MODIS-Aqua,Green Red Ratio
2021-02-28,9.476393891327472,MODIS-Aqua,Green Red Ratio
2021-03-01,11.491500352106002,MODIS-Aqua,Green Red Ratio
2021-03-02,10.578320233535235,MODIS-Aqua,Green Red Ratio
2021-03-03,11.319630664107889,MODIS-Aqua,Green Red Ratio
2021-03-04,11.010550230881194,MODIS-Aqua,Green Red Ratio
2021-03-05,7.287348551062033,MODIS-Aqua,Green Red Ratio
2021-03-06,8.768527934267897,MODIS-Aqua,Green Red Ratio
2021-03-12,10.956120655009258,MODIS-Aqua,Green Red Ratio
2021-03-13,11.445814846100271,MODIS-Aqua,Green Red Ratio
2021-03-16,11.016267022861257,MODIS-Aqua,Green Red Ratio
2021-03-21,12.824408810393757,MODIS-Aqua,Green Red Ratio
2021-03-23,11.115082400855343,MODIS-Aqua,Green Red Ratio
2021-03-26,13.320669131959521,MODIS-Aqua,Green Red Ratio
2021-03-27,13.438866950084918,MODIS-Aqua,Green Red Ratio
2021-03-28,12.748362459532768,MODIS-Aqua,Green Red Ratio
2021-03-29,13.187020260609435,MODIS-Aqua,Green Red Ratio
2021-03-30,12.41210371649919,MODIS-Aqua,Green Red Ratio
2021-03-31,14.533410210317054,MODIS-Aqua,Green Red Ratio
2021-04-01,14.432383778212207,MODIS-Aqua,Green Red Ratio
2021-04-04,16.33585776326043,MODIS-Aqua,Green Red Ratio
2021-04-05,13.568284357835491,MODIS-Aqua,Green Red Ratio
2021-04-06,14.690720267546263,MODIS-Aqua,Green Red Ratio
2021-04-07,15.159187483863727,MODIS-Aqua,Green Red Ratio
2021-04-08,11.951622020893996,MODIS-Aqua,Green Red Ratio
2021-04-09,16.64808884551573,MODIS-Aqua,Green Red Ratio
2021-04-10,12.459707066420096,MODIS-Aqua,Green Red Ratio
2021-04-11,13.457050618355357,MODIS-Aqua,Green Red Ratio
2021-04-12,14.59314646782911,MODIS-Aqua,Green Red Ratio
2021-04-14,13.405329679115585,MODIS-Aqua,Green Red Ratio
2021-04-15,14.848888741042364,MODIS-Aqua,Green Red Ratio
2021-04-16,15.491191585150986,MODIS-Aqua,Green Red Ratio
2021-04-17,15.454115737303557,MODIS-Aqua,Green Red Ratio
2021-04-18,18.380869938097383,MODIS-Aqua,Green Red Ratio
2021-04-20,17.241776000260135,MODIS-Aqua,Green Red Ratio
2021-04-21,14.394876755996734,MODIS-Aqua,Green Red Ratio
2021-04-22,15.034351437315825,MODIS-Aqua,Green Red Ratio
2021-04-23,16.148342197709514,MODIS-Aqua,Green Red Ratio
2021-04-27,18.15414284110864,MODIS-Aqua,Green Red Ratio
2021-04-28,18.692293403687525,MODIS-Aqua,Green Red Ratio
2021-05-01,19.640925992039264,MODIS-Aqua,Green Red Ratio
2021-05-02,21.61547937155706,MODIS-Aqua,Green Red Ratio
2021-05-03,19.042001858167968,MODIS-Aqua,Green Red Ratio
2021-05-04,19.49918198852917,MODIS-Aqua,Green Red Ratio
2021-05-06,20.2367935740001,MODIS-Aqua,Green Red Ratio
2021-05-07,15.851470142076632,MODIS-Aqua,Green Red Ratio
2021-05-09,21.033281609880788,MODIS-Aqua,Green Red Ratio
2021-05-10,20.411077690083985,MODIS-Aqua,Green Red Ratio
2021-05-11,20.556371380391717,MODIS-Aqua,Green Red Ratio
2021-05-12,20.596130034109912,MODIS-Aqua,Green Red Ratio
2021-05-13,21.584439469160813,MODIS-Aqua,Green Red Ratio
2021-05-16,20.58647281390189,MODIS-Aqua,Green Red Ratio
2021-05-17,19.85680809781425,MODIS-Aqua,Green Red Ratio
2021-05-18,19.024510994014438,MODIS-Aqua,Green Red Ratio
2021-05-19,16.37951360596102,MODIS-Aqua,Green Red Ratio
2021-05-23,17.6552987996224,MODIS-Aqua,Green Red Ratio
2021-05-24,19.543095643890222,MODIS-Aqua,Green Red Ratio
2021-05-25,18.826267572699372,MODIS-Aqua,Green Red Ratio
2021-05-26,21.24282849124146,MODIS-Aqua,Green Red Ratio
2021-05-28,14.317833881607118,MODIS-Aqua,Green Red Ratio
2021-05-29,20.79720222908504,MODIS-Aqua,Green Red Ratio
2021-05-30,15.113128154832674,MODIS-Aqua,Green Red Ratio
2021-06-01,22.397648775243052,MODIS-Aqua,Green Red Ratio
2021-06-02,22.497850882030342,MODIS-Aqua,Green Red Ratio
2021-06-03,25.58612043723963,MODIS-Aqua,Green Red Ratio
2021-06-04,21.432327661609925,MODIS-Aqua,Green Red Ratio
2021-06-05,19.392953066605244,MODIS-Aqua,Green Red Ratio
2021-06-10,22.539635310558065,MODIS-Aqua,Green Red Ratio
2021-06-15,15.006993634349511,MODIS-Aqua,Green Red Ratio
2021-06-16,38.029161719183456,MODIS-Aqua,Green Red Ratio
2021-06-17,36.84073200419708,MODIS-Aqua,Green Red Ratio
2021-06-18,41.02438967827104,MODIS-Aqua,Green Red Ratio
2021-06-19,48.632999390471234,MODIS-Aqua,Green Red Ratio
2021-06-20,53.687602552032004,MODIS-Aqua,Green Red Ratio
2021-06-21,35.04519258130973,MODIS-Aqua,Green Red Ratio
2021-06-22,59.133352755724445,MODIS-Aqua,Green Red Ratio
2021-06-24,68.81396377591805,MODIS-Aqua,Green Red Ratio
2021-06-25,152.80045396047552,MODIS-Aqua,Green Red Ratio
2021-06-26,129.35661889537778,MODIS-Aqua,Green Red Ratio
2021-06-27,61.187245133545915,MODIS-Aqua,Green Red Ratio
2021-06-28,124.29070559134708,MODIS-Aqua,Green Red Ratio
2021-06-29,25.894157770422463,MODIS-Aqua,Green Red Ratio
2021-06-30,91.16794541369396,MODIS-Aqua,Green Red Ratio
2021-07-02,49.028123747196766,MODIS-Aqua,Green Red Ratio
2021-07-04,76.35827594559728,MODIS-Aqua,Green Red Ratio
2021-07-05,88.48968700165113,MODIS-Aqua,Green Red Ratio
2021-07-06,89.23116546479078,MODIS-Aqua,Green Red Ratio
2021-07-07,99.20225654501647,MODIS-Aqua,Green Red Ratio
2021-07-09,44.83853270034793,MODIS-Aqua,Green Red Ratio
2021-07-15,67.81949416559148,MODIS-Aqua,Green Red Ratio
2021-07-16,55.544288003682865,MODIS-Aqua,Green Red Ratio
2021-07-17,100.25492017191922,MODIS-Aqua,Green Red Ratio
2021-07-18,56.684373515922964,MODIS-Aqua,Green Red Ratio
2021-07-20,58.43541406749735,MODIS-Aqua,Green Red Ratio
2021-07-21,108.14850070227004,MODIS-Aqua,Green Red Ratio
2021-07-22,40.79381111122186,MODIS-Aqua,Green Red Ratio
2021-07-23,94.59277026871467,MODIS-Aqua,Green Red Ratio
2021-07-28,118.61284438983795,MODIS-Aqua,Green Red Ratio
2021-08-03,13.854184854962167,MODIS-Aqua,Green Red Ratio
2021-08-06,40.00317625637872,MODIS-Aqua,Green Red Ratio
2021-08-07,65.87835481817203,MODIS-Aqua,Green Red Ratio
2021-08-08,37.47992197685546,MODIS-Aqua,Green Red Ratio
2021-08-10,417.3428411618172,MODIS-Aqua,Green Red Ratio
2021-08-20,103.89397848639658,MODIS-Aqua,Green Red Ratio
2021-08-26,41.24056903075344,MODIS-Aqua,Green Red Ratio
2021-08-27,123.4347346471714,MODIS-Aqua,Green Red Ratio
2021-08-28,41.425747132265464,MODIS-Aqua,Green Red Ratio
2021-09-01,41.45683971128641,MODIS-Aqua,Green Red Ratio
2021-09-02,71.23069340803538,MODIS-Aqua,Green Red Ratio
2021-09-03,50.413691044609976,MODIS-Aqua,Green Red Ratio
2021-09-07,211.31157686005017,MODIS-Aqua,Green Red Ratio
2021-09-12,202.0457805453344,MODIS-Aqua,Green Red Ratio
2021-09-13,51.97559698493157,MODIS-Aqua,Green Red Ratio
2021-09-14,46.26469515480238,MODIS-Aqua,Green Red Ratio
2021-09-15,44.203587707853394,MODIS-Aqua,Green Red Ratio
2021-09-16,52.89387807413072,MODIS-Aqua,Green Red Ratio
2021-09-17,32.24999739593193,MODIS-Aqua,Green Red Ratio
2021-09-19,25.522439883844978,MODIS-Aqua,Green Red Ratio
2021-09-20,59.117997086949515,MODIS-Aqua,Green Red Ratio
2021-09-21,41.3106962566951,MODIS-Aqua,Green Red Ratio
2021-09-24,66.67263437547734,MODIS-Aqua,Green Red Ratio
2021-09-25,29.329634573695166,MODIS-Aqua,Green Red Ratio
2021-09-26,32.48076694579496,MODIS-Aqua,Green Red Ratio
2021-09-29,80.17815724638069,MODIS-Aqua,Green Red Ratio
2021-09-30,112.68504735599117,MODIS-Aqua,Green Red Ratio
2021-10-01,35.397230124366466,MODIS-Aqua,Green Red Ratio
2021-10-02,37.52836368189248,MODIS-Aqua,Green Red Ratio
2021-10-03,60.22069008687347,MODIS-Aqua,Green Red Ratio
2021-10-04,42.03209504291695,MODIS-Aqua,Green Red Ratio
2021-10-06,44.68448751848614,MODIS-Aqua,Green Red Ratio
2021-10-09,80.22819380926164,MODIS-Aqua,Green Red Ratio
2021-10-10,29.113930684304613,MODIS-Aqua,Green Red Ratio
2021-10-11,12.981807585155902,MODIS-Aqua,Green Red Ratio
2021-10-12,35.350003178255065,MODIS-Aqua,Green Red Ratio
2021-10-13,36.161973249513245,MODIS-Aqua,Green Red Ratio
2021-10-14,62.23765095823124,MODIS-Aqua,Green Red Ratio
2021-10-15,90.5034696303662,MODIS-Aqua,Green Red Ratio
2021-10-16,101.63332512696668,MODIS-Aqua,Green Red Ratio
2021-11-16,12.316674742994193,MODIS-Aqua,Green Red Ratio
2021-11-20,10.319031103693186,MODIS-Aqua,Green Red Ratio
2021-11-21,11.323317316999754,MODIS-Aqua,Green Red Ratio
2021-11-22,8.37825562160034,MODIS-Aqua,Green Red Ratio
2021-11-23,13.767658284045645,MODIS-Aqua,Green Red Ratio
2021-11-24,13.48861834701231,MODIS-Aqua,Green Red Ratio
2021-11-25,14.046413289909344,MODIS-Aqua,Green Red Ratio
2021-11-30,13.616848617502912,MODIS-Aqua,Green Red Ratio
2021-12-01,10.497146043783092,MODIS-Aqua,Green Red Ratio
2021-12-02,17.583638069874993,MODIS-Aqua,Green Red Ratio
2021-12-03,15.311269356098997,MODIS-Aqua,Green Red Ratio
2021-12-05,14.593943922517028,MODIS-Aqua,Green Red Ratio
2021-12-14,16.31038949713902,MODIS-Aqua,Green Red Ratio
2022-02-08,22.0068134974495,MODIS-Aqua,Green Red Ratio
2022-02-11,32.28562271670101,MODIS-Aqua,Green Red Ratio
2022-02-12,28.391425346405523,MODIS-Aqua,Green Red Ratio
2022-02-13,24.12273023783958,MODIS-Aqua,Green Red Ratio
2022-02-15,18.60268795139751,MODIS-Aqua,Green Red Ratio
2022-02-16,26.0966001948894,MODIS-Aqua,Green Red Ratio
2022-02-17,22.092353446482537,MODIS-Aqua,Green Red Ratio
2022-02-18,22.909007116075625,MODIS-Aqua,Green Red Ratio
2022-02-19,26.423744985750083,MODIS-Aqua,Green Red Ratio
2022-02-20,21.273374744051935,MODIS-Aqua,Green Red Ratio
2022-02-22,19.87628454566596,MODIS-Aqua,Green Red Ratio
2022-02-24,16.375770180607013,MODIS-Aqua,Green Red Ratio
2022-02-25,18.928429626018847,MODIS-Aqua,Green Red Ratio
2022-03-06,18.92099721419195,MODIS-Aqua,Green Red Ratio
2022-03-07,17.100694154482042,MODIS-Aqua,Green Red Ratio
2022-03-08,20.741888187130634,MODIS-Aqua,Green Red Ratio
2022-03-10,15.434308597419589,MODIS-Aqua,Green Red Ratio
2022-03-14,19.07753618542577,MODIS-Aqua,Green Red Ratio
2022-03-16,20.723670519812572,MODIS-Aqua,Green Red Ratio
2022-03-17,19.92557928768078,MODIS-Aqua,Green Red Ratio
2022-03-22,22.08013493992546,MODIS-Aqua,Green Red Ratio
2022-03-24,20.681498991717785,MODIS-Aqua,Green Red Ratio
2022-03-29,20.83718368667185,MODIS-Aqua,Green Red Ratio
2022-04-21,13.103014809054724,MODIS-Aqua,Green Red Ratio
2022-04-23,15.084218799111778,MODIS-Aqua,Green Red Ratio
2022-04-24,16.86325095189266,MODIS-Aqua,Green Red Ratio
2022-04-26,17.382633456764562,MODIS-Aqua,Green Red Ratio
2022-04-27,17.370581473488794,MODIS-Aqua,Green Red Ratio
2022-05-01,16.65871446481353,MODIS-Aqua,Green Red Ratio
2022-05-02,12.627222067155042,MODIS-Aqua,Green Red Ratio
2022-05-03,16.295086259595088,MODIS-Aqua,Green Red Ratio
2022-05-04,15.224072838848127,MODIS-Aqua,Green Red Ratio
2022-05-16,20.660867187093917,MODIS-Aqua,Green Red Ratio
2022-05-17,18.28255200533801,MODIS-Aqua,Green Red Ratio
2022-05-20,20.576630898598708,MODIS-Aqua,Green Red Ratio
2022-05-21,24.356010329133994,MODIS-Aqua,Green Red Ratio
2022-05-23,20.747493498500905,MODIS-Aqua,Green Red Ratio
2022-05-24,17.839488138485045,MODIS-Aqua,Green Red Ratio
2022-05-25,17.596665091271724,MODIS-Aqua,Green Red Ratio
2022-05-31,20.242804050635968,MODIS-Aqua,Green Red Ratio
2022-06-12,17.018527902376295,MODIS-Aqua,Green Red Ratio
2022-06-18,25.418320951279036,MODIS-Aqua,Green Red Ratio
2022-06-19,26.30755416171075,MODIS-Aqua,Green Red Ratio
2022-06-21,21.911873010859637,MODIS-Aqua,Green Red Ratio
2022-06-22,30.410782763650367,MODIS-Aqua,Green Red Ratio
2022-06-23,33.503284615012966,MODIS-Aqua,Green Red Ratio
2022-06-24,34.638188055135906,MODIS-Aqua,Green Red Ratio
2022-06-25,30.468942558399924,MODIS-Aqua,Green Red Ratio
2022-06-26,31.996678342252075,MODIS-Aqua,Green Red Ratio
2022-06-27,40.3316561073803,MODIS-Aqua,Green Red Ratio
2022-06-28,20.578834222903506,MODIS-Aqua,Green Red Ratio
2022-06-29,46.16977323143815,MODIS-Aqua,Green Red Ratio
2022-07-01,45.90286972951788,MODIS-Aqua,Green Red Ratio
2022-07-08,60.56376417004974,MODIS-Aqua,Green Red Ratio
2022-07-10,68.28419479499046,MODIS-Aqua,Green Red Ratio
2022-07-11,62.801976257142,MODIS-Aqua,Green Red Ratio
2022-07-14,58.68616964461764,MODIS-Aqua,Green Red Ratio
2022-07-15,101.47591937950584,MODIS-Aqua,Green Red Ratio
2022-07-17,164.86455354094983,MODIS-Aqua,Green Red Ratio
2022-07-18,101.02441731795567,MODIS-Aqua,Green Red Ratio
2022-07-19,101.57887726974423,MODIS-Aqua,Green Red Ratio
2022-07-20,156.32778644753913,MODIS-Aqua,Green Red Ratio
2022-07-21,168.02028883005758,MODIS-Aqua,Green Red Ratio
2022-07-22,180.41073396386903,MODIS-Aqua,Green Red Ratio
2022-07-23,239.25070263357497,MODIS-Aqua,Green Red Ratio
2022-07-24,124.16145295381754,MODIS-Aqua,Green Red Ratio
2022-07-26,53.11392713036347,MODIS-Aqua,Green Red Ratio
2022-07-28,85.03884638868794,MODIS-Aqua,Green Red Ratio
2022-07-31,26.3953211873031,MODIS-Aqua,Green Red Ratio
2022-08-03,112.63041623027591,MODIS-Aqua,Green Red Ratio
2022-08-04,102.40620119395295,MODIS-Aqua,Green Red Ratio
2022-08-06,55.04339317567225,MODIS-Aqua,Green Red Ratio
2022-08-07,59.05757539591319,MODIS-Aqua,Green Red Ratio
2022-08-08,109.52158349691345,MODIS-Aqua,Green Red Ratio
2022-08-10,62.27845991596116,MODIS-Aqua,Green Red Ratio
2022-08-11,223.36729615197692,MODIS-Aqua,Green Red Ratio
2022-08-12,172.9666184219773,MODIS-Aqua,Green Red Ratio
2022-08-13,158.83857936794485,MODIS-Aqua,Green Red Ratio
2022-08-14,92.40763956648608,MODIS-Aqua,Green Red Ratio
2022-08-15,95.21627397584098,MODIS-Aqua,Green Red Ratio
2022-08-16,133.21931758819036,MODIS-Aqua,Green Red Ratio
2022-08-17,37.26224789155588,MODIS-Aqua,Green Red Ratio
2022-08-19,86.05405041387287,MODIS-Aqua,Green Red Ratio
2022-08-20,97.26178749208098,MODIS-Aqua,Green Red Ratio
2022-08-21,35.71461079577011,MODIS-Aqua,Green Red Ratio
2022-08-22,117.68612594627615,MODIS-Aqua,Green Red Ratio
2022-08-23,115.75392872665927,MODIS-Aqua,Green Red Ratio
2022-08-24,80.52941431856951,MODIS-Aqua,Green Red Ratio
2022-08-25,52.38607731652189,MODIS-Aqua,Green Red Ratio
2022-08-26,483.26626683698095,MODIS-Aqua,Green Red Ratio
2022-08-28,72.19231900008857,MODIS-Aqua,Green Red Ratio
2022-08-29,52.70669735455182,MODIS-Aqua,Green Red Ratio
2022-08-30,38.30155628479424,MODIS-Aqua,Green Red Ratio
2022-08-31,52.69652967522037,MODIS-Aqua,Green Red Ratio
2022-09-01,75.32503984953449,MODIS-Aqua,Green Red Ratio
2022-09-02,41.20663341946092,MODIS-Aqua,Green Red Ratio
2022-09-03,43.03557847694109,MODIS-Aqua,Green Red Ratio
2022-09-04,18.610912516999512,MODIS-Aqua,Green Red Ratio
2022-09-05,128.08564063499566,MODIS-Aqua,Green Red Ratio
2022-09-08,27.636649164938383,MODIS-Aqua,Green Red Ratio
2022-09-09,45.82968971166078,MODIS-Aqua,Green Red Ratio
2022-09-12,39.645824418554305,MODIS-Aqua,Green Red Ratio
2022-09-13,33.27321048833237,MODIS-Aqua,Green Red Ratio
2022-09-15,180.24886387994437,MODIS-Aqua,Green Red Ratio
2022-09-16,171.7016779163899,MODIS-Aqua,Green Red Ratio
2022-09-19,90.60437718831737,MODIS-Aqua,Green Red Ratio
2022-09-22,142.21829852726486,MODIS-Aqua,Green Red Ratio
2022-09-23,132.4586612253981,MODIS-Aqua,Green Red Ratio
2022-09-24,43.32750498235141,MODIS-Aqua,Green Red Ratio
2022-09-25,107.58260479860586,MODIS-Aqua,Green Red Ratio
2022-09-26,105.13445600470735,MODIS-Aqua,Green Red Ratio
2022-09-28,65.96663897544231,MODIS-Aqua,Green Red Ratio
2022-09-29,186.9102232057391,MODIS-Aqua,Green Red Ratio
2022-09-30,64.20791819823519,MODIS-Aqua,Green Red Ratio
2022-10-01,80.67806091834784,MODIS-Aqua,Green Red Ratio
2022-10-02,49.50939612471602,MODIS-Aqua,Green Red Ratio
2022-10-03,76.05996057413532,MODIS-Aqua,Green Red Ratio
2022-10-04,77.03138774405751,MODIS-Aqua,Green Red Ratio
2022-10-05,109.86884865139197,MODIS-Aqua,Green Red Ratio
2022-10-06,114.19950014531955,MODIS-Aqua,Green Red Ratio
2022-10-07,71.951141453547,MODIS-Aqua,Green Red Ratio
2022-10-08,60.329026865111175,MODIS-Aqua,Green Red Ratio
2022-10-09,274.67031995274493,MODIS-Aqua,Green Red Ratio
2022-10-10,44.33976365357009,MODIS-Aqua,Green Red Ratio
2022-10-11,62.684989845563,MODIS-Aqua,Green Red Ratio
2022-10-12,66.41378465744754,MODIS-Aqua,Green Red Ratio
2022-10-13,101.74178916690092,MODIS-Aqua,Green Red Ratio
2022-10-14,64.45263881973851,MODIS-Aqua,Green Red Ratio
2022-10-15,58.36264318939091,MODIS-Aqua,Green Red Ratio
2022-10-16,63.98111292050728,MODIS-Aqua,Green Red Ratio
2022-10-17,63.68796640167734,MODIS-Aqua,Green Red Ratio
2022-10-18,161.83782075810777,MODIS-Aqua,Green Red Ratio
2022-10-19,89.06438490949877,MODIS-Aqua,Green Red Ratio
2022-10-20,70.7818517742992,MODIS-Aqua,Green Red Ratio
2022-10-23,29.668492948280964,MODIS-Aqua,Green Red Ratio
2022-10-25,57.93027366992151,MODIS-Aqua,Green Red Ratio
2022-10-27,91.6143296166119,MODIS-Aqua,Green Red Ratio
2022-10-29,46.20528880339421,MODIS-Aqua,Green Red Ratio
2022-10-31,47.185215898019635,MODIS-Aqua,Green Red Ratio
2022-11-03,24.467703036354273,MODIS-Aqua,Green Red Ratio
2022-11-06,12.148056987723283,MODIS-Aqua,Green Red Ratio
2022-11-09,15.16392548378793,MODIS-Aqua,Green Red Ratio
2022-11-13,14.158943226610747,MODIS-Aqua,Green Red Ratio
2022-11-14,16.660253941372112,MODIS-Aqua,Green Red Ratio
2022-11-15,14.991522671613946,MODIS-Aqua,Green Red Ratio
2022-11-16,15.835372529488255,MODIS-Aqua,Green Red Ratio
2022-11-18,13.372311398868504,MODIS-Aqua,Green Red Ratio
2022-11-19,13.714881280573374,MODIS-Aqua,Green Red Ratio
2022-11-23,13.23268054158199,MODIS-Aqua,Green Red Ratio
2022-11-24,7.022043106311208,MODIS-Aqua,Green Red Ratio
2022-11-26,10.145390061699185,MODIS-Aqua,Green Red Ratio
2022-12-07,26.46754736228148,MODIS-Aqua,Green Red Ratio
2023-01-17,15.839613992338721,MODIS-Aqua,Green Red Ratio
2023-01-19,17.833060810914244,MODIS-Aqua,Green Red Ratio
2023-01-20,18.914814076361413,MODIS-Aqua,Green Red Ratio
2023-01-22,19.480634405214055,MODIS-Aqua,Green Red Ratio
2023-01-23,12.800317383306584,MODIS-Aqua,Green Red Ratio
2023-01-29,11.459451340428735,MODIS-Aqua,Green Red Ratio
2023-02-07,12.17782595008482,MODIS-Aqua,Green Red Ratio
2023-02-09,14.2399805241508,MODIS-Aqua,Green Red Ratio
2023-02-11,13.357274882837892,MODIS-Aqua,Green Red Ratio
2023-02-12,20.462043076380148,MODIS-Aqua,Green Red Ratio
2023-02-14,17.802683899691935,MODIS-Aqua,Green Red Ratio
2023-02-15,17.90382444352688,MODIS-Aqua,Green Red Ratio
2023-02-17,17.31837554340779,MODIS-Aqua,Green Red Ratio
2023-02-19,18.5880884886116,MODIS-Aqua,Green Red Ratio
2023-02-25,13.638377996437816,MODIS-Aqua,Green Red Ratio
2023-03-16,17.578032573641302,MODIS-Aqua,Green Red Ratio
2023-03-17,20.471165549951547,MODIS-Aqua,Green Red Ratio
2023-03-25,19.06421077521292,MODIS-Aqua,Green Red Ratio
2023-03-26,20.313087774905505,MODIS-Aqua,Green Red Ratio
2023-04-11,25.20459340460506,MODIS-Aqua,Green Red Ratio
2023-04-12,23.102737093420217,MODIS-Aqua,Green Red Ratio
2023-04-13,23.58984992425662,MODIS-Aqua,Green Red Ratio
2023-04-14,24.21777893356313,MODIS-Aqua,Green Red Ratio
2023-04-22,22.741305814674458,MODIS-Aqua,Green Red Ratio
2023-04-25,25.384378378605316,MODIS-Aqua,Green Red Ratio
2023-04-26,18.53366435901639,MODIS-Aqua,Green Red Ratio
2023-04-27,21.272701598309997,MODIS-Aqua,Green Red Ratio
2023-04-28,23.467268476461815,MODIS-Aqua,Green Red Ratio
2023-04-29,27.242340677003792,MODIS-Aqua,Green Red Ratio
2023-04-30,13.798481346340816,MODIS-Aqua,Green Red Ratio
2023-05-02,20.569393065278696,MODIS-Aqua,Green Red Ratio
2023-05-03,24.028719952319125,MODIS-Aqua,Green Red Ratio
2023-05-09,25.970840648212718,MODIS-Aqua,Green Red Ratio
2023-05-11,22.820972528285377,MODIS-Aqua,Green Red Ratio
2023-05-12,25.165794559573147,MODIS-Aqua,Green Red Ratio
2023-05-13,23.239872492430017,MODIS-Aqua,Green Red Ratio
2023-05-16,27.15480136651439,MODIS-Aqua,Green Red Ratio
2023-05-17,26.648633186195013,MODIS-Aqua,Green Red Ratio
2023-05-18,23.227021425933742,MODIS-Aqua,Green Red Ratio
2023-05-19,57.8600616984305,MODIS-Aqua,Green Red Ratio
2023-05-20,26.648633186195042,MODIS-Aqua,Green Red Ratio
2023-05-21,23.51250082347419,MODIS-Aqua,Green Red Ratio
2023-05-24,21.816024351236994,MODIS-Aqua,Green Red Ratio
2023-05-25,23.022738879534643,MODIS-Aqua,Green Red Ratio
2023-05-26,86.78578133457655,MODIS-Aqua,Green Red Ratio
2023-05-29,27.22270247528862,MODIS-Aqua,Green Red Ratio
2023-05-30,27.46347725965304,MODIS-Aqua,Green Red Ratio
2023-05-31,22.327984899470973,MODIS-Aqua,Green Red Ratio
2023-06-02,71.7824791473436,MODIS-Aqua,Green Red Ratio
2023-06-03,26.23481007440488,MODIS-Aqua,Green Red Ratio
2023-06-04,25.27904252664929,MODIS-Aqua,Green Red Ratio
2023-06-07,26.93168087196633,MODIS-Aqua,Green Red Ratio
2023-06-08,20.093336492223372,MODIS-Aqua,Green Red Ratio
2023-06-10,31.82014747784237,MODIS-Aqua,Green Red Ratio
2023-06-11,22.674844394936628,MODIS-Aqua,Green Red Ratio
2023-06-12,13.150572597634326,MODIS-Aqua,Green Red Ratio
2023-06-15,20.588009782603308,MODIS-Aqua,Green Red Ratio
2023-06-16,32.021464584290634,MODIS-Aqua,Green Red Ratio
2023-06-18,28.291061570332925,MODIS-Aqua,Green Red Ratio
2023-06-19,21.0618364275198,MODIS-Aqua,Green Red Ratio
2023-06-20,38.18294458546175,MODIS-Aqua,Green Red Ratio
2023-06-21,27.17263088523171,MODIS-Aqua,Green Red Ratio
2023-06-26,22.280819330112937,MODIS-Aqua,Green Red Ratio
2023-06-29,29.19533424744673,MODIS-Aqua,Green Red Ratio
2023-06-30,31.697413373187327,MODIS-Aqua,Green Red Ratio
2023-07-01,30.224399861227823,MODIS-Aqua,Green Red Ratio
2023-07-02,34.940029029068484,MODIS-Aqua,Green Red Ratio
2023-07-03,24.196577575696395,MODIS-Aqua,Green Red Ratio
2023-07-04,37.6191663831105,MODIS-Aqua,Green Red Ratio
2023-07-05,369.66870639217717,MODIS-Aqua,Green Red Ratio
2023-07-06,40.50373507654415,MODIS-Aqua,Green Red Ratio
2023-07-07,28.487921076537145,MODIS-Aqua,Green Red Ratio
2023-07-08,29.167945467967332,MODIS-Aqua,Green Red Ratio
2023-07-09,71.96354469128302,MODIS-Aqua,Green Red Ratio
2023-07-10,72.93048015123642,MODIS-Aqua,Green Red Ratio
2023-07-11,113.18291098111236,MODIS-Aqua,Green Red Ratio
2023-07-12,103.16074570310434,MODIS-Aqua,Green Red Ratio
2023-07-13,93.24111178751735,MODIS-Aqua,Green Red Ratio
2023-07-14,134.79127946952556,MODIS-Aqua,Green Red Ratio
2023-07-15,114.42039966017582,MODIS-Aqua,Green Red Ratio
2023-07-16,53.202050694879155,MODIS-Aqua,Green Red Ratio
2023-07-17,206.63076497450584,MODIS-Aqua,Green Red Ratio
2023-07-18,124.99719261971285,MODIS-Aqua,Green Red Ratio
2023-07-19,122.94579865254795,MODIS-Aqua,Green Red Ratio
2023-07-20,117.45516129906824,MODIS-Aqua,Green Red Ratio
2023-07-21,97.29480068353651,MODIS-Aqua,Green Red Ratio
2023-07-22,180.84413370645902,MODIS-Aqua,Green Red Ratio
2023-07-24,89.07901067881244,MODIS-Aqua,Green Red Ratio
2023-07-25,303.15230537620437,MODIS-Aqua,Green Red Ratio
2023-07-26,85.03884638868794,MODIS-Aqua,Green Red Ratio
2023-07-27,168.9180588078849,MODIS-Aqua,Green Red Ratio
2023-07-28,190.1856393765664,MODIS-Aqua,Green Red Ratio
2023-07-29,70.05925979104435,MODIS-Aqua,Green Red Ratio
2023-07-30,159.5590041574148,MODIS-Aqua,Green Red Ratio
2023-07-31,180.81509069033027,MODIS-Aqua,Green Red Ratio
2023-08-01,105.0572477714857,MODIS-Aqua,Green Red Ratio
2023-08-04,80.24617837992898,MODIS-Aqua,Green Red Ratio
2023-08-05,102.09736611088968,MODIS-Aqua,Green Red Ratio
2023-08-06,90.47312203155448,MODIS-Aqua,Green Red Ratio
2023-08-08,78.39412805644078,MODIS-Aqua,Green Red Ratio
2023-08-09,72.00308927833251,MODIS-Aqua,Green Red Ratio
2023-08-10,78.62256308123516,MODIS-Aqua,Green Red Ratio
2023-08-11,65.70282809193945,MODIS-Aqua,Green Red Ratio
2023-08-12,37.548646558714616,MODIS-Aqua,Green Red Ratio
2023-08-13,63.05288036602355,MODIS-Aqua,Green Red Ratio
2023-08-14,56.04829681085761,MODIS-Aqua,Green Red Ratio
2023-08-15,72.07176234594041,MODIS-Aqua,Green Red Ratio
2023-08-17,41.812313497672534,MODIS-Aqua,Green Red Ratio
2023-08-23,69.81347946889844,MODIS-Aqua,Green Red Ratio
2023-08-24,64.82157596030372,MODIS-Aqua,Green Red Ratio
2023-08-26,83.71502456562419,MODIS-Aqua,Green Red Ratio
2023-08-27,84.97553155982447,MODIS-Aqua,Green Red Ratio
2023-08-29,42.56456706996638,MODIS-Aqua,Green Red Ratio
2023-08-30,116.04376469074528,MODIS-Aqua,Green Red Ratio
2023-09-03,413.4457838224162,MODIS-Aqua,Green Red Ratio
2023-09-04,69.9386855651368,MODIS-Aqua,Green Red Ratio
2023-09-05,87.68769177704243,MODIS-Aqua,Green Red Ratio
2023-09-07,42.46541999720948,MODIS-Aqua,Green Red Ratio
2023-09-09,54.201175286146906,MODIS-Aqua,Green Red Ratio
2023-09-10,44.673370725131555,MODIS-Aqua,Green Red Ratio
2023-09-12,60.94442734647418,MODIS-Aqua,Green Red Ratio
2023-09-13,49.10274743266274,MODIS-Aqua,Green Red Ratio
2023-09-14,63.65914765855052,MODIS-Aqua,Green Red Ratio
2023-09-15,62.31396091190988,MODIS-Aqua,Green Red Ratio
2023-09-16,42.72481507666231,MODIS-Aqua,Green Red Ratio
2023-09-17,38.47390650633443,MODIS-Aqua,Green Red Ratio
2023-09-19,47.71358876179258,MODIS-Aqua,Green Red Ratio
2023-09-20,40.16600806183368,MODIS-Aqua,Green Red Ratio
2023-09-21,26.203879082917886,MODIS-Aqua,Green Red Ratio
2023-09-22,41.92834743828465,MODIS-Aqua,Green Red Ratio
2023-09-27,41.806727766196744,MODIS-Aqua,Green Red Ratio
2023-09-28,34.559166882663504,MODIS-Aqua,Green Red Ratio
2023-10-01,37.42530927666949,MODIS-Aqua,Green Red Ratio
2023-10-04,31.658539779501833,MODIS-Aqua,Green Red Ratio
2023-10-05,34.10309368173614,MODIS-Aqua,Green Red Ratio
2023-10-06,35.69655256716771,MODIS-Aqua,Green Red Ratio
2023-10-07,33.171808664502294,MODIS-Aqua,Green Red Ratio
2023-10-08,33.85105113403369,MODIS-Aqua,Green Red Ratio
2023-10-12,31.506705450541357,MODIS-Aqua,Green Red Ratio
2023-10-17,38.351239433525585,MODIS-Aqua,Green Red Ratio
2023-10-18,38.50716616735897,MODIS-Aqua,Green Red Ratio
2023-10-19,41.861524152155965,MODIS-Aqua,Green Red Ratio
2023-10-23,31.81685729966651,MODIS-Aqua,Green Red Ratio
2023-10-26,30.23876404676429,MODIS-Aqua,Green Red Ratio
2023-10-27,18.863338687281107,MODIS-Aqua,Green Red Ratio
2023-10-28,27.48997504832114,MODIS-Aqua,Green Red Ratio
2023-10-29,27.31108012723936,MODIS-Aqua,Green Red Ratio
2023-10-30,32.21530055715629,MODIS-Aqua,Green Red Ratio
2023-10-31,33.23275760566587,MODIS-Aqua,Green Red Ratio
2023-11-08,28.872976704842845,MODIS-Aqua,Green Red Ratio
2023-11-11,28.704918658309143,MODIS-Aqua,Green Red Ratio
2023-11-17,32.498431849931386,MODIS-Aqua,Green Red Ratio
2023-11-20,27.14593783448257,MODIS-Aqua,Green Red Ratio
2023-11-21,36.28248271937352,MODIS-Aqua,Green Red Ratio
2023-11-23,18.82724872724462,MODIS-Aqua,Green Red Ratio
2023-11-24,24.5081715666769,MODIS-Aqua,Green Red Ratio
2023-11-25,28.479691314116696,MODIS-Aqua,Green Red Ratio
2023-11-26,26.76043324219739,MODIS-Aqua,Green Red Ratio
2023-11-27,24.437511546207887,MODIS-Aqua,Green Red Ratio
2023-11-28,29.06281524844332,MODIS-Aqua,Green Red Ratio
2023-12-12,25.867277906306256,MODIS-Aqua,Green Red Ratio
2023-12-16,31.14074100659441,MODIS-Aqua,Green Red Ratio
2024-01-05,28.65308183802575,MODIS-Aqua,Green Red Ratio
2024-01-06,28.812013400931317,MODIS-Aqua,Green Red Ratio
2024-01-29,28.111629472299153,MODIS-Aqua,Green Red Ratio
2024-02-03,14.781623319333859,MODIS-Aqua,Green Red Ratio
2024-02-11,19.51141962325423,MODIS-Aqua,Green Red Ratio
2024-02-13,20.729215092639443,MODIS-Aqua,Green Red Ratio
2024-02-22,26.347182175465804,MODIS-Aqua,Green Red Ratio
2024-02-23,25.934698312989685,MODIS-Aqua,Green Red Ratio
2024-02-24,29.95047821182469,MODIS-Aqua,Green Red Ratio
2024-03-01,19.170794427650424,MODIS-Aqua,Green Red Ratio
2024-03-06,21.687040651977526,MODIS-Aqua,Green Red Ratio
2024-03-07,23.845571003560487,MODIS-Aqua,Green Red Ratio
2024-03-08,24.325991634714605,MODIS-Aqua,Green Red Ratio
2024-03-12,23.25640887778734,MODIS-Aqua,Green Red Ratio
2024-03-13,20.71237064474439,MODIS-Aqua,Green Red Ratio
2024-03-14,23.595996250215915,MODIS-Aqua,Green Red Ratio
2024-03-15,21.670955279859268,MODIS-Aqua,Green Red Ratio
2024-03-16,24.02871995231915,MODIS-Aqua,Green Red Ratio
2024-03-18,21.637002260415322,MODIS-Aqua,Green Red Ratio
2024-03-19,24.624603882099173,MODIS-Aqua,Green Red Ratio
2024-03-24,25.14757537876514,MODIS-Aqua,Green Red Ratio
2024-03-25,24.730624735153945,MODIS-Aqua,Green Red Ratio
2024-03-26,22.869497636011847,MODIS-Aqua,Green Red Ratio
2024-03-31,17.7115082634457,MODIS-Aqua,Green Red Ratio
2024-04-01,18.235637642564093,MODIS-Aqua,Green Red Ratio
2024-04-04,19.78703038722015,MODIS-Aqua,Green Red Ratio
2024-04-05,18.10130127112356,MODIS-Aqua,Green Red Ratio
2024-04-09,20.709500797754345,MODIS-Aqua,Green Red Ratio
2024-04-10,28.45410931127049,MODIS-Aqua,Green Red Ratio
2024-04-11,28.45410931127049,MODIS-Aqua,Green Red Ratio
2024-04-15,30.497023737536242,MODIS-Aqua,Green Red Ratio
2024-04-17,26.294002177612082,MODIS-Aqua,Green Red Ratio
2024-04-18,30.796896319813612,MODIS-Aqua,Green Red Ratio
2024-04-19,32.08229923147718,MODIS-Aqua,Green Red Ratio
2024-04-28,27.977463726350724,MODIS-Aqua,Green Red Ratio
2024-04-30,28.870740370634795,MODIS-Aqua,Green Red Ratio
2024-05-02,26.29058791642839,MODIS-Aqua,Green Red Ratio
2024-05-07,23.087288748125317,MODIS-Aqua,Green Red Ratio
2024-05-08,24.470199157531503,MODIS-Aqua,Green Red Ratio
2024-05-09,28.988480278228536,MODIS-Aqua,Green Red Ratio
2024-05-10,29.04999536192288,MODIS-Aqua,Green Red Ratio
2024-05-11,30.480158702092016,MODIS-Aqua,Green Red Ratio
2024-05-12,29.131313971048716,MODIS-Aqua,Green Red Ratio
2024-05-13,30.126389055442797,MODIS-Aqua,Green Red Ratio
2024-05-14,24.13031260263133,MODIS-Aqua,Green Red Ratio
2024-05-15,21.97430263652396,MODIS-Aqua,Green Red Ratio
2024-05-17,22.14938899607339,MODIS-Aqua,Green Red Ratio
2024-05-19,21.939547821337758,MODIS-Aqua,Green Red Ratio
2024-05-20,22.61490477952497,MODIS-Aqua,Green Red Ratio
2024-05-21,20.01999504843681,MODIS-Aqua,Green Red Ratio
2024-05-22,19.83665469746065,MODIS-Aqua,Green Red Ratio
2024-05-23,24.106002983119932,MODIS-Aqua,Green Red Ratio
2024-05-26,23.949268413160347,MODIS-Aqua,Green Red Ratio
2024-05-27,24.560399177096926,MODIS-Aqua,Green Red Ratio
2024-05-29,18.33093085799336,MODIS-Aqua,Green Red Ratio
2024-05-31,22.257312850420433,MODIS-Aqua,Green Red Ratio
2024-06-05,29.02100003848163,MODIS-Aqua,Green Red Ratio
2024-06-06,31.59886659666247,MODIS-Aqua,Green Red Ratio
2024-06-07,30.743964005846443,MODIS-Aqua,Green Red Ratio
2024-06-08,25.95097402633806,MODIS-Aqua,Green Red Ratio
2024-06-10,38.15230390143835,MODIS-Aqua,Green Red Ratio
2024-06-11,38.47967397924874,MODIS-Aqua,Green Red Ratio
2024-06-12,38.404520295200214,MODIS-Aqua,Green Red Ratio
2024-06-13,42.630837803587745,MODIS-Aqua,Green Red Ratio
2024-06-15,18.73483393883352,MODIS-Aqua,Green Red Ratio
2024-06-17,42.72296110798724,MODIS-Aqua,Green Red Ratio
2024-06-18,41.56264371012017,MODIS-Aqua,Green Red Ratio
2024-06-19,36.862564327886574,MODIS-Aqua,Green Red Ratio
2024-06-21,41.01738042123805,MODIS-Aqua,Green Red Ratio
2024-06-22,42.68831445619198,MODIS-Aqua,Green Red Ratio
2024-06-23,51.317202838124466,MODIS-Aqua,Green Red Ratio
2024-06-24,39.31969879875263,MODIS-Aqua,Green Red Ratio
2024-06-26,98.76339403406783,MODIS-Aqua,Green Red Ratio
2024-06-27,29.420537791562847,MODIS-Aqua,Green Red Ratio
2024-06-28,38.33287313564453,MODIS-Aqua,Green Red Ratio
2024-07-01,22.738365471999142,MODIS-Aqua,Green Red Ratio
2024-07-02,42.31061094185246,MODIS-Aqua,Green Red Ratio
2024-07-04,38.300400460207776,MODIS-Aqua,Green Red Ratio
2024-07-05,57.86704395603767,MODIS-Aqua,Green Red Ratio
2024-07-06,53.51464801763011,MODIS-Aqua,Green Red Ratio
2024-07-07,46.86394695115333,MODIS-Aqua,Green Red Ratio
2024-07-09,83.07874657705898,MODIS-Aqua,Green Red Ratio
2024-07-10,256.3053073984912,MODIS-Aqua,Green Red Ratio
2024-07-11,44.959333444291296,MODIS-Aqua,Green Red Ratio
2024-07-12,214.26331561546644,MODIS-Aqua,Green Red Ratio
2024-07-13,23.711996835994462,MODIS-Aqua,Green Red Ratio
2024-07-15,81.13486254638809,MODIS-Aqua,Green Red Ratio
2024-07-16,62.51421382022178,MODIS-Aqua,Green Red Ratio
2024-07-17,128.0389384678801,MODIS-Aqua,Green Red Ratio
2024-07-18,81.46748729108818,MODIS-Aqua,Green Red Ratio
2024-07-19,81.45306366606006,MODIS-Aqua,Green Red Ratio
2024-07-21,50.02147158458163,MODIS-Aqua,Green Red Ratio
2024-07-23,54.18539463946604,MODIS-Aqua,Green Red Ratio
2024-07-25,35.96181697322717,MODIS-Aqua,Green Red Ratio
2024-07-26,48.55872609837826,MODIS-Aqua,Green Red Ratio
2024-07-28,67.73363248570956,MODIS-Aqua,Green Red Ratio
2024-07-30,45.90286972951788,MODIS-Aqua,Green Red Ratio
2024-07-31,49.96274397667297,MODIS-Aqua,Green Red Ratio
2024-08-01,372.18163332318284,MODIS-Aqua,Green Red Ratio
2024-08-04,38.119248449716814,MODIS-Aqua,Green Red Ratio
2024-08-05,59.573731808962854,MODIS-Aqua,Green Red Ratio
2024-08-06,41.301060166622904,MODIS-Aqua,Green Red Ratio
2024-08-09,17.383778872430007,MODIS-Aqua,Green Red Ratio
2024-08-10,53.66881265129059,MODIS-Aqua,Green Red Ratio
2024-08-11,100.87178981800518,MODIS-Aqua,Green Red Ratio
2024-08-12,74.81670184245964,MODIS-Aqua,Green Red Ratio
2024-08-13,97.25421187533469,MODIS-Aqua,Green Red Ratio
2024-08-15,262.44223325054884,MODIS-Aqua,Green Red Ratio
2024-08-16,46.47474503991593,MODIS-Aqua,Green Red Ratio
2024-08-18,24.81152704339372,MODIS-Aqua,Green Red Ratio
2024-08-24,50.267194323412156,MODIS-Aqua,Green Red Ratio
2024-08-25,83.65256289950516,MODIS-Aqua,Green Red Ratio
2024-08-26,94.8117061925277,MODIS-Aqua,Green Red Ratio
2024-08-27,63.082177031515045,MODIS-Aqua,Green Red Ratio
2024-08-28,33.2764329530113,MODIS-Aqua,Green Red Ratio
2024-08-29,54.01746135355868,MODIS-Aqua,Green Red Ratio
2024-08-30,58.37121218594993,MODIS-Aqua,Green Red Ratio
2024-08-31,62.50674011998841,MODIS-Aqua,Green Red Ratio
2024-09-01,53.23259861937167,MODIS-Aqua,Green Red Ratio
2024-09-02,33.19866726342547,MODIS-Aqua,Green Red Ratio
2024-09-03,59.8952768827291,MODIS-Aqua,Green Red Ratio
2024-09-04,101.60772058802966,MODIS-Aqua,Green Red Ratio
2024-09-08,33.044585199180986,MODIS-Aqua,Green Red Ratio
2024-09-12,67.70768524747437,MODIS-Aqua,Green Red Ratio
2024-09-13,30.39361918808911,MODIS-Aqua,Green Red Ratio
2024-09-18,52.00060744881598,MODIS-Aqua,Green Red Ratio
2024-09-20,64.97942609153758,MODIS-Aqua,Green Red Ratio
2024-09-21,42.7546936913603,MODIS-Aqua,Green Red Ratio
2024-09-22,41.55534753876065,MODIS-Aqua,Green Red Ratio
2024-09-23,46.28781824644457,MODIS-Aqua,Green Red Ratio
2024-09-24,32.551976997209124,MODIS-Aqua,Green Red Ratio
2024-09-26,45.34456317865466,MODIS-Aqua,Green Red Ratio
2024-09-27,45.237186812641305,MODIS-Aqua,Green Red Ratio
2024-09-28,43.00009140703618,MODIS-Aqua,Green Red Ratio
2024-09-29,39.952558551658264,MODIS-Aqua,Green Red Ratio
2024-09-30,33.23275760566587,MODIS-Aqua,Green Red Ratio
2024-10-01,40.65060427380309,MODIS-Aqua,Green Red Ratio
2024-10-02,46.241625396905654,MODIS-Aqua,Green Red Ratio
2024-10-03,42.78905301642106,MODIS-Aqua,Green Red Ratio
2024-10-04,37.051853541462094,MODIS-Aqua,Green Red Ratio
2024-10-07,55.81012578829462,MODIS-Aqua,Green Red Ratio
2024-10-08,58.22943680167484,MODIS-Aqua,Green Red Ratio
2024-10-13,42.95992655968916,MODIS-Aqua,Green Red Ratio
2024-10-14,46.02201434182892,MODIS-Aqua,Green Red Ratio
2024-10-17,34.97682029226288,MODIS-Aqua,Green Red Ratio
2024-10-18,67.33381646695591,MODIS-Aqua,Green Red Ratio
2024-10-24,74.73220276798337,MODIS-Aqua,Green Red Ratio
2024-10-26,69.1749197506612,MODIS-Aqua,Green Red Ratio
2024-10-29,69.8409788974674,MODIS-Aqua,Green Red Ratio
2024-11-03,51.58776434495955,MODIS-Aqua,Green Red Ratio
2024-11-06,51.75190873784051,MODIS-Aqua,Green Red Ratio
2024-11-07,69.57650876122266,MODIS-Aqua,Green Red Ratio
2024-11-15,47.74262837559239,MODIS-Aqua,Green Red Ratio
2024-11-26,30.071777648699307,MODIS-Aqua,Green Red Ratio
2024-12-03,32.194913150707464,MODIS-Aqua,Green Red Ratio
2024-12-04,23.51209012707124,MODIS-Aqua,Green Red Ratio
2024-12-08,38.56566493924425,MODIS-Aqua,Green Red Ratio
2024-12-09,24.192120390967276,MODIS-Aqua,Green Red Ratio
2024-12-18,22.4242769605734,MODIS-Aqua,Green Red Ratio
2025-01-09,60.20300021314217,MODIS-Aqua,Green Red Ratio
2025-01-11,12.684467073098732,MODIS-Aqua,Green Red Ratio
2025-01-12,39.83987463981319,MODIS-Aqua,Green Red Ratio
2025-01-15,44.81514137687572,MODIS-Aqua,Green Red Ratio
2025-01-16,23.644292805184605,MODIS-Aqua,Green Red Ratio
2025-01-18,47.94748968838687,MODIS-Aqua,Green Red Ratio
2025-01-19,28.209960446674522,MODIS-Aqua,Green Red Ratio
2025-01-20,30.1155593096996,MODIS-Aqua,Green Red Ratio
2025-01-21,31.735279916863767,MODIS-Aqua,Green Red Ratio
2025-01-22,96.27663692866243,MODIS-Aqua,Green Red Ratio
2025-01-24,30.022823533659974,MODIS-Aqua,Green Red Ratio
2025-01-25,34.773670010901085,MODIS-Aqua,Green Red Ratio
2025-01-26,29.330596243293186,MODIS-Aqua,Green Red Ratio
2025-02-25,75.89711645764416,MODIS-Aqua,Green Red Ratio
2025-02-26,74.00075439270306,MODIS-Aqua,Green Red Ratio
2025-02-28,70.6887267036201,MODIS-Aqua,Green Red Ratio
2025-03-03,64.734176095684,MODIS-Aqua,Green Red Ratio
2025-03-06,42.41426733376325,MODIS-Aqua,Green Red Ratio
2025-03-07,39.704247748406026,MODIS-Aqua,Green Red Ratio
2025-03-08,37.383370262083226,MODIS-Aqua,Green Red Ratio
2025-03-24,61.05409666953682,MODIS-Aqua,Green Red Ratio
2025-03-29,26.615350647075157,MODIS-Aqua,Green Red Ratio
2025-03-30,13.534957686235908,MODIS-Aqua,Green Red Ratio
2025-04-02,29.58897852272113,MODIS-Aqua,Green Red Ratio
2025-04-03,26.296798047010334,MODIS-Aqua,Green Red Ratio
2025-04-04,23.99196506080059,MODIS-Aqua,Green Red Ratio
2025-04-10,25.47890862660306,MODIS-Aqua,Green Red Ratio
2025-04-12,23.69020063344345,MODIS-Aqua,Green Red Ratio
2025-04-13,24.354746296073746,MODIS-Aqua,Green Red Ratio
2025-04-14,21.37529026127748,MODIS-Aqua,Green Red Ratio
2025-04-16,13.835118571437718,MODIS-Aqua,Green Red Ratio
2025-04-17,22.79357751040283,MODIS-Aqua,Green Red Ratio
2025-04-18,15.79860186900445,MODIS-Aqua,Green Red Ratio
2025-04-20,21.661542572664846,MODIS-Aqua,Green Red Ratio
2025-04-21,19.605400555347938,MODIS-Aqua,Green Red Ratio
2025-04-23,17.722744020935053,MODIS-Aqua,Green Red Ratio
2025-04-27,22.51249666587914,MODIS-Aqua,Green Red Ratio
2025-04-30,17.719213395116903,MODIS-Aqua,Green Red Ratio
2025-05-01,17.065714375748062,MODIS-Aqua,Green Red Ratio
2025-05-04,17.57859342964462,MODIS-Aqua,Green Red Ratio
2025-05-06,12.115897677783142,MODIS-Aqua,Green Red Ratio
2025-05-08,17.462840944698765,MODIS-Aqua,Green Red Ratio
2025-05-10,21.444335360392337,MODIS-Aqua,Green Red Ratio
2025-05-12,21.016145732479973,MODIS-Aqua,Green Red Ratio
2025-05-13,21.92426798318292,MODIS-Aqua,Green Red Ratio
2025-05-14,16.678993281930428,MODIS-Aqua,Green Red Ratio
2025-05-20,28.041261073051004,MODIS-Aqua,Green Red Ratio
2025-05-22,28.361979603009505,MODIS-Aqua,Green Red Ratio
2025-05-23,282.7580287136644,MODIS-Aqua,Green Red Ratio
2025-05-26,15.477314759332028,MODIS-Aqua,Green Red Ratio
2025-05-27,31.29062001882809,MODIS-Aqua,Green Red Ratio
2025-05-28,34.81055154446614,MODIS-Aqua,Green Red Ratio
2025-05-29,20.884532771122835,MODIS-Aqua,Green Red Ratio
2025-05-30,33.58570639844841,MODIS-Aqua,Green Red Ratio
2025-06-01,22.697457966507407,MODIS-Aqua,Green Red Ratio
2025-06-02,41.52168063031181,MODIS-Aqua,Green Red Ratio
2025-06-04,31.355839356748287,MODIS-Aqua,Green Red Ratio
2025-06-05,21.63660039290654,MODIS-Aqua,Green Red Ratio
2025-06-06,24.67819810605554,MODIS-Aqua,Green Red Ratio
2025-06-07,31.03068420464338,MODIS-Aqua,Green Red Ratio
2025-06-08,20.148114853026748,MODIS-Aqua,Green Red Ratio
2025-06-11,25.410520432166518,MODIS-Aqua,Green Red Ratio
2025-06-14,25.226973983323212,MODIS-Aqua,Green Red Ratio
2025-06-16,26.412312399144845,MODIS-Aqua,Green Red Ratio
2025-06-17,49.81500725926995,MODIS-Aqua,Green Red Ratio
2025-06-19,56.9533985470546,MODIS-Aqua,Green Red Ratio
2025-06-22,63.083672124262016,MODIS-Aqua,Green Red Ratio
2025-06-24,87.36841549138995,MODIS-Aqua,Green Red Ratio
2025-06-26,50.77827539372064,MODIS-Aqua,Green Red Ratio
2025-06-28,254.75502255149883,MODIS-Aqua,Green Red Ratio
2025-06-29,273.41197111956456,MODIS-Aqua,Green Red Ratio
2025-06-30,480.7140106830943,MODIS-Aqua,Green Red Ratio
2025-07-01,61.76403757460493,MODIS-Aqua,Green Red Ratio
2025-07-02,185.38635901456738,MODIS-Aqua,Green Red Ratio
2025-07-03,105.3514957701266,MODIS-Aqua,Green Red Ratio
2025-07-05,79.65343743867903,MODIS-Aqua,Green Red Ratio
2025-07-07,134.23842228629195,MODIS-Aqua,Green Red Ratio
2025-07-08,36.189201183637934,MODIS-Aqua,Green Red Ratio
2025-07-09,184.62814245820178,MODIS-Aqua,Green Red Ratio
2025-07-10,195.94150793150055,MODIS-Aqua,Green Red Ratio
2025-07-12,122.46717955125104,MODIS-Aqua,Green Red Ratio
2025-07-14,71.80601848336401,MODIS-Aqua,Green Red Ratio
2025-07-15,66.23228084585817,MODIS-Aqua,Green Red Ratio
2025-07-18,29.075008732633258,MODIS-Aqua,Green Red Ratio
2025-07-19,308.0515652838637,MODIS-Aqua,Green Red Ratio
2025-07-20,61.026350507686324,MODIS-Aqua,Green Red Ratio
2025-07-22,159.78974635367118,MODIS-Aqua,Green Red Ratio
2025-07-24,97.72290156366479,MODIS-Aqua,Green Red Ratio
2025-07-25,191.98630534988084,MODIS-Aqua,Green Red Ratio
2025-07-26,242.0561884858208,MODIS-Aqua,Green Red Ratio
2025-07-28,81.02311992489668,MODIS-Aqua,Green Red Ratio
2025-07-29,175.1735610814753,MODIS-Aqua,Green Red Ratio
2025-08-01,82.83242341384253,MODIS-Aqua,Green Red Ratio
2025-08-04,48.3335188042872,MODIS-Aqua,Green Red Ratio
2025-08-05,458.5573762814352,MODIS-Aqua,Green Red Ratio
2025-08-06,435.70693035148764,MODIS-Aqua,Green Red Ratio
2025-08-10,86.05405041387291,MODIS-Aqua,Green Red Ratio
2025-08-11,63.5615688833526,MODIS-Aqua,Green Red Ratio
2025-08-12,37.78084560940486,MODIS-Aqua,Green Red Ratio
2025-08-13,20.731107963607,MODIS-Aqua,Green Red Ratio
2025-08-14,132.9800441851968,MODIS-Aqua,Green Red Ratio
