date,raw_value,calibrated_chl,sensor,initial_chl
2011-01-18,42.71372527677982,36.22662631013395,MODIS-Terra,42.71372527677982
2011-01-20,49.10362749323601,37.421315628811705,MODIS-Terra,49.10362749323601
2011-01-22,55.17327765459201,38.42004919201493,MODIS-Terra,55.17327765459201
2011-01-25,31.321987394521575,33.56838321593602,MODIS-Terra,31.321987394521575
2011-01-27,46.87601539682623,37.023463798309095,MODIS-Terra,46.87601539682623
2011-02-01,43.21284741199817,36.326182243852166,MODIS-Terra,43.21284741199817
2011-02-02,40.29838878889928,35.72780879605102,MODIS-Terra,40.29838878889928
2011-02-06,42.383123979287866,36.160041344084085,MODIS-Terra,42.383123979287866
2011-02-07,26.68028458259234,32.19388261064046,MODIS-Terra,26.68028458259234
2011-02-09,40.58303421112675,35.788125852279904,MODIS-Terra,40.58303421112675
2011-02-10,41.347013642986816,35.947946898895175,MODIS-Terra,41.347013642986816
2011-02-21,42.1803874334997,36.11895166106737,MODIS-Terra,42.1803874334997
2011-02-26,34.71771840677368,34.45043537715337,MODIS-Terra,34.71771840677368
2011-03-09,31.52021070920548,33.622444671113136,MODIS-Terra,31.52021070920548
2011-03-21,35.66598589680588,34.681358778304826,MODIS-Terra,35.66598589680588
2011-03-22,37.7812528435617,35.17509245409937,MODIS-Terra,37.7812528435617
2011-03-28,38.42335584845298,35.31950890498485,MODIS-Terra,38.42335584845298
2011-03-31,38.999496551109,35.447050055855165,MODIS-Terra,38.999496551109
2011-04-01,39.68884375657251,35.59719878786493,MODIS-Terra,39.68884375657251
2011-04-02,41.031813195802734,35.88236918601721,MODIS-Terra,41.031813195802734
2011-04-03,30.01753215964598,33.20384990768375,MODIS-Terra,30.01753215964598
2011-04-05,35.42312916254248,34.62280813695379,MODIS-Terra,35.42312916254248
2011-04-12,38.459826649350575,35.327639024040025,MODIS-Terra,38.459826649350575
2011-04-19,37.593660868109154,35.13243732605909,MODIS-Terra,37.593660868109154
2011-04-21,40.929739380043834,35.86102462032437,MODIS-Terra,40.929739380043834
2011-04-27,43.31827281139547,36.34706347342925,MODIS-Terra,43.31827281139547
2011-04-28,39.8159915879271,35.624608136150265,MODIS-Terra,39.8159915879271
2011-04-30,33.6488965853618,34.18246946878429,MODIS-Terra,33.6488965853618
2011-05-01,37.622290825083745,35.13896102162114,MODIS-Terra,37.622290825083745
2011-05-03,36.05067103498082,34.77329199606035,MODIS-Terra,36.05067103498082
2011-05-04,41.79188571138216,36.03965716167966,MODIS-Terra,41.79188571138216
2011-05-08,40.286594237924945,35.72530031849036,MODIS-Terra,40.286594237924945
2011-05-10,39.01504855275047,35.4504666519732,MODIS-Terra,39.01504855275047
2011-05-12,38.15826881865125,35.260182427549026,MODIS-Terra,38.15826881865125
2011-05-18,50.72641711261269,37.699941947902815,MODIS-Terra,50.72641711261269
2011-05-19,35.05336222073972,34.53288515172881,MODIS-Terra,35.05336222073972
2011-05-20,47.87374117638811,37.20394503913912,MODIS-Terra,47.87374117638811
2011-05-22,22.618010532846675,30.778394873967617,MODIS-Terra,22.618010532846675
2011-05-23,45.24444983330788,36.719881286997186,MODIS-Terra,45.24444983330788
2011-05-27,44.63700920145733,36.60405069886446,MODIS-Terra,44.63700920145733
2011-05-29,45.587505607314846,36.78461209959591,MODIS-Terra,45.587505607314846
2011-05-30,41.689309517220906,36.01859800061314,MODIS-Terra,41.689309517220906
2011-06-07,49.52640421687819,37.49478181251314,MODIS-Terra,49.52640421687819
2011-06-08,43.18262257305896,36.32018632197105,MODIS-Terra,43.18262257305896
2011-06-09,48.322823651381405,37.283956577991084,MODIS-Terra,48.322823651381405
2011-06-10,44.156746282062514,36.511349832842235,MODIS-Terra,44.156746282062514
2011-06-13,37.97900829225439,35.21982987114991,MODIS-Terra,37.97900829225439
2011-06-14,53.38444284635798,38.13760557870505,MODIS-Terra,53.38444284635798
2011-06-15,44.38006845363004,36.554580485710545,MODIS-Terra,44.38006845363004
2011-06-16,48.10710485680918,37.24561589995306,MODIS-Terra,48.10710485680918
2011-06-17,47.7954747455225,37.189923801948794,MODIS-Terra,47.7954747455225
2011-06-19,47.95551289482845,37.21856977553228,MODIS-Terra,47.95551289482845
2011-06-20,40.70910631395851,35.814705774768555,MODIS-Terra,40.70910631395851
2011-06-21,55.164126384328824,38.418627709424534,MODIS-Terra,55.164126384328824
2011-06-22,49.01367138836341,37.40560230340443,MODIS-Terra,49.01367138836341
2011-06-23,51.61975769934677,37.84954463845791,MODIS-Terra,51.61975769934677
2011-06-24,51.27550951303813,37.792204226826726,MODIS-Terra,51.27550951303813
2011-06-26,55.00734170147059,38.39423737737593,MODIS-Terra,55.00734170147059
2011-06-30,69.59405493711749,40.40987890648759,MODIS-Terra,69.59405493711749
2011-07-01,52.46459618469931,37.9886617977424,MODIS-Terra,52.46459618469931
2011-07-02,57.94356182720805,38.83987277709316,MODIS-Terra,57.94356182720805
2011-07-03,45.949113017715675,36.85231817491061,MODIS-Terra,45.949113017715675
2011-07-04,66.34641852384479,40.00035034888953,MODIS-Terra,66.34641852384479
2011-07-05,59.96293352904339,39.133437542659,MODIS-Terra,59.96293352904339
2011-07-06,59.37437995114408,39.04891039910629,MODIS-Terra,59.37437995114408
2011-07-07,70.01189497778401,40.46117571529166,MODIS-Terra,70.01189497778401
2011-07-08,49.81724904176568,37.544958891910355,MODIS-Terra,49.81724904176568
2011-07-09,80.3413787558803,41.640500236188814,MODIS-Terra,80.3413787558803
2011-07-10,73.1917384995265,40.8418083575951,MODIS-Terra,73.1917384995265
2011-07-13,60.389444272739105,39.19417548051456,MODIS-Terra,60.389444272739105
2011-07-14,82.01734804992543,41.817425059820806,MODIS-Terra,82.01734804992543
2011-07-15,84.17629902762489,42.0400817345087,MODIS-Terra,84.17629902762489
2011-07-20,134.46324158654454,46.053818835343286,MODIS-Terra,134.46324158654454
2011-07-21,120.75076656140776,45.13206977739927,MODIS-Terra,120.75076656140776
2011-07-22,101.35507379379222,43.631570232252514,MODIS-Terra,101.35507379379222
2011-07-23,102.2235361877472,43.70468488668329,MODIS-Terra,102.2235361877472
2011-07-24,66.58538635157335,40.03116050697109,MODIS-Terra,66.58538635157335
2011-07-26,72.25288783384164,40.731174566448,MODIS-Terra,72.25288783384164
2011-07-27,108.50863222060129,44.2160049441503,MODIS-Terra,108.50863222060129
2011-07-28,70.69687248407847,40.54460941583945,MODIS-Terra,70.69687248407847
2011-07-29,72.88037956323058,40.80527600922198,MODIS-Terra,72.88037956323058
2011-07-30,69.46093178903635,40.39347111726483,MODIS-Terra,69.46093178903635
2011-07-31,58.57138016658927,38.93222333046691,MODIS-Terra,58.57138016658927
2011-08-01,62.700842289712085,39.51604876537791,MODIS-Terra,62.700842289712085
2011-08-02,63.58187515597042,39.63562315201071,MODIS-Terra,63.58187515597042
2011-08-03,88.92910559676477,42.51076808223445,MODIS-Terra,88.92910559676477
2011-08-04,65.18208129837497,39.848626732692026,MODIS-Terra,65.18208129837497
2011-08-05,113.37605848289444,44.59203680629366,MODIS-Terra,113.37605848289444
2011-08-06,89.15486446555279,42.53249525153578,MODIS-Terra,89.15486446555279
2011-08-07,72.374207296986,40.745551419796975,MODIS-Terra,72.374207296986
2011-08-08,61.68177822851405,39.37562700103057,MODIS-Terra,61.68177822851405
2011-08-09,52.10552114555983,37.92980965867207,MODIS-Terra,52.10552114555983
2011-08-10,97.37672445728748,43.28842615918842,MODIS-Terra,97.37672445728748
2011-08-11,86.61813079370704,42.28513164806078,MODIS-Terra,86.61813079370704
2011-08-12,68.87124314152037,40.32041020059185,MODIS-Terra,68.87124314152037
2011-08-13,85.82615926199546,42.20641860005991,MODIS-Terra,85.82615926199546
2011-08-14,74.35688690361572,40.97715205252658,MODIS-Terra,74.35688690361572
2011-08-15,92.2129051214287,42.821501496918025,MODIS-Terra,92.2129051214287
2011-08-16,74.00310422403355,40.93628215809252,MODIS-Terra,74.00310422403355
2011-08-17,82.8050097905454,41.89932995498632,MODIS-Terra,82.8050097905454
2011-08-18,77.61460637332702,41.344604388258595,MODIS-Terra,77.61460637332702
2011-08-19,76.21551093121298,41.18872062906919,MODIS-Terra,76.21551093121298
2011-08-20,64.51819196499747,39.76089806836726,MODIS-Terra,64.51819196499747
2011-08-21,74.6273895890043,41.00827025815584,MODIS-Terra,74.6273895890043
2011-08-22,73.06934363778909,40.82746610293399,MODIS-Terra,73.06934363778909
2011-08-23,112.65513507403294,44.537372335713876,MODIS-Terra,112.65513507403294
2011-08-25,94.86623545062216,43.06459760301681,MODIS-Terra,94.86623545062216
2011-08-26,90.330992803754,42.64480400865168,MODIS-Terra,90.330992803754
2011-08-27,81.3769567781444,41.750252231103126,MODIS-Terra,81.3769567781444
2011-08-28,71.3628551123767,40.62495796321626,MODIS-Terra,71.3628551123767
2011-08-29,77.90086775490089,41.376152441795114,MODIS-Terra,77.90086775490089
2011-08-30,85.50343994932913,42.17413544329588,MODIS-Terra,85.50343994932913
2011-08-31,89.65236327765432,42.58018126568903,MODIS-Terra,89.65236327765432
2011-09-01,63.07603873086418,39.56717479907417,MODIS-Terra,63.07603873086418
2011-09-02,85.41336044799847,42.16510260607776,MODIS-Terra,85.41336044799847
2011-09-03,50.332213905286515,37.63308725937098,MODIS-Terra,50.332213905286515
2011-09-04,63.30378483008726,39.598060438506884,MODIS-Terra,63.30378483008726
2011-09-05,63.46047439641606,39.61924533767621,MODIS-Terra,63.46047439641606
2011-09-06,63.32953689333842,39.60154579304245,MODIS-Terra,63.32953689333842
2011-09-08,57.341004735758176,38.75029218881838,MODIS-Terra,57.341004735758176
2011-09-09,49.79668614400204,37.541420978903645,MODIS-Terra,49.79668614400204
2011-09-17,54.53974217956837,38.321079886928125,MODIS-Terra,54.53974217956837
2011-09-18,76.16389395001929,41.182915000204964,MODIS-Terra,76.16389395001929
2011-09-19,60.0748056756063,39.14941056923011,MODIS-Terra,60.0748056756063
2011-09-20,62.451776277271605,39.48194062633505,MODIS-Terra,62.451776277271605
2011-09-21,53.10121111511023,38.09201923577869,MODIS-Terra,53.10121111511023
2011-09-22,59.47103410360633,39.06284906181595,MODIS-Terra,59.47103410360633
2011-09-23,58.17654661638116,38.874260517748816,MODIS-Terra,58.17654661638116
2011-09-24,51.16274939330638,37.77333837410194,MODIS-Terra,51.16274939330638
2011-09-26,43.39125253867641,36.36148856086321,MODIS-Terra,43.39125253867641
2011-09-27,64.8843865923369,39.809399339576004,MODIS-Terra,64.8843865923369
2011-09-28,49.88896611602016,37.55728662811289,MODIS-Terra,49.88896611602016
2011-09-29,52.138163300610614,37.93517641663152,MODIS-Terra,52.138163300610614
2011-10-06,24.008351735967175,31.28960747791746,MODIS-Terra,24.008351735967175
2011-10-08,51.92706838206536,37.90041034314619,MODIS-Terra,51.92706838206536
2011-10-11,77.77487235857132,41.36228115480642,MODIS-Terra,77.77487235857132
2011-10-14,44.80040898683011,36.63536304690248,MODIS-Terra,44.80040898683011
2011-10-15,45.90196468267843,36.84352055758654,MODIS-Terra,45.90196468267843
2011-10-17,21.746186428001945,30.441546009835296,MODIS-Terra,21.746186428001945
2011-10-18,48.23313667635972,37.26803693449214,MODIS-Terra,48.23313667635972
2011-10-19,35.70205050066124,34.69001962556667,MODIS-Terra,35.70205050066124
2011-10-20,49.19338276639577,37.43696520963223,MODIS-Terra,49.19338276639577
2011-10-21,43.509722143413555,36.38485354472687,MODIS-Terra,43.509722143413555
2011-10-22,49.90057987844158,37.559281297016696,MODIS-Terra,49.90057987844158
2011-10-23,48.89545082816636,37.384907896153486,MODIS-Terra,48.89545082816636
2011-10-24,45.24754644140441,36.72046777482174,MODIS-Terra,45.24754644140441
2011-10-25,45.03256896064062,36.67965608201776,MODIS-Terra,45.03256896064062
2011-10-26,46.481830198014435,36.951097726749694,MODIS-Terra,46.481830198014435
2011-10-27,48.33624426762168,37.28633622632945,MODIS-Terra,48.33624426762168
2011-10-31,48.84568182640633,37.37618090522572,MODIS-Terra,48.84568182640633
2011-11-01,43.38209468606132,36.359679762212245,MODIS-Terra,43.38209468606132
2011-11-02,49.29669169436939,37.45494267549969,MODIS-Terra,49.29669169436939
2011-11-04,21.26200166218646,30.24858869465875,MODIS-Terra,21.26200166218646
2011-11-12,34.37439576269851,34.36527051153138,MODIS-Terra,34.37439576269851
2011-11-14,44.94171113950224,36.66234887416689,MODIS-Terra,44.94171113950224
2011-11-25,40.508118428897355,35.772292134750096,MODIS-Terra,40.508118428897355
2011-11-28,43.768662753580635,36.4357019883789,MODIS-Terra,43.768662753580635
2011-11-30,39.737755944848615,35.60775320129087,MODIS-Terra,39.737755944848615
2011-12-01,40.434326168487424,35.75666722412075,MODIS-Terra,40.434326168487424
2011-12-02,41.88272409189589,36.05826340868803,MODIS-Terra,41.88272409189589
2011-12-03,39.43054399488993,35.54124550724173,MODIS-Terra,39.43054399488993
2011-12-04,39.507078989377696,35.55786275408669,MODIS-Terra,39.507078989377696
2011-12-05,40.96200855314564,35.8677781473585,MODIS-Terra,40.96200855314564
2011-12-06,42.243069862911085,36.131676892547176,MODIS-Terra,42.243069862911085
2011-12-07,41.74667634192624,36.030381937371324,MODIS-Terra,41.74667634192624
2011-12-08,44.281220598737406,36.53547243821049,MODIS-Terra,44.281220598737406
2011-12-09,41.49022704265307,35.97757756314083,MODIS-Terra,41.49022704265307
2011-12-31,48.35987804215598,37.29052519355732,MODIS-Terra,48.35987804215598
2012-01-02,38.77305600555283,35.39714874076233,MODIS-Terra,38.77305600555283
2012-01-03,43.234498456574045,36.33047474207167,MODIS-Terra,43.234498456574045
2012-01-05,49.2017668952194,37.43842559400678,MODIS-Terra,49.2017668952194
2012-01-07,53.320003343164714,38.12725528569348,MODIS-Terra,53.320003343164714
2012-01-08,53.24078074308234,38.1145133711269,MODIS-Terra,53.24078074308234
2012-01-09,57.65639233227136,38.79729681600584,MODIS-Terra,57.65639233227136
2012-01-10,63.08439600549484,39.568310135108426,MODIS-Terra,63.08439600549484
2012-01-12,49.86715261860373,37.553538894700424,MODIS-Terra,49.86715261860373
2012-01-13,54.51670189508513,38.317458962713886,MODIS-Terra,54.51670189508513
2012-01-14,59.05934192192589,39.00332019324934,MODIS-Terra,59.05934192192589
2012-01-27,52.04754644561399,37.9202696358589,MODIS-Terra,52.04754644561399
2012-01-30,58.55660787395317,38.93006175627824,MODIS-Terra,58.55660787395317
2012-02-02,53.40801690322375,38.141388929999344,MODIS-Terra,53.40801690322375
2012-02-03,50.02005465867046,37.57977423323629,MODIS-Terra,50.02005465867046
2012-02-05,58.840014823296094,38.97143681852786,MODIS-Terra,58.840014823296094
2012-02-06,52.52627596734924,37.998730517786186,MODIS-Terra,52.52627596734924
2012-02-11,54.72576767271641,38.35025904199373,MODIS-Terra,54.72576767271641
2012-02-15,47.84517338292056,37.19882984796432,MODIS-Terra,47.84517338292056
2012-02-19,46.30862021188976,36.91910486620436,MODIS-Terra,46.30862021188976
2012-02-23,46.219916778158606,36.902674479167075,MODIS-Terra,46.219916778158606
2012-02-24,40.18569736576786,35.703811403576495,MODIS-Terra,40.18569736576786
2012-03-07,37.19823528121299,35.04182293106084,MODIS-Terra,37.19823528121299
2012-03-08,42.533162341945584,36.19032405144752,MODIS-Terra,42.533162341945584
2012-03-09,43.10110689379013,36.30399451577395,MODIS-Terra,43.10110689379013
2012-03-10,43.82902415654702,36.44751198246631,MODIS-Terra,43.82902415654702
2012-03-23,38.79860439340358,35.40279347309836,MODIS-Terra,38.79860439340358
2012-04-06,40.27971190532355,35.723836237404626,MODIS-Terra,40.27971190532355
2012-04-07,37.4972747509134,35.110437961687055,MODIS-Terra,37.4972747509134
2012-04-08,39.092476290867346,35.467456393177436,MODIS-Terra,39.092476290867346
2012-04-14,33.72833069824974,34.20267531487066,MODIS-Terra,33.72833069824974
2012-04-20,44.59839145184434,36.59663362274616,MODIS-Terra,44.59839145184434
2012-04-21,33.928975423101754,34.25350263850822,MODIS-Terra,33.928975423101754
2012-04-23,33.84369112571157,34.231935245311156,MODIS-Terra,33.84369112571157
2012-04-27,40.3874846932468,35.74673412062251,MODIS-Terra,40.3874846932468
2012-04-28,39.392475688256944,35.53296811666121,MODIS-Terra,39.392475688256944
2012-04-29,38.551571103222685,35.348056776949434,MODIS-Terra,38.551571103222685
2012-05-01,39.76142055655268,35.61285495736338,MODIS-Terra,39.76142055655268
2012-05-05,36.374629288352075,34.849954776238896,MODIS-Terra,36.374629288352075
2012-05-06,41.83295862304438,36.04807504938818,MODIS-Terra,41.83295862304438
2012-05-07,34.16119794858734,34.31195532983887,MODIS-Terra,34.16119794858734
2012-05-09,31.23571843826301,33.54474814392368,MODIS-Terra,31.23571843826301
2012-05-10,38.561935002334344,35.35036021031911,MODIS-Terra,38.561935002334344
2012-05-12,37.036995288645315,35.004596936025884,MODIS-Terra,37.036995288645315
2012-05-13,41.07919098626541,35.89225827790015,MODIS-Terra,41.07919098626541
2012-05-15,47.46958824619948,37.13129414830013,MODIS-Terra,47.46958824619948
2012-05-16,39.54891939578343,35.566933521508375,MODIS-Terra,39.54891939578343
2012-05-18,43.12762729128113,36.30926573351651,MODIS-Terra,43.12762729128113
2012-05-23,42.08223168000467,36.09898690868692,MODIS-Terra,42.08223168000467
2012-05-29,50.57334086977803,37.67404296902686,MODIS-Terra,50.57334086977803
2012-05-30,40.55167287579909,35.7815010820566,MODIS-Terra,40.55167287579909
2012-05-31,46.710540434509525,36.99315964159726,MODIS-Terra,46.710540434509525
2012-06-01,42.360325457089914,36.15543046754103,MODIS-Terra,42.360325457089914
2012-06-06,40.55722134950408,35.782673514902285,MODIS-Terra,40.55722134950408
2012-06-08,34.609603669382594,34.423707544138416,MODIS-Terra,34.609603669382594
2012-06-09,48.64994382347528,37.341771788038,MODIS-Terra,48.64994382347528
2012-06-10,34.673685045253166,34.43955962874517,MODIS-Terra,34.673685045253166
2012-06-11,44.69300428877196,36.61479394455677,MODIS-Terra,44.69300428877196
2012-06-13,41.35273238558776,35.94913206520856,MODIS-Terra,41.35273238558776
2012-06-14,45.5492951916969,36.77742636897859,MODIS-Terra,45.5492951916969
2012-06-17,33.402037522474664,34.119369502066974,MODIS-Terra,33.402037522474664
2012-06-18,37.882030051862024,35.197920057786746,MODIS-Terra,37.882030051862024
2012-06-19,46.928273508119645,37.03301183288957,MODIS-Terra,46.928273508119645
2012-06-20,45.19072847217396,36.709700236672845,MODIS-Terra,45.19072847217396
2012-06-21,50.224044782466166,37.61465080965264,MODIS-Terra,50.224044782466166
2012-06-24,42.62361804015221,36.208529432972625,MODIS-Terra,42.62361804015221
2012-06-26,49.49696463692826,37.48968642933414,MODIS-Terra,49.49696463692826
2012-06-27,59.544044213501344,39.0733629655028,MODIS-Terra,59.544044213501344
2012-06-28,55.566024258994254,38.48083404950107,MODIS-Terra,55.566024258994254
2012-07-01,67.17363134795626,40.10653439103478,MODIS-Terra,67.17363134795626
2012-07-02,80.18364058467188,41.62365887714793,MODIS-Terra,80.18364058467188
2012-07-03,81.57360603051384,41.770935518667784,MODIS-Terra,81.57360603051384
2012-07-04,73.53627105467139,40.88205234102121,MODIS-Terra,73.53627105467139
2012-07-05,88.71793459342399,42.49039487342614,MODIS-Terra,88.71793459342399
2012-07-06,88.3552238782738,42.45528807840359,MODIS-Terra,88.3552238782738
2012-07-07,95.61338419850136,43.1318245996424,MODIS-Terra,95.61338419850136
2012-07-08,96.92305452577172,43.2484085256386,MODIS-Terra,96.92305452577172
2012-07-09,102.2235361877472,43.70468488668329,MODIS-Terra,102.2235361877472
2012-07-10,70.34115196040062,40.50138227089972,MODIS-Terra,70.34115196040062
2012-07-11,96.57698615320078,43.217756143058494,MODIS-Terra,96.57698615320078
2012-07-12,95.55352349926764,43.12645784168295,MODIS-Terra,95.55352349926764
2012-07-14,121.77894334820454,45.20472860291165,MODIS-Terra,121.77894334820454
2012-07-15,128.44511430912934,45.661430783693504,MODIS-Terra,128.44511430912934
2012-07-18,117.26993783648469,44.881411641667384,MODIS-Terra,117.26993783648469
2012-07-19,137.37680449997643,46.23751941225348,MODIS-Terra,137.37680449997643
2012-07-21,115.1962389470004,44.72852118905256,MODIS-Terra,115.1962389470004
2012-07-22,126.26241825243348,45.51455674716981,MODIS-Terra,126.26241825243348
2012-07-23,103.53082929264096,43.81358107557027,MODIS-Terra,103.53082929264096
2012-07-24,91.48833193378938,42.753900149087464,MODIS-Terra,91.48833193378938
2012-07-25,86.21451657180222,42.24510728840639,MODIS-Terra,86.21451657180222
2012-07-26,82.73242438267862,41.891814832655015,MODIS-Terra,82.73242438267862
2012-07-27,84.88413199554483,42.11184038731303,MODIS-Terra,84.88413199554483
2012-07-28,85.46005467738028,42.169786118195304,MODIS-Terra,85.46005467738028
2012-07-29,80.48151144070029,41.655434183489604,MODIS-Terra,80.48151144070029
2012-07-30,101.8043166145115,43.66946924323502,MODIS-Terra,101.8043166145115
2012-07-31,86.40303045139792,42.26382451454894,MODIS-Terra,86.40303045139792
2012-08-01,98.7345215858888,43.40709105189463,MODIS-Terra,98.7345215858888
2012-08-02,98.25578498700752,43.36543908126956,MODIS-Terra,98.25578498700752
2012-08-03,87.84073598201009,42.40524276942316,MODIS-Terra,87.84073598201009
2012-08-04,63.16670735960158,39.57948410636855,MODIS-Terra,63.16670735960158
2012-08-06,67.86700949704768,40.19453636261327,MODIS-Terra,67.86700949704768
2012-08-07,81.4589168367504,41.75887874115858,MODIS-Terra,81.4589168367504
2012-08-09,59.285201673547,39.03602970479574,MODIS-Terra,59.285201673547
2012-08-10,74.69748469666642,41.01631548892067,MODIS-Terra,74.69748469666642
2012-08-12,77.7141802712934,41.35559132294332,MODIS-Terra,77.7141802712934
2012-08-18,62.4772518123611,39.48543559176126,MODIS-Terra,62.4772518123611
2012-08-19,76.45594484142804,41.215711764617076,MODIS-Terra,76.45594484142804
2012-08-20,69.60789561608523,40.41158300618924,MODIS-Terra,69.60789561608523
2012-08-21,67.43457357879367,40.139758726763255,MODIS-Terra,67.43457357879367
2012-08-22,60.85566693322075,39.26007984964691,MODIS-Terra,60.85566693322075
2012-08-23,87.76748164609651,42.398093338897425,MODIS-Terra,87.76748164609651
2012-08-24,82.49849684013026,41.8675502263706,MODIS-Terra,82.49849684013026
2012-08-26,64.22029981412753,39.72123974561906,MODIS-Terra,64.22029981412753
2012-08-29,72.79726715705941,40.79549787690117,MODIS-Terra,72.79726715705941
2012-09-02,73.17869779195011,40.84028138685672,MODIS-Terra,73.17869779195011
2012-09-03,97.16513068348578,43.2697849994905,MODIS-Terra,97.16513068348578
2012-09-04,58.825605750302515,38.96933802663293,MODIS-Terra,58.825605750302515
2012-09-05,83.31403856971541,41.95184783493777,MODIS-Terra,83.31403856971541
2012-09-06,261.12780345746745,51.741526132373835,MODIS-Terra,261.12780345746745
2012-09-07,70.25053414090571,40.49033545915873,MODIS-Terra,70.25053414090571
2012-09-08,69.91539801192721,40.44935634826659,MODIS-Terra,69.91539801192721
2012-09-09,63.032402593136666,39.561244384045736,MODIS-Terra,63.032402593136666
2012-09-10,74.51305539035674,40.99513121536049,MODIS-Terra,74.51305539035674
2012-09-11,58.71006377106536,38.95248983934696,MODIS-Terra,58.71006377106536
2012-09-12,60.231843756389125,39.171782245091016,MODIS-Terra,60.231843756389125
2012-09-13,67.64861649846628,40.16691579265611,MODIS-Terra,67.64861649846628
2012-09-14,80.32729881611975,41.63899829646728,MODIS-Terra,80.32729881611975
2012-09-15,71.39890070594839,40.6292853252906,MODIS-Terra,71.39890070594839
2012-09-16,64.11328507724588,39.70694796677941,MODIS-Terra,64.11328507724588
2012-09-17,56.44912081029516,38.61595520962361,MODIS-Terra,56.44912081029516
2012-09-18,61.435254350479454,39.34130881244835,MODIS-Terra,61.435254350479454
2012-09-19,60.20637918139761,39.168158521826975,MODIS-Terra,60.20637918139761
2012-09-20,59.360462944955785,39.04690153497308,MODIS-Terra,59.360462944955785
2012-09-21,62.11497605223732,39.435600820053516,MODIS-Terra,62.11497605223732
2012-09-22,63.33752317090111,39.60262638973591,MODIS-Terra,63.33752317090111
2012-09-23,67.76979503725778,40.182252461369046,MODIS-Terra,67.76979503725778
2012-09-24,66.65172523982817,40.039693982358806,MODIS-Terra,66.65172523982817
2012-09-25,184.91877841011103,48.78426680993848,MODIS-Terra,184.91877841011103
2012-09-26,79.38458149328608,41.53783284289413,MODIS-Terra,79.38458149328608
2012-09-29,56.10294790213123,38.563241462524196,MODIS-Terra,56.10294790213123
2012-09-30,57.44148962528416,38.76529622616573,MODIS-Terra,57.44148962528416
2012-10-01,54.0040538801598,38.23649483796235,MODIS-Terra,54.0040538801598
2012-10-02,66.59491484413593,40.03238672340346,MODIS-Terra,66.59491484413593
2012-10-03,42.15291400347936,36.11336828704659,MODIS-Terra,42.15291400347936
2012-10-04,48.770285586959794,37.362943226608216,MODIS-Terra,48.770285586959794
2012-10-05,44.39081987325575,36.556656250654974,MODIS-Terra,44.39081987325575
2012-10-06,47.64194190519584,37.1623519518724,MODIS-Terra,47.64194190519584
2012-10-07,43.416371340021136,36.366447901954906,MODIS-Terra,43.416371340021136
2012-10-08,56.36731671553652,38.60352765553383,MODIS-Terra,56.36731671553652
2012-10-09,51.12282161720035,37.766648103345474,MODIS-Terra,51.12282161720035
2012-10-10,49.98915703051985,37.57447920748659,MODIS-Terra,49.98915703051985
2012-10-11,51.78087684296125,37.87625053835873,MODIS-Terra,51.78087684296125
2012-10-12,50.24633116308255,37.61845256746918,MODIS-Terra,50.24633116308255
2012-10-17,43.57543219401246,36.39778569321585,MODIS-Terra,43.57543219401246
2012-10-21,42.71548895320839,36.22698014076202,MODIS-Terra,42.71548895320839
2012-10-25,42.06124420364104,36.094712040725426,MODIS-Terra,42.06124420364104
2012-10-29,45.71834530834193,36.80917186174801,MODIS-Terra,45.71834530834193
2012-11-07,41.48435708044099,35.97636508715357,MODIS-Terra,41.48435708044099
2012-11-10,31.090253313435007,33.50474689616573,MODIS-Terra,31.090253313435007
2012-11-25,30.039779190081234,33.21019867057205,MODIS-Terra,30.039779190081234
2012-12-02,21.00731765254905,30.145320970882715,MODIS-Terra,21.00731765254905
2012-12-03,30.135241563315535,33.23738804822221,MODIS-Terra,30.135241563315535
2012-12-05,31.766842994810737,33.68923601361624,MODIS-Terra,31.766842994810737
2012-12-06,31.094621516971753,33.5059508255844,MODIS-Terra,31.094621516971753
2012-12-09,27.934057581509357,32.58740680741695,MODIS-Terra,27.934057581509357
2012-12-12,33.95473781604077,34.26000698330237,MODIS-Terra,33.95473781604077
2012-12-13,26.8169177144049,32.23765586352339,MODIS-Terra,26.8169177144049
2013-03-09,39.359073355265664,35.52569868184609,MODIS-Terra,39.359073355265664
2013-03-15,47.858091800932456,37.20114332666319,MODIS-Terra,47.858091800932456
2013-03-16,45.31280824112096,36.73281882627472,MODIS-Terra,45.31280824112096
2013-03-17,35.648751369426996,34.677216845732374,MODIS-Terra,35.648751369426996
2013-03-18,43.2975758658235,36.34296811587078,MODIS-Terra,43.2975758658235
2013-03-22,44.5583880962397,36.588943646407024,MODIS-Terra,44.5583880962397
2013-03-29,45.581656990743525,36.78351261763151,MODIS-Terra,45.581656990743525
2013-03-30,43.74271057060115,36.43061931347469,MODIS-Terra,43.74271057060115
2013-04-08,36.66137476105207,34.9172438765463,MODIS-Terra,36.66137476105207
2013-04-11,42.12416411007138,36.107521601860725,MODIS-Terra,42.12416411007138
2013-04-13,37.20429702302906,35.04321927576777,MODIS-Terra,37.20429702302906
2013-04-15,41.89073257618155,36.0599018346377,MODIS-Terra,41.89073257618155
2013-04-17,38.44588452444041,35.32453193781227,MODIS-Terra,38.44588452444041
2013-04-18,42.58407081695871,36.20057479965801,MODIS-Terra,42.58407081695871
2013-04-20,40.45333610296845,35.76069514812834,MODIS-Terra,40.45333610296845
2013-04-21,42.42850301270565,36.16921162864458,MODIS-Terra,42.42850301270565
2013-04-22,38.12332709841979,35.25233174409846,MODIS-Terra,38.12332709841979
2013-04-23,40.04813062831965,35.67442548475489,MODIS-Terra,40.04813062831965
2013-04-24,37.388853565176696,35.0856240059764,MODIS-Terra,37.388853565176696
2013-04-25,37.66593156194182,35.14889556715672,MODIS-Terra,37.66593156194182
2013-04-26,36.311617254247615,34.835096983705554,MODIS-Terra,36.311617254247615
2013-04-27,41.3604133022837,35.95072361944416,MODIS-Terra,41.3604133022837
2013-04-30,43.58928597300162,36.40050971422532,MODIS-Terra,43.58928597300162
2013-05-01,38.669700028731754,35.37427495875306,MODIS-Terra,38.669700028731754
2013-05-02,45.830386578301535,36.83014719314496,MODIS-Terra,45.830386578301535
2013-05-03,41.72220710598847,36.02535760060272,MODIS-Terra,41.72220710598847
2013-05-05,41.59384055459604,35.99895136570548,MODIS-Terra,41.59384055459604
2013-05-06,44.91054070906428,36.65640325927582,MODIS-Terra,44.91054070906428
2013-05-07,44.557981334970286,36.58886541790156,MODIS-Terra,44.557981334970286
2013-05-09,47.856268445533985,37.20081683120007,MODIS-Terra,47.856268445533985
2013-05-10,43.40732509864161,36.364662184161006,MODIS-Terra,43.40732509864161
2013-05-14,46.02917378312524,36.867236410313026,MODIS-Terra,46.02917378312524
2013-05-17,41.64599340797646,36.009689525205,MODIS-Terra,41.64599340797646
2013-05-19,39.50504927183196,35.55742247833175,MODIS-Terra,39.50504927183196
2013-05-20,49.17137722748737,37.43313100397353,MODIS-Terra,49.17137722748737
2013-05-22,42.909456945672304,36.26580531631911,MODIS-Terra,42.909456945672304
2013-05-23,50.36767895878563,37.63912333334015,MODIS-Terra,50.36767895878563
2013-05-24,47.03652995479072,37.05275749381032,MODIS-Terra,47.03652995479072
2013-05-25,52.79709229593135,38.04279959819752,MODIS-Terra,52.79709229593135
2013-05-26,42.60145194787941,36.20407179592239,MODIS-Terra,42.60145194787941
2013-05-28,47.05308931206247,37.055773864374515,MODIS-Terra,47.05308931206247
2013-05-30,56.40433789053679,38.60915408897969,MODIS-Terra,56.40433789053679
2013-05-31,46.530761068495416,36.96011393974477,MODIS-Terra,46.530761068495416
2013-06-01,52.19174056190877,37.943977875535296,MODIS-Terra,52.19174056190877
2013-06-02,40.50579715238989,35.771801057090265,MODIS-Terra,40.50579715238989
2013-06-03,50.07005116269681,37.58833537029246,MODIS-Terra,50.07005116269681
2013-06-04,46.08368803256984,36.87737955771517,MODIS-Terra,46.08368803256984
2013-06-05,50.98781066824354,37.74398699214585,MODIS-Terra,50.98781066824354
2013-06-06,53.20082695029784,38.10808013440669,MODIS-Terra,53.20082695029784
2013-06-07,59.62685735136445,39.08527297232263,MODIS-Terra,59.62685735136445
2013-06-08,56.31868691526289,38.59613133949038,MODIS-Terra,56.31868691526289
2013-06-09,51.61067380611922,37.848036479202335,MODIS-Terra,51.61067380611922
2013-06-10,61.74886379258059,39.38494213392137,MODIS-Terra,61.74886379258059
2013-06-11,84.51899468004292,42.074898558332904,MODIS-Terra,84.51899468004292
2013-06-12,74.81040588564363,41.02926025882805,MODIS-Terra,74.81040588564363
2013-06-14,89.52255529956724,42.56776453762181,MODIS-Terra,89.52255529956724
2013-06-15,80.84901128640817,41.69447548576663,MODIS-Terra,80.84901128640817
2013-06-16,103.7522702213974,43.83189060108592,MODIS-Terra,103.7522702213974
2013-06-17,114.62980993873822,44.686280592839246,MODIS-Terra,114.62980993873822
2013-06-22,114.22941954212442,44.65629597013803,MODIS-Terra,114.22941954212442
2013-06-27,109.48189017235866,44.29252515511137,MODIS-Terra,109.48189017235866
2013-06-28,167.0147535760825,47.91160085405774,MODIS-Terra,167.0147535760825
2013-06-29,84.08939590216109,42.03123011421768,MODIS-Terra,84.08939590216109
2013-06-30,105.4847621865346,43.97380469444361,MODIS-Terra,105.4847621865346
2013-07-01,58.05836887471082,38.85683514181092,MODIS-Terra,58.05836887471082
2013-07-03,67.16264146710633,40.10513227933009,MODIS-Terra,67.16264146710633
2013-07-05,123.37913520767832,45.31659893826716,MODIS-Terra,123.37913520767832
2013-07-06,85.63277305180075,42.187087859321835,MODIS-Terra,85.63277305180075
2013-07-07,75.46582173281094,41.10401045411491,MODIS-Terra,75.46582173281094
2013-07-08,90.89526812827496,42.6981687313413,MODIS-Terra,90.89526812827496
2013-07-09,81.75494207687709,41.78996404449588,MODIS-Terra,81.75494207687709
2013-07-10,117.95226317182866,44.931127773441766,MODIS-Terra,117.95226317182866
2013-07-11,78.52369217120868,41.44439352428373,MODIS-Terra,78.52369217120868
2013-07-12,121.42457570558366,45.17975579155253,MODIS-Terra,121.42457570558366
2013-07-13,94.59508061531092,43.04006859277719,MODIS-Terra,94.59508061531092
2013-07-14,97.956791967927,43.33932243135822,MODIS-Terra,97.956791967927
2013-07-15,60.09035638435832,39.15162853346066,MODIS-Terra,60.09035638435832
2013-07-17,92.71850641983836,42.868359254640396,MODIS-Terra,92.71850641983836
2013-07-18,55.98747482338379,38.5455853407215,MODIS-Terra,55.98747482338379
2013-07-19,87.94778331047803,42.415679592066205,MODIS-Terra,87.94778331047803
2013-07-20,68.32206177064873,40.25180324899245,MODIS-Terra,68.32206177064873
2013-07-21,86.05473506260643,42.2292107779223,MODIS-Terra,86.05473506260643
2013-07-22,104.55765478254467,43.898154719734116,MODIS-Terra,104.55765478254467
2013-07-25,115.73924371251806,44.768820414545466,MODIS-Terra,115.73924371251806
2013-07-27,63.838888008727785,39.67019305443241,MODIS-Terra,63.838888008727785
2013-07-28,103.28967915941796,43.79359732382233,MODIS-Terra,103.28967915941796
2013-07-29,92.4004978975737,42.838916997278,MODIS-Terra,92.4004978975737
2013-08-02,142.69134373863403,46.56278413089198,MODIS-Terra,142.69134373863403
2013-08-03,59.61776642094757,39.08396634284634,MODIS-Terra,59.61776642094757
2013-08-04,108.38171742808808,44.20597600516297,MODIS-Terra,108.38171742808808
2013-08-05,62.61981170430532,39.50496699087136,MODIS-Terra,62.61981170430532
2013-08-06,91.42654287028093,42.748110589477996,MODIS-Terra,91.42654287028093
2013-08-11,53.35941550362139,38.133587163793095,MODIS-Terra,53.35941550362139
2013-08-12,54.78589389530886,38.359668974751656,MODIS-Terra,54.78589389530886
2013-08-13,58.54897469738647,38.92894460847853,MODIS-Terra,58.54897469738647
2013-08-14,49.917787498398326,37.56223586013474,MODIS-Terra,49.917787498398326
2013-08-15,51.226531644328595,37.78401485997091,MODIS-Terra,51.226531644328595
2013-08-16,52.27230383065653,37.957195495278974,MODIS-Terra,52.27230383065653
2013-08-17,28.209747840108616,32.67156685844158,MODIS-Terra,28.209747840108616
2013-08-18,46.53838270461388,36.961517481758115,MODIS-Terra,46.53838270461388
2013-08-19,48.39830930308632,37.29733257141082,MODIS-Terra,48.39830930308632
2013-08-20,55.956745746709615,38.540880653350996,MODIS-Terra,55.956745746709615
2013-08-23,46.72771747304522,36.99631033748831,MODIS-Terra,46.72771747304522
2013-08-24,45.572092300443735,36.78171424658522,MODIS-Terra,45.572092300443735
2013-08-26,54.757297607937815,38.35519485919025,MODIS-Terra,54.757297607937815
2013-08-27,63.18605694055936,39.582108746374956,MODIS-Terra,63.18605694055936
2013-08-28,48.96775947422509,37.3975713967423,MODIS-Terra,48.96775947422509
2013-08-29,87.95595794649114,42.41647607462927,MODIS-Terra,87.95595794649114
2013-08-30,54.49793246566162,38.314508098695384,MODIS-Terra,54.49793246566162
2013-08-31,54.062457424129576,38.24575739801106,MODIS-Terra,54.062457424129576
2013-09-01,47.33812572890459,37.107528948386765,MODIS-Terra,47.33812572890459
2013-09-02,57.36691881786737,38.75416409962287,MODIS-Terra,57.36691881786737
2013-09-03,54.37793067332375,38.29561778273644,MODIS-Terra,54.37793067332375
2013-09-04,53.55307457974288,38.1646322457237,MODIS-Terra,53.55307457974288
2013-09-07,54.05745119113053,38.244963822397835,MODIS-Terra,54.05745119113053
2013-09-08,47.712433192721086,37.1750219870952,MODIS-Terra,47.712433192721086
2013-09-09,49.14011984602465,37.427681823114696,MODIS-Terra,49.14011984602465
2013-09-10,53.063099492131535,38.08586659098939,MODIS-Terra,53.063099492131535
2013-09-11,51.00257635852259,37.74646828167116,MODIS-Terra,51.00257635852259
2013-09-13,47.87941791118583,37.204961120347285,MODIS-Terra,47.87941791118583
2013-09-14,56.34170646658574,38.599633278044784,MODIS-Terra,56.34170646658574
2013-09-15,47.1131107994085,37.06669819135471,MODIS-Terra,47.1131107994085
2013-09-16,52.60744135534761,38.011962102427745,MODIS-Terra,52.60744135534761
2013-09-18,53.37363514550939,38.13587051472211,MODIS-Terra,53.37363514550939
2013-09-19,44.08916450480449,36.49822426720419,MODIS-Terra,44.08916450480449
2013-09-20,50.02210294988601,37.58012513986916,MODIS-Terra,50.02210294988601
2013-09-25,52.001875387084034,37.91274675197566,MODIS-Terra,52.001875387084034
2013-09-26,49.33331626948732,37.46130691436404,MODIS-Terra,49.33331626948732
2013-09-27,44.95252312434528,36.66441024685379,MODIS-Terra,44.95252312434528
2013-09-30,35.852348951388166,34.72601956134078,MODIS-Terra,35.852348951388166
2013-10-02,51.875519402285846,37.891899063614936,MODIS-Terra,51.875519402285846
2013-10-03,45.50406801675086,36.7689132945711,MODIS-Terra,45.50406801675086
2013-10-04,40.21399903722211,35.70984450489223,MODIS-Terra,40.21399903722211
2013-10-05,46.06129397004124,36.87321427839697,MODIS-Terra,46.06129397004124
2013-10-06,51.71353251999757,37.86509817049006,MODIS-Terra,51.71353251999757
2013-10-08,42.224798002417224,36.127969452216114,MODIS-Terra,42.224798002417224
2013-10-12,43.00185472122769,36.28423824140185,MODIS-Terra,43.00185472122769
2013-10-13,38.72012251010542,35.38544162020004,MODIS-Terra,38.72012251010542
2013-10-14,42.58631774289687,36.20102695019782,MODIS-Terra,42.58631774289687
2013-10-15,38.663084925116166,35.372808884637415,MODIS-Terra,38.663084925116166
2013-10-16,39.2162467046285,35.49454520691499,MODIS-Terra,39.2162467046285
2013-10-17,38.146543229758954,35.257548731426596,MODIS-Terra,38.146543229758954
2013-10-18,40.39934945793103,35.74925122640466,MODIS-Terra,40.39934945793103
2013-10-19,39.988006273041606,35.66155048231177,MODIS-Terra,39.988006273041606
2013-10-20,40.25766685238985,35.719144900844455,MODIS-Terra,40.25766685238985
2013-10-21,38.833343615792295,35.41046289381573,MODIS-Terra,38.833343615792295
2013-10-22,40.438588828329806,35.75757058339021,MODIS-Terra,40.438588828329806
2013-10-23,41.35908930425694,35.95044929636432,MODIS-Terra,41.35908930425694
2013-10-24,34.07522236529899,34.290360884699105,MODIS-Terra,34.07522236529899
2013-10-25,40.97907266881921,35.871347299220496,MODIS-Terra,40.97907266881921
2013-10-26,38.51588200919754,35.340119939751666,MODIS-Terra,38.51588200919754
2013-10-27,32.7699142283692,33.955641114184395,MODIS-Terra,32.7699142283692
2013-10-29,35.097799113219104,34.54374170076018,MODIS-Terra,35.097799113219104
2013-10-30,35.98607886224518,34.75792429782859,MODIS-Terra,35.98607886224518
2013-10-31,36.979140747463326,34.99120035246503,MODIS-Terra,36.979140747463326
2013-11-01,35.59354065252015,34.663934691633244,MODIS-Terra,35.59354065252015
2013-11-04,34.38417109792032,34.36770713134105,MODIS-Terra,34.38417109792032
2013-11-13,31.707522822429596,33.67321879567957,MODIS-Terra,31.707522822429596
2013-11-14,28.8825376404902,32.87354529168619,MODIS-Terra,28.8825376404902
2013-11-16,28.446041701639956,32.7430483467069,MODIS-Terra,28.446041701639956
2013-11-17,34.32229945370884,34.35227318237919,MODIS-Terra,34.32229945370884
2013-11-21,25.17118828321084,31.69492752892503,MODIS-Terra,25.17118828321084
2013-11-22,28.278389586151334,32.69239325843768,MODIS-Terra,28.278389586151334
2013-11-23,23.88715161385384,31.24623720380048,MODIS-Terra,23.88715161385384
2013-11-24,31.542880883171843,33.62860583183774,MODIS-Terra,31.542880883171843
2013-11-28,32.25727446043287,33.82052434986156,MODIS-Terra,32.25727446043287
2013-11-29,44.10055765984171,36.500438426995096,MODIS-Terra,44.10055765984171
2013-12-04,29.723264198934636,33.119427368771866,MODIS-Terra,29.723264198934636
2014-02-01,41.43681577660647,35.96653881872,MODIS-Terra,41.43681577660647
2014-02-21,48.327749628730615,37.284830094064866,MODIS-Terra,48.327749628730615
2014-02-22,45.40442623740939,36.75012790922642,MODIS-Terra,45.40442623740939
2014-02-23,45.397161768521705,36.74875673276382,MODIS-Terra,45.397161768521705
2014-03-11,46.89290545220789,37.02655092949395,MODIS-Terra,46.89290545220789
2014-03-12,46.449529632644946,36.945140683216415,MODIS-Terra,46.449529632644946
2014-03-15,46.19984862136151,36.89895291462616,MODIS-Terra,46.19984862136151
2014-03-17,41.06123102279789,35.88851086583675,MODIS-Terra,41.06123102279789
2014-03-18,47.13991489291574,37.07157222765919,MODIS-Terra,47.13991489291574
2014-03-19,50.38207105450017,37.641571624073464,MODIS-Terra,50.38207105450017
2014-03-20,46.68109562658135,36.98775603552591,MODIS-Terra,46.68109562658135
2014-03-21,43.57306862489814,36.39732086625473,MODIS-Terra,43.57306862489814
2014-03-22,42.83002046802221,36.24992635118537,MODIS-Terra,42.83002046802221
2014-03-23,43.74554681914761,36.43117493293036,MODIS-Terra,43.74554681914761
2014-03-24,46.93599298239754,37.03442135002251,MODIS-Terra,46.93599298239754
2014-04-02,44.67175969404407,36.61071953135271,MODIS-Terra,44.67175969404407
2014-04-07,41.218129286004846,35.921193020466305,MODIS-Terra,41.218129286004846
2014-04-09,40.51390595952078,35.77351639327564,MODIS-Terra,40.51390595952078
2014-04-10,43.80545556899043,36.44290261344493,MODIS-Terra,43.80545556899043
2014-04-11,38.367141857113765,35.30696248151026,MODIS-Terra,38.367141857113765
2014-04-12,45.11582711545132,36.695485021747515,MODIS-Terra,45.11582711545132
2014-04-13,39.02531320787031,35.45272093278919,MODIS-Terra,39.02531320787031
2014-04-14,43.768662753580635,36.4357019883789,MODIS-Terra,43.768662753580635
2014-04-16,42.47524211620335,36.178646511205265,MODIS-Terra,42.47524211620335
2014-04-18,41.45483995186562,35.97026554519207,MODIS-Terra,41.45483995186562
2014-04-20,42.45406126455025,36.174372173910214,MODIS-Terra,42.45406126455025
2014-04-22,42.13742107704988,36.110218083561755,MODIS-Terra,42.13742107704988
2014-04-28,44.39146058760967,36.55677993680798,MODIS-Terra,44.39146058760967
2014-04-29,42.04789781880264,36.091992451144684,MODIS-Terra,42.04789781880264
2014-05-06,42.22799989711568,36.12861924656115,MODIS-Terra,42.22799989711568
2014-05-07,41.4751278988374,35.97445839723315,MODIS-Terra,41.4751278988374
2014-05-10,48.21384501058284,37.26460875132155,MODIS-Terra,48.21384501058284
2014-05-11,37.98940665234527,35.2221757993444,MODIS-Terra,37.98940665234527
2014-05-13,38.32636517864139,35.29785000935022,MODIS-Terra,38.32636517864139
2014-05-14,43.29492200066741,36.34244284718673,MODIS-Terra,43.29492200066741
2014-05-16,42.65094065084664,36.21402086551315,MODIS-Terra,42.65094065084664
2014-05-17,48.134238698379555,37.25044796245971,MODIS-Terra,48.134238698379555
2014-05-20,39.30949858496555,35.514898217539574,MODIS-Terra,39.30949858496555
2014-05-21,45.01005131510626,36.675370026549835,MODIS-Terra,45.01005131510626
2014-05-22,42.717086795062045,36.22730068886939,MODIS-Terra,42.717086795062045
2014-05-24,47.46672876924313,37.130777925543,MODIS-Terra,47.46672876924313
2014-05-26,48.20914254896754,37.26377290275786,MODIS-Terra,48.20914254896754
2014-05-27,37.724914830537074,35.16230446955411,MODIS-Terra,37.724914830537074
2014-05-28,48.3635690309542,37.291179217859494,MODIS-Terra,48.3635690309542
2014-05-29,42.31971725810566,36.1472115311785,MODIS-Terra,42.31971725810566
2014-05-30,46.87601539682623,37.023463798309095,MODIS-Terra,46.87601539682623
2014-05-31,41.75411497028581,36.03190874807505,MODIS-Terra,41.75411497028581
2014-06-01,48.975684832646905,37.39895823707998,MODIS-Terra,48.975684832646905
2014-06-02,53.058441713876306,38.08511434793736,MODIS-Terra,53.058441713876306
2014-06-03,45.67040109281084,36.800180479496504,MODIS-Terra,45.67040109281084
2014-06-04,60.6852146636548,39.23604377106493,MODIS-Terra,60.6852146636548
2014-06-05,39.91267449194422,35.64539161892487,MODIS-Terra,39.91267449194422
2014-06-06,50.934873109144405,37.73508522919166,MODIS-Terra,50.934873109144405
2014-06-07,52.41468363248155,37.980505312809214,MODIS-Terra,52.41468363248155
2014-06-08,54.39409576153505,38.29816486978134,MODIS-Terra,54.39409576153505
2014-06-09,55.772187263205346,38.51256988338125,MODIS-Terra,55.772187263205346
2014-06-10,55.92723758996699,38.5363604591239,MODIS-Terra,55.92723758996699
2014-06-11,68.2128022539119,40.23808815683196,MODIS-Terra,68.2128022539119
2014-06-12,40.87430211995611,35.84940986706345,MODIS-Terra,40.87430211995611
2014-06-15,89.85343110475728,42.59937887807396,MODIS-Terra,89.85343110475728
2014-06-16,87.34934663978736,42.35716987418672,MODIS-Terra,87.34934663978736
2014-06-17,79.78993754063507,41.58147909666925,MODIS-Terra,79.78993754063507
2014-06-18,98.96571250076636,43.42713331238806,MODIS-Terra,98.96571250076636
2014-06-19,89.84841290190958,42.598900271561895,MODIS-Terra,89.84841290190958
2014-06-20,90.76378807025743,42.68576404367408,MODIS-Terra,90.76378807025743
2014-06-22,99.720035225832,43.49220251543715,MODIS-Terra,99.720035225832
2014-06-23,70.40056289276973,40.50861707006731,MODIS-Terra,70.40056289276973
2014-06-24,75.73087998986705,41.134056158489386,MODIS-Terra,75.73087998986705
2014-06-28,129.07631946844995,45.7034396491423,MODIS-Terra,129.07631946844995
2014-06-29,107.62688668594946,44.14608477670427,MODIS-Terra,107.62688668594946
2014-06-30,73.12228779706672,40.83367305636637,MODIS-Terra,73.12228779706672
2014-07-02,64.78753148077514,39.79659787626002,MODIS-Terra,64.78753148077514
2014-07-03,85.96336948468105,42.22010763391676,MODIS-Terra,85.96336948468105
2014-07-04,84.30451174233733,42.05312431904506,MODIS-Terra,84.30451174233733
2014-07-05,112.24447014280312,44.50607680420225,MODIS-Terra,112.24447014280312
2014-07-06,101.84265636911536,43.67269591136307,MODIS-Terra,101.84265636911536
2014-07-07,51.92041469798613,37.899312224853034,MODIS-Terra,51.92041469798613
2014-07-09,115.2156522883212,44.7299652260723,MODIS-Terra,115.2156522883212
2014-07-10,108.40118706049336,44.20751527814601,MODIS-Terra,108.40118706049336
2014-07-12,106.94764658063971,44.09183105702078,MODIS-Terra,106.94764658063971
2014-07-13,62.750460744699275,39.52282753707686,MODIS-Terra,62.750460744699275
2014-07-14,66.66326061294264,40.04117696340718,MODIS-Terra,66.66326061294264
2014-07-15,111.90218338614032,44.479904551857324,MODIS-Terra,111.90218338614032
2014-07-16,55.89724522323526,38.53176364678511,MODIS-Terra,55.89724522323526
2014-07-17,97.43105784250542,43.29320632980251,MODIS-Terra,97.43105784250542
2014-07-18,92.43955427513085,42.84253841655368,MODIS-Terra,92.43955427513085
2014-07-19,58.272474563427174,38.88837914038467,MODIS-Terra,58.272474563427174
2014-07-20,107.10208359787526,44.10419678589852,MODIS-Terra,107.10208359787526
2014-07-22,90.04962342321708,42.618069620767784,MODIS-Terra,90.04962342321708
2014-07-24,96.41550425155992,43.20341557118341,MODIS-Terra,96.41550425155992
2014-07-25,90.6312122041533,42.67323776232092,MODIS-Terra,90.6312122041533
2014-07-26,73.17869779195011,40.84028138685672,MODIS-Terra,73.17869779195011
2014-07-28,70.82148123696284,40.55970044361313,MODIS-Terra,70.82148123696284
2014-07-29,62.48800058684911,39.48690977886001,MODIS-Terra,62.48800058684911
2014-07-30,61.154607539809106,39.302072404751605,MODIS-Terra,61.154607539809106
2014-07-31,72.48435110154875,40.75858305526312,MODIS-Terra,72.48435110154875
2014-08-01,96.11537113029956,43.17669800982026,MODIS-Terra,96.11537113029956
2014-08-05,55.18113019783662,38.421268753153846,MODIS-Terra,55.18113019783662
2014-08-07,116.73631887461576,44.84232868047881,MODIS-Terra,116.73631887461576
2014-08-08,67.29440270630846,40.12192755646345,MODIS-Terra,67.29440270630846
2014-08-09,69.08044720576486,40.34640140162745,MODIS-Terra,69.08044720576486
2014-08-10,56.608469945361705,38.64011166433853,MODIS-Terra,56.608469945361705
2014-08-11,65.54032227277116,39.895595508897834,MODIS-Terra,65.54032227277116
2014-08-12,58.92004552092436,38.98308455602356,MODIS-Terra,58.92004552092436
2014-08-15,61.154010745150806,39.301988776928546,MODIS-Terra,61.154010745150806
2014-08-17,45.846379446563034,36.83313704729935,MODIS-Terra,45.846379446563034
2014-08-18,49.97383372139108,37.57185198864709,MODIS-Terra,49.97383372139108
2014-08-20,55.51327518634397,38.472695169338145,MODIS-Terra,55.51327518634397
2014-08-21,56.94800723383016,38.691357642083375,MODIS-Terra,56.94800723383016
2014-08-22,52.83598727693257,38.0491102841248,MODIS-Terra,52.83598727693257
2014-08-23,60.291981852196024,39.18033408819903,MODIS-Terra,60.291981852196024
2014-08-24,57.28284782701893,38.74159639418534,MODIS-Terra,57.28284782701893
2014-08-25,52.029929648784105,37.91736859983047,MODIS-Terra,52.029929648784105
2014-08-26,53.11893867154873,38.09487962343785,MODIS-Terra,53.11893867154873
2014-08-31,83.19934303736822,41.940042444530185,MODIS-Terra,83.19934303736822
2014-09-01,64.38005030893264,39.742530115611096,MODIS-Terra,64.38005030893264
2014-09-02,68.50576496710097,40.27481371793506,MODIS-Terra,68.50576496710097
2014-09-03,57.298257041282696,38.743901285308915,MODIS-Terra,57.298257041282696
2014-09-04,55.155139430334096,38.417231520845924,MODIS-Terra,55.155139430334096
2014-09-05,52.21243418029556,37.94737492210974,MODIS-Terra,52.21243418029556
2014-09-06,54.22232482708214,38.27106061456275,MODIS-Terra,54.22232482708214
2014-09-07,57.0574785391629,38.70781490491441,MODIS-Terra,57.0574785391629
2014-09-08,55.98009740109004,38.54445607717952,MODIS-Terra,55.98009740109004
2014-09-09,59.0981069894916,39.00894311939808,MODIS-Terra,59.0981069894916
2014-09-10,63.85692264170629,39.67261360180297,MODIS-Terra,63.85692264170629
2014-09-11,55.77788320889047,38.513445026163254,MODIS-Terra,55.77788320889047
2014-09-12,60.48595670348972,39.20785996188874,MODIS-Terra,60.48595670348972
2014-09-14,54.93106569985015,38.38234629269069,MODIS-Terra,54.93106569985015
2014-09-16,55.916321568433794,38.534687688741094,MODIS-Terra,55.916321568433794
2014-09-19,52.98794869505654,38.07372147622496,MODIS-Terra,52.98794869505654
2014-09-20,56.05564708246332,38.5560134473344,MODIS-Terra,56.05564708246332
2014-09-26,71.20449359120244,40.605920341426945,MODIS-Terra,71.20449359120244
2014-09-29,75.31649572292149,41.087037082763146,MODIS-Terra,75.31649572292149
2014-09-30,63.43223972286954,39.61543179144485,MODIS-Terra,63.43223972286954
2014-10-01,72.30389777104683,40.737222391905355,MODIS-Terra,72.30389777104683
2014-10-02,68.04178763541562,40.21657692665015,MODIS-Terra,68.04178763541562
2014-10-03,66.3354642622547,39.9989353555111,MODIS-Terra,66.3354642622547
2014-10-04,64.15181302339165,39.712096106178514,MODIS-Terra,64.15181302339165
2014-10-05,79.89349831145863,41.59259432506552,MODIS-Terra,79.89349831145863
2014-10-06,71.34524935780881,40.62284355453954,MODIS-Terra,71.34524935780881
2014-10-07,73.02574548777959,40.82235145928117,MODIS-Terra,73.02574548777959
2014-10-08,66.17341402668686,39.97797552193273,MODIS-Terra,66.17341402668686
2014-10-09,52.48755573384357,37.992411138727235,MODIS-Terra,52.48755573384357
2014-10-10,53.42633942422584,38.14432832004516,MODIS-Terra,53.42633942422584
2014-10-11,51.485554677468635,37.827236443956465,MODIS-Terra,51.485554677468635
2014-10-12,54.05475658862345,38.2445366502801,MODIS-Terra,54.05475658862345
2014-10-13,41.09857944651364,35.896301912451996,MODIS-Terra,41.09857944651364
2014-10-16,41.97750285689557,36.077633787829015,MODIS-Terra,41.97750285689557
2014-10-18,48.017366553850515,37.229615643695446,MODIS-Terra,48.017366553850515
2014-10-19,49.35149026687347,37.46446324940318,MODIS-Terra,49.35149026687347
2014-10-27,27.17381718013728,32.35095221107166,MODIS-Terra,27.17381718013728
2014-11-02,28.68175516725632,32.81376509885615,MODIS-Terra,28.68175516725632
2014-11-08,26.662541909368052,32.18818193973376,MODIS-Terra,26.662541909368052
2014-11-10,27.98443721383717,32.6028480612768,MODIS-Terra,27.98443721383717
2014-11-11,28.787143842206262,32.84519510590745,MODIS-Terra,28.787143842206262
2014-11-15,34.47500466055368,34.39031542078645,MODIS-Terra,34.47500466055368
2014-11-17,34.673685045253166,34.43955962874517,MODIS-Terra,34.673685045253166
2014-12-18,31.273111788332653,33.55500079033458,MODIS-Terra,31.273111788332653
2014-12-26,19.183698503196418,29.367129642270907,MODIS-Terra,19.183698503196418
2014-12-28,20.57662030467472,29.967801891116128,MODIS-Terra,20.57662030467472
2014-12-30,25.09150459062218,31.66775644355621,MODIS-Terra,25.09150459062218
2015-01-01,28.690651709224863,32.816422769076226,MODIS-Terra,28.690651709224863
2015-01-07,28.925407053781576,32.88625521748523,MODIS-Terra,28.925407053781576
2015-01-19,39.883567263145856,35.63913987233394,MODIS-Terra,39.883567263145856
2015-01-20,34.41326939387211,34.37495613344421,MODIS-Terra,34.41326939387211
2015-01-23,37.2639258117691,35.05694287462482,MODIS-Terra,37.2639258117691
2015-01-24,29.05694383871839,32.925136006728444,MODIS-Terra,29.05694383871839
2015-01-28,40.84908343189037,35.844121043510654,MODIS-Terra,40.84908343189037
2015-01-30,39.525699917028255,35.561900853369686,MODIS-Terra,39.525699917028255
2015-01-31,35.519964642457204,34.64620230360938,MODIS-Terra,35.519964642457204
2015-02-14,26.60860308765133,32.17082822330619,MODIS-Terra,26.60860308765133
2015-02-16,29.253700660540854,32.98296778277342,MODIS-Terra,29.253700660540854
2015-02-18,37.22158644642475,35.04720070905743,MODIS-Terra,37.22158644642475
2015-02-20,38.66777067764902,35.37384739170924,MODIS-Terra,38.66777067764902
2015-02-21,32.29543614604842,33.83065636992614,MODIS-Terra,32.29543614604842
2015-02-22,38.47249469909091,35.33046119846113,MODIS-Terra,38.47249469909091
2015-02-23,34.106639366253425,34.29825818812873,MODIS-Terra,34.106639366253425
2015-02-24,33.75234130522949,34.20877358535015,MODIS-Terra,33.75234130522949
2015-03-01,36.53973895485644,34.888764723240534,MODIS-Terra,36.53973895485644
2015-03-02,37.55505217602642,35.12363197846109,MODIS-Terra,37.55505217602642
2015-03-03,39.57711789452805,35.5730413876983,MODIS-Terra,39.57711789452805
2015-03-04,35.94808511038854,34.74887197682116,MODIS-Terra,35.94808511038854
2015-03-06,41.128154626254904,35.90246640447334,MODIS-Terra,41.128154626254904
2015-03-08,38.53466404627779,35.34429776149414,MODIS-Terra,38.53466404627779
2015-03-09,40.1890423870467,35.704524687161786,MODIS-Terra,40.1890423870467
2015-03-12,41.66084537692025,36.01274505347845,MODIS-Terra,41.66084537692025
2015-03-18,37.51466657038802,35.11441168428231,MODIS-Terra,37.51466657038802
2015-03-19,42.15536612543514,36.11386677510687,MODIS-Terra,42.15536612543514
2015-03-21,38.49889198656534,35.33633897312879,MODIS-Terra,38.49889198656534
2015-03-26,44.70452178864694,36.61700202881922,MODIS-Terra,44.70452178864694
2015-03-27,34.519115225937604,34.40127297249987,MODIS-Terra,34.519115225937604
2015-03-28,36.91602548772219,34.97656169079662,MODIS-Terra,36.91602548772219
2015-03-29,35.730134383688906,34.696757860800666,MODIS-Terra,35.730134383688906
2015-03-31,36.77971578784354,34.944861068354975,MODIS-Terra,36.77971578784354
2015-04-01,39.01364767849149,35.4501589518081,MODIS-Terra,39.01364767849149
2015-04-02,42.73127739013622,36.23014698303845,MODIS-Terra,42.73127739013622
2015-04-09,39.35613174419609,35.525058195988834,MODIS-Terra,39.35613174419609
2015-04-12,35.996213350860415,34.76033730767561,MODIS-Terra,35.996213350860415
2015-04-14,35.13909909699448,34.55381954244053,MODIS-Terra,35.13909909699448
2015-04-15,36.990018680199135,34.99372080552143,MODIS-Terra,36.990018680199135
2015-04-16,38.004766468589416,35.22563988527419,MODIS-Terra,38.004766468589416
2015-04-17,35.90035130180753,34.73748543739586,MODIS-Terra,35.90035130180753
2015-04-19,39.79051031317485,35.61912213935557,MODIS-Terra,39.79051031317485
2015-04-20,45.38511380304184,36.746482182299175,MODIS-Terra,45.38511380304184
2015-04-21,41.8036043831519,36.04205974506371,MODIS-Terra,41.8036043831519
2015-04-22,40.32590661703643,35.73365846330653,MODIS-Terra,40.32590661703643
2015-04-25,46.18952481704278,36.89703777400247,MODIS-Terra,46.18952481704278
2015-04-26,41.14387362901827,35.9057409853097,MODIS-Terra,41.14387362901827
2015-04-27,45.45145404237889,36.75899915540506,MODIS-Terra,45.45145404237889
2015-04-28,43.91138484060355,36.46360003006541,MODIS-Terra,43.91138484060355
2015-04-29,45.48620299723591,36.76554824499916,MODIS-Terra,45.48620299723591
2015-04-30,42.518463561464145,36.18736207492091,MODIS-Terra,42.518463561464145
2015-05-01,46.51234649649667,36.956721904530184,MODIS-Terra,46.51234649649667
2015-05-02,47.23483373450696,37.0888099425139,MODIS-Terra,47.23483373450696
2015-05-03,46.49862330192046,36.95419316570832,MODIS-Terra,46.49862330192046
2015-05-04,47.92236864056882,37.21264498822788,MODIS-Terra,47.92236864056882
2015-05-05,42.04076775090676,36.09053920516451,MODIS-Terra,42.04076775090676
2015-05-06,49.77399949044562,37.53751597139428,MODIS-Terra,49.77399949044562
2015-05-09,44.3630300995667,36.55128987899185,MODIS-Terra,44.3630300995667
2015-05-14,47.69843970784746,37.17250830158881,MODIS-Terra,47.69843970784746
2015-05-21,52.9926850729142,38.074487430341506,MODIS-Terra,52.9926850729142
2015-05-23,41.020066728730725,35.879915597914035,MODIS-Terra,41.020066728730725
2015-05-24,54.72138177172109,38.3495722309122,MODIS-Terra,54.72138177172109
2015-05-25,47.525443191416095,37.14137143730638,MODIS-Terra,47.525443191416095
2015-05-26,51.61975769934677,37.84954463845791,MODIS-Terra,51.61975769934677
2015-05-27,52.42966567718621,37.982954426732604,MODIS-Terra,52.42966567718621
2015-05-29,61.55594994605993,39.3581278225707,MODIS-Terra,61.55594994605993
2015-06-03,69.24030118523625,40.36620842618264,MODIS-Terra,69.24030118523625
2015-06-05,66.93461829720577,40.07598873160422,MODIS-Terra,66.93461829720577
2015-06-07,68.43994430155588,40.266576191950136,MODIS-Terra,68.43994430155588
2015-06-08,76.19556951385059,41.18647818092867,MODIS-Terra,76.19556951385059
2015-06-09,392.88817955782986,55.24227556407425,MODIS-Terra,392.88817955782986
2015-06-11,85.54385595522879,42.178185117745436,MODIS-Terra,85.54385595522879
2015-06-12,102.03073652302427,43.68850713453084,MODIS-Terra,102.03073652302427
2015-06-13,56.74479214055789,38.66072345305094,MODIS-Terra,56.74479214055789
2015-06-15,99.54804061370582,43.47740938292451,MODIS-Terra,99.54804061370582
2015-06-16,87.28075069231826,42.3504375920239,MODIS-Terra,87.28075069231826
2015-06-17,110.28350591460676,44.355041240794144,MODIS-Terra,110.28350591460676
2015-06-18,108.5235400832437,44.21718220903567,MODIS-Terra,108.5235400832437
2015-06-19,131.45673944298798,45.86003748543062,MODIS-Terra,131.45673944298798
2015-06-20,110.78399852168424,44.39384344747011,MODIS-Terra,110.78399852168424
2015-06-22,108.13337430562189,44.18631765444792,MODIS-Terra,108.13337430562189
2015-06-23,109.10788346549325,44.26320050100737,MODIS-Terra,109.10788346549325
2015-06-24,105.05617492675498,43.9389158785732,MODIS-Terra,105.05617492675498
2015-06-25,109.5836697389958,44.30048802183937,MODIS-Terra,109.5836697389958
2015-06-26,68.16785322157027,40.232439430775855,MODIS-Terra,68.16785322157027
2015-06-29,122.70875942030062,45.26991020747344,MODIS-Terra,122.70875942030062
2015-06-30,91.08526584596038,42.71606269418923,MODIS-Terra,91.08526584596038
2015-07-01,59.26785095280861,39.03352135727334,MODIS-Terra,59.26785095280861
2015-07-02,80.51267704663442,41.658751968995794,MODIS-Terra,80.51267704663442
2015-07-06,131.68386446496208,45.87483061794325,MODIS-Terra,131.68386446496208
2015-07-07,62.38886087153539,39.47330320736097,MODIS-Terra,62.38886087153539
2015-07-14,59.950726018367895,39.13169275981768,MODIS-Terra,59.950726018367895
2015-07-15,75.34409221011175,41.090176413519,MODIS-Terra,75.34409221011175
2015-07-16,87.03946486041407,42.3267147198478,MODIS-Terra,87.03946486041407
2015-07-18,89.86592590708833,42.60057044230792,MODIS-Terra,89.86592590708833
2015-07-19,78.80526092798725,41.47506673221041,MODIS-Terra,78.80526092798725
2015-07-20,85.05071926065595,42.128641668730396,MODIS-Terra,85.05071926065595
2015-07-21,85.78900741340803,42.20270831145227,MODIS-Terra,85.78900741340803
2015-07-23,85.61003874653417,42.184812488084695,MODIS-Terra,85.61003874653417
2015-07-24,73.94870076732136,40.92998000177509,MODIS-Terra,73.94870076732136
2015-07-25,99.51058837900092,43.474184754652555,MODIS-Terra,99.51058837900092
2015-07-26,110.79851005047006,44.394965880964484,MODIS-Terra,110.79851005047006
2015-07-27,97.2122088246652,43.273936036508516,MODIS-Terra,97.2122088246652
2015-07-28,91.94826113014128,42.79687247276583,MODIS-Terra,91.94826113014128
2015-07-29,79.67697458235546,41.56933826411131,MODIS-Terra,79.67697458235546
2015-07-30,59.48078002310701,39.06425328026768,MODIS-Terra,59.48078002310701
2015-07-31,71.89980643575682,40.689195201290616,MODIS-Terra,71.89980643575682
2015-08-01,86.97709155343199,42.320571569513916,MODIS-Terra,86.97709155343199
2015-08-03,62.70796543586791,39.5170222447233,MODIS-Terra,62.70796543586791
2015-08-04,79.60516927482287,41.561611949151775,MODIS-Terra,79.60516927482287
2015-08-05,56.545214026372115,38.630530562831595,MODIS-Terra,56.545214026372115
2015-08-06,73.23980284697303,40.84743399007696,MODIS-Terra,73.23980284697303
2015-08-08,78.83657195890243,41.478470883251994,MODIS-Terra,78.83657195890243
2015-08-11,96.96632141052908,43.252233112649044,MODIS-Terra,96.96632141052908
2015-08-12,113.5076306636252,44.60197583101484,MODIS-Terra,113.5076306636252
2015-08-13,139.09277590310666,46.3438972586808,MODIS-Terra,139.09277590310666
2015-08-14,63.4537593575972,39.61833851761267,MODIS-Terra,63.4537593575972
2015-08-15,100.02314903326514,43.51821111741999,MODIS-Terra,100.02314903326514
2015-08-16,87.34934663978736,42.35716987418672,MODIS-Terra,87.34934663978736
2015-08-17,70.38166061980101,40.506315897768424,MODIS-Terra,70.38166061980101
2015-08-20,98.10552284403968,43.35232382830878,MODIS-Terra,98.10552284403968
2015-08-21,85.43088947276122,42.16686109774252,MODIS-Terra,85.43088947276122
2015-08-22,61.73867709370174,39.38352831675113,MODIS-Terra,61.73867709370174
2015-08-23,183.71594238158775,48.7283432698003,MODIS-Terra,183.71594238158775
2015-08-24,80.72459308151264,41.68127783815824,MODIS-Terra,80.72459308151264
2015-08-26,129.9593089183945,45.761862213957016,MODIS-Terra,129.9593089183945
2015-08-29,60.891227867443845,39.265085934486095,MODIS-Terra,60.891227867443845
2015-08-31,100.5523518615304,43.56343087224232,MODIS-Terra,100.5523518615304
2015-09-01,96.00169047412254,43.16655647674754,MODIS-Terra,96.00169047412254
2015-09-03,107.6817896611364,44.15045513740511,MODIS-Terra,107.6817896611364
2015-09-05,119.55077796097017,45.046482917538135,MODIS-Terra,119.55077796097017
2015-09-07,80.32729881611975,41.63899829646728,MODIS-Terra,80.32729881611975
2015-09-08,61.839042045520216,39.3974478580905,MODIS-Terra,61.839042045520216
2015-09-09,106.84931022573667,44.083947984137225,MODIS-Terra,106.84931022573667
2015-09-10,73.25820680562548,40.84958708140256,MODIS-Terra,73.25820680562548
2015-09-18,59.87655535289867,39.121084126236575,MODIS-Terra,59.87655535289867
2015-09-19,101.2376282920156,43.62163459873424,MODIS-Terra,101.2376282920156
2015-09-20,102.68292314267494,43.74310924836159,MODIS-Terra,102.68292314267494
2015-09-21,85.38094008257924,42.16184928099754,MODIS-Terra,85.38094008257924
2015-09-22,102.61400888429164,43.73735604708252,MODIS-Terra,102.61400888429164
2015-09-23,68.1890947369548,40.23510930715055,MODIS-Terra,68.1890947369548
2015-09-24,53.901056322096835,38.22013541533787,MODIS-Terra,53.901056322096835
2015-09-25,64.63765222465948,39.77675037412171,MODIS-Terra,64.63765222465948
2015-09-26,70.53654077450392,40.52515289967036,MODIS-Terra,70.53654077450392
2015-09-27,60.310714111863554,39.18299613741908,MODIS-Terra,60.310714111863554
2015-09-28,55.28621942968774,38.43757324765505,MODIS-Terra,55.28621942968774
2015-09-29,82.53310797741577,41.8711446700066,MODIS-Terra,82.53310797741577
2015-10-02,50.44207960282184,37.651772360457464,MODIS-Terra,50.44207960282184
2015-10-04,53.795166478154066,38.20328397989478,MODIS-Terra,53.795166478154066
2015-10-05,92.8849800905235,42.88373168260139,MODIS-Terra,92.8849800905235
2015-10-09,43.98587090550557,36.47812391312155,MODIS-Terra,43.98587090550557
2015-10-10,55.05145864418082,38.40110748564576,MODIS-Terra,55.05145864418082
2015-10-11,55.22119257395016,38.42748805215627,MODIS-Terra,55.22119257395016
2015-10-12,57.502854847171875,38.774446153957214,MODIS-Terra,57.502854847171875
2015-10-13,62.44030918202028,39.48036700067729,MODIS-Terra,62.44030918202028
2015-10-14,59.64725326614161,39.08820373012886,MODIS-Terra,59.64725326614161
2015-10-15,54.88474013906392,38.375116284610144,MODIS-Terra,54.88474013906392
2015-10-16,51.940852263889575,37.902684775531334,MODIS-Terra,51.940852263889575
2015-10-21,48.67467413782767,37.34612680512165,MODIS-Terra,48.67467413782767
2015-10-22,51.366795902179696,37.80744695376657,MODIS-Terra,51.366795902179696
2015-10-26,52.0830797929252,37.926118083172454,MODIS-Terra,52.0830797929252
2015-10-29,55.922433172244105,38.53562427071552,MODIS-Terra,55.922433172244105
2015-11-02,45.04810506333827,36.682612006843485,MODIS-Terra,45.04810506333827
2015-11-03,34.104265714700475,34.29766177653356,MODIS-Terra,34.104265714700475
2015-11-04,31.856641871659633,33.71342605795892,MODIS-Terra,31.856641871659633
2015-11-07,45.73006255458996,36.81136786174502,MODIS-Terra,45.73006255458996
2015-11-10,33.436355028003504,34.128169299565684,MODIS-Terra,33.436355028003504
2015-11-18,21.276537444023617,30.25444520300543,MODIS-Terra,21.276537444023617
2015-11-20,27.786888505700674,32.54213977594656,MODIS-Terra,27.786888505700674
2015-11-21,32.72691090212584,33.94438820569616,MODIS-Terra,32.72691090212584
2015-11-26,29.112784893625655,32.94158879971664,MODIS-Terra,29.112784893625655
2015-11-27,22.98672441227216,30.916965742035345,MODIS-Terra,22.98672441227216
2015-11-28,30.439380844877235,33.32344151556369,MODIS-Terra,30.439380844877235
2015-12-14,36.06871857580488,34.77758092572318,MODIS-Terra,36.06871857580488
2016-01-31,48.664732304793176,37.34437631083556,MODIS-Terra,48.664732304793176
2016-02-01,48.52342130399195,37.319456435164085,MODIS-Terra,48.52342130399195
2016-02-07,43.344943315095776,36.352337949836595,MODIS-Terra,43.344943315095776
2016-02-08,50.820759539013366,37.71586485048331,MODIS-Terra,50.820759539013366
2016-02-12,50.42368401175438,37.64864662013543,MODIS-Terra,50.42368401175438
2016-02-29,41.04349460177309,35.88480848775255,MODIS-Terra,41.04349460177309
2016-03-06,34.58987862485422,34.41882216714214,MODIS-Terra,34.58987862485422
2016-03-07,40.35967010666071,35.7408303656766,MODIS-Terra,40.35967010666071
2016-03-16,40.66771525391742,35.80598833836411,MODIS-Terra,40.66771525391742
2016-03-17,38.47647085796831,35.331346811227355,MODIS-Terra,38.47647085796831
2016-03-24,32.05843820605345,33.76753814732872,MODIS-Terra,32.05843820605345
2016-03-25,32.22157744149376,33.81103584853691,MODIS-Terra,32.22157744149376
2016-03-28,37.85728611661333,35.192320801700625,MODIS-Terra,37.85728611661333
2016-03-30,40.59265017259495,35.79015610304149,MODIS-Terra,40.59265017259495
2016-03-31,32.5345690427656,33.893875448609805,MODIS-Terra,32.5345690427656
2016-04-01,36.307833638787265,34.834204013527035,MODIS-Terra,36.307833638787265
2016-04-02,37.43602108333304,35.0964278923826,MODIS-Terra,37.43602108333304
2016-04-03,34.542797471776275,34.4071501285792,MODIS-Terra,34.542797471776275
2016-04-04,35.61237368327588,34.66846770586676,MODIS-Terra,35.61237368327588
2016-04-06,39.47392285397995,35.55066786313301,MODIS-Terra,39.47392285397995
2016-04-07,32.51175048308186,33.887863040635004,MODIS-Terra,32.51175048308186
2016-04-09,29.345260152305897,33.00974692962158,MODIS-Terra,29.345260152305897
2016-04-10,39.56495764970939,35.57040798175909,MODIS-Terra,39.56495764970939
2016-04-11,36.73605831007506,34.93468310032372,MODIS-Terra,36.73605831007506
2016-04-15,42.360325457089914,36.15543046754103,MODIS-Terra,42.360325457089914
2016-04-16,34.17703063662197,34.3159260919539,MODIS-Terra,34.17703063662197
2016-04-17,35.60953509264248,34.6677846250622,MODIS-Terra,35.60953509264248
2016-04-18,31.308720400454977,33.56475270168285,MODIS-Terra,31.308720400454977
2016-04-19,37.21234513622633,35.045072836978505,MODIS-Terra,37.21234513622633
2016-04-25,32.463398023955385,33.87510880928902,MODIS-Terra,32.463398023955385
2016-04-27,42.14758107410302,36.11228406400572,MODIS-Terra,42.14758107410302
2016-04-28,36.68560049545477,34.92290467487522,MODIS-Terra,36.68560049545477
2016-05-01,42.57551282376445,36.19885244996001,MODIS-Terra,42.57551282376445
2016-05-02,34.48313981397167,34.39233733677738,MODIS-Terra,34.48313981397167
2016-05-08,42.632841602296985,36.21038362329559,MODIS-Terra,42.632841602296985
2016-05-09,36.61235259483768,34.90577747350163,MODIS-Terra,36.61235259483768
2016-05-10,38.17007381708683,35.26283314251043,MODIS-Terra,38.17007381708683
2016-05-11,40.03398037493862,35.67139709594528,MODIS-Terra,40.03398037493862
2016-05-17,47.481920553049925,37.133520149422374,MODIS-Terra,47.481920553049925
2016-05-18,37.744339165122966,35.166715692696414,MODIS-Terra,37.744339165122966
2016-05-24,46.19984862136153,36.898952914626165,MODIS-Terra,46.19984862136153
2016-05-25,42.947457984638994,36.27339114699137,MODIS-Terra,42.947457984638994
2016-05-26,51.21248871763705,37.781665361648564,MODIS-Terra,51.21248871763705
2016-05-27,42.89513371283321,36.262944345313024,MODIS-Terra,42.89513371283321
2016-05-28,46.578247338465744,36.968854903467616,MODIS-Terra,46.578247338465744
2016-05-31,48.21533982312708,37.264874432728675,MODIS-Terra,48.21533982312708
2016-06-01,42.14758107410302,36.11228406400572,MODIS-Terra,42.14758107410302
2016-06-03,65.49167306196722,39.889232223685774,MODIS-Terra,65.49167306196722
2016-06-06,45.030551909327954,36.679272239677054,MODIS-Terra,45.030551909327954
2016-06-07,50.10516424656729,37.59434284057427,MODIS-Terra,50.10516424656729
2016-06-09,38.908279508628915,35.42698324751556,MODIS-Terra,38.908279508628915
2016-06-11,66.84262094686336,40.0642024698213,MODIS-Terra,66.84262094686336
2016-06-12,60.3643841840566,39.19061863809048,MODIS-Terra,60.3643841840566
2016-06-14,67.6530786957188,40.167481026881894,MODIS-Terra,67.6530786957188
2016-06-16,64.95054304825179,39.818132343324095,MODIS-Terra,64.95054304825179
2016-06-18,75.31101800727626,41.08641381006893,MODIS-Terra,75.31101800727626
2016-06-19,72.3063571045196,40.73751386686692,MODIS-Terra,72.3063571045196
2016-06-20,101.10028066652092,43.61000065687054,MODIS-Terra,101.10028066652092
2016-06-21,88.67853890410933,42.48658871682286,MODIS-Terra,88.67853890410933
2016-06-22,102.73987871180428,43.74786118326916,MODIS-Terra,102.73987871180428
2016-06-23,104.83004490800748,43.92045053530761,MODIS-Terra,104.83004490800748
2016-06-24,73.37667807109347,40.863434178700906,MODIS-Terra,73.37667807109347
2016-06-25,108.1002872468674,44.18369514061254,MODIS-Terra,108.1002872468674
2016-06-26,80.71593019557474,41.68035816615792,MODIS-Terra,80.71593019557474
2016-06-27,78.15092592249975,41.4036159223143,MODIS-Terra,78.15092592249975
2016-06-28,74.93544151080695,41.04357099605921,MODIS-Terra,74.93544151080695
2016-06-29,68.89502569462938,40.32336888407685,MODIS-Terra,68.89502569462938
2016-06-30,71.82381895417618,40.68013376894263,MODIS-Terra,71.82381895417618
2016-07-01,84.52603238272411,42.07561208702396,MODIS-Terra,84.52603238272411
2016-07-02,61.583050146834466,39.36189971950344,MODIS-Terra,61.583050146834466
2016-07-03,94.64962169083653,43.04500809179585,MODIS-Terra,94.64962169083653
2016-07-04,88.83102309150213,42.50131137023982,MODIS-Terra,88.83102309150213
2016-07-05,99.8378491787212,43.502320891381096,MODIS-Terra,99.8378491787212
2016-07-06,57.27638709190014,38.74062982096996,MODIS-Terra,57.27638709190014
2016-07-07,114.64692389909168,44.68755989596333,MODIS-Terra,114.64692389909168
2016-07-09,61.48195959346738,39.347821134557755,MODIS-Terra,61.48195959346738
2016-07-11,119.81299982629348,45.06525850654337,MODIS-Terra,119.81299982629348
2016-07-12,80.63427037846839,41.671684117484766,MODIS-Terra,80.63427037846839
2016-07-13,78.25556622580882,41.41508232535899,MODIS-Terra,78.25556622580882
2016-07-14,79.89069771002941,41.592293924733184,MODIS-Terra,79.89069771002941
2016-07-15,87.16143030859533,42.3387143933354,MODIS-Terra,87.16143030859533
2016-07-16,94.88562232227792,43.06634867752053,MODIS-Terra,94.88562232227792
2016-07-17,91.5845843650798,42.762911098945914,MODIS-Terra,91.5845843650798
2016-07-19,43.983634044203974,36.47768811050572,MODIS-Terra,43.983634044203974
2016-07-20,138.6541583090697,46.316831509062155,MODIS-Terra,138.6541583090697
2016-07-21,91.69034249001874,42.77280103901967,MODIS-Terra,91.69034249001874
2016-07-22,117.64490327638792,44.908768365080945,MODIS-Terra,117.64490327638792
2016-07-23,87.45826256413118,42.367848467059005,MODIS-Terra,87.45826256413118
2016-07-24,76.23083579602672,41.190443538930595,MODIS-Terra,76.23083579602672
2016-07-25,66.30769072347893,39.995346720361496,MODIS-Terra,66.30769072347893
2016-07-26,98.01664731108174,43.344557093403814,MODIS-Terra,98.01664731108174
2016-07-27,85.41993646422598,42.1657623467801,MODIS-Terra,85.41993646422598
2016-07-28,60.26480421871907,39.17647039256144,MODIS-Terra,60.26480421871907
2016-07-29,86.50331929030946,42.2737653900336,MODIS-Terra,86.50331929030946
2016-07-30,78.38479897184354,41.42922240672813,MODIS-Terra,78.38479897184354
2016-07-31,82.47140992987036,41.86473613840921,MODIS-Terra,82.47140992987036
2016-08-01,100.22265711913026,43.53528688129954,MODIS-Terra,100.22265711913026
2016-08-02,117.04226455856976,44.86475834513467,MODIS-Terra,117.04226455856976
2016-08-03,84.9025240687504,42.113696951881806,MODIS-Terra,84.9025240687504
2016-08-04,50.90257325021015,37.72964927154881,MODIS-Terra,50.90257325021015
2016-08-05,73.45100531639369,40.87211024879957,MODIS-Terra,73.45100531639369
2016-08-06,102.2235361877472,43.70468488668329,MODIS-Terra,102.2235361877472
2016-08-07,89.59680072266413,42.57486865480556,MODIS-Terra,89.59680072266413
2016-08-08,135.70898054223318,46.13284526347487,MODIS-Terra,135.70898054223318
2016-08-09,93.19480913116918,42.912268546410374,MODIS-Terra,93.19480913116918
2016-08-10,76.4331723548792,41.21315896451309,MODIS-Terra,76.4331723548792
2016-08-11,76.9448423415984,41.270334648217826,MODIS-Terra,76.9448423415984
2016-08-12,90.25348286957173,42.637447700612334,MODIS-Terra,90.25348286957173
2016-08-13,91.48990453960025,42.754047449296415,MODIS-Terra,91.48990453960025
2016-08-15,58.718804327977,38.95376553523438,MODIS-Terra,58.718804327977
2016-08-16,56.47060165029615,38.619215560852155,MODIS-Terra,56.47060165029615
2016-08-17,58.84194980158094,38.97171862379749,MODIS-Terra,58.84194980158094
2016-08-18,50.318464917475936,37.63074606783261,MODIS-Terra,50.318464917475936
2016-08-19,55.779575660633526,38.51370504248232,MODIS-Terra,55.779575660633526
2016-08-20,58.90973776446623,38.98158524409756,MODIS-Terra,58.90973776446623
2016-08-21,63.75192022116039,39.65851092469372,MODIS-Terra,63.75192022116039
2016-08-22,63.44424332285968,39.61705327783767,MODIS-Terra,63.44424332285968
2016-08-23,76.27375216667082,41.1952666028105,MODIS-Terra,76.27375216667082
2016-08-24,74.30384264845452,40.97103665013733,MODIS-Terra,74.30384264845452
2016-08-25,78.85780268954655,41.48077832988961,MODIS-Terra,78.85780268954655
2016-08-26,61.435254350479454,39.34130881244835,MODIS-Terra,61.435254350479454
2016-08-27,85.37286886125123,42.16103915646981,MODIS-Terra,85.37286886125123
2016-08-28,83.522010108985,41.97321255270451,MODIS-Terra,83.522010108985
2016-08-31,71.39890070594839,40.6292853252906,MODIS-Terra,71.39890070594839
2016-09-03,61.34647131779344,39.32891573274206,MODIS-Terra,61.34647131779344
2016-09-04,74.58285011361505,41.0031542714574,MODIS-Terra,74.58285011361505
2016-09-05,70.26188487299186,40.49171995637832,MODIS-Terra,70.26188487299186
2016-09-06,79.89554845055012,41.59281422203556,MODIS-Terra,79.89554845055012
2016-09-07,65.28668601776982,39.8623680300317,MODIS-Terra,65.28668601776982
2016-09-08,75.5733679502277,41.116214068915404,MODIS-Terra,75.5733679502277
2016-09-09,58.58691052593384,38.93449524194037,MODIS-Terra,58.58691052593384
2016-09-10,58.947335253617254,38.98705271059677,MODIS-Terra,58.947335253617254
2016-09-11,62.11497605223732,39.435600820053516,MODIS-Terra,62.11497605223732
2016-09-12,47.82467597381625,37.19515781297999,MODIS-Terra,47.82467597381625
2016-09-13,60.45610539983764,39.2036296843026,MODIS-Terra,60.45610539983764
2016-09-14,79.69549233185697,41.57132966105462,MODIS-Terra,79.69549233185697
2016-09-15,72.19492573204356,40.72429729604376,MODIS-Terra,72.19492573204356
2016-09-16,73.25146343377517,40.84879823265099,MODIS-Terra,73.25146343377517
2016-09-18,71.04912507925017,40.58720133555408,MODIS-Terra,71.04912507925017
2016-09-19,63.521837284161926,39.627527533955096,MODIS-Terra,63.521837284161926
2016-09-21,64.56762784845472,39.76746173791563,MODIS-Terra,64.56762784845472
2016-09-24,64.55105542408516,39.76526195470025,MODIS-Terra,64.55105542408516
2016-09-25,65.53303224029936,39.8946422783022,MODIS-Terra,65.53303224029936
2016-09-26,62.521454753146486,39.491496372697796,MODIS-Terra,62.521454753146486
2016-09-27,68.2668977265211,40.244881378832495,MODIS-Terra,68.2668977265211
2016-09-28,60.10408513921335,39.153586159317406,MODIS-Terra,60.10408513921335
2016-09-29,57.96610976634109,38.84320681173781,MODIS-Terra,57.96610976634109
2016-10-06,52.65078003064136,38.019018817041754,MODIS-Terra,52.65078003064136
2016-10-08,54.420508329891554,38.30232499478686,MODIS-Terra,54.420508329891554
2016-10-09,49.17565986697585,37.43387733786114,MODIS-Terra,49.17565986697585
2016-10-10,50.92315551853463,37.733113596637345,MODIS-Terra,50.92315551853463
2016-10-11,55.03582255284385,38.39867318631414,MODIS-Terra,55.03582255284385
2016-10-12,50.715496025141285,37.69809679916487,MODIS-Terra,50.715496025141285
2016-11-04,38.55340953667998,35.34846542403613,MODIS-Terra,38.55340953667998
2016-11-08,45.872800737018096,36.83807420270505,MODIS-Terra,45.872800737018096
2016-11-09,47.37837991758883,37.11481292195488,MODIS-Terra,47.37837991758883
2016-11-13,44.658826830354485,36.608238241827394,MODIS-Terra,44.658826830354485
2016-11-17,39.75019691662164,35.610435677756506,MODIS-Terra,39.75019691662164
2016-11-26,28.725792998460175,32.82691250058215,MODIS-Terra,28.725792998460175
2016-12-01,21.99037911707872,30.53723796276078,MODIS-Terra,21.99037911707872
2016-12-03,37.99341719504314,35.22308042862245,MODIS-Terra,37.99341719504314
2016-12-05,25.789832681152053,31.90299645424867,MODIS-Terra,25.789832681152053
2016-12-10,33.59415938050181,34.16851805580825,MODIS-Terra,33.59415938050181
2017-02-23,46.33190114845156,36.9234119407701,MODIS-Terra,46.33190114845156
2017-02-24,49.36175214614372,37.46624494870414,MODIS-Terra,49.36175214614372
2017-02-25,49.01367138836341,37.40560230340443,MODIS-Terra,49.01367138836341
2017-02-28,50.1672972954981,37.60496282718125,MODIS-Terra,50.1672972954981
2017-03-10,34.83351784931264,34.47897084127002,MODIS-Terra,34.83351784931264
2017-03-16,37.77749271161665,35.17423954790105,MODIS-Terra,37.77749271161665
2017-03-23,40.65199714404065,35.80267559787188,MODIS-Terra,40.65199714404065
2017-03-27,43.43825806061934,36.37076677716721,MODIS-Terra,43.43825806061934
2017-03-31,38.02901571679121,35.23110594815628,MODIS-Terra,38.02901571679121
2017-04-02,37.07185468816046,35.012658750216175,MODIS-Terra,37.07185468816046
2017-04-03,38.20144572095755,35.26987346240332,MODIS-Terra,38.20144572095755
2017-04-08,35.7141513221841,34.69292365514195,MODIS-Terra,35.7141513221841
2017-04-14,37.47177111573451,35.104607498670504,MODIS-Terra,37.47177111573451
2017-04-15,36.46436436514664,34.87106930756908,MODIS-Terra,36.46436436514664
2017-04-21,28.937384982775765,32.889803067723854,MODIS-Terra,28.937384982775765
2017-04-28,21.634875607728457,30.39756946741695,MODIS-Terra,21.634875607728457
2017-04-30,27.42904238280585,32.431063599245725,MODIS-Terra,27.42904238280585
2017-05-01,37.64050981481449,35.14310986317213,MODIS-Terra,37.64050981481449
2017-05-03,30.91776277588554,33.45707071255102,MODIS-Terra,30.91776277588554
2017-05-07,33.22494593262577,34.07381495499098,MODIS-Terra,33.22494593262577
2017-05-08,21.86189969432015,30.48702387501858,MODIS-Terra,21.86189969432015
2017-05-09,36.396724537328225,34.85515858565882,MODIS-Terra,36.396724537328225
2017-05-10,34.37398998443391,34.36516935144307,MODIS-Terra,34.37398998443391
2017-05-14,26.32590272906259,32.0792958865334,MODIS-Terra,26.32590272906259
2017-05-15,23.373260610145163,31.0598682569329,MODIS-Terra,23.373260610145163
2017-05-17,35.561383623141076,34.65618911213771,MODIS-Terra,35.561383623141076
2017-05-18,17.12563553006279,28.394630904296594,MODIS-Terra,17.12563553006279
2017-05-19,31.884768843749843,33.72098888666332,MODIS-Terra,31.884768843749843
2017-05-20,41.94403731234296,36.07079927759654,MODIS-Terra,41.94403731234296
2017-05-21,36.39592554259601,34.85497046377895,MODIS-Terra,36.39592554259601
2017-05-22,37.994660754689505,35.2233609100348,MODIS-Terra,37.994660754689505
2017-05-25,41.72220710598847,36.02535760060272,MODIS-Terra,41.72220710598847
2017-05-26,36.85980994104603,34.963502228052896,MODIS-Terra,36.85980994104603
2017-05-27,44.17818652117221,36.51550970586622,MODIS-Terra,44.17818652117221
2017-05-28,28.59758512834206,32.78858005232584,MODIS-Terra,28.59758512834206
2017-06-01,47.49223218266069,37.13538097129911,MODIS-Terra,47.49223218266069
2017-06-02,41.5439394021407,35.9886642143668,MODIS-Terra,41.5439394021407
2017-06-03,33.255158567952726,34.08160392209381,MODIS-Terra,33.255158567952726
2017-06-04,34.55611203721801,34.410452597451474,MODIS-Terra,34.55611203721801
2017-06-05,46.28460524820411,36.91465972403574,MODIS-Terra,46.28460524820411
2017-06-06,33.60395439393239,34.171016276957104,MODIS-Terra,33.60395439393239
2017-06-12,49.47072213896596,37.485141839555325,MODIS-Terra,49.47072213896596
2017-06-13,49.83756173137423,37.54845232229982,MODIS-Terra,49.83756173137423
2017-06-17,55.94573618487837,38.539194437212046,MODIS-Terra,55.94573618487837
2017-06-18,47.88287569456091,37.20557997144723,MODIS-Terra,47.88287569456091
2017-06-19,43.3704299311226,36.35737526374235,MODIS-Terra,43.3704299311226
2017-06-20,40.21060314979595,35.709120823696075,MODIS-Terra,40.21060314979595
2017-06-21,50.80968892055072,37.71399790787418,MODIS-Terra,50.80968892055072
2017-06-22,41.61415515768409,36.003135698454514,MODIS-Terra,41.61415515768409
2017-06-23,55.73299792896462,38.50654628837455,MODIS-Terra,55.73299792896462
2017-06-24,57.69434399612483,38.802935702980115,MODIS-Terra,57.69434399612483
2017-06-26,72.03268641424202,40.705018016266514,MODIS-Terra,72.03268641424202
2017-06-28,92.945263925265,42.889291588140274,MODIS-Terra,92.945263925265
2017-06-29,63.780331284613986,39.662329051911534,MODIS-Terra,63.780331284613986
2017-06-30,85.82146755099723,42.205950135896636,MODIS-Terra,85.82146755099723
2017-07-01,92.79792880400632,42.875696676349904,MODIS-Terra,92.79792880400632
2017-07-02,109.3447706399077,44.28178570433664,MODIS-Terra,109.3447706399077
2017-07-03,86.76223814204066,42.299376870287084,MODIS-Terra,86.76223814204066
2017-07-04,62.64874645449084,39.50892576378919,MODIS-Terra,62.64874645449084
2017-07-05,94.18099160091964,43.002473567225906,MODIS-Terra,94.18099160091964
2017-07-06,126.2328693598813,45.51255102461597,MODIS-Terra,126.2328693598813
2017-07-07,154.52566406620562,47.24556643282006,MODIS-Terra,154.52566406620562
2017-07-08,130.44788984005967,45.794018579184026,MODIS-Terra,130.44788984005967
2017-07-09,103.70637428266132,43.8280989736886,MODIS-Terra,103.70637428266132
2017-07-10,103.54605092518976,43.81484090731025,MODIS-Terra,103.54605092518976
2017-07-11,109.04301013341902,44.25810376492104,MODIS-Terra,109.04301013341902
2017-07-12,106.7602850258284,44.076805074598774,MODIS-Terra,106.7602850258284
2017-07-13,73.26702162303485,40.850618141164816,MODIS-Terra,73.26702162303485
2017-07-14,94.11486828895778,42.9964549493687,MODIS-Terra,94.11486828895778
2017-07-15,86.38025021859916,42.26156487394983,MODIS-Terra,86.38025021859916
2017-07-16,125.17023371719716,45.44010755275451,MODIS-Terra,125.17023371719716
2017-07-17,80.63427037846839,41.671684117484766,MODIS-Terra,80.63427037846839
2017-07-18,95.02969014498804,43.07935007447109,MODIS-Terra,95.02969014498804
2017-07-19,133.9057429749574,46.01821514490286,MODIS-Terra,133.9057429749574
2017-07-20,156.14562201728864,47.33493596552922,MODIS-Terra,156.14562201728864
2017-07-21,109.22964492008911,44.27275844337296,MODIS-Terra,109.22964492008911
2017-07-22,68.3846473381304,40.25964959255593,MODIS-Terra,68.3846473381304
2017-07-24,73.59114408842858,40.88844451094282,MODIS-Terra,73.59114408842858
2017-07-25,81.90726468108399,41.80591545175242,MODIS-Terra,81.90726468108399
2017-07-27,127.43389585725126,45.593698532712764,MODIS-Terra,127.43389585725126
2017-07-28,85.61692134724957,42.18550139945626,MODIS-Terra,85.61692134724957
2017-07-29,84.92181738860667,42.11564405947986,MODIS-Terra,84.92181738860667
2017-07-30,61.435254350479454,39.34130881244835,MODIS-Terra,61.435254350479454
2017-07-31,58.57663821613552,38.932992589584074,MODIS-Terra,58.57663821613552
2017-08-01,64.6393375712645,39.77697380897752,MODIS-Terra,64.6393375712645
2017-08-02,57.40616931975017,38.76002532050908,MODIS-Terra,57.40616931975017
2017-08-08,104.54570621988351,43.89717537052509,MODIS-Terra,104.54570621988351
2017-08-11,78.65772077494815,41.45900786857856,MODIS-Terra,78.65772077494815
2017-08-16,60.43560454888131,39.200723264817924,MODIS-Terra,60.43560454888131
2017-08-17,125.44467600809637,45.458875951825604,MODIS-Terra,125.44467600809637
2017-08-20,54.636161602514015,38.33621622326923,MODIS-Terra,54.636161602514015
2017-08-21,65.1743607781819,39.84761166036132,MODIS-Terra,65.1743607781819
2017-08-24,104.62751427939637,43.90387842817994,MODIS-Terra,104.62751427939637
2017-08-26,64.9179272414182,39.813827995732986,MODIS-Terra,64.9179272414182
2017-08-27,64.18803641350928,39.71693348950844,MODIS-Terra,64.18803641350928
2017-08-31,15.116416485849395,27.325205096795703,MODIS-Terra,15.116416485849395
2017-09-01,77.93136898469115,41.37950705904458,MODIS-Terra,77.93136898469115
2017-09-05,55.99701688321037,38.547045725096055,MODIS-Terra,55.99701688321037
2017-09-08,74.39309230229624,40.98132362077744,MODIS-Terra,74.39309230229624
2017-09-10,56.90339556852943,38.68464191566416,MODIS-Terra,56.90339556852943
2017-09-11,58.50966627297372,38.9231893464724,MODIS-Terra,58.50966627297372
2017-09-21,91.06321240161655,42.713987619146025,MODIS-Terra,91.06321240161655
2017-09-24,96.91075221211985,43.24732074782841,MODIS-Terra,96.91075221211985
2017-09-26,64.7875314807751,39.796597876260016,MODIS-Terra,64.7875314807751
2017-09-27,75.42901705798275,41.09983011481791,MODIS-Terra,75.42901705798275
2017-09-28,85.94435438091428,42.218211861343825,MODIS-Terra,85.94435438091428
2017-09-30,37.50227715055673,35.11158111016162,MODIS-Terra,37.50227715055673
2017-10-01,48.31310837948441,37.28223352257307,MODIS-Terra,48.31310837948441
2017-10-03,46.6451817232319,36.98116062834708,MODIS-Terra,46.6451817232319
2017-10-05,73.00742533505675,40.820201350161156,MODIS-Terra,73.00742533505675
2017-10-06,57.15166155127026,38.721948568078936,MODIS-Terra,57.15166155127026
2017-10-07,58.29129838910331,38.891146892709166,MODIS-Terra,58.29129838910331
2017-10-08,46.26026264058565,36.91015158093426,MODIS-Terra,46.26026264058565
2017-10-10,48.08941057676429,37.2424633898639,MODIS-Terra,48.08941057676429
2017-10-14,51.936553644333635,37.90197553942126,MODIS-Terra,51.936553644333635
2017-10-16,84.1150759740728,42.033846740056084,MODIS-Terra,84.1150759740728
2017-10-17,58.6177798815331,38.93900928301023,MODIS-Terra,58.6177798815331
2017-10-18,49.21957312912004,37.441526336702715,MODIS-Terra,49.21957312912004
2017-10-25,61.12873211010479,39.29844577507964,MODIS-Terra,61.12873211010479
2017-10-26,37.61474893185261,35.137242988207255,MODIS-Terra,37.61474893185261
2017-10-27,44.270290848245565,36.53335701533626,MODIS-Terra,44.270290848245565
2017-10-28,43.94265237764056,36.46969982018278,MODIS-Terra,43.94265237764056
2017-10-29,49.38180390180893,37.46972532795639,MODIS-Terra,49.38180390180893
2017-10-31,27.205116106658792,32.36081686220386,MODIS-Terra,27.205116106658792
2017-11-01,40.77252097049461,35.82804445812024,MODIS-Terra,40.77252097049461
2017-11-04,41.15514837612413,35.908088968926066,MODIS-Terra,41.15514837612413
2017-11-11,36.425164051797694,34.86185193028204,MODIS-Terra,36.425164051797694
2017-11-14,37.949933299248826,35.213266979739295,MODIS-Terra,37.949933299248826
2017-11-17,40.737060862143885,35.82058831312279,MODIS-Terra,40.737060862143885
2017-12-04,37.94560528557928,35.21228961807268,MODIS-Terra,37.94560528557928
2017-12-05,46.79826447326166,37.009238276114644,MODIS-Terra,46.79826447326166
2017-12-06,39.753492848354014,35.61114619373276,MODIS-Terra,39.753492848354014
2017-12-07,44.55875362034372,36.58901394355358,MODIS-Terra,44.55875362034372
2017-12-08,44.5275155653325,36.58300419701534,MODIS-Terra,44.5275155653325
2017-12-10,42.51431348555023,36.18652560061925,MODIS-Terra,42.51431348555023
2017-12-30,43.935671715486805,36.46833838246241,MODIS-Terra,43.935671715486805
2018-01-02,45.22295813520076,36.71580972064419,MODIS-Terra,45.22295813520076
2018-01-06,63.827727765684934,39.66869482186914,MODIS-Terra,63.827727765684934
2018-01-13,44.05232567395604,36.491061045390325,MODIS-Terra,44.05232567395604
2018-01-20,49.41719004788535,37.47586384811949,MODIS-Terra,49.41719004788535
2018-01-30,31.154313100743742,33.522385618516076,MODIS-Terra,31.154313100743742
2018-02-02,45.301807744258106,36.73073818612955,MODIS-Terra,45.301807744258106
2018-02-05,22.126484583579433,30.59011355443903,MODIS-Terra,22.126484583579433
2018-02-06,47.31801716373599,37.10388799423372,MODIS-Terra,47.31801716373599
2018-02-07,46.88444783658937,37.0250052021213,MODIS-Terra,46.88444783658937
2018-02-10,47.83188381706096,37.19644925079975,MODIS-Terra,47.83188381706096
2018-02-12,45.08661063839107,36.689933749684776,MODIS-Terra,45.08661063839107
2018-02-13,26.15503251289509,32.02349395112581,MODIS-Terra,26.15503251289509
2018-02-14,51.391779108697065,37.81161385338028,MODIS-Terra,51.391779108697065
2018-02-15,44.37394525152206,36.55339806094497,MODIS-Terra,44.37394525152206
2018-02-18,46.85046782908082,37.018792149655994,MODIS-Terra,46.85046782908082
2018-02-23,43.15885774108067,36.31546897095417,MODIS-Terra,43.15885774108067
2018-02-26,44.89104423708214,36.65268229963552,MODIS-Terra,44.89104423708214
2018-03-03,41.55750633356581,35.991462267638845,MODIS-Terra,41.55750633356581
2018-03-11,45.290133651467954,36.728529589012034,MODIS-Terra,45.290133651467954
2018-03-19,40.0936548624242,35.6841611718052,MODIS-Terra,40.0936548624242
2018-03-21,41.37445295807927,35.953631997237046,MODIS-Terra,41.37445295807927
2018-03-27,39.60031189625121,35.57806200619898,MODIS-Terra,39.60031189625121
2018-03-28,40.150047702305635,35.69620587221532,MODIS-Terra,40.150047702305635
2018-03-31,39.864709682149105,35.63508714294369,MODIS-Terra,39.864709682149105
2018-04-01,41.250228923979535,35.92786409406575,MODIS-Terra,41.250228923979535
2018-04-02,36.617679782774616,34.90702425892891,MODIS-Terra,36.617679782774616
2018-04-08,40.3874846932468,35.74673412062251,MODIS-Terra,40.3874846932468
2018-04-09,40.96243795965149,35.8678679807981,MODIS-Terra,40.96243795965149
2018-04-17,41.10471860244709,35.89758188998796,MODIS-Terra,41.10471860244709
2018-04-20,38.34246447907505,35.30144892030971,MODIS-Terra,38.34246447907505
2018-04-21,43.096541830273374,36.30308683250572,MODIS-Terra,43.096541830273374
2018-04-22,34.673685045253166,34.43955962874517,MODIS-Terra,34.673685045253166
2018-04-23,41.23185038676678,35.92404522935604,MODIS-Terra,41.23185038676678
2018-04-24,34.921197543540714,34.500513961671736,MODIS-Terra,34.921197543540714
2018-04-25,41.007690530364165,35.877329712051434,MODIS-Terra,41.007690530364165
2018-04-29,40.4423977555904,35.758377705350114,MODIS-Terra,40.4423977555904
2018-04-30,44.689608868669296,36.6141428809904,MODIS-Terra,44.689608868669296
2018-05-01,42.52242449123242,36.18816034946416,MODIS-Terra,42.52242449123242
2018-05-02,36.48672361960506,34.87632232066093,MODIS-Terra,36.48672361960506
2018-05-03,38.25681484901272,35.28228501954697,MODIS-Terra,38.25681484901272
2018-05-06,43.57857197126513,36.398403132728454,MODIS-Terra,43.57857197126513
2018-05-07,51.302988665495704,37.796795466156375,MODIS-Terra,51.302988665495704
2018-05-08,42.10437233976265,36.10349435436525,MODIS-Terra,42.10437233976265
2018-05-11,50.98573378909606,37.743637926880496,MODIS-Terra,50.98573378909606
2018-05-12,45.8857494573873,36.84049279818331,MODIS-Terra,45.8857494573873
2018-05-13,45.55872977937131,36.77920116815497,MODIS-Terra,45.55872977937131
2018-05-14,61.1102511680216,39.295854596739304,MODIS-Terra,61.1102511680216
2018-05-15,59.75577507551792,39.10378076271653,MODIS-Terra,59.75577507551792
2018-05-17,39.54059325595463,35.56512922575593,MODIS-Terra,39.54059325595463
2018-05-18,52.38185790095823,37.975136844405924,MODIS-Terra,52.38185790095823
2018-05-19,53.85269479642652,38.21244321566543,MODIS-Terra,53.85269479642652
2018-05-21,57.629533887396114,38.79330392456898,MODIS-Terra,57.629533887396114
2018-05-22,52.34801076457564,37.969597806821845,MODIS-Terra,52.34801076457564
2018-05-23,64.50059990457804,39.75856113319937,MODIS-Terra,64.50059990457804
2018-05-24,58.747254576956145,38.957916572252394,MODIS-Terra,58.747254576956145
2018-05-26,47.17400874933213,37.07776782605223,MODIS-Terra,47.17400874933213
2018-05-27,45.903534023222726,36.84381353316832,MODIS-Terra,45.903534023222726
2018-05-28,63.63123883702258,39.64227371789484,MODIS-Terra,63.63123883702258
2018-05-30,56.07016340849624,38.558232328507856,MODIS-Terra,56.07016340849624
2018-06-01,72.4974097532928,40.76012677300496,MODIS-Terra,72.4974097532928
2018-06-02,67.16062968305131,40.104875586920585,MODIS-Terra,67.16062968305131
2018-06-04,59.72081514581547,39.09876576582851,MODIS-Terra,59.72081514581547
2018-06-05,57.87197749101136,38.82927940693308,MODIS-Terra,57.87197749101136
2018-06-07,45.21614826317673,36.71451919804813,MODIS-Terra,45.21614826317673
2018-06-08,70.6832962823997,40.54296363231285,MODIS-Terra,70.6832962823997
2018-06-09,51.43193539375163,37.81830719800351,MODIS-Terra,51.43193539375163
2018-06-11,83.55421931780727,41.976516615717564,MODIS-Terra,83.55421931780727
2018-06-12,76.23458355427748,41.19086483086129,MODIS-Terra,76.23458355427748
2018-06-13,76.38356428423423,41.207595256174386,MODIS-Terra,76.38356428423423
2018-06-15,93.3218182377087,42.923939337594284,MODIS-Terra,93.3218182377087
2018-06-19,142.55525749130285,46.55460745624694,MODIS-Terra,142.55525749130285
2018-06-20,142.91835546154198,46.5764066789544,MODIS-Terra,142.91835546154198
2018-06-21,76.56616903014609,41.22805718018006,MODIS-Terra,76.56616903014609
2018-06-24,77.46617481941065,41.32820032969463,MODIS-Terra,77.46617481941065
2018-06-25,81.65615429499935,41.779602973068066,MODIS-Terra,81.65615429499935
2018-06-26,110.1135510466872,44.34182491219801,MODIS-Terra,110.1135510466872
2018-06-27,94.32222360913612,43.01531452382298,MODIS-Terra,94.32222360913612
2018-06-28,126.47858107165388,45.52921520654793,MODIS-Terra,126.47858107165388
2018-06-29,127.22226574751986,45.57945537468526,MODIS-Terra,127.22226574751986
2018-06-30,90.34643066158488,42.64626843007594,MODIS-Terra,90.34643066158488
2018-07-01,126.38729375481552,45.5230278782255,MODIS-Terra,126.38729375481552
2018-07-02,108.7176838689822,44.23249887683239,MODIS-Terra,108.7176838689822
2018-07-03,120.86026769173009,45.139837340535124,MODIS-Terra,120.86026769173009
2018-07-04,84.66864185346272,42.09005799043761,MODIS-Terra,84.66864185346272
2018-07-05,81.09326257090153,41.72032544586613,MODIS-Terra,81.09326257090153
2018-07-07,143.32820340335795,46.60094617870669,MODIS-Terra,143.32820340335795
2018-07-08,93.71788516017412,42.960231959329825,MODIS-Terra,93.71788516017412
2018-07-09,101.39413498484528,43.63487217275442,MODIS-Terra,101.39413498484528
2018-07-10,105.07509909775416,43.94045938732265,MODIS-Terra,105.07509909775416
2018-07-11,101.6229497573251,43.65418894594862,MODIS-Terra,101.6229497573251
2018-07-12,91.06321240161655,42.713987619146025,MODIS-Terra,91.06321240161655
2018-07-14,69.82630949954903,40.43842990928731,MODIS-Terra,69.82630949954903
2018-07-16,78.51579209950407,41.443531330082536,MODIS-Terra,78.51579209950407
2018-07-17,88.74866823260508,42.49336298540165,MODIS-Terra,88.74866823260508
2018-07-18,56.545214026372115,38.630530562831595,MODIS-Terra,56.545214026372115
2018-07-19,93.3164652931649,42.92344777940363,MODIS-Terra,93.3164652931649
2018-07-20,59.367948973443504,39.04798217174503,MODIS-Terra,59.367948973443504
2018-07-21,67.79999922207203,40.186070911416905,MODIS-Terra,67.79999922207203
2018-07-22,72.39746269125942,40.74830452654543,MODIS-Terra,72.39746269125942
2018-07-27,74.9647680873474,41.04692406172093,MODIS-Terra,74.9647680873474
2018-07-28,59.30650332153143,39.03910822366385,MODIS-Terra,59.30650332153143
2018-08-02,46.911788813106725,37.030001076907396,MODIS-Terra,46.911788813106725
2018-08-11,71.28295466425982,40.61535792048588,MODIS-Terra,71.28295466425982
2018-08-12,62.67016454969378,39.511854951214104,MODIS-Terra,62.67016454969378
2018-08-18,1.816949959849523,9.169779890956079,MODIS-Terra,1.816949959849523
2018-08-27,110.39809915567804,44.3639409503241,MODIS-Terra,110.39809915567804
2018-08-28,68.31464368872966,40.25087276872412,MODIS-Terra,68.31464368872966
2018-08-31,119.79521270545266,45.06398621429425,MODIS-Terra,119.79521270545266
2018-09-01,77.52264915080566,41.334445347180115,MODIS-Terra,77.52264915080566
2018-09-02,72.97984689735655,40.816963642776756,MODIS-Terra,72.97984689735655
2018-09-03,88.67853890410933,42.48658871682286,MODIS-Terra,88.67853890410933
2018-09-05,79.05014692394977,41.50165486006261,MODIS-Terra,79.05014692394977
2018-09-08,97.74511021891404,43.320784064933534,MODIS-Terra,97.74511021891404
2018-09-09,193.13595639427896,49.156846641274015,MODIS-Terra,193.13595639427896
2018-09-10,101.91582494281768,43.678850398061186,MODIS-Terra,101.91582494281768
2018-09-12,79.14996388486847,41.51246871505587,MODIS-Terra,79.14996388486847
2018-09-13,80.53259159809741,41.66087133266701,MODIS-Terra,80.53259159809741
2018-09-15,76.93801292366761,41.26957401308823,MODIS-Terra,76.93801292366761
2018-09-16,118.0732914796391,44.93991619532359,MODIS-Terra,118.0732914796391
2018-09-17,103.76162041922753,43.83266284865779,MODIS-Terra,103.76162041922753
2018-09-18,87.35054861409549,42.3572877936421,MODIS-Terra,87.35054861409549
2018-09-19,79.84122708396424,41.58698583055306,MODIS-Terra,79.84122708396424
2018-09-20,95.17144459036214,43.09212347670651,MODIS-Terra,95.17144459036214
2018-09-23,58.12871723668181,38.86721231600537,MODIS-Terra,58.12871723668181
2018-09-24,53.397345155539234,38.139676450355175,MODIS-Terra,53.397345155539234
2018-09-25,77.25278447102822,41.30456212784799,MODIS-Terra,77.25278447102822
2018-09-26,63.84445037158843,39.6709396888612,MODIS-Terra,63.84445037158843
2018-09-27,87.22697536287606,42.34515616408647,MODIS-Terra,87.22697536287606
2018-09-29,45.71762944819207,36.80903767982477,MODIS-Terra,45.71762944819207
2018-09-30,129.78040863333158,45.75005749473463,MODIS-Terra,129.78040863333158
2018-10-04,104.8190616048337,43.91955264583299,MODIS-Terra,104.8190616048337
2018-10-06,63.29355726613725,39.596675818695495,MODIS-Terra,63.29355726613725
2018-10-07,74.09007775816633,40.94634765054533,MODIS-Terra,74.09007775816633
2018-10-09,37.467673034383054,35.10367025388514,MODIS-Terra,37.467673034383054
2018-10-11,64.02549880462722,39.69520632020711,MODIS-Terra,64.02549880462722
2018-10-12,59.98788917184572,39.13700327270477,MODIS-Terra,59.98788917184572
2018-10-13,40.2013422388302,35.70714696496855,MODIS-Terra,40.2013422388302
2018-10-14,66.26496048863912,39.989822585434844,MODIS-Terra,66.26496048863912
2018-10-15,69.36435063226874,40.38154753282683,MODIS-Terra,69.36435063226874
2018-10-16,58.32479713796066,38.896070155600434,MODIS-Terra,58.32479713796066
2018-10-17,45.56047086493013,36.77952865445507,MODIS-Terra,45.56047086493013
2018-10-18,52.90902505035294,38.06094807398955,MODIS-Terra,52.90902505035294
2018-10-19,44.11865316107291,36.50395395352222,MODIS-Terra,44.11865316107291
2018-10-20,54.46273972297587,38.308972478566005,MODIS-Terra,54.46273972297587
2018-10-21,61.32169361805702,39.32545385244022,MODIS-Terra,61.32169361805702
2018-10-22,46.578247338465744,36.968854903467616,MODIS-Terra,46.578247338465744
2018-10-30,46.70072182694474,36.99135814441331,MODIS-Terra,46.70072182694474
2018-11-05,36.216367580357144,34.81258876840838,MODIS-Terra,36.216367580357144
2018-11-07,30.334562128782885,33.29388149193564,MODIS-Terra,30.334562128782885
2018-11-08,41.70129121286095,36.02106054523305,MODIS-Terra,41.70129121286095
2018-11-09,41.051278700961056,35.88643357162017,MODIS-Terra,41.051278700961056
2018-11-10,37.38918262825579,35.08569942623653,MODIS-Terra,37.38918262825579
2018-11-11,29.16016158857869,32.95552296002495,MODIS-Terra,29.16016158857869
2018-11-12,35.97912900563516,34.756269152296994,MODIS-Terra,35.97912900563516
2018-11-14,40.77252097049461,35.82804445812024,MODIS-Terra,40.77252097049461
2018-11-16,40.39747423300362,35.74885344726512,MODIS-Terra,40.39747423300362
2018-11-17,14.04792609585601,26.69700821105045,MODIS-Terra,14.04792609585601
2018-11-18,39.05455934333736,35.45914059735435,MODIS-Terra,39.05455934333736
2018-11-19,42.93678779763952,36.271261824452,MODIS-Terra,42.93678779763952
2018-11-20,41.49452666256641,35.97846556664809,MODIS-Terra,41.49452666256641
2018-11-25,37.12859459773574,35.025764597815176,MODIS-Terra,37.12859459773574
2018-12-05,26.91210823696219,32.268020502534746,MODIS-Terra,26.91210823696219
2018-12-06,31.879874967877303,33.71967349241965,MODIS-Terra,31.879874967877303
2018-12-12,36.23593506226305,34.81721753927993,MODIS-Terra,36.23593506226305
2018-12-20,27.573759059230827,32.47615748878349,MODIS-Terra,27.573759059230827
2018-12-21,24.159857549692887,31.34351546973587,MODIS-Terra,24.159857549692887
2018-12-25,36.281829936918285,34.8280643674376,MODIS-Terra,36.281829936918285
2018-12-27,35.47400510797523,34.63510705226105,MODIS-Terra,35.47400510797523
2018-12-28,40.583934381700345,35.78831592877269,MODIS-Terra,40.583934381700345
2018-12-30,32.89120136703154,33.987299583411236,MODIS-Terra,32.89120136703154
2019-01-12,33.79850773597485,34.220486864119884,MODIS-Terra,33.79850773597485
2019-01-13,37.11604358027232,35.022867275793885,MODIS-Terra,37.11604358027232
2019-01-14,42.113882405245675,36.105429707393434,MODIS-Terra,42.113882405245675
2019-01-21,44.10904916440085,36.50208830444435,MODIS-Terra,44.10904916440085
2019-01-25,48.37235334096631,37.29273555185127,MODIS-Terra,48.37235334096631
2019-01-30,37.08532899282417,35.01577287538165,MODIS-Terra,37.08532899282417
2019-01-31,51.4208528216832,37.81646045092413,MODIS-Terra,51.4208528216832
2019-02-16,46.355082044287414,36.92769835760654,MODIS-Terra,46.355082044287414
2019-02-18,47.85205778446097,37.200062810117835,MODIS-Terra,47.85205778446097
2019-02-20,49.307136414340405,37.45675813243287,MODIS-Terra,49.307136414340405
2019-02-22,42.33600798297057,36.150509655362455,MODIS-Terra,42.33600798297057
2019-03-11,49.23954346909008,37.44500259832444,MODIS-Terra,49.23954346909008
2019-03-13,44.411336630053135,36.56061600396133,MODIS-Terra,44.411336630053135
2019-03-15,46.42129210928123,36.93992957307119,MODIS-Terra,46.42129210928123
2019-03-17,45.51505332819355,36.77098182856242,MODIS-Terra,45.51505332819355
2019-03-18,41.37685835492636,35.954130186975014,MODIS-Terra,41.37685835492636
2019-03-24,47.64640560623904,37.16315480892966,MODIS-Terra,47.64640560623904
2019-03-30,49.314634102003104,37.45806111160901,MODIS-Terra,49.314634102003104
2019-03-31,47.059624828213,37.05696404950197,MODIS-Terra,47.059624828213
2019-04-12,44.52545737684791,36.58260808351341,MODIS-Terra,44.52545737684791
2019-04-16,45.877324136426544,36.83891917252556,MODIS-Terra,45.877324136426544
2019-04-18,45.727161371916736,36.8108241859667,MODIS-Terra,45.727161371916736
2019-04-21,42.76996774402952,36.23790254401813,MODIS-Terra,42.76996774402952
2019-04-22,43.32496766656664,36.34838778271758,MODIS-Terra,43.32496766656664
2019-04-23,46.06129397004124,36.87321427839697,MODIS-Terra,46.06129397004124
2019-04-24,41.4751278988374,35.97445839723315,MODIS-Terra,41.4751278988374
2019-04-25,39.15238272363948,35.48057841200389,MODIS-Terra,39.15238272363948
2019-04-26,33.69048830849416,34.193055197209056,MODIS-Terra,33.69048830849416
2019-04-27,34.15670321454046,34.31082773674043,MODIS-Terra,34.15670321454046
2019-04-28,38.82507121120057,35.40863720745252,MODIS-Terra,38.82507121120057
2019-04-29,38.90779004687296,35.42687544413069,MODIS-Terra,38.90779004687296
2019-04-30,37.902103754807015,35.20245980986966,MODIS-Terra,37.902103754807015
2019-05-01,44.73791220706891,36.6234002786929,MODIS-Terra,44.73791220706891
2019-05-02,36.9712136649117,34.98936315411261,MODIS-Terra,36.9712136649117
2019-05-03,43.2706194908403,36.33763125275909,MODIS-Terra,43.2706194908403
2019-05-04,37.21919515886969,35.04665015013685,MODIS-Terra,37.21919515886969
2019-05-05,36.29446223914868,34.83104748699673,MODIS-Terra,36.29446223914868
2019-05-06,29.94247857619336,33.18239666814811,MODIS-Terra,29.94247857619336
2019-05-07,45.007741598889616,36.67493026911817,MODIS-Terra,45.007741598889616
2019-05-09,38.667240432474195,35.37372987936302,MODIS-Terra,38.667240432474195
2019-05-10,38.36425287387931,35.306317191630804,MODIS-Terra,38.36425287387931
2019-05-11,44.48744209958791,36.57528846974628,MODIS-Terra,44.48744209958791
2019-05-12,24.08698969702851,31.317630343509858,MODIS-Terra,24.08698969702851
2019-05-20,41.03541924132173,35.8831222716136,MODIS-Terra,41.03541924132173
2019-05-24,46.86634906919689,37.02169650540625,MODIS-Terra,46.86634906919689
2019-05-25,39.07807527709963,35.464298969811225,MODIS-Terra,39.07807527709963
2019-05-26,109.25665973692512,44.27487758866961,MODIS-Terra,109.25665973692512
2019-05-28,42.06271115583124,36.095010908575944,MODIS-Terra,42.06271115583124
2019-05-29,47.06657634631905,37.05822981149815,MODIS-Terra,47.06657634631905
2019-05-30,49.00030191440538,37.403264493190605,MODIS-Terra,49.00030191440538
2019-06-02,50.61903647618964,37.68178241013636,MODIS-Terra,50.61903647618964
2019-06-03,48.87358025493499,37.381073987276004,MODIS-Terra,48.87358025493499
2019-06-04,54.597482745959745,38.330147460708574,MODIS-Terra,54.597482745959745
2019-06-05,49.08150669087887,37.417454288586555,MODIS-Terra,49.08150669087887
2019-06-07,45.940890847796275,36.85078461374111,MODIS-Terra,45.940890847796275
2019-06-08,41.60824916364565,36.001919412558074,MODIS-Terra,41.60824916364565
2019-06-09,51.078461969302374,37.759209101067476,MODIS-Terra,51.078461969302374
2019-06-10,57.23354981027579,38.73421829105667,MODIS-Terra,57.23354981027579
2019-06-11,56.45557272393503,38.61693460821325,MODIS-Terra,56.45557272393503
2019-06-12,47.4904436496482,37.13505824416236,MODIS-Terra,47.4904436496482
2019-06-13,63.4537593575972,39.61833851761267,MODIS-Terra,63.4537593575972
2019-06-14,47.10195515721032,37.0646688404643,MODIS-Terra,47.10195515721032
2019-06-16,48.53498154250724,37.32149778096945,MODIS-Terra,48.53498154250724
2019-06-18,88.61014204768377,42.47997663713774,MODIS-Terra,88.61014204768377
2019-06-19,48.538807332261065,37.32217324471438,MODIS-Terra,48.538807332261065
2019-06-20,76.96929319623362,41.273057339898465,MODIS-Terra,76.96929319623362
2019-06-21,69.08044720576486,40.34640140162745,MODIS-Terra,69.08044720576486
2019-06-22,85.61003874653417,42.184812488084695,MODIS-Terra,85.61003874653417
2019-06-23,69.83981345934511,40.440087025569355,MODIS-Terra,69.83981345934511
2019-06-24,91.73548252631304,42.77701882322359,MODIS-Terra,91.73548252631304
2019-06-25,89.02638655275759,42.52013721518081,MODIS-Terra,89.02638655275759
2019-06-26,42.39473101390372,36.16238785069833,MODIS-Terra,42.39473101390372
2019-06-28,92.58468693125484,42.855982138615275,MODIS-Terra,92.58468693125484
2019-06-30,98.32306584826908,43.37130502228546,MODIS-Terra,98.32306584826908
2019-07-02,128.7233968249878,45.67997682507207,MODIS-Terra,128.7233968249878
2019-07-04,80.23248005627775,41.62887689889745,MODIS-Terra,80.23248005627775
2019-07-05,76.72328230626044,41.24562361753791,MODIS-Terra,76.72328230626044
2019-07-07,85.55830786947577,42.17963273182882,MODIS-Terra,85.55830786947577
2019-07-08,73.88236401681152,40.92228920310624,MODIS-Terra,73.88236401681152
2019-07-11,114.39377567895448,44.66861704606313,MODIS-Terra,114.39377567895448
2019-07-13,93.74901082961208,42.96307758022185,MODIS-Terra,93.74901082961208
2019-07-14,113.41315311744393,44.594840119570435,MODIS-Terra,113.41315311744393
2019-07-16,121.4981755396333,45.18494847181287,MODIS-Terra,121.4981755396333
2019-07-18,130.49794758895004,45.7973063676813,MODIS-Terra,130.49794758895004
2019-07-19,59.15094629980265,39.01660159655341,MODIS-Terra,59.15094629980265
2019-07-20,87.72116942428708,42.39357030840687,MODIS-Terra,87.72116942428708
2019-07-21,69.89456073479595,40.44680196660374,MODIS-Terra,69.89456073479595
2019-07-22,70.64215763686008,40.53797464342723,MODIS-Terra,70.64215763686008
2019-07-23,120.871542186959,45.14063670755863,MODIS-Terra,120.871542186959
2019-07-24,76.39525025253717,41.20890620124058,MODIS-Terra,76.39525025253717
2019-07-25,64.99132229254509,39.82351098998522,MODIS-Terra,64.99132229254509
2019-07-27,67.0038620888277,40.08484923582102,MODIS-Terra,67.0038620888277
2019-07-28,75.83515446659324,41.14584738885076,MODIS-Terra,75.83515446659324
2019-07-29,83.49285293558363,41.97022047252841,MODIS-Terra,83.49285293558363
2019-07-30,80.65533131416683,41.67392208727428,MODIS-Terra,80.65533131416683
2019-07-31,74.87516981981749,41.03667568682331,MODIS-Terra,74.87516981981749
2019-08-01,84.30451174233733,42.05312431904506,MODIS-Terra,84.30451174233733
2019-08-02,125.2737540481159,45.447191869823484,MODIS-Terra,125.2737540481159
2019-08-03,97.08891746613676,43.26306076012986,MODIS-Terra,97.08891746613676
2019-08-04,84.19115163857646,42.041593650271174,MODIS-Terra,84.19115163857646
2019-08-05,104.61219460565115,43.90262358823634,MODIS-Terra,104.61219460565115
2019-08-07,107.32198355600192,44.12177337880023,MODIS-Terra,107.32198355600192
2019-08-08,112.11467087528897,44.496161376644125,MODIS-Terra,112.11467087528897
2019-08-11,98.34794053837336,43.37347272771557,MODIS-Terra,98.34794053837336
2019-08-12,115.79972799628784,44.773297561776324,MODIS-Terra,115.79972799628784
2019-08-13,112.25643912593829,44.5069905430209,MODIS-Terra,112.25643912593829
2019-08-14,100.3973363564394,43.55020967411031,MODIS-Terra,100.3973363564394
2019-08-15,97.16513068348578,43.2697849994905,MODIS-Terra,97.16513068348578
2019-08-16,115.65043198894747,44.76224218132142,MODIS-Terra,115.65043198894747
2019-08-17,120.25138941151997,45.0965564565865,MODIS-Terra,120.25138941151997
2019-08-18,130.77619204959353,45.81555848238379,MODIS-Terra,130.77619204959353
2019-08-19,90.65077790680112,42.675087557805114,MODIS-Terra,90.65077790680112
2019-08-22,70.8292589656598,40.560641502643605,MODIS-Terra,70.8292589656598
2019-08-23,89.23100899524354,42.53981104102404,MODIS-Terra,89.23100899524354
2019-08-24,96.90411992719962,43.246734260003855,MODIS-Terra,96.90411992719962
2019-08-25,109.19526640446584,44.270060903449284,MODIS-Terra,109.19526640446584
2019-08-26,91.71737266897787,42.7753269279408,MODIS-Terra,91.71737266897787
2019-08-27,76.29364361324376,41.19750113986774,MODIS-Terra,76.29364361324376
2019-08-29,80.25421929036526,41.63119850277745,MODIS-Terra,80.25421929036526
2019-08-30,93.63843858392522,42.95296438001274,MODIS-Terra,93.63843858392522
2019-08-31,122.73943593336338,45.272052254869756,MODIS-Terra,122.73943593336338
2019-09-01,77.84575430552967,41.37008756616558,MODIS-Terra,77.84575430552967
2019-09-02,114.94454885005536,44.709777475862396,MODIS-Terra,114.94454885005536
2019-09-03,81.10440297052729,41.72150261562283,MODIS-Terra,81.10440297052729
2019-09-04,87.04599553338704,42.327357671565665,MODIS-Terra,87.04599553338704
2019-09-06,85.46005467738028,42.169786118195304,MODIS-Terra,85.46005467738028
2019-09-09,56.54521402637214,38.630530562831595,MODIS-Terra,56.54521402637214
2019-09-11,115.38233231013842,44.74235350689059,MODIS-Terra,115.38233231013842
2019-09-12,117.16626159068602,44.87383219427023,MODIS-Terra,117.16626159068602
2019-09-13,79.82483723379113,41.58522650873265,MODIS-Terra,79.82483723379113
2019-09-14,107.0369315545061,44.098982255807655,MODIS-Terra,107.0369315545061
2019-09-21,112.24968658416384,44.506475050927065,MODIS-Terra,112.24968658416384
2019-09-23,106.29016765767444,44.038986299005394,MODIS-Terra,106.29016765767444
2019-09-24,90.91652415679408,42.70017247888246,MODIS-Terra,90.91652415679408
2019-09-25,73.59912213499214,40.88937347818686,MODIS-Terra,73.59912213499214
2019-09-26,85.65889413558763,42.18970145187261,MODIS-Terra,85.65889413558763
2019-09-27,59.72081514581547,39.09876576582851,MODIS-Terra,59.72081514581547
2019-10-01,67.66667411626611,40.16920295245612,MODIS-Terra,67.66667411626611
2019-10-04,95.17144459036214,43.09212347670651,MODIS-Terra,95.17144459036214
2019-10-05,94.97785050225671,43.07467407882312,MODIS-Terra,94.97785050225671
2019-10-06,58.62049147812754,38.93940568753036,MODIS-Terra,58.62049147812754
2019-10-07,80.70667150187083,41.67937513270054,MODIS-Terra,80.70667150187083
2019-10-09,52.745375894023574,38.03440144070516,MODIS-Terra,52.745375894023574
2019-10-10,63.748255741640946,39.65801833600017,MODIS-Terra,63.748255741640946
2019-10-11,49.28065181200244,37.4521539421088,MODIS-Terra,49.28065181200244
2019-10-13,66.47879329677944,40.017431132043484,MODIS-Terra,66.47879329677944
2019-10-21,37.291858737700224,35.06336410172426,MODIS-Terra,37.291858737700224
2019-10-22,40.68381134260853,35.809379414803104,MODIS-Terra,40.68381134260853
2019-10-23,36.6758396947471,34.9206243300517,MODIS-Terra,36.6758396947471
2019-10-24,40.65530907502371,35.8033737251858,MODIS-Terra,40.65530907502371
2019-10-25,42.28175632309483,36.13952125517455,MODIS-Terra,42.28175632309483
2019-10-26,40.87259064915359,35.849051043326284,MODIS-Terra,40.87259064915359
2019-10-27,32.611684808004604,33.914163337260554,MODIS-Terra,32.611684808004604
2019-10-28,28.892557846824904,32.87651777155077,MODIS-Terra,28.892557846824904
2019-10-29,31.1002072385836,33.50749007123894,MODIS-Terra,31.1002072385836
2019-10-30,35.52873290274219,34.64831744906735,MODIS-Terra,35.52873290274219
2019-10-31,31.092584347128785,33.50538937812732,MODIS-Terra,31.092584347128785
2019-11-01,29.851722624194046,33.15638313713782,MODIS-Terra,29.851722624194046
2019-11-02,38.35725554187609,35.30475405020346,MODIS-Terra,38.35725554187609
2019-11-03,32.094831582462206,33.77726083922922,MODIS-Terra,32.094831582462206
2019-11-04,36.43439525819673,34.864023405353684,MODIS-Terra,36.43439525819673
2019-11-08,33.02967203530465,34.0233009012503,MODIS-Terra,33.02967203530465
2019-11-10,34.673685045253166,34.43955962874517,MODIS-Terra,34.673685045253166
2019-11-20,35.156526917123216,34.558068649752606,MODIS-Terra,35.156526917123216
2019-11-21,35.215205367684895,34.572359676128535,MODIS-Terra,35.215205367684895
2019-11-22,25.24339110261629,31.719473557168804,MODIS-Terra,25.24339110261629
2019-11-23,27.708678147486033,32.51798576845079,MODIS-Terra,27.708678147486033
2019-11-24,40.21077181691428,35.7091567689748,MODIS-Terra,40.21077181691428
2019-11-28,31.1207926107273,33.51316035348769,MODIS-Terra,31.1207926107273
2019-11-29,26.331873662180477,32.08123928840607,MODIS-Terra,26.331873662180477
2019-12-15,33.48781072999038,34.141346815537325,MODIS-Terra,33.48781072999038
2019-12-23,27.30553736250987,32.392390721965754,MODIS-Terra,27.30553736250987
2019-12-26,25.739515823800915,31.886260829889235,MODIS-Terra,25.739515823800915
2019-12-30,28.522252554841245,32.76597637934088,MODIS-Terra,28.522252554841245
2020-01-04,27.78784665386295,32.542435262820625,MODIS-Terra,27.78784665386295
2020-01-09,35.77919395572968,34.708516147603596,MODIS-Terra,35.77919395572968
2020-02-02,28.98760041318918,32.904660860257195,MODIS-Terra,28.98760041318918
2020-02-03,38.652275069748235,35.370412607588605,MODIS-Terra,38.652275069748235
2020-02-06,35.71568397714627,34.69329140089962,MODIS-Terra,35.71568397714627
2020-02-07,34.15182111112876,34.30960279623405,MODIS-Terra,34.15182111112876
2020-02-08,36.50930437727193,34.8816241069687,MODIS-Terra,36.50930437727193
2020-02-09,29.66486470545535,33.10257377575768,MODIS-Terra,29.66486470545535
2020-02-10,24.040450803760073,31.301057144505062,MODIS-Terra,24.040450803760073
2020-02-11,29.253516569675988,32.98291385584056,MODIS-Terra,29.253516569675988
2020-02-13,35.028810636085275,34.52688095501882,MODIS-Terra,35.028810636085275
2020-02-14,32.88260559886793,33.98505975555728,MODIS-Terra,32.88260559886793
2020-02-17,25.650182730747183,31.856467457638406,MODIS-Terra,25.650182730747183
2020-02-18,32.57472325840889,33.904445355256186,MODIS-Terra,32.57472325840889
2020-02-19,34.673685045253166,34.43955962874517,MODIS-Terra,34.673685045253166
2020-02-21,33.2509450069361,34.080518069912834,MODIS-Terra,33.2509450069361
2020-02-22,39.25831300779274,35.50373251807874,MODIS-Terra,39.25831300779274
2020-02-24,30.59299609371684,33.36657930498699,MODIS-Terra,30.59299609371684
2020-02-27,30.538735669202076,33.35136684226979,MODIS-Terra,30.538735669202076
2020-03-01,35.47159772409962,34.63452548119902,MODIS-Terra,35.47159772409962
2020-03-02,37.42814459840743,35.09462470282691,MODIS-Terra,37.42814459840743
2020-03-03,35.29864595993748,34.59264052223175,MODIS-Terra,35.29864595993748
2020-03-04,30.40506521524533,33.31377535509165,MODIS-Terra,30.40506521524533
2020-03-10,37.82203885728327,35.184338446302185,MODIS-Terra,37.82203885728327
2020-03-11,40.62378544181596,35.796726500556574,MODIS-Terra,40.62378544181596
2020-03-12,35.01909932805148,34.524504850855266,MODIS-Terra,35.01909932805148
2020-03-13,34.56658005047159,34.4130481304072,MODIS-Terra,34.56658005047159
2020-03-16,42.738045061704554,36.23150408331388,MODIS-Terra,42.738045061704554
2020-03-17,40.883408242776696,35.851318786981054,MODIS-Terra,40.883408242776696
2020-03-19,38.47577442975326,35.3311917018744,MODIS-Terra,38.47577442975326
2020-03-20,37.2120481451426,35.04500444407637,MODIS-Terra,37.2120481451426
2020-03-21,43.14776350625331,36.31326586103448,MODIS-Terra,43.14776350625331
2020-03-22,36.36337875491302,34.84730386834037,MODIS-Terra,36.36337875491302
2020-03-26,40.18986067583371,35.70469916788371,MODIS-Terra,40.18986067583371
2020-04-02,39.507078989377696,35.55786275408669,MODIS-Terra,39.507078989377696
2020-04-03,40.80366857500609,35.83458847154891,MODIS-Terra,40.80366857500609
2020-04-07,40.348997487082414,35.73856398019876,MODIS-Terra,40.348997487082414
2020-04-08,37.978346780098306,35.21968060857817,MODIS-Terra,37.978346780098306
2020-04-09,40.59325220808494,35.790283196850545,MODIS-Terra,40.59325220808494
2020-04-10,39.35302844616295,35.5243824536475,MODIS-Terra,39.35302844616295
2020-04-12,37.654779994276865,35.146358076584356,MODIS-Terra,37.654779994276865
2020-04-13,41.67286472996009,36.01521702408085,MODIS-Terra,41.67286472996009
2020-04-14,42.22004590090652,36.127004967173804,MODIS-Terra,42.22004590090652
2020-04-16,43.04916128681711,36.293660356075385,MODIS-Terra,43.04916128681711
2020-04-17,45.12172191222056,36.69660462582407,MODIS-Terra,45.12172191222056
2020-04-19,47.46672876924313,37.130777925543,MODIS-Terra,47.46672876924313
2020-04-20,43.35008801525579,36.353355015015346,MODIS-Terra,43.35008801525579
2020-04-23,43.05002492343936,36.293832271533155,MODIS-Terra,43.05002492343936
2020-04-26,49.420117697893815,37.47637151773873,MODIS-Terra,49.420117697893815
2020-04-28,42.415269604405175,36.16653840884639,MODIS-Terra,42.415269604405175
2020-04-30,45.51960182349025,36.77183816401309,MODIS-Terra,45.51960182349025
2020-05-01,45.15164289418501,36.70228529047635,MODIS-Terra,45.15164289418501
2020-05-03,46.823120225314085,37.01378852112795,MODIS-Terra,46.823120225314085
2020-05-04,47.43763460406722,37.12552377323615,MODIS-Terra,47.43763460406722
2020-05-06,44.31771451424615,36.54253195392282,MODIS-Terra,44.31771451424615
2020-05-07,47.94117951729307,37.216008078060135,MODIS-Terra,47.94117951729307
2020-05-08,42.33816331629177,36.15094591638474,MODIS-Terra,42.33816331629177
2020-05-15,44.74607253395797,36.624963228987816,MODIS-Terra,44.74607253395797
2020-05-20,41.66151484475263,36.01288275891146,MODIS-Terra,41.66151484475263
2020-05-22,43.312720529589086,36.345965021309006,MODIS-Terra,43.312720529589086
2020-05-23,43.852714390678976,36.45214264503428,MODIS-Terra,43.852714390678976
2020-05-25,48.37425412607016,37.293072280602225,MODIS-Terra,48.37425412607016
2020-05-26,44.36136288241987,36.55096782250141,MODIS-Terra,44.36136288241987
2020-05-28,49.60853926184554,37.50898169530741,MODIS-Terra,49.60853926184554
2020-05-31,45.487723610159385,36.765834718636,MODIS-Terra,45.487723610159385
2020-06-02,45.02823700090185,36.67883169431052,MODIS-Terra,45.02823700090185
2020-06-04,55.51122598541049,38.472378833323454,MODIS-Terra,55.51122598541049
2020-06-07,49.28637013221477,37.45314824742374,MODIS-Terra,49.28637013221477
2020-06-09,59.581932736672414,39.07881406540407,MODIS-Terra,59.581932736672414
2020-06-10,49.33481862580483,37.461567877374144,MODIS-Terra,49.33481862580483
2020-06-14,59.01572078601315,38.99698847283295,MODIS-Terra,59.01572078601315
2020-06-16,57.49196060151914,38.772822468768595,MODIS-Terra,57.49196060151914
2020-06-17,70.86921375077222,40.56547416625275,MODIS-Terra,70.86921375077222
2020-06-18,71.7104059171918,40.66659152830566,MODIS-Terra,71.7104059171918
2020-06-21,87.98411221183308,42.4192186739661,MODIS-Terra,87.98411221183308
2020-06-22,85.10427665499203,42.134036249172034,MODIS-Terra,85.10427665499203
2020-06-23,84.90943211453772,42.11439417193105,MODIS-Terra,84.90943211453772
2020-06-25,95.72566461222624,43.14188194509961,MODIS-Terra,95.72566461222624
2020-06-26,89.96334580945167,42.60985519352578,MODIS-Terra,89.96334580945167
2020-06-27,102.84654590614316,43.75675359169877,MODIS-Terra,102.84654590614316
2020-06-28,48.84882437707915,37.37673221421238,MODIS-Terra,48.84882437707915
2020-06-29,87.13723513837773,42.33633526676562,MODIS-Terra,87.13723513837773
2020-06-30,106.23326325803929,44.03439725774895,MODIS-Terra,106.23326325803929
2020-07-01,131.668463214258,45.87382830865694,MODIS-Terra,131.668463214258
2020-07-02,110.7390701974842,44.39036741206442,MODIS-Terra,110.7390701974842
2020-07-03,80.01130170539871,41.60522071813615,MODIS-Terra,80.01130170539871
2020-07-04,106.45944442012151,44.0526230711321,MODIS-Terra,106.45944442012151
2020-07-05,115.96550408721514,44.78555660585479,MODIS-Terra,115.96550408721514
2020-07-06,113.6614205660646,44.61357860006984,MODIS-Terra,113.6614205660646
2020-07-07,137.62910345180538,46.25324317450974,MODIS-Terra,137.62910345180538
2020-07-08,126.17963759488156,45.50893656874427,MODIS-Terra,126.17963759488156
2020-07-09,105.83705920586692,44.00237717529363,MODIS-Terra,105.83705920586692
2020-07-10,120.18157370910424,45.091579749964964,MODIS-Terra,120.18157370910424
2020-07-11,110.34825724579012,44.36007119003577,MODIS-Terra,110.34825724579012
2020-07-12,113.69794933713167,44.61633222720519,MODIS-Terra,113.69794933713167
2020-07-13,115.25538262922488,44.73291975922975,MODIS-Terra,115.25538262922488
2020-07-14,109.99899279758284,44.33290491869651,MODIS-Terra,109.99899279758284
2020-07-15,104.20993134565222,43.86960813089609,MODIS-Terra,104.20993134565222
2020-07-16,136.3492207912389,46.17317866747265,MODIS-Terra,136.3492207912389
2020-07-17,70.82625932214427,40.560278575816156,MODIS-Terra,70.82625932214427
2020-07-18,91.74041615639976,42.77747968478281,MODIS-Terra,91.74041615639976
2020-07-19,99.24544100210252,43.4513208602865,MODIS-Terra,99.24544100210252
2020-07-20,87.07818702951245,42.33052625392574,MODIS-Terra,87.07818702951245
2020-07-21,72.53570381080806,40.76465207064675,MODIS-Terra,72.53570381080806
2020-07-22,71.08268864090972,40.59124858222997,MODIS-Terra,71.08268864090972
2020-07-23,110.41132081090862,44.36496719556536,MODIS-Terra,110.41132081090862
2020-07-24,107.19961821315302,44.11199717217922,MODIS-Terra,107.19961821315302
2020-07-25,113.58188574515955,44.607580010470826,MODIS-Terra,113.58188574515955
2020-07-26,73.02764633654121,40.82257451781412,MODIS-Terra,73.02764633654121
2020-07-27,63.56225948959635,39.63297898024264,MODIS-Terra,63.56225948959635
2020-07-29,83.09665459266058,41.92945910427446,MODIS-Terra,83.09665459266058
2020-07-30,88.4595319077202,42.46539880135429,MODIS-Terra,88.4595319077202
2020-07-31,119.13744160476264,45.016803458547514,MODIS-Terra,119.13744160476264
2020-08-01,105.87126622783464,44.00514641313624,MODIS-Terra,105.87126622783464
2020-08-02,92.96783586274708,42.891372442924016,MODIS-Terra,92.96783586274708
2020-08-03,132.78222926690367,45.94601128079982,MODIS-Terra,132.78222926690367
2020-08-04,93.22375346898588,42.91492962310353,MODIS-Terra,93.22375346898588
2020-08-05,127.6893507709266,45.610859718671094,MODIS-Terra,127.6893507709266
2020-08-06,144.35132862506796,46.66190051163325,MODIS-Terra,144.35132862506796
2020-08-07,99.08404316849044,43.43737345441869,MODIS-Terra,99.08404316849044
2020-08-08,109.81769372312922,44.31876919808742,MODIS-Terra,109.81769372312922
2020-08-09,80.42756834684558,41.649688545743594,MODIS-Terra,80.42756834684558
2020-08-10,100.58024971743488,43.56580810268349,MODIS-Terra,100.58024971743488
2020-08-11,77.96846270847529,41.38358496982751,MODIS-Terra,77.96846270847529
2020-08-13,130.57361147259186,45.8022735717515,MODIS-Terra,130.57361147259186
2020-08-14,72.43057737388283,40.752223306479266,MODIS-Terra,72.43057737388283
2020-08-15,68.04440565490903,40.216906643949976,MODIS-Terra,68.04440565490903
2020-08-19,87.7581792293086,42.39718502051847,MODIS-Terra,87.7581792293086
2020-08-20,79.79428358577663,41.58194584976722,MODIS-Terra,79.79428358577663
2020-08-21,80.40996671115067,41.64781290980484,MODIS-Terra,80.40996671115067
2020-08-23,44.80040898683011,36.63536304690248,MODIS-Terra,44.80040898683011
2020-08-30,49.21049002137152,37.439944762298076,MODIS-Terra,49.21049002137152
2020-08-31,95.57305082516538,43.12820891618667,MODIS-Terra,95.57305082516538
2020-09-01,77.44495054140327,41.325852139642464,MODIS-Terra,77.44495054140327
2020-09-02,121.37738906350526,45.17642498196494,MODIS-Terra,121.37738906350526
2020-09-03,60.56019134808429,39.21837083125968,MODIS-Terra,60.56019134808429
2020-09-07,92.27158119623203,42.82695259681929,MODIS-Terra,92.27158119623203
2020-09-08,52.662334228367754,38.02089917384542,MODIS-Terra,52.662334228367754
2020-09-09,71.39890070594839,40.6292853252906,MODIS-Terra,71.39890070594839
2020-09-10,62.89639688069808,39.542734010631875,MODIS-Terra,62.89639688069808
2020-09-17,54.933034445254094,38.38265341875807,MODIS-Terra,54.933034445254094
2020-09-19,62.44070525912566,39.480421359024824,MODIS-Terra,62.44070525912566
2020-09-20,82.51196514169361,41.86894911866246,MODIS-Terra,82.51196514169361
2020-09-27,74.71268722282502,41.01805937664197,MODIS-Terra,74.71268722282502
2020-09-28,72.32602113001651,40.73984404878718,MODIS-Terra,72.32602113001651
2020-09-29,100.04020387728325,43.519672160878855,MODIS-Terra,100.04020387728325
2020-10-01,94.96000676305236,43.07306396247877,MODIS-Terra,94.96000676305236
2020-10-04,94.98192735550091,43.07504190814776,MODIS-Terra,94.98192735550091
2020-10-05,192.41810852757789,49.124936365748916,MODIS-Terra,192.41810852757789
2020-10-06,76.52551512309809,41.2235058994555,MODIS-Terra,76.52551512309809
2020-10-09,1.896091595494642,9.535142346281141,MODIS-Terra,1.896091595494642
2020-10-14,35.82601689896084,34.71972334619817,MODIS-Terra,35.82601689896084
2020-10-15,44.01218954584598,36.48324985038531,MODIS-Terra,44.01218954584598
2020-10-16,104.50124094622298,43.89352984560931,MODIS-Terra,104.50124094622298
2020-10-17,65.15631972648153,39.84523920464137,MODIS-Terra,65.15631972648153
2020-10-18,95.38423936241624,43.11126260490209,MODIS-Terra,95.38423936241624
2020-10-19,82.71664679066585,41.890180429040925,MODIS-Terra,82.71664679066585
2020-10-20,75.83515446659324,41.14584738885076,MODIS-Terra,75.83515446659324
2020-10-22,47.29753565122301,37.10017792148807,MODIS-Terra,47.29753565122301
2020-10-23,51.36058085750363,37.80641004396036,MODIS-Terra,51.36058085750363
2020-10-25,34.91026989585894,34.49783196370638,MODIS-Terra,34.91026989585894
2020-10-26,44.22332997851864,36.52426192260059,MODIS-Terra,44.22332997851864
2020-10-27,51.360580857503656,37.80641004396037,MODIS-Terra,51.360580857503656
2020-10-28,57.28827819237254,38.742408732229784,MODIS-Terra,57.28827819237254
2020-10-29,58.87535091112117,38.97658161556952,MODIS-Terra,58.87535091112117
2020-10-30,52.921893616323544,38.06303208742179,MODIS-Terra,52.921893616323544
2020-10-31,37.72120970049955,35.16146278483319,MODIS-Terra,37.72120970049955
2020-11-01,60.35561849760579,39.189374153221465,MODIS-Terra,60.35561849760579
2020-11-02,50.15380367488118,37.602657571330845,MODIS-Terra,50.15380367488118
2020-11-03,47.35671979613284,37.110894304190325,MODIS-Terra,47.35671979613284
2020-11-04,48.10008478529163,37.24436530424659,MODIS-Terra,48.10008478529163
2020-11-05,42.42469996584632,36.16844347806791,MODIS-Terra,42.42469996584632
2020-11-06,40.77252097049461,35.82804445812024,MODIS-Terra,40.77252097049461
2020-11-07,38.36850294343362,35.30726648001441,MODIS-Terra,38.36850294343362
2020-11-09,36.885039613222204,34.969365808054036,MODIS-Terra,36.885039613222204
2020-11-10,37.49219186652022,35.10927626462078,MODIS-Terra,37.49219186652022
2020-11-19,29.198508947524232,32.9667848960481,MODIS-Terra,29.198508947524232
2020-11-20,32.18820684816489,33.802156214912316,MODIS-Terra,32.18820684816489
2020-11-21,29.87840648845433,33.16403977704338,MODIS-Terra,29.87840648845433
2020-11-24,33.651402884587924,34.1831077305773,MODIS-Terra,33.651402884587924
2020-11-26,28.6846089719308,32.814617707722235,MODIS-Terra,28.6846089719308
2020-11-29,29.3306463358756,33.00547831671332,MODIS-Terra,29.3306463358756
2020-12-01,35.575645545098155,34.65962520792199,MODIS-Terra,35.575645545098155
2020-12-02,35.599733800713175,34.665425615371,MODIS-Terra,35.599733800713175
2020-12-03,40.87759678432604,35.85010057787637,MODIS-Terra,40.87759678432604
2020-12-04,39.57177773358628,35.57188502942594,MODIS-Terra,39.57177773358628
2020-12-05,38.873385112667826,35.41929439722034,MODIS-Terra,38.873385112667826
2020-12-06,32.12021302215298,33.78403510780801,MODIS-Terra,32.12021302215298
2020-12-08,27.194811789042244,32.357570448654215,MODIS-Terra,27.194811789042244
2020-12-10,41.54393940214068,35.98866421436679,MODIS-Terra,41.54393940214068
2020-12-12,43.14513427556599,36.31274366139947,MODIS-Terra,43.14513427556599
2020-12-14,35.03908380355254,34.52939381464318,MODIS-Terra,35.03908380355254
2020-12-17,37.60495372723137,35.13501113910899,MODIS-Terra,37.60495372723137
2020-12-22,30.410187514622574,33.31521891684536,MODIS-Terra,30.410187514622574
2020-12-23,39.08450343169345,35.465708486944166,MODIS-Terra,39.08450343169345
2021-01-13,37.38103022709861,35.083830725094025,MODIS-Terra,37.38103022709861
2021-01-18,35.222260818035124,34.57407641381494,MODIS-Terra,35.222260818035124
2021-01-19,37.27535512329975,35.05957082886956,MODIS-Terra,37.27535512329975
2021-01-23,38.7675519732463,35.3959321774997,MODIS-Terra,38.7675519732463
2021-02-03,34.74154350641145,34.45631416114532,MODIS-Terra,34.74154350641145
2021-02-04,35.28146252721678,34.58846788587054,MODIS-Terra,35.28146252721678
2021-02-05,32.62330827383331,33.91721711870265,MODIS-Terra,32.62330827383331
2021-02-06,28.403053102117777,32.73008811547113,MODIS-Terra,28.403053102117777
2021-02-07,34.776260937543206,34.46487338718418,MODIS-Terra,34.776260937543206
2021-02-10,36.84070506915428,34.95905943032232,MODIS-Terra,36.84070506915428
2021-02-17,29.345954057885344,33.009949562638084,MODIS-Terra,29.345954057885344
2021-02-22,38.375183996696066,35.30875853627649,MODIS-Terra,38.375183996696066
2021-02-23,32.764932310501365,33.95433822583093,MODIS-Terra,32.764932310501365
2021-02-24,30.094968725967856,33.22592814796337,MODIS-Terra,30.094968725967856
2021-02-27,26.142578956598804,32.01941268920916,MODIS-Terra,26.142578956598804
2021-02-28,25.970864432908595,31.962939572650246,MODIS-Terra,25.970864432908595
2021-03-01,28.18725900342284,32.66473256089668,MODIS-Terra,28.18725900342284
2021-03-02,36.25782234319252,34.822392107771584,MODIS-Terra,36.25782234319252
2021-03-03,31.61522211775795,33.64823672020424,MODIS-Terra,31.61522211775795
2021-03-06,30.2624733055102,33.27349231531675,MODIS-Terra,30.2624733055102
2021-03-11,38.22563087302971,35.27529702321057,MODIS-Terra,38.22563087302971
2021-03-12,36.3177076134488,34.83653417251116,MODIS-Terra,36.3177076134488
2021-03-13,33.83582625598636,34.229943576114515,MODIS-Terra,33.83582625598636
2021-03-16,34.84275198455607,34.48124224463875,MODIS-Terra,34.84275198455607
2021-03-17,38.35331581129937,35.30387382412666,MODIS-Terra,38.35331581129937
2021-03-19,36.93017841193209,34.97984643031627,MODIS-Terra,36.93017841193209
2021-03-21,38.749032044644146,35.391837425396254,MODIS-Terra,38.749032044644146
2021-03-22,40.21904909854121,35.7109205861051,MODIS-Terra,40.21904909854121
2021-03-23,35.92641927326676,34.74370563010548,MODIS-Terra,35.92641927326676
2021-03-26,37.70710304906801,35.15825745687507,MODIS-Terra,37.70710304906801
2021-03-27,37.838572619201614,35.188083730378295,MODIS-Terra,37.838572619201614
2021-03-28,40.3794791053415,35.74503532004731,MODIS-Terra,40.3794791053415
2021-03-29,32.753973799750874,33.95147162099903,MODIS-Terra,32.753973799750874
2021-03-30,37.449814813671786,35.09958482257704,MODIS-Terra,37.449814813671786
2021-03-31,36.37156750393231,34.84923342423874,MODIS-Terra,36.37156750393231
2021-04-01,39.01747037442366,35.45099857581867,MODIS-Terra,39.01747037442366
2021-04-05,37.291858737700224,35.06336410172426,MODIS-Terra,37.291858737700224
2021-04-06,40.98026317889859,35.87159625233892,MODIS-Terra,40.98026317889859
2021-04-07,38.31122738034793,35.29446465767483,MODIS-Terra,38.31122738034793
2021-04-08,38.738545873157726,35.38951806735231,MODIS-Terra,38.738545873157726
2021-04-09,39.29436991799523,35.51159954145268,MODIS-Terra,39.29436991799523
2021-04-10,36.305254903968645,34.83359535361443,MODIS-Terra,36.305254903968645
2021-04-11,35.164685669452325,34.56005712562231,MODIS-Terra,35.164685669452325
2021-04-12,37.55602352613629,35.12385362182676,MODIS-Terra,37.55602352613629
2021-04-14,36.72001818003679,34.9309405892979,MODIS-Terra,36.72001818003679
2021-04-15,42.360325457089914,36.15543046754103,MODIS-Terra,42.360325457089914
2021-04-16,36.48572849547971,34.87608859777541,MODIS-Terra,36.48572849547971
2021-04-17,41.37685835492636,35.954130186975014,MODIS-Terra,41.37685835492636
2021-04-18,41.843794121916055,36.05029440563517,MODIS-Terra,41.843794121916055
2021-04-21,39.378125569519774,35.52984581929045,MODIS-Terra,39.378125569519774
2021-04-22,44.46226066876954,36.570436491577816,MODIS-Terra,44.46226066876954
2021-04-26,46.36602586801763,36.9297212528978,MODIS-Terra,46.36602586801763
2021-04-27,43.99256551951901,36.4794280771828,MODIS-Terra,43.99256551951901
2021-04-28,44.744008284275175,36.62456788944951,MODIS-Terra,44.744008284275175
2021-05-02,45.32592338951648,36.73529877280321,MODIS-Terra,45.32592338951648
2021-05-03,47.740288000420016,37.18002342392011,MODIS-Terra,47.740288000420016
2021-05-04,43.9875993643261,36.478460649655894,MODIS-Terra,43.9875993643261
2021-05-05,47.5461201767752,37.145098953303474,MODIS-Terra,47.5461201767752
2021-05-07,42.101020920557886,36.102812217108735,MODIS-Terra,42.101020920557886
2021-05-08,48.70464850719245,37.35140233690049,MODIS-Terra,48.70464850719245
2021-05-09,49.772445044016486,37.53724834254243,MODIS-Terra,49.772445044016486
2021-05-10,48.41059857868429,37.29950824575111,MODIS-Terra,48.41059857868429
2021-05-11,43.82733666290696,36.447182037404446,MODIS-Terra,43.82733666290696
2021-05-12,43.87652721334089,36.456794749278245,MODIS-Terra,43.87652721334089
2021-05-13,48.191919027838765,37.260710776773664,MODIS-Terra,48.191919027838765
2021-05-16,44.18787372915945,36.517388572949066,MODIS-Terra,44.18787372915945
2021-05-17,49.461067111303535,37.48346920684934,MODIS-Terra,49.461067111303535
2021-05-18,41.5375434335007,35.98734478844596,MODIS-Terra,41.5375434335007
2021-05-19,44.66955113745035,36.61029585020808,MODIS-Terra,44.66955113745035
2021-05-23,45.97075320199564,36.856353090963594,MODIS-Terra,45.97075320199564
2021-05-25,44.12256166524353,36.504713093785206,MODIS-Terra,44.12256166524353
2021-05-26,45.95281689578394,36.853008915496126,MODIS-Terra,45.95281689578394
2021-05-28,46.38053521026016,36.93240247528734,MODIS-Terra,46.38053521026016
2021-05-29,50.09835983414076,37.59317900786567,MODIS-Terra,50.09835983414076
2021-05-30,43.245886299038276,36.332731613219146,MODIS-Terra,43.245886299038276
2021-05-31,50.1378874962413,37.599937647273414,MODIS-Terra,50.1378874962413
2021-06-01,46.1548641225853,36.890604831155905,MODIS-Terra,46.1548641225853
2021-06-02,47.69286835993821,37.17150730084522,MODIS-Terra,47.69286835993821
2021-06-03,46.86999932213959,37.02236392331113,MODIS-Terra,46.86999932213959
2021-06-04,55.73299792896459,38.506546288374544,MODIS-Terra,55.73299792896459
2021-06-05,46.587642589638904,36.97058326417392,MODIS-Terra,46.587642589638904
2021-06-08,40.539418021693,35.778910973717274,MODIS-Terra,40.539418021693
2021-06-10,52.73459182586768,38.03264919275059,MODIS-Terra,52.73459182586768
2021-06-12,56.54521402637214,38.630530562831595,MODIS-Terra,56.54521402637214
2021-06-15,40.0861230680171,35.68255120643967,MODIS-Terra,40.0861230680171
2021-06-16,66.77865954838428,40.055998476860005,MODIS-Terra,66.77865954838428
2021-06-17,58.126367280751914,38.86686587388657,MODIS-Terra,58.126367280751914
2021-06-18,67.45117971123639,40.141868740789626,MODIS-Terra,67.45117971123639
2021-06-19,64.2935816959246,39.73101278263536,MODIS-Terra,64.2935816959246
2021-06-20,80.91828191296898,41.7018145611441,MODIS-Terra,80.91828191296898
2021-06-21,64.7443118285118,39.79087930334412,MODIS-Terra,64.7443118285118
2021-06-22,77.93613257574911,41.38003085461556,MODIS-Terra,77.93613257574911
2021-06-23,88.15590680175204,42.435934756484265,MODIS-Terra,88.15590680175204
2021-06-24,88.05833645566675,42.42644489649332,MODIS-Terra,88.05833645566675
2021-06-25,131.3135684216515,45.85069931490003,MODIS-Terra,131.3135684216515
2021-06-26,103.57634239688667,43.817347456579355,MODIS-Terra,103.57634239688667
2021-06-27,428.2538389072235,55.9808855114493,MODIS-Terra,428.2538389072235
2021-06-28,115.92655100596266,44.782677624343535,MODIS-Terra,115.92655100596266
2021-06-29,111.83792501044172,44.474982243283605,MODIS-Terra,111.83792501044172
2021-06-30,104.4263709472366,43.88738805607421,MODIS-Terra,104.4263709472366
2021-07-02,136.56245787622174,46.18656999490071,MODIS-Terra,136.56245787622174
2021-07-03,88.38377375376874,42.458056643626676,MODIS-Terra,88.38377375376874
2021-07-05,101.5376092737403,43.64698950704935,MODIS-Terra,101.5376092737403
2021-07-06,170.893307464408,48.108332069675924,MODIS-Terra,170.893307464408
2021-07-07,86.61552118273026,42.284873465779434,MODIS-Terra,86.61552118273026
2021-07-09,470.7076829212742,56.79087990740871,MODIS-Terra,470.7076829212742
2021-07-10,84.72883324893716,42.096147894093285,MODIS-Terra,84.72883324893716
2021-07-15,95.63782157297273,43.13401454505089,MODIS-Terra,95.63782157297273
2021-07-16,152.3818057779343,47.12584315348177,MODIS-Terra,152.3818057779343
2021-07-17,129.46017259098087,45.728886056164406,MODIS-Terra,129.46017259098087
2021-07-18,88.24332058096755,42.44442785532111,MODIS-Terra,88.24332058096755
2021-07-20,121.183245566789,45.16270714792607,MODIS-Terra,121.183245566789
2021-07-21,106.70974999104972,44.0727477609668,MODIS-Terra,106.70974999104972
2021-07-22,106.48163167338534,44.0544088472983,MODIS-Terra,106.48163167338534
2021-07-23,88.42783214088072,42.46232736028714,MODIS-Terra,88.42783214088072
2021-07-28,100.588696974672,43.56652777981423,MODIS-Terra,100.588696974672
2021-08-03,52.99839433148554,38.07541062508374,MODIS-Terra,52.99839433148554
2021-08-06,72.87271155280932,40.80437433875478,MODIS-Terra,72.87271155280932
2021-08-08,70.25499221953277,40.49087925670321,MODIS-Terra,70.25499221953277
2021-08-10,171.1593135847746,48.12166058324625,MODIS-Terra,171.1593135847746
2021-08-17,361.3162588680536,54.52440074974001,MODIS-Terra,361.3162588680536
2021-08-19,254.0282254504648,51.50531292855044,MODIS-Terra,254.0282254504648
2021-08-20,104.73313990565494,43.91252526357292,MODIS-Terra,104.73313990565494
2021-08-22,70.54431937088083,40.52609786540975,MODIS-Terra,70.54431937088083
2021-08-26,84.65894415120884,42.08907641416017,MODIS-Terra,84.65894415120884
2021-08-27,101.35507379379222,43.631570232252514,MODIS-Terra,101.35507379379222
2021-08-28,62.39141571948234,39.47365412244647,MODIS-Terra,62.39141571948234
2021-09-02,62.34917849901929,39.46785088336448,MODIS-Terra,62.34917849901929
2021-09-03,85.92054754315491,42.21583776988849,MODIS-Terra,85.92054754315491
2021-09-04,268.4688280510158,51.979112877084134,MODIS-Terra,268.4688280510158
2021-09-10,48.00133406302483,37.22675391733483,MODIS-Terra,48.00133406302483
2021-09-12,89.7769160513654,42.59207841973218,MODIS-Terra,89.7769160513654
2021-09-14,71.17555801612133,40.602437241753165,MODIS-Terra,71.17555801612133
2021-09-16,66.13904687786683,39.97352382397108,MODIS-Terra,66.13904687786683
2021-09-19,56.81101451955362,38.670718351948146,MODIS-Terra,56.81101451955362
2021-09-20,75.1397626766391,41.06690491086078,MODIS-Terra,75.1397626766391
2021-09-21,66.5739759520797,40.02969187807563,MODIS-Terra,66.5739759520797
2021-09-23,63.06184247813574,39.56524589283949,MODIS-Terra,63.06184247813574
2021-09-24,107.8295788054829,44.162208316192,MODIS-Terra,107.8295788054829
2021-09-25,57.32895527656005,38.74849124228194,MODIS-Terra,57.32895527656005
2021-09-26,69.76861672382515,40.43134662373755,MODIS-Terra,69.76861672382515
2021-09-28,63.10714186497745,39.57139939928246,MODIS-Terra,63.10714186497745
2021-09-29,98.09389033254295,43.35130767622689,MODIS-Terra,98.09389033254295
2021-09-30,84.85531621996137,42.10893080628811,MODIS-Terra,84.85531621996137
2021-10-01,59.09810698949163,39.00894311939809,MODIS-Terra,59.09810698949163
2021-10-02,80.00791530825572,41.60485801720335,MODIS-Terra,80.00791530825572
2021-10-03,111.05720754195954,44.414950906757035,MODIS-Terra,111.05720754195954
2021-10-06,44.32225543929384,36.54340996027543,MODIS-Terra,44.32225543929384
2021-10-07,50.01707303065639,37.57926340467527,MODIS-Terra,50.01707303065639
2021-10-09,87.5721552203908,42.379000785924205,MODIS-Terra,87.5721552203908
2021-10-11,45.93445479073469,36.84958399857489,MODIS-Terra,45.93445479073469
2021-10-13,59.30203821205873,39.03846301666445,MODIS-Terra,59.30203821205873
2021-10-14,64.59725981856568,39.77139360645032,MODIS-Terra,64.59725981856568
2021-10-15,119.636190833634,45.05260316181475,MODIS-Terra,119.636190833634
2021-10-16,100.62646163958532,43.56974445989519,MODIS-Terra,100.62646163958532
2021-10-28,35.25499046109168,34.582035721012595,MODIS-Terra,35.25499046109168
2021-11-07,38.88780968904094,35.42247363544916,MODIS-Terra,38.88780968904094
2021-11-17,35.599733800713175,34.665425615371,MODIS-Terra,35.599733800713175
2021-11-20,32.69027107550589,33.93478879554639,MODIS-Terra,32.69027107550589
2021-11-22,37.735708048857845,35.16475586572601,MODIS-Terra,37.735708048857845
2021-12-04,40.27854333240138,35.723587621623935,MODIS-Terra,40.27854333240138
2021-12-05,42.70880011845976,36.22563814229798,MODIS-Terra,42.70880011845976
2021-12-10,41.11725243943267,35.90019452706744,MODIS-Terra,41.11725243943267
2021-12-14,41.73292885301872,36.02755948956318,MODIS-Terra,41.73292885301872
2022-02-05,62.37066521316366,39.470803570125824,MODIS-Terra,62.37066521316366
2022-02-08,58.622359820043,38.93967880715684,MODIS-Terra,58.622359820043
2022-02-09,59.23335806522253,39.02853263061904,MODIS-Terra,59.23335806522253
2022-02-10,56.48423336995147,38.621283933313826,MODIS-Terra,56.48423336995147
2022-02-11,80.16738342868172,41.621921253329255,MODIS-Terra,80.16738342868172
2022-02-12,55.903017048852575,38.532648463470736,MODIS-Terra,55.903017048852575
2022-02-15,52.470698952363826,37.98965855216899,MODIS-Terra,52.470698952363826
2022-02-16,55.31047621986097,38.44133226311035,MODIS-Terra,55.31047621986097
2022-02-17,53.20011200610304,38.10796497229811,MODIS-Terra,53.20011200610304
2022-02-18,54.648715443344,38.33818501363862,MODIS-Terra,54.648715443344
2022-02-19,54.643029679892834,38.337293384297205,MODIS-Terra,54.643029679892834
2022-02-22,45.40987169987535,36.751155602381665,MODIS-Terra,45.40987169987535
2022-02-24,47.93426239082111,37.2147715577253,MODIS-Terra,47.93426239082111
2022-02-25,49.24492114232591,37.445938455568026,MODIS-Terra,49.24492114232591
2022-03-04,49.88754884782029,37.55704317987439,MODIS-Terra,49.88754884782029
2022-03-06,48.45295373264079,37.30700250693619,MODIS-Terra,48.45295373264079
2022-03-07,44.05606632176213,36.49178867852788,MODIS-Terra,44.05606632176213
2022-03-09,47.16619950972553,37.07634911208936,MODIS-Terra,47.16619950972553
2022-03-10,42.53529435203477,36.190753591460705,MODIS-Terra,42.53529435203477
2022-03-11,45.061904452167504,36.685236646849894,MODIS-Terra,45.061904452167504
2022-03-12,47.01012653407581,37.04794578019036,MODIS-Terra,47.01012653407581
2022-03-16,48.98832475957564,37.401169604658485,MODIS-Terra,48.98832475957564
2022-03-22,50.01376146089933,37.57869601302494,MODIS-Terra,50.01376146089933
2022-03-25,49.63548247044203,37.51363464003318,MODIS-Terra,49.63548247044203
2022-03-29,49.704118064221205,37.525476228924774,MODIS-Terra,49.704118064221205
2022-04-01,45.9607815775037,36.854494069812006,MODIS-Terra,45.9607815775037
2022-04-05,43.77296331026983,36.436543951350735,MODIS-Terra,43.77296331026983
2022-04-06,42.9564304969314,36.275181275319525,MODIS-Terra,42.9564304969314
2022-04-07,44.39686617280365,36.557823382306125,MODIS-Terra,44.39686617280365
2022-04-08,41.24601468313179,35.926988569969375,MODIS-Terra,41.24601468313179
2022-04-09,44.44241656063997,36.56661097659813,MODIS-Terra,44.44241656063997
2022-04-16,46.82200911383162,37.01358516588857,MODIS-Terra,46.82200911383162
2022-04-22,43.2416362979301,36.33188940687023,MODIS-Terra,43.2416362979301
2022-04-23,41.97371229293708,36.07685993251904,MODIS-Terra,41.97371229293708
2022-04-24,43.46820717687135,36.376673068527175,MODIS-Terra,43.46820717687135
2022-04-26,42.3886028220709,36.16114904045693,MODIS-Terra,42.3886028220709
2022-04-27,45.72470461227735,36.810363767194886,MODIS-Terra,45.72470461227735
2022-04-29,42.567824259392054,36.19730478299499,MODIS-Terra,42.567824259392054
2022-05-01,43.77556043678478,36.43705237670899,MODIS-Terra,43.77556043678478
2022-05-03,39.84302123192283,35.63042365337944,MODIS-Terra,39.84302123192283
2022-05-04,43.14559427342904,36.31283502529381,MODIS-Terra,43.14559427342904
2022-05-11,44.632939688705285,36.603269394856255,MODIS-Terra,44.632939688705285
2022-05-13,47.296413670279904,37.09997463662237,MODIS-Terra,47.296413670279904
2022-05-14,35.40785504311695,34.619112274187984,MODIS-Terra,35.40785504311695
2022-05-19,46.78091437520188,37.00606062924122,MODIS-Terra,46.78091437520188
2022-05-20,52.696482938583586,38.026454203203926,MODIS-Terra,52.696482938583586
2022-05-21,47.03652995479072,37.05275749381032,MODIS-Terra,47.03652995479072
2022-05-22,45.676460940828775,36.801317454781255,MODIS-Terra,45.676460940828775
2022-05-23,50.38745082986984,37.642486617278934,MODIS-Terra,50.38745082986984
2022-05-24,48.65736178602397,37.343078326245056,MODIS-Terra,48.65736178602397
2022-05-25,49.10530837992497,37.42160896818319,MODIS-Terra,49.10530837992497
2022-05-29,44.09651944090225,36.499653699998966,MODIS-Terra,44.09651944090225
2022-05-30,48.80455065970513,37.368961844465424,MODIS-Terra,48.80455065970513
2022-05-31,45.58201155980506,36.783579277118776,MODIS-Terra,45.58201155980506
2022-06-06,41.64314327950505,36.00910303738044,MODIS-Terra,41.64314327950505
2022-06-09,49.242298477914986,37.4454820554265,MODIS-Terra,49.242298477914986
2022-06-14,60.61996220925823,39.22682441724295,MODIS-Terra,60.61996220925823
2022-06-15,58.05539746975292,38.85639654945742,MODIS-Terra,58.05539746975292
2022-06-18,125.6505395198217,45.472927493025274,MODIS-Terra,125.6505395198217
2022-06-19,59.05934192192589,39.00332019324934,MODIS-Terra,59.05934192192589
2022-06-21,62.21486820943525,39.44937098112136,MODIS-Terra,62.21486820943525
2022-06-23,61.05036506250446,39.28745269079319,MODIS-Terra,61.05036506250446
2022-06-24,49.10106267992244,37.420868011933436,MODIS-Terra,49.10106267992244
2022-06-26,62.060222245068616,39.42804359401064,MODIS-Terra,62.060222245068616
2022-06-27,57.168129448524255,38.72441744621877,MODIS-Terra,57.168129448524255
2022-06-28,68.76249235439568,40.30686795995488,MODIS-Terra,68.76249235439568
2022-06-29,66.83727815085095,40.0635174779643,MODIS-Terra,66.83727815085095
2022-06-30,73.14716604318583,40.83658812677453,MODIS-Terra,73.14716604318583
2022-07-01,63.43782350341615,39.616186105343225,MODIS-Terra,63.43782350341615
2022-07-03,67.75261855904209,40.18008023079525,MODIS-Terra,67.75261855904209
2022-07-06,74.39964110868308,40.982077954204975,MODIS-Terra,74.39964110868308
2022-07-08,70.90251649203427,40.56950016166767,MODIS-Terra,70.90251649203427
2022-07-10,78.13790121512528,41.402187610698256,MODIS-Terra,78.13790121512528
2022-07-11,57.81817925707875,38.82130947586335,MODIS-Terra,57.81817925707875
2022-07-12,64.82896586222951,39.802076651922995,MODIS-Terra,64.82896586222951
2022-07-13,76.57079933730336,41.228575398403144,MODIS-Terra,76.57079933730336
2022-07-14,80.91669853714232,41.701646876020604,MODIS-Terra,80.91669853714232
2022-07-15,89.86046831922542,42.600050000952244,MODIS-Terra,89.86046831922542
2022-07-16,138.5267398808346,46.30895285737563,MODIS-Terra,138.5267398808346
2022-07-17,106.98343548182372,44.094698253173476,MODIS-Terra,106.98343548182372
2022-07-18,84.28464541534876,42.05110469344779,MODIS-Terra,84.28464541534876
2022-07-19,88.03131863839025,42.423815238037974,MODIS-Terra,88.03131863839025
2022-07-20,82.5493209237897,41.87282790217314,MODIS-Terra,82.5493209237897
2022-07-21,106.3020192925752,44.039941762039994,MODIS-Terra,106.3020192925752
2022-07-22,132.65818907139848,45.93800227985337,MODIS-Terra,132.65818907139848
2022-07-23,138.0334400386454,46.278382204589484,MODIS-Terra,138.0334400386454
2022-07-24,119.4026956802684,45.035861738578866,MODIS-Terra,119.4026956802684
2022-07-26,103.08585768835556,43.77667052699575,MODIS-Terra,103.08585768835556
2022-07-27,59.39079264817924,39.0512789012155,MODIS-Terra,59.39079264817924
2022-07-29,105.62864666588688,43.98548572400327,MODIS-Terra,105.62864666588688
2022-07-30,90.7672031767721,42.68608647438358,MODIS-Terra,90.7672031767721
2022-08-03,68.39774514943026,40.261290754580905,MODIS-Terra,68.39774514943026
2022-08-04,60.13648411731704,39.158204258155656,MODIS-Terra,60.13648411731704
2022-08-06,124.9453111055317,45.42469496810286,MODIS-Terra,124.9453111055317
2022-08-07,97.10931412944844,43.26486086075301,MODIS-Terra,97.10931412944844
2022-08-08,93.28918923820297,42.92094259508354,MODIS-Terra,93.28918923820297
2022-08-10,84.39455519476503,42.06227224042331,MODIS-Terra,84.39455519476503
2022-08-11,119.85785769740524,45.06846629971451,MODIS-Terra,119.85785769740524
2022-08-12,121.41728302845156,45.179241100803075,MODIS-Terra,121.41728302845156
2022-08-13,99.81427455245282,43.50029715560753,MODIS-Terra,99.81427455245282
2022-08-14,107.2263801392936,44.11413623162307,MODIS-Terra,107.2263801392936
2022-08-15,95.43409561359144,43.115740588019946,MODIS-Terra,95.43409561359144
2022-08-16,106.40489141066452,44.048230702881625,MODIS-Terra,106.40489141066452
2022-08-17,90.36698138736033,42.64821746537434,MODIS-Terra,90.36698138736033
2022-08-19,94.4456760395069,43.02652320424562,MODIS-Terra,94.4456760395069
2022-08-20,93.33543058049209,42.92518922514309,MODIS-Terra,93.33543058049209
2022-08-21,96.65836437990954,43.22497393888558,MODIS-Terra,96.65836437990954
2022-08-22,94.18099160091964,43.002473567225906,MODIS-Terra,94.18099160091964
2022-08-23,87.24132377892286,42.34656568121941,MODIS-Terra,87.24132377892286
2022-08-24,137.1197548050198,46.22146984824793,MODIS-Terra,137.1197548050198
2022-08-25,80.58582170405712,41.66653366160077,MODIS-Terra,80.58582170405712
2022-08-26,92.89474097213412,42.884632161755846,MODIS-Terra,92.89474097213412
2022-08-27,58.406226238777194,38.90802589227161,MODIS-Terra,58.406226238777194
2022-08-28,103.90859765993744,43.84479279466763,MODIS-Terra,103.90859765993744
2022-08-30,94.10809443949634,42.995838147245024,MODIS-Terra,94.10809443949634
2022-08-31,78.87042748313,41.482150151945916,MODIS-Terra,78.87042748313
2022-09-01,101.20340666845988,43.61873735528688,MODIS-Terra,101.20340666845988
2022-09-02,88.39313567355696,42.45896430176029,MODIS-Terra,88.39313567355696
2022-09-03,67.01844595598733,40.086714234519825,MODIS-Terra,67.01844595598733
2022-09-05,73.53382136704397,40.88176686524147,MODIS-Terra,73.53382136704397
2022-09-06,85.3430191289112,42.15804241395905,MODIS-Terra,85.3430191289112
2022-09-08,46.35245659965787,36.92721299005694,MODIS-Terra,46.35245659965787
2022-09-09,63.05925412943999,39.564894155909045,MODIS-Terra,63.05925412943999
2022-09-10,52.370100451551785,37.973213159692165,MODIS-Terra,52.370100451551785
2022-09-12,61.10569317259971,39.29521540825595,MODIS-Terra,61.10569317259971
2022-09-13,59.65561642140332,39.089405170426126,MODIS-Terra,59.65561642140332
2022-09-15,134.4074892955723,46.05026496056691,MODIS-Terra,134.4074892955723
2022-09-16,127.93128865489592,45.62708121883012,MODIS-Terra,127.93128865489592
2022-09-19,86.5743919055102,42.28080330639809,MODIS-Terra,86.5743919055102
2022-09-22,81.21351346113752,41.73302342627955,MODIS-Terra,81.21351346113752
2022-09-23,218.79477721932935,50.22579825846678,MODIS-Terra,218.79477721932935
2022-09-24,85.00795612196909,42.124331902486276,MODIS-Terra,85.00795612196909
2022-09-25,86.89542656999336,42.312521717605264,MODIS-Terra,86.89542656999336
2022-09-26,92.76224378873968,42.87240070028759,MODIS-Terra,92.76224378873968
2022-09-27,114.42102889597794,44.67065839186851,MODIS-Terra,114.42102889597794
2022-09-29,154.09206909049468,47.22148698218717,MODIS-Terra,154.09206909049468
2022-09-30,73.83378558707489,40.91665284687451,MODIS-Terra,73.83378558707489
2022-10-01,71.455155486425,40.63603448654923,MODIS-Terra,71.455155486425
2022-10-02,78.19337685852534,41.40826951261619,MODIS-Terra,78.19337685852534
2022-10-03,98.0067052587287,43.343687830476796,MODIS-Terra,98.0067052587287
2022-10-05,96.82409504588972,43.23965455583117,MODIS-Terra,96.82409504588972
2022-10-06,97.74901332070182,43.32112624845746,MODIS-Terra,97.74901332070182
2022-10-07,80.50949499002746,41.658413276834715,MODIS-Terra,80.50949499002746
2022-10-08,84.97228622249895,42.120735350252474,MODIS-Terra,84.97228622249895
2022-10-09,75.50573162328833,41.10854118583572,MODIS-Terra,75.50573162328833
2022-10-25,87.28306245358728,42.35066456371204,MODIS-Terra,87.28306245358728
2022-10-27,70.36646176271174,40.50446513289751,MODIS-Terra,70.36646176271174
2022-10-29,100.2465574101265,43.53733021090019,MODIS-Terra,100.2465574101265
2022-11-03,86.4350486638792,42.266999491528686,MODIS-Terra,86.4350486638792
2022-11-13,32.85886668701082,33.97887098580713,MODIS-Terra,32.85886668701082
2022-11-14,43.35008801525579,36.353355015015346,MODIS-Terra,43.35008801525579
2022-11-15,43.15845898502164,36.315389795185524,MODIS-Terra,43.15845898502164
2022-11-16,44.67690668102275,36.61170682858572,MODIS-Terra,44.67690668102275
2022-11-18,40.451734475197945,35.760355859914206,MODIS-Terra,40.451734475197945
2022-11-19,40.90731773354231,35.85632891935032,MODIS-Terra,40.90731773354231
2022-11-24,44.68717422338695,36.61367601321291,MODIS-Terra,44.68717422338695
2022-11-26,50.23745332027814,37.61693832858898,MODIS-Terra,50.23745332027814
2022-11-29,38.84828216944198,35.41375878735165,MODIS-Terra,38.84828216944198
2022-12-12,49.19627989530369,37.437469872408585,MODIS-Terra,49.19627989530369
2023-01-01,41.37523098606848,35.953793140369484,MODIS-Terra,41.37523098606848
2023-01-16,36.903626178655806,34.973682911157546,MODIS-Terra,36.903626178655806
2023-01-17,43.36816811295308,36.35692834536358,MODIS-Terra,43.36816811295308
2023-01-19,42.78731719450208,36.24137799893744,MODIS-Terra,42.78731719450208
2023-01-20,46.79295964435816,37.00826682896475,MODIS-Terra,46.79295964435816
2023-01-21,40.90667996559544,35.856195315800086,MODIS-Terra,40.90667996559544
2023-01-23,43.29492200066739,36.34244284718673,MODIS-Terra,43.29492200066739
2023-01-29,43.20129352003926,36.323890709287994,MODIS-Terra,43.20129352003926
2023-01-30,33.84949356120866,34.23340433496585,MODIS-Terra,33.84949356120866
2023-02-08,44.971498810168576,36.66802688192328,MODIS-Terra,44.971498810168576
2023-02-11,41.52062701980422,35.98385411785305,MODIS-Terra,41.52062701980422
2023-02-12,57.91408151125303,38.835511734008314,MODIS-Terra,57.91408151125303
2023-02-15,48.1438501112999,37.25215893366564,MODIS-Terra,48.1438501112999
2023-02-17,45.45204922409064,36.75911137065523,MODIS-Terra,45.45204922409064
2023-02-19,44.273882818254116,36.53405228877294,MODIS-Terra,44.273882818254116
2023-02-25,42.62797978560683,36.2094063140826,MODIS-Terra,42.62797978560683
2023-03-16,48.965633505101366,37.397199340088264,MODIS-Terra,48.965633505101366
2023-03-17,48.21486797367197,37.26479056917148,MODIS-Terra,48.21486797367197
2023-03-21,47.377342955969176,37.11462536198351,MODIS-Terra,47.377342955969176
2023-03-26,47.10922722625821,37.0659917753373,MODIS-Terra,47.10922722625821
2023-04-10,56.646437474033746,38.64585730208453,MODIS-Terra,56.646437474033746
2023-04-11,54.38268700934061,38.296367303705715,MODIS-Terra,54.38268700934061
2023-04-12,47.78091431353232,37.18731280376703,MODIS-Terra,47.78091431353232
2023-04-13,54.229334884146326,38.272168432201184,MODIS-Terra,54.229334884146326
2023-04-14,54.37793067332378,38.29561778273644,MODIS-Terra,54.37793067332378
2023-04-15,55.01337392802181,38.39517707061732,MODIS-Terra,55.01337392802181
2023-04-19,43.53495248342301,36.38982134164328,MODIS-Terra,43.53495248342301
2023-04-22,53.00974924570834,38.07724643433777,MODIS-Terra,53.00974924570834
2023-04-23,56.97215858025145,38.6949911295787,MODIS-Terra,56.97215858025145
2023-04-24,45.339308326290286,36.73782899391917,MODIS-Terra,45.339308326290286
2023-04-25,50.853609530546954,37.72140226092617,MODIS-Terra,50.853609530546954
2023-04-26,41.65674498310569,36.01190157929727,MODIS-Terra,41.65674498310569
2023-04-27,53.9529091875176,38.22837527093999,MODIS-Terra,53.9529091875176
2023-04-28,44.61531194076991,36.599884228275165,MODIS-Terra,44.61531194076991
2023-04-30,56.83770367808564,38.674743235055985,MODIS-Terra,56.83770367808564
2023-05-01,53.424641401433774,38.144055957159566,MODIS-Terra,53.424641401433774
2023-05-03,51.10395860996358,37.76348561321808,MODIS-Terra,51.10395860996358
2023-05-09,58.69357095385627,38.95008217339932,MODIS-Terra,58.69357095385627
2023-05-10,58.86535344860198,38.975126337179006,MODIS-Terra,58.86535344860198
2023-05-11,51.786021144684646,37.87710184964114,MODIS-Terra,51.786021144684646
2023-05-12,62.952293907616415,39.55034643446147,MODIS-Terra,62.952293907616415
2023-05-13,41.588914211345966,35.99793634641811,MODIS-Terra,41.588914211345966
2023-05-14,55.21661779684646,38.426778090202085,MODIS-Terra,55.21661779684646
2023-05-16,70.58119828588991,40.53057660201006,MODIS-Terra,70.58119828588991
2023-05-17,56.84974978527779,38.676559240352496,MODIS-Terra,56.84974978527779
2023-05-18,21.975589430774203,30.531472618321903,MODIS-Terra,21.975589430774203
2023-05-19,56.161245097034914,38.57214144933167,MODIS-Terra,56.161245097034914
2023-05-20,49.23437222726576,37.44410256919696,MODIS-Terra,49.23437222726576
2023-05-21,84.80371122070707,42.10371768606208,MODIS-Terra,84.80371122070707
2023-05-22,52.62781952393544,38.01528094611818,MODIS-Terra,52.62781952393544
2023-05-23,44.743061042241486,36.624386470101975,MODIS-Terra,44.743061042241486
2023-05-24,55.85751144628651,38.525670007044205,MODIS-Terra,55.85751144628651
2023-05-25,36.53580954057957,34.88784313131765,MODIS-Terra,36.53580954057957
2023-05-26,90.48137138099516,42.65905814377325,MODIS-Terra,90.48137138099516
2023-05-27,54.84465849483277,38.36885583573161,MODIS-Terra,54.84465849483277
2023-05-28,89.7769160513654,42.59207841973218,MODIS-Terra,89.7769160513654
2023-05-29,57.59404193688879,38.78802468395452,MODIS-Terra,57.59404193688879
2023-05-30,43.41955756693396,36.36707677093328,MODIS-Terra,43.41955756693396
2023-05-31,60.53375501744572,39.214629194070454,MODIS-Terra,60.53375501744572
2023-06-02,65.28668601776982,39.8623680300317,MODIS-Terra,65.28668601776982
2023-06-03,45.01412621730124,36.67614581078818,MODIS-Terra,45.01412621730124
2023-06-04,50.88781170809188,37.727163805124725,MODIS-Terra,50.88781170809188
2023-06-05,52.42966567718621,37.982954426732604,MODIS-Terra,52.42966567718621
2023-06-06,41.43970311695299,35.96713592192634,MODIS-Terra,41.43970311695299
2023-06-07,62.19658626118802,39.44685246325904,MODIS-Terra,62.19658626118802
2023-06-08,57.68751642946487,38.80192153163256,MODIS-Terra,57.68751642946487
2023-06-12,67.35729639726061,40.129932867312306,MODIS-Terra,67.35729639726061
2023-06-13,54.682402346844775,38.3434658199932,MODIS-Terra,54.682402346844775
2023-06-15,49.90625812296092,37.560256369090695,MODIS-Terra,49.90625812296092
2023-06-16,45.93843499248104,36.850326505713966,MODIS-Terra,45.93843499248104
2023-06-17,45.793907746632314,36.823323598416195,MODIS-Terra,45.793907746632314
2023-06-18,86.88160275038912,42.31115833228258,MODIS-Terra,86.88160275038912
2023-06-20,60.78797020291216,39.25054176295598,MODIS-Terra,60.78797020291216
2023-06-21,38.88588069364209,35.42204854493933,MODIS-Terra,38.88588069364209
2023-06-22,48.770285586959794,37.362943226608216,MODIS-Terra,48.770285586959794
2023-06-23,63.661961977313105,39.64641031601057,MODIS-Terra,63.661961977313105
2023-06-25,75.77636159071946,41.139201157418434,MODIS-Terra,75.77636159071946
2023-06-26,1.6487046937535947,8.337092441925481,MODIS-Terra,1.6487046937535947
2023-06-27,60.39191492275188,39.19452606624902,MODIS-Terra,60.39191492275188
2023-06-28,29.487125299106285,33.051074799370106,MODIS-Terra,29.487125299106285
2023-06-29,64.53854602876962,39.76360111398521,MODIS-Terra,64.53854602876962
2023-06-30,51.823409390685555,37.88328655120556,MODIS-Terra,51.823409390685555
2023-07-01,64.47405869678259,39.75503418382585,MODIS-Terra,64.47405869678259
2023-07-02,53.81524672048501,38.20648212069636,MODIS-Terra,53.81524672048501
2023-07-03,61.79091497430639,39.3907759714082,MODIS-Terra,61.79091497430639
2023-07-04,60.29198185219606,39.18033408819904,MODIS-Terra,60.29198185219606
2023-07-05,23.72755440613229,31.188790021461333,MODIS-Terra,23.72755440613229
2023-07-06,74.53263319052937,40.99738248440928,MODIS-Terra,74.53263319052937
2023-07-07,66.26335258298597,39.98961464697801,MODIS-Terra,66.26335258298597
2023-07-09,86.03057005638631,42.226804055232634,MODIS-Terra,86.03057005638631
2023-07-10,89.48640368808277,42.56430326486253,MODIS-Terra,89.48640368808277
2023-07-11,105.30915045745192,43.95952632947159,MODIS-Terra,105.30915045745192
2023-07-12,86.63498881880611,42.28679931207957,MODIS-Terra,86.63498881880611
2023-07-13,110.05606550797108,44.33735000375669,MODIS-Terra,110.05606550797108
2023-07-14,105.99509570930864,44.01516358255696,MODIS-Terra,105.99509570930864
2023-07-15,87.56349127815744,42.37815292636127,MODIS-Terra,87.56349127815744
2023-07-16,105.85319948910862,44.00368392738373,MODIS-Terra,105.85319948910862
2023-07-17,110.36298230002124,44.36121463529488,MODIS-Terra,110.36298230002124
2023-07-18,108.45098762688716,44.21145126312535,MODIS-Terra,108.45098762688716
2023-07-19,107.05336245161982,44.10029762365833,MODIS-Terra,107.05336245161982
2023-07-21,117.85636587981612,44.92415782447026,MODIS-Terra,117.85636587981612
2023-07-22,115.18664224763306,44.727807260733286,MODIS-Terra,115.18664224763306
2023-07-23,104.58137922748412,43.90009893294116,MODIS-Terra,104.58137922748412
2023-07-24,138.45541112482806,46.30453922862186,MODIS-Terra,138.45541112482806
2023-07-25,125.31005042826853,45.44967439261161,MODIS-Terra,125.31005042826853
2023-07-26,123.61874534480948,45.33322521564876,MODIS-Terra,123.61874534480948
2023-07-27,106.46262378503404,44.05287899018834,MODIS-Terra,106.46262378503404
2023-07-28,122.19334533027438,45.23384010842726,MODIS-Terra,122.19334533027438
2023-07-29,110.75302553458864,44.39144726602218,MODIS-Terra,110.75302553458864
2023-07-30,123.21205795127791,45.30498651749573,MODIS-Terra,123.21205795127791
2023-07-31,106.65655258556768,44.06847461671721,MODIS-Terra,106.65655258556768
2023-08-02,99.62230900240604,43.48380028643397,MODIS-Terra,99.62230900240604
2023-08-03,96.51314601611536,43.21208961985656,MODIS-Terra,96.51314601611536
2023-08-05,99.92878844923128,43.51012299045206,MODIS-Terra,99.92878844923128
2023-08-06,206.33598526654436,49.72338545201565,MODIS-Terra,206.33598526654436
2023-08-08,82.46129078542799,41.86368461256862,MODIS-Terra,82.46129078542799
2023-08-09,80.12713276182403,41.61761759932587,MODIS-Terra,80.12713276182403
2023-08-10,87.71034464211347,42.39251277406528,MODIS-Terra,87.71034464211347
2023-08-11,98.75109653282966,43.408529517886045,MODIS-Terra,98.75109653282966
2023-08-12,61.61731637869045,39.366666633152285,MODIS-Terra,61.61731637869045
2023-08-13,76.4310688490792,41.212923122738836,MODIS-Terra,76.4310688490792
2023-08-14,69.75285577608174,40.429410539700385,MODIS-Terra,69.75285577608174
2023-08-19,69.31930957505669,40.375981237812674,MODIS-Terra,69.31930957505669
2023-08-23,498.1049976436753,57.275684716882466,MODIS-Terra,498.1049976436753
2023-08-24,72.39058885544786,40.74749085457533,MODIS-Terra,72.39058885544786
2023-08-26,94.25331906035429,43.00905205652991,MODIS-Terra,94.25331906035429
2023-08-27,90.8320119046129,42.692202967233555,MODIS-Terra,90.8320119046129
2023-08-29,55.77630943880991,38.513203236176444,MODIS-Terra,55.77630943880991
2023-08-30,99.32007318510564,43.45776263103758,MODIS-Terra,99.32007318510564
2023-09-03,81.26820501561649,41.73879240191108,MODIS-Terra,81.26820501561649
2023-09-05,81.55332699686029,41.768804905966924,MODIS-Terra,81.55332699686029
2023-09-06,61.470613966720656,39.34623961781482,MODIS-Terra,61.470613966720656
2023-09-07,78.1642788116825,41.405079975811965,MODIS-Terra,78.1642788116825
2023-09-09,73.59498712737913,40.88889200865642,MODIS-Terra,73.59498712737913
2023-09-10,72.84127098005416,40.80067629409157,MODIS-Terra,72.84127098005416
2023-09-12,72.18280213920562,40.72285811952333,MODIS-Terra,72.18280213920562
2023-09-13,61.97768757645894,39.41663939043902,MODIS-Terra,61.97768757645894
2023-09-14,71.30316531193546,40.61778724709612,MODIS-Terra,71.30316531193546
2023-09-15,75.7675102359347,41.1382001108189,MODIS-Terra,75.7675102359347
2023-09-16,61.98252353359052,39.41730801613022,MODIS-Terra,61.98252353359052
2023-09-17,58.83403042274148,38.97056520713959,MODIS-Terra,58.83403042274148
2023-09-19,63.0704542659283,39.56641606548289,MODIS-Terra,63.0704542659283
2023-09-20,60.12459992023348,39.15651059259354,MODIS-Terra,60.12459992023348
2023-09-22,66.36023451439115,40.00213466689239,MODIS-Terra,66.36023451439115
2023-09-23,103.45633670095636,43.80741295848588,MODIS-Terra,103.45633670095636
2023-09-28,60.737520062328706,39.24342671308749,MODIS-Terra,60.737520062328706
2023-10-01,62.27423315427715,39.45754398479293,MODIS-Terra,62.27423315427715
2023-10-02,62.027660181803455,39.423546152989054,MODIS-Terra,62.027660181803455
2023-10-03,37.68805094244507,35.15392651351153,MODIS-Terra,37.68805094244507
2023-10-04,60.310714111863554,39.18299613741908,MODIS-Terra,60.310714111863554
2023-10-05,54.00582025841518,38.236775125103726,MODIS-Terra,54.00582025841518
2023-10-06,51.78445045321471,37.87684193074382,MODIS-Terra,51.78445045321471
2023-10-07,55.91123122377325,38.533907533029115,MODIS-Terra,55.91123122377325
2023-10-08,64.35365898355728,39.739016519412665,MODIS-Terra,64.35365898355728
2023-10-12,59.2886385378515,39.03652647601251,MODIS-Terra,59.2886385378515
2023-10-15,54.69850541903952,38.34598901109404,MODIS-Terra,54.69850541903952
2023-10-18,56.726705218597104,38.65799157815652,MODIS-Terra,56.726705218597104
2023-10-19,63.447827705663805,39.6175374087615,MODIS-Terra,63.447827705663805
2023-10-23,55.70248143168439,38.50185281743728,MODIS-Terra,55.70248143168439
2023-10-27,48.73473797056584,37.35669486094684,MODIS-Terra,48.73473797056584
2023-10-28,44.48744209958791,36.57528846974628,MODIS-Terra,44.48744209958791
2023-10-29,54.16312318320276,38.26169910777203,MODIS-Terra,54.16312318320276
2023-10-30,41.11603735575113,35.899941281735956,MODIS-Terra,41.11603735575113
2023-10-31,52.074298423023755,37.92467312539343,MODIS-Terra,52.074298423023755
2023-11-03,59.29888352393616,39.03800713587578,MODIS-Terra,59.29888352393616
2023-11-06,51.093409364402035,37.76171646338092,MODIS-Terra,51.093409364402035
2023-11-11,45.64665879724981,36.7957243918832,MODIS-Terra,45.64665879724981
2023-11-16,61.85156059192813,39.399182461214075,MODIS-Terra,61.85156059192813
2023-11-20,56.3068930381763,38.594336595602414,MODIS-Terra,56.3068930381763
2023-11-21,59.42234252738787,39.05582999913323,MODIS-Terra,59.42234252738787
2023-11-24,51.119784159713184,37.766138935202676,MODIS-Terra,51.119784159713184
2023-11-25,57.472618426563656,38.769938940705316,MODIS-Terra,57.472618426563656
2023-11-26,59.308682875737894,39.039423150959735,MODIS-Terra,59.308682875737894
2023-11-27,55.76022655691487,38.510731912398796,MODIS-Terra,55.76022655691487
2023-11-28,60.536018899968155,39.2149496741795,MODIS-Terra,60.536018899968155
2023-11-29,51.37050431022424,37.808065599881935,MODIS-Terra,51.37050431022424
2023-12-12,55.956745746709615,38.540880653350996,MODIS-Terra,55.956745746709615
2023-12-15,61.73867709370174,39.38352831675113,MODIS-Terra,61.73867709370174
2023-12-16,57.07150152774869,38.709920755583184,MODIS-Terra,57.07150152774869
2023-12-23,60.46061878878653,39.20426941812586,MODIS-Terra,60.46061878878653
2023-12-30,46.48013722368346,36.950785602155015,MODIS-Terra,46.48013722368346
2024-01-03,66.15214272727276,39.975220448245544,MODIS-Terra,66.15214272727276
2024-01-05,65.80091994262901,39.929601301594346,MODIS-Terra,65.80091994262901
2024-01-14,32.23716169903679,33.815179538404756,MODIS-Terra,32.23716169903679
2024-01-23,48.79460171453153,37.3672147599378,MODIS-Terra,48.79460171453153
2024-01-25,49.17755541342868,37.43420765324012,MODIS-Terra,49.17755541342868
2024-01-28,54.821937146072834,38.365304901107635,MODIS-Terra,54.821937146072834
2024-01-30,60.84214132700435,39.258175016636606,MODIS-Terra,60.84214132700435
2024-02-11,47.6603410188711,37.16566079767136,MODIS-Terra,47.6603410188711
2024-02-23,56.23114045993557,38.58279990922182,MODIS-Terra,56.23114045993557
2024-02-24,55.96116244053762,38.54155701758582,MODIS-Terra,55.96116244053762
2024-03-07,49.19269877251934,37.43684605759451,MODIS-Terra,49.19269877251934
2024-03-08,52.871015497356936,38.05478961609968,MODIS-Terra,52.871015497356936
2024-03-13,49.58010401563175,37.50406834216834,MODIS-Terra,49.58010401563175
2024-03-14,50.401496342573175,37.64487502031997,MODIS-Terra,50.401496342573175
2024-03-15,49.50712154680525,37.49144472297474,MODIS-Terra,49.50712154680525
2024-03-17,40.60537361620285,35.79284170804792,MODIS-Terra,40.60537361620285
2024-03-18,49.2017668952194,37.43842559400678,MODIS-Terra,49.2017668952194
2024-03-19,44.41516356880869,36.561354404297404,MODIS-Terra,44.41516356880869
2024-03-20,53.03982502946637,38.08210704639961,MODIS-Terra,53.03982502946637
2024-03-21,52.150041228199875,37.937128455267185,MODIS-Terra,52.150041228199875
2024-03-24,52.323457796978246,37.965577505491375,MODIS-Terra,52.323457796978246
2024-03-25,48.23313667635972,37.26803693449214,MODIS-Terra,48.23313667635972
2024-03-31,41.56906813431197,35.99384606054807,MODIS-Terra,41.56906813431197
2024-04-01,46.823120225314085,37.01378852112795,MODIS-Terra,46.823120225314085
2024-04-02,47.348004909050225,37.10931715403128,MODIS-Terra,47.348004909050225
2024-04-04,44.64250641894779,36.605105994201686,MODIS-Terra,44.64250641894779
2024-04-05,42.88958468421397,36.26183570680435,MODIS-Terra,42.88958468421397
2024-04-07,52.9063561758018,38.06051579683497,MODIS-Terra,52.9063561758018
2024-04-08,49.14400305909743,37.42835898230864,MODIS-Terra,49.14400305909743
2024-04-09,53.5442946376519,38.16322718279941,MODIS-Terra,53.5442946376519
2024-04-10,53.31592730521552,38.12660017063857,MODIS-Terra,53.31592730521552
2024-04-11,57.8842129237271,38.831090989086555,MODIS-Terra,57.8842129237271
2024-04-15,57.17614611605364,38.725619052999846,MODIS-Terra,57.17614611605364
2024-04-16,59.98994493274843,39.13729693927366,MODIS-Terra,59.98994493274843
2024-04-17,45.88641686562717,36.840617439923875,MODIS-Terra,45.88641686562717
2024-04-18,57.68751642946487,38.80192153163256,MODIS-Terra,57.68751642946487
2024-04-19,57.98434265581063,38.8459018564807,MODIS-Terra,57.98434265581063
2024-04-20,59.84794582010184,39.116988591044,MODIS-Terra,59.84794582010184
2024-04-23,58.841249539277165,38.97161664046341,MODIS-Terra,58.841249539277165
2024-04-24,61.57346635818234,39.36056600535974,MODIS-Terra,61.57346635818234
2024-04-28,59.76695279787449,39.105383586385905,MODIS-Terra,59.76695279787449
2024-05-01,58.44296447068498,38.913414486494744,MODIS-Terra,58.44296447068498
2024-05-02,45.53579729631744,36.7748865563305,MODIS-Terra,45.53579729631744
2024-05-07,53.32922633159165,38.12873745176075,MODIS-Terra,53.32922633159165
2024-05-08,52.5189436109787,37.99753418998176,MODIS-Terra,52.5189436109787
2024-05-09,53.44882944715073,38.14793490374065,MODIS-Terra,53.44882944715073
2024-05-10,57.55018238610282,38.781496310860206,MODIS-Terra,57.55018238610282
2024-05-11,57.97626286133607,38.84470766831114,MODIS-Terra,57.97626286133607
2024-05-12,55.209232033596294,38.42563176574808,MODIS-Terra,55.209232033596294
2024-05-13,57.880016480697776,38.83046970551337,MODIS-Terra,57.880016480697776
2024-05-14,49.61071290749393,37.50935716572113,MODIS-Terra,49.61071290749393
2024-05-15,50.58031702453808,37.675224968925654,MODIS-Terra,50.58031702453808
2024-05-16,48.09300800067373,37.243104420591635,MODIS-Terra,48.09300800067373
2024-05-17,50.324096845942336,37.631705155644674,MODIS-Terra,50.324096845942336
2024-05-18,48.63486241637602,37.33911486011615,MODIS-Terra,48.63486241637602
2024-05-19,47.69645656723417,37.172152005304696,MODIS-Terra,47.69645656723417
2024-05-20,46.913447367109335,37.03030404219714,MODIS-Terra,46.913447367109335
2024-05-21,47.99365473496682,37.22538285378866,MODIS-Terra,47.99365473496682
2024-05-22,45.90223533232234,36.84357108508924,MODIS-Terra,45.90223533232234
2024-05-23,50.66954706072416,37.69032923602901,MODIS-Terra,50.66954706072416
2024-05-26,48.412653427171755,37.299871979052405,MODIS-Terra,48.412653427171755
2024-05-27,49.51461444506913,37.49274161023879,MODIS-Terra,49.51461444506913
2024-05-30,47.05308931206247,37.055773864374515,MODIS-Terra,47.05308931206247
2024-05-31,47.54304852939338,37.14454531869319,MODIS-Terra,47.54304852939338
2024-06-01,43.88659056909927,36.45875998074478,MODIS-Terra,43.88659056909927
2024-06-03,63.668718185563804,39.64731971170461,MODIS-Terra,63.668718185563804
2024-06-06,46.232301048089234,36.904970289480886,MODIS-Terra,46.232301048089234
2024-06-07,53.307397840602334,38.1252291232218,MODIS-Terra,53.307397840602334
2024-06-09,54.527398770932024,38.31914023365211,MODIS-Terra,54.527398770932024
2024-06-10,62.11497605223732,39.435600820053516,MODIS-Terra,62.11497605223732
2024-06-11,56.33364411250207,38.59840692398026,MODIS-Terra,56.33364411250207
2024-06-12,63.044438906391186,39.56288060175017,MODIS-Terra,63.044438906391186
2024-06-13,59.00757055805721,38.99580492733114,MODIS-Terra,59.00757055805721
2024-06-16,62.247061152361525,39.453804076596846,MODIS-Terra,62.247061152361525
2024-06-17,55.247367554816904,38.4315490299258,MODIS-Terra,55.247367554816904
2024-06-18,56.44553357057247,38.61541061926762,MODIS-Terra,56.44553357057247
2024-06-20,53.65298187563158,38.180604305749426,MODIS-Terra,53.65298187563158
2024-06-21,63.99638841583309,39.69130917387913,MODIS-Terra,63.99638841583309
2024-06-22,63.22437887347227,39.587304486434405,MODIS-Terra,63.22437887347227
2024-06-23,62.907796439797394,39.54428702639117,MODIS-Terra,62.907796439797394
2024-06-25,63.874284363224895,39.67494318753051,MODIS-Terra,63.874284363224895
2024-06-26,51.55519340462857,37.838819544126345,MODIS-Terra,51.55519340462857
2024-06-27,54.78128220489697,38.358947597237425,MODIS-Terra,54.78128220489697
2024-06-28,60.00321937660747,39.13919295857954,MODIS-Terra,60.00321937660747
2024-07-01,40.18469105626366,35.703596809153204,MODIS-Terra,40.18469105626366
2024-07-02,60.2741884249456,39.17780469079427,MODIS-Terra,60.2741884249456
2024-07-03,60.09660192387952,39.15251915981379,MODIS-Terra,60.09660192387952
2024-07-04,58.64761840484895,38.943370326095085,MODIS-Terra,58.64761840484895
2024-07-05,68.33647499222232,40.25361086934607,MODIS-Terra,68.33647499222232
2024-07-06,74.04471131315242,40.94109884331285,MODIS-Terra,74.04471131315242
2024-07-07,77.03083400782603,41.279906307114175,MODIS-Terra,77.03083400782603
2024-07-08,60.13021945878174,39.15731149774871,MODIS-Terra,60.13021945878174
2024-07-09,84.41220954723362,42.064064681436484,MODIS-Terra,84.41220954723362
2024-07-10,65.93009990204666,39.94640829978537,MODIS-Terra,65.93009990204666
2024-07-12,78.87042748312996,41.482150151945916,MODIS-Terra,78.87042748312996
2024-07-13,78.41207357345704,41.43220369484171,MODIS-Terra,78.41207357345704
2024-07-15,85.9288570502248,42.216666494343386,MODIS-Terra,85.9288570502248
2024-07-17,103.94065913930282,43.84743653020811,MODIS-Terra,103.94065913930282
2024-07-18,87.11106193975827,42.33376089545952,MODIS-Terra,87.11106193975827
2024-07-19,64.49352504425555,39.75762112668311,MODIS-Terra,64.49352504425555
2024-07-20,63.33176628404765,39.60184745820519,MODIS-Terra,63.33176628404765
2024-07-22,75.0336587684924,41.054795547758616,MODIS-Terra,75.0336587684924
2024-07-25,113.75168672327692,44.620381473786814,MODIS-Terra,113.75168672327692
2024-07-26,47.979553226516785,37.222864605845274,MODIS-Terra,47.979553226516785
2024-07-28,70.02532617367683,40.46281953477976,MODIS-Terra,70.02532617367683
2024-07-30,77.09105170421566,41.28660272843005,MODIS-Terra,77.09105170421566
2024-07-31,127.95305950676456,45.62853941054507,MODIS-Terra,127.95305950676456
2024-08-01,62.46203361096387,39.48334799201159,MODIS-Terra,62.46203361096387
2024-08-04,85.13162249520062,42.136789355920506,MODIS-Terra,85.13162249520062
2024-08-05,70.9443627705334,40.57455631216909,MODIS-Terra,70.9443627705334
2024-08-06,66.85275048034988,40.065501011811214,MODIS-Terra,66.85275048034988
2024-08-08,62.093554270743965,39.43264493806789,MODIS-Terra,62.093554270743965
2024-08-09,15.595382447631962,27.592516529060298,MODIS-Terra,15.595382447631962
2024-08-10,177.62340229519071,48.43933702441805,MODIS-Terra,177.62340229519071
2024-08-12,70.36071016684465,40.50376465678844,MODIS-Terra,70.36071016684465
2024-08-13,96.53653930601467,43.214166469858824,MODIS-Terra,96.53653930601467
2024-08-16,67.64649737031004,40.16664734597821,MODIS-Terra,67.64649737031004
2024-08-18,76.90284929841734,41.26565655039138,MODIS-Terra,76.90284929841734
2024-08-19,54.53503369667882,38.32034004388917,MODIS-Terra,54.53503369667882
2024-08-20,46.867747422602925,37.02195218865241,MODIS-Terra,46.867747422602925
2024-08-21,73.90091056678415,40.92444010585873,MODIS-Terra,73.90091056678415
2024-08-23,65.2488307699826,39.85739775596378,MODIS-Terra,65.2488307699826
2024-08-24,60.99933592237469,39.280286894133134,MODIS-Terra,60.99933592237469
2024-08-25,85.46005467738028,42.169786118195304,MODIS-Terra,85.46005467738028
2024-08-26,90.65077790680112,42.675087557805114,MODIS-Terra,90.65077790680112
2024-08-27,81.39014358629862,41.751640763402676,MODIS-Terra,81.39014358629862
2024-08-28,62.422803057348325,39.47796408357359,MODIS-Terra,62.422803057348325
2024-08-29,63.91059642126556,39.67981347199038,MODIS-Terra,63.91059642126556
2024-08-30,69.08044720576486,40.34640140162745,MODIS-Terra,69.08044720576486
2024-08-31,72.47556147423278,40.757543840117066,MODIS-Terra,72.47556147423278
2024-09-02,65.26964341935023,39.860130747632134,MODIS-Terra,65.26964341935023
2024-09-03,77.09105170421566,41.28660272843005,MODIS-Terra,77.09105170421566
2024-09-04,59.0101800646672,38.99618388787318,MODIS-Terra,59.0101800646672
2024-09-05,63.27626547307577,39.59433432612152,MODIS-Terra,63.27626547307577
2024-09-07,66.42727174959472,40.01078717153259,MODIS-Terra,66.42727174959472
2024-09-08,23.667915419535166,31.167223675085744,MODIS-Terra,23.667915419535166
2024-09-09,55.756156979175934,38.510106460958795,MODIS-Terra,55.756156979175934
2024-09-10,60.44634062883788,39.20224544906425,MODIS-Terra,60.44634062883788
2024-09-12,75.37459843368673,41.0936454132535,MODIS-Terra,75.37459843368673
2024-09-13,56.26698327656808,38.5882605019991,MODIS-Terra,56.26698327656808
2024-09-18,72.0299957937013,40.7046979175878,MODIS-Terra,72.0299957937013
2024-09-19,76.27034004108397,41.194883237741166,MODIS-Terra,76.27034004108397
2024-09-20,73.41116292871176,40.86746061921082,MODIS-Terra,73.41116292871176
2024-09-21,62.62171080955158,39.50522687731099,MODIS-Terra,62.62171080955158
2024-09-22,62.57382950207273,39.49867206760932,MODIS-Terra,62.57382950207273
2024-09-23,64.1026727237751,39.70552939096485,MODIS-Terra,64.1026727237751
2024-09-24,57.84223390602947,38.82487396433628,MODIS-Terra,57.84223390602947
2024-09-26,57.28951106159752,38.74259314861194,MODIS-Terra,57.28951106159752
2024-09-27,62.77333585352408,39.52595088260336,MODIS-Terra,62.77333585352408
2024-09-28,61.17823495201247,39.305382618368746,MODIS-Terra,61.17823495201247
2024-09-29,54.07498422934517,38.24774279409136,MODIS-Terra,54.07498422934517
2024-09-30,48.53498154250724,37.32149778096945,MODIS-Terra,48.53498154250724
2024-10-01,64.59853319272348,39.77156253014993,MODIS-Terra,64.59853319272348
2024-10-02,68.39508900823203,40.260957964222904,MODIS-Terra,68.39508900823203
2024-10-03,64.56762784845472,39.76746173791563,MODIS-Terra,64.56762784845472
2024-10-04,60.31871782654182,39.184133296544,MODIS-Terra,60.31871782654182
2024-10-05,72.96200431222543,40.81486827214154,MODIS-Terra,72.96200431222543
2024-10-06,74.1640646449901,40.95490089485795,MODIS-Terra,74.1640646449901
2024-10-07,66.87931961771022,40.06890607218744,MODIS-Terra,66.87931961771022
2024-10-08,78.0033649204109,41.387420184886174,MODIS-Terra,78.0033649204109
2024-10-09,71.39890070594839,40.6292853252906,MODIS-Terra,71.39890070594839
2024-10-10,65.94200647419909,39.947955750160176,MODIS-Terra,65.94200647419909
2024-10-13,66.72895811672322,40.04961810784917,MODIS-Terra,66.72895811672322
2024-10-14,69.4432977669756,40.3912953179454,MODIS-Terra,69.4432977669756
2024-10-17,49.80502922928786,37.542856609781,MODIS-Terra,49.80502922928786
2024-10-18,77.70128482069912,41.35416923905872,MODIS-Terra,77.70128482069912
2024-10-19,72.26392386373962,40.732483378911304,MODIS-Terra,72.26392386373962
2024-10-24,70.70807365867955,40.54596704729435,MODIS-Terra,70.70807365867955
2024-10-26,80.365989378746,41.64312487619522,MODIS-Terra,80.365989378746
2024-10-29,78.59129844172979,41.45176835925293,MODIS-Terra,78.59129844172979
2024-11-02,73.28344563210936,40.85253890909115,MODIS-Terra,73.28344563210936
2024-11-03,71.63879450741678,40.65802963307468,MODIS-Terra,71.63879450741678
2024-11-05,75.03560988131173,41.055018377697294,MODIS-Terra,75.03560988131173
2024-11-06,74.87516981981749,41.03667568682331,MODIS-Terra,74.87516981981749
2024-11-07,81.51034231185089,41.76428697623117,MODIS-Terra,81.51034231185089
2024-11-08,75.10012756601873,41.06238346066413,MODIS-Terra,75.10012756601873
2024-11-15,76.70599335468772,41.24369234595901,MODIS-Terra,76.70599335468772
2024-11-24,49.13646133736918,37.42704379917933,MODIS-Terra,49.13646133736918
2024-12-02,65.7442457044203,39.922217266529564,MODIS-Terra,65.7442457044203
2024-12-03,58.248523207852635,38.88485617128536,MODIS-Terra,58.248523207852635
2024-12-04,74.86229312349654,41.03520182452845,MODIS-Terra,74.86229312349654
2024-12-09,71.49420013626539,40.64071574118982,MODIS-Terra,71.49420013626539
2024-12-31,66.68755860973465,40.044299860774494,MODIS-Terra,66.68755860973465
2025-01-09,81.92764687982141,41.80804764963392,MODIS-Terra,81.92764687982141
2025-01-10,81.78653890781376,41.79327534450245,MODIS-Terra,81.78653890781376
2025-01-11,48.561629735407415,37.32620155690266,MODIS-Terra,48.561629735407415
2025-01-12,73.78473030042416,40.910957398449185,MODIS-Terra,73.78473030042416
2025-01-13,48.08121113210776,37.241002138462264,MODIS-Terra,48.08121113210776
2025-01-14,58.22202691689056,38.880957183367805,MODIS-Terra,58.22202691689056
2025-01-15,77.26118271503407,41.30549367248565,MODIS-Terra,77.26118271503407
2025-01-16,60.38168242261906,39.19307397909943,MODIS-Terra,60.38168242261906
2025-01-18,71.2363962011217,40.60975895564383,MODIS-Terra,71.2363962011217
2025-01-20,60.58082570523782,39.2212901576715,MODIS-Terra,60.58082570523782
2025-01-22,104.2396095937579,43.87204830180617,MODIS-Terra,104.2396095937579
2025-01-25,60.63335134623251,39.2287169434191,MODIS-Terra,60.63335134623251
2025-01-27,60.32243551425954,39.18466145027338,MODIS-Terra,60.32243551425954
2025-02-25,74.42359773962507,40.98483686665375,MODIS-Terra,74.42359773962507
2025-02-26,90.1178534747098,42.624560181942726,MODIS-Terra,90.1178534747098
2025-02-27,72.51884507474604,40.762660129122324,MODIS-Terra,72.51884507474604
2025-02-28,73.07418754504101,40.82803416939208,MODIS-Terra,73.07418754504101
2025-03-01,56.44031213757657,38.61461787494015,MODIS-Terra,56.44031213757657
2025-03-03,69.08044720576483,40.34640140162745,MODIS-Terra,69.08044720576483
2025-03-06,54.76598907001718,38.35655495435604,MODIS-Terra,54.76598907001718
2025-03-07,74.22250641622968,40.96165101834087,MODIS-Terra,74.22250641622968
2025-03-08,59.18740454785077,39.021881831180934,MODIS-Terra,59.18740454785077
2025-03-10,61.94809273703634,39.41254643271925,MODIS-Terra,61.94809273703634
2025-03-11,63.245166712604984,39.59012161273106,MODIS-Terra,63.245166712604984
2025-03-13,52.598585190710224,38.010519362707214,MODIS-Terra,52.598585190710224
2025-03-24,81.61620440888947,41.77540938457576,MODIS-Terra,81.61620440888947
2025-03-26,52.293837382234194,37.96072494918008,MODIS-Terra,52.293837382234194
2025-03-29,52.9101929267345,38.06113722786878,MODIS-Terra,52.9101929267345
2025-04-02,58.57663821613552,38.932992589584074,MODIS-Terra,58.57663821613552
2025-04-03,51.94549041244312,37.903449965242686,MODIS-Terra,51.94549041244312
2025-04-04,53.47152449021583,38.15157282717475,MODIS-Terra,53.47152449021583
2025-04-10,47.518221858444555,37.140069239016476,MODIS-Terra,47.518221858444555
2025-04-12,43.88020166567055,36.45751237023926,MODIS-Terra,43.88020166567055
2025-04-13,52.03384702822524,37.91801377698555,MODIS-Terra,52.03384702822524
2025-04-14,47.50361160255003,37.13743401618558,MODIS-Terra,47.50361160255003
2025-04-16,45.06190445216748,36.685236646849894,MODIS-Terra,45.06190445216748
2025-04-17,38.804651819716405,35.40412906435104,MODIS-Terra,38.804651819716405
2025-04-18,49.78258789164968,37.53899448473752,MODIS-Terra,49.78258789164968
2025-04-20,48.34037045689552,37.28706772010663,MODIS-Terra,48.34037045689552
2025-04-21,47.71978044886807,37.17634149837877,MODIS-Terra,47.71978044886807
2025-04-22,37.573948358767645,35.127942694372464,MODIS-Terra,37.573948358767645
2025-04-23,48.24711812998001,37.27052062119429,MODIS-Terra,48.24711812998001
2025-04-27,36.343789496138854,34.84268618967615,MODIS-Terra,36.343789496138854
2025-04-28,47.19637451673599,37.08182974279851,MODIS-Terra,47.19637451673599
2025-04-30,44.54003869588219,36.58541397098183,MODIS-Terra,44.54003869588219
2025-05-01,45.19776540752056,36.71103453621273,MODIS-Terra,45.19776540752056
2025-05-02,42.548519566556585,36.19341761896388,MODIS-Terra,42.548519566556585
2025-05-04,43.83002976689371,36.44770859711809,MODIS-Terra,43.83002976689371
2025-05-05,39.016206478515336,35.45072098048494,MODIS-Terra,39.016206478515336
2025-05-06,43.89566637441326,36.46053197110325,MODIS-Terra,43.89566637441326
2025-05-08,48.322823651381405,37.283956577991084,MODIS-Terra,48.322823651381405
2025-05-10,47.860209875944946,37.201522579883296,MODIS-Terra,47.860209875944946
2025-05-13,43.98697375296855,36.47833877023536,MODIS-Terra,43.98697375296855
2025-05-15,47.979553226516785,37.222864605845274,MODIS-Terra,47.979553226516785
2025-05-16,46.6364209517694,36.979550986412264,MODIS-Terra,46.6364209517694
2025-05-17,37.747531323809895,35.16744040763101,MODIS-Terra,37.747531323809895
2025-05-18,41.06123102279789,35.88851086583675,MODIS-Terra,41.06123102279789
2025-05-20,59.611735536099154,39.083099420433115,MODIS-Terra,59.611735536099154
2025-05-21,49.969970324537606,37.57118947264733,MODIS-Terra,49.969970324537606
2025-05-24,57.472618426563656,38.769938940705316,MODIS-Terra,57.472618426563656
2025-05-25,48.56966906119486,37.32762010268854,MODIS-Terra,48.56966906119486
2025-05-26,53.511714770155386,38.15801137954696,MODIS-Terra,53.511714770155386
2025-05-27,487.9003665923613,57.09829989310449,MODIS-Terra,487.9003665923613
2025-05-28,51.687105897676275,37.86071789554365,MODIS-Terra,51.687105897676275
2025-05-31,50.97756800494105,37.742265349204786,MODIS-Terra,50.97756800494105
2025-06-01,35.76638623903016,34.70544803120584,MODIS-Terra,35.76638623903016
2025-06-02,61.671329957421314,39.37417529974726,MODIS-Terra,61.671329957421314
2025-06-03,41.518327183989825,35.9833794411838,MODIS-Terra,41.518327183989825
2025-06-04,61.51100956300382,39.35186920748575,MODIS-Terra,61.51100956300382
2025-06-05,56.21640716409208,38.5805543069027,MODIS-Terra,56.21640716409208
2025-06-07,57.20519448849995,38.729971660997116,MODIS-Terra,57.20519448849995
2025-06-08,52.34096124869867,37.96844371255717,MODIS-Terra,52.34096124869867
2025-06-09,59.80669520698604,39.11108000177504,MODIS-Terra,59.80669520698604
2025-06-10,53.027611205252754,38.08013347646764,MODIS-Terra,53.027611205252754
2025-06-11,36.90657536311589,34.974367718597996,MODIS-Terra,36.90657536311589
2025-06-12,54.32264128386892,38.28690026325054,MODIS-Terra,54.32264128386892
2025-06-14,67.38711098662775,40.13372515272125,MODIS-Terra,67.38711098662775
2025-06-16,60.36772274289551,39.191092573523804,MODIS-Terra,60.36772274289551
2025-06-17,71.94899243516309,40.695055479062304,MODIS-Terra,71.94899243516309
2025-06-18,129.3246414272328,45.719910045827355,MODIS-Terra,129.3246414272328
2025-06-19,62.367880907175305,39.470421010434734,MODIS-Terra,62.367880907175305
2025-06-21,59.76695279787449,39.105383586385905,MODIS-Terra,59.76695279787449
2025-06-23,38.598495300482696,35.35848099592068,MODIS-Terra,38.598495300482696
2025-06-24,78.30153131523898,41.42011429816166,MODIS-Terra,78.30153131523898
2025-06-25,95.84387448134692,43.15245767283534,MODIS-Terra,95.84387448134692
2025-06-26,59.87592298380974,39.12099362197127,MODIS-Terra,59.87592298380974
2025-06-27,105.5119293951221,43.97601144019155,MODIS-Terra,105.5119293951221
2025-06-28,120.82343974183836,45.137225701826175,MODIS-Terra,120.82343974183836
2025-06-29,102.28992398119776,43.71024840186114,MODIS-Terra,102.28992398119776
2025-06-30,84.97354838580604,42.12086263839542,MODIS-Terra,84.97354838580604
2025-07-02,130.05052823964664,45.767875058828004,MODIS-Terra,130.05052823964664
2025-07-03,38.78794833498417,35.4004395456999,MODIS-Terra,38.78794833498417
2025-07-05,140.13811445876289,46.40805934262582,MODIS-Terra,140.13811445876289
2025-07-07,97.03897594489256,43.25865159098823,MODIS-Terra,97.03897594489256
2025-07-09,100.47732392115648,43.55703432227222,MODIS-Terra,100.47732392115648
2025-07-10,110.83151051633595,44.39751784418956,MODIS-Terra,110.83151051633595
2025-07-11,60.4047825451084,39.19635175261223,MODIS-Terra,60.4047825451084
2025-07-12,78.98746122872755,41.49485670688682,MODIS-Terra,78.98746122872755
2025-07-14,61.642620314260185,39.3701850643531,MODIS-Terra,61.642620314260185
2025-07-17,71.35210612324019,40.62366709756338,MODIS-Terra,71.35210612324019
2025-07-18,78.6082569162415,41.45361728042597,MODIS-Terra,78.6082569162415
2025-07-19,120.94540580107076,45.14587182894437,MODIS-Terra,120.94540580107076
2025-07-20,85.15506466598191,42.1391487476685,MODIS-Terra,85.15506466598191
2025-07-21,88.97089501190875,42.51479407764937,MODIS-Terra,88.97089501190875
2025-07-22,88.4013523783945,42.459760849648085,MODIS-Terra,88.4013523783945
2025-07-24,83.20515098365442,41.9406406363432,MODIS-Terra,83.20515098365442
2025-07-25,98.75874689473616,43.40919337736421,MODIS-Terra,98.75874689473616
2025-07-26,87.84274483309515,42.40543874400248,MODIS-Terra,87.84274483309515
2025-07-27,82.63097445306632,41.88130017011544,MODIS-Terra,82.63097445306632
2025-07-28,41.810960086262746,36.04356748065085,MODIS-Terra,41.810960086262746
2025-07-29,79.0387016993111,41.5004140479914,MODIS-Terra,79.0387016993111
2025-07-30,79.93967852182179,41.59754622559047,MODIS-Terra,79.93967852182179
2025-08-01,88.30020111972756,42.44994983564831,MODIS-Terra,88.30020111972756
2025-08-02,82.32583151404549,41.849595991517106,MODIS-Terra,82.32583151404549
2025-08-03,86.00336722020585,42.2240939697786,MODIS-Terra,86.00336722020585
2025-08-04,127.86060001727677,45.62234484711969,MODIS-Terra,127.86060001727677
2025-08-05,133.07301258180246,45.96475722642986,MODIS-Terra,133.07301258180246
2025-08-09,87.90546166987899,42.41155486666749,MODIS-Terra,87.90546166987899
2025-08-10,89.8579830316902,42.59981299082768,MODIS-Terra,89.8579830316902
