date,datetime,log_nir_red,ndci,nir_red_ratio,sensor,time
2011-01-06,2011-01-06 00:00:00,0.6049431252751711,0.6021201413427562,4.0266429840142095,Aqua,00:00:00
2011-01-20,2011-01-20 00:00:00,0.34794546516810787,0.3804511278195489,2.2281553398058254,Aqua,00:00:00
2011-01-22,2011-01-22 00:00:00,0.2124932457349584,0.23987538940809966,1.6311475409836065,Aqua,00:00:00
2011-01-25,2011-01-25 00:00:00,0.23164244870287906,0.2605405405405406,1.7046783625730995,Aqua,00:00:00
2011-01-27,2011-01-27 00:00:00,0.302879371695961,0.3352245862884161,2.008534850640114,Aqua,00:00:00
2011-01-30,2011-01-30 00:00:00,0.15529070637771797,0.17690417690417695,1.4298507462686567,Aqua,00:00:00
2011-02-01,2011-02-01 00:00:00,0.2711943371227917,0.30245901639344264,1.8672150411280846,Aqua,00:00:00
2011-02-02,2011-02-02 00:00:00,0.4099530557129035,0.4397944199706314,2.570117955439056,Aqua,00:00:00
2011-02-09,2011-02-09 00:00:00,0.4093694704528194,0.4392523364485981,2.5666666666666664,Aqua,00:00:00
2011-02-10,2011-02-10 00:00:00,0.2102895033469117,0.23748277446026647,1.6228915662650603,Aqua,00:00:00
2011-02-21,2011-02-21 00:00:00,-0.4192561646092142,-0.44839255499153974,0.3808411214953271,Aqua,00:00:00
2011-04-12,2011-04-12 00:00:00,0.4751780994336603,0.4983202687569988,2.986607142857143,Aqua,00:00:00
2011-04-19,2011-04-19 00:00:00,0.6690067809585756,0.6470588235294118,4.666666666666667,Aqua,00:00:00
2011-04-22,2011-04-22 00:00:00,0.4416489365574435,0.46875000000000006,2.764705882352941,Aqua,00:00:00
2011-05-01,2011-05-01 00:00:00,0.6516813808001647,0.6353135313531354,4.484162895927602,Aqua,00:00:00
2011-05-04,2011-05-04 00:00:00,0.7288499018340999,0.6853423882286361,5.356115107913669,Aqua,00:00:00
2011-05-10,2011-05-10 00:00:00,0.38540764817435913,0.4167206740116655,2.428888888888889,Aqua,00:00:00
2011-05-19,2011-05-19 00:00:00,0.5136630157649412,0.5308848080133556,3.2633451957295376,Aqua,00:00:00
2011-05-20,2011-05-20 00:00:00,0.8241611643643301,0.7392622536634665,6.670542635658915,Aqua,00:00:00
2011-05-24,2011-05-24 00:00:00,0.8059176396467634,0.7295885042455912,6.396135265700484,Aqua,00:00:00
2011-06-09,2011-06-09 00:00:00,0.3520003858034286,0.3844367015098722,2.249056603773585,Aqua,00:00:00
2011-06-14,2011-06-14 00:00:00,0.6905775792807191,0.6612641815235009,4.904306220095694,Aqua,00:00:00
2011-06-16,2011-06-16 00:00:00,0.3656143434841399,0.3977128335451079,2.3206751054852317,Aqua,00:00:00
2011-06-17,2011-06-17 00:00:00,0.6175610829443167,0.6112994350282487,4.145348837209302,Aqua,00:00:00
2011-06-20,2011-06-20 00:00:00,0.07455284186555382,0.08562197092084009,1.187279151943463,Aqua,00:00:00
2011-06-25,2011-06-25 00:00:00,0.5273870329810378,0.542136695421367,3.3681159420289855,Aqua,00:00:00
2011-07-01,2011-07-01 00:00:00,0.509825532747543,0.5277044854881267,3.23463687150838,Aqua,00:00:00
2011-07-02,2011-07-02 00:00:00,0.5606673061697374,0.5686274509803922,3.6363636363636367,Aqua,00:00:00
2011-07-03,2011-07-03 00:00:00,0.6052231115154719,0.6023255813953488,4.029239766081871,Aqua,00:00:00
2011-07-04,2011-07-04 00:00:00,0.2925669478779131,0.3246445497630332,1.96140350877193,Aqua,00:00:00
2011-07-05,2011-07-05 00:00:00,0.8731806162380307,0.7638053581191907,7.467592592592593,Aqua,00:00:00
2011-07-06,2011-07-06 00:00:00,1.089882621370161,0.849616858237548,12.29936305732484,Aqua,00:00:00
2011-07-08,2011-07-08 00:00:00,0.5981926952310433,0.5971428571428571,3.9645390070921986,Aqua,00:00:00
2011-07-09,2011-07-09 00:00:00,0.8617799642357515,0.7582822085889571,7.274111675126903,Aqua,00:00:00
2011-07-10,2011-07-10 00:00:00,0.7845537419927742,0.717877094972067,6.089108910891089,Aqua,00:00:00
2011-07-15,2011-07-15 00:00:00,0.6713864827039303,0.6486486486486486,4.6923076923076925,Aqua,00:00:00
2011-07-20,2011-07-20 00:00:00,0.1375027449434164,0.1569965870307167,1.3724696356275303,Aqua,00:00:00
2011-07-22,2011-07-22 00:00:00,0.6919202167684673,0.6621331424481031,4.919491525423729,Aqua,00:00:00
2011-07-23,2011-07-23 00:00:00,0.8156676116515328,0.7347956131605183,6.541353383458647,Aqua,00:00:00
2011-07-24,2011-07-24 00:00:00,0.6605469736743097,0.6413612565445026,4.576642335766423,Aqua,00:00:00
2011-07-27,2011-07-27 00:00:00,0.6231076187339779,0.6152832674571805,4.198630136986301,Aqua,00:00:00
2011-07-28,2011-07-28 00:00:00,0.8714617348073622,0.762979683972912,7.438095238095238,Aqua,00:00:00
2011-07-29,2011-07-29 00:00:00,0.592514673421732,0.5929203539823009,3.9130434782608696,Aqua,00:00:00
2011-07-30,2011-07-30 00:00:00,0.7786149925333167,0.7145471180237877,6.006410256410256,Aqua,00:00:00
2011-07-31,2011-07-31 00:00:00,0.6020599913279624,0.6000000000000001,4.0,Aqua,00:00:00
2011-08-01,2011-08-01 00:00:00,0.8764234008864981,0.7653562653562653,7.523560209424082,Aqua,00:00:00
2011-08-02,2011-08-02 00:00:00,0.8100403947971252,0.7318007662835249,6.457142857142856,Aqua,00:00:00
2011-08-03,2011-08-03 00:00:00,0.8184144304008988,0.7362471740768651,6.582857142857143,Aqua,00:00:00
2011-08-04,2011-08-04 00:00:00,0.7862475204698184,0.7188208616780046,6.112903225806451,Aqua,00:00:00
2011-08-05,2011-08-05 00:00:00,0.6000371908294476,0.5985074626865671,3.9814126394052045,Aqua,00:00:00
2011-08-06,2011-08-06 00:00:00,0.9431911629598443,0.7953727506426735,8.773869346733669,Aqua,00:00:00
2011-08-07,2011-08-07 00:00:00,0.6329872428080224,0.6223021582733812,4.295238095238095,Aqua,00:00:00
2011-08-08,2011-08-08 00:00:00,0.793557581425044,0.7228637413394919,6.216666666666667,Aqua,00:00:00
2011-08-09,2011-08-09 00:00:00,0.6805168093812549,0.654696132596685,4.792,Aqua,00:00:00
2011-08-10,2011-08-10 00:00:00,0.7946978033636811,0.723489932885906,6.233009708737865,Aqua,00:00:00
2011-08-11,2011-08-11 00:00:00,0.729624092018075,0.6858147713950762,5.365671641791045,Aqua,00:00:00
2011-08-12,2011-08-12 00:00:00,0.7380340271756612,0.6909090909090908,5.470588235294118,Aqua,00:00:00
2011-08-13,2011-08-13 00:00:00,0.9120448296448701,0.7818181818181819,8.166666666666668,Aqua,00:00:00
2011-08-14,2011-08-14 00:00:00,0.41735304971617265,0.4466403162055336,2.6142857142857143,Aqua,00:00:00
2011-08-16,2011-08-16 00:00:00,0.8891097491410183,0.7713390759592795,7.7465753424657535,Aqua,00:00:00
2011-08-17,2011-08-17 00:00:00,0.8948536668156876,0.7740039190071848,7.84971098265896,Aqua,00:00:00
2011-08-18,2011-08-18 00:00:00,0.660812302343304,0.6415410385259631,4.579439252336448,Aqua,00:00:00
2011-08-19,2011-08-19 00:00:00,0.5080411553059095,0.5262206148282098,3.2213740458015265,Aqua,00:00:00
2011-08-20,2011-08-20 00:00:00,0.745270023988988,0.6952380952380953,5.5625,Aqua,00:00:00
2011-08-21,2011-08-21 00:00:00,0.4678048013198632,0.4919124643196955,2.936329588014981,Aqua,00:00:00
2011-08-22,2011-08-22 00:00:00,0.7439157047999784,0.694431661297745,5.545180722891566,Aqua,00:00:00
2011-08-23,2011-08-23 00:00:00,0.48661959901902174,0.5081566068515498,3.066334991708126,Aqua,00:00:00
2011-08-24,2011-08-24 00:00:00,0.6865522977848729,0.6586483390607103,4.859060402684564,Aqua,00:00:00
2011-08-25,2011-08-25 00:00:00,0.9182120188617634,0.7845631891433418,8.283464566929133,Aqua,00:00:00
2011-08-26,2011-08-26 00:00:00,0.6807239121424058,0.6548323471400395,4.794285714285714,Aqua,00:00:00
2011-08-27,2011-08-27 00:00:00,0.7578258371852806,0.7026315789473684,5.725663716814159,Aqua,00:00:00
2011-08-28,2011-08-28 00:00:00,0.5659753835097713,0.5727482678983834,3.681081081081081,Aqua,00:00:00
2011-08-29,2011-08-29 00:00:00,0.9834255841133179,0.8117744610281924,9.625550660792952,Aqua,00:00:00
2011-09-01,2011-09-01 00:00:00,0.5092025223311029,0.5271867612293144,3.23,Aqua,00:00:00
2011-09-02,2011-09-02 00:00:00,0.8035217596379506,0.7282958199356914,6.36094674556213,Aqua,00:00:00
2011-09-03,2011-09-03 00:00:00,0.6669198260444837,0.6456599286563616,4.644295302013423,Aqua,00:00:00
2011-09-04,2011-09-04 00:00:00,0.5842753701481879,0.5867346938775512,3.839506172839507,Aqua,00:00:00
2011-09-05,2011-09-05 00:00:00,0.7258526155375136,0.6835081029551954,5.319277108433735,Aqua,00:00:00
2011-09-06,2011-09-06 00:00:00,0.7872798455821576,0.71939477303989,6.127450980392156,Aqua,00:00:00
2011-09-08,2011-09-08 00:00:00,0.6762451898824949,0.6518771331058021,4.745098039215686,Aqua,00:00:00
2011-09-10,2011-09-10 00:00:00,1.1174457461429075,0.8582089552238806,13.105263157894738,Aqua,00:00:00
2011-09-11,2011-09-11 00:00:00,0.3602044396052773,0.39245667686034663,2.291946308724832,Aqua,00:00:00
2011-09-13,2011-09-13 00:00:00,1.0208894754598916,0.8259773013871374,10.492753623188406,Aqua,00:00:00
2011-09-18,2011-09-18 00:00:00,0.5341319154078348,0.5475966069745524,3.4208333333333334,Aqua,00:00:00
2011-09-19,2011-09-19 00:00:00,0.7081046418505086,0.6724683544303798,5.1062801932367154,Aqua,00:00:00
2011-09-20,2011-09-20 00:00:00,0.7331383712045227,0.6879518072289156,5.409266409266409,Aqua,00:00:00
2011-09-21,2011-09-21 00:00:00,0.7243232325412257,0.6825688073394496,5.300578034682081,Aqua,00:00:00
2011-09-23,2011-09-23 00:00:00,0.8683110001776074,0.7614597240765466,7.384328358208956,Aqua,00:00:00
2011-09-24,2011-09-24 00:00:00,0.45671142546453564,0.48217054263565895,2.8622754491017965,Aqua,00:00:00
2011-09-28,2011-09-28 00:00:00,0.7453173972622178,0.695266272189349,5.5631067961165055,Aqua,00:00:00
2011-09-29,2011-09-29 00:00:00,0.6956589757300158,0.664543524416136,4.962025316455696,Aqua,00:00:00
2011-10-08,2011-10-08 00:00:00,0.642915183246908,0.6292559899117275,4.394557823129252,Aqua,00:00:00
2011-10-16,2011-10-16 00:00:00,0.5525678128099536,0.5622841965471448,3.5691747572815538,Aqua,00:00:00
2011-10-17,2011-10-17 00:00:00,0.7284344134814168,0.6850886339937434,5.350993377483444,Aqua,00:00:00
2011-10-18,2011-10-18 00:00:00,0.6523499623857458,0.6357723577235772,4.491071428571429,Aqua,00:00:00
2011-10-24,2011-10-24 00:00:00,0.592875903777091,0.5931899641577062,3.9162995594713657,Aqua,00:00:00
2011-10-25,2011-10-25 00:00:00,0.6853528632877943,0.6578657865786578,4.845659163987138,Aqua,00:00:00
2011-10-27,2011-10-27 00:00:00,0.4998857383275488,0.5193977996525767,3.1614457831325304,Aqua,00:00:00
2011-10-29,2011-10-29 00:00:00,0.3682412764610538,0.4002557544757032,2.3347547974413643,Aqua,00:00:00
2011-11-01,2011-11-01 00:00:00,0.49183590986116976,0.5125977410947002,3.103386809269162,Aqua,00:00:00
2011-11-02,2011-11-02 00:00:00,0.27829274988753555,0.3098652759669709,1.897984886649874,Aqua,00:00:00
2011-11-08,2011-11-08 00:00:00,0.6454006739396295,0.6309813463098136,4.41978021978022,Aqua,00:00:00
2011-11-11,2011-11-11 00:00:00,0.15474167414450568,0.1762917933130699,1.4280442804428044,Aqua,00:00:00
2011-11-25,2011-11-25 00:00:00,0.22895393029132272,0.25765306122448983,1.6941580756013745,Aqua,00:00:00
2011-11-29,2011-11-29 00:00:00,0.3026688447102645,0.3350094280326838,2.007561436672968,Aqua,00:00:00
2011-12-01,2011-12-01 00:00:00,0.39728644273695046,0.42795698924731185,2.496240601503759,Aqua,00:00:00
2011-12-02,2011-12-02 00:00:00,0.28541824349999495,0.3172621609987085,1.9293820933165193,Aqua,00:00:00
2011-12-03,2011-12-03 00:00:00,0.39355947964105253,0.4244455905105724,2.474910394265233,Aqua,00:00:00
2011-12-04,2011-12-04 00:00:00,0.21779904996464497,0.24562394127611525,1.6511976047904193,Aqua,00:00:00
2011-12-05,2011-12-05 00:00:00,0.446457744468794,0.47305863708399365,2.7954887218045115,Aqua,00:00:00
2011-12-06,2011-12-06 00:00:00,0.3453070001273148,0.37785016286644946,2.2146596858638743,Aqua,00:00:00
2011-12-07,2011-12-07 00:00:00,0.34226377321637075,0.3748427672955975,2.1991951710261572,Aqua,00:00:00
2011-12-08,2011-12-08 00:00:00,0.3431384854595053,0.37570799244808056,2.2036290322580645,Aqua,00:00:00
2011-12-09,2011-12-09 00:00:00,0.2665584845858377,0.2976022566995768,1.8473895582329316,Aqua,00:00:00
2011-12-10,2011-12-10 00:00:00,0.5259887957816706,0.5409990574929313,3.3572895277207393,Aqua,00:00:00
2011-12-12,2011-12-12 00:00:00,0.3949427953826389,0.4257503949447078,2.482806052269601,Aqua,00:00:00
2011-12-13,2011-12-13 00:00:00,0.23716852307945074,0.2664609053497942,1.726507713884993,Aqua,00:00:00
2011-12-16,2011-12-16 00:00:00,0.2120308476861746,0.23937360178970918,1.6294117647058823,Aqua,00:00:00
2011-12-17,2011-12-17 00:00:00,0.4416870392493352,0.46878422782037243,2.7649484536082474,Aqua,00:00:00
2011-12-21,2011-12-21 00:00:00,0.2971581024231717,0.32936507936507936,1.982248520710059,Aqua,00:00:00
2011-12-22,2011-12-22 00:00:00,0.2579533437510776,0.2885462555066079,1.8111455108359134,Aqua,00:00:00
2011-12-23,2011-12-23 00:00:00,0.33208079509662275,0.36472241742796907,2.148230088495575,Aqua,00:00:00
2012-01-08,2012-01-08 00:00:00,0.31535585015538425,0.3479125248508946,2.067073170731707,Aqua,00:00:00
2012-01-09,2012-01-09 00:00:00,0.20274759657371158,0.22927281148679943,1.5949519230769231,Aqua,00:00:00
2012-01-10,2012-01-10 00:00:00,0.03571555226653458,0.04109589041095892,1.0857142857142859,Aqua,00:00:00
2012-01-11,2012-01-11 00:00:00,0.47886191629596364,0.5015015015015014,3.012048192771084,Aqua,00:00:00
2012-01-12,2012-01-12 00:00:00,0.2598804473436596,0.2905788876276958,1.8192000000000002,Aqua,00:00:00
2012-01-23,2012-01-23 00:00:00,-0.002128898782121776,-0.0024509803921568475,0.9951100244498777,Aqua,00:00:00
2012-01-27,2012-01-27 00:00:00,0.4102321824765889,0.44005358338914935,2.5717703349282295,Aqua,00:00:00
2012-02-02,2012-02-02 00:00:00,0.3191864283230815,0.3517828632251197,2.0853858784893267,Aqua,00:00:00
2012-02-03,2012-02-03 00:00:00,0.502629399672255,0.5217006200177149,3.1814814814814816,Aqua,00:00:00
2012-02-05,2012-02-05 00:00:00,0.3557392778676603,0.388098999473407,2.2685025817555937,Aqua,00:00:00
2012-02-06,2012-02-06 00:00:00,0.24326196953781504,0.27296587926509186,1.750902527075812,Aqua,00:00:00
2012-02-12,2012-02-12 00:00:00,0.3067724036045528,0.3391969407265774,2.0266203703703702,Aqua,00:00:00
2012-02-24,2012-02-24 00:00:00,0.46491079843981276,0.48938271604938277,2.916827852998066,Aqua,00:00:00
2012-02-27,2012-02-27 00:00:00,-0.00994610985555602,-0.01145038167938931,0.9773584905660377,Aqua,00:00:00
2012-03-04,2012-03-04 00:00:00,0.23488329529313662,0.2640150328844347,1.7174468085106382,Aqua,00:00:00
2012-03-07,2012-03-07 00:00:00,0.564739798757782,0.5717916137229987,3.6706231454005933,Aqua,00:00:00
2012-03-08,2012-03-08 00:00:00,0.5395488102108823,0.551948051948052,3.463768115942029,Aqua,00:00:00
2012-03-23,2012-03-23 00:00:00,-0.031725719543319035,-0.036509349955476396,0.929553264604811,Aqua,00:00:00
2012-03-24,2012-03-24 00:00:00,0.5918408261462763,0.5924170616113743,3.906976744186046,Aqua,00:00:00
2012-04-14,2012-04-14 00:00:00,0.3140924685032231,0.34663341645885287,2.0610687022900764,Aqua,00:00:00
2012-04-21,2012-04-21 00:00:00,0.7844454834813319,0.7178166838311019,6.087591240875913,Aqua,00:00:00
2012-04-22,2012-04-22 00:00:00,0.51005731281465,0.5278969957081544,3.236363636363636,Aqua,00:00:00
2012-04-23,2012-04-23 00:00:00,0.7080973696723116,0.6724637681159419,5.106194690265486,Aqua,00:00:00
2012-04-29,2012-04-29 00:00:00,0.6424124496849098,0.6289062500000001,4.389473684210527,Aqua,00:00:00
2012-05-06,2012-05-06 00:00:00,0.7939455175668755,0.7230769230769231,6.222222222222222,Aqua,00:00:00
2012-05-07,2012-05-07 00:00:00,0.6816431758419478,0.6554364471669218,4.804444444444444,Aqua,00:00:00
2012-05-09,2012-05-09 00:00:00,0.6035973185328916,0.601131541725601,4.01418439716312,Aqua,00:00:00
2012-05-10,2012-05-10 00:00:00,0.6097129555564879,0.6056091148115688,4.071111111111111,Aqua,00:00:00
2012-05-11,2012-05-11 00:00:00,0.7321423592475529,0.6873473375671715,5.3968750000000005,Aqua,00:00:00
2012-05-12,2012-05-12 00:00:00,0.5432918252304986,0.5549374130737135,3.4937500000000004,Aqua,00:00:00
2012-05-13,2012-05-13 00:00:00,0.7304870557820836,0.6863406408094435,5.376344086021505,Aqua,00:00:00
2012-05-17,2012-05-17 00:00:00,0.2979167602398382,0.3301435406698564,1.9857142857142855,Aqua,00:00:00
2012-05-18,2012-05-18 00:00:00,0.5092723642452812,0.5272448196469687,3.230519480519481,Aqua,00:00:00
2012-05-26,2012-05-26 00:00:00,0.7287171070412223,0.6852613035819143,5.354477611940299,Aqua,00:00:00
2012-06-01,2012-06-01 00:00:00,1.0769532738668621,0.8454237288135594,11.93859649122807,Aqua,00:00:00
2012-06-06,2012-06-06 00:00:00,0.40374358477127786,0.43401015228426393,2.5336322869955157,Aqua,00:00:00
2012-06-10,2012-06-10 00:00:00,0.755451360288467,0.7012448132780082,5.694444444444445,Aqua,00:00:00
2012-06-11,2012-06-11 00:00:00,0.6468100221662132,0.6319569120287253,4.434146341463415,Aqua,00:00:00
2012-06-13,2012-06-13 00:00:00,0.9646262339416596,0.80426272292301,9.217777777777776,Aqua,00:00:00
2012-06-14,2012-06-14 00:00:00,0.7584581986453887,0.703,5.734006734006734,Aqua,00:00:00
2012-06-16,2012-06-16 00:00:00,0.8363480049491407,0.7455592894863179,6.860377358490566,Aqua,00:00:00
2012-06-17,2012-06-17 00:00:00,0.22868659051453774,0.25736568457539,1.693115519253209,Aqua,00:00:00
2012-06-20,2012-06-20 00:00:00,0.7110440091008919,0.6743178865309658,5.14095744680851,Aqua,00:00:00
2012-06-27,2012-06-27 00:00:00,0.8269998179214606,0.7407407407407407,6.714285714285714,Aqua,00:00:00
2012-07-02,2012-07-02 00:00:00,0.8923128959757515,0.7728285077951003,7.803921568627451,Aqua,00:00:00
2012-07-04,2012-07-04 00:00:00,0.5765416474453184,0.5808656036446469,3.7717391304347823,Aqua,00:00:00
2012-07-05,2012-07-05 00:00:00,0.9524177400240775,0.7992424242424243,8.962264150943396,Aqua,00:00:00
2012-07-06,2012-07-06 00:00:00,1.0289884908016933,0.8289174867524602,10.690265486725663,Aqua,00:00:00
2012-07-07,2012-07-07 00:00:00,0.8252835937337584,0.7398477157360406,6.68780487804878,Aqua,00:00:00
2012-07-10,2012-07-10 00:00:00,0.6139128181229625,0.608662026295437,4.1106719367588935,Aqua,00:00:00
2012-07-11,2012-07-11 00:00:00,0.7678104170454247,0.7084048027444254,5.858823529411764,Aqua,00:00:00
2012-07-13,2012-07-13 00:00:00,0.309820064447684,0.3422982885085575,2.0408921933085504,Aqua,00:00:00
2012-07-19,2012-07-19 00:00:00,0.6721567094138078,0.6491620111731843,4.700636942675159,Aqua,00:00:00
2012-07-21,2012-07-21 00:00:00,0.9012966142499002,0.7769607843137256,7.967032967032968,Aqua,00:00:00
2012-07-23,2012-07-23 00:00:00,0.8596242932108532,0.7572254335260116,7.238095238095237,Aqua,00:00:00
2012-07-24,2012-07-24 00:00:00,0.45217180677641755,0.4781491002570693,2.832512315270936,Aqua,00:00:00
2012-07-25,2012-07-25 00:00:00,0.6682762602112196,0.6465696465696466,4.658823529411765,Aqua,00:00:00
2012-07-26,2012-07-26 00:00:00,0.7582374132639481,0.7028714107365792,5.731092436974789,Aqua,00:00:00
2012-07-27,2012-07-27 00:00:00,0.8363179989261388,0.7455439459127229,6.859903381642513,Aqua,00:00:00
2012-07-28,2012-07-28 00:00:00,0.8380169948556857,0.7464114832535885,6.886792452830189,Aqua,00:00:00
2012-07-29,2012-07-29 00:00:00,0.5624167892631091,0.5699888017917133,3.651041666666667,Aqua,00:00:00
2012-07-30,2012-07-30 00:00:00,0.8872235838593883,0.770458054554812,7.713004484304933,Aqua,00:00:00
2012-07-31,2012-07-31 00:00:00,0.4482612355304541,0.47466874512860485,2.807121661721068,Aqua,00:00:00
2012-08-01,2012-08-01 00:00:00,0.8201967996986014,0.7371854613233924,6.609929078014184,Aqua,00:00:00
2012-08-02,2012-08-02 00:00:00,0.6633087920877275,0.6432291666666666,4.605839416058394,Aqua,00:00:00
2012-08-03,2012-08-03 00:00:00,0.8657498458449154,0.7602179836512261,7.340909090909091,Aqua,00:00:00
2012-08-04,2012-08-04 00:00:00,0.9693966962091185,0.8061938061938062,9.31958762886598,Aqua,00:00:00
2012-08-05,2012-08-05 00:00:00,0.6496937483340982,0.6339468302658486,4.4636871508379885,Aqua,00:00:00
2012-08-06,2012-08-06 00:00:00,1.0419484043407727,0.8335287221570927,11.014084507042254,Aqua,00:00:00
2012-08-07,2012-08-07 00:00:00,0.2582780152430313,0.2888888888888889,1.8125,Aqua,00:00:00
2012-08-08,2012-08-08 00:00:00,0.8656601989291459,0.7601744186046512,7.339393939393939,Aqua,00:00:00
2012-08-09,2012-08-09 00:00:00,0.6942350690793857,0.6636271529888551,4.945783132530121,Aqua,00:00:00
2012-08-10,2012-08-10 00:00:00,0.6806507621222833,0.6547842401500938,4.793478260869565,Aqua,00:00:00
2012-08-11,2012-08-11 00:00:00,0.8131682991109358,0.7334689725330621,6.5038167938931295,Aqua,00:00:00
2012-08-12,2012-08-12 00:00:00,0.6218893402887424,0.6144109055501461,4.186868686868687,Aqua,00:00:00
2012-08-13,2012-08-13 00:00:00,0.6293340761946244,0.6197183098591549,4.2592592592592595,Aqua,00:00:00
2012-08-14,2012-08-14 00:00:00,0.6411729101912889,0.6280428432327165,4.37696335078534,Aqua,00:00:00
2012-08-15,2012-08-15 00:00:00,0.6404382257389148,0.6275303643724698,4.369565217391305,Aqua,00:00:00
2012-08-16,2012-08-16 00:00:00,0.6544586967879426,0.6372165754495699,4.512931034482758,Aqua,00:00:00
2012-08-19,2012-08-19 00:00:00,0.5544425643831634,0.563758389261745,3.5846153846153843,Aqua,00:00:00
2012-08-21,2012-08-21 00:00:00,0.8811597816031507,0.7676056338028169,7.606060606060606,Aqua,00:00:00
2012-08-22,2012-08-22 00:00:00,0.881800145154592,0.7679083094555875,7.617283950617285,Aqua,00:00:00
2012-08-23,2012-08-23 00:00:00,0.7210384423334996,0.6805437553101105,5.26063829787234,Aqua,00:00:00
2012-08-25,2012-08-25 00:00:00,0.7874912766377871,0.7195121951219512,6.130434782608696,Aqua,00:00:00
2012-08-26,2012-08-26 00:00:00,0.6518944718474305,0.6354598177299088,4.486363636363636,Aqua,00:00:00
2012-08-27,2012-08-27 00:00:00,0.7803227273170777,0.7155080213903743,6.030075187969925,Aqua,00:00:00
2012-08-29,2012-08-29 00:00:00,0.9258471378798596,0.7879194630872483,8.430379746835444,Aqua,00:00:00
2012-08-30,2012-08-30 00:00:00,0.8376819454986357,0.7462406015037595,6.881481481481482,Aqua,00:00:00
2012-08-31,2012-08-31 00:00:00,0.8382537159799786,0.7465321563682219,6.890547263681593,Aqua,00:00:00
2012-09-01,2012-09-01 00:00:00,0.3106660847027196,0.3431578947368421,2.044871794871795,Aqua,00:00:00
2012-09-02,2012-09-02 00:00:00,0.8872591614954696,0.7704747000521649,7.713636363636364,Aqua,00:00:00
2012-09-03,2012-09-03 00:00:00,0.8439032814013133,0.7493975903614457,6.98076923076923,Aqua,00:00:00
2012-09-04,2012-09-04 00:00:00,0.5726622339816443,0.5778985507246377,3.738197424892704,Aqua,00:00:00
2012-09-05,2012-09-05 00:00:00,0.8008697569557462,0.7268588770864947,6.322222222222222,Aqua,00:00:00
2012-09-06,2012-09-06 00:00:00,0.7089085268701986,0.6729750189250568,5.1157407407407405,Aqua,00:00:00
2012-09-07,2012-09-07 00:00:00,0.7328140787349479,0.6877551020408165,5.405228758169935,Aqua,00:00:00
2012-09-09,2012-09-09 00:00:00,0.7880073942441899,0.7197986577181209,6.137724550898204,Aqua,00:00:00
2012-09-11,2012-09-11 00:00:00,0.6627578316815741,0.6428571428571428,4.6000000000000005,Aqua,00:00:00
2012-09-12,2012-09-12 00:00:00,0.8189453214127687,0.7365269461077844,6.590909090909092,Aqua,00:00:00
2012-09-13,2012-09-13 00:00:00,0.9491137085875159,0.7978642257818459,8.894339622641509,Aqua,00:00:00
2012-09-14,2012-09-14 00:00:00,0.9482224895369983,0.7974910394265232,8.876106194690264,Aqua,00:00:00
2012-09-16,2012-09-16 00:00:00,0.8101703094670515,0.7318702290076338,6.459074733096086,Aqua,00:00:00
2012-09-17,2012-09-17 00:00:00,0.7070376260840519,0.6717948717948717,5.09375,Aqua,00:00:00
2012-09-18,2012-09-18 00:00:00,0.86399583724154,0.7593643586833144,7.311320754716981,Aqua,00:00:00
2012-09-20,2012-09-20 00:00:00,0.5729278511967625,0.5781021897810218,3.7404844290657437,Aqua,00:00:00
2012-09-22,2012-09-22 00:00:00,0.45915587948211534,0.4843276036400404,2.8784313725490196,Aqua,00:00:00
2012-09-23,2012-09-23 00:00:00,0.3417170844331975,0.37430167597765357,2.196428571428571,Aqua,00:00:00
2012-09-24,2012-09-24 00:00:00,0.6513946187731506,0.635116598079561,4.481203007518797,Aqua,00:00:00
2012-09-25,2012-09-25 00:00:00,0.7222049712575013,0.6812641083521445,5.2747875354107645,Aqua,00:00:00
2012-09-26,2012-09-26 00:00:00,0.7278623084194665,0.6847389558232931,5.343949044585987,Aqua,00:00:00
2012-09-30,2012-09-30 00:00:00,0.728547016499123,0.6851574212893553,5.352380952380952,Aqua,00:00:00
2012-10-01,2012-10-01 00:00:00,0.2876660341059997,0.3195876288659794,1.9393939393939394,Aqua,00:00:00
2012-10-02,2012-10-02 00:00:00,0.9117588273415452,0.7816901408450703,8.161290322580644,Aqua,00:00:00
2012-10-03,2012-10-03 00:00:00,0.502843576287948,0.5218800648298217,3.1830508474576273,Aqua,00:00:00
2012-10-04,2012-10-04 00:00:00,0.6533310601066116,0.6364448414470747,4.501228501228502,Aqua,00:00:00
2012-10-05,2012-10-05 00:00:00,0.5853661909277327,0.587557603686636,3.849162011173185,Aqua,00:00:00
2012-10-06,2012-10-06 00:00:00,0.7436134118711676,0.6942514213518636,5.541322314049586,Aqua,00:00:00
2012-10-07,2012-10-07 00:00:00,0.7448772258004019,0.6950043821209466,5.557471264367816,Aqua,00:00:00
2012-10-08,2012-10-08 00:00:00,0.3500362190215508,0.3825079030558482,2.2389078498293515,Aqua,00:00:00
2012-10-09,2012-10-09 00:00:00,0.6234255105187614,0.6155106499180775,4.201704545454545,Aqua,00:00:00
2012-10-10,2012-10-10 00:00:00,0.5344740632716145,0.5478723404255319,3.4235294117647057,Aqua,00:00:00
2012-10-11,2012-10-11 00:00:00,0.8534769715870275,0.7541899441340781,7.136363636363637,Aqua,00:00:00
2012-10-17,2012-10-17 00:00:00,0.5076611644601539,0.5259042033235583,3.218556701030928,Aqua,00:00:00
2012-10-18,2012-10-18 00:00:00,0.6809584014932993,0.6549865229110513,4.796875,Aqua,00:00:00
2012-10-25,2012-10-25 00:00:00,0.31875876262441283,0.35135135135135137,2.0833333333333335,Aqua,00:00:00
2012-11-05,2012-11-05 00:00:00,0.46121755211140814,0.48614232209737834,2.892128279883382,Aqua,00:00:00
2012-11-14,2012-11-14 00:00:00,0.2881329672569928,0.3200702165008777,1.9414802065404475,Aqua,00:00:00
2012-11-15,2012-11-15 00:00:00,0.5951176656049226,0.5948601662887377,3.9365671641791047,Aqua,00:00:00
2012-11-25,2012-11-25 00:00:00,0.3104587400942994,0.3429472735466426,2.0438957475994513,Aqua,00:00:00
2012-12-10,2012-12-10 00:00:00,0.4892489392905547,0.5103986135181976,3.0849557522123896,Aqua,00:00:00
2012-12-13,2012-12-13 00:00:00,0.7697247616801909,0.709501025290499,5.88470588235294,Aqua,00:00:00
2013-01-01,2013-01-01 00:00:00,0.39461108419812996,0.4254376713773465,2.4809104258443466,Aqua,00:00:00
2013-01-02,2013-01-02 00:00:00,0.10209758956541408,0.11700581395348834,1.265020576131687,Aqua,00:00:00
2013-01-17,2013-01-17 00:00:00,0.2151655058212604,0.24277276966117503,1.6412151067323482,Aqua,00:00:00
2013-01-18,2013-01-18 00:00:00,0.15983717766125535,0.1819699499165275,1.4448979591836735,Aqua,00:00:00
2013-01-19,2013-01-19 00:00:00,0.5410555849984966,0.5531531531531533,3.4758064516129035,Aqua,00:00:00
2013-01-20,2013-01-20 00:00:00,1.0540798916179503,0.8377425044091711,11.32608695652174,Aqua,00:00:00
2013-01-21,2013-01-21 00:00:00,0.02405616433092347,0.027688603531300118,1.0569541890218737,Aqua,00:00:00
2013-02-01,2013-02-01 00:00:00,0.330864520127487,0.36350777934936346,2.142222222222222,Aqua,00:00:00
2013-02-08,2013-02-08 00:00:00,0.2908903643131013,0.3229166666666667,1.9538461538461538,Aqua,00:00:00
2013-02-10,2013-02-10 00:00:00,0.3543378301374973,0.3867276887871853,2.261194029850746,Aqua,00:00:00
2013-02-15,2013-02-15 00:00:00,0.316450354531475,0.34901960784313724,2.072289156626506,Aqua,00:00:00
2013-02-19,2013-02-19 00:00:00,0.42381834575559546,0.45257903494176377,2.6534954407294835,Aqua,00:00:00
2013-03-03,2013-03-03 00:00:00,0.49425058130624727,0.5146443514644352,3.120689655172414,Aqua,00:00:00
2013-03-07,2013-03-07 00:00:00,0.25204353497310755,0.2822966507177033,1.7866666666666666,Aqua,00:00:00
2013-03-09,2013-03-09 00:00:00,0.5276329189115814,0.542336548767417,3.370023419203747,Aqua,00:00:00
2013-03-13,2013-03-13 00:00:00,0.597756967628711,0.5968199886428166,3.9605633802816897,Aqua,00:00:00
2013-03-30,2013-03-30 00:00:00,0.5060206821410765,0.52453653217012,3.206422018348624,Aqua,00:00:00
2013-03-31,2013-03-31 00:00:00,0.46477397988874103,0.489262913522925,2.9159090909090906,Aqua,00:00:00
2013-04-22,2013-04-22 00:00:00,0.5607970560532608,0.5687285223367698,3.6374501992031876,Aqua,00:00:00
2013-04-23,2013-04-23 00:00:00,0.6109689084817815,0.6065239551478084,4.082901554404145,Aqua,00:00:00
2013-04-24,2013-04-24 00:00:00,0.7340836237523433,0.6885245901639344,5.421052631578947,Aqua,00:00:00
2013-04-25,2013-04-25 00:00:00,0.7804966808289427,0.715605749486653,6.0324909747292415,Aqua,00:00:00
2013-04-26,2013-04-26 00:00:00,0.6915670782401047,0.6619047619047618,4.915492957746479,Aqua,00:00:00
2013-04-27,2013-04-27 00:00:00,0.6894568551999897,0.6605374823196606,4.891666666666667,Aqua,00:00:00
2013-05-01,2013-05-01 00:00:00,0.7627422910694519,0.7054860442733398,5.790849673202614,Aqua,00:00:00
2013-05-02,2013-05-02 00:00:00,0.6466035571651456,0.6318141197497767,4.432038834951457,Aqua,00:00:00
2013-05-03,2013-05-03 00:00:00,0.8365542664709631,0.7456647398843932,6.863636363636362,Aqua,00:00:00
2013-05-04,2013-05-04 00:00:00,0.6194545570545851,0.6126629422718809,4.163461538461538,Aqua,00:00:00
2013-05-05,2013-05-05 00:00:00,0.7862691406058231,0.7188328912466844,6.113207547169811,Aqua,00:00:00
2013-05-06,2013-05-06 00:00:00,0.4591804534326145,0.48434925864909384,2.878594249201278,Aqua,00:00:00
2013-05-07,2013-05-07 00:00:00,0.8424652188889957,0.748670855485742,6.957692307692307,Aqua,00:00:00
2013-05-08,2013-05-08 00:00:00,0.5112619637031618,0.5288966725043783,3.2453531598513012,Aqua,00:00:00
2013-05-09,2013-05-09 00:00:00,0.633331331603737,0.6225448334756617,4.298642533936651,Aqua,00:00:00
2013-05-10,2013-05-10 00:00:00,0.618940526608781,0.6122931442080378,4.158536585365853,Aqua,00:00:00
2013-05-13,2013-05-13 00:00:00,0.11467331493585563,0.13126079447322966,1.302186878727634,Aqua,00:00:00
2013-05-20,2013-05-20 00:00:00,0.6141806240038158,0.6088560885608857,4.113207547169811,Aqua,00:00:00
2013-05-31,2013-05-31 00:00:00,0.38806123547034743,0.41924198250728856,2.443775100401606,Aqua,00:00:00
2013-06-01,2013-06-01 00:00:00,0.8497073407536482,0.7523124357656731,7.0746887966804985,Aqua,00:00:00
2013-06-02,2013-06-02 00:00:00,0.5233356569289037,0.5388349514563108,3.336842105263158,Aqua,00:00:00
2013-06-03,2013-06-03 00:00:00,0.8736111969964673,0.7640117994100296,7.475,Aqua,00:00:00
2013-06-04,2013-06-04 00:00:00,0.7101242478047364,0.6737400530503979,5.130081300813008,Aqua,00:00:00
2013-06-05,2013-06-05 00:00:00,0.8486707706359542,0.7517940059096665,7.057823129251701,Aqua,00:00:00
2013-06-07,2013-06-07 00:00:00,0.6062292503743398,0.6030631780472241,4.038585209003216,Aqua,00:00:00
2013-06-08,2013-06-08 00:00:00,0.9937510507229985,0.8157894736842106,9.857142857142858,Aqua,00:00:00
2013-06-09,2013-06-09 00:00:00,1.1047146693379855,0.8542982030111703,12.726666666666667,Aqua,00:00:00
2013-06-10,2013-06-10 00:00:00,0.8747244704458541,0.7645448323066394,7.494186046511628,Aqua,00:00:00
2013-06-14,2013-06-14 00:00:00,0.5953414896668506,0.5950266429840142,3.93859649122807,Aqua,00:00:00
2013-06-17,2013-06-17 00:00:00,0.7434166860264546,0.6941340782122906,5.538812785388128,Aqua,00:00:00
2013-06-18,2013-06-18 00:00:00,0.31758163486352525,0.35016286644951133,2.077694235588972,Aqua,00:00:00
2013-06-28,2013-06-28 00:00:00,0.9118198182508395,0.7817174515235458,8.162436548223349,Aqua,00:00:00
2013-06-30,2013-06-30 00:00:00,0.5757548619574409,0.5802650957290133,3.7649122807017545,Aqua,00:00:00
2013-07-01,2013-07-01 00:00:00,0.7523542094398489,0.6994279771190847,5.653979238754325,Aqua,00:00:00
2013-07-02,2013-07-02 00:00:00,0.8891499485654837,0.7713578208832026,7.747292418772563,Aqua,00:00:00
2013-07-03,2013-07-03 00:00:00,0.9012591734565751,0.7769436997319034,7.966346153846153,Aqua,00:00:00
2013-07-04,2013-07-04 00:00:00,0.5991933506763591,0.5978835978835979,3.9736842105263155,Aqua,00:00:00
2013-07-05,2013-07-05 00:00:00,0.7418785530991931,0.6932153392330384,5.519230769230769,Aqua,00:00:00
2013-07-06,2013-07-06 00:00:00,0.9495611909127591,0.7980513728963686,8.903508771929825,Aqua,00:00:00
2013-07-07,2013-07-07 00:00:00,0.678413136017586,0.6533101045296167,4.768844221105527,Aqua,00:00:00
2013-07-08,2013-07-08 00:00:00,0.756846432099857,0.7020602218700476,5.712765957446809,Aqua,00:00:00
2013-07-09,2013-07-09 00:00:00,0.37124552416085865,0.4031563845050215,2.3509615384615383,Aqua,00:00:00
2013-07-10,2013-07-10 00:00:00,0.8876629878914055,0.770663562281723,7.720812182741117,Aqua,00:00:00
2013-07-11,2013-07-11 00:00:00,0.22683496376709045,0.2553740326741187,1.6859122401847575,Aqua,00:00:00
2013-07-12,2013-07-12 00:00:00,0.9467930217837155,0.7968911917098445,8.846938775510205,Aqua,00:00:00
2013-07-13,2013-07-13 00:00:00,0.6896913798184267,0.6606896551724137,4.894308943089431,Aqua,00:00:00
2013-07-14,2013-07-14 00:00:00,0.820232017780186,0.7372039724980901,6.61046511627907,Aqua,00:00:00
2013-07-15,2013-07-15 00:00:00,0.9891106575698738,0.8139946855624447,9.752380952380951,Aqua,00:00:00
2013-07-16,2013-07-16 00:00:00,0.7785768207086363,0.7145256087321579,6.0058823529411764,Aqua,00:00:00
2013-07-17,2013-07-17 00:00:00,0.934868445956304,0.791825613079019,8.607329842931938,Aqua,00:00:00
2013-07-18,2013-07-18 00:00:00,0.09191456621925063,0.10542732376793511,1.2357043235704324,Aqua,00:00:00
2013-07-19,2013-07-19 00:00:00,0.9003113819800695,0.7765108323831242,7.948979591836735,Aqua,00:00:00
2013-07-20,2013-07-20 00:00:00,0.4700015135967146,0.4938271604938271,2.951219512195122,Aqua,00:00:00
2013-07-21,2013-07-21 00:00:00,0.9216736646258881,0.78609062170706,8.349753694581281,Aqua,00:00:00
2013-07-22,2013-07-22 00:00:00,0.9447886210757511,0.7960474308300396,8.806201550387597,Aqua,00:00:00
2013-07-23,2013-07-23 00:00:00,0.3990965858719798,0.42965779467680604,2.506666666666667,Aqua,00:00:00
2013-07-24,2013-07-24 00:00:00,0.8971487933545385,0.7750611246943765,7.891304347826087,Aqua,00:00:00
2013-07-25,2013-07-25 00:00:00,0.5506796960312298,0.5607958732498157,3.5536912751677856,Aqua,00:00:00
2013-07-26,2013-07-26 00:00:00,0.8442233277711222,0.7495590828924161,6.985915492957747,Aqua,00:00:00
2013-07-27,2013-07-27 00:00:00,0.505149978319906,0.5238095238095238,3.2,Aqua,00:00:00
2013-07-28,2013-07-28 00:00:00,0.8516950450674875,0.7533039647577093,7.107142857142858,Aqua,00:00:00
2013-07-30,2013-07-30 00:00:00,0.776770344667258,0.7135061391541611,5.980952380952381,Aqua,00:00:00
2013-08-02,2013-08-02 00:00:00,0.484645312662198,0.5064686152371826,3.052427184466019,Aqua,00:00:00
2013-08-03,2013-08-03 00:00:00,0.5528419686577808,0.5625,3.5714285714285716,Aqua,00:00:00
2013-08-04,2013-08-04 00:00:00,0.7053803713743669,0.6707466340269277,5.074349442379183,Aqua,00:00:00
2013-08-05,2013-08-05 00:00:00,0.63821184111518,0.625974025974026,4.347222222222222,Aqua,00:00:00
2013-08-06,2013-08-06 00:00:00,0.6109377562485181,0.6065012831479899,4.0826086956521745,Aqua,00:00:00
2013-08-09,2013-08-09 00:00:00,0.8060649443230629,0.7296678121420388,6.398305084745763,Aqua,00:00:00
2013-08-12,2013-08-12 00:00:00,0.5603873870611727,0.5684093437152392,3.6340206185567014,Aqua,00:00:00
2013-08-13,2013-08-13 00:00:00,0.440373474607201,0.4676034348165496,2.7565982404692084,Aqua,00:00:00
2013-08-17,2013-08-17 00:00:00,0.5511877854732234,0.5611967361740707,3.5578512396694215,Aqua,00:00:00
2013-08-18,2013-08-18 00:00:00,0.8573324964312685,0.7560975609756098,7.2,Aqua,00:00:00
2013-08-19,2013-08-19 00:00:00,0.4884513185525587,0.509719222462203,3.079295154185022,Aqua,00:00:00
2013-08-20,2013-08-20 00:00:00,0.7814078927174868,0.7161172161172161,6.045161290322581,Aqua,00:00:00
2013-08-21,2013-08-21 00:00:00,0.9296335511112496,0.7895667550839963,8.504201680672269,Aqua,00:00:00
2013-08-30,2013-08-30 00:00:00,0.9622666542250224,0.8033012379642365,9.167832167832167,Aqua,00:00:00
2013-08-31,2013-08-31 00:00:00,0.7595279527631823,0.703622392974753,5.7481481481481485,Aqua,00:00:00
2013-09-01,2013-09-01 00:00:00,0.7906198909432417,0.7212449255751014,6.174757281553398,Aqua,00:00:00
2013-09-07,2013-09-07 00:00:00,0.8230629870608593,0.7386883579054397,6.653696498054475,Aqua,00:00:00
2013-09-08,2013-09-08 00:00:00,0.6424886483835706,0.6289592760180995,4.390243902439024,Aqua,00:00:00
2013-09-09,2013-09-09 00:00:00,0.6892878792206233,0.660427807486631,4.889763779527558,Aqua,00:00:00
2013-09-10,2013-09-10 00:00:00,0.6705173719838142,0.6480686695278971,4.682926829268293,Aqua,00:00:00
2013-09-11,2013-09-11 00:00:00,0.7363151813360616,0.6898734177215189,5.448979591836735,Aqua,00:00:00
2013-09-12,2013-09-12 00:00:00,0.8134642821028875,0.7336263736263737,6.508250825082508,Aqua,00:00:00
2013-09-13,2013-09-13 00:00:00,0.6769903602219287,0.652370203160271,4.753246753246753,Aqua,00:00:00
2013-09-19,2013-09-19 00:00:00,0.7998705000768799,0.7263157894736841,6.3076923076923075,Aqua,00:00:00
2013-10-04,2013-10-04 00:00:00,0.6687802910019934,0.6469072164948453,4.664233576642336,Aqua,00:00:00
2013-10-05,2013-10-05 00:00:00,0.9310846094982271,0.790195044807591,8.532663316582914,Aqua,00:00:00
2013-10-06,2013-10-06 00:00:00,0.7053101823670378,0.6707021791767555,5.073529411764706,Aqua,00:00:00
2013-10-13,2013-10-13 00:00:00,0.30182178162970397,0.3341433778857837,2.0036496350364965,Aqua,00:00:00
2013-10-14,2013-10-14 00:00:00,0.6817066835463457,0.6554781507283091,4.80514705882353,Aqua,00:00:00
2013-10-15,2013-10-15 00:00:00,0.5251466067361595,0.5403128760529482,3.3507853403141357,Aqua,00:00:00
2013-10-16,2013-10-16 00:00:00,0.635743104530535,0.6242424242424243,4.32258064516129,Aqua,00:00:00
2013-10-17,2013-10-17 00:00:00,0.47246729951538013,0.495970695970696,2.9680232558139537,Aqua,00:00:00
2013-10-18,2013-10-18 00:00:00,0.628943939048407,0.6194415718717684,4.255434782608696,Aqua,00:00:00
2013-10-19,2013-10-19 00:00:00,0.6348230400557214,0.6235955056179776,4.313432835820896,Aqua,00:00:00
2013-10-20,2013-10-20 00:00:00,0.5050973716355822,0.5237655745269958,3.199612403100775,Aqua,00:00:00
2013-10-21,2013-10-21 00:00:00,0.7321918093511113,0.6873773708306082,5.397489539748954,Aqua,00:00:00
2013-10-22,2013-10-22 00:00:00,0.389424157749508,0.4205344585091421,2.4514563106796117,Aqua,00:00:00
2013-10-23,2013-10-23 00:00:00,0.7292399057962231,0.6855804268610098,5.360927152317881,Aqua,00:00:00
2013-10-24,2013-10-24 00:00:00,0.3359851645989234,0.3686131386861314,2.167630057803468,Aqua,00:00:00
2013-10-25,2013-10-25 00:00:00,0.4059827289274516,0.43610013175230566,2.5467289719626165,Aqua,00:00:00
2013-10-26,2013-10-26 00:00:00,0.7293323954639002,0.6856368563685638,5.362068965517241,Aqua,00:00:00
2013-10-29,2013-10-29 00:00:00,0.2722671192321853,0.3035806953814219,1.871833084947839,Aqua,00:00:00
2013-10-30,2013-10-30 00:00:00,0.518396420060663,0.5347871235721703,3.2991071428571432,Aqua,00:00:00
2013-11-01,2013-11-01 00:00:00,0.47466065617200565,0.49787234042553186,2.983050847457627,Aqua,00:00:00
2013-11-10,2013-11-10 00:00:00,0.3236653376300446,0.35629304946775203,2.1070038910505837,Aqua,00:00:00
2013-11-11,2013-11-11 00:00:00,0.3831645686753114,0.4145843957164712,2.4163763066202093,Aqua,00:00:00
2013-11-13,2013-11-13 00:00:00,0.40085801168925006,0.4313099041533547,2.51685393258427,Aqua,00:00:00
2013-11-21,2013-11-21 00:00:00,0.29998727131696645,0.3322658126501201,1.9952038369304559,Aqua,00:00:00
2013-11-22,2013-11-22 00:00:00,0.5666501031927185,0.5732700135685211,3.6868044515103344,Aqua,00:00:00
2013-11-24,2013-11-24 00:00:00,0.5143935446179224,0.5314885496183206,3.2688391038696536,Aqua,00:00:00
2013-11-25,2013-11-25 00:00:00,0.3873284462973718,0.41854636591478706,2.439655172413793,Aqua,00:00:00
2013-11-28,2013-11-28 00:00:00,0.22457588248278085,0.25294117647058817,1.6771653543307086,Aqua,00:00:00
2013-12-04,2013-12-04 00:00:00,0.3453737305590883,0.37791601866251945,2.215,Aqua,00:00:00
2013-12-07,2013-12-07 00:00:00,0.08299804572196459,0.0952652595550485,1.210592686002522,Aqua,00:00:00
2013-12-11,2013-12-11 00:00:00,0.184524426592544,0.20930232558139533,1.5294117647058822,Aqua,00:00:00
2013-12-16,2013-12-16 00:00:00,0.17876834195164934,0.20295698924731184,1.5092748735244519,Aqua,00:00:00
2013-12-17,2013-12-17 00:00:00,0.5563477657088993,0.565252854812398,3.600375234521576,Aqua,00:00:00
2013-12-24,2013-12-24 00:00:00,0.5391544243107039,0.5516322451698867,3.4606240713224374,Aqua,00:00:00
2013-12-26,2013-12-26 00:00:00,0.37214171274991936,0.40402010050251264,2.3558178752107928,Aqua,00:00:00
2013-12-27,2013-12-27 00:00:00,0.3648944836275002,0.39701492537313426,2.3168316831683167,Aqua,00:00:00
2013-12-28,2013-12-28 00:00:00,0.2984327547977557,0.33067274800456103,1.9880749574105623,Aqua,00:00:00
2014-01-02,2014-01-02 00:00:00,1.0207225666425306,0.8259162303664921,10.488721804511279,Aqua,00:00:00
2014-01-04,2014-01-04 00:00:00,0.275695176468609,0.3071593533487298,1.8866666666666667,Aqua,00:00:00
2014-01-05,2014-01-05 00:00:00,0.3491935559905348,0.3816793893129772,2.234567901234568,Aqua,00:00:00
2014-01-15,2014-01-15 00:00:00,0.21916472478400753,0.24710080285459413,1.6563981042654028,Aqua,00:00:00
2014-01-16,2014-01-16 00:00:00,0.42056975510528294,0.4496,2.633720930232558,Aqua,00:00:00
2014-01-17,2014-01-17 00:00:00,0.303727485590212,0.3360910031023785,2.012461059190031,Aqua,00:00:00
2014-01-18,2014-01-18 00:00:00,0.4910921967844189,0.5119662130455186,3.098076923076923,Aqua,00:00:00
2014-01-19,2014-01-19 00:00:00,0.2662418517848146,0.29726996966632957,1.8460431654676257,Aqua,00:00:00
2014-01-20,2014-01-20 00:00:00,0.3676695376822724,0.399702823179792,2.3316831683168315,Aqua,00:00:00
2014-01-22,2014-01-22 00:00:00,0.2647343701804966,0.29568697198755,1.8396464646464645,Aqua,00:00:00
2014-01-23,2014-01-23 00:00:00,0.49187154428021773,0.5126279863481228,3.103641456582633,Aqua,00:00:00
2014-01-24,2014-01-24 00:00:00,0.26345950883485175,0.29434697855750486,1.8342541436464086,Aqua,00:00:00
2014-01-25,2014-01-25 00:00:00,0.6877653382947881,0.6594383220760753,4.872651356993737,Aqua,00:00:00
2014-01-26,2014-01-26 00:00:00,0.28955017798055116,0.3215339233038348,1.9478260869565218,Aqua,00:00:00
2014-02-01,2014-02-01 00:00:00,0.6399331028809024,0.627177700348432,4.364485981308411,Aqua,00:00:00
2014-02-22,2014-02-22 00:00:00,0.3061899908028811,0.3386034255599473,2.0239043824701195,Aqua,00:00:00
2014-02-28,2014-02-28 00:00:00,0.33306622766428967,0.36570561456752654,2.15311004784689,Aqua,00:00:00
2014-03-07,2014-03-07 00:00:00,0.7241369620410238,0.682454251883746,5.2983050847457624,Aqua,00:00:00
2014-03-11,2014-03-11 00:00:00,0.5312225196234708,0.5452471482889735,3.3979933110367893,Aqua,00:00:00
2014-03-12,2014-03-12 00:00:00,0.4212062819631527,0.4501845018450185,2.63758389261745,Aqua,00:00:00
2014-03-13,2014-03-13 00:00:00,0.39263663877003285,0.423574144486692,2.4696569920844325,Aqua,00:00:00
2014-03-18,2014-03-18 00:00:00,0.215115366957388,0.2427184466019418,1.6410256410256412,Aqua,00:00:00
2014-03-21,2014-03-21 00:00:00,0.4350113200476201,0.4627659574468085,2.722772277227723,Aqua,00:00:00
2014-03-22,2014-03-22 00:00:00,0.23044892137827397,0.2592592592592593,1.7000000000000002,Aqua,00:00:00
2014-03-23,2014-03-23 00:00:00,0.5311076193719588,0.5451541850220264,3.397094430992736,Aqua,00:00:00
2014-03-24,2014-03-24 00:00:00,0.6804865986420056,0.6546762589928057,4.791666666666666,Aqua,00:00:00
2014-04-07,2014-04-07 00:00:00,0.5446072057874978,0.5559845559845561,3.5043478260869567,Aqua,00:00:00
2014-04-10,2014-04-10 00:00:00,0.6755447986457523,0.6514131897711978,4.737451737451737,Aqua,00:00:00
2014-04-11,2014-04-11 00:00:00,0.3948267732478946,0.42564102564102557,2.4821428571428568,Aqua,00:00:00
2014-04-12,2014-04-12 00:00:00,0.5987063493203747,0.5975232198142415,3.96923076923077,Aqua,00:00:00
2014-04-13,2014-04-13 00:00:00,0.5349941353547519,0.5482912332838039,3.4276315789473686,Aqua,00:00:00
2014-04-28,2014-04-28 00:00:00,0.5640141469701948,0.5712290502793296,3.6644951140065145,Aqua,00:00:00
2014-04-30,2014-04-30 00:00:00,0.7067634260308084,0.6716216216216215,5.090534979423868,Aqua,00:00:00
2014-05-07,2014-05-07 00:00:00,0.6492463265577423,0.6336386344712739,4.459090909090909,Aqua,00:00:00
2014-05-11,2014-05-11 00:00:00,0.5920757704213615,0.5925925925925926,3.9090909090909096,Aqua,00:00:00
2014-05-13,2014-05-13 00:00:00,0.6444029930183367,0.6302895322939865,4.409638554216867,Aqua,00:00:00
2014-05-14,2014-05-14 00:00:00,0.5389920111834768,0.5515021459227467,3.4593301435406696,Aqua,00:00:00
2014-05-16,2014-05-16 00:00:00,0.6380730667149248,0.6258768511301638,4.345833333333333,Aqua,00:00:00
2014-05-20,2014-05-20 00:00:00,0.4913404989155547,0.5121771217712175,3.099848714069591,Aqua,00:00:00
2014-05-21,2014-05-21 00:00:00,0.7039180012044552,0.6698194325021495,5.057291666666666,Aqua,00:00:00
2014-05-22,2014-05-22 00:00:00,0.584755133119492,0.5870967741935483,3.8437500000000004,Aqua,00:00:00
2014-05-29,2014-05-29 00:00:00,0.5668111714888353,0.5733944954128439,3.6881720430107525,Aqua,00:00:00
2014-05-30,2014-05-30 00:00:00,0.4644486333266201,0.4889779559118237,2.9137254901960783,Aqua,00:00:00
2014-05-31,2014-05-31 00:00:00,0.4705209075899632,0.4942791762013729,2.954751131221719,Aqua,00:00:00
2014-06-01,2014-06-01 00:00:00,0.5148307019405852,0.5318495778971604,3.2721311475409833,Aqua,00:00:00
2014-06-02,2014-06-02 00:00:00,0.7166869132647522,0.6778449697636064,5.208191126279863,Aqua,00:00:00
2014-06-04,2014-06-04 00:00:00,0.7060423135479775,0.6711656441717792,5.0820895522388065,Aqua,00:00:00
2014-06-05,2014-06-05 00:00:00,0.38009372189438145,0.41165234001910217,2.3993506493506493,Aqua,00:00:00
2014-06-06,2014-06-06 00:00:00,0.7098430349299807,0.6735632183908046,5.126760563380282,Aqua,00:00:00
2014-06-07,2014-06-07 00:00:00,0.4607308385314931,0.4857142857142857,2.888888888888889,Aqua,00:00:00
2014-06-08,2014-06-08 00:00:00,0.6355876041979575,0.624133148404993,4.321033210332104,Aqua,00:00:00
2014-06-09,2014-06-09 00:00:00,0.7020176974180241,0.6686114352392065,5.035211267605634,Aqua,00:00:00
2014-06-10,2014-06-10 00:00:00,0.06357476712184167,0.07306273062730621,1.1576433121019107,Aqua,00:00:00
2014-06-19,2014-06-19 00:00:00,1.0570713593350245,0.8387665198237885,11.404371584699453,Aqua,00:00:00
2014-06-22,2014-06-22 00:00:00,0.7188372491676617,0.6791808873720137,5.23404255319149,Aqua,00:00:00
2014-06-30,2014-06-30 00:00:00,1.042728976926048,0.8338028169014085,11.033898305084747,Aqua,00:00:00
2014-07-01,2014-07-01 00:00:00,0.8630040338622339,0.7588805166846071,7.294642857142858,Aqua,00:00:00
2014-07-02,2014-07-02 00:00:00,0.9691495557176634,0.8060941828254847,9.314285714285715,Aqua,00:00:00
2014-07-03,2014-07-03 00:00:00,0.5016585344710431,0.5208866155157715,3.1743772241992882,Aqua,00:00:00
2014-07-05,2014-07-05 00:00:00,0.5399652776077719,0.5522813688212928,3.4670912951167727,Aqua,00:00:00
2014-07-06,2014-07-06 00:00:00,0.8998848471167322,0.7763157894736842,7.9411764705882355,Aqua,00:00:00
2014-07-07,2014-07-07 00:00:00,0.6957410342058203,0.6645962732919255,4.962962962962964,Aqua,00:00:00
2014-07-09,2014-07-09 00:00:00,0.8654593226619647,0.7600767754318618,7.336,Aqua,00:00:00
2014-07-10,2014-07-10 00:00:00,0.8932616003408105,0.7732680195941218,7.820987654320988,Aqua,00:00:00
2014-07-12,2014-07-12 00:00:00,0.855827793386316,0.7553545930509281,7.175097276264592,Aqua,00:00:00
2014-07-14,2014-07-14 00:00:00,0.4911186865639746,0.5119887165021156,3.0982658959537575,Aqua,00:00:00
2014-07-15,2014-07-15 00:00:00,0.8475509177848498,0.7512328767123287,7.03964757709251,Aqua,00:00:00
2014-07-16,2014-07-16 00:00:00,0.9182690725670285,0.7845884413309981,8.284552845528456,Aqua,00:00:00
2014-07-17,2014-07-17 00:00:00,0.7826870042165249,0.7168338907469342,6.062992125984251,Aqua,00:00:00
2014-07-19,2014-07-19 00:00:00,0.48132316914743184,0.5036194415718718,3.029166666666667,Aqua,00:00:00
2014-07-25,2014-07-25 00:00:00,0.8854640237914673,0.7696335078534031,7.6818181818181825,Aqua,00:00:00
2014-07-26,2014-07-26 00:00:00,0.7142469462860693,0.6763236763236765,5.179012345679013,Aqua,00:00:00
2014-07-28,2014-07-28 00:00:00,0.5274714594034738,0.5422053231939163,3.3687707641196014,Aqua,00:00:00
2014-07-30,2014-07-30 00:00:00,0.3046044560222793,0.336986301369863,2.0165289256198347,Aqua,00:00:00
2014-07-31,2014-07-31 00:00:00,0.8247159799906763,0.7395517867958813,6.67906976744186,Aqua,00:00:00
2014-08-02,2014-08-02 00:00:00,0.5892588061632369,0.5904842820730671,3.883817427385892,Aqua,00:00:00
2014-08-04,2014-08-04 00:00:00,0.44615213747758964,0.4727854855923159,2.793522267206478,Aqua,00:00:00
2014-08-05,2014-08-05 00:00:00,0.9907018291966022,0.8146118721461186,9.788177339901477,Aqua,00:00:00
2014-08-06,2014-08-06 00:00:00,0.4057215289532752,0.4358565737051793,2.5451977401129944,Aqua,00:00:00
2014-08-07,2014-08-07 00:00:00,0.8554725600471446,0.7551789077212806,7.169230769230769,Aqua,00:00:00
2014-08-08,2014-08-08 00:00:00,0.7738724524043686,0.711864406779661,5.9411764705882355,Aqua,00:00:00
2014-08-09,2014-08-09 00:00:00,0.667841931404003,0.6462785556374354,4.654166666666667,Aqua,00:00:00
2014-08-10,2014-08-10 00:00:00,0.5907369612305715,0.5915915915915916,3.8970588235294117,Aqua,00:00:00
2014-08-15,2014-08-15 00:00:00,1.0998948665575186,0.8527918781725888,12.586206896551724,Aqua,00:00:00
2014-08-16,2014-08-16 00:00:00,0.7109927646816181,0.6742857142857143,5.140350877192983,Aqua,00:00:00
2014-08-17,2014-08-17 00:00:00,0.8253627795270132,0.739888977002379,6.689024390243902,Aqua,00:00:00
2014-08-18,2014-08-18 00:00:00,0.7623033632877684,0.7052321296978629,5.785,Aqua,00:00:00
2014-08-20,2014-08-20 00:00:00,0.6573675488556169,0.639201451905626,4.543259557344064,Aqua,00:00:00
2014-08-21,2014-08-21 00:00:00,0.6116915573374729,0.6070496083550914,4.089700996677741,Aqua,00:00:00
2014-08-24,2014-08-24 00:00:00,0.775421546350518,0.7127429805615549,5.962406015037594,Aqua,00:00:00
2014-08-25,2014-08-25 00:00:00,0.7736549849985322,0.7117408906882592,5.938202247191011,Aqua,00:00:00
2014-08-26,2014-08-26 00:00:00,0.6832075874319916,0.6564625850340134,4.821782178217821,Aqua,00:00:00
2014-08-27,2014-08-27 00:00:00,0.6094121895819844,0.6053897978825793,4.068292682926829,Aqua,00:00:00
2014-08-28,2014-08-28 00:00:00,0.8721825307658893,0.7633262260127932,7.450450450450451,Aqua,00:00:00
2014-08-29,2014-08-29 00:00:00,0.71309744891847,0.6756049705689993,5.165322580645162,Aqua,00:00:00
2014-09-01,2014-09-01 00:00:00,0.9037854146535949,0.7780938833570412,8.012820512820513,Aqua,00:00:00
2014-09-02,2014-09-02 00:00:00,0.7615151230251841,0.7047756874095514,5.7745098039215685,Aqua,00:00:00
2014-09-03,2014-09-03 00:00:00,0.7285161047597667,0.6851385390428212,5.351999999999999,Aqua,00:00:00
2014-09-04,2014-09-04 00:00:00,0.7873059677728909,0.7194092827004218,6.12781954887218,Aqua,00:00:00
2014-09-05,2014-09-05 00:00:00,0.6970462161098784,0.66543438077634,4.9779005524861875,Aqua,00:00:00
2014-09-06,2014-09-06 00:00:00,0.9167399508532499,0.7839107457428068,8.255434782608695,Aqua,00:00:00
2014-09-07,2014-09-07 00:00:00,0.8099844205979324,0.7317708333333333,6.456310679611651,Aqua,00:00:00
2014-09-09,2014-09-09 00:00:00,0.7949029764777634,0.7236024844720498,6.235955056179775,Aqua,00:00:00
2014-09-10,2014-09-10 00:00:00,0.9449424863613626,0.7961123110151187,8.809322033898304,Aqua,00:00:00
2014-09-11,2014-09-11 00:00:00,0.6301955655824301,0.6203288490284006,4.267716535433071,Aqua,00:00:00
2014-09-12,2014-09-12 00:00:00,0.4796316344372621,0.5021645021645021,3.0173913043478264,Aqua,00:00:00
2014-09-13,2014-09-13 00:00:00,0.6190686204061504,0.6123853211009175,4.159763313609467,Aqua,00:00:00
2014-09-14,2014-09-14 00:00:00,0.7171328487757691,0.678122380553227,5.213541666666667,Aqua,00:00:00
2014-09-19,2014-09-19 00:00:00,0.7062115895408843,0.6712727272727271,5.084070796460177,Aqua,00:00:00
2014-09-20,2014-09-20 00:00:00,0.6207746712700452,0.6136114160263446,4.176136363636364,Aqua,00:00:00
2014-09-21,2014-09-21 00:00:00,0.6431622756181934,0.6294277929155313,4.397058823529412,Aqua,00:00:00
2014-09-27,2014-09-27 00:00:00,0.7470158414581496,0.6962750716332379,5.584905660377359,Aqua,00:00:00
2014-09-28,2014-09-28 00:00:00,0.5687670277353617,0.5749039692701665,3.704819277108434,Aqua,00:00:00
2014-10-01,2014-10-01 00:00:00,0.7606525539742748,0.7042755344418052,5.763052208835342,Aqua,00:00:00
2014-10-02,2014-10-02 00:00:00,0.6528749354591603,0.6361323155216286,4.496503496503498,Aqua,00:00:00
2014-10-03,2014-10-03 00:00:00,0.8605307835876546,0.7576703068122723,7.253218884120172,Aqua,00:00:00
2014-10-04,2014-10-04 00:00:00,0.8808135922807914,0.7674418604651163,7.6000000000000005,Aqua,00:00:00
2014-10-05,2014-10-05 00:00:00,0.7561011096405694,0.7016248153618906,5.702970297029703,Aqua,00:00:00
2014-10-06,2014-10-06 00:00:00,0.8347417941385282,0.7447368421052631,6.835051546391752,Aqua,00:00:00
2014-10-07,2014-10-07 00:00:00,0.6481031079968634,0.6328502415458938,4.447368421052632,Aqua,00:00:00
2014-10-08,2014-10-08 00:00:00,0.7040652126126785,0.6699128651973347,5.059006211180125,Aqua,00:00:00
2014-10-09,2014-10-09 00:00:00,0.7574406886194714,0.7024070021881839,5.720588235294118,Aqua,00:00:00
2014-10-10,2014-10-10 00:00:00,0.6036774773015816,0.6011904761904762,4.014925373134329,Aqua,00:00:00
2014-10-11,2014-10-11 00:00:00,0.3313278064862505,0.3639705882352941,2.1445086705202314,Aqua,00:00:00
2014-10-12,2014-10-12 00:00:00,0.577278701461064,0.5814275814275814,3.7781456953642385,Aqua,00:00:00
2014-10-16,2014-10-16 00:00:00,0.6433577591036866,0.6295636687444346,4.399038461538461,Aqua,00:00:00
2014-10-19,2014-10-19 00:00:00,0.5546353413998242,0.5639097744360901,3.5862068965517238,Aqua,00:00:00
2014-11-07,2014-11-07 00:00:00,0.3684669597054374,0.40047393364928907,2.33596837944664,Aqua,00:00:00
2014-11-10,2014-11-10 00:00:00,1.1504021547432557,0.8678861788617885,14.138461538461538,Aqua,00:00:00
2014-11-11,2014-11-11 00:00:00,0.3827676576349614,0.4142059058260175,2.4141689373297,Aqua,00:00:00
2014-11-12,2014-11-12 00:00:00,0.396093627893193,0.4268345636126791,2.4893939393939393,Aqua,00:00:00
2014-11-15,2014-11-15 00:00:00,0.4080587215245438,0.43803363518758087,2.5589318600368327,Aqua,00:00:00
2014-11-16,2014-11-16 00:00:00,0.610249319117088,0.6060000000000001,4.0761421319796955,Aqua,00:00:00
2014-11-17,2014-11-17 00:00:00,0.073871029019484,0.08484270734032413,1.1854166666666668,Aqua,00:00:00
2014-11-30,2014-11-30 00:00:00,0.6310900150551367,0.620961952620244,4.276515151515151,Aqua,00:00:00
2014-12-22,2014-12-22 00:00:00,0.2693226377040451,0.3005,1.8591851322373123,Aqua,00:00:00
2014-12-30,2014-12-30 00:00:00,0.22867473660951118,0.25735294117647056,1.6930693069306928,Aqua,00:00:00
2014-12-31,2014-12-31 00:00:00,0.32490231258482344,0.3575357535753575,2.1130136986301373,Aqua,00:00:00
2015-01-01,2015-01-01 00:00:00,0.36024892157541666,0.39249999999999996,2.2921810699588474,Aqua,00:00:00
2015-01-02,2015-01-02 00:00:00,0.3109007496902754,0.3433962264150944,2.045977011494253,Aqua,00:00:00
2015-01-07,2015-01-07 00:00:00,0.37576459310845983,0.40750436300174514,2.3755522827687776,Aqua,00:00:00
2015-01-13,2015-01-13 00:00:00,0.25650065300525676,0.2870122928915018,1.8050974512743627,Aqua,00:00:00
2015-01-21,2015-01-21 00:00:00,0.18826336611045766,0.2134146341463414,1.5426356589147285,Aqua,00:00:00
2015-01-24,2015-01-24 00:00:00,0.2760823809565544,0.30756302521008405,1.888349514563107,Aqua,00:00:00
2015-01-25,2015-01-25 00:00:00,0.2596373105057561,0.29032258064516125,1.8181818181818181,Aqua,00:00:00
2015-01-28,2015-01-28 00:00:00,0.4160028410544965,0.4453950679416205,2.6061705989110706,Aqua,00:00:00
2015-01-30,2015-01-30 00:00:00,0.5032621115648911,0.522230595327807,3.186119873817035,Aqua,00:00:00
2015-01-31,2015-01-31 00:00:00,0.36359239546419553,0.3957513768686074,2.309895833333333,Aqua,00:00:00
2015-02-16,2015-02-16 00:00:00,0.5470124249970568,0.5578947368421052,3.5238095238095233,Aqua,00:00:00
2015-02-17,2015-02-17 00:00:00,0.571458207832679,0.5769745649263721,3.7278481012658227,Aqua,00:00:00
2015-02-18,2015-02-18 00:00:00,0.3901497642457858,0.42122186495176844,2.4555555555555553,Aqua,00:00:00
2015-02-19,2015-02-19 00:00:00,0.6358237190281777,0.6242990654205607,4.323383084577115,Aqua,00:00:00
2015-02-21,2015-02-21 00:00:00,0.22951041321854945,0.25825110581830557,1.6963302752293579,Aqua,00:00:00
2015-02-22,2015-02-22 00:00:00,0.5195477990205484,0.535732916014606,3.307865168539325,Aqua,00:00:00
2015-02-23,2015-02-23 00:00:00,0.5922205473147443,0.5927007299270072,3.910394265232975,Aqua,00:00:00
2015-02-24,2015-02-24 00:00:00,0.35140006940230295,0.3838475499092559,2.2459499263622975,Aqua,00:00:00
2015-02-28,2015-02-28 00:00:00,0.34638886803980773,0.3789173789173789,2.2201834862385326,Aqua,00:00:00
2015-03-01,2015-03-01 00:00:00,0.5726503620113332,0.577889447236181,3.738095238095238,Aqua,00:00:00
2015-03-03,2015-03-03 00:00:00,0.6139936346381422,0.608720596672404,4.111436950146628,Aqua,00:00:00
2015-03-04,2015-03-04 00:00:00,0.45404209733650025,0.4798083504449007,2.8447368421052635,Aqua,00:00:00
2015-03-05,2015-03-05 00:00:00,0.6376634820580983,0.6255899318300996,4.341736694677871,Aqua,00:00:00
2015-03-07,2015-03-07 00:00:00,0.48728725942856005,0.508726567550097,3.0710526315789477,Aqua,00:00:00
2015-03-08,2015-03-08 00:00:00,0.5997437486007815,0.5982905982905984,3.9787234042553195,Aqua,00:00:00
2015-03-09,2015-03-09 00:00:00,0.3841774289292075,0.4155495978552279,2.4220183486238533,Aqua,00:00:00
2015-03-12,2015-03-12 00:00:00,0.47769533871852865,0.5004955401387513,3.003968253968254,Aqua,00:00:00
2015-03-16,2015-03-16 00:00:00,0.4323089103033001,0.4603174603174603,2.705882352941176,Aqua,00:00:00
2015-03-18,2015-03-18 00:00:00,0.4867773055387577,0.5082912761355445,3.067448680351906,Aqua,00:00:00
2015-03-26,2015-03-26 00:00:00,0.6636296705181991,0.6434456928838951,4.609243697478991,Aqua,00:00:00
2015-03-27,2015-03-27 00:00:00,0.4560421686897533,0.481578947368421,2.8578680203045685,Aqua,00:00:00
2015-03-29,2015-03-29 00:00:00,0.42624144467176245,0.45479452054794517,2.6683417085427137,Aqua,00:00:00
2015-04-12,2015-04-12 00:00:00,0.4735846351602162,0.49694002447980407,2.975669099756691,Aqua,00:00:00
2015-04-15,2015-04-15 00:00:00,0.7852810680148252,0.718282682103232,6.0993150684931505,Aqua,00:00:00
2015-04-16,2015-04-16 00:00:00,0.5499369780143736,0.5602094240837696,3.547619047619048,Aqua,00:00:00
2015-04-17,2015-04-17 00:00:00,0.5927996302087583,0.5931330472103005,3.9156118143459917,Aqua,00:00:00
2015-04-18,2015-04-18 00:00:00,0.6871651240277701,0.6590476190476191,4.865921787709498,Aqua,00:00:00
2015-04-19,2015-04-19 00:00:00,0.49631971676086956,0.5163934426229508,3.1355932203389827,Aqua,00:00:00
2015-04-20,2015-04-20 00:00:00,0.5335295524699192,0.5471108797501301,3.4160919540229884,Aqua,00:00:00
2015-04-22,2015-04-22 00:00:00,0.36254803358319615,0.39473684210526316,2.3043478260869565,Aqua,00:00:00
2015-04-27,2015-04-27 00:00:00,0.6856728521746621,0.658074697527617,4.849230769230769,Aqua,00:00:00
2015-04-30,2015-04-30 00:00:00,0.48589517902716756,0.507537688442211,3.061224489795918,Aqua,00:00:00
2015-05-02,2015-05-02 00:00:00,0.45820653060515054,0.48349056603773577,2.872146118721461,Aqua,00:00:00
2015-05-03,2015-05-03 00:00:00,0.47111287432521487,0.49479402444545045,2.9587813620071683,Aqua,00:00:00
2015-05-04,2015-05-04 00:00:00,0.564880752856162,0.5719008264462809,3.6718146718146714,Aqua,00:00:00
2015-05-05,2015-05-05 00:00:00,0.9267343207617883,0.7883064516129034,8.447619047619048,Aqua,00:00:00
2015-05-07,2015-05-07 00:00:00,0.34568292834979336,0.3782211138819617,2.2165775401069516,Aqua,00:00:00
2015-05-08,2015-05-08 00:00:00,0.6165805300858862,0.6105919003115264,4.136000000000001,Aqua,00:00:00
2015-05-09,2015-05-09 00:00:00,0.4501906214184709,0.47638773819386904,2.8196202531645564,Aqua,00:00:00
2015-05-26,2015-05-26 00:00:00,0.3971723646685467,0.42784970003157563,2.495584988962473,Aqua,00:00:00
2015-05-27,2015-05-27 00:00:00,0.7441185025984295,0.6945525291828794,5.547770700636943,Aqua,00:00:00
2015-05-28,2015-05-28 00:00:00,0.2805832391675865,0.31224714968738504,1.9080213903743315,Aqua,00:00:00
2015-05-30,2015-05-30 00:00:00,0.6856376037301898,0.6580516898608351,4.848837209302325,Aqua,00:00:00
2015-06-04,2015-06-04 00:00:00,0.4691854204556733,0.49311639549436803,2.945679012345679,Aqua,00:00:00
2015-06-05,2015-06-05 00:00:00,0.6982248606326553,0.6661897949451597,4.991428571428572,Aqua,00:00:00
2015-06-07,2015-06-07 00:00:00,0.7492208324439683,0.6975806451612903,5.613333333333334,Aqua,00:00:00
2015-06-08,2015-06-08 00:00:00,0.2640399172240065,0.2949571836346337,1.836707152496626,Aqua,00:00:00
2015-06-10,2015-06-10 00:00:00,0.3753803300321604,0.40713536201469047,2.3734513274336284,Aqua,00:00:00
2015-06-11,2015-06-11 00:00:00,0.46727434957097175,0.49144939725259323,2.9327453142227125,Aqua,00:00:00
2015-06-12,2015-06-12 00:00:00,0.5886795589448379,0.590049751243781,3.878640776699029,Aqua,00:00:00
2015-06-13,2015-06-13 00:00:00,0.45903841364142933,0.48422408242112047,2.8776529338327093,Aqua,00:00:00
2015-06-14,2015-06-14 00:00:00,0.7516302734172177,0.6990019960079841,5.644562334217507,Aqua,00:00:00
2015-06-15,2015-06-15 00:00:00,0.5241927991781689,0.5395348837209302,3.3434343434343434,Aqua,00:00:00
2015-06-17,2015-06-17 00:00:00,0.493915049345021,0.5143603133159269,3.1182795698924735,Aqua,00:00:00
2015-06-18,2015-06-18 00:00:00,0.36694838206267333,0.39900497512437805,2.327814569536424,Aqua,00:00:00
2015-06-20,2015-06-20 00:00:00,0.37734750916189097,0.4090230056767255,2.3842264914054603,Aqua,00:00:00
2015-06-22,2015-06-22 00:00:00,0.14919136309580985,0.17009345794392522,1.40990990990991,Aqua,00:00:00
2015-06-23,2015-06-23 00:00:00,0.43859112483112433,0.46599856836077314,2.745308310991957,Aqua,00:00:00
2015-06-25,2015-06-25 00:00:00,0.7794380497899598,0.7150105708245242,6.017804154302671,Aqua,00:00:00
2015-06-26,2015-06-26 00:00:00,0.4435288084238708,0.4704370179948586,2.7766990291262137,Aqua,00:00:00
2015-06-29,2015-06-29 00:00:00,0.2863202180866504,0.3181957655722614,1.9333933393339335,Aqua,00:00:00
2015-06-30,2015-06-30 00:00:00,0.6595255844878527,0.6406685236768802,4.565891472868217,Aqua,00:00:00
2015-07-02,2015-07-02 00:00:00,0.5175004167063353,0.5340501792114696,3.2923076923076926,Aqua,00:00:00
2015-07-03,2015-07-03 00:00:00,0.5017729563504325,0.5209825997952917,3.1752136752136755,Aqua,00:00:00
2015-07-05,2015-07-05 00:00:00,0.4528138610681752,0.47871909201459256,2.836702954898911,Aqua,00:00:00
2015-07-06,2015-07-06 00:00:00,0.8014702053009478,0.727184779103515,6.33096926713948,Aqua,00:00:00
2015-07-08,2015-07-08 00:00:00,0.44579873607949433,0.4724695021430926,2.79125,Aqua,00:00:00
2015-07-12,2015-07-12 00:00:00,0.2798406965940431,0.31147540983606553,1.9047619047619047,Aqua,00:00:00
2015-07-14,2015-07-14 00:00:00,0.7297046213121873,0.6858638743455497,5.366666666666666,Aqua,00:00:00
2015-07-15,2015-07-15 00:00:00,0.3580232620011466,0.39033018867924535,2.2804642166344293,Aqua,00:00:00
2015-07-16,2015-07-16 00:00:00,0.7179491486008399,0.6786296900489396,5.223350253807106,Aqua,00:00:00
2015-07-17,2015-07-17 00:00:00,0.37559284161787804,0.40733944954128437,2.374613003095975,Aqua,00:00:00
2015-07-18,2015-07-18 00:00:00,0.5033889259689746,0.5223367697594502,3.1870503597122304,Aqua,00:00:00
2015-07-19,2015-07-19 00:00:00,0.5145128007885595,0.5315870570107858,3.2697368421052633,Aqua,00:00:00
2015-07-20,2015-07-20 00:00:00,0.5436596809145431,0.5552304316020483,3.49671052631579,Aqua,00:00:00
2015-07-21,2015-07-21 00:00:00,0.6147719568441001,0.609284332688588,4.118811881188119,Aqua,00:00:00
2015-07-22,2015-07-22 00:00:00,0.4866981473455914,0.5082236842105262,3.0668896321070234,Aqua,00:00:00
2015-07-23,2015-07-23 00:00:00,0.7255447778608143,0.6833192209991531,5.315508021390374,Aqua,00:00:00
2015-07-24,2015-07-24 00:00:00,0.2667207984894115,0.2977725674091442,1.8480801335559267,Aqua,00:00:00
2015-07-28,2015-07-28 00:00:00,0.5089307376513958,0.5269607843137254,3.227979274611399,Aqua,00:00:00
2015-07-29,2015-07-29 00:00:00,0.4350599097189511,0.46280991735537197,2.723076923076923,Aqua,00:00:00
2015-07-30,2015-07-30 00:00:00,0.6282445742298356,0.6189451022604952,4.248587570621469,Aqua,00:00:00
2015-07-31,2015-07-31 00:00:00,0.3423479699185465,0.3749260792430515,2.1996215704824977,Aqua,00:00:00
2015-08-01,2015-08-01 00:00:00,0.7209322071193041,0.6804780876494024,5.259351620947631,Aqua,00:00:00
2015-08-04,2015-08-04 00:00:00,0.49193583621359005,0.5126825518831669,3.10410094637224,Aqua,00:00:00
2015-08-05,2015-08-05 00:00:00,0.5353382130913797,0.5485682201010669,3.4303482587064678,Aqua,00:00:00
2015-08-06,2015-08-06 00:00:00,0.44204704317795357,0.46910755148741423,2.7672413793103448,Aqua,00:00:00
2015-08-07,2015-08-07 00:00:00,0.5452723742969401,0.5565134099616857,3.509719222462203,Aqua,00:00:00
2015-08-08,2015-08-08 00:00:00,0.8503721153532091,0.7526444263628966,7.085526315789474,Aqua,00:00:00
2015-08-12,2015-08-12 00:00:00,0.2750257284335858,0.30646117368109066,1.8837606837606837,Aqua,00:00:00
2015-08-13,2015-08-13 00:00:00,0.604339757622861,0.6016771488469602,4.021052631578947,Aqua,00:00:00
2015-08-15,2015-08-15 00:00:00,0.40958845166603236,0.43945578231292515,2.5679611650485437,Aqua,00:00:00
2015-08-16,2015-08-16 00:00:00,0.27573555905098995,0.30720145852324526,1.8868421052631579,Aqua,00:00:00
2015-08-17,2015-08-17 00:00:00,0.5261706520792794,0.541147132169576,3.358695652173913,Aqua,00:00:00
2015-08-18,2015-08-18 00:00:00,0.5040818946179725,0.5229166666666666,3.1921397379912664,Aqua,00:00:00
2015-08-19,2015-08-19 00:00:00,0.4327775198245553,0.46074254412659776,2.708803611738149,Aqua,00:00:00
2015-08-20,2015-08-20 00:00:00,0.40402188947923373,0.43427017225747955,2.53525641025641,Aqua,00:00:00
2015-08-21,2015-08-21 00:00:00,0.437582209872717,0.46508875739644967,2.738938053097345,Aqua,00:00:00
2015-08-22,2015-08-22 00:00:00,0.6112033707678322,0.6066945606694562,4.085106382978724,Aqua,00:00:00
2015-08-23,2015-08-23 00:00:00,0.2315540581237343,0.26044568245125355,1.7043314500941622,Aqua,00:00:00
2015-08-24,2015-08-24 00:00:00,0.6506866576272654,0.6346300533943554,4.473903966597077,Aqua,00:00:00
2015-08-25,2015-08-25 00:00:00,0.8852804285733862,0.7695473251028806,7.67857142857143,Aqua,00:00:00
2015-08-26,2015-08-26 00:00:00,0.48882244776656125,0.5100354191263282,3.081927710843374,Aqua,00:00:00
2015-08-31,2015-08-31 00:00:00,0.2997159417661499,0.33198789101917253,1.9939577039274923,Aqua,00:00:00
2015-09-01,2015-09-01 00:00:00,0.4415142172952958,0.4686289697908598,2.7638483965014577,Aqua,00:00:00
2015-09-03,2015-09-03 00:00:00,1.623895081568052,0.9535558780841799,42.0625,Aqua,00:00:00
2015-09-07,2015-09-07 00:00:00,0.5884161106614162,0.5898520084566596,3.8762886597938144,Aqua,00:00:00
2015-09-08,2015-09-08 00:00:00,0.622278799531693,0.6146899458157736,4.190625,Aqua,00:00:00
2015-09-09,2015-09-09 00:00:00,0.5467264559272742,0.5576679340937897,3.521489971346705,Aqua,00:00:00
2015-09-10,2015-09-10 00:00:00,0.5084136129735617,0.5265306122448978,3.2241379310344827,Aqua,00:00:00
2015-09-11,2015-09-11 00:00:00,0.4267435665222421,0.4552529182879377,2.6714285714285713,Aqua,00:00:00
2015-09-12,2015-09-12 00:00:00,0.5751111551019447,0.5797733217088056,3.759336099585062,Aqua,00:00:00
2015-09-18,2015-09-18 00:00:00,0.5894493595025002,0.5906271536871123,3.8855218855218854,Aqua,00:00:00
2015-09-19,2015-09-19 00:00:00,0.2857085586656181,0.31756272401433694,1.930672268907563,Aqua,00:00:00
2015-09-21,2015-09-21 00:00:00,0.35309894487450477,0.38551401869158874,2.254752851711027,Aqua,00:00:00
2015-09-22,2015-09-22 00:00:00,0.3993709637784863,0.42991533396048914,2.508250825082508,Aqua,00:00:00
2015-09-23,2015-09-23 00:00:00,0.527129622433996,0.541927409261577,3.366120218579235,Aqua,00:00:00
2015-09-24,2015-09-24 00:00:00,0.32829746669086807,0.3609401231113598,2.129597197898424,Aqua,00:00:00
2015-09-27,2015-09-27 00:00:00,0.4753377019792452,0.49845837615621785,2.987704918032787,Aqua,00:00:00
2015-09-28,2015-09-28 00:00:00,0.37838647229635863,0.41001855287569566,2.389937106918239,Aqua,00:00:00
2015-09-29,2015-09-29 00:00:00,0.560458460538445,0.5684647302904564,3.634615384615384,Aqua,00:00:00
2015-10-01,2015-10-01 00:00:00,0.2784446045101225,0.31002331002331,1.8986486486486485,Aqua,00:00:00
2015-10-02,2015-10-02 00:00:00,0.2308190061743403,0.259656652360515,1.7014492753623187,Aqua,00:00:00
2015-10-03,2015-10-03 00:00:00,0.3835124005492567,0.41491596638655465,2.4183123877917416,Aqua,00:00:00
2015-10-05,2015-10-05 00:00:00,0.2691492154529131,0.3003183586841175,1.8584428715874621,Aqua,00:00:00
2015-10-11,2015-10-11 00:00:00,0.5375224120500751,0.5503237198351971,3.4476439790575917,Aqua,00:00:00
2015-10-12,2015-10-12 00:00:00,0.4620814951652321,0.4869015356820235,2.8978873239436616,Aqua,00:00:00
2015-10-13,2015-10-13 00:00:00,0.64907448560814,0.6335202124520508,4.4573268921095,Aqua,00:00:00
2015-10-14,2015-10-14 00:00:00,0.4199267771757881,0.4490091831802804,2.6298245614035087,Aqua,00:00:00
2015-10-20,2015-10-20 00:00:00,0.5464236520883062,0.5574276888514462,3.5190355329949234,Aqua,00:00:00
2015-10-22,2015-10-22 00:00:00,0.33965179276164886,0.37225523120640663,2.186008230452675,Aqua,00:00:00
2015-10-26,2015-10-26 00:00:00,-0.1045629772365819,-0.11980440097799505,0.7860262008733625,Aqua,00:00:00
2015-11-04,2015-11-04 00:00:00,0.9460383555398526,0.796573875802998,8.831578947368422,Aqua,00:00:00
2015-11-06,2015-11-06 00:00:00,0.2603917232250476,0.2911177220569486,1.8213429256594724,Aqua,00:00:00
2015-11-21,2015-11-21 00:00:00,0.4729719128196033,0.49640861931364727,2.971473851030111,Aqua,00:00:00
2015-11-23,2015-11-23 00:00:00,0.5523202275715939,0.5620892424766516,3.5671406003159554,Aqua,00:00:00
2015-11-25,2015-11-25 00:00:00,0.23222760433648404,0.2611683848797251,1.7069767441860466,Aqua,00:00:00
2015-11-26,2015-11-26 00:00:00,0.41352701320960655,0.4431072210065646,2.5913555992141455,Aqua,00:00:00
2015-11-27,2015-11-27 00:00:00,0.21049009094665766,0.23770067322630767,1.6236413043478262,Aqua,00:00:00
2015-11-28,2015-11-28 00:00:00,0.5343789758556847,0.5477957223919685,3.4227799227799225,Aqua,00:00:00
2015-11-29,2015-11-29 00:00:00,0.4446669069608928,0.4714566929133858,2.783985102420856,Aqua,00:00:00
2015-12-01,2015-12-01 00:00:00,0.3036647528769486,0.336026936026936,2.0121703853955375,Aqua,00:00:00
2015-12-31,2015-12-31 00:00:00,0.5391258062990576,0.5516093229744727,3.46039603960396,Aqua,00:00:00
2016-01-01,2016-01-01 00:00:00,0.44561280324947683,0.47230320699708456,2.7900552486187844,Aqua,00:00:00
2016-01-02,2016-01-02 00:00:00,0.21699624682194427,0.24475524475524477,1.6481481481481481,Aqua,00:00:00
2016-01-08,2016-01-08 00:00:00,0.5575766020414068,0.5662148070907195,3.610576923076923,Aqua,00:00:00
2016-01-10,2016-01-10 00:00:00,0.4027116194584786,0.4330453563714902,2.5276190476190474,Aqua,00:00:00
2016-01-22,2016-01-22 00:00:00,0.3669252242919728,0.39898255813953487,2.327690447400242,Aqua,00:00:00
2016-01-25,2016-01-25 00:00:00,0.33676404074415744,0.3693877551020409,2.1715210355987056,Aqua,00:00:00
2016-02-07,2016-02-07 00:00:00,0.49584374353664357,0.5159914712153518,3.1321585903083697,Aqua,00:00:00
2016-02-08,2016-02-08 00:00:00,0.14968954371281776,0.17065036131183994,1.4115281501340484,Aqua,00:00:00
2016-02-25,2016-02-25 00:00:00,0.3384474175347222,0.3710601719197708,2.1799544419134396,Aqua,00:00:00
2016-03-03,2016-03-03 00:00:00,0.9212808747489344,0.785917785917786,8.342205323193916,Aqua,00:00:00
2016-03-17,2016-03-17 00:00:00,0.5009433749148616,0.5202863961813843,3.1691542288557217,Aqua,00:00:00
2016-03-30,2016-03-30 00:00:00,0.7165295003488544,0.6777469990766388,5.206303724928366,Aqua,00:00:00
2016-03-31,2016-03-31 00:00:00,0.44592773453671847,0.47258485639686687,2.792079207920792,Aqua,00:00:00
2016-04-01,2016-04-01 00:00:00,0.5506292711374808,0.5607560756075607,3.55327868852459,Aqua,00:00:00
2016-04-07,2016-04-07 00:00:00,0.5916944758561287,0.5923076923076924,3.9056603773584904,Aqua,00:00:00
2016-04-08,2016-04-08 00:00:00,0.6893223153965892,0.660450160771704,4.890151515151515,Aqua,00:00:00
2016-04-10,2016-04-10 00:00:00,0.41291018740704455,0.4425363276089828,2.5876777251184833,Aqua,00:00:00
2016-04-11,2016-04-11 00:00:00,0.4210552287780141,0.4500458295142072,2.6366666666666667,Aqua,00:00:00
2016-04-17,2016-04-17 00:00:00,0.5997921298721403,0.598326359832636,3.9791666666666665,Aqua,00:00:00
2016-04-18,2016-04-18 00:00:00,0.6780360975003759,0.6530612244897959,4.764705882352941,Aqua,00:00:00
2016-04-19,2016-04-19 00:00:00,0.4914358118448466,0.512258064516129,3.100529100529101,Aqua,00:00:00
2016-04-30,2016-04-30 00:00:00,0.6061074994861446,0.6029739776951673,4.037453183520599,Aqua,00:00:00
2016-05-01,2016-05-01 00:00:00,0.6841570635744872,0.6570841889117043,4.832335329341318,Aqua,00:00:00
2016-05-02,2016-05-02 00:00:00,0.7683599777876151,0.7087198515769944,5.866242038216559,Aqua,00:00:00
2016-05-09,2016-05-09 00:00:00,0.7962914759081572,0.7243631613324624,6.2559241706161135,Aqua,00:00:00
2016-05-10,2016-05-10 00:00:00,0.8677242746843459,0.7611757501530925,7.374358974358975,Aqua,00:00:00
2016-05-11,2016-05-11 00:00:00,0.7691964077307172,0.70919881305638,5.877551020408164,Aqua,00:00:00
2016-05-28,2016-05-28 00:00:00,0.47766719380086115,0.5004712535344015,3.00377358490566,Aqua,00:00:00
2016-05-30,2016-05-30 00:00:00,0.7609098159769513,0.7044247787610619,5.766467065868264,Aqua,00:00:00
2016-05-31,2016-05-31 00:00:00,0.687540542555237,0.6592920353982301,4.87012987012987,Aqua,00:00:00
2016-06-03,2016-06-03 00:00:00,0.6324753693343826,0.6219409282700422,4.290178571428572,Aqua,00:00:00
2016-06-05,2016-06-05 00:00:00,0.5801212624225233,0.5835897435897436,3.8029556650246303,Aqua,00:00:00
2016-06-06,2016-06-06 00:00:00,0.6199883880238801,0.6130467012601927,4.168582375478927,Aqua,00:00:00
2016-06-07,2016-06-07 00:00:00,0.7029669301769529,0.669215291750503,5.0462287104622865,Aqua,00:00:00
2016-06-12,2016-06-12 00:00:00,0.7444609748012455,0.6947565543071162,5.552147239263804,Aqua,00:00:00
2016-06-20,2016-06-20 00:00:00,0.7322295963426909,0.6874003189792662,5.3979591836734695,Aqua,00:00:00
2016-06-21,2016-06-21 00:00:00,0.6800530164376513,0.6543909348441926,4.786885245901639,Aqua,00:00:00
2016-06-22,2016-06-22 00:00:00,0.5642714304385625,0.5714285714285713,3.6666666666666665,Aqua,00:00:00
2016-06-25,2016-06-25 00:00:00,0.7336127825324102,0.6882393876130829,5.415178571428572,Aqua,00:00:00
2016-06-26,2016-06-26 00:00:00,0.3776281709707753,0.4092920353982301,2.3857677902621726,Aqua,00:00:00
2016-06-27,2016-06-27 00:00:00,0.7362590890554666,0.6898395721925132,5.448275862068965,Aqua,00:00:00
2016-06-28,2016-06-28 00:00:00,0.6396925276128806,0.6270096463022509,4.362068965517241,Aqua,00:00:00
2016-06-29,2016-06-29 00:00:00,0.6687460217301454,0.6468842729970327,4.663865546218487,Aqua,00:00:00
2016-06-30,2016-06-30 00:00:00,0.6759556409139035,0.651685393258427,4.741935483870968,Aqua,00:00:00
2016-07-02,2016-07-02 00:00:00,0.7198651655810302,0.6798179059180578,5.246445497630332,Aqua,00:00:00
2016-07-03,2016-07-03 00:00:00,0.9426099858725233,0.7951268025857782,8.762135922330097,Aqua,00:00:00
2016-07-04,2016-07-04 00:00:00,0.7114985985779573,0.6746031746031746,5.146341463414635,Aqua,00:00:00
2016-07-05,2016-07-05 00:00:00,0.5596406761717678,0.5678271308523409,3.6277777777777773,Aqua,00:00:00
2016-07-11,2016-07-11 00:00:00,0.9157842576201493,0.7834862385321101,8.237288135593221,Aqua,00:00:00
2016-07-13,2016-07-13 00:00:00,0.7441864021845522,0.6945929887106358,5.54863813229572,Aqua,00:00:00
2016-07-14,2016-07-14 00:00:00,0.5501222680123723,0.5603557814485387,3.549132947976879,Aqua,00:00:00
2016-07-15,2016-07-15 00:00:00,0.41959754981634073,0.448706512042819,2.6278317152103563,Aqua,00:00:00
2016-07-16,2016-07-16 00:00:00,0.8713333908724569,0.7629179331306991,7.435897435897436,Aqua,00:00:00
2016-07-17,2016-07-17 00:00:00,0.3811587671801444,0.4126702190645352,2.405241935483871,Aqua,00:00:00
2016-07-20,2016-07-20 00:00:00,0.7724902050348563,0.7110785749145924,5.922297297297297,Aqua,00:00:00
2016-07-21,2016-07-21 00:00:00,0.5904367869216418,0.59136690647482,3.8943661971830985,Aqua,00:00:00
2016-07-22,2016-07-22 00:00:00,0.73647461982014,0.689969604863222,5.450980392156863,Aqua,00:00:00
2016-07-23,2016-07-23 00:00:00,0.5436457842470996,0.5552193645990922,3.496598639455782,Aqua,00:00:00
2016-07-24,2016-07-24 00:00:00,0.40899135515151824,0.4389009399855387,2.564432989690722,Aqua,00:00:00
2016-07-25,2016-07-25 00:00:00,0.7507130020367041,0.6984615384615386,5.63265306122449,Aqua,00:00:00
2016-07-26,2016-07-26 00:00:00,0.06943380849242432,0.07976878612716766,1.1733668341708543,Aqua,00:00:00
2016-07-27,2016-07-27 00:00:00,0.5642714304385626,0.5714285714285715,3.666666666666667,Aqua,00:00:00
2016-07-28,2016-07-28 00:00:00,0.5429653070284707,0.5546772068511198,3.4911242603550297,Aqua,00:00:00
2016-07-29,2016-07-29 00:00:00,0.6276140958003505,0.6184971098265897,4.242424242424242,Aqua,00:00:00
2016-07-30,2016-07-30 00:00:00,0.43459819975965785,0.4623921085080148,2.7201834862385326,Aqua,00:00:00
2016-07-31,2016-07-31 00:00:00,0.7652959296980566,0.706959706959707,5.825,Aqua,00:00:00
2016-08-01,2016-08-01 00:00:00,0.6333176850584045,0.6225352112676056,4.298507462686567,Aqua,00:00:00
2016-08-03,2016-08-03 00:00:00,0.8213824997472992,0.7378080755112744,6.628,Aqua,00:00:00
2016-08-04,2016-08-04 00:00:00,0.5685994296642964,0.5747747747747748,3.7033898305084745,Aqua,00:00:00
2016-08-05,2016-08-05 00:00:00,0.6245959410331725,0.616346955796497,4.21304347826087,Aqua,00:00:00
2016-08-06,2016-08-06 00:00:00,0.4373737618580745,0.46490066225165555,2.7376237623762374,Aqua,00:00:00
2016-08-07,2016-08-07 00:00:00,0.2714959170664206,0.3027744270205066,1.8685121107266434,Aqua,00:00:00
2016-08-10,2016-08-10 00:00:00,0.7657556158308413,0.7072243346007604,5.8311688311688314,Aqua,00:00:00
2016-08-11,2016-08-11 00:00:00,0.3483961429339985,0.3808948004836759,2.23046875,Aqua,00:00:00
2016-08-12,2016-08-12 00:00:00,0.6097107085335496,0.605607476635514,4.071090047393365,Aqua,00:00:00
2016-08-14,2016-08-14 00:00:00,0.7394844394843221,0.6917808219178082,5.488888888888889,Aqua,00:00:00
2016-08-15,2016-08-15 00:00:00,0.6775607536372196,0.6527472527472528,4.7594936708860756,Aqua,00:00:00
2016-08-16,2016-08-16 00:00:00,0.7056469203363726,0.6709154113557357,5.077464788732394,Aqua,00:00:00
2016-08-17,2016-08-17 00:00:00,0.6628464722537571,0.6429170159262364,4.600938967136151,Aqua,00:00:00
2016-08-18,2016-08-18 00:00:00,0.5054828985983043,0.5240875912408759,3.202453987730061,Aqua,00:00:00
2016-08-19,2016-08-19 00:00:00,0.516830625825136,0.5334987593052108,3.2872340425531914,Aqua,00:00:00
2016-08-20,2016-08-20 00:00:00,0.37684024562589946,0.4085365853658537,2.381443298969072,Aqua,00:00:00
2016-08-21,2016-08-21 00:00:00,0.6509253591010536,0.6347941567065073,4.4763636363636365,Aqua,00:00:00
2016-08-23,2016-08-23 00:00:00,0.5903132323029128,0.5912743972445466,3.893258426966292,Aqua,00:00:00
2016-08-24,2016-08-24 00:00:00,0.6466816466163859,0.6318681318681318,4.432835820895522,Aqua,00:00:00
2016-08-25,2016-08-25 00:00:00,0.7702114591928316,0.7097791798107255,5.891304347826087,Aqua,00:00:00
2016-08-27,2016-08-27 00:00:00,0.5556334663515319,0.5646929824561403,3.5944584382871536,Aqua,00:00:00
2016-08-28,2016-08-28 00:00:00,0.6882571615069524,0.6597582037996544,4.878172588832487,Aqua,00:00:00
2016-08-30,2016-08-30 00:00:00,0.5027799118905221,0.5218267293485562,3.1825842696629216,Aqua,00:00:00
2016-09-05,2016-09-05 00:00:00,0.4898687584283574,0.5109261186264308,3.0893617021276594,Aqua,00:00:00
2016-09-07,2016-09-07 00:00:00,0.4568682718195928,0.48230912476722526,2.8633093525179856,Aqua,00:00:00
2016-09-09,2016-09-09 00:00:00,0.570279240227413,0.576068376068376,3.7177419354838706,Aqua,00:00:00
2016-09-10,2016-09-10 00:00:00,0.4812128884477954,0.5035246727089627,3.028397565922921,Aqua,00:00:00
2016-09-11,2016-09-11 00:00:00,0.6309361190641914,0.6208530805687204,4.275,Aqua,00:00:00
2016-09-12,2016-09-12 00:00:00,0.45160666928655757,0.4776470588235295,2.8288288288288292,Aqua,00:00:00
2016-09-13,2016-09-13 00:00:00,0.7261049336674997,0.68366285119667,5.322368421052632,Aqua,00:00:00
2016-09-14,2016-09-14 00:00:00,0.41406950897257344,0.44360902255639095,2.5945945945945947,Aqua,00:00:00
2016-09-15,2016-09-15 00:00:00,0.4365971588147736,0.46419951729686243,2.732732732732732,Aqua,00:00:00
2016-09-20,2016-09-20 00:00:00,0.7514810309807745,0.6989141164856861,5.642622950819672,Aqua,00:00:00
2016-09-21,2016-09-21 00:00:00,0.38166477468369553,0.4131534569983136,2.408045977011494,Aqua,00:00:00
2016-09-24,2016-09-24 00:00:00,0.493358453590348,0.513888888888889,3.1142857142857143,Aqua,00:00:00
2016-09-25,2016-09-25 00:00:00,0.5830982876980463,0.5858453473132372,3.829113924050633,Aqua,00:00:00
2016-09-26,2016-09-26 00:00:00,0.3537821312711555,0.38618346545866367,2.2583025830258303,Aqua,00:00:00
2016-09-27,2016-09-27 00:00:00,0.5930520791470292,0.5933214072748957,3.9178885630498534,Aqua,00:00:00
2016-09-28,2016-09-28 00:00:00,0.5501421920624687,0.5603715170278637,3.549295774647887,Aqua,00:00:00
2016-09-30,2016-09-30 00:00:00,0.550550171878196,0.5606936416184971,3.5526315789473686,Aqua,00:00:00
2016-10-11,2016-10-11 00:00:00,0.5359501541280962,0.5490605427974948,3.435185185185185,Aqua,00:00:00
2016-10-12,2016-10-12 00:00:00,0.37288653189993104,0.4047373841400618,2.3598615916955015,Aqua,00:00:00
2016-10-22,2016-10-22 00:00:00,0.7465279483923413,0.6959855660802886,5.578635014836795,Aqua,00:00:00
2016-10-28,2016-10-28 00:00:00,0.2996770522585765,0.33194805194805194,1.993779160186625,Aqua,00:00:00
2016-11-04,2016-11-04 00:00:00,0.13349470761887883,0.15249266862170086,1.3598615916955017,Aqua,00:00:00
2016-11-08,2016-11-08 00:00:00,0.30909761741201425,0.3415637860082305,2.0375,Aqua,00:00:00
2016-11-09,2016-11-09 00:00:00,0.3900401077670052,0.42111801242236024,2.4549356223175964,Aqua,00:00:00
2016-11-10,2016-11-10 00:00:00,0.2863930453781184,0.31827111984282913,1.9337175792507206,Aqua,00:00:00
2016-12-28,2016-12-28 00:00:00,0.41791648151756167,0.4471594379963347,2.6176795580110492,Aqua,00:00:00
2016-12-31,2016-12-31 00:00:00,0.6304240077716999,0.6204906204906205,4.269961977186312,Aqua,00:00:00
2017-01-24,2017-01-24 00:00:00,0.2091825408449832,0.23627984918307499,1.6187602852441032,Aqua,00:00:00
2017-01-27,2017-01-27 00:00:00,-0.09338840716659383,-0.10710498409331916,0.8065134099616859,Aqua,00:00:00
2017-02-13,2017-02-13 00:00:00,0.8966558769865337,0.7748344370860928,7.88235294117647,Aqua,00:00:00
2017-02-17,2017-02-17 00:00:00,0.45566268139376714,0.48124330117899256,2.855371900826446,Aqua,00:00:00
2017-03-02,2017-03-02 00:00:00,0.37604825173459144,0.4077766699900299,2.377104377104377,Aqua,00:00:00
2017-03-19,2017-03-19 00:00:00,0.3932895771613616,0.424190800681431,2.4733727810650885,Aqua,00:00:00
2017-03-31,2017-03-31 00:00:00,0.8095731272723357,0.7315508021390373,6.4501992031872515,Aqua,00:00:00
2017-04-03,2017-04-03 00:00:00,0.25459708586623275,0.28500000000000003,1.7972027972027973,Aqua,00:00:00
2017-04-21,2017-04-21 00:00:00,0.6174969615088092,0.6112531969309463,4.144736842105263,Aqua,00:00:00
2017-05-03,2017-05-03 00:00:00,0.8303079223694783,0.7424547283702214,6.765625,Aqua,00:00:00
2017-05-07,2017-05-07 00:00:00,0.6496232827518998,0.6338983050847459,4.462962962962963,Aqua,00:00:00
2017-05-08,2017-05-08 00:00:00,0.6262898709524632,0.6175548589341694,4.229508196721312,Aqua,00:00:00
2017-05-10,2017-05-10 00:00:00,0.4921850011555383,0.5128939828080229,3.1058823529411765,Aqua,00:00:00
2017-05-18,2017-05-18 00:00:00,0.723729243371415,0.6822033898305084,5.293333333333333,Aqua,00:00:00
2017-05-19,2017-05-19 00:00:00,0.2140515117764942,0.24156545209176788,1.6370106761565837,Aqua,00:00:00
2017-05-20,2017-05-20 00:00:00,0.7072200797614416,0.6719101123595506,5.095890410958905,Aqua,00:00:00
2017-05-21,2017-05-21 00:00:00,0.5120882651968313,0.5295815295815296,3.2515337423312882,Aqua,00:00:00
2017-05-22,2017-05-22 00:00:00,0.7559233829066783,0.7015209125475285,5.7006369426751595,Aqua,00:00:00
2017-05-23,2017-05-23 00:00:00,0.9014077596520801,0.7770114942528735,7.969072164948454,Aqua,00:00:00
2017-05-24,2017-05-24 00:00:00,0.6551108832994841,0.6376623376623376,4.519713261648746,Aqua,00:00:00
2017-05-26,2017-05-26 00:00:00,0.5219017044140258,0.5376623376623377,3.3258426966292136,Aqua,00:00:00
2017-05-27,2017-05-27 00:00:00,0.6261254233063621,0.6174377224199288,4.227906976744186,Aqua,00:00:00
2017-05-28,2017-05-28 00:00:00,0.8790224608407903,0.7665929203539822,7.56872037914692,Aqua,00:00:00
2017-05-29,2017-05-29 00:00:00,0.7270996210676032,0.6842723004694835,5.334572490706321,Aqua,00:00:00
2017-05-31,2017-05-31 00:00:00,0.2383931436405309,0.26777020447906524,1.7313829787234043,Aqua,00:00:00
2017-06-02,2017-06-02 00:00:00,0.5111176343945473,0.5287769784172662,3.2442748091603053,Aqua,00:00:00
2017-06-06,2017-06-06 00:00:00,0.35712599712628096,0.3894542090656799,2.275757575757576,Aqua,00:00:00
2017-06-17,2017-06-17 00:00:00,0.7105079177297761,0.6739811912225705,5.134615384615384,Aqua,00:00:00
2017-06-18,2017-06-18 00:00:00,0.4879405379920574,0.5092838196286472,3.075675675675676,Aqua,00:00:00
2017-06-19,2017-06-19 00:00:00,0.9145041219042407,0.7829164700330346,8.21304347826087,Aqua,00:00:00
2017-06-21,2017-06-21 00:00:00,0.7362067297230861,0.6898079763663221,5.447619047619047,Aqua,00:00:00
2017-06-22,2017-06-22 00:00:00,0.9935017069630828,0.8156934306569343,9.85148514851485,Aqua,00:00:00
2017-06-23,2017-06-23 00:00:00,0.9817240433101239,0.8111053450960042,9.587912087912088,Aqua,00:00:00
2017-06-24,2017-06-24 00:00:00,0.7349943333534938,0.6890756302521008,5.4324324324324325,Aqua,00:00:00
2017-06-26,2017-06-26 00:00:00,0.8422397844781976,0.7485567671584348,6.954081632653062,Aqua,00:00:00
2017-06-27,2017-06-27 00:00:00,1.011092603527009,0.8223596995139195,10.258706467661693,Aqua,00:00:00
2017-06-28,2017-06-28 00:00:00,0.8658956175783269,0.7602888086642599,7.343373493975904,Aqua,00:00:00
2017-06-29,2017-06-29 00:00:00,0.5806345984865653,0.5839793281653748,3.8074534161490683,Aqua,00:00:00
2017-06-30,2017-06-30 00:00:00,0.7415820477549837,0.6930379746835443,5.515463917525774,Aqua,00:00:00
2017-07-01,2017-07-01 00:00:00,0.8165425795612039,0.7352587244283996,6.554545454545454,Aqua,00:00:00
2017-07-02,2017-07-02 00:00:00,0.6974698491936105,0.6657060518731989,4.982758620689655,Aqua,00:00:00
2017-07-03,2017-07-03 00:00:00,0.9209724593094577,0.7857819905213269,8.336283185840708,Aqua,00:00:00
2017-07-04,2017-07-04 00:00:00,0.5657312451976054,0.5725593667546174,3.6790123456790123,Aqua,00:00:00
2017-07-05,2017-07-05 00:00:00,0.7942380702770985,0.7232375979112272,6.226415094339623,Aqua,00:00:00
2017-07-06,2017-07-06 00:00:00,0.8650545977458552,0.759879939969985,7.329166666666667,Aqua,00:00:00
2017-07-07,2017-07-07 00:00:00,0.8621017356502222,0.7584396099024757,7.279503105590063,Aqua,00:00:00
2017-07-08,2017-07-08 00:00:00,0.9698052146432488,0.8063583815028902,9.328358208955224,Aqua,00:00:00
2017-07-09,2017-07-09 00:00:00,0.8765824365122329,0.7654320987654321,7.526315789473684,Aqua,00:00:00
2017-07-10,2017-07-10 00:00:00,0.8088200701500955,0.7311475409836066,6.439024390243902,Aqua,00:00:00
2017-07-11,2017-07-11 00:00:00,0.734984898014912,0.6890699253224711,5.43231441048035,Aqua,00:00:00
2017-07-12,2017-07-12 00:00:00,0.8447026877048394,0.749800796812749,6.993630573248407,Aqua,00:00:00
2017-07-14,2017-07-14 00:00:00,0.9472549474849603,0.7970852017937219,8.85635359116022,Aqua,00:00:00
2017-07-15,2017-07-15 00:00:00,0.45163533369696346,0.47767253044654934,2.8290155440414506,Aqua,00:00:00
2017-07-16,2017-07-16 00:00:00,0.8435042970076995,0.7491961414790996,6.9743589743589745,Aqua,00:00:00
2017-07-17,2017-07-17 00:00:00,0.9082518406277309,0.7801147227533461,8.095652173913043,Aqua,00:00:00
2017-07-19,2017-07-19 00:00:00,0.8619282481204176,0.7583547557840616,7.276595744680851,Aqua,00:00:00
2017-07-20,2017-07-20 00:00:00,0.4991044129554083,0.5187406296851573,3.155763239875389,Aqua,00:00:00
2017-07-21,2017-07-21 00:00:00,0.8368777097675658,0.7458300238284353,6.86875,Aqua,00:00:00
2017-07-22,2017-07-22 00:00:00,0.3296751771135112,0.36231884057971014,2.1363636363636362,Aqua,00:00:00
2017-07-24,2017-07-24 00:00:00,0.6242693601138479,0.6161137440758293,4.209876543209877,Aqua,00:00:00
2017-07-25,2017-07-25 00:00:00,0.8712426197399489,0.7628742514970058,7.434343434343433,Aqua,00:00:00
2017-07-26,2017-07-26 00:00:00,0.8641471543748201,0.7594381035996488,7.313868613138687,Aqua,00:00:00
2017-07-27,2017-07-27 00:00:00,0.7442288380103961,0.6946182728410513,5.549180327868853,Aqua,00:00:00
2017-07-28,2017-07-28 00:00:00,0.9222062774390164,0.7863247863247864,8.36,Aqua,00:00:00
2017-07-29,2017-07-29 00:00:00,0.5209380708902906,0.5368731563421829,3.3184713375796173,Aqua,00:00:00
2017-07-30,2017-07-30 00:00:00,0.8184458452428166,0.7362637362637362,6.583333333333333,Aqua,00:00:00
2017-07-31,2017-07-31 00:00:00,0.6424886483835706,0.6289592760180995,4.390243902439024,Aqua,00:00:00
2017-08-01,2017-08-01 00:00:00,0.7959673039450933,0.7241857241857242,6.251256281407035,Aqua,00:00:00
2017-08-04,2017-08-04 00:00:00,0.632514590750927,0.6219686162624821,4.290566037735849,Aqua,00:00:00
2017-08-05,2017-08-05 00:00:00,0.5015091060093233,0.5207612456747405,3.1732851985559565,Aqua,00:00:00
2017-08-08,2017-08-08 00:00:00,0.890922962371031,0.772183243912505,7.778985507246376,Aqua,00:00:00
2017-08-09,2017-08-09 00:00:00,1.0083568013538098,0.8213374170495149,10.194285714285714,Aqua,00:00:00
2017-08-10,2017-08-10 00:00:00,0.9471662717203905,0.7970479704797049,8.854545454545455,Aqua,00:00:00
2017-08-16,2017-08-16 00:00:00,0.8747205066210577,0.7645429362880886,7.4941176470588236,Aqua,00:00:00
2017-08-17,2017-08-17 00:00:00,0.8324354963453305,0.7435519528371407,6.798850574712643,Aqua,00:00:00
2017-08-18,2017-08-18 00:00:00,0.6937057643436616,0.663286004056795,4.9397590361445785,Aqua,00:00:00
2017-08-19,2017-08-19 00:00:00,0.6148513826225172,0.6093418259023355,4.119565217391305,Aqua,00:00:00
2017-08-21,2017-08-21 00:00:00,0.4397663378821709,0.4670571010248903,2.7527472527472527,Aqua,00:00:00
2017-08-24,2017-08-24 00:00:00,0.7502665475049665,0.6981981981981983,5.6268656716417915,Aqua,00:00:00
2017-08-25,2017-08-25 00:00:00,0.42248715454580216,0.4513595166163143,2.645374449339207,Aqua,00:00:00
2017-08-26,2017-08-26 00:00:00,0.903487510572928,0.7779585197234649,8.007326007326007,Aqua,00:00:00
2017-08-29,2017-08-29 00:00:00,-0.02160654838680305,-0.02487032850113046,0.9514663898261095,Aqua,00:00:00
2017-08-31,2017-08-31 00:00:00,0.7750765863420833,0.7125475285171102,5.957671957671958,Aqua,00:00:00
2017-09-02,2017-09-02 00:00:00,0.9007523716801222,0.7767123287671232,7.957055214723926,Aqua,00:00:00
2017-09-07,2017-09-07 00:00:00,0.7980765099930666,0.7253384912959381,6.281690140845071,Aqua,00:00:00
2017-09-09,2017-09-09 00:00:00,0.1338269339020987,0.15286624203821655,1.3609022556390977,Aqua,00:00:00
2017-09-10,2017-09-10 00:00:00,0.8633228601204559,0.7590361445783134,7.3,Aqua,00:00:00
2017-09-11,2017-09-11 00:00:00,0.7543016398901145,0.7005714285714286,5.6793893129771,Aqua,00:00:00
2017-09-13,2017-09-13 00:00:00,0.27106677228653797,0.3023255813953488,1.8666666666666667,Aqua,00:00:00
2017-09-14,2017-09-14 00:00:00,0.7126912628963855,0.6753507014028057,5.1604938271604945,Aqua,00:00:00
2017-09-15,2017-09-15 00:00:00,0.7530819554883212,0.6998556998556998,5.663461538461538,Aqua,00:00:00
2017-09-24,2017-09-24 00:00:00,0.7579478642953567,0.7027027027027027,5.727272727272727,Aqua,00:00:00
2017-09-26,2017-09-26 00:00:00,0.9276656149683599,0.7887120115774241,8.465753424657533,Aqua,00:00:00
2017-09-27,2017-09-27 00:00:00,0.7283048777385459,0.6850094876660341,5.349397590361446,Aqua,00:00:00
2017-09-28,2017-09-28 00:00:00,0.6765629750978165,0.6520874751491054,4.748571428571428,Aqua,00:00:00
2017-10-02,2017-10-02 00:00:00,0.7601067476900011,0.7039586919104992,5.7558139534883725,Aqua,00:00:00
2017-10-03,2017-10-03 00:00:00,0.7437988835406759,0.6943620178041544,5.54368932038835,Aqua,00:00:00
2017-10-04,2017-10-04 00:00:00,0.7813064914270769,0.7160603371783496,6.04375,Aqua,00:00:00
2017-10-05,2017-10-05 00:00:00,0.7083566178802041,0.6726272352132049,5.109243697478991,Aqua,00:00:00
2017-10-06,2017-10-06 00:00:00,0.5757600510019051,0.5802690582959641,3.764957264957265,Aqua,00:00:00
2017-10-08,2017-10-08 00:00:00,0.3780038952474383,0.40965207631874295,2.3878326996197723,Aqua,00:00:00
2017-10-14,2017-10-14 00:00:00,0.7168377232995244,0.6779388083735909,5.21,Aqua,00:00:00
2017-10-15,2017-10-15 00:00:00,0.7756481052298393,0.712871287128713,5.9655172413793105,Aqua,00:00:00
2017-10-16,2017-10-16 00:00:00,0.7481880270062004,0.696969696969697,5.6,Aqua,00:00:00
2017-10-23,2017-10-23 00:00:00,0.6341678831719947,0.6231343283582088,4.306930693069306,Aqua,00:00:00
2017-10-24,2017-10-24 00:00:00,0.34358234634944496,0.37614678899082565,2.2058823529411766,Aqua,00:00:00
2017-10-26,2017-10-26 00:00:00,0.6491346013549043,0.6335616438356164,4.457943925233645,Aqua,00:00:00
2017-10-27,2017-10-27 00:00:00,0.46943442605337143,0.4933333333333333,2.9473684210526314,Aqua,00:00:00
2017-10-28,2017-10-28 00:00:00,0.540847056914191,0.5529865125240848,3.4741379310344827,Aqua,00:00:00
2017-10-30,2017-10-30 00:00:00,0.3808106820854529,0.4123376623376624,2.403314917127072,Aqua,00:00:00
2017-10-31,2017-10-31 00:00:00,0.1340299140549698,0.15309446254071657,1.3615384615384614,Aqua,00:00:00
2017-11-14,2017-11-14 00:00:00,0.3307035928340226,0.36334697589813547,2.1414285714285715,Aqua,00:00:00
2017-12-04,2017-12-04 00:00:00,0.15836249209524964,0.18032786885245902,1.44,Aqua,00:00:00
2017-12-05,2017-12-05 00:00:00,0.5330500411335758,0.5467239527389903,3.4123222748815167,Aqua,00:00:00
2017-12-06,2017-12-06 00:00:00,0.2767383097175034,0.3082465972778223,1.8912037037037037,Aqua,00:00:00
2017-12-07,2017-12-07 00:00:00,0.2649139874152665,0.29587567244471014,1.8404074702886248,Aqua,00:00:00
2017-12-08,2017-12-08 00:00:00,0.3378326435717298,0.3704496788008565,2.1768707482993195,Aqua,00:00:00
2017-12-09,2017-12-09 00:00:00,0.3359109727277955,0.36853932584269666,2.1672597864768686,Aqua,00:00:00
2017-12-10,2017-12-10 00:00:00,0.46633821711144746,0.49063150589868154,2.9264305177111716,Aqua,00:00:00
2017-12-11,2017-12-11 00:00:00,0.17388857733356283,0.1975642760487145,1.4924114671163575,Aqua,00:00:00
2017-12-13,2017-12-13 00:00:00,0.2529371905498181,0.28324324324324324,1.790346907993967,Aqua,00:00:00
2017-12-21,2017-12-21 00:00:00,0.2099870285386747,0.23715415019762842,1.621761658031088,Aqua,00:00:00
2017-12-31,2017-12-31 00:00:00,0.21255696031154853,0.23994452149791962,1.6313868613138687,Aqua,00:00:00
2018-01-01,2018-01-01 00:00:00,0.29666519026153115,0.3288590604026846,1.9800000000000002,Aqua,00:00:00
2018-01-03,2018-01-03 00:00:00,0.15654574845005395,0.1783035199076746,1.433988764044944,Aqua,00:00:00
2018-01-13,2018-01-13 00:00:00,0.5832392695145426,0.5859519408502772,3.830357142857143,Aqua,00:00:00
2018-01-14,2018-01-14 00:00:00,0.239324344026576,0.2687651331719128,1.7350993377483444,Aqua,00:00:00
2018-02-06,2018-02-06 00:00:00,0.16121033496807596,0.1834980661796305,1.4494736842105265,Aqua,00:00:00
2018-02-12,2018-02-12 00:00:00,0.39930418362062836,0.42985265855221005,2.507865168539326,Aqua,00:00:00
2018-02-13,2018-02-13 00:00:00,0.16002664519479698,0.18218085106382978,1.4455284552845529,Aqua,00:00:00
2018-03-06,2018-03-06 00:00:00,0.48029825851362895,0.502738225629792,3.0220264317180616,Aqua,00:00:00
2018-03-11,2018-03-11 00:00:00,0.5887138869062225,0.5900755124056094,3.878947368421053,Aqua,00:00:00
2018-03-20,2018-03-20 00:00:00,0.48824336016638203,0.5095419847328244,3.077821011673152,Aqua,00:00:00
2018-03-28,2018-03-28 00:00:00,0.14943906428424103,0.17037037037037042,1.4107142857142858,Aqua,00:00:00
2018-04-06,2018-04-06 00:00:00,0.4827045480974622,0.5048054919908467,3.0388170055452868,Aqua,00:00:00
2018-04-21,2018-04-21 00:00:00,0.893206753059848,0.7732426303854876,7.82,Aqua,00:00:00
2018-04-22,2018-04-22 00:00:00,0.47510596348433687,0.4982578397212543,2.986111111111111,Aqua,00:00:00
2018-04-23,2018-04-23 00:00:00,0.5931965309966574,0.593429158110883,3.919191919191919,Aqua,00:00:00
2018-04-24,2018-04-24 00:00:00,0.558791301170982,0.5671641791044776,3.6206896551724137,Aqua,00:00:00
2018-04-25,2018-04-25 00:00:00,0.4438453190033376,0.47072072072072074,2.778723404255319,Aqua,00:00:00
2018-04-26,2018-04-26 00:00:00,0.6932972335606487,0.6630225080385852,4.935114503816794,Aqua,00:00:00
2018-05-02,2018-05-02 00:00:00,0.6058435390580892,0.602780536246276,4.035,Aqua,00:00:00
2018-05-07,2018-05-07 00:00:00,0.6193476262221237,0.6125860373647983,4.16243654822335,Aqua,00:00:00
2018-05-12,2018-05-12 00:00:00,0.8281146646081441,0.7413194444444445,6.731543624161074,Aqua,00:00:00
2018-05-13,2018-05-13 00:00:00,0.5128745241673316,0.5302325581395348,3.2574257425742568,Aqua,00:00:00
2018-05-14,2018-05-14 00:00:00,0.667533459792011,0.6460717009916095,4.650862068965517,Aqua,00:00:00
2018-05-17,2018-05-17 00:00:00,0.8909467593289494,0.7721943048576214,7.779411764705882,Aqua,00:00:00
2018-05-18,2018-05-18 00:00:00,0.48716319301380306,0.5086206896551725,3.0701754385964914,Aqua,00:00:00
2018-05-20,2018-05-20 00:00:00,0.7480016745116427,0.6968593536640875,5.597597597597598,Aqua,00:00:00
2018-05-21,2018-05-21 00:00:00,0.6899406877942186,0.6608513607815771,4.897119341563786,Aqua,00:00:00
2018-05-23,2018-05-23 00:00:00,0.7058637122839193,0.6710526315789473,5.08,Aqua,00:00:00
2018-05-24,2018-05-24 00:00:00,0.49156468261193553,0.5123674911660778,3.101449275362319,Aqua,00:00:00
2018-05-27,2018-05-27 00:00:00,0.5838647704367622,0.5864246250986582,3.83587786259542,Aqua,00:00:00
2018-05-28,2018-05-28 00:00:00,0.9346984026660239,0.7917525773195877,8.603960396039604,Aqua,00:00:00
2018-06-01,2018-06-01 00:00:00,0.9208187539523752,0.7857142857142856,8.333333333333334,Aqua,00:00:00
2018-06-02,2018-06-02 00:00:00,0.975234804885153,0.8085339168490152,9.445714285714285,Aqua,00:00:00
2018-06-05,2018-06-05 00:00:00,0.8894812743434368,0.7715122665690223,7.753205128205128,Aqua,00:00:00
2018-06-06,2018-06-06 00:00:00,0.6464838731249237,0.631731325998842,4.430817610062893,Aqua,00:00:00
2018-06-12,2018-06-12 00:00:00,0.6234546791375541,0.6155315085932527,4.201986754966888,Aqua,00:00:00
2018-06-15,2018-06-15 00:00:00,0.8095006470415823,0.7315120113047575,6.449122807017544,Aqua,00:00:00
2018-06-19,2018-06-19 00:00:00,0.6499523790308802,0.6341248900615656,4.466346153846154,Aqua,00:00:00
2018-06-21,2018-06-21 00:00:00,0.279899065585718,0.31153608883405304,1.9050179211469533,Aqua,00:00:00
2018-06-22,2018-06-22 00:00:00,0.9973250585269247,0.8171611868484363,9.93859649122807,Aqua,00:00:00
2018-06-23,2018-06-23 00:00:00,1.0943287603460237,0.8510344827586208,12.425925925925927,Aqua,00:00:00
2018-06-24,2018-06-24 00:00:00,0.7923380099379725,0.7221926556679084,6.199233716475096,Aqua,00:00:00
2018-06-25,2018-06-25 00:00:00,0.18722762517364083,0.21227621483375964,1.538961038961039,Aqua,00:00:00
2018-06-26,2018-06-26 00:00:00,0.8195439355418687,0.7368421052631579,6.6000000000000005,Aqua,00:00:00
2018-06-27,2018-06-27 00:00:00,0.6765190890350544,0.6520584329349269,4.748091603053435,Aqua,00:00:00
2018-06-28,2018-06-28 00:00:00,0.14370978630128392,0.16395864106351551,1.3922261484098941,Aqua,00:00:00
2018-06-29,2018-06-29 00:00:00,0.9596916961339949,0.802247191011236,9.113636363636363,Aqua,00:00:00
2018-06-30,2018-06-30 00:00:00,0.4466166294662829,0.47320061255742724,2.796511627906977,Aqua,00:00:00
2018-07-01,2018-07-01 00:00:00,0.8258240449610829,0.7401292175161521,6.696132596685082,Aqua,00:00:00
2018-07-03,2018-07-03 00:00:00,0.8033713677988871,0.7282145033516149,6.358744394618834,Aqua,00:00:00
2018-07-05,2018-07-05 00:00:00,0.8572871416735746,0.7560751948647408,7.1992481203007515,Aqua,00:00:00
2018-07-07,2018-07-07 00:00:00,1.050450064579873,0.8364920104050539,11.23181818181818,Aqua,00:00:00
2018-07-08,2018-07-08 00:00:00,0.6405499701064175,0.6276083467094703,4.370689655172414,Aqua,00:00:00
2018-07-09,2018-07-09 00:00:00,0.5411035653865366,0.553191489361702,3.4761904761904763,Aqua,00:00:00
2018-07-10,2018-07-10 00:00:00,0.6085377240301458,0.6047516198704105,4.060109289617486,Aqua,00:00:00
2018-07-11,2018-07-11 00:00:00,0.49086360884917407,0.5117719950433705,3.096446700507614,Aqua,00:00:00
2018-07-12,2018-07-12 00:00:00,0.7528854565787563,0.6997402597402597,5.660899653979238,Aqua,00:00:00
2018-07-14,2018-07-14 00:00:00,0.6346021187375689,0.6234400434074877,4.311239193083574,Aqua,00:00:00
2018-07-16,2018-07-16 00:00:00,0.8884252249496816,0.7710196779964221,7.734375,Aqua,00:00:00
2018-07-17,2018-07-17 00:00:00,0.6613650386647002,0.6419153365718251,4.5852713178294575,Aqua,00:00:00
2018-07-18,2018-07-18 00:00:00,0.5263020803120171,0.5412541254125413,3.3597122302158273,Aqua,00:00:00
2018-07-19,2018-07-19 00:00:00,0.7565192627377388,0.7018691588785047,5.70846394984326,Aqua,00:00:00
2018-07-20,2018-07-20 00:00:00,0.5879457822627522,0.5894988066825776,3.872093023255814,Aqua,00:00:00
2018-07-21,2018-07-21 00:00:00,0.6614933418256156,0.6420021762785636,4.586626139817629,Aqua,00:00:00
2018-07-22,2018-07-22 00:00:00,0.7280414522832772,0.6848484848484848,5.346153846153847,Aqua,00:00:00
2018-07-24,2018-07-24 00:00:00,0.8476173189685594,0.751266178953292,7.040723981900452,Aqua,00:00:00
2018-07-25,2018-07-25 00:00:00,0.3096040452351656,0.34207870837537835,2.039877300613497,Aqua,00:00:00
2018-07-26,2018-07-26 00:00:00,0.8193954841707759,0.7367639782285996,6.597744360902256,Aqua,00:00:00
2018-07-27,2018-07-27 00:00:00,0.7087542738201635,0.6728778467908901,5.113924050632912,Aqua,00:00:00
2018-07-28,2018-07-28 00:00:00,0.8216676291717242,0.7379576107899807,6.63235294117647,Aqua,00:00:00
2018-07-29,2018-07-29 00:00:00,0.7718797409403086,0.7107309486780715,5.913978494623655,Aqua,00:00:00
2018-07-30,2018-07-30 00:00:00,0.9150642050219193,0.7831659161759612,8.223642172523961,Aqua,00:00:00
2018-07-31,2018-07-31 00:00:00,0.7854129350171251,0.7183561643835616,6.101167315175097,Aqua,00:00:00
2018-08-01,2018-08-01 00:00:00,0.6768184966083017,0.6522565320665084,4.751366120218579,Aqua,00:00:00
2018-08-02,2018-08-02 00:00:00,0.6883006494748576,0.6597864768683274,4.878661087866109,Aqua,00:00:00
2018-08-04,2018-08-04 00:00:00,0.6791634037320454,0.6538049303322616,4.777089783281734,Aqua,00:00:00
2018-08-05,2018-08-05 00:00:00,0.5855051381676634,0.5876623376623376,3.850393700787401,Aqua,00:00:00
2018-08-06,2018-08-06 00:00:00,0.6249342371550881,0.6165884194053209,4.216326530612245,Aqua,00:00:00
2018-08-07,2018-08-07 00:00:00,0.6377003475970962,0.625615763546798,4.342105263157895,Aqua,00:00:00
2018-08-08,2018-08-08 00:00:00,0.32987821334063294,0.36252189141856395,2.1373626373626373,Aqua,00:00:00
2018-08-09,2018-08-09 00:00:00,0.6900211141434224,0.6609035136642498,4.8980263157894735,Aqua,00:00:00
2018-08-10,2018-08-10 00:00:00,0.6061765575227945,0.6030245746691871,4.038095238095238,Aqua,00:00:00
2018-08-12,2018-08-12 00:00:00,0.5776141535447266,0.5816831683168318,3.781065088757396,Aqua,00:00:00
2018-08-14,2018-08-14 00:00:00,0.6313164700711565,0.6211221122112212,4.2787456445993035,Aqua,00:00:00
2018-08-17,2018-08-17 00:00:00,0.6538916296008307,0.6368286445012787,4.507042253521127,Aqua,00:00:00
2018-08-18,2018-08-18 00:00:00,0.7439682386160689,0.6944629753168778,5.545851528384279,Aqua,00:00:00
2018-08-19,2018-08-19 00:00:00,0.6202385713600947,0.6132264529058117,4.170984455958549,Aqua,00:00:00
2018-08-21,2018-08-21 00:00:00,0.44950398968350086,0.47577639751552797,2.815165876777251,Aqua,00:00:00
2018-08-22,2018-08-22 00:00:00,0.5521652946712131,0.5619672131147541,3.5658682634730545,Aqua,00:00:00
2018-08-24,2018-08-24 00:00:00,0.23004322823162798,0.25882352941176473,1.6984126984126986,Aqua,00:00:00
2018-08-28,2018-08-28 00:00:00,0.6424715363647381,0.6289473684210526,4.390070921985815,Aqua,00:00:00
2018-08-29,2018-08-29 00:00:00,0.7427821636176568,0.6937553464499573,5.5307262569832405,Aqua,00:00:00
2018-08-31,2018-08-31 00:00:00,0.11611926166671345,0.13289646133682828,1.3065296251511487,Aqua,00:00:00
2018-09-01,2018-09-01 00:00:00,0.8842287696326039,0.7690531177829099,7.659999999999999,Aqua,00:00:00
2018-09-02,2018-09-02 00:00:00,0.45266775579069674,0.47858942065491195,2.8357487922705316,Aqua,00:00:00
2018-09-03,2018-09-03 00:00:00,0.7543016398901145,0.7005714285714286,5.6793893129771,Aqua,00:00:00
2018-09-04,2018-09-04 00:00:00,0.8291344242299697,0.7418478260869565,6.747368421052633,Aqua,00:00:00
2018-09-05,2018-09-05 00:00:00,0.6463383647236756,0.6316306483300589,4.429333333333333,Aqua,00:00:00
2018-09-07,2018-09-07 00:00:00,0.573738715017496,0.5787234042553192,3.7474747474747474,Aqua,00:00:00
2018-09-08,2018-09-08 00:00:00,0.9532698450195303,0.7995965030262273,8.979865771812081,Aqua,00:00:00
2018-09-09,2018-09-09 00:00:00,0.7299961430428201,0.6860415782774714,5.37027027027027,Aqua,00:00:00
2018-09-14,2018-09-14 00:00:00,0.3904695519185025,0.42152466367713004,2.4573643410852712,Aqua,00:00:00
2018-09-18,2018-09-18 00:00:00,0.6739323638106932,0.6503432494279175,4.719895287958115,Aqua,00:00:00
2018-09-19,2018-09-19 00:00:00,0.6175169423917877,0.6112676056338028,4.144927536231884,Aqua,00:00:00
2018-09-20,2018-09-20 00:00:00,0.7220818142121029,0.6811881188118811,5.273291925465839,Aqua,00:00:00
2018-09-24,2018-09-24 00:00:00,0.5742336888369082,0.579102281089036,3.751748251748252,Aqua,00:00:00
2018-09-25,2018-09-25 00:00:00,0.5006803558647526,0.52006552006552,3.167235494880546,Aqua,00:00:00
2018-09-26,2018-09-26 00:00:00,0.661745096325094,0.6421725239616612,4.5892857142857135,Aqua,00:00:00
2018-09-27,2018-09-27 00:00:00,0.5461779812059682,0.5572327044025158,3.5170454545454546,Aqua,00:00:00
2018-09-28,2018-09-28 00:00:00,0.7281655837099711,0.684924360980699,5.347682119205298,Aqua,00:00:00
2018-10-11,2018-10-11 00:00:00,0.5203899448766429,0.5364238410596027,3.3142857142857145,Aqua,00:00:00
2018-10-12,2018-10-12 00:00:00,0.6438960603755445,0.6299376299376299,4.404494382022472,Aqua,00:00:00
2018-10-13,2018-10-13 00:00:00,0.5605831324158344,0.568561872909699,3.6356589147286824,Aqua,00:00:00
2018-10-14,2018-10-14 00:00:00,0.5419233758836864,0.5538461538461539,3.4827586206896552,Aqua,00:00:00
2018-10-15,2018-10-15 00:00:00,0.646447466614017,0.6317061382310295,4.430446194225722,Aqua,00:00:00
2018-10-16,2018-10-16 00:00:00,0.4084967670234239,0.4384410983170949,2.5615141955835967,Aqua,00:00:00
2018-10-17,2018-10-17 00:00:00,0.45308705833447493,0.4789615040286482,2.838487972508591,Aqua,00:00:00
2018-10-18,2018-10-18 00:00:00,0.3233883250007709,0.35601458080194404,2.1056603773584905,Aqua,00:00:00
2018-10-19,2018-10-19 00:00:00,0.7892925424579904,0.7205108940646131,6.155913978494623,Aqua,00:00:00
2018-10-20,2018-10-20 00:00:00,0.4166222216397918,0.44596651445966506,2.60989010989011,Aqua,00:00:00
2018-10-21,2018-10-21 00:00:00,0.6123093043338876,0.6074985354422965,4.095522388059702,Aqua,00:00:00
2018-10-22,2018-10-22 00:00:00,0.40906257357027737,0.4389671361502348,2.564853556485356,Aqua,00:00:00
2018-10-30,2018-10-30 00:00:00,0.4236872550754863,0.4524590163934426,2.6526946107784433,Aqua,00:00:00
2018-11-07,2018-11-07 00:00:00,0.34804353324618137,0.38054768649669496,2.2286585365853657,Aqua,00:00:00
2018-11-08,2018-11-08 00:00:00,0.28562934431030407,0.3174807197943445,1.9303201506591339,Aqua,00:00:00
2018-11-10,2018-11-10 00:00:00,0.24036710249453355,0.2698785742264003,1.7392703862660943,Aqua,00:00:00
2018-11-11,2018-11-11 00:00:00,0.5417205008942901,0.5536842105263159,3.4811320754716983,Aqua,00:00:00
2018-11-12,2018-11-12 00:00:00,0.18231194223342426,0.2068654019873532,1.521640091116173,Aqua,00:00:00
2018-11-15,2018-11-15 00:00:00,0.3722800432650843,0.4041533546325879,2.35656836461126,Aqua,00:00:00
2018-11-16,2018-11-16 00:00:00,0.4515592317401603,0.47760490334747757,2.8285198555956677,Aqua,00:00:00
2018-11-17,2018-11-17 00:00:00,0.21420758938094342,0.24173465006440534,1.637599093997735,Aqua,00:00:00
2018-11-18,2018-11-18 00:00:00,0.4430766349641373,0.47003154574132483,2.7738095238095237,Aqua,00:00:00
2018-11-19,2018-11-19 00:00:00,0.26165612736760524,0.2924494859978731,1.8266533066132267,Aqua,00:00:00
2018-11-24,2018-11-24 00:00:00,0.3125633011831711,0.3450834879406308,2.0538243626062322,Aqua,00:00:00
2018-12-03,2018-12-03 00:00:00,0.2294691442327617,0.2582067613914748,1.6961690885072656,Aqua,00:00:00
2018-12-04,2018-12-04 00:00:00,0.5601412073992802,0.5682174594877156,3.631961259079903,Aqua,00:00:00
2018-12-05,2018-12-05 00:00:00,0.21940763981633368,0.24736337488015336,1.657324840764331,Aqua,00:00:00
2018-12-06,2018-12-06 00:00:00,0.42718241116715405,0.45565335138794855,2.674129353233831,Aqua,00:00:00
2018-12-13,2018-12-13 00:00:00,0.4194730311330111,0.4485920104780616,2.6270783847980996,Aqua,00:00:00
2018-12-31,2018-12-31 00:00:00,0.5804878852857706,0.5838680109990835,3.806167400881057,Aqua,00:00:00
2019-01-12,2019-01-12 00:00:00,0.39498265448755415,0.4257879656160458,2.4830339321357284,Aqua,00:00:00
2019-01-13,2019-01-13 00:00:00,0.22184874961635634,0.25,1.6666666666666665,Aqua,00:00:00
2019-01-14,2019-01-14 00:00:00,0.4573771965239053,0.48275862068965525,2.8666666666666667,Aqua,00:00:00
2019-01-24,2019-01-24 00:00:00,0.26464919769897177,0.29559748427672955,1.8392857142857142,Aqua,00:00:00
2019-01-25,2019-01-25 00:00:00,0.31692940616739823,0.3495038588754135,2.074576271186441,Aqua,00:00:00
2019-01-29,2019-01-29 00:00:00,0.25267969452502653,0.2829705505761844,1.7892857142857144,Aqua,00:00:00
2019-01-30,2019-01-30 00:00:00,0.49418136183760764,0.514585764294049,3.1201923076923075,Aqua,00:00:00
2019-01-31,2019-01-31 00:00:00,0.21183607743509472,0.23916220165611302,1.6286811779769526,Aqua,00:00:00
2019-03-02,2019-03-02 00:00:00,0.6497353576354459,0.6339754816112084,4.464114832535885,Aqua,00:00:00
2019-03-03,2019-03-03 00:00:00,0.17435059747937998,0.19807538091419405,1.494,Aqua,00:00:00
2019-03-04,2019-03-04 00:00:00,0.25666711710334444,0.28718814481335586,1.8057894736842106,Aqua,00:00:00
2019-03-14,2019-03-14 00:00:00,0.8362200840539102,0.745493871665465,6.858356940509914,Aqua,00:00:00
2019-03-17,2019-03-17 00:00:00,0.025807263606285526,0.029702970297029698,1.0612244897959184,Aqua,00:00:00
2019-03-18,2019-03-18 00:00:00,0.5397786812661651,0.5521320495185694,3.465601965601966,Aqua,00:00:00
2019-03-24,2019-03-24 00:00:00,0.49209841068931526,0.5128205128205129,3.105263157894737,Aqua,00:00:00
2019-03-30,2019-03-30 00:00:00,0.4051784175959569,0.43534994068801897,2.542016806722689,Aqua,00:00:00
2019-04-18,2019-04-18 00:00:00,0.7708520116421441,0.7101449275362318,5.8999999999999995,Aqua,00:00:00
2019-04-24,2019-04-24 00:00:00,0.6992284360496269,0.6668319286068419,5.00297619047619,Aqua,00:00:00
2019-04-26,2019-04-26 00:00:00,0.6838568710706199,0.6568877551020408,4.828996282527881,Aqua,00:00:00
2019-04-28,2019-04-28 00:00:00,0.5199598083457038,0.5360710321864595,3.3110047846889947,Aqua,00:00:00
2019-04-29,2019-04-29 00:00:00,0.6215733580248536,0.6141843971631206,4.1838235294117645,Aqua,00:00:00
2019-05-01,2019-05-01 00:00:00,0.5460648041063509,0.5571428571428573,3.5161290322580645,Aqua,00:00:00
2019-05-02,2019-05-02 00:00:00,0.6663078118654915,0.6452488687782805,4.637755102040817,Aqua,00:00:00
2019-05-03,2019-05-03 00:00:00,0.4812378209144946,0.5035460992907801,3.0285714285714285,Aqua,00:00:00
2019-05-04,2019-05-04 00:00:00,0.435349107342536,0.463071512309496,2.7248908296943233,Aqua,00:00:00
2019-05-05,2019-05-05 00:00:00,0.7958302386195204,0.724110671936759,6.249283667621777,Aqua,00:00:00
2019-05-06,2019-05-06 00:00:00,0.530120330485203,0.5443548387096774,3.389380530973451,Aqua,00:00:00
2019-05-07,2019-05-07 00:00:00,0.29558666321759636,0.3277511961722488,1.9750889679715302,Aqua,00:00:00
2019-05-08,2019-05-08 00:00:00,0.6895430873252609,0.6605934409161895,4.8926380368098155,Aqua,00:00:00
2019-05-09,2019-05-09 00:00:00,0.8149706531565359,0.7344262295081968,6.530864197530864,Aqua,00:00:00
2019-05-10,2019-05-10 00:00:00,0.6873667900096494,0.6591789310611929,4.868181818181818,Aqua,00:00:00
2019-05-11,2019-05-11 00:00:00,0.6172999578846993,0.611111111111111,4.142857142857143,Aqua,00:00:00
2019-05-12,2019-05-12 00:00:00,0.6425365811116036,0.628992628992629,4.390728476821192,Aqua,00:00:00
2019-05-13,2019-05-13 00:00:00,0.6242263312642122,0.6160830090791181,4.20945945945946,Aqua,00:00:00
2019-05-21,2019-05-21 00:00:00,0.9356372649222646,0.7921555481059337,8.62258064516129,Aqua,00:00:00
2019-05-23,2019-05-23 00:00:00,0.8598091315530423,0.7573162027123483,7.241176470588234,Aqua,00:00:00
2019-05-29,2019-05-29 00:00:00,0.6380352114538939,0.6258503401360543,4.345454545454546,Aqua,00:00:00
2019-06-01,2019-06-01 00:00:00,0.26025950901032174,0.2909783989834816,1.82078853046595,Aqua,00:00:00
2019-06-02,2019-06-02 00:00:00,0.7545638531061263,0.7007251153592617,5.682819383259912,Aqua,00:00:00
2019-06-03,2019-06-03 00:00:00,0.2736441951743487,0.305019305019305,1.8777777777777778,Aqua,00:00:00
2019-06-04,2019-06-04 00:00:00,0.8614149186359967,0.7581035316884374,7.268,Aqua,00:00:00
2019-06-09,2019-06-09 00:00:00,0.8763634966969446,0.7653276955602537,7.522522522522522,Aqua,00:00:00
2019-06-10,2019-06-10 00:00:00,0.5938313540742244,0.5939024390243903,3.924924924924925,Aqua,00:00:00
2019-06-11,2019-06-11 00:00:00,0.8606565210567801,0.7577319587628866,7.255319148936169,Aqua,00:00:00
2019-06-12,2019-06-12 00:00:00,0.7183511892602904,0.6788793103448276,5.228187919463087,Aqua,00:00:00
2019-06-13,2019-06-13 00:00:00,0.7296296848126651,0.6858181818181818,5.3657407407407405,Aqua,00:00:00
2019-06-14,2019-06-14 00:00:00,0.8159398112730434,0.7349397590361446,6.545454545454545,Aqua,00:00:00
2019-06-15,2019-06-15 00:00:00,0.3852803045406062,0.4165995165189363,2.4281767955801103,Aqua,00:00:00
2019-06-16,2019-06-16 00:00:00,0.7797793478176651,0.7152025671881268,6.022535211267606,Aqua,00:00:00
2019-06-18,2019-06-18 00:00:00,0.9883332683985123,0.8136924803591471,9.734939759036145,Aqua,00:00:00
2019-06-19,2019-06-19 00:00:00,0.3952999125058292,0.4260869565217392,2.484848484848485,Aqua,00:00:00
2019-06-22,2019-06-22 00:00:00,0.7387221207701621,0.6913229018492177,5.47926267281106,Aqua,00:00:00
2019-06-23,2019-06-23 00:00:00,0.654589042604147,0.6373056994818652,4.514285714285714,Aqua,00:00:00
2019-06-24,2019-06-24 00:00:00,0.7035536298058452,0.6695880806310254,5.053050397877984,Aqua,00:00:00
2019-06-26,2019-06-26 00:00:00,0.35469289782896213,0.38707528314457024,2.2630434782608697,Aqua,00:00:00
2019-06-28,2019-06-28 00:00:00,0.9777236052888477,0.8095238095238095,9.5,Aqua,00:00:00
2019-06-29,2019-06-29 00:00:00,0.6403752890701715,0.6274864376130199,4.368932038834951,Aqua,00:00:00
2019-06-30,2019-06-30 00:00:00,1.1200364379665704,0.8589928057553956,13.183673469387756,Aqua,00:00:00
2019-07-04,2019-07-04 00:00:00,0.9148283902631877,0.7830609212481426,8.219178082191782,Aqua,00:00:00
2019-07-05,2019-07-05 00:00:00,0.6527998824075775,0.6360808709175739,4.495726495726496,Aqua,00:00:00
2019-07-08,2019-07-08 00:00:00,0.6336863837343157,0.6227951153324288,4.302158273381295,Aqua,00:00:00
2019-07-13,2019-07-13 00:00:00,0.6121603182322882,0.6073903002309469,4.094117647058824,Aqua,00:00:00
2019-07-14,2019-07-14 00:00:00,0.4255289403542898,0.45414364640883975,2.6639676113360324,Aqua,00:00:00
2019-07-19,2019-07-19 00:00:00,1.0587329375718846,0.8393327480245829,11.44808743169399,Aqua,00:00:00
2019-07-20,2019-07-20 00:00:00,0.7257042575832636,0.6834170854271356,5.317460317460318,Aqua,00:00:00
2019-07-21,2019-07-21 00:00:00,0.6710699415223491,0.6484375000000001,4.68888888888889,Aqua,00:00:00
2019-07-22,2019-07-22 00:00:00,0.656041803794208,0.6382978723404257,4.529411764705882,Aqua,00:00:00
2019-07-24,2019-07-24 00:00:00,0.5708397642310167,0.5764993880048961,3.722543352601156,Aqua,00:00:00
2019-07-25,2019-07-25 00:00:00,0.6535319654130669,0.6365824308062575,4.503311258278146,Aqua,00:00:00
2019-07-26,2019-07-26 00:00:00,0.5535537923391363,0.5630599586492073,3.5772870662460567,Aqua,00:00:00
2019-07-28,2019-07-28 00:00:00,0.2529889928721754,0.28329809725158567,1.7905604719764012,Aqua,00:00:00
2019-07-29,2019-07-29 00:00:00,0.679135759351047,0.6537867078825348,4.776785714285715,Aqua,00:00:00
2019-07-30,2019-07-30 00:00:00,0.5155369557641112,0.5324324324324325,3.2774566473988442,Aqua,00:00:00
2019-07-31,2019-07-31 00:00:00,0.6632335970918384,0.6431784107946026,4.605042016806722,Aqua,00:00:00
2019-08-01,2019-08-01 00:00:00,0.9030899869919435,0.7777777777777777,8.0,Aqua,00:00:00
2019-08-03,2019-08-03 00:00:00,0.765186273219276,0.706896551724138,5.8235294117647065,Aqua,00:00:00
2019-08-04,2019-08-04 00:00:00,0.48605307558658845,0.5076726342710997,3.0623376623376624,Aqua,00:00:00
2019-08-05,2019-08-05 00:00:00,0.7674538011277567,0.7082002129925452,5.854014598540147,Aqua,00:00:00
2019-08-06,2019-08-06 00:00:00,0.6754218825612293,0.6513317191283292,4.736111111111111,Aqua,00:00:00
2019-08-07,2019-08-07 00:00:00,0.7301194202758149,0.6861167002012072,5.371794871794872,Aqua,00:00:00
2019-08-13,2019-08-13 00:00:00,0.5753335010329634,0.5799432355723747,3.7612612612612613,Aqua,00:00:00
2019-08-14,2019-08-14 00:00:00,0.7287577197369763,0.6852861035422342,5.354978354978354,Aqua,00:00:00
2019-08-15,2019-08-15 00:00:00,0.5571060060508882,0.5658465991316932,3.6066666666666665,Aqua,00:00:00
2019-08-16,2019-08-16 00:00:00,0.6864313617106362,0.6585695006747638,4.857707509881424,Aqua,00:00:00
2019-08-18,2019-08-18 00:00:00,0.6231557025337514,0.6153176675369888,4.199095022624435,Aqua,00:00:00
2019-08-19,2019-08-19 00:00:00,0.895236346538734,0.7741804937272359,7.856630824372759,Aqua,00:00:00
2019-08-22,2019-08-22 00:00:00,0.32462710446514986,0.3572593800978793,2.1116751269035534,Aqua,00:00:00
2019-08-24,2019-08-24 00:00:00,0.6784106756138101,0.6533084808946877,4.768817204301075,Aqua,00:00:00
2019-08-25,2019-08-25 00:00:00,0.7773680319893972,0.7138437741686001,5.989189189189189,Aqua,00:00:00
2019-08-26,2019-08-26 00:00:00,0.6532125137753437,0.6363636363636364,4.5,Aqua,00:00:00
2019-08-27,2019-08-27 00:00:00,0.49854285894726746,0.5182679296346414,3.1516853932584272,Aqua,00:00:00
2019-08-28,2019-08-28 00:00:00,0.7176226165196596,0.6784268363215732,5.219424460431655,Aqua,00:00:00
2019-08-30,2019-08-30 00:00:00,0.6264565821153406,0.6176735798016232,4.231132075471698,Aqua,00:00:00
2019-08-31,2019-08-31 00:00:00,0.6456991461817359,0.6311881188118813,4.422818791946309,Aqua,00:00:00
2019-09-01,2019-09-01 00:00:00,0.3035623321793762,0.33592233009708733,2.0116959064327484,Aqua,00:00:00
2019-09-02,2019-09-02 00:00:00,0.7753272168626449,0.7126895450917796,5.96111111111111,Aqua,00:00:00
2019-09-03,2019-09-03 00:00:00,0.6501777837956085,0.6342800199302441,4.468664850136239,Aqua,00:00:00
2019-09-04,2019-09-04 00:00:00,0.7742280576533712,0.7120662868979803,5.946043165467626,Aqua,00:00:00
2019-09-05,2019-09-05 00:00:00,0.45049668418776995,0.47666009204470744,2.821608040201005,Aqua,00:00:00
2019-09-06,2019-09-06 00:00:00,0.7184031567271164,0.6789115646258503,5.228813559322035,Aqua,00:00:00
2019-09-12,2019-09-12 00:00:00,0.6739076004334518,0.6503267973856209,4.719626168224299,Aqua,00:00:00
2019-09-21,2019-09-21 00:00:00,0.6380506542251395,0.62586115527292,4.345609065155807,Aqua,00:00:00
2019-09-24,2019-09-24 00:00:00,0.26034290689476486,0.2910662824207493,1.8211382113821137,Aqua,00:00:00
2019-09-25,2019-09-25 00:00:00,0.6728305972387816,0.649610678531702,4.707936507936508,Aqua,00:00:00
2019-09-28,2019-09-28 00:00:00,0.02836508180621656,0.032644903397734855,1.0674931129476584,Aqua,00:00:00
2019-10-01,2019-10-01 00:00:00,0.5845692591676269,0.5869565217391304,3.8421052631578947,Aqua,00:00:00
2019-10-05,2019-10-05 00:00:00,0.734223116279983,0.6886090440755581,5.422794117647059,Aqua,00:00:00
2019-10-06,2019-10-06 00:00:00,0.7602809183287513,0.704059829059829,5.75812274368231,Aqua,00:00:00
2019-10-07,2019-10-07 00:00:00,0.6577840768498271,0.6394849785407726,4.5476190476190474,Aqua,00:00:00
2019-10-09,2019-10-09 00:00:00,0.6207160306776665,0.6135693215339234,4.175572519083969,Aqua,00:00:00
2019-10-10,2019-10-10 00:00:00,0.42975228000240795,0.4579945799457994,2.69,Aqua,00:00:00
2019-10-11,2019-10-11 00:00:00,0.4938581038939589,0.5143120960295476,3.1178707224334605,Aqua,00:00:00
2019-10-14,2019-10-14 00:00:00,0.6342446746993636,0.6231884057971014,4.3076923076923075,Aqua,00:00:00
2019-10-24,2019-10-24 00:00:00,0.7889063611066941,0.7202970297029703,6.150442477876106,Aqua,00:00:00
2019-10-27,2019-10-27 00:00:00,0.5732480493334724,0.5783475783475783,3.7432432432432434,Aqua,00:00:00
2019-10-28,2019-10-28 00:00:00,0.3308303026062764,0.36347358997314244,2.1420534458509146,Aqua,00:00:00
2019-10-29,2019-10-29 00:00:00,0.3792319978200557,0.41082802547770697,2.394594594594594,Aqua,00:00:00
2019-10-30,2019-10-30 00:00:00,0.39492351138458165,0.4257322175732217,2.482695810564663,Aqua,00:00:00
2019-11-01,2019-11-01 00:00:00,0.3875429086391876,0.41875,2.4408602150537635,Aqua,00:00:00
2019-11-02,2019-11-02 00:00:00,0.4845931720450976,0.5064239828693791,3.0520607375271154,Aqua,00:00:00
2019-11-03,2019-11-03 00:00:00,0.5059646807893797,0.5244897959183673,3.206008583690987,Aqua,00:00:00
2019-11-04,2019-11-04 00:00:00,0.37583544165131805,0.40757238307349664,2.3759398496240602,Aqua,00:00:00
2019-11-06,2019-11-06 00:00:00,0.3550053176466562,0.387381036305957,2.2646720368239355,Aqua,00:00:00
2019-11-11,2019-11-11 00:00:00,0.2627847633530041,0.2936372915957809,1.8314065510597304,Aqua,00:00:00
2019-11-13,2019-11-13 00:00:00,0.16734779124960195,0.19031719532554256,1.4701030927835053,Aqua,00:00:00
2019-11-16,2019-11-16 00:00:00,0.50910528540879,0.5271059216013345,3.229276895943563,Aqua,00:00:00
2019-11-20,2019-11-20 00:00:00,0.35587866367132615,0.38823529411764696,2.2692307692307687,Aqua,00:00:00
2019-11-21,2019-11-21 00:00:00,0.4614974662361282,0.48638838475499085,2.8939929328621905,Aqua,00:00:00
2019-11-22,2019-11-22 00:00:00,0.2879675228247393,0.31989924433249367,1.9407407407407407,Aqua,00:00:00
2019-11-23,2019-11-23 00:00:00,0.48978907519648524,0.5108583247156152,3.0887949260042284,Aqua,00:00:00
2019-11-24,2019-11-24 00:00:00,0.3921876797829463,0.42314990512333966,2.4671052631578947,Aqua,00:00:00
2019-11-28,2019-11-28 00:00:00,0.201991829028617,0.22844827586206895,1.5921787709497206,Aqua,00:00:00
2019-11-29,2019-11-29 00:00:00,0.2072287610120213,0.23415492957746484,1.6114942528735632,Aqua,00:00:00
2019-12-02,2019-12-02 00:00:00,0.5188410099186279,0.5351524879614767,3.302486187845304,Aqua,00:00:00
2019-12-05,2019-12-05 00:00:00,0.2545462599810519,0.2849462365591398,1.7969924812030076,Aqua,00:00:00
2019-12-09,2019-12-09 00:00:00,0.45143569026461294,0.4774951076320939,2.827715355805243,Aqua,00:00:00
2019-12-16,2019-12-16 00:00:00,0.36371091928929244,0.39586645468998416,2.310526315789474,Aqua,00:00:00
2019-12-26,2019-12-26 00:00:00,0.6470773967635483,0.6321417659639473,4.43687707641196,Aqua,00:00:00
2020-02-10,2020-02-10 00:00:00,0.13531044103566336,0.15453384418901658,1.365558912386707,Aqua,00:00:00
2020-02-12,2020-02-12 00:00:00,0.3093820700287472,0.34185303514377,2.038834951456311,Aqua,00:00:00
2020-02-18,2020-02-18 00:00:00,0.46842717129516603,0.49245541838134427,2.9405405405405403,Aqua,00:00:00
2020-02-19,2020-02-19 00:00:00,0.4918445115403688,0.5126050420168068,3.103448275862069,Aqua,00:00:00
2020-02-20,2020-02-20 00:00:00,0.5249097442206725,0.540119760479042,3.3489583333333335,Aqua,00:00:00
2020-02-21,2020-02-21 00:00:00,0.47780680258403996,0.5005917159763313,3.0047393364928907,Aqua,00:00:00
2020-02-25,2020-02-25 00:00:00,0.34935553021618215,0.3818386914833616,2.235401459854015,Aqua,00:00:00
2020-02-26,2020-02-26 00:00:00,0.3961010737498617,0.42684157416750756,2.4894366197183095,Aqua,00:00:00
2020-02-27,2020-02-27 00:00:00,0.6704018816825218,0.6479915433403806,4.681681681681682,Aqua,00:00:00
2020-02-28,2020-02-28 00:00:00,0.5426131201021012,0.5543964232488822,3.4882943143812706,Aqua,00:00:00
2020-03-01,2020-03-01 00:00:00,0.18353345187414727,0.20821114369501467,1.525925925925926,Aqua,00:00:00
2020-03-04,2020-03-04 00:00:00,0.7390974461174751,0.6915484268969773,5.484,Aqua,00:00:00
2020-03-05,2020-03-05 00:00:00,0.5968274643942855,0.596130592503023,3.952095808383234,Aqua,00:00:00
2020-03-10,2020-03-10 00:00:00,0.5749446108233455,0.5796460176991151,3.757894736842106,Aqua,00:00:00
2020-03-12,2020-03-12 00:00:00,0.40338963651867626,0.43367935409457903,2.531568228105906,Aqua,00:00:00
2020-03-16,2020-03-16 00:00:00,0.7085153222422492,0.6727272727272727,5.111111111111112,Aqua,00:00:00
2020-03-17,2020-03-17 00:00:00,0.528482622798336,0.543026706231454,3.3766233766233764,Aqua,00:00:00
2020-03-18,2020-03-18 00:00:00,0.6932680255115486,0.663003663003663,4.934782608695652,Aqua,00:00:00
2020-03-19,2020-03-19 00:00:00,0.632959530875274,0.6222826086956522,4.294964028776978,Aqua,00:00:00
2020-03-20,2020-03-20 00:00:00,0.4844451126319348,0.5062972292191436,3.0510204081632653,Aqua,00:00:00
2020-03-21,2020-03-21 00:00:00,0.45410689129754706,0.47986577181208057,2.8451612903225807,Aqua,00:00:00
2020-03-22,2020-03-22 00:00:00,0.3719934102896061,0.40387722132471726,2.355013550135501,Aqua,00:00:00
2020-04-05,2020-04-05 00:00:00,0.19197004399375872,0.21748400852878463,1.555858310626703,Aqua,00:00:00
2020-04-07,2020-04-07 00:00:00,0.4646046972976665,0.4891146589259798,2.9147727272727275,Aqua,00:00:00
2020-04-08,2020-04-08 00:00:00,0.43880595697745334,0.46619217081850534,2.7466666666666666,Aqua,00:00:00
2020-04-09,2020-04-09 00:00:00,0.492046932649558,0.5127768313458263,3.104895104895105,Aqua,00:00:00
2020-04-10,2020-04-10 00:00:00,0.3840413991554787,0.4154200230149598,2.421259842519685,Aqua,00:00:00
2020-04-11,2020-04-11 00:00:00,0.5010884104765565,0.5204081632653061,3.1702127659574466,Aqua,00:00:00
2020-04-12,2020-04-12 00:00:00,0.5578078557646042,0.5663956639566397,3.6125,Aqua,00:00:00
2020-04-13,2020-04-13 00:00:00,0.5348470083197826,0.5481727574750831,3.426470588235294,Aqua,00:00:00
2020-04-14,2020-04-14 00:00:00,0.36524106297659903,0.3973509933774834,2.3186813186813184,Aqua,00:00:00
2020-04-16,2020-04-16 00:00:00,0.38032362222249405,0.41187214611872147,2.4006211180124226,Aqua,00:00:00
2020-04-17,2020-04-17 00:00:00,0.7117701325775861,0.6747734859322843,5.1495601173020535,Aqua,00:00:00
2020-04-19,2020-04-19 00:00:00,0.49175430601882664,0.5125284738041003,3.102803738317757,Aqua,00:00:00
2020-04-20,2020-04-20 00:00:00,0.7541203197019818,0.7004651162790697,5.677018633540373,Aqua,00:00:00
2020-04-21,2020-04-21 00:00:00,0.33217717775677486,0.36481861738535254,2.148706896551724,Aqua,00:00:00
2020-05-04,2020-05-04 00:00:00,0.40561174954865187,0.43575418994413406,2.544554455445544,Aqua,00:00:00
2020-05-05,2020-05-05 00:00:00,0.2024859783777426,0.228987425545996,1.5939914163090128,Aqua,00:00:00
2020-05-07,2020-05-07 00:00:00,0.6256233009935194,0.6170798898071626,4.2230215827338125,Aqua,00:00:00
2020-05-08,2020-05-08 00:00:00,0.7544873321858502,0.7006802721088435,5.681818181818182,Aqua,00:00:00
2020-05-09,2020-05-09 00:00:00,0.36780488959399166,0.39983374896093105,2.3324099722991694,Aqua,00:00:00
2020-05-15,2020-05-15 00:00:00,0.4507178421084395,0.4768568353067815,2.823045267489712,Aqua,00:00:00
2020-05-23,2020-05-23 00:00:00,0.33386384878540704,0.3665008291873963,2.157068062827225,Aqua,00:00:00
2020-05-27,2020-05-27 00:00:00,0.2786067392656142,0.3101920236336779,1.899357601713062,Aqua,00:00:00
2020-05-28,2020-05-28 00:00:00,0.5075284388532934,0.5257936507936508,3.2175732217573225,Aqua,00:00:00
2020-06-01,2020-06-01 00:00:00,0.6415468779791416,0.6283034953111679,4.3807339449541285,Aqua,00:00:00
2020-06-04,2020-06-04 00:00:00,0.7178553484963927,0.6785714285714285,5.222222222222222,Aqua,00:00:00
2020-06-18,2020-06-18 00:00:00,0.7901361417932856,0.7209775967413441,6.1678832116788325,Aqua,00:00:00
2020-06-21,2020-06-21 00:00:00,0.47844734577105547,0.5011441647597255,3.0091743119266057,Aqua,00:00:00
2020-06-22,2020-06-22 00:00:00,0.8890641884277061,0.7713178294573643,7.7457627118644075,Aqua,00:00:00
2020-06-23,2020-06-23 00:00:00,0.7140962167169003,0.6762295081967215,5.177215189873417,Aqua,00:00:00
2020-06-25,2020-06-25 00:00:00,0.7804799127022263,0.7155963302752294,6.032258064516129,Aqua,00:00:00
2020-06-26,2020-06-26 00:00:00,0.9594115121614136,0.8021321961620469,9.107758620689655,Aqua,00:00:00
2020-06-27,2020-06-27 00:00:00,0.8855615997848162,0.7696793002915451,7.6835443037974684,Aqua,00:00:00
2020-07-02,2020-07-02 00:00:00,0.7781512503836436,0.7142857142857143,6.0,Aqua,00:00:00
2020-07-03,2020-07-03 00:00:00,0.6897620025491951,0.66073546856465,4.895104895104896,Aqua,00:00:00
2020-07-04,2020-07-04 00:00:00,0.8507788859829492,0.7528473804100229,7.092165898617512,Aqua,00:00:00
2020-07-05,2020-07-05 00:00:00,0.5413621509743507,0.5533980582524273,3.4782608695652177,Aqua,00:00:00
2020-07-06,2020-07-06 00:00:00,0.6797402845949346,0.6541850220264316,4.7834394904458595,Aqua,00:00:00
2020-07-08,2020-07-08 00:00:00,0.8790052850940349,0.7665847665847666,7.56842105263158,Aqua,00:00:00
2020-07-10,2020-07-10 00:00:00,0.9058752108059196,0.7790414297319253,8.051470588235293,Aqua,00:00:00
2020-07-11,2020-07-11 00:00:00,0.7337801759466055,0.6883408071748879,5.41726618705036,Aqua,00:00:00
2020-07-13,2020-07-13 00:00:00,0.8395478752514938,0.747191011235955,6.9111111111111105,Aqua,00:00:00
2020-07-14,2020-07-14 00:00:00,0.3505380841818525,0.3830010493179433,2.2414965986394555,Aqua,00:00:00
2020-07-15,2020-07-15 00:00:00,0.7670278500217389,0.7079556898288016,5.848275862068966,Aqua,00:00:00
2020-07-16,2020-07-16 00:00:00,0.8787463397528228,0.7664618086040386,7.56390977443609,Aqua,00:00:00
2020-07-17,2020-07-17 00:00:00,0.8536778228424882,0.7542896362388469,7.139664804469274,Aqua,00:00:00
2020-07-18,2020-07-18 00:00:00,0.7489759821335746,0.6974358974358974,5.610169491525425,Aqua,00:00:00
2020-07-19,2020-07-19 00:00:00,0.46584024430997334,0.4901960784313726,2.923076923076923,Aqua,00:00:00
2020-07-20,2020-07-20 00:00:00,0.8498444750387185,0.7523809523809525,7.076923076923077,Aqua,00:00:00
2020-07-21,2020-07-21 00:00:00,0.6797715422948116,0.6542056074766356,4.783783783783783,Aqua,00:00:00
2020-07-22,2020-07-22 00:00:00,0.8003463089241483,0.7265745007680491,6.314606741573034,Aqua,00:00:00
2020-07-23,2020-07-23 00:00:00,0.7254177488262825,0.6832412523020259,5.313953488372094,Aqua,00:00:00
2020-07-24,2020-07-24 00:00:00,0.8792500194939297,0.7667009249743063,7.572687224669603,Aqua,00:00:00
2020-07-25,2020-07-25 00:00:00,0.8532254253987595,0.7540650406504065,7.132231404958677,Aqua,00:00:00
2020-07-26,2020-07-26 00:00:00,0.6097468199942534,0.6056338028169014,4.071428571428571,Aqua,00:00:00
2020-07-28,2020-07-28 00:00:00,0.4725556990661176,0.4960474308300395,2.9686274509803923,Aqua,00:00:00
2020-07-29,2020-07-29 00:00:00,0.6527963235356312,0.636078431372549,4.495689655172414,Aqua,00:00:00
2020-07-30,2020-07-30 00:00:00,0.558667552920564,0.5670675300647547,3.6196581196581192,Aqua,00:00:00
2020-07-31,2020-07-31 00:00:00,0.7867090540189091,0.719077568134172,6.119402985074627,Aqua,00:00:00
2020-08-01,2020-08-01 00:00:00,0.6130952905673612,0.6080691642651297,4.102941176470588,Aqua,00:00:00
2020-08-02,2020-08-02 00:00:00,0.7948063592400118,0.7235494880546076,6.234567901234569,Aqua,00:00:00
2020-08-03,2020-08-03 00:00:00,0.7870373809911925,0.7192600652883571,6.124031007751938,Aqua,00:00:00
2020-08-04,2020-08-04 00:00:00,0.34976304398794966,0.38223938223938225,2.2375000000000003,Aqua,00:00:00
2020-08-05,2020-08-05 00:00:00,0.7975471767115382,0.7250495703899537,6.274038461538461,Aqua,00:00:00
2020-08-07,2020-08-07 00:00:00,0.9487920793151684,0.7977296181630547,8.887755102040817,Aqua,00:00:00
2020-08-08,2020-08-08 00:00:00,1.1064553309142868,0.8548387096774193,12.777777777777777,Aqua,00:00:00
2020-08-09,2020-08-09 00:00:00,0.6998003955677883,0.6671974522292994,5.00956937799043,Aqua,00:00:00
2020-08-10,2020-08-10 00:00:00,0.6516531064198223,0.6352941176470588,4.483870967741935,Aqua,00:00:00
2020-08-11,2020-08-11 00:00:00,0.8398081514477358,0.747323340471092,6.915254237288136,Aqua,00:00:00
2020-08-13,2020-08-13 00:00:00,0.762526622858013,0.7053613053613053,5.787974683544303,Aqua,00:00:00
2020-08-14,2020-08-14 00:00:00,0.7528453851188734,0.6997167138810199,5.660377358490567,Aqua,00:00:00
2020-08-15,2020-08-15 00:00:00,0.586611500024384,0.5884955752212389,3.8602150537634405,Aqua,00:00:00
2020-08-17,2020-08-17 00:00:00,0.7770362446828522,0.7136563876651983,5.984615384615385,Aqua,00:00:00
2020-08-19,2020-08-19 00:00:00,1.1280298135854419,0.8613861386138614,13.428571428571429,Aqua,00:00:00
2020-08-22,2020-08-22 00:00:00,0.28898069997537795,0.320945945945946,1.9452736318407962,Aqua,00:00:00
2020-08-23,2020-08-23 00:00:00,0.8304437900232664,0.7425249169435216,6.767741935483872,Aqua,00:00:00
2020-08-24,2020-08-24 00:00:00,0.4601059542770622,0.48516439454691257,2.8847352024922115,Aqua,00:00:00
2020-08-26,2020-08-26 00:00:00,0.7375333994753795,0.69060773480663,5.4642857142857135,Aqua,00:00:00
2020-08-27,2020-08-27 00:00:00,0.8434179818962351,0.7491525423728813,6.972972972972972,Aqua,00:00:00
2020-08-28,2020-08-28 00:00:00,0.8810105959049013,0.7675350701402806,7.6034482758620685,Aqua,00:00:00
2020-08-30,2020-08-30 00:00:00,1.0462055633184024,0.8350186269292176,11.12258064516129,Aqua,00:00:00
2020-08-31,2020-08-31 00:00:00,0.18596201308197546,0.21088435374149656,1.5344827586206895,Aqua,00:00:00
2020-09-02,2020-09-02 00:00:00,0.022663984635943785,0.02608695652173912,1.0535714285714286,Aqua,00:00:00
2020-09-03,2020-09-03 00:00:00,0.565484544305282,0.5723684210526315,3.6769230769230767,Aqua,00:00:00
2020-09-04,2020-09-04 00:00:00,0.8390161592070606,0.7469204927211646,6.902654867256636,Aqua,00:00:00
2020-09-05,2020-09-05 00:00:00,0.7044849290073217,0.6701791359325606,5.063897763578274,Aqua,00:00:00
2020-09-07,2020-09-07 00:00:00,0.42944846014222315,0.45771812080536906,2.688118811881188,Aqua,00:00:00
2020-09-27,2020-09-27 00:00:00,0.5511013070814795,0.5611285266457681,3.5571428571428574,Aqua,00:00:00
2020-09-28,2020-09-28 00:00:00,0.6032385388135051,0.6008676789587852,4.010869565217392,Aqua,00:00:00
2020-09-29,2020-09-29 00:00:00,0.6083633600627011,0.6046242774566474,4.058479532163743,Aqua,00:00:00
2020-09-30,2020-09-30 00:00:00,0.3626940087896134,0.39487870619946097,2.305122494432071,Aqua,00:00:00
2020-10-01,2020-10-01 00:00:00,0.4671827321854826,0.4913693901035672,2.932126696832579,Aqua,00:00:00
2020-10-02,2020-10-02 00:00:00,0.20925962230833586,0.2363636363636364,1.619047619047619,Aqua,00:00:00
2020-10-03,2020-10-03 00:00:00,0.5770457184749915,0.58125,3.7761194029850746,Aqua,00:00:00
2020-10-04,2020-10-04 00:00:00,0.533029662723704,0.546707503828484,3.4121621621621623,Aqua,00:00:00
2020-10-05,2020-10-05 00:00:00,0.3736056675327486,0.40542946150422793,2.3637724550898205,Aqua,00:00:00
2020-10-06,2020-10-06 00:00:00,0.745546146377374,0.6954022988505747,5.566037735849057,Aqua,00:00:00
2020-10-08,2020-10-08 00:00:00,0.9201842841800658,0.7854346123727486,8.321167883211679,Aqua,00:00:00
2020-10-09,2020-10-09 00:00:00,0.5132258488543836,0.5305232558139535,3.260061919504644,Aqua,00:00:00
2020-10-15,2020-10-15 00:00:00,0.6233261634810118,0.6154395997140816,4.200743494423792,Aqua,00:00:00
2020-10-16,2020-10-16 00:00:00,0.46054311668638176,0.48554913294797697,2.8876404494382024,Aqua,00:00:00
2020-10-22,2020-10-22 00:00:00,0.3720632245786654,0.40394448502556607,2.355392156862745,Aqua,00:00:00
2020-10-25,2020-10-25 00:00:00,0.44466923093852456,0.4714587737843552,2.7840000000000003,Aqua,00:00:00
2020-10-26,2020-10-26 00:00:00,0.47895648918827005,0.5015829941203075,3.0127041742286753,Aqua,00:00:00
2020-10-27,2020-10-27 00:00:00,0.26380030048277064,0.29470529470529466,1.835694050991501,Aqua,00:00:00
2020-10-28,2020-10-28 00:00:00,0.29502050300868843,0.3271692745376956,1.9725158562367866,Aqua,00:00:00
2020-10-29,2020-10-29 00:00:00,0.5089307376513958,0.5269607843137254,3.227979274611399,Aqua,00:00:00
2020-10-31,2020-10-31 00:00:00,0.38518277821428787,0.416506717850288,2.4276315789473686,Aqua,00:00:00
2020-11-01,2020-11-01 00:00:00,0.2729081657321766,0.3042505592841163,1.8745980707395498,Aqua,00:00:00
2020-11-02,2020-11-02 00:00:00,0.38636236589935435,0.4176285414480588,2.4342342342342342,Aqua,00:00:00
2020-11-21,2020-11-21 00:00:00,0.23098267132079958,0.259832366215345,1.702090592334495,Aqua,00:00:00
2020-11-29,2020-11-29 00:00:00,0.3573483587521018,0.38967136150234744,2.276923076923077,Aqua,00:00:00
2020-12-01,2020-12-01 00:00:00,0.1643352018960217,0.18697225572979492,1.459940652818991,Aqua,00:00:00
2020-12-02,2020-12-02 00:00:00,0.4348994239738929,0.4626647144948756,2.722070844686648,Aqua,00:00:00
2020-12-04,2020-12-04 00:00:00,0.4734716997816286,0.4968421052631578,2.9748953974895396,Aqua,00:00:00
2020-12-05,2020-12-05 00:00:00,0.1550981330592752,0.17668939863608182,1.4292168674698795,Aqua,00:00:00
2020-12-06,2020-12-06 00:00:00,0.20072061447608816,0.2270606531881804,1.5875251509054324,Aqua,00:00:00
2020-12-07,2020-12-07 00:00:00,0.2810392124348675,0.3127208480565371,1.910025706940874,Aqua,00:00:00
2020-12-12,2020-12-12 00:00:00,0.20652121486053196,0.23338485316846988,1.6088709677419355,Aqua,00:00:00
2020-12-23,2020-12-23 00:00:00,0.32536955093890674,0.35800482703137565,2.115288220551378,Aqua,00:00:00
2020-12-27,2020-12-27 00:00:00,0.2536280711737961,0.2839746712128592,1.7931972789115644,Aqua,00:00:00
2020-12-28,2020-12-28 00:00:00,0.058336124368757895,0.0670611439842209,1.1437632135306555,Aqua,00:00:00
2021-01-13,2021-01-13 00:00:00,0.1220434293388863,0.13959028108623156,1.3244739756367665,Aqua,00:00:00
2021-01-14,2021-01-14 00:00:00,0.25998787784504185,0.29069212410501194,1.819650067294751,Aqua,00:00:00
2021-01-16,2021-01-16 00:00:00,0.2057727972732781,0.23256997455470732,1.6061007957559679,Aqua,00:00:00
2021-01-17,2021-01-17 00:00:00,0.21834917804600262,0.24621899576527528,1.6532905296950242,Aqua,00:00:00
2021-01-18,2021-01-18 00:00:00,0.23995125858167893,0.269434628975265,1.7376058041112452,Aqua,00:00:00
2021-01-19,2021-01-19 00:00:00,0.33060178640392696,0.36324523663183766,2.1409266409266405,Aqua,00:00:00
2021-01-23,2021-01-23 00:00:00,0.23344218085144902,0.26247086247086254,1.7117572692793934,Aqua,00:00:00
2021-02-10,2021-02-10 00:00:00,0.34474833312985964,0.37729866835764103,2.211812627291242,Aqua,00:00:00
2021-02-24,2021-02-24 00:00:00,0.5759985127546446,0.5804511278195488,3.7670250896057347,Aqua,00:00:00
2021-02-28,2021-02-28 00:00:00,0.5140443174227342,0.5312,3.266211604095563,Aqua,00:00:00
2021-03-03,2021-03-03 00:00:00,0.44620248754221076,0.47283049472830496,2.793846153846154,Aqua,00:00:00
2021-03-11,2021-03-11 00:00:00,0.6256520322494652,0.617100371747212,4.223300970873787,Aqua,00:00:00
2021-03-12,2021-03-12 00:00:00,0.49395824624990914,0.5143968871595331,3.1185897435897436,Aqua,00:00:00
2021-03-16,2021-03-16 00:00:00,0.45396057468003476,0.4797360980207352,2.844202898550724,Aqua,00:00:00
2021-03-17,2021-03-17 00:00:00,0.5805312670888099,0.5839009287925696,3.806547619047619,Aqua,00:00:00
2021-03-23,2021-03-23 00:00:00,0.7194111645785635,0.6795366795366795,5.240963855421687,Aqua,00:00:00
2021-03-27,2021-03-27 00:00:00,0.7754037840371768,0.7127329192546583,5.962162162162162,Aqua,00:00:00
2021-03-30,2021-03-30 00:00:00,0.6420863375795316,0.6286792452830189,4.386178861788618,Aqua,00:00:00
2021-03-31,2021-03-31 00:00:00,0.47633803632541594,0.49932341001353175,2.9945945945945946,Aqua,00:00:00
2021-04-01,2021-04-01 00:00:00,0.3164784869675596,0.3490480507706256,2.072423398328691,Aqua,00:00:00
2021-04-05,2021-04-05 00:00:00,0.5321536367252022,0.546,3.405286343612335,Aqua,00:00:00
2021-04-06,2021-04-06 00:00:00,0.5203557003746154,0.5363957597173143,3.3140243902439024,Aqua,00:00:00
2021-04-09,2021-04-09 00:00:00,0.724019724219195,0.6823821339950372,5.296875,Aqua,00:00:00
2021-04-11,2021-04-11 00:00:00,0.7659564356518317,0.7073398784478729,5.833865814696486,Aqua,00:00:00
2021-04-12,2021-04-12 00:00:00,0.44787057372011085,0.47432024169184295,2.804597701149425,Aqua,00:00:00
2021-04-13,2021-04-13 00:00:00,0.40963796782267176,0.4395017793594306,2.568253968253968,Aqua,00:00:00
2021-04-14,2021-04-14 00:00:00,0.628541877571492,0.6191562143671608,4.251497005988025,Aqua,00:00:00
2021-04-15,2021-04-15 00:00:00,0.5290853910864967,0.5435158501440923,3.3813131313131315,Aqua,00:00:00
2021-04-16,2021-04-16 00:00:00,0.4409090820652177,0.46808510638297873,2.76,Aqua,00:00:00
2021-04-17,2021-04-17 00:00:00,0.39889345467936016,0.42946708463949845,2.5054945054945055,Aqua,00:00:00
2021-04-18,2021-04-18 00:00:00,0.6315314508666727,0.6212741087083576,4.280864197530865,Aqua,00:00:00
2021-04-20,2021-04-20 00:00:00,0.5374756435078036,0.5502861815208504,3.4472727272727277,Aqua,00:00:00
2021-04-21,2021-04-21 00:00:00,0.695616362328431,0.664516129032258,4.961538461538462,Aqua,00:00:00
2021-04-22,2021-04-22 00:00:00,0.42611424893703786,0.45467836257309946,2.667560321715818,Aqua,00:00:00
2021-04-29,2021-04-29 00:00:00,0.5160246011485495,0.5328345802161264,3.2811387900355875,Aqua,00:00:00
2021-05-04,2021-05-04 00:00:00,0.5055579581356331,0.5241502683363148,3.203007518796992,Aqua,00:00:00
2021-05-10,2021-05-10 00:00:00,0.5132795580510533,0.5305676855895196,3.26046511627907,Aqua,00:00:00
2021-05-11,2021-05-11 00:00:00,0.6524335100114937,0.6358296622613804,4.491935483870967,Aqua,00:00:00
2021-05-12,2021-05-12 00:00:00,0.045537606424733465,0.052374968585071624,1.1107254814151366,Aqua,00:00:00
2021-05-13,2021-05-13 00:00:00,0.8332547673570948,0.743973399833749,6.811688311688312,Aqua,00:00:00
2021-05-14,2021-05-14 00:00:00,0.4690536329716294,0.49300155520995337,2.9447852760736195,Aqua,00:00:00
2021-05-15,2021-05-15 00:00:00,0.4925668310114987,0.5132178669097539,3.108614232209738,Aqua,00:00:00
2021-05-16,2021-05-16 00:00:00,0.5538626377101882,0.563302752293578,3.579831932773109,Aqua,00:00:00
2021-05-17,2021-05-17 00:00:00,0.4143763795168186,0.4438927507447865,2.5964285714285715,Aqua,00:00:00
2021-05-26,2021-05-26 00:00:00,0.5327417689989746,0.5464750785810508,3.4099009900990103,Aqua,00:00:00
2021-05-28,2021-05-28 00:00:00,0.4858810208670691,0.5075255869957858,3.0611246943765282,Aqua,00:00:00
2021-06-01,2021-06-01 00:00:00,0.29162252714215,0.3236714975845411,1.9571428571428573,Aqua,00:00:00
2021-06-02,2021-06-02 00:00:00,0.5510585751351598,0.5610948191593353,3.556792873051225,Aqua,00:00:00
2021-06-03,2021-06-03 00:00:00,0.7703726338100252,0.7098712446351931,5.893491124260355,Aqua,00:00:00
2021-06-04,2021-06-04 00:00:00,0.4232252330546052,0.45203588681849555,2.649874055415617,Aqua,00:00:00
2021-06-16,2021-06-16 00:00:00,0.6833023720806133,0.6565246788370521,4.822834645669292,Aqua,00:00:00
2021-06-17,2021-06-17 00:00:00,0.30849656034933565,0.34095238095238095,2.034682080924856,Aqua,00:00:00
2021-06-18,2021-06-18 00:00:00,0.6084001693589813,0.6046511627906977,4.0588235294117645,Aqua,00:00:00
2021-06-19,2021-06-19 00:00:00,0.6739961196986358,0.6503856041131105,4.720588235294118,Aqua,00:00:00
2021-06-20,2021-06-20 00:00:00,0.9377421870170113,0.7930565010211028,8.664473684210527,Aqua,00:00:00
2021-06-21,2021-06-21 00:00:00,0.8717396832852676,0.7631133671742809,7.442857142857142,Aqua,00:00:00
2021-06-23,2021-06-23 00:00:00,0.5516823031305421,0.5615866388308977,3.561904761904762,Aqua,00:00:00
2021-06-24,2021-06-24 00:00:00,0.19354124491191926,0.21920668058455114,1.5614973262032084,Aqua,00:00:00
2021-06-25,2021-06-25 00:00:00,0.6626147598694078,0.6427604871447903,4.598484848484849,Aqua,00:00:00
2021-06-26,2021-06-26 00:00:00,0.5381405735814049,0.5508196721311477,3.4525547445255476,Aqua,00:00:00
2021-06-27,2021-06-27 00:00:00,0.47795006123437794,0.5007153075822603,3.005730659025788,Aqua,00:00:00
2021-06-28,2021-06-28 00:00:00,0.4820285892144066,0.5042253521126759,3.034090909090909,Aqua,00:00:00
2021-06-29,2021-06-29 00:00:00,0.12446227525288198,0.14231974921630092,1.3318713450292397,Aqua,00:00:00
2021-06-30,2021-06-30 00:00:00,0.5886960297699809,0.5900621118012422,3.878787878787879,Aqua,00:00:00
2021-07-01,2021-07-01 00:00:00,0.5752529126454999,0.5798816568047338,3.7605633802816905,Aqua,00:00:00
2021-07-02,2021-07-02 00:00:00,0.5346469703247105,0.5480116391852571,3.4248927038626613,Aqua,00:00:00
2021-07-03,2021-07-03 00:00:00,0.3979400086720376,0.42857142857142866,2.5,Aqua,00:00:00
2021-07-04,2021-07-04 00:00:00,0.5994252341149949,0.5980551053484603,3.975806451612903,Aqua,00:00:00
2021-07-05,2021-07-05 00:00:00,0.5658478186735176,0.5726495726495726,3.6799999999999997,Aqua,00:00:00
2021-07-06,2021-07-06 00:00:00,0.21732143926087708,0.24510717614165886,1.6493827160493826,Aqua,00:00:00
2021-07-07,2021-07-07 00:00:00,0.6978306215699412,0.6659372720641867,4.986899563318778,Aqua,00:00:00
2021-07-08,2021-07-08 00:00:00,0.5516299501099371,0.5615453728661275,3.5614754098360657,Aqua,00:00:00
2021-07-09,2021-07-09 00:00:00,0.6840162914303594,0.6569920844327177,4.830769230769231,Aqua,00:00:00
2021-07-10,2021-07-10 00:00:00,0.2645131618382187,0.29545454545454547,1.8387096774193548,Aqua,00:00:00
2021-07-11,2021-07-11 00:00:00,0.5893480258118247,0.5905511811023623,3.884615384615385,Aqua,00:00:00
2021-07-12,2021-07-12 00:00:00,0.5074742420738193,0.5257485029940121,3.217171717171717,Aqua,00:00:00
2021-07-13,2021-07-13 00:00:00,0.37462862066364055,0.40641312453392997,2.369346733668342,Aqua,00:00:00
2021-07-14,2021-07-14 00:00:00,0.4641174544665545,0.4886877828054298,2.9115044247787605,Aqua,00:00:00
2021-07-15,2021-07-15 00:00:00,0.09415840201727765,0.107981220657277,1.2421052631578948,Aqua,00:00:00
2021-07-16,2021-07-16 00:00:00,0.8020477403173492,0.7274979355904211,6.339393939393939,Aqua,00:00:00
2021-07-17,2021-07-17 00:00:00,0.3149233115854461,0.34747474747474755,2.0650154798761613,Aqua,00:00:00
2021-07-18,2021-07-18 00:00:00,0.6242203730874689,0.616078753076292,4.2094017094017095,Aqua,00:00:00
2021-07-19,2021-07-19 00:00:00,0.5095732785008004,0.5274949083503055,3.232758620689655,Aqua,00:00:00
2021-07-20,2021-07-20 00:00:00,0.4634544730574401,0.4881065651760229,2.9070631970260226,Aqua,00:00:00
2021-07-21,2021-07-21 00:00:00,0.5585021200060605,0.5669383003492432,3.6182795698924726,Aqua,00:00:00
2021-07-22,2021-07-22 00:00:00,0.3945489581212591,0.4253790901835594,2.480555555555555,Aqua,00:00:00
2021-07-23,2021-07-23 00:00:00,0.7450855282903462,0.6951283394447353,5.560137457044673,Aqua,00:00:00
2021-07-24,2021-07-24 00:00:00,0.18160268431534168,0.2060836501901141,1.5191570881226055,Aqua,00:00:00
2021-07-25,2021-07-25 00:00:00,0.5675174364014194,0.5739400206825233,3.6941747572815533,Aqua,00:00:00
2021-07-26,2021-07-26 00:00:00,0.512001391821265,0.5295095594347464,3.250883392226148,Aqua,00:00:00
2021-08-02,2021-08-02 00:00:00,0.16281484804368784,0.18528252299605782,1.4548387096774194,Aqua,00:00:00
2021-08-03,2021-08-03 00:00:00,0.4642840300144903,0.4888337468982631,2.9126213592233015,Aqua,00:00:00
2021-08-04,2021-08-04 00:00:00,0.4310503072836667,0.45917471466198423,2.698051948051948,Aqua,00:00:00
2021-08-08,2021-08-08 00:00:00,0.7320541023752882,0.6872937293729374,5.395778364116095,Aqua,00:00:00
2021-08-09,2021-08-09 00:00:00,0.3229426734783988,0.3555664541441883,2.1035007610350074,Aqua,00:00:00
2021-08-10,2021-08-10 00:00:00,0.423836808302123,0.4525959367945824,2.6536082474226803,Aqua,00:00:00
2021-08-11,2021-08-11 00:00:00,0.6334219098979704,0.622608695652174,4.299539170506913,Aqua,00:00:00
2021-08-13,2021-08-13 00:00:00,0.835914657398206,0.7453376205787781,6.853535353535354,Aqua,00:00:00
2021-08-16,2021-08-16 00:00:00,0.607737124219653,0.6041666666666667,4.052631578947369,Aqua,00:00:00
2021-08-18,2021-08-18 00:00:00,0.3467874862246563,0.3793103448275862,2.2222222222222223,Aqua,00:00:00
2021-08-19,2021-08-19 00:00:00,0.5263228115604965,0.5412710007304601,3.359872611464968,Aqua,00:00:00
2021-08-22,2021-08-22 00:00:00,0.709393572252171,0.6732804232804233,5.1214574898785425,Aqua,00:00:00
2021-08-23,2021-08-23 00:00:00,0.6495118688967416,0.6338215712383489,4.461818181818182,Aqua,00:00:00
2021-08-25,2021-08-25 00:00:00,0.8638338221881604,0.7592853784673248,7.30859375,Aqua,00:00:00
2021-08-27,2021-08-27 00:00:00,0.5148427896837955,0.5318595578673602,3.2722222222222217,Aqua,00:00:00
2021-08-30,2021-08-30 00:00:00,0.3601514477826378,0.3924050632911392,2.2916666666666665,Aqua,00:00:00
2021-08-31,2021-08-31 00:00:00,0.5857611998292729,0.5878552971576226,3.8526645768025074,Aqua,00:00:00
2021-09-04,2021-09-04 00:00:00,0.46175875494486157,0.48661800486618007,2.895734597156398,Aqua,00:00:00
2021-09-05,2021-09-05 00:00:00,0.6690067809585756,0.6470588235294118,4.666666666666667,Aqua,00:00:00
2021-09-06,2021-09-06 00:00:00,0.4572460095475556,0.48264277715565507,2.865800865800866,Aqua,00:00:00
2021-09-08,2021-09-08 00:00:00,0.3274242663882441,0.3600654664484452,2.125319693094629,Aqua,00:00:00
2021-09-13,2021-09-13 00:00:00,0.5363241039863229,0.5493612078977933,3.4381443298969074,Aqua,00:00:00
2021-09-14,2021-09-14 00:00:00,0.6849691098948303,0.6576151121605667,4.841379310344827,Aqua,00:00:00
2021-09-15,2021-09-15 00:00:00,0.640252561568101,0.6274007682458388,4.367697594501719,Aqua,00:00:00
2021-09-16,2021-09-16 00:00:00,0.39022103266631136,0.4212893553223388,2.455958549222798,Aqua,00:00:00
2021-09-20,2021-09-20 00:00:00,0.530551762485739,0.544704264099037,3.392749244712991,Aqua,00:00:00
2021-09-21,2021-09-21 00:00:00,0.6841420099091367,0.6570743405275781,4.8321678321678325,Aqua,00:00:00
2021-09-24,2021-09-24 00:00:00,0.739063239337643,0.6915278783490224,5.483568075117371,Aqua,00:00:00
2021-09-26,2021-09-26 00:00:00,0.27238481421445115,0.30370370370370375,1.872340425531915,Aqua,00:00:00
2021-09-29,2021-09-29 00:00:00,0.9093614964352785,0.7806142800159552,8.116363636363637,Aqua,00:00:00
2021-09-30,2021-09-30 00:00:00,0.8022849301003631,0.727626459143969,6.342857142857143,Aqua,00:00:00
2021-10-01,2021-10-01 00:00:00,0.573530557572062,0.578563995837669,3.745679012345679,Aqua,00:00:00
2021-10-02,2021-10-02 00:00:00,0.5419526262276546,0.5538694992412747,3.4829931972789114,Aqua,00:00:00
2021-10-03,2021-10-03 00:00:00,0.4046598017213035,0.4348659003831418,2.538983050847458,Aqua,00:00:00
2021-10-06,2021-10-06 00:00:00,0.809661721560435,0.7315982106547377,6.451515151515151,Aqua,00:00:00
2021-10-07,2021-10-07 00:00:00,0.5812303693966273,0.5844311377245508,3.8126801152737753,Aqua,00:00:00
2021-10-08,2021-10-08 00:00:00,0.4969781753074018,0.516949152542373,3.1403508771929824,Aqua,00:00:00
2021-10-09,2021-10-09 00:00:00,0.35618526056503647,0.3885350318471337,2.2708333333333335,Aqua,00:00:00
2021-10-15,2021-10-15 00:00:00,0.5623707950991285,0.5699530516431924,3.6506550218340617,Aqua,00:00:00
2021-10-16,2021-10-16 00:00:00,0.31984314391663266,0.3524451939291737,2.0885416666666665,Aqua,00:00:00
2021-10-30,2021-10-30 00:00:00,0.1953488490046589,0.22118685630210888,1.5680100755667508,Aqua,00:00:00
2021-10-31,2021-10-31 00:00:00,0.24583094887046458,0.2757009345794393,1.7612903225806453,Aqua,00:00:00
2021-11-17,2021-11-17 00:00:00,0.2847984165095489,0.3166202414113278,1.9266304347826089,Aqua,00:00:00
2021-11-20,2021-11-20 00:00:00,0.1558984295974439,0.17758186397984888,1.431852986217458,Aqua,00:00:00
2021-11-21,2021-11-21 00:00:00,0.3035379592182726,0.33589743589743587,2.0115830115830113,Aqua,00:00:00
2021-11-22,2021-11-22 00:00:00,0.27152952617358445,0.3028095733610822,1.8686567164179104,Aqua,00:00:00
2021-11-29,2021-11-29 00:00:00,0.5462729626855402,0.5573080967402735,3.517814726840855,Aqua,00:00:00
2021-12-01,2021-12-01 00:00:00,0.30531482446404296,0.33771106941838647,2.0198300283286117,Aqua,00:00:00
2021-12-03,2021-12-03 00:00:00,0.2473760242572722,0.27734374999999994,1.7675675675675673,Aqua,00:00:00
2021-12-05,2021-12-05 00:00:00,0.37936876912558565,0.410958904109589,2.395348837209302,Aqua,00:00:00
2022-01-02,2022-01-02 00:00:00,0.5358056724503342,0.5489443378119002,3.4340425531914898,Aqua,00:00:00
2022-01-16,2022-01-16 00:00:00,1.7128600646644574,0.9619952494061756,51.625,Aqua,00:00:00
2022-01-21,2022-01-21 00:00:00,0.1589833563638251,0.18101933216168722,1.44206008583691,Aqua,00:00:00
2022-01-22,2022-01-22 00:00:00,1.006854846645749,0.8207739307535641,10.15909090909091,Aqua,00:00:00
2022-01-23,2022-01-23 00:00:00,0.36797678529459443,0.39999999999999997,2.3333333333333335,Aqua,00:00:00
2022-01-24,2022-01-24 00:00:00,0.8213404633123473,0.7377860235003093,6.6273584905660385,Aqua,00:00:00
2022-01-25,2022-01-25 00:00:00,0.3447176646514899,0.37726838586437433,2.211656441717791,Aqua,00:00:00
2022-01-26,2022-01-26 00:00:00,0.8485312158526508,0.7517241379310344,7.055555555555556,Aqua,00:00:00
2022-01-27,2022-01-27 00:00:00,0.3067071285556718,0.33913043478260874,2.0263157894736845,Aqua,00:00:00
2022-01-28,2022-01-28 00:00:00,0.20984921577643978,0.23700440528634353,1.621247113163972,Aqua,00:00:00
2022-01-29,2022-01-29 00:00:00,0.37047826685136775,0.4024163568773234,2.3468118195956453,Aqua,00:00:00
2022-02-06,2022-02-06 00:00:00,0.19084787054649374,0.21625282167042892,1.5518433179723503,Aqua,00:00:00
2022-02-10,2022-02-10 00:00:00,1.096515020273322,0.8517270429654591,12.488636363636363,Aqua,00:00:00
2022-02-11,2022-02-11 00:00:00,0.23460329093586177,0.2637151106833494,1.7163398692810459,Aqua,00:00:00
2022-02-12,2022-02-12 00:00:00,0.43111707600586024,0.4592353754030401,2.698466780238501,Aqua,00:00:00
2022-02-13,2022-02-13 00:00:00,0.24334417013542717,0.2730534625044851,1.751233958538993,Aqua,00:00:00
2022-02-17,2022-02-17 00:00:00,0.6532125137753437,0.6363636363636364,4.5,Aqua,00:00:00
2022-02-18,2022-02-18 00:00:00,0.4113466506371,0.44108761329305124,2.578378378378378,Aqua,00:00:00
2022-02-22,2022-02-22 00:00:00,-0.033992856481267826,-0.03824538824538823,0.9668660500950865,Aqua,00:00:00
2022-02-23,2022-02-23 00:00:00,0.5814528920040938,0.5845997973657547,3.8146341463414637,Aqua,00:00:00
2022-02-25,2022-02-25 00:00:00,0.6768764319731371,0.6522948539638386,4.752,Aqua,00:00:00
2022-03-05,2022-03-05 00:00:00,0.2796432451326273,0.3112701252236136,1.903896103896104,Aqua,00:00:00
2022-03-06,2022-03-06 00:00:00,0.39043856503288044,0.4214953271028037,2.45718901453958,Aqua,00:00:00
2022-03-07,2022-03-07 00:00:00,0.8815503091358339,0.7677902621722846,7.612903225806452,Aqua,00:00:00
2022-03-12,2022-03-12 00:00:00,0.3010299956639812,0.33333333333333337,2.0,Aqua,00:00:00
2022-03-22,2022-03-22 00:00:00,0.6038860394921868,0.601343784994401,4.0168539325842705,Aqua,00:00:00
2022-03-24,2022-03-24 00:00:00,0.5813082685992268,0.5844901866921973,3.813364055299539,Aqua,00:00:00
2022-04-24,2022-04-24 00:00:00,0.2756254158898865,0.3070866141732284,1.8863636363636365,Aqua,00:00:00
2022-05-21,2022-05-21 00:00:00,0.8394621643763762,0.747147421268827,6.909747292418772,Aqua,00:00:00
2022-05-23,2022-05-23 00:00:00,0.7456301219481055,0.6954522227899848,5.567114093959733,Aqua,00:00:00
2022-06-21,2022-06-21 00:00:00,0.635101094812341,0.6237911025145066,4.316195372750642,Aqua,00:00:00
2022-06-22,2022-06-22 00:00:00,0.6444224449916409,0.6303030303030304,4.409836065573771,Aqua,00:00:00
2022-06-23,2022-06-23 00:00:00,0.06787875239577053,0.07798960138648181,1.169172932330827,Aqua,00:00:00
2022-06-24,2022-06-24 00:00:00,0.8355341740082605,0.7451428571428573,6.8475336322869955,Aqua,00:00:00
2022-06-25,2022-06-25 00:00:00,0.7487729354877486,0.6973158195316962,5.607547169811321,Aqua,00:00:00
2022-06-26,2022-06-26 00:00:00,0.495781167013099,0.5159386068476978,3.131707317073171,Aqua,00:00:00
2022-06-27,2022-06-27 00:00:00,0.6115913427605248,0.6069767441860466,4.088757396449704,Aqua,00:00:00
2022-06-28,2022-06-28 00:00:00,0.7440221007519979,0.6944950783813343,5.546539379474941,Aqua,00:00:00
2022-06-29,2022-06-29 00:00:00,0.6684210836588766,0.6466666666666667,4.660377358490566,Aqua,00:00:00
2022-06-30,2022-06-30 00:00:00,0.3374304054731044,0.3700500682749203,2.1748554913294798,Aqua,00:00:00
2022-07-01,2022-07-01 00:00:00,0.6694856062351983,0.6473791695030633,4.671814671814672,Aqua,00:00:00
2022-07-03,2022-07-03 00:00:00,0.7580748324242842,0.7027766914352758,5.728947368421053,Aqua,00:00:00
2022-07-04,2022-07-04 00:00:00,0.6142631934193225,0.6089159067882473,4.113989637305699,Aqua,00:00:00
2022-07-07,2022-07-07 00:00:00,0.14757784723078685,0.1626815547353189,1.5043394741714495,Aqua,00:00:00
2022-07-08,2022-07-08 00:00:00,0.8810251852116046,0.7675419715884633,7.6037037037037045,Aqua,00:00:00
2022-07-09,2022-07-09 00:00:00,0.5810683806726412,0.5843083275980729,3.8112582781456954,Aqua,00:00:00
2022-07-11,2022-07-11 00:00:00,0.6522653062419517,0.6357142857142857,4.490196078431373,Aqua,00:00:00
2022-07-12,2022-07-12 00:00:00,0.3424226808222063,0.37500000000000006,2.2,Aqua,00:00:00
2022-07-14,2022-07-14 00:00:00,0.5342252551972623,0.5476718403547671,3.4215686274509802,Aqua,00:00:00
2022-07-15,2022-07-15 00:00:00,0.8355236956087573,0.7451374916163649,6.847368421052631,Aqua,00:00:00
2022-07-16,2022-07-16 00:00:00,0.045182429212428696,0.05197132616487454,1.109640831758034,Aqua,00:00:00
2022-07-17,2022-07-17 00:00:00,0.7437910825907923,0.6943573667711599,5.543589743589743,Aqua,00:00:00
2022-07-18,2022-07-18 00:00:00,0.8013568660578002,0.7271232876712328,6.329317269076306,Aqua,00:00:00
2022-07-19,2022-07-19 00:00:00,0.715464182197577,0.6770833333333334,5.193548387096774,Aqua,00:00:00
2022-07-20,2022-07-20 00:00:00,0.6762621197911571,0.651888341543514,4.745283018867925,Aqua,00:00:00
2022-07-21,2022-07-21 00:00:00,0.5512864013554574,0.5612745098039216,3.5586592178770955,Aqua,00:00:00
2022-07-22,2022-07-22 00:00:00,0.8249581844237285,0.7396780965710287,6.682795698924731,Aqua,00:00:00
2022-07-23,2022-07-23 00:00:00,0.4024312015604993,0.4327830188679245,2.525987525987526,Aqua,00:00:00
2022-07-24,2022-07-24 00:00:00,0.7595846544811771,0.7036553524804178,5.748898678414097,Aqua,00:00:00
2022-07-25,2022-07-25 00:00:00,0.47157108995689945,0.49519230769230765,2.961904761904762,Aqua,00:00:00
2022-07-26,2022-07-26 00:00:00,0.6202993926586892,0.6132701421800948,4.171568627450981,Aqua,00:00:00
2022-07-27,2022-07-27 00:00:00,0.5435549970585922,0.5551470588235294,3.4958677685950414,Aqua,00:00:00
2022-07-28,2022-07-28 00:00:00,0.6492390690234316,0.6336336336336336,4.459016393442623,Aqua,00:00:00
2022-07-29,2022-07-29 00:00:00,0.587236215010938,0.5889655172413792,3.865771812080537,Aqua,00:00:00
2022-07-30,2022-07-30 00:00:00,0.303080170117599,0.33542976939203356,2.0094637223974767,Aqua,00:00:00
2022-07-31,2022-07-31 00:00:00,0.5274447624825843,0.5421836228287841,3.368563685636856,Aqua,00:00:00
2022-08-01,2022-08-01 00:00:00,0.44244205281918336,0.46946216955332726,2.7697594501718212,Aqua,00:00:00
2022-08-02,2022-08-02 00:00:00,0.6218835833545256,0.6144067796610169,4.186813186813186,Aqua,00:00:00
2022-08-03,2022-08-03 00:00:00,0.6541862686270153,0.6370302474793768,4.51010101010101,Aqua,00:00:00
2022-08-04,2022-08-04 00:00:00,0.7227186711889555,0.6815809097688293,5.2810304449648715,Aqua,00:00:00
2022-08-05,2022-08-05 00:00:00,0.6915932752772644,0.6619217081850534,4.915789473684211,Aqua,00:00:00
2022-08-06,2022-08-06 00:00:00,0.661420658259554,0.6419529837251357,4.585858585858586,Aqua,00:00:00
2022-08-07,2022-08-07 00:00:00,0.5495012254007516,0.5598650927487353,3.544061302681992,Aqua,00:00:00
2022-08-08,2022-08-08 00:00:00,0.6293703869242893,0.6197440585009141,4.259615384615385,Aqua,00:00:00
2022-08-09,2022-08-09 00:00:00,0.4061190542110686,0.43622722400857444,2.5475285171102664,Aqua,00:00:00
2022-08-10,2022-08-10 00:00:00,0.5462319475908657,0.5572755417956656,3.517482517482518,Aqua,00:00:00
2022-08-11,2022-08-11 00:00:00,0.5557410340027196,0.5647773279352226,3.5953488372093023,Aqua,00:00:00
2022-08-12,2022-08-12 00:00:00,0.5589595997516207,0.5672955974842767,3.622093023255814,Aqua,00:00:00
2022-08-13,2022-08-13 00:00:00,0.5614421404196983,0.5692307692307692,3.642857142857143,Aqua,00:00:00
2022-08-14,2022-08-14 00:00:00,0.7313547773133106,0.686868686868687,5.387096774193548,Aqua,00:00:00
2022-08-15,2022-08-15 00:00:00,0.401650730073385,0.4320524835988754,2.5214521452145218,Aqua,00:00:00
2022-08-16,2022-08-16 00:00:00,0.7220834590208604,0.6811891337775501,5.273311897106109,Aqua,00:00:00
2022-08-19,2022-08-19 00:00:00,0.6423122964473966,0.6288365453247681,4.388461538461538,Aqua,00:00:00
2022-08-20,2022-08-20 00:00:00,0.6830063885517316,0.6563307493540051,4.819548872180451,Aqua,00:00:00
2022-08-21,2022-08-21 00:00:00,0.6815549206553156,0.655378486055777,4.803468208092486,Aqua,00:00:00
2022-08-22,2022-08-22 00:00:00,0.6041529808338063,0.6015399422521657,4.0193236714975855,Aqua,00:00:00
2022-08-23,2022-08-23 00:00:00,0.7059327904583774,0.6710963455149502,5.08080808080808,Aqua,00:00:00
2022-08-24,2022-08-24 00:00:00,0.6489851650861485,0.6334586466165413,4.456410256410257,Aqua,00:00:00
2022-08-25,2022-08-25 00:00:00,0.572631284303412,0.5778748180494905,3.737931034482759,Aqua,00:00:00
2022-08-26,2022-08-26 00:00:00,0.503487377780568,0.5224191866527633,3.1877729257641927,Aqua,00:00:00
2022-08-27,2022-08-27 00:00:00,0.5794746001741037,0.5830985915492958,3.797297297297297,Aqua,00:00:00
2022-08-28,2022-08-28 00:00:00,0.698405618964968,0.6663055254604551,4.993506493506494,Aqua,00:00:00
2022-08-30,2022-08-30 00:00:00,0.5426973083930939,0.5544635544635544,3.488970588235294,Aqua,00:00:00
2022-08-31,2022-08-31 00:00:00,0.5515824586739538,0.5615079365079365,3.561085972850679,Aqua,00:00:00
2022-09-01,2022-09-01 00:00:00,0.4967436447588868,0.516751269035533,3.138655462184874,Aqua,00:00:00
2022-09-03,2022-09-03 00:00:00,0.6877420245731877,0.6594231529039907,4.872389791183295,Aqua,00:00:00
2022-09-04,2022-09-04 00:00:00,0.5309271983799927,0.5450081833060556,3.39568345323741,Aqua,00:00:00
2022-09-05,2022-09-05 00:00:00,0.5659331222024991,0.5727155727155726,3.680722891566265,Aqua,00:00:00
2022-09-06,2022-09-06 00:00:00,0.7422012536996743,0.6934082779764946,5.523333333333333,Aqua,00:00:00
2022-09-07,2022-09-07 00:00:00,0.6145799854804878,0.6091453456722917,4.116991643454039,Aqua,00:00:00
2022-09-08,2022-09-08 00:00:00,0.7341926562183504,0.6885906040268457,5.4224137931034475,Aqua,00:00:00
2022-09-09,2022-09-09 00:00:00,0.4828213145999766,0.5049056603773586,3.0396341463414633,Aqua,00:00:00
2022-09-12,2022-09-12 00:00:00,0.553918082029602,0.5631846823458524,3.583299704062416,Aqua,00:00:00
2022-09-14,2022-09-14 00:00:00,0.3724540876493386,0.40432098765432095,2.3575129533678756,Aqua,00:00:00
2022-09-19,2022-09-19 00:00:00,0.5861693962122287,0.5881627620221948,3.8562874251497004,Aqua,00:00:00
2022-09-23,2022-09-23 00:00:00,0.6852924191101193,0.657826313052522,4.844984802431611,Aqua,00:00:00
2022-09-24,2022-09-24 00:00:00,0.633331331603737,0.6225448334756617,4.298642533936651,Aqua,00:00:00
2022-09-25,2022-09-25 00:00:00,0.6458972378675455,0.6313253012048192,4.42483660130719,Aqua,00:00:00
2022-09-26,2022-09-26 00:00:00,0.4993698091486228,0.5189639222941721,3.1576923076923076,Aqua,00:00:00
2022-09-27,2022-09-27 00:00:00,0.5816385311794051,0.5847404627892432,3.8162650602409642,Aqua,00:00:00
2022-09-30,2022-09-30 00:00:00,0.5517548730165667,0.5616438356164383,3.5625,Aqua,00:00:00
2022-10-01,2022-10-01 00:00:00,0.6660479571286241,0.6450742240215924,4.634980988593156,Aqua,00:00:00
2022-10-02,2022-10-02 00:00:00,0.6006657863363571,0.5989717223650385,3.9871794871794872,Aqua,00:00:00
2022-10-03,2022-10-03 00:00:00,0.5066764982813785,0.5250836120401339,3.211267605633803,Aqua,00:00:00
2022-10-04,2022-10-04 00:00:00,0.26225327853051533,0.2930780559646539,1.8291666666666666,Aqua,00:00:00
2022-10-05,2022-10-05 00:00:00,0.555301986461584,0.5644329896907218,3.591715976331361,Aqua,00:00:00
2022-10-06,2022-10-06 00:00:00,0.5020217932569635,0.5211912943871706,3.177033492822966,Aqua,00:00:00
2022-10-08,2022-10-08 00:00:00,0.5501572213733523,0.5603833865814697,3.5494186046511627,Aqua,00:00:00
2022-10-09,2022-10-09 00:00:00,0.5047486588871563,0.5234741784037559,3.197044334975369,Aqua,00:00:00
2022-10-11,2022-10-11 00:00:00,0.5358992552728485,0.5490196078431372,3.4347826086956523,Aqua,00:00:00
2022-10-12,2022-10-12 00:00:00,0.5875439607938566,0.5891968727789623,3.868512110726644,Aqua,00:00:00
2022-10-13,2022-10-13 00:00:00,0.6814792721756834,0.655328798185941,4.802631578947369,Aqua,00:00:00
2022-10-14,2022-10-14 00:00:00,0.5090473525032496,0.5270577535243293,3.228846153846154,Aqua,00:00:00
2022-10-16,2022-10-16 00:00:00,0.5002180191441886,0.5196770938446014,3.1638655462184873,Aqua,00:00:00
2022-10-17,2022-10-17 00:00:00,0.6069515335832217,0.6035920461834509,4.0453074433656955,Aqua,00:00:00
2022-10-18,2022-10-18 00:00:00,0.5196325354271388,0.5358024691358025,3.3085106382978724,Aqua,00:00:00
2022-10-19,2022-10-19 00:00:00,0.4605521532864695,0.4855570839064649,2.887700534759358,Aqua,00:00:00
2022-10-27,2022-10-27 00:00:00,0.34183153579186554,0.37441497659906386,2.1970074812967577,Aqua,00:00:00
2022-11-10,2022-11-10 00:00:00,0.48830542167217617,0.5095948827292112,3.0782608695652174,Aqua,00:00:00
2022-11-14,2022-11-14 00:00:00,0.7814919936406728,0.7161643835616438,6.046332046332046,Aqua,00:00:00
2022-11-15,2022-11-15 00:00:00,0.09202189040785007,0.10554951033732317,1.2360097323600974,Aqua,00:00:00
2022-11-16,2022-11-16 00:00:00,0.32293183711181095,0.3555555555555555,2.103448275862069,Aqua,00:00:00
2022-11-17,2022-11-17 00:00:00,0.648028253298697,0.6327985739750447,4.446601941747573,Aqua,00:00:00
2022-11-18,2022-11-18 00:00:00,0.23360818783240045,0.26264880952380953,1.7124117053481331,Aqua,00:00:00
2022-11-19,2022-11-19 00:00:00,0.33055133891318655,0.3631948192120885,2.140677966101695,Aqua,00:00:00
2022-11-20,2022-11-20 00:00:00,0.17729847173544488,0.20133388912046685,1.5041753653444676,Aqua,00:00:00
2022-11-23,2022-11-23 00:00:00,0.41513016128969205,0.4445893089960887,2.6009389671361505,Aqua,00:00:00
2022-11-24,2022-11-24 00:00:00,0.34472432566088296,0.3772749631087063,2.211690363349131,Aqua,00:00:00
2022-11-26,2022-11-26 00:00:00,0.33901700045991945,0.37162550258472143,2.182815356489945,Aqua,00:00:00
2022-12-03,2022-12-03 00:00:00,0.3162699622207181,0.3488372093023256,2.0714285714285716,Aqua,00:00:00
2022-12-05,2022-12-05 00:00:00,0.13161005798887615,0.15037264357737834,1.3539731682146543,Aqua,00:00:00
2022-12-14,2022-12-14 00:00:00,0.5180372824208982,0.5344918378093733,3.2963800904977374,Aqua,00:00:00
2022-12-16,2022-12-16 00:00:00,0.40626539745616874,0.43636363636363634,2.5483870967741935,Aqua,00:00:00
2022-12-17,2022-12-17 00:00:00,0.4121298690313466,0.4418136020151133,2.583032490974729,Aqua,00:00:00
2023-01-23,2023-01-23 00:00:00,0.37439970026779706,0.40619307832422585,2.368098159509202,Aqua,00:00:00
2023-01-24,2023-01-24 00:00:00,0.17788463179772473,0.20198128783709407,1.5062068965517241,Aqua,00:00:00
2023-01-25,2023-01-25 00:00:00,0.36861264848564185,0.4006147540983607,2.336752136752137,Aqua,00:00:00
2023-01-29,2023-01-29 00:00:00,0.2669717704047221,0.2980358667805294,1.849148418491484,Aqua,00:00:00
2023-01-30,2023-01-30 00:00:00,0.3318710252662992,0.36451301832208294,2.1471927162367224,Aqua,00:00:00
2023-02-01,2023-02-01 00:00:00,0.3599379828081247,0.3921971252566735,2.2905405405405403,Aqua,00:00:00
2023-02-09,2023-02-09 00:00:00,0.18569285459344084,0.21058823529411763,1.533532041728763,Aqua,00:00:00
2023-02-11,2023-02-11 00:00:00,0.25447971849479084,0.2848758465011286,1.7967171717171717,Aqua,00:00:00
2023-02-24,2023-02-24 00:00:00,0.5704435703626668,0.57619477006312,3.719148936170213,Aqua,00:00:00
2023-02-25,2023-02-25 00:00:00,0.5060463552777571,0.5245579567779961,3.2066115702479334,Aqua,00:00:00
2023-03-16,2023-03-16 00:00:00,0.6731889364501017,0.6498490728762398,4.711822660098521,Aqua,00:00:00
2023-03-29,2023-03-29 00:00:00,0.44773747703445277,0.47420147420147424,2.803738317757009,Aqua,00:00:00
2023-04-25,2023-04-25 00:00:00,0.6153512371918598,0.6097035040431267,4.124309392265194,Aqua,00:00:00
2023-04-27,2023-04-27 00:00:00,0.40964676820528795,0.439509954058193,2.5683060109289615,Aqua,00:00:00
2023-04-28,2023-04-28 00:00:00,0.5031495395830652,0.5221363316936051,3.1852941176470586,Aqua,00:00:00
2023-04-29,2023-04-29 00:00:00,0.4585019833959151,0.4837511606313834,2.8741007194244603,Aqua,00:00:00
2023-05-12,2023-05-12 00:00:00,0.6543950726595911,0.6371730662214802,4.512269938650307,Aqua,00:00:00
2023-05-13,2023-05-13 00:00:00,0.4967478884231798,0.5167548500881834,3.1386861313868617,Aqua,00:00:00
2023-05-14,2023-05-14 00:00:00,0.27361685612414277,0.3049907578558226,1.8776595744680853,Aqua,00:00:00
2023-05-16,2023-05-16 00:00:00,0.7621032027444652,0.7051162790697674,5.782334384858045,Aqua,00:00:00
2023-05-17,2023-05-17 00:00:00,0.5404030902638702,0.5526315789473684,3.4705882352941173,Aqua,00:00:00
2023-05-18,2023-05-18 00:00:00,0.560968794888477,0.5688622754491017,3.638888888888889,Aqua,00:00:00
2023-05-19,2023-05-19 00:00:00,0.6129028578115618,0.6079295154185023,4.101123595505618,Aqua,00:00:00
2023-05-20,2023-05-20 00:00:00,0.47557020134992434,0.4986595174262735,2.9893048128342246,Aqua,00:00:00
2023-05-23,2023-05-23 00:00:00,0.6539430345226998,0.6368638239339753,4.507575757575758,Aqua,00:00:00
2023-05-24,2023-05-24 00:00:00,0.538004957661219,0.5507109004739337,3.4514767932489447,Aqua,00:00:00
2023-05-25,2023-05-25 00:00:00,0.45681572975933765,0.48226270373921387,2.862962962962963,Aqua,00:00:00
2023-05-28,2023-05-28 00:00:00,0.5183946445929997,0.5347856640899508,3.2990936555891235,Aqua,00:00:00
2023-05-29,2023-05-29 00:00:00,0.21841217792074266,0.2462871287128713,1.6535303776683088,Aqua,00:00:00
2023-05-30,2023-05-30 00:00:00,0.6266660253405342,0.6178226917776757,4.233173076923077,Aqua,00:00:00
2023-05-31,2023-05-31 00:00:00,0.28463957947581187,0.3164556962025317,1.925925925925926,Aqua,00:00:00
2023-06-01,2023-06-01 00:00:00,0.6231488870956609,0.6153127917833802,4.199029126213593,Aqua,00:00:00
2023-06-02,2023-06-02 00:00:00,0.7319467248046988,0.6872284969591659,5.394444444444444,Aqua,00:00:00
2023-06-03,2023-06-03 00:00:00,0.5553242748898268,0.5644504748982361,3.591900311526479,Aqua,00:00:00
2023-06-04,2023-06-04 00:00:00,0.6493657704514982,0.6337209302325582,4.4603174603174605,Aqua,00:00:00
2023-06-05,2023-06-05 00:00:00,0.25664716660523323,0.28716707021791776,1.8057065217391308,Aqua,00:00:00
2023-06-06,2023-06-06 00:00:00,0.5286629970245208,0.5431731178222033,3.3780260707635006,Aqua,00:00:00
2023-06-07,2023-06-07 00:00:00,0.37629808373319473,0.40801644398766695,2.3784722222222223,Aqua,00:00:00
2023-06-10,2023-06-10 00:00:00,0.3961637506462345,0.4269005847953216,2.4897959183673466,Aqua,00:00:00
2023-06-11,2023-06-11 00:00:00,0.6386035600167271,0.6262482168330956,4.351145038167939,Aqua,00:00:00
2023-06-14,2023-06-14 00:00:00,0.40378339416737574,0.4340473506200677,2.5338645418326693,Aqua,00:00:00
2023-06-16,2023-06-16 00:00:00,0.40590893834331293,0.43603133159268925,2.5462962962962963,Aqua,00:00:00
2023-06-21,2023-06-21 00:00:00,0.6480728741229326,0.6328293736501079,4.447058823529411,Aqua,00:00:00
2023-06-22,2023-06-22 00:00:00,0.5350365186421657,0.5483253588516747,3.4279661016949152,Aqua,00:00:00
2023-06-24,2023-06-24 00:00:00,0.49817048138654685,0.5179542981501633,3.1489841986455986,Aqua,00:00:00
2023-06-25,2023-06-25 00:00:00,0.6594953644989807,0.6406480117820325,4.565573770491803,Aqua,00:00:00
2023-06-26,2023-06-26 00:00:00,0.663412218267317,0.643298969072165,4.606936416184972,Aqua,00:00:00
2023-06-27,2023-06-27 00:00:00,0.7136284362469991,0.6759371221281741,5.171641791044776,Aqua,00:00:00
2023-06-28,2023-06-28 00:00:00,0.7461023476861335,0.6957328385899815,5.573170731707317,Aqua,00:00:00
2023-06-29,2023-06-29 00:00:00,0.6603910984024671,0.6412556053811659,4.575,Aqua,00:00:00
2023-06-30,2023-06-30 00:00:00,0.7521094485192935,0.6992840095465394,5.650793650793651,Aqua,00:00:00
2023-07-01,2023-07-01 00:00:00,0.23715586646033998,0.2664473684210526,1.726457399103139,Aqua,00:00:00
2023-07-02,2023-07-02 00:00:00,0.6947890384049634,0.663983903420523,4.952095808383234,Aqua,00:00:00
2023-07-03,2023-07-03 00:00:00,0.19991594232969412,0.22618181818181812,1.5845864661654134,Aqua,00:00:00
2023-07-04,2023-07-04 00:00:00,0.6511093886875794,0.6349206349206349,4.478260869565218,Aqua,00:00:00
2023-07-05,2023-07-05 00:00:00,0.5295506206641346,0.5438931297709922,3.3849372384937237,Aqua,00:00:00
2023-07-06,2023-07-06 00:00:00,0.5068369463252844,0.5252173913043477,3.212454212454212,Aqua,00:00:00
2023-07-07,2023-07-07 00:00:00,0.6084682086011546,0.6047008547008547,4.059459459459459,Aqua,00:00:00
2023-07-08,2023-07-08 00:00:00,0.36975752529610284,0.4017207147584381,2.3429203539823007,Aqua,00:00:00
2023-07-09,2023-07-09 00:00:00,0.6594316341102747,0.6406047516198704,4.564903846153846,Aqua,00:00:00
2023-07-10,2023-07-10 00:00:00,0.20777386782561116,0.2347480106100796,1.6135181975736568,Aqua,00:00:00
2023-07-11,2023-07-11 00:00:00,0.6713864827039302,0.6486486486486487,4.692307692307692,Aqua,00:00:00
2023-07-12,2023-07-12 00:00:00,0.5715219240785009,0.577023498694517,3.728395061728395,Aqua,00:00:00
2023-07-13,2023-07-13 00:00:00,0.6646154949926038,0.6441102756892231,4.619718309859155,Aqua,00:00:00
2023-07-14,2023-07-14 00:00:00,0.7138019910770286,0.6760456273764259,5.173708920187794,Aqua,00:00:00
2023-07-15,2023-07-15 00:00:00,0.8090958001827872,0.7312952534191474,6.44311377245509,Aqua,00:00:00
2023-07-16,2023-07-16 00:00:00,0.6736641390712486,0.6501650165016503,4.716981132075472,Aqua,00:00:00
2023-07-17,2023-07-17 00:00:00,0.5629078673658141,0.5703703703703704,3.655172413793103,Aqua,00:00:00
2023-07-18,2023-07-18 00:00:00,0.7555572728562163,0.7013067828251401,5.695833333333334,Aqua,00:00:00
2023-07-19,2023-07-19 00:00:00,0.5918247694134192,0.5924050632911392,3.9068322981366457,Aqua,00:00:00
2023-07-20,2023-07-20 00:00:00,0.7602339466362688,0.7040325564187939,5.7575,Aqua,00:00:00
2023-07-21,2023-07-21 00:00:00,0.5376489503181485,0.5504252733900364,3.4486486486486485,Aqua,00:00:00
2023-07-22,2023-07-22 00:00:00,0.6607188867068617,0.6414777497900923,4.578454332552693,Aqua,00:00:00
2023-07-23,2023-07-23 00:00:00,0.5108334342463702,0.5285412262156448,3.2421524663677133,Aqua,00:00:00
2023-07-25,2023-07-25 00:00:00,0.6353413785192908,0.6239600665557405,4.31858407079646,Aqua,00:00:00
2023-07-26,2023-07-26 00:00:00,0.5025152211069386,0.521604938271605,3.180645161290323,Aqua,00:00:00
2023-07-27,2023-07-27 00:00:00,0.6427972788468044,0.6291739894551844,4.393364928909953,Aqua,00:00:00
2023-07-28,2023-07-28 00:00:00,0.5552635182576293,0.5644028103044495,3.591397849462365,Aqua,00:00:00
2023-07-29,2023-07-29 00:00:00,0.3806523737778762,0.41218637992831536,2.402439024390244,Aqua,00:00:00
2023-07-30,2023-07-30 00:00:00,0.639259678253372,0.6267071320182094,4.357723577235772,Aqua,00:00:00
2023-07-31,2023-07-31 00:00:00,0.5982387631124843,0.5971769815418024,3.964959568733154,Aqua,00:00:00
2023-08-01,2023-08-01 00:00:00,0.6789733759197651,0.6536796536796536,4.775,Aqua,00:00:00
2023-08-02,2023-08-02 00:00:00,0.5040751814576319,0.522911051212938,3.192090395480226,Aqua,00:00:00
2023-08-03,2023-08-03 00:00:00,0.47029718306543117,0.49408450704225354,2.953229398663697,Aqua,00:00:00
2023-08-07,2023-08-07 00:00:00,0.5917850293347519,0.592375366568915,3.9064748201438846,Aqua,00:00:00
2023-08-08,2023-08-08 00:00:00,0.5397892463710006,0.5521405049396267,3.4656862745098036,Aqua,00:00:00
2023-08-09,2023-08-09 00:00:00,0.37878965457681185,0.4104046242774566,2.392156862745098,Aqua,00:00:00
2023-08-10,2023-08-10 00:00:00,0.5975023161624209,0.5966312056737588,3.9582417582417584,Aqua,00:00:00
2023-08-11,2023-08-11 00:00:00,0.6650356762764852,0.6443932411674347,4.624190064794816,Aqua,00:00:00
2023-08-12,2023-08-12 00:00:00,0.1444704211395554,0.1648106904231626,1.3946666666666667,Aqua,00:00:00
2023-08-13,2023-08-13 00:00:00,0.5941007982187362,0.5941031941031941,3.927360774818402,Aqua,00:00:00
2023-08-16,2023-08-16 00:00:00,0.4107926779790679,0.44057377049180324,2.575091575091575,Aqua,00:00:00
2023-08-18,2023-08-18 00:00:00,0.6334684555795865,0.6226415094339623,4.3,Aqua,00:00:00
2023-08-19,2023-08-19 00:00:00,0.45067026684167044,0.4768145161290323,2.8227360308285165,Aqua,00:00:00
2023-08-22,2023-08-22 00:00:00,0.715041687358708,0.6768198244708312,5.18849840255591,Aqua,00:00:00
2023-08-23,2023-08-23 00:00:00,0.5325763136638163,0.5463414634146341,3.408602150537634,Aqua,00:00:00
2023-08-24,2023-08-24 00:00:00,0.3940658127582702,0.424923391215526,2.4777975133214922,Aqua,00:00:00
2023-08-26,2023-08-26 00:00:00,0.49979036174949065,0.5193176116407426,3.160751565762004,Aqua,00:00:00
2023-08-27,2023-08-27 00:00:00,0.7625101464825152,0.7053517739025857,5.7877551020408164,Aqua,00:00:00
2023-08-28,2023-08-28 00:00:00,0.7525971459112555,0.6995708154506438,5.657142857142857,Aqua,00:00:00
2023-09-05,2023-09-05 00:00:00,0.5469468463662183,0.5578427336352408,3.5232774674115452,Aqua,00:00:00
2023-09-06,2023-09-06 00:00:00,0.6300423926539469,0.6202203499675956,4.266211604095563,Aqua,00:00:00
2023-09-07,2023-09-07 00:00:00,0.21013174595988424,0.23731138545953362,1.6223021582733812,Aqua,00:00:00
2023-09-08,2023-09-08 00:00:00,0.6060289667651824,0.6029164329781267,4.036723163841808,Aqua,00:00:00
2023-09-09,2023-09-09 00:00:00,0.4582142710325445,0.4834973943254198,2.8721973094170408,Aqua,00:00:00
2023-09-10,2023-09-10 00:00:00,0.555665577874522,0.5647181628392485,3.594724220623501,Aqua,00:00:00
2023-09-12,2023-09-12 00:00:00,0.24802884690859617,0.2780373831775701,1.7702265372168287,Aqua,00:00:00
2023-09-13,2023-09-13 00:00:00,0.7068630680831073,0.6716845878136201,5.0917030567685595,Aqua,00:00:00
2023-09-14,2023-09-14 00:00:00,0.4766200492607988,0.49956709956709955,2.9965397923875434,Aqua,00:00:00
2023-09-15,2023-09-15 00:00:00,0.41234331839868366,0.4420113544201136,2.5843023255813957,Aqua,00:00:00
2023-09-17,2023-09-17 00:00:00,0.35143179280445536,0.38387869114126094,2.2461139896373057,Aqua,00:00:00
2023-09-19,2023-09-19 00:00:00,0.41161058222541397,0.44133232399697203,2.5799457994579944,Aqua,00:00:00
2023-09-22,2023-09-22 00:00:00,0.3856806278966786,0.41698034295273945,2.430416068866571,Aqua,00:00:00
2023-10-01,2023-10-01 00:00:00,0.4861839082317934,0.5077844311377246,3.0632603406326036,Aqua,00:00:00
2023-10-04,2023-10-04 00:00:00,0.7837177772689033,0.7174103237095364,6.077399380804954,Aqua,00:00:00
2023-10-05,2023-10-05 00:00:00,0.5910113226289226,0.591796875,3.8995215311004783,Aqua,00:00:00
2023-10-06,2023-10-06 00:00:00,0.5112525773067599,0.528888888888889,3.2452830188679247,Aqua,00:00:00
2023-10-07,2023-10-07 00:00:00,0.407485326578268,0.4375000000000001,2.555555555555556,Aqua,00:00:00
2023-10-08,2023-10-08 00:00:00,0.33616108621208685,0.3687881429816914,2.1685082872928176,Aqua,00:00:00
2023-10-17,2023-10-17 00:00:00,0.5742815094412994,0.5791388720436628,3.7521613832853027,Aqua,00:00:00
2023-10-18,2023-10-18 00:00:00,0.792698358557886,0.7223910840932117,6.204379562043796,Aqua,00:00:00
2023-10-19,2023-10-19 00:00:00,0.6674529528899539,0.6460176991150441,4.6499999999999995,Aqua,00:00:00
2023-10-28,2023-10-28 00:00:00,0.6739815716881862,0.6503759398496239,4.720430107526881,Aqua,00:00:00
2023-10-29,2023-10-29 00:00:00,0.413825504609287,0.4433833560709413,2.593137254901961,Aqua,00:00:00
2023-10-30,2023-10-30 00:00:00,0.3925096407376108,0.423454157782516,2.4689349112426036,Aqua,00:00:00
2023-10-31,2023-10-31 00:00:00,0.2218487496163564,0.25,1.6666666666666667,Aqua,00:00:00
2023-11-08,2023-11-08 00:00:00,0.36107089713783763,0.39330024813895786,2.2965235173824134,Aqua,00:00:00
2023-11-16,2023-11-16 00:00:00,0.4786072937466554,0.5012820512820513,3.0102827763496145,Aqua,00:00:00
2023-11-17,2023-11-17 00:00:00,0.13469857389745615,0.15384615384615385,1.3636363636363635,Aqua,00:00:00
2023-11-23,2023-11-23 00:00:00,0.47580918580052955,0.4988662131519275,2.990950226244344,Aqua,00:00:00
2023-11-24,2023-11-24 00:00:00,0.23198591547921674,0.260909090909091,1.706027060270603,Aqua,00:00:00
2023-11-25,2023-11-25 00:00:00,0.4163191044143296,0.4456869009584665,2.60806916426513,Aqua,00:00:00
2023-11-26,2023-11-26 00:00:00,0.3284393728470808,0.3610822060353797,2.1302931596091206,Aqua,00:00:00
2023-11-27,2023-11-27 00:00:00,0.3369269196107059,0.3695496783416726,2.17233560090703,Aqua,00:00:00
2023-11-28,2023-11-28 00:00:00,0.46644807433487967,0.4907275320970042,2.927170868347339,Aqua,00:00:00
2023-12-12,2023-12-12 00:00:00,0.24757416142377306,0.27755430410297666,1.7683741648106903,Aqua,00:00:00
2023-12-16,2023-12-16 00:00:00,0.38423662194484176,0.4156059767570559,2.4223484848484853,Aqua,00:00:00
2023-12-20,2023-12-20 00:00:00,0.14474327728892658,0.16511627906976747,1.3955431754874652,Aqua,00:00:00
2023-12-23,2023-12-23 00:00:00,0.4303778511773362,0.45856353591160226,2.693877551020408,Aqua,00:00:00
2024-02-10,2024-02-10 00:00:00,0.31320392745098713,0.34573304157549234,2.05685618729097,Aqua,00:00:00
2024-02-13,2024-02-13 00:00:00,0.1918075769464301,0.21730580137659783,1.5552763819095476,Aqua,00:00:00
2024-02-22,2024-02-22 00:00:00,0.6876735493244716,0.6593785960874567,4.871621621621621,Aqua,00:00:00
2024-02-23,2024-02-23 00:00:00,0.5714110819102545,0.5769383697813122,3.727443609022556,Aqua,00:00:00
2024-02-24,2024-02-24 00:00:00,0.3686030211376426,0.4006054490413723,2.336700336700337,Aqua,00:00:00
2024-03-14,2024-03-14 00:00:00,0.2997656731352216,0.33203883495145636,1.9941860465116281,Aqua,00:00:00
2024-03-15,2024-03-15 00:00:00,0.35155537795631353,0.38399999999999995,2.2467532467532467,Aqua,00:00:00
2024-03-16,2024-03-16 00:00:00,0.5104186227206007,0.528196981731533,3.239057239057239,Aqua,00:00:00
2024-03-17,2024-03-17 00:00:00,0.9125481261224554,0.7820433436532507,8.176136363636363,Aqua,00:00:00
2024-03-18,2024-03-18 00:00:00,0.6398022694356373,0.6270863137815927,4.363171355498721,Aqua,00:00:00
2024-03-19,2024-03-19 00:00:00,0.9757314252730632,0.8087318087318086,9.456521739130434,Aqua,00:00:00
2024-03-30,2024-03-30 00:00:00,0.5945934266426081,0.5944700460829493,3.931818181818182,Aqua,00:00:00
2024-03-31,2024-03-31 00:00:00,0.4403268823191483,0.46756152125279643,2.7563025210084033,Aqua,00:00:00
2024-04-01,2024-04-01 00:00:00,0.6094840094071693,0.6054421768707483,4.068965517241379,Aqua,00:00:00
2024-04-10,2024-04-10 00:00:00,0.11815505159958842,0.1351981351981352,1.3126684636118597,Aqua,00:00:00
2024-04-17,2024-04-17 00:00:00,0.7183535025426945,0.6788807461692205,5.228215767634855,Aqua,00:00:00
2024-04-18,2024-04-18 00:00:00,0.5226668426257782,0.5382882882882882,3.3317073170731706,Aqua,00:00:00
2024-04-19,2024-04-19 00:00:00,0.6623080186098733,0.6425531914893616,4.595238095238095,Aqua,00:00:00
2024-04-21,2024-04-21 00:00:00,0.5311347169196982,0.545176110260337,3.3973063973063975,Aqua,00:00:00
2024-04-23,2024-04-23 00:00:00,0.5248169451012593,0.5400440852314475,3.3482428115015974,Aqua,00:00:00
2024-05-08,2024-05-08 00:00:00,0.7228484419167381,0.6816608996539792,5.282608695652175,Aqua,00:00:00
2024-05-09,2024-05-09 00:00:00,0.44259447465526464,0.4695989650711513,2.7707317073170734,Aqua,00:00:00
2024-05-10,2024-05-10 00:00:00,0.6230219705906151,0.6152219873150105,4.197802197802198,Aqua,00:00:00
2024-05-12,2024-05-12 00:00:00,0.5640198842502946,0.571233500227583,3.6645435244161355,Aqua,00:00:00
2024-05-13,2024-05-13 00:00:00,0.5204175404466843,0.5364464692482915,3.314496314496315,Aqua,00:00:00
2024-05-14,2024-05-14 00:00:00,0.5837086101012688,0.5863066538090647,3.8344988344988344,Aqua,00:00:00
2024-05-15,2024-05-15 00:00:00,0.5918504360258342,0.5924242424242423,3.907063197026022,Aqua,00:00:00
2024-05-16,2024-05-16 00:00:00,0.37212084805355006,0.40399999999999997,2.3557046979865772,Aqua,00:00:00
2024-05-17,2024-05-17 00:00:00,0.5554227952273977,0.5645277577505408,3.5927152317880795,Aqua,00:00:00
2024-05-20,2024-05-20 00:00:00,0.4281347940287888,0.4565217391304348,2.6799999999999997,Aqua,00:00:00
2024-05-23,2024-05-23 00:00:00,0.6792259461402617,0.6538461538461539,4.777777777777778,Aqua,00:00:00
2024-05-26,2024-05-26 00:00:00,0.5763110340226174,0.5806896551724138,3.7697368421052633,Aqua,00:00:00
2024-05-27,2024-05-27 00:00:00,0.5681739745074249,0.5744466800804828,3.6997635933806143,Aqua,00:00:00
2024-05-30,2024-05-30 00:00:00,0.5317515723710202,0.545675020210186,3.402135231316726,Aqua,00:00:00
2024-05-31,2024-05-31 00:00:00,0.7492858088959087,0.6976190476190476,5.6141732283464565,Aqua,00:00:00
2024-06-05,2024-06-05 00:00:00,0.7146219498788149,0.6765578635014837,5.18348623853211,Aqua,00:00:00
2024-06-06,2024-06-06 00:00:00,0.7052904098030378,0.6706896551724137,5.0732984293193715,Aqua,00:00:00
2024-06-07,2024-06-07 00:00:00,0.7318314752557966,0.6871584699453552,5.393013100436682,Aqua,00:00:00
2024-06-09,2024-06-09 00:00:00,0.6372884290846842,0.6253270538984824,4.337988826815643,Aqua,00:00:00
2024-06-10,2024-06-10 00:00:00,0.6661361512145929,0.6451335055986218,4.635922330097087,Aqua,00:00:00
2024-06-11,2024-06-11 00:00:00,0.5815088914645731,0.5846422338568935,3.815126050420168,Aqua,00:00:00
2024-06-12,2024-06-12 00:00:00,0.6272627722148683,0.6182472989195679,4.238993710691823,Aqua,00:00:00
2024-06-13,2024-06-13 00:00:00,0.7968715576878025,0.7246804326450345,6.264285714285714,Aqua,00:00:00
2024-06-18,2024-06-18 00:00:00,0.5774917998372253,0.5815899581589957,3.78,Aqua,00:00:00
2024-06-19,2024-06-19 00:00:00,0.5656214299151185,0.5724743777452417,3.678082191780822,Aqua,00:00:00
2024-06-20,2024-06-20 00:00:00,0.6388269227603505,0.6264044943820226,4.353383458646617,Aqua,00:00:00
2024-06-21,2024-06-21 00:00:00,0.2056996116740211,0.2324902723735409,1.6058301647655262,Aqua,00:00:00
2024-06-22,2024-06-22 00:00:00,0.663871815939599,0.643609022556391,4.6118143459915615,Aqua,00:00:00
2024-06-23,2024-06-23 00:00:00,0.274973495619347,0.30640668523676884,1.8835341365461848,Aqua,00:00:00
2024-06-24,2024-06-24 00:00:00,0.6953692003487055,0.6643571978444957,4.958715596330276,Aqua,00:00:00
2024-06-25,2024-06-25 00:00:00,0.648845398302006,0.6333622936576888,4.454976303317536,Aqua,00:00:00
2024-06-28,2024-06-28 00:00:00,0.24555278924998633,0.2754050073637703,1.7601626016260163,Aqua,00:00:00
2024-07-01,2024-07-01 00:00:00,0.8098293604193175,0.731687898089172,6.454005934718101,Aqua,00:00:00
2024-07-02,2024-07-02 00:00:00,0.7044790991207945,0.6701754385964911,5.0638297872340425,Aqua,00:00:00
2024-07-03,2024-07-03 00:00:00,0.06619638861125697,0.07606420097697134,1.1646525679758306,Aqua,00:00:00
2024-07-04,2024-07-04 00:00:00,0.800399804812604,0.7266035751840169,6.315384615384615,Aqua,00:00:00
2024-07-05,2024-07-05 00:00:00,0.6725520617232253,0.6494252873563219,4.704918032786885,Aqua,00:00:00
2024-07-06,2024-07-06 00:00:00,0.5640579654640495,0.5712630359212051,3.6648648648648643,Aqua,00:00:00
2024-07-07,2024-07-07 00:00:00,0.8210557958977026,0.7376366475793857,6.6230158730158735,Aqua,00:00:00
2024-07-08,2024-07-08 00:00:00,0.3649777163517918,0.3970956434651978,2.317275747508306,Aqua,00:00:00
2024-07-09,2024-07-09 00:00:00,0.5500072067470465,0.5602649006622518,3.5481927710843375,Aqua,00:00:00
2024-07-10,2024-07-10 00:00:00,0.5992670911437923,0.5979381443298969,3.974358974358974,Aqua,00:00:00
2024-07-11,2024-07-11 00:00:00,0.6763653860431247,0.6519567027477102,4.746411483253588,Aqua,00:00:00
2024-07-12,2024-07-12 00:00:00,0.6537732555987613,0.6367476240760295,4.505813953488372,Aqua,00:00:00
2024-07-13,2024-07-13 00:00:00,0.6534525217847146,0.6365280289330923,4.502487562189056,Aqua,00:00:00
2024-07-14,2024-07-14 00:00:00,0.6876814749124547,0.6593837535014005,4.871710526315789,Aqua,00:00:00
2024-07-15,2024-07-15 00:00:00,0.3673232193595073,0.39936775553213916,2.329824561403509,Aqua,00:00:00
2024-07-17,2024-07-17 00:00:00,0.7403626894942439,0.6923076923076924,5.5,Aqua,00:00:00
2024-07-18,2024-07-18 00:00:00,0.6372884290846842,0.6253270538984824,4.337988826815643,Aqua,00:00:00
2024-07-19,2024-07-19 00:00:00,0.684098448220068,0.6570458404074704,4.8316831683168315,Aqua,00:00:00
2024-07-20,2024-07-20 00:00:00,0.2215834505965588,0.24971363115693013,1.665648854961832,Aqua,00:00:00
2024-07-22,2024-07-22 00:00:00,0.4810829194261406,0.5034129692832764,3.027491408934708,Aqua,00:00:00
2024-07-23,2024-07-23 00:00:00,0.5110109914550759,0.528688524590164,3.243478260869565,Aqua,00:00:00
2024-07-24,2024-07-24 00:00:00,0.5755934797787715,0.5801418439716312,3.763513513513513,Aqua,00:00:00
2024-07-25,2024-07-25 00:00:00,0.9416831038998558,0.7947340139709833,8.743455497382199,Aqua,00:00:00
2024-07-26,2024-07-26 00:00:00,0.6117635509855893,0.6071019473081329,4.090379008746355,Aqua,00:00:00
2024-07-31,2024-07-31 00:00:00,0.5895244802549758,0.5906834669721267,3.8861940298507465,Aqua,00:00:00
2024-08-01,2024-08-01 00:00:00,0.8875729585553772,0.7706214689265536,7.719211822660098,Aqua,00:00:00
2024-08-04,2024-08-04 00:00:00,0.5323384481540218,0.5461493239271018,3.406735751295337,Aqua,00:00:00
2024-08-06,2024-08-06 00:00:00,1.0319692060750418,0.8299881936245573,10.763888888888888,Aqua,00:00:00
2024-08-07,2024-08-07 00:00:00,0.6640500261163363,0.6437291897891231,4.613707165109034,Aqua,00:00:00
2024-08-09,2024-08-09 00:00:00,0.27074157984760516,0.3019853709508882,1.8652694610778444,Aqua,00:00:00
2024-08-10,2024-08-10 00:00:00,0.4883605561754752,0.509641873278237,3.0786516853932584,Aqua,00:00:00
2024-08-11,2024-08-11 00:00:00,0.40849390687806425,0.43843843843843844,2.5614973262032086,Aqua,00:00:00
2024-08-13,2024-08-13 00:00:00,0.3960393733326035,0.42678347934918653,2.4890829694323147,Aqua,00:00:00
2024-08-14,2024-08-14 00:00:00,0.6040799693039698,0.6014862981885741,4.018648018648019,Aqua,00:00:00
2024-08-16,2024-08-16 00:00:00,0.4562021793327574,0.48172043010752696,2.858921161825726,Aqua,00:00:00
2024-08-18,2024-08-18 00:00:00,0.3878182808347912,0.4190114068441065,2.4424083769633507,Aqua,00:00:00
2024-08-19,2024-08-19 00:00:00,0.29302434073946826,0.32511556240369804,1.9634703196347034,Aqua,00:00:00
2024-08-20,2024-08-20 00:00:00,0.6471249222865268,0.6321746160064672,4.437362637362638,Aqua,00:00:00
2024-08-21,2024-08-21 00:00:00,0.12810353319100032,0.14642451759364358,1.3430851063829787,Aqua,00:00:00
2024-08-25,2024-08-25 00:00:00,0.8721922555547184,0.7633308984660337,7.450617283950618,Aqua,00:00:00
2024-08-26,2024-08-26 00:00:00,0.5681134618002744,0.5744,3.6992481203007515,Aqua,00:00:00
2024-08-27,2024-08-27 00:00:00,0.741903913607735,0.6932305055698372,5.5195530726256985,Aqua,00:00:00
2024-08-28,2024-08-28 00:00:00,0.39992460229420995,0.4304347826086956,2.511450381679389,Aqua,00:00:00
2024-08-29,2024-08-29 00:00:00,0.7414504658472787,0.6929592376919005,5.513793103448276,Aqua,00:00:00
2024-08-30,2024-08-30 00:00:00,0.54888143296801,0.559375,3.539007092198581,Aqua,00:00:00
2024-08-31,2024-08-31 00:00:00,0.5829613752966645,0.5857418111753371,3.8279069767441856,Aqua,00:00:00
2024-09-03,2024-09-03 00:00:00,0.6906711311451048,0.6613247863247863,4.905362776025236,Aqua,00:00:00
2024-09-05,2024-09-05 00:00:00,0.4037658284627178,0.4340309372156506,2.5337620578778135,Aqua,00:00:00
2024-09-06,2024-09-06 00:00:00,0.7192531433364578,0.6794387479762547,5.23905723905724,Aqua,00:00:00
2024-09-08,2024-09-08 00:00:00,0.5140187624207023,0.5311788802913063,3.266019417475728,Aqua,00:00:00
2024-09-10,2024-09-10 00:00:00,0.4409899569552157,0.46815781298539916,2.7605140186915884,Aqua,00:00:00
2024-09-13,2024-09-13 00:00:00,0.6484613581843426,0.6330974414806749,4.451038575667655,Aqua,00:00:00
2024-09-18,2024-09-18 00:00:00,0.5953304730318012,0.5950184501845018,3.938496583143508,Aqua,00:00:00
2024-09-19,2024-09-19 00:00:00,0.5540522652568766,0.5634517766497462,3.58139534883721,Aqua,00:00:00
2024-09-20,2024-09-20 00:00:00,0.3968335253170681,0.42753095411507647,2.4936386768447836,Aqua,00:00:00
2024-09-21,2024-09-21 00:00:00,0.4964631198471766,0.5165135250368635,3.136644999460567,Aqua,00:00:00
2024-09-24,2024-09-24 00:00:00,0.5685994296642964,0.5747747747747749,3.703389830508475,Aqua,00:00:00
2024-09-26,2024-09-26 00:00:00,0.6445656411711956,0.6304023845007451,4.411290322580645,Aqua,00:00:00
2024-09-27,2024-09-27 00:00:00,0.6061053450926892,0.6029723991507431,4.037433155080214,Aqua,00:00:00
2024-09-28,2024-09-28 00:00:00,0.48914401506526173,0.5103092783505155,3.0842105263157897,Aqua,00:00:00
2024-09-29,2024-09-29 00:00:00,0.6269853667988966,0.6180499597099114,4.236286919831223,Aqua,00:00:00
2024-09-30,2024-09-30 00:00:00,0.6764147688564413,0.6519893899204244,4.746951219512195,Aqua,00:00:00
2024-10-01,2024-10-01 00:00:00,0.6912375541053282,0.6616915422885572,4.911764705882353,Aqua,00:00:00
2024-10-02,2024-10-02 00:00:00,0.5560932526389786,0.5650534255185419,3.5982658959537575,Aqua,00:00:00
2024-10-03,2024-10-03 00:00:00,0.631694079045921,0.6213890596189307,4.282467532467533,Aqua,00:00:00
2024-10-07,2024-10-07 00:00:00,0.5853661909277327,0.587557603686636,3.849162011173185,Aqua,00:00:00
2024-10-08,2024-10-08 00:00:00,0.6419315033656546,0.6285714285714287,4.384615384615385,Aqua,00:00:00
2024-10-13,2024-10-13 00:00:00,0.509800409830582,0.5276836158192091,3.2344497607655502,Aqua,00:00:00
2024-10-14,2024-10-14 00:00:00,0.6959644941962936,0.6647398843930636,4.9655172413793105,Aqua,00:00:00
2024-10-25,2024-10-25 00:00:00,0.5694609706868731,0.5754385964912281,3.7107438016528924,Aqua,00:00:00
2024-11-07,2024-11-07 00:00:00,0.3075263826925645,0.3399648917495611,2.030141843971631,Aqua,00:00:00
2024-11-27,2024-11-27 00:00:00,0.205305549666143,0.2320610687022901,1.6043737574552683,Aqua,00:00:00
2024-11-28,2024-11-28 00:00:00,0.2888888255714402,0.3208510638297872,1.944862155388471,Aqua,00:00:00
2024-11-29,2024-11-29 00:00:00,0.4968389432938745,0.5168316831683168,3.139344262295082,Aqua,00:00:00
2024-11-30,2024-11-30 00:00:00,0.1798842480728203,0.20418848167539266,1.513157894736842,Aqua,00:00:00
2024-12-01,2024-12-01 00:00:00,0.39711199224980737,0.42779291553133514,2.4952380952380953,Aqua,00:00:00
2024-12-02,2024-12-02 00:00:00,0.14231283267772266,0.16239316239316237,1.3877551020408163,Aqua,00:00:00
2024-12-03,2024-12-03 00:00:00,0.3558786636713262,0.38823529411764707,2.269230769230769,Aqua,00:00:00
2024-12-04,2024-12-04 00:00:00,0.22540024297489233,0.25382932166301975,1.680351906158358,Aqua,00:00:00
2024-12-05,2024-12-05 00:00:00,0.3282040299670715,0.36084656084656086,2.1291390728476824,Aqua,00:00:00
2024-12-09,2024-12-09 00:00:00,0.3269830845299832,0.35962330782813423,2.1231617647058822,Aqua,00:00:00
2025-01-06,2025-01-06 00:00:00,0.37028277911188506,0.4022277227722772,2.3457556935817805,Aqua,00:00:00
2025-01-09,2025-01-09 00:00:00,0.2943114940028694,0.3264401772525849,1.969298245614035,Aqua,00:00:00
2025-01-15,2025-01-15 00:00:00,0.3989104995382451,0.42948308870453095,2.5055928411633106,Aqua,00:00:00
2025-01-16,2025-01-16 00:00:00,0.1960840270593828,0.2219917012448133,1.5706666666666667,Aqua,00:00:00
2025-01-17,2025-01-17 00:00:00,0.4965362684890678,0.5165762507534659,3.13715710723192,Aqua,00:00:00
2025-01-18,2025-01-18 00:00:00,0.5672978850687505,0.5737704918032787,3.692307692307692,Aqua,00:00:00
2025-01-19,2025-01-19 00:00:00,0.22900912521297864,0.2577123872804936,1.6943734015345269,Aqua,00:00:00
2025-01-20,2025-01-20 00:00:00,0.35644451975385727,0.3887884267631103,2.272189349112426,Aqua,00:00:00
2025-01-21,2025-01-21 00:00:00,0.15616997397237867,0.1778846153846154,1.432748538011696,Aqua,00:00:00
2025-01-22,2025-01-22 00:00:00,0.43707073829038473,0.46462715105162516,2.7357142857142858,Aqua,00:00:00
2025-01-24,2025-01-24 00:00:00,0.3615439631885649,0.39376053962900504,2.299026425591099,Aqua,00:00:00
2025-01-25,2025-01-25 00:00:00,0.26632702133785846,0.29735935706084954,1.8464052287581698,Aqua,00:00:00
2025-01-26,2025-01-26 00:00:00,0.15161098070651094,0.17279726261762185,1.4177869700103412,Aqua,00:00:00
2025-01-27,2025-01-27 00:00:00,0.35899333958690066,0.39127645926876203,2.2855637513171763,Aqua,00:00:00
2025-01-28,2025-01-28 00:00:00,0.31706889869503807,0.34964483030781374,2.075242718446602,Aqua,00:00:00
2025-01-29,2025-01-29 00:00:00,0.23857455120708668,0.2679640718562874,1.7321063394683027,Aqua,00:00:00
2025-02-11,2025-02-11 00:00:00,0.7671468782926931,0.7080240367621067,5.849878934624697,Aqua,00:00:00
2025-02-27,2025-02-27 00:00:00,0.07279444738622413,0.08361204013377922,1.1824817518248174,Aqua,00:00:00
2025-02-28,2025-02-28 00:00:00,0.4246844696846611,0.45337159253945486,2.658792650918635,Aqua,00:00:00
2025-03-01,2025-03-01 00:00:00,0.43324865143452057,0.46116970278044106,2.711743772241993,Aqua,00:00:00
2025-03-06,2025-03-06 00:00:00,0.35999659148507873,0.3922542204568024,2.2908496732026147,Aqua,00:00:00
2025-03-07,2025-03-07 00:00:00,0.4783620969406397,0.5010706638115632,3.0085836909871246,Aqua,00:00:00
2025-03-08,2025-03-08 00:00:00,0.7301102475918378,0.686111111111111,5.371681415929204,Aqua,00:00:00
2025-04-04,2025-04-04 00:00:00,0.5263196929618953,0.5412684622067767,3.359848484848485,Aqua,00:00:00
2025-04-05,2025-04-05 00:00:00,0.5822596627924138,0.585210860774119,3.8217270194986077,Aqua,00:00:00
2025-04-13,2025-04-13 00:00:00,0.505820851535805,0.5243697478991596,3.2049469964664308,Aqua,00:00:00
2025-04-14,2025-04-14 00:00:00,0.383795535634915,0.41518578352180935,2.4198895027624308,Aqua,00:00:00
2025-04-15,2025-04-15 00:00:00,0.31804180912786323,0.3506276150627615,2.079896907216495,Aqua,00:00:00
2025-04-17,2025-04-17 00:00:00,0.5714306941971935,0.5769534333070244,3.7276119402985075,Aqua,00:00:00
2025-04-18,2025-04-18 00:00:00,0.6429933485936576,0.6293103448275862,4.395348837209302,Aqua,00:00:00
2025-04-19,2025-04-19 00:00:00,0.66483685471375,0.6442593694229625,4.622073578595318,Aqua,00:00:00
2025-04-22,2025-04-22 00:00:00,0.47106664913548585,0.49475383373688453,2.9584664536741214,Aqua,00:00:00
2025-04-23,2025-04-23 00:00:00,0.27441624253734614,0.3058252427184466,1.881118881118881,Aqua,00:00:00
2025-04-26,2025-04-26 00:00:00,0.019277508094641863,0.02219040801717971,1.0453879941434847,Aqua,00:00:00
2025-04-30,2025-04-30 00:00:00,0.7615903554957766,0.7048192771084337,5.775510204081633,Aqua,00:00:00
2025-05-01,2025-05-01 00:00:00,0.28485758785441884,0.31668153434433544,1.926892950391645,Aqua,00:00:00
2025-05-02,2025-05-02 00:00:00,0.6379530734396245,0.6257928118393234,4.344632768361582,Aqua,00:00:00
2025-05-04,2025-05-04 00:00:00,0.6896647828969208,0.6606724003127443,4.894009216589862,Aqua,00:00:00
2025-05-05,2025-05-05 00:00:00,0.736018260316262,0.6896942242355605,5.445255474452555,Aqua,00:00:00
2025-05-06,2025-05-06 00:00:00,0.5591881890047754,0.5674740484429065,3.6239999999999997,Aqua,00:00:00
2025-05-08,2025-05-08 00:00:00,0.5112755309539682,0.5289079229122055,3.245454545454545,Aqua,00:00:00
2025-05-09,2025-05-09 00:00:00,0.3688143833978192,0.40080971659919024,2.3378378378378377,Aqua,00:00:00
2025-05-24,2025-05-24 00:00:00,0.3693533141233977,0.40133037694013307,2.340740740740741,Aqua,00:00:00
2025-05-27,2025-05-27 00:00:00,0.698057939985604,0.666082895504962,4.989510489510489,Aqua,00:00:00
2025-05-28,2025-05-28 00:00:00,0.4966433944221375,0.5166666666666667,3.1379310344827585,Aqua,00:00:00
2025-05-30,2025-05-30 00:00:00,0.7427789962321365,0.6937534549474847,5.530685920577617,Aqua,00:00:00
2025-05-31,2025-05-31 00:00:00,0.2709026088062604,0.30215384615384616,1.8659611992945326,Aqua,00:00:00
2025-06-01,2025-06-01 00:00:00,0.7496627125722061,0.6978417266187051,5.619047619047618,Aqua,00:00:00
2025-06-02,2025-06-02 00:00:00,0.7504870207048403,0.6983282674772038,5.629722921914358,Aqua,00:00:00
2025-06-03,2025-06-03 00:00:00,0.12368005146356766,0.14143730886850153,1.3294746215494213,Aqua,00:00:00
2025-06-05,2025-06-05 00:00:00,0.7432056264872605,0.6940081442699244,5.5361216730038025,Aqua,00:00:00
2025-06-07,2025-06-07 00:00:00,0.8861954987298181,0.7699765964560349,7.694767441860465,Aqua,00:00:00
2025-06-08,2025-06-08 00:00:00,0.68967440491245,0.6606786427145709,4.894117647058824,Aqua,00:00:00
2025-06-09,2025-06-09 00:00:00,0.655196008732774,0.6377204884667571,4.520599250936329,Aqua,00:00:00
2025-06-10,2025-06-10 00:00:00,0.5967311578228954,0.5960591133004925,3.951219512195122,Aqua,00:00:00
2025-06-11,2025-06-11 00:00:00,0.7137069502863508,0.6759862121792417,5.1725768321513,Aqua,00:00:00
2025-06-12,2025-06-12 00:00:00,0.5662590516740762,0.5729676787463271,3.6834862385321108,Aqua,00:00:00
2025-06-14,2025-06-14 00:00:00,0.60450475964427,0.6017983301220295,4.02258064516129,Aqua,00:00:00
2025-06-15,2025-06-15 00:00:00,0.5493914345795354,0.5597783056215361,3.543165467625899,Aqua,00:00:00
2025-06-16,2025-06-16 00:00:00,0.5600708062479791,0.5681625740897543,3.631372549019608,Aqua,00:00:00
2025-06-17,2025-06-17 00:00:00,0.6593355988341324,0.6405395552314984,4.563894523326572,Aqua,00:00:00
2025-06-28,2025-06-28 00:00:00,0.02324168322940073,0.026751592356687896,1.0549738219895288,Aqua,00:00:00
2025-06-29,2025-06-29 00:00:00,0.5438083764908788,0.5553488372093023,3.497907949790795,Aqua,00:00:00
2025-06-30,2025-06-30 00:00:00,0.7777660667824267,0.7140684410646388,5.99468085106383,Aqua,00:00:00
2025-07-01,2025-07-01 00:00:00,0.9635980133207228,0.8038442582552981,9.195979899497488,Aqua,00:00:00
2025-07-02,2025-07-02 00:00:00,0.6966607992196483,0.6651870640456562,4.973484848484849,Aqua,00:00:00
2025-07-03,2025-07-03 00:00:00,0.3970581921621679,0.42774230992455026,2.4949290060851927,Aqua,00:00:00
2025-07-04,2025-07-04 00:00:00,0.6118198286171186,0.6071428571428572,4.090909090909091,Aqua,00:00:00
2025-07-05,2025-07-05 00:00:00,0.5419850932019832,0.5538954108858057,3.4832535885167464,Aqua,00:00:00
2025-07-06,2025-07-06 00:00:00,0.12290837067601865,0.14056654195617319,1.3271144278606966,Aqua,00:00:00
2025-07-07,2025-07-07 00:00:00,0.5599428781754051,0.5680628272251309,3.6303030303030304,Aqua,00:00:00
2025-07-08,2025-07-08 00:00:00,0.22795866970053988,0.2565829761175751,1.6902800658978583,Aqua,00:00:00
2025-07-09,2025-07-09 00:00:00,0.7003823453592766,0.6675690308608554,5.01628664495114,Aqua,00:00:00
2025-07-10,2025-07-10 00:00:00,0.7504209084384924,0.698289269051322,5.628865979381444,Aqua,00:00:00
2025-07-11,2025-07-11 00:00:00,0.06859885956736085,0.07881355932203386,1.171113155473781,Aqua,00:00:00
2025-07-12,2025-07-12 00:00:00,0.7098619728775212,0.6735751295336787,5.126984126984127,Aqua,00:00:00
2025-07-13,2025-07-13 00:00:00,0.5890464489433145,0.5903250188964475,3.8819188191881917,Aqua,00:00:00
2025-07-14,2025-07-14 00:00:00,0.515273851239684,0.5322153574580758,3.2754716981132073,Aqua,00:00:00
2025-07-15,2025-07-15 00:00:00,0.7247923160004441,0.6828571428571428,5.306306306306306,Aqua,00:00:00
2025-07-16,2025-07-16 00:00:00,0.4040560544578634,0.43430208759721645,2.5354558610709113,Aqua,00:00:00
2025-07-17,2025-07-17 00:00:00,0.4763294687539397,0.4993160054719563,2.9945355191256833,Aqua,00:00:00
2025-07-19,2025-07-19 00:00:00,0.6829212954936089,0.6562749800159872,4.818604651162791,Aqua,00:00:00
2025-07-21,2025-07-21 00:00:00,1.3173257840095487,0.908108108108108,20.764705882352942,Aqua,00:00:00
2025-07-22,2025-07-22 00:00:00,0.463559602020158,0.48819875776397514,2.9077669902912624,Aqua,00:00:00
2025-07-23,2025-07-23 00:00:00,0.39939982343108044,0.4299424184261036,2.508417508417508,Aqua,00:00:00
2025-07-24,2025-07-24 00:00:00,0.6532125137753437,0.6363636363636364,4.5,Aqua,00:00:00
2025-07-25,2025-07-25 00:00:00,0.7862691406058231,0.7188328912466844,6.113207547169812,Aqua,00:00:00
2025-07-27,2025-07-27 00:00:00,0.4360903309167186,0.4637416209628275,2.7295454545454545,Aqua,00:00:00
2025-07-28,2025-07-28 00:00:00,0.5544891600038189,0.5637949836423118,3.585,Aqua,00:00:00
2025-07-29,2025-07-29 00:00:00,0.10194424527120045,0.11683168316831688,1.2645739910313902,Aqua,00:00:00
2025-08-01,2025-08-01 00:00:00,0.6505798042606403,0.6345565749235474,4.472803347280335,Aqua,00:00:00
2025-08-02,2025-08-02 00:00:00,0.5390472429752248,0.5515463917525774,3.4597701149425286,Aqua,00:00:00
2025-08-03,2025-08-03 00:00:00,0.5516992548463038,0.5616,3.5620437956204376,Aqua,00:00:00
2025-08-04,2025-08-04 00:00:00,0.6093859978886268,0.6053706946876825,4.068047337278107,Aqua,00:00:00
2025-08-08,2025-08-08 00:00:00,0.2695992364621787,0.3007896625987078,1.8603696098562628,Aqua,00:00:00
2025-08-09,2025-08-09 00:00:00,0.3724819551746961,0.4043478260869566,2.3576642335766422,Aqua,00:00:00
2025-08-10,2025-08-10 00:00:00,0.4329570573993299,0.4609053497942387,2.7099236641221376,Aqua,00:00:00
2025-08-11,2025-08-11 00:00:00,0.47296529494850476,0.4964028776978418,2.9714285714285715,Aqua,00:00:00
2025-08-12,2025-08-12 00:00:00,0.6072284150791315,0.6037946428571428,4.0478873239436615,Aqua,00:00:00
2025-08-13,2025-08-13 00:00:00,0.4871825807275583,0.508637236084453,3.0703125,Aqua,00:00:00
2025-08-14,2025-08-14 00:00:00,0.6210580075558778,0.6138147566718996,4.178861788617886,Aqua,00:00:00
