date,datetime,log_nir_red,ndci,nir_red_ratio,sensor,time
2011-01-20,2011-01-20 00:00:00,-0.533465023317276,-0.5470588235294117,0.29277566539923955,Aqua,00:00:00
2011-01-27,2011-01-27 00:00:00,-0.3870820810838293,-0.4183123877917415,0.410126582278481,Aqua,00:00:00
2011-01-28,2011-01-28 00:00:00,-0.38550758152155445,-0.41681574239713776,0.41161616161616166,Aqua,00:00:00
2011-01-30,2011-01-30 00:00:00,-0.3529996293249416,-0.3854166666666667,0.44360902255639095,Aqua,00:00:00
2011-02-01,2011-02-01 00:00:00,-0.6219548200449017,-0.6144578313253013,0.23880597014925373,Aqua,00:00:00
2011-02-07,2011-02-07 00:00:00,-0.3003551012283912,-0.33264248704663224,0.5007776049766718,Aqua,00:00:00
2011-02-09,2011-02-09 00:00:00,-0.8192304786665481,-0.7366771159874607,0.1516245487364621,Aqua,00:00:00
2011-02-10,2011-02-10 00:00:00,-0.7239722733060745,-0.6823529411764705,0.18881118881118883,Aqua,00:00:00
2011-02-12,2011-02-12 00:00:00,-0.4940524191016315,-0.5144766146993319,0.3205882352941176,Aqua,00:00:00
2011-02-14,2011-02-14 00:00:00,-0.3939477791504736,-0.424812030075188,0.40369393139841686,Aqua,00:00:00
2011-02-20,2011-02-20 00:00:00,-0.48371825977289307,-0.5056746532156368,0.3283082077051926,Aqua,00:00:00
2011-03-02,2011-03-02 00:00:00,-0.2959826707067637,-0.32815808045165845,0.5058448459086079,Aqua,00:00:00
2011-03-07,2011-03-07 00:00:00,-0.4712917110589386,-0.49494949494949503,0.33783783783783783,Aqua,00:00:00
2011-03-22,2011-03-22 00:00:00,-0.3066520092136322,-0.3390742734122712,0.49356913183279744,Aqua,00:00:00
2011-03-31,2011-03-31 00:00:00,-0.6520044615863756,-0.6355353075170843,0.22284122562674094,Aqua,00:00:00
2011-04-02,2011-04-02 00:00:00,-0.5710995356365706,-0.5766990291262136,0.26847290640394084,Aqua,00:00:00
2011-04-03,2011-04-03 00:00:00,-0.7172863415602265,-0.6782178217821783,0.19174041297935104,Aqua,00:00:00
2011-04-05,2011-04-05 00:00:00,-0.5780712455294589,-0.58203125,0.26419753086419756,Aqua,00:00:00
2011-04-11,2011-04-11 00:00:00,-0.3272366840035658,-0.35987748851454826,0.47072072072072074,Aqua,00:00:00
2011-04-12,2011-04-12 00:00:00,-0.2503236814978157,-0.2804733727810651,0.5619223659889094,Aqua,00:00:00
2011-04-13,2011-04-13 00:00:00,-0.4607308385314931,-0.48571428571428577,0.34615384615384615,Aqua,00:00:00
2011-04-18,2011-04-18 00:00:00,-0.48555442225652523,-0.5072463768115942,0.3269230769230769,Aqua,00:00:00
2011-04-19,2011-04-19 00:00:00,-0.15760785336166805,-0.17948717948717946,0.6956521739130436,Aqua,00:00:00
2011-04-21,2011-04-21 00:00:00,-0.3425913716310482,-0.3751668891855808,0.45436893203883494,Aqua,00:00:00
2011-04-25,2011-04-25 00:00:00,-0.02359926800390858,-0.027162977867203224,0.9471106758080313,Aqua,00:00:00
2011-04-26,2011-04-26 00:00:00,-0.5580697238849506,-0.5666003976143141,0.27664974619289334,Aqua,00:00:00
2011-04-27,2011-04-27 00:00:00,-0.6569086593353074,-0.6388888888888888,0.22033898305084745,Aqua,00:00:00
2011-04-28,2011-04-28 00:00:00,-0.27664024163942985,-0.308144416456759,0.5288831835686778,Aqua,00:00:00
2011-04-30,2011-04-30 00:00:00,-0.4502491083193611,-0.4764397905759163,0.3546099290780142,Aqua,00:00:00
2011-05-01,2011-05-01 00:00:00,-0.269339952986032,-0.3005181347150259,0.5378486055776892,Aqua,00:00:00
2011-05-03,2011-05-03 00:00:00,-0.20944881616099176,-0.23656927426955707,0.6173780487804877,Aqua,00:00:00
2011-05-04,2011-05-04 00:00:00,-0.5477895279780356,-0.5585106382978724,0.2832764505119454,Aqua,00:00:00
2011-05-08,2011-05-08 00:00:00,-0.23634516157324592,-0.26558005752636626,0.5803030303030303,Aqua,00:00:00
2011-05-09,2011-05-09 00:00:00,-0.4082399653118495,-0.4382022471910112,0.39062500000000006,Aqua,00:00:00
2011-05-10,2011-05-10 00:00:00,-0.5526551351501011,-0.5623529411764705,0.2801204819277109,Aqua,00:00:00
2011-05-12,2011-05-12 00:00:00,-0.2253390799681404,-0.2537634408602151,0.595197255574614,Aqua,00:00:00
2011-05-18,2011-05-18 00:00:00,-0.4449919695857115,-0.47174770039421815,0.35892857142857143,Aqua,00:00:00
2011-05-19,2011-05-19 00:00:00,-0.16093638987981884,-0.18319327731092436,0.6903409090909091,Aqua,00:00:00
2011-05-21,2011-05-21 00:00:00,-0.495144358852935,-0.5154004106776181,0.3197831978319783,Aqua,00:00:00
2011-05-22,2011-05-22 00:00:00,-0.3913206589615787,-0.4223300970873787,0.4061433447098976,Aqua,00:00:00
2011-05-23,2011-05-23 00:00:00,-1.8239087409443187,-0.9704433497536944,0.015000000000000001,Aqua,00:00:00
2011-06-07,2011-06-07 00:00:00,-0.7712023904283157,-0.7103448275862068,0.16935483870967744,Aqua,00:00:00
2011-06-08,2011-06-08 00:00:00,-0.5369599563521363,-0.5498721227621483,0.29042904290429045,Aqua,00:00:00
2011-06-09,2011-06-09 00:00:00,-0.758846095188257,-0.7032258064516129,0.17424242424242425,Aqua,00:00:00
2011-06-12,2011-06-12 00:00:00,0.19066250520563605,0.21604938271604934,1.5511811023622046,Aqua,00:00:00
2011-06-13,2011-06-13 00:00:00,-0.3664792166316999,-0.3985507246376812,0.43005181347150256,Aqua,00:00:00
2011-06-14,2011-06-14 00:00:00,-0.7275758635453207,-0.6845637583892618,0.18725099601593626,Aqua,00:00:00
2011-06-15,2011-06-15 00:00:00,-0.6257116328234639,-0.6171428571428571,0.23674911660777384,Aqua,00:00:00
2011-06-16,2011-06-16 00:00:00,-0.6695704338370506,-0.6474358974358974,0.21400778210116733,Aqua,00:00:00
2011-06-17,2011-06-17 00:00:00,-0.46816641206673604,-0.4922279792746114,0.34027777777777773,Aqua,00:00:00
2011-06-19,2011-06-19 00:00:00,-0.6493657704514982,-0.6337209302325582,0.22419928825622776,Aqua,00:00:00
2011-06-20,2011-06-20 00:00:00,-0.4964264099150491,-0.5164835164835165,0.3188405797101449,Aqua,00:00:00
2011-06-22,2011-06-22 00:00:00,-0.5126595800986514,-0.5300546448087432,0.30714285714285716,Aqua,00:00:00
2011-06-23,2011-06-23 00:00:00,-0.7007390270748655,-0.6677966101694917,0.1991869918699187,Aqua,00:00:00
2011-06-24,2011-06-24 00:00:00,-0.42834843401763584,-0.45671641791044776,0.3729508196721311,Aqua,00:00:00
2011-06-26,2011-06-26 00:00:00,-0.36333188024883084,-0.3954983922829582,0.43317972350230416,Aqua,00:00:00
2011-06-30,2011-06-30 00:00:00,-0.502882116864084,-0.5219123505976095,0.3141361256544502,Aqua,00:00:00
2011-07-01,2011-07-01 00:00:00,-0.47912723741726104,-0.5017301038062283,0.3317972350230415,Aqua,00:00:00
2011-07-02,2011-07-02 00:00:00,-0.47712125471966244,-0.5,0.3333333333333333,Aqua,00:00:00
2011-07-03,2011-07-03 00:00:00,-0.4206398987672142,-0.44966442953020136,0.37962962962962965,Aqua,00:00:00
2011-07-04,2011-07-04 00:00:00,-0.4728424567403875,-0.49629629629629635,0.3366336633663366,Aqua,00:00:00
2011-07-05,2011-07-05 00:00:00,-0.33452961707511775,-0.3671641791044776,0.462882096069869,Aqua,00:00:00
2011-07-06,2011-07-06 00:00:00,-0.4000031692358109,-0.4305084745762711,0.39810426540284366,Aqua,00:00:00
2011-07-07,2011-07-07 00:00:00,-0.44429611336181274,-0.47112462006079026,0.359504132231405,Aqua,00:00:00
2011-07-08,2011-07-08 00:00:00,-0.27300127206373764,-0.30434782608695654,0.5333333333333333,Aqua,00:00:00
2011-07-09,2011-07-09 00:00:00,-0.2776461771095011,-0.309192200557103,0.5276595744680852,Aqua,00:00:00
2011-07-10,2011-07-10 00:00:00,-0.039396465287721755,-0.04532577903682722,0.9132791327913279,Aqua,00:00:00
2011-07-14,2011-07-14 00:00:00,-0.051152522447381256,-0.058823529411764684,0.888888888888889,Aqua,00:00:00
2011-07-20,2011-07-20 00:00:00,0.0037764975522563233,0.004347826086956571,1.0087336244541485,Aqua,00:00:00
2011-07-21,2011-07-21 00:00:00,-0.03884549614434514,-0.04469273743016762,0.9144385026737968,Aqua,00:00:00
2011-07-22,2011-07-22 00:00:00,0.41296139111413227,0.4425837320574162,2.5879828326180254,Aqua,00:00:00
2011-07-23,2011-07-23 00:00:00,-0.17107045768063045,-0.19444444444444445,0.6744186046511628,Aqua,00:00:00
2011-07-24,2011-07-24 00:00:00,-0.039293915886716844,-0.045207956600361705,0.9134948096885812,Aqua,00:00:00
2011-07-26,2011-07-26 00:00:00,0.027342246913714455,0.03146853146853146,1.0649819494584838,Aqua,00:00:00
2011-07-27,2011-07-27 00:00:00,-0.2613826356219247,-0.2921615201900238,0.5477941176470588,Aqua,00:00:00
2011-07-28,2011-07-28 00:00:00,-0.10785919331118853,-0.12354312354312352,0.7800829875518672,Aqua,00:00:00
2011-07-29,2011-07-29 00:00:00,-0.3497219195637057,-0.38219895287958117,0.44696969696969696,Aqua,00:00:00
2011-07-30,2011-07-30 00:00:00,-0.19449632173840528,-0.220253164556962,0.6390041493775934,Aqua,00:00:00
2011-07-31,2011-07-31 00:00:00,-0.3179307462021826,-0.3505154639175258,0.4809160305343511,Aqua,00:00:00
2011-08-01,2011-08-01 00:00:00,-0.2045131872838742,-0.23119777158774374,0.6244343891402715,Aqua,00:00:00
2011-08-02,2011-08-02 00:00:00,-0.14056008143929571,-0.16042780748663096,0.7235023041474655,Aqua,00:00:00
2011-08-03,2011-08-03 00:00:00,-0.3068595393247051,-0.3392857142857143,0.4933333333333333,Aqua,00:00:00
2011-08-04,2011-08-04 00:00:00,-0.13022862517482103,-0.14881780250347706,0.7409200968523002,Aqua,00:00:00
2011-08-05,2011-08-05 00:00:00,-0.2415928078121136,-0.2711864406779661,0.5733333333333333,Aqua,00:00:00
2011-08-06,2011-08-06 00:00:00,-0.28937038311898783,-0.32134831460674157,0.5136054421768708,Aqua,00:00:00
2011-08-07,2011-08-07 00:00:00,-0.32419786071600715,-0.35682819383259906,0.474025974025974,Aqua,00:00:00
2011-08-08,2011-08-08 00:00:00,-0.25687803181872454,-0.28741092636579574,0.5535055350553505,Aqua,00:00:00
2011-08-09,2011-08-09 00:00:00,-0.33510978523625656,-0.36774193548387096,0.46226415094339623,Aqua,00:00:00
2011-08-10,2011-08-10 00:00:00,-0.14303695870109612,-0.16320474777448066,0.7193877551020409,Aqua,00:00:00
2011-08-11,2011-08-11 00:00:00,-0.03834499207621971,-0.04411764705882351,0.9154929577464789,Aqua,00:00:00
2011-08-12,2011-08-12 00:00:00,-0.40340290437353976,-0.4336917562724014,0.395,Aqua,00:00:00
2011-08-13,2011-08-13 00:00:00,-0.24536421644305706,-0.2752043596730245,0.5683760683760684,Aqua,00:00:00
2011-08-15,2011-08-15 00:00:00,-0.21060211018384506,-0.23782234957020057,0.6157407407407408,Aqua,00:00:00
2011-08-16,2011-08-16 00:00:00,-0.05263021860557858,-0.06051873198847255,0.8858695652173915,Aqua,00:00:00
2011-08-17,2011-08-17 00:00:00,-0.41072876571554423,-0.44051446945337613,0.3883928571428572,Aqua,00:00:00
2011-08-18,2011-08-18 00:00:00,0.014043077383468525,0.016166281755196365,1.0328638497652582,Aqua,00:00:00
2011-08-19,2011-08-19 00:00:00,-0.22847932851536953,-0.2571428571428572,0.5909090909090908,Aqua,00:00:00
2011-08-20,2011-08-20 00:00:00,-0.10710595947328345,-0.12268907563025207,0.7814371257485031,Aqua,00:00:00
2011-08-21,2011-08-21 00:00:00,-0.3454751341043761,-0.3780160857908847,0.45136186770428016,Aqua,00:00:00
2011-08-22,2011-08-22 00:00:00,-0.04735563213190182,-0.05446623093681922,0.896694214876033,Aqua,00:00:00
2011-08-23,2011-08-23 00:00:00,-0.16828601335200952,-0.19135802469135804,0.6787564766839378,Aqua,00:00:00
2011-08-24,2011-08-24 00:00:00,-0.07986036187311189,-0.0916844349680171,0.8320312499999999,Aqua,00:00:00
2011-08-25,2011-08-25 00:00:00,-0.3568546798478748,-0.3891891891891891,0.43968871595330744,Aqua,00:00:00
2011-08-26,2011-08-26 00:00:00,-0.376171263909866,-0.40789473684210525,0.4205607476635514,Aqua,00:00:00
2011-08-27,2011-08-27 00:00:00,-0.13702723621603882,-0.1564625850340136,0.7294117647058824,Aqua,00:00:00
2011-08-28,2011-08-28 00:00:00,-0.2582780152430313,-0.2888888888888889,0.5517241379310345,Aqua,00:00:00
2011-08-29,2011-08-29 00:00:00,-0.21296261900880747,-0.24038461538461536,0.6124031007751939,Aqua,00:00:00
2011-08-30,2011-08-30 00:00:00,-0.3428660647115633,-0.37543859649122807,0.45408163265306123,Aqua,00:00:00
2011-09-01,2011-09-01 00:00:00,-0.1415504493525458,-0.16153846153846155,0.7218543046357616,Aqua,00:00:00
2011-09-02,2011-09-02 00:00:00,-0.1153934187020696,-0.13207547169811323,0.7666666666666666,Aqua,00:00:00
2011-09-03,2011-09-03 00:00:00,-0.3373218480694803,-0.3699421965317919,0.4599156118143459,Aqua,00:00:00
2011-09-04,2011-09-04 00:00:00,-0.3368684208926887,-0.3694915254237288,0.46039603960396036,Aqua,00:00:00
2011-09-05,2011-09-05 00:00:00,-0.311860843315663,-0.3443708609271523,0.4876847290640394,Aqua,00:00:00
2011-09-06,2011-09-06 00:00:00,-0.44320787744251766,-0.47014925373134325,0.36040609137055835,Aqua,00:00:00
2011-09-07,2011-09-07 00:00:00,-0.09637018138863915,-0.11049723756906078,0.8009950248756219,Aqua,00:00:00
2011-09-08,2011-09-08 00:00:00,-0.12493873660830002,-0.1428571428571429,0.7499999999999999,Aqua,00:00:00
2011-09-12,2011-09-12 00:00:00,0.25780484161870115,0.2883895131086142,1.8105263157894738,Aqua,00:00:00
2011-09-13,2011-09-13 00:00:00,-0.18737226946537028,-0.21243523316062177,0.6495726495726496,Aqua,00:00:00
2011-09-16,2011-09-16 00:00:00,-0.2094707010400259,-0.23659305993690846,0.6173469387755103,Aqua,00:00:00
2011-09-18,2011-09-18 00:00:00,-0.31935737675351283,-0.35195530726256985,0.47933884297520657,Aqua,00:00:00
2011-09-19,2011-09-19 00:00:00,-0.10086587819017494,-0.11560693641618495,0.7927461139896373,Aqua,00:00:00
2011-09-20,2011-09-20 00:00:00,-0.27415784926367986,-0.3055555555555556,0.5319148936170213,Aqua,00:00:00
2011-09-21,2011-09-21 00:00:00,-0.14259163764454472,-0.16270566727605124,0.720125786163522,Aqua,00:00:00
2011-09-23,2011-09-23 00:00:00,-0.2924298239020636,-0.32450331125827814,0.51,Aqua,00:00:00
2011-09-26,2011-09-26 00:00:00,-0.39120662601306916,-0.42222222222222217,0.40625000000000006,Aqua,00:00:00
2011-09-27,2011-09-27 00:00:00,-0.5011594955871013,-0.52046783625731,0.3153846153846154,Aqua,00:00:00
2011-09-28,2011-09-28 00:00:00,-0.5596015523050775,-0.5677966101694916,0.27567567567567564,Aqua,00:00:00
2011-09-29,2011-09-29 00:00:00,-0.4197197829952796,-0.4488188976377953,0.3804347826086957,Aqua,00:00:00
2011-10-08,2011-10-08 00:00:00,-0.510289617972317,-0.5280898876404494,0.3088235294117647,Aqua,00:00:00
2011-10-09,2011-10-09 00:00:00,-0.23753603453967956,-0.26685393258426965,0.5787139689578714,Aqua,00:00:00
2011-10-11,2011-10-11 00:00:00,-0.4143304248602069,-0.44385026737967903,0.38518518518518524,Aqua,00:00:00
2011-10-13,2011-10-13 00:00:00,-0.29948720724969996,-0.3317535545023696,0.501779359430605,Aqua,00:00:00
2011-10-16,2011-10-16 00:00:00,-1.8151348166368135,-0.9698492462311556,0.015306122448979593,Aqua,00:00:00
2011-10-17,2011-10-17 00:00:00,-0.6989700043360187,-0.6666666666666666,0.2,Aqua,00:00:00
2011-10-18,2011-10-18 00:00:00,-0.6255410871774852,-0.6170212765957447,0.23684210526315794,Aqua,00:00:00
2011-10-19,2011-10-19 00:00:00,-0.4600879154208821,-0.48514851485148514,0.3466666666666666,Aqua,00:00:00
2011-10-21,2011-10-21 00:00:00,-0.3754648066871444,-0.4072164948453609,0.4212454212454212,Aqua,00:00:00
2011-10-22,2011-10-22 00:00:00,-0.6761071213765146,-0.6517857142857143,0.2108108108108108,Aqua,00:00:00
2011-10-24,2011-10-24 00:00:00,-0.35751135161642944,-0.38983050847457623,0.43902439024390244,Aqua,00:00:00
2011-10-25,2011-10-25 00:00:00,-0.4197555435850239,-0.4488517745302715,0.38040345821325644,Aqua,00:00:00
2011-10-26,2011-10-26 00:00:00,-0.5417056025398211,-0.5536723163841808,0.2872727272727273,Aqua,00:00:00
2011-10-27,2011-10-27 00:00:00,-0.09455610761457901,-0.10843373493975896,0.8043478260869567,Aqua,00:00:00
2011-10-29,2011-10-29 00:00:00,-0.7294593264839191,-0.6857142857142856,0.1864406779661017,Aqua,00:00:00
2011-10-31,2011-10-31 00:00:00,-0.6566456896137377,-0.6387096774193548,0.22047244094488186,Aqua,00:00:00
2011-11-01,2011-11-01 00:00:00,-0.09234873871200311,-0.10592160133444534,0.808446455505279,Aqua,00:00:00
2011-11-02,2011-11-02 00:00:00,-0.5942346538160059,-0.5942028985507246,0.2545454545454545,Aqua,00:00:00
2011-11-04,2011-11-04 00:00:00,-0.5175728897114101,-0.5341098169717139,0.3036876355748373,Aqua,00:00:00
2011-11-12,2011-11-12 00:00:00,-0.18426470697038924,-0.20901639344262296,0.6542372881355932,Aqua,00:00:00
2011-11-14,2011-11-14 00:00:00,-0.4516504361775138,-0.47768595041322315,0.3534675615212528,Aqua,00:00:00
2011-11-19,2011-11-19 00:00:00,-0.48573693727577094,-0.5074024226110363,0.3267857142857143,Aqua,00:00:00
2011-11-25,2011-11-25 00:00:00,-0.7958800173440752,-0.7241379310344828,0.16,Aqua,00:00:00
2011-11-28,2011-11-28 00:00:00,-0.8044801891059928,-0.7288135593220338,0.1568627450980392,Aqua,00:00:00
2011-11-29,2011-11-29 00:00:00,-0.5153256073898916,-0.5322580645161289,0.30526315789473685,Aqua,00:00:00
2011-11-30,2011-11-30 00:00:00,-0.738591261551263,-0.6912442396313364,0.18256130790190733,Aqua,00:00:00
2011-12-01,2011-12-01 00:00:00,-0.6241743056185347,-0.6160458452722063,0.23758865248226949,Aqua,00:00:00
2011-12-02,2011-12-02 00:00:00,-0.7099964085640623,-0.6736596736596737,0.19498607242339833,Aqua,00:00:00
2011-12-03,2011-12-03 00:00:00,-0.566607249648512,-0.573236889692586,0.2712643678160919,Aqua,00:00:00
2011-12-04,2011-12-04 00:00:00,-0.6798470323839819,-0.6542553191489362,0.2090032154340836,Aqua,00:00:00
2011-12-05,2011-12-05 00:00:00,-0.7831146699151937,-0.7170731707317074,0.16477272727272727,Aqua,00:00:00
2011-12-06,2011-12-06 00:00:00,-0.8041646827485616,-0.728643216080402,0.1569767441860465,Aqua,00:00:00
2011-12-07,2011-12-07 00:00:00,-0.6131489634935746,-0.6081081081081081,0.24369747899159666,Aqua,00:00:00
2011-12-08,2011-12-08 00:00:00,-0.5393357149100444,-0.5517774343122102,0.28884462151394424,Aqua,00:00:00
2011-12-09,2011-12-09 00:00:00,-0.6116286778737584,-0.6070038910505837,0.24455205811138014,Aqua,00:00:00
2011-12-12,2011-12-12 00:00:00,-0.4319021617083845,-0.4599483204134367,0.36991150442477877,Aqua,00:00:00
2012-01-02,2012-01-02 00:00:00,-0.5642714304385626,-0.5714285714285715,0.2727272727272727,Aqua,00:00:00
2012-01-03,2012-01-03 00:00:00,-0.9310126687208501,-0.7901639344262295,0.11721611721611722,Aqua,00:00:00
2012-01-06,2012-01-06 00:00:00,-0.6259979988260514,-0.6173469387755102,0.23659305993690855,Aqua,00:00:00
2012-01-08,2012-01-08 00:00:00,-0.19671594944401202,-0.22268326417704015,0.6357466063348416,Aqua,00:00:00
2012-01-12,2012-01-12 00:00:00,-0.41497334797081803,-0.4444444444444445,0.3846153846153846,Aqua,00:00:00
2012-01-13,2012-01-13 00:00:00,-0.942435718720982,-0.7950530035335689,0.11417322834645668,Aqua,00:00:00
2012-01-14,2012-01-14 00:00:00,-0.7490488686793364,-0.6974789915966385,0.17821782178217824,Aqua,00:00:00
2012-01-16,2012-01-16 00:00:00,-0.37683150106022545,-0.40852819807427787,0.419921875,Aqua,00:00:00
2012-02-02,2012-02-02 00:00:00,-0.9610819339696304,-0.8028169014084506,0.109375,Aqua,00:00:00
2012-02-03,2012-02-03 00:00:00,-0.9683099573220508,-0.8057553956834532,0.10756972111553785,Aqua,00:00:00
2012-02-05,2012-02-05 00:00:00,-0.7015941481621676,-0.6683417085427135,0.19879518072289157,Aqua,00:00:00
2012-02-06,2012-02-06 00:00:00,-0.808885867359812,-0.7311827956989247,0.15527950310559008,Aqua,00:00:00
2012-02-11,2012-02-11 00:00:00,-0.8433712207137508,-0.7491289198606272,0.14342629482071714,Aqua,00:00:00
2012-02-15,2012-02-15 00:00:00,-0.5926525228061312,-0.5930232558139534,0.2554744525547445,Aqua,00:00:00
2012-02-18,2012-02-18 00:00:00,-0.674713755089973,-0.6508620689655173,0.2114882506527415,Aqua,00:00:00
2012-02-19,2012-02-19 00:00:00,-0.36268689672807336,-0.3948717948717949,0.43382352941176466,Aqua,00:00:00
2012-02-23,2012-02-23 00:00:00,-1.0075971817505214,-0.8210526315789474,0.09826589595375723,Aqua,00:00:00
2012-02-24,2012-02-24 00:00:00,-0.8366030115725244,-0.7456896551724137,0.145679012345679,Aqua,00:00:00
2012-03-01,2012-03-01 00:00:00,-0.3750965264175423,-0.40686274509803927,0.4216027874564459,Aqua,00:00:00
2012-03-03,2012-03-03 00:00:00,-0.378634853476651,-0.41025641025641024,0.41818181818181815,Aqua,00:00:00
2012-03-04,2012-03-04 00:00:00,-0.4136202129572,-0.44319344933469806,0.38581560283687943,Aqua,00:00:00
2012-03-07,2012-03-07 00:00:00,-0.6936192859519177,-0.6632302405498283,0.20247933884297517,Aqua,00:00:00
2012-03-08,2012-03-08 00:00:00,-0.2056221334856173,-0.23240589198036007,0.6228419654714475,Aqua,00:00:00
2012-03-09,2012-03-09 00:00:00,-0.7290590919316748,-0.6854700854700855,0.1866125760649087,Aqua,00:00:00
2012-03-17,2012-03-17 00:00:00,-0.4914794047665296,-0.5122950819672131,0.3224932249322493,Aqua,00:00:00
2012-03-18,2012-03-18 00:00:00,-0.40114514854724903,-0.4315789473684211,0.39705882352941174,Aqua,00:00:00
2012-03-23,2012-03-23 00:00:00,-0.5056898099393232,-0.5242603550295858,0.31211180124223603,Aqua,00:00:00
2012-03-28,2012-03-28 00:00:00,-0.4871881338328476,-0.508641975308642,0.32569558101472995,Aqua,00:00:00
2012-04-02,2012-04-02 00:00:00,-0.4387964173901469,-0.466183574879227,0.3640856672158155,Aqua,00:00:00
2012-04-20,2012-04-20 00:00:00,-0.6400908364534387,-0.627287853577371,0.22903885480572597,Aqua,00:00:00
2012-04-21,2012-04-21 00:00:00,-0.6971937463102158,-0.665529010238908,0.20081967213114751,Aqua,00:00:00
2012-04-24,2012-04-24 00:00:00,-0.3359354570926424,-0.3685636856368564,0.4613861386138614,Aqua,00:00:00
2012-04-28,2012-04-28 00:00:00,-0.2822805596511422,-0.3140096618357488,0.5220588235294118,Aqua,00:00:00
2012-04-29,2012-04-29 00:00:00,-0.3675959922128523,-0.3996316758747697,0.4289473684210527,Aqua,00:00:00
2012-05-01,2012-05-01 00:00:00,-0.44402514502864043,-0.47088186356073214,0.3597285067873303,Aqua,00:00:00
2012-05-06,2012-05-06 00:00:00,-0.46434696668323355,-0.48888888888888893,0.34328358208955223,Aqua,00:00:00
2012-05-07,2012-05-07 00:00:00,-0.5700285252740449,-0.575875486381323,0.2691358024691358,Aqua,00:00:00
2012-05-08,2012-05-08 00:00:00,-0.5541762077468454,-0.5635491606714629,0.2791411042944785,Aqua,00:00:00
2012-05-09,2012-05-09 00:00:00,-0.34791114657181277,-0.38041733547351525,0.44883720930232557,Aqua,00:00:00
2012-05-10,2012-05-10 00:00:00,-0.4032451710329387,-0.43354430379746833,0.3951434878587196,Aqua,00:00:00
2012-05-11,2012-05-11 00:00:00,-0.37061688146080274,-0.40255009107468115,0.425974025974026,Aqua,00:00:00
2012-05-12,2012-05-12 00:00:00,-0.4268161364082667,-0.45531914893617026,0.3742690058479532,Aqua,00:00:00
2012-05-13,2012-05-13 00:00:00,-0.6020599913279624,-0.6000000000000001,0.25,Aqua,00:00:00
2012-05-14,2012-05-14 00:00:00,-0.3211958503620272,-0.35380835380835385,0.47731397459165154,Aqua,00:00:00
2012-05-15,2012-05-15 00:00:00,-0.5455786353755142,-0.5567567567567567,0.2847222222222222,Aqua,00:00:00
2012-05-16,2012-05-16 00:00:00,-0.4427822312819312,-0.46976744186046515,0.36075949367088606,Aqua,00:00:00
2012-05-17,2012-05-17 00:00:00,-0.42207368838875703,-0.45098039215686286,0.37837837837837834,Aqua,00:00:00
2012-05-18,2012-05-18 00:00:00,-0.14222184474881028,-0.162291169451074,0.7207392197125256,Aqua,00:00:00
2012-05-22,2012-05-22 00:00:00,-0.0204380363948915,-0.023525817293003397,0.9540298507462686,Aqua,00:00:00
2012-05-23,2012-05-23 00:00:00,-0.21759092647381503,-0.245398773006135,0.605911330049261,Aqua,00:00:00
2012-05-26,2012-05-26 00:00:00,-0.1255978572112208,-0.14360041623309058,0.748862602365787,Aqua,00:00:00
2012-05-30,2012-05-30 00:00:00,-0.6441213363286739,-0.6300940438871473,0.2269230769230769,Aqua,00:00:00
2012-05-31,2012-05-31 00:00:00,-0.7819442394007827,-0.7164179104477612,0.16521739130434782,Aqua,00:00:00
2012-06-01,2012-06-01 00:00:00,-0.6493348587121418,-0.6336996336996337,0.2242152466367713,Aqua,00:00:00
2012-06-02,2012-06-02 00:00:00,-0.21133725893810543,-0.23862068965517239,0.6146993318485524,Aqua,00:00:00
2012-06-05,2012-06-05 00:00:00,-0.5213655225580971,-0.5372233400402414,0.3010471204188481,Aqua,00:00:00
2012-06-06,2012-06-06 00:00:00,-0.6673710182643164,-0.6459627329192547,0.2150943396226415,Aqua,00:00:00
2012-06-08,2012-06-08 00:00:00,-0.24459932471852328,-0.274390243902439,0.569377990430622,Aqua,00:00:00
2012-06-09,2012-06-09 00:00:00,-0.7420046365612206,-0.6932907348242813,0.1811320754716981,Aqua,00:00:00
2012-06-10,2012-06-10 00:00:00,-0.6893895905081641,-0.6604938271604939,0.20446096654275095,Aqua,00:00:00
2012-06-11,2012-06-11 00:00:00,-0.1598062157861177,-0.18193548387096775,0.6921397379912664,Aqua,00:00:00
2012-06-13,2012-06-13 00:00:00,-0.06915090455669738,-0.07944514501891557,0.8528037383177569,Aqua,00:00:00
2012-06-14,2012-06-14 00:00:00,-0.6505724176091352,-0.6345514950166112,0.22357723577235775,Aqua,00:00:00
2012-06-17,2012-06-17 00:00:00,-0.38141594284997665,-0.4129158512720157,0.41551246537396125,Aqua,00:00:00
2012-06-18,2012-06-18 00:00:00,-0.28944812311416607,-0.32142857142857145,0.5135135135135135,Aqua,00:00:00
2012-06-19,2012-06-19 00:00:00,-0.5680409040385314,-0.5743440233236152,0.27037037037037037,Aqua,00:00:00
2012-06-20,2012-06-20 00:00:00,-0.774848614833558,-0.7124183006535947,0.16793893129770993,Aqua,00:00:00
2012-06-21,2012-06-21 00:00:00,0.03140846425162412,0.036144578313253004,1.075,Aqua,00:00:00
2012-06-26,2012-06-26 00:00:00,-0.2540334329877577,-0.28440366972477066,0.557142857142857,Aqua,00:00:00
2012-06-27,2012-06-27 00:00:00,-0.5275307581972627,-0.5422535211267605,0.29680365296803657,Aqua,00:00:00
2012-07-02,2012-07-02 00:00:00,-0.40815917385372363,-0.43812709030100333,0.3906976744186047,Aqua,00:00:00
2012-07-03,2012-07-03 00:00:00,-0.17609125905568118,-0.19999999999999996,0.6666666666666667,Aqua,00:00:00
2012-07-04,2012-07-04 00:00:00,-0.2628722936712663,-0.2937293729372937,0.5459183673469389,Aqua,00:00:00
2012-07-05,2012-07-05 00:00:00,-0.14920731133523663,-0.17011128775834655,0.7092391304347827,Aqua,00:00:00
2012-07-06,2012-07-06 00:00:00,-0.1632655234705453,-0.18578352180937,0.6866485013623977,Aqua,00:00:00
2012-07-07,2012-07-07 00:00:00,0.019971080930620073,0.02298850574712643,1.0470588235294118,Aqua,00:00:00
2012-07-08,2012-07-08 00:00:00,-0.20925962230833584,-0.23636363636363633,0.6176470588235294,Aqua,00:00:00
2012-07-09,2012-07-09 00:00:00,-0.20009153545944777,-0.22637362637362637,0.6308243727598566,Aqua,00:00:00
2012-07-11,2012-07-11 00:00:00,0.12818379142144698,0.1465149359886202,1.3433333333333333,Aqua,00:00:00
2012-07-12,2012-07-12 00:00:00,-0.022705569782899747,-0.02613480055020631,0.9490616621983915,Aqua,00:00:00
2012-07-13,2012-07-13 00:00:00,-0.06326510585057127,-0.07270811380400417,0.8644400785854618,Aqua,00:00:00
2012-07-14,2012-07-14 00:00:00,-0.002024686566414489,-0.0023310023310023167,0.9953488372093023,Aqua,00:00:00
2012-07-15,2012-07-15 00:00:00,-0.14351703894464485,-0.16374269005847955,0.7185929648241206,Aqua,00:00:00
2012-07-18,2012-07-18 00:00:00,0.6277904337702751,0.6186224489795917,4.2441471571906355,Aqua,00:00:00
2012-07-20,2012-07-20 00:00:00,-0.028645181449530023,-0.032967032967032954,0.9361702127659575,Aqua,00:00:00
2012-07-21,2012-07-21 00:00:00,0.31586502561151814,0.3484276729559748,2.0694980694980694,Aqua,00:00:00
2012-07-22,2012-07-22 00:00:00,-0.03751178152759833,-0.04316020482809073,0.917251051893408,Aqua,00:00:00
2012-07-23,2012-07-23 00:00:00,-0.024133679716719363,-0.02777777777777779,0.9459459459459459,Aqua,00:00:00
2012-07-24,2012-07-24 00:00:00,-0.36797678529459443,-0.4,0.42857142857142855,Aqua,00:00:00
2012-07-25,2012-07-25 00:00:00,-0.3662005272687914,-0.39828080229226365,0.430327868852459,Aqua,00:00:00
2012-07-27,2012-07-27 00:00:00,-0.1646733551911462,-0.18734793187347937,0.6844262295081966,Aqua,00:00:00
2012-07-28,2012-07-28 00:00:00,-0.153228376096177,-0.17460317460317457,0.7027027027027027,Aqua,00:00:00
2012-07-29,2012-07-29 00:00:00,-0.359835482339888,-0.39209726443769,0.4366812227074236,Aqua,00:00:00
2012-07-30,2012-07-30 00:00:00,-0.19728055812561934,-0.2233009708737864,0.6349206349206349,Aqua,00:00:00
2012-07-31,2012-07-31 00:00:00,-0.3010299956639812,-0.3333333333333333,0.5,Aqua,00:00:00
2012-08-01,2012-08-01 00:00:00,-0.08618614761628333,-0.09890109890109891,0.82,Aqua,00:00:00
2012-08-02,2012-08-02 00:00:00,-0.3853508813640171,-0.41666666666666663,0.411764705882353,Aqua,00:00:00
2012-08-03,2012-08-03 00:00:00,-0.19020546812089145,-0.21554770318021202,0.6453488372093024,Aqua,00:00:00
2012-08-04,2012-08-04 00:00:00,-0.18200011866620158,-0.2065217391304348,0.6576576576576576,Aqua,00:00:00
2012-08-05,2012-08-05 00:00:00,-0.08525908974152006,-0.09784411276948593,0.8217522658610271,Aqua,00:00:00
2012-08-06,2012-08-06 00:00:00,-0.28996456951382116,-0.32196162046908317,0.5129032258064516,Aqua,00:00:00
2012-08-07,2012-08-07 00:00:00,-0.11857999223985202,-0.13567839195979897,0.7610619469026548,Aqua,00:00:00
2012-08-08,2012-08-08 00:00:00,-0.20511190044205999,-0.23185011709601872,0.623574144486692,Aqua,00:00:00
2012-08-10,2012-08-10 00:00:00,0.036465701255867226,0.041958041958041946,1.0875912408759123,Aqua,00:00:00
2012-08-12,2012-08-12 00:00:00,-0.3730637480736432,-0.40490797546012264,0.42358078602620086,Aqua,00:00:00
2012-08-13,2012-08-13 00:00:00,0.47611826470826635,0.4991334488734836,2.9930795847750864,Aqua,00:00:00
2012-08-15,2012-08-15 00:00:00,0.48192013760143115,0.5041322314049587,3.033333333333333,Aqua,00:00:00
2012-08-18,2012-08-18 00:00:00,-0.17001711134348807,-0.19327731092436973,0.676056338028169,Aqua,00:00:00
2012-08-19,2012-08-19 00:00:00,-0.3476061377053363,-0.38011695906432746,0.4491525423728814,Aqua,00:00:00
2012-08-20,2012-08-20 00:00:00,-0.6879746200345557,-0.6595744680851064,0.20512820512820512,Aqua,00:00:00
2012-08-21,2012-08-21 00:00:00,-0.33940823007493365,-0.3720136518771331,0.4577114427860696,Aqua,00:00:00
2012-08-23,2012-08-23 00:00:00,-0.26041214475571717,-0.2911392405063291,0.5490196078431372,Aqua,00:00:00
2012-08-24,2012-08-24 00:00:00,-0.21407435275097783,-0.24159021406727826,0.6108374384236454,Aqua,00:00:00
2012-08-26,2012-08-26 00:00:00,-0.37941510128351125,-0.4110032362459547,0.41743119266055045,Aqua,00:00:00
2012-08-28,2012-08-28 00:00:00,-0.14846784998033327,-0.16928446771378708,0.7104477611940299,Aqua,00:00:00
2012-08-29,2012-08-29 00:00:00,-0.09645019879686245,-0.11058823529411764,0.8008474576271186,Aqua,00:00:00
2012-08-30,2012-08-30 00:00:00,-0.243304242063861,-0.27301092043681746,0.571078431372549,Aqua,00:00:00
2012-08-31,2012-08-31 00:00:00,-0.11270428019128836,-0.1290322580645162,0.7714285714285714,Aqua,00:00:00
2012-09-01,2012-09-01 00:00:00,-0.38303628458012723,-0.41446208112874783,0.4139650872817955,Aqua,00:00:00
2012-09-02,2012-09-02 00:00:00,-0.3750965264175422,-0.4068627450980391,0.421602787456446,Aqua,00:00:00
2012-09-03,2012-09-03 00:00:00,-0.17762858626061043,-0.20169851380042464,0.6643109540636042,Aqua,00:00:00
2012-09-04,2012-09-04 00:00:00,-0.206657250721285,-0.23353293413173648,0.6213592233009709,Aqua,00:00:00
2012-09-05,2012-09-05 00:00:00,-0.33724216831842596,-0.3698630136986301,0.45999999999999996,Aqua,00:00:00
2012-09-06,2012-09-06 00:00:00,-0.20197177803565872,-0.22842639593908626,0.628099173553719,Aqua,00:00:00
2012-09-07,2012-09-07 00:00:00,-0.10806117008088235,-0.1237721021611002,0.7797202797202797,Aqua,00:00:00
2012-09-08,2012-09-08 00:00:00,-0.3813407468525759,-0.4128440366972477,0.41558441558441556,Aqua,00:00:00
2012-09-09,2012-09-09 00:00:00,-0.37455260163355725,-0.40634005763688763,0.4221311475409836,Aqua,00:00:00
2012-09-10,2012-09-10 00:00:00,-0.36597080259699577,-0.3980582524271844,0.4305555555555556,Aqua,00:00:00
2012-09-11,2012-09-11 00:00:00,-0.41177999180446767,-0.4414893617021277,0.38745387453874536,Aqua,00:00:00
2012-09-12,2012-09-12 00:00:00,-0.3908396682540986,-0.42187499999999994,0.4065934065934066,Aqua,00:00:00
2012-09-13,2012-09-13 00:00:00,-0.34978706536475834,-0.38226299694189597,0.44690265486725667,Aqua,00:00:00
2012-09-15,2012-09-15 00:00:00,-0.5421248890642735,-0.554006968641115,0.28699551569506726,Aqua,00:00:00
2012-09-16,2012-09-16 00:00:00,-0.3703564870399491,-0.40229885057471265,0.4262295081967213,Aqua,00:00:00
2012-09-17,2012-09-17 00:00:00,-0.36606359065031385,-0.39814814814814814,0.43046357615894043,Aqua,00:00:00
2012-09-18,2012-09-18 00:00:00,-0.48260138398724306,-0.5047169811320754,0.329153605015674,Aqua,00:00:00
2012-09-19,2012-09-19 00:00:00,-0.12394150429435129,-0.14173228346456695,0.7517241379310344,Aqua,00:00:00
2012-09-20,2012-09-20 00:00:00,-0.5484153727619628,-0.5590062111801243,0.28286852589641437,Aqua,00:00:00
2012-09-21,2012-09-21 00:00:00,-0.4569847912729908,-0.4824120603015076,0.34915254237288135,Aqua,00:00:00
2012-09-22,2012-09-22 00:00:00,-0.6400225135583235,-0.6272401433691757,0.2290748898678414,Aqua,00:00:00
2012-09-23,2012-09-23 00:00:00,-0.5591317907861515,-0.5674300254452926,0.275974025974026,Aqua,00:00:00
2012-09-24,2012-09-24 00:00:00,-0.35051535874389944,-0.3829787234042554,0.4461538461538462,Aqua,00:00:00
2012-09-25,2012-09-25 00:00:00,-0.6667853209646176,-0.6455696202531646,0.21538461538461537,Aqua,00:00:00
2012-09-26,2012-09-26 00:00:00,-0.3034494697873942,-0.33580705009276446,0.4972222222222221,Aqua,00:00:00
2012-09-30,2012-09-30 00:00:00,-0.14698887735137406,-0.16763005780346818,0.712871287128713,Aqua,00:00:00
2012-10-01,2012-10-01 00:00:00,-0.5256716454645077,-0.5407407407407407,0.2980769230769231,Aqua,00:00:00
2012-10-02,2012-10-02 00:00:00,-0.5433199055228822,-0.5549597855227882,0.2862068965517241,Aqua,00:00:00
2012-10-03,2012-10-03 00:00:00,-0.46713703381306154,-0.49132947976878616,0.34108527131782945,Aqua,00:00:00
2012-10-04,2012-10-04 00:00:00,-0.5224568953375983,-0.5381165919282512,0.30029154518950435,Aqua,00:00:00
2012-10-06,2012-10-06 00:00:00,-0.723729243371415,-0.6822033898305084,0.18891687657430734,Aqua,00:00:00
2012-10-07,2012-10-07 00:00:00,-0.3281170861329627,-0.36075949367088606,0.46976744186046515,Aqua,00:00:00
2012-10-08,2012-10-08 00:00:00,-0.4530903240380006,-0.4789644012944984,0.35229759299781177,Aqua,00:00:00
2012-10-09,2012-10-09 00:00:00,-0.4408550518982031,-0.46803652968036535,0.3623639191290824,Aqua,00:00:00
2012-10-10,2012-10-10 00:00:00,-0.38143633274091227,-0.41293532338308453,0.4154929577464789,Aqua,00:00:00
2012-10-11,2012-10-11 00:00:00,-0.40084499931544476,-0.43129770992366406,0.39733333333333337,Aqua,00:00:00
2012-10-13,2012-10-13 00:00:00,-0.6879746200345556,-0.6595744680851063,0.20512820512820515,Aqua,00:00:00
2012-10-16,2012-10-16 00:00:00,-0.6433192731732346,-0.6295369211514393,0.22734254992319508,Aqua,00:00:00
2012-10-17,2012-10-17 00:00:00,-0.8450980400142568,-0.7500000000000001,0.14285714285714285,Aqua,00:00:00
2012-10-20,2012-10-20 00:00:00,-0.2896005338831994,-0.32158590308370044,0.5133333333333333,Aqua,00:00:00
2012-10-25,2012-10-25 00:00:00,-0.6010296362019568,-0.5992402659069327,0.2505938242280285,Aqua,00:00:00
2012-10-29,2012-10-29 00:00:00,-0.615333181753436,-0.6096904441453567,0.24247491638795984,Aqua,00:00:00
2012-11-04,2012-11-04 00:00:00,-0.8480078966750186,-0.7514619883040936,0.14190317195325544,Aqua,00:00:00
2012-11-06,2012-11-06 00:00:00,-0.7984404569409191,-0.7255369928400955,0.1590594744121715,Aqua,00:00:00
2012-11-07,2012-11-07 00:00:00,-0.6359182585889298,-0.6243654822335025,0.23125,Aqua,00:00:00
2012-11-10,2012-11-10 00:00:00,-0.5568366414606964,-0.565635738831615,0.27743634767339775,Aqua,00:00:00
2012-11-25,2012-11-25 00:00:00,-0.5492506175682303,-0.5596669750231267,0.28232502965599054,Aqua,00:00:00
2012-12-05,2012-12-05 00:00:00,-0.5071598699004203,-0.5254865616311399,0.3110571081409478,Aqua,00:00:00
2012-12-08,2012-12-08 00:00:00,-0.5638066957961382,-0.5710681244743483,0.27301927194860814,Aqua,00:00:00
2012-12-09,2012-12-09 00:00:00,-0.5619766061722705,-0.5696465696465697,0.27417218543046357,Aqua,00:00:00
2012-12-12,2012-12-12 00:00:00,-0.585383459784624,-0.5875706214689265,0.2597864768683274,Aqua,00:00:00
2012-12-13,2012-12-13 00:00:00,-0.5792485864082153,-0.5829268292682926,0.263482280431433,Aqua,00:00:00
2013-03-08,2013-03-08 00:00:00,-0.6494846412561006,-0.6338028169014084,0.22413793103448273,Aqua,00:00:00
2013-03-09,2013-03-09 00:00:00,-0.7715957375088263,-0.7105691056910569,0.16920152091254753,Aqua,00:00:00
2013-03-10,2013-03-10 00:00:00,-0.3983898217437384,-0.42899408284023666,0.3995859213250518,Aqua,00:00:00
2013-03-13,2013-03-13 00:00:00,-0.5486243468002726,-0.5591715976331361,0.2827324478178368,Aqua,00:00:00
2013-03-15,2013-03-15 00:00:00,-0.5853711934847007,-0.5875613747954174,0.2597938144329897,Aqua,00:00:00
2013-03-17,2013-03-17 00:00:00,-0.6783068040365378,-0.6532399299474606,0.20974576271186443,Aqua,00:00:00
2013-03-22,2013-03-22 00:00:00,-0.5009650182160672,-0.5203045685279187,0.31552587646076796,Aqua,00:00:00
2013-03-23,2013-03-23 00:00:00,-0.3690270747590923,-0.4010152284263959,0.427536231884058,Aqua,00:00:00
2013-03-29,2013-03-29 00:00:00,-0.7079018252029449,-0.672340425531915,0.19592875318066158,Aqua,00:00:00
2013-03-30,2013-03-30 00:00:00,-0.5386935557090927,-0.5512630014858841,0.289272030651341,Aqua,00:00:00
2013-04-02,2013-04-02 00:00:00,-0.3885999824178942,-0.41975308641975306,0.40869565217391307,Aqua,00:00:00
2013-04-08,2013-04-08 00:00:00,-0.28668096935493026,-0.31856899488926754,0.5167958656330749,Aqua,00:00:00
2013-04-09,2013-04-09 00:00:00,-0.8004734543329485,-0.7266435986159169,0.15831663326653309,Aqua,00:00:00
2013-04-11,2013-04-11 00:00:00,-0.4920128101210075,-0.5127478753541077,0.32209737827715357,Aqua,00:00:00
2013-04-15,2013-04-15 00:00:00,-0.46079685578204255,-0.4857723577235772,0.34610123119015046,Aqua,00:00:00
2013-04-17,2013-04-17 00:00:00,-0.5394872081566084,-0.5518987341772151,0.28874388254486133,Aqua,00:00:00
2013-04-18,2013-04-18 00:00:00,-0.6971753964852673,-0.6655172413793103,0.20082815734989648,Aqua,00:00:00
2013-04-20,2013-04-20 00:00:00,-0.4246895134331081,-0.4533762057877814,0.3761061946902655,Aqua,00:00:00
2013-04-22,2013-04-22 00:00:00,-0.302639489100551,-0.33497942386831275,0.498150431565968,Aqua,00:00:00
2013-04-23,2013-04-23 00:00:00,-0.615131400175721,-0.6095444685466377,0.24258760107816713,Aqua,00:00:00
2013-04-24,2013-04-24 00:00:00,-0.4779872459974361,-0.5007473841554559,0.33266932270916333,Aqua,00:00:00
2013-04-25,2013-04-25 00:00:00,-0.24928699796329587,-0.2793733681462141,0.5632653061224491,Aqua,00:00:00
2013-04-26,2013-04-26 00:00:00,-0.36797678529459443,-0.4,0.42857142857142855,Aqua,00:00:00
2013-04-27,2013-04-27 00:00:00,-0.453229034169301,-0.4790874524714829,0.35218508997429304,Aqua,00:00:00
2013-04-30,2013-04-30 00:00:00,-0.5924300073756692,-0.5928571428571429,0.2556053811659193,Aqua,00:00:00
2013-05-01,2013-05-01 00:00:00,-0.6011310188199505,-0.5993150684931506,0.2505353319057816,Aqua,00:00:00
2013-05-02,2013-05-02 00:00:00,-0.6315349690307065,-0.621276595744681,0.23359580052493437,Aqua,00:00:00
2013-05-03,2013-05-03 00:00:00,-0.4952194768124586,-0.5154639175257731,0.3197278911564626,Aqua,00:00:00
2013-05-09,2013-05-09 00:00:00,-0.5724375247211615,-0.5777262180974478,0.2676470588235294,Aqua,00:00:00
2013-05-10,2013-05-10 00:00:00,-0.4232458739368078,-0.4520547945205479,0.37735849056603776,Aqua,00:00:00
2013-05-17,2013-05-17 00:00:00,-0.4587612456685886,-0.4839797639123103,0.3477272727272727,Aqua,00:00:00
2013-05-19,2013-05-19 00:00:00,-0.579552650330111,-0.5831578947368421,0.26329787234042556,Aqua,00:00:00
2013-05-20,2013-05-20 00:00:00,-0.6630354248402122,-0.6430446194225722,0.2172523961661342,Aqua,00:00:00
2013-05-23,2013-05-23 00:00:00,-0.5015537079746005,-0.5207986688851913,0.3150984682713348,Aqua,00:00:00
2013-05-24,2013-05-24 00:00:00,-0.1437022018066716,-0.16395014381591566,0.7182866556836902,Aqua,00:00:00
2013-05-26,2013-05-26 00:00:00,-0.278167112704477,-0.3097345132743363,0.527027027027027,Aqua,00:00:00
2013-05-28,2013-05-28 00:00:00,-0.40233425677012985,-0.4326923076923077,0.3959731543624161,Aqua,00:00:00
2013-05-29,2013-05-29 00:00:00,-0.2915145559512822,-0.3235602094240838,0.5110759493670886,Aqua,00:00:00
2013-05-30,2013-05-30 00:00:00,-0.4455222686479601,-0.47222222222222227,0.3584905660377359,Aqua,00:00:00
2013-05-31,2013-05-31 00:00:00,-0.4259687322722812,-0.4545454545454546,0.37499999999999994,Aqua,00:00:00
2013-06-01,2013-06-01 00:00:00,-0.10333053411245283,-0.11840562719812424,0.7882599580712789,Aqua,00:00:00
2013-06-02,2013-06-02 00:00:00,-0.27933084614809806,-0.3109452736318408,0.5256166982922201,Aqua,00:00:00
2013-06-03,2013-06-03 00:00:00,-0.596151131717442,-0.5956284153005464,0.2534246575342466,Aqua,00:00:00
2013-06-04,2013-06-04 00:00:00,-0.46402595662951474,-0.4886075949367088,0.3435374149659864,Aqua,00:00:00
2013-06-05,2013-06-05 00:00:00,-0.5409548089261327,-0.553072625698324,0.28776978417266186,Aqua,00:00:00
2013-06-06,2013-06-06 00:00:00,-0.4101744650890493,-0.4400000000000001,0.38888888888888884,Aqua,00:00:00
2013-06-07,2013-06-07 00:00:00,-0.4325760314692221,-0.460559796437659,0.3693379790940767,Aqua,00:00:00
2013-06-08,2013-06-08 00:00:00,-0.4960065988800362,-0.5161290322580645,0.3191489361702128,Aqua,00:00:00
2013-06-09,2013-06-09 00:00:00,-0.25391745101834,-0.2842809364548495,0.5572916666666666,Aqua,00:00:00
2013-06-10,2013-06-10 00:00:00,-0.16238211707266398,-0.18480138169257346,0.6880466472303206,Aqua,00:00:00
2013-06-11,2013-06-11 00:00:00,-0.12357517353555142,-0.14131897711978458,0.7523584905660379,Aqua,00:00:00
2013-06-12,2013-06-12 00:00:00,-0.34421358844008715,-0.37677053824362605,0.45267489711934156,Aqua,00:00:00
2013-06-14,2013-06-14 00:00:00,-0.1393684520309414,-0.1590909090909091,0.7254901960784313,Aqua,00:00:00
2013-06-17,2013-06-17 00:00:00,0.08281553070271887,0.09505703422053233,1.2100840336134453,Aqua,00:00:00
2013-06-18,2013-06-18 00:00:00,-0.02922525466648006,-0.03363412633305988,0.9349206349206349,Aqua,00:00:00
2013-06-21,2013-06-21 00:00:00,0.11638836640390539,0.13320079522862827,1.3073394495412844,Aqua,00:00:00
2013-06-22,2013-06-22 00:00:00,-0.16361343223056182,-0.1861702127659574,0.6860986547085203,Aqua,00:00:00
2013-06-27,2013-06-27 00:00:00,0.48012676485938766,0.5025906735751295,3.020833333333333,Aqua,00:00:00
2013-06-28,2013-06-28 00:00:00,0.6051364704166001,0.6022620169651274,4.028436018957346,Aqua,00:00:00
2013-06-29,2013-06-29 00:00:00,-0.5725047477662463,-0.5777777777777777,0.26760563380281693,Aqua,00:00:00
2013-06-30,2013-06-30 00:00:00,-0.5205869485007528,-0.5365853658536586,0.30158730158730157,Aqua,00:00:00
2013-07-02,2013-07-02 00:00:00,-0.21597981595225846,-0.2436548223350254,0.6081632653061224,Aqua,00:00:00
2013-07-03,2013-07-03 00:00:00,-0.3435412763714576,-0.37610619469026546,0.4533762057877814,Aqua,00:00:00
2013-07-04,2013-07-04 00:00:00,-0.17868406963396083,-0.2028639618138425,0.6626984126984127,Aqua,00:00:00
2013-07-05,2013-07-05 00:00:00,0.027152246043614867,0.03125000000000003,1.0645161290322582,Aqua,00:00:00
2013-07-06,2013-07-06 00:00:00,-0.36735592102601894,-0.3993993993993994,0.4291845493562232,Aqua,00:00:00
2013-07-08,2013-07-08 00:00:00,-0.2903936808181962,-0.3224043715846994,0.512396694214876,Aqua,00:00:00
2013-07-09,2013-07-09 00:00:00,0.00990290910132263,0.011400651465798033,1.0230642504118617,Aqua,00:00:00
2013-07-10,2013-07-10 00:00:00,-0.0031357138528585494,-0.0036101083032490755,0.9928057553956835,Aqua,00:00:00
2013-07-11,2013-07-11 00:00:00,0.005248335556345625,0.0060422960725076205,1.0121580547112463,Aqua,00:00:00
2013-07-12,2013-07-12 00:00:00,-0.05541452408987605,-0.06371191135734071,0.8802083333333334,Aqua,00:00:00
2013-07-13,2013-07-13 00:00:00,-0.29148467775775083,-0.32352941176470595,0.5111111111111111,Aqua,00:00:00
2013-07-14,2013-07-14 00:00:00,-0.46339523021290474,-0.4880546075085324,0.34403669724770647,Aqua,00:00:00
2013-07-17,2013-07-17 00:00:00,0.1432100326610256,0.1633986928104575,1.390625,Aqua,00:00:00
2013-07-18,2013-07-18 00:00:00,-0.19361234553941906,-0.2192846034214619,0.6403061224489797,Aqua,00:00:00
2013-07-19,2013-07-19 00:00:00,0.002291796779584843,0.002638522427440617,1.0052910052910053,Aqua,00:00:00
2013-07-20,2013-07-20 00:00:00,-0.20943949163453632,-0.23655913978494622,0.6173913043478262,Aqua,00:00:00
2013-07-21,2013-07-21 00:00:00,-0.5659133775055394,-0.5727002967359051,0.27169811320754716,Aqua,00:00:00
2013-07-22,2013-07-22 00:00:00,-0.39013030704357365,-0.4212034383954155,0.40725806451612906,Aqua,00:00:00
2013-07-23,2013-07-23 00:00:00,-0.3930484664167782,-0.423963133640553,0.4045307443365696,Aqua,00:00:00
2013-07-25,2013-07-25 00:00:00,0.06235103794146402,0.07166123778501625,1.1543859649122805,Aqua,00:00:00
2013-07-26,2013-07-26 00:00:00,-0.29104577475738025,-0.3230769230769231,0.5116279069767442,Aqua,00:00:00
2013-07-27,2013-07-27 00:00:00,-0.30599341519553125,-0.338403041825095,0.4943181818181819,Aqua,00:00:00
2013-07-28,2013-07-28 00:00:00,-0.053488700656865576,-0.06150341685649205,0.8841201716738197,Aqua,00:00:00
2013-07-29,2013-07-29 00:00:00,-0.02309085907072516,-0.02657807308970095,0.9482200647249192,Aqua,00:00:00
2013-08-01,2013-08-01 00:00:00,-0.08779692860373334,-0.10073710073710072,0.8169642857142857,Aqua,00:00:00
2013-08-02,2013-08-02 00:00:00,0.3584599915407439,0.3907563025210085,2.2827586206896555,Aqua,00:00:00
2013-08-03,2013-08-03 00:00:00,-0.06944993478441752,-0.0797872340425532,0.8522167487684729,Aqua,00:00:00
2013-08-04,2013-08-04 00:00:00,-0.14780161956780422,-0.16853932584269665,0.7115384615384615,Aqua,00:00:00
2013-08-06,2013-08-06 00:00:00,-0.393261746394267,-0.4241645244215938,0.4043321299638989,Aqua,00:00:00
2013-08-11,2013-08-11 00:00:00,-0.2116674133168773,-0.23897911832946636,0.6142322097378278,Aqua,00:00:00
2013-08-12,2013-08-12 00:00:00,-0.36888821161421514,-0.4008810572687225,0.4276729559748428,Aqua,00:00:00
2013-08-13,2013-08-13 00:00:00,-0.6097468199942534,-0.6056338028169014,0.24561403508771928,Aqua,00:00:00
2013-08-14,2013-08-14 00:00:00,-0.33262898173568356,-0.36526946107784436,0.4649122807017544,Aqua,00:00:00
2013-08-15,2013-08-15 00:00:00,-0.4864212777976247,-0.5079872204472843,0.326271186440678,Aqua,00:00:00
2013-08-18,2013-08-18 00:00:00,-0.3304632684181262,-0.36310679611650476,0.4672364672364673,Aqua,00:00:00
2013-08-19,2013-08-19 00:00:00,-0.3378326435717298,-0.3704496788008565,0.45937500000000003,Aqua,00:00:00
2013-08-20,2013-08-20 00:00:00,-0.20734895278612328,-0.2342857142857143,0.6203703703703703,Aqua,00:00:00
2013-08-23,2013-08-23 00:00:00,-0.1228305068279681,-0.14047866805411027,0.7536496350364964,Aqua,00:00:00
2013-08-24,2013-08-24 00:00:00,-0.40511859329916095,-0.4352941176470588,0.3934426229508197,Aqua,00:00:00
2013-08-26,2013-08-26 00:00:00,-0.6967930850817443,-0.6652719665271967,0.20100502512562812,Aqua,00:00:00
2013-08-27,2013-08-27 00:00:00,-0.6701758112254272,-0.6478405315614618,0.21370967741935482,Aqua,00:00:00
2013-08-28,2013-08-28 00:00:00,-0.4944261129281329,-0.5147928994082839,0.3203125,Aqua,00:00:00
2013-08-30,2013-08-30 00:00:00,-0.7586728969877946,-0.7031249999999999,0.1743119266055046,Aqua,00:00:00
2013-08-31,2013-08-31 00:00:00,-0.9100388469472714,-0.7809187279151945,0.12301587301587302,Aqua,00:00:00
2013-09-01,2013-09-01 00:00:00,-0.2603557465370932,-0.29107981220657275,0.5490909090909091,Aqua,00:00:00
2013-09-02,2013-09-02 00:00:00,-0.6523010874557229,-0.6357388316151203,0.2226890756302521,Aqua,00:00:00
2013-09-03,2013-09-03 00:00:00,-0.6226744465258821,-0.6149732620320855,0.2384105960264901,Aqua,00:00:00
2013-09-04,2013-09-04 00:00:00,-0.6695150249977432,-0.6473988439306358,0.21403508771929824,Aqua,00:00:00
2013-09-06,2013-09-06 00:00:00,-0.4771212547196624,-0.49999999999999994,0.33333333333333337,Aqua,00:00:00
2013-09-07,2013-09-07 00:00:00,-0.6090536123739666,-0.6051282051282052,0.24600638977635783,Aqua,00:00:00
2013-09-08,2013-09-08 00:00:00,-0.6358800267581112,-0.6243386243386244,0.23127035830618892,Aqua,00:00:00
2013-09-09,2013-09-09 00:00:00,-0.7698787244176538,-0.7095890410958904,0.16987179487179485,Aqua,00:00:00
2013-09-10,2013-09-10 00:00:00,-0.6348754583714782,-0.62363238512035,0.23180592991913745,Aqua,00:00:00
2013-09-11,2013-09-11 00:00:00,-0.7171948244422179,-0.67816091954023,0.1917808219178082,Aqua,00:00:00
2013-09-12,2013-09-12 00:00:00,-0.507836740201724,-0.5260504201680672,0.31057268722466963,Aqua,00:00:00
2013-09-13,2013-09-13 00:00:00,-0.5662914084145699,-0.5729927007299269,0.271461716937355,Aqua,00:00:00
2013-09-14,2013-09-14 00:00:00,-0.5507840722376417,-0.560878243512974,0.2813299232736573,Aqua,00:00:00
2013-09-15,2013-09-15 00:00:00,-0.31703595891862546,-0.34961154273029965,0.48190789473684215,Aqua,00:00:00
2013-09-18,2013-09-18 00:00:00,-0.6048709686617908,-0.6020671834625324,0.24838709677419354,Aqua,00:00:00
2013-09-19,2013-09-19 00:00:00,-0.8325089127062363,-0.7435897435897437,0.14705882352941177,Aqua,00:00:00
2013-09-20,2013-09-20 00:00:00,-0.6498327731239631,-0.6340425531914894,0.22395833333333331,Aqua,00:00:00
2013-09-25,2013-09-25 00:00:00,-0.7287808169444288,-0.6853002070393374,0.18673218673218672,Aqua,00:00:00
2013-09-27,2013-09-27 00:00:00,-0.7373149964122385,-0.6904761904761906,0.18309859154929578,Aqua,00:00:00
2013-09-30,2013-09-30 00:00:00,-0.5634305889718314,-0.5707762557077625,0.2732558139534884,Aqua,00:00:00
2013-10-02,2013-10-02 00:00:00,-0.6758135799784497,-0.6515912897822446,0.21095334685598377,Aqua,00:00:00
2013-10-03,2013-10-03 00:00:00,-0.6745454050046006,-0.6507503410641201,0.2115702479338843,Aqua,00:00:00
2013-10-04,2013-10-04 00:00:00,-0.5968084825772888,-0.596116504854369,0.25304136253041365,Aqua,00:00:00
2013-10-05,2013-10-05 00:00:00,-0.5446072057874978,-0.5559845559845561,0.2853598014888337,Aqua,00:00:00
2013-10-06,2013-10-06 00:00:00,-0.6580113966571124,-0.6396396396396395,0.2197802197802198,Aqua,00:00:00
2013-10-07,2013-10-07 00:00:00,-0.7134605410572546,-0.6758321273516643,0.1934369602763385,Aqua,00:00:00
2013-10-09,2013-10-09 00:00:00,-0.6950397107075864,-0.6641452344931921,0.2018181818181818,Aqua,00:00:00
2013-10-11,2013-10-11 00:00:00,-0.36819990088229293,-0.40021574973031276,0.42835130970724195,Aqua,00:00:00
2013-10-13,2013-10-13 00:00:00,-0.7564132532218886,-0.7018072289156627,0.1752212389380531,Aqua,00:00:00
2013-10-14,2013-10-14 00:00:00,-0.5918592906551928,-0.5924308588064047,0.2559414990859232,Aqua,00:00:00
2013-10-15,2013-10-15 00:00:00,-0.7524752728974339,-0.6994991652754591,0.17681728880157171,Aqua,00:00:00
2013-10-16,2013-10-16 00:00:00,-0.7591066197802947,-0.7033773861967694,0.17413793103448277,Aqua,00:00:00
2013-10-17,2013-10-17 00:00:00,-0.7794418738651382,-0.7150127226463104,0.1661721068249258,Aqua,00:00:00
2013-10-18,2013-10-18 00:00:00,-0.7297737819910345,-0.6859060402684564,0.18630573248407642,Aqua,00:00:00
2013-10-19,2013-10-19 00:00:00,-0.743307070141025,-0.6940686784599375,0.1805896805896806,Aqua,00:00:00
2013-10-20,2013-10-20 00:00:00,-0.7605025450847722,-0.7041884816753926,0.17357910906298002,Aqua,00:00:00
2013-10-21,2013-10-21 00:00:00,-0.7419711894140746,-0.6932707355242568,0.18114602587800369,Aqua,00:00:00
2013-10-22,2013-10-22 00:00:00,-0.8096257218520378,-0.731578947368421,0.15501519756838908,Aqua,00:00:00
2013-10-23,2013-10-23 00:00:00,-0.7960486426546399,-0.7242302543507362,0.15993788819875776,Aqua,00:00:00
2013-10-24,2013-10-24 00:00:00,-0.7625194273698401,-0.7053571428571428,0.17277486910994763,Aqua,00:00:00
2013-10-25,2013-10-25 00:00:00,-0.7850111769571959,-0.7181315916740348,0.16405536359664802,Aqua,00:00:00
2013-10-26,2013-10-26 00:00:00,-0.7700333601614642,-0.7096774193548387,0.16981132075471697,Aqua,00:00:00
2013-10-27,2013-10-27 00:00:00,-0.3748747046033441,-0.40664961636828634,0.42181818181818187,Aqua,00:00:00
2013-10-29,2013-10-29 00:00:00,-0.6842467475153124,-0.6571428571428571,0.20689655172413793,Aqua,00:00:00
2013-10-30,2013-10-30 00:00:00,-0.6912944970675701,-0.6617283950617283,0.20356612184249628,Aqua,00:00:00
2013-10-31,2013-10-31 00:00:00,-0.6769689151693652,-0.6523560209424083,0.21039290240811154,Aqua,00:00:00
2013-11-01,2013-11-01 00:00:00,-0.7859484882235058,-0.7186544342507646,0.16370106761565836,Aqua,00:00:00
2013-11-09,2013-11-09 00:00:00,-0.7232503803830987,-0.6819085487077535,0.18912529550827423,Aqua,00:00:00
2013-11-11,2013-11-11 00:00:00,-0.6069896070469324,-0.6036199095022624,0.24717832957110608,Aqua,00:00:00
2013-11-13,2013-11-13 00:00:00,-0.6384892569546373,-0.6261682242990654,0.22988505747126436,Aqua,00:00:00
2013-11-17,2013-11-17 00:00:00,-0.7642019073084013,-0.7063291139240506,0.17210682492581603,Aqua,00:00:00
2013-11-21,2013-11-21 00:00:00,-0.5672016211911751,-0.5736961451247167,0.27089337175792505,Aqua,00:00:00
2013-11-22,2013-11-22 00:00:00,-0.5700729391235226,-0.5759096612296111,0.26910828025477707,Aqua,00:00:00
2013-11-23,2013-11-23 00:00:00,-0.6077043311904605,-0.6041426927502876,0.2467718794835007,Aqua,00:00:00
2013-11-24,2013-11-24 00:00:00,-0.7323937598229685,-0.6874999999999999,0.1851851851851852,Aqua,00:00:00
2013-11-25,2013-11-25 00:00:00,-0.8110182504419815,-0.7323232323232324,0.15451895043731775,Aqua,00:00:00
2013-11-28,2013-11-28 00:00:00,-0.797185606205079,-0.7248520710059171,0.1595197255574614,Aqua,00:00:00
2013-12-04,2013-12-04 00:00:00,-0.3387247868278946,-0.3713355048859935,0.4584323040380047,Aqua,00:00:00
2014-02-16,2014-02-16 00:00:00,-0.7758173072155761,-0.7129670406487014,0.16756479893272347,Aqua,00:00:00
2014-02-19,2014-02-19 00:00:00,-0.5207018260260631,-0.5366795366795367,0.3015075376884422,Aqua,00:00:00
2014-02-22,2014-02-22 00:00:00,-0.9900157790933991,-0.8143459915611814,0.10232558139534884,Aqua,00:00:00
2014-02-25,2014-02-25 00:00:00,-0.6526933332211001,-0.6360078277886496,0.22248803827751196,Aqua,00:00:00
2014-03-07,2014-03-07 00:00:00,-0.4088251519570684,-0.4387464387464387,0.3900990099009901,Aqua,00:00:00
2014-03-10,2014-03-10 00:00:00,-0.5383291297553863,-0.5509708737864077,0.2895148669796558,Aqua,00:00:00
2014-03-11,2014-03-11 00:00:00,-0.8975148849903979,-0.7752293577981652,0.12661498708010333,Aqua,00:00:00
2014-03-12,2014-03-12 00:00:00,-0.8173778737853611,-0.7357001972386589,0.15227272727272725,Aqua,00:00:00
2014-03-13,2014-03-13 00:00:00,-0.7715206714846305,-0.7105263157894737,0.16923076923076924,Aqua,00:00:00
2014-03-14,2014-03-14 00:00:00,-0.48416878432937427,-0.506060606060606,0.3279678068410463,Aqua,00:00:00
2014-03-15,2014-03-15 00:00:00,-0.5974150862821989,-0.5965665236051503,0.25268817204301075,Aqua,00:00:00
2014-03-17,2014-03-17 00:00:00,-0.6619360821802006,-0.6423017107309488,0.2178030303030303,Aqua,00:00:00
2014-03-18,2014-03-18 00:00:00,-0.8461308454520248,-0.7505197505197506,0.14251781472684083,Aqua,00:00:00
2014-03-19,2014-03-19 00:00:00,-0.3539928353716725,-0.3863898500576701,0.44259567387687193,Aqua,00:00:00
2014-03-20,2014-03-20 00:00:00,-0.8472695169476909,-0.7510917030567684,0.14214463840399003,Aqua,00:00:00
2014-03-21,2014-03-21 00:00:00,-0.5642714304385625,-0.5714285714285714,0.27272727272727276,Aqua,00:00:00
2014-03-22,2014-03-22 00:00:00,-0.7342457646845619,-0.688622754491018,0.18439716312056736,Aqua,00:00:00
2014-03-23,2014-03-23 00:00:00,-0.5135387190261941,-0.5307820299500832,0.30652173913043484,Aqua,00:00:00
2014-04-02,2014-04-02 00:00:00,-0.7379387140002751,-0.690851735015773,0.1828358208955224,Aqua,00:00:00
2014-04-06,2014-04-06 00:00:00,-0.5655431575021999,-0.5724137931034482,0.2719298245614035,Aqua,00:00:00
2014-04-07,2014-04-07 00:00:00,-0.6590577498167635,-0.6403508771929826,0.21925133689839574,Aqua,00:00:00
2014-04-10,2014-04-10 00:00:00,-0.6234815955555674,-0.6155507559395249,0.23796791443850265,Aqua,00:00:00
2014-04-11,2014-04-11 00:00:00,-0.6802877913682647,-0.6545454545454545,0.20879120879120877,Aqua,00:00:00
2014-04-12,2014-04-12 00:00:00,-0.7845663519862973,-0.7178841309823677,0.16422287390029325,Aqua,00:00:00
2014-04-13,2014-04-13 00:00:00,-0.7862313807934354,-0.7188118811881188,0.16359447004608296,Aqua,00:00:00
2014-04-15,2014-04-15 00:00:00,-0.15919050851747987,-0.18125,0.6931216931216931,Aqua,00:00:00
2014-04-16,2014-04-16 00:00:00,-0.5816083660320575,-0.5847176079734218,0.2620545073375262,Aqua,00:00:00
2014-04-18,2014-04-18 00:00:00,-0.4747284416037721,-0.49793103448275855,0.3351749539594844,Aqua,00:00:00
2014-04-19,2014-04-19 00:00:00,-0.34435104515334203,-0.3769063180827887,0.4525316455696202,Aqua,00:00:00
2014-04-20,2014-04-20 00:00:00,-0.4002398965636179,-0.4307304785894207,0.397887323943662,Aqua,00:00:00
2014-04-28,2014-04-28 00:00:00,-0.7012202398464296,-0.6681034482758622,0.19896640826873382,Aqua,00:00:00
2014-04-29,2014-04-29 00:00:00,-0.5597615822087134,-0.567921440261866,0.27557411273486426,Aqua,00:00:00
2014-04-30,2014-04-30 00:00:00,-0.4790731433171845,-0.5016835016835016,0.33183856502242154,Aqua,00:00:00
2014-05-03,2014-05-03 00:00:00,-0.46209226435454276,-0.4869109947643978,0.3450704225352113,Aqua,00:00:00
2014-05-05,2014-05-05 00:00:00,-0.6223082402314231,-0.6147110332749561,0.2386117136659436,Aqua,00:00:00
2014-05-06,2014-05-06 00:00:00,-0.1264253536817876,-0.14453333333333332,0.7474370922646785,Aqua,00:00:00
2014-05-07,2014-05-07 00:00:00,-0.16675123280153792,-0.18965517241379315,0.681159420289855,Aqua,00:00:00
2014-05-10,2014-05-10 00:00:00,-0.5330837845376488,-0.5467511885895404,0.29303278688524587,Aqua,00:00:00
2014-05-11,2014-05-11 00:00:00,-0.4553414803964205,-0.4809590973201693,0.35047619047619044,Aqua,00:00:00
2014-05-13,2014-05-13 00:00:00,-0.5525594088027235,-0.5622775800711745,0.28018223234624146,Aqua,00:00:00
2014-05-14,2014-05-14 00:00:00,-0.716881593644721,-0.6779661016949152,0.1919191919191919,Aqua,00:00:00
2014-05-16,2014-05-16 00:00:00,-0.3559508235920543,-0.3883058470764617,0.44060475161987045,Aqua,00:00:00
2014-05-17,2014-05-17 00:00:00,-0.03256749034365499,-0.037477148080438755,0.9277533039647577,Aqua,00:00:00
2014-05-19,2014-05-19 00:00:00,-0.4975527965693845,-0.5174337517433752,0.3180147058823529,Aqua,00:00:00
2014-05-20,2014-05-20 00:00:00,-0.32919861119067295,-0.3618421052631579,0.4685990338164251,Aqua,00:00:00
2014-05-21,2014-05-21 00:00:00,-0.7355505130364505,-0.6894117647058823,0.18384401114206128,Aqua,00:00:00
2014-05-24,2014-05-24 00:00:00,-0.1789851882533667,-0.2031963470319635,0.6622390891840607,Aqua,00:00:00
2014-05-26,2014-05-26 00:00:00,-0.6462636538200158,-0.6315789473684211,0.22580645161290325,Aqua,00:00:00
2014-05-27,2014-05-27 00:00:00,-0.13744728232560718,-0.1569343065693431,0.7287066246056783,Aqua,00:00:00
2014-05-29,2014-05-29 00:00:00,-0.5320867470671614,-0.5459459459459459,0.2937062937062937,Aqua,00:00:00
2014-05-30,2014-05-30 00:00:00,-0.5366047697870951,-0.5495867768595041,0.2906666666666667,Aqua,00:00:00
2014-05-31,2014-05-31 00:00:00,-0.5612814394069847,-0.5691056910569107,0.27461139896373055,Aqua,00:00:00
2014-06-01,2014-06-01 00:00:00,-0.5276776281621063,-0.5423728813559322,0.2967032967032967,Aqua,00:00:00
2014-06-02,2014-06-02 00:00:00,-0.1614970836690959,-0.18381706244503074,0.6894502228826153,Aqua,00:00:00
2014-06-03,2014-06-03 00:00:00,-0.12638014012826634,-0.14448236632536976,0.7475149105367793,Aqua,00:00:00
2014-06-04,2014-06-04 00:00:00,-0.6960650136926115,-0.664804469273743,0.20134228187919465,Aqua,00:00:00
2014-06-05,2014-06-05 00:00:00,-0.39847255868592213,-0.4290718038528896,0.39950980392156865,Aqua,00:00:00
2014-06-06,2014-06-06 00:00:00,-0.4810515483480948,-0.5033860045146726,0.3303303303303303,Aqua,00:00:00
2014-06-07,2014-06-07 00:00:00,-0.295153120034173,-0.32730560578661844,0.5068119891008175,Aqua,00:00:00
2014-06-08,2014-06-08 00:00:00,-0.2704762970332341,-0.30170777988614805,0.5364431486880465,Aqua,00:00:00
2014-06-09,2014-06-09 00:00:00,-0.4434194617828173,-0.4703389830508474,0.36023054755043227,Aqua,00:00:00
2014-06-10,2014-06-10 00:00:00,-0.20911192821342386,-0.23620309050772628,0.6178571428571428,Aqua,00:00:00
2014-06-11,2014-06-11 00:00:00,-0.17396756542582573,-0.19765166340508805,0.6699346405228758,Aqua,00:00:00
2014-06-12,2014-06-12 00:00:00,-0.08079097343123078,-0.09274673008323425,0.8302502720348205,Aqua,00:00:00
2014-06-13,2014-06-13 00:00:00,-0.28683188338356497,-0.3187250996015936,0.5166163141993957,Aqua,00:00:00
2014-06-15,2014-06-15 00:00:00,-0.04870638567964636,-0.05601659751037347,0.8939096267190569,Aqua,00:00:00
2014-06-16,2014-06-16 00:00:00,-0.14717832514273593,-0.16784203102961914,0.71256038647343,Aqua,00:00:00
2014-06-17,2014-06-17 00:00:00,-0.08098704691088716,-0.0929705215419501,0.8298755186721992,Aqua,00:00:00
2014-06-18,2014-06-18 00:00:00,-0.009016818319375274,-0.010380622837370238,0.9794520547945206,Aqua,00:00:00
2014-06-19,2014-06-19 00:00:00,0.08689289225053232,0.09970674486803516,1.2214983713355048,Aqua,00:00:00
2014-06-20,2014-06-20 00:00:00,-0.08384754016881454,-0.09623430962343095,0.8244274809160306,Aqua,00:00:00
2014-06-22,2014-06-22 00:00:00,-0.13346101500046278,-0.15245478036175708,0.7354260089686099,Aqua,00:00:00
2014-06-23,2014-06-23 00:00:00,-0.1529439791195214,-0.1742857142857143,0.7031630170316301,Aqua,00:00:00
2014-06-28,2014-06-28 00:00:00,0.023623045346424218,0.02719033232628403,1.0559006211180124,Aqua,00:00:00
2014-06-29,2014-06-29 00:00:00,-0.16500228689006896,-0.1877133105802048,0.6839080459770115,Aqua,00:00:00
2014-06-30,2014-06-30 00:00:00,-0.3229318371118109,-0.35555555555555546,0.4754098360655738,Aqua,00:00:00
2014-07-01,2014-07-01 00:00:00,-0.31068138134016204,-0.3431734317343174,0.489010989010989,Aqua,00:00:00
2014-07-02,2014-07-02 00:00:00,-0.04481234441636234,-0.051546391752577365,0.9019607843137254,Aqua,00:00:00
2014-07-05,2014-07-05 00:00:00,-0.011281010409689058,-0.012987012987012983,0.9743589743589743,Aqua,00:00:00
2014-07-06,2014-07-06 00:00:00,-0.5118833609788743,-0.5294117647058824,0.3076923076923077,Aqua,00:00:00
2014-07-07,2014-07-07 00:00:00,-0.24475802908056823,-0.2745591939546599,0.5691699604743083,Aqua,00:00:00
2014-07-10,2014-07-10 00:00:00,-0.018327381089531643,-0.021097046413502126,0.9586776859504131,Aqua,00:00:00
2014-07-12,2014-07-12 00:00:00,0.07145195951071491,0.08207705192629818,1.1788321167883211,Aqua,00:00:00
2014-07-15,2014-07-15 00:00:00,-0.16981219331378059,-0.19305019305019303,0.6763754045307444,Aqua,00:00:00
2014-07-17,2014-07-17 00:00:00,-0.3756636139608854,-0.4074074074074074,0.42105263157894735,Aqua,00:00:00
2014-07-18,2014-07-18 00:00:00,0.09776352356492288,0.11208151382823874,1.2524590163934426,Aqua,00:00:00
2014-07-19,2014-07-19 00:00:00,-0.14581457880291748,-0.16631578947368422,0.7148014440433212,Aqua,00:00:00
2014-07-20,2014-07-20 00:00:00,-0.2809960903512707,-0.31267605633802814,0.5236051502145923,Aqua,00:00:00
2014-07-24,2014-07-24 00:00:00,-0.07463361829690421,-0.08571428571428572,0.8421052631578947,Aqua,00:00:00
2014-07-25,2014-07-25 00:00:00,-0.07691338459180282,-0.08831908831908836,0.8376963350785339,Aqua,00:00:00
2014-07-26,2014-07-26 00:00:00,-0.4710471070074692,-0.4947368421052631,0.33802816901408456,Aqua,00:00:00
2014-08-01,2014-08-01 00:00:00,-0.09455610761457907,-0.10843373493975901,0.8043478260869565,Aqua,00:00:00
2014-08-03,2014-08-03 00:00:00,0.2606966338573588,0.2914389799635701,1.8226221079691516,Aqua,00:00:00
2014-08-04,2014-08-04 00:00:00,-0.09108046934733259,-0.10447761194029855,0.8108108108108107,Aqua,00:00:00
2014-08-07,2014-08-07 00:00:00,-0.26019374169257614,-0.29090909090909095,0.5492957746478873,Aqua,00:00:00
2014-08-08,2014-08-08 00:00:00,-0.15490195998574313,-0.17647058823529405,0.7000000000000001,Aqua,00:00:00
2014-08-09,2014-08-09 00:00:00,-0.045757490560675115,-0.05263157894736842,0.9,Aqua,00:00:00
2014-08-10,2014-08-10 00:00:00,0.17354407004180133,0.19718309859154934,1.4912280701754386,Aqua,00:00:00
2014-08-11,2014-08-11 00:00:00,0.1554932391538675,0.17713004484304934,1.430517711171662,Aqua,00:00:00
2014-08-14,2014-08-14 00:00:00,-0.05190907332378274,-0.05969148222669343,0.8873417721518988,Aqua,00:00:00
2014-08-15,2014-08-15 00:00:00,-1.0881360887005513,-0.8490566037735848,0.0816326530612245,Aqua,00:00:00
2014-08-16,2014-08-16 00:00:00,-0.27058179794032466,-0.30181818181818176,0.5363128491620113,Aqua,00:00:00
2014-08-17,2014-08-17 00:00:00,-1.591064607026499,-0.9500000000000001,0.025641025641025644,Aqua,00:00:00
2014-08-18,2014-08-18 00:00:00,-0.43891690204943323,-0.46629213483146076,0.3639846743295019,Aqua,00:00:00
2014-08-19,2014-08-19 00:00:00,-0.005315788298875086,-0.0061199510403916815,0.9878345498783455,Aqua,00:00:00
2014-08-20,2014-08-20 00:00:00,-0.6087933739869308,-0.6049382716049383,0.24615384615384614,Aqua,00:00:00
2014-08-21,2014-08-21 00:00:00,-0.4279032320494809,-0.45631067961165056,0.3733333333333333,Aqua,00:00:00
2014-08-22,2014-08-22 00:00:00,-0.23386247185738201,-0.26292134831460673,0.5836298932384342,Aqua,00:00:00
2014-08-23,2014-08-23 00:00:00,-0.5944539390930218,-0.5943661971830986,0.254416961130742,Aqua,00:00:00
2014-08-24,2014-08-24 00:00:00,-0.203243505099296,-0.22981366459627325,0.6262626262626263,Aqua,00:00:00
2014-08-25,2014-08-25 00:00:00,-0.45190446636668086,-0.4779116465863454,0.3532608695652174,Aqua,00:00:00
2014-08-26,2014-08-26 00:00:00,-0.2862398780192027,-0.31811263318112637,0.5173210161662817,Aqua,00:00:00
2014-08-27,2014-08-27 00:00:00,0.03575326944766925,0.04113924050632908,1.0858085808580857,Aqua,00:00:00
2014-08-29,2014-08-29 00:00:00,-0.6154239528859439,-0.6097560975609756,0.24242424242424243,Aqua,00:00:00
2014-08-31,2014-08-31 00:00:00,0.039309734009932616,0.0452261306532664,1.0947368421052632,Aqua,00:00:00
2014-09-01,2014-09-01 00:00:00,-0.4371738104356183,-0.4647201946472019,0.3654485049833887,Aqua,00:00:00
2014-09-02,2014-09-02 00:00:00,-0.5374171566069135,-0.5502392344497608,0.29012345679012347,Aqua,00:00:00
2014-09-03,2014-09-03 00:00:00,-0.6624954973444503,-0.6426799007444169,0.2175226586102719,Aqua,00:00:00
2014-09-04,2014-09-04 00:00:00,-0.5108043679222349,-0.5285171102661597,0.3084577114427861,Aqua,00:00:00
2014-09-05,2014-09-05 00:00:00,-0.5509074688805811,-0.5609756097560975,0.28125,Aqua,00:00:00
2014-09-06,2014-09-06 00:00:00,-0.18827667312812002,-0.21342925659472417,0.6482213438735178,Aqua,00:00:00
2014-09-07,2014-09-07 00:00:00,-0.47712125471966244,-0.5,0.3333333333333333,Aqua,00:00:00
2014-09-08,2014-09-08 00:00:00,-0.25316281228475834,-0.2834821428571428,0.5582608695652175,Aqua,00:00:00
2014-09-09,2014-09-09 00:00:00,-0.6157038719945086,-0.6099585062240664,0.2422680412371134,Aqua,00:00:00
2014-09-10,2014-09-10 00:00:00,-0.4003460784379161,-0.43083003952569165,0.39779005524861877,Aqua,00:00:00
2014-09-11,2014-09-11 00:00:00,-0.344340750277569,-0.3768961493582264,0.4525423728813559,Aqua,00:00:00
2014-09-14,2014-09-14 00:00:00,-0.5326937275739362,-0.5464362850971921,0.2932960893854749,Aqua,00:00:00
2014-09-15,2014-09-15 00:00:00,-0.21721210968334115,-0.24498886414253904,0.6064400715563506,Aqua,00:00:00
2014-09-16,2014-09-16 00:00:00,-0.6212513824147998,-0.613953488372093,0.23919308357348704,Aqua,00:00:00
2014-09-17,2014-09-17 00:00:00,-0.21403714451912656,-0.2415498763396538,0.6108897742363877,Aqua,00:00:00
2014-09-19,2014-09-19 00:00:00,-0.8634611924936285,-0.7591036414565827,0.13694267515923564,Aqua,00:00:00
2014-09-20,2014-09-20 00:00:00,-0.36356206385486123,-0.3957219251336898,0.4329501915708812,Aqua,00:00:00
2014-09-21,2014-09-21 00:00:00,-0.3921807448855513,-0.42314335060449054,0.4053398058252427,Aqua,00:00:00
2014-09-26,2014-09-26 00:00:00,-0.5157210396937173,-0.5325842696629214,0.3049853372434018,Aqua,00:00:00
2014-09-29,2014-09-29 00:00:00,0.02195457588805035,0.025270758122743653,1.0518518518518518,Aqua,00:00:00
2014-09-30,2014-09-30 00:00:00,-0.5533333447033021,-0.5628865979381444,0.2796833773087071,Aqua,00:00:00
2014-10-01,2014-10-01 00:00:00,0.03391908855956173,0.03903095558546433,1.0812324929971988,Aqua,00:00:00
2014-10-02,2014-10-02 00:00:00,-0.48409242336804276,-0.5059952038369305,0.32802547770700635,Aqua,00:00:00
2014-10-03,2014-10-03 00:00:00,-0.6792259461402617,-0.6538461538461539,0.20930232558139533,Aqua,00:00:00
2014-10-04,2014-10-04 00:00:00,-0.7765030720035704,-0.7133550488599348,0.1673003802281369,Aqua,00:00:00
2014-10-05,2014-10-05 00:00:00,-0.284708031596988,-0.31652661064425763,0.5191489361702128,Aqua,00:00:00
2014-10-06,2014-10-06 00:00:00,-0.3738710636805871,-0.4056847545219639,0.42279411764705876,Aqua,00:00:00
2014-10-07,2014-10-07 00:00:00,-0.40416337283713427,-0.4344023323615161,0.3943089430894309,Aqua,00:00:00
2014-10-08,2014-10-08 00:00:00,-0.8769871844277385,-0.7656249999999999,0.13274336283185842,Aqua,00:00:00
2014-10-09,2014-10-09 00:00:00,-0.5331418207276598,-0.5467980295566504,0.29299363057324834,Aqua,00:00:00
2014-10-12,2014-10-12 00:00:00,-0.7529677043653947,-0.6997885835095137,0.17661691542288557,Aqua,00:00:00
2014-10-13,2014-10-13 00:00:00,-0.614294447744974,-0.6089385474860335,0.24305555555555555,Aqua,00:00:00
2014-10-16,2014-10-16 00:00:00,-0.6469814961022962,-0.6320754716981132,0.22543352601156072,Aqua,00:00:00
2014-10-18,2014-10-18 00:00:00,-0.33563812408718796,-0.3682678311499272,0.46170212765957447,Aqua,00:00:00
2014-10-24,2014-10-24 00:00:00,-0.6116960803667008,-0.6070528967254408,0.24451410658307207,Aqua,00:00:00
2014-10-25,2014-10-25 00:00:00,-0.06263018828858256,-0.07198096371207614,0.8657047724750278,Aqua,00:00:00
2014-10-27,2014-10-27 00:00:00,-0.08388171640191533,-0.09627329192546588,0.8243626062322945,Aqua,00:00:00
2014-11-01,2014-11-01 00:00:00,-0.4452203930435189,-0.4719521316379954,0.358739837398374,Aqua,00:00:00
2014-11-07,2014-11-07 00:00:00,-0.6404049834041821,-0.6275071633237822,0.22887323943661972,Aqua,00:00:00
2014-11-08,2014-11-08 00:00:00,-0.49497868246666776,-0.5152603231597847,0.31990521327014215,Aqua,00:00:00
2014-11-10,2014-11-10 00:00:00,-0.6613995175068894,-0.6419386745796241,0.21807228915662652,Aqua,00:00:00
2014-11-11,2014-11-11 00:00:00,-0.6103325172939523,-0.606060606060606,0.24528301886792453,Aqua,00:00:00
2014-11-15,2014-11-15 00:00:00,-0.6500602470155146,-0.6341991341991342,0.22384105960264905,Aqua,00:00:00
2014-11-16,2014-11-16 00:00:00,-0.23978058528211227,-0.2692523889825745,0.5757307351638619,Aqua,00:00:00
2014-11-17,2014-11-17 00:00:00,-0.47200181058363083,-0.4955665024630543,0.33728590250329377,Aqua,00:00:00
2014-11-24,2014-11-24 00:00:00,-0.5928193345930498,-0.5931477516059958,0.25537634408602145,Aqua,00:00:00
2014-11-25,2014-11-25 00:00:00,-0.8573324964312684,-0.7560975609756097,0.13888888888888892,Aqua,00:00:00
2014-11-29,2014-11-29 00:00:00,-0.7178553484963925,-0.6785714285714286,0.19148936170212766,Aqua,00:00:00
2014-12-26,2014-12-26 00:00:00,-0.6844806793722497,-0.6572958500669345,0.20678513731825524,Aqua,00:00:00
2014-12-28,2014-12-28 00:00:00,-0.243651892579164,-0.27338129496402874,0.5706214689265537,Aqua,00:00:00
2014-12-30,2014-12-30 00:00:00,-0.3043784662370891,-0.33675564681724846,0.49615975422427033,Aqua,00:00:00
2014-12-31,2014-12-31 00:00:00,-0.2983002916308556,-0.33053691275167785,0.5031525851197982,Aqua,00:00:00
2015-01-01,2015-01-01 00:00:00,-0.26509040703348785,-0.2960609911054638,0.5431372549019607,Aqua,00:00:00
2015-01-07,2015-01-07 00:00:00,-0.411222220680243,-0.44097222222222227,0.38795180722891565,Aqua,00:00:00
2015-01-19,2015-01-19 00:00:00,-0.5448239966419326,-0.5561569688768605,0.2852173913043478,Aqua,00:00:00
2015-01-20,2015-01-20 00:00:00,-0.672571461561609,-0.649438202247191,0.2125340599455041,Aqua,00:00:00
2015-01-24,2015-01-24 00:00:00,-0.4077114038774406,-0.4377104377104377,0.3911007025761124,Aqua,00:00:00
2015-01-25,2015-01-25 00:00:00,-0.6376670287523291,-0.6255924170616114,0.2303206997084548,Aqua,00:00:00
2015-01-30,2015-01-30 00:00:00,-0.8047737305040578,-0.7289719626168225,0.15675675675675674,Aqua,00:00:00
2015-01-31,2015-01-31 00:00:00,-0.8035018905834402,-0.7282850779510022,0.15721649484536082,Aqua,00:00:00
2015-02-14,2015-02-14 00:00:00,-0.7249057384304185,-0.6829268292682927,0.18840579710144928,Aqua,00:00:00
2015-02-17,2015-02-17 00:00:00,-0.5401730004667514,-0.5524475524475524,0.2882882882882883,Aqua,00:00:00
2015-02-18,2015-02-18 00:00:00,-0.7622518398802266,-0.7052023121387283,0.17288135593220338,Aqua,00:00:00
2015-02-19,2015-02-19 00:00:00,-0.7781512503836437,-0.7142857142857144,0.16666666666666663,Aqua,00:00:00
2015-02-20,2015-02-20 00:00:00,-0.3222192947339193,-0.3548387096774194,0.47619047619047616,Aqua,00:00:00
2015-02-21,2015-02-21 00:00:00,-0.6954101935697986,-0.6643835616438355,0.2016460905349794,Aqua,00:00:00
2015-02-22,2015-02-22 00:00:00,-0.7050685225474693,-0.6705490848585691,0.19721115537848607,Aqua,00:00:00
2015-02-23,2015-02-23 00:00:00,-0.7168377232995244,-0.6779388083735909,0.19193857965451055,Aqua,00:00:00
2015-02-24,2015-02-24 00:00:00,-0.8641212773276872,-0.7594254937163376,0.13673469387755102,Aqua,00:00:00
2015-02-25,2015-02-25 00:00:00,-0.44137004462791773,-0.4684994272623139,0.3619344773790952,Aqua,00:00:00
2015-02-28,2015-02-28 00:00:00,-0.6425051737343803,-0.6289707750952985,0.22776911076443057,Aqua,00:00:00
2015-03-01,2015-03-01 00:00:00,-0.6867601183403259,-0.6587837837837839,0.20570264765784116,Aqua,00:00:00
2015-03-02,2015-03-02 00:00:00,-0.725185387172794,-0.6830985915492958,0.1882845188284519,Aqua,00:00:00
2015-03-03,2015-03-03 00:00:00,-0.6115635320727058,-0.6069565217391304,0.24458874458874458,Aqua,00:00:00
2015-03-04,2015-03-04 00:00:00,-0.7412798904305173,-0.6928571428571427,0.18143459915611812,Aqua,00:00:00
2015-03-06,2015-03-06 00:00:00,-0.5859304910274266,-0.5879828326180256,0.2594594594594595,Aqua,00:00:00
2015-03-07,2015-03-07 00:00:00,-0.5990887518121968,-0.5978062157221206,0.2517162471395881,Aqua,00:00:00
2015-03-08,2015-03-08 00:00:00,-0.6418044981061142,-0.6284829721362228,0.22813688212927757,Aqua,00:00:00
2015-03-09,2015-03-09 00:00:00,-0.8598212968349631,-0.7573221757322176,0.1380952380952381,Aqua,00:00:00
2015-03-12,2015-03-12 00:00:00,-0.669602929963513,-0.6474576271186441,0.2139917695473251,Aqua,00:00:00
2015-03-17,2015-03-17 00:00:00,-0.6416405967422092,-0.628368794326241,0.22822299651567945,Aqua,00:00:00
2015-03-18,2015-03-18 00:00:00,-0.8052094831176797,-0.7292069632495165,0.1565995525727069,Aqua,00:00:00
2015-03-21,2015-03-21 00:00:00,-0.6106601630898799,-0.6062992125984251,0.24509803921568626,Aqua,00:00:00
2015-03-26,2015-03-26 00:00:00,-0.7555854224849022,-0.7013232514177695,0.17555555555555555,Aqua,00:00:00
2015-03-27,2015-03-27 00:00:00,-0.6657290711973397,-0.6448598130841121,0.21590909090909088,Aqua,00:00:00
2015-03-28,2015-03-28 00:00:00,-0.4619093860170358,-0.48675034867503486,0.3452157598499062,Aqua,00:00:00
2015-03-29,2015-03-29 00:00:00,-0.6940254217189564,-0.6634920634920636,0.20229007633587787,Aqua,00:00:00
2015-04-01,2015-04-01 00:00:00,-0.6076398687087989,-0.6040955631399317,0.2468085106382979,Aqua,00:00:00
2015-04-02,2015-04-02 00:00:00,-0.4533834077648766,-0.479224376731302,0.35205992509363293,Aqua,00:00:00
2015-04-09,2015-04-09 00:00:00,-0.4093694704528194,-0.4392523364485982,0.38961038961038963,Aqua,00:00:00
2015-04-10,2015-04-10 00:00:00,-0.26107912419584367,-0.29184188393608074,0.5481770833333334,Aqua,00:00:00
2015-04-11,2015-04-11 00:00:00,-0.47997283739987207,-0.5024582104228122,0.33115183246073293,Aqua,00:00:00
2015-04-12,2015-04-12 00:00:00,-0.41254323661561615,-0.4421965317919075,0.3867735470941884,Aqua,00:00:00
2015-04-14,2015-04-14 00:00:00,-0.38799902665370534,-0.41918294849023086,0.409261576971214,Aqua,00:00:00
2015-04-15,2015-04-15 00:00:00,-0.7601067476900011,-0.7039586919104992,0.17373737373737372,Aqua,00:00:00
2015-04-16,2015-04-16 00:00:00,-0.7283537820212285,-0.6850393700787402,0.18691588785046728,Aqua,00:00:00
2015-04-17,2015-04-17 00:00:00,-0.7792143953011055,-0.7148846960167715,0.1662591687041565,Aqua,00:00:00
2015-04-19,2015-04-19 00:00:00,-0.3117851063870318,-0.344294003868472,0.4877697841726618,Aqua,00:00:00
2015-04-22,2015-04-22 00:00:00,-0.6384407892929718,-0.6261343012704175,0.2299107142857143,Aqua,00:00:00
2015-04-24,2015-04-24 00:00:00,-0.306619448388093,-0.3390410958904109,0.4936061381074169,Aqua,00:00:00
2015-04-25,2015-04-25 00:00:00,-0.3625984567205921,-0.3947858472998138,0.43391188251001334,Aqua,00:00:00
2015-04-26,2015-04-26 00:00:00,-0.557419554983473,-0.5660919540229885,0.27706422018348625,Aqua,00:00:00
2015-04-27,2015-04-27 00:00:00,-0.7185655603993996,-0.6790123456790124,0.19117647058823528,Aqua,00:00:00
2015-04-29,2015-04-29 00:00:00,-0.6602044025803072,-0.6411290322580646,0.21867321867321868,Aqua,00:00:00
2015-04-30,2015-04-30 00:00:00,-0.338818556553381,-0.3714285714285715,0.4583333333333333,Aqua,00:00:00
2015-05-01,2015-05-01 00:00:00,-0.41017446508904915,-0.43999999999999995,0.38888888888888895,Aqua,00:00:00
2015-05-02,2015-05-02 00:00:00,-0.42394269635971005,-0.45269286754002913,0.37675350701402804,Aqua,00:00:00
2015-05-03,2015-05-03 00:00:00,-0.13613663640977375,-0.15546218487394958,0.730909090909091,Aqua,00:00:00
2015-05-04,2015-05-04 00:00:00,-0.06707011619168708,-0.07706422018348622,0.8568994889267462,Aqua,00:00:00
2015-05-06,2015-05-06 00:00:00,-0.5923200534400285,-0.5927750410509031,0.25567010309278354,Aqua,00:00:00
2015-05-07,2015-05-07 00:00:00,-0.38977567090662046,-0.4208675263774912,0.4075907590759076,Aqua,00:00:00
2015-05-09,2015-05-09 00:00:00,-0.3923416879540328,-0.4232954545454546,0.405189620758483,Aqua,00:00:00
2015-05-24,2015-05-24 00:00:00,-0.3194792573678904,-0.3520782396088019,0.47920433996383366,Aqua,00:00:00
2015-05-26,2015-05-26 00:00:00,-0.6782563838261251,-0.6532066508313539,0.2097701149425287,Aqua,00:00:00
2015-05-27,2015-05-27 00:00:00,-0.6070234108595124,-0.6036446469248292,0.24715909090909094,Aqua,00:00:00
2015-06-08,2015-06-08 00:00:00,-0.4336555609385721,-0.46153846153846156,0.368421052631579,Aqua,00:00:00
2015-06-10,2015-06-10 00:00:00,-0.3945203494139003,-0.42535211267605627,0.40316205533596844,Aqua,00:00:00
2015-06-11,2015-06-11 00:00:00,-0.48328156342448086,-0.5053003533568905,0.3286384976525822,Aqua,00:00:00
2015-06-12,2015-06-12 00:00:00,-0.3763848338585532,-0.4080996884735203,0.4203539823008849,Aqua,00:00:00
2015-06-13,2015-06-13 00:00:00,-0.08309248014837405,-0.09537299338999053,0.8258620689655173,Aqua,00:00:00
2015-06-14,2015-06-14 00:00:00,-0.22713434607804014,-0.25569620253164554,0.592741935483871,Aqua,00:00:00
2015-06-15,2015-06-15 00:00:00,-0.22993425276354384,-0.25870646766169153,0.5889328063241107,Aqua,00:00:00
2015-06-16,2015-06-16 00:00:00,-0.3269105146439587,-0.3595505617977528,0.47107438016528924,Aqua,00:00:00
2015-06-17,2015-06-17 00:00:00,-0.09444941446039966,-0.10831234256926957,0.8045454545454545,Aqua,00:00:00
2015-06-18,2015-06-18 00:00:00,-0.09325387430933446,-0.10695187165775401,0.8067632850241546,Aqua,00:00:00
2015-06-19,2015-06-19 00:00:00,0.2582126143722047,0.28881987577639756,1.812227074235808,Aqua,00:00:00
2015-06-21,2015-06-21 00:00:00,-0.17064548886856057,-0.1939736346516007,0.6750788643533124,Aqua,00:00:00
2015-06-24,2015-06-24 00:00:00,-0.05611594197893139,-0.06451612903225806,0.8787878787878788,Aqua,00:00:00
2015-06-25,2015-06-25 00:00:00,-0.2873656713566986,-0.3192771084337349,0.5159817351598174,Aqua,00:00:00
2015-06-29,2015-06-29 00:00:00,0.020535733134850954,0.023638232271325832,1.048421052631579,Aqua,00:00:00
2015-06-30,2015-06-30 00:00:00,-0.3059373301587254,-0.3383458646616541,0.4943820224719101,Aqua,00:00:00
2015-07-01,2015-07-01 00:00:00,-0.21692751302708638,-0.24468085106382978,0.6068376068376068,Aqua,00:00:00
2015-07-02,2015-07-02 00:00:00,-0.3320114949637294,-0.36465324384787473,0.46557377049180326,Aqua,00:00:00
2015-07-06,2015-07-06 00:00:00,-0.27974627448650663,-0.31137724550898205,0.5251141552511416,Aqua,00:00:00
2015-07-07,2015-07-07 00:00:00,-0.2065439581498935,-0.2334096109839817,0.62152133580705,Aqua,00:00:00
2015-07-15,2015-07-15 00:00:00,-0.19128275795075256,-0.2167300380228137,0.64375,Aqua,00:00:00
2015-07-16,2015-07-16 00:00:00,-0.38147189421335004,-0.4129692832764505,0.41545893719806765,Aqua,00:00:00
2015-07-18,2015-07-18 00:00:00,-0.3941470196548985,-0.42500000000000004,0.40350877192982454,Aqua,00:00:00
2015-07-19,2015-07-19 00:00:00,-0.4484760732701324,-0.4748603351955308,0.3560606060606061,Aqua,00:00:00
2015-07-20,2015-07-20 00:00:00,-0.4135340940209333,-0.4431137724550898,0.38589211618257263,Aqua,00:00:00
2015-07-23,2015-07-23 00:00:00,-0.14045090278654748,-0.16030534351145037,0.7236842105263158,Aqua,00:00:00
2015-07-24,2015-07-24 00:00:00,-0.12732966783256006,-0.1455525606469003,0.7458823529411764,Aqua,00:00:00
2015-07-26,2015-07-26 00:00:00,0.07052862009373542,0.08102108768035517,1.176328502415459,Aqua,00:00:00
2015-07-27,2015-07-27 00:00:00,-0.14951436458471629,-0.17045454545454544,0.7087378640776699,Aqua,00:00:00
2015-07-28,2015-07-28 00:00:00,-0.30586449250959813,-0.33827160493827163,0.49446494464944646,Aqua,00:00:00
2015-07-29,2015-07-29 00:00:00,-0.2539780347503072,-0.28434504792332266,0.5572139303482587,Aqua,00:00:00
2015-08-05,2015-08-05 00:00:00,-0.14249881275988957,-0.16260162601626016,0.7202797202797203,Aqua,00:00:00
2015-08-08,2015-08-08 00:00:00,-0.0454578737968748,-0.05228758169934635,0.9006211180124224,Aqua,00:00:00
2015-08-12,2015-08-12 00:00:00,-0.1879022200886685,-0.21301775147928992,0.6487804878048781,Aqua,00:00:00
2015-08-13,2015-08-13 00:00:00,0.11729699431442461,0.13422818791946314,1.310077519379845,Aqua,00:00:00
2015-08-14,2015-08-14 00:00:00,1.3617278360175928,0.9166666666666666,23.0,Aqua,00:00:00
2015-08-15,2015-08-15 00:00:00,0.23202626384549274,0.260952380952381,1.7061855670103094,Aqua,00:00:00
2015-08-16,2015-08-16 00:00:00,-0.14835139112415296,-0.1691542288557214,0.7106382978723405,Aqua,00:00:00
2015-08-17,2015-08-17 00:00:00,-0.11440074516839183,-0.13095238095238093,0.768421052631579,Aqua,00:00:00
2015-08-19,2015-08-19 00:00:00,-0.15391828010448977,-0.1753731343283582,0.7015873015873016,Aqua,00:00:00
2015-08-20,2015-08-20 00:00:00,-0.2268225044481033,-0.25536062378167634,0.5931677018633541,Aqua,00:00:00
2015-08-21,2015-08-21 00:00:00,-0.3553876579865739,-0.38775510204081637,0.4411764705882353,Aqua,00:00:00
2015-08-24,2015-08-24 00:00:00,-0.1486530107087417,-0.16949152542372886,0.7101449275362318,Aqua,00:00:00
2015-08-27,2015-08-27 00:00:00,0.032031466053917504,0.036860879904875125,1.0765432098765433,Aqua,00:00:00
2015-08-31,2015-08-31 00:00:00,0.24687675531828737,0.27681307456588355,1.7655367231638417,Aqua,00:00:00
2015-09-01,2015-09-01 00:00:00,-0.11323197707504959,-0.12962962962962965,0.7704918032786885,Aqua,00:00:00
2015-09-03,2015-09-03 00:00:00,0.01730485820847048,0.01992031872509962,1.0406504065040652,Aqua,00:00:00
2015-09-04,2015-09-04 00:00:00,-0.17735927304231677,-0.20140105078809112,0.6647230320699707,Aqua,00:00:00
2015-09-05,2015-09-05 00:00:00,0.2896351376425821,0.3216216216216216,1.9482071713147409,Aqua,00:00:00
2015-09-07,2015-09-07 00:00:00,-0.06258198422816318,-0.07192575406032488,0.8658008658008657,Aqua,00:00:00
2015-09-08,2015-09-08 00:00:00,-0.3361227410574757,-0.3687499999999999,0.46118721461187223,Aqua,00:00:00
2015-09-09,2015-09-09 00:00:00,-0.13956282811703233,-0.1593090211132438,0.7251655629139072,Aqua,00:00:00
2015-09-10,2015-09-10 00:00:00,-0.1191864077192087,-0.1363636363636364,0.7599999999999999,Aqua,00:00:00
2015-09-13,2015-09-13 00:00:00,-0.13207443007130745,-0.15089514066496168,0.7377777777777776,Aqua,00:00:00
2015-09-18,2015-09-18 00:00:00,0.1401787031650368,0.16000000000000003,1.380952380952381,Aqua,00:00:00
2015-09-19,2015-09-19 00:00:00,0.03400562726302696,0.039130434782608685,1.081447963800905,Aqua,00:00:00
2015-09-20,2015-09-20 00:00:00,-0.2932745309672189,-0.3253731343283582,0.509009009009009,Aqua,00:00:00
2015-09-21,2015-09-21 00:00:00,-0.4134521748502851,-0.44303797468354433,0.3859649122807018,Aqua,00:00:00
2015-09-22,2015-09-22 00:00:00,-0.11598389395537351,-0.13274336283185842,0.765625,Aqua,00:00:00
2015-09-23,2015-09-23 00:00:00,-0.053203646191212275,-0.06117647058823525,0.8847006651884701,Aqua,00:00:00
2015-09-24,2015-09-24 00:00:00,-0.4259687322722811,-0.45454545454545453,0.37500000000000006,Aqua,00:00:00
2015-09-25,2015-09-25 00:00:00,-0.6514856944748377,-0.6351791530944625,0.22310756972111553,Aqua,00:00:00
2015-09-26,2015-09-26 00:00:00,-0.09860979788595081,-0.11304347826086958,0.796875,Aqua,00:00:00
2015-09-27,2015-09-27 00:00:00,-0.3526019237276402,-0.3850267379679145,0.44401544401544396,Aqua,00:00:00
2015-09-28,2015-09-28 00:00:00,-0.3774183415274359,-0.40909090909090906,0.41935483870967744,Aqua,00:00:00
2015-09-29,2015-09-29 00:00:00,-0.5021651247704438,-0.521311475409836,0.3146551724137931,Aqua,00:00:00
2015-10-02,2015-10-02 00:00:00,-0.30936603819050895,-0.3418367346938776,0.49049429657794674,Aqua,00:00:00
2015-10-04,2015-10-04 00:00:00,-0.3213685706971429,-0.35398230088495575,0.4771241830065359,Aqua,00:00:00
2015-10-05,2015-10-05 00:00:00,0.14481066010216997,0.16519174041297932,1.3957597173144876,Aqua,00:00:00
2015-10-09,2015-10-09 00:00:00,-0.7241320872846593,-0.6824512534818942,0.18874172185430463,Aqua,00:00:00
2015-10-11,2015-10-11 00:00:00,-0.5059886547605926,-0.5245098039215687,0.31189710610932475,Aqua,00:00:00
2015-10-12,2015-10-12 00:00:00,-0.4091241756245513,-0.4390243902439025,0.3898305084745763,Aqua,00:00:00
2015-10-13,2015-10-13 00:00:00,-0.4985722558052949,-0.5182926829268293,0.3172690763052209,Aqua,00:00:00
2015-10-14,2015-10-14 00:00:00,-0.2707884675785821,-0.3020344287949922,0.5360576923076923,Aqua,00:00:00
2015-10-15,2015-10-15 00:00:00,-0.4607308385314931,-0.4857142857142857,0.34615384615384615,Aqua,00:00:00
2015-10-16,2015-10-16 00:00:00,-0.4149733479708179,-0.4444444444444444,0.38461538461538464,Aqua,00:00:00
2015-10-20,2015-10-20 00:00:00,-0.603586511289435,-0.601123595505618,0.24912280701754386,Aqua,00:00:00
2015-10-21,2015-10-21 00:00:00,-0.1065193342276299,-0.12202380952380955,0.7824933687002652,Aqua,00:00:00
2015-10-22,2015-10-22 00:00:00,-0.32834039126030795,-0.3609831029185867,0.4695259593679459,Aqua,00:00:00
2015-10-26,2015-10-26 00:00:00,-0.5625514500442887,-0.5700934579439252,0.27380952380952384,Aqua,00:00:00
2015-10-28,2015-10-28 00:00:00,-0.6422423798870917,-0.6287878787878787,0.22790697674418606,Aqua,00:00:00
2015-10-29,2015-10-29 00:00:00,-0.22044553520691829,-0.24848484848484845,0.6019417475728156,Aqua,00:00:00
2015-11-02,2015-11-02 00:00:00,-0.7178553484963925,-0.6785714285714285,0.19148936170212766,Aqua,00:00:00
2015-11-04,2015-11-04 00:00:00,-0.4414301759524386,-0.46855345911949686,0.3618843683083512,Aqua,00:00:00
2015-11-10,2015-11-10 00:00:00,-0.5533501135853736,-0.5628997867803838,0.27967257844474763,Aqua,00:00:00
2015-11-12,2015-11-12 00:00:00,-0.7821912281853836,-0.7165562913907284,0.1651234567901235,Aqua,00:00:00
2015-11-16,2015-11-16 00:00:00,-0.4043741186774475,-0.43459915611814354,0.3941176470588235,Aqua,00:00:00
2015-11-18,2015-11-18 00:00:00,-0.6199839029701331,-0.6130434782608697,0.2398921832884097,Aqua,00:00:00
2015-11-20,2015-11-20 00:00:00,-0.3412034855665948,-0.3737931034482759,0.45582329317269077,Aqua,00:00:00
2015-11-21,2015-11-21 00:00:00,-0.5968274643942855,-0.596130592503023,0.253030303030303,Aqua,00:00:00
2015-11-23,2015-11-23 00:00:00,-0.5885064394749618,-0.5899198167239404,0.2579250720461095,Aqua,00:00:00
2015-11-26,2015-11-26 00:00:00,-0.5155795065388382,-0.5324675324675325,0.30508474576271183,Aqua,00:00:00
2015-11-27,2015-11-27 00:00:00,-0.5611940430225466,-0.5690376569037657,0.27466666666666667,Aqua,00:00:00
2016-01-31,2016-01-31 00:00:00,-0.6788312405946858,-0.6535859269282814,0.20949263502454993,Aqua,00:00:00
2016-02-01,2016-02-01 00:00:00,-0.732090163528254,-0.6873156342182891,0.1853146853146853,Aqua,00:00:00
2016-02-07,2016-02-07 00:00:00,-0.7403626894942439,-0.6923076923076923,0.1818181818181818,Aqua,00:00:00
2016-02-08,2016-02-08 00:00:00,-0.8050475235849791,-0.7291196388261851,0.1566579634464752,Aqua,00:00:00
2016-02-17,2016-02-17 00:00:00,-0.32289596872048704,-0.35551948051948057,0.47544910179640715,Aqua,00:00:00
2016-02-22,2016-02-22 00:00:00,-0.7395393821729782,-0.6918138041733546,0.18216318785578747,Aqua,00:00:00
2016-02-24,2016-02-24 00:00:00,-0.5684926436816938,-0.5746924428822495,0.27008928571428575,Aqua,00:00:00
2016-02-25,2016-02-25 00:00:00,-0.5403481545251463,-0.5525876460767946,0.2881720430107527,Aqua,00:00:00
2016-03-03,2016-03-03 00:00:00,-0.10865270558633525,-0.12444264288609654,0.7786589762076422,Aqua,00:00:00
2016-03-07,2016-03-07 00:00:00,-0.7421699933172009,-0.6933895921237694,0.18106312292358803,Aqua,00:00:00
2016-03-16,2016-03-16 00:00:00,-0.7577963309784308,-0.7026143790849673,0.17466410748560462,Aqua,00:00:00
2016-03-17,2016-03-17 00:00:00,-0.7759068294611913,-0.71301775147929,0.16753022452504318,Aqua,00:00:00
2016-03-19,2016-03-19 00:00:00,-0.026818427001147765,-0.030866047347917303,0.9401162790697675,Aqua,00:00:00
2016-03-22,2016-03-22 00:00:00,-0.5561699120067083,-0.5651135005973716,0.2778625954198473,Aqua,00:00:00
2016-03-24,2016-03-24 00:00:00,-0.468637396259847,-0.4926387315968289,0.33990895295902884,Aqua,00:00:00
2016-03-25,2016-03-25 00:00:00,-0.6111650309327242,-0.6066666666666667,0.24481327800829875,Aqua,00:00:00
2016-03-27,2016-03-27 00:00:00,-0.494850021680094,-0.5151515151515152,0.32,Aqua,00:00:00
2016-03-28,2016-03-28 00:00:00,-0.24935517070998695,-0.279445727482679,0.5631768953068592,Aqua,00:00:00
2016-03-30,2016-03-30 00:00:00,-0.7182248036287572,-0.6788008565310493,0.19132653061224492,Aqua,00:00:00
2016-03-31,2016-03-31 00:00:00,-0.3639878297484915,-0.3961352657004831,0.4325259515570934,Aqua,00:00:00
2016-04-01,2016-04-01 00:00:00,-0.6978103388087801,-0.6659242761692651,0.20053475935828877,Aqua,00:00:00
2016-04-02,2016-04-02 00:00:00,-0.4974480024000027,-0.5173453996983409,0.3180914512922465,Aqua,00:00:00
2016-04-04,2016-04-04 00:00:00,-0.23570471811707297,-0.2648945921173236,0.5811594202898551,Aqua,00:00:00
2016-04-05,2016-04-05 00:00:00,-0.46990289771448085,-0.49374130737134914,0.33891992551210426,Aqua,00:00:00
2016-04-06,2016-04-06 00:00:00,-0.7792465712212464,-0.7149028077753778,0.16624685138539044,Aqua,00:00:00
2016-04-07,2016-04-07 00:00:00,-0.6167380067837752,-0.610705596107056,0.2416918429003021,Aqua,00:00:00
2016-04-09,2016-04-09 00:00:00,-0.520686125135553,-0.5366666666666666,0.3015184381778742,Aqua,00:00:00
2016-04-10,2016-04-10 00:00:00,-0.6712985777381604,-0.6485900216919739,0.2131578947368421,Aqua,00:00:00
2016-04-11,2016-04-11 00:00:00,-0.42312935258873063,-0.45194805194805193,0.3774597495527728,Aqua,00:00:00
2016-04-12,2016-04-12 00:00:00,-0.4298291530855192,-0.45806451612903226,0.37168141592920356,Aqua,00:00:00
2016-04-15,2016-04-15 00:00:00,-0.5787433698155324,-0.5825426944971536,0.2637889688249401,Aqua,00:00:00
2016-04-16,2016-04-16 00:00:00,-0.7160033436347991,-0.6774193548387097,0.19230769230769232,Aqua,00:00:00
2016-04-17,2016-04-17 00:00:00,-0.6812412373755872,-0.6551724137931033,0.20833333333333334,Aqua,00:00:00
2016-04-19,2016-04-19 00:00:00,-0.37911315141255403,-0.4107142857142857,0.4177215189873417,Aqua,00:00:00
2016-04-25,2016-04-25 00:00:00,-0.34827345047848196,-0.3807740324594257,0.44846292947558775,Aqua,00:00:00
2016-04-27,2016-04-27 00:00:00,-0.2041199826559248,-0.23076923076923075,0.625,Aqua,00:00:00
2016-04-28,2016-04-28 00:00:00,-0.3791402313490805,-0.4107402031930334,0.4176954732510288,Aqua,00:00:00
2016-04-29,2016-04-29 00:00:00,-0.4549711267580268,-0.4806312769010043,0.3507751937984496,Aqua,00:00:00
2016-04-30,2016-04-30 00:00:00,-0.3279212735583894,-0.3605633802816901,0.4699792960662526,Aqua,00:00:00
2016-05-01,2016-05-01 00:00:00,-0.7018085404664195,-0.6684782608695652,0.1986970684039088,Aqua,00:00:00
2016-05-08,2016-05-08 00:00:00,-0.5762527277216769,-0.5806451612903225,0.2653061224489796,Aqua,00:00:00
2016-05-09,2016-05-09 00:00:00,-0.29211193113547046,-0.32417582417582413,0.5103734439834025,Aqua,00:00:00
2016-05-10,2016-05-10 00:00:00,-0.7681670294770427,-0.7086092715231788,0.17054263565891473,Aqua,00:00:00
2016-05-11,2016-05-11 00:00:00,-0.49272632805023847,-0.513353115727003,0.3215686274509804,Aqua,00:00:00
2016-05-17,2016-05-17 00:00:00,-0.5327083431482164,-0.546448087431694,0.29328621908127206,Aqua,00:00:00
2016-05-25,2016-05-25 00:00:00,-0.5295093241793506,-0.5438596491228069,0.29545454545454547,Aqua,00:00:00
2016-05-26,2016-05-26 00:00:00,-0.4461975566081609,-0.4728260869565218,0.35793357933579334,Aqua,00:00:00
2016-05-27,2016-05-27 00:00:00,-0.4113791662274199,-0.44111776447105794,0.3878116343490305,Aqua,00:00:00
2016-05-28,2016-05-28 00:00:00,-0.45152283674466925,-0.4775725593667545,0.3535714285714286,Aqua,00:00:00
2016-05-30,2016-05-30 00:00:00,-0.12008623381388787,-0.13738019169329072,0.7584269662921348,Aqua,00:00:00
2016-06-03,2016-06-03 00:00:00,-0.07474963124854984,-0.08584686774941992,0.841880341880342,Aqua,00:00:00
2016-06-06,2016-06-06 00:00:00,-0.21597981595225846,-0.2436548223350254,0.6081632653061224,Aqua,00:00:00
2016-06-10,2016-06-10 00:00:00,-0.1440017426577962,-0.1642857142857143,0.7177914110429447,Aqua,00:00:00
2016-06-11,2016-06-11 00:00:00,-0.4219287544705412,-0.4508474576271187,0.3785046728971962,Aqua,00:00:00
2016-06-12,2016-06-12 00:00:00,-0.4430766349641373,-0.47003154574132483,0.3605150214592275,Aqua,00:00:00
2016-06-18,2016-06-18 00:00:00,-0.30526704860723586,-0.3376623376623376,0.49514563106796117,Aqua,00:00:00
2016-06-19,2016-06-19 00:00:00,-0.0377885608893998,-0.043478260869565216,0.9166666666666666,Aqua,00:00:00
2016-06-20,2016-06-20 00:00:00,-0.10156598415010941,-0.11640211640211644,0.7914691943127962,Aqua,00:00:00
2016-06-21,2016-06-21 00:00:00,-0.2500999031737813,-0.28023598820059,0.5622119815668203,Aqua,00:00:00
2016-06-22,2016-06-22 00:00:00,-0.028963695935316617,-0.03333333333333335,0.9354838709677419,Aqua,00:00:00
2016-06-23,2016-06-23 00:00:00,-0.020575691710661915,-0.023684210526315825,0.9537275064267351,Aqua,00:00:00
2016-06-24,2016-06-24 00:00:00,0.48800639800469325,0.5093399750933997,3.076142131979695,Aqua,00:00:00
2016-06-25,2016-06-25 00:00:00,0.05779377472606056,0.06643952299829643,1.1423357664233578,Aqua,00:00:00
2016-06-26,2016-06-26 00:00:00,-0.5570330215146434,-0.5657894736842105,0.27731092436974786,Aqua,00:00:00
2016-06-27,2016-06-27 00:00:00,-0.3805841867597741,-0.4121212121212121,0.41630901287553645,Aqua,00:00:00
2016-06-28,2016-06-28 00:00:00,-0.39397382145443616,-0.4248366013071895,0.4036697247706422,Aqua,00:00:00
2016-06-29,2016-06-29 00:00:00,-0.5513064532741949,-0.5612903225806452,0.2809917355371901,Aqua,00:00:00
2016-06-30,2016-06-30 00:00:00,-0.19804583494373157,-0.22413793103448276,0.6338028169014085,Aqua,00:00:00
2016-07-01,2016-07-01 00:00:00,0.19094038009460035,0.2163543441226576,1.5521739130434784,Aqua,00:00:00
2016-07-02,2016-07-02 00:00:00,-0.2878685496060104,-0.3197969543147208,0.5153846153846153,Aqua,00:00:00
2016-07-03,2016-07-03 00:00:00,-0.4519377087014136,-0.4779411764705882,0.35323383084577115,Aqua,00:00:00
2016-07-04,2016-07-04 00:00:00,0.0697652786954119,0.08014796547472254,1.1742627345844503,Aqua,00:00:00
2016-07-05,2016-07-05 00:00:00,0.12668640287782001,0.14482758620689654,1.3387096774193548,Aqua,00:00:00
2016-07-06,2016-07-06 00:00:00,-0.08872656395385518,-0.1017964071856287,0.8152173913043479,Aqua,00:00:00
2016-07-11,2016-07-11 00:00:00,0.13689035714302372,0.15630885122410548,1.3705357142857144,Aqua,00:00:00
2016-07-12,2016-07-12 00:00:00,-0.3276068901349461,-0.3602484472049689,0.4703196347031964,Aqua,00:00:00
2016-07-13,2016-07-13 00:00:00,-0.4825162866063686,-0.5046439628482973,0.3292181069958848,Aqua,00:00:00
2016-07-14,2016-07-14 00:00:00,-0.5026753591920506,-0.5217391304347827,0.3142857142857143,Aqua,00:00:00
2016-07-15,2016-07-15 00:00:00,-0.723675877128794,-0.6821705426356589,0.18894009216589863,Aqua,00:00:00
2016-07-16,2016-07-16 00:00:00,0.3616319758512389,0.3938461538461538,2.299492385786802,Aqua,00:00:00
2016-07-17,2016-07-17 00:00:00,-0.37470214692683035,-0.40648379052369077,0.4219858156028369,Aqua,00:00:00
2016-07-19,2016-07-19 00:00:00,-0.08839610336577743,-0.10141987829614607,0.8158379373848986,Aqua,00:00:00
2016-07-20,2016-07-20 00:00:00,0.1567246021279956,0.17850287907869478,1.4345794392523363,Aqua,00:00:00
2016-07-21,2016-07-21 00:00:00,-0.13884320163605177,-0.15850144092219018,0.7263681592039801,Aqua,00:00:00
2016-07-22,2016-07-22 00:00:00,-0.21150791627813748,-0.2388059701492537,0.6144578313253013,Aqua,00:00:00
2016-07-23,2016-07-23 00:00:00,-0.11379615878504029,-0.13026819923371646,0.7694915254237288,Aqua,00:00:00
2016-07-24,2016-07-24 00:00:00,-0.17703640519999406,-0.20104438642297645,0.6652173913043479,Aqua,00:00:00
2016-07-25,2016-07-25 00:00:00,-0.388699351937125,-0.4198473282442748,0.4086021505376344,Aqua,00:00:00
2016-07-26,2016-07-26 00:00:00,-0.4841831092071493,-0.5060728744939271,0.3279569892473118,Aqua,00:00:00
2016-07-27,2016-07-27 00:00:00,-0.5740312677277188,-0.5789473684210527,0.26666666666666666,Aqua,00:00:00
2016-07-28,2016-07-28 00:00:00,-0.4253141813090368,-0.45394736842105265,0.3755656108597285,Aqua,00:00:00
2016-07-29,2016-07-29 00:00:00,-0.43106016786427276,-0.4591836734693878,0.3706293706293706,Aqua,00:00:00
2016-07-30,2016-07-30 00:00:00,-0.3819312221058798,-0.4134078212290503,0.41501976284584985,Aqua,00:00:00
2016-07-31,2016-07-31 00:00:00,-0.6511093886875794,-0.6349206349206349,0.2233009708737864,Aqua,00:00:00
2016-08-01,2016-08-01 00:00:00,-0.13738355606255764,-0.15686274509803919,0.728813559322034,Aqua,00:00:00
2016-08-02,2016-08-02 00:00:00,-0.0315989860717023,-0.03636363636363633,0.9298245614035089,Aqua,00:00:00
2016-08-03,2016-08-03 00:00:00,-0.09342168516223504,-0.10714285714285712,0.8064516129032259,Aqua,00:00:00
2016-08-04,2016-08-04 00:00:00,-0.22232055246765006,-0.25050916496945014,0.5993485342019543,Aqua,00:00:00
2016-08-06,2016-08-06 00:00:00,-0.045757490560675115,-0.05263157894736842,0.9,Aqua,00:00:00
2016-08-07,2016-08-07 00:00:00,-0.19312459835446155,-0.21874999999999997,0.6410256410256411,Aqua,00:00:00
2016-08-08,2016-08-08 00:00:00,0.24000671919030564,0.26949384404924764,1.7378277153558053,Aqua,00:00:00
2016-08-09,2016-08-09 00:00:00,-0.03547231816221887,-0.040816326530612235,0.9215686274509804,Aqua,00:00:00
2016-08-10,2016-08-10 00:00:00,-0.4175355647354183,-0.4468085106382979,0.3823529411764706,Aqua,00:00:00
2016-08-11,2016-08-11 00:00:00,-0.4191293077419757,-0.4482758620689655,0.38095238095238093,Aqua,00:00:00
2016-08-12,2016-08-12 00:00:00,-0.3010299956639812,-0.33333333333333337,0.5,Aqua,00:00:00
2016-08-13,2016-08-13 00:00:00,-0.4083667851351783,-0.43832020997375326,0.3905109489051095,Aqua,00:00:00
2016-08-15,2016-08-15 00:00:00,-0.4389492108191181,-0.4663212435233161,0.36395759717314485,Aqua,00:00:00
2016-08-16,2016-08-16 00:00:00,-0.4677408796494076,-0.4918566775244299,0.3406113537117904,Aqua,00:00:00
2016-08-17,2016-08-17 00:00:00,-0.4002398965636179,-0.4307304785894207,0.397887323943662,Aqua,00:00:00
2016-08-18,2016-08-18 00:00:00,-0.3710678622717363,-0.4029850746268657,0.42553191489361697,Aqua,00:00:00
2016-08-19,2016-08-19 00:00:00,-0.09660935914911006,-0.11076923076923073,0.8005540166204986,Aqua,00:00:00
2016-08-20,2016-08-20 00:00:00,-0.3702270208050051,-0.4021739130434782,0.42635658914728686,Aqua,00:00:00
2016-08-21,2016-08-21 00:00:00,-0.3503916104934816,-0.3828571428571429,0.44628099173553715,Aqua,00:00:00
2016-08-22,2016-08-22 00:00:00,-0.5496719218682741,-0.5599999999999999,0.2820512820512821,Aqua,00:00:00
2016-08-23,2016-08-23 00:00:00,-0.5889383140060573,-0.5902439024390244,0.25766871165644173,Aqua,00:00:00
2016-08-24,2016-08-24 00:00:00,-0.4750775122096761,-0.49823321554770317,0.3349056603773585,Aqua,00:00:00
2016-08-25,2016-08-25 00:00:00,-0.44552226864796013,-0.4722222222222222,0.3584905660377358,Aqua,00:00:00
2016-08-26,2016-08-26 00:00:00,0.022991282908629573,0.026463512429831575,1.0543657331136738,Aqua,00:00:00
2016-08-27,2016-08-27 00:00:00,-0.5749642315277651,-0.5796610169491525,0.26609442060085836,Aqua,00:00:00
2016-08-28,2016-08-28 00:00:00,-0.39397382145443616,-0.4248366013071895,0.4036697247706422,Aqua,00:00:00
2016-08-30,2016-08-30 00:00:00,-0.26415863571085496,-0.2950819672131148,0.5443037974683543,Aqua,00:00:00
2016-08-31,2016-08-31 00:00:00,-0.46411745446655456,-0.4886877828054298,0.3434650455927052,Aqua,00:00:00
2016-09-03,2016-09-03 00:00:00,-0.42100531274073105,-0.45,0.3793103448275862,Aqua,00:00:00
2016-09-04,2016-09-04 00:00:00,-0.6139592146276701,-0.6086956521739132,0.24324324324324326,Aqua,00:00:00
2016-09-05,2016-09-05 00:00:00,-0.5818566052396754,-0.5849056603773585,0.2619047619047619,Aqua,00:00:00
2016-09-06,2016-09-06 00:00:00,-0.5964074887769506,-0.5958188153310104,0.2532751091703057,Aqua,00:00:00
2016-09-08,2016-09-08 00:00:00,-0.5712202903938904,-0.5767918088737202,0.2683982683982684,Aqua,00:00:00
2016-09-09,2016-09-09 00:00:00,-0.5242337993653037,-0.5395683453237411,0.29906542056074764,Aqua,00:00:00
2016-09-10,2016-09-10 00:00:00,-0.9131513129998395,-0.7823129251700679,0.12213740458015267,Aqua,00:00:00
2016-09-11,2016-09-11 00:00:00,-0.739398661391627,-0.6917293233082707,0.18222222222222223,Aqua,00:00:00
2016-09-12,2016-09-12 00:00:00,-0.3569289531358241,-0.38926174496644295,0.4396135265700483,Aqua,00:00:00
2016-09-13,2016-09-13 00:00:00,-0.6200559342315501,-0.613095238095238,0.23985239852398524,Aqua,00:00:00
2016-09-14,2016-09-14 00:00:00,-0.718714062531776,-0.6791044776119403,0.1911111111111111,Aqua,00:00:00
2016-09-15,2016-09-15 00:00:00,-0.7034016191350938,-0.6694915254237288,0.1979695431472081,Aqua,00:00:00
2016-09-19,2016-09-19 00:00:00,-0.27689631594726183,-0.308411214953271,0.5285714285714286,Aqua,00:00:00
2016-09-24,2016-09-24 00:00:00,-0.8286038621526987,-0.7415730337078652,0.14838709677419354,Aqua,00:00:00
2016-09-25,2016-09-25 00:00:00,-0.8883667301712374,-0.7709923664122138,0.1293103448275862,Aqua,00:00:00
2016-09-26,2016-09-26 00:00:00,-0.835446654338076,-0.7450980392156862,0.1460674157303371,Aqua,00:00:00
2016-09-27,2016-09-27 00:00:00,-0.8252637950292849,-0.7398373983739837,0.14953271028037382,Aqua,00:00:00
2016-09-28,2016-09-28 00:00:00,-0.6532125137753436,-0.6363636363636364,0.22222222222222224,Aqua,00:00:00
2016-09-29,2016-09-29 00:00:00,-0.4264954691250904,-0.455026455026455,0.37454545454545457,Aqua,00:00:00
2016-09-30,2016-09-30 00:00:00,-0.24977839839424637,-0.27989487516425754,0.5626283367556468,Aqua,00:00:00
2016-10-06,2016-10-06 00:00:00,-0.8336685782334751,-0.7441860465116279,0.14666666666666664,Aqua,00:00:00
2016-10-07,2016-10-07 00:00:00,-0.5427735739972768,-0.5545243619489559,0.2865671641791045,Aqua,00:00:00
2016-10-10,2016-10-10 00:00:00,-0.9429614990296358,-0.795275590551181,0.11403508771929825,Aqua,00:00:00
2016-10-11,2016-10-11 00:00:00,-0.9363309201306227,-0.7924528301886792,0.11578947368421053,Aqua,00:00:00
2016-10-12,2016-10-12 00:00:00,-0.7269987279362623,-0.6842105263157895,0.1875,Aqua,00:00:00
2016-10-18,2016-10-18 00:00:00,-0.5382385006895518,-0.5508982035928144,0.28957528957528955,Aqua,00:00:00
2016-11-01,2016-11-01 00:00:00,-0.7033275106102087,-0.6694444444444444,0.19800332778702165,Aqua,00:00:00
2016-11-04,2016-11-04 00:00:00,-0.8771244239554735,-0.7656903765690376,0.13270142180094785,Aqua,00:00:00
2016-11-09,2016-11-09 00:00:00,-0.7892230882513466,-0.7204724409448818,0.16247139588100687,Aqua,00:00:00
2016-11-10,2016-11-10 00:00:00,-0.9415114326344031,-0.7946611909650925,0.11441647597254004,Aqua,00:00:00
2016-11-13,2016-11-13 00:00:00,-0.9074113607745862,-0.7797356828193834,0.12376237623762375,Aqua,00:00:00
2016-11-17,2016-11-17 00:00:00,-0.8407680491921214,-0.7478108581436078,0.14428857715430862,Aqua,00:00:00
2016-11-30,2016-11-30 00:00:00,-0.476125166021756,-0.4991394148020654,0.33409873708381166,Aqua,00:00:00
2016-12-01,2016-12-01 00:00:00,-0.5879857045390043,-0.5895287958115184,0.2582345191040843,Aqua,00:00:00
2016-12-03,2016-12-03 00:00:00,-0.5384982108987612,-0.5511064278187566,0.28940217391304346,Aqua,00:00:00
2016-12-05,2016-12-05 00:00:00,-0.6424582983027096,-0.6289381563593933,0.22779369627507165,Aqua,00:00:00
2016-12-10,2016-12-10 00:00:00,-0.671016476733176,-0.6484018264840183,0.21329639889196678,Aqua,00:00:00
2017-02-23,2017-02-23 00:00:00,-0.6709412807357753,-0.6483516483516483,0.21333333333333332,Aqua,00:00:00
2017-02-25,2017-02-25 00:00:00,-0.4254464297656682,-0.45406824146981634,0.37545126353790614,Aqua,00:00:00
2017-03-01,2017-03-01 00:00:00,-0.2478514373040288,-0.2778489116517285,0.5651302605210421,Aqua,00:00:00
2017-03-10,2017-03-10 00:00:00,-0.6532125137753436,-0.6363636363636362,0.22222222222222224,Aqua,00:00:00
2017-03-13,2017-03-13 00:00:00,-0.2158083951953838,-0.24346917450365727,0.6084033613445379,Aqua,00:00:00
2017-03-16,2017-03-16 00:00:00,-0.3601117662547283,-0.39236641221374047,0.43640350877192985,Aqua,00:00:00
2017-03-21,2017-03-21 00:00:00,-0.575994500889035,-0.5804480651731161,0.2654639175257732,Aqua,00:00:00
2017-03-31,2017-03-31 00:00:00,-0.7410313493367302,-0.6927083333333334,0.18153846153846154,Aqua,00:00:00
2017-04-02,2017-04-02 00:00:00,-0.6924878768080985,-0.6625000000000001,0.20300751879699247,Aqua,00:00:00
2017-04-03,2017-04-03 00:00:00,-0.3932826505593646,-0.42418426103646834,0.40431266846361186,Aqua,00:00:00
2017-04-10,2017-04-10 00:00:00,-0.3776316317741245,-0.409295352323838,0.4191489361702128,Aqua,00:00:00
2017-04-14,2017-04-14 00:00:00,-0.8584620015722383,-0.7566539923954372,0.13852813852813853,Aqua,00:00:00
2017-04-20,2017-04-20 00:00:00,-0.6778543082629357,-0.6529411764705882,0.2099644128113879,Aqua,00:00:00
2017-04-21,2017-04-21 00:00:00,-0.48953051270148246,-0.5106382978723405,0.32394366197183094,Aqua,00:00:00
2017-04-27,2017-04-27 00:00:00,-0.42047330636725805,-0.4495114006514658,0.3797752808988764,Aqua,00:00:00
2017-04-28,2017-04-28 00:00:00,-0.40301953420131253,-0.4333333333333333,0.39534883720930236,Aqua,00:00:00
2017-04-30,2017-04-30 00:00:00,-0.49008623188403005,-0.5111111111111112,0.3235294117647059,Aqua,00:00:00
2017-05-02,2017-05-02 00:00:00,-0.5619427681199799,-0.5696202531645569,0.2741935483870968,Aqua,00:00:00
2017-05-03,2017-05-03 00:00:00,-0.7433891441244317,-0.6941176470588235,0.18055555555555555,Aqua,00:00:00
2017-05-06,2017-05-06 00:00:00,-0.1541257408659661,-0.17560462670872773,0.701252236135957,Aqua,00:00:00
2017-05-07,2017-05-07 00:00:00,-0.29344387296495955,-0.3255474452554744,0.5088105726872247,Aqua,00:00:00
2017-05-08,2017-05-08 00:00:00,-0.5862657241447305,-0.5882352941176471,0.25925925925925924,Aqua,00:00:00
2017-05-09,2017-05-09 00:00:00,-0.10073030097747862,-0.1154529307282416,0.7929936305732483,Aqua,00:00:00
2017-05-14,2017-05-14 00:00:00,-2.305351369446624,-0.9901477832512315,0.00495049504950495,Aqua,00:00:00
2017-05-15,2017-05-15 00:00:00,-0.5877525262880855,-0.5893536121673003,0.2583732057416268,Aqua,00:00:00
2017-05-17,2017-05-17 00:00:00,-0.31361912297200173,-0.34615384615384615,0.4857142857142857,Aqua,00:00:00
2017-05-18,2017-05-18 00:00:00,-0.6037271506954254,-0.6012269938650305,0.24904214559386975,Aqua,00:00:00
2017-05-19,2017-05-19 00:00:00,-0.600183986329207,-0.5986159169550174,0.2510822510822511,Aqua,00:00:00
2017-05-20,2017-05-20 00:00:00,-0.4898955427560913,-0.510948905109489,0.32367149758454106,Aqua,00:00:00
2017-05-22,2017-05-22 00:00:00,-0.1024313956104487,-0.1173848439821694,0.7898936170212766,Aqua,00:00:00
2017-05-23,2017-05-23 00:00:00,-0.2366606289211787,-0.2659176029962547,0.5798816568047337,Aqua,00:00:00
2017-05-24,2017-05-24 00:00:00,-0.2175487691236323,-0.2453531598513011,0.6059701492537314,Aqua,00:00:00
2017-05-25,2017-05-25 00:00:00,-0.5976951859255124,-0.596774193548387,0.2525252525252525,Aqua,00:00:00
2017-05-26,2017-05-26 00:00:00,-0.05575523225561803,-0.06410256410256415,0.8795180722891566,Aqua,00:00:00
2017-05-27,2017-05-27 00:00:00,-0.5636017395087867,-0.570909090909091,0.27314814814814814,Aqua,00:00:00
2017-05-28,2017-05-28 00:00:00,-0.558791301170982,-0.5671641791044777,0.2761904761904762,Aqua,00:00:00
2017-05-29,2017-05-29 00:00:00,-0.2578730786338314,-0.28846153846153844,0.5522388059701493,Aqua,00:00:00
2017-06-01,2017-06-01 00:00:00,-0.16855450623557755,-0.1916558018252934,0.6783369803063457,Aqua,00:00:00
2017-06-02,2017-06-02 00:00:00,-0.1861525850635771,-0.2110939907550077,0.6513994910941476,Aqua,00:00:00
2017-06-04,2017-06-04 00:00:00,-0.08286693562458788,-0.09511568123393312,0.8262910798122066,Aqua,00:00:00
2017-06-05,2017-06-05 00:00:00,-0.1408886471476844,-0.1607963246554365,0.7229551451187335,Aqua,00:00:00
2017-06-06,2017-06-06 00:00:00,-0.35948175685286193,-0.3917525773195876,0.43703703703703706,Aqua,00:00:00
2017-06-13,2017-06-13 00:00:00,-0.26708346613629336,-0.2981530343007915,0.540650406504065,Aqua,00:00:00
2017-06-17,2017-06-17 00:00:00,-0.13707990670084094,-0.15652173913043482,0.7293233082706767,Aqua,00:00:00
2017-06-18,2017-06-18 00:00:00,-0.43786795557198893,-0.46534653465346537,0.3648648648648648,Aqua,00:00:00
2017-06-19,2017-06-19 00:00:00,-0.5246124580893381,-0.5398773006134969,0.29880478087649404,Aqua,00:00:00
2017-06-20,2017-06-20 00:00:00,-0.4208492881362495,-0.44985673352435523,0.37944664031620556,Aqua,00:00:00
2017-06-21,2017-06-21 00:00:00,-0.6772012595738471,-0.6525096525096525,0.2102803738317757,Aqua,00:00:00
2017-06-22,2017-06-22 00:00:00,-0.31909925223958235,-0.3516949152542373,0.4796238244514106,Aqua,00:00:00
2017-06-23,2017-06-23 00:00:00,-0.26065083367730835,-0.2913907284768211,0.5487179487179488,Aqua,00:00:00
2017-06-24,2017-06-24 00:00:00,-0.39581631504218207,-0.4265734265734266,0.4019607843137255,Aqua,00:00:00
2017-06-26,2017-06-26 00:00:00,-0.1634635980107202,-0.18600368324125227,0.6863354037267081,Aqua,00:00:00
2017-06-27,2017-06-27 00:00:00,-0.03924584197618193,-0.0451527224435591,0.9135959339263025,Aqua,00:00:00
2017-06-28,2017-06-28 00:00:00,-0.10658036171460432,-0.12209302325581398,0.7823834196891192,Aqua,00:00:00
2017-06-29,2017-06-29 00:00:00,0.030123155061041507,0.03466666666666664,1.0718232044198894,Aqua,00:00:00
2017-06-30,2017-06-30 00:00:00,-0.1883257154726929,-0.21348314606741575,0.6481481481481481,Aqua,00:00:00
2017-07-01,2017-07-01 00:00:00,0.05822094486430187,0.06692913385826771,1.1434599156118144,Aqua,00:00:00
2017-07-02,2017-07-02 00:00:00,0.057525715605048,0.06613226452905813,1.1416309012875536,Aqua,00:00:00
2017-07-03,2017-07-03 00:00:00,-0.34309134066469266,-0.37566137566137575,0.4538461538461538,Aqua,00:00:00
2017-07-05,2017-07-05 00:00:00,-0.18727542600819494,-0.2123287671232877,0.6497175141242938,Aqua,00:00:00
2017-07-06,2017-07-06 00:00:00,0.4134860366476516,0.443069306930693,2.591111111111111,Aqua,00:00:00
2017-07-07,2017-07-07 00:00:00,0.39455367976555933,0.42538354253835425,2.4805825242718447,Aqua,00:00:00
2017-07-08,2017-07-08 00:00:00,-0.14570863006196033,-0.1661971830985915,0.7149758454106281,Aqua,00:00:00
2017-07-09,2017-07-09 00:00:00,-0.16413245766658685,-0.1867469879518073,0.6852791878172588,Aqua,00:00:00
2017-07-10,2017-07-10 00:00:00,-0.09790724532200505,-0.11224489795918362,0.798165137614679,Aqua,00:00:00
2017-07-11,2017-07-11 00:00:00,-0.10280429139404906,-0.11780821917808222,0.7892156862745098,Aqua,00:00:00
2017-07-12,2017-07-12 00:00:00,0.023028233992113883,0.026506024096385465,1.0544554455445543,Aqua,00:00:00
2017-07-14,2017-07-14 00:00:00,-0.13854191297921645,-0.15816326530612246,0.7268722466960352,Aqua,00:00:00
2017-07-15,2017-07-15 00:00:00,0.04248368209777966,0.04887218045112785,1.1027667984189724,Aqua,00:00:00
2017-07-16,2017-07-16 00:00:00,0.37657695705651195,0.4082840236686391,2.38,Aqua,00:00:00
2017-07-17,2017-07-17 00:00:00,-0.14112549770157523,-0.16106194690265485,0.7225609756097561,Aqua,00:00:00
2017-07-18,2017-07-18 00:00:00,-0.07452923313069969,-0.0855949895615867,0.8423076923076922,Aqua,00:00:00
2017-07-19,2017-07-19 00:00:00,0.10877311884074647,0.12457912457912453,1.2846153846153845,Aqua,00:00:00
2017-07-20,2017-07-20 00:00:00,0.34019715518090604,0.3727959697732997,2.188755020080321,Aqua,00:00:00
2017-07-21,2017-07-21 00:00:00,0.03654356868876474,0.04204753199268738,1.0877862595419847,Aqua,00:00:00
2017-07-22,2017-07-22 00:00:00,-0.0769738995834571,-0.08838821490467944,0.8375796178343948,Aqua,00:00:00
2017-07-24,2017-07-24 00:00:00,-0.4569178686313754,-0.4823529411764705,0.34920634920634924,Aqua,00:00:00
2017-07-25,2017-07-25 00:00:00,-0.31335123287494787,-0.3458823529411764,0.48601398601398604,Aqua,00:00:00
2017-07-27,2017-07-27 00:00:00,0.07977657785010606,0.09158878504672893,1.2016460905349793,Aqua,00:00:00
2017-07-28,2017-07-28 00:00:00,-0.034263203870167284,-0.03942652329749105,0.9241379310344827,Aqua,00:00:00
2017-07-29,2017-07-29 00:00:00,-0.4629389501987945,-0.4876543209876544,0.34439834024896265,Aqua,00:00:00
2017-07-30,2017-07-30 00:00:00,-0.11416901844956208,-0.13069016152716592,0.7688311688311689,Aqua,00:00:00
2017-08-01,2017-08-01 00:00:00,-0.08682643773752578,-0.09963099630996308,0.8187919463087249,Aqua,00:00:00
2017-08-02,2017-08-02 00:00:00,-1.1139433523068367,-0.8571428571428571,0.07692307692307691,Aqua,00:00:00
2017-08-03,2017-08-03 00:00:00,-0.2808266095756942,-0.3125,0.5238095238095238,Aqua,00:00:00
2017-08-08,2017-08-08 00:00:00,0.30615615398090856,0.33856893542757416,2.0237467018469655,Aqua,00:00:00
2017-08-10,2017-08-10 00:00:00,-0.15518026469369905,-0.1767810026385224,0.6995515695067265,Aqua,00:00:00
2017-08-15,2017-08-15 00:00:00,-0.11650556907143712,-0.13333333333333333,0.7647058823529412,Aqua,00:00:00
2017-08-16,2017-08-16 00:00:00,-0.17609125905568135,-0.20000000000000007,0.6666666666666665,Aqua,00:00:00
2017-08-17,2017-08-17 00:00:00,-0.16426826120275162,-0.18689788053949905,0.685064935064935,Aqua,00:00:00
2017-08-19,2017-08-19 00:00:00,-0.19283897224623572,-0.218436873747495,0.6414473684210527,Aqua,00:00:00
2017-08-21,2017-08-21 00:00:00,-0.1631744859517331,-0.18568232662192397,0.6867924528301886,Aqua,00:00:00
2017-08-26,2017-08-26 00:00:00,-0.0743287432532127,-0.08536585365853655,0.8426966292134832,Aqua,00:00:00
2017-08-28,2017-08-28 00:00:00,-0.1992829217176149,-0.2254901960784313,0.6320000000000001,Aqua,00:00:00
2017-08-29,2017-08-29 00:00:00,0.3952999125058292,0.4260869565217392,2.484848484848485,Aqua,00:00:00
2017-08-31,2017-08-31 00:00:00,1.0413926851582251,0.8333333333333333,11.0,Aqua,00:00:00
2017-09-01,2017-09-01 00:00:00,-0.13116975428134747,-0.1498771498771499,0.7393162393162392,Aqua,00:00:00
2017-09-02,2017-09-02 00:00:00,-0.2863067388432749,-0.31818181818181823,0.5172413793103448,Aqua,00:00:00
2017-09-08,2017-09-08 00:00:00,-0.23454993846077554,-0.2636579572446556,0.5827067669172932,Aqua,00:00:00
2017-09-09,2017-09-09 00:00:00,-0.24800146821784452,-0.2780082987551867,0.564935064935065,Aqua,00:00:00
2017-09-11,2017-09-11 00:00:00,-0.17865347582028165,-0.20283018867924524,0.6627450980392157,Aqua,00:00:00
2017-09-20,2017-09-20 00:00:00,-0.20705171474707315,-0.23396226415094334,0.6207951070336392,Aqua,00:00:00
2017-09-23,2017-09-23 00:00:00,-0.1698990098873709,-0.1931464174454828,0.6762402088772846,Aqua,00:00:00
2017-09-24,2017-09-24 00:00:00,0.26672576449399565,0.2977777777777777,1.8481012658227847,Aqua,00:00:00
2017-09-26,2017-09-26 00:00:00,-0.21858948867659692,-0.24647887323943657,0.6045197740112995,Aqua,00:00:00
2017-09-27,2017-09-27 00:00:00,-0.28214465150360746,-0.3138686131386862,0.5222222222222221,Aqua,00:00:00
2017-09-28,2017-09-28 00:00:00,-0.013837100815916034,-0.015929203539822974,0.9686411149825784,Aqua,00:00:00
2017-09-30,2017-09-30 00:00:00,-0.3785630633315328,-0.4101876675603217,0.41825095057034223,Aqua,00:00:00
2017-10-01,2017-10-01 00:00:00,-0.21185777289020466,-0.23918575063613226,0.6139630390143738,Aqua,00:00:00
2017-10-03,2017-10-03 00:00:00,-0.2869987039080498,-0.31889763779527563,0.5164179104477612,Aqua,00:00:00
2017-10-05,2017-10-05 00:00:00,0.545004225962855,0.5563002680965148,3.507552870090634,Aqua,00:00:00
2017-10-06,2017-10-06 00:00:00,-0.26856210753399296,-0.29970326409495546,0.5388127853881278,Aqua,00:00:00
2017-10-07,2017-10-07 00:00:00,-0.27791654097913965,-0.30947368421052635,0.5273311897106109,Aqua,00:00:00
2017-10-08,2017-10-08 00:00:00,-0.26980976856703554,-0.301010101010101,0.5372670807453416,Aqua,00:00:00
2017-10-11,2017-10-11 00:00:00,-0.3369167321983621,-0.3695395513577332,0.4603448275862069,Aqua,00:00:00
2017-10-14,2017-10-14 00:00:00,-0.3256056236403976,-0.3582417582417583,0.47249190938511326,Aqua,00:00:00
2017-10-15,2017-10-15 00:00:00,0.4026153513132253,0.4329553035356905,2.527058823529412,Aqua,00:00:00
2017-10-16,2017-10-16 00:00:00,0.13830269816628146,0.15789473684210528,1.375,Aqua,00:00:00
2017-10-17,2017-10-17 00:00:00,0.1606058590468609,0.18282548476454294,1.4474576271186441,Aqua,00:00:00
2017-10-20,2017-10-20 00:00:00,-0.3836309009697433,-0.415028901734104,0.4133986928104575,Aqua,00:00:00
2017-10-23,2017-10-23 00:00:00,0.4592598989986518,0.4844192634560906,2.879120879120879,Aqua,00:00:00
2017-10-24,2017-10-24 00:00:00,-0.5721949246877216,-0.5775401069518716,0.2677966101694915,Aqua,00:00:00
2017-10-25,2017-10-25 00:00:00,0.09824425209712104,0.11262798634812285,1.2538461538461538,Aqua,00:00:00
2017-10-26,2017-10-26 00:00:00,-0.010083575270530627,-0.0116086235489221,0.9770491803278688,Aqua,00:00:00
2017-10-27,2017-10-27 00:00:00,-0.3010299956639812,-0.3333333333333333,0.5,Aqua,00:00:00
2017-10-28,2017-10-28 00:00:00,-0.41647783382378795,-0.44583333333333336,0.38328530259365995,Aqua,00:00:00
2017-10-29,2017-10-29 00:00:00,-0.5392691614685069,-0.5517241379310345,0.2888888888888889,Aqua,00:00:00
2017-10-30,2017-10-30 00:00:00,-0.34550826738548335,-0.3780487804878048,0.4513274336283186,Aqua,00:00:00
2017-10-31,2017-10-31 00:00:00,-0.6149480136800611,-0.6094117647058823,0.24269005847953215,Aqua,00:00:00
2017-11-01,2017-11-01 00:00:00,-0.8450980400142568,-0.75,0.14285714285714288,Aqua,00:00:00
2017-11-04,2017-11-04 00:00:00,-0.4342082157091035,-0.4620390455531453,0.3679525222551929,Aqua,00:00:00
2017-11-06,2017-11-06 00:00:00,-0.5899954799265817,-0.5910364145658263,0.25704225352112675,Aqua,00:00:00
2017-11-14,2017-11-14 00:00:00,-0.6690067809585756,-0.6470588235294118,0.2142857142857143,Aqua,00:00:00
2017-11-17,2017-11-17 00:00:00,-0.7337321105952307,-0.6883116883116884,0.18461538461538463,Aqua,00:00:00
2017-12-03,2017-12-03 00:00:00,-0.6597433809343014,-0.6408163265306122,0.21890547263681592,Aqua,00:00:00
2017-12-04,2017-12-04 00:00:00,-0.8181564120552274,-0.7361111111111109,0.15200000000000002,Aqua,00:00:00
2017-12-05,2017-12-05 00:00:00,-0.898411724714173,-0.7756410256410257,0.1263537906137184,Aqua,00:00:00
2017-12-06,2017-12-06 00:00:00,-0.83909110494352,-0.7469586374695864,0.14484679665738162,Aqua,00:00:00
2017-12-07,2017-12-07 00:00:00,-0.7955521241749298,-0.7239583333333334,0.16012084592145012,Aqua,00:00:00
2017-12-09,2017-12-09 00:00:00,-0.2554686191196904,-0.28592162554426703,0.5553047404063206,Aqua,00:00:00
2017-12-30,2017-12-30 00:00:00,-0.46634416370347037,-0.49063670411985016,0.3417085427135678,Aqua,00:00:00
2018-01-06,2018-01-06 00:00:00,-1.184524426592544,-0.8772563176895307,0.06538461538461539,Aqua,00:00:00
2018-01-07,2018-01-07 00:00:00,-0.05270635051600292,-0.06060606060606056,0.8857142857142858,Aqua,00:00:00
2018-02-05,2018-02-05 00:00:00,-0.6543878716832784,-0.6371681415929205,0.2216216216216216,Aqua,00:00:00
2018-02-06,2018-02-06 00:00:00,-0.8957907482504441,-0.7744360902255639,0.1271186440677966,Aqua,00:00:00
2018-02-07,2018-02-07 00:00:00,-0.5925742433391017,-0.5929648241206029,0.2555205047318612,Aqua,00:00:00
2018-02-11,2018-02-11 00:00:00,-0.5505989115092335,-0.5607321131447589,0.2814498933901919,Aqua,00:00:00
2018-02-12,2018-02-12 00:00:00,-0.6683462569044009,-0.6466165413533835,0.21461187214611874,Aqua,00:00:00
2018-02-13,2018-02-13 00:00:00,-0.868721085360681,-0.7616580310880829,0.13529411764705881,Aqua,00:00:00
2018-02-15,2018-02-15 00:00:00,-0.9016590318854949,-0.7771260997067448,0.1254125412541254,Aqua,00:00:00
2018-02-18,2018-02-18 00:00:00,-0.6057249454143678,-0.6026936026936027,0.24789915966386553,Aqua,00:00:00
2018-02-19,2018-02-19 00:00:00,-0.40494056727416217,-0.4351279788172992,0.3936039360393604,Aqua,00:00:00
2018-02-22,2018-02-22 00:00:00,-0.3359697638123156,-0.36859781696053734,0.46134969325153374,Aqua,00:00:00
2018-02-23,2018-02-23 00:00:00,-0.5335252859177172,-0.5471074380165291,0.29273504273504275,Aqua,00:00:00
2018-02-26,2018-02-26 00:00:00,-0.5998078109207565,-0.5983379501385042,0.2512998266897747,Aqua,00:00:00
2018-03-01,2018-03-01 00:00:00,-0.4591168327313136,-0.48429319371727747,0.34744268077601415,Aqua,00:00:00
2018-03-03,2018-03-03 00:00:00,-0.5462522626101369,-0.5572916666666666,0.2842809364548495,Aqua,00:00:00
2018-03-05,2018-03-05 00:00:00,-0.570940190750577,-0.5765765765765766,0.26857142857142857,Aqua,00:00:00
2018-03-19,2018-03-19 00:00:00,-0.5979434251331303,-0.5969581749049431,0.2523809523809524,Aqua,00:00:00
2018-03-27,2018-03-27 00:00:00,-0.1697217159695848,-0.19294990723562155,0.67651632970451,Aqua,00:00:00
2018-03-28,2018-03-28 00:00:00,-0.5036802832391304,-0.5225806451612903,0.3135593220338983,Aqua,00:00:00
2018-03-31,2018-03-31 00:00:00,-0.5667320289862194,-0.5733333333333334,0.2711864406779661,Aqua,00:00:00
2018-04-02,2018-04-02 00:00:00,-0.34473619367036135,-0.377286389008158,0.45213131971606546,Aqua,00:00:00
2018-04-08,2018-04-08 00:00:00,-0.29570116215891423,-0.32786885245901637,0.5061728395061729,Aqua,00:00:00
2018-04-09,2018-04-09 00:00:00,-0.2218487496163564,-0.25000000000000006,0.6,Aqua,00:00:00
2018-04-16,2018-04-16 00:00:00,-0.3982726739367929,-0.4288840262582057,0.39969372128637065,Aqua,00:00:00
2018-04-20,2018-04-20 00:00:00,-0.5342898943760834,-0.5477239353891336,0.2922201138519924,Aqua,00:00:00
2018-04-21,2018-04-21 00:00:00,-0.701921054072901,-0.6685499058380413,0.19864559819413094,Aqua,00:00:00
2018-04-22,2018-04-22 00:00:00,-0.43877626264344277,-0.46616541353383456,0.3641025641025641,Aqua,00:00:00
2018-04-23,2018-04-23 00:00:00,-0.5580089645813043,-0.5665529010238908,0.2766884531590414,Aqua,00:00:00
2018-04-25,2018-04-25 00:00:00,-0.4828735836087537,-0.5049504950495048,0.32894736842105265,Aqua,00:00:00
2018-04-27,2018-04-27 00:00:00,-0.22335150018806113,-0.251621271076524,0.5979274611398964,Aqua,00:00:00
2018-04-29,2018-04-29 00:00:00,-0.42354925814886824,-0.4523326572008114,0.3770949720670391,Aqua,00:00:00
2018-05-01,2018-05-01 00:00:00,-0.6326908466307419,-0.6220930232558141,0.23297491039426524,Aqua,00:00:00
2018-05-02,2018-05-02 00:00:00,-0.8006373985313306,-0.7267326732673266,0.15825688073394498,Aqua,00:00:00
2018-05-03,2018-05-03 00:00:00,-0.5511843541190982,-0.5611940298507462,0.28107074569789675,Aqua,00:00:00
2018-05-06,2018-05-06 00:00:00,-0.44031370730794095,-0.46754966887417215,0.36281588447653423,Aqua,00:00:00
2018-05-07,2018-05-07 00:00:00,-0.39978414937040785,-0.43030303030303024,0.39830508474576276,Aqua,00:00:00
2018-05-09,2018-05-09 00:00:00,-0.38154959248386827,-0.41304347826086957,0.41538461538461535,Aqua,00:00:00
2018-05-13,2018-05-13 00:00:00,-0.1281601432020358,-0.14648829431438118,0.7444574095682615,Aqua,00:00:00
2018-05-14,2018-05-14 00:00:00,-0.6635780292471773,-0.6434108527131783,0.2169811320754717,Aqua,00:00:00
2018-05-15,2018-05-15 00:00:00,-0.4427389425221741,-0.4697286012526095,0.3607954545454546,Aqua,00:00:00
2018-05-18,2018-05-18 00:00:00,-0.5134712767585062,-0.5307262569832403,0.30656934306569344,Aqua,00:00:00
2018-05-22,2018-05-22 00:00:00,-0.3308144602482428,-0.3634577603143419,0.4668587896253602,Aqua,00:00:00
2018-05-26,2018-05-26 00:00:00,0.006891943423371703,0.007934476580496593,1.0159958720330238,Aqua,00:00:00
2018-05-27,2018-05-27 00:00:00,-0.3237355654468809,-0.3563636363636363,0.47453083109919575,Aqua,00:00:00
2018-05-28,2018-05-28 00:00:00,-0.5293740931392098,-0.54375,0.29554655870445345,Aqua,00:00:00
2018-05-29,2018-05-29 00:00:00,-0.05768542221594201,-0.06631532718489241,0.8756177924217463,Aqua,00:00:00
2018-05-31,2018-05-31 00:00:00,-0.14468279480405702,-0.16504854368932032,0.7166666666666668,Aqua,00:00:00
2018-06-01,2018-06-01 00:00:00,-0.6722944157493932,-0.6492537313432837,0.21266968325791855,Aqua,00:00:00
2018-06-02,2018-06-02 00:00:00,-0.4478705737201109,-0.4743202416918428,0.35655737704918034,Aqua,00:00:00
2018-06-03,2018-06-03 00:00:00,-0.43815839528180595,-0.46560846560846564,0.36462093862815886,Aqua,00:00:00
2018-06-04,2018-06-04 00:00:00,-0.4149733479708179,-0.44444444444444436,0.38461538461538464,Aqua,00:00:00
2018-06-07,2018-06-07 00:00:00,-0.10701033991238218,-0.1225806451612903,0.7816091954022989,Aqua,00:00:00
2018-06-08,2018-06-08 00:00:00,-0.0822993406291739,-0.094468085106383,0.8273716951788491,Aqua,00:00:00
2018-06-09,2018-06-09 00:00:00,-0.19014732352014246,-0.21548387096774196,0.6454352441613588,Aqua,00:00:00
2018-06-11,2018-06-11 00:00:00,-0.2441646238495487,-0.2739273927392739,0.5699481865284974,Aqua,00:00:00
2018-06-12,2018-06-12 00:00:00,-0.38837557947702306,-0.41954022988505746,0.4089068825910932,Aqua,00:00:00
2018-06-13,2018-06-13 00:00:00,-0.3898221184498582,-0.4209115281501341,0.4075471698113207,Aqua,00:00:00
2018-06-14,2018-06-14 00:00:00,0.0671501586260893,0.07715582450832068,1.1672131147540983,Aqua,00:00:00
2018-06-15,2018-06-15 00:00:00,-0.24393627957919478,-0.27368421052631575,0.5702479338842975,Aqua,00:00:00
2018-06-19,2018-06-19 00:00:00,0.029963223377443202,0.034482758620689676,1.0714285714285714,Aqua,00:00:00
2018-06-21,2018-06-21 00:00:00,-0.20849945992141583,-0.23553719008264462,0.6187290969899666,Aqua,00:00:00
2018-06-22,2018-06-22 00:00:00,0.0738817790159425,0.08485499462943076,1.1854460093896715,Aqua,00:00:00
2018-06-23,2018-06-23 00:00:00,-0.022064146853916413,-0.025396825396825407,0.9504643962848297,Aqua,00:00:00
2018-06-24,2018-06-24 00:00:00,-0.16185081994107106,-0.18421052631578952,0.6888888888888888,Aqua,00:00:00
2018-06-26,2018-06-26 00:00:00,-0.34610837039916925,-0.37864077669902907,0.45070422535211274,Aqua,00:00:00
2018-06-27,2018-06-27 00:00:00,-0.3050327381176551,-0.3374233128834355,0.4954128440366973,Aqua,00:00:00
2018-06-28,2018-06-28 00:00:00,-0.1638568026386696,-0.18644067796610164,0.6857142857142857,Aqua,00:00:00
2018-06-29,2018-06-29 00:00:00,0.4610938092855118,0.4860335195530727,2.8913043478260874,Aqua,00:00:00
2018-06-30,2018-06-30 00:00:00,-0.13551338554716952,-0.15476190476190474,0.731958762886598,Aqua,00:00:00
2018-07-01,2018-07-01 00:00:00,0.002303954909564255,0.0026525198938991885,1.0053191489361701,Aqua,00:00:00
2018-07-02,2018-07-02 00:00:00,-0.08506722457060774,-0.09762532981530347,0.8221153846153846,Aqua,00:00:00
2018-07-03,2018-07-03 00:00:00,0.2997944486516742,0.3320683111954459,1.9943181818181817,Aqua,00:00:00
2018-07-05,2018-07-05 00:00:00,-0.09185021423865411,-0.10535405872193432,0.8093750000000001,Aqua,00:00:00
2018-07-07,2018-07-07 00:00:00,0.08272127254024293,0.094949494949495,1.2098214285714286,Aqua,00:00:00
2018-07-09,2018-07-09 00:00:00,-0.09322432343109337,-0.1069182389937107,0.8068181818181818,Aqua,00:00:00
2018-07-10,2018-07-10 00:00:00,0.30306416557443433,0.3354134165366615,2.0093896713615025,Aqua,00:00:00
2018-07-11,2018-07-11 00:00:00,-0.05631836308812066,-0.06474820143884895,0.8783783783783783,Aqua,00:00:00
2018-07-12,2018-07-12 00:00:00,-0.2397603389250585,-0.2692307692307692,0.5757575757575758,Aqua,00:00:00
2018-07-14,2018-07-14 00:00:00,-0.5532760461370994,-0.5628415300546448,0.27972027972027974,Aqua,00:00:00
2018-07-17,2018-07-17 00:00:00,-0.2775488998144584,-0.30909090909090914,0.5277777777777777,Aqua,00:00:00
2018-07-18,2018-07-18 00:00:00,-0.15532136560202087,-0.17693836978131217,0.6993243243243242,Aqua,00:00:00
2018-07-19,2018-07-19 00:00:00,-0.30586449250959813,-0.33827160493827163,0.49446494464944646,Aqua,00:00:00
2018-07-21,2018-07-21 00:00:00,-0.28806501849961347,-0.31999999999999995,0.5151515151515152,Aqua,00:00:00
2018-07-22,2018-07-22 00:00:00,0.04858941617344707,0.05588235294117643,1.118380062305296,Aqua,00:00:00
2018-07-24,2018-07-24 00:00:00,-0.07692426384835468,-0.0883315158124318,0.8376753507014029,Aqua,00:00:00
2018-08-07,2018-08-07 00:00:00,0.4885378391678048,0.5097929490766648,3.0799086757990874,Aqua,00:00:00
2018-08-09,2018-08-09 00:00:00,0.8305393198433318,0.7425742574257426,6.769230769230769,Aqua,00:00:00
2018-08-14,2018-08-14 00:00:00,-0.8406436985880069,-0.7477477477477478,0.14432989690721648,Aqua,00:00:00
2018-08-24,2018-08-24 00:00:00,-0.06069784035361164,-0.0697674418604651,0.8695652173913044,Aqua,00:00:00
2018-08-27,2018-08-27 00:00:00,-0.06045254552534357,-0.06948640483383685,0.8700564971751412,Aqua,00:00:00
2018-08-28,2018-08-28 00:00:00,-0.12813915257944916,-0.14646464646464644,0.7444933920704846,Aqua,00:00:00
2018-08-29,2018-08-29 00:00:00,-0.24058855272915378,-0.2701149425287356,0.574660633484163,Aqua,00:00:00
2018-08-31,2018-08-31 00:00:00,-0.037345177000042744,-0.04296875000000001,0.9176029962546817,Aqua,00:00:00
2018-09-01,2018-09-01 00:00:00,-0.05293607518779853,-0.060869565217391314,0.8852459016393442,Aqua,00:00:00
2018-09-02,2018-09-02 00:00:00,-0.0755007623092572,-0.08670520231213874,0.8404255319148937,Aqua,00:00:00
2018-09-03,2018-09-03 00:00:00,-0.07297693364634003,-0.08382066276803123,0.8453237410071942,Aqua,00:00:00
2018-09-05,2018-09-05 00:00:00,-0.2601057209217228,-0.29081632653061223,0.549407114624506,Aqua,00:00:00
2018-09-06,2018-09-06 00:00:00,0.007299238741499423,0.008403361344537837,1.0169491525423728,Aqua,00:00:00
2018-09-08,2018-09-08 00:00:00,1.435985853029805,0.9293008641005499,27.288888888888888,Aqua,00:00:00
2018-09-10,2018-09-10 00:00:00,-0.26046638071980915,-0.29119638826185096,0.5489510489510491,Aqua,00:00:00
2018-09-12,2018-09-12 00:00:00,-0.10334412301346631,-0.11842105263157895,0.788235294117647,Aqua,00:00:00
2018-09-14,2018-09-14 00:00:00,-0.24649246401518804,-0.2764044943820225,0.5669014084507041,Aqua,00:00:00
2018-09-16,2018-09-16 00:00:00,0.15883225361417555,0.18085106382978722,1.4415584415584415,Aqua,00:00:00
2018-09-17,2018-09-17 00:00:00,-0.051152522447381256,-0.0588235294117647,0.888888888888889,Aqua,00:00:00
2018-09-18,2018-09-18 00:00:00,-0.0809945868110932,-0.09297912713472488,0.829861111111111,Aqua,00:00:00
2018-09-19,2018-09-19 00:00:00,-0.21999674475476289,-0.24799999999999994,0.6025641025641026,Aqua,00:00:00
2018-09-20,2018-09-20 00:00:00,0.11303951330859224,0.12941176470588237,1.2972972972972974,Aqua,00:00:00
2018-09-23,2018-09-23 00:00:00,-0.37035648703994906,-0.4022988505747126,0.42622950819672134,Aqua,00:00:00
2018-09-24,2018-09-24 00:00:00,-0.36113736076428893,-0.39336492890995267,0.43537414965986393,Aqua,00:00:00
2018-09-25,2018-09-25 00:00:00,-0.18539128213364348,-0.21025641025641023,0.652542372881356,Aqua,00:00:00
2018-09-26,2018-09-26 00:00:00,-0.3597823066793228,-0.39204545454545453,0.43673469387755104,Aqua,00:00:00
2018-09-27,2018-09-27 00:00:00,-0.38955126796574946,-0.420654911838791,0.4078014184397163,Aqua,00:00:00
2018-09-29,2018-09-29 00:00:00,-0.2675732127248765,-0.2986666666666667,0.5400410677618069,Aqua,00:00:00
2018-09-30,2018-09-30 00:00:00,-0.40587533592293923,-0.436,0.39275766016713093,Aqua,00:00:00
2018-10-04,2018-10-04 00:00:00,-0.36376439066117766,-0.39591836734693875,0.4327485380116959,Aqua,00:00:00
2018-10-06,2018-10-06 00:00:00,-0.26461971102469606,-0.2955665024630542,0.5437262357414449,Aqua,00:00:00
2018-10-07,2018-10-07 00:00:00,0.30257828422684185,0.334916864608076,2.007142857142857,Aqua,00:00:00
2018-10-09,2018-10-09 00:00:00,-0.3547148546267576,-0.38709677419354843,0.441860465116279,Aqua,00:00:00
2018-10-11,2018-10-11 00:00:00,-0.043073465728326314,-0.04954954954954956,0.9055793991416309,Aqua,00:00:00
2018-10-12,2018-10-12 00:00:00,-0.014948513299772462,-0.017208413001912073,0.9661654135338346,Aqua,00:00:00
2018-10-13,2018-10-13 00:00:00,-0.50915272077358,-0.5271453590192645,0.30963302752293576,Aqua,00:00:00
2018-10-14,2018-10-14 00:00:00,-0.16949425400245066,-0.1926977687626775,0.6768707482993197,Aqua,00:00:00
2018-10-15,2018-10-15 00:00:00,0.12325215397636426,0.14095449500554932,1.3281653746770024,Aqua,00:00:00
2018-10-16,2018-10-16 00:00:00,-0.13020297660065716,-0.14878892733564011,0.7409638554216867,Aqua,00:00:00
2018-10-17,2018-10-17 00:00:00,0.07626790366756286,0.08758169934640528,1.191977077363897,Aqua,00:00:00
2018-10-18,2018-10-18 00:00:00,-0.13158962435166202,-0.15034965034965028,0.7386018237082068,Aqua,00:00:00
2018-10-19,2018-10-19 00:00:00,-0.20569392244404305,-0.23248407643312108,0.6227390180878553,Aqua,00:00:00
2018-10-20,2018-10-20 00:00:00,-0.15527141511810788,-0.17688266199649744,0.6994047619047618,Aqua,00:00:00
2018-10-21,2018-10-21 00:00:00,-0.40804033557636343,-0.4380165289256199,0.3908045977011494,Aqua,00:00:00
2018-10-22,2018-10-22 00:00:00,-0.36005148357874306,-0.3923076923076923,0.43646408839779005,Aqua,00:00:00
2018-10-30,2018-10-30 00:00:00,-0.3914308937598051,-0.4224343675417661,0.40604026845637586,Aqua,00:00:00
2018-11-01,2018-11-01 00:00:00,-0.20244639876635867,-0.22894424673784106,0.6274131274131274,Aqua,00:00:00
2018-11-05,2018-11-05 00:00:00,-0.4818037203692897,-0.5040322580645161,0.3297587131367292,Aqua,00:00:00
2018-11-06,2018-11-06 00:00:00,-0.45982699953324857,-0.4849187935034803,0.346875,Aqua,00:00:00
2018-11-07,2018-11-07 00:00:00,-0.5595869710805498,-0.567785234899329,0.2756849315068493,Aqua,00:00:00
2018-11-08,2018-11-08 00:00:00,-0.6724023766920785,-0.6493256262042391,0.21261682242990654,Aqua,00:00:00
2018-11-09,2018-11-09 00:00:00,-0.590353231794712,-0.591304347826087,0.2568306010928962,Aqua,00:00:00
2018-11-10,2018-11-10 00:00:00,-0.8112113512695647,-0.7324263038548752,0.15445026178010468,Aqua,00:00:00
2018-11-11,2018-11-11 00:00:00,-0.9275903146678847,-0.7886792452830188,0.1181434599156118,Aqua,00:00:00
2018-11-12,2018-11-12 00:00:00,-0.7790782400246029,-0.7148080438756855,0.16631130063965885,Aqua,00:00:00
2018-11-14,2018-11-14 00:00:00,-0.4188205309910351,-0.4479917610710607,0.3812233285917497,Aqua,00:00:00
2018-11-15,2018-11-15 00:00:00,-0.5164986486425619,-0.53322528363047,0.3044397463002114,Aqua,00:00:00
2018-11-16,2018-11-16 00:00:00,-0.5785317689543953,-0.5823817292006526,0.2639175257731959,Aqua,00:00:00
2018-11-17,2018-11-17 00:00:00,-0.8549912806163659,-0.7549407114624505,0.13963963963963966,Aqua,00:00:00
2018-11-18,2018-11-18 00:00:00,-1.0848583789393154,-0.8480000000000001,0.08225108225108224,Aqua,00:00:00
2018-11-19,2018-11-19 00:00:00,-0.7752068697368624,-0.7126213592233008,0.16780045351473924,Aqua,00:00:00
2018-11-25,2018-11-25 00:00:00,-0.4626017007553657,-0.4873583260680035,0.34466588511137164,Aqua,00:00:00
2018-12-02,2018-12-02 00:00:00,-0.7661106321675304,-0.7074285714285714,0.1713520749665328,Aqua,00:00:00
2018-12-05,2018-12-05 00:00:00,-0.7334750555525659,-0.6881559220389805,0.1847246891651865,Aqua,00:00:00
2018-12-06,2018-12-06 00:00:00,-0.6973123897973361,-0.6656050955414012,0.20076481835564056,Aqua,00:00:00
2018-12-12,2018-12-12 00:00:00,-0.728994177047911,-0.6854304635761589,0.18664047151277013,Aqua,00:00:00
2018-12-21,2018-12-21 00:00:00,-0.819392639779355,-0.7367624810892587,0.1515679442508711,Aqua,00:00:00
2018-12-25,2018-12-25 00:00:00,-0.40584917872588233,-0.4359756097560975,0.39278131634819535,Aqua,00:00:00
2018-12-27,2018-12-27 00:00:00,-0.8255227918455702,-0.7399723374827109,0.1494435612082671,Aqua,00:00:00
2018-12-30,2018-12-30 00:00:00,-0.34777339920630745,-0.3802816901408451,0.44897959183673464,Aqua,00:00:00
2018-12-31,2018-12-31 00:00:00,-0.7258271748063232,-0.6834924965893588,0.1880064829821718,Aqua,00:00:00
2019-01-12,2019-01-12 00:00:00,-0.803912112528065,-0.7285067873303168,0.15706806282722513,Aqua,00:00:00
2019-01-13,2019-01-13 00:00:00,-0.8390520795149182,-0.7469387755102042,0.14485981308411214,Aqua,00:00:00
2019-01-21,2019-01-21 00:00:00,-0.6784483371914171,-0.6533333333333333,0.20967741935483872,Aqua,00:00:00
2019-01-25,2019-01-25 00:00:00,-0.5100737980196058,-0.5279106858054227,0.3089770354906054,Aqua,00:00:00
2019-01-29,2019-01-29 00:00:00,-0.8438554226231612,-0.7493734335839599,0.14326647564469913,Aqua,00:00:00
2019-01-30,2019-01-30 00:00:00,-0.984205732816768,-0.8120805369127516,0.10370370370370371,Aqua,00:00:00
2019-01-31,2019-01-31 00:00:00,-0.8645110810583918,-0.7596153846153847,0.1366120218579235,Aqua,00:00:00
2019-02-06,2019-02-06 00:00:00,-0.5621320444280111,-0.5697674418604651,0.2740740740740741,Aqua,00:00:00
2019-02-18,2019-02-18 00:00:00,-0.7462816156164851,-0.6958393113342899,0.1793570219966159,Aqua,00:00:00
2019-02-21,2019-02-21 00:00:00,-0.48624984991817644,-0.5078407720144752,0.3264,Aqua,00:00:00
2019-03-07,2019-03-07 00:00:00,-0.7461870210687036,-0.6957831325301206,0.1793960923623446,Aqua,00:00:00
2019-03-11,2019-03-11 00:00:00,-0.8358464467642682,-0.7453027139874738,0.14593301435406697,Aqua,00:00:00
2019-03-12,2019-03-12 00:00:00,-0.3223883137988676,-0.3550087873462214,0.4760051880674449,Aqua,00:00:00
2019-03-13,2019-03-13 00:00:00,-0.6912583581331112,-0.6617050067658998,0.20358306188925082,Aqua,00:00:00
2019-03-14,2019-03-14 00:00:00,-0.31759909709717404,-0.35018050541516244,0.4812834224598931,Aqua,00:00:00
2019-03-15,2019-03-15 00:00:00,-0.8221376570022804,-0.7382039573820395,0.15061295971978983,Aqua,00:00:00
2019-03-17,2019-03-17 00:00:00,-0.651046452018836,-0.6348773841961852,0.22333333333333333,Aqua,00:00:00
2019-03-18,2019-03-18 00:00:00,-0.7634279935629372,-0.7058823529411765,0.1724137931034483,Aqua,00:00:00
2019-03-27,2019-03-27 00:00:00,-0.5838669865019434,-0.5864262990455991,0.2606951871657754,Aqua,00:00:00
2019-03-30,2019-03-30 00:00:00,-0.7497363155690611,-0.6978851963746224,0.17793594306049823,Aqua,00:00:00
2019-03-31,2019-03-31 00:00:00,-0.6316152348896784,-0.6213333333333334,0.23355263157894737,Aqua,00:00:00
2019-04-02,2019-04-02 00:00:00,-0.4129642719966628,-0.4425863991081383,0.3863987635239567,Aqua,00:00:00
2019-04-12,2019-04-12 00:00:00,-0.5704271434588936,-0.5761821366024519,0.2688888888888889,Aqua,00:00:00
2019-04-16,2019-04-16 00:00:00,-0.6698676226317117,-0.6476345840130505,0.21386138613861386,Aqua,00:00:00
2019-04-18,2019-04-18 00:00:00,-0.7429868333203926,-0.6938775510204082,0.18072289156626506,Aqua,00:00:00
2019-04-21,2019-04-21 00:00:00,-0.5251415426385155,-0.5403087478559176,0.29844097995545654,Aqua,00:00:00
2019-04-22,2019-04-22 00:00:00,-0.25977300632998246,-0.29046563192904656,0.5498281786941581,Aqua,00:00:00
2019-04-23,2019-04-23 00:00:00,-0.7148883379340077,-0.6767241379310345,0.1928020565552699,Aqua,00:00:00
2019-04-24,2019-04-24 00:00:00,-0.6620579210032478,-0.6423841059602649,0.21774193548387094,Aqua,00:00:00
2019-04-25,2019-04-25 00:00:00,-0.25999314377589033,-0.29069767441860467,0.5495495495495496,Aqua,00:00:00
2019-04-26,2019-04-26 00:00:00,-0.7085153222422492,-0.6727272727272728,0.19565217391304346,Aqua,00:00:00
2019-04-27,2019-04-27 00:00:00,-0.38753032167027335,-0.4187380497131932,0.40970350404312667,Aqua,00:00:00
2019-04-28,2019-04-28 00:00:00,-0.6221299741032965,-0.6145833333333333,0.23870967741935484,Aqua,00:00:00
2019-04-29,2019-04-29 00:00:00,-0.5039144313075989,-0.5227765726681127,0.3133903133903134,Aqua,00:00:00
2019-04-30,2019-04-30 00:00:00,-0.16422376039764028,-0.18684843624699285,0.685135135135135,Aqua,00:00:00
2019-05-01,2019-05-01 00:00:00,-0.6423545861871354,-0.6288659793814433,0.22784810126582278,Aqua,00:00:00
2019-05-02,2019-05-02 00:00:00,-0.21336063939083746,-0.24081632653061222,0.6118421052631579,Aqua,00:00:00
2019-05-03,2019-05-03 00:00:00,-0.40457058757105074,-0.43478260869565216,0.3939393939393939,Aqua,00:00:00
2019-05-04,2019-05-04 00:00:00,-0.33869709256660036,-0.37130801687763715,0.4584615384615384,Aqua,00:00:00
2019-05-05,2019-05-05 00:00:00,-0.544966275243176,-0.5562700964630225,0.28512396694214875,Aqua,00:00:00
2019-05-06,2019-05-06 00:00:00,-0.2974555353056831,-0.32967032967032966,0.5041322314049587,Aqua,00:00:00
2019-05-08,2019-05-08 00:00:00,-0.5211380837040362,-0.537037037037037,0.30120481927710846,Aqua,00:00:00
2019-05-09,2019-05-09 00:00:00,-0.17825948363869942,-0.2023952095808383,0.6633466135458168,Aqua,00:00:00
2019-05-10,2019-05-10 00:00:00,-0.5797835966168101,-0.5833333333333334,0.26315789473684215,Aqua,00:00:00
2019-05-11,2019-05-11 00:00:00,-0.4960065988800362,-0.5161290322580645,0.3191489361702128,Aqua,00:00:00
2019-05-12,2019-05-12 00:00:00,-0.1810124956449513,-0.20543293718166386,0.6591549295774647,Aqua,00:00:00
2019-05-24,2019-05-24 00:00:00,-0.5511930949888071,-0.5612009237875288,0.2810650887573964,Aqua,00:00:00
2019-05-28,2019-05-28 00:00:00,-0.5374486946398167,-0.5502645502645503,0.2901023890784983,Aqua,00:00:00
2019-05-30,2019-05-30 00:00:00,-0.41857001019924983,-0.44776119402985076,0.3814432989690722,Aqua,00:00:00
2019-05-31,2019-05-31 00:00:00,-0.33351574974546644,-0.36615384615384616,0.46396396396396394,Aqua,00:00:00
2019-06-02,2019-06-02 00:00:00,-0.1640325236533684,-0.1866359447004608,0.6854368932038836,Aqua,00:00:00
2019-06-03,2019-06-03 00:00:00,-0.5654310959658012,-0.5723270440251572,0.272,Aqua,00:00:00
2019-06-04,2019-06-04 00:00:00,-0.495295223648249,-0.515527950310559,0.319672131147541,Aqua,00:00:00
2019-06-05,2019-06-05 00:00:00,-0.661181443446619,-0.6417910447761193,0.21818181818181817,Aqua,00:00:00
2019-06-08,2019-06-08 00:00:00,-0.6416543530806245,-0.6283783783783783,0.2282157676348548,Aqua,00:00:00
2019-06-09,2019-06-09 00:00:00,-0.49884050441289873,-0.5185185185185185,0.3170731707317073,Aqua,00:00:00
2019-06-11,2019-06-11 00:00:00,-0.494850021680094,-0.5151515151515151,0.32,Aqua,00:00:00
2019-06-12,2019-06-12 00:00:00,-0.40931955441553636,-0.4392059553349876,0.3896551724137931,Aqua,00:00:00
2019-06-13,2019-06-13 00:00:00,-0.4175355647354183,-0.4468085106382979,0.3823529411764706,Aqua,00:00:00
2019-06-14,2019-06-14 00:00:00,-0.02653886113773249,-0.03054448871181934,0.9407216494845362,Aqua,00:00:00
2019-06-16,2019-06-16 00:00:00,-0.250937652077288,-0.281124497991968,0.561128526645768,Aqua,00:00:00
2019-06-17,2019-06-17 00:00:00,0.6180480967120927,0.6116504854368932,4.15,Aqua,00:00:00
2019-06-18,2019-06-18 00:00:00,-0.22708127655003335,-0.2556390977443609,0.592814371257485,Aqua,00:00:00
2019-06-19,2019-06-19 00:00:00,-0.25933136158017367,-0.29,0.5503875968992248,Aqua,00:00:00
2019-06-20,2019-06-20 00:00:00,-0.11355919086480115,-0.12999999999999998,0.7699115044247788,Aqua,00:00:00
2019-06-21,2019-06-21 00:00:00,-0.25527250510330607,-0.2857142857142857,0.5555555555555556,Aqua,00:00:00
2019-06-22,2019-06-22 00:00:00,0.037938705914889535,0.04365079365079366,1.091286307053942,Aqua,00:00:00
2019-06-23,2019-06-23 00:00:00,-0.2785614777548701,-0.3101449275362319,0.5265486725663717,Aqua,00:00:00
2019-06-26,2019-06-26 00:00:00,-0.037599696141085964,-0.04326123128119803,0.9170653907496013,Aqua,00:00:00
2019-06-28,2019-06-28 00:00:00,-0.11510523389925659,-0.13174946004319657,0.767175572519084,Aqua,00:00:00
2019-06-30,2019-06-30 00:00:00,0.16975108102466227,0.1929824561403509,1.4782608695652175,Aqua,00:00:00
2019-07-02,2019-07-02 00:00:00,0.037381727621332066,0.04301075268817203,1.0898876404494382,Aqua,00:00:00
2019-07-03,2019-07-03 00:00:00,0.43129162820966394,0.4593939393939394,2.6995515695067267,Aqua,00:00:00
2019-07-04,2019-07-04 00:00:00,0.12774971394212833,0.1460258780036968,1.3419913419913418,Aqua,00:00:00
2019-07-05,2019-07-05 00:00:00,-0.27180037800473034,-0.3030927835051547,0.5348101265822784,Aqua,00:00:00
2019-07-07,2019-07-07 00:00:00,-0.028771742570024548,-0.033112582781456984,0.9358974358974358,Aqua,00:00:00
2019-07-08,2019-07-08 00:00:00,-0.14326611769783154,-0.16346153846153846,0.71900826446281,Aqua,00:00:00
2019-07-11,2019-07-11 00:00:00,-0.0021133593133991,-0.0024330900243308856,0.9951456310679612,Aqua,00:00:00
2019-07-12,2019-07-12 00:00:00,0.02143839255649332,0.024676850763807257,1.0506024096385542,Aqua,00:00:00
2019-07-13,2019-07-13 00:00:00,-0.1076973022016076,-0.1233595800524935,0.7803738317757009,Aqua,00:00:00
2019-07-14,2019-07-14 00:00:00,0.20360429550025752,0.2302070645554202,1.5981012658227847,Aqua,00:00:00
2019-07-15,2019-07-15 00:00:00,0.06012026614986984,0.06910569105691057,1.148471615720524,Aqua,00:00:00
2019-07-16,2019-07-16 00:00:00,0.3878182808347912,0.4190114068441065,2.4424083769633507,Aqua,00:00:00
2019-07-18,2019-07-18 00:00:00,0.24566507858318312,0.27552447552447545,1.7606177606177604,Aqua,00:00:00
2019-07-19,2019-07-19 00:00:00,0.22520003899307622,0.2536136662286465,1.6795774647887323,Aqua,00:00:00
2019-07-20,2019-07-20 00:00:00,-0.18563657696191163,-0.21052631578947364,0.6521739130434783,Aqua,00:00:00
2019-07-21,2019-07-21 00:00:00,-0.43411708540485805,-0.4619565217391305,0.3680297397769517,Aqua,00:00:00
2019-07-22,2019-07-22 00:00:00,0.04424426783843466,0.05089408528198076,1.1072463768115943,Aqua,00:00:00
2019-07-23,2019-07-23 00:00:00,0.17268501036376974,0.19623233908948193,1.48828125,Aqua,00:00:00
2019-07-24,2019-07-24 00:00:00,-0.22507771974655488,-0.2534818941504179,0.5955555555555555,Aqua,00:00:00
2019-07-26,2019-07-26 00:00:00,-0.3509642999720444,-0.38341968911917096,0.4456928838951311,Aqua,00:00:00
2019-07-27,2019-07-27 00:00:00,-0.2880650184996135,-0.31999999999999995,0.5151515151515151,Aqua,00:00:00
2019-07-28,2019-07-28 00:00:00,-0.3357921019231931,-0.368421052631579,0.46153846153846156,Aqua,00:00:00
2019-07-29,2019-07-29 00:00:00,-0.31721675675725647,-0.3497942386831276,0.4817073170731707,Aqua,00:00:00
2019-07-30,2019-07-30 00:00:00,-0.06752623532284673,-0.07758620689655166,0.8560000000000001,Aqua,00:00:00
2019-07-31,2019-07-31 00:00:00,-0.30776337832294964,-0.3402061855670103,0.4923076923076923,Aqua,00:00:00
2019-08-02,2019-08-02 00:00:00,0.12551587221735824,0.14350797266514806,1.3351063829787233,Aqua,00:00:00
2019-08-03,2019-08-03 00:00:00,-0.13870953143434916,-0.15835140997830804,0.7265917602996255,Aqua,00:00:00
2019-08-04,2019-08-04 00:00:00,-0.4226660967221955,-0.45152354570637127,0.37786259541984735,Aqua,00:00:00
2019-08-05,2019-08-05 00:00:00,-0.28125134748916053,-0.3129411764705882,0.5232974910394265,Aqua,00:00:00
2019-08-08,2019-08-08 00:00:00,0.040473543054501175,0.04656319290465627,1.097674418604651,Aqua,00:00:00
2019-08-11,2019-08-11 00:00:00,0.12251926248488706,0.14012738853503184,1.325925925925926,Aqua,00:00:00
2019-08-12,2019-08-12 00:00:00,0.39828592225615805,0.4288964732650741,2.5019920318725104,Aqua,00:00:00
2019-08-13,2019-08-13 00:00:00,-0.18799048235538895,-0.21311475409836067,0.6486486486486487,Aqua,00:00:00
2019-08-14,2019-08-14 00:00:00,-0.29259682812711846,-0.3246753246753246,0.5098039215686274,Aqua,00:00:00
2019-08-15,2019-08-15 00:00:00,-0.002291796779584826,-0.002638522427440617,0.9947368421052631,Aqua,00:00:00
2019-08-16,2019-08-16 00:00:00,0.17944490106326905,0.20370370370370375,1.5116279069767442,Aqua,00:00:00
2019-08-17,2019-08-17 00:00:00,0.3942802020540236,0.42512562814070354,2.479020979020979,Aqua,00:00:00
2019-08-18,2019-08-18 00:00:00,0.04058619563787554,0.04669260700389104,1.0979591836734695,Aqua,00:00:00
2019-08-19,2019-08-19 00:00:00,0.27266316812925884,0.30399458361543674,1.8735408560311286,Aqua,00:00:00
2019-08-20,2019-08-20 00:00:00,0.35036462310916944,0.382830626450116,2.2406015037593985,Aqua,00:00:00
2019-08-22,2019-08-22 00:00:00,-0.09691001300805645,-0.11111111111111115,0.7999999999999999,Aqua,00:00:00
2019-08-23,2019-08-23 00:00:00,0.10497088942946721,0.12026726057906463,1.2734177215189875,Aqua,00:00:00
2019-08-24,2019-08-24 00:00:00,-0.04187195077453303,-0.048169556840077114,0.9080882352941175,Aqua,00:00:00
2019-08-25,2019-08-25 00:00:00,-0.015581742353004404,-0.017937219730941752,0.9647577092511013,Aqua,00:00:00
2019-08-26,2019-08-26 00:00:00,-0.0663924890041182,-0.07628865979381447,0.8582375478927202,Aqua,00:00:00
2019-08-27,2019-08-27 00:00:00,-0.254174414804254,-0.28455284552845533,0.5569620253164557,Aqua,00:00:00
2019-08-30,2019-08-30 00:00:00,0.02417847774470316,0.02782931354359928,1.0572519083969467,Aqua,00:00:00
2019-08-31,2019-08-31 00:00:00,0.014307465039876921,0.016470588235294098,1.0334928229665072,Aqua,00:00:00
2019-09-01,2019-09-01 00:00:00,-0.08130493967748033,-0.09333333333333331,0.8292682926829269,Aqua,00:00:00
2019-09-02,2019-09-02 00:00:00,-0.0032051398752114347,-0.0036900369003690456,0.9926470588235293,Aqua,00:00:00
2019-09-03,2019-09-03 00:00:00,-0.12954842563741278,-0.14805194805194805,0.7420814479638009,Aqua,00:00:00
2019-09-04,2019-09-04 00:00:00,-0.011136366117959567,-0.012820512820512815,0.9746835443037974,Aqua,00:00:00
2019-09-05,2019-09-05 00:00:00,0.0025471890138798986,0.0029325513196480756,1.0058823529411764,Aqua,00:00:00
2019-09-06,2019-09-06 00:00:00,-0.010219165181686031,-0.011764705882352927,0.9767441860465117,Aqua,00:00:00
2019-09-08,2019-09-08 00:00:00,-0.1312789146393189,-0.14999999999999997,0.7391304347826088,Aqua,00:00:00
2019-09-10,2019-09-10 00:00:00,0.026252215026026805,0.030214779759737895,1.0623123123123124,Aqua,00:00:00
2019-09-11,2019-09-11 00:00:00,0.24720488335527305,0.2771618625277162,1.7668711656441718,Aqua,00:00:00
2019-09-12,2019-09-12 00:00:00,-0.07100944303512062,-0.08157099697885195,0.8491620111731844,Aqua,00:00:00
2019-09-13,2019-09-13 00:00:00,-0.10645533091428673,-0.12195121951219505,0.7826086956521741,Aqua,00:00:00
2019-09-14,2019-09-14 00:00:00,-0.09835525388223733,-0.11275415896487988,0.7973421926910299,Aqua,00:00:00
2019-09-15,2019-09-15 00:00:00,-0.2521814281261642,-0.282442748091603,0.5595238095238095,Aqua,00:00:00
2019-09-19,2019-09-19 00:00:00,0.026250647495642574,0.030212976721149122,1.0623084780388152,Aqua,00:00:00
2019-09-20,2019-09-20 00:00:00,0.17609125905568124,0.19999999999999998,1.5,Aqua,00:00:00
2019-09-21,2019-09-21 00:00:00,0.29728605453010654,0.3294964028776979,1.9828326180257512,Aqua,00:00:00
2019-09-23,2019-09-23 00:00:00,0.19297740483266507,0.21858864027538727,1.5594713656387664,Aqua,00:00:00
2019-09-24,2019-09-24 00:00:00,-0.08673438393807076,-0.09952606635071096,0.8189655172413792,Aqua,00:00:00
2019-09-25,2019-09-25 00:00:00,-0.21052247426505533,-0.23773584905660375,0.6158536585365854,Aqua,00:00:00
2019-09-26,2019-09-26 00:00:00,-0.035600674741224254,-0.04096385542168675,0.9212962962962963,Aqua,00:00:00
2019-09-27,2019-09-27 00:00:00,-0.27300127206373764,-0.30434782608695654,0.5333333333333333,Aqua,00:00:00
2019-10-01,2019-10-01 00:00:00,0.26041214475571717,0.29113924050632917,1.8214285714285716,Aqua,00:00:00
2019-10-04,2019-10-04 00:00:00,0.22555062348361757,0.2539912917271408,1.6809338521400778,Aqua,00:00:00
2019-10-05,2019-10-05 00:00:00,-0.0755007623092572,-0.08670520231213869,0.8404255319148937,Aqua,00:00:00
2019-10-06,2019-10-06 00:00:00,0.02846107254775066,0.03275529865125241,1.0677290836653386,Aqua,00:00:00
2019-10-07,2019-10-07 00:00:00,0.0637470991782916,0.07326007326007332,1.1581027667984192,Aqua,00:00:00
2019-10-08,2019-10-08 00:00:00,-0.2349339300701443,-0.264069264069264,0.5821917808219179,Aqua,00:00:00
2019-10-09,2019-10-09 00:00:00,-0.3010299956639812,-0.3333333333333333,0.5,Aqua,00:00:00
2019-10-10,2019-10-10 00:00:00,-0.22401481137286408,-0.2523364485981308,0.5970149253731343,Aqua,00:00:00
2019-10-11,2019-10-11 00:00:00,0.06871581236945988,0.07894736842105265,1.1714285714285715,Aqua,00:00:00
2019-10-12,2019-10-12 00:00:00,-0.10893277335365571,-0.12476007677543188,0.7781569965870306,Aqua,00:00:00
2019-10-13,2019-10-13 00:00:00,0.22075135299479515,0.2488151658767773,1.662460567823344,Aqua,00:00:00
2019-10-14,2019-10-14 00:00:00,-0.10976533369364348,-0.125703564727955,0.7766666666666666,Aqua,00:00:00
2019-10-18,2019-10-18 00:00:00,-0.3240952997326747,-0.35672514619883045,0.4741379310344827,Aqua,00:00:00
2019-10-22,2019-10-22 00:00:00,-0.09775248559407683,-0.11206896551724144,0.7984496124031006,Aqua,00:00:00
2019-10-23,2019-10-23 00:00:00,-0.49945796392044756,-0.5190380761523047,0.31662269129287596,Aqua,00:00:00
2019-10-24,2019-10-24 00:00:00,-0.44478188052493267,-0.4715596330275229,0.35910224438902744,Aqua,00:00:00
2019-10-25,2019-10-25 00:00:00,-0.49922319894367156,-0.5188405797101449,0.31679389312977096,Aqua,00:00:00
2019-10-26,2019-10-26 00:00:00,-0.713392346901206,-0.6757894736842106,0.1934673366834171,Aqua,00:00:00
2019-10-27,2019-10-27 00:00:00,-0.6001676376502576,-0.5986038394415357,0.25109170305676853,Aqua,00:00:00
2019-10-28,2019-10-28 00:00:00,-0.5352627263956427,-0.5485074626865671,0.29156626506024097,Aqua,00:00:00
2019-10-29,2019-10-29 00:00:00,-0.5649289543823341,-0.5719381688466112,0.2723146747352496,Aqua,00:00:00
2019-10-30,2019-10-30 00:00:00,-0.7493795078136191,-0.6976744186046511,0.17808219178082194,Aqua,00:00:00
2019-10-31,2019-10-31 00:00:00,-0.4338586921311917,-0.4617224880382774,0.36824877250409166,Aqua,00:00:00
2019-11-01,2019-11-01 00:00:00,-0.7671985297181402,-0.7080536912751678,0.17092337917485267,Aqua,00:00:00
2019-11-02,2019-11-02 00:00:00,-0.7027301532093256,-0.6690647482014389,0.1982758620689655,Aqua,00:00:00
2019-11-03,2019-11-03 00:00:00,-0.5248595673317962,-0.5400788436268069,0.2986348122866894,Aqua,00:00:00
2019-11-04,2019-11-04 00:00:00,-0.7852419300449972,-0.7182608695652175,0.16396761133603238,Aqua,00:00:00
2019-11-06,2019-11-06 00:00:00,-0.6737341809199454,-0.6502115655853314,0.21196581196581196,Aqua,00:00:00
2019-11-08,2019-11-08 00:00:00,-0.7453738352675755,-0.6952998379254457,0.17973231357552583,Aqua,00:00:00
2019-11-10,2019-11-10 00:00:00,-0.8827142276202256,-0.7683397683397684,0.13100436681222707,Aqua,00:00:00
2019-11-20,2019-11-20 00:00:00,-0.5564184827367049,-0.5653082549634274,0.27770360480640854,Aqua,00:00:00
2019-11-21,2019-11-21 00:00:00,-0.672592592542365,-0.6494522691705791,0.21252371916508536,Aqua,00:00:00
2019-11-22,2019-11-22 00:00:00,-0.7523439867773581,-0.699421965317919,0.17687074829931973,Aqua,00:00:00
2019-11-23,2019-11-23 00:00:00,-0.7495060689341135,-0.6977491961414791,0.17803030303030304,Aqua,00:00:00
2019-11-28,2019-11-28 00:00:00,-0.4510670989750997,-0.47716743878226336,0.3539426523297491,Aqua,00:00:00
2019-11-29,2019-11-29 00:00:00,-0.39927424776110226,-0.4298245614035088,0.3987730061349693,Aqua,00:00:00
2019-12-03,2019-12-03 00:00:00,-0.5323089115268974,-0.5461254612546126,0.2935560859188544,Aqua,00:00:00
2019-12-23,2019-12-23 00:00:00,-0.5395968072644346,-0.551986475063398,0.2886710239651416,Aqua,00:00:00
2019-12-30,2019-12-30 00:00:00,-0.5583901638265906,-0.5668508287292818,0.27644569816643155,Aqua,00:00:00
2020-01-05,2020-01-05 00:00:00,-0.5430580567278631,-0.5547511312217195,0.28637951105937137,Aqua,00:00:00
2020-01-09,2020-01-09 00:00:00,-0.22234268709570532,-0.25053304904051177,0.5993179880647911,Aqua,00:00:00
2020-02-03,2020-02-03 00:00:00,-0.6481504021670359,-0.6328828828828829,0.22482758620689655,Aqua,00:00:00
2020-02-06,2020-02-06 00:00:00,-0.7698643739796033,-0.7095808383233534,0.169877408056042,Aqua,00:00:00
2020-02-07,2020-02-07 00:00:00,-0.7781512503836436,-0.7142857142857142,0.16666666666666669,Aqua,00:00:00
2020-02-09,2020-02-09 00:00:00,-0.43324351680718587,-0.4611650485436893,0.36877076411960136,Aqua,00:00:00
2020-02-10,2020-02-10 00:00:00,-0.7513389076851585,-0.6988304093567252,0.17728055077452667,Aqua,00:00:00
2020-02-11,2020-02-11 00:00:00,-0.6033983421002247,-0.6009852216748769,0.2492307692307692,Aqua,00:00:00
2020-02-12,2020-02-12 00:00:00,-0.42786273650356094,-0.45627376425855515,0.3733681462140992,Aqua,00:00:00
2020-02-13,2020-02-13 00:00:00,-0.7427732108458921,-0.6937500000000001,0.18081180811808115,Aqua,00:00:00
2020-02-17,2020-02-17 00:00:00,-0.7262645020945979,-0.6837606837606838,0.18781725888324874,Aqua,00:00:00
2020-02-18,2020-02-18 00:00:00,-0.5686573175857271,-0.5748194014447884,0.2699868938401048,Aqua,00:00:00
2020-02-19,2020-02-19 00:00:00,-0.707743928643524,-0.6722408026755852,0.19599999999999998,Aqua,00:00:00
2020-02-21,2020-02-21 00:00:00,-0.6607167088041946,-0.6414762741652021,0.2184154175588865,Aqua,00:00:00
2020-02-22,2020-02-22 00:00:00,-0.6934575796977117,-0.6631259484066768,0.20255474452554745,Aqua,00:00:00
2020-02-23,2020-02-23 00:00:00,-0.7024305364455252,-0.6688741721854305,0.19841269841269843,Aqua,00:00:00
2020-02-24,2020-02-24 00:00:00,-0.47201184894118214,-0.4955752212389381,0.33727810650887574,Aqua,00:00:00
2020-02-25,2020-02-25 00:00:00,-0.4098184568045811,-0.43966942148760335,0.3892078071182548,Aqua,00:00:00
2020-02-26,2020-02-26 00:00:00,-0.613445386903856,-0.6083231334149327,0.243531202435312,Aqua,00:00:00
2020-02-27,2020-02-27 00:00:00,-0.6292340256310527,-0.6196473551637279,0.2348367029548989,Aqua,00:00:00
2020-03-01,2020-03-01 00:00:00,-0.6049380302363929,-0.6021164021164022,0.24834874504623514,Aqua,00:00:00
2020-03-02,2020-03-02 00:00:00,-0.6605736134217128,-0.6413793103448275,0.2184873949579832,Aqua,00:00:00
2020-03-03,2020-03-03 00:00:00,-0.7161279797332017,-0.677496991576414,0.19225251076040173,Aqua,00:00:00
2020-03-04,2020-03-04 00:00:00,-0.739233184353274,-0.6916299559471365,0.18229166666666666,Aqua,00:00:00
2020-03-09,2020-03-09 00:00:00,-0.6347291080813305,-0.6235294117647059,0.23188405797101447,Aqua,00:00:00
2020-03-10,2020-03-10 00:00:00,-0.5792153342107046,-0.582901554404145,0.2635024549918167,Aqua,00:00:00
2020-03-12,2020-03-12 00:00:00,-0.6402569705148529,-0.6274038461538463,0.22895125553914325,Aqua,00:00:00
2020-03-13,2020-03-13 00:00:00,-0.6857021150009494,-0.6580937972768531,0.20620437956204382,Aqua,00:00:00
2020-03-19,2020-03-19 00:00:00,-0.7044936970092988,-0.670184696569921,0.1974723538704581,Aqua,00:00:00
2020-03-20,2020-03-20 00:00:00,-0.7560369360930713,-0.7015873015873016,0.17537313432835822,Aqua,00:00:00
2020-03-22,2020-03-22 00:00:00,-0.6954462975254185,-0.664406779661017,0.20162932790224034,Aqua,00:00:00
2020-03-26,2020-03-26 00:00:00,-0.6863808770279983,-0.6585365853658537,0.20588235294117646,Aqua,00:00:00
2020-04-01,2020-04-01 00:00:00,-0.6212513824147998,-0.613953488372093,0.23919308357348704,Aqua,00:00:00
2020-04-03,2020-04-03 00:00:00,-0.7533276666586115,-0.7000000000000001,0.17647058823529413,Aqua,00:00:00
2020-04-07,2020-04-07 00:00:00,-0.6981724017575563,-0.6661562021439511,0.2003676470588235,Aqua,00:00:00
2020-04-08,2020-04-08 00:00:00,-0.6365526005373205,-0.6248108925869894,0.2309124767225326,Aqua,00:00:00
2020-04-09,2020-04-09 00:00:00,-0.5688916280753077,-0.575,0.2698412698412699,Aqua,00:00:00
2020-04-10,2020-04-10 00:00:00,-0.6874118436412996,-0.6592082616179002,0.20539419087136931,Aqua,00:00:00
2020-04-12,2020-04-12 00:00:00,-0.7611844645264008,-0.7045840407470289,0.17330677290836655,Aqua,00:00:00
2020-04-13,2020-04-13 00:00:00,-0.6841208832970997,-0.6570605187319885,0.20695652173913043,Aqua,00:00:00
2020-04-14,2020-04-14 00:00:00,-0.5500309913239524,-0.5602836879432623,0.2818181818181818,Aqua,00:00:00
2020-04-15,2020-04-15 00:00:00,-0.5278995466553884,-0.5425531914893618,0.296551724137931,Aqua,00:00:00
2020-04-16,2020-04-16 00:00:00,-0.40761828065305605,-0.43762376237623757,0.39118457300275483,Aqua,00:00:00
2020-04-17,2020-04-17 00:00:00,-0.7083283278445688,-0.672609400324149,0.19573643410852715,Aqua,00:00:00
2020-04-19,2020-04-19 00:00:00,-0.7299391215780916,-0.6860068259385665,0.1862348178137652,Aqua,00:00:00
2020-04-21,2020-04-21 00:00:00,-0.6496083895065183,-0.6338880484114977,0.2240740740740741,Aqua,00:00:00
2020-04-23,2020-04-23 00:00:00,-0.4703352653763703,-0.49411764705882344,0.33858267716535434,Aqua,00:00:00
2020-04-26,2020-04-26 00:00:00,-0.5761108941208397,-0.580536912751678,0.2653927813163482,Aqua,00:00:00
2020-04-28,2020-04-28 00:00:00,-0.8842692651785239,-0.7690721649484535,0.13053613053613053,Aqua,00:00:00
2020-04-30,2020-04-30 00:00:00,-0.4756262636327112,-0.4987080103359174,0.33448275862068966,Aqua,00:00:00
2020-05-03,2020-05-03 00:00:00,-0.584780173883007,-0.5871156661786238,0.2601476014760148,Aqua,00:00:00
2020-05-06,2020-05-06 00:00:00,-0.6020599913279624,-0.6,0.25,Aqua,00:00:00
2020-05-07,2020-05-07 00:00:00,-0.6361972133327435,-0.6245614035087719,0.2311015118790497,Aqua,00:00:00
2020-05-08,2020-05-08 00:00:00,-0.4886264171249872,-0.5098684210526315,0.32461873638344224,Aqua,00:00:00
2020-05-15,2020-05-15 00:00:00,-0.6289099792812627,-0.6194174757281552,0.23501199040767384,Aqua,00:00:00
2020-05-17,2020-05-17 00:00:00,-0.3588378805571568,-0.39112487100103205,0.43768545994065283,Aqua,00:00:00
2020-05-19,2020-05-19 00:00:00,-0.5332101167620673,-0.5468531468531468,0.29294755877034356,Aqua,00:00:00
2020-05-20,2020-05-20 00:00:00,-0.2710667722865379,-0.30232558139534876,0.5357142857142858,Aqua,00:00:00
2020-05-21,2020-05-21 00:00:00,-0.5973546963103428,-0.5965217391304348,0.25272331154684097,Aqua,00:00:00
2020-05-22,2020-05-22 00:00:00,-0.30378743020917004,-0.3361522198731501,0.4968354430379747,Aqua,00:00:00
2020-05-23,2020-05-23 00:00:00,-0.5708022975975203,-0.5764705882352941,0.26865671641791045,Aqua,00:00:00
2020-05-24,2020-05-24 00:00:00,-0.5420290993755633,-0.5539305301645338,0.28705882352941176,Aqua,00:00:00
2020-05-26,2020-05-26 00:00:00,-0.7374062826935842,-0.6905311778290993,0.1830601092896175,Aqua,00:00:00
2020-05-28,2020-05-28 00:00:00,-0.7010579625976836,-0.6679999999999999,0.1990407673860911,Aqua,00:00:00
2020-06-02,2020-06-02 00:00:00,-0.40975827484933675,-0.4396135265700483,0.38926174496644295,Aqua,00:00:00
2020-06-04,2020-06-04 00:00:00,-0.5747368641167275,-0.5794871794871795,0.26623376623376627,Aqua,00:00:00
2020-06-08,2020-06-08 00:00:00,-0.24103206598869584,-0.27058823529411763,0.5740740740740741,Aqua,00:00:00
2020-06-09,2020-06-09 00:00:00,-0.05198850823372261,-0.05978260869565219,0.8871794871794871,Aqua,00:00:00
2020-06-13,2020-06-13 00:00:00,-0.4855055784751203,-0.5072046109510085,0.3269598470363289,Aqua,00:00:00
2020-06-17,2020-06-17 00:00:00,-0.2923001644050853,-0.32436974789915973,0.5101522842639593,Aqua,00:00:00
2020-06-18,2020-06-18 00:00:00,-0.3515023386741247,-0.38394793926247295,0.44514106583072094,Aqua,00:00:00
2020-06-21,2020-06-21 00:00:00,-0.21828893885013606,-0.24615384615384614,0.6049382716049383,Aqua,00:00:00
2020-06-22,2020-06-22 00:00:00,-0.32880257388263073,-0.3614457831325302,0.4690265486725663,Aqua,00:00:00
2020-06-23,2020-06-23 00:00:00,-0.3690544396487963,-0.40104166666666663,0.4275092936802974,Aqua,00:00:00
2020-06-25,2020-06-25 00:00:00,-0.16866724097647437,-0.19178082191780824,0.6781609195402298,Aqua,00:00:00
2020-06-26,2020-06-26 00:00:00,-0.09215615573224813,-0.10570236439499298,0.808805031446541,Aqua,00:00:00
2020-06-27,2020-06-27 00:00:00,-0.1516729898555447,-0.17286652078774617,0.7052238805970149,Aqua,00:00:00
2020-06-29,2020-06-29 00:00:00,-0.10307032171287489,-0.1181102362204725,0.7887323943661971,Aqua,00:00:00
2020-06-30,2020-06-30 00:00:00,-0.050930092490199946,-0.05856832971800436,0.8893442622950819,Aqua,00:00:00
2020-07-01,2020-07-01 00:00:00,-0.012350438386429288,-0.014218009478672982,0.9719626168224299,Aqua,00:00:00
2020-07-02,2020-07-02 00:00:00,0.28846515164495484,0.32041343669250644,1.9429657794676805,Aqua,00:00:00
2020-07-03,2020-07-03 00:00:00,-0.12296017062621205,-0.14062499999999994,0.7534246575342466,Aqua,00:00:00
2020-07-04,2020-07-04 00:00:00,-0.08297423506476391,-0.09523809523809525,0.8260869565217391,Aqua,00:00:00
2020-07-05,2020-07-05 00:00:00,0.13763300723650554,0.15714285714285714,1.3728813559322033,Aqua,00:00:00
2020-07-06,2020-07-06 00:00:00,0.21212658370527843,0.23947750362844702,1.6297709923664123,Aqua,00:00:00
2020-07-07,2020-07-07 00:00:00,0.42618325165520704,0.4547413793103448,2.6679841897233203,Aqua,00:00:00
2020-07-08,2020-07-08 00:00:00,0.31261186821379633,0.34513274336283184,2.054054054054054,Aqua,00:00:00
2020-07-09,2020-07-09 00:00:00,-0.30257828422684185,-0.334916864608076,0.498220640569395,Aqua,00:00:00
2020-07-10,2020-07-10 00:00:00,0.06794631707273976,0.07806691449814124,1.1693548387096773,Aqua,00:00:00
2020-07-11,2020-07-11 00:00:00,0.05596914647917206,0.06434782608695655,1.137546468401487,Aqua,00:00:00
2020-07-12,2020-07-12 00:00:00,-0.5196736054051262,-0.5358361774744027,0.3022222222222222,Aqua,00:00:00
2020-07-13,2020-07-13 00:00:00,0.022114314290572288,0.025454545454545487,1.0522388059701493,Aqua,00:00:00
2020-07-14,2020-07-14 00:00:00,-0.05011577217727403,-0.05763397371081898,0.8910133843212238,Aqua,00:00:00
2020-07-15,2020-07-15 00:00:00,-0.149088024673128,-0.16997792494481237,0.7094339622641509,Aqua,00:00:00
2020-07-16,2020-07-16 00:00:00,0.08731603192939529,0.10018903591682418,1.222689075630252,Aqua,00:00:00
2020-07-17,2020-07-17 00:00:00,-0.5566853077395411,-0.5655172413793104,0.2775330396475771,Aqua,00:00:00
2020-07-18,2020-07-18 00:00:00,0.04535887237582654,0.05217391304347832,1.1100917431192663,Aqua,00:00:00
2020-07-19,2020-07-19 00:00:00,-0.3178434946736313,-0.3504273504273505,0.48101265822784806,Aqua,00:00:00
2020-07-20,2020-07-20 00:00:00,-0.13758426213494437,-0.15708812260536395,0.728476821192053,Aqua,00:00:00
2020-07-21,2020-07-21 00:00:00,-0.39728644273695046,-0.42795698924731185,0.40060240963855426,Aqua,00:00:00
2020-07-22,2020-07-22 00:00:00,-0.43182974540745106,-0.45988258317025443,0.3699731903485255,Aqua,00:00:00
2020-07-23,2020-07-23 00:00:00,0.024959491872566925,0.028727770177838546,1.0591549295774647,Aqua,00:00:00
2020-07-24,2020-07-24 00:00:00,-0.13033376849500614,-0.14893617021276598,0.7407407407407407,Aqua,00:00:00
2020-07-25,2020-07-25 00:00:00,0.0,0.0,1.0,Aqua,00:00:00
2020-07-26,2020-07-26 00:00:00,-0.19933664554696048,-0.22554890219560877,0.6319218241042345,Aqua,00:00:00
2020-07-29,2020-07-29 00:00:00,-0.09148502874491823,-0.10493827160493824,0.8100558659217878,Aqua,00:00:00
2020-07-30,2020-07-30 00:00:00,-0.12493873660829995,-0.14285714285714288,0.75,Aqua,00:00:00
2020-07-31,2020-07-31 00:00:00,-0.08867439958145412,-0.10173697270471461,0.8153153153153153,Aqua,00:00:00
2020-08-01,2020-08-01 00:00:00,0.012136763360272395,0.013972055888223605,1.02834008097166,Aqua,00:00:00
2020-08-02,2020-08-02 00:00:00,-0.03740541619590924,-0.043037974683544304,0.9174757281553398,Aqua,00:00:00
2020-08-03,2020-08-03 00:00:00,-0.02701146987320765,-0.031088082901554393,0.9396984924623116,Aqua,00:00:00
2020-08-04,2020-08-04 00:00:00,-0.2691082820141497,-0.3002754820936639,0.538135593220339,Aqua,00:00:00
2020-08-07,2020-08-07 00:00:00,0.12551587221735824,0.14350797266514806,1.3351063829787233,Aqua,00:00:00
2020-08-08,2020-08-08 00:00:00,0.09691001300805642,0.11111111111111108,1.25,Aqua,00:00:00
2020-08-09,2020-08-09 00:00:00,-0.1327923770615096,-0.151702786377709,0.7365591397849461,Aqua,00:00:00
2020-08-10,2020-08-10 00:00:00,-0.13996772697341955,-0.15976331360946744,0.7244897959183674,Aqua,00:00:00
2020-08-11,2020-08-11 00:00:00,-0.23588900689663034,-0.2650918635170603,0.5809128630705395,Aqua,00:00:00
2020-08-12,2020-08-12 00:00:00,0.18373827815745317,0.20843672456575676,1.5266457680250782,Aqua,00:00:00
2020-08-13,2020-08-13 00:00:00,-0.03243784250529857,-0.03732809430255401,0.9280303030303031,Aqua,00:00:00
2020-08-14,2020-08-14 00:00:00,-0.30882723350384333,-0.3412887828162291,0.4911032028469751,Aqua,00:00:00
2020-08-15,2020-08-15 00:00:00,-0.38837557947702306,-0.41954022988505746,0.4089068825910932,Aqua,00:00:00
2020-08-20,2020-08-20 00:00:00,-0.22739132506891285,-0.25597269624573377,0.592391304347826,Aqua,00:00:00
2020-08-30,2020-08-30 00:00:00,-0.20721105963306669,-0.23413566739606126,0.6205673758865248,Aqua,00:00:00
2020-08-31,2020-08-31 00:00:00,0.007449487655609455,0.00857632933104632,1.0173010380622838,Aqua,00:00:00
2020-09-02,2020-09-02 00:00:00,-0.17609125905568127,-0.2,0.6666666666666666,Aqua,00:00:00
2020-09-03,2020-09-03 00:00:00,-0.2623631847646596,-0.29319371727748694,0.5465587044534413,Aqua,00:00:00
2020-09-06,2020-09-06 00:00:00,0.42628983726428693,0.45483870967741935,2.6686390532544375,Aqua,00:00:00
2020-09-07,2020-09-07 00:00:00,-0.3593611027384859,-0.3916349809885932,0.4371584699453552,Aqua,00:00:00
2020-09-08,2020-09-08 00:00:00,-0.24303804868629447,-0.2727272727272727,0.5714285714285714,Aqua,00:00:00
2020-09-09,2020-09-09 00:00:00,-0.09691001300805639,-0.1111111111111111,0.8,Aqua,00:00:00
2020-09-10,2020-09-10 00:00:00,-0.2056682712187854,-0.23245614035087714,0.6227758007117439,Aqua,00:00:00
2020-09-17,2020-09-17 00:00:00,-0.023177234034151086,-0.026677445432497955,0.9480314960629922,Aqua,00:00:00
2020-09-19,2020-09-19 00:00:00,-0.13830269816628143,-0.15789473684210525,0.7272727272727273,Aqua,00:00:00
2020-09-20,2020-09-20 00:00:00,-0.04016672956106011,-0.04621072088724588,0.9116607773851589,Aqua,00:00:00
2020-09-27,2020-09-27 00:00:00,-0.1608512924989443,-0.18309859154929573,0.6904761904761906,Aqua,00:00:00
2020-09-28,2020-09-28 00:00:00,-0.1338411314039193,-0.1528822055137844,0.7347826086956523,Aqua,00:00:00
2020-09-29,2020-09-29 00:00:00,0.05620251518402284,0.0646153846153846,1.138157894736842,Aqua,00:00:00
2020-10-01,2020-10-01 00:00:00,-0.00796892967127534,-0.009174311926605512,0.9818181818181818,Aqua,00:00:00
2020-10-03,2020-10-03 00:00:00,0.2506076430471351,0.280774550484094,1.7807692307692307,Aqua,00:00:00
2020-10-05,2020-10-05 00:00:00,-0.07751408668016181,-0.08900523560209424,0.8365384615384616,Aqua,00:00:00
2020-10-06,2020-10-06 00:00:00,-0.18307412398161743,-0.2077051926298157,0.6560332871012483,Aqua,00:00:00
2020-10-11,2020-10-11 00:00:00,-0.45136770386861247,-0.4774346793349168,0.3536977491961415,Aqua,00:00:00
2020-10-14,2020-10-14 00:00:00,-0.6292689596967284,-0.619672131147541,0.2348178137651822,Aqua,00:00:00
2020-10-15,2020-10-15 00:00:00,-0.629289644818873,-0.6196868008948546,0.23480662983425415,Aqua,00:00:00
2020-10-16,2020-10-16 00:00:00,0.08130493967748034,0.09333333333333334,1.2058823529411764,Aqua,00:00:00
2020-10-18,2020-10-18 00:00:00,0.10416682775011765,0.11935483870967742,1.271062271062271,Aqua,00:00:00
2020-10-20,2020-10-20 00:00:00,-0.13543226814057513,-0.1546707503828484,0.7320954907161804,Aqua,00:00:00
2020-10-22,2020-10-22 00:00:00,-0.16760740059586585,-0.1906052393857272,0.6798179059180577,Aqua,00:00:00
2020-10-23,2020-10-23 00:00:00,-0.4002500911501116,-0.4307400379506642,0.3978779840848806,Aqua,00:00:00
2020-10-24,2020-10-24 00:00:00,-0.5033809555810593,-0.5223300970873787,0.3137755102040816,Aqua,00:00:00
2020-10-25,2020-10-25 00:00:00,-0.4691032827038143,-0.4930448222565687,0.33954451345755693,Aqua,00:00:00
2020-10-26,2020-10-26 00:00:00,0.07173509041708767,0.0824008138351984,1.1796008869179602,Aqua,00:00:00
2020-10-27,2020-10-27 00:00:00,-0.09880787975114216,-0.11326860841423947,0.7965116279069767,Aqua,00:00:00
2020-10-28,2020-10-28 00:00:00,-0.03891806603036962,-0.04477611940298503,0.9142857142857144,Aqua,00:00:00
2020-10-29,2020-10-29 00:00:00,-0.15699831714665888,-0.1788079470198675,0.6966292134831461,Aqua,00:00:00
2020-10-30,2020-10-30 00:00:00,-0.7431736668280723,-0.6939890710382514,0.18064516129032257,Aqua,00:00:00
2020-10-31,2020-10-31 00:00:00,-0.4496326504700746,-0.47589098532494756,0.35511363636363635,Aqua,00:00:00
2020-11-01,2020-11-01 00:00:00,-0.014860670041882197,-0.017107309486780665,0.9663608562691133,Aqua,00:00:00
2020-11-02,2020-11-02 00:00:00,-0.15160816494581864,-0.17279411764705885,0.7053291536050157,Aqua,00:00:00
2020-11-03,2020-11-03 00:00:00,-0.23760929697489622,-0.2669322709163347,0.5786163522012578,Aqua,00:00:00
2020-11-04,2020-11-04 00:00:00,-0.5386863833932638,-0.551257253384913,0.2892768079800499,Aqua,00:00:00
2020-11-05,2020-11-05 00:00:00,-0.4237665824084659,-0.4525316455696203,0.3769063180827886,Aqua,00:00:00
2020-11-06,2020-11-06 00:00:00,-0.6980350320009457,-0.6660682226211848,0.20043103448275862,Aqua,00:00:00
2020-11-07,2020-11-07 00:00:00,-0.37949903319464784,-0.4110835401157982,0.41735052754982416,Aqua,00:00:00
2020-11-08,2020-11-08 00:00:00,-0.5356783214672683,-0.5488418932527693,0.2912873862158647,Aqua,00:00:00
2020-11-11,2020-11-11 00:00:00,-0.48592752750447604,-0.5075653370013755,0.3266423357664233,Aqua,00:00:00
2020-11-19,2020-11-19 00:00:00,-0.5270347050514953,-0.5418502202643173,0.29714285714285715,Aqua,00:00:00
2020-11-20,2020-11-20 00:00:00,-0.4493317459323539,-0.4756229685807151,0.355359765051395,Aqua,00:00:00
2020-11-21,2020-11-21 00:00:00,-0.47546679754965004,-0.4985700667302192,0.33460559796437656,Aqua,00:00:00
2020-11-24,2020-11-24 00:00:00,-0.6422267208890226,-0.6287769784172662,0.22791519434628973,Aqua,00:00:00
2020-11-26,2020-11-26 00:00:00,-0.7304784558062043,-0.6863354037267081,0.18600368324125233,Aqua,00:00:00
2020-11-27,2020-11-27 00:00:00,-0.46896819468073275,-0.49292709466811757,0.3396501457725947,Aqua,00:00:00
2020-11-29,2020-11-29 00:00:00,-0.6942062145399549,-0.6636085626911316,0.20220588235294118,Aqua,00:00:00
2020-12-01,2020-12-01 00:00:00,-0.7078334646673239,-0.6722972972972973,0.19595959595959594,Aqua,00:00:00
2020-12-02,2020-12-02 00:00:00,-0.6519238051682956,-0.6354799513973268,0.22288261515601784,Aqua,00:00:00
2020-12-03,2020-12-03 00:00:00,-0.6927210550590174,-0.6626506024096386,0.20289855072463767,Aqua,00:00:00
2020-12-04,2020-12-04 00:00:00,-0.8039789836471292,-0.7285429141716567,0.15704387990762125,Aqua,00:00:00
2020-12-05,2020-12-05 00:00:00,-0.8103359337550449,-0.731958762886598,0.15476190476190477,Aqua,00:00:00
2020-12-06,2020-12-06 00:00:00,-0.8297631007235547,-0.7421731123388582,0.14799154334038056,Aqua,00:00:00
2020-12-07,2020-12-07 00:00:00,-0.4180764721187093,-0.4473067915690866,0.38187702265372164,Aqua,00:00:00
2020-12-08,2020-12-08 00:00:00,-0.9111009160329052,-0.7813953488372092,0.1227154046997389,Aqua,00:00:00
2020-12-10,2020-12-10 00:00:00,-0.7192182532394795,-0.6794171220400728,0.19088937093275488,Aqua,00:00:00
2020-12-21,2020-12-21 00:00:00,-0.7755271065574948,-0.7128027681660899,0.16767676767676767,Aqua,00:00:00
2020-12-23,2020-12-23 00:00:00,-0.7948569438864963,-0.7235772357723578,0.16037735849056603,Aqua,00:00:00
2020-12-28,2020-12-28 00:00:00,-0.530516415026218,-0.5446756425948591,0.294770206022187,Aqua,00:00:00
2020-12-30,2020-12-30 00:00:00,-0.04915992695985439,-0.05653710247349818,0.8929765886287626,Aqua,00:00:00
2021-01-07,2021-01-07 00:00:00,-0.6363341262078559,-0.6246575342465753,0.23102866779089373,Aqua,00:00:00
2021-01-13,2021-01-13 00:00:00,-0.6687585417509577,-0.6468926553672317,0.2144082332761578,Aqua,00:00:00
2021-01-14,2021-01-14 00:00:00,-0.7815844262220376,-0.7162162162162163,0.16535433070866143,Aqua,00:00:00
2021-01-18,2021-01-18 00:00:00,-0.7622891087794088,-0.7052238805970148,0.17286652078774617,Aqua,00:00:00
2021-01-23,2021-01-23 00:00:00,-0.7008541482105702,-0.6678700361010831,0.1991341991341991,Aqua,00:00:00
2021-01-25,2021-01-25 00:00:00,-0.33579210192319314,-0.36842105263157904,0.4615384615384615,Aqua,00:00:00
2021-02-03,2021-02-03 00:00:00,-0.6180480967120927,-0.6116504854368932,0.24096385542168675,Aqua,00:00:00
2021-02-05,2021-02-05 00:00:00,-0.5872053490934864,-0.5889423076923076,0.2586989409984871,Aqua,00:00:00
2021-02-06,2021-02-06 00:00:00,-0.6619703528041603,-0.6423248882265274,0.2177858439201452,Aqua,00:00:00
2021-02-07,2021-02-07 00:00:00,-0.7056005832350319,-0.6708860759493671,0.19696969696969696,Aqua,00:00:00
2021-02-10,2021-02-10 00:00:00,-0.750018740313339,-0.6980519480519479,0.1778202676864245,Aqua,00:00:00
2021-02-13,2021-02-13 00:00:00,-0.4188968782572183,-0.44806201550387603,0.38115631691648816,Aqua,00:00:00
2021-02-22,2021-02-22 00:00:00,-0.7212858785692111,-0.6806966618287372,0.1899827288428325,Aqua,00:00:00
2021-02-23,2021-02-23 00:00:00,-0.7111039179856169,-0.6743554952510178,0.1944894651539708,Aqua,00:00:00
2021-02-24,2021-02-24 00:00:00,-0.7029361915536202,-0.669195751138088,0.19818181818181818,Aqua,00:00:00
2021-02-25,2021-02-25 00:00:00,-0.5492839362163675,-0.5596933187294634,0.28230337078651685,Aqua,00:00:00
2021-02-27,2021-02-27 00:00:00,-0.36653154442041347,-0.3986013986013986,0.43,Aqua,00:00:00
2021-02-28,2021-02-28 00:00:00,-0.6794554280382844,-0.6539973787680209,0.2091917591125198,Aqua,00:00:00
2021-03-01,2021-03-01 00:00:00,-0.6182467524212377,-0.6117936117936118,0.24085365853658536,Aqua,00:00:00
2021-03-02,2021-03-02 00:00:00,-0.6324040077871478,-0.6218905472636816,0.23312883435582818,Aqua,00:00:00
2021-03-03,2021-03-03 00:00:00,-0.6204563902137303,-0.6133828996282528,0.23963133640552994,Aqua,00:00:00
2021-03-04,2021-03-04 00:00:00,-0.3913578164347539,-0.4223652453740949,0.4061085972850679,Aqua,00:00:00
2021-03-05,2021-03-05 00:00:00,-0.28357159512338176,-0.31534883720930235,0.5205091937765205,Aqua,00:00:00
2021-03-06,2021-03-06 00:00:00,-0.5697968800589388,-0.5756972111553785,0.2692793931731985,Aqua,00:00:00
2021-03-12,2021-03-12 00:00:00,-0.6838813335417956,-0.6569037656903766,0.20707070707070707,Aqua,00:00:00
2021-03-13,2021-03-13 00:00:00,-0.6976212626249731,-0.6658031088082902,0.20062208398133746,Aqua,00:00:00
2021-03-16,2021-03-16 00:00:00,-0.6697276018409023,-0.6475409836065573,0.21393034825870647,Aqua,00:00:00
2021-03-21,2021-03-21 00:00:00,-0.5275307581972628,-0.5422535211267605,0.2968036529680365,Aqua,00:00:00
2021-03-23,2021-03-23 00:00:00,-0.6241101320710365,-0.616,0.23762376237623764,Aqua,00:00:00
2021-03-26,2021-03-26 00:00:00,-0.6756373598575887,-0.6514745308310993,0.21103896103896105,Aqua,00:00:00
2021-03-27,2021-03-27 00:00:00,-0.7011006438436668,-0.6680272108843538,0.19902120717781405,Aqua,00:00:00
2021-03-28,2021-03-28 00:00:00,-0.6317083944800188,-0.6213991769547325,0.23350253807106602,Aqua,00:00:00
2021-03-29,2021-03-29 00:00:00,-0.40928268965886433,-0.43917169974115616,0.38968824940047964,Aqua,00:00:00
2021-03-30,2021-03-30 00:00:00,-0.6584585851111457,-0.639943741209564,0.2195540308747856,Aqua,00:00:00
2021-03-31,2021-03-31 00:00:00,-0.6315705888365009,-0.6213017751479291,0.23357664233576642,Aqua,00:00:00
2021-04-01,2021-04-01 00:00:00,-0.6755680077457809,-0.6514285714285714,0.21107266435986158,Aqua,00:00:00
2021-04-04,2021-04-04 00:00:00,-0.4338586921311917,-0.4617224880382774,0.36824877250409166,Aqua,00:00:00
2021-04-05,2021-04-05 00:00:00,-0.6109583771095837,-0.6065162907268169,0.2449297971918877,Aqua,00:00:00
2021-04-06,2021-04-06 00:00:00,-0.6730894853560413,-0.6497829232995658,0.212280701754386,Aqua,00:00:00
2021-04-07,2021-04-07 00:00:00,-0.46345447305744003,-0.4881065651760229,0.34398976982097185,Aqua,00:00:00
2021-04-08,2021-04-08 00:00:00,-0.6597260952377917,-0.6408045977011494,0.2189141856392294,Aqua,00:00:00
2021-04-09,2021-04-09 00:00:00,-0.5619033943070653,-0.5695896032831738,0.27421844633238934,Aqua,00:00:00
2021-04-10,2021-04-10 00:00:00,-0.4375343704246998,-0.46504559270516715,0.3651452282157676,Aqua,00:00:00
2021-04-11,2021-04-11 00:00:00,-0.5864922141013127,-0.5884057971014491,0.2591240875912409,Aqua,00:00:00
2021-04-12,2021-04-12 00:00:00,-0.49093261971878155,-0.5118306351183063,0.3228995057660626,Aqua,00:00:00
2021-04-14,2021-04-14 00:00:00,-0.4801646762977516,-0.5026232948583421,0.3310055865921788,Aqua,00:00:00
2021-04-15,2021-04-15 00:00:00,-0.6822782705728663,-0.6558533145275035,0.20783645655877342,Aqua,00:00:00
2021-04-16,2021-04-16 00:00:00,-0.5849232362692213,-0.5872235872235873,0.26006191950464397,Aqua,00:00:00
2021-04-17,2021-04-17 00:00:00,-0.6696394023113743,-0.6474820143884893,0.21397379912663755,Aqua,00:00:00
2021-04-18,2021-04-18 00:00:00,-0.5710840325940392,-0.5766871165644172,0.2684824902723736,Aqua,00:00:00
2021-04-20,2021-04-20 00:00:00,-0.5918063569624095,-0.592391304347826,0.25597269624573377,Aqua,00:00:00
2021-04-21,2021-04-21 00:00:00,-0.36535264146844554,-0.397459165154265,0.4311688311688312,Aqua,00:00:00
2021-04-22,2021-04-22 00:00:00,-0.6269785547104323,-0.6180451127819548,0.23605947955390336,Aqua,00:00:00
2021-04-23,2021-04-23 00:00:00,-0.2561430530909219,-0.286634460547504,0.5544430538172715,Aqua,00:00:00
2021-04-27,2021-04-27 00:00:00,-0.7492442767734783,-0.697594501718213,0.17813765182186236,Aqua,00:00:00
2021-04-28,2021-04-28 00:00:00,-0.6029073954639479,-0.6006240249609985,0.24951267056530213,Aqua,00:00:00
2021-05-01,2021-05-01 00:00:00,-0.5727384488383807,-0.5779569892473118,0.26746166950596256,Aqua,00:00:00
2021-05-02,2021-05-02 00:00:00,-0.5440680443502757,-0.5555555555555555,0.2857142857142857,Aqua,00:00:00
2021-05-03,2021-05-03 00:00:00,-0.70605104949459,-0.6711711711711712,0.1967654986522911,Aqua,00:00:00
2021-05-04,2021-05-04 00:00:00,-0.38834602759337655,-0.4195121951219512,0.40893470790378006,Aqua,00:00:00
2021-05-06,2021-05-06 00:00:00,-0.5086383061657274,-0.5267175572519084,0.31,Aqua,00:00:00
2021-05-07,2021-05-07 00:00:00,-0.32558615667003205,-0.3582222222222223,0.47251308900523553,Aqua,00:00:00
2021-05-09,2021-05-09 00:00:00,-0.49114387498063705,-0.5120101137800254,0.32274247491638797,Aqua,00:00:00
2021-05-10,2021-05-10 00:00:00,-0.4845771370992544,-0.5064102564102565,0.32765957446808514,Aqua,00:00:00
2021-05-11,2021-05-11 00:00:00,-0.4484186838439633,-0.47480916030534354,0.35610766045548653,Aqua,00:00:00
2021-05-12,2021-05-12 00:00:00,-0.6661774909397113,-0.6451612903225806,0.21568627450980393,Aqua,00:00:00
2021-05-13,2021-05-13 00:00:00,-0.4897103820276829,-0.5107913669064749,0.3238095238095238,Aqua,00:00:00
2021-05-16,2021-05-16 00:00:00,-0.5867122994868078,-0.5885714285714285,0.2589928057553957,Aqua,00:00:00
2021-05-17,2021-05-17 00:00:00,-0.5440680443502757,-0.5555555555555556,0.2857142857142857,Aqua,00:00:00
2021-05-18,2021-05-18 00:00:00,-0.4135340940209333,-0.4431137724550898,0.38589211618257263,Aqua,00:00:00
2021-05-19,2021-05-19 00:00:00,-0.3040670323894633,-0.3364377182770663,0.49651567944250874,Aqua,00:00:00
2021-05-23,2021-05-23 00:00:00,-0.2898217740723462,-0.3218142548596112,0.5130718954248367,Aqua,00:00:00
2021-05-24,2021-05-24 00:00:00,-0.3636421402784131,-0.39579967689822293,0.4328703703703704,Aqua,00:00:00
2021-05-25,2021-05-25 00:00:00,-0.3345973433102497,-0.36723163841807904,0.46280991735537186,Aqua,00:00:00
2021-05-26,2021-05-26 00:00:00,-0.7100354304861788,-0.6736842105263157,0.1949685534591195,Aqua,00:00:00
2021-05-28,2021-05-28 00:00:00,-0.16914239910035345,-0.19230769230769235,0.6774193548387096,Aqua,00:00:00
2021-05-29,2021-05-29 00:00:00,-0.5852154346802325,-0.5874439461883408,0.2598870056497175,Aqua,00:00:00
2021-05-30,2021-05-30 00:00:00,-0.22346925329468345,-0.25174825174825166,0.5977653631284917,Aqua,00:00:00
2021-06-01,2021-06-01 00:00:00,-0.6199839029701331,-0.6130434782608697,0.2398921832884097,Aqua,00:00:00
2021-06-02,2021-06-02 00:00:00,-0.5379424917162134,-0.5506607929515418,0.2897727272727273,Aqua,00:00:00
2021-06-03,2021-06-03 00:00:00,-0.47490546174010256,-0.4980842911877395,0.3350383631713555,Aqua,00:00:00
2021-06-04,2021-06-04 00:00:00,-0.377943380255784,-0.40959409594095947,0.41884816753926696,Aqua,00:00:00
2021-06-05,2021-06-05 00:00:00,-0.5526795852264991,-0.5623721881390593,0.2801047120418848,Aqua,00:00:00
2021-06-10,2021-06-10 00:00:00,-0.33514917881258216,-0.36778115501519754,0.4622222222222222,Aqua,00:00:00
2021-06-15,2021-06-15 00:00:00,-0.10979717588931744,-0.12573964497041423,0.7766097240473062,Aqua,00:00:00
2021-06-16,2021-06-16 00:00:00,-0.4557080347982037,-0.4812834224598931,0.35018050541516244,Aqua,00:00:00
2021-06-17,2021-06-17 00:00:00,-0.45916693881523457,-0.4843373493975903,0.34740259740259744,Aqua,00:00:00
2021-06-18,2021-06-18 00:00:00,-0.3811076186694572,-0.412621359223301,0.41580756013745707,Aqua,00:00:00
2021-06-19,2021-06-19 00:00:00,-0.429260639071223,-0.45754716981132076,0.372168284789644,Aqua,00:00:00
2021-06-20,2021-06-20 00:00:00,-0.2430380486862944,-0.27272727272727265,0.5714285714285715,Aqua,00:00:00
2021-06-21,2021-06-21 00:00:00,-0.18539128213364356,-0.2102564102564103,0.6525423728813559,Aqua,00:00:00
2021-06-22,2021-06-22 00:00:00,-0.3710032399247823,-0.4029227557411274,0.425595238095238,Aqua,00:00:00
2021-06-24,2021-06-24 00:00:00,-0.25973829748026145,-0.29042904290429045,0.5498721227621484,Aqua,00:00:00
2021-06-25,2021-06-25 00:00:00,0.07141948088181171,0.08203991130820402,1.1787439613526571,Aqua,00:00:00
2021-06-26,2021-06-26 00:00:00,-0.16198300514431438,-0.18435754189944134,0.6886792452830188,Aqua,00:00:00
2021-06-27,2021-06-27 00:00:00,-0.39632852451545825,-0.4270557029177719,0.40148698884758366,Aqua,00:00:00
2021-06-28,2021-06-28 00:00:00,0.1938200260161129,0.21951219512195125,1.5625000000000002,Aqua,00:00:00
2021-06-29,2021-06-29 00:00:00,-0.029022970448986978,-0.03340149965916838,0.9353562005277045,Aqua,00:00:00
2021-06-30,2021-06-30 00:00:00,0.22430008904213958,0.2526439482961222,1.6761006289308176,Aqua,00:00:00
2021-07-02,2021-07-02 00:00:00,-0.020489388391611768,-0.02358490566037738,0.9539170506912442,Aqua,00:00:00
2021-07-03,2021-07-03 00:00:00,1.414973347970818,0.925925925925926,26.000000000000004,Aqua,00:00:00
2021-07-04,2021-07-04 00:00:00,-0.1573418230428423,-0.17919075144508675,0.696078431372549,Aqua,00:00:00
2021-07-05,2021-07-05 00:00:00,0.09108046934733258,0.10447761194029852,1.2333333333333334,Aqua,00:00:00
2021-07-06,2021-07-06 00:00:00,-0.1725109050439377,-0.19603960396039602,0.6721854304635762,Aqua,00:00:00
2021-07-07,2021-07-07 00:00:00,-0.27402676128142794,-0.3054187192118227,0.5320754716981132,Aqua,00:00:00
2021-07-09,2021-07-09 00:00:00,-0.14719641132626393,-0.16786226685796268,0.7125307125307125,Aqua,00:00:00
2021-07-14,2021-07-14 00:00:00,-0.42441490420365957,-0.45312500000000006,0.3763440860215053,Aqua,00:00:00
2021-07-15,2021-07-15 00:00:00,-0.2518983911578303,-0.28214285714285714,0.5598885793871866,Aqua,00:00:00
2021-07-16,2021-07-16 00:00:00,-0.11002414256743463,-0.12599681020733658,0.7762039660056657,Aqua,00:00:00
2021-07-17,2021-07-17 00:00:00,-0.12812039539448922,-0.14644351464435143,0.7445255474452555,Aqua,00:00:00
2021-07-18,2021-07-18 00:00:00,-0.27434139275386826,-0.3057471264367816,0.5316901408450704,Aqua,00:00:00
2021-07-20,2021-07-20 00:00:00,-0.3534180651236694,-0.3858267716535433,0.4431818181818182,Aqua,00:00:00
2021-07-21,2021-07-21 00:00:00,-0.0321846833714013,-0.037037037037037084,0.9285714285714285,Aqua,00:00:00
2021-07-22,2021-07-22 00:00:00,-0.3135465530859772,-0.3460803059273423,0.48579545454545453,Aqua,00:00:00
2021-07-23,2021-07-23 00:00:00,0.07871700818203736,0.09037900874635568,1.1987179487179487,Aqua,00:00:00
2021-07-28,2021-07-28 00:00:00,0.001260652501744011,0.0014513788098694173,1.002906976744186,Aqua,00:00:00
2021-08-03,2021-08-03 00:00:00,-0.6205433970219756,-0.6134453781512605,0.23958333333333331,Aqua,00:00:00
2021-08-06,2021-08-06 00:00:00,0.01375708404868581,0.015837104072398172,1.032183908045977,Aqua,00:00:00
2021-08-07,2021-08-07 00:00:00,-0.25127436886255056,-0.28148148148148144,0.5606936416184971,Aqua,00:00:00
2021-08-08,2021-08-08 00:00:00,-0.139141914817572,-0.15883668903803136,0.7258687258687259,Aqua,00:00:00
2021-08-10,2021-08-10 00:00:00,0.21559980033935483,0.24324324324324323,1.6428571428571428,Aqua,00:00:00
2021-08-20,2021-08-20 00:00:00,-1.3010299956639813,-0.9047619047619048,0.05,Aqua,00:00:00
2021-08-26,2021-08-26 00:00:00,-0.14841983245782286,-0.16923076923076927,0.7105263157894737,Aqua,00:00:00
2021-08-27,2021-08-27 00:00:00,0.06122412127550975,0.07037037037037039,1.151394422310757,Aqua,00:00:00
2021-08-28,2021-08-28 00:00:00,-0.31486709647989725,-0.3474178403755868,0.4843205574912892,Aqua,00:00:00
2021-09-01,2021-09-01 00:00:00,-0.15190587453719798,-0.17312661498708015,0.7048458149779735,Aqua,00:00:00
2021-09-02,2021-09-02 00:00:00,-0.1568519010700111,-0.1786447638603696,0.6968641114982579,Aqua,00:00:00
2021-09-03,2021-09-03 00:00:00,-0.18969178923381924,-0.21498371335504887,0.646112600536193,Aqua,00:00:00
2021-09-07,2021-09-07 00:00:00,-0.16136800223497494,-0.18367346938775514,0.689655172413793,Aqua,00:00:00
2021-09-12,2021-09-12 00:00:00,-0.1518613794311805,-0.17307692307692313,0.7049180327868853,Aqua,00:00:00
2021-09-13,2021-09-13 00:00:00,-0.10785919331118853,-0.12354312354312352,0.7800829875518672,Aqua,00:00:00
2021-09-14,2021-09-14 00:00:00,-0.36397404284092044,-0.3961218836565097,0.43253968253968256,Aqua,00:00:00
2021-09-15,2021-09-15 00:00:00,-0.3709211659413757,-0.4028436018957346,0.42567567567567566,Aqua,00:00:00
2021-09-16,2021-09-16 00:00:00,-0.21959266931213217,-0.2475633528265107,0.603125,Aqua,00:00:00
2021-09-17,2021-09-17 00:00:00,-0.19457466474969434,-0.22033898305084743,0.638888888888889,Aqua,00:00:00
2021-09-19,2021-09-19 00:00:00,-0.29522641956474094,-0.32738095238095233,0.5067264573991032,Aqua,00:00:00
2021-09-20,2021-09-20 00:00:00,-0.3556990918341996,-0.3880597014925373,0.44086021505376344,Aqua,00:00:00
2021-09-21,2021-09-21 00:00:00,-0.34998355401142434,-0.3824561403508772,0.44670050761421315,Aqua,00:00:00
2021-09-24,2021-09-24 00:00:00,-0.104735350520013,-0.12000000000000002,0.7857142857142857,Aqua,00:00:00
2021-09-25,2021-09-25 00:00:00,-0.2850907945625334,-0.316923076923077,0.5186915887850467,Aqua,00:00:00
2021-09-26,2021-09-26 00:00:00,-0.2701283102180074,-0.30134357005758156,0.5368731563421829,Aqua,00:00:00
2021-09-29,2021-09-29 00:00:00,-0.05762498921871619,-0.0662460567823344,0.8757396449704141,Aqua,00:00:00
2021-09-30,2021-09-30 00:00:00,0.14652302841297246,0.16710875331564984,1.4012738853503184,Aqua,00:00:00
2021-10-01,2021-10-01 00:00:00,-0.3698527902933498,-0.40181268882175225,0.4267241379310345,Aqua,00:00:00
2021-10-02,2021-10-02 00:00:00,-0.04077855192097764,-0.04691358024691355,0.9103773584905661,Aqua,00:00:00
2021-10-03,2021-10-03 00:00:00,-0.1769784799605746,-0.2009803921568627,0.6653061224489797,Aqua,00:00:00
2021-10-04,2021-10-04 00:00:00,-0.28840760310513797,-0.3203539823008849,0.514745308310992,Aqua,00:00:00
2021-10-06,2021-10-06 00:00:00,-0.18281516437213804,-0.20741989881956152,0.6564245810055866,Aqua,00:00:00
2021-10-09,2021-10-09 00:00:00,0.006630578899013076,0.007633587786259496,1.0153846153846153,Aqua,00:00:00
2021-10-10,2021-10-10 00:00:00,-0.34628512123873545,-0.37881508078994625,0.45052083333333326,Aqua,00:00:00
2021-10-11,2021-10-11 00:00:00,-0.11586482761277622,-0.13260869565217387,0.7658349328214972,Aqua,00:00:00
2021-10-12,2021-10-12 00:00:00,-0.23072651453691204,-0.25955734406438635,0.5878594249201278,Aqua,00:00:00
2021-10-13,2021-10-13 00:00:00,-0.23408320603336796,-0.2631578947368421,0.5833333333333334,Aqua,00:00:00
2021-10-14,2021-10-14 00:00:00,-0.14078540102654785,-0.16068052930056712,0.7231270358306189,Aqua,00:00:00
2021-10-15,2021-10-15 00:00:00,0.09419660582177126,0.10802469135802469,1.2422145328719723,Aqua,00:00:00
2021-10-16,2021-10-16 00:00:00,0.3947110385418392,0.4255319148936171,2.481481481481482,Aqua,00:00:00
2021-11-16,2021-11-16 00:00:00,-0.47949770104281575,-0.5020491803278688,0.3315143246930423,Aqua,00:00:00
2021-11-20,2021-11-20 00:00:00,-0.6801188216231497,-0.6544342507645261,0.2088724584103512,Aqua,00:00:00
2021-11-21,2021-11-21 00:00:00,-0.42481215507233894,-0.4534883720930233,0.376,Aqua,00:00:00
2021-11-22,2021-11-22 00:00:00,-0.7840032376237065,-0.7175697865353039,0.16443594646271512,Aqua,00:00:00
2021-11-23,2021-11-23 00:00:00,-0.6325980585774239,-0.6220275344180225,0.2330246913580247,Aqua,00:00:00
2021-11-24,2021-11-24 00:00:00,-0.27479464480578114,-0.30622009569377984,0.5311355311355311,Aqua,00:00:00
2021-11-25,2021-11-25 00:00:00,-0.5397178128326876,-0.5520833333333333,0.2885906040268456,Aqua,00:00:00
2021-11-30,2021-11-30 00:00:00,-0.8990500091902036,-0.7759336099585061,0.1261682242990654,Aqua,00:00:00
2021-12-01,2021-12-01 00:00:00,-0.9580858485210851,-0.8015873015873017,0.11013215859030837,Aqua,00:00:00
2021-12-02,2021-12-02 00:00:00,-0.8179183772551314,-0.7359855334538878,0.15208333333333332,Aqua,00:00:00
2021-12-03,2021-12-03 00:00:00,-0.9921746624880434,-0.8151815181518152,0.10181818181818182,Aqua,00:00:00
2021-12-05,2021-12-05 00:00:00,-1.099728809526983,-0.8527397260273973,0.07948243992606284,Aqua,00:00:00
2021-12-14,2021-12-14 00:00:00,-0.41761047538362533,-0.4468775344687754,0.38228699551569506,Aqua,00:00:00
2022-02-08,2022-02-08 00:00:00,-0.7593859268076742,-0.7035398230088497,0.17402597402597403,Aqua,00:00:00
2022-02-11,2022-02-11 00:00:00,-0.8841457913534795,-0.7690140845070423,0.1305732484076433,Aqua,00:00:00
2022-02-12,2022-02-12 00:00:00,-0.79267750358024,-0.7223796033994335,0.1611842105263158,Aqua,00:00:00
2022-02-13,2022-02-13 00:00:00,-0.836745965649491,-0.7457627118644068,0.14563106796116504,Aqua,00:00:00
2022-02-15,2022-02-15 00:00:00,-0.7670148842656841,-0.7079482439926061,0.170995670995671,Aqua,00:00:00
2022-02-16,2022-02-16 00:00:00,-0.8423921466383318,-0.7486338797814207,0.14375000000000002,Aqua,00:00:00
2022-02-17,2022-02-17 00:00:00,-0.4779620961863936,-0.5007256894049347,0.33268858800773693,Aqua,00:00:00
2022-02-18,2022-02-18 00:00:00,-0.914009966400101,-0.7826961770623742,0.12189616252821671,Aqua,00:00:00
2022-02-19,2022-02-19 00:00:00,-0.7067177823367587,-0.6715927750410509,0.19646365422396855,Aqua,00:00:00
2022-02-20,2022-02-20 00:00:00,-0.37043738384225117,-0.4023769100169779,0.4261501210653753,Aqua,00:00:00
2022-02-22,2022-02-22 00:00:00,-0.5893187734976719,-0.5905292479108636,0.2574430823117338,Aqua,00:00:00
2022-02-24,2022-02-24 00:00:00,-0.7338055269561364,-0.6883561643835615,0.18458417849898578,Aqua,00:00:00
2022-02-25,2022-02-25 00:00:00,-0.811151510486569,-0.732394366197183,0.15447154471544716,Aqua,00:00:00
2022-03-06,2022-03-06 00:00:00,-0.7288758913239268,-0.6853582554517132,0.1866913123844732,Aqua,00:00:00
2022-03-07,2022-03-07 00:00:00,-0.7644142797140921,-0.7064516129032259,0.1720226843100189,Aqua,00:00:00
2022-03-08,2022-03-08 00:00:00,-0.5810877852302545,-0.5843230403800476,0.2623688155922039,Aqua,00:00:00
2022-03-10,2022-03-10 00:00:00,-0.7403626894942439,-0.6923076923076923,0.18181818181818182,Aqua,00:00:00
2022-03-14,2022-03-14 00:00:00,-0.629171866050897,-0.6196032672112018,0.23487031700288186,Aqua,00:00:00
2022-03-16,2022-03-16 00:00:00,-0.6715458470804613,-0.6487549148099607,0.21303656597774245,Aqua,00:00:00
2022-03-17,2022-03-17 00:00:00,-0.5563025007672872,-0.5652173913043478,0.27777777777777785,Aqua,00:00:00
2022-03-22,2022-03-22 00:00:00,-0.8049583290661061,-0.7290715372907154,0.1566901408450704,Aqua,00:00:00
2022-03-24,2022-03-24 00:00:00,-0.5414198990605874,-0.5534441805225654,0.28746177370030584,Aqua,00:00:00
2022-03-29,2022-03-29 00:00:00,-0.6996872538498361,-0.6671251719394773,0.1996699669966997,Aqua,00:00:00
2022-04-21,2022-04-21 00:00:00,-0.358636759040451,-0.3909287257019438,0.43788819875776397,Aqua,00:00:00
2022-04-23,2022-04-23 00:00:00,-0.4525386110739881,-0.47847478474784755,0.3527454242928453,Aqua,00:00:00
2022-04-24,2022-04-24 00:00:00,-0.3434338442170686,-0.37600000000000006,0.4534883720930232,Aqua,00:00:00
2022-04-26,2022-04-26 00:00:00,-0.30936603819050884,-0.3418367346938775,0.49049429657794685,Aqua,00:00:00
2022-04-27,2022-04-27 00:00:00,-0.5660978442888881,-0.5728429985855729,0.2715827338129496,Aqua,00:00:00
2022-05-01,2022-05-01 00:00:00,-0.4949373082811121,-0.5152253349573691,0.31993569131832794,Aqua,00:00:00
2022-05-02,2022-05-02 00:00:00,-0.30334007814205527,-0.33569530558015953,0.49734748010610075,Aqua,00:00:00
2022-05-03,2022-05-03 00:00:00,-0.44340907519295475,-0.4703296703296704,0.3602391629297459,Aqua,00:00:00
2022-05-04,2022-05-04 00:00:00,-0.6872316010647747,-0.6590909090909091,0.20547945205479454,Aqua,00:00:00
2022-05-16,2022-05-16 00:00:00,-0.515289609670786,-0.5322283609576427,0.3052884615384615,Aqua,00:00:00
2022-05-17,2022-05-17 00:00:00,-0.19283273377230525,-0.21843003412969286,0.6414565826330532,Aqua,00:00:00
2022-05-20,2022-05-20 00:00:00,-0.6336788186168326,-0.6227897838899804,0.2324455205811138,Aqua,00:00:00
2022-05-21,2022-05-21 00:00:00,-0.5873952292857003,-0.5890850722311397,0.2585858585858586,Aqua,00:00:00
2022-05-23,2022-05-23 00:00:00,-0.4808651958535371,-0.503225806451613,0.33047210300429186,Aqua,00:00:00
2022-05-24,2022-05-24 00:00:00,-0.2106802361589615,-0.23790720631786774,0.6156299840510366,Aqua,00:00:00
2022-05-25,2022-05-25 00:00:00,-0.1906328732738339,-0.21601685985247623,0.6447140381282496,Aqua,00:00:00
2022-05-31,2022-05-31 00:00:00,-0.7465522643119413,-0.696,0.1792452830188679,Aqua,00:00:00
2022-06-12,2022-06-12 00:00:00,-0.3220271715359604,-0.3546453546453546,0.476401179941003,Aqua,00:00:00
2022-06-18,2022-06-18 00:00:00,-0.3858515090642987,-0.41714285714285715,0.41129032258064513,Aqua,00:00:00
2022-06-19,2022-06-19 00:00:00,-0.5351132016973492,-0.5483870967741935,0.29166666666666663,Aqua,00:00:00
2022-06-21,2022-06-21 00:00:00,-0.428995186902469,-0.45730550284629984,0.3723958333333333,Aqua,00:00:00
2022-06-22,2022-06-22 00:00:00,-0.5510616653962799,-0.5610972568578553,0.28115015974440893,Aqua,00:00:00
2022-06-23,2022-06-23 00:00:00,-0.6705550695214363,-0.6480938416422288,0.21352313167259787,Aqua,00:00:00
2022-06-24,2022-06-24 00:00:00,-0.8021515267874102,-0.7275541795665634,0.15770609318996415,Aqua,00:00:00
2022-06-25,2022-06-25 00:00:00,-0.6185636672590877,-0.6120218579234974,0.24067796610169492,Aqua,00:00:00
2022-06-26,2022-06-26 00:00:00,-0.6050655014676876,-0.6022099447513811,0.24827586206896554,Aqua,00:00:00
2022-06-27,2022-06-27 00:00:00,-0.5145029823409946,-0.5315789473684212,0.3058419243986254,Aqua,00:00:00
2022-06-28,2022-06-28 00:00:00,-0.229212562662027,-0.2579310344827586,0.5899122807017544,Aqua,00:00:00
2022-06-29,2022-06-29 00:00:00,-0.3962664247824714,-0.42699724517906334,0.4015444015444016,Aqua,00:00:00
2022-07-01,2022-07-01 00:00:00,-0.40766342560963553,-0.4376657824933687,0.39114391143911437,Aqua,00:00:00
2022-07-08,2022-07-08 00:00:00,0.2813054348523169,0.31299734748010605,1.9111969111969112,Aqua,00:00:00
2022-07-10,2022-07-10 00:00:00,-0.19923106256394382,-0.2254335260115607,0.6320754716981132,Aqua,00:00:00
2022-07-11,2022-07-11 00:00:00,-0.17351383616787053,-0.19714964370546315,0.6706349206349207,Aqua,00:00:00
2022-07-14,2022-07-14 00:00:00,-0.07940459111909565,-0.09116409537166908,0.832904884318766,Aqua,00:00:00
2022-07-15,2022-07-15 00:00:00,-0.09902337232145553,-0.1135135135135135,0.7961165048543689,Aqua,00:00:00
2022-07-17,2022-07-17 00:00:00,-0.058778000553186174,-0.06756756756756763,0.8734177215189872,Aqua,00:00:00
2022-07-18,2022-07-18 00:00:00,0.06143769484583748,0.07061503416856489,1.1519607843137254,Aqua,00:00:00
2022-07-19,2022-07-19 00:00:00,-0.289941023498369,-0.3219373219373219,0.5129310344827586,Aqua,00:00:00
2022-07-20,2022-07-20 00:00:00,-0.03994140734353289,-0.045951859956236345,0.9121338912133891,Aqua,00:00:00
2022-07-21,2022-07-21 00:00:00,-0.072889694864426,-0.08372093023255811,0.8454935622317598,Aqua,00:00:00
2022-07-22,2022-07-22 00:00:00,-0.023663918197793433,-0.027237354085603082,0.946969696969697,Aqua,00:00:00
2022-07-23,2022-07-23 00:00:00,-0.2413271030122053,-0.2709030100334448,0.5736842105263158,Aqua,00:00:00
2022-07-24,2022-07-24 00:00:00,-0.28944812311416607,-0.3214285714285714,0.5135135135135135,Aqua,00:00:00
2022-07-26,2022-07-26 00:00:00,-0.3241078864911876,-0.3567346579919114,0.47413373860182373,Aqua,00:00:00
2022-07-28,2022-07-28 00:00:00,-0.2712948082497206,-0.30256410256410254,0.5354330708661417,Aqua,00:00:00
2022-07-29,2022-07-29 00:00:00,-0.524762889154889,-0.54,0.2987012987012987,Aqua,00:00:00
2022-07-30,2022-07-30 00:00:00,-1.6232492903979006,-0.9534883720930232,0.023809523809523808,Aqua,00:00:00
2022-07-31,2022-07-31 00:00:00,-0.012848233576816366,-0.014790996784565894,0.9708491761723701,Aqua,00:00:00
2022-08-03,2022-08-03 00:00:00,-0.14348615504941156,-0.1637080867850099,0.7186440677966102,Aqua,00:00:00
2022-08-04,2022-08-04 00:00:00,-0.22286941866876375,-0.2511013215859031,0.5985915492957746,Aqua,00:00:00
2022-08-06,2022-08-06 00:00:00,-0.3950921657992113,-0.42589118198874293,0.40263157894736845,Aqua,00:00:00
2022-08-07,2022-08-07 00:00:00,-0.27686433432186336,-0.30837789661319076,0.5286103542234332,Aqua,00:00:00
2022-08-08,2022-08-08 00:00:00,-0.48096459380142265,-0.5033112582781457,0.3303964757709251,Aqua,00:00:00
2022-08-10,2022-08-10 00:00:00,-0.08134012944226914,-0.09337349397590357,0.8292011019283747,Aqua,00:00:00
2022-08-11,2022-08-11 00:00:00,-0.003930293628432353,-0.004524886877828027,0.9909909909909911,Aqua,00:00:00
2022-08-12,2022-08-12 00:00:00,-0.04401682898437385,-0.05063291139240504,0.9036144578313253,Aqua,00:00:00
2022-08-13,2022-08-13 00:00:00,-0.18842499412940672,-0.21359223300970878,0.6479999999999999,Aqua,00:00:00
2022-08-14,2022-08-14 00:00:00,-0.145797899226078,-0.1662971175166297,0.714828897338403,Aqua,00:00:00
2022-08-15,2022-08-15 00:00:00,-0.10611801479488019,-0.12156862745098039,0.7832167832167832,Aqua,00:00:00
2022-08-16,2022-08-16 00:00:00,-0.11378193454549027,-0.13025210084033614,0.7695167286245352,Aqua,00:00:00
2022-08-17,2022-08-17 00:00:00,-0.2153055828076745,-0.24292452830188677,0.6091081593927894,Aqua,00:00:00
2022-08-19,2022-08-19 00:00:00,-0.34895354798116396,-0.3814432989690722,0.44776119402985076,Aqua,00:00:00
2022-08-20,2022-08-20 00:00:00,-0.23356215680241685,-0.2625994694960212,0.5840336134453782,Aqua,00:00:00
2022-08-21,2022-08-21 00:00:00,-0.02188768697925832,-0.025193798449612382,0.950850661625709,Aqua,00:00:00
2022-08-22,2022-08-22 00:00:00,-0.20943949163453632,-0.23655913978494622,0.6173913043478262,Aqua,00:00:00
2022-08-23,2022-08-23 00:00:00,0.03256592215102841,0.037475345167652836,1.0778688524590163,Aqua,00:00:00
2022-08-24,2022-08-24 00:00:00,-0.30923996570881096,-0.3417085427135678,0.49063670411985016,Aqua,00:00:00
2022-08-25,2022-08-25 00:00:00,-0.29842161255645305,-0.3306613226452906,0.503012048192771,Aqua,00:00:00
2022-08-26,2022-08-26 00:00:00,-1.1064553309142868,-0.8548387096774194,0.0782608695652174,Aqua,00:00:00
2022-08-28,2022-08-28 00:00:00,-0.06809419976146028,-0.07823613086770988,0.854881266490765,Aqua,00:00:00
2022-08-29,2022-08-29 00:00:00,-0.19760000976334252,-0.22365038560411313,0.634453781512605,Aqua,00:00:00
2022-08-30,2022-08-30 00:00:00,-0.09787762086893063,-0.11221122112211222,0.798219584569733,Aqua,00:00:00
2022-08-31,2022-08-31 00:00:00,-0.43278668205874943,-0.46075085324232085,0.3691588785046729,Aqua,00:00:00
2022-09-01,2022-09-01 00:00:00,-0.2991700592798574,-0.3314285714285714,0.502145922746781,Aqua,00:00:00
2022-09-02,2022-09-02 00:00:00,-0.18173152640837392,-0.2062256809338521,0.6580645161290323,Aqua,00:00:00
2022-09-03,2022-09-03 00:00:00,-0.2934239434290406,-0.32552693208430916,0.508833922261484,Aqua,00:00:00
2022-09-04,2022-09-04 00:00:00,-0.1322771541191991,-0.1511232130701157,0.7374334713187464,Aqua,00:00:00
2022-09-05,2022-09-05 00:00:00,0.06553444860735541,0.07530647985989496,1.1628787878787878,Aqua,00:00:00
2022-09-08,2022-09-08 00:00:00,-0.43427850316620464,-0.46210268948655253,0.36789297658862874,Aqua,00:00:00
2022-09-09,2022-09-09 00:00:00,-0.26462800898470396,-0.29557522123893804,0.5437158469945356,Aqua,00:00:00
2022-09-12,2022-09-12 00:00:00,-0.2476895870684244,-0.2776769509981851,0.5653409090909091,Aqua,00:00:00
2022-09-13,2022-09-13 00:00:00,-0.1459087504012221,-0.16642120765832108,0.7146464646464646,Aqua,00:00:00
2022-09-15,2022-09-15 00:00:00,0.10823304310544725,0.12396694214876032,1.2830188679245282,Aqua,00:00:00
2022-09-16,2022-09-16 00:00:00,0.057461996354388506,0.06605922551252846,1.1414634146341462,Aqua,00:00:00
2022-09-19,2022-09-19 00:00:00,-0.146128035678238,-0.16666666666666669,0.7142857142857143,Aqua,00:00:00
2022-09-22,2022-09-22 00:00:00,0.3699971904191028,0.40195208518189884,2.344213649851632,Aqua,00:00:00
2022-09-23,2022-09-23 00:00:00,0.10402327545984374,0.11919191919191924,1.2706422018348624,Aqua,00:00:00
2022-09-24,2022-09-24 00:00:00,-0.1888800160991879,-0.21409214092140919,0.6473214285714286,Aqua,00:00:00
2022-09-25,2022-09-25 00:00:00,0.24144430567973713,0.2710280373831776,1.7435897435897436,Aqua,00:00:00
2022-09-26,2022-09-26 00:00:00,0.10195482968761035,0.11684370257966614,1.2646048109965635,Aqua,00:00:00
2022-09-28,2022-09-28 00:00:00,-0.1291757895515546,-0.14763231197771584,0.7427184466019418,Aqua,00:00:00
2022-09-29,2022-09-29 00:00:00,-0.08173271068660655,-0.09382151029748281,0.8284518828451883,Aqua,00:00:00
2022-09-30,2022-09-30 00:00:00,-0.2710667722865379,-0.30232558139534876,0.5357142857142858,Aqua,00:00:00
2022-10-01,2022-10-01 00:00:00,-0.08381471491790864,-0.0961968680089485,0.8244897959183675,Aqua,00:00:00
2022-10-02,2022-10-02 00:00:00,-0.42543090621976537,-0.45405405405405397,0.37546468401486993,Aqua,00:00:00
2022-10-03,2022-10-03 00:00:00,0.04426378493721116,0.05091649694501015,1.1072961373390557,Aqua,00:00:00
2022-10-04,2022-10-04 00:00:00,0.09878063104110361,0.113237639553429,1.2553956834532374,Aqua,00:00:00
2022-10-05,2022-10-05 00:00:00,0.17039924465622278,0.19370078740157484,1.48046875,Aqua,00:00:00
2022-10-06,2022-10-06 00:00:00,0.159508251076372,0.18160377358490568,1.4438040345821326,Aqua,00:00:00
2022-10-07,2022-10-07 00:00:00,-0.19893340454439712,-0.22510822510822515,0.6325088339222614,Aqua,00:00:00
2022-10-08,2022-10-08 00:00:00,-0.1267986729924238,-0.14495412844036698,0.7467948717948718,Aqua,00:00:00
2022-10-09,2022-10-09 00:00:00,0.4791844152834358,0.501779359430605,3.0142857142857142,Aqua,00:00:00
2022-10-10,2022-10-10 00:00:00,-0.18049399245098577,-0.20486111111111113,0.6599423631123918,Aqua,00:00:00
2022-10-11,2022-10-11 00:00:00,0.21780481196540885,0.2456301747930083,1.651219512195122,Aqua,00:00:00
2022-10-12,2022-10-12 00:00:00,-0.06060661159959425,-0.06966292134831466,0.8697478991596638,Aqua,00:00:00
2022-10-13,2022-10-13 00:00:00,0.1945363654876295,0.2202970297029703,1.565079365079365,Aqua,00:00:00
2022-10-14,2022-10-14 00:00:00,-0.2198701836342685,-0.24786324786324784,0.6027397260273972,Aqua,00:00:00
2022-10-15,2022-10-15 00:00:00,-0.28817467497839416,-0.3201133144475921,0.5150214592274678,Aqua,00:00:00
2022-10-16,2022-10-16 00:00:00,-0.04179130334307367,-0.04807692307692304,0.9082568807339451,Aqua,00:00:00
2022-10-17,2022-10-17 00:00:00,-0.14424389180368655,-0.16455696202531642,0.7173913043478262,Aqua,00:00:00
2022-10-18,2022-10-18 00:00:00,0.4092210190817267,0.4391143911439115,2.5657894736842106,Aqua,00:00:00
2022-10-19,2022-10-19 00:00:00,0.12879915742153802,0.14720812182741116,1.3452380952380951,Aqua,00:00:00
2022-10-20,2022-10-20 00:00:00,0.10566313229115443,0.12105263157894737,1.2754491017964071,Aqua,00:00:00
2022-10-23,2022-10-23 00:00:00,-0.42535833936519113,-0.45398773006134974,0.3755274261603375,Aqua,00:00:00
2022-10-25,2022-10-25 00:00:00,0.050985518222326484,0.05863192182410422,1.1245674740484428,Aqua,00:00:00
2022-10-27,2022-10-27 00:00:00,0.36723975587391394,0.39928698752228164,2.3293768545994067,Aqua,00:00:00
2022-10-29,2022-10-29 00:00:00,0.0971321017277534,0.11136363636363633,1.2506393861892582,Aqua,00:00:00
2022-10-31,2022-10-31 00:00:00,0.3694172326579016,0.40139211136890945,2.341085271317829,Aqua,00:00:00
2022-11-03,2022-11-03 00:00:00,-0.19482384398764105,-0.22061191626409019,0.6385224274406333,Aqua,00:00:00
2022-11-06,2022-11-06 00:00:00,-0.35843146738836407,-0.39072847682119205,0.43809523809523804,Aqua,00:00:00
2022-11-09,2022-11-09 00:00:00,-0.49090953920529573,-0.5118110236220473,0.3229166666666667,Aqua,00:00:00
2022-11-13,2022-11-13 00:00:00,-0.6210278304039424,-0.6137931034482759,0.23931623931623935,Aqua,00:00:00
2022-11-14,2022-11-14 00:00:00,-0.7042988378410858,-0.6700610997963339,0.19756097560975608,Aqua,00:00:00
2022-11-15,2022-11-15 00:00:00,-0.5748737403137392,-0.5795918367346939,0.2661498708010336,Aqua,00:00:00
2022-11-16,2022-11-16 00:00:00,-0.6478174818886376,-0.6326530612244899,0.22499999999999995,Aqua,00:00:00
2022-11-18,2022-11-18 00:00:00,-0.49831055378960054,-0.5180722891566265,0.31746031746031744,Aqua,00:00:00
2022-11-19,2022-11-19 00:00:00,-0.5975501430981132,-0.5966666666666667,0.25260960334029225,Aqua,00:00:00
2022-11-23,2022-11-23 00:00:00,-0.6658539941039692,-0.6449438202247191,0.21584699453551914,Aqua,00:00:00
2022-11-24,2022-11-24 00:00:00,-0.5160051364466649,-0.5328185328185329,0.30478589420654917,Aqua,00:00:00
2022-11-26,2022-11-26 00:00:00,-0.4702384722816782,-0.49403341288782826,0.33865814696485624,Aqua,00:00:00
2022-12-07,2022-12-07 00:00:00,-0.6027737046881028,-0.6005256241787122,0.24958949096880131,Aqua,00:00:00
2023-01-17,2023-01-17 00:00:00,-0.4857556242438642,-0.5074183976261128,0.32677165354330706,Aqua,00:00:00
2023-01-19,2023-01-19 00:00:00,-0.6271707119109935,-0.6181818181818182,0.23595505617977527,Aqua,00:00:00
2023-01-20,2023-01-20 00:00:00,-0.758212920441456,-0.7028571428571428,0.174496644295302,Aqua,00:00:00
2023-01-22,2023-01-22 00:00:00,-0.6588527811280364,-0.6402116402116402,0.21935483870967742,Aqua,00:00:00
2023-01-23,2023-01-23 00:00:00,-0.6715842038463863,-0.6487804878048781,0.21301775147928995,Aqua,00:00:00
2023-01-29,2023-01-29 00:00:00,-0.5544777313520398,-0.5637860082304528,0.27894736842105267,Aqua,00:00:00
2023-02-07,2023-02-07 00:00:00,-0.3420614210077499,-0.37464251668255477,0.45492371705963947,Aqua,00:00:00
2023-02-09,2023-02-09 00:00:00,-0.6690067809585756,-0.6470588235294117,0.2142857142857143,Aqua,00:00:00
2023-02-11,2023-02-11 00:00:00,-0.585026652029182,-0.5873015873015873,0.26,Aqua,00:00:00
2023-02-12,2023-02-12 00:00:00,-0.6551910797574316,-0.6377171215880894,0.2212121212121212,Aqua,00:00:00
2023-02-14,2023-02-14 00:00:00,-0.5807908513750155,-0.584097859327217,0.2625482625482625,Aqua,00:00:00
2023-02-15,2023-02-15 00:00:00,-0.6522266007936927,-0.6356877323420076,0.2227272727272727,Aqua,00:00:00
2023-02-17,2023-02-17 00:00:00,-0.3562290424574978,-0.3885778275475923,0.44032258064516133,Aqua,00:00:00
2023-02-19,2023-02-19 00:00:00,-0.5636492319339971,-0.5709459459459458,0.2731182795698925,Aqua,00:00:00
2023-02-25,2023-02-25 00:00:00,-0.6501214367982019,-0.6342412451361868,0.2238095238095238,Aqua,00:00:00
2023-03-16,2023-03-16 00:00:00,-0.5370205147405638,-0.5499207606973058,0.2903885480572597,Aqua,00:00:00
2023-03-17,2023-03-17 00:00:00,-0.31971220863173533,-0.35231316725978645,0.4789473684210527,Aqua,00:00:00
2023-03-25,2023-03-25 00:00:00,-0.34425514970926124,-0.37681159420289856,0.45263157894736844,Aqua,00:00:00
2023-03-26,2023-03-26 00:00:00,-0.31556372837873264,-0.3481228668941979,0.48354430379746843,Aqua,00:00:00
2023-04-11,2023-04-11 00:00:00,-0.5622928644564748,-0.5698924731182795,0.273972602739726,Aqua,00:00:00
2023-04-12,2023-04-12 00:00:00,-0.45144119477020134,-0.4775,0.35363790186125216,Aqua,00:00:00
2023-04-13,2023-04-13 00:00:00,-0.47618628238458943,-0.4991922455573506,0.334051724137931,Aqua,00:00:00
2023-04-14,2023-04-14 00:00:00,-0.37671436544693354,-0.4084158415841584,0.42003514938488573,Aqua,00:00:00
2023-04-22,2023-04-22 00:00:00,-0.4116970927207234,-0.4414125200642054,0.3875278396436526,Aqua,00:00:00
2023-04-25,2023-04-25 00:00:00,-0.4803502248498609,-0.5027829313543599,0.3308641975308642,Aqua,00:00:00
2023-04-26,2023-04-26 00:00:00,-0.2942515718335307,-0.3263785394932936,0.5078651685393258,Aqua,00:00:00
2023-04-27,2023-04-27 00:00:00,-0.6747521916314534,-0.650887573964497,0.2114695340501792,Aqua,00:00:00
2023-04-28,2023-04-28 00:00:00,-0.48864167774947365,-0.5098814229249012,0.32460732984293195,Aqua,00:00:00
2023-04-29,2023-04-29 00:00:00,-0.5472543717898901,-0.5580865603644647,0.28362573099415206,Aqua,00:00:00
2023-04-30,2023-04-30 00:00:00,-0.18390379892263667,-0.2086190009794319,0.6547811993517019,Aqua,00:00:00
2023-05-02,2023-05-02 00:00:00,-0.36458384239725505,-0.39671361502347424,0.43193277310924366,Aqua,00:00:00
2023-05-03,2023-05-03 00:00:00,-0.38700481347494664,-0.4182389937106918,0.41019955654102,Aqua,00:00:00
2023-05-09,2023-05-09 00:00:00,-0.39676465076410294,-0.4274661508704062,0.4010840108401084,Aqua,00:00:00
2023-05-11,2023-05-11 00:00:00,-0.49911554842583034,-0.5187500000000002,0.3168724279835391,Aqua,00:00:00
2023-05-12,2023-05-12 00:00:00,-0.19468382510766588,-0.22045855379188709,0.638728323699422,Aqua,00:00:00
2023-05-13,2023-05-13 00:00:00,-0.6089355093120101,-0.6050420168067228,0.24607329842931935,Aqua,00:00:00
2023-05-16,2023-05-16 00:00:00,-0.5600954897844265,-0.5681818181818182,0.27536231884057966,Aqua,00:00:00
2023-05-17,2023-05-17 00:00:00,-0.45618734788401943,-0.4817073170731707,0.3497942386831276,Aqua,00:00:00
2023-05-18,2023-05-18 00:00:00,-0.48888236560545273,-0.5100864553314121,0.3244274809160305,Aqua,00:00:00
2023-05-19,2023-05-19 00:00:00,-2.1958996524092336,-0.9873417721518988,0.006369426751592356,Aqua,00:00:00
2023-05-20,2023-05-20 00:00:00,-0.5479284651635138,-0.5586206896551724,0.2831858407079646,Aqua,00:00:00
2023-05-21,2023-05-21 00:00:00,-0.29010377204136534,-0.32210526315789484,0.5127388535031846,Aqua,00:00:00
2023-05-24,2023-05-24 00:00:00,-0.26298664187674625,-0.29384965831435084,0.5457746478873239,Aqua,00:00:00
2023-05-25,2023-05-25 00:00:00,-0.37291200297010657,-0.40476190476190477,0.42372881355932207,Aqua,00:00:00
2023-05-26,2023-05-26 00:00:00,-2.250420002308894,-0.9888268156424581,0.005617977528089888,Aqua,00:00:00
2023-05-29,2023-05-29 00:00:00,-0.42436911911248815,-0.45308310991957107,0.3763837638376384,Aqua,00:00:00
2023-05-30,2023-05-30 00:00:00,-0.40421151811537254,-0.43444730077120813,0.3942652329749104,Aqua,00:00:00
2023-05-31,2023-05-31 00:00:00,-0.252560111821193,-0.2828438948995363,0.5590361445783133,Aqua,00:00:00
2023-06-02,2023-06-02 00:00:00,-1.9268567089496924,-0.976608187134503,0.011834319526627219,Aqua,00:00:00
2023-06-03,2023-06-03 00:00:00,-0.4771212547196624,-0.4999999999999999,0.33333333333333337,Aqua,00:00:00
2023-06-04,2023-06-04 00:00:00,-0.3483561102583096,-0.3808553971486762,0.44837758112094395,Aqua,00:00:00
2023-06-07,2023-06-07 00:00:00,-0.3367064064333144,-0.36933045356371486,0.4605678233438486,Aqua,00:00:00
2023-06-08,2023-06-08 00:00:00,-0.17795758974010267,-0.20206185567010307,0.6638078902229846,Aqua,00:00:00
2023-06-10,2023-06-10 00:00:00,-0.009111407232257614,-0.010489510489510486,0.9792387543252595,Aqua,00:00:00
2023-06-11,2023-06-11 00:00:00,-0.2215369936677955,-0.24966261808367074,0.6004352835744462,Aqua,00:00:00
2023-06-12,2023-06-12 00:00:00,-0.04142765391559356,-0.047659215520877284,0.9090177133655394,Aqua,00:00:00
2023-06-15,2023-06-15 00:00:00,-0.048721969524414155,-0.056034482758620725,0.8938775510204081,Aqua,00:00:00
2023-06-16,2023-06-16 00:00:00,-0.005640267352692647,-0.006493506493506454,0.9870967741935485,Aqua,00:00:00
2023-06-18,2023-06-18 00:00:00,-0.292256071356476,-0.32432432432432434,0.5102040816326531,Aqua,00:00:00
2023-06-19,2023-06-19 00:00:00,-0.009417930802023593,-0.01084236864053374,0.9785478547854786,Aqua,00:00:00
2023-06-20,2023-06-20 00:00:00,0.4814212352123865,0.5037037037037037,3.029850746268657,Aqua,00:00:00
2023-06-21,2023-06-21 00:00:00,-0.12205304837081175,-0.1396011396011396,0.755,Aqua,00:00:00
2023-06-26,2023-06-26 00:00:00,0.541579243946581,0.5535714285714286,3.4800000000000004,Aqua,00:00:00
2023-06-28,2023-06-28 00:00:00,0.7235924792443509,0.6821192052980132,5.291666666666667,Aqua,00:00:00
2023-06-29,2023-06-29 00:00:00,-0.38338128850111264,-0.41479099678456594,0.41363636363636364,Aqua,00:00:00
2023-06-30,2023-06-30 00:00:00,-0.1918855262389132,-0.21739130434782608,0.6428571428571428,Aqua,00:00:00
2023-07-01,2023-07-01 00:00:00,-0.26102483399239734,-0.2917847025495751,0.5482456140350878,Aqua,00:00:00
2023-07-02,2023-07-02 00:00:00,-0.38352227031760905,-0.4149253731343284,0.4135021097046413,Aqua,00:00:00
2023-07-03,2023-07-03 00:00:00,-0.1969604857985837,-0.22295081967213112,0.6353887399463808,Aqua,00:00:00
2023-07-04,2023-07-04 00:00:00,-0.4503280781317258,-0.47651006711409394,0.35454545454545455,Aqua,00:00:00
2023-07-05,2023-07-05 00:00:00,-0.37413709399941286,-0.4059405940594059,0.4225352112676056,Aqua,00:00:00
2023-07-06,2023-07-06 00:00:00,-0.3952999125058292,-0.42608695652173906,0.4024390243902439,Aqua,00:00:00
2023-07-07,2023-07-07 00:00:00,-0.15013272076678946,-0.1711456859971711,0.7077294685990339,Aqua,00:00:00
2023-07-08,2023-07-08 00:00:00,-0.1494575736490829,-0.17039106145251395,0.7088305489260144,Aqua,00:00:00
2023-07-09,2023-07-09 00:00:00,-0.36797678529459443,-0.4,0.42857142857142855,Aqua,00:00:00
2023-07-10,2023-07-10 00:00:00,-0.2128612028343507,-0.24027459954233413,0.6125461254612545,Aqua,00:00:00
2023-07-11,2023-07-11 00:00:00,-0.2560965935515311,-0.2865853658536585,0.5545023696682464,Aqua,00:00:00
2023-07-12,2023-07-12 00:00:00,-0.26052878084662995,-0.29126213592233013,0.5488721804511277,Aqua,00:00:00
2023-07-13,2023-07-13 00:00:00,-0.24792030684928404,-0.2779220779220779,0.5650406504065041,Aqua,00:00:00
2023-07-14,2023-07-14 00:00:00,0.06785821595023399,0.07796610169491525,1.1691176470588236,Aqua,00:00:00
2023-07-15,2023-07-15 00:00:00,-0.30291413953853263,-0.3352601156069364,0.4978354978354978,Aqua,00:00:00
2023-07-16,2023-07-16 00:00:00,-0.20919638321366224,-0.23629489603024567,0.6177370030581041,Aqua,00:00:00
2023-07-17,2023-07-17 00:00:00,-0.20367478068776979,-0.23028391167192427,0.6256410256410256,Aqua,00:00:00
2023-07-18,2023-07-18 00:00:00,-0.23704768499710696,-0.2663316582914573,0.5793650793650794,Aqua,00:00:00
2023-07-19,2023-07-19 00:00:00,-0.27780015494550636,-0.30935251798561153,0.5274725274725275,Aqua,00:00:00
2023-07-20,2023-07-20 00:00:00,-0.06670717887589878,-0.07664884135472368,0.8576158940397351,Aqua,00:00:00
2023-07-21,2023-07-21 00:00:00,-0.10237290870955855,-0.11731843575418993,0.79,Aqua,00:00:00
2023-07-22,2023-07-22 00:00:00,-0.2616842639349428,-0.2924791086350975,0.5474137931034483,Aqua,00:00:00
2023-07-24,2023-07-24 00:00:00,0.024000276403766514,0.027624309392265217,1.0568181818181819,Aqua,00:00:00
2023-07-25,2023-07-25 00:00:00,0.23330252187221534,0.2623211446740858,1.711206896551724,Aqua,00:00:00
2023-07-26,2023-07-26 00:00:00,-0.09307985556418374,-0.10675381263616561,0.8070866141732284,Aqua,00:00:00
2023-07-27,2023-07-27 00:00:00,-0.0639823106668742,-0.07352941176470586,0.863013698630137,Aqua,00:00:00
2023-07-28,2023-07-28 00:00:00,-0.0019006353394342094,-0.0021881838074398114,0.9956331877729258,Aqua,00:00:00
2023-07-29,2023-07-29 00:00:00,0.12818841652042953,0.14652014652014653,1.3433476394849786,Aqua,00:00:00
2023-07-30,2023-07-30 00:00:00,-0.16062271645056095,-0.18284424379232503,0.6908396946564885,Aqua,00:00:00
2023-07-31,2023-07-31 00:00:00,-0.06618016192597805,-0.07604562737642584,0.8586572438162544,Aqua,00:00:00
2023-08-01,2023-08-01 00:00:00,-0.01803558045387277,-0.020761245674740476,0.9593220338983051,Aqua,00:00:00
2023-08-02,2023-08-02 00:00:00,-0.9145698046753736,-0.7829457364341085,0.12173913043478261,Aqua,00:00:00
2023-08-04,2023-08-04 00:00:00,-0.06625302832988315,-0.07612903225806456,0.8585131894484412,Aqua,00:00:00
2023-08-05,2023-08-05 00:00:00,-0.28546221843733144,-0.31730769230769235,0.5182481751824818,Aqua,00:00:00
2023-08-06,2023-08-06 00:00:00,-0.11801204301673361,-0.13503649635036497,0.7620578778135049,Aqua,00:00:00
2023-08-07,2023-08-07 00:00:00,-0.44552226864796013,-0.47222222222222227,0.3584905660377358,Aqua,00:00:00
2023-08-08,2023-08-08 00:00:00,-0.3424226808222062,-0.37499999999999994,0.45454545454545453,Aqua,00:00:00
2023-08-09,2023-08-09 00:00:00,-0.3435412763714576,-0.37610619469026546,0.4533762057877814,Aqua,00:00:00
2023-08-10,2023-08-10 00:00:00,-0.39269695325966575,-0.42363112391930835,0.4048582995951417,Aqua,00:00:00
2023-08-11,2023-08-11 00:00:00,-0.38732844629737173,-0.4185463659147869,0.4098939929328622,Aqua,00:00:00
2023-08-12,2023-08-12 00:00:00,-0.3103700219181246,-0.3428571428571428,0.48936170212765956,Aqua,00:00:00
2023-08-13,2023-08-13 00:00:00,-0.5531266585938377,-0.5627240143369175,0.27981651376146793,Aqua,00:00:00
2023-08-14,2023-08-14 00:00:00,-0.42533703109632026,-0.45396825396825397,0.37554585152838427,Aqua,00:00:00
2023-08-15,2023-08-15 00:00:00,-0.2051430561135037,-0.23188405797101455,0.6235294117647059,Aqua,00:00:00
2023-08-17,2023-08-17 00:00:00,-0.2517138162565972,-0.28194726166328604,0.560126582278481,Aqua,00:00:00
2023-08-23,2023-08-23 00:00:00,-0.19709420563106161,-0.2230971128608924,0.6351931330472103,Aqua,00:00:00
2023-08-24,2023-08-24 00:00:00,-0.35065599814988996,-0.3831168831168831,0.4460093896713615,Aqua,00:00:00
2023-08-26,2023-08-26 00:00:00,-0.4302656738599353,-0.4584615384615385,0.3713080168776371,Aqua,00:00:00
2023-08-27,2023-08-27 00:00:00,-0.42415539150881276,-0.452887537993921,0.3765690376569038,Aqua,00:00:00
2023-08-28,2023-08-28 00:00:00,0.07609016907048294,0.087378640776699,1.1914893617021276,Aqua,00:00:00
2023-08-29,2023-08-29 00:00:00,-0.22748620098013747,-0.2560747663551402,0.5922619047619047,Aqua,00:00:00
2023-08-30,2023-08-30 00:00:00,-0.25597638610325896,-0.2864583333333333,0.5546558704453441,Aqua,00:00:00
2023-09-03,2023-09-03 00:00:00,-2.184691430817599,-0.9870129870129871,0.006535947712418301,Aqua,00:00:00
2023-09-04,2023-09-04 00:00:00,-0.4449365713482612,-0.4716981132075472,0.358974358974359,Aqua,00:00:00
2023-09-05,2023-09-05 00:00:00,-0.5291502547236725,-0.5435684647302904,0.2956989247311828,Aqua,00:00:00
2023-09-07,2023-09-07 00:00:00,-0.4006742956592899,-0.43113772455089827,0.39748953974895396,Aqua,00:00:00
2023-09-09,2023-09-09 00:00:00,-0.6598178803738706,-0.6408668730650156,0.2188679245283019,Aqua,00:00:00
2023-09-10,2023-09-10 00:00:00,-0.41466101823286666,-0.4441558441558441,0.38489208633093525,Aqua,00:00:00
2023-09-12,2023-09-12 00:00:00,-0.5076872463852662,-0.5259259259259259,0.31067961165048547,Aqua,00:00:00
2023-09-13,2023-09-13 00:00:00,-0.3658685555142626,-0.39795918367346944,0.4306569343065693,Aqua,00:00:00
2023-09-14,2023-09-14 00:00:00,-0.43503034677132707,-0.4627831715210356,0.36725663716814155,Aqua,00:00:00
2023-09-15,2023-09-15 00:00:00,-0.619788758288394,-0.6129032258064517,0.24,Aqua,00:00:00
2023-09-16,2023-09-16 00:00:00,-0.3741370939994128,-0.40594059405940586,0.4225352112676057,Aqua,00:00:00
2023-09-17,2023-09-17 00:00:00,-0.4138855716177832,-0.4434389140271494,0.3855799373040752,Aqua,00:00:00
2023-09-19,2023-09-19 00:00:00,-0.5450839383384238,-0.5563636363636363,0.2850467289719626,Aqua,00:00:00
2023-09-20,2023-09-20 00:00:00,-0.3907614240449142,-0.42180094786729866,0.4066666666666667,Aqua,00:00:00
2023-09-21,2023-09-21 00:00:00,-0.24469180585158112,-0.27448869752421956,0.5692567567567568,Aqua,00:00:00
2023-09-22,2023-09-22 00:00:00,-0.44399183640555373,-0.4708520179372198,0.3597560975609756,Aqua,00:00:00
2023-09-27,2023-09-27 00:00:00,-0.4713382866911247,-0.49498997995991983,0.3378016085790885,Aqua,00:00:00
2023-09-28,2023-09-28 00:00:00,-0.6491236316909211,-0.6335540838852097,0.2243243243243243,Aqua,00:00:00
2023-10-01,2023-10-01 00:00:00,-0.5359639257341255,-0.5490716180371353,0.2910958904109589,Aqua,00:00:00
2023-10-04,2023-10-04 00:00:00,-0.8082629251321796,-0.7308488612836439,0.15550239234449761,Aqua,00:00:00
2023-10-05,2023-10-05 00:00:00,-0.8112113512695647,-0.7324263038548752,0.15445026178010468,Aqua,00:00:00
2023-10-06,2023-10-06 00:00:00,-0.8220327359455634,-0.7381489841986456,0.15064935064935067,Aqua,00:00:00
2023-10-07,2023-10-07 00:00:00,-0.7669495994043999,-0.7079107505070995,0.171021377672209,Aqua,00:00:00
2023-10-08,2023-10-08 00:00:00,-0.7551816480522047,-0.7010869565217391,0.1757188498402556,Aqua,00:00:00
2023-10-12,2023-10-12 00:00:00,-0.5967048743791918,-0.596039603960396,0.2531017369727047,Aqua,00:00:00
2023-10-17,2023-10-17 00:00:00,-0.7727562184969374,-0.7112299465240641,0.16875,Aqua,00:00:00
2023-10-18,2023-10-18 00:00:00,-0.9843094944901569,-0.8121212121212122,0.10367892976588629,Aqua,00:00:00
2023-10-19,2023-10-19 00:00:00,-0.7648815265350268,-0.7067209775967415,0.17183770883054894,Aqua,00:00:00
2023-10-23,2023-10-23 00:00:00,-0.3747721436200117,-0.4065510597302506,0.421917808219178,Aqua,00:00:00
2023-10-26,2023-10-26 00:00:00,-0.6720978579357174,-0.6491228070175439,0.2127659574468085,Aqua,00:00:00
2023-10-27,2023-10-27 00:00:00,-0.743695741018142,-0.694300518134715,0.18042813455657492,Aqua,00:00:00
2023-10-28,2023-10-28 00:00:00,-0.7423826674702512,-0.693516699410609,0.18097447795823668,Aqua,00:00:00
2023-10-29,2023-10-29 00:00:00,-0.9348044001691502,-0.7917981072555206,0.11619718309859155,Aqua,00:00:00
2023-10-30,2023-10-30 00:00:00,-1.1917303933628562,-0.8791540785498488,0.06430868167202572,Aqua,00:00:00
2023-10-31,2023-10-31 00:00:00,-0.9527319184140863,-0.799373040752351,0.11149825783972125,Aqua,00:00:00
2023-11-08,2023-11-08 00:00:00,-0.6107752232261744,-0.6063829787234043,0.24503311258278146,Aqua,00:00:00
2023-11-11,2023-11-11 00:00:00,-0.8290310604315437,-0.7417943107221006,0.14824120603015073,Aqua,00:00:00
2023-11-17,2023-11-17 00:00:00,-0.8512583487190752,-0.7530864197530865,0.14084507042253522,Aqua,00:00:00
2023-11-20,2023-11-20 00:00:00,-1.1393314262001586,-0.8647058823529411,0.07255520504731862,Aqua,00:00:00
2023-11-21,2023-11-21 00:00:00,-1.584331224367531,-0.949238578680203,0.026041666666666664,Aqua,00:00:00
2023-11-23,2023-11-23 00:00:00,-0.3084000182833822,-0.34085414987912976,0.4915865384615384,Aqua,00:00:00
2023-11-24,2023-11-24 00:00:00,-0.9030899869919435,-0.7777777777777777,0.125,Aqua,00:00:00
2023-11-25,2023-11-25 00:00:00,-1.3222192947339193,-0.9090909090909091,0.047619047619047616,Aqua,00:00:00
2023-11-26,2023-11-26 00:00:00,-1.2403321553103694,-0.8912529550827422,0.057499999999999996,Aqua,00:00:00
2023-11-27,2023-11-27 00:00:00,-0.895790748250444,-0.7744360902255638,0.12711864406779663,Aqua,00:00:00
2023-11-28,2023-11-28 00:00:00,-1.1760912590556813,-0.875,0.06666666666666667,Aqua,00:00:00
2023-12-12,2023-12-12 00:00:00,-0.6777472967132812,-0.6528704939919893,0.210016155088853,Aqua,00:00:00
2023-12-16,2023-12-16 00:00:00,-0.954242509439325,-0.8,0.11111111111111109,Aqua,00:00:00
2024-01-05,2024-01-05 00:00:00,-0.7468223199628257,-0.696160267111853,0.17913385826771652,Aqua,00:00:00
2024-01-06,2024-01-06 00:00:00,-0.5381752201296405,-0.5508474576271187,0.2896174863387978,Aqua,00:00:00
2024-01-29,2024-01-29 00:00:00,-0.7143448659029731,-0.6763848396501457,0.19304347826086957,Aqua,00:00:00
2024-02-03,2024-02-03 00:00:00,-0.551119474977983,-0.5611428571428572,0.28111273792093705,Aqua,00:00:00
2024-02-11,2024-02-11 00:00:00,-0.4418454943711193,-0.46892655367231645,0.36153846153846153,Aqua,00:00:00
2024-02-13,2024-02-13 00:00:00,-0.6373739330895069,-0.6253869969040248,0.23047619047619047,Aqua,00:00:00
2024-02-22,2024-02-22 00:00:00,-0.4364622638045563,-0.46407766990291266,0.3660477453580902,Aqua,00:00:00
2024-02-23,2024-02-23 00:00:00,-0.44837881775927846,-0.4747736093143595,0.356140350877193,Aqua,00:00:00
2024-02-24,2024-02-24 00:00:00,-0.4635944021870002,-0.48822927328556803,0.343878954607978,Aqua,00:00:00
2024-03-01,2024-03-01 00:00:00,-0.2706103408394776,-0.30184804928131415,0.5362776025236593,Aqua,00:00:00
2024-03-06,2024-03-06 00:00:00,-0.375026247301501,-0.4067952249770432,0.4216710182767624,Aqua,00:00:00
2024-03-07,2024-03-07 00:00:00,-0.3246196651345454,-0.35725190839694654,0.4735658042744657,Aqua,00:00:00
2024-03-08,2024-03-08 00:00:00,-0.4151167031402673,-0.4445768772348033,0.3844884488448845,Aqua,00:00:00
2024-03-12,2024-03-12 00:00:00,-0.44086459835301006,-0.4680451127819548,0.3623559539052497,Aqua,00:00:00
2024-03-13,2024-03-13 00:00:00,-0.5834387362495501,-0.5861027190332325,0.26095238095238094,Aqua,00:00:00
2024-03-14,2024-03-14 00:00:00,-0.46370097539179034,-0.4883227176220808,0.3437945791726105,Aqua,00:00:00
2024-03-15,2024-03-15 00:00:00,-0.6379725472186067,-0.6258064516129033,0.23015873015873017,Aqua,00:00:00
2024-03-16,2024-03-16 00:00:00,-0.6365526005373205,-0.6248108925869894,0.2309124767225326,Aqua,00:00:00
2024-03-18,2024-03-18 00:00:00,-0.3467874862246563,-0.37931034482758613,0.45,Aqua,00:00:00
2024-03-19,2024-03-19 00:00:00,-0.6532125137753436,-0.6363636363636362,0.22222222222222224,Aqua,00:00:00
2024-03-24,2024-03-24 00:00:00,-0.5295556612806913,-0.5438972162740899,0.29542302357836336,Aqua,00:00:00
2024-03-25,2024-03-25 00:00:00,-0.5771669815805774,-0.5813424345847554,0.2647482014388489,Aqua,00:00:00
2024-03-26,2024-03-26 00:00:00,-0.5576725160419078,-0.566289825282631,0.2769028871391076,Aqua,00:00:00
2024-03-31,2024-03-31 00:00:00,-0.35135178650861143,-0.38380015140045426,0.4452954048140043,Aqua,00:00:00
2024-04-01,2024-04-01 00:00:00,-0.8372727025023002,-0.746031746031746,0.14545454545454545,Aqua,00:00:00
2024-04-04,2024-04-04 00:00:00,-0.6186002417359734,-0.6120481927710842,0.24065769805680118,Aqua,00:00:00
2024-04-05,2024-04-05 00:00:00,-0.42579905284761704,-0.45439045183290705,0.37514654161781946,Aqua,00:00:00
2024-04-09,2024-04-09 00:00:00,-0.2796669440484556,-0.3112947658402205,0.5252100840336134,Aqua,00:00:00
2024-04-10,2024-04-10 00:00:00,-0.7746907182741372,-0.7123287671232875,0.168,Aqua,00:00:00
2024-04-11,2024-04-11 00:00:00,-0.6684937336668922,-0.6467153284671533,0.21453900709219859,Aqua,00:00:00
2024-04-15,2024-04-15 00:00:00,-0.7993405494535817,-0.726027397260274,0.15873015873015872,Aqua,00:00:00
2024-04-17,2024-04-17 00:00:00,-0.6013403648469818,-0.5994694960212201,0.2504145936981758,Aqua,00:00:00
2024-04-18,2024-04-18 00:00:00,-0.8092866593091377,-0.7313974591651543,0.15513626834381553,Aqua,00:00:00
2024-04-19,2024-04-19 00:00:00,-0.7450747915820575,-0.6951219512195121,0.17985611510791366,Aqua,00:00:00
2024-04-28,2024-04-28 00:00:00,-0.39060450771017696,-0.4216524216524216,0.40681362725450904,Aqua,00:00:00
2024-04-30,2024-04-30 00:00:00,-0.6073795003065741,-0.6039051603905161,0.24695652173913044,Aqua,00:00:00
2024-05-02,2024-05-02 00:00:00,-0.5932860670204573,-0.5934959349593496,0.25510204081632654,Aqua,00:00:00
2024-05-07,2024-05-07 00:00:00,-0.4382643181822367,-0.46570397111913353,0.3645320197044335,Aqua,00:00:00
2024-05-08,2024-05-08 00:00:00,-0.5613369970995133,-0.5691489361702128,0.2745762711864406,Aqua,00:00:00
2024-05-09,2024-05-09 00:00:00,-0.800324229334835,-0.7265625,0.1583710407239819,Aqua,00:00:00
2024-05-10,2024-05-10 00:00:00,-0.7611961552940477,-0.7045908183632733,0.17330210772833723,Aqua,00:00:00
2024-05-11,2024-05-11 00:00:00,-0.7553666116333239,-0.701195219123506,0.1756440281030445,Aqua,00:00:00
2024-05-12,2024-05-12 00:00:00,-0.6948631701213757,-0.6640316205533597,0.2019002375296912,Aqua,00:00:00
2024-05-13,2024-05-13 00:00:00,-0.6505233752645624,-0.634517766497462,0.2236024844720497,Aqua,00:00:00
2024-05-14,2024-05-14 00:00:00,-0.835978660711549,-0.7453703703703705,0.14588859416445624,Aqua,00:00:00
2024-05-15,2024-05-15 00:00:00,-0.35647339475682016,-0.3888166449934981,0.44007490636704116,Aqua,00:00:00
2024-05-17,2024-05-17 00:00:00,-0.5231823415750521,-0.5387096774193548,0.29979035639413,Aqua,00:00:00
2024-05-19,2024-05-19 00:00:00,-0.638540716695429,-0.626204238921002,0.22985781990521326,Aqua,00:00:00
2024-05-20,2024-05-20 00:00:00,-0.3989222054312096,-0.42949407965554354,0.3990963855421687,Aqua,00:00:00
2024-05-21,2024-05-21 00:00:00,-0.27164621797877153,-0.3029315960912052,0.535,Aqua,00:00:00
2024-05-22,2024-05-22 00:00:00,-0.6202580122312957,-0.613240418118467,0.23974082073434125,Aqua,00:00:00
2024-05-23,2024-05-23 00:00:00,-0.6247239759639062,-0.6164383561643835,0.23728813559322032,Aqua,00:00:00
2024-05-26,2024-05-26 00:00:00,-0.6317083944800189,-0.6213991769547326,0.23350253807106597,Aqua,00:00:00
2024-05-27,2024-05-27 00:00:00,-0.5186059611690259,-0.5349593495934959,0.3029661016949153,Aqua,00:00:00
2024-05-29,2024-05-29 00:00:00,-0.18156398921290565,-0.20604099244875948,0.6583184257602862,Aqua,00:00:00
2024-05-31,2024-05-31 00:00:00,-0.6643070407508828,-0.6439024390243903,0.21661721068249257,Aqua,00:00:00
2024-06-05,2024-06-05 00:00:00,-0.8613352388849423,-0.7580645161290323,0.13761467889908258,Aqua,00:00:00
2024-06-06,2024-06-06 00:00:00,-0.6185461408972982,-0.6120092378752886,0.24068767908309457,Aqua,00:00:00
2024-06-07,2024-06-07 00:00:00,-0.5980200135262224,-0.5970149253731344,0.2523364485981308,Aqua,00:00:00
2024-06-08,2024-06-08 00:00:00,-0.3303793751485548,-0.36302294197031043,0.4673267326732673,Aqua,00:00:00
2024-06-10,2024-06-10 00:00:00,-0.7371926427047373,-0.6904024767801857,0.18315018315018314,Aqua,00:00:00
2024-06-11,2024-06-11 00:00:00,-0.5935162177846687,-0.5936675461741424,0.25496688741721857,Aqua,00:00:00
2024-06-12,2024-06-12 00:00:00,-0.6823707425165572,-0.6559139784946237,0.20779220779220778,Aqua,00:00:00
2024-06-13,2024-06-13 00:00:00,-0.3712057554247929,-0.4031180400890868,0.4253968253968254,Aqua,00:00:00
2024-06-15,2024-06-15 00:00:00,-0.03476210625921192,-0.039999999999999945,0.9230769230769231,Aqua,00:00:00
2024-06-17,2024-06-17 00:00:00,-0.6212103454231881,-0.6139240506329113,0.23921568627450981,Aqua,00:00:00
2024-06-18,2024-06-18 00:00:00,-0.18285962173817968,-0.20746887966804972,0.6563573883161513,Aqua,00:00:00
2024-06-19,2024-06-19 00:00:00,-0.44020917138689136,-0.46745562130177515,0.3629032258064516,Aqua,00:00:00
2024-06-21,2024-06-21 00:00:00,-0.15102885515311412,-0.17214700193423593,0.7062706270627064,Aqua,00:00:00
2024-06-22,2024-06-22 00:00:00,-0.49861017055340084,-0.518324607329843,0.3172413793103448,Aqua,00:00:00
2024-06-23,2024-06-23 00:00:00,-0.5732032513054887,-0.5783132530120483,0.26717557251908397,Aqua,00:00:00
2024-06-24,2024-06-24 00:00:00,-0.4911887026023884,-0.5120481927710844,0.32270916334661354,Aqua,00:00:00
2024-06-26,2024-06-26 00:00:00,-0.03272384480862346,-0.03765690376569044,0.9274193548387095,Aqua,00:00:00
2024-06-27,2024-06-27 00:00:00,-0.06421106731261786,-0.0737913486005089,0.8625592417061612,Aqua,00:00:00
2024-06-28,2024-06-28 00:00:00,-0.24351872884815196,-0.27323943661971833,0.5707964601769911,Aqua,00:00:00
2024-07-01,2024-07-01 00:00:00,-0.1741872907194519,-0.19789473684210532,0.6695957820738137,Aqua,00:00:00
2024-07-02,2024-07-02 00:00:00,-0.5937558285393831,-0.593846153846154,0.2548262548262548,Aqua,00:00:00
2024-07-04,2024-07-04 00:00:00,-0.26860490570913503,-0.29974811083123426,0.5387596899224807,Aqua,00:00:00
2024-07-05,2024-07-05 00:00:00,-0.3970958986261223,-0.42777777777777776,0.40077821011673154,Aqua,00:00:00
2024-07-06,2024-07-06 00:00:00,-0.3416840845865266,-0.3742690058479532,0.45531914893617026,Aqua,00:00:00
2024-07-07,2024-07-07 00:00:00,-0.24340500644526505,-0.2731182795698925,0.5709459459459459,Aqua,00:00:00
2024-07-09,2024-07-09 00:00:00,-0.6036537343345197,-0.6011730205278591,0.2490842490842491,Aqua,00:00:00
2024-07-10,2024-07-10 00:00:00,-1.0152399665567369,-0.8238993710691824,0.09655172413793103,Aqua,00:00:00
2024-07-11,2024-07-11 00:00:00,-0.3749060793507049,-0.40667976424361485,0.42178770949720673,Aqua,00:00:00
2024-07-12,2024-07-12 00:00:00,-0.3640069726268787,-0.3961538461538461,0.4325068870523417,Aqua,00:00:00
2024-07-13,2024-07-13 00:00:00,-0.1103821290883011,-0.12640239341810025,0.7755644090305445,Aqua,00:00:00
2024-07-15,2024-07-15 00:00:00,-0.34718212003818305,-0.37969924812030076,0.44959128065395093,Aqua,00:00:00
2024-07-16,2024-07-16 00:00:00,-0.3346385966450613,-0.3672727272727272,0.46276595744680854,Aqua,00:00:00
2024-07-17,2024-07-17 00:00:00,-0.36845013082581574,-0.40045766590389015,0.42810457516339867,Aqua,00:00:00
2024-07-18,2024-07-18 00:00:00,-0.5519501932275959,-0.5617977528089888,0.2805755395683453,Aqua,00:00:00
2024-07-19,2024-07-19 00:00:00,-0.40060440035344924,-0.43107221006564544,0.3975535168195719,Aqua,00:00:00
2024-07-21,2024-07-21 00:00:00,-0.35303827106194574,-0.3854545454545454,0.4435695538057743,Aqua,00:00:00
2024-07-22,2024-07-22 00:00:00,-1.1583624920952498,-0.8701298701298702,0.06944444444444443,Aqua,00:00:00
2024-07-23,2024-07-23 00:00:00,-0.36970876957178345,-0.401673640167364,0.426865671641791,Aqua,00:00:00
2024-07-25,2024-07-25 00:00:00,-0.06576567799182216,-0.0755711775043937,0.8594771241830065,Aqua,00:00:00
2024-07-26,2024-07-26 00:00:00,-0.2998482412425529,-0.3321234119782215,0.5013623978201635,Aqua,00:00:00
2024-07-28,2024-07-28 00:00:00,-0.3861547584688777,-0.41743119266055045,0.41100323624595475,Aqua,00:00:00
2024-07-30,2024-07-30 00:00:00,-0.46550064219552034,-0.4898989898989899,0.34237288135593225,Aqua,00:00:00
2024-07-31,2024-07-31 00:00:00,-0.3860096520355014,-0.4172932330827068,0.4111405835543766,Aqua,00:00:00
2024-08-01,2024-08-01 00:00:00,-1.6720978579357175,-0.9583333333333334,0.02127659574468085,Aqua,00:00:00
2024-08-04,2024-08-04 00:00:00,-0.3572859197494922,-0.3896103896103897,0.4392523364485981,Aqua,00:00:00
2024-08-05,2024-08-05 00:00:00,-0.48995847942483467,-0.5110024449877751,0.32362459546925565,Aqua,00:00:00
2024-08-06,2024-08-06 00:00:00,-0.3874635981211224,-0.41867469879518077,0.40976645435244163,Aqua,00:00:00
2024-08-09,2024-08-09 00:00:00,-0.292256071356476,-0.3243243243243243,0.5102040816326531,Aqua,00:00:00
2024-08-10,2024-08-10 00:00:00,-0.39488158418781766,-0.42569269521410585,0.4028268551236749,Aqua,00:00:00
2024-08-11,2024-08-11 00:00:00,-0.5185139398778875,-0.5348837209302325,0.30303030303030304,Aqua,00:00:00
2024-08-12,2024-08-12 00:00:00,-0.5642714304385626,-0.5714285714285714,0.2727272727272727,Aqua,00:00:00
2024-08-13,2024-08-13 00:00:00,-0.5761242572335626,-0.5805471124620061,0.2653846153846154,Aqua,00:00:00
2024-08-15,2024-08-15 00:00:00,-0.5409018494136102,-0.5530303030303031,0.28780487804878047,Aqua,00:00:00
2024-08-16,2024-08-16 00:00:00,-0.37831337496852036,-0.40994854202401376,0.4184914841849148,Aqua,00:00:00
2024-08-18,2024-08-18 00:00:00,-0.1709758349923313,-0.19433962264150947,0.6745655608214849,Aqua,00:00:00
2024-08-24,2024-08-24 00:00:00,-0.4086011917396919,-0.4385382059800665,0.3903002309468822,Aqua,00:00:00
2024-08-25,2024-08-25 00:00:00,-0.702574128604844,-0.6689655172413793,0.19834710743801656,Aqua,00:00:00
2024-08-26,2024-08-26 00:00:00,-0.7920498599002026,-0.7220338983050848,0.16141732283464566,Aqua,00:00:00
2024-08-27,2024-08-27 00:00:00,-0.6525126030970173,-0.6358839050131926,0.22258064516129034,Aqua,00:00:00
2024-08-28,2024-08-28 00:00:00,-0.382583515556538,-0.4140302613480055,0.41439688715953304,Aqua,00:00:00
2024-08-29,2024-08-29 00:00:00,-0.7825603692886987,-0.7167630057803469,0.16498316498316498,Aqua,00:00:00
2024-08-30,2024-08-30 00:00:00,-0.6574807985680169,-0.6392785571142284,0.22004889975550126,Aqua,00:00:00
2024-08-31,2024-08-31 00:00:00,-0.5980200135262224,-0.5970149253731344,0.2523364485981308,Aqua,00:00:00
2024-09-01,2024-09-01 00:00:00,-0.609885328839919,-0.6057347670250895,0.2455357142857143,Aqua,00:00:00
2024-09-02,2024-09-02 00:00:00,-0.3583495559430243,-0.39064856711915535,0.438177874186551,Aqua,00:00:00
2024-09-03,2024-09-03 00:00:00,-0.685680401905332,-0.65807962529274,0.2062146892655367,Aqua,00:00:00
2024-09-04,2024-09-04 00:00:00,-2.404833716619938,-0.9921568627450981,0.003937007874015748,Aqua,00:00:00
2024-09-08,2024-09-08 00:00:00,-0.42999266757611926,-0.45821325648414973,0.3715415019762846,Aqua,00:00:00
2024-09-12,2024-09-12 00:00:00,-0.7574666515237926,-0.7024221453287196,0.17479674796747968,Aqua,00:00:00
2024-09-13,2024-09-13 00:00:00,-0.26173955034326163,-0.29253731343283584,0.5473441108545034,Aqua,00:00:00
2024-09-18,2024-09-18 00:00:00,-0.4899815195310447,-0.5110220440881763,0.3236074270557029,Aqua,00:00:00
2024-09-20,2024-09-20 00:00:00,-0.843618329956209,-0.7492537313432837,0.14334470989761092,Aqua,00:00:00
2024-09-21,2024-09-21 00:00:00,-0.6516859938138712,-0.6353166986564299,0.22300469483568075,Aqua,00:00:00
2024-09-22,2024-09-22 00:00:00,-0.8058642382506761,-0.7295597484276729,0.15636363636363637,Aqua,00:00:00
2024-09-23,2024-09-23 00:00:00,-0.818707547258511,-0.7364016736401674,0.15180722891566265,Aqua,00:00:00
2024-09-24,2024-09-24 00:00:00,-0.3816242391808385,-0.4131147540983607,0.4153132250580046,Aqua,00:00:00
2024-09-26,2024-09-26 00:00:00,-0.8585371975696391,-0.75669099756691,0.13850415512465375,Aqua,00:00:00
2024-09-27,2024-09-27 00:00:00,-0.9259992664561555,-0.7879858657243817,0.11857707509881424,Aqua,00:00:00
2024-09-28,2024-09-28 00:00:00,-0.7575647196018661,-0.7024793388429753,0.17475728155339806,Aqua,00:00:00
2024-09-29,2024-09-29 00:00:00,-0.7828463715920235,-0.7169230769230769,0.16487455197132617,Aqua,00:00:00
2024-09-30,2024-09-30 00:00:00,-0.787696568289874,-0.719626168224299,0.16304347826086957,Aqua,00:00:00
2024-10-01,2024-10-01 00:00:00,-0.9874108726919795,-0.8133333333333332,0.10294117647058823,Aqua,00:00:00
2024-10-02,2024-10-02 00:00:00,-0.919731658311161,-0.785234899328859,0.12030075187969924,Aqua,00:00:00
2024-10-03,2024-10-03 00:00:00,-0.9053939419015079,-0.7788235294117646,0.12433862433862435,Aqua,00:00:00
2024-10-04,2024-10-04 00:00:00,-0.6572827823866446,-0.6391437308868502,0.22014925373134328,Aqua,00:00:00
2024-10-07,2024-10-07 00:00:00,-0.853871964321762,-0.7543859649122807,0.13999999999999999,Aqua,00:00:00
2024-10-08,2024-10-08 00:00:00,-0.8850168737062486,-0.7694235588972431,0.13031161473087816,Aqua,00:00:00
2024-10-13,2024-10-13 00:00:00,-0.8012574696609879,-0.727069351230425,0.15803108808290156,Aqua,00:00:00
2024-10-14,2024-10-14 00:00:00,-0.7641405359408289,-0.7062937062937064,0.17213114754098363,Aqua,00:00:00
2024-10-17,2024-10-17 00:00:00,-0.5496719218682741,-0.56,0.2820512820512821,Aqua,00:00:00
2024-10-18,2024-10-18 00:00:00,-0.9769346959313066,-0.8092105263157895,0.10545454545454547,Aqua,00:00:00
2024-10-24,2024-10-24 00:00:00,-1.0022797662948986,-0.8190476190476191,0.09947643979057591,Aqua,00:00:00
2024-10-26,2024-10-26 00:00:00,-0.7516212028445944,-0.6989966555183946,0.17716535433070865,Aqua,00:00:00
2024-10-29,2024-10-29 00:00:00,-0.7762913139995198,-0.7132352941176471,0.16738197424892703,Aqua,00:00:00
2024-11-03,2024-11-03 00:00:00,-0.8185799074392518,-0.7363344051446946,0.15185185185185188,Aqua,00:00:00
2024-11-06,2024-11-06 00:00:00,-1.7888751157754166,-0.968,0.016260162601626018,Aqua,00:00:00
2024-11-07,2024-11-07 00:00:00,-1.589470864019942,-0.949820788530466,0.025735294117647058,Aqua,00:00:00
2024-11-15,2024-11-15 00:00:00,-0.6478174818886375,-0.6326530612244898,0.225,Aqua,00:00:00
2024-11-26,2024-11-26 00:00:00,-0.7375733768751319,-0.690631808278867,0.1829896907216495,Aqua,00:00:00
2024-12-03,2024-12-03 00:00:00,-0.6570055027924828,-0.6389548693586699,0.22028985507246374,Aqua,00:00:00
2024-12-04,2024-12-04 00:00:00,-0.8812615494962709,-0.7676537585421412,0.13144329896907217,Aqua,00:00:00
2024-12-08,2024-12-08 00:00:00,-0.9755059265198368,-0.8086419753086419,0.10580204778156997,Aqua,00:00:00
2024-12-09,2024-12-09 00:00:00,-0.9857169809077191,-0.8126721763085399,0.10334346504559272,Aqua,00:00:00
2024-12-18,2024-12-18 00:00:00,-0.21832714377489376,-0.2461951656222023,0.6048850574712644,Aqua,00:00:00
2025-01-09,2025-01-09 00:00:00,-0.8808135922807914,-0.7674418604651163,0.13157894736842105,Aqua,00:00:00
2025-01-11,2025-01-11 00:00:00,-0.7502860720618921,-0.6982097186700768,0.17771084337349397,Aqua,00:00:00
2025-01-12,2025-01-12 00:00:00,-0.6255410871774852,-0.6170212765957446,0.2368421052631579,Aqua,00:00:00
2025-01-15,2025-01-15 00:00:00,-1.0885212723017683,-0.8491803278688524,0.08156028368794326,Aqua,00:00:00
2025-01-16,2025-01-16 00:00:00,-0.73944354739052,-0.6917562724014336,0.1822033898305085,Aqua,00:00:00
2025-01-18,2025-01-18 00:00:00,-0.7481880270062004,-0.6969696969696969,0.17857142857142858,Aqua,00:00:00
2025-01-19,2025-01-19 00:00:00,-0.8450980400142568,-0.7500000000000001,0.14285714285714285,Aqua,00:00:00
2025-01-20,2025-01-20 00:00:00,-0.9208187539523752,-0.7857142857142857,0.12,Aqua,00:00:00
2025-01-21,2025-01-21 00:00:00,-0.4741768740728811,-0.49745331069609505,0.3356009070294785,Aqua,00:00:00
2025-01-22,2025-01-22 00:00:00,-0.943207210199926,-0.7953795379537955,0.11397058823529412,Aqua,00:00:00
2025-01-24,2025-01-24 00:00:00,-0.6539321402563242,-0.6368563685636855,0.22185430463576158,Aqua,00:00:00
2025-01-25,2025-01-25 00:00:00,-0.6893305202364656,-0.6604554865424431,0.20448877805486285,Aqua,00:00:00
2025-01-26,2025-01-26 00:00:00,-0.5076518125760919,-0.5258964143426295,0.31070496083550914,Aqua,00:00:00
2025-02-25,2025-02-25 00:00:00,-0.6091218458154493,-0.605177993527508,0.24596774193548387,Aqua,00:00:00
2025-02-26,2025-02-26 00:00:00,-0.6653106353986119,-0.6445783132530121,0.2161172161172161,Aqua,00:00:00
2025-02-28,2025-02-28 00:00:00,-0.7352712539022522,-0.6892430278884462,0.1839622641509434,Aqua,00:00:00
2025-03-03,2025-03-03 00:00:00,-0.6917914197088953,-0.6620498614958449,0.20333333333333334,Aqua,00:00:00
2025-03-06,2025-03-06 00:00:00,-0.5356827683126291,-0.5488454706927175,0.2912844036697248,Aqua,00:00:00
2025-03-07,2025-03-07 00:00:00,-0.3387054443032551,-0.3713163064833006,0.4584527220630373,Aqua,00:00:00
2025-03-08,2025-03-08 00:00:00,-0.5970965717964123,-0.5963302752293579,0.2528735632183908,Aqua,00:00:00
2025-03-24,2025-03-24 00:00:00,-0.7738724524043686,-0.711864406779661,0.16831683168316833,Aqua,00:00:00
2025-03-29,2025-03-29 00:00:00,-0.3010299956639812,-0.3333333333333333,0.5,Aqua,00:00:00
2025-03-30,2025-03-30 00:00:00,-0.29971594176614985,-0.33198789101917253,0.5015151515151516,Aqua,00:00:00
2025-04-02,2025-04-02 00:00:00,-0.5007557302218137,-0.5201288244766504,0.3156779661016949,Aqua,00:00:00
2025-04-03,2025-04-03 00:00:00,-0.3377999394426506,-0.370417193426043,0.45940959409594095,Aqua,00:00:00
2025-04-04,2025-04-04 00:00:00,-0.5607866014546251,-0.5687203791469195,0.27492447129909364,Aqua,00:00:00
2025-04-10,2025-04-10 00:00:00,-0.37398787754650936,-0.40579710144927533,0.422680412371134,Aqua,00:00:00
2025-04-12,2025-04-12 00:00:00,-0.4578695939484247,-0.4831932773109245,0.348441926345609,Aqua,00:00:00
2025-04-13,2025-04-13 00:00:00,-0.4653394241715556,-0.48975791433891996,0.3425,Aqua,00:00:00
2025-04-14,2025-04-14 00:00:00,-0.6329714563089784,-0.6222910216718266,0.23282442748091603,Aqua,00:00:00
2025-04-16,2025-04-16 00:00:00,-0.20000341646109263,-0.2262773722627737,0.6309523809523809,Aqua,00:00:00
2025-04-17,2025-04-17 00:00:00,-0.6857417386022637,-0.6581196581196582,0.20618556701030927,Aqua,00:00:00
2025-04-18,2025-04-18 00:00:00,-0.2216164444586894,-0.24974924774322965,0.6003210272873195,Aqua,00:00:00
2025-04-20,2025-04-20 00:00:00,-0.48305028171191816,-0.5051020408163266,0.3288135593220339,Aqua,00:00:00
2025-04-21,2025-04-21 00:00:00,-0.38171659670892305,-0.41320293398533003,0.41522491349480967,Aqua,00:00:00
2025-04-23,2025-04-23 00:00:00,-0.2247052376600661,-0.25308056872037915,0.5960665658093798,Aqua,00:00:00
2025-04-27,2025-04-27 00:00:00,-0.5348924675213632,-0.5482093663911847,0.2918149466192171,Aqua,00:00:00
2025-04-30,2025-04-30 00:00:00,-0.123211917307794,-0.14090909090909093,0.7529880478087649,Aqua,00:00:00
2025-05-01,2025-05-01 00:00:00,-0.20809685191654323,-0.23509933774834432,0.6193029490616623,Aqua,00:00:00
2025-05-04,2025-05-04 00:00:00,-0.35921171519522427,-0.39148936170212767,0.43730886850152906,Aqua,00:00:00
2025-05-06,2025-05-06 00:00:00,-0.056176922122238175,-0.06458604247941047,0.8786644951140066,Aqua,00:00:00
2025-05-08,2025-05-08 00:00:00,-0.18537872064921368,-0.21024258760107814,0.6525612472160357,Aqua,00:00:00
2025-05-10,2025-05-10 00:00:00,-0.47215783518811233,-0.4957020057306591,0.3371647509578544,Aqua,00:00:00
2025-05-12,2025-05-12 00:00:00,-0.46434696668323355,-0.48888888888888893,0.34328358208955223,Aqua,00:00:00
2025-05-13,2025-05-13 00:00:00,-0.1294206595840847,-0.1479080730701237,0.742299794661191,Aqua,00:00:00
2025-05-14,2025-05-14 00:00:00,-0.24855138216520686,-0.27859237536656895,0.5642201834862386,Aqua,00:00:00
2025-05-20,2025-05-20 00:00:00,-0.4292464420335171,-0.4575342465753424,0.37218045112781956,Aqua,00:00:00
2025-05-22,2025-05-22 00:00:00,-0.5559131735499068,-0.5649122807017544,0.27802690582959644,Aqua,00:00:00
2025-05-23,2025-05-23 00:00:00,-1.4191293077419758,-0.9266055045871561,0.03809523809523809,Aqua,00:00:00
2025-05-26,2025-05-26 00:00:00,-0.05623544516204818,-0.06465313827277018,0.8785460992907801,Aqua,00:00:00
2025-05-27,2025-05-27 00:00:00,-0.26859215315868257,-0.2997347480106101,0.5387755102040817,Aqua,00:00:00
2025-05-28,2025-05-28 00:00:00,-0.1932112492888878,-0.21884498480243167,0.6408977556109725,Aqua,00:00:00
2025-05-29,2025-05-29 00:00:00,-0.026941627959029324,-0.03100775193798446,0.9398496240601505,Aqua,00:00:00
2025-05-30,2025-05-30 00:00:00,-0.2782527808144112,-0.309823677581864,0.5269230769230769,Aqua,00:00:00
2025-06-01,2025-06-01 00:00:00,-0.1589232339186674,-0.180952380952381,0.6935483870967741,Aqua,00:00:00
2025-06-02,2025-06-02 00:00:00,-0.47198161506725134,-0.4955489614243323,0.3373015873015873,Aqua,00:00:00
2025-06-04,2025-06-04 00:00:00,-0.2740465059783877,-0.3054393305439331,0.532051282051282,Aqua,00:00:00
2025-06-05,2025-06-05 00:00:00,-0.14169299236934121,-0.1616982836495032,0.7216174183514774,Aqua,00:00:00
2025-06-06,2025-06-06 00:00:00,-0.21716283922190044,-0.24493554327808476,0.606508875739645,Aqua,00:00:00
2025-06-07,2025-06-07 00:00:00,-0.2881504674879666,-0.3200883002207506,0.5150501672240803,Aqua,00:00:00
2025-06-08,2025-06-08 00:00:00,0.005658640078048829,0.006514657980456018,1.0131147540983607,Aqua,00:00:00
2025-06-11,2025-06-11 00:00:00,-0.3026121266738559,-0.33495145631067963,0.49818181818181817,Aqua,00:00:00
2025-06-14,2025-06-14 00:00:00,-0.06594264009215982,-0.07577374599786547,0.8591269841269842,Aqua,00:00:00
2025-06-16,2025-06-16 00:00:00,-0.15760785336166805,-0.17948717948717946,0.6956521739130436,Aqua,00:00:00
2025-06-17,2025-06-17 00:00:00,-0.08178181957815016,-0.09387755102040816,0.8283582089552239,Aqua,00:00:00
2025-06-19,2025-06-19 00:00:00,-0.17764508712430285,-0.20171673819742486,0.6642857142857144,Aqua,00:00:00
2025-06-22,2025-06-22 00:00:00,-0.08834493433184365,-0.10136157337367625,0.8159340659340659,Aqua,00:00:00
2025-06-24,2025-06-24 00:00:00,-0.2548982745916507,-0.28531855955678675,0.5560344827586207,Aqua,00:00:00
2025-06-26,2025-06-26 00:00:00,-0.04999454350392979,-0.057494866529774126,0.8912621359223301,Aqua,00:00:00
2025-06-28,2025-06-28 00:00:00,-0.10290673947360489,-0.1179245283018868,0.7890295358649789,Aqua,00:00:00
2025-06-29,2025-06-29 00:00:00,-0.006466042249231764,-0.007444168734491356,0.9852216748768472,Aqua,00:00:00
2025-06-30,2025-06-30 00:00:00,0.16272729749769974,0.1851851851851852,1.4545454545454546,Aqua,00:00:00
2025-07-01,2025-07-01 00:00:00,0.23323414519224991,0.26224783861671463,1.7109374999999998,Aqua,00:00:00
2025-07-02,2025-07-02 00:00:00,-0.01646811445868763,-0.01895734597156403,0.9627906976744185,Aqua,00:00:00
2025-07-03,2025-07-03 00:00:00,-0.2050825862607322,-0.2318181818181818,0.6236162361623616,Aqua,00:00:00
2025-07-05,2025-07-05 00:00:00,-0.1767068431160864,-0.2006802721088436,0.6657223796033993,Aqua,00:00:00
2025-07-07,2025-07-07 00:00:00,-0.013572807189273919,-0.01562500000000004,0.9692307692307691,Aqua,00:00:00
2025-07-08,2025-07-08 00:00:00,-0.035988581183075435,-0.04140969162995591,0.9204737732656515,Aqua,00:00:00
2025-07-09,2025-07-09 00:00:00,0.01616165954242565,0.018604651162790666,1.037914691943128,Aqua,00:00:00
2025-07-10,2025-07-10 00:00:00,-0.4111014547300085,-0.4408602150537634,0.3880597014925373,Aqua,00:00:00
2025-07-12,2025-07-12 00:00:00,-0.05199827633084077,-0.059793814432989686,0.8871595330739299,Aqua,00:00:00
2025-07-13,2025-07-13 00:00:00,-0.5876621706273198,-0.5892857142857143,0.25842696629213485,Aqua,00:00:00
2025-07-14,2025-07-14 00:00:00,-0.18153459150206602,-0.20600858369098707,0.6583629893238435,Aqua,00:00:00
2025-07-15,2025-07-15 00:00:00,-0.08933051029854622,-0.10248447204968944,0.8140845070422535,Aqua,00:00:00
2025-07-16,2025-07-16 00:00:00,0.5416752312343853,0.553648068669528,3.480769230769231,Aqua,00:00:00
2025-07-18,2025-07-18 00:00:00,-0.06335890643738314,-0.07281553398058248,0.8642533936651584,Aqua,00:00:00
2025-07-19,2025-07-19 00:00:00,0.03511361941632445,0.04040404040404043,1.0842105263157895,Aqua,00:00:00
2025-07-20,2025-07-20 00:00:00,-0.02090590951214799,-0.0240641711229946,0.9530026109660575,Aqua,00:00:00
2025-07-22,2025-07-22 00:00:00,0.01961663371544644,0.022580645161290297,1.046204620462046,Aqua,00:00:00
2025-07-23,2025-07-23 00:00:00,-0.6726410656136697,-0.6494845360824743,0.21250000000000002,Aqua,00:00:00
2025-07-24,2025-07-24 00:00:00,-0.20379479021699196,-0.23041474654377883,0.6254681647940075,Aqua,00:00:00
2025-07-25,2025-07-25 00:00:00,0.18510807737505652,0.20994475138121546,1.5314685314685315,Aqua,00:00:00
2025-07-26,2025-07-26 00:00:00,0.10334412301346634,0.11842105263157898,1.2686567164179106,Aqua,00:00:00
2025-07-28,2025-07-28 00:00:00,-0.1712060052728367,-0.1945945945945946,0.67420814479638,Aqua,00:00:00
2025-07-29,2025-07-29 00:00:00,-0.00518051250378028,-0.0059642147117295865,0.9881422924901186,Aqua,00:00:00
2025-08-01,2025-08-01 00:00:00,-0.213380343775129,-0.24083769633507854,0.6118143459915611,Aqua,00:00:00
2025-08-04,2025-08-04 00:00:00,0.1267296442261808,0.14487632508833914,1.3388429752066113,Aqua,00:00:00
2025-08-05,2025-08-05 00:00:00,0.3250524034144492,0.3576864535768645,2.1137440758293837,Aqua,00:00:00
2025-08-06,2025-08-06 00:00:00,0.1802078252505134,0.20454545454545456,1.5142857142857142,Aqua,00:00:00
2025-08-10,2025-08-10 00:00:00,-0.29203807027338946,-0.32409972299168976,0.5104602510460251,Aqua,00:00:00
2025-08-11,2025-08-11 00:00:00,-0.3775468500301944,-0.40921409214092147,0.4192307692307692,Aqua,00:00:00
2025-08-12,2025-08-12 00:00:00,-0.054892743156507925,-0.0631136044880786,0.8812664907651714,Aqua,00:00:00
2025-08-13,2025-08-13 00:00:00,-0.033973483413307276,-0.039093484419263476,0.9247546346782988,Aqua,00:00:00
2025-08-14,2025-08-14 00:00:00,-0.10281887261857674,-0.11782477341389734,0.7891891891891891,Aqua,00:00:00
