date,datetime,log_nir_red,ndci,nir_red_ratio,sensor,time
2011-01-18,2011-01-18 00:00:00,-0.1397412370168373,-0.1595092024539877,0.724867724867725,Terra,00:00:00
2011-01-20,2011-01-20 00:00:00,-0.7157294272069844,-0.6772486772486772,0.19242902208201895,Terra,00:00:00
2011-01-22,2011-01-22 00:00:00,-0.502783245040799,-0.5218295218295218,0.31420765027322406,Terra,00:00:00
2011-01-25,2011-01-25 00:00:00,-0.3550118081302267,-0.38738738738738737,0.4415584415584416,Terra,00:00:00
2011-01-27,2011-01-27 00:00:00,-0.5011880478688843,-0.5204918032786885,0.31536388140161725,Terra,00:00:00
2011-02-01,2011-02-01 00:00:00,-0.5851288269459933,-0.587378640776699,0.25993883792048933,Terra,00:00:00
2011-02-02,2011-02-02 00:00:00,-0.2193901410498529,-0.24734446130500756,0.6034063260340633,Terra,00:00:00
2011-02-06,2011-02-06 00:00:00,-0.37183720610783244,-0.4037267080745341,0.42477876106194695,Terra,00:00:00
2011-02-07,2011-02-07 00:00:00,-0.4025959798140906,-0.43293718166383705,0.3957345971563981,Terra,00:00:00
2011-02-09,2011-02-09 00:00:00,-0.7353084988301858,-0.6892655367231638,0.18394648829431437,Terra,00:00:00
2011-02-10,2011-02-10 00:00:00,-0.7069389340072941,-0.6717325227963526,0.19636363636363638,Terra,00:00:00
2011-02-21,2011-02-21 00:00:00,-0.3872502042568635,-0.41847206385404795,0.409967845659164,Terra,00:00:00
2011-02-26,2011-02-26 00:00:00,-0.15643370078191562,-0.1781786185657721,0.6975354742345033,Terra,00:00:00
2011-03-09,2011-03-09 00:00:00,-0.43503034677132707,-0.4627831715210356,0.36725663716814155,Terra,00:00:00
2011-03-21,2011-03-21 00:00:00,-0.12797789863924366,-0.1462829736211031,0.7447698744769875,Terra,00:00:00
2011-03-22,2011-03-22 00:00:00,-0.364902121253034,-0.39702233250620345,0.4316163410301954,Terra,00:00:00
2011-03-28,2011-03-28 00:00:00,-0.49627828764829834,-0.5163584637268848,0.31894934333958724,Terra,00:00:00
2011-03-31,2011-03-31 00:00:00,-0.5381955033644433,-0.5508637236084453,0.2896039603960396,Terra,00:00:00
2011-04-01,2011-04-01 00:00:00,-0.44042801466786535,-0.46765249537892783,0.36272040302267006,Terra,00:00:00
2011-04-02,2011-04-02 00:00:00,-0.4409746408972395,-0.4681440443213296,0.3622641509433962,Terra,00:00:00
2011-04-03,2011-04-03 00:00:00,-0.5105965615725582,-0.528344671201814,0.30860534124629085,Terra,00:00:00
2011-04-05,2011-04-05 00:00:00,-0.639486489268586,-0.6268656716417911,0.22935779816513763,Terra,00:00:00
2011-04-12,2011-04-12 00:00:00,-0.40164666970958457,-0.43204868154158227,0.3966005665722379,Terra,00:00:00
2011-04-19,2011-04-19 00:00:00,-0.26016404735856546,-0.29087779690189325,0.5493333333333333,Terra,00:00:00
2011-04-21,2011-04-21 00:00:00,-0.44519954106983095,-0.47193347193347185,0.3587570621468927,Terra,00:00:00
2011-04-27,2011-04-27 00:00:00,-0.4342989602886985,-0.46212121212121215,0.36787564766839376,Terra,00:00:00
2011-04-28,2011-04-28 00:00:00,-0.1373835560625577,-0.15686274509803924,0.7288135593220338,Terra,00:00:00
2011-04-30,2011-04-30 00:00:00,-0.4961618704161568,-0.516260162601626,0.31903485254691694,Terra,00:00:00
2011-05-01,2011-05-01 00:00:00,-0.48658853929859575,-0.508130081300813,0.3261455525606469,Terra,00:00:00
2011-05-03,2011-05-03 00:00:00,-0.2397603389250585,-0.2692307692307692,0.5757575757575758,Terra,00:00:00
2011-05-04,2011-05-04 00:00:00,-0.427098237413251,-0.4555765595463137,0.37402597402597404,Terra,00:00:00
2011-05-08,2011-05-08 00:00:00,-0.5323440457783447,-0.5461538461538462,0.2935323383084577,Terra,00:00:00
2011-05-10,2011-05-10 00:00:00,-0.5568324513905856,-0.5656324582338902,0.27743902439024387,Terra,00:00:00
2011-05-12,2011-05-12 00:00:00,-0.19108733729542407,-0.21651560926485397,0.6440397350993378,Terra,00:00:00
2011-05-18,2011-05-18 00:00:00,-0.5542872095319618,-0.5636363636363636,0.27906976744186046,Terra,00:00:00
2011-05-19,2011-05-19 00:00:00,-0.11427841300127806,-0.1308139534883721,0.7686375321336761,Terra,00:00:00
2011-05-20,2011-05-20 00:00:00,-0.5975123635772417,-0.5966386554621849,0.25263157894736843,Terra,00:00:00
2011-05-22,2011-05-22 00:00:00,-1.3010299956639813,-0.9047619047619048,0.05,Terra,00:00:00
2011-05-23,2011-05-23 00:00:00,-0.47099570208560027,-0.49469214437367304,0.3380681818181818,Terra,00:00:00
2011-05-27,2011-05-27 00:00:00,-0.191775117065342,-0.21727019498607245,0.643020594965675,Terra,00:00:00
2011-05-29,2011-05-29 00:00:00,-0.3251828541871204,-0.35781741867785943,0.472952086553323,Terra,00:00:00
2011-05-30,2011-05-30 00:00:00,-0.20423980455816187,-0.23089983022071311,0.6248275862068965,Terra,00:00:00
2011-06-07,2011-06-07 00:00:00,-0.5774022638134254,-0.5815217391304348,0.2646048109965636,Terra,00:00:00
2011-06-08,2011-06-08 00:00:00,-0.583858320630468,-0.5864197530864198,0.2607003891050584,Terra,00:00:00
2011-06-09,2011-06-09 00:00:00,-0.6356273389742308,-0.6241610738255033,0.23140495867768593,Terra,00:00:00
2011-06-10,2011-06-10 00:00:00,-0.5003510954381373,-0.5197889182058048,0.3159722222222222,Terra,00:00:00
2011-06-13,2011-06-13 00:00:00,-0.14576221130009762,-0.16625716625716624,0.7148876404494382,Terra,00:00:00
2011-06-14,2011-06-14 00:00:00,-0.5348924675213632,-0.5482093663911847,0.2918149466192171,Terra,00:00:00
2011-06-15,2011-06-15 00:00:00,-0.6523010874557229,-0.6357388316151203,0.2226890756302521,Terra,00:00:00
2011-06-16,2011-06-16 00:00:00,-0.36543704424432155,-0.3975409836065574,0.43108504398826986,Terra,00:00:00
2011-06-17,2011-06-17 00:00:00,-0.29414721322599696,-0.32627118644067793,0.5079872204472844,Terra,00:00:00
2011-06-19,2011-06-19 00:00:00,-0.6200333623398633,-0.6130790190735694,0.23986486486486486,Terra,00:00:00
2011-06-20,2011-06-20 00:00:00,-0.17975003791466224,-0.204040404040404,0.6610738255033558,Terra,00:00:00
2011-06-21,2011-06-21 00:00:00,-0.5130608433501559,-0.5303867403314917,0.30685920577617326,Terra,00:00:00
2011-06-22,2011-06-22 00:00:00,-0.46205750828378656,-0.48688046647230315,0.34509803921568627,Terra,00:00:00
2011-06-23,2011-06-23 00:00:00,-0.5559890438919667,-0.5649717514124295,0.2779783393501805,Terra,00:00:00
2011-06-24,2011-06-24 00:00:00,-0.45887090214736925,-0.4840764331210192,0.34763948497854075,Terra,00:00:00
2011-06-26,2011-06-26 00:00:00,-0.4728424567403875,-0.49629629629629635,0.3366336633663366,Terra,00:00:00
2011-06-30,2011-06-30 00:00:00,-0.39604765499433275,-0.42679127725856697,0.4017467248908297,Terra,00:00:00
2011-07-01,2011-07-01 00:00:00,-0.4749871252069766,-0.4981549815498155,0.33497536945812806,Terra,00:00:00
2011-07-02,2011-07-02 00:00:00,-0.4840701146749902,-0.5059760956175299,0.3280423280423281,Terra,00:00:00
2011-07-03,2011-07-03 00:00:00,-0.4715173772016638,-0.49514563106796117,0.3376623376623377,Terra,00:00:00
2011-07-04,2011-07-04 00:00:00,-0.384117965044415,-0.4154929577464788,0.4129353233830846,Terra,00:00:00
2011-07-05,2011-07-05 00:00:00,-0.40788266830946446,-0.4378698224852071,0.3909465020576131,Terra,00:00:00
2011-07-06,2011-07-06 00:00:00,-0.3177356891668338,-0.35031847133757965,0.4811320754716982,Terra,00:00:00
2011-07-07,2011-07-07 00:00:00,-0.3026121266738559,-0.33495145631067963,0.49818181818181817,Terra,00:00:00
2011-07-08,2011-07-08 00:00:00,-0.3010299956639812,-0.3333333333333333,0.5,Terra,00:00:00
2011-07-09,2011-07-09 00:00:00,-0.2504546088256582,-0.28061224489795916,0.5617529880478088,Terra,00:00:00
2011-07-10,2011-07-10 00:00:00,-0.25527250510330607,-0.2857142857142857,0.5555555555555556,Terra,00:00:00
2011-07-13,2011-07-13 00:00:00,-0.15044280427184153,-0.17149220489977723,0.7072243346007605,Terra,00:00:00
2011-07-14,2011-07-14 00:00:00,-0.03532796234174298,-0.04065040650406502,0.921875,Terra,00:00:00
2011-07-15,2011-07-15 00:00:00,-0.14868188187258166,-0.16952380952380955,0.7100977198697068,Terra,00:00:00
2011-07-20,2011-07-20 00:00:00,0.4428435818424174,0.46982248520710057,2.772321428571429,Terra,00:00:00
2011-07-21,2011-07-21 00:00:00,0.1558624347198015,0.17754172989377842,1.4317343173431734,Terra,00:00:00
2011-07-22,2011-07-22 00:00:00,0.033491619301745656,0.03853955375253547,1.080168776371308,Terra,00:00:00
2011-07-23,2011-07-23 00:00:00,-0.021994293706167876,-0.02531645569620252,0.9506172839506173,Terra,00:00:00
2011-07-24,2011-07-24 00:00:00,-0.37657695705651195,-0.40828402366863903,0.42016806722689076,Terra,00:00:00
2011-07-26,2011-07-26 00:00:00,-0.12032671646634217,-0.1376518218623482,0.7580071174377224,Terra,00:00:00
2011-07-27,2011-07-27 00:00:00,0.16381167878991967,0.18639053254437873,1.4581818181818182,Terra,00:00:00
2011-07-28,2011-07-28 00:00:00,-0.1203360268000632,-0.13766233766233765,0.7579908675799087,Terra,00:00:00
2011-07-29,2011-07-29 00:00:00,-0.1938200260161128,-0.21951219512195125,0.64,Terra,00:00:00
2011-07-30,2011-07-30 00:00:00,-0.2158006301611548,-0.24346076458752514,0.6084142394822006,Terra,00:00:00
2011-07-31,2011-07-31 00:00:00,-0.3360876408811127,-0.3687150837988827,0.4612244897959184,Terra,00:00:00
2011-08-01,2011-08-01 00:00:00,-0.17373095714871029,-0.1973898858075041,0.6702997275204359,Terra,00:00:00
2011-08-02,2011-08-02 00:00:00,-0.2179921764393727,-0.2458184230630051,0.6054274611398964,Terra,00:00:00
2011-08-03,2011-08-03 00:00:00,-0.0695512620953317,-0.07990314769975788,0.852017937219731,Terra,00:00:00
2011-08-04,2011-08-04 00:00:00,-0.07117559112311185,-0.08176100628930819,0.8488372093023255,Terra,00:00:00
2011-08-05,2011-08-05 00:00:00,0.2944496503526597,0.3265822784810127,1.9699248120300752,Terra,00:00:00
2011-08-06,2011-08-06 00:00:00,0.12918331886357368,0.14764079147640796,1.3464285714285715,Terra,00:00:00
2011-08-07,2011-08-07 00:00:00,-0.09955700541934288,-0.11411992263056096,0.7951388888888888,Terra,00:00:00
2011-08-08,2011-08-08 00:00:00,-0.09588693955047749,-0.10994764397905757,0.8018867924528302,Terra,00:00:00
2011-08-09,2011-08-09 00:00:00,-0.2242548193822348,-0.2525951557093426,0.5966850828729282,Terra,00:00:00
2011-08-10,2011-08-10 00:00:00,0.0948662704980702,0.10878661087866115,1.2441314553990612,Terra,00:00:00
2011-08-11,2011-08-11 00:00:00,0.002446735947087378,0.002816901408450687,1.0056497175141244,Terra,00:00:00
2011-08-12,2011-08-12 00:00:00,-0.09865533812422494,-0.11309523809523812,0.7967914438502673,Terra,00:00:00
2011-08-13,2011-08-13 00:00:00,-0.04620042224812881,-0.0531400966183575,0.8990825688073394,Terra,00:00:00
2011-08-14,2011-08-14 00:00:00,-0.17127107104099334,-0.19466666666666665,0.6741071428571429,Terra,00:00:00
2011-08-15,2011-08-15 00:00:00,0.14206806319488471,0.16211878009630817,1.3869731800766283,Terra,00:00:00
2011-08-16,2011-08-16 00:00:00,-0.10645533091428673,-0.12195121951219505,0.7826086956521741,Terra,00:00:00
2011-08-17,2011-08-17 00:00:00,-0.09320526832362026,-0.10689655172413792,0.8068535825545171,Terra,00:00:00
2011-08-18,2011-08-18 00:00:00,-0.1669478796158115,-0.18987341772151897,0.6808510638297872,Terra,00:00:00
2011-08-19,2011-08-19 00:00:00,-0.19491198086910094,-0.22070844686648503,0.6383928571428572,Terra,00:00:00
2011-08-20,2011-08-20 00:00:00,-0.06366907986937732,-0.07317073170731714,0.8636363636363635,Terra,00:00:00
2011-08-21,2011-08-21 00:00:00,-0.17436443975517524,-0.19809069212410493,0.6693227091633467,Terra,00:00:00
2011-08-22,2011-08-22 00:00:00,-0.050739891079615004,-0.058350100603621724,0.8897338403041826,Terra,00:00:00
2011-08-23,2011-08-23 00:00:00,0.026085568314241407,0.030023094688221685,1.061904761904762,Terra,00:00:00
2011-08-25,2011-08-25 00:00:00,-0.11085227532969488,-0.1269349845201238,0.7747252747252747,Terra,00:00:00
2011-08-26,2011-08-26 00:00:00,-0.17929639893089266,-0.2035398230088496,0.6617647058823529,Terra,00:00:00
2011-08-27,2011-08-27 00:00:00,-0.11850462660289002,-0.13559322033898302,0.7611940298507464,Terra,00:00:00
2011-08-28,2011-08-28 00:00:00,-0.22242359348837465,-0.2506203473945409,0.5992063492063492,Terra,00:00:00
2011-08-29,2011-08-29 00:00:00,-0.18098752829998457,-0.20540540540540536,0.6591928251121076,Terra,00:00:00
2011-08-30,2011-08-30 00:00:00,-0.1881001665286966,-0.21323529411764702,0.6484848484848486,Terra,00:00:00
2011-08-31,2011-08-31 00:00:00,-0.04164092436584295,-0.04790419161676649,0.9085714285714286,Terra,00:00:00
2011-09-01,2011-09-01 00:00:00,-0.10622777288869631,-0.12169312169312169,0.7830188679245284,Terra,00:00:00
2011-09-02,2011-09-02 00:00:00,-0.08218675618735007,-0.09433962264150945,0.8275862068965517,Terra,00:00:00
2011-09-03,2011-09-03 00:00:00,-0.27941884665130384,-0.3110367892976588,0.5255102040816326,Terra,00:00:00
2011-09-04,2011-09-04 00:00:00,-0.22950171384488185,-0.2582417582417582,0.5895196506550219,Terra,00:00:00
2011-09-05,2011-09-05 00:00:00,-0.21289390696342989,-0.24031007751937983,0.6125,Terra,00:00:00
2011-09-06,2011-09-06 00:00:00,-0.2850907945625334,-0.316923076923077,0.5186915887850467,Terra,00:00:00
2011-09-08,2011-09-08 00:00:00,-0.19656684476547892,-0.2225201072386059,0.6359649122807017,Terra,00:00:00
2011-09-09,2011-09-09 00:00:00,-0.12616729324626513,-0.14424242424242417,0.7478813559322035,Terra,00:00:00
2011-09-10,2011-09-10 00:00:00,-0.3979400086720376,-0.4285714285714286,0.4,Terra,00:00:00
2011-09-11,2011-09-11 00:00:00,1.863322860120456,0.9729729729729729,73.0,Terra,00:00:00
2011-09-14,2011-09-14 00:00:00,-0.5440680443502757,-0.5555555555555555,0.2857142857142857,Terra,00:00:00
2011-09-17,2011-09-17 00:00:00,-0.1102587599193653,-0.1262626262626263,0.7757847533632286,Terra,00:00:00
2011-09-18,2011-09-18 00:00:00,-0.25325721386798045,-0.28358208955223874,0.558139534883721,Terra,00:00:00
2011-09-19,2011-09-19 00:00:00,-0.08482151340031754,-0.09734513274336284,0.8225806451612903,Terra,00:00:00
2011-09-20,2011-09-20 00:00:00,-0.2504736222215373,-0.2806324110671936,0.5617283950617284,Terra,00:00:00
2011-09-21,2011-09-21 00:00:00,-0.19095853659795395,-0.216374269005848,0.6442307692307692,Terra,00:00:00
2011-09-22,2011-09-22 00:00:00,-0.34886474428350195,-0.3813559322033898,0.4478527607361963,Terra,00:00:00
2011-09-23,2011-09-23 00:00:00,-0.2784966979687608,-0.310077519379845,0.5266272189349112,Terra,00:00:00
2011-09-24,2011-09-24 00:00:00,-0.27370686845274633,-0.30508474576271183,0.5324675324675325,Terra,00:00:00
2011-09-26,2011-09-26 00:00:00,-0.09621458534640516,-0.1103202846975089,0.8012820512820513,Terra,00:00:00
2011-09-27,2011-09-27 00:00:00,-0.2150494799085014,-0.24264705882352947,0.6094674556213017,Terra,00:00:00
2011-09-28,2011-09-28 00:00:00,-0.4709169423183776,-0.49462365591397844,0.3381294964028777,Terra,00:00:00
2011-09-29,2011-09-29 00:00:00,-0.35587866367132626,-0.388235294117647,0.4406779661016949,Terra,00:00:00
2011-10-06,2011-10-06 00:00:00,-0.42596873227228116,-0.45454545454545453,0.375,Terra,00:00:00
2011-10-08,2011-10-08 00:00:00,-0.4771212547196624,-0.4999999999999999,0.33333333333333337,Terra,00:00:00
2011-10-11,2011-10-11 00:00:00,-1.4771212547196624,-0.935483870967742,0.03333333333333333,Terra,00:00:00
2011-10-14,2011-10-14 00:00:00,-0.40922101908172664,-0.4391143911439115,0.38974358974358975,Terra,00:00:00
2011-10-15,2011-10-15 00:00:00,-0.17855884797767976,-0.202725724020443,0.6628895184135977,Terra,00:00:00
2011-10-17,2011-10-17 00:00:00,-0.52680903890877,-0.5416666666666666,0.2972972972972973,Terra,00:00:00
2011-10-18,2011-10-18 00:00:00,-0.482798387611353,-0.5048859934853421,0.32900432900432897,Terra,00:00:00
2011-10-19,2011-10-19 00:00:00,-0.3913762391696494,-0.42238267148014447,0.4060913705583756,Terra,00:00:00
2011-10-20,2011-10-20 00:00:00,-0.43339275035148794,-0.46130030959752316,0.36864406779661024,Terra,00:00:00
2011-10-21,2011-10-21 00:00:00,-0.13431911167855484,-0.15341959334565622,0.7339743589743589,Terra,00:00:00
2011-10-22,2011-10-22 00:00:00,-0.606381365110605,-0.6031746031746031,0.2475247524752475,Terra,00:00:00
2011-10-23,2011-10-23 00:00:00,-0.4035855131891961,-0.4338624338624339,0.3948339483394834,Terra,00:00:00
2011-10-24,2011-10-24 00:00:00,-0.31626996222071807,-0.3488372093023256,0.48275862068965514,Terra,00:00:00
2011-10-25,2011-10-25 00:00:00,-0.36102792533926664,-0.3932584269662922,0.4354838709677419,Terra,00:00:00
2011-10-26,2011-10-26 00:00:00,-0.41701388961935476,-0.44632768361581926,0.38281249999999994,Terra,00:00:00
2011-10-27,2011-10-27 00:00:00,-0.24864192620429298,-0.27868852459016397,0.5641025641025641,Terra,00:00:00
2011-10-31,2011-10-31 00:00:00,-0.5918408261462763,-0.5924170616113745,0.25595238095238093,Terra,00:00:00
2011-11-01,2011-11-01 00:00:00,-0.4617985575251093,-0.486652977412731,0.3453038674033149,Terra,00:00:00
2011-11-02,2011-11-02 00:00:00,-0.679593058995514,-0.6540880503144654,0.20912547528517111,Terra,00:00:00
2011-11-04,2011-11-04 00:00:00,-0.5323822860250809,-0.5461847389558233,0.29350649350649355,Terra,00:00:00
2011-11-12,2011-11-12 00:00:00,0.022973886481651516,0.026443498068733234,1.0543234994913528,Terra,00:00:00
2011-11-14,2011-11-14 00:00:00,-0.5788301506094876,-0.582608695652174,0.26373626373626374,Terra,00:00:00
2011-11-25,2011-11-25 00:00:00,-0.717612114392077,-0.6784203102961919,0.19159663865546217,Terra,00:00:00
2011-11-28,2011-11-28 00:00:00,-0.732090163528254,-0.6873156342182891,0.1853146853146853,Terra,00:00:00
2011-11-30,2011-11-30 00:00:00,-0.6620889143650381,-0.6424050632911391,0.21772639691714837,Terra,00:00:00
2011-12-01,2011-12-01 00:00:00,-0.6574086283689519,-0.63922942206655,0.22008547008547008,Terra,00:00:00
2011-12-02,2011-12-02 00:00:00,-0.6882018209196241,-0.6597222222222223,0.20502092050209203,Terra,00:00:00
2011-12-03,2011-12-03 00:00:00,-0.6199424636454764,-0.6130136986301369,0.23991507430997877,Terra,00:00:00
2011-12-04,2011-12-04 00:00:00,-0.6833649310054427,-0.6565656565656566,0.20731707317073172,Terra,00:00:00
2011-12-05,2011-12-05 00:00:00,-0.6127838567197355,-0.6078431372549019,0.24390243902439024,Terra,00:00:00
2011-12-06,2011-12-06 00:00:00,-0.7476619282357433,-0.6966580976863753,0.17878787878787877,Terra,00:00:00
2011-12-07,2011-12-07 00:00:00,-0.48555442225652523,-0.5072463768115942,0.3269230769230769,Terra,00:00:00
2011-12-08,2011-12-08 00:00:00,-0.5807762701504878,-0.5840867992766726,0.2625570776255708,Terra,00:00:00
2011-12-09,2011-12-09 00:00:00,-0.5130181786663871,-0.5303514376996806,0.3068893528183716,Terra,00:00:00
2011-12-31,2011-12-31 00:00:00,-0.430663853480661,-0.45882352941176474,0.3709677419354839,Terra,00:00:00
2012-01-02,2012-01-02 00:00:00,-0.5652104459003903,-0.5721561969439728,0.27213822894168466,Terra,00:00:00
2012-01-03,2012-01-03 00:00:00,-0.24742319527428971,-0.27739387956564665,0.5656877897990726,Terra,00:00:00
2012-01-05,2012-01-05 00:00:00,-0.6989700043360187,-0.6666666666666667,0.2,Terra,00:00:00
2012-01-07,2012-01-07 00:00:00,-0.5860718859438321,-0.5880893300248138,0.259375,Terra,00:00:00
2012-01-08,2012-01-08 00:00:00,-0.6416306412255285,-0.6283618581907091,0.22822822822822822,Terra,00:00:00
2012-01-09,2012-01-09 00:00:00,-0.8596242932108532,-0.7572254335260116,0.13815789473684212,Terra,00:00:00
2012-01-10,2012-01-10 00:00:00,-0.8846065812979305,-0.7692307692307692,0.13043478260869565,Terra,00:00:00
2012-01-12,2012-01-12 00:00:00,-0.36568498851500963,-0.3977812995245642,0.43083900226757366,Terra,00:00:00
2012-01-13,2012-01-13 00:00:00,-0.5022319753026935,-0.5213675213675213,0.31460674157303375,Terra,00:00:00
2012-01-14,2012-01-14 00:00:00,-0.9074694642574347,-0.7797619047619047,0.1237458193979933,Terra,00:00:00
2012-01-27,2012-01-27 00:00:00,-0.5136380885454249,-0.5308641975308642,0.3064516129032258,Terra,00:00:00
2012-01-30,2012-01-30 00:00:00,-0.6916707655945193,-0.6619718309859155,0.2033898305084746,Terra,00:00:00
2012-02-02,2012-02-02 00:00:00,-0.7146091386431939,-0.6765498652291106,0.19292604501607716,Terra,00:00:00
2012-02-03,2012-02-03 00:00:00,-0.8433712207137508,-0.7491289198606272,0.14342629482071714,Terra,00:00:00
2012-02-05,2012-02-05 00:00:00,-0.6989700043360187,-0.6666666666666666,0.2,Terra,00:00:00
2012-02-06,2012-02-06 00:00:00,-0.43831917065871046,-0.4657534246575342,0.3644859813084112,Terra,00:00:00
2012-02-11,2012-02-11 00:00:00,-0.6963299081698104,-0.6649746192893401,0.20121951219512194,Terra,00:00:00
2012-02-15,2012-02-15 00:00:00,-0.5740312677277188,-0.5789473684210525,0.26666666666666666,Terra,00:00:00
2012-02-19,2012-02-19 00:00:00,-0.36904058125062345,-0.4010282776349614,0.42752293577981654,Terra,00:00:00
2012-02-23,2012-02-23 00:00:00,-0.5606673061697374,-0.568627450980392,0.27499999999999997,Terra,00:00:00
2012-02-24,2012-02-24 00:00:00,-0.7827961554294072,-0.7168949771689496,0.1648936170212766,Terra,00:00:00
2012-03-07,2012-03-07 00:00:00,-0.6493657704514982,-0.6337209302325582,0.22419928825622776,Terra,00:00:00
2012-03-08,2012-03-08 00:00:00,-0.5955291241690046,-0.595166163141994,0.2537878787878788,Terra,00:00:00
2012-03-09,2012-03-09 00:00:00,-0.7086934212736167,-0.6728395061728395,0.19557195571955718,Terra,00:00:00
2012-03-10,2012-03-10 00:00:00,-0.46210711076021566,-0.4869240348692403,0.34505862646566166,Terra,00:00:00
2012-03-23,2012-03-23 00:00:00,-0.44430875124340374,-0.47113594040968343,0.359493670886076,Terra,00:00:00
2012-04-06,2012-04-06 00:00:00,-0.3973191444034622,-0.42798774259448424,0.40057224606580827,Terra,00:00:00
2012-04-07,2012-04-07 00:00:00,-0.21486943315960277,-0.24245196706312902,0.609720176730486,Terra,00:00:00
2012-04-08,2012-04-08 00:00:00,-0.31166631050976623,-0.3441734417344174,0.48790322580645157,Terra,00:00:00
2012-04-14,2012-04-14 00:00:00,-0.5088356678968691,-0.5268817204301074,0.30985915492957744,Terra,00:00:00
2012-04-20,2012-04-20 00:00:00,-0.5248262574313425,-0.5400516795865634,0.2986577181208054,Terra,00:00:00
2012-04-21,2012-04-21 00:00:00,-0.6886291709978,-0.66,0.20481927710843373,Terra,00:00:00
2012-04-23,2012-04-23 00:00:00,-0.4519377087014136,-0.4779411764705882,0.35323383084577115,Terra,00:00:00
2012-04-27,2012-04-27 00:00:00,-0.4444122193595376,-0.4712286158631416,0.3594080338266385,Terra,00:00:00
2012-04-28,2012-04-28 00:00:00,-0.2762850101622933,-0.3077742279020234,0.5293159609120521,Terra,00:00:00
2012-04-29,2012-04-29 00:00:00,-0.16307074906317023,-0.18556701030927836,0.6869565217391305,Terra,00:00:00
2012-05-01,2012-05-01 00:00:00,-0.4884760055967844,-0.5097402597402597,0.32473118279569896,Terra,00:00:00
2012-05-05,2012-05-05 00:00:00,-0.19540923304951338,-0.22125297383029338,0.6376623376623377,Terra,00:00:00
2012-05-06,2012-05-06 00:00:00,-0.38521424632060497,-0.4165366614664587,0.4118942731277533,Terra,00:00:00
2012-05-07,2012-05-07 00:00:00,-0.5276299008713387,-0.5423340961098397,0.29673590504451036,Terra,00:00:00
2012-05-09,2012-05-09 00:00:00,-0.5077450021512804,-0.525974025974026,0.31063829787234043,Terra,00:00:00
2012-05-10,2012-05-10 00:00:00,-0.4592387824021483,-0.4844006568144499,0.34734513274336287,Terra,00:00:00
2012-05-12,2012-05-12 00:00:00,-0.4399215677942528,-0.46719681908548705,0.36314363143631434,Terra,00:00:00
2012-05-13,2012-05-13 00:00:00,-0.34515267083982737,-0.37769784172661874,0.4516971279373368,Terra,00:00:00
2012-05-15,2012-05-15 00:00:00,-0.40114514854724903,-0.4315789473684211,0.39705882352941174,Terra,00:00:00
2012-05-16,2012-05-16 00:00:00,-0.5190134160478396,-0.5352941176470588,0.30268199233716475,Terra,00:00:00
2012-05-18,2012-05-18 00:00:00,-0.4438512045897952,-0.47072599531615933,0.35987261146496813,Terra,00:00:00
2012-05-23,2012-05-23 00:00:00,-0.42666864295060747,-0.45518453427065025,0.3743961352657005,Terra,00:00:00
2012-05-29,2012-05-29 00:00:00,-0.31084497795757987,-0.3433395872420262,0.48882681564245817,Terra,00:00:00
2012-05-30,2012-05-30 00:00:00,-0.621365146523349,-0.6140350877192982,0.23913043478260873,Terra,00:00:00
2012-05-31,2012-05-31 00:00:00,-0.5450839383384238,-0.5563636363636363,0.2850467289719626,Terra,00:00:00
2012-06-01,2012-06-01 00:00:00,-0.7269987279362623,-0.6842105263157895,0.18750000000000003,Terra,00:00:00
2012-06-06,2012-06-06 00:00:00,-0.2490009956599712,-0.2790697674418605,0.5636363636363636,Terra,00:00:00
2012-06-08,2012-06-08 00:00:00,0.00865110480496816,0.00995962314939437,1.0201196302338227,Terra,00:00:00
2012-06-09,2012-06-09 00:00:00,-0.5482777168766688,-0.5588972431077693,0.2829581993569132,Terra,00:00:00
2012-06-10,2012-06-10 00:00:00,-0.691179759909767,-0.6616541353383458,0.20361990950226244,Terra,00:00:00
2012-06-11,2012-06-11 00:00:00,-0.19565219756837587,-0.22151898734177217,0.6373056994818652,Terra,00:00:00
2012-06-13,2012-06-13 00:00:00,-0.33748746314669403,-0.3701067615658363,0.4597402597402598,Terra,00:00:00
2012-06-14,2012-06-14 00:00:00,-0.32080402483948894,-0.35341365461847396,0.4777448071216617,Terra,00:00:00
2012-06-17,2012-06-17 00:00:00,-0.45324281713894315,-0.4790996784565916,0.3521739130434782,Terra,00:00:00
2012-06-18,2012-06-18 00:00:00,-0.303557419762648,-0.33591731266149877,0.49709864603481624,Terra,00:00:00
2012-06-19,2012-06-19 00:00:00,-0.6908521141138394,-0.6614420062695924,0.20377358490566036,Terra,00:00:00
2012-06-20,2012-06-20 00:00:00,-0.7349452244619502,-0.6890459363957596,0.18410041841004185,Terra,00:00:00
2012-06-21,2012-06-21 00:00:00,-0.49316561950951987,-0.5137254901960784,0.3212435233160622,Terra,00:00:00
2012-06-24,2012-06-24 00:00:00,-0.26579761921057454,-0.29680365296803646,0.5422535211267606,Terra,00:00:00
2012-06-26,2012-06-26 00:00:00,-0.12897121202209938,-0.14740190880169673,0.7430683918669131,Terra,00:00:00
2012-06-27,2012-06-27 00:00:00,-0.374956101751348,-0.40672782874617736,0.4217391304347826,Terra,00:00:00
2012-06-28,2012-06-28 00:00:00,-0.2366276816479464,-0.26588235294117646,0.5799256505576208,Terra,00:00:00
2012-07-01,2012-07-01 00:00:00,-0.14191564104482124,-0.16194790486976215,0.7212475633528266,Terra,00:00:00
2012-07-02,2012-07-02 00:00:00,-0.3166350689945573,-0.34920634920634924,0.48235294117647054,Terra,00:00:00
2012-07-03,2012-07-03 00:00:00,-0.19046020667304991,-0.21582733812949645,0.6449704142011834,Terra,00:00:00
2012-07-04,2012-07-04 00:00:00,-0.286789556549371,-0.31868131868131866,0.5166666666666666,Terra,00:00:00
2012-07-05,2012-07-05 00:00:00,0.05349568159257536,0.06151142355008786,1.1310861423220973,Terra,00:00:00
2012-07-06,2012-07-06 00:00:00,-0.20899342893076928,-0.23607427055702915,0.6180257510729614,Terra,00:00:00
2012-07-07,2012-07-07 00:00:00,0.075834986924412,0.08708708708708712,1.1907894736842106,Terra,00:00:00
2012-07-08,2012-07-08 00:00:00,-0.13722263175060867,-0.1566820276497696,0.7290836653386454,Terra,00:00:00
2012-07-09,2012-07-09 00:00:00,-0.11457322113646629,-0.13114754098360662,0.7681159420289855,Terra,00:00:00
2012-07-10,2012-07-10 00:00:00,-0.12531687723463042,-0.14328358208955225,0.7493472584856397,Terra,00:00:00
2012-07-11,2012-07-11 00:00:00,0.11930578498271545,0.13649851632047477,1.3161512027491409,Terra,00:00:00
2012-07-12,2012-07-12 00:00:00,-0.10747731005760505,-0.12311015118790496,0.7807692307692308,Terra,00:00:00
2012-07-14,2012-07-14 00:00:00,0.022543296992565114,0.025948103792415148,1.0532786885245902,Terra,00:00:00
2012-07-15,2012-07-15 00:00:00,-0.06501573050464932,-0.07471264367816097,0.8609625668449197,Terra,00:00:00
2012-07-18,2012-07-18 00:00:00,0.18760090568118173,0.2126865671641791,1.5402843601895735,Terra,00:00:00
2012-07-19,2012-07-19 00:00:00,0.2845618812052936,0.31637519872813985,1.925581395348837,Terra,00:00:00
2012-07-21,2012-07-21 00:00:00,0.10084030663648884,0.11557788944723624,1.2613636363636365,Terra,00:00:00
2012-07-22,2012-07-22 00:00:00,-0.02775306857232634,-0.03194103194103192,0.9380952380952381,Terra,00:00:00
2012-07-23,2012-07-23 00:00:00,0.04639568976722398,0.05336426914153132,1.1127450980392157,Terra,00:00:00
2012-07-24,2012-07-24 00:00:00,-0.16173310900881407,-0.18407960199004977,0.6890756302521008,Terra,00:00:00
2012-07-25,2012-07-25 00:00:00,-0.32321882217604586,-0.3558441558441558,0.47509578544061304,Terra,00:00:00
2012-07-26,2012-07-26 00:00:00,-0.34895354798116396,-0.3814432989690722,0.44776119402985076,Terra,00:00:00
2012-07-27,2012-07-27 00:00:00,-0.2558500244462601,-0.28632478632478636,0.5548172757475083,Terra,00:00:00
2012-07-28,2012-07-28 00:00:00,-0.09267296006480182,-0.10629067245119309,0.8078431372549019,Terra,00:00:00
2012-07-29,2012-07-29 00:00:00,-0.09275405323689868,-0.10638297872340426,0.8076923076923077,Terra,00:00:00
2012-07-30,2012-07-30 00:00:00,-0.04431942804835752,-0.0509803921568627,0.9029850746268657,Terra,00:00:00
2012-07-31,2012-07-31 00:00:00,-0.24503480844236974,-0.2748538011695906,0.5688073394495413,Terra,00:00:00
2012-08-01,2012-08-01 00:00:00,0.0511525224473812,0.05882352941176463,1.1249999999999998,Terra,00:00:00
2012-08-02,2012-08-02 00:00:00,-0.06785821595023395,-0.07796610169491525,0.8553459119496856,Terra,00:00:00
2012-08-03,2012-08-03 00:00:00,-0.1619223028614699,-0.18429003021148035,0.6887755102040817,Terra,00:00:00
2012-08-04,2012-08-04 00:00:00,-0.23951195774476622,-0.2689655172413793,0.5760869565217391,Terra,00:00:00
2012-08-06,2012-08-06 00:00:00,-0.19476165914737487,-0.22054380664652573,0.6386138613861385,Terra,00:00:00
2012-08-07,2012-08-07 00:00:00,-0.16591996320244298,-0.18873239436619715,0.6824644549763034,Terra,00:00:00
2012-08-09,2012-08-09 00:00:00,-0.24216333644315982,-0.27179487179487183,0.5725806451612903,Terra,00:00:00
2012-08-10,2012-08-10 00:00:00,-0.13180519556121703,-0.15059221658206431,0.738235294117647,Terra,00:00:00
2012-08-12,2012-08-12 00:00:00,-0.2992013846175731,-0.33146067415730335,0.5021097046413502,Terra,00:00:00
2012-08-18,2012-08-18 00:00:00,-0.18574264473186206,-0.21064301552106432,0.652014652014652,Terra,00:00:00
2012-08-19,2012-08-19 00:00:00,-0.10561360052993478,-0.1209964412811388,0.7841269841269841,Terra,00:00:00
2012-08-20,2012-08-20 00:00:00,0.0,0.0,1.0,Terra,00:00:00
2012-08-21,2012-08-21 00:00:00,-0.19416965261374497,-0.21989528795811522,0.6394849785407725,Terra,00:00:00
2012-08-22,2012-08-22 00:00:00,-0.10849188555787159,-0.1242603550295858,0.7789473684210526,Terra,00:00:00
2012-08-23,2012-08-23 00:00:00,0.07178023146332005,0.08245243128964061,1.1797235023041475,Terra,00:00:00
2012-08-24,2012-08-24 00:00:00,-0.2585715566410963,-0.289198606271777,0.5513513513513513,Terra,00:00:00
2012-08-26,2012-08-26 00:00:00,-0.2291907037471566,-0.2579075425790754,0.5899419729206964,Terra,00:00:00
2012-08-28,2012-08-28 00:00:00,-0.48365212187862017,-0.5056179775280899,0.3283582089552239,Terra,00:00:00
2012-08-29,2012-08-29 00:00:00,-0.13281135970818533,-0.15172413793103448,0.7365269461077845,Terra,00:00:00
2012-09-02,2012-09-02 00:00:00,-0.03502928220236815,-0.04030710172744723,0.9225092250922509,Terra,00:00:00
2012-09-03,2012-09-03 00:00:00,0.116200122230641,0.13298791018998274,1.306772908366534,Terra,00:00:00
2012-09-04,2012-09-04 00:00:00,-0.11890430671422428,-0.13604488078541374,0.7604938271604939,Terra,00:00:00
2012-09-05,2012-09-05 00:00:00,-0.018885344160373765,-0.021739130434782573,0.9574468085106383,Terra,00:00:00
2012-09-07,2012-09-07 00:00:00,-0.28667184561711406,-0.31855955678670367,0.5168067226890756,Terra,00:00:00
2012-09-08,2012-09-08 00:00:00,-0.19126466197033773,-0.21671018276762402,0.6437768240343348,Terra,00:00:00
2012-09-09,2012-09-09 00:00:00,-0.37035648703994906,-0.4022988505747126,0.42622950819672134,Terra,00:00:00
2012-09-10,2012-09-10 00:00:00,-0.15274307659109881,-0.17406143344709893,0.7034883720930233,Terra,00:00:00
2012-09-11,2012-09-11 00:00:00,-0.28017985669086104,-0.31182795698924726,0.5245901639344263,Terra,00:00:00
2012-09-12,2012-09-12 00:00:00,-0.38513247830087605,-0.41645885286783035,0.4119718309859155,Terra,00:00:00
2012-09-13,2012-09-13 00:00:00,-0.19883438619424104,-0.22500000000000003,0.6326530612244897,Terra,00:00:00
2012-09-14,2012-09-14 00:00:00,-0.02020338608828695,-0.023255813953488375,0.9545454545454546,Terra,00:00:00
2012-09-15,2012-09-15 00:00:00,-0.1722136039924794,-0.19571045576407506,0.672645739910314,Terra,00:00:00
2012-09-16,2012-09-16 00:00:00,-0.2911752409923243,-0.32321041214750545,0.5114754098360655,Terra,00:00:00
2012-09-17,2012-09-17 00:00:00,-0.334515139868526,-0.36714975845410625,0.46289752650176674,Terra,00:00:00
2012-09-18,2012-09-18 00:00:00,-0.16931969834017177,-0.19250425894378195,0.6771428571428572,Terra,00:00:00
2012-09-19,2012-09-19 00:00:00,-0.24221003226406415,-0.27184466019417475,0.5725190839694657,Terra,00:00:00
2012-09-20,2012-09-20 00:00:00,-0.13231233447709403,-0.15116279069767447,0.7373737373737373,Terra,00:00:00
2012-09-21,2012-09-21 00:00:00,-0.11416164559210784,-0.13068181818181818,0.7688442211055276,Terra,00:00:00
2012-09-22,2012-09-22 00:00:00,-0.2455126678141498,-0.27536231884057966,0.5681818181818182,Terra,00:00:00
2012-09-23,2012-09-23 00:00:00,-0.5377278663192566,-0.5504885993485342,0.28991596638655465,Terra,00:00:00
2012-09-24,2012-09-24 00:00:00,-0.39794000867203766,-0.42857142857142855,0.39999999999999997,Terra,00:00:00
2012-09-25,2012-09-25 00:00:00,0.4793427147136204,0.5019157088122606,3.015384615384615,Terra,00:00:00
2012-09-26,2012-09-26 00:00:00,-0.032076582690842334,-0.03691275167785236,0.9288025889967637,Terra,00:00:00
2012-09-29,2012-09-29 00:00:00,-0.11414215958057775,-0.13065976714100902,0.7688787185354692,Terra,00:00:00
2012-09-30,2012-09-30 00:00:00,-0.31248098434664373,-0.345,0.48698884758364314,Terra,00:00:00
2012-10-01,2012-10-01 00:00:00,-0.6690067809585756,-0.6470588235294118,0.21428571428571427,Terra,00:00:00
2012-10-02,2012-10-02 00:00:00,-0.2921362825039987,-0.3242009132420091,0.5103448275862069,Terra,00:00:00
2012-10-03,2012-10-03 00:00:00,-0.4816499139183981,-0.5039001560062402,0.32987551867219916,Terra,00:00:00
2012-10-04,2012-10-04 00:00:00,-0.5710257575879936,-0.5766423357664234,0.26851851851851855,Terra,00:00:00
2012-10-05,2012-10-05 00:00:00,-0.2980655167002422,-0.3302961275626423,0.5034246575342466,Terra,00:00:00
2012-10-06,2012-10-06 00:00:00,-0.6445089262534653,-0.6303630363036303,0.22672064777327935,Terra,00:00:00
2012-10-07,2012-10-07 00:00:00,-0.6647409149532737,-0.6441947565543071,0.21640091116173119,Terra,00:00:00
2012-10-08,2012-10-08 00:00:00,-0.3486716300992078,-0.38116591928251126,0.448051948051948,Terra,00:00:00
2012-10-09,2012-10-09 00:00:00,-0.46963323332711243,-0.49350649350649345,0.33913043478260874,Terra,00:00:00
2012-10-10,2012-10-10 00:00:00,-0.48093925277668076,-0.5032894736842105,0.3304157549234136,Terra,00:00:00
2012-10-11,2012-10-11 00:00:00,-0.7363965022766424,-0.689922480620155,0.1834862385321101,Terra,00:00:00
2012-10-12,2012-10-12 00:00:00,-0.5135869559755297,-0.5308219178082192,0.3064876957494407,Terra,00:00:00
2012-10-17,2012-10-17 00:00:00,-0.8351897513540079,-0.7449664429530201,0.14615384615384613,Terra,00:00:00
2012-10-21,2012-10-21 00:00:00,-0.5067131275127841,-0.5251141552511415,0.31137724550898205,Terra,00:00:00
2012-10-25,2012-10-25 00:00:00,-0.6917215276168907,-0.662004662004662,0.20336605890603085,Terra,00:00:00
2012-10-29,2012-10-29 00:00:00,-0.5584261943971428,-0.5668789808917197,0.2764227642276423,Terra,00:00:00
2012-11-07,2012-11-07 00:00:00,-0.5975360495679162,-0.5966562173458726,0.2526178010471204,Terra,00:00:00
2012-11-10,2012-11-10 00:00:00,-0.5588085347370605,-0.5671776375112715,0.2761795166858458,Terra,00:00:00
2012-11-25,2012-11-25 00:00:00,-0.5043139925335647,-0.5231107850330154,0.313102119460501,Terra,00:00:00
2012-12-02,2012-12-02 00:00:00,-0.369630097310658,-0.4015976761074801,0.42694300518134715,Terra,00:00:00
2012-12-03,2012-12-03 00:00:00,-0.29985251329269974,-0.33212778782399033,0.5013574660633484,Terra,00:00:00
2012-12-05,2012-12-05 00:00:00,-0.45766566845872486,-0.48301329394386994,0.34860557768924305,Terra,00:00:00
2012-12-06,2012-12-06 00:00:00,-0.4080659342608719,-0.4380403458213256,0.3907815631262525,Terra,00:00:00
2012-12-09,2012-12-09 00:00:00,-0.44589859745262556,-0.4725588025659301,0.3581800580832527,Terra,00:00:00
2012-12-12,2012-12-12 00:00:00,-0.5972290796485168,-0.5964285714285713,0.25279642058165547,Terra,00:00:00
2012-12-13,2012-12-13 00:00:00,-0.5733031963385862,-0.5783898305084746,0.26711409395973157,Terra,00:00:00
2013-03-09,2013-03-09 00:00:00,-0.680033185186619,-0.6543778801843319,0.20891364902506965,Terra,00:00:00
2013-03-15,2013-03-15 00:00:00,-0.4362850007482573,-0.4639175257731958,0.36619718309859156,Terra,00:00:00
2013-03-16,2013-03-16 00:00:00,-0.3428316210425378,-0.37540453074433655,0.4541176470588235,Terra,00:00:00
2013-03-17,2013-03-17 00:00:00,-0.5776591609526787,-0.5817174515235457,0.2644483362521891,Terra,00:00:00
2013-03-18,2013-03-18 00:00:00,-0.36849135227647783,-0.400497512437811,0.4280639431616341,Terra,00:00:00
2013-03-22,2013-03-22 00:00:00,-0.3987313137471415,-0.4293148308759757,0.39927184466019416,Terra,00:00:00
2013-03-29,2013-03-29 00:00:00,-0.5097226874579472,-0.5276190476190477,0.3092269326683292,Terra,00:00:00
2013-03-30,2013-03-30 00:00:00,-0.6657290711973397,-0.6448598130841121,0.21590909090909088,Terra,00:00:00
2013-04-08,2013-04-08 00:00:00,-0.41086327487960184,-0.44063926940639264,0.38827258320126784,Terra,00:00:00
2013-04-11,2013-04-11 00:00:00,-0.3741153253980247,-0.40591966173361527,0.4225563909774436,Terra,00:00:00
2013-04-13,2013-04-13 00:00:00,-0.3222724552067078,-0.3548922056384743,0.47613219094247244,Terra,00:00:00
2013-04-15,2013-04-15 00:00:00,-0.4528317929189256,-0.47873500545256265,0.35250737463126847,Terra,00:00:00
2013-04-17,2013-04-17 00:00:00,-0.6020599913279624,-0.6,0.25,Terra,00:00:00
2013-04-18,2013-04-18 00:00:00,-0.6742376493650042,-0.6505460218408736,0.21172022684310018,Terra,00:00:00
2013-04-20,2013-04-20 00:00:00,-0.46382191550863494,-0.48842874543239945,0.34369885433715225,Terra,00:00:00
2013-04-21,2013-04-21 00:00:00,-0.4065033148949573,-0.4365853658536585,0.39219015280135827,Terra,00:00:00
2013-04-22,2013-04-22 00:00:00,-0.29241845478775774,-0.3244916003536693,0.5100133511348465,Terra,00:00:00
2013-04-23,2013-04-23 00:00:00,-0.4744650110759223,-0.4977029096477795,0.3353783231083845,Terra,00:00:00
2013-04-24,2013-04-24 00:00:00,-0.5496719218682741,-0.56,0.2820512820512821,Terra,00:00:00
2013-04-25,2013-04-25 00:00:00,-0.3921104650113138,-0.4230769230769231,0.4054054054054054,Terra,00:00:00
2013-04-26,2013-04-26 00:00:00,-0.5058454059815573,-0.5243902439024389,0.312,Terra,00:00:00
2013-04-27,2013-04-27 00:00:00,-0.5745389176766995,-0.5793357933579336,0.26635514018691586,Terra,00:00:00
2013-04-30,2013-04-30 00:00:00,-0.5169013998157551,-0.5335570469798657,0.3041575492341357,Terra,00:00:00
2013-05-01,2013-05-01 00:00:00,-0.45012727926158325,-0.4763313609467456,0.35470941883767537,Terra,00:00:00
2013-05-02,2013-05-02 00:00:00,-0.5344166586740948,-0.5478260869565217,0.29213483146067415,Terra,00:00:00
2013-05-03,2013-05-03 00:00:00,-0.5496719218682741,-0.5599999999999999,0.2820512820512821,Terra,00:00:00
2013-05-05,2013-05-05 00:00:00,-0.4887595621317367,-0.5099818511796734,0.3245192307692307,Terra,00:00:00
2013-05-06,2013-05-06 00:00:00,-0.3519947150892345,-0.3844311377245509,0.444636678200692,Terra,00:00:00
2013-05-07,2013-05-07 00:00:00,-0.31231100607367024,-0.3448275862068966,0.48717948717948717,Terra,00:00:00
2013-05-09,2013-05-09 00:00:00,-0.47108928994974936,-0.4947735191637631,0.337995337995338,Terra,00:00:00
2013-05-10,2013-05-10 00:00:00,-0.49342376594206183,-0.5139442231075696,0.3210526315789474,Terra,00:00:00
2013-05-14,2013-05-14 00:00:00,-0.5587085705331658,-0.5670995670995671,0.2762430939226519,Terra,00:00:00
2013-05-17,2013-05-17 00:00:00,-0.4263429627839366,-0.45488721804511284,0.3746770025839793,Terra,00:00:00
2013-05-19,2013-05-19 00:00:00,-0.5925742433391017,-0.5929648241206029,0.2555205047318612,Terra,00:00:00
2013-05-20,2013-05-20 00:00:00,-0.494850021680094,-0.5151515151515151,0.32,Terra,00:00:00
2013-05-22,2013-05-22 00:00:00,-0.32508012507611367,-0.35771428571428576,0.4730639730639731,Terra,00:00:00
2013-05-23,2013-05-23 00:00:00,-0.5655431575021999,-0.5724137931034482,0.2719298245614035,Terra,00:00:00
2013-05-24,2013-05-24 00:00:00,-0.4664631865376058,-0.49074074074074064,0.34161490683229817,Terra,00:00:00
2013-05-25,2013-05-25 00:00:00,-0.4648867983026508,-0.4893617021276596,0.34285714285714286,Terra,00:00:00
2013-05-26,2013-05-26 00:00:00,-0.3143031860894548,-0.34684684684684686,0.4849498327759197,Terra,00:00:00
2013-05-28,2013-05-28 00:00:00,-0.46630838543744496,-0.49060542797494777,0.34173669467787116,Terra,00:00:00
2013-05-30,2013-05-30 00:00:00,-0.361076231271345,-0.393305439330544,0.4354354354354354,Terra,00:00:00
2013-05-31,2013-05-31 00:00:00,-0.3524404892991694,-0.3848684210526316,0.44418052256532065,Terra,00:00:00
2013-06-01,2013-06-01 00:00:00,-0.37458843697554856,-0.4063745019920319,0.4220963172804532,Terra,00:00:00
2013-06-02,2013-06-02 00:00:00,-0.19973916669212272,-0.22598870056497172,0.631336405529954,Terra,00:00:00
2013-06-03,2013-06-03 00:00:00,-0.30813033608192025,-0.34057971014492755,0.49189189189189186,Terra,00:00:00
2013-06-04,2013-06-04 00:00:00,-0.46177356287850785,-0.48663101604278075,0.34532374100719426,Terra,00:00:00
2013-06-05,2013-06-05 00:00:00,-0.379890847390986,-0.4114583333333333,0.41697416974169743,Terra,00:00:00
2013-06-06,2013-06-06 00:00:00,-0.4271869504115992,-0.4556574923547401,0.3739495798319327,Terra,00:00:00
2013-06-07,2013-06-07 00:00:00,-0.4666558210414975,-0.49090909090909096,0.3414634146341463,Terra,00:00:00
2013-06-08,2013-06-08 00:00:00,-0.4897103820276829,-0.5107913669064749,0.3238095238095238,Terra,00:00:00
2013-06-09,2013-06-09 00:00:00,-0.09543532744205077,-0.10943396226415099,0.802721088435374,Terra,00:00:00
2013-06-10,2013-06-10 00:00:00,-0.05978689197158304,-0.06872370266479666,0.8713910761154855,Terra,00:00:00
2013-06-11,2013-06-11 00:00:00,-0.09996485197091692,-0.11458333333333336,0.794392523364486,Terra,00:00:00
2013-06-12,2013-06-12 00:00:00,-0.3200280118918966,-0.35263157894736846,0.4785992217898833,Terra,00:00:00
2013-06-14,2013-06-14 00:00:00,-0.1716277615764735,-0.1950617283950617,0.6735537190082644,Terra,00:00:00
2013-06-15,2013-06-15 00:00:00,0.05195159255671425,0.05974025974025973,1.12707182320442,Terra,00:00:00
2013-06-16,2013-06-16 00:00:00,-0.04451325496526903,-0.051202961135101706,0.9025821596244132,Terra,00:00:00
2013-06-17,2013-06-17 00:00:00,0.052936075187798574,0.060869565217391355,1.1296296296296298,Terra,00:00:00
2013-06-22,2013-06-22 00:00:00,-0.0017835527404172155,-0.002053388090349063,0.9959016393442623,Terra,00:00:00
2013-06-27,2013-06-27 00:00:00,0.19497660321605503,0.2207792207792208,1.5666666666666667,Terra,00:00:00
2013-06-28,2013-06-28 00:00:00,0.9634747470855206,0.8037940379403794,9.193370165745856,Terra,00:00:00
2013-06-29,2013-06-29 00:00:00,-0.47712125471966244,-0.5,0.3333333333333333,Terra,00:00:00
2013-06-30,2013-06-30 00:00:00,-0.2041199826559248,-0.23076923076923075,0.625,Terra,00:00:00
2013-07-01,2013-07-01 00:00:00,-0.01960838053980689,-0.022571148184494568,0.9558541266794627,Terra,00:00:00
2013-07-03,2013-07-03 00:00:00,-0.16080838438431155,-0.18305084745762715,0.6905444126074498,Terra,00:00:00
2013-07-05,2013-07-05 00:00:00,-0.06417173557584104,-0.07374631268436574,0.8626373626373627,Terra,00:00:00
2013-07-06,2013-07-06 00:00:00,-0.26728141257632143,-0.2983606557377049,0.5404040404040404,Terra,00:00:00
2013-07-07,2013-07-07 00:00:00,-0.4401061481431623,-0.4673629242819843,0.3629893238434164,Terra,00:00:00
2013-07-08,2013-07-08 00:00:00,-0.23901677475337021,-0.26843657817109146,0.5767441860465117,Terra,00:00:00
2013-07-09,2013-07-09 00:00:00,-0.2041199826559248,-0.23076923076923075,0.625,Terra,00:00:00
2013-07-10,2013-07-10 00:00:00,0.04575749056067514,0.052631578947368404,1.1111111111111112,Terra,00:00:00
2013-07-11,2013-07-11 00:00:00,-0.03593457949580666,-0.04134762633996939,0.9205882352941176,Terra,00:00:00
2013-07-12,2013-07-12 00:00:00,-0.04102006009726756,-0.04719101123595509,0.9098712446351931,Terra,00:00:00
2013-07-13,2013-07-13 00:00:00,-0.2232038037013225,-0.2514619883040936,0.5981308411214953,Terra,00:00:00
2013-07-14,2013-07-14 00:00:00,-0.2822264318412756,-0.3139534883720931,0.5221238938053097,Terra,00:00:00
2013-07-15,2013-07-15 00:00:00,-0.07340642009919504,-0.0843116328708645,0.8444881889763779,Terra,00:00:00
2013-07-17,2013-07-17 00:00:00,-0.2396714079363371,-0.2691358024691358,0.575875486381323,Terra,00:00:00
2013-07-18,2013-07-18 00:00:00,-0.06798391127430445,-0.07810993249758921,0.8550983899821109,Terra,00:00:00
2013-07-19,2013-07-19 00:00:00,-0.22862031033186583,-0.25729442970822286,0.5907172995780591,Terra,00:00:00
2013-07-20,2013-07-20 00:00:00,-0.051416130638723904,-0.05912596401028277,0.8883495145631068,Terra,00:00:00
2013-07-21,2013-07-21 00:00:00,-0.15247207274969982,-0.17375886524822698,0.7039274924471298,Terra,00:00:00
2013-07-22,2013-07-22 00:00:00,-0.13231233447709403,-0.15116279069767447,0.7373737373737373,Terra,00:00:00
2013-07-25,2013-07-25 00:00:00,0.02148891583373838,0.024734982332155448,1.0507246376811594,Terra,00:00:00
2013-07-27,2013-07-27 00:00:00,-0.12175919541759701,-0.139269406392694,0.7555110220440883,Terra,00:00:00
2013-07-28,2013-07-28 00:00:00,-0.12807445046115856,-0.14639175257731962,0.7446043165467625,Terra,00:00:00
2013-07-29,2013-07-29 00:00:00,-0.16126748273865688,-0.18356164383561643,0.6898148148148148,Terra,00:00:00
2013-08-01,2013-08-01 00:00:00,1.0811872287452233,0.8468085106382979,12.055555555555555,Terra,00:00:00
2013-08-02,2013-08-02 00:00:00,0.23531350283886876,0.26447574334898283,1.719148936170213,Terra,00:00:00
2013-08-03,2013-08-03 00:00:00,-0.0915592946239553,-0.10502283105022837,0.8099173553719007,Terra,00:00:00
2013-08-04,2013-08-04 00:00:00,0.11140325757942579,0.12755905511811017,1.2924187725631768,Terra,00:00:00
2013-08-05,2013-08-05 00:00:00,-0.25756430188289087,-0.28813559322033894,0.5526315789473685,Terra,00:00:00
2013-08-06,2013-08-06 00:00:00,-0.01555184770615701,-0.017902813299232715,0.9648241206030151,Terra,00:00:00
2013-08-11,2013-08-11 00:00:00,-0.07706788673422572,-0.08849557522123894,0.8373983739837398,Terra,00:00:00
2013-08-12,2013-08-12 00:00:00,-0.2104939987392343,-0.23770491803278684,0.6158940397350994,Terra,00:00:00
2013-08-13,2013-08-13 00:00:00,-0.29508066315077996,-0.32723112128146453,0.506896551724138,Terra,00:00:00
2013-08-14,2013-08-14 00:00:00,-0.4034825841245941,-0.4337662337662338,0.39492753623188404,Terra,00:00:00
2013-08-15,2013-08-15 00:00:00,-0.38924592524754126,-0.4203655352480419,0.40808823529411764,Terra,00:00:00
2013-08-16,2013-08-16 00:00:00,-0.4393326938302627,-0.4666666666666667,0.3636363636363636,Terra,00:00:00
2013-08-17,2013-08-17 00:00:00,-0.3375468294897437,-0.37016574585635365,0.4596774193548387,Terra,00:00:00
2013-08-18,2013-08-18 00:00:00,-0.2995194046387426,-0.33178654292343385,0.5017421602787457,Terra,00:00:00
2013-08-19,2013-08-19 00:00:00,-0.451674132507183,-0.4777070063694267,0.35344827586206895,Terra,00:00:00
2013-08-20,2013-08-20 00:00:00,-0.27266835178533927,-0.304,0.5337423312883436,Terra,00:00:00
2013-08-23,2013-08-23 00:00:00,-0.21612889012894013,-0.24381625441696111,0.6079545454545455,Terra,00:00:00
2013-08-24,2013-08-24 00:00:00,-0.45668009447711777,-0.48214285714285715,0.3493975903614458,Terra,00:00:00
2013-08-26,2013-08-26 00:00:00,-0.5109278171788659,-0.5286195286195287,0.30837004405286345,Terra,00:00:00
2013-08-27,2013-08-27 00:00:00,-0.10018419262300514,-0.11483253588516742,0.7939914163090129,Terra,00:00:00
2013-08-28,2013-08-28 00:00:00,-0.6442576711224173,-0.630188679245283,0.22685185185185183,Terra,00:00:00
2013-08-29,2013-08-29 00:00:00,-0.33827805308361064,-0.37089201877934275,0.4589041095890411,Terra,00:00:00
2013-08-30,2013-08-30 00:00:00,-0.5241732156333364,-0.5395189003436426,0.29910714285714285,Terra,00:00:00
2013-08-31,2013-08-31 00:00:00,-0.6707267613528494,-0.6482084690553747,0.21343873517786563,Terra,00:00:00
2013-09-01,2013-09-01 00:00:00,-0.5760944282914923,-0.5805243445692884,0.2654028436018957,Terra,00:00:00
2013-09-02,2013-09-02 00:00:00,-0.5864922141013127,-0.5884057971014491,0.2591240875912409,Terra,00:00:00
2013-09-03,2013-09-03 00:00:00,-0.6812412373755872,-0.6551724137931034,0.20833333333333334,Terra,00:00:00
2013-09-04,2013-09-04 00:00:00,-0.5550634286517389,-0.5642458100558659,0.2785714285714286,Terra,00:00:00
2013-09-07,2013-09-07 00:00:00,-0.5467571828610569,-0.5576923076923077,0.2839506172839506,Terra,00:00:00
2013-09-08,2013-09-08 00:00:00,-0.7809263044384158,-0.7158469945355191,0.16560509554140126,Terra,00:00:00
2013-09-09,2013-09-09 00:00:00,-0.7382797383459514,-0.6910569105691057,0.18269230769230768,Terra,00:00:00
2013-09-10,2013-09-10 00:00:00,-0.6964077875714184,-0.6650246305418719,0.20118343195266272,Terra,00:00:00
2013-09-11,2013-09-11 00:00:00,-0.7211127494132794,-0.6805896805896806,0.19005847953216376,Terra,00:00:00
2013-09-13,2013-09-13 00:00:00,-0.5248132450575372,-0.5400410677618069,0.2986666666666667,Terra,00:00:00
2013-09-14,2013-09-14 00:00:00,-0.41774840202559005,-0.4470046082949308,0.3821656050955414,Terra,00:00:00
2013-09-15,2013-09-15 00:00:00,-0.4130662210529191,-0.4426807760141093,0.38630806845965776,Terra,00:00:00
2013-09-16,2013-09-16 00:00:00,-0.660193287202553,-0.6411214953271027,0.21867881548974943,Terra,00:00:00
2013-09-18,2013-09-18 00:00:00,-0.5913361259361892,-0.592039800995025,0.25625000000000003,Terra,00:00:00
2013-09-19,2013-09-19 00:00:00,-0.7134259207469885,-0.6758104738154614,0.19345238095238093,Terra,00:00:00
2013-09-20,2013-09-20 00:00:00,-0.5803087411571003,-0.583732057416268,0.2628398791540785,Terra,00:00:00
2013-09-25,2013-09-25 00:00:00,-0.3601246799634729,-0.392378990731205,0.4363905325443787,Terra,00:00:00
2013-09-26,2013-09-26 00:00:00,-0.48701796389205154,-0.5084967320261439,0.32582322357019067,Terra,00:00:00
2013-09-27,2013-09-27 00:00:00,-0.6323215963604979,-0.621832358674464,0.2331730769230769,Terra,00:00:00
2013-09-30,2013-09-30 00:00:00,-0.3979400086720376,-0.42857142857142855,0.4,Terra,00:00:00
2013-10-02,2013-10-02 00:00:00,-0.623828736090134,-0.6157989228007181,0.23777777777777778,Terra,00:00:00
2013-10-03,2013-10-03 00:00:00,-0.7290590919316748,-0.6854700854700855,0.1866125760649087,Terra,00:00:00
2013-10-04,2013-10-04 00:00:00,-0.5845692591676269,-0.5869565217391304,0.26027397260273977,Terra,00:00:00
2013-10-05,2013-10-05 00:00:00,-0.7384785456196924,-0.6911764705882352,0.18260869565217394,Terra,00:00:00
2013-10-06,2013-10-06 00:00:00,-0.5658478186735176,-0.5726495726495727,0.27173913043478265,Terra,00:00:00
2013-10-08,2013-10-08 00:00:00,-0.6814296923500797,-0.6552962298025136,0.2082429501084599,Terra,00:00:00
2013-10-12,2013-10-12 00:00:00,-0.694453903171055,-0.6637681159420289,0.20209059233449478,Terra,00:00:00
2013-10-13,2013-10-13 00:00:00,-0.7145484193866247,-0.6765119549929678,0.1929530201342282,Terra,00:00:00
2013-10-14,2013-10-14 00:00:00,-0.61515528941811,-0.6095617529880477,0.2425742574257426,Terra,00:00:00
2013-10-15,2013-10-15 00:00:00,-0.7129057822793113,-0.6754850088183422,0.1936842105263158,Terra,00:00:00
2013-10-16,2013-10-16 00:00:00,-0.7044405459998261,-0.6701509872241579,0.19749652294853964,Terra,00:00:00
2013-10-17,2013-10-17 00:00:00,-0.7814289601448796,-0.7161290322580645,0.16541353383458646,Terra,00:00:00
2013-10-18,2013-10-18 00:00:00,-0.6798470323839819,-0.6542553191489362,0.2090032154340836,Terra,00:00:00
2013-10-19,2013-10-19 00:00:00,-0.7373613335135791,-0.6905041031652989,0.18307905686546463,Terra,00:00:00
2013-10-20,2013-10-20 00:00:00,-0.7531232446817125,-0.6998799519807923,0.1765536723163842,Terra,00:00:00
2013-10-21,2013-10-21 00:00:00,-0.7280179597626805,-0.6848341232227487,0.18706047819971874,Terra,00:00:00
2013-10-22,2013-10-22 00:00:00,-0.7926510472138767,-0.7223650385604112,0.16119402985074627,Terra,00:00:00
2013-10-23,2013-10-23 00:00:00,-0.6724881180924892,-0.6493827160493826,0.2125748502994012,Terra,00:00:00
2013-10-24,2013-10-24 00:00:00,-0.7066229685645443,-0.6715328467153285,0.19650655021834063,Terra,00:00:00
2013-10-25,2013-10-25 00:00:00,-0.7122997815906331,-0.6751054852320676,0.1939546599496222,Terra,00:00:00
2013-10-26,2013-10-26 00:00:00,-0.7158457335870149,-0.6773211567732116,0.1923774954627949,Terra,00:00:00
2013-10-27,2013-10-27 00:00:00,-0.5466950742471643,-0.5576430401366352,0.28399122807017546,Terra,00:00:00
2013-10-29,2013-10-29 00:00:00,-0.625199794836225,-0.6167778836987609,0.23702830188679244,Terra,00:00:00
2013-10-30,2013-10-30 00:00:00,-0.5656642939862458,-0.5725075528700906,0.2718539865513929,Terra,00:00:00
2013-10-31,2013-10-31 00:00:00,-0.17856306129964844,-0.20273037542662115,0.662883087400681,Terra,00:00:00
2013-11-01,2013-11-01 00:00:00,-0.43669259766405427,-0.4642857142857143,0.36585365853658536,Terra,00:00:00
2013-11-04,2013-11-04 00:00:00,-0.6453257684705271,-0.6309287610326144,0.22629543045288292,Terra,00:00:00
2013-11-13,2013-11-13 00:00:00,-0.7391075022566356,-0.6915544675642595,0.18234442836468884,Terra,00:00:00
2013-11-14,2013-11-14 00:00:00,-0.7378080087048282,-0.6907730673316709,0.18289085545722716,Terra,00:00:00
2013-11-16,2013-11-16 00:00:00,-0.4684176671977841,-0.49244712990936557,0.340080971659919,Terra,00:00:00
2013-11-17,2013-11-17 00:00:00,-0.7360142728720332,-0.6896918172157279,0.18364779874213835,Terra,00:00:00
2013-11-21,2013-11-21 00:00:00,-0.49206976801943497,-0.5127962085308058,0.3220551378446115,Terra,00:00:00
2013-11-22,2013-11-22 00:00:00,-0.4942291574115186,-0.5146262188515709,0.32045779685264664,Terra,00:00:00
2013-11-23,2013-11-23 00:00:00,-0.5741985936715738,-0.5790754257907543,0.2665639445300462,Terra,00:00:00
2013-11-24,2013-11-24 00:00:00,-0.6960405194887246,-0.6647887323943661,0.20135363790186125,Terra,00:00:00
2013-11-28,2013-11-28 00:00:00,-0.7947831156701003,-0.7235367372353674,0.16040462427745666,Terra,00:00:00
2013-11-29,2013-11-29 00:00:00,-0.6596466237807536,-0.6407506702412868,0.21895424836601307,Terra,00:00:00
2013-12-04,2013-12-04 00:00:00,-0.40146536569127006,-0.4318788958147817,0.3967661691542289,Terra,00:00:00
2014-02-01,2014-02-01 00:00:00,-0.30181747454139507,-0.3341389728096677,0.4990942028985507,Terra,00:00:00
2014-02-21,2014-02-21 00:00:00,-0.5084136129735617,-0.5265306122448978,0.31016042780748665,Terra,00:00:00
2014-02-22,2014-02-22 00:00:00,-0.8586708472035307,-0.7567567567567567,0.13846153846153847,Terra,00:00:00
2014-02-23,2014-02-23 00:00:00,-0.7758833889278216,-0.7130044843049327,0.1675392670157068,Terra,00:00:00
2014-03-11,2014-03-11 00:00:00,-0.8422250781685265,-0.7485493230174082,0.14380530973451328,Terra,00:00:00
2014-03-12,2014-03-12 00:00:00,-0.7976733900861187,-0.7251184834123223,0.15934065934065936,Terra,00:00:00
2014-03-15,2014-03-15 00:00:00,-0.7506301767323807,-0.6984126984126985,0.17757009345794392,Terra,00:00:00
2014-03-17,2014-03-17 00:00:00,-0.5426228034760948,-0.5544041450777203,0.2866666666666666,Terra,00:00:00
2014-03-18,2014-03-18 00:00:00,-0.7738724524043686,-0.711864406779661,0.16831683168316833,Terra,00:00:00
2014-03-19,2014-03-19 00:00:00,-0.8053689663123457,-0.7292929292929294,0.15654205607476634,Terra,00:00:00
2014-03-20,2014-03-20 00:00:00,-0.7069552146574021,-0.6717428087986463,0.19635627530364375,Terra,00:00:00
2014-03-21,2014-03-21 00:00:00,-0.701954857885481,-0.6685714285714286,0.19863013698630141,Terra,00:00:00
2014-03-22,2014-03-22 00:00:00,-0.7225574016135362,-0.6814814814814814,0.1894273127753304,Terra,00:00:00
2014-03-23,2014-03-23 00:00:00,-0.4967478884231798,-0.5167548500881834,0.3186046511627907,Terra,00:00:00
2014-03-24,2014-03-24 00:00:00,-0.4066767725036149,-0.4367469879518072,0.39203354297693926,Terra,00:00:00
2014-04-02,2014-04-02 00:00:00,-0.6971566635725505,-0.6655052264808361,0.200836820083682,Terra,00:00:00
2014-04-07,2014-04-07 00:00:00,-0.5535096005831172,-0.5630252100840336,0.2795698924731183,Terra,00:00:00
2014-04-09,2014-04-09 00:00:00,-0.72623345111815,-0.6837416481069042,0.18783068783068785,Terra,00:00:00
2014-04-10,2014-04-10 00:00:00,-0.4792606407302139,-0.5018450184501846,0.3316953316953317,Terra,00:00:00
2014-04-11,2014-04-11 00:00:00,-0.6619592513488637,-0.6423173803526447,0.21779141104294478,Terra,00:00:00
2014-04-12,2014-04-12 00:00:00,-0.6576783061522992,-0.6394129979035639,0.21994884910485932,Terra,00:00:00
2014-04-13,2014-04-13 00:00:00,-0.7293526333297398,-0.6856492027334852,0.18648648648648647,Terra,00:00:00
2014-04-14,2014-04-14 00:00:00,-0.5653667512761653,-0.5722772277227722,0.27204030226700254,Terra,00:00:00
2014-04-16,2014-04-16 00:00:00,-0.5049640247816751,-0.5236541598694943,0.31263383297644537,Terra,00:00:00
2014-04-18,2014-04-18 00:00:00,-0.22081594417858852,-0.2488849241748439,0.6014285714285714,Terra,00:00:00
2014-04-20,2014-04-20 00:00:00,-0.5335178620169675,-0.5471014492753623,0.2927400468384075,Terra,00:00:00
2014-04-22,2014-04-22 00:00:00,-0.609569593106708,-0.6055045871559633,0.2457142857142857,Terra,00:00:00
2014-04-28,2014-04-28 00:00:00,-0.35501180813022676,-0.38738738738738737,0.44155844155844154,Terra,00:00:00
2014-04-29,2014-04-29 00:00:00,-0.5900951992983191,-0.5911111111111111,0.2569832402234637,Terra,00:00:00
2014-05-06,2014-05-06 00:00:00,-0.5583084834648858,-0.5667870036101083,0.2764976958525346,Terra,00:00:00
2014-05-07,2014-05-07 00:00:00,-0.4259687322722811,-0.4545454545454546,0.37500000000000006,Terra,00:00:00
2014-05-10,2014-05-10 00:00:00,-0.5503531682540861,-0.5605381165919283,0.28160919540229884,Terra,00:00:00
2014-05-11,2014-05-11 00:00:00,-0.22938808482498815,-0.2581196581196581,0.5896739130434783,Terra,00:00:00
2014-05-13,2014-05-13 00:00:00,-0.5528419686577808,-0.5624999999999999,0.28,Terra,00:00:00
2014-05-14,2014-05-14 00:00:00,-0.5606673061697374,-0.5686274509803922,0.275,Terra,00:00:00
2014-05-16,2014-05-16 00:00:00,-0.5412643258850975,-0.5533199195171027,0.28756476683937826,Terra,00:00:00
2014-05-17,2014-05-17 00:00:00,-0.5049255947024613,-0.5236220472440946,0.31266149870801035,Terra,00:00:00
2014-05-20,2014-05-20 00:00:00,-0.22045518372967185,-0.24849527085124673,0.6019283746556474,Terra,00:00:00
2014-05-21,2014-05-21 00:00:00,-0.49177354259145634,-0.5125448028673835,0.3222748815165877,Terra,00:00:00
2014-05-22,2014-05-22 00:00:00,-0.6887808101340833,-0.6600985221674877,0.20474777448071219,Terra,00:00:00
2014-05-24,2014-05-24 00:00:00,-0.3506813258738082,-0.3831417624521073,0.44598337950138506,Terra,00:00:00
2014-05-26,2014-05-26 00:00:00,-0.5462781991553926,-0.5573122529644269,0.2842639593908629,Terra,00:00:00
2014-05-27,2014-05-27 00:00:00,-0.1215282079934349,-0.1390086206896552,0.7559129612109744,Terra,00:00:00
2014-05-28,2014-05-28 00:00:00,-0.3679767852945944,-0.39999999999999997,0.4285714285714286,Terra,00:00:00
2014-05-29,2014-05-29 00:00:00,-0.47400801929551944,-0.49730700179533216,0.33573141486810554,Terra,00:00:00
2014-05-30,2014-05-30 00:00:00,-0.4621639399671775,-0.4869739478957916,0.3450134770889488,Terra,00:00:00
2014-05-31,2014-05-31 00:00:00,-0.6186592531474241,-0.6120906801007557,0.240625,Terra,00:00:00
2014-06-01,2014-06-01 00:00:00,-0.45027126676636214,-0.47645951035781536,0.3545918367346939,Terra,00:00:00
2014-06-02,2014-06-02 00:00:00,-0.39357520326958756,-0.4244604316546763,0.40404040404040403,Terra,00:00:00
2014-06-03,2014-06-03 00:00:00,-0.2621356557382312,-0.29295426452410384,0.5468451242829828,Terra,00:00:00
2014-06-04,2014-06-04 00:00:00,-0.4986386947057807,-0.518348623853211,0.3172205438066465,Terra,00:00:00
2014-06-05,2014-06-05 00:00:00,-0.16000948795327857,-0.18216175359032505,0.6918158567774936,Terra,00:00:00
2014-06-06,2014-06-06 00:00:00,-0.35806849663434537,-0.39037433155080214,0.43846153846153846,Terra,00:00:00
2014-06-07,2014-06-07 00:00:00,-0.3515553779563135,-0.38399999999999995,0.4450867052023122,Terra,00:00:00
2014-06-08,2014-06-08 00:00:00,-0.26251640208214344,-0.29335494327390604,0.5463659147869674,Terra,00:00:00
2014-06-09,2014-06-09 00:00:00,-0.44128282949095493,-0.46842105263157885,0.3620071684587814,Terra,00:00:00
2014-06-10,2014-06-10 00:00:00,-0.2584179522450164,-0.2890365448504983,0.5515463917525774,Terra,00:00:00
2014-06-11,2014-06-11 00:00:00,-0.24788333302992718,-0.277882797731569,0.5650887573964497,Terra,00:00:00
2014-06-12,2014-06-12 00:00:00,-0.0758405027905957,-0.087093389296957,0.8397683397683398,Terra,00:00:00
2014-06-15,2014-06-15 00:00:00,-0.11623514908642159,-0.1330275229357798,0.7651821862348178,Terra,00:00:00
2014-06-16,2014-06-16 00:00:00,-0.1277424550734781,-0.14601769911504428,0.7451737451737451,Terra,00:00:00
2014-06-17,2014-06-17 00:00:00,-0.10321948691506368,-0.11827956989247314,0.7884615384615384,Terra,00:00:00
2014-06-18,2014-06-18 00:00:00,-0.03103423373996879,-0.03571428571428575,0.9310344827586207,Terra,00:00:00
2014-06-19,2014-06-19 00:00:00,0.05225860322474426,0.060092449922958355,1.1278688524590164,Terra,00:00:00
2014-06-20,2014-06-20 00:00:00,-0.20446343422139526,-0.2311435523114355,0.624505928853755,Terra,00:00:00
2014-06-22,2014-06-22 00:00:00,0.01639041618816929,0.018867924528301838,1.0384615384615383,Terra,00:00:00
2014-06-23,2014-06-23 00:00:00,-0.05204757984451867,-0.05985037406483788,0.8870588235294118,Terra,00:00:00
2014-06-24,2014-06-24 00:00:00,-0.1446827948040571,-0.1650485436893204,0.7166666666666667,Terra,00:00:00
2014-06-28,2014-06-28 00:00:00,0.08130493967748034,0.09333333333333331,1.2058823529411764,Terra,00:00:00
2014-06-29,2014-06-29 00:00:00,0.058758574682321874,0.06754530477759466,1.1448763250883391,Terra,00:00:00
2014-06-30,2014-06-30 00:00:00,-0.25562717599431495,-0.28608923884514437,0.5551020408163265,Terra,00:00:00
2014-07-02,2014-07-02 00:00:00,-0.36708956438970103,-0.3991416309012876,0.42944785276073616,Terra,00:00:00
2014-07-03,2014-07-03 00:00:00,-0.18171587305430562,-0.2062084257206209,0.6580882352941175,Terra,00:00:00
2014-07-04,2014-07-04 00:00:00,-0.1986570869544226,-0.2248062015503876,0.6329113924050633,Terra,00:00:00
2014-07-05,2014-07-05 00:00:00,0.0,0.0,1.0,Terra,00:00:00
2014-07-06,2014-07-06 00:00:00,-0.036852725103757235,-0.04240282685512366,0.9186440677966102,Terra,00:00:00
2014-07-07,2014-07-07 00:00:00,-0.12717929780437676,-0.14538310412573674,0.7461406518010292,Terra,00:00:00
2014-07-09,2014-07-09 00:00:00,0.039586884294962724,0.04554455445544554,1.095435684647303,Terra,00:00:00
2014-07-10,2014-07-10 00:00:00,0.13724251930559334,0.15670436187399026,1.3716475095785439,Terra,00:00:00
2014-07-12,2014-07-12 00:00:00,0.16852800258595693,0.19162640901771344,1.4741035856573708,Terra,00:00:00
2014-07-13,2014-07-13 00:00:00,-0.052743611421341145,-0.06064880112834976,0.8856382978723405,Terra,00:00:00
2014-07-14,2014-07-14 00:00:00,-0.18923738094922482,-0.21448467966573811,0.6467889908256882,Terra,00:00:00
2014-07-15,2014-07-15 00:00:00,-0.0029049906434072226,-0.003344481605351208,0.9933333333333333,Terra,00:00:00
2014-07-16,2014-07-16 00:00:00,-0.2281403007995552,-0.2567783094098884,0.5913705583756345,Terra,00:00:00
2014-07-17,2014-07-17 00:00:00,-0.015651945542796114,-0.018018018018018063,0.9646017699115044,Terra,00:00:00
2014-07-18,2014-07-18 00:00:00,-0.059859883112806024,-0.06880733944954126,0.8712446351931331,Terra,00:00:00
2014-07-19,2014-07-19 00:00:00,-0.1258388291209625,-0.14387211367673178,0.7484472049689441,Terra,00:00:00
2014-07-20,2014-07-20 00:00:00,0.06451648400536279,0.07414104882459312,1.16015625,Terra,00:00:00
2014-07-22,2014-07-22 00:00:00,-0.05183163827286827,-0.0596026490066225,0.8875000000000001,Terra,00:00:00
2014-07-24,2014-07-24 00:00:00,-0.03579409363249657,-0.041186161449752914,0.920886075949367,Terra,00:00:00
2014-07-25,2014-07-25 00:00:00,-0.12251926248488704,-0.14012738853503184,0.7541899441340782,Terra,00:00:00
2014-07-26,2014-07-26 00:00:00,-0.04600004542981353,-0.052910052910052956,0.8994974874371858,Terra,00:00:00
2014-07-28,2014-07-28 00:00:00,-0.4556461415677382,-0.4812286689419796,0.35023041474654376,Terra,00:00:00
2014-07-29,2014-07-29 00:00:00,-0.31071726306711295,-0.3432098765432099,0.4889705882352941,Terra,00:00:00
2014-07-30,2014-07-30 00:00:00,-0.4615161813890864,-0.48640483383685795,0.34552845528455284,Terra,00:00:00
2014-07-31,2014-07-31 00:00:00,-0.10709493998704406,-0.12267657992565059,0.7814569536423841,Terra,00:00:00
2014-08-01,2014-08-01 00:00:00,-0.03815770199271479,-0.043902439024390255,0.9158878504672897,Terra,00:00:00
2014-08-05,2014-08-05 00:00:00,-0.0034138989641913304,-0.00393037619314995,0.9921700223713645,Terra,00:00:00
2014-08-07,2014-08-07 00:00:00,0.014778932031589965,0.017013232514177655,1.0346153846153845,Terra,00:00:00
2014-08-08,2014-08-08 00:00:00,-0.1029280466970559,-0.11794871794871796,0.7889908256880734,Terra,00:00:00
2014-08-09,2014-08-09 00:00:00,-0.16325403435050906,-0.1857707509881423,0.6866666666666666,Terra,00:00:00
2014-08-10,2014-08-10 00:00:00,-0.2218487496163563,-0.24999999999999997,0.6000000000000001,Terra,00:00:00
2014-08-11,2014-08-11 00:00:00,-0.08239185393940436,-0.09457364341085278,0.8271954674220962,Terra,00:00:00
2014-08-12,2014-08-12 00:00:00,-0.12365951776912695,-0.14141414141414138,0.752212389380531,Terra,00:00:00
2014-08-15,2014-08-15 00:00:00,-0.0808231931146016,-0.09278350515463915,0.8301886792452831,Terra,00:00:00
2014-08-17,2014-08-17 00:00:00,-0.36969676568886817,-0.40166204986149584,0.42687747035573126,Terra,00:00:00
2014-08-18,2014-08-18 00:00:00,-0.35788156260287723,-0.3901918976545843,0.4386503067484662,Terra,00:00:00
2014-08-20,2014-08-20 00:00:00,-0.49998413767916666,-0.5194805194805194,0.3162393162393162,Terra,00:00:00
2014-08-21,2014-08-21 00:00:00,-0.20813618555318034,-0.23514211886304912,0.6192468619246861,Terra,00:00:00
2014-08-22,2014-08-22 00:00:00,-0.3135531157552316,-0.34608695652173915,0.4857881136950904,Terra,00:00:00
2014-08-23,2014-08-23 00:00:00,-0.4935116709078317,-0.514018691588785,0.3209876543209877,Terra,00:00:00
2014-08-24,2014-08-24 00:00:00,-0.3217525623065118,-0.35436893203883496,0.4767025089605735,Terra,00:00:00
2014-08-25,2014-08-25 00:00:00,-0.4550337247568241,-0.48068669527897,0.3507246376811594,Terra,00:00:00
2014-08-26,2014-08-26 00:00:00,-0.35516152182842986,-0.3875338753387534,0.44140625,Terra,00:00:00
2014-08-31,2014-08-31 00:00:00,-0.09451908178379625,-0.10839160839160834,0.8044164037854891,Terra,00:00:00
2014-09-01,2014-09-01 00:00:00,-0.510348207447199,-0.5281385281385282,0.3087818696883852,Terra,00:00:00
2014-09-02,2014-09-02 00:00:00,-0.2049982326658466,-0.23172628304821158,0.6237373737373737,Terra,00:00:00
2014-09-03,2014-09-03 00:00:00,-0.5354678725883582,-0.5486725663716814,0.2914285714285714,Terra,00:00:00
2014-09-04,2014-09-04 00:00:00,-0.49360740428899835,-0.5140997830802603,0.32091690544412604,Terra,00:00:00
2014-09-05,2014-09-05 00:00:00,-0.582805192035224,-0.5856236786469345,0.26133333333333336,Terra,00:00:00
2014-09-06,2014-09-06 00:00:00,-0.5176679506376956,-0.5341880341880342,0.3036211699164345,Terra,00:00:00
2014-09-07,2014-09-07 00:00:00,-0.3921104650113138,-0.42307692307692313,0.4054054054054054,Terra,00:00:00
2014-09-08,2014-09-08 00:00:00,-0.2226973956741908,-0.25091575091575097,0.5988286969253294,Terra,00:00:00
2014-09-09,2014-09-09 00:00:00,-0.5749847137350415,-0.579676674364896,0.26608187134502925,Terra,00:00:00
2014-09-10,2014-09-10 00:00:00,-0.41328770051319225,-0.44288577154308617,0.38611111111111107,Terra,00:00:00
2014-09-11,2014-09-11 00:00:00,-0.530177984021837,-0.5444015444015444,0.295,Terra,00:00:00
2014-09-12,2014-09-12 00:00:00,-0.3776316317741245,-0.409295352323838,0.4191489361702128,Terra,00:00:00
2014-09-14,2014-09-14 00:00:00,-0.4596305225593269,-0.4847457627118644,0.34703196347031967,Terra,00:00:00
2014-09-16,2014-09-16 00:00:00,-0.6690067809585756,-0.6470588235294118,0.21428571428571427,Terra,00:00:00
2014-09-19,2014-09-19 00:00:00,-0.7459665670122424,-0.6956521739130436,0.17948717948717946,Terra,00:00:00
2014-09-20,2014-09-20 00:00:00,-0.5080114677380648,-0.5261958997722096,0.3104477611940299,Terra,00:00:00
2014-09-26,2014-09-26 00:00:00,-0.3876284059905287,-0.4188311688311689,0.4096109839816933,Terra,00:00:00
2014-09-29,2014-09-29 00:00:00,-0.36797678529459443,-0.4,0.42857142857142855,Terra,00:00:00
2014-09-30,2014-09-30 00:00:00,-0.5996671782120722,-0.5982339955849889,0.25138121546961323,Terra,00:00:00
2014-10-01,2014-10-01 00:00:00,-0.45982699953324857,-0.4849187935034803,0.346875,Terra,00:00:00
2014-10-02,2014-10-02 00:00:00,-0.47856649559384334,-0.5012468827930174,0.33222591362126247,Terra,00:00:00
2014-10-03,2014-10-03 00:00:00,-0.6874266143064452,-0.659217877094972,0.2053872053872054,Terra,00:00:00
2014-10-04,2014-10-04 00:00:00,-0.7058637122839193,-0.6710526315789473,0.19685039370078738,Terra,00:00:00
2014-10-05,2014-10-05 00:00:00,-0.13971766863988996,-0.15948275862068967,0.724907063197026,Terra,00:00:00
2014-10-06,2014-10-06 00:00:00,-0.26408065142587195,-0.295,0.5444015444015444,Terra,00:00:00
2014-10-07,2014-10-07 00:00:00,-0.19242004259180595,-0.21797752808988763,0.6420664206642067,Terra,00:00:00
2014-10-08,2014-10-08 00:00:00,-0.3731950231703497,-0.40503432494279173,0.4234527687296417,Terra,00:00:00
2014-10-09,2014-10-09 00:00:00,-0.6646154949926038,-0.644110275689223,0.21646341463414634,Terra,00:00:00
2014-10-10,2014-10-10 00:00:00,-0.07297693364634003,-0.08382066276803123,0.8453237410071942,Terra,00:00:00
2014-10-11,2014-10-11 00:00:00,-0.6999559173176699,-0.6672967863894139,0.19954648526077098,Terra,00:00:00
2014-10-12,2014-10-12 00:00:00,-0.4496001810683995,-0.4758620689655173,0.35514018691588783,Terra,00:00:00
2014-10-13,2014-10-13 00:00:00,-0.563091281663706,-0.5705128205128205,0.27346938775510204,Terra,00:00:00
2014-10-16,2014-10-16 00:00:00,-0.6222633774162494,-0.6146788990825688,0.23863636363636365,Terra,00:00:00
2014-10-18,2014-10-18 00:00:00,-0.5071559610175046,-0.5254833040421794,0.31105990783410137,Terra,00:00:00
2014-10-19,2014-10-19 00:00:00,-0.3307651830782418,-0.3634085213032581,0.46691176470588236,Terra,00:00:00
2014-10-27,2014-10-27 00:00:00,-0.24836688219136135,-0.27839643652561247,0.5644599303135889,Terra,00:00:00
2014-11-02,2014-11-02 00:00:00,-0.4615803739074064,-0.48646125116713357,0.34547738693467334,Terra,00:00:00
2014-11-08,2014-11-08 00:00:00,-0.6069233622166658,-0.6035714285714286,0.24721603563474387,Terra,00:00:00
2014-11-10,2014-11-10 00:00:00,-0.6489018631808574,-0.6334012219959266,0.22443890274314215,Terra,00:00:00
2014-11-11,2014-11-11 00:00:00,-0.49497148566687466,-0.5152542372881356,0.319910514541387,Terra,00:00:00
2014-11-15,2014-11-15 00:00:00,-0.6150681196158096,-0.6094986807387863,0.24262295081967214,Terra,00:00:00
2014-11-17,2014-11-17 00:00:00,-0.5144269979029662,-0.5315161839863715,0.30589543937708563,Terra,00:00:00
2014-12-18,2014-12-18 00:00:00,-0.5374171566069135,-0.5502392344497608,0.29012345679012347,Terra,00:00:00
2014-12-26,2014-12-26 00:00:00,-0.625043898248652,-0.6166666666666666,0.23711340206185566,Terra,00:00:00
2014-12-28,2014-12-28 00:00:00,-0.2732404868766727,-0.30459770114942536,0.5330396475770924,Terra,00:00:00
2014-12-30,2014-12-30 00:00:00,-0.314662454591815,-0.347210657785179,0.484548825710754,Terra,00:00:00
2015-01-01,2015-01-01 00:00:00,-0.3057764306884429,-0.33818181818181814,0.4945652173913043,Terra,00:00:00
2015-01-07,2015-01-07 00:00:00,-0.35367238057387346,-0.38607594936708856,0.4429223744292238,Terra,00:00:00
2015-01-19,2015-01-19 00:00:00,-0.7295459169501423,-0.6857670979667283,0.18640350877192982,Terra,00:00:00
2015-01-20,2015-01-20 00:00:00,-0.6555043105549284,-0.6379310344827586,0.2210526315789474,Terra,00:00:00
2015-01-23,2015-01-23 00:00:00,-0.7352230498418328,-0.6892138939670932,0.18398268398268397,Terra,00:00:00
2015-01-24,2015-01-24 00:00:00,-0.7702854173257672,-0.7098214285714286,0.16971279373368148,Terra,00:00:00
2015-01-28,2015-01-28 00:00:00,-0.23588004137228777,-0.26508226691042047,0.5809248554913294,Terra,00:00:00
2015-01-30,2015-01-30 00:00:00,-0.7056005832350319,-0.6708860759493672,0.19696969696969696,Terra,00:00:00
2015-01-31,2015-01-31 00:00:00,-0.7381637253943056,-0.6909871244635194,0.18274111675126903,Terra,00:00:00
2015-02-14,2015-02-14 00:00:00,-0.725202529586576,-0.6831091180866966,0.18827708703374776,Terra,00:00:00
2015-02-16,2015-02-16 00:00:00,-0.6916707655945193,-0.6619718309859156,0.2033898305084746,Terra,00:00:00
2015-02-18,2015-02-18 00:00:00,-0.7996766907102257,-0.7262103505843073,0.1586073500967118,Terra,00:00:00
2015-02-20,2015-02-20 00:00:00,-0.20760831050174613,-0.2345679012345679,0.62,Terra,00:00:00
2015-02-21,2015-02-21 00:00:00,-0.7816678241064808,-0.7162629757785468,0.16532258064516128,Terra,00:00:00
2015-02-22,2015-02-22 00:00:00,-0.6547917681770369,-0.6374442793462111,0.22141560798548093,Terra,00:00:00
2015-02-23,2015-02-23 00:00:00,-0.6670282149764877,-0.64573268921095,0.2152641878669276,Terra,00:00:00
2015-02-24,2015-02-24 00:00:00,-0.8313610693447053,-0.742998352553542,0.14744801512287334,Terra,00:00:00
2015-03-01,2015-03-01 00:00:00,-0.6540889913319724,-0.6369636963696369,0.2217741935483871,Terra,00:00:00
2015-03-02,2015-03-02 00:00:00,-0.6571075576588679,-0.6390243902439025,0.22023809523809523,Terra,00:00:00
2015-03-03,2015-03-03 00:00:00,-0.5896253530766145,-0.5907590759075907,0.2572614107883818,Terra,00:00:00
2015-03-04,2015-03-04 00:00:00,-0.7301435243125578,-0.686131386861314,0.18614718614718612,Terra,00:00:00
2015-03-06,2015-03-06 00:00:00,-0.5526895578887475,-0.5623800383877159,0.2800982800982801,Terra,00:00:00
2015-03-08,2015-03-08 00:00:00,-0.6199510810269322,-0.6130198915009041,0.23991031390134532,Terra,00:00:00
2015-03-09,2015-03-09 00:00:00,-0.8124554815536292,-0.73308957952468,0.15400843881856538,Terra,00:00:00
2015-03-12,2015-03-12 00:00:00,-0.652033966289801,-0.6355555555555557,0.22282608695652173,Terra,00:00:00
2015-03-18,2015-03-18 00:00:00,-0.6847003188170133,-0.6574394463667821,0.2066805845511482,Terra,00:00:00
2015-03-19,2015-03-19 00:00:00,-0.45958094273372335,-0.48470209339774556,0.3470715835140998,Terra,00:00:00
2015-03-21,2015-03-21 00:00:00,-0.5951111313726345,-0.594855305466238,0.2540322580645161,Terra,00:00:00
2015-03-26,2015-03-26 00:00:00,-0.6629608204592369,-0.6429942418426103,0.21728971962616822,Terra,00:00:00
2015-03-27,2015-03-27 00:00:00,-0.6919651027673603,-0.6621621621621622,0.2032520325203252,Terra,00:00:00
2015-03-28,2015-03-28 00:00:00,-0.6771598409975054,-0.652482269503546,0.21030042918454933,Terra,00:00:00
2015-03-29,2015-03-29 00:00:00,-0.754785032059431,-0.7008547008547009,0.1758793969849246,Terra,00:00:00
2015-03-31,2015-03-31 00:00:00,-0.5011594955871013,-0.52046783625731,0.3153846153846154,Terra,00:00:00
2015-04-01,2015-04-01 00:00:00,-0.5650931799399361,-0.5720653789004457,0.2722117202268431,Terra,00:00:00
2015-04-02,2015-04-02 00:00:00,-0.5074652711788477,-0.5257410296411856,0.310838445807771,Terra,00:00:00
2015-04-09,2015-04-09 00:00:00,-0.5245145079745968,-0.5397973950795947,0.2988721804511278,Terra,00:00:00
2015-04-12,2015-04-12 00:00:00,-0.319371451861093,-0.3519695044472681,0.4793233082706767,Terra,00:00:00
2015-04-14,2015-04-14 00:00:00,-0.4518531525505991,-0.4778660612939841,0.3533026113671275,Terra,00:00:00
2015-04-15,2015-04-15 00:00:00,-0.6613568805251119,-0.6419098143236074,0.21809369951534732,Terra,00:00:00
2015-04-16,2015-04-16 00:00:00,-0.7489930216424302,-0.6974459724950884,0.17824074074074073,Terra,00:00:00
2015-04-17,2015-04-17 00:00:00,-0.698024858191706,-0.6660617059891107,0.20043572984749453,Terra,00:00:00
2015-04-19,2015-04-19 00:00:00,-0.6288368872657911,-0.6193656093489148,0.23505154639175257,Terra,00:00:00
2015-04-20,2015-04-20 00:00:00,-0.2071578364547157,-0.23407775020678245,0.6206434316353887,Terra,00:00:00
2015-04-21,2015-04-21 00:00:00,-0.5021651247704437,-0.521311475409836,0.3146551724137931,Terra,00:00:00
2015-04-22,2015-04-22 00:00:00,-0.5363955108562808,-0.5494186046511628,0.29080675422138835,Terra,00:00:00
2015-04-25,2015-04-25 00:00:00,-0.6037144484979747,-0.6012176560121765,0.2490494296577947,Terra,00:00:00
2015-04-26,2015-04-26 00:00:00,-0.3367664029081616,-0.3693901035673188,0.46050420168067224,Terra,00:00:00
2015-04-27,2015-04-27 00:00:00,-0.7321733617051183,-0.6873661670235546,0.18527918781725886,Terra,00:00:00
2015-04-28,2015-04-28 00:00:00,-0.6513283699007922,-0.6350710900473935,0.22318840579710145,Terra,00:00:00
2015-04-29,2015-04-29 00:00:00,-0.5048040647357855,-0.5235204855842186,0.3127490039840638,Terra,00:00:00
2015-04-30,2015-04-30 00:00:00,-0.3531582419140632,-0.3855721393034826,0.44344703770197486,Terra,00:00:00
2015-05-01,2015-05-01 00:00:00,-0.33398951328534343,-0.36662606577344703,0.46345811051693403,Terra,00:00:00
2015-05-02,2015-05-02 00:00:00,-0.530177984021837,-0.5444015444015444,0.295,Terra,00:00:00
2015-05-03,2015-05-03 00:00:00,-0.5382948604835385,-0.5509433962264151,0.2895377128953771,Terra,00:00:00
2015-05-04,2015-05-04 00:00:00,-0.3323343250435315,-0.3649754500818331,0.46522781774580335,Terra,00:00:00
2015-05-05,2015-05-05 00:00:00,-0.27709198816589214,-0.30861504907306436,0.5283333333333333,Terra,00:00:00
2015-05-06,2015-05-06 00:00:00,-0.544541389881497,-0.5559322033898305,0.28540305010893247,Terra,00:00:00
2015-05-09,2015-05-09 00:00:00,-0.5507730747956765,-0.5608695652173913,0.28133704735376047,Terra,00:00:00
2015-05-14,2015-05-14 00:00:00,-0.3753006432068668,-0.4070588235294118,0.42140468227424743,Terra,00:00:00
2015-05-21,2015-05-21 00:00:00,-0.532358946688672,-0.5461658841940532,0.2935222672064777,Terra,00:00:00
2015-05-23,2015-05-23 00:00:00,-0.1786316753932532,-0.20280612244897966,0.6627783669141039,Terra,00:00:00
2015-05-24,2015-05-24 00:00:00,-0.5149098156090622,-0.5319148936170213,0.3055555555555555,Terra,00:00:00
2015-05-25,2015-05-25 00:00:00,-0.23132895102469084,-0.260204081632653,0.5870445344129555,Terra,00:00:00
2015-05-26,2015-05-26 00:00:00,-0.5973135563035007,-0.5964912280701754,0.25274725274725274,Terra,00:00:00
2015-05-27,2015-05-27 00:00:00,-0.6578152235835805,-0.6395061728395062,0.21987951807228914,Terra,00:00:00
2015-05-29,2015-05-29 00:00:00,-0.36503240464781317,-0.39714867617107946,0.43148688046647227,Terra,00:00:00
2015-06-03,2015-06-03 00:00:00,-0.43492357492520756,-0.46268656716417905,0.3673469387755102,Terra,00:00:00
2015-06-05,2015-06-05 00:00:00,-0.42399016629019326,-0.45273631840796025,0.3767123287671233,Terra,00:00:00
2015-06-07,2015-06-07 00:00:00,-0.43984513575626955,-0.46712802768166084,0.36320754716981135,Terra,00:00:00
2015-06-08,2015-06-08 00:00:00,-0.430578421301394,-0.45874587458745875,0.37104072398190047,Terra,00:00:00
2015-06-09,2015-06-09 00:00:00,0.5992670911437923,0.5979381443298969,3.974358974358974,Terra,00:00:00
2015-06-11,2015-06-11 00:00:00,-0.3868166083101328,-0.41806020066889626,0.4103773584905661,Terra,00:00:00
2015-06-12,2015-06-12 00:00:00,-0.36441697452837407,-0.39655172413793105,0.4320987654320988,Terra,00:00:00
2015-06-13,2015-06-13 00:00:00,-0.14777690934721183,-0.1685116851168511,0.7115789473684211,Terra,00:00:00
2015-06-15,2015-06-15 00:00:00,-0.17418226924835017,-0.1978891820580475,0.6696035242290749,Terra,00:00:00
2015-06-16,2015-06-16 00:00:00,-0.0851942298301481,-0.09777015437392796,0.821875,Terra,00:00:00
2015-06-17,2015-06-17 00:00:00,-0.20336534392234318,-0.22994652406417107,0.6260869565217392,Terra,00:00:00
2015-06-18,2015-06-18 00:00:00,-0.11925098202337987,-0.13643659711075443,0.7598870056497175,Terra,00:00:00
2015-06-19,2015-06-19 00:00:00,0.17793539975405154,0.20203735144312396,1.5063829787234042,Terra,00:00:00
2015-06-20,2015-06-20 00:00:00,-0.12098287142618143,-0.13839285714285715,0.7568627450980392,Terra,00:00:00
2015-06-22,2015-06-22 00:00:00,-0.04960423388452065,-0.05704697986577181,0.892063492063492,Terra,00:00:00
2015-06-23,2015-06-23 00:00:00,0.022938373048674524,0.026402640264026413,1.0542372881355933,Terra,00:00:00
2015-06-24,2015-06-24 00:00:00,0.07625820717739779,0.08757062146892651,1.1919504643962848,Terra,00:00:00
2015-06-25,2015-06-25 00:00:00,-0.1489390130120664,-0.16981132075471697,0.7096774193548387,Terra,00:00:00
2015-06-26,2015-06-26 00:00:00,-0.07691338459180282,-0.08831908831908836,0.8376963350785339,Terra,00:00:00
2015-06-29,2015-06-29 00:00:00,0.17849732882155975,0.20265780730897012,1.5083333333333335,Terra,00:00:00
2015-06-30,2015-06-30 00:00:00,-0.22933677100890631,-0.2580645161290322,0.5897435897435898,Terra,00:00:00
2015-07-01,2015-07-01 00:00:00,-0.1879022200886685,-0.21301775147928992,0.6487804878048781,Terra,00:00:00
2015-07-02,2015-07-02 00:00:00,-0.17220318938157728,-0.1956989247311828,0.6726618705035972,Terra,00:00:00
2015-07-06,2015-07-06 00:00:00,0.4929847597638466,0.51357220412595,3.111607142857143,Terra,00:00:00
2015-07-07,2015-07-07 00:00:00,0.03663670297358986,0.04215456674473075,1.0880195599022007,Terra,00:00:00
2015-07-14,2015-07-14 00:00:00,-0.1246135441693672,-0.14249037227214384,0.7505617977528088,Terra,00:00:00
2015-07-15,2015-07-15 00:00:00,-0.29320465815202457,-0.3253012048192771,0.5090909090909091,Terra,00:00:00
2015-07-16,2015-07-16 00:00:00,-0.08471373464758589,-0.09722222222222227,0.8227848101265822,Terra,00:00:00
2015-07-18,2015-07-18 00:00:00,-0.23383004689947065,-0.26288659793814434,0.5836734693877551,Terra,00:00:00
2015-07-19,2015-07-19 00:00:00,-0.4789732595812558,-0.5015974440894568,0.3319148936170213,Terra,00:00:00
2015-07-20,2015-07-20 00:00:00,-0.3126896082089745,-0.34521158129175944,0.48675496688741726,Terra,00:00:00
2015-07-21,2015-07-21 00:00:00,-0.2853623634085756,-0.31720430107526876,0.5183673469387755,Terra,00:00:00
2015-07-23,2015-07-23 00:00:00,-0.16704313007828414,-0.18997912317327767,0.6807017543859649,Terra,00:00:00
2015-07-24,2015-07-24 00:00:00,-0.15982784812705225,-0.18195956454121306,0.6921052631578948,Terra,00:00:00
2015-07-25,2015-07-25 00:00:00,-0.12021109041690714,-0.13752122241086584,0.7582089552238807,Terra,00:00:00
2015-07-26,2015-07-26 00:00:00,0.03877319657378531,0.044609665427509285,1.093385214007782,Terra,00:00:00
2015-07-27,2015-07-27 00:00:00,-0.13728917499472926,-0.1567567567567568,0.7289719626168224,Terra,00:00:00
2015-07-28,2015-07-28 00:00:00,-0.23183297052295732,-0.26074498567335247,0.5863636363636363,Terra,00:00:00
2015-07-29,2015-07-29 00:00:00,-0.2696660265183745,-0.3008595988538682,0.5374449339207048,Terra,00:00:00
2015-07-30,2015-07-30 00:00:00,-0.05030511831139577,-0.057851239669421524,0.890625,Terra,00:00:00
2015-07-31,2015-07-31 00:00:00,-0.19592550404065323,-0.22181818181818183,0.6369047619047619,Terra,00:00:00
2015-08-01,2015-08-01 00:00:00,-0.10275339850339457,-0.11775043936731108,0.7893081761006289,Terra,00:00:00
2015-08-03,2015-08-03 00:00:00,-0.10260645173789129,-0.1175836030204963,0.7895752895752894,Terra,00:00:00
2015-08-04,2015-08-04 00:00:00,-0.06441104100981389,-0.07402031930333816,0.8621621621621621,Terra,00:00:00
2015-08-05,2015-08-05 00:00:00,1.021189299069938,0.8260869565217391,10.499999999999998,Terra,00:00:00
2015-08-06,2015-08-06 00:00:00,-0.17131874419443632,-0.19471947194719474,0.6740331491712707,Terra,00:00:00
2015-08-08,2015-08-08 00:00:00,-0.07394871911394789,-0.08493150684931511,0.8434343434343433,Terra,00:00:00
2015-08-11,2015-08-11 00:00:00,0.009636089038738397,0.011093502377179123,1.0224358974358976,Terra,00:00:00
2015-08-12,2015-08-12 00:00:00,-0.15836249209524966,-0.18032786885245902,0.6944444444444444,Terra,00:00:00
2015-08-13,2015-08-13 00:00:00,-0.009870754026294186,-0.011363636363636295,0.9775280898876406,Terra,00:00:00
2015-08-14,2015-08-14 00:00:00,-0.12973338104413415,-0.1482602118003026,0.7417654808959157,Terra,00:00:00
2015-08-15,2015-08-15 00:00:00,-0.027058232734036024,-0.031141868512110715,0.9395973154362416,Terra,00:00:00
2015-08-16,2015-08-16 00:00:00,-0.03128272150638348,-0.03600000000000006,0.9305019305019304,Terra,00:00:00
2015-08-17,2015-08-17 00:00:00,-0.04250769085901649,-0.04889975550122245,0.9067599067599068,Terra,00:00:00
2015-08-19,2015-08-19 00:00:00,1.4285159212861611,0.9281183932346723,26.823529411764707,Terra,00:00:00
2015-08-20,2015-08-20 00:00:00,-0.2041199826559248,-0.2307692307692308,0.625,Terra,00:00:00
2015-08-21,2015-08-21 00:00:00,-0.34959632469834523,-0.3820754716981132,0.447098976109215,Terra,00:00:00
2015-08-22,2015-08-22 00:00:00,-0.1573687702387001,-0.1792207792207792,0.6960352422907489,Terra,00:00:00
2015-08-23,2015-08-23 00:00:00,1.236789099409293,0.8904109589041096,17.249999999999996,Terra,00:00:00
2015-08-24,2015-08-24 00:00:00,-0.11041248341170352,-0.12643678160919544,0.7755102040816326,Terra,00:00:00
2015-08-26,2015-08-26 00:00:00,0.19984118467664982,0.22610015174506828,1.5843137254901962,Terra,00:00:00
2015-08-29,2015-08-29 00:00:00,-0.14749445887751003,-0.16819571865443425,0.7120418848167539,Terra,00:00:00
2015-08-31,2015-08-31 00:00:00,0.2039371603076542,0.23056994818652848,1.5993265993265993,Terra,00:00:00
2015-09-01,2015-09-01 00:00:00,-0.0811872287452234,-0.0931989924433249,0.8294930875576038,Terra,00:00:00
2015-09-03,2015-09-03 00:00:00,0.04011722320798241,0.046153846153846136,1.096774193548387,Terra,00:00:00
2015-09-05,2015-09-05 00:00:00,0.30279184182026786,0.33513513513513515,2.008130081300813,Terra,00:00:00
2015-09-07,2015-09-07 00:00:00,-0.15583827615561155,-0.17751479289940827,0.6984924623115578,Terra,00:00:00
2015-09-08,2015-09-08 00:00:00,-0.15860052689534573,-0.18059299191374661,0.6940639269406393,Terra,00:00:00
2015-09-09,2015-09-09 00:00:00,0.24015236044880628,0.26964933494558646,1.7384105960264902,Terra,00:00:00
2015-09-10,2015-09-10 00:00:00,-0.05070410270500958,-0.05830903790087459,0.8898071625344354,Terra,00:00:00
2015-09-18,2015-09-18 00:00:00,-0.2576587445236682,-0.288235294117647,0.5525114155251142,Terra,00:00:00
2015-09-19,2015-09-19 00:00:00,0.059585689984244045,0.06849315068493149,1.1470588235294117,Terra,00:00:00
2015-09-20,2015-09-20 00:00:00,0.04058619563787554,0.04669260700389104,1.0979591836734695,Terra,00:00:00
2015-09-21,2015-09-21 00:00:00,-0.21718245549516663,-0.24495677233429394,0.6064814814814815,Terra,00:00:00
2015-09-22,2015-09-22 00:00:00,0.06785821595023399,0.07796610169491525,1.1691176470588236,Terra,00:00:00
2015-09-23,2015-09-23 00:00:00,-0.2722582530939567,-0.30357142857142855,0.5342465753424658,Terra,00:00:00
2015-09-24,2015-09-24 00:00:00,-0.33544756046767443,-0.36807817589576547,0.4619047619047619,Terra,00:00:00
2015-09-25,2015-09-25 00:00:00,-0.3273589343863303,-0.36,0.4705882352941177,Terra,00:00:00
2015-09-26,2015-09-26 00:00:00,-0.14901159502642494,-0.1698924731182796,0.7095588235294118,Terra,00:00:00
2015-09-27,2015-09-27 00:00:00,-0.47003635890358153,-0.49385749385749383,0.33881578947368424,Terra,00:00:00
2015-09-28,2015-09-28 00:00:00,-0.5368894597231522,-0.5498154981549815,0.2904761904761905,Terra,00:00:00
2015-09-29,2015-09-29 00:00:00,0.18852182948907723,0.2136986301369863,1.543554006968641,Terra,00:00:00
2015-10-02,2015-10-02 00:00:00,-0.489185766121043,-0.5103448275862069,0.32420091324200917,Terra,00:00:00
2015-10-04,2015-10-04 00:00:00,-0.36009915149960714,-0.39235412474849085,0.4364161849710983,Terra,00:00:00
2015-10-05,2015-10-05 00:00:00,0.020131333913604315,0.023172905525846686,1.0474452554744524,Terra,00:00:00
2015-10-09,2015-10-09 00:00:00,-0.5902071645329623,-0.591194968553459,0.25691699604743085,Terra,00:00:00
2015-10-10,2015-10-10 00:00:00,-0.4315140650713382,-0.45959595959595956,0.370242214532872,Terra,00:00:00
2015-10-11,2015-10-11 00:00:00,-0.5954294124289493,-0.5950920245398772,0.25384615384615383,Terra,00:00:00
2015-10-12,2015-10-12 00:00:00,-0.2841292451257798,-0.3159268929503916,0.5198412698412699,Terra,00:00:00
2015-10-13,2015-10-13 00:00:00,-0.5013390674242278,-0.520618556701031,0.3152542372881356,Terra,00:00:00
2015-10-14,2015-10-14 00:00:00,-0.5057664361691925,-0.5243243243243243,0.3120567375886525,Terra,00:00:00
2015-10-15,2015-10-15 00:00:00,-0.5740312677277188,-0.5789473684210527,0.26666666666666666,Terra,00:00:00
2015-10-16,2015-10-16 00:00:00,-0.2934010382059714,-0.325503355704698,0.5088607594936708,Terra,00:00:00
2015-10-21,2015-10-21 00:00:00,-0.10977479534399412,-0.12571428571428572,0.7766497461928934,Terra,00:00:00
2015-10-22,2015-10-22 00:00:00,-0.5314789170422551,-0.5454545454545454,0.2941176470588235,Terra,00:00:00
2015-10-26,2015-10-26 00:00:00,-0.5252473225368559,-0.5403949730700179,0.29836829836829837,Terra,00:00:00
2015-10-29,2015-10-29 00:00:00,-0.5011398438084648,-0.5204513399153737,0.31539888682745826,Terra,00:00:00
2015-11-02,2015-11-02 00:00:00,-0.6087587536766647,-0.6049129989764586,0.2461734693877551,Terra,00:00:00
2015-11-03,2015-11-03 00:00:00,-0.5810361692963772,-0.5842839036755387,0.2624,Terra,00:00:00
2015-11-04,2015-11-04 00:00:00,-0.6789910018651765,-0.6536912751677852,0.20941558441558442,Terra,00:00:00
2015-11-07,2015-11-07 00:00:00,-0.47149316971123634,-0.49512459371614304,0.33768115942028987,Terra,00:00:00
2015-11-10,2015-11-10 00:00:00,-0.5659036800771452,-0.572692793931732,0.2717041800643087,Terra,00:00:00
2015-11-18,2015-11-18 00:00:00,-0.5706631764501913,-0.5763636363636363,0.26874279123414074,Terra,00:00:00
2015-11-20,2015-11-20 00:00:00,-0.5366000038407043,-0.5495829471733086,0.29066985645933013,Terra,00:00:00
2015-11-21,2015-11-21 00:00:00,-0.5787327424040992,-0.5825346112886048,0.26379542395693134,Terra,00:00:00
2015-11-26,2015-11-26 00:00:00,-0.5418265194676863,-0.5537688442211056,0.2871927554980595,Terra,00:00:00
2015-11-27,2015-11-27 00:00:00,-0.5332922578057234,-0.5469194312796208,0.2928921568627451,Terra,00:00:00
2015-11-28,2015-11-28 00:00:00,-0.4394556711726965,-0.4667774086378737,0.3635334088335221,Terra,00:00:00
2015-12-14,2015-12-14 00:00:00,-0.5413185449216102,-0.5533632286995516,0.28752886836027713,Terra,00:00:00
2016-01-31,2016-01-31 00:00:00,-0.7464255308403246,-0.6959247648902822,0.17929759704251386,Terra,00:00:00
2016-02-01,2016-02-01 00:00:00,-0.742275041689899,-0.6934523809523809,0.18101933216168714,Terra,00:00:00
2016-02-07,2016-02-07 00:00:00,-0.23019079686434352,-0.2589820359281438,0.5885850178359096,Terra,00:00:00
2016-02-08,2016-02-08 00:00:00,-0.790519727626253,-0.7211895910780669,0.16198704103671707,Terra,00:00:00
2016-02-12,2016-02-12 00:00:00,-0.6210832286413928,-0.6138328530259366,0.2392857142857143,Terra,00:00:00
2016-02-29,2016-02-29 00:00:00,-0.3874111419284122,-0.4186248912097476,0.40981595092024536,Terra,00:00:00
2016-03-06,2016-03-06 00:00:00,-0.5309849795629062,-0.5450549450549451,0.29445234708392604,Terra,00:00:00
2016-03-07,2016-03-07 00:00:00,-0.5543329079043828,-0.5636722606120435,0.27904040404040403,Terra,00:00:00
2016-03-16,2016-03-16 00:00:00,-0.6969453177696043,-0.6653696498054475,0.2009345794392523,Terra,00:00:00
2016-03-17,2016-03-17 00:00:00,-0.29792566163218537,-0.33015267175572516,0.503586800573888,Terra,00:00:00
2016-03-24,2016-03-24 00:00:00,-0.5785317689543953,-0.5823817292006526,0.2639175257731959,Terra,00:00:00
2016-03-25,2016-03-25 00:00:00,-0.6376778505377576,-0.6256,0.23031496062992124,Terra,00:00:00
2016-03-28,2016-03-28 00:00:00,-0.4547404748423057,-0.4804270462633453,0.35096153846153844,Terra,00:00:00
2016-03-30,2016-03-30 00:00:00,-0.6632544520694843,-0.6431924882629108,0.21714285714285714,Terra,00:00:00
2016-03-31,2016-03-31 00:00:00,-0.7607156002808243,-0.7043121149897331,0.17349397590361446,Terra,00:00:00
2016-04-01,2016-04-01 00:00:00,-0.5281509736933276,-0.5427574171029669,0.29638009049773756,Terra,00:00:00
2016-04-02,2016-04-02 00:00:00,-0.5365226259468837,-0.5495207667731629,0.2907216494845361,Terra,00:00:00
2016-04-03,2016-04-03 00:00:00,-0.5548265622799532,-0.5640599001663893,0.27872340425531916,Terra,00:00:00
2016-04-04,2016-04-04 00:00:00,-0.5735402620429665,-0.5785714285714286,0.2669683257918552,Terra,00:00:00
2016-04-06,2016-04-06 00:00:00,-0.6588203117026066,-0.6401884221476609,0.21937258319263656,Terra,00:00:00
2016-04-07,2016-04-07 00:00:00,-0.6851016581888253,-0.6577017114914425,0.20648967551622419,Terra,00:00:00
2016-04-09,2016-04-09 00:00:00,-0.5281234242204482,-0.5427350427350427,0.29639889196675906,Terra,00:00:00
2016-04-10,2016-04-10 00:00:00,-0.5479894658633687,-0.5586690017513135,0.2831460674157303,Terra,00:00:00
2016-04-11,2016-04-11 00:00:00,-0.1262381867649008,-0.14432234432234434,0.7477592829705506,Terra,00:00:00
2016-04-15,2016-04-15 00:00:00,-0.45118552062526274,-0.4772727272727273,0.3538461538461538,Terra,00:00:00
2016-04-16,2016-04-16 00:00:00,-0.6400691742601576,-0.6272727272727273,0.22905027932960897,Terra,00:00:00
2016-04-17,2016-04-17 00:00:00,-0.5839868780422675,-0.5865168539325843,0.2606232294617563,Terra,00:00:00
2016-04-18,2016-04-18 00:00:00,-0.5258783244204396,-0.5409090909090909,0.2979351032448378,Terra,00:00:00
2016-04-19,2016-04-19 00:00:00,-0.3776842632513703,-0.4093457943925234,0.41909814323607425,Terra,00:00:00
2016-04-25,2016-04-25 00:00:00,-0.4473860673054018,-0.4738878143133462,0.3569553805774278,Terra,00:00:00
2016-04-27,2016-04-27 00:00:00,-0.5412387543314114,-0.5532994923857869,0.2875816993464052,Terra,00:00:00
2016-04-28,2016-04-28 00:00:00,-0.4627120592470309,-0.4874551971326165,0.344578313253012,Terra,00:00:00
2016-05-01,2016-05-01 00:00:00,-0.56125697969129,-0.5690866510538642,0.2746268656716418,Terra,00:00:00
2016-05-02,2016-05-02 00:00:00,-0.5647356683041501,-0.5717884130982368,0.2724358974358974,Terra,00:00:00
2016-05-08,2016-05-08 00:00:00,-0.5214286788851047,-0.5372750642673522,0.3010033444816054,Terra,00:00:00
2016-05-09,2016-05-09 00:00:00,-0.2573961987331616,-0.2879581151832461,0.5528455284552846,Terra,00:00:00
2016-05-10,2016-05-10 00:00:00,-0.5603613572441549,-0.56838905775076,0.2751937984496124,Terra,00:00:00
2016-05-11,2016-05-11 00:00:00,-0.5365584425715301,-0.5495495495495495,0.29069767441860467,Terra,00:00:00
2016-05-17,2016-05-17 00:00:00,-0.3965807134093128,-0.4272930648769576,0.4012539184952978,Terra,00:00:00
2016-05-18,2016-05-18 00:00:00,-0.30888363611719083,-0.34134615384615385,0.49103942652329746,Terra,00:00:00
2016-05-24,2016-05-24 00:00:00,-0.28055440995418357,-0.3122171945701358,0.5241379310344827,Terra,00:00:00
2016-05-25,2016-05-25 00:00:00,-0.2650547755380498,-0.29602356406480124,0.5431818181818181,Terra,00:00:00
2016-05-26,2016-05-26 00:00:00,-0.1821654067678744,-0.20670391061452512,0.6574074074074074,Terra,00:00:00
2016-05-27,2016-05-27 00:00:00,-0.46318547677636995,-0.48787061994609177,0.3442028985507246,Terra,00:00:00
2016-05-28,2016-05-28 00:00:00,-0.36841971698204806,-0.4004282655246253,0.42813455657492355,Terra,00:00:00
2016-05-31,2016-05-31 00:00:00,-0.3963578776621629,-0.42708333333333326,0.40145985401459855,Terra,00:00:00
2016-06-01,2016-06-01 00:00:00,-0.3526170298853802,-0.38504155124653744,0.444,Terra,00:00:00
2016-06-03,2016-06-03 00:00:00,0.051858118836390056,0.05963302752293582,1.126829268292683,Terra,00:00:00
2016-06-06,2016-06-06 00:00:00,-0.32021331203632064,-0.3528183716075156,0.4783950617283951,Terra,00:00:00
2016-06-07,2016-06-07 00:00:00,-0.3174204118521505,-0.3499999999999999,0.48148148148148157,Terra,00:00:00
2016-06-09,2016-06-09 00:00:00,-0.07895569710362857,-0.09065155807365434,0.8337662337662338,Terra,00:00:00
2016-06-11,2016-06-11 00:00:00,-0.37606443953793317,-0.40779220779220776,0.4206642066420664,Terra,00:00:00
2016-06-12,2016-06-12 00:00:00,-0.4123378293726801,-0.4420062695924765,0.3869565217391304,Terra,00:00:00
2016-06-14,2016-06-14 00:00:00,-0.2300820669440401,-0.25886524822695034,0.5887323943661972,Terra,00:00:00
2016-06-16,2016-06-16 00:00:00,-0.24303804868629447,-0.27272727272727276,0.5714285714285714,Terra,00:00:00
2016-06-18,2016-06-18 00:00:00,-0.28308575140719017,-0.31484502446982054,0.5210918114143921,Terra,00:00:00
2016-06-19,2016-06-19 00:00:00,-0.13966199342900626,-0.15942028985507245,0.7250000000000001,Terra,00:00:00
2016-06-20,2016-06-20 00:00:00,-0.19465785495814786,-0.22043010752688172,0.6387665198237885,Terra,00:00:00
2016-06-21,2016-06-21 00:00:00,-0.15365039000743605,-0.17507418397626115,0.702020202020202,Terra,00:00:00
2016-06-22,2016-06-22 00:00:00,0.0763883458634547,0.08771929824561404,1.1923076923076923,Terra,00:00:00
2016-06-23,2016-06-23 00:00:00,0.05560205997026472,0.0639269406392694,1.1365853658536587,Terra,00:00:00
2016-06-24,2016-06-24 00:00:00,0.09924460489565198,0.11376492771841602,1.256737588652482,Terra,00:00:00
2016-06-25,2016-06-25 00:00:00,-0.017995942903587768,-0.02071563088512241,0.959409594095941,Terra,00:00:00
2016-06-26,2016-06-26 00:00:00,-0.4133603675395315,-0.4429530201342282,0.38604651162790693,Terra,00:00:00
2016-06-27,2016-06-27 00:00:00,-0.398782481258058,-0.4293628808864266,0.3992248062015504,Terra,00:00:00
2016-06-28,2016-06-28 00:00:00,-0.2969520832435418,-0.329153605015674,0.5047169811320755,Terra,00:00:00
2016-06-29,2016-06-29 00:00:00,-0.318921085362951,-0.35151515151515145,0.47982062780269064,Terra,00:00:00
2016-06-30,2016-06-30 00:00:00,-0.24551266781414988,-0.2753623188405797,0.5681818181818181,Terra,00:00:00
2016-07-01,2016-07-01 00:00:00,-0.045936914021976645,-0.05283757338551854,0.8996282527881042,Terra,00:00:00
2016-07-02,2016-07-02 00:00:00,0.1136124612569989,0.13006029285099052,1.299009900990099,Terra,00:00:00
2016-07-03,2016-07-03 00:00:00,-0.3811265096623875,-0.4126394052044609,0.4157894736842106,Terra,00:00:00
2016-07-04,2016-07-04 00:00:00,-0.08988622948109387,-0.10311750599520379,0.8130434782608696,Terra,00:00:00
2016-07-05,2016-07-05 00:00:00,-0.09403705116232616,-0.10784313725490198,0.8053097345132743,Terra,00:00:00
2016-07-06,2016-07-06 00:00:00,0.30609210727228897,0.33850364963503643,2.023448275862069,Terra,00:00:00
2016-07-07,2016-07-07 00:00:00,0.066406958011196,0.07630522088353417,1.165217391304348,Terra,00:00:00
2016-07-09,2016-07-09 00:00:00,0.005403422510300301,0.006220839813374876,1.0125195618153366,Terra,00:00:00
2016-07-11,2016-07-11 00:00:00,0.20718200108821597,0.2341040462427745,1.611320754716981,Terra,00:00:00
2016-07-12,2016-07-12 00:00:00,-0.3756636139608854,-0.4074074074074074,0.42105263157894735,Terra,00:00:00
2016-07-13,2016-07-13 00:00:00,-0.2712948082497206,-0.30256410256410254,0.5354330708661417,Terra,00:00:00
2016-07-14,2016-07-14 00:00:00,-0.26884531229257996,-0.3,0.5384615384615384,Terra,00:00:00
2016-07-15,2016-07-15 00:00:00,-0.2755828734515018,-0.3070422535211268,0.5301724137931034,Terra,00:00:00
2016-07-16,2016-07-16 00:00:00,-0.06045254552534357,-0.06948640483383685,0.8700564971751412,Terra,00:00:00
2016-07-17,2016-07-17 00:00:00,-0.26657448629847946,-0.2976190476190476,0.5412844036697247,Terra,00:00:00
2016-07-19,2016-07-19 00:00:00,-0.057926850000587705,-0.06659205372132068,0.8751311647429171,Terra,00:00:00
2016-07-20,2016-07-20 00:00:00,0.3631779024128256,0.3953488372093023,2.3076923076923075,Terra,00:00:00
2016-07-21,2016-07-21 00:00:00,-0.042025613832654414,-0.04834605597964373,0.9077669902912622,Terra,00:00:00
2016-07-22,2016-07-22 00:00:00,0.10778304360201833,0.12345679012345681,1.2816901408450705,Terra,00:00:00
2016-07-23,2016-07-23 00:00:00,-0.14449227298397893,-0.16483516483516486,0.7169811320754716,Terra,00:00:00
2016-07-24,2016-07-24 00:00:00,-0.16148230529706467,-0.18380062305295944,0.6894736842105263,Terra,00:00:00
2016-07-25,2016-07-25 00:00:00,-0.28365589959455845,-0.3154362416107382,0.5204081632653061,Terra,00:00:00
2016-07-26,2016-07-26 00:00:00,-0.16397062637982787,-0.18656716417910452,0.6855345911949685,Terra,00:00:00
2016-07-27,2016-07-27 00:00:00,-0.18905623622004894,-0.2142857142857143,0.6470588235294117,Terra,00:00:00
2016-07-28,2016-07-28 00:00:00,-0.12561258388375562,-0.14361702127659579,0.7488372093023256,Terra,00:00:00
2016-07-29,2016-07-29 00:00:00,-0.13193929521042452,-0.15074309978768582,0.7380073800738007,Terra,00:00:00
2016-07-30,2016-07-30 00:00:00,-0.2764618041732442,-0.3079584775086505,0.5291005291005291,Terra,00:00:00
2016-07-31,2016-07-31 00:00:00,-0.07819533306597373,-0.08978328173374611,0.8352272727272727,Terra,00:00:00
2016-08-01,2016-08-01 00:00:00,-0.09503130287470028,-0.10897435897435893,0.8034682080924856,Terra,00:00:00
2016-08-02,2016-08-02 00:00:00,0.003930293628432371,0.004524886877828027,1.009090909090909,Terra,00:00:00
2016-08-03,2016-08-03 00:00:00,-0.04600004542981353,-0.052910052910052956,0.8994974874371858,Terra,00:00:00
2016-08-04,2016-08-04 00:00:00,-0.0993007995940236,-0.11382878645343367,0.7956081081081081,Terra,00:00:00
2016-08-05,2016-08-05 00:00:00,0.3604622130781185,0.3927077106993425,2.293307086614173,Terra,00:00:00
2016-08-06,2016-08-06 00:00:00,-0.1727115184043007,-0.19626168224299068,0.6718749999999999,Terra,00:00:00
2016-08-07,2016-08-07 00:00:00,-0.15925219150333134,-0.18131868131868137,0.6930232558139534,Terra,00:00:00
2016-08-08,2016-08-08 00:00:00,0.3119499750721386,0.3444613050075872,2.0509259259259256,Terra,00:00:00
2016-08-09,2016-08-09 00:00:00,0.023481095849522904,0.02702702702702705,1.0555555555555556,Terra,00:00:00
2016-08-10,2016-08-10 00:00:00,-0.13674552732664289,-0.15614617940199338,0.7298850574712643,Terra,00:00:00
2016-08-11,2016-08-11 00:00:00,-0.2528326420462069,-0.2831325301204819,0.5586854460093897,Terra,00:00:00
2016-08-12,2016-08-12 00:00:00,-0.12430703543233909,-0.14214463840399005,0.7510917030567685,Terra,00:00:00
2016-08-13,2016-08-13 00:00:00,-0.2420521357046434,-0.2716763005780347,0.5727272727272726,Terra,00:00:00
2016-08-15,2016-08-15 00:00:00,-0.3877208434903516,-0.41891891891891897,0.4095238095238095,Terra,00:00:00
2016-08-16,2016-08-16 00:00:00,-0.26234320388168103,-0.2931726907630522,0.546583850931677,Terra,00:00:00
2016-08-17,2016-08-17 00:00:00,-0.3847632026790741,-0.4161073825503356,0.4123222748815166,Terra,00:00:00
2016-08-18,2016-08-18 00:00:00,-0.38694462437057436,-0.41818181818181815,0.4102564102564103,Terra,00:00:00
2016-08-19,2016-08-19 00:00:00,-0.2010781113848555,-0.22745098039215683,0.6293929712460065,Terra,00:00:00
2016-08-20,2016-08-20 00:00:00,-0.33881855655338095,-0.3714285714285714,0.45833333333333337,Terra,00:00:00
2016-08-21,2016-08-21 00:00:00,-0.3227492453572175,-0.35537190082644626,0.47560975609756095,Terra,00:00:00
2016-08-22,2016-08-22 00:00:00,-0.49816385745923997,-0.517948717948718,0.31756756756756754,Terra,00:00:00
2016-08-23,2016-08-23 00:00:00,-0.5212367982133608,-0.537117903930131,0.30113636363636365,Terra,00:00:00
2016-08-24,2016-08-24 00:00:00,-0.43456890403419873,-0.46236559139784944,0.3676470588235294,Terra,00:00:00
2016-08-25,2016-08-25 00:00:00,-0.3967149176427313,-0.42741935483870963,0.4011299435028249,Terra,00:00:00
2016-08-26,2016-08-26 00:00:00,-0.29495584795178803,-0.32710280373831774,0.5070422535211268,Terra,00:00:00
2016-08-27,2016-08-27 00:00:00,-0.507935202133882,-0.5261324041811847,0.31050228310502287,Terra,00:00:00
2016-08-28,2016-08-28 00:00:00,-0.3463529744506386,-0.3788819875776398,0.45045045045045046,Terra,00:00:00
2016-08-31,2016-08-31 00:00:00,-0.41531410474146035,-0.44475920679886694,0.38431372549019605,Terra,00:00:00
2016-09-03,2016-09-03 00:00:00,-0.4187901476451577,-0.4479638009049773,0.38125000000000003,Terra,00:00:00
2016-09-04,2016-09-04 00:00:00,-0.43066385348066105,-0.45882352941176474,0.3709677419354838,Terra,00:00:00
2016-09-05,2016-09-05 00:00:00,-0.3895068411351748,-0.4206128133704735,0.40784313725490196,Terra,00:00:00
2016-09-06,2016-09-06 00:00:00,-0.5719075740978633,-0.577319587628866,0.2679738562091503,Terra,00:00:00
2016-09-07,2016-09-07 00:00:00,-0.3399480616943508,-0.37254901960784315,0.4571428571428572,Terra,00:00:00
2016-09-08,2016-09-08 00:00:00,-0.7674273849918705,-0.708185053380783,0.17083333333333334,Terra,00:00:00
2016-09-09,2016-09-09 00:00:00,-0.4080940085025768,-0.43806646525679754,0.3907563025210084,Terra,00:00:00
2016-09-10,2016-09-10 00:00:00,-0.8185799074392518,-0.7363344051446946,0.15185185185185188,Terra,00:00:00
2016-09-11,2016-09-11 00:00:00,-0.7525971459112555,-0.6995708154506438,0.17676767676767677,Terra,00:00:00
2016-09-12,2016-09-12 00:00:00,-0.3276395770338366,-0.3602811950790862,0.4702842377260982,Terra,00:00:00
2016-09-13,2016-09-13 00:00:00,-0.46020853602488015,-0.4852546916890081,0.34657039711191334,Terra,00:00:00
2016-09-14,2016-09-14 00:00:00,-0.6459132750338442,-0.631336405529954,0.22598870056497175,Terra,00:00:00
2016-09-15,2016-09-15 00:00:00,-0.6041037338379487,-0.6015037593984963,0.24882629107981222,Terra,00:00:00
2016-09-16,2016-09-16 00:00:00,-0.6059204121412005,-0.6028368794326241,0.247787610619469,Terra,00:00:00
2016-09-18,2016-09-18 00:00:00,-0.6446123420134261,-0.6304347826086957,0.22666666666666666,Terra,00:00:00
2016-09-19,2016-09-19 00:00:00,-0.6741464206109866,-0.6504854368932039,0.21176470588235294,Terra,00:00:00
2016-09-21,2016-09-21 00:00:00,-0.5533680674282379,-0.5629139072847683,0.2796610169491526,Terra,00:00:00
2016-09-24,2016-09-24 00:00:00,-0.635986111800833,-0.6244131455399061,0.23121387283236997,Terra,00:00:00
2016-09-25,2016-09-25 00:00:00,-0.7361867488401076,-0.6897959183673469,0.18357487922705315,Terra,00:00:00
2016-09-26,2016-09-26 00:00:00,-0.7670433691298862,-0.7079646017699115,0.17098445595854922,Terra,00:00:00
2016-09-27,2016-09-27 00:00:00,-0.7269987279362623,-0.6842105263157895,0.1875,Terra,00:00:00
2016-09-28,2016-09-28 00:00:00,-0.6430412179221054,-0.6293436293436294,0.2274881516587678,Terra,00:00:00
2016-09-29,2016-09-29 00:00:00,-0.42881657514510746,-0.45714285714285713,0.3725490196078431,Terra,00:00:00
2016-10-06,2016-10-06 00:00:00,-0.5447973383619624,-0.556135770234987,0.2852348993288591,Terra,00:00:00
2016-10-08,2016-10-08 00:00:00,-0.6363445884880482,-0.6246648793565684,0.23102310231023102,Terra,00:00:00
2016-10-09,2016-10-09 00:00:00,-0.34845464559211936,-0.380952380952381,0.44827586206896547,Terra,00:00:00
2016-10-10,2016-10-10 00:00:00,-0.7813563902588551,-0.7160883280757097,0.16544117647058823,Terra,00:00:00
2016-10-11,2016-10-11 00:00:00,-0.8391487075010556,-0.746987951807229,0.14482758620689656,Terra,00:00:00
2016-10-12,2016-10-12 00:00:00,-0.4712443790898543,-0.49490835030549896,0.33787465940054495,Terra,00:00:00
2016-11-04,2016-11-04 00:00:00,-0.8148181600555934,-0.7343453510436433,0.15317286652078774,Terra,00:00:00
2016-11-08,2016-11-08 00:00:00,-0.7260282370700548,-0.6836158192090395,0.18791946308724833,Terra,00:00:00
2016-11-09,2016-11-09 00:00:00,-0.735667568285864,-0.689482470784641,0.18379446640316208,Terra,00:00:00
2016-11-13,2016-11-13 00:00:00,-0.8309092995464433,-0.7427652733118971,0.14760147601476015,Terra,00:00:00
2016-11-17,2016-11-17 00:00:00,-0.7596678446896306,-0.7037037037037036,0.17391304347826086,Terra,00:00:00
2016-11-26,2016-11-26 00:00:00,-0.3424226808222062,-0.37500000000000006,0.45454545454545453,Terra,00:00:00
2016-12-01,2016-12-01 00:00:00,-0.588453610292906,-0.5898801597869509,0.25795644891122277,Terra,00:00:00
2016-12-03,2016-12-03 00:00:00,-0.37624931126058425,-0.40796963946869064,0.42048517520215634,Terra,00:00:00
2016-12-05,2016-12-05 00:00:00,-0.6324223824558438,-0.621903520208605,0.23311897106109325,Terra,00:00:00
2016-12-10,2016-12-10 00:00:00,-0.7816256247689455,-0.7162393162393162,0.16533864541832669,Terra,00:00:00
2017-02-23,2017-02-23 00:00:00,-0.5856695751397931,-0.5877862595419848,0.2596153846153846,Terra,00:00:00
2017-02-24,2017-02-24 00:00:00,-0.4909369559208064,-0.5118343195266273,0.3228962818003914,Terra,00:00:00
2017-02-25,2017-02-25 00:00:00,-0.28254658996996806,-0.3142857142857142,0.5217391304347826,Terra,00:00:00
2017-02-28,2017-02-28 00:00:00,-0.47226875192525036,-0.49579831932773116,0.33707865168539325,Terra,00:00:00
2017-03-10,2017-03-10 00:00:00,0.04452883869855217,0.051220855516798204,1.1079721362229102,Terra,00:00:00
2017-03-16,2017-03-16 00:00:00,-0.5253393438279943,-0.5404699738903395,0.2983050847457627,Terra,00:00:00
2017-03-23,2017-03-23 00:00:00,-0.3853508813640171,-0.41666666666666663,0.411764705882353,Terra,00:00:00
2017-03-27,2017-03-27 00:00:00,-0.4782420152949583,-0.5009671179883946,0.3324742268041237,Terra,00:00:00
2017-03-31,2017-03-31 00:00:00,-0.37485612476283553,-0.40663176265270506,0.4218362282878412,Terra,00:00:00
2017-04-02,2017-04-02 00:00:00,-0.574407117584066,-0.5792349726775957,0.2664359861591695,Terra,00:00:00
2017-04-03,2017-04-03 00:00:00,-0.28829317426104867,-0.32023575638506885,0.5148809523809523,Terra,00:00:00
2017-04-08,2017-04-08 00:00:00,-0.4063324337273373,-0.4364261168384881,0.3923444976076555,Terra,00:00:00
2017-04-14,2017-04-14 00:00:00,-0.39198753988116863,-0.4229607250755287,0.40552016985138006,Terra,00:00:00
2017-04-15,2017-04-15 00:00:00,-0.15529480893329314,-0.17690875232774675,0.6993670886075949,Terra,00:00:00
2017-04-21,2017-04-21 00:00:00,-0.5531362061566647,-0.5627314814814814,0.2798104265402843,Terra,00:00:00
2017-04-28,2017-04-28 00:00:00,-0.46612587041819925,-0.4904458598726115,0.3418803418803419,Terra,00:00:00
2017-04-30,2017-04-30 00:00:00,-0.4310285310416834,-0.4591549295774648,0.37065637065637064,Terra,00:00:00
2017-05-01,2017-05-01 00:00:00,-0.34129317568123635,-0.3738819320214669,0.4557291666666667,Terra,00:00:00
2017-05-03,2017-05-03 00:00:00,-0.736965322897452,-0.6902654867256638,0.1832460732984293,Terra,00:00:00
2017-05-07,2017-05-07 00:00:00,-0.32111655741211426,-0.3537284894837476,0.47740112994350287,Terra,00:00:00
2017-05-08,2017-05-08 00:00:00,-0.4196099879038332,-0.44871794871794873,0.3805309734513274,Terra,00:00:00
2017-05-09,2017-05-09 00:00:00,-0.2116674133168773,-0.23897911832946636,0.6142322097378278,Terra,00:00:00
2017-05-10,2017-05-10 00:00:00,-0.1417817112852549,-0.1617977528089888,0.7214700193423598,Terra,00:00:00
2017-05-14,2017-05-14 00:00:00,-0.46030775571001237,-0.48534201954397393,0.34649122807017546,Terra,00:00:00
2017-05-15,2017-05-15 00:00:00,-0.4607308385314931,-0.48571428571428577,0.34615384615384615,Terra,00:00:00
2017-05-17,2017-05-17 00:00:00,-0.5209001792982496,-0.5368421052631579,0.30136986301369867,Terra,00:00:00
2017-05-18,2017-05-18 00:00:00,-0.45127459753705135,-0.47735191637630664,0.3537735849056604,Terra,00:00:00
2017-05-19,2017-05-19 00:00:00,-0.590353231794712,-0.591304347826087,0.2568306010928962,Terra,00:00:00
2017-05-20,2017-05-20 00:00:00,-0.5216536542510313,-0.5374592833876222,0.3008474576271187,Terra,00:00:00
2017-05-21,2017-05-21 00:00:00,-0.4203936302707353,-0.449438202247191,0.3798449612403101,Terra,00:00:00
2017-05-22,2017-05-22 00:00:00,-0.43933269383026263,-0.4666666666666666,0.36363636363636365,Terra,00:00:00
2017-05-25,2017-05-25 00:00:00,-0.49884050441289873,-0.5185185185185185,0.3170731707317073,Terra,00:00:00
2017-05-26,2017-05-26 00:00:00,-0.21617161672466575,-0.24386252045826506,0.6078947368421054,Terra,00:00:00
2017-05-27,2017-05-27 00:00:00,-0.4325391220669219,-0.4605263157894736,0.36936936936936937,Terra,00:00:00
2017-05-28,2017-05-28 00:00:00,-0.5726503620113332,-0.577889447236181,0.267515923566879,Terra,00:00:00
2017-06-01,2017-06-01 00:00:00,-0.3703564870399491,-0.40229885057471265,0.4262295081967213,Terra,00:00:00
2017-06-02,2017-06-02 00:00:00,-0.41200307613545734,-0.4416961130742049,0.3872549019607843,Terra,00:00:00
2017-06-03,2017-06-03 00:00:00,-0.2357632641513897,-0.264957264957265,0.581081081081081,Terra,00:00:00
2017-06-04,2017-06-04 00:00:00,-0.0509900174943522,-0.05863708399366092,0.8892215568862274,Terra,00:00:00
2017-06-05,2017-06-05 00:00:00,-0.2617766965163077,-0.29257641921397387,0.5472972972972973,Terra,00:00:00
2017-06-06,2017-06-06 00:00:00,-0.30499618288158264,-0.33738601823708214,0.4954545454545454,Terra,00:00:00
2017-06-12,2017-06-12 00:00:00,-0.32236288689323805,-0.35498320268757005,0.47603305785123967,Terra,00:00:00
2017-06-13,2017-06-13 00:00:00,-0.19465785495814786,-0.22043010752688172,0.6387665198237885,Terra,00:00:00
2017-06-17,2017-06-17 00:00:00,-0.13139196799981767,-0.1501272264631044,0.7389380530973451,Terra,00:00:00
2017-06-18,2017-06-18 00:00:00,-0.3146331720348977,-0.34718100890207715,0.4845814977973568,Terra,00:00:00
2017-06-19,2017-06-19 00:00:00,-0.4259687322722811,-0.45454545454545453,0.37500000000000006,Terra,00:00:00
2017-06-20,2017-06-20 00:00:00,-0.11309677410133166,-0.12947658402203857,0.7707317073170732,Terra,00:00:00
2017-06-21,2017-06-21 00:00:00,-0.4517166749455677,-0.4777448071216618,0.3534136546184739,Terra,00:00:00
2017-06-22,2017-06-22 00:00:00,-0.20028606826534454,-0.22658610271903323,0.6305418719211823,Terra,00:00:00
2017-06-23,2017-06-23 00:00:00,-0.24001580627472097,-0.2695035460992908,0.5754189944134078,Terra,00:00:00
2017-06-24,2017-06-24 00:00:00,-0.3843672014827637,-0.4157303370786516,0.41269841269841273,Terra,00:00:00
2017-06-26,2017-06-26 00:00:00,-0.2598244660707742,-0.290519877675841,0.5497630331753555,Terra,00:00:00
2017-06-28,2017-06-28 00:00:00,-0.1263744221534544,-0.14447592067988674,0.7475247524752474,Terra,00:00:00
2017-06-29,2017-06-29 00:00:00,-0.06429864434092496,-0.07389162561576353,0.8623853211009175,Terra,00:00:00
2017-06-30,2017-06-30 00:00:00,-0.12493873660829989,-0.14285714285714282,0.7500000000000001,Terra,00:00:00
2017-07-01,2017-07-01 00:00:00,-0.08360670286863635,-0.095959595959596,0.8248847926267281,Terra,00:00:00
2017-07-02,2017-07-02 00:00:00,-0.045757490560675115,-0.05263157894736842,0.9,Terra,00:00:00
2017-07-03,2017-07-03 00:00:00,-0.11229725627967439,-0.1285714285714286,0.7721518987341772,Terra,00:00:00
2017-07-04,2017-07-04 00:00:00,-0.024885444629901825,-0.02864259028642594,0.9443099273607748,Terra,00:00:00
2017-07-05,2017-07-05 00:00:00,-0.06110518240182969,-0.07023411371237456,0.86875,Terra,00:00:00
2017-07-06,2017-07-06 00:00:00,0.3979400086720376,0.4285714285714286,2.5,Terra,00:00:00
2017-07-07,2017-07-07 00:00:00,0.20030907176024665,0.2266112266112266,1.586021505376344,Terra,00:00:00
2017-07-08,2017-07-08 00:00:00,0.10080505689158059,0.11553784860557768,1.2612612612612613,Terra,00:00:00
2017-07-09,2017-07-09 00:00:00,-0.1261778087238484,-0.1442542787286063,0.7478632478632479,Terra,00:00:00
2017-07-10,2017-07-10 00:00:00,-0.14390657568428006,-0.16417910447761197,0.7179487179487178,Terra,00:00:00
2017-07-11,2017-07-11 00:00:00,0.036871359953126216,0.04242424242424238,1.0886075949367087,Terra,00:00:00
2017-07-12,2017-07-12 00:00:00,-0.020289206557275532,-0.023354564755838646,0.954356846473029,Terra,00:00:00
2017-07-13,2017-07-13 00:00:00,0.012018979120652227,0.013836477987421431,1.028061224489796,Terra,00:00:00
2017-07-14,2017-07-14 00:00:00,-0.1917061768736126,-0.2171945701357466,0.6431226765799256,Terra,00:00:00
2017-07-15,2017-07-15 00:00:00,-0.054467763598858146,-0.0626262626262626,0.88212927756654,Terra,00:00:00
2017-07-16,2017-07-16 00:00:00,0.14810660166032596,0.16888045540796967,1.406392694063927,Terra,00:00:00
2017-07-17,2017-07-17 00:00:00,-0.10473535052001293,-0.11999999999999995,0.7857142857142858,Terra,00:00:00
2017-07-18,2017-07-18 00:00:00,-0.05188674828904568,-0.05966587112171834,0.8873873873873874,Terra,00:00:00
2017-07-19,2017-07-19 00:00:00,0.3159617114576152,0.3485254691689008,2.0699588477366255,Terra,00:00:00
2017-07-20,2017-07-20 00:00:00,0.640247536610976,0.6273972602739726,4.367647058823529,Terra,00:00:00
2017-07-21,2017-07-21 00:00:00,0.04296907339318013,0.049429657794676826,1.104,Terra,00:00:00
2017-07-22,2017-07-22 00:00:00,0.05978399150253379,0.06872037914691942,1.1475826972010177,Terra,00:00:00
2017-07-24,2017-07-24 00:00:00,-0.1830032534720112,-0.20762711864406777,0.656140350877193,Terra,00:00:00
2017-07-25,2017-07-25 00:00:00,-0.18719204184859806,-0.21223709369024854,0.6498422712933755,Terra,00:00:00
2017-07-27,2017-07-27 00:00:00,0.2820858000255171,0.3138075313807532,1.9146341463414636,Terra,00:00:00
2017-07-28,2017-07-28 00:00:00,0.028826326178706067,0.03317535545023693,1.0686274509803921,Terra,00:00:00
2017-07-29,2017-07-29 00:00:00,-0.153228376096177,-0.1746031746031746,0.7027027027027027,Terra,00:00:00
2017-07-30,2017-07-30 00:00:00,-0.14266750356873156,-0.16279069767441864,0.72,Terra,00:00:00
2017-07-31,2017-07-31 00:00:00,-0.08670256477290895,-0.09948979591836728,0.8190255220417635,Terra,00:00:00
2017-08-01,2017-08-01 00:00:00,-0.05305672930217456,-0.0610079575596817,0.885,Terra,00:00:00
2017-08-02,2017-08-02 00:00:00,-0.18555338675345823,-0.21043478260869566,0.6522988505747126,Terra,00:00:00
2017-08-08,2017-08-08 00:00:00,0.2912900577760474,0.3233287858117326,1.9556451612903225,Terra,00:00:00
2017-08-11,2017-08-11 00:00:00,-0.025554104472388168,-0.029411764705882342,0.9428571428571428,Terra,00:00:00
2017-08-16,2017-08-16 00:00:00,-0.15363763745698356,-0.17505995203836933,0.7020408163265306,Terra,00:00:00
2017-08-17,2017-08-17 00:00:00,0.2202252169521428,0.24824684431977564,1.66044776119403,Terra,00:00:00
2017-08-20,2017-08-20 00:00:00,-0.20481541031757602,-0.2315270935960591,0.624,Terra,00:00:00
2017-08-21,2017-08-21 00:00:00,-0.23671837316829256,-0.265979381443299,0.5798045602605862,Terra,00:00:00
2017-08-24,2017-08-24 00:00:00,0.33508072669140593,0.36771300448430494,2.1631205673758864,Terra,00:00:00
2017-08-25,2017-08-25 00:00:00,0.0,0.0,1.0,Terra,00:00:00
2017-08-26,2017-08-26 00:00:00,-0.16131232702409123,-0.18361153262518967,0.6897435897435897,Terra,00:00:00
2017-08-27,2017-08-27 00:00:00,-0.10531210290478257,-0.12065439672801634,0.7846715328467154,Terra,00:00:00
2017-08-29,2017-08-29 00:00:00,0.0,0.0,1.0,Terra,00:00:00
2017-08-31,2017-08-31 00:00:00,-0.06069784035361164,-0.0697674418604651,0.8695652173913044,Terra,00:00:00
2017-09-01,2017-09-01 00:00:00,0.05304818011405426,0.060998151571164456,1.1299212598425197,Terra,00:00:00
2017-09-05,2017-09-05 00:00:00,-0.16641837631319717,-0.18928571428571428,0.6816816816816816,Terra,00:00:00
2017-09-08,2017-09-08 00:00:00,-0.13972739429983289,-0.15949367088607594,0.7248908296943232,Terra,00:00:00
2017-09-10,2017-09-10 00:00:00,-0.2587056809417001,-0.2893401015228427,0.5511811023622046,Terra,00:00:00
2017-09-11,2017-09-11 00:00:00,-0.117482854228708,-0.13443830570902396,0.762987012987013,Terra,00:00:00
2017-09-21,2017-09-21 00:00:00,-0.09597504067298336,-0.11004784688995214,0.8017241379310345,Terra,00:00:00
2017-09-24,2017-09-24 00:00:00,-0.031626392406353405,-0.03639514731369153,0.9297658862876254,Terra,00:00:00
2017-09-26,2017-09-26 00:00:00,-0.24362852393959833,-0.273356401384083,0.5706521739130436,Terra,00:00:00
2017-09-27,2017-09-27 00:00:00,0.02632893872234915,0.030303030303030304,1.0625,Terra,00:00:00
2017-09-28,2017-09-28 00:00:00,0.06507684279376764,0.07478260869565215,1.1616541353383458,Terra,00:00:00
2017-09-30,2017-09-30 00:00:00,-0.3896323157371712,-0.42073170731707316,0.407725321888412,Terra,00:00:00
2017-10-01,2017-10-01 00:00:00,-0.24130156303854966,-0.2708757637474542,0.5737179487179487,Terra,00:00:00
2017-10-03,2017-10-03 00:00:00,-0.2748912727919186,-0.306320907617504,0.5310173697270472,Terra,00:00:00
2017-10-05,2017-10-05 00:00:00,-0.041754748107001194,-0.04803493449781661,0.9083333333333333,Terra,00:00:00
2017-10-06,2017-10-06 00:00:00,-0.19977458749647342,-0.2260273972602739,0.6312849162011174,Terra,00:00:00
2017-10-07,2017-10-07 00:00:00,-0.2849431757705264,-0.3167701863354037,0.5188679245283019,Terra,00:00:00
2017-10-08,2017-10-08 00:00:00,-0.23074246277633878,-0.25957446808510637,0.5878378378378379,Terra,00:00:00
2017-10-10,2017-10-10 00:00:00,-0.08987024974950063,-0.10309930423782412,0.8130733944954129,Terra,00:00:00
2017-10-14,2017-10-14 00:00:00,-0.15214770497706595,-0.17339667458432298,0.7044534412955467,Terra,00:00:00
2017-10-16,2017-10-16 00:00:00,0.48428011706609386,0.5061559507523941,3.0498614958448753,Terra,00:00:00
2017-10-17,2017-10-17 00:00:00,-0.11767705197481851,-0.13465783664459163,0.7626459143968871,Terra,00:00:00
2017-10-18,2017-10-18 00:00:00,-0.14772104794358432,-0.16844919786096255,0.7116704805491991,Terra,00:00:00
2017-10-25,2017-10-25 00:00:00,0.21623037265817938,0.24392614188532552,1.6452442159383032,Terra,00:00:00
2017-10-26,2017-10-26 00:00:00,-0.43647413967056303,-0.4640883977900553,0.3660377358490566,Terra,00:00:00
2017-10-27,2017-10-27 00:00:00,-0.4296544218492443,-0.45790554414784396,0.3718309859154929,Terra,00:00:00
2017-10-28,2017-10-28 00:00:00,-0.6580113966571124,-0.6396396396396397,0.21978021978021978,Terra,00:00:00
2017-10-29,2017-10-29 00:00:00,-0.5937346025438311,-0.5938303341902312,0.2548387096774194,Terra,00:00:00
2017-10-31,2017-10-31 00:00:00,-0.5839617692351663,-0.5864978902953587,0.2606382978723404,Terra,00:00:00
2017-11-01,2017-11-01 00:00:00,-0.6606250122597991,-0.6414141414141413,0.21846153846153846,Terra,00:00:00
2017-11-04,2017-11-04 00:00:00,-0.5779031609685283,-0.5819032761310452,0.26429980276134124,Terra,00:00:00
2017-11-11,2017-11-11 00:00:00,-0.631023687263279,-0.6209150326797386,0.23387096774193547,Terra,00:00:00
2017-11-14,2017-11-14 00:00:00,-0.5523120180344826,-0.562082777036048,0.28034188034188035,Terra,00:00:00
2017-11-17,2017-11-17 00:00:00,-0.6195172393787038,-0.6127080181543116,0.2401500938086304,Terra,00:00:00
2017-12-04,2017-12-04 00:00:00,-0.6964572037951621,-0.6650563607085347,0.20116054158607352,Terra,00:00:00
2017-12-05,2017-12-05 00:00:00,-0.6856935933240254,-0.6580882352941175,0.20620842572062087,Terra,00:00:00
2017-12-06,2017-12-06 00:00:00,-0.7419821860206536,-0.6932773109243697,0.18114143920595532,Terra,00:00:00
2017-12-07,2017-12-07 00:00:00,-0.7143903632035127,-0.6764132553606238,0.19302325581395346,Terra,00:00:00
2017-12-08,2017-12-08 00:00:00,-0.5292189233113566,-0.5436241610738255,0.2956521739130435,Terra,00:00:00
2017-12-10,2017-12-10 00:00:00,-0.5700110886304524,-0.5758620689655173,0.26914660831509846,Terra,00:00:00
2017-12-30,2017-12-30 00:00:00,-0.48927014429925747,-0.5104166666666666,0.32413793103448274,Terra,00:00:00
2018-01-02,2018-01-02 00:00:00,-0.28596624922810526,-0.3178294573643411,0.5176470588235295,Terra,00:00:00
2018-01-06,2018-01-06 00:00:00,-1.0791812460476247,-0.8461538461538461,0.08333333333333334,Terra,00:00:00
2018-01-13,2018-01-13 00:00:00,-0.6396560031200368,-0.6269841269841271,0.22926829268292684,Terra,00:00:00
2018-01-20,2018-01-20 00:00:00,-0.5130181786663871,-0.5303514376996806,0.3068893528183716,Terra,00:00:00
2018-01-30,2018-01-30 00:00:00,-0.6005902962471869,-0.5989159891598916,0.25084745762711863,Terra,00:00:00
2018-02-02,2018-02-02 00:00:00,-0.4967168107830432,-0.516728624535316,0.31862745098039214,Terra,00:00:00
2018-02-05,2018-02-05 00:00:00,-0.5589030742978126,-0.5672514619883041,0.27611940298507465,Terra,00:00:00
2018-02-06,2018-02-06 00:00:00,-0.6901960800285137,-0.6610169491525425,0.2040816326530612,Terra,00:00:00
2018-02-07,2018-02-07 00:00:00,-0.3113462641399573,-0.34384858044164035,0.4882629107981221,Terra,00:00:00
2018-02-10,2018-02-10 00:00:00,-0.7165789493942133,-0.6777777777777777,0.19205298013245034,Terra,00:00:00
2018-02-12,2018-02-12 00:00:00,-0.47321745781079555,-0.4966216216216216,0.3363431151241535,Terra,00:00:00
2018-02-13,2018-02-13 00:00:00,-0.8721562727482929,-0.7633136094674557,0.1342281879194631,Terra,00:00:00
2018-02-14,2018-02-14 00:00:00,-0.45733065084228924,-0.48271752085816455,0.3488745980707395,Terra,00:00:00
2018-02-15,2018-02-15 00:00:00,-0.8050233967839451,-0.729106628242075,0.15666666666666665,Terra,00:00:00
2018-02-18,2018-02-18 00:00:00,-0.5357367401847964,-0.5488888888888889,0.29124820659971307,Terra,00:00:00
2018-02-23,2018-02-23 00:00:00,-0.4332520040113742,-0.4611727416798732,0.368763557483731,Terra,00:00:00
2018-02-26,2018-02-26 00:00:00,-0.5492796406728709,-0.5596899224806202,0.2823061630218688,Terra,00:00:00
2018-03-03,2018-03-03 00:00:00,-0.4240708655291955,-0.4528101802757158,0.3766423357664233,Terra,00:00:00
2018-03-11,2018-03-11 00:00:00,-0.37682431259895455,-0.40852130325814545,0.4199288256227758,Terra,00:00:00
2018-03-19,2018-03-19 00:00:00,-0.5464029665439173,-0.5574112734864302,0.28418230563002683,Terra,00:00:00
2018-03-21,2018-03-21 00:00:00,-0.5037608698140151,-0.5226480836236934,0.3135011441647597,Terra,00:00:00
2018-03-27,2018-03-27 00:00:00,-0.2334971926103511,-0.26252983293556087,0.5841209829867675,Terra,00:00:00
2018-03-28,2018-03-28 00:00:00,-0.4132319108693486,-0.44283413848631237,0.3861607142857143,Terra,00:00:00
2018-03-31,2018-03-31 00:00:00,-0.4577730894245225,-0.4831081081081081,0.3485193621867882,Terra,00:00:00
2018-04-01,2018-04-01 00:00:00,-0.20280813391986197,-0.22933884297520665,0.626890756302521,Terra,00:00:00
2018-04-02,2018-04-02 00:00:00,-0.35218251811136253,-0.3846153846153847,0.4444444444444444,Terra,00:00:00
2018-04-08,2018-04-08 00:00:00,-0.41225616820910505,-0.4419306184012066,0.3870292887029289,Terra,00:00:00
2018-04-09,2018-04-09 00:00:00,-0.29501196197498164,-0.3271604938271605,0.5069767441860465,Terra,00:00:00
2018-04-17,2018-04-17 00:00:00,-0.23330837178340702,-0.26232741617356997,0.584375,Terra,00:00:00
2018-04-20,2018-04-20 00:00:00,-0.6551776505305748,-0.6377079482439927,0.22121896162528215,Terra,00:00:00
2018-04-21,2018-04-21 00:00:00,-0.5986268154895683,-0.5974643423137875,0.25198412698412703,Terra,00:00:00
2018-04-22,2018-04-22 00:00:00,-0.3897333048465046,-0.4208273894436519,0.40763052208835343,Terra,00:00:00
2018-04-23,2018-04-23 00:00:00,-0.4411699000187985,-0.4683195592286502,0.3621013133208255,Terra,00:00:00
2018-04-24,2018-04-24 00:00:00,-0.40568327220058764,-0.43582089552238806,0.3929313929313929,Terra,00:00:00
2018-04-25,2018-04-25 00:00:00,-0.3245110915135041,-0.35714285714285715,0.47368421052631576,Terra,00:00:00
2018-04-29,2018-04-29 00:00:00,-0.36356766638953936,-0.39572736520854523,0.4329446064139941,Terra,00:00:00
2018-04-30,2018-04-30 00:00:00,-0.3702556313970575,-0.40220152413209137,0.426328502415459,Terra,00:00:00
2018-05-01,2018-05-01 00:00:00,-0.5639766937581608,-0.5712,0.2729124236252546,Terra,00:00:00
2018-05-02,2018-05-02 00:00:00,-0.7090172227741331,-0.6730434782608696,0.1954261954261954,Terra,00:00:00
2018-05-03,2018-05-03 00:00:00,-0.6332535115109064,-0.6224899598393575,0.23267326732673266,Terra,00:00:00
2018-05-06,2018-05-06 00:00:00,-0.5871343133980668,-0.5888888888888889,0.25874125874125875,Terra,00:00:00
2018-05-07,2018-05-07 00:00:00,-0.5742968100667182,-0.5791505791505791,0.2665036674816626,Terra,00:00:00
2018-05-08,2018-05-08 00:00:00,-0.46177356287850785,-0.48663101604278075,0.34532374100719426,Terra,00:00:00
2018-05-11,2018-05-11 00:00:00,-0.4381767323229295,-0.46562500000000007,0.3646055437100213,Terra,00:00:00
2018-05-12,2018-05-12 00:00:00,-0.6398485522173621,-0.6271186440677965,0.22916666666666669,Terra,00:00:00
2018-05-13,2018-05-13 00:00:00,-0.23007852094481654,-0.2588614393125671,0.5887372013651877,Terra,00:00:00
2018-05-14,2018-05-14 00:00:00,-0.4771212547196624,-0.49999999999999994,0.33333333333333337,Terra,00:00:00
2018-05-15,2018-05-15 00:00:00,-0.6070423918469022,-0.6036585365853657,0.24714828897338406,Terra,00:00:00
2018-05-17,2018-05-17 00:00:00,-0.06534872543641652,-0.07509386733416769,0.8603026775320141,Terra,00:00:00
2018-05-18,2018-05-18 00:00:00,-0.41311341158669407,-0.4427244582043343,0.3862660944206009,Terra,00:00:00
2018-05-19,2018-05-19 00:00:00,-0.1965959247133891,-0.22255192878338279,0.6359223300970874,Terra,00:00:00
2018-05-21,2018-05-21 00:00:00,-0.3207476842381933,-0.35335689045936397,0.47780678851174935,Terra,00:00:00
2018-05-22,2018-05-22 00:00:00,-0.3033712114788837,-0.3357271095152603,0.49731182795698925,Terra,00:00:00
2018-05-23,2018-05-23 00:00:00,-0.5404030902638702,-0.5526315789473684,0.288135593220339,Terra,00:00:00
2018-05-24,2018-05-24 00:00:00,-0.5025029859086195,-0.521594684385382,0.314410480349345,Terra,00:00:00
2018-05-26,2018-05-26 00:00:00,-0.49272632805023847,-0.513353115727003,0.3215686274509804,Terra,00:00:00
2018-05-27,2018-05-27 00:00:00,-0.08802665327552897,-0.1009988901220866,0.816532258064516,Terra,00:00:00
2018-05-28,2018-05-28 00:00:00,-0.5567182925481167,-0.5655430711610487,0.27751196172248804,Terra,00:00:00
2018-05-30,2018-05-30 00:00:00,-0.1918855262389131,-0.21739130434782605,0.6428571428571429,Terra,00:00:00
2018-06-01,2018-06-01 00:00:00,-0.47712125471966244,-0.5,0.3333333333333333,Terra,00:00:00
2018-06-02,2018-06-02 00:00:00,-0.2652110276374859,-0.2961876832844575,0.5429864253393665,Terra,00:00:00
2018-06-04,2018-06-04 00:00:00,-0.46505674331828184,-0.4895104895104895,0.3427230046948357,Terra,00:00:00
2018-06-05,2018-06-05 00:00:00,-0.09549701553882407,-0.10950413223140501,0.802607076350093,Terra,00:00:00
2018-06-07,2018-06-07 00:00:00,-0.07754548335336567,-0.08904109589041093,0.8364779874213837,Terra,00:00:00
2018-06-08,2018-06-08 00:00:00,-0.23897286004764473,-0.2683896620278331,0.5768025078369905,Terra,00:00:00
2018-06-09,2018-06-09 00:00:00,-0.1728258716279139,-0.19638826185101585,0.6716981132075471,Terra,00:00:00
2018-06-11,2018-06-11 00:00:00,-0.354370404259538,-0.3867595818815331,0.44221105527638194,Terra,00:00:00
2018-06-12,2018-06-12 00:00:00,-0.3802112417116061,-0.4117647058823529,0.41666666666666663,Terra,00:00:00
2018-06-13,2018-06-13 00:00:00,-0.32762776415777606,-0.3602693602693603,0.4702970297029702,Terra,00:00:00
2018-06-15,2018-06-15 00:00:00,-0.29408113570865335,-0.32620320855614976,0.5080645161290323,Terra,00:00:00
2018-06-19,2018-06-19 00:00:00,0.041001605004014806,0.04716981132075467,1.0990099009900989,Terra,00:00:00
2018-06-20,2018-06-20 00:00:00,0.4924783860009623,0.5131428571428572,3.1079812206572774,Terra,00:00:00
2018-06-21,2018-06-21 00:00:00,-0.069080919143299,-0.07936507936507933,0.8529411764705883,Terra,00:00:00
2018-06-24,2018-06-24 00:00:00,-0.1038588729633842,-0.1190053285968028,0.7873015873015874,Terra,00:00:00
2018-06-25,2018-06-25 00:00:00,-0.02460149500533511,-0.028315946348733214,0.9449275362318841,Terra,00:00:00
2018-06-26,2018-06-26 00:00:00,-0.06438078818113649,-0.07398568019093082,0.8622222222222221,Terra,00:00:00
2018-06-27,2018-06-27 00:00:00,-0.34070270042793244,-0.3732970027247957,0.45634920634920634,Terra,00:00:00
2018-06-28,2018-06-28 00:00:00,-0.0019785659820879347,-0.0022779043280182886,0.9954545454545454,Terra,00:00:00
2018-06-29,2018-06-29 00:00:00,0.5328838773977619,0.5465898174831894,3.4110169491525424,Terra,00:00:00
2018-06-30,2018-06-30 00:00:00,-0.028119494732751476,-0.03236245954692559,0.9373040752351097,Terra,00:00:00
2018-07-01,2018-07-01 00:00:00,0.47769992833213076,0.5004995004995005,3.004,Terra,00:00:00
2018-07-02,2018-07-02 00:00:00,-0.17480826113025383,-0.19858156028368795,0.6686390532544378,Terra,00:00:00
2018-07-03,2018-07-03 00:00:00,0.11910919294757603,0.13627639155470245,1.3155555555555554,Terra,00:00:00
2018-07-04,2018-07-04 00:00:00,0.025010096281861967,0.028785982478097664,1.059278350515464,Terra,00:00:00
2018-07-05,2018-07-05 00:00:00,-0.05055637344244382,-0.05813953488372091,0.8901098901098902,Terra,00:00:00
2018-07-07,2018-07-07 00:00:00,0.3673992659516404,0.3994413407821229,2.330232558139535,Terra,00:00:00
2018-07-08,2018-07-08 00:00:00,-0.0788984101653369,-0.09058614564831262,0.8338762214983714,Terra,00:00:00
2018-07-09,2018-07-09 00:00:00,-0.042987264118932174,-0.04945054945054953,0.9057591623036648,Terra,00:00:00
2018-07-10,2018-07-10 00:00:00,0.021641924938842906,0.024911032028469785,1.051094890510949,Terra,00:00:00
2018-07-11,2018-07-11 00:00:00,-0.011232379931848292,-0.012931034482758619,0.9744680851063829,Terra,00:00:00
2018-07-12,2018-07-12 00:00:00,-0.16400275944794238,-0.18660287081339713,0.6854838709677419,Terra,00:00:00
2018-07-14,2018-07-14 00:00:00,-0.34440878709722705,-0.3769633507853403,0.4524714828897339,Terra,00:00:00
2018-07-16,2018-07-16 00:00:00,-0.26565195612622966,-0.2966507177033493,0.5424354243542435,Terra,00:00:00
2018-07-17,2018-07-17 00:00:00,-0.05731565125539428,-0.06589147286821706,0.8763636363636363,Terra,00:00:00
2018-07-18,2018-07-18 00:00:00,-0.07949046249493706,-0.09126213592233008,0.8327402135231317,Terra,00:00:00
2018-07-19,2018-07-19 00:00:00,-0.1430909989527559,-0.16326530612244897,0.7192982456140351,Terra,00:00:00
2018-07-20,2018-07-20 00:00:00,-0.24410032679089202,-0.2738589211618257,0.5700325732899023,Terra,00:00:00
2018-07-21,2018-07-21 00:00:00,-0.2844955587542455,-0.31630648330058936,0.5194029850746269,Terra,00:00:00
2018-07-22,2018-07-22 00:00:00,-0.14886999521583003,-0.16973415132924333,0.7097902097902099,Terra,00:00:00
2018-07-26,2018-07-26 00:00:00,1.256777860100623,0.8950819672131147,18.0625,Terra,00:00:00
2018-07-27,2018-07-27 00:00:00,-0.19748940375691162,-0.22352941176470587,0.6346153846153847,Terra,00:00:00
2018-07-28,2018-07-28 00:00:00,0.36611525444662396,0.39819819819819824,2.3233532934131738,Terra,00:00:00
2018-08-02,2018-08-02 00:00:00,-0.12226755573039282,-0.1398432790837855,0.7546271813855102,Terra,00:00:00
2018-08-11,2018-08-11 00:00:00,-0.0054287517113981885,-0.006249999999999962,0.9875776397515529,Terra,00:00:00
2018-08-12,2018-08-12 00:00:00,-0.16559282553084537,-0.18836915297092283,0.6829787234042554,Terra,00:00:00
2018-08-18,2018-08-18 00:00:00,1.189506827111484,0.8785714285714286,15.470588235294116,Terra,00:00:00
2018-08-20,2018-08-20 00:00:00,-0.2027050121823163,-0.22922636103151864,0.627039627039627,Terra,00:00:00
2018-08-27,2018-08-27 00:00:00,-0.24111497034742874,-0.27067669172932335,0.57396449704142,Terra,00:00:00
2018-08-28,2018-08-28 00:00:00,-0.36575532530063626,-0.3978494623655913,0.43076923076923085,Terra,00:00:00
2018-08-31,2018-08-31 00:00:00,0.2644219043296032,0.2953586497890296,1.8383233532934133,Terra,00:00:00
2018-09-01,2018-09-01 00:00:00,-0.11988874387165842,-0.13715710723192023,0.7587719298245613,Terra,00:00:00
2018-09-02,2018-09-02 00:00:00,-0.20576192972290158,-0.23255813953488375,0.6226415094339622,Terra,00:00:00
2018-09-03,2018-09-03 00:00:00,-0.09254520760560633,-0.10614525139664806,0.8080808080808081,Terra,00:00:00
2018-09-05,2018-09-05 00:00:00,-0.16234661567764666,-0.18476190476190474,0.6881028938906752,Terra,00:00:00
2018-09-08,2018-09-08 00:00:00,0.15212098261613793,0.17336683417085436,1.4194528875379941,Terra,00:00:00
2018-09-09,2018-09-09 00:00:00,1.120868467996999,0.8592436974789917,13.208955223880597,Terra,00:00:00
2018-09-10,2018-09-10 00:00:00,0.09882380985593642,0.11328671328671332,1.2555205047318614,Terra,00:00:00
2018-09-12,2018-09-12 00:00:00,-0.08068140119003311,-0.0926216640502355,0.8304597701149424,Terra,00:00:00
2018-09-13,2018-09-13 00:00:00,-0.09656104193110117,-0.11071428571428571,0.8006430868167203,Terra,00:00:00
2018-09-15,2018-09-15 00:00:00,0.0329776741247158,0.037948717948717896,1.0788912579957355,Terra,00:00:00
2018-09-16,2018-09-16 00:00:00,0.10405750664601929,0.11923076923076924,1.2707423580786026,Terra,00:00:00
2018-09-17,2018-09-17 00:00:00,0.11987612911653725,0.13714285714285715,1.3178807947019868,Terra,00:00:00
2018-09-18,2018-09-18 00:00:00,-0.03144838285838083,-0.03619047619047623,0.9301470588235293,Terra,00:00:00
2018-09-19,2018-09-19 00:00:00,-0.2309921290562261,-0.25984251968503935,0.5875,Terra,00:00:00
2018-09-20,2018-09-20 00:00:00,-0.1314208641362203,-0.15015974440894572,0.7388888888888888,Terra,00:00:00
2018-09-23,2018-09-23 00:00:00,-0.3070619604338943,-0.3394919168591224,0.49310344827586206,Terra,00:00:00
2018-09-24,2018-09-24 00:00:00,-0.2626604387255188,-0.2935064935064935,0.5461847389558233,Terra,00:00:00
2018-09-25,2018-09-25 00:00:00,-0.0650626457560617,-0.07476635514018685,0.8608695652173914,Terra,00:00:00
2018-09-26,2018-09-26 00:00:00,-0.11521013341473071,-0.13186813186813182,0.766990291262136,Terra,00:00:00
2018-09-27,2018-09-27 00:00:00,-0.009723416937597894,-0.011194029850746265,0.977859778597786,Terra,00:00:00
2018-09-29,2018-09-29 00:00:00,-0.23280586840108447,-0.26178861788617885,0.5850515463917526,Terra,00:00:00
2018-09-30,2018-09-30 00:00:00,-0.1857273480944196,-0.21062618595825428,0.6520376175548589,Terra,00:00:00
2018-10-04,2018-10-04 00:00:00,0.19472220831554468,0.22050059594755664,1.5657492354740061,Terra,00:00:00
2018-10-06,2018-10-06 00:00:00,-0.33321467903538243,-0.36585365853658536,0.4642857142857143,Terra,00:00:00
2018-10-07,2018-10-07 00:00:00,-0.22818892764737533,-0.2568306010928961,0.591304347826087,Terra,00:00:00
2018-10-09,2018-10-09 00:00:00,-0.32696572975838095,-0.35960591133004927,0.47101449275362317,Terra,00:00:00
2018-10-11,2018-10-11 00:00:00,-0.23484047646395148,-0.26396917148362237,0.5823170731707318,Terra,00:00:00
2018-10-12,2018-10-12 00:00:00,-0.31209542181414124,-0.34460887949260044,0.4874213836477987,Terra,00:00:00
2018-10-13,2018-10-13 00:00:00,-0.45085602823712584,-0.4769797421731124,0.3541147132169576,Terra,00:00:00
2018-10-14,2018-10-14 00:00:00,-0.005640267352692647,-0.006493506493506454,0.9870967741935485,Terra,00:00:00
2018-10-15,2018-10-15 00:00:00,-0.04176616474142842,-0.048048048048048075,0.9083094555873925,Terra,00:00:00
2018-10-16,2018-10-16 00:00:00,-0.15115206386133775,-0.17228464419475653,0.7060702875399362,Terra,00:00:00
2018-10-17,2018-10-17 00:00:00,-0.42021640338318983,-0.4492753623188406,0.38,Terra,00:00:00
2018-10-18,2018-10-18 00:00:00,-0.09848640124301147,-0.11290322580645162,0.7971014492753623,Terra,00:00:00
2018-10-19,2018-10-19 00:00:00,-0.41712332504437705,-0.44642857142857134,0.3827160493827161,Terra,00:00:00
2018-10-20,2018-10-20 00:00:00,-0.18239462779041996,-0.20695652173913043,0.6570605187319885,Terra,00:00:00
2018-10-21,2018-10-21 00:00:00,-0.08744361794756626,-0.10033444816053509,0.8176291793313071,Terra,00:00:00
2018-10-22,2018-10-22 00:00:00,-0.41074403170432916,-0.4405286343612334,0.3883792048929664,Terra,00:00:00
2018-10-30,2018-10-30 00:00:00,-0.4821189448751722,-0.504302925989673,0.3295194508009153,Terra,00:00:00
2018-11-05,2018-11-05 00:00:00,-0.765916793966632,-0.7073170731707318,0.1714285714285714,Terra,00:00:00
2018-11-07,2018-11-07 00:00:00,-0.4946355022971682,-0.5149700598802396,0.3201581027667984,Terra,00:00:00
2018-11-08,2018-11-08 00:00:00,-0.6116866911292878,-0.6070460704607047,0.2445193929173693,Terra,00:00:00
2018-11-09,2018-11-09 00:00:00,-0.4892871617746971,-0.5104311543810848,0.3241252302025783,Terra,00:00:00
2018-11-10,2018-11-10 00:00:00,-0.7260617383993345,-0.6836363636363637,0.18790496760259182,Terra,00:00:00
2018-11-11,2018-11-11 00:00:00,-0.7351364593756097,-0.689161554192229,0.1840193704600484,Terra,00:00:00
2018-11-12,2018-11-12 00:00:00,-0.8450980400142568,-0.75,0.14285714285714285,Terra,00:00:00
2018-11-14,2018-11-14 00:00:00,-0.5428000303636402,-0.5545454545454547,0.28654970760233917,Terra,00:00:00
2018-11-16,2018-11-16 00:00:00,-0.6853971971467449,-0.6578947368421053,0.20634920634920637,Terra,00:00:00
2018-11-17,2018-11-17 00:00:00,-0.7194111645785635,-0.6795366795366795,0.1908045977011494,Terra,00:00:00
2018-11-18,2018-11-18 00:00:00,-0.7794896011559059,-0.7150395778364115,0.16615384615384615,Terra,00:00:00
2018-11-19,2018-11-19 00:00:00,-0.8065029896045074,-0.7299035369774919,0.15613382899628256,Terra,00:00:00
2018-11-20,2018-11-20 00:00:00,-0.36300484224639806,-0.3951807228915662,0.43350604490500866,Terra,00:00:00
2018-11-25,2018-11-25 00:00:00,-0.4197197829952796,-0.4488188976377953,0.3804347826086957,Terra,00:00:00
2018-12-05,2018-12-05 00:00:00,-0.642565973137964,-0.629013079667063,0.22773722627737225,Terra,00:00:00
2018-12-06,2018-12-06 00:00:00,-0.5578563288359089,-0.5664335664335663,0.2767857142857143,Terra,00:00:00
2018-12-12,2018-12-12 00:00:00,-0.7904550330809371,-0.7211538461538461,0.16201117318435754,Terra,00:00:00
2018-12-20,2018-12-20 00:00:00,-0.6499206069764019,-0.6341030195381882,0.22391304347826088,Terra,00:00:00
2018-12-21,2018-12-21 00:00:00,-0.6039830696668281,-0.6014150943396227,0.2488954344624448,Terra,00:00:00
2018-12-25,2018-12-25 00:00:00,-0.7087099422239527,-0.6728499156829679,0.19556451612903225,Terra,00:00:00
2018-12-27,2018-12-27 00:00:00,-0.6901215933664833,-0.6609686609686609,0.20411663807890223,Terra,00:00:00
2018-12-28,2018-12-28 00:00:00,-0.7186132196018511,-0.6790419161676647,0.1911554921540656,Terra,00:00:00
2018-12-30,2018-12-30 00:00:00,-0.24422497066558818,-0.2739916550764951,0.5698689956331878,Terra,00:00:00
2019-01-12,2019-01-12 00:00:00,-0.7605252871831674,-0.7042016806722688,0.17357001972386588,Terra,00:00:00
2019-01-13,2019-01-13 00:00:00,-0.731929521957381,-0.687218045112782,0.18538324420677363,Terra,00:00:00
2019-01-14,2019-01-14 00:00:00,-0.6989700043360187,-0.6666666666666667,0.2,Terra,00:00:00
2019-01-21,2019-01-21 00:00:00,-0.7086934212736167,-0.6728395061728395,0.19557195571955718,Terra,00:00:00
2019-01-25,2019-01-25 00:00:00,-0.7000152382506689,-0.6673346693386774,0.19951923076923075,Terra,00:00:00
2019-01-30,2019-01-30 00:00:00,-0.7675322743733497,-0.708245243128964,0.17079207920792078,Terra,00:00:00
2019-01-31,2019-01-31 00:00:00,-0.9357591037453117,-0.7922077922077922,0.11594202898550726,Terra,00:00:00
2019-02-16,2019-02-16 00:00:00,-0.6343404080805302,-0.6232558139534884,0.2320916905444126,Terra,00:00:00
2019-02-18,2019-02-18 00:00:00,-0.6974021525180408,-0.6656626506024097,0.2007233273056058,Terra,00:00:00
2019-02-20,2019-02-20 00:00:00,-0.6579037336853831,-0.6395663956639567,0.21983471074380165,Terra,00:00:00
2019-02-22,2019-02-22 00:00:00,-0.5150298361934665,-0.5320139697322468,0.3054711246200608,Terra,00:00:00
2019-03-11,2019-03-11 00:00:00,-0.8087172420492474,-0.73109243697479,0.1553398058252427,Terra,00:00:00
2019-03-13,2019-03-13 00:00:00,-0.723315122460957,-0.681948424068768,0.1890971039182283,Terra,00:00:00
2019-03-15,2019-03-15 00:00:00,-0.7471170166436748,-0.6963350785340314,0.17901234567901236,Terra,00:00:00
2019-03-17,2019-03-17 00:00:00,-0.6750409512710164,-0.6510791366906475,0.21132897603485837,Terra,00:00:00
2019-03-18,2019-03-18 00:00:00,-0.6776069527204931,-0.6527777777777777,0.21008403361344538,Terra,00:00:00
2019-03-24,2019-03-24 00:00:00,-0.43915561147025434,-0.46650717703349276,0.3637846655791191,Terra,00:00:00
2019-03-30,2019-03-30 00:00:00,-0.6944144260414595,-0.6637426900584796,0.20210896309314585,Terra,00:00:00
2019-03-31,2019-03-31 00:00:00,-0.6784483371914171,-0.6533333333333333,0.20967741935483872,Terra,00:00:00
2019-04-12,2019-04-12 00:00:00,-0.5407014036003183,-0.552870090634441,0.2879377431906615,Terra,00:00:00
2019-04-16,2019-04-16 00:00:00,-0.6116474553336876,-0.6070175438596491,0.2445414847161572,Terra,00:00:00
2019-04-18,2019-04-18 00:00:00,-0.7380340271756611,-0.6909090909090909,0.1827956989247312,Terra,00:00:00
2019-04-21,2019-04-21 00:00:00,-0.6226157461835744,-0.6149312377210218,0.23844282238442818,Terra,00:00:00
2019-04-22,2019-04-22 00:00:00,-0.6464409530598342,-0.6317016317016316,0.22571428571428573,Terra,00:00:00
2019-04-23,2019-04-23 00:00:00,-0.7256394326735376,-0.6833773087071241,0.18808777429467083,Terra,00:00:00
2019-04-24,2019-04-24 00:00:00,-0.41743085238243294,-0.44671201814058953,0.38244514106583066,Terra,00:00:00
2019-04-25,2019-04-25 00:00:00,-0.2871788837667514,-0.3190839694656489,0.5162037037037037,Terra,00:00:00
2019-04-26,2019-04-26 00:00:00,-0.5199737546369303,-0.5360824742268041,0.30201342281879195,Terra,00:00:00
2019-04-27,2019-04-27 00:00:00,-0.5032831892169568,-0.522248243559719,0.31384615384615383,Terra,00:00:00
2019-04-28,2019-04-28 00:00:00,-0.36797678529459443,-0.4,0.42857142857142855,Terra,00:00:00
2019-04-29,2019-04-29 00:00:00,-0.5757310526056132,-0.5802469135802469,0.265625,Terra,00:00:00
2019-04-30,2019-04-30 00:00:00,-0.30258940301950243,-0.33492822966507174,0.49820788530465954,Terra,00:00:00
2019-05-01,2019-05-01 00:00:00,-0.42949482321380933,-0.4577603143418468,0.37196765498652296,Terra,00:00:00
2019-05-02,2019-05-02 00:00:00,-0.4910570326629549,-0.5119363395225465,0.32280701754385965,Terra,00:00:00
2019-05-03,2019-05-03 00:00:00,-0.30251476456967236,-0.33485193621867887,0.49829351535836175,Terra,00:00:00
2019-05-04,2019-05-04 00:00:00,-0.4352851856720804,-0.46301369863013697,0.3670411985018726,Terra,00:00:00
2019-05-05,2019-05-05 00:00:00,-0.37650936784434486,-0.4082191780821917,0.42023346303501946,Terra,00:00:00
2019-05-06,2019-05-06 00:00:00,-0.3607151006611129,-0.39295392953929537,0.4357976653696498,Terra,00:00:00
2019-05-07,2019-05-07 00:00:00,-0.2779237763866369,-0.3094812164579606,0.5273224043715847,Terra,00:00:00
2019-05-09,2019-05-09 00:00:00,-0.38242784249379,-0.41388174807197936,0.41454545454545455,Terra,00:00:00
2019-05-10,2019-05-10 00:00:00,-0.3674224846680994,-0.3994638069705094,0.4291187739463601,Terra,00:00:00
2019-05-11,2019-05-11 00:00:00,-0.5414386045405905,-0.5534591194968552,0.2874493927125506,Terra,00:00:00
2019-05-12,2019-05-12 00:00:00,-0.3753881337855191,-0.40714285714285714,0.42131979695431465,Terra,00:00:00
2019-05-20,2019-05-20 00:00:00,-0.2165453797143516,-0.24426719840478564,0.6073717948717949,Terra,00:00:00
2019-05-24,2019-05-24 00:00:00,-0.21982406304994195,-0.24781341107871724,0.6028037383177569,Terra,00:00:00
2019-05-25,2019-05-25 00:00:00,-0.5985434176051252,-0.5974025974025974,0.2520325203252033,Terra,00:00:00
2019-05-26,2019-05-26 00:00:00,-0.6696806282340313,-0.6475095785440613,0.213953488372093,Terra,00:00:00
2019-05-28,2019-05-28 00:00:00,-0.31124916084566734,-0.34375000000000006,0.48837209302325574,Terra,00:00:00
2019-05-29,2019-05-29 00:00:00,-0.39439472790738794,-0.4252336448598131,0.40327868852459015,Terra,00:00:00
2019-05-30,2019-05-30 00:00:00,-0.48245008822472935,-0.5045871559633028,0.32926829268292684,Terra,00:00:00
2019-06-02,2019-06-02 00:00:00,-0.325928502960648,-0.35856573705179284,0.47214076246334313,Terra,00:00:00
2019-06-03,2019-06-03 00:00:00,-0.6259721487333738,-0.6173285198555957,0.23660714285714285,Terra,00:00:00
2019-06-04,2019-06-04 00:00:00,-0.4753522319808158,-0.49847094801223246,0.3346938775510204,Terra,00:00:00
2019-06-05,2019-06-05 00:00:00,-0.795353280491266,-0.7238493723849372,0.16019417475728154,Terra,00:00:00
2019-06-07,2019-06-07 00:00:00,-0.4633329702340291,-0.48799999999999993,0.34408602150537637,Terra,00:00:00
2019-06-08,2019-06-08 00:00:00,-0.6103325172939522,-0.6060606060606061,0.24528301886792456,Terra,00:00:00
2019-06-09,2019-06-09 00:00:00,-0.47918441528343586,-0.501779359430605,0.33175355450236965,Terra,00:00:00
2019-06-10,2019-06-10 00:00:00,-0.2730012720637376,-0.3043478260869565,0.5333333333333334,Terra,00:00:00
2019-06-11,2019-06-11 00:00:00,-0.4152975693236166,-0.4447439353099731,0.3843283582089552,Terra,00:00:00
2019-06-12,2019-06-12 00:00:00,-0.27828686852542145,-0.3098591549295775,0.5268817204301075,Terra,00:00:00
2019-06-13,2019-06-13 00:00:00,-0.3043077054252171,-0.33668341708542715,0.49624060150375937,Terra,00:00:00
2019-06-14,2019-06-14 00:00:00,-0.44399183640555373,-0.4708520179372198,0.3597560975609756,Terra,00:00:00
2019-06-16,2019-06-16 00:00:00,-0.3567852279195992,-0.38912133891213385,0.4397590361445783,Terra,00:00:00
2019-06-18,2019-06-18 00:00:00,-0.11940624800833895,-0.13661202185792348,0.7596153846153846,Terra,00:00:00
2019-06-19,2019-06-19 00:00:00,-0.10567640068649038,-0.12106768350810297,0.7840136054421768,Terra,00:00:00
2019-06-20,2019-06-20 00:00:00,-0.1308992035927013,-0.14957264957264954,0.7397769516728625,Terra,00:00:00
2019-06-21,2019-06-21 00:00:00,-0.21387981994508107,-0.24137931034482762,0.611111111111111,Terra,00:00:00
2019-06-22,2019-06-22 00:00:00,-0.21085336531489324,-0.2380952380952381,0.6153846153846153,Terra,00:00:00
2019-06-23,2019-06-23 00:00:00,-0.38497503150767,-0.41630901287553645,0.4121212121212121,Terra,00:00:00
2019-06-24,2019-06-24 00:00:00,0.09902337232145551,0.1135135135135135,1.2560975609756098,Terra,00:00:00
2019-06-25,2019-06-25 00:00:00,-0.030556386886774797,-0.03516483516483518,0.9320594479830149,Terra,00:00:00
2019-06-26,2019-06-26 00:00:00,-0.024187029570223357,-0.027839151568714096,0.945829750644884,Terra,00:00:00
2019-06-28,2019-06-28 00:00:00,-0.18756188814128588,-0.21264367816091956,0.6492890995260664,Terra,00:00:00
2019-06-30,2019-06-30 00:00:00,-0.05682291671083506,-0.0653266331658291,0.8773584905660379,Terra,00:00:00
2019-07-02,2019-07-02 00:00:00,0.3808321059801814,0.41235813366960905,2.4034334763948495,Terra,00:00:00
2019-07-04,2019-07-04 00:00:00,0.08303026221854135,0.09530201342281881,1.2106824925816024,Terra,00:00:00
2019-07-05,2019-07-05 00:00:00,-0.24061407319232575,-0.27014218009478674,0.5746268656716418,Terra,00:00:00
2019-07-07,2019-07-07 00:00:00,-0.06665265180568643,-0.07658643326039385,0.8577235772357724,Terra,00:00:00
2019-07-08,2019-07-08 00:00:00,-0.13438029284114147,-0.1534883720930233,0.7338709677419355,Terra,00:00:00
2019-07-11,2019-07-11 00:00:00,0.13561466927203994,0.1548757170172084,1.3665158371040724,Terra,00:00:00
2019-07-13,2019-07-13 00:00:00,-0.156196430338742,-0.1779141104294479,0.6979166666666666,Terra,00:00:00
2019-07-14,2019-07-14 00:00:00,0.2214805474053201,0.24960254372019083,1.6652542372881356,Terra,00:00:00
2019-07-16,2019-07-16 00:00:00,0.18945522061366274,0.21472392638036808,1.546875,Terra,00:00:00
2019-07-18,2019-07-18 00:00:00,0.3739314377948343,0.40574282147315854,2.365546218487395,Terra,00:00:00
2019-07-19,2019-07-19 00:00:00,-0.030208518205711365,-0.034764826175869123,0.9328063241106719,Terra,00:00:00
2019-07-20,2019-07-20 00:00:00,-0.10585683463425041,-0.121272365805169,0.7836879432624113,Terra,00:00:00
2019-07-21,2019-07-21 00:00:00,-0.3192039645925678,-0.3518005540166205,0.47950819672131145,Terra,00:00:00
2019-07-22,2019-07-22 00:00:00,-0.09808749537933785,-0.11244979919678716,0.7978339350180506,Terra,00:00:00
2019-07-23,2019-07-23 00:00:00,0.21722091270495805,0.2449689031170196,1.6494233160399605,Terra,00:00:00
2019-07-24,2019-07-24 00:00:00,-0.17609125905568118,-0.19999999999999998,0.6666666666666667,Terra,00:00:00
2019-07-25,2019-07-25 00:00:00,-0.3159703454569177,-0.3485342019543974,0.48309178743961356,Terra,00:00:00
2019-07-27,2019-07-27 00:00:00,-0.12442386460738722,-0.14227642276422764,0.7508896797153025,Terra,00:00:00
2019-07-28,2019-07-28 00:00:00,-0.21357622365036652,-0.24105011933174222,0.6115384615384615,Terra,00:00:00
2019-07-29,2019-07-29 00:00:00,-0.12542974229305232,-0.14341085271317827,0.7491525423728813,Terra,00:00:00
2019-07-30,2019-07-30 00:00:00,-0.18574264473186206,-0.21064301552106432,0.652014652014652,Terra,00:00:00
2019-07-31,2019-07-31 00:00:00,-0.225529233354724,-0.253968253968254,0.5949367088607594,Terra,00:00:00
2019-08-01,2019-08-01 00:00:00,-0.10059049674642402,-0.11529411764705885,0.7932489451476793,Terra,00:00:00
2019-08-02,2019-08-02 00:00:00,0.033806562459203424,0.038901601830663615,1.0809523809523809,Terra,00:00:00
2019-08-03,2019-08-03 00:00:00,0.0,0.0,1.0,Terra,00:00:00
2019-08-04,2019-08-04 00:00:00,-0.17516820986250248,-0.19897959183673464,0.6680851063829788,Terra,00:00:00
2019-08-05,2019-08-05 00:00:00,-0.01336396155798149,-0.015384615384615358,0.9696969696969697,Terra,00:00:00
2019-08-07,2019-08-07 00:00:00,0.042624727067916646,0.049034175334323984,1.1031250000000001,Terra,00:00:00
2019-08-08,2019-08-08 00:00:00,0.030123155061041507,0.03466666666666664,1.0718232044198894,Terra,00:00:00
2019-08-11,2019-08-11 00:00:00,0.020349049172631955,0.023423423423423403,1.047970479704797,Terra,00:00:00
2019-08-12,2019-08-12 00:00:00,0.03571555226653458,0.04109589041095892,1.0857142857142859,Terra,00:00:00
2019-08-13,2019-08-13 00:00:00,-0.0538753807828546,-0.06194690265486726,0.8833333333333333,Terra,00:00:00
2019-08-14,2019-08-14 00:00:00,-0.09478631937820091,-0.10869565217391308,0.8039215686274509,Terra,00:00:00
2019-08-15,2019-08-15 00:00:00,-0.030850444282336603,-0.035502958579881644,0.9314285714285715,Terra,00:00:00
2019-08-16,2019-08-16 00:00:00,0.01517340291465649,0.01746724890829691,1.0355555555555556,Terra,00:00:00
2019-08-17,2019-08-17 00:00:00,0.22109931978085526,0.24919093851132684,1.6637931034482758,Terra,00:00:00
2019-08-18,2019-08-18 00:00:00,0.12588594414169202,0.14392523364485985,1.3362445414847162,Terra,00:00:00
2019-08-19,2019-08-19 00:00:00,-0.07572071393811841,-0.08695652173913049,0.8399999999999999,Terra,00:00:00
2019-08-22,2019-08-22 00:00:00,-0.09691001300805639,-0.11111111111111108,0.8,Terra,00:00:00
2019-08-23,2019-08-23 00:00:00,-0.05289318402368252,-0.0608203677510608,0.8853333333333334,Terra,00:00:00
2019-08-24,2019-08-24 00:00:00,-0.03535825526414942,-0.04068522483940047,0.9218106995884773,Terra,00:00:00
2019-08-25,2019-08-25 00:00:00,-0.06008943156531397,-0.06906971313096646,0.8708006672226856,Terra,00:00:00
2019-08-26,2019-08-26 00:00:00,-0.05060999335508721,-0.05820105820105822,0.89,Terra,00:00:00
2019-08-27,2019-08-27 00:00:00,-0.1879022200886685,-0.21301775147928992,0.6487804878048781,Terra,00:00:00
2019-08-29,2019-08-29 00:00:00,-0.18155415475718334,-0.20603015075376882,0.6583333333333334,Terra,00:00:00
2019-08-30,2019-08-30 00:00:00,0.057401471724382785,0.06598984771573599,1.141304347826087,Terra,00:00:00
2019-08-31,2019-08-31 00:00:00,0.1038181495837395,0.11895910780669144,1.270042194092827,Terra,00:00:00
2019-09-01,2019-09-01 00:00:00,-0.023587397277517373,-0.027149321266968316,0.947136563876652,Terra,00:00:00
2019-09-02,2019-09-02 00:00:00,0.06048074738138145,0.06951871657754005,1.1494252873563218,Terra,00:00:00
2019-09-03,2019-09-03 00:00:00,-0.10425413774844897,-0.11945392491467581,0.7865853658536585,Terra,00:00:00
2019-09-04,2019-09-04 00:00:00,-0.12214583642412982,-0.13970588235294115,0.7548387096774194,Terra,00:00:00
2019-09-06,2019-09-06 00:00:00,-0.07035638109354156,-0.08082408874801897,0.8504398826979473,Terra,00:00:00
2019-09-09,2019-09-09 00:00:00,0.05849664718777384,0.06724511930585685,1.144186046511628,Terra,00:00:00
2019-09-11,2019-09-11 00:00:00,0.18383077609864926,0.20853858784893267,1.5269709543568464,Terra,00:00:00
2019-09-12,2019-09-12 00:00:00,0.2136542710010848,0.24113475177304963,1.6355140186915889,Terra,00:00:00
2019-09-13,2019-09-13 00:00:00,0.2124044186846313,0.23977900552486192,1.630813953488372,Terra,00:00:00
2019-09-14,2019-09-14 00:00:00,0.09691001300805642,0.11111111111111109,1.25,Terra,00:00:00
2019-09-21,2019-09-21 00:00:00,0.34141775677512654,0.37400530503978785,2.1949152542372885,Terra,00:00:00
2019-09-23,2019-09-23 00:00:00,0.22340396876052693,0.25167785234899326,1.6726457399103138,Terra,00:00:00
2019-09-24,2019-09-24 00:00:00,0.09063450543831436,0.10396975425330808,1.232067510548523,Terra,00:00:00
2019-09-25,2019-09-25 00:00:00,-0.31216636178194074,-0.34468085106382984,0.4873417721518987,Terra,00:00:00
2019-09-26,2019-09-26 00:00:00,0.07316321235862533,0.08403361344537814,1.18348623853211,Terra,00:00:00
2019-09-27,2019-09-27 00:00:00,-0.24893232707228707,-0.2789968652037618,0.5637254901960784,Terra,00:00:00
2019-10-01,2019-10-01 00:00:00,-0.15042465763099894,-0.17147192716236723,0.7072538860103627,Terra,00:00:00
2019-10-04,2019-10-04 00:00:00,0.33610420720569,0.36873156342182895,2.1682242990654204,Terra,00:00:00
2019-10-05,2019-10-05 00:00:00,0.021075026083644446,0.02425876010781666,1.0497237569060773,Terra,00:00:00
2019-10-06,2019-10-06 00:00:00,-0.17300018207853932,-0.19658119658119655,0.6714285714285715,Terra,00:00:00
2019-10-07,2019-10-07 00:00:00,0.031314062668401955,0.03603603603603597,1.0747663551401867,Terra,00:00:00
2019-10-09,2019-10-09 00:00:00,-0.26614642541798855,-0.2971698113207547,0.5418181818181819,Terra,00:00:00
2019-10-10,2019-10-10 00:00:00,-0.24231321767202868,-0.2719546742209632,0.5723830734966592,Terra,00:00:00
2019-10-11,2019-10-11 00:00:00,-0.33345508561882736,-0.3660933660933661,0.4640287769784172,Terra,00:00:00
2019-10-13,2019-10-13 00:00:00,0.06648697541941921,0.07639680729760545,1.165432098765432,Terra,00:00:00
2019-10-21,2019-10-21 00:00:00,-0.15619643033874198,-0.1779141104294479,0.6979166666666666,Terra,00:00:00
2019-10-22,2019-10-22 00:00:00,-0.23748788392353146,-0.2668024439918533,0.5787781350482315,Terra,00:00:00
2019-10-23,2019-10-23 00:00:00,-0.549376834728059,-0.5597667638483965,0.2822429906542056,Terra,00:00:00
2019-10-24,2019-10-24 00:00:00,-0.2871489231250299,-0.31905298759864714,0.5162393162393162,Terra,00:00:00
2019-10-25,2019-10-25 00:00:00,-0.4027834917573786,-0.43311258278145687,0.3955637707948244,Terra,00:00:00
2019-10-26,2019-10-26 00:00:00,-0.4929155219028944,-0.5135135135135135,0.3214285714285714,Terra,00:00:00
2019-10-27,2019-10-27 00:00:00,-0.5812763854046703,-0.5844660194174757,0.2622549019607843,Terra,00:00:00
2019-10-28,2019-10-28 00:00:00,-0.6010980983945409,-0.5992907801418439,0.25055432372505543,Terra,00:00:00
2019-10-29,2019-10-29 00:00:00,-0.5024588794258819,-0.5215577190542421,0.31444241316270566,Terra,00:00:00
2019-10-30,2019-10-30 00:00:00,-0.7056005832350319,-0.6708860759493672,0.19696969696969696,Terra,00:00:00
2019-10-31,2019-10-31 00:00:00,-0.5402684183473734,-0.5525238744884039,0.28822495606326887,Terra,00:00:00
2019-11-01,2019-11-01 00:00:00,-0.7056573055601831,-0.6709219858156028,0.1969439728353141,Terra,00:00:00
2019-11-02,2019-11-02 00:00:00,-0.6567869741336418,-0.6388059701492538,0.2204007285974499,Terra,00:00:00
2019-11-03,2019-11-03 00:00:00,-0.5561046895673731,-0.5650623885918002,0.27790432801822323,Terra,00:00:00
2019-11-04,2019-11-04 00:00:00,-0.7169218377703952,-0.6779911373707532,0.19190140845070422,Terra,00:00:00
2019-11-08,2019-11-08 00:00:00,-0.6802347607214067,-0.654510556621881,0.20881670533642693,Terra,00:00:00
2019-11-10,2019-11-10 00:00:00,-0.7939455175668755,-0.7230769230769231,0.16071428571428573,Terra,00:00:00
2019-11-20,2019-11-20 00:00:00,-0.48416548683777827,-0.506057781919851,0.327970297029703,Terra,00:00:00
2019-11-21,2019-11-21 00:00:00,-0.6293069064688247,-0.6196990424076607,0.2347972972972973,Terra,00:00:00
2019-11-22,2019-11-22 00:00:00,-0.6900458311144037,-0.6609195402298851,0.2041522491349481,Terra,00:00:00
2019-11-23,2019-11-23 00:00:00,-0.7078088650195276,-0.6722817764165391,0.195970695970696,Terra,00:00:00
2019-11-24,2019-11-24 00:00:00,-0.5011044251706567,-0.5204216073781291,0.31542461005199307,Terra,00:00:00
2019-11-28,2019-11-28 00:00:00,-0.48391132480001386,-0.5058400718778078,0.32816229116945106,Terra,00:00:00
2019-11-29,2019-11-29 00:00:00,-0.32657136030498624,-0.3592105263157895,0.4714424007744434,Terra,00:00:00
2019-12-15,2019-12-15 00:00:00,-0.6056986258659387,-0.6026743075453678,0.24791418355184747,Terra,00:00:00
2019-12-23,2019-12-23 00:00:00,-0.6013850968923724,-0.599502487562189,0.2503888024883359,Terra,00:00:00
2019-12-26,2019-12-26 00:00:00,-0.5564274955823402,-0.5653153153153154,0.2776978417266187,Terra,00:00:00
2019-12-30,2019-12-30 00:00:00,-0.5581545056288807,-0.5666666666666667,0.2765957446808511,Terra,00:00:00
2020-01-04,2020-01-04 00:00:00,-0.6067551125363423,-0.603448275862069,0.24731182795698922,Terra,00:00:00
2020-01-09,2020-01-09 00:00:00,-0.570677625720131,-0.5763747454175153,0.268733850129199,Terra,00:00:00
2020-02-02,2020-02-02 00:00:00,-0.5277760183940412,-0.5424528301886792,0.29663608562691135,Terra,00:00:00
2020-02-03,2020-02-03 00:00:00,-0.6715842038463863,-0.6487804878048781,0.21301775147928995,Terra,00:00:00
2020-02-06,2020-02-06 00:00:00,-0.6827023916215655,-0.6561314791403287,0.20763358778625954,Terra,00:00:00
2020-02-07,2020-02-07 00:00:00,-0.7246658961037908,-0.6827794561933535,0.18850987432675045,Terra,00:00:00
2020-02-08,2020-02-08 00:00:00,-0.46991760186649945,-0.4937541091387245,0.3389084507042253,Terra,00:00:00
2020-02-09,2020-02-09 00:00:00,-0.6057373586160865,-0.6027027027027027,0.2478920741989882,Terra,00:00:00
2020-02-10,2020-02-10 00:00:00,-0.7220993022870801,-0.6811989100817438,0.18962722852512154,Terra,00:00:00
2020-02-11,2020-02-11 00:00:00,-0.6371256938818889,-0.625212947189097,0.23060796645702308,Terra,00:00:00
2020-02-13,2020-02-13 00:00:00,-0.6411956942869174,-0.6280587275693311,0.22845691382765532,Terra,00:00:00
2020-02-14,2020-02-14 00:00:00,-0.6471830121163282,-0.6322147651006712,0.22532894736842105,Terra,00:00:00
2020-02-17,2020-02-17 00:00:00,-0.6400225135583236,-0.6272401433691757,0.22907488986784139,Terra,00:00:00
2020-02-18,2020-02-18 00:00:00,-0.5949981368404756,-0.5947712418300654,0.25409836065573765,Terra,00:00:00
2020-02-19,2020-02-19 00:00:00,-0.6592028774645311,-0.6404494382022472,0.2191780821917808,Terra,00:00:00
2020-02-21,2020-02-21 00:00:00,-0.6289001532017153,-0.6194084456657831,0.23501984126984127,Terra,00:00:00
2020-02-22,2020-02-22 00:00:00,-0.5541488330828371,-0.5635276532137519,0.27915869980879543,Terra,00:00:00
2020-02-24,2020-02-24 00:00:00,-0.6453398906754583,-0.6309392265193371,0.2262872628726287,Terra,00:00:00
2020-02-27,2020-02-27 00:00:00,-0.6093347758628672,-0.6053333333333333,0.24584717607973422,Terra,00:00:00
2020-03-01,2020-03-01 00:00:00,-0.5592252645064757,-0.5675029868578255,0.2759146341463415,Terra,00:00:00
2020-03-02,2020-03-02 00:00:00,-0.5153638611098057,-0.5322896281800391,0.3052362707535121,Terra,00:00:00
2020-03-03,2020-03-03 00:00:00,-0.7296008596387984,-0.6858006042296072,0.1863799283154122,Terra,00:00:00
2020-03-04,2020-03-04 00:00:00,-0.6615678019105985,-0.642052565707134,0.21798780487804875,Terra,00:00:00
2020-03-10,2020-03-10 00:00:00,-0.5298029846692083,-0.5440976933514247,0.2952548330404218,Terra,00:00:00
2020-03-11,2020-03-11 00:00:00,-0.5851991850971613,-0.587431693989071,0.25989672977624784,Terra,00:00:00
2020-03-12,2020-03-12 00:00:00,-0.6378898165807906,-0.6257485029940121,0.2302025782688766,Terra,00:00:00
2020-03-13,2020-03-13 00:00:00,-0.6459132750338442,-0.6313364055299538,0.22598870056497175,Terra,00:00:00
2020-03-16,2020-03-16 00:00:00,-0.3757773184992763,-0.4075165806927045,0.42094240837696334,Terra,00:00:00
2020-03-17,2020-03-17 00:00:00,-0.48182272939604287,-0.5040485829959515,0.3297442799461642,Terra,00:00:00
2020-03-19,2020-03-19 00:00:00,-0.6715842038463863,-0.6487804878048782,0.21301775147928995,Terra,00:00:00
2020-03-20,2020-03-20 00:00:00,-0.6912145396392565,-0.6616766467065869,0.2036036036036036,Terra,00:00:00
2020-03-21,2020-03-21 00:00:00,-0.5762527277216769,-0.5806451612903225,0.2653061224489796,Terra,00:00:00
2020-03-22,2020-03-22 00:00:00,-0.6381050955126017,-0.6258992805755396,0.23008849557522124,Terra,00:00:00
2020-03-26,2020-03-26 00:00:00,-0.6963823433623767,-0.6650082918739634,0.201195219123506,Terra,00:00:00
2020-04-02,2020-04-02 00:00:00,-0.7139880523994736,-0.6761619190404797,0.19320214669051877,Terra,00:00:00
2020-04-03,2020-04-03 00:00:00,-0.6626147598694078,-0.6427604871447902,0.2174629324546952,Terra,00:00:00
2020-04-07,2020-04-07 00:00:00,-0.7057737123909635,-0.670995670995671,0.19689119170984457,Terra,00:00:00
2020-04-08,2020-04-08 00:00:00,-0.569997215180352,-0.5758513931888544,0.2691552062868369,Terra,00:00:00
2020-04-09,2020-04-09 00:00:00,-0.5228787452803376,-0.5384615384615384,0.3,Terra,00:00:00
2020-04-10,2020-04-10 00:00:00,-0.0660151600665571,-0.07585675779745862,0.8589835361488904,Terra,00:00:00
2020-04-12,2020-04-12 00:00:00,-0.6532125137753436,-0.6363636363636362,0.22222222222222224,Terra,00:00:00
2020-04-13,2020-04-13 00:00:00,-0.7101541712885325,-0.6737588652482269,0.19491525423728814,Terra,00:00:00
2020-04-14,2020-04-14 00:00:00,-0.7504798237857853,-0.6983240223463688,0.17763157894736842,Terra,00:00:00
2020-04-16,2020-04-16 00:00:00,-0.5795030446161601,-0.5831202046035805,0.2633279483037157,Terra,00:00:00
2020-04-17,2020-04-17 00:00:00,-0.5637776333621659,-0.5710455764075067,0.273037542662116,Terra,00:00:00
2020-04-19,2020-04-19 00:00:00,-0.5175004167063353,-0.5340501792114695,0.3037383177570093,Terra,00:00:00
2020-04-20,2020-04-20 00:00:00,-0.6225535842308592,-0.6148867313915858,0.23847695390781565,Terra,00:00:00
2020-04-23,2020-04-23 00:00:00,-0.5129833053791878,-0.5303225806451612,0.3069139966273187,Terra,00:00:00
2020-04-26,2020-04-26 00:00:00,-0.5663921611077265,-0.5730706075533661,0.27139874739039666,Terra,00:00:00
2020-04-28,2020-04-28 00:00:00,-0.7428543456799804,-0.693798449612403,0.18077803203661327,Terra,00:00:00
2020-04-30,2020-04-30 00:00:00,-0.4416489365574436,-0.46875,0.36170212765957444,Terra,00:00:00
2020-05-01,2020-05-01 00:00:00,-0.5099137681159699,-0.5277777777777778,0.3090909090909091,Terra,00:00:00
2020-05-03,2020-05-03 00:00:00,-0.5162389504855183,-0.533011272141707,0.30462184873949577,Terra,00:00:00
2020-05-04,2020-05-04 00:00:00,-0.4254538602713684,-0.45407503234152646,0.37544483985765126,Terra,00:00:00
2020-05-06,2020-05-06 00:00:00,-0.5752668147400258,-0.5798922800718133,0.2659090909090909,Terra,00:00:00
2020-05-07,2020-05-07 00:00:00,-0.4916132885976498,-0.5124087591240877,0.32239382239382236,Terra,00:00:00
2020-05-08,2020-05-08 00:00:00,-0.5200807039650343,-0.5361702127659574,0.30193905817174516,Terra,00:00:00
2020-05-15,2020-05-15 00:00:00,-0.6831277196302765,-0.6564102564102564,0.20743034055727552,Terra,00:00:00
2020-05-20,2020-05-20 00:00:00,-0.20401792778953973,-0.23065798987707883,0.6251468860164512,Terra,00:00:00
2020-05-22,2020-05-22 00:00:00,-0.5509074688805811,-0.5609756097560975,0.28125,Terra,00:00:00
2020-05-23,2020-05-23 00:00:00,-0.7002090764515673,-0.667458432304038,0.19943019943019943,Terra,00:00:00
2020-05-25,2020-05-25 00:00:00,-0.7445938452628024,-0.6948356807511737,0.18005540166204986,Terra,00:00:00
2020-05-26,2020-05-26 00:00:00,-0.639486489268586,-0.6268656716417911,0.22935779816513763,Terra,00:00:00
2020-05-28,2020-05-28 00:00:00,-0.5594479479089975,-0.5676767676767677,0.2757731958762887,Terra,00:00:00
2020-05-31,2020-05-31 00:00:00,-0.4035986487500864,-0.43387470997679817,0.39482200647249194,Terra,00:00:00
2020-06-02,2020-06-02 00:00:00,-0.5495481736178562,-0.5599022004889975,0.28213166144200624,Terra,00:00:00
2020-06-04,2020-06-04 00:00:00,-0.4180228243870063,-0.44725738396624476,0.3819241982507288,Terra,00:00:00
2020-06-07,2020-06-07 00:00:00,-0.3983898217437384,-0.42899408284023666,0.3995859213250518,Terra,00:00:00
2020-06-09,2020-06-09 00:00:00,-0.1454355649252531,-0.16589147286821707,0.7154255319148936,Terra,00:00:00
2020-06-10,2020-06-10 00:00:00,-0.17540135504736842,-0.19923736892278357,0.6677265500794913,Terra,00:00:00
2020-06-14,2020-06-14 00:00:00,-0.15669533272778668,-0.1784702549575071,0.6971153846153846,Terra,00:00:00
2020-06-16,2020-06-16 00:00:00,-0.33563374477215757,-0.3682634730538923,0.46170678336980303,Terra,00:00:00
2020-06-17,2020-06-17 00:00:00,-0.3212333817522681,-0.35384615384615387,0.4772727272727273,Terra,00:00:00
2020-06-18,2020-06-18 00:00:00,-0.3459971411805044,-0.3785310734463277,0.45081967213114754,Terra,00:00:00
2020-06-21,2020-06-21 00:00:00,-0.24855138216520686,-0.27859237536656895,0.5642201834862386,Terra,00:00:00
2020-06-22,2020-06-22 00:00:00,-0.2588323158695264,-0.2894736842105264,0.5510204081632653,Terra,00:00:00
2020-06-23,2020-06-23 00:00:00,-0.39885335176766423,-0.42942942942942947,0.3991596638655462,Terra,00:00:00
2020-06-25,2020-06-25 00:00:00,-0.1750485347086665,-0.19884726224783866,0.6682692307692307,Terra,00:00:00
2020-06-26,2020-06-26 00:00:00,-0.3409714030075141,-0.37356321839080464,0.45606694560669453,Terra,00:00:00
2020-06-27,2020-06-27 00:00:00,-0.07169322465507487,-0.08235294117647059,0.8478260869565217,Terra,00:00:00
2020-06-28,2020-06-28 00:00:00,-0.0340267835206915,-0.039154754505904284,0.9246411483253588,Terra,00:00:00
2020-06-29,2020-06-29 00:00:00,-0.07738079255197751,-0.08885298869143776,0.8367952522255193,Terra,00:00:00
2020-06-30,2020-06-30 00:00:00,-0.03849415727840847,-0.04428904428904426,0.9151785714285715,Terra,00:00:00
2020-07-01,2020-07-01 00:00:00,0.06328183554420778,0.07272727272727272,1.156862745098039,Terra,00:00:00
2020-07-02,2020-07-02 00:00:00,0.03996329994501964,0.04597701149425286,1.0963855421686746,Terra,00:00:00
2020-07-03,2020-07-03 00:00:00,-0.18997233159463264,-0.21529175050301813,0.6456953642384106,Terra,00:00:00
2020-07-04,2020-07-04 00:00:00,0.3127157539891759,0.34523809523809523,2.0545454545454547,Terra,00:00:00
2020-07-05,2020-07-05 00:00:00,0.01944927150064254,0.02238805970149253,1.0458015267175573,Terra,00:00:00
2020-07-06,2020-07-06 00:00:00,0.16866724097647434,0.19178082191780824,1.4745762711864407,Terra,00:00:00
2020-07-07,2020-07-07 00:00:00,0.3396403060547544,0.3722438391699092,2.18595041322314,Terra,00:00:00
2020-07-08,2020-07-08 00:00:00,0.2214709379510299,0.24959216965742254,1.665217391304348,Terra,00:00:00
2020-07-09,2020-07-09 00:00:00,-0.09795524692270649,-0.11229946524064177,0.798076923076923,Terra,00:00:00
2020-07-10,2020-07-10 00:00:00,0.38898516601911115,0.4201183431952663,2.4489795918367347,Terra,00:00:00
2020-07-11,2020-07-11 00:00:00,-0.082697819770462,-0.0949227373068433,0.8266129032258064,Terra,00:00:00
2020-07-12,2020-07-12 00:00:00,-0.08872656395385518,-0.1017964071856287,0.8152173913043479,Terra,00:00:00
2020-07-13,2020-07-13 00:00:00,0.06720630232545986,0.07722007722007722,1.1673640167364017,Terra,00:00:00
2020-07-14,2020-07-14 00:00:00,0.21236395634013175,0.23973509933774836,1.6306620209059235,Terra,00:00:00
2020-07-15,2020-07-15 00:00:00,-0.016053779878078617,-0.01848049281314171,0.9637096774193548,Terra,00:00:00
2020-07-16,2020-07-16 00:00:00,0.14004615487104186,0.15985130111524162,1.3805309734513274,Terra,00:00:00
2020-07-17,2020-07-17 00:00:00,-0.3207395846758715,-0.3533487297921478,0.477815699658703,Terra,00:00:00
2020-07-18,2020-07-18 00:00:00,-0.16643161659495492,-0.18930041152263372,0.6816608996539792,Terra,00:00:00
2020-07-19,2020-07-19 00:00:00,0.18269662565420813,0.20728929384965827,1.5229885057471264,Terra,00:00:00
2020-07-20,2020-07-20 00:00:00,-0.2964503980592285,-0.32863849765258224,0.5053003533568904,Terra,00:00:00
2020-07-21,2020-07-21 00:00:00,-0.3607020007596896,-0.3929411764705882,0.4358108108108108,Terra,00:00:00
2020-07-22,2020-07-22 00:00:00,-0.1144343579915891,-0.13099041533546324,0.768361581920904,Terra,00:00:00
2020-07-23,2020-07-23 00:00:00,-0.02691180618590068,-0.03097345132743367,0.9399141630901287,Terra,00:00:00
2020-07-24,2020-07-24 00:00:00,0.001559407355521269,0.0017953321364452316,1.0035971223021583,Terra,00:00:00
2020-07-25,2020-07-25 00:00:00,-0.0359125558906444,-0.04132231404958672,0.9206349206349207,Terra,00:00:00
2020-07-26,2020-07-26 00:00:00,-0.14259163764454472,-0.16270566727605124,0.720125786163522,Terra,00:00:00
2020-07-27,2020-07-27 00:00:00,-0.043922256092067485,-0.05052430886558626,0.9038112522686026,Terra,00:00:00
2020-07-29,2020-07-29 00:00:00,-0.23408320603336805,-0.26315789473684215,0.5833333333333333,Terra,00:00:00
2020-07-30,2020-07-30 00:00:00,-0.25597638610325896,-0.2864583333333333,0.5546558704453441,Terra,00:00:00
2020-07-31,2020-07-31 00:00:00,0.0223583293367897,0.02573529411764703,1.0528301886792453,Terra,00:00:00
2020-08-01,2020-08-01 00:00:00,-0.019391367499769652,-0.022321428571428593,0.9563318777292577,Terra,00:00:00
2020-08-02,2020-08-02 00:00:00,-0.1711197225529994,-0.19449901768172886,0.674342105263158,Terra,00:00:00
2020-08-03,2020-08-03 00:00:00,-0.009340026254143404,-0.01075268817204304,0.9787234042553191,Terra,00:00:00
2020-08-04,2020-08-04 00:00:00,-0.10252706873551728,-0.11749347258485641,0.7897196261682243,Terra,00:00:00
2020-08-05,2020-08-05 00:00:00,0.15507290841617444,0.17666126418152342,1.4291338582677164,Terra,00:00:00
2020-08-06,2020-08-06 00:00:00,0.2256088984896632,0.2540540540540541,1.6811594202898552,Terra,00:00:00
2020-08-07,2020-08-07 00:00:00,-0.0016481783800731933,-0.001897533206831108,0.9962121212121212,Terra,00:00:00
2020-08-08,2020-08-08 00:00:00,0.08700172434780738,0.09983079526226733,1.2218045112781954,Terra,00:00:00
2020-08-09,2020-08-09 00:00:00,-0.14312441521729766,-0.16330275229357794,0.719242902208202,Terra,00:00:00
2020-08-10,2020-08-10 00:00:00,-0.12029383156253641,-0.13761467889908255,0.7580645161290323,Terra,00:00:00
2020-08-11,2020-08-11 00:00:00,-0.17775204303714567,-0.20183486238532108,0.6641221374045803,Terra,00:00:00
2020-08-13,2020-08-13 00:00:00,0.2009860094309182,0.22735042735042732,1.5884955752212389,Terra,00:00:00
2020-08-14,2020-08-14 00:00:00,-0.06842147519661891,-0.07861060329067646,0.8542372881355932,Terra,00:00:00
2020-08-15,2020-08-15 00:00:00,-0.20775426731101887,-0.2347266881028939,0.6197916666666666,Terra,00:00:00
2020-08-19,2020-08-19 00:00:00,0.008773924307505152,0.010101010101010156,1.0204081632653061,Terra,00:00:00
2020-08-20,2020-08-20 00:00:00,-0.1545515811995715,-0.17607973421926906,0.7005649717514125,Terra,00:00:00
2020-08-21,2020-08-21 00:00:00,-0.047984127598946845,-0.055187637969094885,0.895397489539749,Terra,00:00:00
2020-08-23,2020-08-23 00:00:00,-0.1440550270553728,-0.16434540389972147,0.7177033492822966,Terra,00:00:00
2020-08-30,2020-08-30 00:00:00,-0.2052900627940656,-0.2320441988950276,0.6233183856502242,Terra,00:00:00
2020-08-31,2020-08-31 00:00:00,0.10778304360201833,0.1234567901234568,1.2816901408450705,Terra,00:00:00
2020-09-01,2020-09-01 00:00:00,-0.17687306751506243,-0.20086393088552912,0.6654676258992807,Terra,00:00:00
2020-09-02,2020-09-02 00:00:00,0.034154276234305704,0.0393013100436681,1.0818181818181818,Terra,00:00:00
2020-09-03,2020-09-03 00:00:00,-0.17095161940327014,-0.19431279620853079,0.6746031746031746,Terra,00:00:00
2020-09-07,2020-09-07 00:00:00,-0.1697510810246623,-0.19298245614035092,0.676470588235294,Terra,00:00:00
2020-09-08,2020-09-08 00:00:00,-0.2774739633149361,-0.3090128755364807,0.5278688524590164,Terra,00:00:00
2020-09-09,2020-09-09 00:00:00,-0.20855914718566945,-0.2356020942408377,0.6186440677966102,Terra,00:00:00
2020-09-10,2020-09-10 00:00:00,-0.08315811530824335,-0.09544787077826725,0.8257372654155496,Terra,00:00:00
2020-09-17,2020-09-17 00:00:00,0.1282565104361606,0.14659685863874353,1.3435582822085892,Terra,00:00:00
2020-09-19,2020-09-19 00:00:00,-0.03790643155965874,-0.04361370716510904,0.9164179104477612,Terra,00:00:00
2020-09-20,2020-09-20 00:00:00,0.03159898607170235,0.03636363636363633,1.0754716981132075,Terra,00:00:00
2020-09-27,2020-09-27 00:00:00,-0.1400820751788994,-0.15989159891598922,0.7242990654205607,Terra,00:00:00
2020-09-28,2020-09-28 00:00:00,-0.17609125905568118,-0.19999999999999998,0.6666666666666667,Terra,00:00:00
2020-09-29,2020-09-29 00:00:00,0.13433651094868007,0.15343915343915343,1.3625,Terra,00:00:00
2020-10-01,2020-10-01 00:00:00,0.13200059109578685,0.15081206496519728,1.3551912568306013,Terra,00:00:00
2020-10-04,2020-10-04 00:00:00,0.1384158104164073,0.158021712907117,1.3753581661891117,Terra,00:00:00
2020-10-05,2020-10-05 00:00:00,0.682883184442564,0.6562500000000001,4.818181818181818,Terra,00:00:00
2020-10-06,2020-10-06 00:00:00,0.02818033626783443,0.03243243243243251,1.0670391061452515,Terra,00:00:00
2020-10-14,2020-10-14 00:00:00,-0.5034501934420116,-0.5223880597014926,0.3137254901960784,Terra,00:00:00
2020-10-15,2020-10-15 00:00:00,-0.4458635609892204,-0.47252747252747257,0.3582089552238806,Terra,00:00:00
2020-10-16,2020-10-16 00:00:00,0.25996372501334547,0.2906666666666667,1.8195488721804511,Terra,00:00:00
2020-10-17,2020-10-17 00:00:00,-0.08119420205878429,-0.09320695102685624,0.8294797687861272,Terra,00:00:00
2020-10-18,2020-10-18 00:00:00,0.012774288036428919,0.014705882352941171,1.0298507462686568,Terra,00:00:00
2020-10-19,2020-10-19 00:00:00,0.15631430100900093,0.178045515394913,1.4332247557003257,Terra,00:00:00
2020-10-20,2020-10-20 00:00:00,-0.0805195968198871,-0.092436974789916,0.8307692307692307,Terra,00:00:00
2020-10-22,2020-10-22 00:00:00,-0.20379479021699196,-0.23041474654377883,0.6254681647940075,Terra,00:00:00
2020-10-23,2020-10-23 00:00:00,-0.35593086566452603,-0.3882863340563991,0.44062500000000004,Terra,00:00:00
2020-10-25,2020-10-25 00:00:00,-0.418016016996718,-0.44725111441307575,0.3819301848049282,Terra,00:00:00
2020-10-26,2020-10-26 00:00:00,-0.43270211493124955,-0.4606741573033707,0.36923076923076925,Terra,00:00:00
2020-10-27,2020-10-27 00:00:00,-0.2717406195619937,-0.30303030303030304,0.5348837209302325,Terra,00:00:00
2020-10-28,2020-10-28 00:00:00,-0.18991771824198547,-0.2152317880794702,0.6457765667574932,Terra,00:00:00
2020-10-29,2020-10-29 00:00:00,-0.18983361318519293,-0.21513944223107567,0.6459016393442623,Terra,00:00:00
2020-10-30,2020-10-30 00:00:00,-0.1952652668902937,-0.22109533468559836,0.637873754152824,Terra,00:00:00
2020-10-31,2020-10-31 00:00:00,-0.5687349279177704,-0.5748792270531401,0.26993865030674846,Terra,00:00:00
2020-11-01,2020-11-01 00:00:00,-0.14160533371636702,-0.16159999999999997,0.7217630853994491,Terra,00:00:00
2020-11-02,2020-11-02 00:00:00,-0.34311076306052346,-0.37568058076225047,0.4538258575197889,Terra,00:00:00
2020-11-03,2020-11-03 00:00:00,-0.473043342299223,-0.4964705882352941,0.3364779874213837,Terra,00:00:00
2020-11-04,2020-11-04 00:00:00,-0.5687349279177704,-0.57487922705314,0.26993865030674846,Terra,00:00:00
2020-11-05,2020-11-05 00:00:00,-0.42596873227228116,-0.4545454545454545,0.375,Terra,00:00:00
2020-11-06,2020-11-06 00:00:00,-0.628982634150843,-0.6194690265486726,0.2349726775956284,Terra,00:00:00
2020-11-07,2020-11-07 00:00:00,-0.5400205361920933,-0.5523255813953489,0.2883895131086142,Terra,00:00:00
2020-11-09,2020-11-09 00:00:00,-0.48346143275068143,-0.5054545454545455,0.3285024154589372,Terra,00:00:00
2020-11-10,2020-11-10 00:00:00,-0.5167184365755191,-0.5334063526834611,0.30428571428571427,Terra,00:00:00
2020-11-19,2020-11-19 00:00:00,-0.5662088068048904,-0.5729288214702452,0.271513353115727,Terra,00:00:00
2020-11-20,2020-11-20 00:00:00,-0.395002267040198,-0.42580645161290326,0.4027149321266968,Terra,00:00:00
2020-11-21,2020-11-21 00:00:00,-0.4574205414495267,-0.48279689234184237,0.34880239520958084,Terra,00:00:00
2020-11-24,2020-11-24 00:00:00,-0.5821216613857748,-0.5851063829787233,0.26174496644295303,Terra,00:00:00
2020-11-26,2020-11-26 00:00:00,-0.6786940483617073,-0.6534954407294834,0.20955882352941177,Terra,00:00:00
2020-11-29,2020-11-29 00:00:00,-0.6633296480668851,-0.6432432432432433,0.21710526315789475,Terra,00:00:00
2020-12-01,2020-12-01 00:00:00,-0.6592028774645311,-0.6404494382022472,0.2191780821917808,Terra,00:00:00
2020-12-02,2020-12-02 00:00:00,-0.6325927813206855,-0.6220238095238095,0.23302752293577983,Terra,00:00:00
2020-12-03,2020-12-03 00:00:00,-0.602934703571097,-0.6006441223832528,0.2494969818913481,Terra,00:00:00
2020-12-04,2020-12-04 00:00:00,-0.6697033239818301,-0.6475247524752477,0.21394230769230765,Terra,00:00:00
2020-12-05,2020-12-05 00:00:00,-0.804130092769498,-0.7286245353159851,0.15698924731182795,Terra,00:00:00
2020-12-06,2020-12-06 00:00:00,-0.8289112789209816,-0.741732283464567,0.14828209764918626,Terra,00:00:00
2020-12-08,2020-12-08 00:00:00,-0.9679637679996915,-0.8056155507559394,0.1076555023923445,Terra,00:00:00
2020-12-10,2020-12-10 00:00:00,-0.6370958413604375,-0.6251920122887864,0.23062381852551986,Terra,00:00:00
2020-12-12,2020-12-12 00:00:00,-0.5852350633657754,-0.5874587458745876,0.2598752598752599,Terra,00:00:00
2020-12-14,2020-12-14 00:00:00,-0.6812412373755872,-0.6551724137931034,0.20833333333333334,Terra,00:00:00
2020-12-17,2020-12-17 00:00:00,-0.6001731187788304,-0.5986078886310906,0.251088534107402,Terra,00:00:00
2020-12-22,2020-12-22 00:00:00,-0.641568532611636,-0.6283185840707965,0.22826086956521738,Terra,00:00:00
2020-12-23,2020-12-23 00:00:00,-0.7231036840527382,-0.681818181818182,0.18918918918918917,Terra,00:00:00
2021-01-13,2021-01-13 00:00:00,-0.6654026566897503,-0.6446402349486049,0.21607142857142858,Terra,00:00:00
2021-01-18,2021-01-18 00:00:00,-0.7116819698521566,-0.674718196457327,0.19423076923076923,Terra,00:00:00
2021-01-19,2021-01-19 00:00:00,-0.7426258237552132,-0.693661971830986,0.18087318087318088,Terra,00:00:00
2021-01-23,2021-01-23 00:00:00,-0.643726765786483,-0.6298200514138818,0.2271293375394322,Terra,00:00:00
2021-02-03,2021-02-03 00:00:00,-0.534832559049843,-0.5481611208406304,0.29185520361990946,Terra,00:00:00
2021-02-04,2021-02-04 00:00:00,-0.29068329629552137,-0.322703113135915,0.5120551090700344,Terra,00:00:00
2021-02-05,2021-02-05 00:00:00,-0.5315994037906775,-0.5455519828510182,0.2940360610263523,Terra,00:00:00
2021-02-06,2021-02-06 00:00:00,-0.5272255617813976,-0.5420054200542006,0.29701230228471004,Terra,00:00:00
2021-02-07,2021-02-07 00:00:00,-0.6841208832970997,-0.6570605187319885,0.20695652173913043,Terra,00:00:00
2021-02-10,2021-02-10 00:00:00,-0.7651405748468549,-0.7068702290076336,0.17173524150268335,Terra,00:00:00
2021-02-17,2021-02-17 00:00:00,-0.6469814961022962,-0.6320754716981132,0.22543352601156072,Terra,00:00:00
2021-02-22,2021-02-22 00:00:00,-0.25309831041518077,-0.2834138486312399,0.5583437892095358,Terra,00:00:00
2021-02-23,2021-02-23 00:00:00,-0.6944927019812746,-0.6637931034482759,0.20207253886010362,Terra,00:00:00
2021-02-24,2021-02-24 00:00:00,-0.627894195443664,-0.6186961869618696,0.23556231003039516,Terra,00:00:00
2021-02-27,2021-02-27 00:00:00,-0.38733932991615017,-0.4185567010309278,0.4098837209302326,Terra,00:00:00
2021-02-28,2021-02-28 00:00:00,-0.6424582983027096,-0.6289381563593933,0.22779369627507165,Terra,00:00:00
2021-03-01,2021-03-01 00:00:00,-0.6328323336761059,-0.6221928665785997,0.23289902280130292,Terra,00:00:00
2021-03-02,2021-03-02 00:00:00,-0.6001168360419602,-0.5985663082437276,0.2511210762331839,Terra,00:00:00
2021-03-03,2021-03-03 00:00:00,-0.5155066199930761,-0.5324074074074074,0.30513595166163143,Terra,00:00:00
2021-03-06,2021-03-06 00:00:00,-0.5518708859682123,-0.5617352614015572,0.28062678062678065,Terra,00:00:00
2021-03-11,2021-03-11 00:00:00,-0.464719084656271,-0.4892148403796376,0.3429895712630359,Terra,00:00:00
2021-03-12,2021-03-12 00:00:00,-0.587336734507256,-0.589041095890411,0.25862068965517243,Terra,00:00:00
2021-03-13,2021-03-13 00:00:00,-0.6729657371056235,-0.6497005988023953,0.21234119782214156,Terra,00:00:00
2021-03-16,2021-03-16 00:00:00,-0.6014355563075141,-0.5995397008055237,0.25035971223021586,Terra,00:00:00
2021-03-17,2021-03-17 00:00:00,-0.3135860326080173,-0.3461203138622494,0.4857512953367875,Terra,00:00:00
2021-03-19,2021-03-19 00:00:00,-0.4532965714456496,-0.479147358665431,0.3521303258145363,Terra,00:00:00
2021-03-21,2021-03-21 00:00:00,-0.41603260332984027,-0.4454225352112676,0.38367844092570036,Terra,00:00:00
2021-03-22,2021-03-22 00:00:00,-0.37734460106000295,-0.4090202177293935,0.4194260485651214,Terra,00:00:00
2021-03-23,2021-03-23 00:00:00,-0.5015950241028632,-0.5208333333333334,0.31506849315068486,Terra,00:00:00
2021-03-26,2021-03-26 00:00:00,-0.599939753681952,-0.5984354628422425,0.25122349102773245,Terra,00:00:00
2021-03-27,2021-03-27 00:00:00,-0.6862726146612647,-0.658465991316932,0.20593368237347293,Terra,00:00:00
2021-03-28,2021-03-28 00:00:00,-0.5713911715615104,-0.576923076923077,0.2682926829268293,Terra,00:00:00
2021-03-29,2021-03-29 00:00:00,-0.5433543309901352,-0.5549872122762147,0.2861842105263158,Terra,00:00:00
2021-03-30,2021-03-30 00:00:00,-0.540726132581102,-0.5528898582333696,0.28792134831460675,Terra,00:00:00
2021-03-31,2021-03-31 00:00:00,-0.6695278301895267,-0.6474074074074074,0.21402877697841727,Terra,00:00:00
2021-04-01,2021-04-01 00:00:00,-0.5857923786135092,-0.5878787878787879,0.2595419847328244,Terra,00:00:00
2021-04-05,2021-04-05 00:00:00,-0.4879117348031688,-0.5092592592592594,0.3251533742331288,Terra,00:00:00
2021-04-06,2021-04-06 00:00:00,-0.5281112722140145,-0.5427251732101617,0.2964071856287425,Terra,00:00:00
2021-04-07,2021-04-07 00:00:00,-0.635483746814912,-0.6240601503759398,0.2314814814814815,Terra,00:00:00
2021-04-08,2021-04-08 00:00:00,-0.5823880690815286,-0.5853080568720379,0.2615844544095665,Terra,00:00:00
2021-04-09,2021-04-09 00:00:00,-0.5880743451111874,-0.5895953757225434,0.2581818181818182,Terra,00:00:00
2021-04-10,2021-04-10 00:00:00,-0.48896921871191584,-0.5101604278074866,0.32436260623229457,Terra,00:00:00
2021-04-11,2021-04-11 00:00:00,-0.5444265210374909,-0.5558408215661105,0.28547854785478544,Terra,00:00:00
2021-04-12,2021-04-12 00:00:00,-0.498563124010097,-0.5182849936948297,0.31727574750830567,Terra,00:00:00
2021-04-14,2021-04-14 00:00:00,-0.5300166446779682,-0.5442708333333334,0.2951096121416526,Terra,00:00:00
2021-04-15,2021-04-15 00:00:00,-0.5687349279177704,-0.5748792270531401,0.26993865030674846,Terra,00:00:00
2021-04-16,2021-04-16 00:00:00,-0.6418044981061142,-0.6284829721362228,0.22813688212927757,Terra,00:00:00
2021-04-17,2021-04-17 00:00:00,-0.5885013100630633,-0.5899159663865545,0.2579281183932347,Terra,00:00:00
2021-04-18,2021-04-18 00:00:00,-0.5786632490733251,-0.5824817518248175,0.26383763837638374,Terra,00:00:00
2021-04-21,2021-04-21 00:00:00,-0.3740216668939086,-0.40582959641255606,0.4226475279106858,Terra,00:00:00
2021-04-22,2021-04-22 00:00:00,-0.6232492903979004,-0.6153846153846153,0.2380952380952381,Terra,00:00:00
2021-04-26,2021-04-26 00:00:00,-0.5371961528456417,-0.550061804697157,0.2902711323763955,Terra,00:00:00
2021-04-27,2021-04-27 00:00:00,-0.6852633209182177,-0.6578073089700995,0.20641282565130262,Terra,00:00:00
2021-04-28,2021-04-28 00:00:00,-0.37576341735829194,-0.407503234152652,0.4209558823529411,Terra,00:00:00
2021-05-02,2021-05-02 00:00:00,-0.5801297859391695,-0.5835962145110412,0.26294820717131473,Terra,00:00:00
2021-05-03,2021-05-03 00:00:00,-0.6597857449280826,-0.6408450704225352,0.21888412017167383,Terra,00:00:00
2021-05-04,2021-05-04 00:00:00,-0.5934026717954639,-0.5935828877005348,0.25503355704697983,Terra,00:00:00
2021-05-05,2021-05-05 00:00:00,-0.4620758209688224,-0.48689655172413787,0.3450834879406308,Terra,00:00:00
2021-05-07,2021-05-07 00:00:00,-0.3288397656513676,-0.36148300720906285,0.4689863842662632,Terra,00:00:00
2021-05-08,2021-05-08 00:00:00,-0.4009770453975197,-0.4314214463840399,0.397212543554007,Terra,00:00:00
2021-05-09,2021-05-09 00:00:00,-0.500877656113684,-0.5202312138728324,0.3155893536121673,Terra,00:00:00
2021-05-10,2021-05-10 00:00:00,-0.3544164436826661,-0.3868046571798188,0.44216417910447764,Terra,00:00:00
2021-05-11,2021-05-11 00:00:00,-0.5913888283792978,-0.592079207920792,0.2562189054726368,Terra,00:00:00
2021-05-12,2021-05-12 00:00:00,-0.664973624661134,-0.6443514644351465,0.2162849872773537,Terra,00:00:00
2021-05-13,2021-05-13 00:00:00,-0.5244133563538056,-0.5397148676171079,0.29894179894179895,Terra,00:00:00
2021-05-16,2021-05-16 00:00:00,-0.48120876236964394,-0.5035211267605634,0.3302107728337237,Terra,00:00:00
2021-05-17,2021-05-17 00:00:00,-0.5268090389087701,-0.5416666666666666,0.29729729729729726,Terra,00:00:00
2021-05-18,2021-05-18 00:00:00,-0.6163858458193654,-0.6104513064133017,0.2418879056047198,Terra,00:00:00
2021-05-19,2021-05-19 00:00:00,-0.35902194264166787,-0.3913043478260869,0.43750000000000006,Terra,00:00:00
2021-05-23,2021-05-23 00:00:00,-0.34751373134691055,-0.3800259403372244,0.44924812030075184,Terra,00:00:00
2021-05-25,2021-05-25 00:00:00,-0.5772364076029303,-0.5813953488372093,0.2647058823529412,Terra,00:00:00
2021-05-26,2021-05-26 00:00:00,-0.6182467524212377,-0.6117936117936118,0.24085365853658536,Terra,00:00:00
2021-05-28,2021-05-28 00:00:00,-0.6347291080813305,-0.6235294117647059,0.23188405797101447,Terra,00:00:00
2021-05-29,2021-05-29 00:00:00,-0.6094003544937057,-0.6053811659192824,0.2458100558659218,Terra,00:00:00
2021-05-30,2021-05-30 00:00:00,-0.35173958642390885,-0.384180790960452,0.4448979591836735,Terra,00:00:00
2021-05-31,2021-05-31 00:00:00,-0.6148513826225172,-0.6093418259023355,0.24274406332453824,Terra,00:00:00
2021-06-01,2021-06-01 00:00:00,-0.6592028774645311,-0.6404494382022472,0.21917808219178084,Terra,00:00:00
2021-06-02,2021-06-02 00:00:00,-0.49008623188403005,-0.5111111111111112,0.3235294117647059,Terra,00:00:00
2021-06-03,2021-06-03 00:00:00,-0.5542872095319616,-0.5636363636363636,0.2790697674418605,Terra,00:00:00
2021-06-04,2021-06-04 00:00:00,-0.587336734507256,-0.589041095890411,0.25862068965517243,Terra,00:00:00
2021-06-05,2021-06-05 00:00:00,-0.38021124171160603,-0.4117647058823529,0.4166666666666667,Terra,00:00:00
2021-06-08,2021-06-08 00:00:00,-0.07918124604762475,-0.09090909090909084,0.8333333333333335,Terra,00:00:00
2021-06-10,2021-06-10 00:00:00,-0.5361519357058111,-0.5492227979274612,0.29096989966555187,Terra,00:00:00
2021-06-12,2021-06-12 00:00:00,-0.2566108558755683,-0.2871287128712871,0.5538461538461539,Terra,00:00:00
2021-06-15,2021-06-15 00:00:00,-0.09275405323689863,-0.10638297872340419,0.8076923076923078,Terra,00:00:00
2021-06-16,2021-06-16 00:00:00,-0.44944982812180406,-0.4757281553398058,0.35526315789473684,Terra,00:00:00
2021-06-17,2021-06-17 00:00:00,-0.34707311233288224,-0.379591836734694,0.4497041420118343,Terra,00:00:00
2021-06-18,2021-06-18 00:00:00,-0.23526431767215908,-0.2644230769230769,0.5817490494296578,Terra,00:00:00
2021-06-19,2021-06-19 00:00:00,-0.4305163600230018,-0.4586894586894588,0.37109375,Terra,00:00:00
2021-06-20,2021-06-20 00:00:00,-0.104735350520013,-0.12,0.7857142857142857,Terra,00:00:00
2021-06-21,2021-06-21 00:00:00,-0.18699942687288637,-0.21202531645569617,0.6501305483028721,Terra,00:00:00
2021-06-22,2021-06-22 00:00:00,-0.2946898176329622,-0.32682926829268294,0.5073529411764706,Terra,00:00:00
2021-06-23,2021-06-23 00:00:00,-0.07788677569462597,-0.08943089430894301,0.8358208955223881,Terra,00:00:00
2021-06-24,2021-06-24 00:00:00,-0.14957856975648331,-0.17052631578947366,0.7086330935251799,Terra,00:00:00
2021-06-25,2021-06-25 00:00:00,0.23714522446565922,0.2664359861591695,1.7264150943396226,Terra,00:00:00
2021-06-26,2021-06-26 00:00:00,-0.16069693156541842,-0.18292682926829268,0.6907216494845361,Terra,00:00:00
2021-06-27,2021-06-27 00:00:00,-0.4913616938342727,-0.5121951219512195,0.3225806451612903,Terra,00:00:00
2021-06-28,2021-06-28 00:00:00,0.13666075109930464,0.1560509554140127,1.369811320754717,Terra,00:00:00
2021-06-29,2021-06-29 00:00:00,0.007178584627123376,0.008264462809917378,1.0166666666666666,Terra,00:00:00
2021-06-30,2021-06-30 00:00:00,0.04139268515822508,0.04761904761904764,1.1,Terra,00:00:00
2021-07-02,2021-07-02 00:00:00,0.21439286723676443,0.24193548387096775,1.6382978723404256,Terra,00:00:00
2021-07-03,2021-07-03 00:00:00,-0.06898733127914992,-0.07925801011804383,0.853125,Terra,00:00:00
2021-07-05,2021-07-05 00:00:00,-0.019819156671113457,-0.02281368821292775,0.9553903345724907,Terra,00:00:00
2021-07-06,2021-07-06 00:00:00,0.3010299956639812,0.33333333333333337,2.0,Terra,00:00:00
2021-07-07,2021-07-07 00:00:00,-0.21699624682194424,-0.24475524475524474,0.6067415730337079,Terra,00:00:00
2021-07-09,2021-07-09 00:00:00,1.0981064172961006,0.8522292993630574,12.534482758620689,Terra,00:00:00
2021-07-10,2021-07-10 00:00:00,-0.11094130476398775,-0.12703583061889248,0.7745664739884394,Terra,00:00:00
2021-07-15,2021-07-15 00:00:00,-0.01678018016488304,-0.019316493313521584,0.9620991253644314,Terra,00:00:00
2021-07-16,2021-07-16 00:00:00,0.8939466075520739,0.7735849056603773,7.833333333333334,Terra,00:00:00
2021-07-17,2021-07-17 00:00:00,0.21788256239875498,0.2457142857142857,1.6515151515151516,Terra,00:00:00
2021-07-18,2021-07-18 00:00:00,-0.029324084951708577,-0.03374777975133213,0.9347079037800687,Terra,00:00:00
2021-07-20,2021-07-20 00:00:00,-0.06052133375418826,-0.06956521739130431,0.8699186991869919,Terra,00:00:00
2021-07-21,2021-07-21 00:00:00,0.0038776550632018216,0.004464285714285764,1.0089686098654709,Terra,00:00:00
2021-07-22,2021-07-22 00:00:00,0.6796648491406323,0.6541353383458647,4.782608695652175,Terra,00:00:00
2021-07-23,2021-07-23 00:00:00,-0.049825852695087804,-0.05730129390018481,0.8916083916083917,Terra,00:00:00
2021-07-28,2021-07-28 00:00:00,0.17223939804617253,0.19573901464713717,1.4867549668874172,Terra,00:00:00
2021-08-03,2021-08-03 00:00:00,0.005777838858959941,0.006651884700665225,1.0133928571428572,Terra,00:00:00
2021-08-06,2021-08-06 00:00:00,0.05661541814888347,0.06508875739644972,1.139240506329114,Terra,00:00:00
2021-08-08,2021-08-08 00:00:00,-0.03923380176358071,-0.045138888888888916,0.9136212624584718,Terra,00:00:00
2021-08-10,2021-08-10 00:00:00,0.24238448275120736,0.2720306513409962,1.7473684210526317,Terra,00:00:00
2021-08-17,2021-08-17 00:00:00,0.61502496849233,0.6094674556213017,4.121212121212121,Terra,00:00:00
2021-08-19,2021-08-19 00:00:00,-0.20296340545598263,-0.22950819672131148,0.6266666666666666,Terra,00:00:00
2021-08-20,2021-08-20 00:00:00,0.0941437967649044,0.10796460176991152,1.242063492063492,Terra,00:00:00
2021-08-22,2021-08-22 00:00:00,-0.10389613386872246,-0.11904761904761903,0.7872340425531915,Terra,00:00:00
2021-08-26,2021-08-26 00:00:00,0.2158083951953839,0.24346917450365727,1.643646408839779,Terra,00:00:00
2021-08-27,2021-08-27 00:00:00,0.14742314940711712,0.16811594202898553,1.4041811846689896,Terra,00:00:00
2021-08-28,2021-08-28 00:00:00,-0.19773318399452416,-0.22379603399433431,0.6342592592592592,Terra,00:00:00
2021-09-02,2021-09-02 00:00:00,-0.16788128901085148,-0.1909090909090909,0.6793893129770993,Terra,00:00:00
2021-09-03,2021-09-03 00:00:00,0.03768602412067804,0.04336043360433597,1.0906515580736542,Terra,00:00:00
2021-09-04,2021-09-04 00:00:00,0.6885729043031688,0.659963436928702,4.881720430107527,Terra,00:00:00
2021-09-10,2021-09-10 00:00:00,-0.056913741795574964,-0.06543075245365328,0.8771750255885362,Terra,00:00:00
2021-09-12,2021-09-12 00:00:00,0.04411554349369833,0.05074626865671642,1.1069182389937107,Terra,00:00:00
2021-09-14,2021-09-14 00:00:00,-0.19137247894722972,-0.21682847896440124,0.6436170212765958,Terra,00:00:00
2021-09-16,2021-09-16 00:00:00,-0.22956710486840418,-0.258312020460358,0.5894308943089431,Terra,00:00:00
2021-09-19,2021-09-19 00:00:00,-0.3378869269893248,-0.37050359712230213,0.4593175853018373,Terra,00:00:00
2021-09-20,2021-09-20 00:00:00,-0.23072651453691204,-0.25955734406438635,0.5878594249201278,Terra,00:00:00
2021-09-21,2021-09-21 00:00:00,-0.321991974926634,-0.3546099290780142,0.4764397905759162,Terra,00:00:00
2021-09-23,2021-09-23 00:00:00,-0.294331233315279,-0.3264604810996564,0.5077720207253885,Terra,00:00:00
2021-09-24,2021-09-24 00:00:00,0.2024718042758516,0.2289719626168224,1.593939393939394,Terra,00:00:00
2021-09-25,2021-09-25 00:00:00,-0.285741251156735,-0.31759656652360513,0.5179153094462541,Terra,00:00:00
2021-09-26,2021-09-26 00:00:00,-0.30949604312529494,-0.3419689119170985,0.49034749034749037,Terra,00:00:00
2021-09-28,2021-09-28 00:00:00,-0.2872417111783478,-0.3191489361702127,0.5161290322580646,Terra,00:00:00
2021-09-29,2021-09-29 00:00:00,0.16821131048022572,0.19127516778523496,1.4730290456431536,Terra,00:00:00
2021-09-30,2021-09-30 00:00:00,0.05820231001493285,0.0669077757685353,1.1434108527131783,Terra,00:00:00
2021-10-01,2021-10-01 00:00:00,-0.3062942356563384,-0.33870967741935476,0.49397590361445787,Terra,00:00:00
2021-10-02,2021-10-02 00:00:00,0.02536747168829411,0.029197080291970816,1.0601503759398496,Terra,00:00:00
2021-10-03,2021-10-03 00:00:00,0.3269257228971392,0.35956580732700144,2.1228813559322037,Terra,00:00:00
2021-10-06,2021-10-06 00:00:00,-0.0777911603440927,-0.08932169241101415,0.8360049321824907,Terra,00:00:00
2021-10-07,2021-10-07 00:00:00,-0.19433571317178008,-0.2200772200772201,0.6392405063291139,Terra,00:00:00
2021-10-09,2021-10-09 00:00:00,0.08507407026826003,0.09763313609467451,1.2163934426229508,Terra,00:00:00
2021-10-11,2021-10-11 00:00:00,-0.3324032672992494,-0.3650442477876106,0.46515397082658017,Terra,00:00:00
2021-10-13,2021-10-13 00:00:00,-0.3660330570135204,-0.3981047509284159,0.43052935010482185,Terra,00:00:00
2021-10-14,2021-10-14 00:00:00,-0.25332499295230126,-0.2836538461538462,0.5580524344569288,Terra,00:00:00
2021-10-15,2021-10-15 00:00:00,0.5813205053297251,0.5844994617868676,3.8134715025906734,Terra,00:00:00
2021-10-16,2021-10-16 00:00:00,0.4137746922604825,0.44333635539437893,2.592833876221498,Terra,00:00:00
2021-10-28,2021-10-28 00:00:00,-0.422073688388757,-0.45098039215686275,0.3783783783783784,Terra,00:00:00
2021-11-07,2021-11-07 00:00:00,-0.46728338410320913,-0.49145728643216074,0.34097035040431267,Terra,00:00:00
2021-11-17,2021-11-17 00:00:00,-0.32769058349133884,-0.3603322949117342,0.47022900763358777,Terra,00:00:00
2021-11-20,2021-11-20 00:00:00,-0.6966981884394126,-0.6652110625909754,0.20104895104895104,Terra,00:00:00
2021-11-22,2021-11-22 00:00:00,-0.7915668184394463,-0.7217675941080196,0.16159695817490496,Terra,00:00:00
2021-12-04,2021-12-04 00:00:00,-0.4026735103746233,-0.43300970873786404,0.3956639566395664,Terra,00:00:00
2021-12-05,2021-12-05 00:00:00,-0.568119634570124,-0.5744047619047619,0.2703213610586011,Terra,00:00:00
2021-12-10,2021-12-10 00:00:00,-0.7074031718728816,-0.6720257234726689,0.19615384615384615,Terra,00:00:00
2021-12-14,2021-12-14 00:00:00,-0.5930181418667908,-0.5932960893854748,0.2552594670406732,Terra,00:00:00
2022-02-05,2022-02-05 00:00:00,-0.8061799739838872,-0.7297297297297297,0.15625,Terra,00:00:00
2022-02-08,2022-02-08 00:00:00,-0.6908952395278962,-0.6614699331848553,0.2037533512064343,Terra,00:00:00
2022-02-09,2022-02-09 00:00:00,-0.7571428696591269,-0.7022332506203475,0.1749271137026239,Terra,00:00:00
2022-02-10,2022-02-10 00:00:00,-0.8786653876605253,-0.7664233576642336,0.1322314049586777,Terra,00:00:00
2022-02-11,2022-02-11 00:00:00,-0.5212908295007056,-0.5371621621621621,0.30109890109890114,Terra,00:00:00
2022-02-12,2022-02-12 00:00:00,-0.820555098936731,-0.7373737373737373,0.15116279069767444,Terra,00:00:00
2022-02-15,2022-02-15 00:00:00,-0.7610339813364325,-0.7044967880085652,0.17336683417085427,Terra,00:00:00
2022-02-16,2022-02-16 00:00:00,-0.7716063226991677,-0.7105751391465677,0.16919739696312364,Terra,00:00:00
2022-02-17,2022-02-17 00:00:00,-0.7596678446896306,-0.7037037037037036,0.17391304347826086,Terra,00:00:00
2022-02-18,2022-02-18 00:00:00,-0.7350984495018866,-0.6891385767790261,0.18403547671840353,Terra,00:00:00
2022-02-19,2022-02-19 00:00:00,-0.8168259460059055,-0.735408560311284,0.15246636771300448,Terra,00:00:00
2022-02-22,2022-02-22 00:00:00,-0.4033687603834358,-0.43365983971504896,0.39503105590062115,Terra,00:00:00
2022-02-24,2022-02-24 00:00:00,-0.6705946967382075,-0.6481203007518797,0.21350364963503649,Terra,00:00:00
2022-02-25,2022-02-25 00:00:00,-0.6786484267973076,-0.6534653465346534,0.20958083832335328,Terra,00:00:00
2022-03-04,2022-03-04 00:00:00,-0.6640253830575611,-0.6437125748502994,0.2167577413479053,Terra,00:00:00
2022-03-06,2022-03-06 00:00:00,-0.6205119799074899,-0.6134228187919463,0.23960066555740434,Terra,00:00:00
2022-03-07,2022-03-07 00:00:00,-0.7176522173037729,-0.6784452296819788,0.19157894736842107,Terra,00:00:00
2022-03-09,2022-03-09 00:00:00,-0.6007091520370036,-0.5990037359900373,0.2507788161993769,Terra,00:00:00
2022-03-10,2022-03-10 00:00:00,-0.6665764753333251,-0.6454293628808865,0.2154882154882155,Terra,00:00:00
2022-03-11,2022-03-11 00:00:00,-0.4745740657057826,-0.49779735682819376,0.3352941176470588,Terra,00:00:00
2022-03-12,2022-03-12 00:00:00,-0.5943358761639534,-0.5942782834850455,0.2544861337683524,Terra,00:00:00
2022-03-16,2022-03-16 00:00:00,-0.6707267613528494,-0.6482084690553747,0.21343873517786563,Terra,00:00:00
2022-03-22,2022-03-22 00:00:00,-0.7107311152218091,-0.6741214057507987,0.19465648854961834,Terra,00:00:00
2022-03-25,2022-03-25 00:00:00,-0.467314188407361,-0.49148418491484186,0.3409461663947798,Terra,00:00:00
2022-03-29,2022-03-29 00:00:00,-0.6080919560978755,-0.6044260027662517,0.24655172413793103,Terra,00:00:00
2022-04-01,2022-04-01 00:00:00,-0.5765261956999234,-0.5808538163001293,0.26513911620294595,Terra,00:00:00
2022-04-05,2022-04-05 00:00:00,-0.6521845973619752,-0.6356589147286822,0.22274881516587677,Terra,00:00:00
2022-04-06,2022-04-06 00:00:00,-0.4890721828211341,-0.5102481121898599,0.3242857142857143,Terra,00:00:00
2022-04-07,2022-04-07 00:00:00,-0.5231173030901828,-0.5386565272496832,0.29983525535420097,Terra,00:00:00
2022-04-08,2022-04-08 00:00:00,-0.44924569440152246,-0.4755463059313216,0.3554301833568406,Terra,00:00:00
2022-04-09,2022-04-09 00:00:00,-0.5627988877958705,-0.5702857142857143,0.2736535662299855,Terra,00:00:00
2022-04-16,2022-04-16 00:00:00,-0.3477929642240787,-0.3803009575923393,0.4489593657086224,Terra,00:00:00
2022-04-22,2022-04-22 00:00:00,-0.6678390080530322,-0.6462765957446809,0.2148626817447496,Terra,00:00:00
2022-04-23,2022-04-23 00:00:00,-0.21175532717991097,-0.2390745501285347,0.6141078838174274,Terra,00:00:00
2022-04-24,2022-04-24 00:00:00,-0.3959910398877602,-0.42673796791443847,0.40179910044977507,Terra,00:00:00
2022-04-26,2022-04-26 00:00:00,-0.48487671941642474,-0.5066666666666666,0.3274336283185841,Terra,00:00:00
2022-04-27,2022-04-27 00:00:00,-0.4356704271847653,-0.4633620689655172,0.3667157584683358,Terra,00:00:00
2022-04-29,2022-04-29 00:00:00,-0.28582813681418784,-0.31768650461022635,0.5178117048346056,Terra,00:00:00
2022-05-01,2022-05-01 00:00:00,-0.5054548533635974,-0.5240641711229946,0.31228070175438594,Terra,00:00:00
2022-05-03,2022-05-03 00:00:00,-0.49365349061385755,-0.5141388174807198,0.32088285229202035,Terra,00:00:00
2022-05-04,2022-05-04 00:00:00,-0.6020599913279624,-0.6,0.25,Terra,00:00:00
2022-05-11,2022-05-11 00:00:00,-0.4562188396072465,-0.48173515981735165,0.349768875192604,Terra,00:00:00
2022-05-13,2022-05-13 00:00:00,-0.5352242034824655,-0.5484764542936288,0.29159212880143115,Terra,00:00:00
2022-05-14,2022-05-14 00:00:00,0.003049405042751171,0.003510742873191971,1.0070462232243518,Terra,00:00:00
2022-05-19,2022-05-19 00:00:00,-0.3583647503620552,-0.3906633906633907,0.4381625441696113,Terra,00:00:00
2022-05-20,2022-05-20 00:00:00,-0.6355227862757594,-0.6240875912408761,0.23146067415730334,Terra,00:00:00
2022-05-21,2022-05-21 00:00:00,-0.6142011614205034,-0.6088709677419355,0.24310776942355888,Terra,00:00:00
2022-05-22,2022-05-22 00:00:00,-0.26058589730130466,-0.29132231404958675,0.5488000000000001,Terra,00:00:00
2022-05-23,2022-05-23 00:00:00,-0.37966530263040726,-0.41124260355029585,0.4171907756813417,Terra,00:00:00
2022-05-24,2022-05-24 00:00:00,-0.468041596867744,-0.4921190893169878,0.3403755868544601,Terra,00:00:00
2022-05-25,2022-05-25 00:00:00,-0.5197655098561946,-0.5359116022099447,0.302158273381295,Terra,00:00:00
2022-05-29,2022-05-29 00:00:00,-0.29915937763093403,-0.3314176245210728,0.5021582733812949,Terra,00:00:00
2022-05-30,2022-05-30 00:00:00,-0.6237792410211986,-0.6157635467980295,0.2378048780487805,Terra,00:00:00
2022-05-31,2022-05-31 00:00:00,-0.5049640247816751,-0.5236541598694943,0.31263383297644537,Terra,00:00:00
2022-06-06,2022-06-06 00:00:00,-0.6827832432427435,-0.6561844863731656,0.20759493670886078,Terra,00:00:00
2022-06-09,2022-06-09 00:00:00,-0.2992241948007188,-0.3314840499306519,0.5020833333333333,Terra,00:00:00
2022-06-14,2022-06-14 00:00:00,-0.5411035653865367,-0.553191489361702,0.2876712328767123,Terra,00:00:00
2022-06-15,2022-06-15 00:00:00,-0.6812412373755873,-0.6551724137931034,0.20833333333333331,Terra,00:00:00
2022-06-18,2022-06-18 00:00:00,-0.18017211905285266,-0.20450606585788564,0.660431654676259,Terra,00:00:00
2022-06-19,2022-06-19 00:00:00,-0.47104710700746927,-0.4947368421052631,0.3380281690140845,Terra,00:00:00
2022-06-21,2022-06-21 00:00:00,-0.6048709686617908,-0.6020671834625324,0.24838709677419354,Terra,00:00:00
2022-06-23,2022-06-23 00:00:00,-0.6450946235531643,-0.6307692307692309,0.22641509433962262,Terra,00:00:00
2022-06-24,2022-06-24 00:00:00,-0.585026652029182,-0.5873015873015873,0.26,Terra,00:00:00
2022-06-26,2022-06-26 00:00:00,-0.46605582856950245,-0.4903846153846154,0.3419354838709677,Terra,00:00:00
2022-06-27,2022-06-27 00:00:00,-0.3347533679147313,-0.3673870333988213,0.46264367816091945,Terra,00:00:00
2022-06-28,2022-06-28 00:00:00,-0.5396767583843038,-0.55205047318612,0.2886178861788618,Terra,00:00:00
2022-06-29,2022-06-29 00:00:00,-0.37339706759451174,-0.40522875816993464,0.4232558139534884,Terra,00:00:00
2022-06-30,2022-06-30 00:00:00,-0.3349346594296563,-0.3675675675675676,0.4624505928853755,Terra,00:00:00
2022-07-01,2022-07-01 00:00:00,-0.3268766528465923,-0.3595166163141994,0.47111111111111104,Terra,00:00:00
2022-07-03,2022-07-03 00:00:00,-0.17031981887780587,-0.19361277445109779,0.6755852842809364,Terra,00:00:00
2022-07-06,2022-07-06 00:00:00,-0.1814767335105387,-0.20594479830148618,0.6584507042253521,Terra,00:00:00
2022-07-08,2022-07-08 00:00:00,-0.14495585013018714,-0.1653543307086614,0.7162162162162162,Terra,00:00:00
2022-07-10,2022-07-10 00:00:00,-0.1990404571266498,-0.22522522522522526,0.6323529411764706,Terra,00:00:00
2022-07-11,2022-07-11 00:00:00,-0.05684646272628741,-0.06535362578334826,0.8773109243697479,Terra,00:00:00
2022-07-12,2022-07-12 00:00:00,-0.04469694184828139,-0.05141388174807193,0.9022004889975551,Terra,00:00:00
2022-07-13,2022-07-13 00:00:00,-0.12392757321343766,-0.14171656686626743,0.7517482517482518,Terra,00:00:00
2022-07-14,2022-07-14 00:00:00,0.2507037710185642,0.2808764940239044,1.7811634349030474,Terra,00:00:00
2022-07-15,2022-07-15 00:00:00,-0.07410172051834985,-0.0851063829787234,0.8431372549019608,Terra,00:00:00
2022-07-16,2022-07-16 00:00:00,0.12774971394212833,0.1460258780036968,1.3419913419913418,Terra,00:00:00
2022-07-17,2022-07-17 00:00:00,0.04415196384525666,0.05078809106830122,1.107011070110701,Terra,00:00:00
2022-07-18,2022-07-18 00:00:00,-0.07159169467637673,-0.08223684210526312,0.8480243161094225,Terra,00:00:00
2022-07-19,2022-07-19 00:00:00,-0.009759837289156213,-0.011235955056179763,0.9777777777777779,Terra,00:00:00
2022-07-20,2022-07-20 00:00:00,-0.08597481781096546,-0.09866017052375146,0.82039911308204,Terra,00:00:00
2022-07-21,2022-07-21 00:00:00,-0.045757490560675115,-0.05263157894736843,0.9,Terra,00:00:00
2022-07-22,2022-07-22 00:00:00,0.03232566518789758,0.037199124726477024,1.0772727272727272,Terra,00:00:00
2022-07-23,2022-07-23 00:00:00,-0.07873143297592407,-0.09039548022598874,0.8341968911917098,Terra,00:00:00
2022-07-24,2022-07-24 00:00:00,-0.07766007292709202,-0.08917197452229302,0.8362573099415205,Terra,00:00:00
2022-07-26,2022-07-26 00:00:00,-0.09296022199553114,-0.10661764705882351,0.8073089700996678,Terra,00:00:00
2022-07-27,2022-07-27 00:00:00,-0.02452046419996937,-0.028222730739893172,0.9451038575667656,Terra,00:00:00
2022-07-29,2022-07-29 00:00:00,-0.0507535380537674,-0.05836575875486379,0.8897058823529412,Terra,00:00:00
2022-07-30,2022-07-30 00:00:00,0.11048282019733031,0.12651646447140383,1.2896825396825398,Terra,00:00:00
2022-08-03,2022-08-03 00:00:00,-0.06947176466111685,-0.07981220657276997,0.8521739130434782,Terra,00:00:00
2022-08-04,2022-08-04 00:00:00,-0.16902940456819443,-0.19218241042345274,0.6775956284153005,Terra,00:00:00
2022-08-06,2022-08-06 00:00:00,-0.12563864728662627,-0.14364640883977903,0.748792270531401,Terra,00:00:00
2022-08-07,2022-08-07 00:00:00,-0.1602393357844916,-0.18241758241758238,0.6914498141263942,Terra,00:00:00
2022-08-08,2022-08-08 00:00:00,-0.23323414519224991,-0.26224783861671463,0.5844748858447489,Terra,00:00:00
2022-08-10,2022-08-10 00:00:00,-0.09017663034908802,-0.10344827586206899,0.8125,Terra,00:00:00
2022-08-11,2022-08-11 00:00:00,-0.059838701632474005,-0.06878306878306882,0.8712871287128712,Terra,00:00:00
2022-08-12,2022-08-12 00:00:00,-0.017801446147598682,-0.02049180327868854,0.9598393574297188,Terra,00:00:00
2022-08-13,2022-08-13 00:00:00,-0.02887612773622908,-0.03323262839879154,0.935672514619883,Terra,00:00:00
2022-08-14,2022-08-14 00:00:00,-0.10384302540251093,-0.11898734177215185,0.7873303167420815,Terra,00:00:00
2022-08-15,2022-08-15 00:00:00,-0.08496228957072467,-0.0975056689342404,0.8223140495867768,Terra,00:00:00
2022-08-16,2022-08-16 00:00:00,-0.03374858308765973,-0.0388349514563107,0.9252336448598131,Terra,00:00:00
2022-08-17,2022-08-17 00:00:00,-0.11590405307236473,-0.1326530612244898,0.7657657657657657,Terra,00:00:00
2022-08-19,2022-08-19 00:00:00,-0.257644778948238,-0.2882205513784461,0.5525291828793775,Terra,00:00:00
2022-08-20,2022-08-20 00:00:00,-0.07593251325073036,-0.08719851576994439,0.8395904436860068,Terra,00:00:00
2022-08-21,2022-08-21 00:00:00,-0.056343768597613524,-0.06477732793522263,0.8783269961977187,Terra,00:00:00
2022-08-22,2022-08-22 00:00:00,0.0,0.0,1.0,Terra,00:00:00
2022-08-23,2022-08-23 00:00:00,-0.12097254939069854,-0.1383812010443864,0.7568807339449541,Terra,00:00:00
2022-08-24,2022-08-24 00:00:00,0.17324341618285494,0.19685039370078738,1.4901960784313724,Terra,00:00:00
2022-08-25,2022-08-25 00:00:00,-0.15288900397458371,-0.1742243436754177,0.7032520325203252,Terra,00:00:00
2022-08-26,2022-08-26 00:00:00,0.011650923266536337,0.013412816691505186,1.0271903323262839,Terra,00:00:00
2022-08-27,2022-08-27 00:00:00,-0.16719754589569874,-0.19015047879616967,0.6804597701149425,Terra,00:00:00
2022-08-28,2022-08-28 00:00:00,0.0696359281413944,0.07999999999999995,1.1739130434782608,Terra,00:00:00
2022-08-30,2022-08-30 00:00:00,0.06618016192597802,0.07604562737642584,1.1646090534979423,Terra,00:00:00
2022-08-31,2022-08-31 00:00:00,-0.20533366155079769,-0.23209169054441264,0.6232558139534884,Terra,00:00:00
2022-09-01,2022-09-01 00:00:00,0.07970167089348815,0.09150326797385616,1.2014388489208632,Terra,00:00:00
2022-09-02,2022-09-02 00:00:00,0.05778857798221067,0.06643356643356646,1.1423220973782773,Terra,00:00:00
2022-09-03,2022-09-03 00:00:00,-0.17833567997813354,-0.2024793388429752,0.6632302405498282,Terra,00:00:00
2022-09-05,2022-09-05 00:00:00,-0.1974894037569117,-0.2235294117647059,0.6346153846153846,Terra,00:00:00
2022-09-06,2022-09-06 00:00:00,0.012670753937694722,0.014586709886547835,1.0296052631578947,Terra,00:00:00
2022-09-08,2022-09-08 00:00:00,-0.2882412386204745,-0.3201820940819424,0.5149425287356322,Terra,00:00:00
2022-09-09,2022-09-09 00:00:00,-0.2856655953691589,-0.3175182481751824,0.518005540166205,Terra,00:00:00
2022-09-10,2022-09-10 00:00:00,-0.14783449949225513,-0.1685761047463175,0.711484593837535,Terra,00:00:00
2022-09-12,2022-09-12 00:00:00,-0.17984212922281206,-0.20414201183431954,0.6609336609336609,Terra,00:00:00
2022-09-13,2022-09-13 00:00:00,-0.27300127206373764,-0.30434782608695654,0.5333333333333333,Terra,00:00:00
2022-09-15,2022-09-15 00:00:00,0.45749886468043804,0.4828660436137071,2.8674698795180724,Terra,00:00:00
2022-09-16,2022-09-16 00:00:00,0.3343550590741732,0.3669902912621359,2.1595092024539877,Terra,00:00:00
2022-09-19,2022-09-19 00:00:00,-0.05827025168564268,-0.06698564593301436,0.874439461883408,Terra,00:00:00
2022-09-22,2022-09-22 00:00:00,-0.08988622948109387,-0.10311750599520379,0.8130434782608696,Terra,00:00:00
2022-09-23,2022-09-23 00:00:00,0.8786653876605253,0.7664233576642335,7.5625,Terra,00:00:00
2022-09-24,2022-09-24 00:00:00,0.0850107897083486,0.09756097560975605,1.216216216216216,Terra,00:00:00
2022-09-25,2022-09-25 00:00:00,0.1350711989584137,0.1542649727767695,1.3648068669527897,Terra,00:00:00
2022-09-26,2022-09-26 00:00:00,-0.07995058988372108,-0.09178743961352659,0.831858407079646,Terra,00:00:00
2022-09-27,2022-09-27 00:00:00,0.265268821833047,0.296248382923674,1.8419117647058825,Terra,00:00:00
2022-09-29,2022-09-29 00:00:00,0.13353890837021748,0.15254237288135591,1.3599999999999999,Terra,00:00:00
2022-09-30,2022-09-30 00:00:00,-0.21222410127207492,-0.23958333333333334,0.6134453781512604,Terra,00:00:00
2022-10-01,2022-10-01 00:00:00,-0.240480860835501,-0.2700000000000001,0.5748031496062992,Terra,00:00:00
2022-10-02,2022-10-02 00:00:00,-0.23786576267726392,-0.26720647773279355,0.5782747603833867,Terra,00:00:00
2022-10-03,2022-10-03 00:00:00,0.17276331570675374,0.19631901840490792,1.4885496183206106,Terra,00:00:00
2022-10-05,2022-10-05 00:00:00,0.13106428924236213,0.1497584541062802,1.3522727272727273,Terra,00:00:00
2022-10-06,2022-10-06 00:00:00,0.02384961049352917,0.02745098039215683,1.0564516129032258,Terra,00:00:00
2022-10-07,2022-10-07 00:00:00,-0.03791552901832733,-0.04362416107382553,0.9163987138263665,Terra,00:00:00
2022-10-08,2022-10-08 00:00:00,-0.056929668873089166,-0.06544901065449013,0.8771428571428571,Terra,00:00:00
2022-10-09,2022-10-09 00:00:00,-0.1481319614777905,-0.1689088191330344,0.710997442455243,Terra,00:00:00
2022-10-25,2022-10-25 00:00:00,-0.02515548628753952,-0.028953229398663752,0.9437229437229436,Terra,00:00:00
2022-10-27,2022-10-27 00:00:00,-0.24544857003794268,-0.27529411764705886,0.5682656826568265,Terra,00:00:00
2022-10-29,2022-10-29 00:00:00,0.45105576428073507,0.4771573604060914,2.825242718446602,Terra,00:00:00
2022-11-03,2022-11-03 00:00:00,0.21112488422458325,0.23839009287925694,1.6260162601626016,Terra,00:00:00
2022-11-13,2022-11-13 00:00:00,-0.8523364489381762,-0.7536231884057971,0.14049586776859505,Terra,00:00:00
2022-11-14,2022-11-14 00:00:00,-0.5431125005502672,-0.5547945205479451,0.28634361233480177,Terra,00:00:00
2022-11-15,2022-11-15 00:00:00,-0.49588419344464213,-0.516025641025641,0.3192389006342495,Terra,00:00:00
2022-11-16,2022-11-16 00:00:00,-0.579583045016893,-0.5831809872029251,0.26327944572748263,Terra,00:00:00
2022-11-18,2022-11-18 00:00:00,-0.29112170700373213,-0.3231552162849872,0.5115384615384616,Terra,00:00:00
2022-11-19,2022-11-19 00:00:00,-0.5973135563035007,-0.5964912280701755,0.25274725274725274,Terra,00:00:00
2022-11-24,2022-11-24 00:00:00,-0.5412127120274487,-0.5532786885245902,0.287598944591029,Terra,00:00:00
2022-11-26,2022-11-26 00:00:00,-0.5520369740215509,-0.5618661257606491,0.28051948051948056,Terra,00:00:00
2022-11-29,2022-11-29 00:00:00,-0.5640009262367913,-0.5712187958883994,0.27289719626168224,Terra,00:00:00
2022-12-12,2022-12-12 00:00:00,-0.6002262328741725,-0.5986471251409246,0.25105782792665726,Terra,00:00:00
2023-01-01,2023-01-01 00:00:00,-0.3038556040823342,-0.3362218370883882,0.496757457846952,Terra,00:00:00
2023-01-16,2023-01-16 00:00:00,-0.3010299956639812,-0.3333333333333333,0.5,Terra,00:00:00
2023-01-17,2023-01-17 00:00:00,-0.2717932198747695,-0.30308529945553536,0.5348189415041783,Terra,00:00:00
2023-01-19,2023-01-19 00:00:00,-0.4470282168196854,-0.4735682819383259,0.3572496263079223,Terra,00:00:00
2023-01-20,2023-01-20 00:00:00,-0.5667909123815917,-0.5733788395904438,0.27114967462039047,Terra,00:00:00
2023-01-21,2023-01-21 00:00:00,-0.6155345307304377,-0.6098360655737705,0.24236252545824846,Terra,00:00:00
2023-01-23,2023-01-23 00:00:00,-0.6195843363114951,-0.612756264236902,0.2401129943502825,Terra,00:00:00
2023-01-29,2023-01-29 00:00:00,-0.47615508194764194,-0.49916527545909856,0.33407572383073497,Terra,00:00:00
2023-01-30,2023-01-30 00:00:00,-0.20964725547645843,-0.23678493845039825,0.617096018735363,Terra,00:00:00
2023-02-08,2023-02-08 00:00:00,-0.624210119289598,-0.6160714285714286,0.23756906077348064,Terra,00:00:00
2023-02-11,2023-02-11 00:00:00,-0.4631555985828386,-0.4878444084278768,0.3442265795206972,Terra,00:00:00
2023-02-12,2023-02-12 00:00:00,-0.6163629683477716,-0.6104347826086957,0.24190064794816413,Terra,00:00:00
2023-02-15,2023-02-15 00:00:00,-0.5619427681199799,-0.569620253164557,0.2741935483870968,Terra,00:00:00
2023-02-17,2023-02-17 00:00:00,-0.2905645619858162,-0.32258064516129026,0.5121951219512195,Terra,00:00:00
2023-02-19,2023-02-19 00:00:00,-0.36458384239725505,-0.39671361502347424,0.43193277310924366,Terra,00:00:00
2023-02-25,2023-02-25 00:00:00,-0.6030283183331416,-0.6007130124777184,0.24944320712694876,Terra,00:00:00
2023-03-16,2023-03-16 00:00:00,-0.49805516155530544,-0.5178571428571429,0.3176470588235294,Terra,00:00:00
2023-03-17,2023-03-17 00:00:00,-0.5348718599395945,-0.5481927710843374,0.2918287937743191,Terra,00:00:00
2023-03-21,2023-03-21 00:00:00,-0.3561678612949112,-0.3885180240320427,0.4403846153846154,Terra,00:00:00
2023-03-26,2023-03-26 00:00:00,-0.6073498798944834,-0.6038834951456311,0.2469733656174334,Terra,00:00:00
2023-04-10,2023-04-10 00:00:00,-0.6629504661854657,-0.6429872495446265,0.21729490022172948,Terra,00:00:00
2023-04-11,2023-04-11 00:00:00,-0.5685994296642966,-0.5747747747747749,0.27002288329519447,Terra,00:00:00
2023-04-12,2023-04-12 00:00:00,-0.343872747217439,-0.3764337851929092,0.45303030303030306,Terra,00:00:00
2023-04-13,2023-04-13 00:00:00,-0.34274750842291624,-0.37532133676092544,0.4542056074766355,Terra,00:00:00
2023-04-14,2023-04-14 00:00:00,-0.5075921280460862,-0.5258467023172906,0.3107476635514019,Terra,00:00:00
2023-04-15,2023-04-15 00:00:00,-0.5811489969659802,-0.5843694493783304,0.2623318385650224,Terra,00:00:00
2023-04-19,2023-04-19 00:00:00,-0.24479041615556024,-0.2745936698032506,0.5691275167785235,Terra,00:00:00
2023-04-22,2023-04-22 00:00:00,-0.40291376350378455,-0.43323442136498513,0.3954451345755694,Terra,00:00:00
2023-04-23,2023-04-23 00:00:00,-0.5435868315787116,-0.5551724137931034,0.2860310421286031,Terra,00:00:00
2023-04-24,2023-04-24 00:00:00,-0.2955670999624791,-0.32773109243697485,0.5063291139240506,Terra,00:00:00
2023-04-25,2023-04-25 00:00:00,-0.1542400937434869,-0.1757322175732217,0.7010676156583631,Terra,00:00:00
2023-04-26,2023-04-26 00:00:00,-0.6492390690234316,-0.6336336336336336,0.22426470588235295,Terra,00:00:00
2023-04-27,2023-04-27 00:00:00,-0.3859551172623957,-0.41724137931034483,0.41119221411192214,Terra,00:00:00
2023-04-28,2023-04-28 00:00:00,-0.5070844780971056,-0.5254237288135593,0.31111111111111117,Terra,00:00:00
2023-04-30,2023-04-30 00:00:00,-0.4201452017301239,-0.4492099322799097,0.38006230529595014,Terra,00:00:00
2023-05-01,2023-05-01 00:00:00,-0.5006023505691852,-0.5199999999999999,0.31578947368421056,Terra,00:00:00
2023-05-03,2023-05-03 00:00:00,-0.3974376436861167,-0.42809917355371907,0.4004629629629629,Terra,00:00:00
2023-05-09,2023-05-09 00:00:00,-1.5017437296279945,-0.9389312977099238,0.031496062992125984,Terra,00:00:00
2023-05-10,2023-05-10 00:00:00,-0.5107298557007426,-0.5284552845528456,0.30851063829787234,Terra,00:00:00
2023-05-11,2023-05-11 00:00:00,-1.5797835966168101,-0.9487179487179488,0.026315789473684213,Terra,00:00:00
2023-05-12,2023-05-12 00:00:00,-0.506843136339351,-0.5252225519287834,0.311284046692607,Terra,00:00:00
2023-05-13,2023-05-13 00:00:00,-0.17293273981085153,-0.1965065502183406,0.6715328467153284,Terra,00:00:00
2023-05-14,2023-05-14 00:00:00,-0.34466379259480084,-0.3772151898734178,0.4522058823529411,Terra,00:00:00
2023-05-16,2023-05-16 00:00:00,-1.6401500409361018,-0.9552238805970149,0.022900763358778626,Terra,00:00:00
2023-05-17,2023-05-17 00:00:00,-0.542062061652677,-0.5539568345323741,0.28703703703703703,Terra,00:00:00
2023-05-18,2023-05-18 00:00:00,-0.43715795477464275,-0.4647058823529412,0.3654618473895582,Terra,00:00:00
2023-05-19,2023-05-19 00:00:00,-0.34534942371233873,-0.377892030848329,0.45149253731343286,Terra,00:00:00
2023-05-20,2023-05-20 00:00:00,-0.5807551730441757,-0.584070796460177,0.26256983240223464,Terra,00:00:00
2023-05-21,2023-05-21 00:00:00,-1.5141048209728323,-0.9405940594059407,0.030612244897959186,Terra,00:00:00
2023-05-22,2023-05-22 00:00:00,-0.27844460451012254,-0.31002331002331,0.5266903914590747,Terra,00:00:00
2023-05-23,2023-05-23 00:00:00,-0.23023236965007574,-0.2590266875981162,0.5885286783042394,Terra,00:00:00
2023-05-24,2023-05-24 00:00:00,-0.2856096367964874,-0.3174603174603175,0.5180722891566265,Terra,00:00:00
2023-05-25,2023-05-25 00:00:00,-0.04566021326563226,-0.05251989389920428,0.9002016129032258,Terra,00:00:00
2023-05-26,2023-05-26 00:00:00,-0.24873549390516186,-0.27878787878787875,0.5639810426540285,Terra,00:00:00
2023-05-27,2023-05-27 00:00:00,-0.32718271426546935,-0.35982339955849896,0.4707792207792208,Terra,00:00:00
2023-05-28,2023-05-28 00:00:00,-1.1592233337683857,-0.8703703703703706,0.0693069306930693,Terra,00:00:00
2023-05-29,2023-05-29 00:00:00,-0.34742568543120517,-0.3799392097264438,0.44933920704845814,Terra,00:00:00
2023-05-30,2023-05-30 00:00:00,-0.1381155426012634,-0.15768463073852296,0.7275862068965517,Terra,00:00:00
2023-05-31,2023-05-31 00:00:00,-0.28119575067900915,-0.31288343558282206,0.5233644859813085,Terra,00:00:00
2023-06-02,2023-06-02 00:00:00,-0.3410591177494578,-0.3736501079913607,0.4559748427672956,Terra,00:00:00
2023-06-03,2023-06-03 00:00:00,-0.4140039402426378,-0.4435483870967742,0.38547486033519557,Terra,00:00:00
2023-06-04,2023-06-04 00:00:00,-0.3285261692503402,-0.36116910229645094,0.4693251533742331,Terra,00:00:00
2023-06-05,2023-06-05 00:00:00,-0.19088369307976796,-0.2162921348314607,0.6443418013856812,Terra,00:00:00
2023-06-06,2023-06-06 00:00:00,-0.05312639662557126,-0.06108786610878656,0.8848580441640379,Terra,00:00:00
2023-06-07,2023-06-07 00:00:00,-0.2015876461405297,-0.22800718132854578,0.6286549707602339,Terra,00:00:00
2023-06-08,2023-06-08 00:00:00,-0.3499397529844853,-0.3824130879345603,0.44674556213017746,Terra,00:00:00
2023-06-12,2023-06-12 00:00:00,-0.32260210170617304,-0.35522388059701493,0.47577092511013214,Terra,00:00:00
2023-06-13,2023-06-13 00:00:00,-0.3222192947339193,-0.3548387096774194,0.47619047619047616,Terra,00:00:00
2023-06-15,2023-06-15 00:00:00,-0.30820858029110454,-0.3406593406593406,0.49180327868852464,Terra,00:00:00
2023-06-16,2023-06-16 00:00:00,-0.1273808863344802,-0.145610278372591,0.7457943925233645,Terra,00:00:00
2023-06-17,2023-06-17 00:00:00,0.15199696934233597,0.17322834645669294,1.4190476190476191,Terra,00:00:00
2023-06-18,2023-06-18 00:00:00,-0.08715017571890014,-0.1,0.8181818181818182,Terra,00:00:00
2023-06-19,2023-06-19 00:00:00,0.43136376415898736,0.4594594594594595,2.7,Terra,00:00:00
2023-06-20,2023-06-20 00:00:00,0.26738508850649606,0.29846938775510207,1.8509090909090908,Terra,00:00:00
2023-06-21,2023-06-21 00:00:00,0.3215516628085829,0.3541666666666667,2.096774193548387,Terra,00:00:00
2023-06-22,2023-06-22 00:00:00,-0.12733418935490406,-0.14555765595463135,0.7458745874587459,Terra,00:00:00
2023-06-23,2023-06-23 00:00:00,0.42111622947786903,0.45010183299389006,2.637037037037037,Terra,00:00:00
2023-06-25,2023-06-25 00:00:00,-0.16021449695684306,-0.18238993710691823,0.6914893617021277,Terra,00:00:00
2023-06-26,2023-06-26 00:00:00,0.9257539716278873,0.7878787878787877,8.428571428571427,Terra,00:00:00
2023-06-27,2023-06-27 00:00:00,-0.1255551944575864,-0.1435523114355231,0.748936170212766,Terra,00:00:00
2023-06-28,2023-06-28 00:00:00,0.7573011114105235,0.7023255813953488,5.71875,Terra,00:00:00
2023-06-29,2023-06-29 00:00:00,0.04332104948936086,0.04983388704318941,1.104895104895105,Terra,00:00:00
2023-06-30,2023-06-30 00:00:00,-0.15658201810376493,-0.17834394904458603,0.6972972972972972,Terra,00:00:00
2023-07-01,2023-07-01 00:00:00,-0.3774183415274359,-0.4090909090909091,0.41935483870967744,Terra,00:00:00
2023-07-02,2023-07-02 00:00:00,-0.41497334797081803,-0.4444444444444444,0.3846153846153846,Terra,00:00:00
2023-07-03,2023-07-03 00:00:00,-0.2540334329877576,-0.28440366972477066,0.5571428571428572,Terra,00:00:00
2023-07-04,2023-07-04 00:00:00,-0.3373431552929313,-0.36996336996337,0.4598930481283422,Terra,00:00:00
2023-07-05,2023-07-05 00:00:00,-0.8129133566428556,-0.7333333333333333,0.15384615384615383,Terra,00:00:00
2023-07-06,2023-07-06 00:00:00,-0.22418996543125894,-0.25252525252525254,0.596774193548387,Terra,00:00:00
2023-07-07,2023-07-07 00:00:00,-0.21250872336221288,-0.23989218328840964,0.6130434782608697,Terra,00:00:00
2023-07-08,2023-07-08 00:00:00,2.0863598306747484,0.9837398373983741,122.0,Terra,00:00:00
2023-07-09,2023-07-09 00:00:00,-0.0665514373211957,-0.07647058823529405,0.8579234972677596,Terra,00:00:00
2023-07-10,2023-07-10 00:00:00,-0.020017113521887186,-0.0230414746543779,0.954954954954955,Terra,00:00:00
2023-07-11,2023-07-11 00:00:00,0.016569101433192842,0.019073569482288805,1.0388888888888888,Terra,00:00:00
2023-07-12,2023-07-12 00:00:00,-0.032861470919777744,-0.03781512605042016,0.9271255060728745,Terra,00:00:00
2023-07-13,2023-07-13 00:00:00,-0.03052505331595734,-0.03512880562060893,0.9321266968325791,Terra,00:00:00
2023-07-14,2023-07-14 00:00:00,0.008117890222179364,0.009345794392523307,1.0188679245283017,Terra,00:00:00
2023-07-15,2023-07-15 00:00:00,-0.25059118657674034,-0.2807570977917981,0.5615763546798029,Terra,00:00:00
2023-07-16,2023-07-16 00:00:00,-0.2233833606898244,-0.2516556291390728,0.5978835978835979,Terra,00:00:00
2023-07-17,2023-07-17 00:00:00,-0.16272729749769982,-0.18518518518518523,0.6874999999999999,Terra,00:00:00
2023-07-18,2023-07-18 00:00:00,-0.09397227137621676,-0.10776942355889728,0.8054298642533936,Terra,00:00:00
2023-07-19,2023-07-19 00:00:00,-0.18504610170860764,-0.2098765432098765,0.653061224489796,Terra,00:00:00
2023-07-21,2023-07-21 00:00:00,-0.0035308688951332496,-0.004065040650406479,0.9919028340080972,Terra,00:00:00
2023-07-22,2023-07-22 00:00:00,-0.10025627213126927,-0.11491442542787282,0.793859649122807,Terra,00:00:00
2023-07-23,2023-07-23 00:00:00,-0.07533790696586457,-0.08651911468812874,0.8407407407407408,Terra,00:00:00
2023-07-24,2023-07-24 00:00:00,0.22254030148525714,0.2507462686567164,1.6693227091633465,Terra,00:00:00
2023-07-25,2023-07-25 00:00:00,0.08882699047341547,0.10191082802547766,1.226950354609929,Terra,00:00:00
2023-07-26,2023-07-26 00:00:00,-0.21493675520002636,-0.2425249169435216,0.6096256684491979,Terra,00:00:00
2023-07-27,2023-07-27 00:00:00,-0.13293434202553142,-0.15186246418338106,0.7363184079601991,Terra,00:00:00
2023-07-28,2023-07-28 00:00:00,-0.011051346479480603,-0.012722646310432581,0.9748743718592965,Terra,00:00:00
2023-07-29,2023-07-29 00:00:00,0.10576472877368749,0.12116788321167885,1.275747508305648,Terra,00:00:00
2023-07-30,2023-07-30 00:00:00,0.017469409244808755,0.020109689213893972,1.041044776119403,Terra,00:00:00
2023-07-31,2023-07-31 00:00:00,-0.18826336611045774,-0.2134146341463415,0.6482412060301507,Terra,00:00:00
2023-08-02,2023-08-02 00:00:00,-0.11756321216804413,-0.13452914798206275,0.7628458498023716,Terra,00:00:00
2023-08-03,2023-08-03 00:00:00,0.2209036034720435,0.24897959183673465,1.6630434782608694,Terra,00:00:00
2023-08-05,2023-08-05 00:00:00,-0.13150912640294074,-0.15025906735751293,0.7387387387387387,Terra,00:00:00
2023-08-06,2023-08-06 00:00:00,0.07162810815717892,0.08227848101265822,1.1793103448275861,Terra,00:00:00
2023-08-08,2023-08-08 00:00:00,-0.14691599080561227,-0.1675485008818343,0.7129909365558911,Terra,00:00:00
2023-08-09,2023-08-09 00:00:00,-0.18382370928637198,-0.20853080568720384,0.6549019607843136,Terra,00:00:00
2023-08-10,2023-08-10 00:00:00,-0.3105335364087246,-0.34302325581395354,0.48917748917748916,Terra,00:00:00
2023-08-11,2023-08-11 00:00:00,-0.13010282220830707,-0.14867617107942974,0.7411347517730497,Terra,00:00:00
2023-08-12,2023-08-12 00:00:00,-0.2535559238886314,-0.28389830508474573,0.5577557755775578,Terra,00:00:00
2023-08-13,2023-08-13 00:00:00,-0.37291200297010657,-0.40476190476190477,0.42372881355932207,Terra,00:00:00
2023-08-14,2023-08-14 00:00:00,-0.39794000867203766,-0.42857142857142866,0.39999999999999997,Terra,00:00:00
2023-08-19,2023-08-19 00:00:00,-0.2125373320695718,-0.23992322456813817,0.6130030959752322,Terra,00:00:00
2023-08-23,2023-08-23 00:00:00,-1.4393326938302626,-0.9298245614035089,0.03636363636363636,Terra,00:00:00
2023-08-24,2023-08-24 00:00:00,-0.3260923995665483,-0.35873015873015873,0.4719626168224299,Terra,00:00:00
2023-08-26,2023-08-26 00:00:00,-0.1594655166726978,-0.18155619596541786,0.6926829268292684,Terra,00:00:00
2023-08-27,2023-08-27 00:00:00,-0.3087168243302722,-0.3411764705882353,0.49122807017543857,Terra,00:00:00
2023-08-28,2023-08-28 00:00:00,1.3733718171813005,0.918781725888325,23.625,Terra,00:00:00
2023-08-29,2023-08-29 00:00:00,-0.16037863384691725,-0.18257261410788378,0.6912280701754386,Terra,00:00:00
2023-08-30,2023-08-30 00:00:00,-0.2540334329877576,-0.28440366972477066,0.5571428571428572,Terra,00:00:00
2023-09-03,2023-09-03 00:00:00,-0.3046949497503866,-0.3370786516853933,0.49579831932773105,Terra,00:00:00
2023-09-05,2023-09-05 00:00:00,-0.344883279369863,-0.377431906614786,0.4519774011299435,Terra,00:00:00
2023-09-06,2023-09-06 00:00:00,-0.2379531164071249,-0.26729986431478975,0.5781584582441113,Terra,00:00:00
2023-09-07,2023-09-07 00:00:00,-0.39055207504982486,-0.42160278745644597,0.4068627450980392,Terra,00:00:00
2023-09-09,2023-09-09 00:00:00,-0.39013030704357365,-0.4212034383954155,0.40725806451612906,Terra,00:00:00
2023-09-10,2023-09-10 00:00:00,-0.370501760325098,-0.4024390243902439,0.4260869565217391,Terra,00:00:00
2023-09-12,2023-09-12 00:00:00,-0.38457604711405613,-0.415929203539823,0.4125,Terra,00:00:00
2023-09-13,2023-09-13 00:00:00,-0.34944248074533363,-0.3819241982507289,0.4472573839662447,Terra,00:00:00
2023-09-14,2023-09-14 00:00:00,-0.3967149176427313,-0.42741935483870963,0.4011299435028249,Terra,00:00:00
2023-09-15,2023-09-15 00:00:00,-0.4362850007482573,-0.4639175257731958,0.36619718309859156,Terra,00:00:00
2023-09-16,2023-09-16 00:00:00,-0.20930874786485038,-0.236417033773862,0.6175771971496437,Terra,00:00:00
2023-09-17,2023-09-17 00:00:00,-0.3025565156254537,-0.33489461358313816,0.4982456140350877,Terra,00:00:00
2023-09-19,2023-09-19 00:00:00,-0.42043624367232013,-0.44947735191637633,0.3798076923076923,Terra,00:00:00
2023-09-20,2023-09-20 00:00:00,-0.4370577044378934,-0.4646153846153846,0.365546218487395,Terra,00:00:00
2023-09-22,2023-09-22 00:00:00,-0.4358555376903649,-0.4635294117647059,0.3665594855305466,Terra,00:00:00
2023-09-23,2023-09-23 00:00:00,-0.3051859554351389,-0.3375796178343949,0.49523809523809526,Terra,00:00:00
2023-09-28,2023-09-28 00:00:00,-0.40184505922557534,-0.43223443223443225,0.39641943734015345,Terra,00:00:00
2023-10-01,2023-10-01 00:00:00,-0.41659992096547416,-0.44594594594594605,0.38317757009345793,Terra,00:00:00
2023-10-02,2023-10-02 00:00:00,-0.32735893438633035,-0.36,0.47058823529411764,Terra,00:00:00
2023-10-03,2023-10-03 00:00:00,-0.02681068528522788,-0.03085714285714284,0.9401330376940134,Terra,00:00:00
2023-10-04,2023-10-04 00:00:00,-0.7468935566532016,-0.6962025316455696,0.17910447761194032,Terra,00:00:00
2023-10-05,2023-10-05 00:00:00,-0.7227729190086435,-0.6816143497757846,0.18933333333333335,Terra,00:00:00
2023-10-06,2023-10-06 00:00:00,-0.7171154940041667,-0.6781115879828327,0.1918158567774936,Terra,00:00:00
2023-10-07,2023-10-07 00:00:00,-0.650493065428775,-0.6344969199178645,0.2236180904522613,Terra,00:00:00
2023-10-08,2023-10-08 00:00:00,-0.6509085588657794,-0.6347826086956522,0.22340425531914895,Terra,00:00:00
2023-10-12,2023-10-12 00:00:00,-0.8279612849555157,-0.7412398921832885,0.14860681114551083,Terra,00:00:00
2023-10-15,2023-10-15 00:00:00,-0.31009701563430864,-0.34257975034674065,0.4896694214876033,Terra,00:00:00
2023-10-18,2023-10-18 00:00:00,-0.7533276666586115,-0.6999999999999998,0.17647058823529413,Terra,00:00:00
2023-10-19,2023-10-19 00:00:00,-0.6761071213765146,-0.6517857142857143,0.2108108108108108,Terra,00:00:00
2023-10-23,2023-10-23 00:00:00,-0.3643546251661389,-0.39649122807017545,0.4321608040201005,Terra,00:00:00
2023-10-27,2023-10-27 00:00:00,-0.4951256767080113,-0.5153846153846154,0.31979695431472077,Terra,00:00:00
2023-10-28,2023-10-28 00:00:00,-0.6092385759550858,-0.6052631578947368,0.24590163934426232,Terra,00:00:00
2023-10-29,2023-10-29 00:00:00,-0.9386661412531396,-0.7934508816120907,0.1151685393258427,Terra,00:00:00
2023-10-30,2023-10-30 00:00:00,-0.7885807786025757,-0.7201166180758016,0.16271186440677968,Terra,00:00:00
2023-10-31,2023-10-31 00:00:00,-0.8333991647745229,-0.744047619047619,0.14675767918088736,Terra,00:00:00
2023-11-03,2023-11-03 00:00:00,-0.4704906758206494,-0.49425287356321834,0.3384615384615384,Terra,00:00:00
2023-11-06,2023-11-06 00:00:00,-0.3362373038913481,-0.3688639551192146,0.46106557377049184,Terra,00:00:00
2023-11-11,2023-11-11 00:00:00,-0.6790751756190795,-0.6537467700258398,0.209375,Terra,00:00:00
2023-11-16,2023-11-16 00:00:00,-0.7238726873203359,-0.6822916666666666,0.18885448916408668,Terra,00:00:00
2023-11-20,2023-11-20 00:00:00,-0.7632383867134277,-0.7057728119180634,0.17248908296943233,Terra,00:00:00
2023-11-21,2023-11-21 00:00:00,-0.9912260756924949,-0.8148148148148148,0.1020408163265306,Terra,00:00:00
2023-11-24,2023-11-24 00:00:00,-0.8302489189753377,-0.7424242424242424,0.14782608695652175,Terra,00:00:00
2023-11-25,2023-11-25 00:00:00,-0.8450980400142568,-0.75,0.14285714285714285,Terra,00:00:00
2023-11-26,2023-11-26 00:00:00,-0.8553172051959429,-0.7551020408163266,0.13953488372093023,Terra,00:00:00
2023-11-27,2023-11-27 00:00:00,-0.7293673051927806,-0.6856581532416502,0.1864801864801865,Terra,00:00:00
2023-11-28,2023-11-28 00:00:00,-0.8199752111303423,-0.7370689655172413,0.1513647642679901,Terra,00:00:00
2023-11-29,2023-11-29 00:00:00,-0.7245869316758539,-0.6827309236947792,0.1885441527446301,Terra,00:00:00
2023-12-12,2023-12-12 00:00:00,-0.5928389552974694,-0.5931623931623932,0.2553648068669528,Terra,00:00:00
2023-12-15,2023-12-15 00:00:00,-0.6887508391543328,-0.6600790513833991,0.20476190476190476,Terra,00:00:00
2023-12-16,2023-12-16 00:00:00,-0.8125106728106648,-0.7331189710610932,0.15398886827458255,Terra,00:00:00
2023-12-23,2023-12-23 00:00:00,-0.824743120609044,-0.7395659432387311,0.14971209213051825,Terra,00:00:00
2023-12-30,2023-12-30 00:00:00,-0.22052870458212726,-0.24857468643101482,0.6018264840182649,Terra,00:00:00
2024-01-03,2024-01-03 00:00:00,-0.6239324120203087,-0.6158730158730159,0.23772102161100198,Terra,00:00:00
2024-01-05,2024-01-05 00:00:00,-0.6478174818886375,-0.6326530612244897,0.22499999999999998,Terra,00:00:00
2024-01-14,2024-01-14 00:00:00,-0.22093759646532193,-0.24901630129286118,0.6012601260126013,Terra,00:00:00
2024-01-23,2024-01-23 00:00:00,-0.5992670911437922,-0.5979381443298969,0.2516129032258065,Terra,00:00:00
2024-01-25,2024-01-25 00:00:00,-0.8441979475015942,-0.749546279491833,0.14315352697095438,Terra,00:00:00
2024-01-28,2024-01-28 00:00:00,-0.5814455361300426,-0.5845942228335627,0.2621527777777778,Terra,00:00:00
2024-01-30,2024-01-30 00:00:00,-0.6989700043360187,-0.6666666666666667,0.2,Terra,00:00:00
2024-02-11,2024-02-11 00:00:00,-0.5287730236663303,-0.5432624113475177,0.2959558823529411,Terra,00:00:00
2024-02-23,2024-02-23 00:00:00,-0.4144865616520751,-0.4439946018893388,0.38504672897196257,Terra,00:00:00
2024-02-24,2024-02-24 00:00:00,-0.46270351636523377,-0.4874476987447699,0.3445850914205345,Terra,00:00:00
2024-03-07,2024-03-07 00:00:00,-0.32868811769013284,-0.3613312202852615,0.4691501746216531,Terra,00:00:00
2024-03-08,2024-03-08 00:00:00,-0.41831576804375564,-0.44752714113389636,0.38166666666666665,Terra,00:00:00
2024-03-13,2024-03-13 00:00:00,-0.4927450432031966,-0.5133689839572193,0.3215547703180212,Terra,00:00:00
2024-03-14,2024-03-14 00:00:00,-0.4572870097346905,-0.4826789838337182,0.34890965732087226,Terra,00:00:00
2024-03-15,2024-03-15 00:00:00,-0.4794130514992473,-0.5019762845849803,0.33157894736842103,Terra,00:00:00
2024-03-17,2024-03-17 00:00:00,-0.5788621794071644,-0.5826330532212884,0.26371681415929205,Terra,00:00:00
2024-03-18,2024-03-18 00:00:00,-0.5094428747095412,-0.5273865414710486,0.3094262295081967,Terra,00:00:00
2024-03-19,2024-03-19 00:00:00,-0.5996224106617647,-0.5982008995502249,0.25140712945590993,Terra,00:00:00
2024-03-20,2024-03-20 00:00:00,-0.39862339902847577,-0.42921348314606733,0.39937106918238996,Terra,00:00:00
2024-03-21,2024-03-21 00:00:00,-0.4600039856724513,-0.4850746268656717,0.34673366834170855,Terra,00:00:00
2024-03-24,2024-03-24 00:00:00,-0.5455497738050166,-0.5567338282078473,0.2847411444141689,Terra,00:00:00
2024-03-25,2024-03-25 00:00:00,-0.2814076056247568,-0.31310344827586206,0.523109243697479,Terra,00:00:00
2024-03-31,2024-03-31 00:00:00,-0.3256602957686107,-0.35829662261380324,0.4724324324324325,Terra,00:00:00
2024-04-01,2024-04-01 00:00:00,-0.6591113410574259,-0.6403872752420471,0.21922428330522767,Terra,00:00:00
2024-04-02,2024-04-02 00:00:00,-0.7797567770990621,-0.7151898734177216,0.16605166051660517,Terra,00:00:00
2024-04-04,2024-04-04 00:00:00,-0.6154239528859439,-0.6097560975609756,0.24242424242424243,Terra,00:00:00
2024-04-05,2024-04-05 00:00:00,-0.531007754010522,-0.5450733752620546,0.2944369063772049,Terra,00:00:00
2024-04-07,2024-04-07 00:00:00,-0.6433146079802071,-0.6295336787564767,0.2273449920508744,Terra,00:00:00
2024-04-08,2024-04-08 00:00:00,-0.7103994661168006,-0.673913043478261,0.19480519480519481,Terra,00:00:00
2024-04-09,2024-04-09 00:00:00,-0.6903698325741012,-0.6611295681063123,0.20400000000000001,Terra,00:00:00
2024-04-10,2024-04-10 00:00:00,-0.5999803649348414,-0.5984654731457799,0.25120000000000003,Terra,00:00:00
2024-04-11,2024-04-11 00:00:00,-0.6544480607876506,-0.6372093023255814,0.2215909090909091,Terra,00:00:00
2024-04-15,2024-04-15 00:00:00,-0.6040909902682974,-0.601494396014944,0.24883359253499218,Terra,00:00:00
2024-04-16,2024-04-16 00:00:00,-0.6465382630494646,-0.631768953068592,0.22566371681415928,Terra,00:00:00
2024-04-17,2024-04-17 00:00:00,-0.32979454453363527,-0.3624382207578254,0.46795646916565903,Terra,00:00:00
2024-04-18,2024-04-18 00:00:00,-0.5878195522133521,-0.5894039735099338,0.25833333333333336,Terra,00:00:00
2024-04-19,2024-04-19 00:00:00,-0.7221244401611878,-0.681214421252372,0.18961625282167047,Terra,00:00:00
2024-04-20,2024-04-20 00:00:00,-0.6802101833477037,-0.6544943820224719,0.20882852292020374,Terra,00:00:00
2024-04-23,2024-04-23 00:00:00,-0.5396767583843038,-0.55205047318612,0.2886178861788618,Terra,00:00:00
2024-04-24,2024-04-24 00:00:00,-0.5750567569454091,-0.5797317436661699,0.2660377358490566,Terra,00:00:00
2024-04-28,2024-04-28 00:00:00,-0.4985722558052949,-0.5182926829268293,0.3172690763052209,Terra,00:00:00
2024-05-01,2024-05-01 00:00:00,-0.6546434688817924,-0.6373429084380611,0.22149122807017546,Terra,00:00:00
2024-05-02,2024-05-02 00:00:00,-0.2843243021611286,-0.31612903225806455,0.5196078431372548,Terra,00:00:00
2024-05-07,2024-05-07 00:00:00,-0.495261480244176,-0.5154994259471871,0.3196969696969697,Terra,00:00:00
2024-05-08,2024-05-08 00:00:00,-0.6029563682858136,-0.6006600660066007,0.24948453608247426,Terra,00:00:00
2024-05-09,2024-05-09 00:00:00,-0.6541576599196565,-0.6370106761565836,0.22173913043478263,Terra,00:00:00
2024-05-10,2024-05-10 00:00:00,-0.6547663418439653,-0.6374269005847952,0.22142857142857145,Terra,00:00:00
2024-05-11,2024-05-11 00:00:00,-0.7064121971544849,-0.6713995943204869,0.1966019417475728,Terra,00:00:00
2024-05-12,2024-05-12 00:00:00,-0.531317198745133,-0.5453237410071943,0.2942271880819367,Terra,00:00:00
2024-05-13,2024-05-13 00:00:00,-0.6785288440934741,-0.653386454183267,0.20963855421686747,Terra,00:00:00
2024-05-14,2024-05-14 00:00:00,-0.5258432242440766,-0.5408805031446541,0.29795918367346935,Terra,00:00:00
2024-05-15,2024-05-15 00:00:00,-0.6869054929346382,-0.6588785046728972,0.20563380281690138,Terra,00:00:00
2024-05-16,2024-05-16 00:00:00,-0.6673267228405538,-0.6459330143540669,0.21511627906976746,Terra,00:00:00
2024-05-17,2024-05-17 00:00:00,-0.35607756199488666,-0.3884297520661157,0.44047619047619047,Terra,00:00:00
2024-05-18,2024-05-18 00:00:00,-0.4560720280527781,-0.4816053511705686,0.34988713318284426,Terra,00:00:00
2024-05-19,2024-05-19 00:00:00,-0.46693895194787016,-0.4911564625850339,0.34124087591240876,Terra,00:00:00
2024-05-20,2024-05-20 00:00:00,-0.5362427068383191,-0.5492957746478874,0.2909090909090909,Terra,00:00:00
2024-05-21,2024-05-21 00:00:00,-0.39710402288569624,-0.42778541953232463,0.4007707129094413,Terra,00:00:00
2024-05-22,2024-05-22 00:00:00,-0.31566304696314534,-0.3482233502538071,0.4834337349397591,Terra,00:00:00
2024-05-23,2024-05-23 00:00:00,-0.7928362079422852,-0.722466960352423,0.16112531969309463,Terra,00:00:00
2024-05-26,2024-05-26 00:00:00,-0.442222813666707,-0.4692653673163418,0.36122448979591837,Terra,00:00:00
2024-05-27,2024-05-27 00:00:00,-0.5502844670782878,-0.560483870967742,0.2816537467700258,Terra,00:00:00
2024-05-30,2024-05-30 00:00:00,-0.26521861495886206,-0.296195652173913,0.5429769392033543,Terra,00:00:00
2024-05-31,2024-05-31 00:00:00,-0.43396433768951265,-0.4618181818181818,0.36815920398009955,Terra,00:00:00
2024-06-01,2024-06-01 00:00:00,-0.11332994191968544,-0.1297405189620759,0.7703180212014133,Terra,00:00:00
2024-06-03,2024-06-03 00:00:00,-0.05459524136675781,-0.0627724498692241,0.881870385561936,Terra,00:00:00
2024-06-06,2024-06-06 00:00:00,-0.6226315172042535,-0.6149425287356322,0.23843416370106763,Terra,00:00:00
2024-06-07,2024-06-07 00:00:00,-0.4515671502472743,-0.4776119402985075,0.35353535353535354,Terra,00:00:00
2024-06-09,2024-06-09 00:00:00,-0.46188128816292556,-0.48672566371681425,0.34523809523809523,Terra,00:00:00
2024-06-10,2024-06-10 00:00:00,-0.5813047697373429,-0.5844875346260388,0.26223776223776224,Terra,00:00:00
2024-06-11,2024-06-11 00:00:00,-0.5458889882419014,-0.5570032573289903,0.28451882845188287,Terra,00:00:00
2024-06-12,2024-06-12 00:00:00,-0.36855623098682794,-0.4005602240896358,0.42800000000000005,Terra,00:00:00
2024-06-13,2024-06-13 00:00:00,-0.4528526799927257,-0.4787535410764873,0.3524904214559387,Terra,00:00:00
2024-06-16,2024-06-16 00:00:00,-0.38281181524213137,-0.4142480211081794,0.41417910447761197,Terra,00:00:00
2024-06-17,2024-06-17 00:00:00,-0.3471617167363117,-0.3796791443850267,0.4496124031007752,Terra,00:00:00
2024-06-18,2024-06-18 00:00:00,-0.39247711297053545,-0.42342342342342343,0.4050632911392405,Terra,00:00:00
2024-06-20,2024-06-20 00:00:00,-0.05940137122722131,-0.06828193832599115,0.8721649484536083,Terra,00:00:00
2024-06-21,2024-06-21 00:00:00,-0.4789732595812558,-0.5015974440894568,0.3319148936170213,Terra,00:00:00
2024-06-22,2024-06-22 00:00:00,-0.10686034305023624,-0.12241054613935967,0.7818791946308725,Terra,00:00:00
2024-06-23,2024-06-23 00:00:00,-0.4591478837077615,-0.48432055749128916,0.3474178403755869,Terra,00:00:00
2024-06-25,2024-06-25 00:00:00,-0.2921845884360771,-0.3242506811989101,0.5102880658436214,Terra,00:00:00
2024-06-26,2024-06-26 00:00:00,-0.2031665366486022,-0.22972972972972971,0.6263736263736264,Terra,00:00:00
2024-06-27,2024-06-27 00:00:00,-0.0011354110569139649,-0.0013071895424836067,0.9973890339425588,Terra,00:00:00
2024-06-28,2024-06-28 00:00:00,-0.3659037766717291,-0.3979933110367893,0.430622009569378,Terra,00:00:00
2024-07-01,2024-07-01 00:00:00,-0.07708066404727638,-0.08851017042330953,0.8373737373737373,Terra,00:00:00
2024-07-02,2024-07-02 00:00:00,-0.3532379122684279,-0.38565022421524664,0.44336569579288027,Terra,00:00:00
2024-07-03,2024-07-03 00:00:00,-0.4253782570189772,-0.4540059347181009,0.37551020408163266,Terra,00:00:00
2024-07-04,2024-07-04 00:00:00,-0.31692059077971474,-0.34949494949494947,0.4820359281437126,Terra,00:00:00
2024-07-05,2024-07-05 00:00:00,-0.3918374096851837,-0.4228187919463087,0.4056603773584906,Terra,00:00:00
2024-07-06,2024-07-06 00:00:00,-0.379166007796956,-0.41076487252124644,0.4176706827309237,Terra,00:00:00
2024-07-07,2024-07-07 00:00:00,-0.42648057025952,-0.45501285347043696,0.3745583038869258,Terra,00:00:00
2024-07-08,2024-07-08 00:00:00,-0.2954548936624355,-0.3276157804459692,0.5064599483204133,Terra,00:00:00
2024-07-09,2024-07-09 00:00:00,-0.21427090009929117,-0.24180327868852453,0.6105610561056106,Terra,00:00:00
2024-07-10,2024-07-10 00:00:00,-0.2972035878109283,-0.3294117647058823,0.504424778761062,Terra,00:00:00
2024-07-11,2024-07-11 00:00:00,-0.16749108729376366,-0.19047619047619044,0.68,Terra,00:00:00
2024-07-12,2024-07-12 00:00:00,-0.298024485524256,-0.3302540415704388,0.5034722222222222,Terra,00:00:00
2024-07-13,2024-07-13 00:00:00,-0.26386767061762956,-0.2947761194029851,0.5446685878962536,Terra,00:00:00
2024-07-15,2024-07-15 00:00:00,-0.26347498922059903,-0.29436325678496866,0.5451612903225808,Terra,00:00:00
2024-07-17,2024-07-17 00:00:00,-0.27106677228653797,-0.3023255813953488,0.5357142857142857,Terra,00:00:00
2024-07-18,2024-07-18 00:00:00,-0.343255993163392,-0.3758241758241758,0.4536741214057508,Terra,00:00:00
2024-07-19,2024-07-19 00:00:00,-0.17688594268437483,-0.2008781558726674,0.6654478976234003,Terra,00:00:00
2024-07-20,2024-07-20 00:00:00,-0.2418918498634058,-0.271505376344086,0.572938689217759,Terra,00:00:00
2024-07-22,2024-07-22 00:00:00,-0.2207043629676186,-0.24876441515650743,0.6015831134564643,Terra,00:00:00
2024-07-23,2024-07-23 00:00:00,0.49884050441289873,0.5185185185185186,3.1538461538461537,Terra,00:00:00
2024-07-25,2024-07-25 00:00:00,-0.3276524757843953,-0.3602941176470589,0.47027027027027024,Terra,00:00:00
2024-07-28,2024-07-28 00:00:00,-0.19084393862507965,-0.2162485065710872,0.6444007858546169,Terra,00:00:00
2024-07-30,2024-07-30 00:00:00,-0.5502283530550941,-0.5604395604395604,0.28169014084507044,Terra,00:00:00
2024-07-31,2024-07-31 00:00:00,-1.954242509439325,-0.9780219780219782,0.01111111111111111,Terra,00:00:00
2024-08-01,2024-08-01 00:00:00,-0.2398635457891143,-0.26934097421203435,0.5756207674943568,Terra,00:00:00
2024-08-04,2024-08-04 00:00:00,-0.35806849663434537,-0.39037433155080214,0.43846153846153846,Terra,00:00:00
2024-08-05,2024-08-05 00:00:00,-0.3773255534741179,-0.4090019569471624,0.4194444444444444,Terra,00:00:00
2024-08-06,2024-08-06 00:00:00,-0.266012946936689,-0.29702970297029707,0.5419847328244275,Terra,00:00:00
2024-08-08,2024-08-08 00:00:00,-0.1720133466352418,-0.19548872180451127,0.6729559748427674,Terra,00:00:00
2024-08-09,2024-08-09 00:00:00,-0.5772364076029303,-0.5813953488372093,0.2647058823529412,Terra,00:00:00
2024-08-10,2024-08-10 00:00:00,-0.7871060930365701,-0.719298245614035,0.163265306122449,Terra,00:00:00
2024-08-12,2024-08-12 00:00:00,-0.37624931126058425,-0.40796963946869064,0.42048517520215634,Terra,00:00:00
2024-08-13,2024-08-13 00:00:00,-0.43738663613681616,-0.4649122807017543,0.36526946107784436,Terra,00:00:00
2024-08-16,2024-08-16 00:00:00,-0.34533741982942356,-0.3778801843317973,0.451505016722408,Terra,00:00:00
2024-08-18,2024-08-18 00:00:00,-0.43112715588187184,-0.45924453280318095,0.37057220708446864,Terra,00:00:00
2024-08-19,2024-08-19 00:00:00,-0.2042854596942778,-0.2309495896834701,0.6247619047619047,Terra,00:00:00
2024-08-20,2024-08-20 00:00:00,0.0004866045124233875,0.0005602240896358705,1.001121076233184,Terra,00:00:00
2024-08-21,2024-08-21 00:00:00,-0.22083758622149413,-0.24890829694323144,0.6013986013986014,Terra,00:00:00
2024-08-23,2024-08-23 00:00:00,-0.12182079570575444,-0.13933895009721325,0.7554038680318543,Terra,00:00:00
2024-08-24,2024-08-24 00:00:00,-0.2584962646480482,-0.28911917098445594,0.5514469453376206,Terra,00:00:00
2024-08-25,2024-08-25 00:00:00,-0.43220951804244684,-0.46022727272727265,0.3696498054474708,Terra,00:00:00
2024-08-26,2024-08-26 00:00:00,-0.63438565651586,-0.6232876712328766,0.2320675105485232,Terra,00:00:00
2024-08-27,2024-08-27 00:00:00,-0.6087108790713245,-0.6048780487804879,0.24620060790273557,Terra,00:00:00
2024-08-28,2024-08-28 00:00:00,-0.5560081635944463,-0.5649867374005304,0.27796610169491526,Terra,00:00:00
2024-08-29,2024-08-29 00:00:00,-0.4913616938342727,-0.5121951219512195,0.3225806451612903,Terra,00:00:00
2024-08-30,2024-08-30 00:00:00,-0.47283943935893447,-0.49629273820080794,0.3366376939157223,Terra,00:00:00
2024-08-31,2024-08-31 00:00:00,-0.44150339550986717,-0.4686192468619246,0.3618233618233619,Terra,00:00:00
2024-09-02,2024-09-02 00:00:00,-0.560968794888477,-0.5688622754491018,0.2748091603053435,Terra,00:00:00
2024-09-03,2024-09-03 00:00:00,-0.5623412295639253,-0.56993006993007,0.27394209354120264,Terra,00:00:00
2024-09-04,2024-09-04 00:00:00,-0.24873006308575293,-0.2787821122740248,0.5639880952380952,Terra,00:00:00
2024-09-05,2024-09-05 00:00:00,-0.33051439376480174,-0.36315789473684207,0.4671814671814672,Terra,00:00:00
2024-09-07,2024-09-07 00:00:00,-0.6340291974030042,-0.6230366492146596,0.23225806451612904,Terra,00:00:00
2024-09-08,2024-09-08 00:00:00,-0.7579478642953567,-0.7027027027027026,0.17460317460317462,Terra,00:00:00
2024-09-09,2024-09-09 00:00:00,-0.290938695780408,-0.32296650717703346,0.5117540687160941,Terra,00:00:00
2024-09-10,2024-09-10 00:00:00,-0.5335088611883353,-0.5470941883767535,0.2927461139896373,Terra,00:00:00
2024-09-12,2024-09-12 00:00:00,-0.5747040710875352,-0.5794621026894865,0.2662538699690402,Terra,00:00:00
2024-09-13,2024-09-13 00:00:00,-0.21637087436904245,-0.24407826982492273,0.6076158940397351,Terra,00:00:00
2024-09-18,2024-09-18 00:00:00,-0.5692261382065366,-0.575257731958763,0.2696335078534031,Terra,00:00:00
2024-09-19,2024-09-19 00:00:00,-0.5754077965565222,-0.5800000000000001,0.26582278481012656,Terra,00:00:00
2024-09-20,2024-09-20 00:00:00,-0.5112525773067599,-0.528888888888889,0.3081395348837209,Terra,00:00:00
2024-09-21,2024-09-21 00:00:00,-0.5774022638134254,-0.5815217391304348,0.2646048109965636,Terra,00:00:00
2024-09-22,2024-09-22 00:00:00,-0.5058764259081375,-0.524416135881104,0.31197771587743733,Terra,00:00:00
2024-09-23,2024-09-23 00:00:00,-0.5722340074782541,-0.5775700934579439,0.2677725118483412,Terra,00:00:00
2024-09-24,2024-09-24 00:00:00,-0.7294593264839191,-0.6857142857142856,0.1864406779661017,Terra,00:00:00
2024-09-26,2024-09-26 00:00:00,-0.5937558285393831,-0.593846153846154,0.2548262548262548,Terra,00:00:00
2024-09-27,2024-09-27 00:00:00,-0.6815377853433424,-0.6553672316384181,0.20819112627986347,Terra,00:00:00
2024-09-28,2024-09-28 00:00:00,-0.4580766241163135,-0.4833759590792839,0.34827586206896555,Terra,00:00:00
2024-09-29,2024-09-29 00:00:00,-0.6879746200345556,-0.6595744680851062,0.20512820512820515,Terra,00:00:00
2024-09-30,2024-09-30 00:00:00,-0.5959858436157692,-0.5955056179775281,0.2535211267605634,Terra,00:00:00
2024-10-01,2024-10-01 00:00:00,-0.7201593034059569,-0.6799999999999999,0.19047619047619047,Terra,00:00:00
2024-10-02,2024-10-02 00:00:00,-0.7735063453378801,-0.7116564417177914,0.16845878136200718,Terra,00:00:00
2024-10-03,2024-10-03 00:00:00,-0.5797835966168102,-0.5833333333333333,0.2631578947368421,Terra,00:00:00
2024-10-04,2024-10-04 00:00:00,-0.7622120492821959,-0.7051792828685258,0.17289719626168223,Terra,00:00:00
2024-10-05,2024-10-05 00:00:00,-0.8367459656494909,-0.7457627118644068,0.14563106796116507,Terra,00:00:00
2024-10-06,2024-10-06 00:00:00,-0.8203921672214816,-0.7372881355932202,0.15121951219512197,Terra,00:00:00
2024-10-07,2024-10-07 00:00:00,-0.7305689904077212,-0.6863905325443787,0.18596491228070175,Terra,00:00:00
2024-10-08,2024-10-08 00:00:00,-0.5884871841386885,-0.5899053627760253,0.25793650793650796,Terra,00:00:00
2024-10-09,2024-10-09 00:00:00,-0.675167089663394,-0.6511627906976745,0.2112676056338028,Terra,00:00:00
2024-10-10,2024-10-10 00:00:00,-0.5602239222803803,-0.5682819383259913,0.2752808988764045,Terra,00:00:00
2024-10-13,2024-10-13 00:00:00,-0.5234423981588127,-0.5389221556886228,0.29961089494163423,Terra,00:00:00
2024-10-14,2024-10-14 00:00:00,-0.7433891441244317,-0.6941176470588235,0.18055555555555555,Terra,00:00:00
2024-10-17,2024-10-17 00:00:00,-0.26795353686239504,-0.2990654205607477,0.539568345323741,Terra,00:00:00
2024-10-18,2024-10-18 00:00:00,-0.7485485869952818,-0.6971830985915491,0.17842323651452283,Terra,00:00:00
2024-10-19,2024-10-19 00:00:00,-0.8378796830090751,-0.746341463414634,0.1452513966480447,Terra,00:00:00
2024-10-24,2024-10-24 00:00:00,-0.6379160389260408,-0.6257668711656441,0.23018867924528302,Terra,00:00:00
2024-10-26,2024-10-26 00:00:00,-0.7308591487495004,-0.6865671641791044,0.18584070796460178,Terra,00:00:00
2024-10-29,2024-10-29 00:00:00,-0.6774303264799091,-0.6526610644257703,0.21016949152542375,Terra,00:00:00
2024-11-02,2024-11-02 00:00:00,-0.5933738121428697,-0.5935613682092554,0.2550505050505051,Terra,00:00:00
2024-11-03,2024-11-03 00:00:00,-0.7231036840527382,-0.6818181818181819,0.18918918918918917,Terra,00:00:00
2024-11-05,2024-11-05 00:00:00,-0.49335845359034797,-0.513888888888889,0.3211009174311927,Terra,00:00:00
2024-11-06,2024-11-06 00:00:00,-1.1296338578166798,-0.861861861861862,0.07419354838709677,Terra,00:00:00
2024-11-07,2024-11-07 00:00:00,-0.8897845202124064,-0.7716535433070867,0.1288888888888889,Terra,00:00:00
2024-11-08,2024-11-08 00:00:00,-0.9584795623825795,-0.8017492711370263,0.11003236245954694,Terra,00:00:00
2024-11-15,2024-11-15 00:00:00,-0.5410060259179844,-0.553113553113553,0.28773584905660377,Terra,00:00:00
2024-11-24,2024-11-24 00:00:00,-0.6246610575310684,-0.6163934426229508,0.23732251521298173,Terra,00:00:00
2024-12-02,2024-12-02 00:00:00,-0.6647409149532737,-0.6441947565543071,0.21640091116173119,Terra,00:00:00
2024-12-03,2024-12-03 00:00:00,-0.6157207034830061,-0.6099706744868035,0.24225865209471767,Terra,00:00:00
2024-12-04,2024-12-04 00:00:00,-0.8296071570430853,-0.7420924574209246,0.14804469273743018,Terra,00:00:00
2024-12-09,2024-12-09 00:00:00,-0.7183830453801539,-0.6788990825688074,0.1912568306010929,Terra,00:00:00
2024-12-31,2024-12-31 00:00:00,-0.5310887153251673,-0.545138888888889,0.2943820224719101,Terra,00:00:00
2025-01-09,2025-01-09 00:00:00,-1.3529242680472726,-0.9150326797385622,0.04436860068259386,Terra,00:00:00
2025-01-10,2025-01-10 00:00:00,-0.6989700043360189,-0.6666666666666666,0.19999999999999998,Terra,00:00:00
2025-01-11,2025-01-11 00:00:00,-0.7521094485192934,-0.6992840095465394,0.17696629213483148,Terra,00:00:00
2025-01-12,2025-01-12 00:00:00,-0.6506653247614638,-0.6346153846153846,0.22352941176470587,Terra,00:00:00
2025-01-13,2025-01-13 00:00:00,-0.6786484267973076,-0.6534653465346535,0.2095808383233533,Terra,00:00:00
2025-01-14,2025-01-14 00:00:00,-0.2289106041038432,-0.25760649087221094,0.5903225806451613,Terra,00:00:00
2025-01-15,2025-01-15 00:00:00,-0.7703819111287311,-0.7098765432098765,0.16967509025270758,Terra,00:00:00
2025-01-16,2025-01-16 00:00:00,-0.8636532477224705,-0.7591973244147158,0.13688212927756654,Terra,00:00:00
2025-01-18,2025-01-18 00:00:00,-0.5646660642520894,-0.5717344753747323,0.2724795640326975,Terra,00:00:00
2025-01-20,2025-01-20 00:00:00,-0.6827465923729042,-0.6561604584527222,0.20761245674740483,Terra,00:00:00
2025-01-22,2025-01-22 00:00:00,-0.640978057358332,-0.627906976744186,0.22857142857142856,Terra,00:00:00
2025-01-25,2025-01-25 00:00:00,-0.5915945576497974,-0.5922330097087379,0.25609756097560976,Terra,00:00:00
2025-01-27,2025-01-27 00:00:00,-0.41743085238243294,-0.44671201814058953,0.38244514106583066,Terra,00:00:00
2025-02-25,2025-02-25 00:00:00,-0.2961115457914827,-0.32829046898638425,0.5056947608200456,Terra,00:00:00
2025-02-26,2025-02-26 00:00:00,-0.6091218458154493,-0.605177993527508,0.24596774193548387,Terra,00:00:00
2025-02-27,2025-02-27 00:00:00,-0.662757831681574,-0.6428571428571429,0.2173913043478261,Terra,00:00:00
2025-02-28,2025-02-28 00:00:00,-0.6073671182488987,-0.6038961038961038,0.24696356275303646,Terra,00:00:00
2025-03-01,2025-03-01 00:00:00,-0.6294095991027189,-0.6197718631178707,0.2347417840375587,Terra,00:00:00
2025-03-03,2025-03-03 00:00:00,-0.5797835966168101,-0.5833333333333334,0.26315789473684215,Terra,00:00:00
2025-03-06,2025-03-06 00:00:00,-0.25998076207122667,-0.2906846240179573,0.5495652173913044,Terra,00:00:00
2025-03-07,2025-03-07 00:00:00,-0.4484486548237138,-0.474835886214442,0.35608308605341243,Terra,00:00:00
2025-03-08,2025-03-08 00:00:00,-0.3067444791884106,-0.33916849015317285,0.49346405228758167,Terra,00:00:00
2025-03-10,2025-03-10 00:00:00,-0.24436738698132282,-0.2741433021806853,0.5696821515892421,Terra,00:00:00
2025-03-11,2025-03-11 00:00:00,-0.3377528026887211,-0.37037037037037035,0.45945945945945943,Terra,00:00:00
2025-03-13,2025-03-13 00:00:00,-0.22943830098760448,-0.25817361894024804,0.589605734767025,Terra,00:00:00
2025-03-24,2025-03-24 00:00:00,-0.7794896011559059,-0.7150395778364115,0.16615384615384615,Terra,00:00:00
2025-03-26,2025-03-26 00:00:00,-0.41048171270137124,-0.4402852049910873,0.3886138613861386,Terra,00:00:00
2025-03-29,2025-03-29 00:00:00,-0.29575865605036383,-0.32792792792792796,0.5061058344640434,Terra,00:00:00
2025-04-02,2025-04-02 00:00:00,-0.5542872095319618,-0.5636363636363636,0.27906976744186046,Terra,00:00:00
2025-04-03,2025-04-03 00:00:00,-0.32258196238080117,-0.3552036199095022,0.4757929883138564,Terra,00:00:00
2025-04-04,2025-04-04 00:00:00,-0.4952194768124587,-0.5154639175257733,0.31972789115646255,Terra,00:00:00
2025-04-10,2025-04-10 00:00:00,-0.3904032558519339,-0.42146189735614303,0.40700218818380746,Terra,00:00:00
2025-04-12,2025-04-12 00:00:00,-0.2550995138714217,-0.2855313700384123,0.555776892430279,Terra,00:00:00
2025-04-13,2025-04-13 00:00:00,-0.2937307569224818,-0.32584269662921345,0.5084745762711864,Terra,00:00:00
2025-04-14,2025-04-14 00:00:00,-0.526083885155549,-0.5410764872521248,0.29779411764705876,Terra,00:00:00
2025-04-16,2025-04-16 00:00:00,-0.3533390953113047,-0.3857493857493858,0.4432624113475177,Terra,00:00:00
2025-04-17,2025-04-17 00:00:00,-0.15481032701105926,-0.17636837532580368,0.7001477104874446,Terra,00:00:00
2025-04-18,2025-04-18 00:00:00,-0.33821895065680485,-0.37083333333333324,0.4589665653495441,Terra,00:00:00
2025-04-20,2025-04-20 00:00:00,-0.4815755961459125,-0.5038363171355499,0.3299319727891156,Terra,00:00:00
2025-04-21,2025-04-21 00:00:00,-0.3438304437465966,-0.376391982182628,0.45307443365695793,Terra,00:00:00
2025-04-22,2025-04-22 00:00:00,-0.1198723792990925,-0.13713862120088954,0.7588005215123859,Terra,00:00:00
2025-04-23,2025-04-23 00:00:00,-0.3010299956639812,-0.33333333333333337,0.5,Terra,00:00:00
2025-04-27,2025-04-27 00:00:00,-0.0924708484783117,-0.10606060606060604,0.8082191780821918,Terra,00:00:00
2025-04-28,2025-04-28 00:00:00,-0.38300577565971405,-0.41443298969072173,0.4139941690962099,Terra,00:00:00
2025-04-30,2025-04-30 00:00:00,-0.19713386179525877,-0.22314049586776868,0.6351351351351351,Terra,00:00:00
2025-05-01,2025-05-01 00:00:00,-0.2121758668738723,-0.23953098827470692,0.6135135135135135,Terra,00:00:00
2025-05-02,2025-05-02 00:00:00,-0.267228428511705,-0.2983050847457627,0.5404699738903395,Terra,00:00:00
2025-05-04,2025-05-04 00:00:00,-0.34739873823534734,-0.3799126637554585,0.44936708860759494,Terra,00:00:00
2025-05-05,2025-05-05 00:00:00,-0.15908460369791896,-0.1811320754716981,0.6932907348242812,Terra,00:00:00
2025-05-06,2025-05-06 00:00:00,-0.252120238343477,-0.2823779193205945,0.5596026490066226,Terra,00:00:00
2025-05-08,2025-05-08 00:00:00,-0.2713897879071583,-0.30266343825665853,0.5353159851301116,Terra,00:00:00
2025-05-10,2025-05-10 00:00:00,-0.35218251811136253,-0.38461538461538464,0.4444444444444444,Terra,00:00:00
2025-05-13,2025-05-13 00:00:00,-0.09194186180087581,-0.10545839957604664,0.8092042186001918,Terra,00:00:00
2025-05-15,2025-05-15 00:00:00,-0.20991570144168284,-0.23707664884135468,0.6167146974063401,Terra,00:00:00
2025-05-16,2025-05-16 00:00:00,-0.254729976011012,-0.28514056224899603,0.55625,Terra,00:00:00
2025-05-17,2025-05-17 00:00:00,0.002465254388242407,0.002838221381267754,1.0056925996204933,Terra,00:00:00
2025-05-18,2025-05-18 00:00:00,-0.055969146479172026,-0.06434782608695655,0.8790849673202614,Terra,00:00:00
2025-05-20,2025-05-20 00:00:00,-0.3111135709345118,-0.3436123348017622,0.4885245901639344,Terra,00:00:00
2025-05-21,2025-05-21 00:00:00,-0.38839469076580724,-0.4195583596214511,0.40888888888888886,Terra,00:00:00
2025-05-24,2025-05-24 00:00:00,-0.14350389185208923,-0.16372795969773307,0.7186147186147186,Terra,00:00:00
2025-05-25,2025-05-25 00:00:00,-0.15393578721372267,-0.1753926701570681,0.7015590200445434,Terra,00:00:00
2025-05-26,2025-05-26 00:00:00,-0.2773890858358735,-0.30892448512585813,0.527972027972028,Terra,00:00:00
2025-05-27,2025-05-27 00:00:00,0.26531444339744664,0.2962962962962963,1.8421052631578947,Terra,00:00:00
2025-05-28,2025-05-28 00:00:00,-0.07678466024706646,-0.08817204301075268,0.8379446640316206,Terra,00:00:00
2025-05-31,2025-05-31 00:00:00,-0.19940788056811115,-0.22562674094707524,0.6318181818181818,Terra,00:00:00
2025-06-01,2025-06-01 00:00:00,-0.006717759337656171,-0.0077339520494973,0.9846508058326938,Terra,00:00:00
2025-06-02,2025-06-02 00:00:00,-0.3778146559110477,-0.40947075208913647,0.4189723320158103,Terra,00:00:00
2025-06-03,2025-06-03 00:00:00,-0.10455175530193181,-0.11979166666666667,0.786046511627907,Terra,00:00:00
2025-06-04,2025-06-04 00:00:00,-0.05893777925404403,-0.06775067750677512,0.8730964467005076,Terra,00:00:00
2025-06-05,2025-06-05 00:00:00,-0.26555767750176235,-0.29655172413793107,0.5425531914893617,Terra,00:00:00
2025-06-07,2025-06-07 00:00:00,-0.2435341018320619,-0.27325581395348836,0.5707762557077626,Terra,00:00:00
2025-06-08,2025-06-08 00:00:00,-0.32494215306939256,-0.35757575757575755,0.4732142857142857,Terra,00:00:00
2025-06-09,2025-06-09 00:00:00,-0.19349213284696737,-0.2191528545119706,0.6404833836858005,Terra,00:00:00
2025-06-10,2025-06-10 00:00:00,-0.13808207612348602,-0.15764705882352945,0.7276422764227641,Terra,00:00:00
2025-06-11,2025-06-11 00:00:00,-0.04958937325450312,-0.05702992659514397,0.8920940170940171,Terra,00:00:00
2025-06-12,2025-06-12 00:00:00,-0.14868188187258166,-0.16952380952380955,0.7100977198697068,Terra,00:00:00
2025-06-14,2025-06-14 00:00:00,-0.042533731015933,-0.048929663608562705,0.9067055393586005,Terra,00:00:00
2025-06-16,2025-06-16 00:00:00,-0.05562521369857977,-0.06395348837209304,0.8797814207650273,Terra,00:00:00
2025-06-17,2025-06-17 00:00:00,0.10290037669724388,0.11791730474732007,1.2673611111111112,Terra,00:00:00
2025-06-18,2025-06-18 00:00:00,0.3322876893944232,0.3649289099526067,2.1492537313432836,Terra,00:00:00
2025-06-19,2025-06-19 00:00:00,-0.040373347009442846,-0.04644808743169399,0.9112271540469974,Terra,00:00:00
2025-06-21,2025-06-21 00:00:00,-0.0026241438261488488,-0.003021148036253793,0.9939759036144578,Terra,00:00:00
2025-06-23,2025-06-23 00:00:00,-0.008954842652926454,-0.01030927835051545,0.9795918367346939,Terra,00:00:00
2025-06-24,2025-06-24 00:00:00,-0.0037819787500060547,-0.004354136429608051,0.9913294797687863,Terra,00:00:00
2025-06-25,2025-06-25 00:00:00,-0.1633169710192523,-0.18584070796460173,0.6865671641791046,Terra,00:00:00
2025-06-26,2025-06-26 00:00:00,-0.07448086802324909,-0.08553971486761708,0.8424015009380863,Terra,00:00:00
2025-06-27,2025-06-27 00:00:00,0.06957888545635763,0.07993474714518761,1.173758865248227,Terra,00:00:00
2025-06-28,2025-06-28 00:00:00,-0.02402240775046798,-0.027649769585253448,0.946188340807175,Terra,00:00:00
2025-06-29,2025-06-29 00:00:00,-0.08900415711249329,-0.10211267605633802,0.8146964856230032,Terra,00:00:00
2025-06-30,2025-06-30 00:00:00,-0.21759092647381503,-0.245398773006135,0.605911330049261,Terra,00:00:00
2025-07-02,2025-07-02 00:00:00,0.5747271729637955,0.5794797687861272,3.7560137457044673,Terra,00:00:00
2025-07-03,2025-07-03 00:00:00,-0.002722858335473337,-0.0031347962382445643,0.9937499999999999,Terra,00:00:00
2025-07-05,2025-07-05 00:00:00,0.05623721941113625,0.0646551724137931,1.1382488479262673,Terra,00:00:00
2025-07-07,2025-07-07 00:00:00,-0.023139803508262585,-0.02663438256658596,0.9481132075471698,Terra,00:00:00
2025-07-09,2025-07-09 00:00:00,0.0012944703529988713,0.0014903129657228443,1.0029850746268658,Terra,00:00:00
2025-07-10,2025-07-10 00:00:00,-0.3922997413193449,-0.4232558139534884,0.40522875816993464,Terra,00:00:00
2025-07-11,2025-07-11 00:00:00,-0.05983870163247395,-0.06878306878306877,0.8712871287128713,Terra,00:00:00
2025-07-12,2025-07-12 00:00:00,-0.06378059469394767,-0.07329842931937174,0.8634146341463415,Terra,00:00:00
2025-07-14,2025-07-14 00:00:00,-0.06384033163890827,-0.07336683417085428,0.8632958801498127,Terra,00:00:00
2025-07-16,2025-07-16 00:00:00,0.24303804868629444,0.2727272727272727,1.75,Terra,00:00:00
2025-07-17,2025-07-17 00:00:00,-0.11929846925560729,-0.13649025069637888,0.7598039215686274,Terra,00:00:00
2025-07-18,2025-07-18 00:00:00,-0.12706838106723872,-0.1452581032412965,0.7463312368972747,Terra,00:00:00
2025-07-19,2025-07-19 00:00:00,-0.10605339244792618,-0.12149532710280375,0.7833333333333333,Terra,00:00:00
2025-07-20,2025-07-20 00:00:00,-0.1022388465131234,-0.11716621253406001,0.7902439024390243,Terra,00:00:00
2025-07-21,2025-07-21 00:00:00,-0.09348285770714972,-0.1072124756335283,0.806338028169014,Terra,00:00:00
2025-07-22,2025-07-22 00:00:00,-0.032452023781137915,-0.03734439834024895,0.928,Terra,00:00:00
2025-07-24,2025-07-24 00:00:00,-0.07822780004030223,-0.08982035928143713,0.8351648351648352,Terra,00:00:00
2025-07-25,2025-07-25 00:00:00,-0.1881557704570618,-0.21329639889196672,0.6484018264840183,Terra,00:00:00
2025-07-26,2025-07-26 00:00:00,-0.07361329180868256,-0.0845481049562682,0.8440860215053764,Terra,00:00:00
2025-07-27,2025-07-27 00:00:00,-0.2413271030122053,-0.2709030100334448,0.5736842105263158,Terra,00:00:00
2025-07-28,2025-07-28 00:00:00,-0.006245205020134185,-0.007189934092270778,0.985722784057109,Terra,00:00:00
2025-07-29,2025-07-29 00:00:00,-0.11247009604870192,-0.1287671232876712,0.7718446601941747,Terra,00:00:00
2025-07-30,2025-07-30 00:00:00,-0.22386404085168193,-0.25217391304347825,0.5972222222222222,Terra,00:00:00
2025-08-01,2025-08-01 00:00:00,-0.00436480540245004,-0.005025125628140673,0.9900000000000001,Terra,00:00:00
2025-08-02,2025-08-02 00:00:00,-0.01528121989154856,-0.017591339648173242,0.9654255319148936,Terra,00:00:00
2025-08-03,2025-08-03 00:00:00,-0.08054480912037328,-0.09246575342465756,0.8307210031347962,Terra,00:00:00
2025-08-04,2025-08-04 00:00:00,0.00452394176004618,0.005208333333333301,1.0104712041884816,Terra,00:00:00
2025-08-05,2025-08-05 00:00:00,0.08306678583376695,0.09534368070953432,1.2107843137254901,Terra,00:00:00
2025-08-09,2025-08-09 00:00:00,-0.08445461764317214,-0.09692671394799052,0.8232758620689655,Terra,00:00:00
2025-08-10,2025-08-10 00:00:00,-0.13854191297921645,-0.15816326530612246,0.7268722466960352,Terra,00:00:00
2025-08-11,2025-08-11 00:00:00,-0.23338666301011365,-0.2624113475177305,0.5842696629213483,Terra,00:00:00
2025-08-13,2025-08-13 00:00:00,-0.1578199630029556,-0.1797235023041475,0.6953125,Terra,00:00:00
2025-08-14,2025-08-14 00:00:00,0.0,0.0,1.0,Terra,00:00:00
2025-08-15,2025-08-15 00:00:00,0.08183601358122823,0.09393939393939389,1.2073578595317724,Terra,00:00:00
