datetime,date,chlorophyll_ugL,sensor
2011-01-20,2011-01-20,5.614619173838093,MODIS-Aqua
2011-01-27,2011-01-27,11.35244667440229,MODIS-Aqua
2011-01-28,2011-01-28,12.096706085667496,MODIS-Aqua
2011-01-30,2011-01-30,27.24889822696774,MODIS-Aqua
2011-02-01,2011-02-01,11.411218623586507,MODIS-Aqua
2011-02-07,2011-02-07,9.561454814939344,MODIS-Aqua
2011-02-09,2011-02-09,15.262344203614708,MODIS-Aqua
2011-02-10,2011-02-10,9.599403638098638,MODIS-Aqua
2011-02-12,2011-02-12,13.425103160605374,MODIS-Aqua
2011-02-14,2011-02-14,14.511681744066916,MODIS-Aqua
2011-02-20,2011-02-20,20.14872009889279,MODIS-Aqua
2011-03-02,2011-03-02,9.606296601604779,MODIS-Aqua
2011-03-07,2011-03-07,12.727848757696787,MODIS-Aqua
2011-03-22,2011-03-22,15.665945762514177,MODIS-Aqua
2011-03-31,2011-03-31,15.36656136311983,MODIS-Aqua
2011-04-02,2011-04-02,12.475520373385178,MODIS-Aqua
2011-04-03,2011-04-03,9.611178628661918,MODIS-Aqua
2011-04-05,2011-04-05,15.25701833064622,MODIS-Aqua
2011-04-11,2011-04-11,16.61075819071932,MODIS-Aqua
2011-04-12,2011-04-12,15.15845849588366,MODIS-Aqua
2011-04-13,2011-04-13,16.14692099969837,MODIS-Aqua
2011-04-18,2011-04-18,15.888478188712279,MODIS-Aqua
2011-04-19,2011-04-19,14.228958621735197,MODIS-Aqua
2011-04-21,2011-04-21,26.582092902689332,MODIS-Aqua
2011-04-25,2011-04-25,18.8978084941694,MODIS-Aqua
2011-04-26,2011-04-26,16.478129677426253,MODIS-Aqua
2011-04-27,2011-04-27,11.972268460727879,MODIS-Aqua
2011-04-28,2011-04-28,15.310766134704897,MODIS-Aqua
2011-04-30,2011-04-30,15.469018591879237,MODIS-Aqua
2011-05-01,2011-05-01,13.20927614780233,MODIS-Aqua
2011-05-03,2011-05-03,11.83472137454315,MODIS-Aqua
2011-05-04,2011-05-04,12.80222984332243,MODIS-Aqua
2011-05-08,2011-05-08,13.922197134258568,MODIS-Aqua
2011-05-09,2011-05-09,16.154185706670827,MODIS-Aqua
2011-05-10,2011-05-10,14.599350267418389,MODIS-Aqua
2011-05-12,2011-05-12,14.074966829946959,MODIS-Aqua
2011-05-18,2011-05-18,21.235232763687016,MODIS-Aqua
2011-05-19,2011-05-19,12.394548432596418,MODIS-Aqua
2011-05-21,2011-05-21,21.13438116311705,MODIS-Aqua
2011-05-22,2011-05-22,19.067611629093804,MODIS-Aqua
2011-05-23,2011-05-23,30.955696977152247,MODIS-Aqua
2011-06-07,2011-06-07,18.82724808991573,MODIS-Aqua
2011-06-08,2011-06-08,22.048740752512455,MODIS-Aqua
2011-06-09,2011-06-09,19.171629448902713,MODIS-Aqua
2011-06-12,2011-06-12,5.935783121095568,MODIS-Aqua
2011-06-13,2011-06-13,18.83190841694365,MODIS-Aqua
2011-06-14,2011-06-14,22.90112367137012,MODIS-Aqua
2011-06-15,2011-06-15,23.689175701854065,MODIS-Aqua
2011-06-16,2011-06-16,19.734414518685103,MODIS-Aqua
2011-06-17,2011-06-17,26.372273065889818,MODIS-Aqua
2011-06-19,2011-06-19,23.461502885706153,MODIS-Aqua
2011-06-20,2011-06-20,26.324098474063117,MODIS-Aqua
2011-06-22,2011-06-22,26.482099929422777,MODIS-Aqua
2011-06-23,2011-06-23,22.563613325812955,MODIS-Aqua
2011-06-24,2011-06-24,31.895497974709397,MODIS-Aqua
2011-06-26,2011-06-26,35.04785932973287,MODIS-Aqua
2011-06-30,2011-06-30,38.14886878998903,MODIS-Aqua
2011-07-01,2011-07-01,33.21324947058661,MODIS-Aqua
2011-07-02,2011-07-02,26.324098474063142,MODIS-Aqua
2011-07-03,2011-07-03,39.116352897197444,MODIS-Aqua
2011-07-04,2011-07-04,38.983788053144295,MODIS-Aqua
2011-07-05,2011-07-05,41.916055242125694,MODIS-Aqua
2011-07-06,2011-07-06,43.86391976849479,MODIS-Aqua
2011-07-07,2011-07-07,34.4104706504706,MODIS-Aqua
2011-07-08,2011-07-08,32.638472053363216,MODIS-Aqua
2011-07-09,2011-07-09,50.4209265247167,MODIS-Aqua
2011-07-10,2011-07-10,32.85945077735508,MODIS-Aqua
2011-07-14,2011-07-14,87.88980997497934,MODIS-Aqua
2011-07-20,2011-07-20,90.63138767911745,MODIS-Aqua
2011-07-21,2011-07-21,99.2497066563669,MODIS-Aqua
2011-07-22,2011-07-22,115.93724332935209,MODIS-Aqua
2011-07-23,2011-07-23,64.08065040268698,MODIS-Aqua
2011-07-24,2011-07-24,64.95120366931107,MODIS-Aqua
2011-07-26,2011-07-26,82.30743664576573,MODIS-Aqua
2011-07-27,2011-07-27,52.69981920152542,MODIS-Aqua
2011-07-28,2011-07-28,55.53929221357133,MODIS-Aqua
2011-07-29,2011-07-29,44.898901529376644,MODIS-Aqua
2011-07-30,2011-07-30,53.20191421963375,MODIS-Aqua
2011-07-31,2011-07-31,40.021514371782054,MODIS-Aqua
2011-08-01,2011-08-01,45.60863462994426,MODIS-Aqua
2011-08-02,2011-08-02,51.420066091459205,MODIS-Aqua
2011-08-03,2011-08-03,46.72174163169776,MODIS-Aqua
2011-08-04,2011-08-04,397.65104984561754,MODIS-Aqua
2011-08-05,2011-08-05,44.13465684112352,MODIS-Aqua
2011-08-06,2011-08-06,40.602782880489706,MODIS-Aqua
2011-08-07,2011-08-07,33.03337093122038,MODIS-Aqua
2011-08-08,2011-08-08,35.183171671605095,MODIS-Aqua
2011-08-09,2011-08-09,34.76660016403926,MODIS-Aqua
2011-08-10,2011-08-10,42.68283920436623,MODIS-Aqua
2011-08-11,2011-08-11,64.98973841888336,MODIS-Aqua
2011-08-12,2011-08-12,42.71089027026469,MODIS-Aqua
2011-08-13,2011-08-13,53.290681912363546,MODIS-Aqua
2011-08-15,2011-08-15,52.85166971481384,MODIS-Aqua
2011-08-16,2011-08-16,64.04378422413767,MODIS-Aqua
2011-08-17,2011-08-17,44.449648396093856,MODIS-Aqua
2011-08-18,2011-08-18,77.80125341881156,MODIS-Aqua
2011-08-19,2011-08-19,46.22408539128378,MODIS-Aqua
2011-08-20,2011-08-20,48.75082643619089,MODIS-Aqua
2011-08-21,2011-08-21,35.115448467771806,MODIS-Aqua
2011-08-22,2011-08-22,55.200604378949485,MODIS-Aqua
2011-08-23,2011-08-23,96.59868092845052,MODIS-Aqua
2011-08-24,2011-08-24,45.030555966175065,MODIS-Aqua
2011-08-25,2011-08-25,50.50769412703447,MODIS-Aqua
2011-08-26,2011-08-26,60.265960211107036,MODIS-Aqua
2011-08-27,2011-08-27,68.61346674425243,MODIS-Aqua
2011-08-28,2011-08-28,51.214593771420255,MODIS-Aqua
2011-08-29,2011-08-29,59.97369628316574,MODIS-Aqua
2011-08-30,2011-08-30,61.07569982534284,MODIS-Aqua
2011-09-01,2011-09-01,48.94752391605658,MODIS-Aqua
2011-09-02,2011-09-02,73.47796319761382,MODIS-Aqua
2011-09-03,2011-09-03,42.028228652404586,MODIS-Aqua
2011-09-04,2011-09-04,31.15776059301926,MODIS-Aqua
2011-09-05,2011-09-05,50.82617535754838,MODIS-Aqua
2011-09-06,2011-09-06,31.61603658038627,MODIS-Aqua
2011-09-07,2011-09-07,29.165440291341458,MODIS-Aqua
2011-09-08,2011-09-08,42.09671707529363,MODIS-Aqua
2011-09-13,2011-09-13,42.87638776543268,MODIS-Aqua
2011-09-16,2011-09-16,41.133297230356966,MODIS-Aqua
2011-09-18,2011-09-18,44.69014613404713,MODIS-Aqua
2011-09-19,2011-09-19,44.42970114715427,MODIS-Aqua
2011-09-20,2011-09-20,32.434722455959594,MODIS-Aqua
2011-09-21,2011-09-21,27.415403420193687,MODIS-Aqua
2011-09-23,2011-09-23,32.122548546765124,MODIS-Aqua
2011-09-26,2011-09-26,33.141973012067865,MODIS-Aqua
2011-09-27,2011-09-27,37.46358530005033,MODIS-Aqua
2011-09-28,2011-09-28,29.32778767193861,MODIS-Aqua
2011-09-29,2011-09-29,25.942880313232685,MODIS-Aqua
2011-10-08,2011-10-08,18.082800556859915,MODIS-Aqua
2011-10-09,2011-10-09,30.271376932045424,MODIS-Aqua
2011-10-11,2011-10-11,22.280018495002885,MODIS-Aqua
2011-10-13,2011-10-13,22.187976282464753,MODIS-Aqua
2011-10-16,2011-10-16,41.55174889045016,MODIS-Aqua
2011-10-17,2011-10-17,16.20201772371464,MODIS-Aqua
2011-10-18,2011-10-18,24.71698976522499,MODIS-Aqua
2011-10-19,2011-10-19,22.002205328832755,MODIS-Aqua
2011-10-21,2011-10-21,22.54268897580054,MODIS-Aqua
2011-10-22,2011-10-22,20.97443220395044,MODIS-Aqua
2011-10-24,2011-10-24,17.148667965655083,MODIS-Aqua
2011-10-25,2011-10-25,19.169287567404027,MODIS-Aqua
2011-10-26,2011-10-26,22.1823495364085,MODIS-Aqua
2011-10-27,2011-10-27,16.89491209588647,MODIS-Aqua
2011-10-29,2011-10-29,27.497059470434834,MODIS-Aqua
2011-10-31,2011-10-31,21.775869817003034,MODIS-Aqua
2011-11-01,2011-11-01,14.584144678715875,MODIS-Aqua
2011-11-02,2011-11-02,22.90112367137012,MODIS-Aqua
2011-11-04,2011-11-04,31.743438354708097,MODIS-Aqua
2011-11-12,2011-11-12,15.428920161396029,MODIS-Aqua
2011-11-14,2011-11-14,20.530117737859747,MODIS-Aqua
2011-11-19,2011-11-19,19.74827755286634,MODIS-Aqua
2011-11-25,2011-11-25,9.644561563325393,MODIS-Aqua
2011-11-28,2011-11-28,16.49023698854167,MODIS-Aqua
2011-11-29,2011-11-29,5.717550648337762,MODIS-Aqua
2011-11-30,2011-11-30,10.712185765207238,MODIS-Aqua
2011-12-01,2011-12-01,15.018115848180678,MODIS-Aqua
2011-12-02,2011-12-02,14.170532059451105,MODIS-Aqua
2011-12-03,2011-12-03,14.724234576481454,MODIS-Aqua
2011-12-04,2011-12-04,11.088440930169186,MODIS-Aqua
2011-12-05,2011-12-05,16.534212431784738,MODIS-Aqua
2011-12-06,2011-12-06,15.21977688991679,MODIS-Aqua
2011-12-07,2011-12-07,16.113815777939145,MODIS-Aqua
2011-12-08,2011-12-08,16.76637358354398,MODIS-Aqua
2011-12-09,2011-12-09,15.875631078043023,MODIS-Aqua
2011-12-12,2011-12-12,12.956843324867023,MODIS-Aqua
2012-01-02,2012-01-02,16.324102818317947,MODIS-Aqua
2012-01-03,2012-01-03,18.356871951406145,MODIS-Aqua
2012-01-06,2012-01-06,30.55591753020967,MODIS-Aqua
2012-01-08,2012-01-08,21.713189540102835,MODIS-Aqua
2012-01-12,2012-01-12,22.780572345033075,MODIS-Aqua
2012-01-13,2012-01-13,29.26843282626743,MODIS-Aqua
2012-01-14,2012-01-14,29.02881528735919,MODIS-Aqua
2012-01-16,2012-01-16,27.02917735396428,MODIS-Aqua
2012-02-02,2012-02-02,25.08417699276343,MODIS-Aqua
2012-02-03,2012-02-03,19.201075986377806,MODIS-Aqua
2012-02-05,2012-02-05,27.908616162280097,MODIS-Aqua
2012-02-06,2012-02-06,30.441408309625107,MODIS-Aqua
2012-02-11,2012-02-11,19.484299343907818,MODIS-Aqua
2012-02-15,2012-02-15,18.061964708238154,MODIS-Aqua
2012-02-18,2012-02-18,25.629859754667315,MODIS-Aqua
2012-02-19,2012-02-19,21.779791451735612,MODIS-Aqua
2012-02-23,2012-02-23,19.51227653150021,MODIS-Aqua
2012-02-24,2012-02-24,19.373483380534612,MODIS-Aqua
2012-03-01,2012-03-01,13.79627645527316,MODIS-Aqua
2012-03-03,2012-03-03,12.596669093464437,MODIS-Aqua
2012-03-04,2012-03-04,14.02584598255714,MODIS-Aqua
2012-03-07,2012-03-07,11.991061311425808,MODIS-Aqua
2012-03-08,2012-03-08,14.313083843675276,MODIS-Aqua
2012-03-09,2012-03-09,15.095970252994725,MODIS-Aqua
2012-03-17,2012-03-17,15.428920161396029,MODIS-Aqua
2012-03-18,2012-03-18,12.94845426452676,MODIS-Aqua
2012-03-23,2012-03-23,13.110721912779633,MODIS-Aqua
2012-03-28,2012-03-28,9.352530046454905,MODIS-Aqua
2012-04-02,2012-04-02,10.936682864505846,MODIS-Aqua
2012-04-20,2012-04-20,14.29765921474463,MODIS-Aqua
2012-04-21,2012-04-21,12.891056360041572,MODIS-Aqua
2012-04-24,2012-04-24,12.956489258765776,MODIS-Aqua
2012-04-28,2012-04-28,14.831988410719198,MODIS-Aqua
2012-04-29,2012-04-29,11.468978304023517,MODIS-Aqua
2012-05-01,2012-05-01,13.045117918396112,MODIS-Aqua
2012-05-06,2012-05-06,12.411814747942936,MODIS-Aqua
2012-05-07,2012-05-07,12.657402907800783,MODIS-Aqua
2012-05-08,2012-05-08,13.768200778383164,MODIS-Aqua
2012-05-09,2012-05-09,14.73001957464206,MODIS-Aqua
2012-05-10,2012-05-10,12.990338261062774,MODIS-Aqua
2012-05-11,2012-05-11,13.364159600967035,MODIS-Aqua
2012-05-12,2012-05-12,13.330434369542129,MODIS-Aqua
2012-05-13,2012-05-13,14.790360948869944,MODIS-Aqua
2012-05-14,2012-05-14,16.227964637567318,MODIS-Aqua
2012-05-15,2012-05-15,17.22969926090045,MODIS-Aqua
2012-05-16,2012-05-16,19.91957919225863,MODIS-Aqua
2012-05-17,2012-05-17,17.73706654793375,MODIS-Aqua
2012-05-18,2012-05-18,18.768702695884976,MODIS-Aqua
2012-05-22,2012-05-22,16.455419102400597,MODIS-Aqua
2012-05-23,2012-05-23,22.036011311927577,MODIS-Aqua
2012-05-26,2012-05-26,16.62246051126433,MODIS-Aqua
2012-05-30,2012-05-30,21.355596898927452,MODIS-Aqua
2012-05-31,2012-05-31,16.929104318408577,MODIS-Aqua
2012-06-01,2012-06-01,20.94694671944201,MODIS-Aqua
2012-06-02,2012-06-02,12.71761849467039,MODIS-Aqua
2012-06-05,2012-06-05,23.064756987584868,MODIS-Aqua
2012-06-06,2012-06-06,21.067131225759113,MODIS-Aqua
2012-06-08,2012-06-08,16.55894104056029,MODIS-Aqua
2012-06-09,2012-06-09,17.223594125121522,MODIS-Aqua
2012-06-10,2012-06-10,22.121417593747772,MODIS-Aqua
2012-06-11,2012-06-11,15.97646716093669,MODIS-Aqua
2012-06-13,2012-06-13,11.465440545491532,MODIS-Aqua
2012-06-14,2012-06-14,18.518341164306726,MODIS-Aqua
2012-06-17,2012-06-17,15.626534871158675,MODIS-Aqua
2012-06-18,2012-06-18,8.82809766405879,MODIS-Aqua
2012-06-19,2012-06-19,23.364552502903493,MODIS-Aqua
2012-06-20,2012-06-20,18.189344649772668,MODIS-Aqua
2012-06-21,2012-06-21,66.9086908361429,MODIS-Aqua
2012-06-26,2012-06-26,34.0179322780579,MODIS-Aqua
2012-06-27,2012-06-27,25.624516000721634,MODIS-Aqua
2012-07-02,2012-07-02,42.55285435172837,MODIS-Aqua
2012-07-03,2012-07-03,53.82318773376059,MODIS-Aqua
2012-07-04,2012-07-04,46.34646200856296,MODIS-Aqua
2012-07-05,2012-07-05,50.82871949676795,MODIS-Aqua
2012-07-06,2012-07-06,34.57240674913551,MODIS-Aqua
2012-07-07,2012-07-07,71.7489943958628,MODIS-Aqua
2012-07-08,2012-07-08,78.97146648802381,MODIS-Aqua
2012-07-09,2012-07-09,59.28697639859915,MODIS-Aqua
2012-07-11,2012-07-11,62.486713315933514,MODIS-Aqua
2012-07-12,2012-07-12,69.35750846362605,MODIS-Aqua
2012-07-13,2012-07-13,42.54131612270911,MODIS-Aqua
2012-07-14,2012-07-14,109.97170652310176,MODIS-Aqua
2012-07-15,2012-07-15,53.298821761723104,MODIS-Aqua
2012-07-18,2012-07-18,156.07935910898658,MODIS-Aqua
2012-07-20,2012-07-20,120.9493674709887,MODIS-Aqua
2012-07-21,2012-07-21,109.63304006998871,MODIS-Aqua
2012-07-22,2012-07-22,23.8063601084765,MODIS-Aqua
2012-07-23,2012-07-23,93.10050993509404,MODIS-Aqua
2012-07-24,2012-07-24,56.50111581875821,MODIS-Aqua
2012-07-25,2012-07-25,55.00061755902421,MODIS-Aqua
2012-07-27,2012-07-27,57.46536878666304,MODIS-Aqua
2012-07-28,2012-07-28,46.416828078039735,MODIS-Aqua
2012-07-29,2012-07-29,54.15698029201516,MODIS-Aqua
2012-07-30,2012-07-30,57.70676225447102,MODIS-Aqua
2012-07-31,2012-07-31,55.70814163427717,MODIS-Aqua
2012-08-01,2012-08-01,60.4804296213336,MODIS-Aqua
2012-08-02,2012-08-02,51.58817791420392,MODIS-Aqua
2012-08-03,2012-08-03,60.682981164403486,MODIS-Aqua
2012-08-04,2012-08-04,53.24178575840528,MODIS-Aqua
2012-08-05,2012-08-05,50.9328144724354,MODIS-Aqua
2012-08-06,2012-08-06,45.00497608794993,MODIS-Aqua
2012-08-07,2012-08-07,41.6173920542958,MODIS-Aqua
2012-08-08,2012-08-08,54.58870148587848,MODIS-Aqua
2012-08-10,2012-08-10,59.54599375427263,MODIS-Aqua
2012-08-12,2012-08-12,33.331596211826856,MODIS-Aqua
2012-08-13,2012-08-13,55.74316706956461,MODIS-Aqua
2012-08-15,2012-08-15,327.08793497515575,MODIS-Aqua
2012-08-18,2012-08-18,54.00401217219635,MODIS-Aqua
2012-08-19,2012-08-19,32.83655531460828,MODIS-Aqua
2012-08-20,2012-08-20,438.53246711476646,MODIS-Aqua
2012-08-21,2012-08-21,32.70820550234311,MODIS-Aqua
2012-08-23,2012-08-23,42.576250653291574,MODIS-Aqua
2012-08-24,2012-08-24,59.58178111311678,MODIS-Aqua
2012-08-26,2012-08-26,30.935974016840216,MODIS-Aqua
2012-08-28,2012-08-28,44.040172829905316,MODIS-Aqua
2012-08-29,2012-08-29,39.84241426631481,MODIS-Aqua
2012-08-30,2012-08-30,33.60787028280984,MODIS-Aqua
2012-08-31,2012-08-31,38.77848251767474,MODIS-Aqua
2012-09-01,2012-09-01,10.208420057618714,MODIS-Aqua
2012-09-02,2012-09-02,31.712427983391706,MODIS-Aqua
2012-09-03,2012-09-03,45.849040307480585,MODIS-Aqua
2012-09-04,2012-09-04,27.284942209316895,MODIS-Aqua
2012-09-05,2012-09-05,49.239062453111686,MODIS-Aqua
2012-09-06,2012-09-06,32.537106588640775,MODIS-Aqua
2012-09-07,2012-09-07,59.950097053448225,MODIS-Aqua
2012-09-08,2012-09-08,42.1283553012197,MODIS-Aqua
2012-09-09,2012-09-09,41.65835115489602,MODIS-Aqua
2012-09-10,2012-09-10,46.898782046202136,MODIS-Aqua
2012-09-11,2012-09-11,33.93737422199407,MODIS-Aqua
2012-09-12,2012-09-12,37.871057990111936,MODIS-Aqua
2012-09-13,2012-09-13,33.19704566528181,MODIS-Aqua
2012-09-15,2012-09-15,31.990395985385987,MODIS-Aqua
2012-09-16,2012-09-16,34.64876458806581,MODIS-Aqua
2012-09-17,2012-09-17,26.543280846289154,MODIS-Aqua
2012-09-18,2012-09-18,23.522925480095562,MODIS-Aqua
2012-09-19,2012-09-19,47.16280341714117,MODIS-Aqua
2012-09-20,2012-09-20,31.89100417925981,MODIS-Aqua
2012-09-21,2012-09-21,34.712404730206195,MODIS-Aqua
2012-09-22,2012-09-22,29.372910647259502,MODIS-Aqua
2012-09-23,2012-09-23,40.57623671176456,MODIS-Aqua
2012-09-24,2012-09-24,36.1705006992845,MODIS-Aqua
2012-09-25,2012-09-25,107.53162369753198,MODIS-Aqua
2012-09-26,2012-09-26,34.4104706504706,MODIS-Aqua
2012-09-30,2012-09-30,43.710968774422064,MODIS-Aqua
2012-10-01,2012-10-01,25.542685359756067,MODIS-Aqua
2012-10-02,2012-10-02,36.33315515404595,MODIS-Aqua
2012-10-03,2012-10-03,16.54600001980078,MODIS-Aqua
2012-10-04,2012-10-04,25.250049884797505,MODIS-Aqua
2012-10-06,2012-10-06,17.45043483129617,MODIS-Aqua
2012-10-07,2012-10-07,27.642396129361323,MODIS-Aqua
2012-10-08,2012-10-08,23.627253480287578,MODIS-Aqua
2012-10-09,2012-10-09,23.952761393316305,MODIS-Aqua
2012-10-10,2012-10-10,25.07476627544048,MODIS-Aqua
2012-10-11,2012-10-11,28.336264428732033,MODIS-Aqua
2012-10-13,2012-10-13,26.20774129928053,MODIS-Aqua
2012-10-16,2012-10-16,14.962301390435002,MODIS-Aqua
2012-10-17,2012-10-17,15.33521410550383,MODIS-Aqua
2012-10-20,2012-10-20,12.97344939623505,MODIS-Aqua
2012-10-25,2012-10-25,16.312778940389254,MODIS-Aqua
2012-10-29,2012-10-29,17.939909430196046,MODIS-Aqua
2012-11-04,2012-11-04,12.311482877217,MODIS-Aqua
2012-11-06,2012-11-06,8.303495601796623,MODIS-Aqua
2012-11-07,2012-11-07,12.481207135552774,MODIS-Aqua
2012-11-10,2012-11-10,10.901722857172452,MODIS-Aqua
2012-11-25,2012-11-25,6.854889188887545,MODIS-Aqua
2012-12-05,2012-12-05,11.943901006919294,MODIS-Aqua
2012-12-08,2012-12-08,4.923227941720938,MODIS-Aqua
2012-12-09,2012-12-09,5.258896134287961,MODIS-Aqua
2012-12-12,2012-12-12,12.323351221928027,MODIS-Aqua
2012-12-13,2012-12-13,4.753002165233178,MODIS-Aqua
2013-03-08,2013-03-08,15.549777917698007,MODIS-Aqua
2013-03-09,2013-03-09,15.59547009133803,MODIS-Aqua
2013-03-10,2013-03-10,18.315761154214098,MODIS-Aqua
2013-03-13,2013-03-13,17.067165645288984,MODIS-Aqua
2013-03-15,2013-03-15,18.082800556859915,MODIS-Aqua
2013-03-17,2013-03-17,10.843757230552018,MODIS-Aqua
2013-03-22,2013-03-22,16.62564086646968,MODIS-Aqua
2013-03-23,2013-03-23,17.849067892664785,MODIS-Aqua
2013-03-29,2013-03-29,19.266125214221244,MODIS-Aqua
2013-03-30,2013-03-30,18.346118696344536,MODIS-Aqua
2013-04-02,2013-04-02,16.448823691482694,MODIS-Aqua
2013-04-08,2013-04-08,11.877036676008764,MODIS-Aqua
2013-04-09,2013-04-09,13.362142585997546,MODIS-Aqua
2013-04-11,2013-04-11,17.153194298238407,MODIS-Aqua
2013-04-15,2013-04-15,16.996456929824934,MODIS-Aqua
2013-04-17,2013-04-17,15.172542061314903,MODIS-Aqua
2013-04-18,2013-04-18,15.038473676931225,MODIS-Aqua
2013-04-20,2013-04-20,13.985675806230358,MODIS-Aqua
2013-04-22,2013-04-22,13.093840454118691,MODIS-Aqua
2013-04-23,2013-04-23,12.109760496554992,MODIS-Aqua
2013-04-24,2013-04-24,14.988809754699652,MODIS-Aqua
2013-04-25,2013-04-25,12.882886953286297,MODIS-Aqua
2013-04-26,2013-04-26,15.118927353709985,MODIS-Aqua
2013-04-27,2013-04-27,14.106009437903824,MODIS-Aqua
2013-04-30,2013-04-30,16.026615221811504,MODIS-Aqua
2013-05-01,2013-05-01,16.187694870625922,MODIS-Aqua
2013-05-02,2013-05-02,16.043200434593846,MODIS-Aqua
2013-05-03,2013-05-03,17.240611694920467,MODIS-Aqua
2013-05-09,2013-05-09,15.969207509078936,MODIS-Aqua
2013-05-10,2013-05-10,19.992083766064503,MODIS-Aqua
2013-05-17,2013-05-17,22.026742425308818,MODIS-Aqua
2013-05-19,2013-05-19,22.690501125936297,MODIS-Aqua
2013-05-20,2013-05-20,21.417910865359058,MODIS-Aqua
2013-05-23,2013-05-23,22.60479692293394,MODIS-Aqua
2013-05-24,2013-05-24,17.632623662666724,MODIS-Aqua
2013-05-26,2013-05-26,17.470326184438097,MODIS-Aqua
2013-05-28,2013-05-28,23.439737410323424,MODIS-Aqua
2013-05-29,2013-05-29,18.849112101506464,MODIS-Aqua
2013-05-30,2013-05-30,25.821021648217023,MODIS-Aqua
2013-05-31,2013-05-31,28.245380887206124,MODIS-Aqua
2013-06-01,2013-06-01,18.750423065644295,MODIS-Aqua
2013-06-02,2013-06-02,17.250321744252588,MODIS-Aqua
2013-06-03,2013-06-03,24.71698976522499,MODIS-Aqua
2013-06-04,2013-06-04,30.270313366284878,MODIS-Aqua
2013-06-05,2013-06-05,26.482099929422777,MODIS-Aqua
2013-06-06,2013-06-06,44.35233696176072,MODIS-Aqua
2013-06-07,2013-06-07,36.71307819181299,MODIS-Aqua
2013-06-08,2013-06-08,38.416002837335796,MODIS-Aqua
2013-06-09,2013-06-09,27.739043740894324,MODIS-Aqua
2013-06-10,2013-06-10,35.82817008371558,MODIS-Aqua
2013-06-11,2013-06-11,37.28109302447419,MODIS-Aqua
2013-06-12,2013-06-12,44.18582516621702,MODIS-Aqua
2013-06-14,2013-06-14,43.309995679891195,MODIS-Aqua
2013-06-17,2013-06-17,126.52001878251096,MODIS-Aqua
2013-06-18,2013-06-18,28.87624163473549,MODIS-Aqua
2013-06-21,2013-06-21,142.2827194770196,MODIS-Aqua
2013-06-22,2013-06-22,89.90416120963616,MODIS-Aqua
2013-06-27,2013-06-27,186.37647233665984,MODIS-Aqua
2013-06-28,2013-06-28,175.84239086966608,MODIS-Aqua
2013-06-29,2013-06-29,67.68209385159126,MODIS-Aqua
2013-06-30,2013-06-30,72.31065816866695,MODIS-Aqua
2013-07-02,2013-07-02,35.45034975523152,MODIS-Aqua
2013-07-03,2013-07-03,39.62800041509426,MODIS-Aqua
2013-07-04,2013-07-04,79.58404718457541,MODIS-Aqua
2013-07-05,2013-07-05,155.5669933664978,MODIS-Aqua
2013-07-06,2013-07-06,50.9468177448525,MODIS-Aqua
2013-07-08,2013-07-08,80.79046052941653,MODIS-Aqua
2013-07-09,2013-07-09,35.90369702978912,MODIS-Aqua
2013-07-10,2013-07-10,112.03222657865781,MODIS-Aqua
2013-07-11,2013-07-11,82.01793162957672,MODIS-Aqua
2013-07-12,2013-07-12,103.3915674313806,MODIS-Aqua
2013-07-13,2013-07-13,78.52902030948559,MODIS-Aqua
2013-07-14,2013-07-14,79.95783865377757,MODIS-Aqua
2013-07-17,2013-07-17,129.7830264511566,MODIS-Aqua
2013-07-18,2013-07-18,29.44251519602183,MODIS-Aqua
2013-07-19,2013-07-19,102.6538142166566,MODIS-Aqua
2013-07-20,2013-07-20,85.0054249281624,MODIS-Aqua
2013-07-21,2013-07-21,46.62010507458632,MODIS-Aqua
2013-07-22,2013-07-22,61.64294091889691,MODIS-Aqua
2013-07-23,2013-07-23,53.93985406858186,MODIS-Aqua
2013-07-25,2013-07-25,104.8492516392232,MODIS-Aqua
2013-07-26,2013-07-26,43.48080985885106,MODIS-Aqua
2013-07-27,2013-07-27,52.47851865901531,MODIS-Aqua
2013-07-28,2013-07-28,66.66754920929094,MODIS-Aqua
2013-07-29,2013-07-29,67.0605162085475,MODIS-Aqua
2013-08-01,2013-08-01,34.08284013689885,MODIS-Aqua
2013-08-02,2013-08-02,232.91795245114244,MODIS-Aqua
2013-08-03,2013-08-03,29.12729376114637,MODIS-Aqua
2013-08-04,2013-08-04,68.71468911763647,MODIS-Aqua
2013-08-06,2013-08-06,37.67527946921163,MODIS-Aqua
2013-08-11,2013-08-11,33.91993443760353,MODIS-Aqua
2013-08-12,2013-08-12,29.763161889558976,MODIS-Aqua
2013-08-13,2013-08-13,23.29772948046839,MODIS-Aqua
2013-08-14,2013-08-14,95.4841097264341,MODIS-Aqua
2013-08-15,2013-08-15,23.250340508182067,MODIS-Aqua
2013-08-18,2013-08-18,189.73841629102898,MODIS-Aqua
2013-08-19,2013-08-19,20.495458902414317,MODIS-Aqua
2013-08-20,2013-08-20,21.3159209669087,MODIS-Aqua
2013-08-24,2013-08-24,27.284942209316895,MODIS-Aqua
2013-08-26,2013-08-26,25.799190953946013,MODIS-Aqua
2013-08-27,2013-08-27,25.447276980531093,MODIS-Aqua
2013-08-28,2013-08-28,22.33716248669785,MODIS-Aqua
2013-08-30,2013-08-30,28.889728503648303,MODIS-Aqua
2013-08-31,2013-08-31,23.367211228900462,MODIS-Aqua
2013-09-01,2013-09-01,28.058560136811437,MODIS-Aqua
2013-09-02,2013-09-02,27.681567996442467,MODIS-Aqua
2013-09-03,2013-09-03,26.398590462501176,MODIS-Aqua
2013-09-04,2013-09-04,24.824313071674347,MODIS-Aqua
2013-09-06,2013-09-06,26.027007978788518,MODIS-Aqua
2013-09-07,2013-09-07,21.2657583632377,MODIS-Aqua
2013-09-08,2013-09-08,26.78983657358416,MODIS-Aqua
2013-09-09,2013-09-09,21.591604820899896,MODIS-Aqua
2013-09-10,2013-09-10,28.45298353131905,MODIS-Aqua
2013-09-11,2013-09-11,23.190202202903105,MODIS-Aqua
2013-09-12,2013-09-12,25.33834846147148,MODIS-Aqua
2013-09-13,2013-09-13,23.3783994274716,MODIS-Aqua
2013-09-14,2013-09-14,23.16894232371822,MODIS-Aqua
2013-09-15,2013-09-15,16.6168858095727,MODIS-Aqua
2013-09-18,2013-09-18,27.21539504631598,MODIS-Aqua
2013-09-19,2013-09-19,23.92858192600186,MODIS-Aqua
2013-09-20,2013-09-20,24.534112028090284,MODIS-Aqua
2013-09-25,2013-09-25,23.708512760233166,MODIS-Aqua
2013-09-27,2013-09-27,23.633849121168616,MODIS-Aqua
2013-09-30,2013-09-30,11.36283903692152,MODIS-Aqua
2013-10-02,2013-10-02,18.671599174993162,MODIS-Aqua
2013-10-03,2013-10-03,19.96108438931515,MODIS-Aqua
2013-10-04,2013-10-04,18.545184339643992,MODIS-Aqua
2013-10-05,2013-10-05,21.956050035633773,MODIS-Aqua
2013-10-06,2013-10-06,21.62745827091908,MODIS-Aqua
2013-10-07,2013-10-07,19.582893366410858,MODIS-Aqua
2013-10-09,2013-10-09,16.171684014408978,MODIS-Aqua
2013-10-11,2013-10-11,20.041285312329695,MODIS-Aqua
2013-10-13,2013-10-13,14.421164611062261,MODIS-Aqua
2013-10-14,2013-10-14,15.276938526881601,MODIS-Aqua
2013-10-15,2013-10-15,16.824708346282794,MODIS-Aqua
2013-10-16,2013-10-16,13.13886796068137,MODIS-Aqua
2013-10-17,2013-10-17,13.508040362002086,MODIS-Aqua
2013-10-18,2013-10-18,13.33666775937308,MODIS-Aqua
2013-10-19,2013-10-19,12.78968643460225,MODIS-Aqua
2013-10-20,2013-10-20,13.95743859867628,MODIS-Aqua
2013-10-21,2013-10-21,14.224643539296762,MODIS-Aqua
2013-10-22,2013-10-22,12.702032062400317,MODIS-Aqua
2013-10-23,2013-10-23,13.633943064750612,MODIS-Aqua
2013-10-24,2013-10-24,12.288937672155205,MODIS-Aqua
2013-10-25,2013-10-25,11.761388772460117,MODIS-Aqua
2013-10-26,2013-10-26,11.515963891276748,MODIS-Aqua
2013-10-27,2013-10-27,5.167980305517535,MODIS-Aqua
2013-10-29,2013-10-29,9.578956839470234,MODIS-Aqua
2013-10-30,2013-10-30,9.366200957203246,MODIS-Aqua
2013-10-31,2013-10-31,10.94432594711933,MODIS-Aqua
2013-11-01,2013-11-01,10.086453472528122,MODIS-Aqua
2013-11-09,2013-11-09,7.506464613412369,MODIS-Aqua
2013-11-11,2013-11-11,11.67211019290852,MODIS-Aqua
2013-11-13,2013-11-13,11.67903820414332,MODIS-Aqua
2013-11-17,2013-11-17,7.296307391732227,MODIS-Aqua
2013-11-21,2013-11-21,6.845715262279507,MODIS-Aqua
2013-11-22,2013-11-22,7.173490329269668,MODIS-Aqua
2013-11-23,2013-11-23,5.674609558027786,MODIS-Aqua
2013-11-24,2013-11-24,5.1827086091153065,MODIS-Aqua
2013-11-25,2013-11-25,5.563838626019493,MODIS-Aqua
2013-11-28,2013-11-28,10.520169635681343,MODIS-Aqua
2013-12-04,2013-12-04,4.145621880325502,MODIS-Aqua
2014-02-16,2014-02-16,20.496153530489064,MODIS-Aqua
2014-02-19,2014-02-19,22.3236474793544,MODIS-Aqua
2014-02-22,2014-02-22,23.471596163024785,MODIS-Aqua
2014-02-25,2014-02-25,28.480334534840356,MODIS-Aqua
2014-03-07,2014-03-07,19.81690847997947,MODIS-Aqua
2014-03-10,2014-03-10,17.62400659338386,MODIS-Aqua
2014-03-11,2014-03-11,19.200018426155808,MODIS-Aqua
2014-03-12,2014-03-12,23.764077439929633,MODIS-Aqua
2014-03-13,2014-03-13,22.27735175531053,MODIS-Aqua
2014-03-14,2014-03-14,22.35729046540086,MODIS-Aqua
2014-03-15,2014-03-15,22.125813302122783,MODIS-Aqua
2014-03-17,2014-03-17,15.320443163085514,MODIS-Aqua
2014-03-18,2014-03-18,20.998807562425004,MODIS-Aqua
2014-03-19,2014-03-19,20.11025921315258,MODIS-Aqua
2014-03-20,2014-03-20,19.913835558416583,MODIS-Aqua
2014-03-21,2014-03-21,17.693078978018665,MODIS-Aqua
2014-03-22,2014-03-22,18.298235706949338,MODIS-Aqua
2014-03-23,2014-03-23,19.65492023682513,MODIS-Aqua
2014-04-02,2014-04-02,19.635451064139964,MODIS-Aqua
2014-04-06,2014-04-06,23.411543169681167,MODIS-Aqua
2014-04-07,2014-04-07,16.52196504110197,MODIS-Aqua
2014-04-10,2014-04-10,16.544143834128477,MODIS-Aqua
2014-04-11,2014-04-11,17.065232001580142,MODIS-Aqua
2014-04-12,2014-04-12,16.911057936047257,MODIS-Aqua
2014-04-13,2014-04-13,21.54134530807316,MODIS-Aqua
2014-04-15,2014-04-15,14.565948734070412,MODIS-Aqua
2014-04-16,2014-04-16,18.141953512285827,MODIS-Aqua
2014-04-18,2014-04-18,18.564606540062233,MODIS-Aqua
2014-04-19,2014-04-19,17.236516392988214,MODIS-Aqua
2014-04-20,2014-04-20,19.90182353424176,MODIS-Aqua
2014-04-28,2014-04-28,18.319611124082478,MODIS-Aqua
2014-04-29,2014-04-29,21.06288116035483,MODIS-Aqua
2014-04-30,2014-04-30,17.73706654793375,MODIS-Aqua
2014-05-03,2014-05-03,17.96734296779777,MODIS-Aqua
2014-05-05,2014-05-05,19.34499923900392,MODIS-Aqua
2014-05-06,2014-05-06,28.22901559175166,MODIS-Aqua
2014-05-07,2014-05-07,14.168795565750811,MODIS-Aqua
2014-05-10,2014-05-10,20.14709336862211,MODIS-Aqua
2014-05-11,2014-05-11,17.432255812826696,MODIS-Aqua
2014-05-13,2014-05-13,18.373932340232322,MODIS-Aqua
2014-05-14,2014-05-14,17.904978599097134,MODIS-Aqua
2014-05-16,2014-05-16,16.199809116445884,MODIS-Aqua
2014-05-17,2014-05-17,37.99760783977424,MODIS-Aqua
2014-05-19,2014-05-19,22.33292617089845,MODIS-Aqua
2014-05-20,2014-05-20,18.153901002873024,MODIS-Aqua
2014-05-21,2014-05-21,19.65492023682513,MODIS-Aqua
2014-05-24,2014-05-24,20.111444469477416,MODIS-Aqua
2014-05-26,2014-05-26,22.918235134639794,MODIS-Aqua
2014-05-27,2014-05-27,14.417199347677471,MODIS-Aqua
2014-05-29,2014-05-29,22.888206140775587,MODIS-Aqua
2014-05-30,2014-05-30,21.528598185860268,MODIS-Aqua
2014-05-31,2014-05-31,23.91616245479027,MODIS-Aqua
2014-06-01,2014-06-01,24.578754325898977,MODIS-Aqua
2014-06-02,2014-06-02,23.222828786396384,MODIS-Aqua
2014-06-03,2014-06-03,14.074656616397876,MODIS-Aqua
2014-06-04,2014-06-04,34.58941596849679,MODIS-Aqua
2014-06-05,2014-06-05,25.474431336829383,MODIS-Aqua
2014-06-06,2014-06-06,28.496026860276107,MODIS-Aqua
2014-06-07,2014-06-07,32.00380906185705,MODIS-Aqua
2014-06-08,2014-06-08,34.70620317633677,MODIS-Aqua
2014-06-09,2014-06-09,34.101552949820736,MODIS-Aqua
2014-06-10,2014-06-10,48.46410026128785,MODIS-Aqua
2014-06-11,2014-06-11,48.97728038114592,MODIS-Aqua
2014-06-12,2014-06-12,18.226729429508087,MODIS-Aqua
2014-06-13,2014-06-13,57.416361146893415,MODIS-Aqua
2014-06-15,2014-06-15,35.606199889021966,MODIS-Aqua
2014-06-16,2014-06-16,47.662383617264695,MODIS-Aqua
2014-06-17,2014-06-17,47.93392751165982,MODIS-Aqua
2014-06-18,2014-06-18,91.86581346762532,MODIS-Aqua
2014-06-19,2014-06-19,25.24440705831103,MODIS-Aqua
2014-06-20,2014-06-20,63.50642569885598,MODIS-Aqua
2014-06-22,2014-06-22,75.96155347104349,MODIS-Aqua
2014-06-23,2014-06-23,33.677652291480555,MODIS-Aqua
2014-06-28,2014-06-28,157.20761442753945,MODIS-Aqua
2014-06-29,2014-06-29,112.8926863195329,MODIS-Aqua
2014-06-30,2014-06-30,59.002016500044164,MODIS-Aqua
2014-07-01,2014-07-01,47.610539713492955,MODIS-Aqua
2014-07-02,2014-07-02,53.91753680772931,MODIS-Aqua
2014-07-05,2014-07-05,103.54809545773381,MODIS-Aqua
2014-07-06,2014-07-06,54.53818922255006,MODIS-Aqua
2014-07-07,2014-07-07,50.491618328523124,MODIS-Aqua
2014-07-10,2014-07-10,78.7324654279006,MODIS-Aqua
2014-07-12,2014-07-12,75.86023221453318,MODIS-Aqua
2014-07-15,2014-07-15,37.65984872875744,MODIS-Aqua
2014-07-17,2014-07-17,34.15620969941351,MODIS-Aqua
2014-07-18,2014-07-18,77.56370437831382,MODIS-Aqua
2014-07-19,2014-07-19,49.52361094782465,MODIS-Aqua
2014-07-20,2014-07-20,47.65035700005237,MODIS-Aqua
2014-07-24,2014-07-24,72.55841250656947,MODIS-Aqua
2014-07-25,2014-07-25,76.43703538348173,MODIS-Aqua
2014-07-26,2014-07-26,49.713797173129585,MODIS-Aqua
2014-08-03,2014-08-03,38.19308051073033,MODIS-Aqua
2014-08-04,2014-08-04,418.31566740488387,MODIS-Aqua
2014-08-07,2014-08-07,36.76086084672137,MODIS-Aqua
2014-08-08,2014-08-08,49.16005829662152,MODIS-Aqua
2014-08-09,2014-08-09,50.82275854893538,MODIS-Aqua
2014-08-10,2014-08-10,127.52526703655356,MODIS-Aqua
2014-08-11,2014-08-11,67.2926396693162,MODIS-Aqua
2014-08-14,2014-08-14,28.479389779440204,MODIS-Aqua
2014-08-15,2014-08-15,1.4998198452602303,MODIS-Aqua
2014-08-16,2014-08-16,29.44760827294233,MODIS-Aqua
2014-08-17,2014-08-17,51.9276712210973,MODIS-Aqua
2014-08-18,2014-08-18,27.652172554410637,MODIS-Aqua
2014-08-19,2014-08-19,94.0937387444678,MODIS-Aqua
2014-08-20,2014-08-20,31.28417920833141,MODIS-Aqua
2014-08-21,2014-08-21,31.879457118027577,MODIS-Aqua
2014-08-22,2014-08-22,21.428322462783285,MODIS-Aqua
2014-08-23,2014-08-23,31.214162402002593,MODIS-Aqua
2014-08-24,2014-08-24,25.26557717917861,MODIS-Aqua
2014-08-25,2014-08-25,26.977334045890295,MODIS-Aqua
2014-08-26,2014-08-26,34.51137867632762,MODIS-Aqua
2014-08-27,2014-08-27,38.09013578698588,MODIS-Aqua
2014-08-29,2014-08-29,12.240523085596642,MODIS-Aqua
2014-08-31,2014-08-31,59.60839215519783,MODIS-Aqua
2014-09-01,2014-09-01,39.041215455216566,MODIS-Aqua
2014-09-02,2014-09-02,3.6890186617657736,MODIS-Aqua
2014-09-03,2014-09-03,32.03427228397449,MODIS-Aqua
2014-09-04,2014-09-04,33.7585578172575,MODIS-Aqua
2014-09-05,2014-09-05,28.236426604018764,MODIS-Aqua
2014-09-06,2014-09-06,24.376379952568264,MODIS-Aqua
2014-09-07,2014-09-07,28.91548816416596,MODIS-Aqua
2014-09-08,2014-09-08,27.925824979410056,MODIS-Aqua
2014-09-09,2014-09-09,33.421616763937166,MODIS-Aqua
2014-09-10,2014-09-10,36.45936541471516,MODIS-Aqua
2014-09-11,2014-09-11,26.007704705335808,MODIS-Aqua
2014-09-14,2014-09-14,26.806088339120386,MODIS-Aqua
2014-09-15,2014-09-15,19.861076884175077,MODIS-Aqua
2014-09-16,2014-09-16,30.22170232261658,MODIS-Aqua
2014-09-17,2014-09-17,17.61132731071555,MODIS-Aqua
2014-09-19,2014-09-19,31.293116992753355,MODIS-Aqua
2014-09-20,2014-09-20,33.862824241227614,MODIS-Aqua
2014-09-21,2014-09-21,33.20104087234315,MODIS-Aqua
2014-09-26,2014-09-26,44.81928174550172,MODIS-Aqua
2014-09-29,2014-09-29,44.71224236471361,MODIS-Aqua
2014-09-30,2014-09-30,41.49802296718482,MODIS-Aqua
2014-10-01,2014-10-01,54.312763122186965,MODIS-Aqua
2014-10-02,2014-10-02,37.89525263982853,MODIS-Aqua
2014-10-03,2014-10-03,37.66955438054227,MODIS-Aqua
2014-10-04,2014-10-04,40.161064804661066,MODIS-Aqua
2014-10-05,2014-10-05,52.13636421271643,MODIS-Aqua
2014-10-06,2014-10-06,52.775368030681825,MODIS-Aqua
2014-10-07,2014-10-07,41.067640389616486,MODIS-Aqua
2014-10-08,2014-10-08,35.10295992577811,MODIS-Aqua
2014-10-09,2014-10-09,31.894613224380713,MODIS-Aqua
2014-10-12,2014-10-12,23.46772010177079,MODIS-Aqua
2014-10-13,2014-10-13,14.026364441864363,MODIS-Aqua
2014-10-16,2014-10-16,14.818434154749927,MODIS-Aqua
2014-10-18,2014-10-18,22.747192845949268,MODIS-Aqua
2014-10-24,2014-10-24,20.67602102060118,MODIS-Aqua
2014-10-25,2014-10-25,6.127483226880478,MODIS-Aqua
2014-10-27,2014-10-27,7.251962874907432,MODIS-Aqua
2014-11-01,2014-11-01,10.486242834491534,MODIS-Aqua
2014-11-07,2014-11-07,8.596220278003052,MODIS-Aqua
2014-11-08,2014-11-08,11.076965448867455,MODIS-Aqua
2014-11-10,2014-11-10,7.430758138930988,MODIS-Aqua
2014-11-11,2014-11-11,6.564639281957574,MODIS-Aqua
2014-11-15,2014-11-15,9.45046673706851,MODIS-Aqua
2014-11-16,2014-11-16,10.993732094003153,MODIS-Aqua
2014-11-17,2014-11-17,11.830482641253793,MODIS-Aqua
2014-11-24,2014-11-24,13.525751578032951,MODIS-Aqua
2014-11-25,2014-11-25,14.61047606568662,MODIS-Aqua
2014-11-29,2014-11-29,11.554103690756696,MODIS-Aqua
2014-12-26,2014-12-26,7.073250489725059,MODIS-Aqua
2014-12-28,2014-12-28,3.3145367537558665,MODIS-Aqua
2014-12-30,2014-12-30,2.8727303498082097,MODIS-Aqua
2014-12-31,2014-12-31,5.5248659487277845,MODIS-Aqua
2015-01-01,2015-01-01,4.811081511612637,MODIS-Aqua
2015-01-07,2015-01-07,7.73325718290595,MODIS-Aqua
2015-01-19,2015-01-19,15.312047348639108,MODIS-Aqua
2015-01-20,2015-01-20,8.140701545674428,MODIS-Aqua
2015-01-24,2015-01-24,14.42555791923798,MODIS-Aqua
2015-01-25,2015-01-25,13.97899199068655,MODIS-Aqua
2015-01-30,2015-01-30,11.280314727428104,MODIS-Aqua
2015-01-31,2015-01-31,10.421967388746795,MODIS-Aqua
2015-02-14,2015-02-14,7.4225426916237325,MODIS-Aqua
2015-02-17,2015-02-17,13.784677132093917,MODIS-Aqua
2015-02-18,2015-02-18,9.569979463144222,MODIS-Aqua
2015-02-19,2015-02-19,9.320873368087833,MODIS-Aqua
2015-02-20,2015-02-20,13.50404948743493,MODIS-Aqua
2015-02-21,2015-02-21,13.572458083107517,MODIS-Aqua
2015-02-22,2015-02-22,10.924095877106963,MODIS-Aqua
2015-02-23,2015-02-23,8.672779741863144,MODIS-Aqua
2015-02-24,2015-02-24,12.255923082961163,MODIS-Aqua
2015-02-25,2015-02-25,14.078233928536724,MODIS-Aqua
2015-02-28,2015-02-28,12.900928110788072,MODIS-Aqua
2015-03-01,2015-03-01,13.44388639763069,MODIS-Aqua
2015-03-02,2015-03-02,13.060870938930586,MODIS-Aqua
2015-03-03,2015-03-03,14.238467479205797,MODIS-Aqua
2015-03-04,2015-03-04,13.879085687082956,MODIS-Aqua
2015-03-06,2015-03-06,15.724910089324117,MODIS-Aqua
2015-03-07,2015-03-07,15.324126534217388,MODIS-Aqua
2015-03-08,2015-03-08,16.25249230077809,MODIS-Aqua
2015-03-09,2015-03-09,15.008936119350542,MODIS-Aqua
2015-03-12,2015-03-12,16.203140550045,MODIS-Aqua
2015-03-17,2015-03-17,16.650498882573473,MODIS-Aqua
2015-03-18,2015-03-18,14.7085474777514,MODIS-Aqua
2015-03-21,2015-03-21,14.763658512147432,MODIS-Aqua
2015-03-26,2015-03-26,16.1912398076534,MODIS-Aqua
2015-03-27,2015-03-27,14.895354106398743,MODIS-Aqua
2015-03-28,2015-03-28,14.600385208569188,MODIS-Aqua
2015-03-29,2015-03-29,16.187514484015384,MODIS-Aqua
2015-04-01,2015-04-01,14.40142918408453,MODIS-Aqua
2015-04-02,2015-04-02,16.022424194864843,MODIS-Aqua
2015-04-09,2015-04-09,13.55464111148166,MODIS-Aqua
2015-04-10,2015-04-10,12.22425524348806,MODIS-Aqua
2015-04-11,2015-04-11,17.601278900771824,MODIS-Aqua
2015-04-12,2015-04-12,12.124253485259148,MODIS-Aqua
2015-04-14,2015-04-14,11.929209027901878,MODIS-Aqua
2015-04-15,2015-04-15,10.85337101420262,MODIS-Aqua
2015-04-16,2015-04-16,13.648751541541028,MODIS-Aqua
2015-04-17,2015-04-17,12.852398414371784,MODIS-Aqua
2015-04-19,2015-04-19,16.70741295173972,MODIS-Aqua
2015-04-22,2015-04-22,14.303485058667682,MODIS-Aqua
2015-04-24,2015-04-24,14.719491351275124,MODIS-Aqua
2015-04-25,2015-04-25,17.879065374260332,MODIS-Aqua
2015-04-26,2015-04-26,18.072611429005455,MODIS-Aqua
2015-04-27,2015-04-27,19.404480219912845,MODIS-Aqua
2015-04-29,2015-04-29,16.922029745289127,MODIS-Aqua
2015-04-30,2015-04-30,19.692360540664307,MODIS-Aqua
2015-05-01,2015-05-01,18.040804352428008,MODIS-Aqua
2015-05-02,2015-05-02,22.52880093153197,MODIS-Aqua
2015-05-03,2015-05-03,20.931845543987034,MODIS-Aqua
2015-05-04,2015-05-04,17.077175559998068,MODIS-Aqua
2015-05-06,2015-05-06,20.198085814580573,MODIS-Aqua
2015-05-07,2015-05-07,17.20846292749508,MODIS-Aqua
2015-05-09,2015-05-09,19.589478241477675,MODIS-Aqua
2015-05-24,2015-05-24,19.673272378486374,MODIS-Aqua
2015-05-26,2015-05-26,23.38439098991511,MODIS-Aqua
2015-05-27,2015-05-27,30.499809004773223,MODIS-Aqua
2015-06-08,2015-06-08,51.43562672914153,MODIS-Aqua
2015-06-10,2015-06-10,52.80973296206573,MODIS-Aqua
2015-06-11,2015-06-11,65.25869090214007,MODIS-Aqua
2015-06-12,2015-06-12,91.54389813846049,MODIS-Aqua
2015-06-13,2015-06-13,26.785848837143362,MODIS-Aqua
2015-06-14,2015-06-14,70.83900468739948,MODIS-Aqua
2015-06-15,2015-06-15,79.90372217660652,MODIS-Aqua
2015-06-16,2015-06-16,73.98187698800443,MODIS-Aqua
2015-06-17,2015-06-17,105.85595196144676,MODIS-Aqua
2015-06-18,2015-06-18,117.60967096685543,MODIS-Aqua
2015-06-19,2015-06-19,183.17353048722634,MODIS-Aqua
2015-06-21,2015-06-21,60.05185957813985,MODIS-Aqua
2015-06-24,2015-06-24,78.6529976596537,MODIS-Aqua
2015-06-25,2015-06-25,60.43087246427512,MODIS-Aqua
2015-06-29,2015-06-29,39.93208394418406,MODIS-Aqua
2015-06-30,2015-06-30,75.30224074259463,MODIS-Aqua
2015-07-01,2015-07-01,41.64552620272356,MODIS-Aqua
2015-07-02,2015-07-02,38.23751397318828,MODIS-Aqua
2015-07-06,2015-07-06,56.156664404882825,MODIS-Aqua
2015-07-07,2015-07-07,342.1187706953637,MODIS-Aqua
2015-07-15,2015-07-15,34.547242028346446,MODIS-Aqua
2015-07-16,2015-07-16,88.99387367153345,MODIS-Aqua
2015-07-18,2015-07-18,63.408516202920104,MODIS-Aqua
2015-07-19,2015-07-19,54.3837903936487,MODIS-Aqua
2015-07-20,2015-07-20,66.76566776149092,MODIS-Aqua
2015-07-23,2015-07-23,52.319233252122906,MODIS-Aqua
2015-07-24,2015-07-24,41.428744783593885,MODIS-Aqua
2015-07-26,2015-07-26,73.03070229624035,MODIS-Aqua
2015-07-27,2015-07-27,102.44139959882278,MODIS-Aqua
2015-07-28,2015-07-28,63.30494242100685,MODIS-Aqua
2015-07-29,2015-07-29,62.6348429599143,MODIS-Aqua
2015-08-05,2015-08-05,57.49995487563495,MODIS-Aqua
2015-08-08,2015-08-08,46.416828078039735,MODIS-Aqua
2015-08-12,2015-08-12,97.02111383727426,MODIS-Aqua
2015-08-13,2015-08-13,146.3165124639325,MODIS-Aqua
2015-08-15,2015-08-15,169.32002277532993,MODIS-Aqua
2015-08-16,2015-08-16,71.55165015922223,MODIS-Aqua
2015-08-17,2015-08-17,45.88810840580157,MODIS-Aqua
2015-08-19,2015-08-19,66.13723167505012,MODIS-Aqua
2015-08-20,2015-08-20,74.5036314302822,MODIS-Aqua
2015-08-21,2015-08-21,61.248564284106635,MODIS-Aqua
2015-08-24,2015-08-24,76.65567746847829,MODIS-Aqua
2015-08-27,2015-08-27,72.92031323463195,MODIS-Aqua
2015-08-31,2015-08-31,84.76401379298582,MODIS-Aqua
2015-09-01,2015-09-01,65.4082042985838,MODIS-Aqua
2015-09-03,2015-09-03,80.30143452480822,MODIS-Aqua
2015-09-04,2015-09-04,59.60424704220861,MODIS-Aqua
2015-09-05,2015-09-05,134.7135504951203,MODIS-Aqua
2015-09-07,2015-09-07,76.87634442081165,MODIS-Aqua
2015-09-08,2015-09-08,40.021514371782054,MODIS-Aqua
2015-09-09,2015-09-09,56.58268744276003,MODIS-Aqua
2015-09-10,2015-09-10,64.66048710157443,MODIS-Aqua
2015-09-13,2015-09-13,31.671795135656186,MODIS-Aqua
2015-09-18,2015-09-18,71.11387489869024,MODIS-Aqua
2015-09-19,2015-09-19,84.55364303568956,MODIS-Aqua
2015-09-20,2015-09-20,54.55586311471091,MODIS-Aqua
2015-09-21,2015-09-21,39.87253990158905,MODIS-Aqua
2015-09-22,2015-09-22,71.1565451862103,MODIS-Aqua
2015-09-23,2015-09-23,27.59432208869224,MODIS-Aqua
2015-09-24,2015-09-24,32.57169353604389,MODIS-Aqua
2015-09-25,2015-09-25,41.04251704219221,MODIS-Aqua
2015-09-26,2015-09-26,32.19877468015318,MODIS-Aqua
2015-09-27,2015-09-27,38.88381676498326,MODIS-Aqua
2015-09-28,2015-09-28,34.61202315359297,MODIS-Aqua
2015-09-29,2015-09-29,28.204207312924666,MODIS-Aqua
2015-10-02,2015-10-02,48.86284819536239,MODIS-Aqua
2015-10-04,2015-10-04,41.76873362156783,MODIS-Aqua
2015-10-05,2015-10-05,70.9268759227365,MODIS-Aqua
2015-10-09,2015-10-09,27.352248029568184,MODIS-Aqua
2015-10-11,2015-10-11,33.4203127795128,MODIS-Aqua
2015-10-12,2015-10-12,38.25718571195026,MODIS-Aqua
2015-10-13,2015-10-13,37.470355231731894,MODIS-Aqua
2015-10-14,2015-10-14,29.708396864475453,MODIS-Aqua
2015-10-15,2015-10-15,25.51769744187654,MODIS-Aqua
2015-10-16,2015-10-16,31.09402068248855,MODIS-Aqua
2015-10-20,2015-10-20,40.17087033671365,MODIS-Aqua
2015-10-21,2015-10-21,35.77720513274238,MODIS-Aqua
2015-10-22,2015-10-22,21.36109097409536,MODIS-Aqua
2015-10-26,2015-10-26,20.36447645315628,MODIS-Aqua
2015-10-28,2015-10-28,23.993710878559046,MODIS-Aqua
2015-10-29,2015-10-29,33.11010318491763,MODIS-Aqua
2015-11-02,2015-11-02,15.670296723705086,MODIS-Aqua
2015-11-04,2015-11-04,21.206911612690924,MODIS-Aqua
2015-11-10,2015-11-10,9.887188323191488,MODIS-Aqua
2015-11-12,2015-11-12,15.448309179831135,MODIS-Aqua
2015-11-16,2015-11-16,11.435514100148552,MODIS-Aqua
2015-11-18,2015-11-18,7.739910674776418,MODIS-Aqua
2015-11-20,2015-11-20,11.826396293392431,MODIS-Aqua
2015-11-21,2015-11-21,7.515162497240998,MODIS-Aqua
2015-11-23,2015-11-23,10.414883623058556,MODIS-Aqua
2015-11-26,2015-11-26,5.696175127896888,MODIS-Aqua
2015-11-27,2015-11-27,7.954677681244617,MODIS-Aqua
2016-01-31,2016-01-31,25.031425115730126,MODIS-Aqua
2016-02-01,2016-02-01,20.544391922158955,MODIS-Aqua
2016-02-07,2016-02-07,22.033712991389187,MODIS-Aqua
2016-02-08,2016-02-08,15.663435532877983,MODIS-Aqua
2016-02-17,2016-02-17,10.86835652448649,MODIS-Aqua
2016-02-22,2016-02-22,10.720776918675423,MODIS-Aqua
2016-02-24,2016-02-24,12.237687693024549,MODIS-Aqua
2016-02-25,2016-02-25,15.316982140138405,MODIS-Aqua
2016-03-03,2016-03-03,9.009147850239794,MODIS-Aqua
2016-03-07,2016-03-07,11.297544919116524,MODIS-Aqua
2016-03-16,2016-03-16,11.957376609312066,MODIS-Aqua
2016-03-17,2016-03-17,15.738487169352087,MODIS-Aqua
2016-03-19,2016-03-19,6.492820858824208,MODIS-Aqua
2016-03-22,2016-03-22,14.86243885278547,MODIS-Aqua
2016-03-24,2016-03-24,14.085488161847666,MODIS-Aqua
2016-03-25,2016-03-25,13.8114232079329,MODIS-Aqua
2016-03-27,2016-03-27,13.30941426829352,MODIS-Aqua
2016-03-28,2016-03-28,27.41805388609485,MODIS-Aqua
2016-03-30,2016-03-30,9.545222594995693,MODIS-Aqua
2016-03-31,2016-03-31,12.58191402904967,MODIS-Aqua
2016-04-01,2016-04-01,10.016310692333349,MODIS-Aqua
2016-04-02,2016-04-02,12.909054574856281,MODIS-Aqua
2016-04-04,2016-04-04,13.833000930546584,MODIS-Aqua
2016-04-05,2016-04-05,13.675949816102989,MODIS-Aqua
2016-04-06,2016-04-06,13.971772911782763,MODIS-Aqua
2016-04-07,2016-04-07,10.1618202355436,MODIS-Aqua
2016-04-09,2016-04-09,15.546326499608595,MODIS-Aqua
2016-04-10,2016-04-10,12.929775975103917,MODIS-Aqua
2016-04-11,2016-04-11,16.397972233400406,MODIS-Aqua
2016-04-12,2016-04-12,11.306774416475855,MODIS-Aqua
2016-04-15,2016-04-15,12.578565817497969,MODIS-Aqua
2016-04-16,2016-04-16,12.40246749326278,MODIS-Aqua
2016-04-17,2016-04-17,10.993732094003153,MODIS-Aqua
2016-04-19,2016-04-19,11.831872239528288,MODIS-Aqua
2016-04-25,2016-04-25,13.135741157639899,MODIS-Aqua
2016-04-27,2016-04-27,271.482481204292,MODIS-Aqua
2016-04-28,2016-04-28,14.320496249283089,MODIS-Aqua
2016-04-29,2016-04-29,18.537545203501217,MODIS-Aqua
2016-04-30,2016-04-30,16.727771713259017,MODIS-Aqua
2016-05-01,2016-05-01,14.165861186452364,MODIS-Aqua
2016-05-08,2016-05-08,15.81184627035087,MODIS-Aqua
2016-05-09,2016-05-09,13.552789845140792,MODIS-Aqua
2016-05-10,2016-05-10,15.60925682982199,MODIS-Aqua
2016-05-11,2016-05-11,17.87129049382054,MODIS-Aqua
2016-05-17,2016-05-17,17.96734296779776,MODIS-Aqua
2016-05-25,2016-05-25,24.884385792352163,MODIS-Aqua
2016-05-26,2016-05-26,21.086334949570293,MODIS-Aqua
2016-05-27,2016-05-27,21.566093541934485,MODIS-Aqua
2016-05-28,2016-05-28,19.076850406801192,MODIS-Aqua
2016-05-30,2016-05-30,13.717532235404773,MODIS-Aqua
2016-06-03,2016-06-03,37.88187878771382,MODIS-Aqua
2016-06-06,2016-06-06,18.888043150560396,MODIS-Aqua
2016-06-10,2016-06-10,15.626534871158675,MODIS-Aqua
2016-06-11,2016-06-11,37.23143805448414,MODIS-Aqua
2016-06-12,2016-06-12,39.35586749062333,MODIS-Aqua
2016-06-18,2016-06-18,53.600437660914075,MODIS-Aqua
2016-06-19,2016-06-19,84.48940437667002,MODIS-Aqua
2016-06-20,2016-06-20,88.39690321545804,MODIS-Aqua
2016-06-21,2016-06-21,86.12738849631097,MODIS-Aqua
2016-06-22,2016-06-22,91.71394718980561,MODIS-Aqua
2016-06-23,2016-06-23,48.061115694438236,MODIS-Aqua
2016-06-24,2016-06-24,233.55647003502907,MODIS-Aqua
2016-06-25,2016-06-25,107.86547750709511,MODIS-Aqua
2016-06-26,2016-06-26,50.256243151565016,MODIS-Aqua
2016-06-27,2016-06-27,66.40593267249436,MODIS-Aqua
2016-06-28,2016-06-28,50.71406779251101,MODIS-Aqua
2016-06-29,2016-06-29,63.443694929361506,MODIS-Aqua
2016-06-30,2016-06-30,70.77672527820977,MODIS-Aqua
2016-07-01,2016-07-01,115.92360275872652,MODIS-Aqua
2016-07-02,2016-07-02,54.6287754407694,MODIS-Aqua
2016-07-03,2016-07-03,68.57025183124428,MODIS-Aqua
2016-07-04,2016-07-04,48.68912088382145,MODIS-Aqua
2016-07-05,2016-07-05,82.42658733910568,MODIS-Aqua
2016-07-06,2016-07-06,32.603336313462876,MODIS-Aqua
2016-07-11,2016-07-11,140.23851069417353,MODIS-Aqua
2016-07-12,2016-07-12,66.36472574428178,MODIS-Aqua
2016-07-13,2016-07-13,54.678772472315124,MODIS-Aqua
2016-07-14,2016-07-14,41.259047291187926,MODIS-Aqua
2016-07-15,2016-07-15,45.719429750260915,MODIS-Aqua
2016-07-16,2016-07-16,114.06205447019117,MODIS-Aqua
2016-07-17,2016-07-17,40.021514371782054,MODIS-Aqua
2016-07-19,2016-07-19,32.23039643256468,MODIS-Aqua
2016-07-20,2016-07-20,142.345975184247,MODIS-Aqua
2016-07-21,2016-07-21,85.07637636908746,MODIS-Aqua
2016-07-22,2016-07-22,107.99102374251989,MODIS-Aqua
2016-07-23,2016-07-23,76.83294323130882,MODIS-Aqua
2016-07-24,2016-07-24,62.79159394658711,MODIS-Aqua
2016-07-25,2016-07-25,51.30850274252693,MODIS-Aqua
2016-07-26,2016-07-26,75.15357857002678,MODIS-Aqua
2016-07-27,2016-07-27,48.75325539895429,MODIS-Aqua
2016-07-28,2016-07-28,57.27416827876917,MODIS-Aqua
2016-07-29,2016-07-29,54.99767130545556,MODIS-Aqua
2016-07-30,2016-07-30,58.713870149690266,MODIS-Aqua
2016-07-31,2016-07-31,55.466659405886,MODIS-Aqua
2016-08-01,2016-08-01,92.85375879701607,MODIS-Aqua
2016-08-02,2016-08-02,28.79242040028039,MODIS-Aqua
2016-08-03,2016-08-03,75.3550166526162,MODIS-Aqua
2016-08-04,2016-08-04,48.23048395632822,MODIS-Aqua
2016-08-06,2016-08-06,84.3870980012269,MODIS-Aqua
2016-08-07,2016-08-07,68.98544179688493,MODIS-Aqua
2016-08-08,2016-08-08,122.54480330260967,MODIS-Aqua
2016-08-09,2016-08-09,64.82613688509585,MODIS-Aqua
2016-08-10,2016-08-10,51.278452840557684,MODIS-Aqua
2016-08-11,2016-08-11,45.730751122188664,MODIS-Aqua
2016-08-12,2016-08-12,56.69522163227098,MODIS-Aqua
2016-08-13,2016-08-13,58.501936794202855,MODIS-Aqua
2016-08-15,2016-08-15,37.691350273245355,MODIS-Aqua
2016-08-16,2016-08-16,31.491050547251362,MODIS-Aqua
2016-08-17,2016-08-17,36.410226245395044,MODIS-Aqua
2016-08-18,2016-08-18,27.257054771203695,MODIS-Aqua
2016-08-19,2016-08-19,23.307245255911873,MODIS-Aqua
2016-08-20,2016-08-20,35.65270578719602,MODIS-Aqua
2016-08-21,2016-08-21,35.664993037650035,MODIS-Aqua
2016-08-22,2016-08-22,47.822244768885426,MODIS-Aqua
2016-08-23,2016-08-23,58.72761831077476,MODIS-Aqua
2016-08-24,2016-08-24,59.74137303611997,MODIS-Aqua
2016-08-25,2016-08-25,77.70683398379381,MODIS-Aqua
2016-08-26,2016-08-26,20.580986142385257,MODIS-Aqua
2016-08-27,2016-08-27,52.689449196121416,MODIS-Aqua
2016-08-28,2016-08-28,76.28366838626444,MODIS-Aqua
2016-08-30,2016-08-30,52.54088110108116,MODIS-Aqua
2016-08-31,2016-08-31,54.57911623051821,MODIS-Aqua
2016-09-03,2016-09-03,61.63852839876189,MODIS-Aqua
2016-09-04,2016-09-04,65.14032454997427,MODIS-Aqua
2016-09-05,2016-09-05,62.33949975729818,MODIS-Aqua
2016-09-06,2016-09-06,56.2889054296794,MODIS-Aqua
2016-09-08,2016-09-08,44.01582935526235,MODIS-Aqua
2016-09-09,2016-09-09,36.55413331087024,MODIS-Aqua
2016-09-10,2016-09-10,32.57389391161701,MODIS-Aqua
2016-09-11,2016-09-11,44.939161140803826,MODIS-Aqua
2016-09-12,2016-09-12,22.042729568592705,MODIS-Aqua
2016-09-13,2016-09-13,40.021514371782054,MODIS-Aqua
2016-09-14,2016-09-14,54.57481389148942,MODIS-Aqua
2016-09-15,2016-09-15,53.48044556569518,MODIS-Aqua
2016-09-19,2016-09-19,31.048229989331563,MODIS-Aqua
2016-09-24,2016-09-24,44.68551511042788,MODIS-Aqua
2016-09-25,2016-09-25,40.48042721457079,MODIS-Aqua
2016-09-26,2016-09-26,42.576250653291574,MODIS-Aqua
2016-09-27,2016-09-27,39.63279793151575,MODIS-Aqua
2016-09-28,2016-09-28,33.539069574398425,MODIS-Aqua
2016-09-29,2016-09-29,27.08275274006661,MODIS-Aqua
2016-09-30,2016-09-30,21.18184495458837,MODIS-Aqua
2016-10-06,2016-10-06,25.906995406407955,MODIS-Aqua
2016-10-07,2016-10-07,28.291494108653435,MODIS-Aqua
2016-10-10,2016-10-10,25.036784356115614,MODIS-Aqua
2016-10-11,2016-10-11,28.127851402430156,MODIS-Aqua
2016-10-12,2016-10-12,29.7323115814389,MODIS-Aqua
2016-10-18,2016-10-18,28.050608512547274,MODIS-Aqua
2016-11-01,2016-11-01,14.563794764304557,MODIS-Aqua
2016-11-04,2016-11-04,17.546365403711608,MODIS-Aqua
2016-11-09,2016-11-09,21.557030687956566,MODIS-Aqua
2016-11-10,2016-11-10,21.27681270276989,MODIS-Aqua
2016-11-13,2016-11-13,16.773860710330457,MODIS-Aqua
2016-11-17,2016-11-17,14.032439557684858,MODIS-Aqua
2016-11-30,2016-11-30,13.225049920052259,MODIS-Aqua
2016-12-01,2016-12-01,11.460674464397936,MODIS-Aqua
2016-12-03,2016-12-03,12.29633963712093,MODIS-Aqua
2016-12-05,2016-12-05,4.2499804363043685,MODIS-Aqua
2016-12-10,2016-12-10,12.67646119146894,MODIS-Aqua
2017-02-23,2017-02-23,29.391402734964213,MODIS-Aqua
2017-02-25,2017-02-25,30.48893308966197,MODIS-Aqua
2017-03-01,2017-03-01,17.61132731071555,MODIS-Aqua
2017-03-10,2017-03-10,15.576251670460739,MODIS-Aqua
2017-03-13,2017-03-13,98.60320984931094,MODIS-Aqua
2017-03-16,2017-03-16,18.075189062373653,MODIS-Aqua
2017-03-21,2017-03-21,16.451080343936628,MODIS-Aqua
2017-03-31,2017-03-31,12.557731270524048,MODIS-Aqua
2017-04-02,2017-04-02,10.717004006854669,MODIS-Aqua
2017-04-03,2017-04-03,15.000287441070189,MODIS-Aqua
2017-04-10,2017-04-10,14.10727814628788,MODIS-Aqua
2017-04-14,2017-04-14,12.41771996808817,MODIS-Aqua
2017-04-20,2017-04-20,13.452394794647258,MODIS-Aqua
2017-04-21,2017-04-21,15.449270872977147,MODIS-Aqua
2017-04-27,2017-04-27,14.016543816774357,MODIS-Aqua
2017-04-28,2017-04-28,11.371800599630904,MODIS-Aqua
2017-04-30,2017-04-30,14.953745596567275,MODIS-Aqua
2017-05-02,2017-05-02,18.17927840533347,MODIS-Aqua
2017-05-03,2017-05-03,13.922197134258568,MODIS-Aqua
2017-05-06,2017-05-06,17.345678904783632,MODIS-Aqua
2017-05-07,2017-05-07,12.67878762416802,MODIS-Aqua
2017-05-08,2017-05-08,11.376969830439204,MODIS-Aqua
2017-05-09,2017-05-09,14.076115161249232,MODIS-Aqua
2017-05-14,2017-05-14,21.776920542420786,MODIS-Aqua
2017-05-15,2017-05-15,13.134381036881017,MODIS-Aqua
2017-05-17,2017-05-17,11.368765453510058,MODIS-Aqua
2017-05-18,2017-05-18,13.163031186523847,MODIS-Aqua
2017-05-19,2017-05-19,13.649061956250637,MODIS-Aqua
2017-05-20,2017-05-20,13.230123916689152,MODIS-Aqua
2017-05-22,2017-05-22,13.890050237988964,MODIS-Aqua
2017-05-23,2017-05-23,20.027939827240697,MODIS-Aqua
2017-05-24,2017-05-24,12.939913395263593,MODIS-Aqua
2017-05-25,2017-05-25,19.887839327863034,MODIS-Aqua
2017-05-26,2017-05-26,11.175651937367968,MODIS-Aqua
2017-05-27,2017-05-27,17.207003618547652,MODIS-Aqua
2017-05-28,2017-05-28,15.76739574321607,MODIS-Aqua
2017-05-29,2017-05-29,18.08970960736264,MODIS-Aqua
2017-06-01,2017-06-01,22.57297191601637,MODIS-Aqua
2017-06-02,2017-06-02,14.061459905459015,MODIS-Aqua
2017-06-04,2017-06-04,11.281773278849682,MODIS-Aqua
2017-06-05,2017-06-05,17.092814739767185,MODIS-Aqua
2017-06-06,2017-06-06,18.317724926530634,MODIS-Aqua
2017-06-13,2017-06-13,24.417660595249043,MODIS-Aqua
2017-06-17,2017-06-17,36.91183950197068,MODIS-Aqua
2017-06-18,2017-06-18,29.11463514304218,MODIS-Aqua
2017-06-19,2017-06-19,26.29372775897851,MODIS-Aqua
2017-06-20,2017-06-20,27.874898510315525,MODIS-Aqua
2017-06-21,2017-06-21,21.987963425454396,MODIS-Aqua
2017-06-22,2017-06-22,22.621812208785524,MODIS-Aqua
2017-06-23,2017-06-23,48.55072288823408,MODIS-Aqua
2017-06-24,2017-06-24,42.576250653291574,MODIS-Aqua
2017-06-26,2017-06-26,46.70978446771173,MODIS-Aqua
2017-06-27,2017-06-27,19.35690919586634,MODIS-Aqua
2017-06-28,2017-06-28,90.51632655556726,MODIS-Aqua
2017-06-29,2017-06-29,129.00971209745111,MODIS-Aqua
2017-06-30,2017-06-30,72.59801259320606,MODIS-Aqua
2017-07-01,2017-07-01,81.42427166480746,MODIS-Aqua
2017-07-02,2017-07-02,102.86400506866545,MODIS-Aqua
2017-07-03,2017-07-03,75.20195909921758,MODIS-Aqua
2017-07-05,2017-07-05,73.28345064953446,MODIS-Aqua
2017-07-06,2017-07-06,162.7216675347331,MODIS-Aqua
2017-07-07,2017-07-07,201.9658968585754,MODIS-Aqua
2017-07-08,2017-07-08,105.59401929068471,MODIS-Aqua
2017-07-09,2017-07-09,92.99393216453879,MODIS-Aqua
2017-07-10,2017-07-10,111.12569637415046,MODIS-Aqua
2017-07-11,2017-07-11,100.89977762477518,MODIS-Aqua
2017-07-12,2017-07-12,101.37653899395517,MODIS-Aqua
2017-07-14,2017-07-14,79.90130472064935,MODIS-Aqua
2017-07-15,2017-07-15,118.13526374269019,MODIS-Aqua
2017-07-16,2017-07-16,164.20748379670692,MODIS-Aqua
2017-07-17,2017-07-17,55.872830256476796,MODIS-Aqua
2017-07-18,2017-07-18,69.26488461329323,MODIS-Aqua
2017-07-19,2017-07-19,94.682936692659,MODIS-Aqua
2017-07-20,2017-07-20,140.12954586464352,MODIS-Aqua
2017-07-21,2017-07-21,109.52049865875097,MODIS-Aqua
2017-07-22,2017-07-22,23.38122282001428,MODIS-Aqua
2017-07-24,2017-07-24,52.2552335521296,MODIS-Aqua
2017-07-25,2017-07-25,48.96186444693062,MODIS-Aqua
2017-07-27,2017-07-27,131.01033040795582,MODIS-Aqua
2017-07-28,2017-07-28,76.92627332715348,MODIS-Aqua
2017-07-29,2017-07-29,45.364981567240626,MODIS-Aqua
2017-07-30,2017-07-30,38.60362854079836,MODIS-Aqua
2017-08-01,2017-08-01,46.74559742356993,MODIS-Aqua
2017-08-02,2017-08-02,246.5505722002345,MODIS-Aqua
2017-08-03,2017-08-03,32.83743672386882,MODIS-Aqua
2017-08-08,2017-08-08,75.2242257872556,MODIS-Aqua
2017-08-10,2017-08-10,39.08443056416275,MODIS-Aqua
2017-08-15,2017-08-15,48.017395506796284,MODIS-Aqua
2017-08-16,2017-08-16,52.61356859234133,MODIS-Aqua
2017-08-17,2017-08-17,52.80973296206568,MODIS-Aqua
2017-08-19,2017-08-19,35.22350319600298,MODIS-Aqua
2017-08-21,2017-08-21,47.33638507260964,MODIS-Aqua
2017-08-26,2017-08-26,46.063886594606245,MODIS-Aqua
2017-08-28,2017-08-28,40.44818637899317,MODIS-Aqua
2017-08-29,2017-08-29,341.45846497447275,MODIS-Aqua
2017-08-31,2017-08-31,147.94885088238914,MODIS-Aqua
2017-09-01,2017-09-01,48.576656269397425,MODIS-Aqua
2017-09-02,2017-09-02,8.950066827522594,MODIS-Aqua
2017-09-08,2017-09-08,49.86284354987947,MODIS-Aqua
2017-09-09,2017-09-09,32.930716248749164,MODIS-Aqua
2017-09-11,2017-09-11,43.98348115265195,MODIS-Aqua
2017-09-20,2017-09-20,37.92150508604584,MODIS-Aqua
2017-09-23,2017-09-23,44.72695342614918,MODIS-Aqua
2017-09-24,2017-09-24,111.99561728226425,MODIS-Aqua
2017-09-26,2017-09-26,59.63683296331064,MODIS-Aqua
2017-09-27,2017-09-27,48.45293087878727,MODIS-Aqua
2017-09-28,2017-09-28,62.3041017901167,MODIS-Aqua
2017-09-30,2017-09-30,36.118688163005174,MODIS-Aqua
2017-10-01,2017-10-01,25.326146692035127,MODIS-Aqua
2017-10-03,2017-10-03,23.946914585251218,MODIS-Aqua
2017-10-05,2017-10-05,86.34789766282425,MODIS-Aqua
2017-10-06,2017-10-06,38.048824365025126,MODIS-Aqua
2017-10-07,2017-10-07,28.818341282189074,MODIS-Aqua
2017-10-08,2017-10-08,30.52573481722922,MODIS-Aqua
2017-10-11,2017-10-11,20.423886274230128,MODIS-Aqua
2017-10-14,2017-10-14,29.83548409424015,MODIS-Aqua
2017-10-15,2017-10-15,48.251327254655536,MODIS-Aqua
2017-10-16,2017-10-16,30.623903497137285,MODIS-Aqua
2017-10-17,2017-10-17,45.28682865588791,MODIS-Aqua
2017-10-20,2017-10-20,20.22335935390137,MODIS-Aqua
2017-10-23,2017-10-23,52.536246714961244,MODIS-Aqua
2017-10-24,2017-10-24,16.64363480137496,MODIS-Aqua
2017-10-25,2017-10-25,28.694075122899495,MODIS-Aqua
2017-10-26,2017-10-26,23.250340508182067,MODIS-Aqua
2017-10-27,2017-10-27,19.19548905561278,MODIS-Aqua
2017-10-28,2017-10-28,23.540281790284087,MODIS-Aqua
2017-10-29,2017-10-29,21.890482114446716,MODIS-Aqua
2017-10-30,2017-10-30,14.54856433890707,MODIS-Aqua
2017-10-31,2017-10-31,16.197381790761707,MODIS-Aqua
2017-11-01,2017-11-01,22.515885219644694,MODIS-Aqua
2017-11-04,2017-11-04,20.307091171578275,MODIS-Aqua
2017-11-06,2017-11-06,19.416993836091333,MODIS-Aqua
2017-11-14,2017-11-14,11.663644652478636,MODIS-Aqua
2017-11-17,2017-11-17,15.751465015109918,MODIS-Aqua
2017-12-03,2017-12-03,20.37417569778676,MODIS-Aqua
2017-12-04,2017-12-04,7.736323900813564,MODIS-Aqua
2017-12-05,2017-12-05,14.119919751534969,MODIS-Aqua
2017-12-06,2017-12-06,12.313307130644066,MODIS-Aqua
2017-12-07,2017-12-07,16.696164207862186,MODIS-Aqua
2017-12-09,2017-12-09,14.19585387968456,MODIS-Aqua
2017-12-30,2017-12-30,18.908410126167738,MODIS-Aqua
2018-01-06,2018-01-06,32.404615666068594,MODIS-Aqua
2018-01-07,2018-01-07,13.386181053571365,MODIS-Aqua
2018-02-05,2018-02-05,21.306404805982655,MODIS-Aqua
2018-02-06,2018-02-06,20.30891503752716,MODIS-Aqua
2018-02-07,2018-02-07,22.69427227225957,MODIS-Aqua
2018-02-11,2018-02-11,20.81000604304601,MODIS-Aqua
2018-02-12,2018-02-12,20.992933454868943,MODIS-Aqua
2018-02-13,2018-02-13,16.343255584194747,MODIS-Aqua
2018-02-15,2018-02-15,16.36422899478739,MODIS-Aqua
2018-02-18,2018-02-18,16.07553556452362,MODIS-Aqua
2018-02-19,2018-02-19,20.003706355254277,MODIS-Aqua
2018-02-22,2018-02-22,16.571112414848894,MODIS-Aqua
2018-02-23,2018-02-23,17.862687669163098,MODIS-Aqua
2018-02-26,2018-02-26,19.444098933703856,MODIS-Aqua
2018-03-01,2018-03-01,15.747728544701134,MODIS-Aqua
2018-03-03,2018-03-03,16.72146671064892,MODIS-Aqua
2018-03-05,2018-03-05,14.609577694529904,MODIS-Aqua
2018-03-19,2018-03-19,16.71326435324694,MODIS-Aqua
2018-03-27,2018-03-27,14.808286329268197,MODIS-Aqua
2018-03-28,2018-03-28,14.292752267674336,MODIS-Aqua
2018-03-31,2018-03-31,13.98223945931435,MODIS-Aqua
2018-04-02,2018-04-02,15.093679519631376,MODIS-Aqua
2018-04-08,2018-04-08,15.79972672677515,MODIS-Aqua
2018-04-09,2018-04-09,13.784882608279606,MODIS-Aqua
2018-04-16,2018-04-16,17.093007383148787,MODIS-Aqua
2018-04-20,2018-04-20,15.454517195125113,MODIS-Aqua
2018-04-21,2018-04-21,16.026615221811504,MODIS-Aqua
2018-04-22,2018-04-22,14.725782382025367,MODIS-Aqua
2018-04-23,2018-04-23,14.188001586544088,MODIS-Aqua
2018-04-25,2018-04-25,15.757165960595316,MODIS-Aqua
2018-04-27,2018-04-27,13.241049371427883,MODIS-Aqua
2018-04-29,2018-04-29,16.1826313096538,MODIS-Aqua
2018-05-01,2018-05-01,17.517657007091877,MODIS-Aqua
2018-05-02,2018-05-02,16.040121947854303,MODIS-Aqua
2018-05-03,2018-05-03,19.342097009488143,MODIS-Aqua
2018-05-06,2018-05-06,19.565069928592784,MODIS-Aqua
2018-05-07,2018-05-07,21.205749525975754,MODIS-Aqua
2018-05-09,2018-05-09,23.379851613932306,MODIS-Aqua
2018-05-13,2018-05-13,15.641781278006263,MODIS-Aqua
2018-05-14,2018-05-14,32.740548779228256,MODIS-Aqua
2018-05-15,2018-05-15,56.47339251653677,MODIS-Aqua
2018-05-18,2018-05-18,31.362033512812168,MODIS-Aqua
2018-05-22,2018-05-22,28.19854644783755,MODIS-Aqua
2018-05-26,2018-05-26,13.251715102201631,MODIS-Aqua
2018-05-27,2018-05-27,24.274926783285643,MODIS-Aqua
2018-05-28,2018-05-28,44.048709780747906,MODIS-Aqua
2018-05-29,2018-05-29,13.563813662427949,MODIS-Aqua
2018-05-31,2018-05-31,19.009881203931336,MODIS-Aqua
2018-06-01,2018-06-01,48.45469966778525,MODIS-Aqua
2018-06-02,2018-06-02,50.23314030376297,MODIS-Aqua
2018-06-03,2018-06-03,38.25718571195026,MODIS-Aqua
2018-06-04,2018-06-04,42.139889694629495,MODIS-Aqua
2018-06-07,2018-06-07,22.319849005193923,MODIS-Aqua
2018-06-08,2018-06-08,26.157342073026616,MODIS-Aqua
2018-06-09,2018-06-09,27.258362351193632,MODIS-Aqua
2018-06-11,2018-06-11,81.92940189278494,MODIS-Aqua
2018-06-12,2018-06-12,52.319233252122906,MODIS-Aqua
2018-06-13,2018-06-13,49.902828749168776,MODIS-Aqua
2018-06-14,2018-06-14,101.74798514492903,MODIS-Aqua
2018-06-15,2018-06-15,84.76401379298574,MODIS-Aqua
2018-06-19,2018-06-19,123.06642619651235,MODIS-Aqua
2018-06-21,2018-06-21,52.46423914480574,MODIS-Aqua
2018-06-22,2018-06-22,59.18480809394271,MODIS-Aqua
2018-06-23,2018-06-23,33.39853880949281,MODIS-Aqua
2018-06-24,2018-06-24,109.9249613407522,MODIS-Aqua
2018-06-26,2018-06-26,75.95882612365531,MODIS-Aqua
2018-06-27,2018-06-27,96.48766346041401,MODIS-Aqua
2018-06-28,2018-06-28,83.99123613197757,MODIS-Aqua
2018-06-29,2018-06-29,205.24009235227288,MODIS-Aqua
2018-06-30,2018-06-30,127.8832533538473,MODIS-Aqua
2018-07-01,2018-07-01,125.8648888720255,MODIS-Aqua
2018-07-02,2018-07-02,91.18544455144742,MODIS-Aqua
2018-07-03,2018-07-03,182.76469626232833,MODIS-Aqua
2018-07-05,2018-07-05,41.391181791374436,MODIS-Aqua
2018-07-07,2018-07-07,127.08526471972296,MODIS-Aqua
2018-07-09,2018-07-09,33.73348965023585,MODIS-Aqua
2018-07-10,2018-07-10,169.5024631783914,MODIS-Aqua
2018-07-11,2018-07-11,81.40853843077434,MODIS-Aqua
2018-07-12,2018-07-12,56.396257494525024,MODIS-Aqua
2018-07-14,2018-07-14,42.83960267318545,MODIS-Aqua
2018-07-17,2018-07-17,47.058387744594015,MODIS-Aqua
2018-07-18,2018-07-18,68.86645946550232,MODIS-Aqua
2018-07-19,2018-07-19,57.177943655448445,MODIS-Aqua
2018-07-21,2018-07-21,39.08443056416275,MODIS-Aqua
2018-07-22,2018-07-22,168.77165157811524,MODIS-Aqua
2018-07-24,2018-07-24,21.326254101678877,MODIS-Aqua
2018-08-07,2018-08-07,51.47667541194429,MODIS-Aqua
2018-08-09,2018-08-09,282.3624300612734,MODIS-Aqua
2018-08-24,2018-08-24,50.18104402797175,MODIS-Aqua
2018-08-27,2018-08-27,88.84939148989544,MODIS-Aqua
2018-08-28,2018-08-28,58.22036968703081,MODIS-Aqua
2018-08-29,2018-08-29,34.87992661474281,MODIS-Aqua
2018-08-31,2018-08-31,74.45937841735159,MODIS-Aqua
2018-09-01,2018-09-01,75.68455881573433,MODIS-Aqua
2018-09-02,2018-09-02,60.39061686044719,MODIS-Aqua
2018-09-03,2018-09-03,74.13471422397001,MODIS-Aqua
2018-09-05,2018-09-05,48.857100521053816,MODIS-Aqua
2018-09-10,2018-09-10,53.42346786506437,MODIS-Aqua
2018-09-12,2018-09-12,50.02920089428553,MODIS-Aqua
2018-09-14,2018-09-14,44.32214576658908,MODIS-Aqua
2018-09-16,2018-09-16,126.32771630692798,MODIS-Aqua
2018-09-17,2018-09-17,79.71464547415218,MODIS-Aqua
2018-09-18,2018-09-18,63.94769226787665,MODIS-Aqua
2018-09-19,2018-09-19,61.88176787685808,MODIS-Aqua
2018-09-20,2018-09-20,90.61128380066468,MODIS-Aqua
2018-09-23,2018-09-23,45.34960418974378,MODIS-Aqua
2018-09-24,2018-09-24,44.83486586692206,MODIS-Aqua
2018-09-25,2018-09-25,50.07084965761659,MODIS-Aqua
2018-09-26,2018-09-26,47.35248519669821,MODIS-Aqua
2018-09-27,2018-09-27,44.22157436732849,MODIS-Aqua
2018-09-29,2018-09-29,19.49718944888812,MODIS-Aqua
2018-09-30,2018-09-30,92.29910118582846,MODIS-Aqua
2018-10-04,2018-10-04,35.746749620171535,MODIS-Aqua
2018-10-06,2018-10-06,28.709080455498913,MODIS-Aqua
2018-10-07,2018-10-07,111.32981290499929,MODIS-Aqua
2018-10-09,2018-10-09,13.946777754486256,MODIS-Aqua
2018-10-11,2018-10-11,49.319440445240346,MODIS-Aqua
2018-10-12,2018-10-12,39.142552539941775,MODIS-Aqua
2018-10-13,2018-10-13,17.780411398329978,MODIS-Aqua
2018-10-14,2018-10-14,23.44626790526574,MODIS-Aqua
2018-10-15,2018-10-15,42.14625689249158,MODIS-Aqua
2018-10-16,2018-10-16,29.47468941855227,MODIS-Aqua
2018-10-17,2018-10-17,34.576476575542415,MODIS-Aqua
2018-10-18,2018-10-18,30.218962905152004,MODIS-Aqua
2018-10-19,2018-10-19,31.127462360173475,MODIS-Aqua
2018-10-20,2018-10-20,25.18737241329872,MODIS-Aqua
2018-10-21,2018-10-21,27.30019226375714,MODIS-Aqua
2018-10-22,2018-10-22,27.49705947043485,MODIS-Aqua
2018-10-30,2018-10-30,20.233918431260733,MODIS-Aqua
2018-11-01,2018-11-01,20.850791250968005,MODIS-Aqua
2018-11-05,2018-11-05,22.164513687308,MODIS-Aqua
2018-11-06,2018-11-06,21.006623323822097,MODIS-Aqua
2018-11-07,2018-11-07,14.140413911170947,MODIS-Aqua
2018-11-08,2018-11-08,16.64781665941123,MODIS-Aqua
2018-11-09,2018-11-09,19.389950532605074,MODIS-Aqua
2018-11-10,2018-11-10,16.639250432867758,MODIS-Aqua
2018-11-11,2018-11-11,16.219188464257122,MODIS-Aqua
2018-11-12,2018-11-12,14.610972724488159,MODIS-Aqua
2018-11-14,2018-11-14,19.259509006831806,MODIS-Aqua
2018-11-15,2018-11-15,18.403241867704036,MODIS-Aqua
2018-11-16,2018-11-16,15.604957281794167,MODIS-Aqua
2018-11-17,2018-11-17,16.360508167960894,MODIS-Aqua
2018-11-18,2018-11-18,18.287967603608344,MODIS-Aqua
2018-11-19,2018-11-19,16.46511294856548,MODIS-Aqua
2018-11-25,2018-11-25,11.57911223806965,MODIS-Aqua
2018-12-02,2018-12-02,12.877018548353616,MODIS-Aqua
2018-12-05,2018-12-05,9.812977615545194,MODIS-Aqua
2018-12-06,2018-12-06,13.077225546789474,MODIS-Aqua
2018-12-12,2018-12-12,14.650888963255813,MODIS-Aqua
2018-12-21,2018-12-21,10.993732094003153,MODIS-Aqua
2018-12-25,2018-12-25,16.945954023960738,MODIS-Aqua
2018-12-27,2018-12-27,10.938131513521554,MODIS-Aqua
2018-12-30,2018-12-30,4.8218240767015175,MODIS-Aqua
2018-12-31,2018-12-31,7.826599096710535,MODIS-Aqua
2019-01-12,2019-01-12,13.06827297435933,MODIS-Aqua
2019-01-13,2019-01-13,12.897793066624297,MODIS-Aqua
2019-01-21,2019-01-21,19.931764414655394,MODIS-Aqua
2019-01-25,2019-01-25,18.70489214281488,MODIS-Aqua
2019-01-29,2019-01-29,10.993732094003153,MODIS-Aqua
2019-01-30,2019-01-30,21.76032686545711,MODIS-Aqua
2019-01-31,2019-01-31,14.707531117281246,MODIS-Aqua
2019-02-06,2019-02-06,20.4386699037206,MODIS-Aqua
2019-02-18,2019-02-18,21.640733567712783,MODIS-Aqua
2019-02-21,2019-02-21,22.180729215165712,MODIS-Aqua
2019-03-07,2019-03-07,21.835675357036756,MODIS-Aqua
2019-03-11,2019-03-11,20.066211481674287,MODIS-Aqua
2019-03-12,2019-03-12,25.584119525685324,MODIS-Aqua
2019-03-13,2019-03-13,20.664871371469324,MODIS-Aqua
2019-03-14,2019-03-14,20.1050008388692,MODIS-Aqua
2019-03-15,2019-03-15,21.101160310587694,MODIS-Aqua
2019-03-17,2019-03-17,22.101432922974986,MODIS-Aqua
2019-03-18,2019-03-18,19.315972175034737,MODIS-Aqua
2019-03-27,2019-03-27,20.31838973223724,MODIS-Aqua
2019-03-30,2019-03-30,22.208622731557885,MODIS-Aqua
2019-03-31,2019-03-31,22.29180214082789,MODIS-Aqua
2019-04-02,2019-04-02,20.357143035562526,MODIS-Aqua
2019-04-12,2019-04-12,18.578189322417746,MODIS-Aqua
2019-04-16,2019-04-16,21.7976196401528,MODIS-Aqua
2019-04-18,2019-04-18,19.763866629807683,MODIS-Aqua
2019-04-21,2019-04-21,16.473710363427642,MODIS-Aqua
2019-04-22,2019-04-22,17.509988799095417,MODIS-Aqua
2019-04-23,2019-04-23,18.887209782683946,MODIS-Aqua
2019-04-24,2019-04-24,15.264136330692887,MODIS-Aqua
2019-04-25,2019-04-25,14.094217626444365,MODIS-Aqua
2019-04-26,2019-04-26,12.808911208286862,MODIS-Aqua
2019-04-27,2019-04-27,17.600793255301053,MODIS-Aqua
2019-04-28,2019-04-28,15.178933441863816,MODIS-Aqua
2019-04-29,2019-04-29,16.653951157258717,MODIS-Aqua
2019-04-30,2019-04-30,11.910223126574685,MODIS-Aqua
2019-05-01,2019-05-01,16.78051132458191,MODIS-Aqua
2019-05-02,2019-05-02,16.420631092899935,MODIS-Aqua
2019-05-03,2019-05-03,14.030518482609912,MODIS-Aqua
2019-05-04,2019-05-04,17.516858127930256,MODIS-Aqua
2019-05-05,2019-05-05,16.714183296084467,MODIS-Aqua
2019-05-06,2019-05-06,17.103213243483104,MODIS-Aqua
2019-05-08,2019-05-08,21.425240252001956,MODIS-Aqua
2019-05-09,2019-05-09,13.366334526168327,MODIS-Aqua
2019-05-10,2019-05-10,17.704815752169658,MODIS-Aqua
2019-05-11,2019-05-11,19.484299343907818,MODIS-Aqua
2019-05-12,2019-05-12,14.421164611062247,MODIS-Aqua
2019-05-24,2019-05-24,23.327446417668625,MODIS-Aqua
2019-05-28,2019-05-28,22.240762724306908,MODIS-Aqua
2019-05-30,2019-05-30,20.51011735186589,MODIS-Aqua
2019-05-31,2019-05-31,23.393208317293052,MODIS-Aqua
2019-06-02,2019-06-02,19.553749668636307,MODIS-Aqua
2019-06-03,2019-06-03,22.741182589028835,MODIS-Aqua
2019-06-04,2019-06-04,20.103657321920846,MODIS-Aqua
2019-06-05,2019-06-05,23.158833154410154,MODIS-Aqua
2019-06-08,2019-06-08,27.78256620308562,MODIS-Aqua
2019-06-09,2019-06-09,28.889728503648303,MODIS-Aqua
2019-06-11,2019-06-11,31.56347702580157,MODIS-Aqua
2019-06-12,2019-06-12,29.69178810695292,MODIS-Aqua
2019-06-13,2019-06-13,37.321482457327946,MODIS-Aqua
2019-06-14,2019-06-14,24.354253504891158,MODIS-Aqua
2019-06-16,2019-06-16,37.289476208764306,MODIS-Aqua
2019-06-18,2019-06-18,95.40255039219008,MODIS-Aqua
2019-06-19,2019-06-19,43.82928903679996,MODIS-Aqua
2019-06-20,2019-06-20,60.53177039175345,MODIS-Aqua
2019-06-21,2019-06-21,65.4082042985838,MODIS-Aqua
2019-06-22,2019-06-22,65.84926813749577,MODIS-Aqua
2019-06-23,2019-06-23,71.66381120302616,MODIS-Aqua
2019-06-26,2019-06-26,28.02456526278366,MODIS-Aqua
2019-06-28,2019-06-28,50.97640967956475,MODIS-Aqua
2019-06-30,2019-06-30,73.28345064953446,MODIS-Aqua
2019-07-02,2019-07-02,86.45556723273995,MODIS-Aqua
2019-07-03,2019-07-03,135.97786801777914,MODIS-Aqua
2019-07-04,2019-07-04,69.3238931472885,MODIS-Aqua
2019-07-05,2019-07-05,50.22129926494445,MODIS-Aqua
2019-07-07,2019-07-07,51.96710296161071,MODIS-Aqua
2019-07-08,2019-07-08,75.6925988192699,MODIS-Aqua
2019-07-11,2019-07-11,97.03590136625456,MODIS-Aqua
2019-07-12,2019-07-12,51.287160576813605,MODIS-Aqua
2019-07-13,2019-07-13,88.6555392438095,MODIS-Aqua
2019-07-14,2019-07-14,83.92732779637674,MODIS-Aqua
2019-07-15,2019-07-15,114.79912485773741,MODIS-Aqua
2019-07-16,2019-07-16,76.78455784852629,MODIS-Aqua
2019-07-18,2019-07-18,126.11468318859595,MODIS-Aqua
2019-07-19,2019-07-19,112.99104947166997,MODIS-Aqua
2019-07-20,2019-07-20,53.21730094404173,MODIS-Aqua
2019-07-21,2019-07-21,40.81706735101025,MODIS-Aqua
2019-07-22,2019-07-22,57.556041405174305,MODIS-Aqua
2019-07-23,2019-07-23,121.43302230537246,MODIS-Aqua
2019-07-24,2019-07-24,62.15675871367898,MODIS-Aqua
2019-07-26,2019-07-26,44.293509804960394,MODIS-Aqua
2019-07-27,2019-07-27,56.804791256116346,MODIS-Aqua
2019-07-28,2019-07-28,44.546915203928506,MODIS-Aqua
2019-07-29,2019-07-29,44.31840141681535,MODIS-Aqua
2019-07-30,2019-07-30,55.70476831502383,MODIS-Aqua
2019-07-31,2019-07-31,48.06311431241861,MODIS-Aqua
2019-08-02,2019-08-02,128.35308692779964,MODIS-Aqua
2019-08-03,2019-08-03,77.10178334535482,MODIS-Aqua
2019-08-04,2019-08-04,58.559048268327814,MODIS-Aqua
2019-08-05,2019-08-05,61.43358548245525,MODIS-Aqua
2019-08-08,2019-08-08,107.06316183219421,MODIS-Aqua
2019-08-11,2019-08-11,126.04443639347295,MODIS-Aqua
2019-08-12,2019-08-12,130.1767846159721,MODIS-Aqua
2019-08-13,2019-08-13,72.3026230564598,MODIS-Aqua
2019-08-14,2019-08-14,86.87905009489047,MODIS-Aqua
2019-08-15,2019-08-15,116.93872720655904,MODIS-Aqua
2019-08-16,2019-08-16,135.84479454334317,MODIS-Aqua
2019-08-17,2019-08-17,75.70665617741061,MODIS-Aqua
2019-08-18,2019-08-18,109.1223332377686,MODIS-Aqua
2019-08-19,2019-08-19,43.59982622820559,MODIS-Aqua
2019-08-20,2019-08-20,142.06968480096987,MODIS-Aqua
2019-08-22,2019-08-22,51.69596717620183,MODIS-Aqua
2019-08-23,2019-08-23,57.816634285539294,MODIS-Aqua
2019-08-24,2019-08-24,96.62411532369902,MODIS-Aqua
2019-08-25,2019-08-25,109.45606753406068,MODIS-Aqua
2019-08-26,2019-08-26,82.31942373306218,MODIS-Aqua
2019-08-27,2019-08-27,46.59635801044456,MODIS-Aqua
2019-08-30,2019-08-30,78.75428454665268,MODIS-Aqua
2019-08-31,2019-08-31,104.81997733051058,MODIS-Aqua
2019-09-01,2019-09-01,83.96660408838555,MODIS-Aqua
2019-09-02,2019-09-02,78.47608129013886,MODIS-Aqua
2019-09-03,2019-09-03,58.281765522844466,MODIS-Aqua
2019-09-04,2019-09-04,84.94818049876535,MODIS-Aqua
2019-09-05,2019-09-05,71.33897014975587,MODIS-Aqua
2019-09-06,2019-09-06,57.17203874353312,MODIS-Aqua
2019-09-08,2019-09-08,56.13794686406418,MODIS-Aqua
2019-09-10,2019-09-10,24.92030326135364,MODIS-Aqua
2019-09-11,2019-09-11,87.70759752456988,MODIS-Aqua
2019-09-12,2019-09-12,63.88281695791786,MODIS-Aqua
2019-09-13,2019-09-13,63.10622665337122,MODIS-Aqua
2019-09-14,2019-09-14,47.175071847737016,MODIS-Aqua
2019-09-15,2019-09-15,41.04251704219221,MODIS-Aqua
2019-09-19,2019-09-19,39.89138790503824,MODIS-Aqua
2019-09-20,2019-09-20,107.20089116534298,MODIS-Aqua
2019-09-21,2019-09-21,129.3205457902268,MODIS-Aqua
2019-09-23,2019-09-23,105.10186242038799,MODIS-Aqua
2019-09-24,2019-09-24,58.9648485683778,MODIS-Aqua
2019-09-25,2019-09-25,65.4082042985838,MODIS-Aqua
2019-09-26,2019-09-26,79.0445610104026,MODIS-Aqua
2019-09-27,2019-09-27,58.27477739184436,MODIS-Aqua
2019-10-01,2019-10-01,80.59695779990373,MODIS-Aqua
2019-10-04,2019-10-04,93.67599484897258,MODIS-Aqua
2019-10-05,2019-10-05,66.6837326157319,MODIS-Aqua
2019-10-06,2019-10-06,65.4082042985838,MODIS-Aqua
2019-10-07,2019-10-07,60.035417859480965,MODIS-Aqua
2019-10-08,2019-10-08,27.013206429774215,MODIS-Aqua
2019-10-09,2019-10-09,33.16568372628055,MODIS-Aqua
2019-10-10,2019-10-10,34.01479675803083,MODIS-Aqua
2019-10-11,2019-10-11,43.7805230380562,MODIS-Aqua
2019-10-12,2019-10-12,33.27336503515043,MODIS-Aqua
2019-10-13,2019-10-13,41.34725199265508,MODIS-Aqua
2019-10-14,2019-10-14,31.941242160139073,MODIS-Aqua
2019-10-18,2019-10-18,20.942731307662985,MODIS-Aqua
2019-10-22,2019-10-22,29.766072676969074,MODIS-Aqua
2019-10-23,2019-10-23,16.590952002717653,MODIS-Aqua
2019-10-24,2019-10-24,17.743928050150544,MODIS-Aqua
2019-10-25,2019-10-25,16.27570716550711,MODIS-Aqua
2019-10-26,2019-10-26,12.443887388085528,MODIS-Aqua
2019-10-27,2019-10-27,12.674367652502351,MODIS-Aqua
2019-10-28,2019-10-28,15.474813633000638,MODIS-Aqua
2019-10-29,2019-10-29,11.945334098983636,MODIS-Aqua
2019-10-30,2019-10-30,10.993732094003153,MODIS-Aqua
2019-10-31,2019-10-31,13.941828798553777,MODIS-Aqua
2019-11-01,2019-11-01,11.262369233047512,MODIS-Aqua
2019-11-02,2019-11-02,13.423065657132323,MODIS-Aqua
2019-11-03,2019-11-03,14.976925228835018,MODIS-Aqua
2019-11-04,2019-11-04,12.723845382039451,MODIS-Aqua
2019-11-06,2019-11-06,13.613177495998343,MODIS-Aqua
2019-11-08,2019-11-08,15.977697795524946,MODIS-Aqua
2019-11-10,2019-11-10,13.3322119596102,MODIS-Aqua
2019-11-20,2019-11-20,11.562594582434334,MODIS-Aqua
2019-11-21,2019-11-21,9.968361196679622,MODIS-Aqua
2019-11-22,2019-11-22,10.52548114779717,MODIS-Aqua
2019-11-23,2019-11-23,14.136157679267496,MODIS-Aqua
2019-11-28,2019-11-28,11.439279877419747,MODIS-Aqua
2019-11-29,2019-11-29,7.224061837255156,MODIS-Aqua
2019-12-03,2019-12-03,8.086345858817468,MODIS-Aqua
2019-12-23,2019-12-23,10.170197408388503,MODIS-Aqua
2019-12-30,2019-12-30,6.814175547091315,MODIS-Aqua
2020-01-05,2020-01-05,12.885486570267652,MODIS-Aqua
2020-01-09,2020-01-09,14.125830992656294,MODIS-Aqua
2020-02-03,2020-02-03,13.034887784580015,MODIS-Aqua
2020-02-06,2020-02-06,8.774770151563827,MODIS-Aqua
2020-02-07,2020-02-07,9.07380511328676,MODIS-Aqua
2020-02-09,2020-02-09,12.567357834508899,MODIS-Aqua
2020-02-10,2020-02-10,8.862004373799332,MODIS-Aqua
2020-02-11,2020-02-11,11.981800780063786,MODIS-Aqua
2020-02-12,2020-02-12,13.553267663778993,MODIS-Aqua
2020-02-13,2020-02-13,11.428229523264713,MODIS-Aqua
2020-02-17,2020-02-17,10.292252400447898,MODIS-Aqua
2020-02-18,2020-02-18,12.26993461284378,MODIS-Aqua
2020-02-19,2020-02-19,10.530346781000715,MODIS-Aqua
2020-02-21,2020-02-21,12.159029565992116,MODIS-Aqua
2020-02-22,2020-02-22,12.565340399957273,MODIS-Aqua
2020-02-23,2020-02-23,12.654363218236131,MODIS-Aqua
2020-02-24,2020-02-24,12.221229674164904,MODIS-Aqua
2020-02-25,2020-02-25,12.160044829446644,MODIS-Aqua
2020-02-26,2020-02-26,10.062346858688459,MODIS-Aqua
2020-02-27,2020-02-27,12.120939362551432,MODIS-Aqua
2020-03-01,2020-03-01,11.959462644405226,MODIS-Aqua
2020-03-02,2020-03-02,10.415679362212543,MODIS-Aqua
2020-03-03,2020-03-03,13.65123054075876,MODIS-Aqua
2020-03-04,2020-03-04,12.737562812997458,MODIS-Aqua
2020-03-09,2020-03-09,19.730665280598174,MODIS-Aqua
2020-03-10,2020-03-10,15.150674965362878,MODIS-Aqua
2020-03-12,2020-03-12,13.754587142665594,MODIS-Aqua
2020-03-13,2020-03-13,14.47049152762878,MODIS-Aqua
2020-03-19,2020-03-19,16.11896065811945,MODIS-Aqua
2020-03-20,2020-03-20,15.280884153470975,MODIS-Aqua
2020-03-22,2020-03-22,15.619320113367982,MODIS-Aqua
2020-03-26,2020-03-26,17.376980275719667,MODIS-Aqua
2020-04-01,2020-04-01,15.97632242000153,MODIS-Aqua
2020-04-03,2020-04-03,15.916786143731771,MODIS-Aqua
2020-04-07,2020-04-07,16.778926247794224,MODIS-Aqua
2020-04-08,2020-04-08,17.507879394618314,MODIS-Aqua
2020-04-09,2020-04-09,16.34190233771475,MODIS-Aqua
2020-04-10,2020-04-10,19.52499945524009,MODIS-Aqua
2020-04-12,2020-04-12,17.96734296779777,MODIS-Aqua
2020-04-13,2020-04-13,19.30845756300279,MODIS-Aqua
2020-04-14,2020-04-14,19.445381269132408,MODIS-Aqua
2020-04-15,2020-04-15,18.682011312742727,MODIS-Aqua
2020-04-16,2020-04-16,15.978452353315118,MODIS-Aqua
2020-04-17,2020-04-17,19.333054768662556,MODIS-Aqua
2020-04-19,2020-04-19,19.957214410195707,MODIS-Aqua
2020-04-21,2020-04-21,19.65492023682513,MODIS-Aqua
2020-04-23,2020-04-23,18.086154724751008,MODIS-Aqua
2020-04-26,2020-04-26,21.893517038053236,MODIS-Aqua
2020-04-28,2020-04-28,21.1198967430357,MODIS-Aqua
2020-04-30,2020-04-30,17.96734296779777,MODIS-Aqua
2020-05-03,2020-05-03,22.385530019873535,MODIS-Aqua
2020-05-06,2020-05-06,20.441062437295237,MODIS-Aqua
2020-05-07,2020-05-07,19.453153905566875,MODIS-Aqua
2020-05-08,2020-05-08,22.792118750206622,MODIS-Aqua
2020-05-15,2020-05-15,24.655217532304285,MODIS-Aqua
2020-05-17,2020-05-17,21.426260914816783,MODIS-Aqua
2020-05-19,2020-05-19,24.514773105801705,MODIS-Aqua
2020-05-20,2020-05-20,16.729718130530298,MODIS-Aqua
2020-05-21,2020-05-21,22.478507012751717,MODIS-Aqua
2020-05-22,2020-05-22,23.496877567487275,MODIS-Aqua
2020-05-23,2020-05-23,22.202662506464467,MODIS-Aqua
2020-05-24,2020-05-24,22.908472748153912,MODIS-Aqua
2020-05-26,2020-05-26,22.62025726880944,MODIS-Aqua
2020-05-28,2020-05-28,23.048514990861833,MODIS-Aqua
2020-06-02,2020-06-02,24.52690016990211,MODIS-Aqua
2020-06-04,2020-06-04,31.69580581351403,MODIS-Aqua
2020-06-08,2020-06-08,24.89451822358568,MODIS-Aqua
2020-06-09,2020-06-09,19.388501466243227,MODIS-Aqua
2020-06-13,2020-06-13,32.0945960590588,MODIS-Aqua
2020-06-17,2020-06-17,33.27336503515043,MODIS-Aqua
2020-06-18,2020-06-18,48.4272025050169,MODIS-Aqua
2020-06-21,2020-06-21,75.48837383939728,MODIS-Aqua
2020-06-22,2020-06-22,71.66381120302616,MODIS-Aqua
2020-06-23,2020-06-23,63.33423896463574,MODIS-Aqua
2020-06-25,2020-06-25,75.6079155770427,MODIS-Aqua
2020-06-26,2020-06-26,29.12487692366775,MODIS-Aqua
2020-06-27,2020-06-27,83.55039064069123,MODIS-Aqua
2020-06-29,2020-06-29,82.02980708433573,MODIS-Aqua
2020-06-30,2020-06-30,93.49713966177241,MODIS-Aqua
2020-07-01,2020-07-01,113.32910302622702,MODIS-Aqua
2020-07-02,2020-07-02,72.87854419924905,MODIS-Aqua
2020-07-03,2020-07-03,41.99520332254548,MODIS-Aqua
2020-07-04,2020-07-04,87.50983470708424,MODIS-Aqua
2020-07-05,2020-07-05,151.00529863053282,MODIS-Aqua
2020-07-06,2020-07-06,127.26063672716653,MODIS-Aqua
2020-07-07,2020-07-07,160.63578236053314,MODIS-Aqua
2020-07-08,2020-07-08,112.59241432682597,MODIS-Aqua
2020-07-09,2020-07-09,62.549743274240974,MODIS-Aqua
2020-07-10,2020-07-10,113.31622160270108,MODIS-Aqua
2020-07-11,2020-07-11,103.11759554533167,MODIS-Aqua
2020-07-12,2020-07-12,55.034654637608746,MODIS-Aqua
2020-07-13,2020-07-13,113.14146045762736,MODIS-Aqua
2020-07-14,2020-07-14,35.57111956479134,MODIS-Aqua
2020-07-15,2020-07-15,69.13560061953577,MODIS-Aqua
2020-07-16,2020-07-16,121.72139505575922,MODIS-Aqua
2020-07-17,2020-07-17,35.00351239710648,MODIS-Aqua
2020-07-18,2020-07-18,52.9791380606368,MODIS-Aqua
2020-07-19,2020-07-19,43.911472933180576,MODIS-Aqua
2020-07-20,2020-07-20,53.08886063227204,MODIS-Aqua
2020-07-21,2020-07-21,47.06798179598162,MODIS-Aqua
2020-07-22,2020-07-22,35.11463764837667,MODIS-Aqua
2020-07-23,2020-07-23,69.47939676739138,MODIS-Aqua
2020-07-24,2020-07-24,89.23941463717512,MODIS-Aqua
2020-07-25,2020-07-25,106.93067208862153,MODIS-Aqua
2020-07-26,2020-07-26,48.968332688333135,MODIS-Aqua
2020-07-29,2020-07-29,69.31158312110625,MODIS-Aqua
2020-07-30,2020-07-30,71.28247943230923,MODIS-Aqua
2020-07-31,2020-07-31,95.06808477005471,MODIS-Aqua
2020-08-01,2020-08-01,127.21578150207057,MODIS-Aqua
2020-08-02,2020-08-02,109.19826409794962,MODIS-Aqua
2020-08-03,2020-08-03,142.53351279347905,MODIS-Aqua
2020-08-04,2020-08-04,70.05954243654847,MODIS-Aqua
2020-08-07,2020-08-07,110.06219302901039,MODIS-Aqua
2020-08-08,2020-08-08,111.1845902220419,MODIS-Aqua
2020-08-09,2020-08-09,82.42658733910568,MODIS-Aqua
2020-08-10,2020-08-10,87.65187006802255,MODIS-Aqua
2020-08-11,2020-08-11,63.08945552097946,MODIS-Aqua
2020-08-12,2020-08-12,92.7913983266615,MODIS-Aqua
2020-08-13,2020-08-13,84.68182219178661,MODIS-Aqua
2020-08-14,2020-08-14,58.22565436072054,MODIS-Aqua
2020-08-15,2020-08-15,45.22969638705034,MODIS-Aqua
2020-08-20,2020-08-20,67.72634621501625,MODIS-Aqua
2020-08-30,2020-08-30,47.37724997191268,MODIS-Aqua
2020-08-31,2020-08-31,58.72013785456124,MODIS-Aqua
2020-09-02,2020-09-02,83.74148753570334,MODIS-Aqua
2020-09-03,2020-09-03,52.12029952856414,MODIS-Aqua
2020-09-07,2020-09-07,63.07415120488203,MODIS-Aqua
2020-09-08,2020-09-08,32.25941654370358,MODIS-Aqua
2020-09-09,2020-09-09,60.85749590155578,MODIS-Aqua
2020-09-10,2020-09-10,37.21723664385757,MODIS-Aqua
2020-09-17,2020-09-17,33.170377462172766,MODIS-Aqua
2020-09-19,2020-09-19,52.80973296206573,MODIS-Aqua
2020-09-20,2020-09-20,63.752167645734524,MODIS-Aqua
2020-09-27,2020-09-27,61.70151488464334,MODIS-Aqua
2020-09-28,2020-09-28,62.10121492089872,MODIS-Aqua
2020-09-29,2020-09-29,84.41279980503775,MODIS-Aqua
2020-10-01,2020-10-01,80.7194773711358,MODIS-Aqua
2020-10-03,2020-10-03,92.34124656654576,MODIS-Aqua
2020-10-05,2020-10-05,45.274975998438556,MODIS-Aqua
2020-10-06,2020-10-06,34.898623835699794,MODIS-Aqua
2020-10-11,2020-10-11,26.37992010767576,MODIS-Aqua
2020-10-14,2020-10-14,26.88103289545768,MODIS-Aqua
2020-10-15,2020-10-15,25.954358211309284,MODIS-Aqua
2020-10-16,2020-10-16,58.6264835300665,MODIS-Aqua
2020-10-18,2020-10-18,80.63575632702421,MODIS-Aqua
2020-10-20,2020-10-20,40.021514371782054,MODIS-Aqua
2020-10-22,2020-10-22,18.354948270333267,MODIS-Aqua
2020-10-23,2020-10-23,27.3810148710395,MODIS-Aqua
2020-10-24,2020-10-24,26.3435081378294,MODIS-Aqua
2020-10-25,2020-10-25,12.830970158608384,MODIS-Aqua
2020-10-26,2020-10-26,31.508721595571078,MODIS-Aqua
2020-10-27,2020-10-27,30.935974016840216,MODIS-Aqua
2020-10-28,2020-10-28,31.027759005344105,MODIS-Aqua
2020-10-29,2020-10-29,27.985461440838005,MODIS-Aqua
2020-10-30,2020-10-30,23.400539105707022,MODIS-Aqua
2020-10-31,2020-10-31,26.571788113419668,MODIS-Aqua
2020-11-01,2020-11-01,35.46015807044276,MODIS-Aqua
2020-11-02,2020-11-02,26.30495190055743,MODIS-Aqua
2020-11-03,2020-11-03,28.97988167558088,MODIS-Aqua
2020-11-04,2020-11-04,23.477181797933163,MODIS-Aqua
2020-11-05,2020-11-05,22.15028382038584,MODIS-Aqua
2020-11-06,2020-11-06,15.598328137378937,MODIS-Aqua
2020-11-07,2020-11-07,11.242058956825575,MODIS-Aqua
2020-11-08,2020-11-08,13.437709132715371,MODIS-Aqua
2020-11-11,2020-11-11,12.539418685834956,MODIS-Aqua
2020-11-19,2020-11-19,7.197340571617135,MODIS-Aqua
2020-11-20,2020-11-20,6.6275951891735545,MODIS-Aqua
2020-11-21,2020-11-21,7.823161775622639,MODIS-Aqua
2020-11-24,2020-11-24,8.109374479220122,MODIS-Aqua
2020-11-26,2020-11-26,7.607179134154976,MODIS-Aqua
2020-11-27,2020-11-27,12.211958327835546,MODIS-Aqua
2020-11-29,2020-11-29,9.024182682323493,MODIS-Aqua
2020-12-01,2020-12-01,10.301489952926282,MODIS-Aqua
2020-12-02,2020-12-02,12.113737251647882,MODIS-Aqua
2020-12-03,2020-12-03,14.584906845712704,MODIS-Aqua
2020-12-04,2020-12-04,15.779815022131256,MODIS-Aqua
2020-12-05,2020-12-05,10.853651624666393,MODIS-Aqua
2020-12-06,2020-12-06,9.83060147614416,MODIS-Aqua
2020-12-07,2020-12-07,13.355195029512252,MODIS-Aqua
2020-12-08,2020-12-08,9.368810226229005,MODIS-Aqua
2020-12-10,2020-12-10,12.392479230033606,MODIS-Aqua
2020-12-21,2020-12-21,11.13225438020275,MODIS-Aqua
2020-12-23,2020-12-23,8.265581583744543,MODIS-Aqua
2020-12-28,2020-12-28,7.997859344546874,MODIS-Aqua
2020-12-30,2020-12-30,22.74054477511825,MODIS-Aqua
2021-01-07,2021-01-07,11.23179405829598,MODIS-Aqua
2021-01-13,2021-01-13,12.005818907827686,MODIS-Aqua
2021-01-14,2021-01-14,8.124267723703566,MODIS-Aqua
2021-01-18,2021-01-18,8.802108215751435,MODIS-Aqua
2021-01-23,2021-01-23,12.289142147206581,MODIS-Aqua
2021-01-25,2021-01-25,13.87031310396994,MODIS-Aqua
2021-02-03,2021-02-03,9.864648678657236,MODIS-Aqua
2021-02-05,2021-02-05,9.5641380652522,MODIS-Aqua
2021-02-06,2021-02-06,7.22523880804252,MODIS-Aqua
2021-02-07,2021-02-07,7.283179303971852,MODIS-Aqua
2021-02-10,2021-02-10,8.78257540980567,MODIS-Aqua
2021-02-13,2021-02-13,14.55615155051102,MODIS-Aqua
2021-02-22,2021-02-22,13.049524184910148,MODIS-Aqua
2021-02-23,2021-02-23,8.92851279071339,MODIS-Aqua
2021-02-24,2021-02-24,8.062482236865742,MODIS-Aqua
2021-02-25,2021-02-25,14.424690746206858,MODIS-Aqua
2021-02-27,2021-02-27,8.74769990503494,MODIS-Aqua
2021-02-28,2021-02-28,8.478929351625386,MODIS-Aqua
2021-03-01,2021-03-01,10.940577921196502,MODIS-Aqua
2021-03-02,2021-03-02,9.83060147614416,MODIS-Aqua
2021-03-03,2021-03-03,10.732480359827532,MODIS-Aqua
2021-03-04,2021-03-04,10.357279267218107,MODIS-Aqua
2021-03-05,2021-03-05,5.776877974637386,MODIS-Aqua
2021-03-06,2021-03-06,7.6057055464782115,MODIS-Aqua
2021-03-12,2021-03-12,10.291080348523273,MODIS-Aqua
2021-03-13,2021-03-13,10.885300996765427,MODIS-Aqua
2021-03-16,2021-03-16,10.364230065433127,MODIS-Aqua
2021-03-21,2021-03-21,12.540303701246641,MODIS-Aqua
2021-03-23,2021-03-23,10.484310468379276,MODIS-Aqua
2021-03-26,2021-03-26,13.129112316223969,MODIS-Aqua
2021-03-27,2021-03-27,13.268786904522823,MODIS-Aqua
2021-03-28,2021-03-28,12.449740084886695,MODIS-Aqua
2021-03-29,2021-03-29,12.970915323281575,MODIS-Aqua
2021-03-30,2021-03-30,12.048240798951918,MODIS-Aqua
2021-03-31,2021-03-31,14.551637582982556,MODIS-Aqua
2021-04-01,2021-04-01,14.434038168073094,MODIS-Aqua
2021-04-04,2021-04-04,16.62178008407921,MODIS-Aqua
2021-04-05,2021-04-05,13.421467149127514,MODIS-Aqua
2021-04-06,2021-04-06,14.734423818066924,MODIS-Aqua
2021-04-07,2021-04-07,15.276371335131326,MODIS-Aqua
2021-04-08,2021-04-08,11.495701530607045,MODIS-Aqua
2021-04-09,2021-04-09,16.974985336217888,MODIS-Aqua
2021-04-10,2021-04-10,12.105183164268078,MODIS-Aqua
2021-04-11,2021-04-11,13.290255064661038,MODIS-Aqua
2021-04-12,2021-04-12,14.621095413388357,MODIS-Aqua
2021-04-14,2021-04-14,13.229178174885641,MODIS-Aqua
2021-04-15,2021-04-15,14.917801603043142,MODIS-Aqua
2021-04-16,2021-04-16,15.658280537575887,MODIS-Aqua
2021-04-17,2021-04-17,15.61572108914983,MODIS-Aqua
2021-04-18,2021-04-18,18.90643837356021,MODIS-Aqua
2021-04-20,2021-04-20,17.642203240416364,MODIS-Aqua
2021-04-21,2021-04-21,14.390336154795591,MODIS-Aqua
2021-04-22,2021-04-22,15.132304407064478,MODIS-Aqua
2021-04-23,2021-04-23,16.408891558237606,MODIS-Aqua
2021-04-27,2021-04-27,18.656461356779637,MODIS-Aqua
2021-04-28,2021-04-28,19.24846454600555,MODIS-Aqua
2021-05-01,2021-05-01,20.280904820487212,MODIS-Aqua
2021-05-02,2021-05-02,22.385530019873535,MODIS-Aqua
2021-05-03,2021-05-03,19.630709999698155,MODIS-Aqua
2021-05-04,2021-05-04,20.127531905032956,MODIS-Aqua
2021-05-06,2021-05-06,20.922263538828624,MODIS-Aqua
2021-05-07,2021-05-07,16.070673443734417,MODIS-Aqua
2021-05-09,2021-05-09,21.771096307003713,MODIS-Aqua
2021-05-10,2021-05-10,21.10882385683918,MODIS-Aqua
2021-05-11,2021-05-11,21.26399822119048,MODIS-Aqua
2021-05-12,2021-05-12,21.306404805982655,MODIS-Aqua
2021-05-13,2021-05-13,22.352898408822355,MODIS-Aqua
2021-05-16,2021-05-16,21.296106617228563,MODIS-Aqua
2021-05-17,2021-05-17,20.513900182754586,MODIS-Aqua
2021-05-18,2021-05-18,19.61163752264358,MODIS-Aqua
2021-05-19,2021-05-19,16.671260593189224,MODIS-Aqua
2021-05-23,2021-05-23,18.103567595299698,MODIS-Aqua
2021-05-24,2021-05-24,20.17508166735569,MODIS-Aqua
2021-05-25,2021-05-25,19.395131552587678,MODIS-Aqua
2021-05-26,2021-05-26,21.992826871694977,MODIS-Aqua
2021-05-28,2021-05-28,14.300496761088477,MODIS-Aqua
2021-05-29,2021-05-29,21.52050201819977,MODIS-Aqua
2021-05-30,2021-05-30,15.223246245577013,MODIS-Aqua
2021-06-01,2021-06-01,23.203145187608385,MODIS-Aqua
2021-06-02,2021-06-02,23.307245255911873,MODIS-Aqua
2021-06-03,2021-06-03,41.60255590171752,MODIS-Aqua
2021-06-04,2021-06-04,22.192780377090774,MODIS-Aqua
2021-06-05,2021-06-05,20.012383019712516,MODIS-Aqua
2021-06-10,2021-06-10,23.350612361036006,MODIS-Aqua
2021-06-15,2021-06-15,15.100687469000121,MODIS-Aqua
2021-06-16,2021-06-16,37.92647950562803,MODIS-Aqua
2021-06-17,2021-06-17,36.90043006912954,MODIS-Aqua
2021-06-18,2021-06-18,40.455444884145415,MODIS-Aqua
2021-06-19,2021-06-19,46.547506684243864,MODIS-Aqua
2021-06-20,2021-06-20,50.36252116540399,MODIS-Aqua
2021-06-21,2021-06-21,35.32450504352384,MODIS-Aqua
2021-06-22,2021-06-22,54.29211570392244,MODIS-Aqua
2021-06-24,2021-06-24,60.87496223099034,MODIS-Aqua
2021-06-25,2021-06-25,104.72867753550835,MODIS-Aqua
2021-06-26,2021-06-26,94.20471504538712,MODIS-Aqua
2021-06-27,2021-06-27,55.72968986323017,MODIS-Aqua
2021-06-28,2021-06-28,91.79309891684201,MODIS-Aqua
2021-06-29,2021-06-29,26.75268195879948,MODIS-Aqua
2021-06-30,2021-06-30,74.5036314302822,MODIS-Aqua
2021-07-02,2021-07-02,46.85199196125317,MODIS-Aqua
2021-07-04,2021-07-04,65.69587071490024,MODIS-Aqua
2021-07-05,2021-07-05,72.96866005362793,MODIS-Aqua
2021-07-06,2021-07-06,73.39601193377396,MODIS-Aqua
2021-07-07,2021-07-07,78.97146648802381,MODIS-Aqua
2021-07-09,2021-07-09,43.56558518500323,MODIS-Aqua
2021-07-15,2021-07-15,60.22035111370485,MODIS-Aqua
2021-07-16,2021-07-16,51.72229632909106,MODIS-Aqua
2021-07-17,2021-07-17,79.5424588192752,MODIS-Aqua
2021-07-18,2021-07-18,52.54682135825748,MODIS-Aqua
2021-07-20,2021-07-20,53.798242743363275,MODIS-Aqua
2021-07-21,2021-07-21,83.72573107068723,MODIS-Aqua
2021-07-22,2021-07-22,40.26356072861815,MODIS-Aqua
2021-07-23,2021-07-23,76.432529218185,MODIS-Aqua
2021-07-28,2021-07-28,89.02469092090217,MODIS-Aqua
2021-08-03,2021-08-03,17.763653308224605,MODIS-Aqua
2021-08-06,2021-08-06,39.602119703019554,MODIS-Aqua
2021-08-07,2021-08-07,58.928927685880204,MODIS-Aqua
2021-08-08,2021-08-08,37.45393284676827,MODIS-Aqua
2021-08-10,2021-08-10,185.8400010502349,MODIS-Aqua
2021-08-20,2021-08-20,81.49214513777567,MODIS-Aqua
2021-08-22,2021-08-22,204.47822745866588,MODIS-Aqua
2021-08-26,2021-08-26,40.63493365812323,MODIS-Aqua
2021-08-27,2021-08-27,91.38027329188056,MODIS-Aqua
2021-08-28,2021-08-28,40.788367035268564,MODIS-Aqua
2021-09-01,2021-09-01,40.8141010099339,MODIS-Aqua
2021-09-02,2021-09-02,62.44664100468046,MODIS-Aqua
2021-09-03,2021-09-03,47.911119831126896,MODIS-Aqua
2021-09-07,2021-09-07,127.47644687626695,MODIS-Aqua
2021-09-12,2021-09-12,124.14594715523691,MODIS-Aqua
2021-09-13,2021-09-13,49.08939917258307,MODIS-Aqua
2021-09-14,2021-09-14,44.69891874025679,MODIS-Aqua
2021-09-15,2021-09-15,43.05596517372746,MODIS-Aqua
2021-09-16,2021-09-16,152.49469498309452,MODIS-Aqua
2021-09-17,2021-09-17,32.80621052672597,MODIS-Aqua
2021-09-19,2021-09-19,32.73432734693389,MODIS-Aqua
2021-09-20,2021-09-20,54.281279479111,MODIS-Aqua
2021-09-21,2021-09-21,40.6930733035419,MODIS-Aqua
2021-09-24,2021-09-24,59.45956853724976,MODIS-Aqua
2021-09-25,2021-09-25,30.084378562428512,MODIS-Aqua
2021-09-26,2021-09-26,33.01724074019203,MODIS-Aqua
2021-09-29,2021-09-29,68.04572194240805,MODIS-Aqua
2021-09-30,2021-09-30,86.05573867487853,MODIS-Aqua
2021-10-01,2021-10-01,35.6359829208473,MODIS-Aqua
2021-10-02,2021-10-02,37.49572357558063,MODIS-Aqua
2021-10-03,2021-10-03,55.05607383846737,MODIS-Aqua
2021-10-04,2021-10-04,41.288748312165616,MODIS-Aqua
2021-10-06,2021-10-06,43.44223465677536,MODIS-Aqua
2021-10-09,2021-10-09,68.07612159704884,MODIS-Aqua
2021-10-10,2021-10-10,29.879444940004845,MODIS-Aqua
2021-10-11,2021-10-11,12.72746863588892,MODIS-Aqua
2021-10-12,2021-10-12,35.594268932363484,MODIS-Aqua
2021-10-13,2021-10-13,36.308391778452304,MODIS-Aqua
2021-10-14,2021-10-14,56.45601377499882,MODIS-Aqua
2021-10-15,2021-10-15,74.12502152038293,MODIS-Aqua
2021-10-16,2021-10-16,80.28533775794094,MODIS-Aqua
2021-10-18,2021-10-18,280.24969942986195,MODIS-Aqua
2021-11-16,2021-11-16,11.933988903159085,MODIS-Aqua
2021-11-20,2021-11-20,9.513622676628708,MODIS-Aqua
2021-11-21,2021-11-21,10.736948225457912,MODIS-Aqua
2021-11-22,2021-11-22,7.123446604479275,MODIS-Aqua
2021-11-23,2021-11-23,13.656159095327663,MODIS-Aqua
2021-11-24,2021-11-24,13.327512443062929,MODIS-Aqua
2021-11-25,2021-11-25,13.98323065376696,MODIS-Aqua
2021-11-30,2021-11-30,13.47869247515329,MODIS-Aqua
2021-12-01,2021-12-01,9.731446369817132,MODIS-Aqua
2021-12-02,2021-12-02,18.023813966497528,MODIS-Aqua
2021-12-03,2021-12-03,15.451537134184706,MODIS-Aqua
2021-12-05,2021-12-05,14.622022255092928,MODIS-Aqua
2021-12-14,2021-12-14,16.59289940138659,MODIS-Aqua
2022-02-08,2022-02-08,22.795715450576363,MODIS-Aqua
2022-02-11,2022-02-11,32.83882620060125,MODIS-Aqua
2022-02-12,2022-02-12,29.188964317445045,MODIS-Aqua
2022-02-13,2022-02-13,24.975416663696,MODIS-Aqua
2022-02-15,2022-02-15,19.150211405815575,MODIS-Aqua
2022-02-16,2022-02-16,26.953138674545865,MODIS-Aqua
2022-02-17,2022-02-17,22.885077259977376,MODIS-Aqua
2022-02-18,2022-02-18,23.73288500698431,MODIS-Aqua
2022-02-19,2022-02-19,27.275950042506505,MODIS-Aqua
2022-02-20,2022-02-20,22.025094427770824,MODIS-Aqua
2022-02-22,2022-02-22,21.26105232478213,MODIS-Aqua
2022-02-24,2022-02-24,16.66701893135781,MODIS-Aqua
2022-02-25,2022-02-25,19.50678222418348,MODIS-Aqua
2022-03-06,2022-03-06,19.498665049728647,MODIS-Aqua
2022-03-07,2022-03-07,17.48416637802461,MODIS-Aqua
2022-03-08,2022-03-08,21.4616657660612,MODIS-Aqua
2022-03-10,2022-03-10,15.592975209894293,MODIS-Aqua
2022-03-14,2022-03-14,19.669442727792525,MODIS-Aqua
2022-03-16,2022-03-16,21.442277949792317,MODIS-Aqua
2022-03-17,2022-03-17,20.587971801465244,MODIS-Aqua
2022-03-22,2022-03-22,22.87231937387087,MODIS-Aqua
2022-03-24,2022-03-24,21.397378440569312,MODIS-Aqua
2022-03-29,2022-03-29,21.56300063190028,MODIS-Aqua
2022-04-21,2022-04-21,12.87133745411618,MODIS-Aqua
2022-04-23,2022-04-23,15.18988432652238,MODIS-Aqua
2022-04-24,2022-04-24,17.217458217570943,MODIS-Aqua
2022-04-26,2022-04-26,17.799667140137903,MODIS-Aqua
2022-04-27,2022-04-27,17.786206840609253,MODIS-Aqua
2022-05-01,2022-05-01,16.986977377785365,MODIS-Aqua
2022-05-02,2022-05-02,12.3052924124193,MODIS-Aqua
2022-05-03,2022-05-03,16.575540631644653,MODIS-Aqua
2022-05-04,2022-05-04,15.351151642674944,MODIS-Aqua
2022-05-16,2022-05-16,21.37540221588323,MODIS-Aqua
2022-05-17,2022-05-17,18.798138974228806,MODIS-Aqua
2022-05-20,2022-05-20,21.285610020384436,MODIS-Aqua
2022-05-21,2022-05-21,25.21188829981534,MODIS-Aqua
2022-05-23,2022-05-23,21.467630107037944,MODIS-Aqua
2022-05-24,2022-05-24,18.308178846959542,MODIS-Aqua
2022-05-25,2022-05-25,18.03831832975959,MODIS-Aqua
2022-05-31,2022-05-31,20.928705100334533,MODIS-Aqua
2022-06-12,2022-06-12,17.39197673132263,MODIS-Aqua
2022-06-18,2022-06-18,41.67962928627038,MODIS-Aqua
2022-06-19,2022-06-19,27.16145675525527,MODIS-Aqua
2022-06-21,2022-06-21,22.696407931371784,MODIS-Aqua
2022-06-22,2022-06-22,31.103329760327906,MODIS-Aqua
2022-06-23,2022-06-23,33.945437496197805,MODIS-Aqua
2022-06-24,2022-06-24,34.96284311267312,MODIS-Aqua
2022-06-25,2022-06-25,31.15776059301929,MODIS-Aqua
2022-06-26,2022-06-26,32.57389391161701,MODIS-Aqua
2022-06-27,2022-06-27,39.87758364248573,MODIS-Aqua
2022-06-28,2022-06-28,21.28796003679548,MODIS-Aqua
2022-06-29,2022-06-29,44.62396631099145,MODIS-Aqua
2022-07-01,2022-07-01,44.41285014279321,MODIS-Aqua
2022-07-08,2022-07-08,55.29575554648406,MODIS-Aqua
2022-07-10,2022-07-10,60.52682270240398,MODIS-Aqua
2022-07-11,2022-07-11,56.84380481912761,MODIS-Aqua
2022-07-14,2022-07-14,53.97600021447308,MODIS-Aqua
2022-07-15,2022-07-15,80.20077809621613,MODIS-Aqua
2022-07-17,2022-07-17,109.78734323218954,MODIS-Aqua
2022-07-18,2022-07-18,79.95783865377757,MODIS-Aqua
2022-07-19,2022-07-19,80.25609583024281,MODIS-Aqua
2022-07-20,2022-07-20,106.23074034268443,MODIS-Aqua
2022-07-21,2022-07-21,111.07515855562552,MODIS-Aqua
2022-07-22,2022-07-22,116.000293605181,MODIS-Aqua
2022-07-23,2022-07-23,137.01911794124226,MODIS-Aqua
2022-07-24,2022-07-24,91.73086266358871,MODIS-Aqua
2022-07-26,2022-07-26,49.93801121622763,MODIS-Aqua
2022-07-28,2022-07-28,70.95490650822165,MODIS-Aqua
2022-07-29,2022-07-29,446.15230410403336,MODIS-Aqua
2022-07-30,2022-07-30,264.1411964649729,MODIS-Aqua
2022-07-31,2022-07-31,27.247957592596666,MODIS-Aqua
2022-08-03,2022-08-03,86.02798536804245,MODIS-Aqua
2022-08-04,2022-08-04,80.69952245387985,MODIS-Aqua
2022-08-06,2022-08-06,68.65226031727431,MODIS-Aqua
2022-08-07,2022-08-07,54.23862803762099,MODIS-Aqua
2022-08-08,2022-08-08,84.43645020821779,MODIS-Aqua
2022-08-10,2022-08-10,56.48411312844908,MODIS-Aqua
2022-08-11,2022-08-11,131.68179805872904,MODIS-Aqua
2022-08-12,2022-08-12,113.06581921911837,MODIS-Aqua
2022-08-13,2022-08-13,107.28813664187852,MODIS-Aqua
2022-08-14,2022-08-14,75.20615729783349,MODIS-Aqua
2022-08-15,2022-08-15,76.77972373783058,MODIS-Aqua
2022-08-16,2022-08-16,96.00846076631143,MODIS-Aqua
2022-08-19,2022-08-19,71.55165015922219,MODIS-Aqua
2022-08-20,2022-08-20,77.91041338928206,MODIS-Aqua
2022-08-22,2022-08-22,88.56597838472615,MODIS-Aqua
2022-08-23,2022-08-23,87.60316652105013,MODIS-Aqua
2022-08-24,2022-08-24,68.25892424720945,MODIS-Aqua
2022-08-25,2022-08-25,49.396377581695994,MODIS-Aqua
2022-08-26,2022-08-26,200.4551779763735,MODIS-Aqua
2022-08-28,2022-08-28,63.06467088874947,MODIS-Aqua
2022-08-29,2022-08-29,49.635390469603685,MODIS-Aqua
2022-08-30,2022-08-30,38.15980131365366,MODIS-Aqua
2022-08-31,2022-08-31,49.62782098607758,MODIS-Aqua
2022-09-01,2022-09-01,65.05012557460105,MODIS-Aqua
2022-09-02,2022-09-02,40.60678402100171,MODIS-Aqua
2022-09-03,2022-09-03,42.11015923047445,MODIS-Aqua
2022-09-04,2022-09-04,19.15923501085561,MODIS-Aqua
2022-09-05,2022-09-05,93.60466635541748,MODIS-Aqua
2022-09-08,2022-09-08,28.460868703250938,MODIS-Aqua
2022-09-09,2022-09-09,44.354872025596016,MODIS-Aqua
2022-09-12,2022-09-12,39.30136842393668,MODIS-Aqua
2022-09-13,2022-09-13,196.15380935282036,MODIS-Aqua
2022-09-15,2022-09-15,115.93724332935209,MODIS-Aqua
2022-09-16,2022-09-16,112.5599177995082,MODIS-Aqua
2022-09-19,2022-09-19,74.1826105978166,MODIS-Aqua
2022-09-22,2022-09-22,100.10012535943451,MODIS-Aqua
2022-09-23,2022-09-23,95.65559141301497,MODIS-Aqua
2022-09-24,2022-09-24,42.347574629325244,MODIS-Aqua
2022-09-25,2022-09-25,83.43140154535803,MODIS-Aqua
2022-09-26,2022-09-26,82.14838142308638,MODIS-Aqua
2022-09-28,2022-09-28,58.98806160589917,MODIS-Aqua
2022-09-29,2022-09-29,118.50506657347809,MODIS-Aqua
2022-09-30,2022-09-30,57.80271291129226,MODIS-Aqua
2022-10-01,2022-10-01,68.34900560208979,MODIS-Aqua
2022-10-02,2022-10-02,47.22138323050823,MODIS-Aqua
2022-10-03,2022-10-03,65.50988486762095,MODIS-Aqua
2022-10-04,2022-10-04,66.11418555755571,MODIS-Aqua
2022-10-05,2022-10-05,84.6154333379395,MODIS-Aqua
2022-10-06,2022-10-06,86.82220566096407,MODIS-Aqua
2022-10-07,2022-10-07,62.910053504796565,MODIS-Aqua
2022-10-08,2022-10-08,55.13183105878422,MODIS-Aqua
2022-10-09,2022-10-09,148.19141172520497,MODIS-Aqua
2022-10-10,2022-10-10,43.16552883107911,MODIS-Aqua
2022-10-11,2022-10-11,56.76355230269176,MODIS-Aqua
2022-10-12,2022-10-12,59.28697639859915,MODIS-Aqua
2022-10-13,2022-10-13,80.34356487676638,MODIS-Aqua
2022-10-14,2022-10-14,57.96858382976745,MODIS-Aqua
2022-10-15,2022-10-15,53.74658912298147,MODIS-Aqua
2022-10-16,2022-10-16,57.64871216626805,MODIS-Aqua
2022-10-17,2022-10-17,57.44927502650717,MODIS-Aqua
2022-10-18,2022-10-18,108.5387351368513,MODIS-Aqua
2022-10-19,2022-10-19,73.30004919499284,MODIS-Aqua
2022-10-20,2022-10-20,62.15675871367905,MODIS-Aqua
2022-10-23,2022-10-23,30.405208536011347,MODIS-Aqua
2022-10-25,2022-10-25,53.439060970017444,MODIS-Aqua
2022-10-27,2022-10-27,74.75716658810933,MODIS-Aqua
2022-10-29,2022-10-29,44.6520181025954,MODIS-Aqua
2022-10-31,2022-10-31,45.422301331402764,MODIS-Aqua
2022-11-03,2022-11-03,25.32484533154819,MODIS-Aqua
2022-11-06,2022-11-06,11.73178449445135,MODIS-Aqua
2022-11-09,2022-11-09,13.961197441715157,MODIS-Aqua
2022-11-13,2022-11-13,14.114912081241101,MODIS-Aqua
2022-11-14,2022-11-14,16.988714673721425,MODIS-Aqua
2022-11-15,2022-11-15,15.08281927041205,MODIS-Aqua
2022-11-16,2022-11-16,16.052292656587493,MODIS-Aqua
2022-11-18,2022-11-18,13.190165098442863,MODIS-Aqua
2022-11-19,2022-11-19,13.594094446051358,MODIS-Aqua
2022-11-23,2022-11-23,13.024993712485275,MODIS-Aqua
2022-11-24,2022-11-24,5.4508009879286226,MODIS-Aqua
2022-11-26,2022-11-26,9.30094763218711,MODIS-Aqua
2022-12-07,2022-12-07,27.319067331483758,MODIS-Aqua
2023-01-17,2023-01-17,16.05713611089322,MODIS-Aqua
2023-01-19,2023-01-19,18.30104807511234,MODIS-Aqua
2023-01-20,2023-01-20,19.49191158461095,MODIS-Aqua
2023-01-22,2023-01-22,20.107439551760375,MODIS-Aqua
2023-01-23,2023-01-23,12.511622763143222,MODIS-Aqua
2023-01-29,2023-01-29,10.901803334623958,MODIS-Aqua
2023-02-07,2023-02-07,11.76751328966209,MODIS-Aqua
2023-02-09,2023-02-09,14.209614770856462,MODIS-Aqua
2023-02-11,2023-02-11,13.17239287388785,MODIS-Aqua
2023-02-12,2023-02-12,21.163291669481364,MODIS-Aqua
2023-02-14,2023-02-14,18.267337558494503,MODIS-Aqua
2023-02-15,2023-02-15,18.37951994969162,MODIS-Aqua
2023-02-17,2023-02-17,17.727873339384043,MODIS-Aqua
2023-02-19,2023-02-19,19.13419092476937,MODIS-Aqua
2023-02-25,2023-02-25,13.504049487434944,MODIS-Aqua
2023-03-16,2023-03-16,18.017571931720195,MODIS-Aqua
2023-03-17,2023-03-17,21.173036886190868,MODIS-Aqua
2023-03-25,2023-03-25,19.65492023682513,MODIS-Aqua
2023-03-26,2023-03-26,21.003988770550116,MODIS-Aqua
2023-04-11,2023-04-11,26.065840920829146,MODIS-Aqua
2023-04-12,2023-04-12,23.93260275235223,MODIS-Aqua
2023-04-13,2023-04-13,24.43242745391072,MODIS-Aqua
2023-04-14,2023-04-14,25.07185589394927,MODIS-Aqua
2023-04-22,2023-04-22,23.559568670575885,MODIS-Aqua
2023-04-25,2023-04-25,26.245522098300363,MODIS-Aqua
2023-04-26,2023-04-26,19.07443972398556,MODIS-Aqua
2023-04-27,2023-04-27,22.02438349958509,MODIS-Aqua
2023-04-28,2023-04-28,24.306961203777774,MODIS-Aqua
2023-04-29,2023-04-29,28.07769468296568,MODIS-Aqua
2023-04-30,2023-04-30,13.692385830236624,MODIS-Aqua
2023-05-02,2023-05-02,21.277889791262098,MODIS-Aqua
2023-05-03,2023-05-03,24.879908690874423,MODIS-Aqua
2023-05-09,2023-05-09,26.828675545591153,MODIS-Aqua
2023-05-11,2023-05-11,23.641952902930875,MODIS-Aqua
2023-05-12,2023-05-12,26.027007978788518,MODIS-Aqua
2023-05-13,2023-05-13,24.07365500241131,MODIS-Aqua
2023-05-16,2023-05-16,27.992363083958868,MODIS-Aqua
2023-05-17,2023-05-17,27.497059470434834,MODIS-Aqua
2023-05-18,2023-05-18,24.060448175246233,MODIS-Aqua
2023-05-19,2023-05-19,52.869305998148015,MODIS-Aqua
2023-05-20,2023-05-20,27.49705947043485,MODIS-Aqua
2023-05-21,2023-05-21,24.353282538029685,MODIS-Aqua
2023-05-24,2023-05-24,48.43845467877108,MODIS-Aqua
2023-05-25,2023-05-25,23.850196608934656,MODIS-Aqua
2023-05-26,2023-05-26,81.93689032983198,MODIS-Aqua
2023-05-29,2023-05-29,28.058560136811437,MODIS-Aqua
2023-05-30,2023-05-30,28.292825970084607,MODIS-Aqua
2023-05-31,2023-05-31,23.130685825424578,MODIS-Aqua
2023-06-02,2023-06-02,65.2162911643901,MODIS-Aqua
2023-06-03,2023-06-03,27.089686725206356,MODIS-Aqua
2023-06-04,2023-06-04,26.140299245580103,MODIS-Aqua
2023-06-07,2023-06-07,27.774432404708232,MODIS-Aqua
2023-06-08,2023-06-08,20.76835331467105,MODIS-Aqua
2023-06-10,2023-06-10,32.4115844969392,MODIS-Aqua
2023-06-11,2023-06-11,23.490770666780282,MODIS-Aqua
2023-06-12,2023-06-12,12.92772469869445,MODIS-Aqua
2023-06-15,2023-06-15,21.29774569211901,MODIS-Aqua
2023-06-16,2023-06-16,32.59665603636014,MODIS-Aqua
2023-06-18,2023-06-18,29.092550575076462,MODIS-Aqua
2023-06-19,2023-06-19,21.794895869080136,MODIS-Aqua
2023-06-20,2023-06-20,38.058287466214566,MODIS-Aqua
2023-06-21,2023-06-21,28.009750769384038,MODIS-Aqua
2023-06-26,2023-06-26,23.081587697380687,MODIS-Aqua
2023-06-28,2023-06-28,226.27508028141156,MODIS-Aqua
2023-06-29,2023-06-29,29.956848771928307,MODIS-Aqua
2023-06-30,2023-06-30,32.29853620893327,MODIS-Aqua
2023-07-01,2023-07-01,30.92863571896391,MODIS-Aqua
2023-07-02,2023-07-02,35.23121724506397,MODIS-Aqua
2023-07-03,2023-07-03,25.05035512639048,MODIS-Aqua
2023-07-04,2023-07-04,37.57399999100036,MODIS-Aqua
2023-07-05,2023-07-05,229.32301026232102,MODIS-Aqua
2023-07-06,2023-07-06,40.021514371782054,MODIS-Aqua
2023-07-07,2023-07-07,29.281546871168533,MODIS-Aqua
2023-07-08,2023-07-08,29.93081451358438,MODIS-Aqua
2023-07-09,2023-07-09,62.918011412932245,MODIS-Aqua
2023-07-10,2023-07-10,63.53631244762323,MODIS-Aqua
2023-07-11,2023-07-11,86.30832332951134,MODIS-Aqua
2023-07-12,2023-07-12,81.10227514282926,MODIS-Aqua
2023-07-13,2023-07-13,75.67570873319343,MODIS-Aqua
2023-07-14,2023-07-14,96.73414255882702,MODIS-Aqua
2023-07-15,2023-07-15,86.93353971004626,MODIS-Aqua
2023-07-16,2023-07-16,50.00335750888938,MODIS-Aqua
2023-07-17,2023-07-17,125.80507872074874,MODIS-Aqua
2023-07-18,2023-07-18,92.13264784107132,MODIS-Aqua
2023-07-19,2023-07-19,91.14375503820625,MODIS-Aqua
2023-07-20,2023-07-20,88.45134634650069,MODIS-Aqua
2023-07-21,2023-07-21,77.92855839245827,MODIS-Aqua
2023-07-22,2023-07-22,116.16894523205673,MODIS-Aqua
2023-07-24,2023-07-24,73.30846835435483,MODIS-Aqua
2023-07-25,2023-07-25,156.54814293914976,MODIS-Aqua
2023-07-26,2023-07-26,70.95490650822165,MODIS-Aqua
2023-07-27,2023-07-27,111.43896682844343,MODIS-Aqua
2023-07-28,2023-07-28,119.74799860994425,MODIS-Aqua
2023-07-29,2023-07-29,61.6881601068708,MODIS-Aqua
2023-07-30,2023-07-30,107.5897634055631,MODIS-Aqua
2023-07-31,2023-07-31,116.15765092700099,MODIS-Aqua
2023-08-01,2023-08-01,82.10765841562956,MODIS-Aqua
2023-08-02,2023-08-02,413.4286204280341,MODIS-Aqua
2023-08-04,2023-08-04,68.08704574508717,MODIS-Aqua
2023-08-05,2023-08-05,80.53421846965465,MODIS-Aqua
2023-08-06,2023-08-06,74.10769525273477,MODIS-Aqua
2023-08-08,2023-08-08,66.95547048910137,MODIS-Aqua
2023-08-09,2023-08-09,62.94337864522201,MODIS-Aqua
2023-08-10,2023-08-10,67.09576860041588,MODIS-Aqua
2023-08-11,2023-08-11,58.81124300692346,MODIS-Aqua
2023-08-12,2023-08-12,37.51321511127957,MODIS-Aqua
2023-08-13,2023-08-13,57.015682941511955,MODIS-Aqua
2023-08-14,2023-08-14,52.087765105591885,MODIS-Aqua
2023-08-15,2023-08-15,62.98741490851102,MODIS-Aqua
2023-08-17,2023-08-17,41.10773237325601,MODIS-Aqua
2023-08-24,2023-08-24,58.21807392029139,MODIS-Aqua
2023-08-26,2023-08-26,70.17121687453725,MODIS-Aqua
2023-08-27,2023-08-27,70.9175682828232,MODIS-Aqua
2023-08-28,2023-08-28,247.94187602461906,MODIS-Aqua
2023-08-29,2023-08-29,41.72563880467833,MODIS-Aqua
2023-08-30,2023-08-30,87.74814869153691,MODIS-Aqua
2023-09-03,2023-09-03,208.99695912297372,MODIS-Aqua
2023-09-04,2023-09-04,61.60973622181047,MODIS-Aqua
2023-09-05,2023-09-05,72.5043304704079,MODIS-Aqua
2023-09-07,2023-09-07,41.64446652139969,MODIS-Aqua
2023-09-09,2023-09-09,50.74078944206827,MODIS-Aqua
2023-09-10,2023-09-10,43.433325824218365,MODIS-Aqua
2023-09-12,2023-09-12,55.56094351482705,MODIS-Aqua
2023-09-13,2023-09-13,46.909374030488735,MODIS-Aqua
2023-09-14,2023-09-14,57.42964482776587,MODIS-Aqua
2023-09-15,2023-09-15,56.50855046534875,MODIS-Aqua
2023-09-16,2023-09-16,44.151550406345926,MODIS-Aqua
2023-09-17,2023-09-17,38.30707731916801,MODIS-Aqua
2023-09-19,2023-09-19,45.8347021947727,MODIS-Aqua
2023-09-20,2023-09-20,39.73878861883661,MODIS-Aqua
2023-09-21,2023-09-21,27.059149158856968,MODIS-Aqua
2023-09-22,2023-09-22,41.20335020797701,MODIS-Aqua
2023-09-27,2023-09-27,41.103126607267036,MODIS-Aqua
2023-09-28,2023-09-28,34.89243113742343,MODIS-Aqua
2023-10-01,2023-10-01,37.406791991346864,MODIS-Aqua
2023-10-04,2023-10-04,32.262695789836755,MODIS-Aqua
2023-10-05,2023-10-05,34.48480125939139,MODIS-Aqua
2023-10-06,2023-10-06,35.899850547476106,MODIS-Aqua
2023-10-07,2023-10-07,33.64575323225437,MODIS-Aqua
2023-10-08,2023-10-08,34.2586130479543,MODIS-Aqua
2023-10-12,2023-10-12,32.122548546765124,MODIS-Aqua
2023-10-17,2023-10-17,38.20228426081153,MODIS-Aqua
2023-10-18,2023-10-18,38.33546695871362,MODIS-Aqua
2023-10-19,2023-10-19,41.14829818590367,MODIS-Aqua
2023-10-23,2023-10-23,32.408556132122214,MODIS-Aqua
2023-10-26,2023-10-26,30.94211325907843,MODIS-Aqua
2023-10-27,2023-10-27,19.435664775933006,MODIS-Aqua
2023-10-28,2023-10-28,28.31856313415167,MODIS-Aqua
2023-10-29,2023-10-29,28.14463304092878,MODIS-Aqua
2023-10-30,2023-10-30,33.33387211841316,MODIS-Aqua
2023-10-31,2023-10-31,33.70094343239111,MODIS-Aqua
2023-11-08,2023-11-08,29.649867585811798,MODIS-Aqua
2023-11-11,2023-11-11,29.489333076391524,MODIS-Aqua
2023-11-17,2023-11-17,33.03337093122038,MODIS-Aqua
2023-11-20,2023-11-20,27.983717708890968,MODIS-Aqua
2023-11-21,2023-11-21,36.413829278146764,MODIS-Aqua
2023-11-23,2023-11-23,19.396204617355288,MODIS-Aqua
2023-11-24,2023-11-24,25.365729955852466,MODIS-Aqua
2023-11-25,2023-11-25,29.2736552528993,MODIS-Aqua
2023-11-26,2023-11-26,27.606740015984293,MODIS-Aqua
2023-11-27,2023-11-27,25.294328876978323,MODIS-Aqua
2023-11-28,2023-11-28,29.83080077712295,MODIS-Aqua
2023-12-12,2023-12-12,26.726025523933103,MODIS-Aqua
2023-12-16,2023-12-16,31.783700418031632,MODIS-Aqua
2024-01-05,2024-01-05,29.43974834466558,MODIS-Aqua
2024-01-06,2024-01-06,29.591672639000304,MODIS-Aqua
2024-01-29,2024-01-29,28.91987435633007,MODIS-Aqua
2024-02-03,2024-02-03,14.839865030325187,MODIS-Aqua
2024-02-11,2024-02-11,20.14078584444548,MODIS-Aqua
2024-02-13,2024-02-13,21.448179189716008,MODIS-Aqua
2024-02-22,2024-02-22,27.20052537282359,MODIS-Aqua
2024-02-23,2024-02-23,26.792867656373165,MODIS-Aqua
2024-02-24,2024-02-24,30.67116654338025,MODIS-Aqua
2024-03-01,2024-03-01,19.7710008219473,MODIS-Aqua
2024-03-06,2024-03-06,22.460706749292086,MODIS-Aqua
2024-03-07,2024-03-07,24.693491311628932,MODIS-Aqua
2024-03-08,2024-03-08,25.1815007400787,MODIS-Aqua
2024-03-12,2024-03-12,24.090645740119857,MODIS-Aqua
2024-03-13,2024-03-13,21.430249747213697,MODIS-Aqua
2024-03-14,2024-03-14,24.43871288989003,MODIS-Aqua
2024-03-15,2024-03-15,22.44381528419927,MODIS-Aqua
2024-03-16,2024-03-16,24.879908690874437,MODIS-Aqua
2024-03-18,2024-03-18,22.40814823959419,MODIS-Aqua
2024-03-19,2024-03-19,25.483235149123903,MODIS-Aqua
2024-03-24,2024-03-24,26.00876585034175,MODIS-Aqua
2024-03-25,2024-03-25,25.590072916062283,MODIS-Aqua
2024-03-26,2024-03-26,23.69208881239295,MODIS-Aqua
2024-03-31,2024-03-31,18.166067112922722,MODIS-Aqua
2024-04-01,2024-04-01,18.74640747448563,MODIS-Aqua
2024-04-04,2024-04-04,20.4386699037206,MODIS-Aqua
2024-04-05,2024-04-05,18.598083229367848,MODIS-Aqua
2024-04-09,2024-04-09,21.427194618543485,MODIS-Aqua
2024-04-10,2024-04-10,29.24911912167467,MODIS-Aqua
2024-04-11,2024-04-11,29.24911912167467,MODIS-Aqua
2024-04-15,2024-04-15,31.18402748150355,MODIS-Aqua
2024-04-17,2024-04-17,27.14809142000843,MODIS-Aqua
2024-04-18,2024-04-18,31.463965607321718,MODIS-Aqua
2024-04-19,2024-04-19,32.65249430090259,MODIS-Aqua
2024-04-28,2024-04-28,28.790502605055494,MODIS-Aqua
2024-04-30,2024-04-30,29.647733590949752,MODIS-Aqua
2024-05-02,2024-05-02,27.144723808549053,MODIS-Aqua
2024-05-07,2024-05-07,23.91669648785717,MODIS-Aqua
2024-05-08,2024-05-08,25.327367763353354,MODIS-Aqua
2024-05-09,2024-05-09,29.759858767330183,MODIS-Aqua
2024-05-10,2024-05-10,29.818595813494127,MODIS-Aqua
2024-05-11,2024-05-11,31.16825315593559,MODIS-Aqua
2024-05-12,2024-05-12,29.895980716519325,MODIS-Aqua
2024-05-13,2024-05-13,30.836611297747375,MODIS-Aqua
2024-05-14,2024-05-14,24.983114516982532,MODIS-Aqua
2024-05-15,2024-05-15,22.761724010167942,MODIS-Aqua
2024-05-17,2024-05-17,22.944601842047934,MODIS-Aqua
2024-05-19,2024-05-19,22.725369332815713,MODIS-Aqua
2024-05-20,2024-05-20,23.428669422928664,MODIS-Aqua
2024-05-21,2024-05-21,20.689545886581513,MODIS-Aqua
2024-05-22,2024-05-22,20.49217967456964,MODIS-Aqua
2024-05-23,2024-05-23,24.958431833511955,MODIS-Aqua
2024-05-26,2024-05-26,24.79909628930218,MODIS-Aqua
2024-05-27,2024-05-27,25.418461613037085,MODIS-Aqua
2024-05-29,2024-05-29,18.85144859772273,MODIS-Aqua
2024-05-31,2024-05-31,23.05710602374773,MODIS-Aqua
2024-06-05,2024-06-05,29.79098406564408,MODIS-Aqua
2024-06-06,2024-06-06,32.20764623139644,MODIS-Aqua
2024-06-07,2024-06-07,31.414626283758096,MODIS-Aqua
2024-06-08,2024-06-08,26.808994871350837,MODIS-Aqua
2024-06-10,2024-06-10,38.032042598312955,MODIS-Aqua
2024-06-11,2024-06-11,38.31200101797388,MODIS-Aqua
2024-06-12,2024-06-12,38.247818395979856,MODIS-Aqua
2024-06-13,2024-06-13,41.77985000999953,MODIS-Aqua
2024-06-15,2024-06-15,19.29506613502836,MODIS-Aqua
2024-06-17,2024-06-17,41.85514949234868,MODIS-Aqua
2024-06-18,2024-06-18,40.901609234711444,MODIS-Aqua
2024-06-19,2024-06-19,36.919399584178095,MODIS-Aqua
2024-06-21,2024-06-21,40.4496185884971,MODIS-Aqua
2024-06-22,2024-06-22,41.826838264923836,MODIS-Aqua
2024-06-23,2024-06-23,48.594702487532786,MODIS-Aqua
2024-06-24,2024-06-24,39.02591088563519,MODIS-Aqua
2024-06-26,2024-06-26,78.7324654279006,MODIS-Aqua
2024-06-27,2024-06-27,30.170578037176625,MODIS-Aqua
2024-06-28,2024-06-28,38.18658228806152,MODIS-Aqua
2024-07-01,2024-07-01,23.556526292123678,MODIS-Aqua
2024-07-02,2024-07-02,41.51756152606671,MODIS-Aqua
2024-07-04,2024-07-04,38.158812724470266,MODIS-Aqua
2024-07-05,2024-07-05,53.393997713440214,MODIS-Aqua
2024-07-06,2024-07-06,50.23475816466842,MODIS-Aqua
2024-07-07,2024-07-07,45.170548085757474,MODIS-Aqua
2024-07-09,2024-07-09,69.79228136169282,MODIS-Aqua
2024-07-10,2024-07-10,156.4157864776036,MODIS-Aqua
2024-07-11,2024-07-11,43.662186606718684,MODIS-Aqua
2024-07-12,2024-07-12,230.0834231851817,MODIS-Aqua
2024-07-13,2024-07-13,24.55724000814708,MODIS-Aqua
2024-07-15,2024-07-15,68.88682553738968,MODIS-Aqua
2024-07-16,2024-07-16,56.64627102856994,MODIS-Aqua
2024-07-17,2024-07-17,93.58255463936128,MODIS-Aqua
2024-07-18,2024-07-18,68.82599480225578,MODIS-Aqua
2024-07-19,2024-07-19,68.81730092084895,MODIS-Aqua
2024-07-21,2024-07-21,47.612650662787836,MODIS-Aqua
2024-07-22,2024-07-22,248.6359004694849,MODIS-Aqua
2024-07-23,2024-07-23,50.72919098314243,MODIS-Aqua
2024-07-25,2024-07-25,36.13295650306358,MODIS-Aqua
2024-07-26,2024-07-26,46.49014797311042,MODIS-Aqua
2024-07-28,2024-07-28,60.16361261824952,MODIS-Aqua
2024-07-30,2024-07-30,44.41285014279321,MODIS-Aqua
2024-07-31,2024-07-31,47.56786975945215,MODIS-Aqua
2024-08-01,2024-08-01,142.53351279347905,MODIS-Aqua
2024-08-04,2024-08-04,38.003719694455505,MODIS-Aqua
2024-08-05,2024-08-05,54.60231912843479,MODIS-Aqua
2024-08-06,2024-08-06,40.68508688423662,MODIS-Aqua
2024-08-09,2024-08-09,12.16421665427407,MODIS-Aqua
2024-08-10,2024-08-10,50.34865007815361,MODIS-Aqua
2024-08-11,2024-08-11,116.84584613460413,MODIS-Aqua
2024-08-12,2024-08-12,64.73079600312772,MODIS-Aqua
2024-08-13,2024-08-13,77.9062491519,MODIS-Aqua
2024-08-15,2024-08-15,144.439581028924,MODIS-Aqua
2024-08-16,2024-08-16,44.864538832727696,MODIS-Aqua
2024-08-18,2024-08-18,25.671496285911438,MODIS-Aqua
2024-08-24,2024-08-24,47.79976245774457,MODIS-Aqua
2024-08-25,2024-08-25,70.13408337797118,MODIS-Aqua
2024-08-26,2024-08-26,76.55457935598977,MODIS-Aqua
2024-08-27,2024-08-27,57.03573074172098,MODIS-Aqua
2024-08-28,2024-08-28,33.74046801040363,MODIS-Aqua
2024-08-29,2024-08-29,50.605666758021016,MODIS-Aqua
2024-08-30,2024-08-30,53.75267307206672,MODIS-Aqua
2024-08-31,2024-08-31,56.64113492026232,MODIS-Aqua
2024-09-01,2024-09-01,50.02599812825234,MODIS-Aqua
2024-09-02,2024-09-02,33.67007894141072,MODIS-Aqua
2024-09-03,2024-09-03,54.82813052796378,MODIS-Aqua
2024-09-04,2024-09-04,94.74855899442582,MODIS-Aqua
2024-09-08,2024-09-08,33.53042379969482,MODIS-Aqua
2024-09-12,2024-09-12,60.14645942693401,MODIS-Aqua
2024-09-13,2024-09-13,31.087259243766614,MODIS-Aqua
2024-09-18,2024-09-18,49.10813485012618,MODIS-Aqua
2024-09-20,2024-09-20,58.32460856630808,MODIS-Aqua
2024-09-21,2024-09-21,41.88107089728068,MODIS-Aqua
2024-09-22,2024-09-22,40.895577757968795,MODIS-Aqua
2024-09-23,2024-09-23,44.71716700246815,MODIS-Aqua
2024-09-24,2024-09-24,33.08224357697239,MODIS-Aqua
2024-09-26,2024-09-26,43.969492885229805,MODIS-Aqua
2024-09-27,2024-09-27,43.8839511918232,MODIS-Aqua
2024-09-28,2024-09-28,42.08125157268607,MODIS-Aqua
2024-09-29,2024-09-29,39.55958762166603,MODIS-Aqua
2024-09-30,2024-09-30,33.70094343239111,MODIS-Aqua
2024-10-01,2024-10-01,40.14415624079242,MODIS-Aqua
2024-10-02,2024-10-02,44.680708573456705,MODIS-Aqua
2024-10-03,2024-10-03,41.90912872919262,MODIS-Aqua
2024-10-04,2024-10-04,37.08367753142575,MODIS-Aqua
2024-10-07,2024-10-07,51.915252972707975,MODIS-Aqua
2024-10-08,2024-10-08,53.65195903913934,MODIS-Aqua
2024-10-13,2024-10-13,42.04852107000073,MODIS-Aqua
2024-10-14,2024-10-14,44.5071578818688,MODIS-Aqua
2024-10-17,2024-10-17,35.26386643400128,MODIS-Aqua
2024-10-18,2024-10-18,59.898944528907535,MODIS-Aqua
2024-10-24,2024-10-24,64.67760980115672,MODIS-Aqua
2024-10-26,2024-10-26,61.11141224553302,MODIS-Aqua
2024-10-29,2024-10-29,61.546136934616285,MODIS-Aqua
2024-11-03,2024-11-03,48.79834122066279,MODIS-Aqua
2024-11-06,2024-11-06,68.95976138769764,MODIS-Aqua
2024-11-07,2024-11-07,61.37376752524022,MODIS-Aqua
2024-11-15,2024-11-15,45.85730908602978,MODIS-Aqua
2024-11-26,2024-11-26,30.78528740293541,MODIS-Aqua
2024-12-03,2024-12-03,32.755752704695595,MODIS-Aqua
2024-12-04,2024-12-04,24.352862082943425,MODIS-Aqua
2024-12-08,2024-12-08,38.38537560385717,MODIS-Aqua
2024-12-09,2024-12-09,25.04583421098956,MODIS-Aqua
2024-12-18,2024-12-18,23.230823377323432,MODIS-Aqua
2025-01-09,2025-01-09,55.04369760259819,MODIS-Aqua
2025-01-11,2025-01-11,12.373579011820086,MODIS-Aqua
2025-01-12,2025-01-12,39.464822868878606,MODIS-Aqua
2025-01-15,2025-01-15,43.54686663395743,MODIS-Aqua
2025-01-16,2025-01-16,24.48808417517491,MODIS-Aqua
2025-01-18,2025-01-18,46.01661729470402,MODIS-Aqua
2025-01-19,2025-01-19,29.01455172957247,MODIS-Aqua
2025-01-20,2025-01-20,30.826436222392935,MODIS-Aqua
2025-01-21,2025-01-21,32.33343213002867,MODIS-Aqua
2025-01-22,2025-01-22,77.36743986968399,MODIS-Aqua
2025-01-24,2025-01-24,30.739250931973093,MODIS-Aqua
2025-01-25,2025-01-25,35.08341725913012,MODIS-Aqua
2025-01-26,2025-01-26,30.08529098146476,MODIS-Aqua
2025-02-25,2025-02-25,65.4082042985838,MODIS-Aqua
2025-02-26,2025-02-26,64.21595097955571,MODIS-Aqua
2025-02-28,2025-02-28,62.09650050775209,MODIS-Aqua
2025-03-03,2025-03-03,58.159032848637175,MODIS-Aqua
2025-03-06,2025-03-06,41.60255590171752,MODIS-Aqua
2025-03-07,2025-03-07,39.35061518790011,MODIS-Aqua
2025-03-08,2025-03-08,37.37057185010546,MODIS-Aqua
2025-03-24,2025-03-24,55.63719787832279,MODIS-Aqua
2025-03-29,2025-03-29,27.464377052604682,MODIS-Aqua
2025-03-30,2025-03-30,13.382175302442676,MODIS-Aqua
2025-04-02,2025-04-02,30.330045670961933,MODIS-Aqua
2025-04-03,2025-04-03,27.150848976709216,MODIS-Aqua
2025-04-04,2025-04-04,24.842535097759427,MODIS-Aqua
2025-04-10,2025-04-10,26.33982555022021,MODIS-Aqua
2025-04-12,2025-04-12,24.53498339702931,MODIS-Aqua
2025-04-13,2025-04-13,25.210608983097018,MODIS-Aqua
2025-04-14,2025-04-14,22.132652479307033,MODIS-Aqua
2025-04-16,2025-04-16,13.7354262986177,MODIS-Aqua
2025-04-17,2025-04-17,23.613633649101974,MODIS-Aqua
2025-04-18,2025-04-18,16.010290788367474,MODIS-Aqua
2025-04-20,2025-04-20,22.433929105331945,MODIS-Aqua
2025-04-21,2025-04-21,20.2424941048364,MODIS-Aqua
2025-04-23,2025-04-23,18.178554096503223,MODIS-Aqua
2025-04-27,2025-04-27,23.322448643797212,MODIS-Aqua
2025-04-30,2025-04-30,18.17463051522304,MODIS-Aqua
2025-05-01,2025-05-01,17.444932840252545,MODIS-Aqua
2025-05-04,2025-05-04,18.018196499176597,MODIS-Aqua
2025-05-06,2025-05-06,11.693172328551723,MODIS-Aqua
2025-05-08,2025-05-08,17.889187354454503,MODIS-Aqua
2025-05-10,2025-05-10,22.205432546089746,MODIS-Aqua
2025-05-12,2025-05-12,21.752935037344614,MODIS-Aqua
2025-05-13,2025-05-13,22.709380527411994,MODIS-Aqua
2025-05-14,2025-05-14,17.009858882113175,MODIS-Aqua
2025-05-20,2025-05-20,28.852047899629724,MODIS-Aqua
2025-05-22,2025-05-22,29.160690174187607,MODIS-Aqua
2025-05-23,2025-05-23,151.82218296801545,MODIS-Aqua
2025-05-26,2025-05-26,15.642353932574288,MODIS-Aqua
2025-05-27,2025-05-27,31.922654665612438,MODIS-Aqua
2025-05-28,2025-05-28,35.11620836796232,MODIS-Aqua
2025-05-29,2025-05-29,21.613299584121105,MODIS-Aqua
2025-05-30,2025-05-30,34.019775176221096,MODIS-Aqua
2025-06-01,2025-06-01,23.514186368799905,MODIS-Aqua
2025-06-02,2025-06-02,40.867740750131766,MODIS-Aqua
2025-06-04,2025-06-04,31.983041789784753,MODIS-Aqua
2025-06-05,2025-06-05,22.407725983092412,MODIS-Aqua
2025-06-06,2025-06-06,25.537261361756677,MODIS-Aqua
2025-06-07,2025-06-07,31.681505460753502,MODIS-Aqua
2025-06-08,2025-06-08,20.827160354710315,MODIS-Aqua
2025-06-11,2025-06-11,26.271613281911726,MODIS-Aqua
2025-06-14,2025-06-14,26.088232032466376,MODIS-Aqua
2025-06-16,2025-06-16,27.26469220318601,MODIS-Aqua
2025-06-17,2025-06-17,47.455112834545844,MODIS-Aqua
2025-06-19,2025-06-19,52.7402524605924,MODIS-Aqua
2025-06-22,2025-06-22,57.03675371834228,MODIS-Aqua
2025-06-24,2025-06-24,72.31886708406613,MODIS-Aqua
2025-06-26,2025-06-26,48.18762056874748,MODIS-Aqua
2025-06-28,2025-06-28,142.02589153513517,MODIS-Aqua
2025-06-29,2025-06-29,147.81011986568788,MODIS-Aqua
2025-07-01,2025-07-01,56.12925571203571,MODIS-Aqua
2025-07-02,2025-07-02,117.92243915586431,MODIS-Aqua
2025-07-03,2025-07-03,82.26277177206155,MODIS-Aqua
2025-07-05,2025-07-05,67.72634621501625,MODIS-Aqua
2025-07-07,2025-07-07,96.4794636745798,MODIS-Aqua
2025-07-08,2025-07-08,36.33222668105383,MODIS-Aqua
2025-07-09,2025-07-09,117.63149902015473,MODIS-Aqua
2025-07-10,2025-07-10,121.90201506106646,MODIS-Aqua
2025-07-12,2025-07-12,90.91172429156573,MODIS-Aqua
2025-07-14,2025-07-14,62.81689207262087,MODIS-Aqua
2025-07-15,2025-07-15,59.16576039038643,MODIS-Aqua
2025-07-16,2025-07-16,371.9000430026427,MODIS-Aqua
2025-07-18,2025-07-18,29.842407568443253,MODIS-Aqua
2025-07-19,2025-07-19,157.9358690903937,MODIS-Aqua
2025-07-20,2025-07-20,55.61791181976853,MODIS-Aqua
2025-07-22,2025-07-22,107.6862048788057,MODIS-Aqua
2025-07-24,2025-07-24,78.1635605070168,MODIS-Aqua
2025-07-25,2025-07-25,120.42594280747593,MODIS-Aqua
2025-07-26,2025-07-26,137.9393873538538,MODIS-Aqua
2025-07-28,2025-07-28,68.55778946267394,MODIS-Aqua
2025-07-29,2025-07-29,113.9433427033207,MODIS-Aqua
2025-08-01,2025-08-01,69.64518414454743,MODIS-Aqua
2025-08-04,2025-08-04,46.315988394028395,MODIS-Aqua
2025-08-05,2025-08-05,195.13777943215834,MODIS-Aqua
2025-08-06,2025-08-06,190.05269219976356,MODIS-Aqua
2025-08-10,2025-08-10,71.55165015922219,MODIS-Aqua
2025-08-11,2025-08-11,57.36314617722032,MODIS-Aqua
