datetime,chlorophyll_a_recommended,chl_green_red,chl_rf,julian_day,year
2011-01-06,31.13567533979707,31.13567533979707,58.8434983160288,6,2011
2011-01-20,31.187973221857384,31.187973221857384,70.16522011735518,20,2011
2011-01-22,21.12283752956396,21.12283752956396,55.670264956264994,22,2011
2011-01-25,16.217727921811075,16.217727921811075,59.07055161105489,25,2011
2011-01-27,41.15809695229057,41.15809695229057,72.90883016080434,27,2011
2011-01-30,31.330125501642872,31.330125501642872,52.98179570985261,30,2011
2011-02-01,22.909430664816256,22.909430664816256,56.070662086170415,32,2011
2011-02-02,14.93381274430533,14.93381274430533,51.2933855344306,33,2011
2011-02-09,24.019031326044658,24.019031326044658,58.40325301664249,40,2011
2011-02-10,36.359215199290176,36.359215199290176,65.24003047015744,41,2011
2011-02-21,55.726119274833884,55.726119274833884,52.26810675790172,52,2011
2011-04-01,74.1184014946569,74.1184014946569,76.92527351087041,91,2011
2011-04-12,53.67840915638993,53.67840915638993,67.79430268171595,102,2011
2011-04-19,111.2493449328531,111.2493449328531,76.58363518936952,109,2011
2011-04-22,58.615961663681595,58.615961663681595,69.58793819353616,112,2011
2011-04-23,54.14719293799935,54.14719293799935,64.29969227657634,113,2011
2011-05-01,43.20500734265339,43.20500734265339,94.14167791324488,121,2011
2011-05-04,58.74754577139553,58.74754577139553,94.04893030484439,124,2011
2011-05-10,28.877017463995955,28.877017463995955,55.27945982119734,130,2011
2011-05-12,25.35226895308021,25.35226895308021,58.39726344961458,132,2011
2011-05-13,36.58926842299344,36.58926842299344,108.3154292598891,133,2011
2011-05-19,36.00526449919617,36.00526449919617,80.11198740718507,139,2011
2011-05-20,69.34532861146803,69.34532861146803,99.71826056634613,140,2011
2011-05-24,73.13052095984554,73.13052095984554,102.85278689197028,144,2011
2011-06-03,56.35320753977866,56.35320753977866,100.3558426201715,154,2011
2011-06-09,41.928816758092196,41.928816758092196,80.49936237316314,160,2011
2011-06-14,93.40158284593682,93.40158284593682,100.4844976732529,165,2011
2011-06-16,47.10107082938616,47.10107082938616,112.6845459783262,167,2011
2011-06-17,64.27587600481945,64.27587600481945,100.89370895528356,168,2011
2011-06-20,49.58551766971412,49.58551766971412,124.30776070526757,171,2011
2011-06-22,44.142853971101424,44.142853971101424,123.1037625156769,173,2011
2011-06-25,42.88255977592503,42.88255977592503,126.34544621563293,176,2011
2011-07-01,74.52480721641375,74.52480721641375,110.04023110436552,182,2011
2011-07-02,65.01232937656623,65.01232937656623,105.1551120982542,183,2011
2011-07-03,90.52971331044867,90.52971331044867,109.0663368162312,184,2011
2011-07-04,43.71116758139816,43.71116758139816,84.25849173655378,185,2011
2011-07-05,89.51340624805374,89.51340624805374,109.2834624758785,186,2011
2011-07-06,82.0156122449444,82.0156122449444,106.7154505007156,187,2011
2011-07-08,71.96665292657171,71.96665292657171,107.89217098988209,189,2011
2011-07-09,94.3818247386736,94.3818247386736,107.68552987714014,190,2011
2011-07-10,108.47196302917192,108.47196302917192,101.54811911290716,191,2011
2011-07-15,68.38845831033693,68.38845831033693,102.58220547162801,196,2011
2011-07-20,16.196720969198758,16.196720969198758,61.48271384141992,201,2011
2011-07-22,45.022839884867174,45.022839884867174,118.34621587026146,203,2011
2011-07-23,129.7081096592545,129.7081096592545,100.50946798389003,204,2011
2011-07-24,90.70508521622669,90.70508521622669,99.3958429709916,205,2011
2011-07-26,45.153934293109984,45.153934293109984,117.59694292358833,207,2011
2011-07-27,48.12983968990307,48.12983968990307,114.39138246970688,208,2011
2011-07-28,81.45820732231637,81.45820732231637,107.10464710025829,209,2011
2011-07-29,55.46844611948655,55.46844611948655,81.08576374504244,210,2011
2011-07-30,103.41139948696183,103.41139948696183,105.36044732574751,211,2011
2011-07-31,75.64321791898865,75.64321791898865,102.93516292564883,212,2011
2011-08-01,125.77715847190336,125.77715847190336,102.44890535892787,213,2011
2011-08-02,137.62188130165467,137.62188130165467,104.03858099883627,214,2011
2011-08-03,112.27905581738773,112.27905581738773,102.47107854382908,215,2011
2011-08-04,103.72263544639969,103.72263544639969,101.97555896626818,216,2011
2011-08-05,33.47813040030293,33.47813040030293,81.9342257925407,217,2011
2011-08-06,74.84127259397228,74.84127259397228,105.08381870078611,218,2011
2011-08-07,47.29728189211927,47.29728189211927,98.99074110832744,219,2011
2011-08-08,197.01310619911283,197.01310619911283,100.70325914279134,220,2011
2011-08-09,106.90259003608973,106.90259003608973,101.54773093616535,221,2011
2011-08-10,104.22426425492192,104.22426425492192,100.53179164614234,222,2011
2011-08-11,116.17273444368645,116.17273444368645,100.91902197257525,223,2011
2011-08-12,82.11871461167655,82.11871461167655,100.2221565408936,224,2011
2011-08-13,123.56655954536907,123.56655954536907,105.68371953979693,225,2011
2011-08-14,45.99748611900198,45.99748611900198,97.18509970308608,226,2011
2011-08-16,120.39605614360902,120.39605614360902,102.05992568120138,228,2011
2011-08-17,120.21176754894603,120.21176754894603,101.37686638910958,229,2011
2011-08-18,114.19243920253135,114.19243920253135,102.91978826371884,230,2011
2011-08-19,133.17751450823263,133.17751450823263,101.3140234975282,231,2011
2011-08-20,101.93766020440577,101.93766020440577,102.40558758481649,232,2011
2011-08-21,65.8865760965059,65.8865760965059,98.54650443195189,233,2011
2011-08-22,57.77363159476669,57.77363159476669,97.41648756923291,234,2011
2011-08-23,44.56747911760911,44.56747911760911,74.86284244421124,235,2011
2011-08-24,119.71599049966876,119.71599049966876,98.68989773694071,236,2011
2011-08-25,139.34213321504285,139.34213321504285,96.32507490070455,237,2011
2011-08-26,105.38135984757056,105.38135984757056,92.97469901568269,238,2011
2011-08-27,105.15022088077089,105.15022088077089,85.98401052971285,239,2011
2011-08-28,64.18166810455021,64.18166810455021,89.84915435584685,240,2011
2011-08-29,91.59523857674819,91.59523857674819,94.17556963714398,241,2011
2011-09-01,97.59206214409465,97.59206214409465,84.62010978068594,244,2011
2011-09-02,107.69585046006323,107.69585046006323,90.52668679535498,245,2011
2011-09-03,108.08732639250448,108.08732639250448,90.3643171944451,246,2011
2011-09-04,82.90558107108977,82.90558107108977,78.72976501718645,247,2011
2011-09-05,75.05449113992306,75.05449113992306,77.36121368023834,248,2011
2011-09-06,90.64621336840852,90.64621336840852,80.05495997383449,249,2011
2011-09-08,56.014007634485246,56.014007634485246,59.69712717384251,251,2011
2011-09-09,134.25929285500047,134.25929285500047,51.29916084931188,252,2011
2011-09-10,70.82054790898515,70.82054790898515,45.91111098221782,253,2011
2011-09-11,56.07167254485617,56.07167254485617,47.04979676595585,254,2011
2011-09-12,36.09384376782131,36.09384376782131,44.57312847475925,255,2011
2011-09-13,81.22205343227934,81.22205343227934,47.647605842410215,256,2011
2011-09-18,54.385035909744,54.385035909744,39.17888959850491,261,2011
2011-09-19,58.97963289736489,58.97963289736489,47.07609475821644,262,2011
2011-09-20,82.33980251133659,82.33980251133659,49.2463073670528,263,2011
2011-09-21,98.83818448143316,98.83818448143316,46.52574669749299,264,2011
2011-09-23,56.617781544170185,56.617781544170185,44.14682709322094,266,2011
2011-09-24,105.7680607403341,105.7680607403341,49.1234652653974,267,2011
2011-09-28,62.62314814705981,62.62314814705981,43.54060882133514,271,2011
2011-09-29,84.42354553925654,84.42354553925654,46.07115801009543,272,2011
2011-10-08,52.993125678672776,52.993125678672776,41.83764073263707,281,2011
2011-10-14,54.26242059756605,54.26242059756605,36.41754693460736,287,2011
2011-10-16,16.675046383944935,16.675046383944935,60.97418756129888,289,2011
2011-10-17,42.58809892011215,42.58809892011215,44.4880034264159,290,2011
2011-10-18,44.29290223300555,44.29290223300555,38.67466216468026,291,2011
2011-10-23,36.743494050415144,36.743494050415144,39.65433968658227,296,2011
2011-10-24,20.018756265570367,20.018756265570367,57.09074358271932,297,2011
2011-10-25,29.115199411006508,29.115199411006508,59.41439668865338,298,2011
2011-10-26,25.55263506384383,25.55263506384383,60.091385533792156,299,2011
2011-10-27,19.78276276505116,19.78276276505116,57.41482306075371,300,2011
2011-10-29,26.155161082061596,26.155161082061596,59.93236385903348,302,2011
2011-11-01,18.247742176289034,18.247742176289034,59.25037852941226,305,2011
2011-11-02,13.12320584983242,13.12320584983242,48.706716322094536,306,2011
2011-11-08,18.4145743347784,18.4145743347784,56.73500025649465,312,2011
2011-11-11,10.63622818117369,10.63622818117369,49.20920273945369,315,2011
2011-11-25,7.50500596549998,7.50500596549998,49.56487906404164,329,2011
2011-11-29,10.434307124806523,10.434307124806523,49.12209617092227,333,2011
2011-12-01,10.271068226251366,10.271068226251366,48.078752778310744,335,2011
2011-12-02,11.399325013072211,11.399325013072211,47.968632148330514,336,2011
2011-12-03,13.948989307320442,13.948989307320442,54.41192876458376,337,2011
2011-12-04,8.147486617674854,8.147486617674854,49.32227590163508,338,2011
2011-12-05,10.740118570486867,10.740118570486867,48.22595539841668,339,2011
2011-12-06,16.11735093307708,16.11735093307708,51.230628608747224,340,2011
2011-12-07,11.054709251199139,11.054709251199139,47.633833991114315,341,2011
2011-12-08,10.425835719141194,10.425835719141194,47.91512766161154,342,2011
2011-12-09,8.77115496762141,8.77115496762141,48.89722870603629,343,2011
2011-12-10,11.734212775463941,11.734212775463941,47.870815662493854,344,2011
2011-12-12,15.194257988367001,15.194257988367001,53.483389284858326,346,2011
2011-12-13,7.6846663363750825,7.6846663363750825,49.694409933771446,347,2011
2011-12-16,7.833926776724907,7.833926776724907,47.36676813270713,350,2011
2011-12-17,11.861804097875535,11.861804097875535,47.42886347611865,351,2011
2011-12-21,13.752157638711095,13.752157638711095,47.315779728454324,355,2011
2011-12-22,11.589181582257318,11.589181582257318,48.034078391031954,356,2011
2011-12-23,9.856533726144422,9.856533726144422,49.82278475997453,357,2011
2012-01-03,12.853443773541727,12.853443773541727,47.48069034484046,3,2012
2012-01-04,12.750534671623111,12.750534671623111,46.30266388219036,4,2012
2012-01-08,18.639200320231353,18.639200320231353,56.19149201229798,8,2012
2012-01-09,12.889882252799099,12.889882252799099,47.64751633112103,9,2012
2012-01-10,26.343670136738382,26.343670136738382,39.52102016881395,10,2012
2012-01-11,18.62417305902549,18.62417305902549,56.277339884263114,11,2012
2012-01-12,16.836699647789978,16.836699647789978,60.42282664462234,12,2012
2012-01-23,8.988836110243852,8.988836110243852,48.90507968121438,23,2012
2012-01-27,25.957196870397425,25.957196870397425,58.73538246810253,27,2012
2012-02-02,27.37193167117557,27.37193167117557,60.17828042275783,33,2012
2012-02-03,22.88592554071503,22.88592554071503,57.30317880477096,34,2012
2012-02-05,19.029684812191867,19.029684812191867,55.30373963138856,36,2012
2012-02-06,36.42890436774128,36.42890436774128,60.41318816604914,37,2012
2012-02-12,15.765452710632573,15.765452710632573,52.29180561253726,43,2012
2012-02-24,74.89710180385961,74.89710180385961,67.32005672402245,55,2012
2012-02-27,6.312075489129583,6.312075489129583,49.6191187661052,58,2012
2012-03-04,11.099053426128702,11.099053426128702,48.890659006059614,64,2012
2012-03-07,34.091583302472046,34.091583302472046,66.38183450351245,67,2012
2012-03-08,24.098579648020845,24.098579648020845,57.014108813804064,68,2012
2012-03-23,15.130010214609754,15.130010214609754,46.19731196706301,83,2012
2012-03-24,24.679791737658004,24.679791737658004,58.59257417873149,84,2012
2012-03-26,25.350459417108198,25.350459417108198,58.77800878334851,86,2012
2012-04-14,53.004774459623896,53.004774459623896,76.27809836335678,105,2012
2012-04-21,49.319229932114624,49.319229932114624,70.83318582621598,112,2012
2012-04-22,75.99723382962166,75.99723382962166,70.75979854634127,113,2012
2012-04-23,93.35778574385817,93.35778574385817,88.11765063788343,114,2012
2012-04-29,43.92072196695363,43.92072196695363,92.52648010773463,120,2012
2012-05-06,63.89018081561978,63.89018081561978,91.6182313055318,127,2012
2012-05-07,75.74664772731809,75.74664772731809,100.45210593411997,128,2012
2012-05-09,75.11099143064376,75.11099143064376,101.56884079684846,130,2012
2012-05-10,45.0147634448276,45.0147634448276,106.62296169337303,131,2012
2012-05-11,37.660294595496076,37.660294595496076,107.78604513151848,132,2012
2012-05-12,50.34076683882492,50.34076683882492,99.6120081355717,133,2012
2012-05-13,79.60162258892007,79.60162258892007,105.04168657961911,134,2012
2012-05-14,49.801165302323255,49.801165302323255,107.2774671403187,135,2012
2012-05-15,35.26304722747179,35.26304722747179,111.47881219725781,136,2012
2012-05-16,59.318223333142626,59.318223333142626,94.43320846988334,137,2012
2012-05-17,45.191020575271004,45.191020575271004,110.21216934894268,138,2012
2012-05-18,28.908097723780156,28.908097723780156,62.60379081466848,139,2012
2012-05-26,35.43884099016761,35.43884099016761,114.5556624355909,147,2012
2012-05-30,18.42920290314598,18.42920290314598,57.66076850361253,151,2012
2012-06-01,88.88899261819725,88.88899261819725,103.4526542468906,153,2012
2012-06-06,45.27783133168198,45.27783133168198,81.82318443804243,158,2012
2012-06-10,66.17083005883872,66.17083005883872,102.73812751636753,162,2012
2012-06-11,34.412230772126726,34.412230772126726,89.97588974782062,163,2012
2012-06-13,38.11691381735133,38.11691381735133,80.10906507957179,165,2012
2012-06-14,59.43070663845197,59.43070663845197,97.6081545248807,166,2012
2012-06-15,60.19140469332946,60.19140469332946,100.49682683539984,167,2012
2012-06-16,59.16004555866981,59.16004555866981,114.5273424994947,168,2012
2012-06-17,14.42354705856853,14.42354705856853,48.99609589467853,169,2012
2012-06-20,31.764416255743598,31.764416255743598,92.10933839126574,172,2012
2012-06-21,69.36178990071123,69.36178990071123,104.31492323222238,173,2012
2012-06-24,10.456080751704478,10.456080751704478,50.0130957046338,176,2012
2012-06-27,51.689305179302536,51.689305179302536,86.27075110052456,179,2012
2012-07-02,126.45597803302795,126.45597803302795,105.1901776896513,184,2012
2012-07-04,75.87614778797504,75.87614778797504,115.12678019305987,186,2012
2012-07-05,80.99901878732241,80.99901878732241,105.11582467024846,187,2012
2012-07-06,77.26889022084313,77.26889022084313,106.3867020997522,188,2012
2012-07-07,73.69636066415386,73.69636066415386,108.25873524376135,189,2012
2012-07-08,50.004107823554016,50.004107823554016,123.30328090862163,190,2012
2012-07-09,86.05414316248925,86.05414316248925,103.6259057341959,191,2012
2012-07-10,45.60390580751995,45.60390580751995,120.73974932856683,192,2012
2012-07-11,100.63789303361585,100.63789303361585,102.7963174482691,193,2012
2012-07-12,61.15594883365676,61.15594883365676,102.38388139839714,194,2012
2012-07-13,40.676415422294696,40.676415422294696,120.38739519145221,195,2012
2012-07-19,77.78551408770119,77.78551408770119,105.1255228838214,201,2012
2012-07-21,120.32261489560796,120.32261489560796,101.64838525528228,203,2012
2012-07-23,96.43543605189399,96.43543605189399,103.17825295453636,205,2012
2012-07-24,42.843435490389645,42.843435490389645,78.23655159742623,206,2012
2012-07-25,107.2276053739926,107.2276053739926,103.15172392025664,207,2012
2012-07-26,93.68518597397916,93.68518597397916,104.32964946581603,208,2012
2012-07-27,73.35113025111124,73.35113025111124,102.56358050526347,209,2012
2012-07-28,113.41657938912499,113.41657938912499,103.20816607839133,210,2012
2012-07-29,40.592857535467246,40.592857535467246,117.24129991257777,211,2012
2012-07-30,75.03923305332572,75.03923305332572,108.31305799958827,212,2012
2012-07-31,70.79455509079361,70.79455509079361,79.3869600330354,213,2012
2012-08-01,107.05581458826555,107.05581458826555,105.96445721743783,214,2012
2012-08-02,77.6335558081307,77.6335558081307,105.96686234308902,215,2012
2012-08-03,130.3835554093286,130.3835554093286,101.32125487154876,216,2012
2012-08-04,110.22104936391173,110.22104936391173,102.32016797108463,217,2012
2012-08-05,54.40460099244249,54.40460099244249,94.11424350772288,218,2012
2012-08-06,150.55470417708617,150.55470417708617,102.14723620482812,219,2012
2012-08-07,43.29818820046149,43.29818820046149,75.82711460241175,220,2012
2012-08-08,96.05261805176218,96.05261805176218,101.10637257088071,221,2012
2012-08-09,52.796856896867574,52.796856896867574,91.72663772002291,222,2012
2012-08-10,84.07410519657783,84.07410519657783,102.74775473694335,223,2012
2012-08-11,94.34492337892186,94.34492337892186,101.94191016907706,224,2012
2012-08-12,80.7816101948786,80.7816101948786,101.7975186371327,225,2012
2012-08-13,93.26277171778186,93.26277171778186,99.83931536548549,226,2012
2012-08-14,63.928614634060224,63.928614634060224,99.30899550406991,227,2012
2012-08-15,72.24590007184571,72.24590007184571,107.53441949771337,228,2012
2012-08-16,60.286699024864575,60.286699024864575,97.0732565780577,229,2012
2012-08-17,56.894544896241435,56.894544896241435,90.65489070390774,230,2012
2012-08-19,112.66207112300978,112.66207112300978,101.66205993108744,232,2012
2012-08-21,102.83271399333617,102.83271399333617,101.48987631914976,234,2012
2012-08-22,125.3422913401091,125.3422913401091,100.18267629209006,235,2012
2012-08-23,47.43166802339856,47.43166802339856,88.19969312820936,236,2012
2012-08-24,74.95340457452198,74.95340457452198,99.22581068574641,237,2012
2012-08-25,59.49181563502253,59.49181563502253,80.86090068791486,238,2012
2012-08-26,67.03043290321237,67.03043290321237,87.44741643690799,239,2012
2012-08-27,91.80158145850754,91.80158145850754,96.88806963481021,240,2012
2012-08-29,161.34068306889117,161.34068306889117,90.9293126357434,242,2012
2012-08-30,103.67678094848537,103.67678094848537,92.06916481678104,243,2012
2012-08-31,81.23746493447274,81.23746493447274,91.61538444575207,244,2012
2012-09-01,61.09063038629235,61.09063038629235,84.48693699747966,245,2012
2012-09-02,71.35687257134565,71.35687257134565,85.40936642080527,246,2012
2012-09-03,103.77069401974727,103.77069401974727,83.55627370372541,247,2012
2012-09-04,70.79215298133832,70.79215298133832,78.07888989244145,248,2012
2012-09-05,112.45180640157108,112.45180640157108,79.85555992339565,249,2012
2012-09-06,73.29993833888176,73.29993833888176,78.70929241393836,250,2012
2012-09-07,67.27118584947186,67.27118584947186,60.56975971307514,251,2012
2012-09-09,127.82123379808013,127.82123379808013,50.27268085965039,253,2012
2012-09-11,70.09541562994677,70.09541562994677,51.464422401147694,255,2012
2012-09-12,72.54115513551213,72.54115513551213,51.84738844496164,256,2012
2012-09-13,51.77356417538554,51.77356417538554,39.38585306040419,257,2012
2012-09-14,69.69458951367048,69.69458951367048,45.58577665789608,258,2012
2012-09-16,57.48430104897524,57.48430104897524,40.19469200195823,260,2012
2012-09-17,83.64890334571699,83.64890334571699,51.609190980496905,261,2012
2012-09-18,49.308084163932584,49.308084163932584,44.213904826326555,262,2012
2012-09-19,51.71684327954379,51.71684327954379,39.57690736625489,263,2012
2012-09-20,68.75902501428133,68.75902501428133,51.079162212985665,264,2012
2012-09-22,85.91843851542968,85.91843851542968,44.243423425067135,266,2012
2012-09-23,27.47890332750409,27.47890332750409,62.84138911723462,267,2012
2012-09-24,99.22040576198782,99.22040576198782,49.06550788181325,268,2012
2012-09-25,43.249667614079314,43.249667614079314,38.443600775267214,269,2012
2012-09-26,78.69750492899563,78.69750492899563,46.198515694191016,270,2012
2012-09-30,69.01838638980486,69.01838638980486,41.35736912849497,274,2012
2012-10-01,72.51556381490786,72.51556381490786,42.070157621166615,275,2012
2012-10-02,60.92710438046548,60.92710438046548,40.11881581062761,276,2012
2012-10-03,46.834195595449955,46.834195595449955,40.36015065416291,277,2012
2012-10-04,39.31283604276253,39.31283604276253,36.109839209479006,278,2012
2012-10-05,55.29256371973161,55.29256371973161,42.96670909045021,279,2012
2012-10-06,53.35332732732262,53.35332732732262,39.60421316683263,280,2012
2012-10-07,47.995286044537735,47.995286044537735,39.691358595924555,281,2012
2012-10-08,31.546474626849623,31.546474626849623,49.934811152774316,282,2012
2012-10-09,56.054990183240946,56.054990183240946,43.14616356910187,283,2012
2012-10-10,45.793656086998496,45.793656086998496,46.951449274590125,284,2012
2012-10-11,36.39226307679935,36.39226307679935,50.41697811274044,285,2012
2012-10-17,72.44373371473111,72.44373371473111,41.28385662957552,291,2012
2012-10-18,50.5051449357727,50.5051449357727,37.53559296470886,292,2012
2012-10-25,37.790891064297675,37.790891064297675,55.172678009758044,299,2012
2012-11-05,17.151119278983565,17.151119278983565,61.16019233196185,310,2012
2012-11-06,26.607225887889843,26.607225887889843,59.987554183117226,311,2012
2012-11-08,15.802202539773255,15.802202539773255,60.805405455461475,313,2012
2012-11-14,19.89771340707245,19.89771340707245,56.72927117037553,319,2012
2012-11-15,14.842067349281168,14.842067349281168,47.3449157406148,320,2012
2012-11-25,15.229915597776115,15.229915597776115,46.92240108420828,330,2012
2012-11-26,11.833696244607326,11.833696244607326,48.96731016098699,331,2012
2012-12-10,13.74086268117952,13.74086268117952,46.99142803480204,345,2012
2012-12-13,13.953625166326873,13.953625166326873,46.667444372938235,348,2012
2013-01-01,17.731381357382286,17.731381357382286,57.92924580820604,1,2013
2013-01-02,24.995856387498247,24.995856387498247,61.17129441923018,2,2013
2013-01-04,28.24877911676674,28.24877911676674,60.174214092759584,4,2013
2013-01-16,10.949505070843994,10.949505070843994,49.77707523486381,16,2013
2013-01-17,16.635786321980913,16.635786321980913,52.057677179908524,17,2013
2013-01-18,15.692857763242014,15.692857763242014,53.63008533021066,18,2013
2013-01-19,36.76234032638261,36.76234032638261,55.24508840304644,19,2013
2013-01-20,34.709355589834594,34.709355589834594,55.38781781546015,20,2013
2013-01-21,14.711416030918576,14.711416030918576,47.67939537063664,21,2013
2013-01-22,10.608726139540165,10.608726139540165,49.277516243894354,22,2013
2013-02-01,15.816852103351582,15.816852103351582,58.871763783925225,32,2013
2013-02-08,10.314621912356285,10.314621912356285,46.99681077927468,39,2013
2013-02-10,7.27133341428941,7.27133341428941,48.57398720249134,41,2013
2013-02-15,17.32926940065824,17.32926940065824,53.96044844703761,46,2013
2013-02-19,11.491895801612172,11.491895801612172,47.86471267781538,50,2013
2013-03-03,32.81677828127377,32.81677828127377,52.63588785150454,62,2013
2013-03-04,21.183070768230888,21.183070768230888,55.17590414418332,63,2013
2013-03-07,32.027185367168336,32.027185367168336,56.339040030812086,66,2013
2013-03-08,13.914900554236732,13.914900554236732,45.83438128850599,67,2013
2013-03-09,23.968023149270014,23.968023149270014,49.9071924659037,68,2013
2013-03-13,26.89305127867148,26.89305127867148,59.38653897779269,72,2013
2013-03-30,33.51777704789913,33.51777704789913,64.79645837992337,89,2013
2013-03-31,29.65738082629369,29.65738082629369,61.22335033942624,90,2013
2013-04-22,28.00297311280077,28.00297311280077,60.454804791114285,112,2013
2013-04-23,46.4972757137125,46.4972757137125,73.64479013087941,113,2013
2013-04-24,61.85542028302169,61.85542028302169,84.30128231523906,114,2013
2013-04-25,36.8155513444315,36.8155513444315,89.73981374310739,115,2013
2013-04-26,58.95346198310689,58.95346198310689,81.7084845100876,116,2013
2013-04-27,37.6996384529393,37.6996384529393,92.88503762864525,117,2013
2013-05-01,66.09925009761776,66.09925009761776,95.91139180770914,121,2013
2013-05-02,49.02898356647214,49.02898356647214,93.99403480108217,122,2013
2013-05-03,68.63635536447133,68.63635536447133,92.29427884114415,123,2013
2013-05-04,57.73237372964279,57.73237372964279,94.43264153348747,124,2013
2013-05-05,91.16070271491674,91.16070271491674,92.24823959206552,125,2013
2013-05-06,26.93690752661435,26.93690752661435,59.72684284700486,126,2013
2013-05-07,51.369275498819576,51.369275498819576,92.17406329737123,127,2013
2013-05-08,28.83124754114252,28.83124754114252,61.187940096712275,128,2013
2013-05-09,66.54688037057208,66.54688037057208,98.57133002846363,129,2013
2013-05-10,40.82422776467533,40.82422776467533,103.67751685594695,130,2013
2013-05-13,25.057976210634113,25.057976210634113,58.634507957752284,133,2013
2013-05-20,86.14552260121003,86.14552260121003,102.33500294841446,140,2013
2013-05-31,53.206911860573705,53.206911860573705,114.91864244705124,151,2013
2013-06-01,77.46784674649963,77.46784674649963,106.26010176514714,152,2013
2013-06-02,34.474625539689654,34.474625539689654,86.63685665271367,153,2013
2013-06-03,83.8190354984948,83.8190354984948,105.64100479777636,154,2013
2013-06-04,78.81115240131027,78.81115240131027,102.44364984082145,155,2013
2013-06-05,65.25410082400158,65.25410082400158,102.62343350474515,156,2013
2013-06-06,77.43711541062093,77.43711541062093,105.95682744224646,157,2013
2013-06-07,40.911424777833695,40.911424777833695,81.6833093942401,158,2013
2013-06-08,100.65978241962304,100.65978241962304,104.04435575758816,159,2013
2013-06-09,75.13433564099842,75.13433564099842,110.43062532824294,160,2013
2013-06-10,74.09258148469674,74.09258148469674,103.53271703830796,161,2013
2013-06-14,42.57635738823748,42.57635738823748,118.06887111974837,165,2013
2013-06-16,22.284630497809026,22.284630497809026,58.52024833646318,167,2013
2013-06-17,65.29530453045848,65.29530453045848,102.5135092152882,168,2013
2013-06-18,52.5906452118888,52.5906452118888,118.28779340949696,169,2013
2013-06-28,79.66185838550595,79.66185838550595,105.36303330942292,179,2013
2013-06-30,37.971857410158336,37.971857410158336,124.94920388919269,181,2013
2013-07-01,57.04502306573657,57.04502306573657,113.29958580534702,182,2013
2013-07-02,38.16976316804015,38.16976316804015,82.30228931957951,183,2013
2013-07-03,79.30880038209921,79.30880038209921,105.607062279968,184,2013
2013-07-04,44.26756075006025,44.26756075006025,121.9035946174169,185,2013
2013-07-05,117.5030505489567,117.5030505489567,104.95292357532618,186,2013
2013-07-06,85.94065889284758,85.94065889284758,108.69841881021458,187,2013
2013-07-07,64.54060628243107,64.54060628243107,108.82195946054873,188,2013
2013-07-08,111.83113730938663,111.83113730938663,105.56007332384354,189,2013
2013-07-09,36.64968567676129,36.64968567676129,83.8395107679036,190,2013
2013-07-10,69.19277031387267,69.19277031387267,102.7728851446366,191,2013
2013-07-11,28.94274252599204,28.94274252599204,91.34047255288012,192,2013
2013-07-12,64.63722433630818,64.63722433630818,104.51103264592149,193,2013
2013-07-13,60.73645401605894,60.73645401605894,113.89365139935572,194,2013
2013-07-14,86.16007217350506,86.16007217350506,103.45718122604663,195,2013
2013-07-15,117.91748117411106,117.91748117411106,102.72475833983017,196,2013
2013-07-16,71.6236197395674,71.6236197395674,116.05272390751398,197,2013
2013-07-17,83.60833473031424,83.60833473031424,107.50404039657366,198,2013
2013-07-18,49.80811548883973,49.80811548883973,82.59717915645288,199,2013
2013-07-19,77.4458278485676,77.4458278485676,104.83719870540781,200,2013
2013-07-20,59.64966559039323,59.64966559039323,107.90867108524888,201,2013
2013-07-21,97.2240117847364,97.2240117847364,102.81749543385573,202,2013
2013-07-22,112.89993487748293,112.89993487748293,101.5419341195481,203,2013
2013-07-23,71.37505371200406,71.37505371200406,111.23165582645109,204,2013
2013-07-24,132.06059750809302,132.06059750809302,101.75738113111606,205,2013
2013-07-25,60.588951245229836,60.588951245229836,79.78090918923323,206,2013
2013-07-26,66.21234539568329,66.21234539568329,104.15886126946731,207,2013
2013-07-27,36.212153065416324,36.212153065416324,89.24361029055736,208,2013
2013-07-28,81.73064687223652,81.73064687223652,103.25959036471545,209,2013
2013-07-29,100.97523210131035,100.97523210131035,104.35205969015686,210,2013
2013-07-30,78.12684569002384,78.12684569002384,101.0324022105057,211,2013
2013-08-02,26.49782895488183,26.49782895488183,61.46889506078836,214,2013
2013-08-03,46.49722251929297,46.49722251929297,82.08648170851728,215,2013
2013-08-04,69.30870565694829,69.30870565694829,99.47167405253282,216,2013
2013-08-05,84.80608898503537,84.80608898503537,101.69879925522575,217,2013
2013-08-06,52.2792595629915,52.2792595629915,97.10249331333648,218,2013
2013-08-08,60.40960630225241,60.40960630225241,90.99638918389995,220,2013
2013-08-09,182.55546646322188,182.55546646322188,100.5525955752001,221,2013
2013-08-10,102.80423495161317,102.80423495161317,102.11382947504883,222,2013
2013-08-12,39.72959685625817,39.72959685625817,75.99197092347478,224,2013
2013-08-13,67.45017570642071,67.45017570642071,100.31999829470978,225,2013
2013-08-17,67.83059562529179,67.83059562529179,99.57268554980601,229,2013
2013-08-18,70.81757012629782,70.81757012629782,101.80667236186444,230,2013
2013-08-19,52.5525369694478,52.5525369694478,93.2638303970447,231,2013
2013-08-20,92.39233160480299,92.39233160480299,102.2555985851022,232,2013
2013-08-21,98.6107520894122,98.6107520894122,102.4277821970399,233,2013
2013-08-24,108.84591833690894,108.84591833690894,100.2045680096099,236,2013
2013-08-27,60.221672139737564,60.221672139737564,81.37843388510139,239,2013
2013-08-30,142.98536747485622,142.98536747485622,91.49923872626222,242,2013
2013-08-31,98.44591208743003,98.44591208743003,91.98537749564956,243,2013
2013-09-01,81.83324299550861,81.83324299550861,85.18699885750766,244,2013
2013-09-07,81.58554345001113,81.58554345001113,74.92616806761137,250,2013
2013-09-08,104.03481998896115,104.03481998896115,64.38826547347459,251,2013
2013-09-09,99.0359500162526,99.0359500162526,51.26449351323485,252,2013
2013-09-10,106.91726353122765,106.91726353122765,48.626552324749,253,2013
2013-09-11,93.22617533876831,93.22617533876831,51.33036330317466,254,2013
2013-09-12,46.556454289384945,46.556454289384945,39.74522825562968,255,2013
2013-09-13,66.08724154057047,66.08724154057047,46.31463580972142,256,2013
2013-09-15,52.39705720276436,52.39705720276436,42.49397753559795,258,2013
2013-09-19,56.859715510621974,56.859715510621974,44.55648568140707,262,2013
2013-10-04,55.6067415479757,55.6067415479757,42.96670909045021,277,2013
2013-10-05,64.98924183319305,64.98924183319305,42.8998156622376,278,2013
2013-10-06,61.28604580897921,61.28604580897921,42.85092431078124,279,2013
2013-10-13,48.98359700127081,48.98359700127081,53.35864827074308,286,2013
2013-10-14,37.807111315938215,37.807111315938215,37.477480887991376,287,2013
2013-10-15,37.242678830798326,37.242678830798326,46.71718950742661,288,2013
2013-10-16,41.22366125986138,41.22366125986138,40.32418011667239,289,2013
2013-10-17,43.796516620664015,43.796516620664015,37.877613964075245,290,2013
2013-10-18,41.75046843980734,41.75046843980734,39.83433687490336,291,2013
2013-10-19,42.0053228784794,42.0053228784794,39.901213400528405,292,2013
2013-10-20,44.099181473504615,44.099181473504615,38.23963209779825,293,2013
2013-10-21,33.30633321720677,33.30633321720677,45.93812296253486,294,2013
2013-10-22,36.96730880646535,36.96730880646535,39.18492116115452,295,2013
2013-10-23,28.74686063491252,28.74686063491252,47.69717922481563,296,2013
2013-10-24,41.74074596157243,41.74074596157243,46.84434870472042,297,2013
2013-10-25,40.35111464345587,40.35111464345587,56.463914252323576,298,2013
2013-10-26,37.287116102112066,37.287116102112066,58.93815787751626,299,2013
2013-10-28,10.88461259295482,10.88461259295482,50.411086844639925,301,2013
2013-10-29,16.12119713088339,16.12119713088339,52.86817224518748,302,2013
2013-10-30,26.402237853507636,26.402237853507636,58.26807263977419,303,2013
2013-11-01,26.95002945552238,26.95002945552238,52.253190996711155,305,2013
2013-11-10,8.448123040979398,8.448123040979398,49.74279749443995,314,2013
2013-11-11,7.118133825040461,7.118133825040461,49.12695451646157,315,2013
2013-11-13,27.79710135144419,27.79710135144419,60.862188089747484,317,2013
2013-11-21,11.846456217816225,11.846456217816225,48.16974577870813,325,2013
2013-11-22,15.821125526733518,15.821125526733518,51.56746221898722,326,2013
2013-11-23,9.168232202612957,9.168232202612957,48.950141869498715,327,2013
2013-11-24,12.416500569354978,12.416500569354978,46.21303598435237,328,2013
2013-11-25,7.704804600771879,7.704804600771879,49.694409933771446,329,2013
2013-11-28,11.614038860942696,11.614038860942696,48.05155713796345,332,2013
2013-11-29,17.15311028757826,17.15311028757826,60.071098854202944,333,2013
2013-12-04,3.485076464266198,3.485076464266198,49.02089118355174,338,2013
2013-12-07,12.750484961471933,12.750484961471933,47.79601340496728,341,2013
2013-12-09,10.334022290249232,10.334022290249232,50.922707269262965,343,2013
2013-12-11,9.180184323989907,9.180184323989907,50.922707269262965,345,2013
2013-12-16,12.739454520743584,12.739454520743584,53.074353180159164,350,2013
2013-12-17,14.406315102595045,14.406315102595045,53.30964586767293,351,2013
2013-12-24,13.95106348086562,13.95106348086562,46.794752375200375,358,2013
2013-12-26,14.2634855020979,14.2634855020979,52.455936449348535,360,2013
2013-12-27,12.084008328024245,12.084008328024245,47.5242749024289,361,2013
2013-12-28,15.204519507736926,15.204519507736926,52.729127981598594,362,2013
2014-01-02,16.17157823405881,16.17157823405881,53.52098155084685,2,2014
2014-01-04,10.575823066090308,10.575823066090308,48.03971919054565,4,2014
2014-01-05,22.145948760746478,22.145948760746478,59.360402186613,5,2014
2014-01-15,18.301187448215135,18.301187448215135,51.351807335367816,15,2014
2014-01-16,17.177107215141962,17.177107215141962,58.129314416091624,16,2014
2014-01-17,30.266833456188927,30.266833456188927,57.14822982373071,17,2014
2014-01-18,16.678674493245968,16.678674493245968,59.2736303236144,18,2014
2014-01-19,10.087648311730224,10.087648311730224,48.52844734104642,19,2014
2014-01-20,16.261055437242124,16.261055437242124,50.742906153576584,20,2014
2014-01-21,15.816852103351566,15.816852103351566,58.91923373711287,21,2014
2014-01-22,17.4925287464697,17.4925287464697,53.96907870987527,22,2014
2014-01-23,12.405232720474121,12.405232720474121,45.170925862407344,23,2014
2014-01-24,13.366037348909154,13.366037348909154,46.056148640401496,24,2014
2014-01-25,13.862283778216717,13.862283778216717,45.80008775771555,25,2014
2014-01-26,9.672672742931232,9.672672742931232,46.983736701272775,26,2014
2014-02-01,12.715649220331695,12.715649220331695,51.86473409210484,32,2014
2014-02-22,47.047742289427504,47.047742289427504,74.38919753602025,53,2014
2014-02-28,29.395376222911246,29.395376222911246,62.41932292340473,59,2014
2014-03-07,31.15640154678479,31.15640154678479,52.47613674975853,66,2014
2014-03-11,50.45830581287876,50.45830581287876,67.69635978173544,70,2014
2014-03-12,65.00464553196332,65.00464553196332,68.8583820385676,71,2014
2014-03-13,40.02303911488025,40.02303911488025,75.0429587402646,72,2014
2014-03-18,61.5071443879571,61.5071443879571,70.95686245972189,77,2014
2014-03-21,43.94266511208567,43.94266511208567,68.85027430065975,80,2014
2014-03-22,44.71993114197772,44.71993114197772,67.00049096332445,81,2014
2014-03-23,36.13323785816888,36.13323785816888,74.33425836379719,82,2014
2014-03-24,19.549083289687708,19.549083289687708,57.80621912447215,83,2014
2014-04-07,68.59242739550413,68.59242739550413,71.64395987906155,97,2014
2014-04-08,37.29319605631488,37.29319605631488,75.29681098143374,98,2014
2014-04-09,77.42242345008147,77.42242345008147,73.7079599034573,99,2014
2014-04-10,41.065638355306525,41.065638355306525,70.50511483033024,100,2014
2014-04-11,70.02185542473195,70.02185542473195,67.25641871099081,101,2014
2014-04-12,70.44608564096882,70.44608564096882,72.86159182697637,102,2014
2014-04-13,109.37019065263469,109.37019065263469,73.28692001220952,103,2014
2014-04-14,53.39981650854617,53.39981650854617,69.67886923747226,104,2014
2014-04-20,36.05175633653107,36.05175633653107,71.30559987605099,110,2014
2014-04-28,34.488219750332576,34.488219750332576,91.47122039876358,118,2014
2014-04-29,64.11707066565239,64.11707066565239,91.53062067778636,119,2014
2014-04-30,37.24264677641796,37.24264677641796,94.87134077288034,120,2014
2014-05-01,26.89305127867148,26.89305127867148,58.780975008373844,121,2014
2014-05-07,50.29436377038387,50.29436377038387,94.89172157065909,127,2014
2014-05-11,47.56888448895646,47.56888448895646,103.93261333637814,131,2014
2014-05-13,37.14601687787592,37.14601687787592,78.67976897371027,133,2014
2014-05-14,39.5357082334067,39.5357082334067,106.25869976869959,134,2014
2014-05-16,33.66369821832501,33.66369821832501,85.22093780410326,136,2014
2014-05-20,57.47359329084478,57.47359329084478,80.75752528961468,140,2014
2014-05-21,68.40918309046694,68.40918309046694,99.97746168744519,141,2014
2014-05-22,51.83555397410979,51.83555397410979,105.22902955594655,142,2014
2014-05-29,68.92855807968293,68.92855807968293,103.57459657568023,149,2014
2014-05-30,58.93656836629583,58.93656836629583,100.01179534288148,150,2014
2014-05-31,57.52147374801457,57.52147374801457,106.98889295038623,151,2014
2014-06-01,42.10708388883289,42.10708388883289,83.56328947869379,152,2014
2014-06-02,59.828016391745166,59.828016391745166,99.49484427069372,153,2014
2014-06-03,44.73157835088836,44.73157835088836,117.54876618905075,154,2014
2014-06-04,62.172410572704955,62.172410572704955,100.6455396644499,155,2014
2014-06-05,50.5073092706171,50.5073092706171,110.26239765597614,156,2014
2014-06-06,46.48973841587484,46.48973841587484,115.74591148443048,157,2014
2014-06-07,51.3290311738807,51.3290311738807,110.97232866599782,158,2014
2014-06-08,42.62720695730454,42.62720695730454,117.62452560686683,159,2014
2014-06-09,58.963356737168326,58.963356737168326,107.89728848737121,160,2014
2014-06-10,14.449895273997232,14.449895273997232,45.99103331168949,161,2014
2014-06-11,54.48151100208965,54.48151100208965,102.3786956573012,162,2014
2014-06-19,70.95680753720927,70.95680753720927,110.06491969981649,170,2014
2014-06-22,42.4841647936621,42.4841647936621,121.31671491864975,173,2014
2014-06-30,123.56670432536006,123.56670432536006,104.56272085591429,181,2014
2014-07-01,92.45149056374132,92.45149056374132,104.56272085591429,182,2014
2014-07-02,165.92999546078863,165.92999546078863,104.80348022579972,183,2014
2014-07-03,33.93339157153871,33.93339157153871,123.32155871020394,184,2014
2014-07-05,33.42174802530253,33.42174802530253,92.82354532940066,186,2014
2014-07-06,104.7731730155318,104.7731730155318,106.1672230723609,187,2014
2014-07-07,95.16557723315452,95.16557723315452,106.81514341173636,188,2014
2014-07-09,84.91783436662759,84.91783436662759,106.63710090198927,190,2014
2014-07-10,91.04332289723308,91.04332289723308,100.18360397560616,191,2014
2014-07-12,36.72479967077764,36.72479967077764,120.71289629341192,193,2014
2014-07-14,43.90667388440019,43.90667388440019,83.36243084063237,195,2014
2014-07-15,75.46274198918346,75.46274198918346,103.37552851244428,196,2014
2014-07-16,80.34291435637559,80.34291435637559,102.88690288421057,197,2014
2014-07-17,107.05314591564209,107.05314591564209,101.74429832063177,198,2014
2014-07-18,76.50954869459267,76.50954869459267,106.42608596164357,199,2014
2014-07-19,30.597862304544442,30.597862304544442,90.75548058826183,200,2014
2014-07-25,90.29329584086665,90.29329584086665,106.39746120370856,206,2014
2014-07-26,77.30457691290324,77.30457691290324,103.28939495123838,207,2014
2014-07-28,57.979224814640304,57.979224814640304,113.31552656719201,209,2014
2014-07-29,57.449153888528656,57.449153888528656,101.2178992577835,210,2014
2014-07-30,33.363296388933996,33.363296388933996,85.19590952304942,211,2014
2014-07-31,75.46561248416873,75.46561248416873,107.00817473442793,212,2014
2014-08-01,71.47432860797441,71.47432860797441,107.2488325276853,213,2014
2014-08-02,62.62057523267508,62.62057523267508,101.81936123058257,214,2014
2014-08-03,67.50000863923968,67.50000863923968,102.39410485021187,215,2014
2014-08-04,41.097639959551685,41.097639959551685,101.21655103050458,216,2014
2014-08-05,129.656730549849,129.656730549849,103.16426156467244,217,2014
2014-08-06,37.801172432933114,37.801172432933114,79.3328225439916,218,2014
2014-08-07,98.61721120075103,98.61721120075103,103.1307357242724,219,2014
2014-08-08,48.46869116922342,48.46869116922342,94.30347292352535,220,2014
2014-08-09,55.904985623895094,55.904985623895094,97.86945542527633,221,2014
2014-08-10,77.82700035711301,77.82700035711301,95.90251778297089,222,2014
2014-08-15,90.29064158157856,90.29064158157856,102.39204652198796,227,2014
2014-08-16,53.845456888287686,53.845456888287686,92.86776245979374,228,2014
2014-08-17,51.970563485802614,51.970563485802614,92.87840599083312,229,2014
2014-08-18,65.73986664643006,65.73986664643006,99.4650036565662,230,2014
2014-08-19,62.12255315918432,62.12255315918432,92.55132333002891,231,2014
2014-08-20,62.024922246725694,62.024922246725694,104.4953598461453,232,2014
2014-08-21,40.15998273316684,40.15998273316684,95.99867246268997,233,2014
2014-08-22,47.236898402123515,47.236898402123515,92.84265136670847,234,2014
2014-08-24,68.15997852153293,68.15997852153293,96.4604438229253,236,2014
2014-08-25,67.89768620211646,67.89768620211646,93.52558618861049,237,2014
2014-08-26,75.9039822417704,75.9039822417704,87.20830078464695,238,2014
2014-08-27,55.42489423232864,55.42489423232864,86.81247251730055,239,2014
2014-08-28,96.641233164564,96.641233164564,94.12427352400684,240,2014
2014-08-29,46.35495914617522,46.35495914617522,82.08100360089009,241,2014
2014-09-01,77.65874292381127,77.65874292381127,90.13481420942703,244,2014
2014-09-02,81.08971486455465,81.08971486455465,89.13608490719378,245,2014
2014-09-03,58.53105413977954,58.53105413977954,85.82434812304953,246,2014
2014-09-04,97.85224987501036,97.85224987501036,84.177758454965,247,2014
2014-09-05,56.4935646706549,56.4935646706549,77.34955246362512,248,2014
2014-09-06,75.32678246526343,75.32678246526343,81.2684673515227,249,2014
2014-09-07,99.7017822806193,99.7017822806193,80.02746821548597,250,2014
2014-09-08,56.85251334605608,56.85251334605608,54.310981142467824,251,2014
2014-09-09,72.01435793896287,72.01435793896287,48.705715219054014,252,2014
2014-09-10,73.9047158127614,73.9047158127614,51.339173175689446,253,2014
2014-09-11,81.95496510791813,81.95496510791813,48.609133020361455,254,2014
2014-09-12,75.92525709755827,75.92525709755827,51.22114207398414,255,2014
2014-09-13,82.71429953617825,82.71429953617825,47.95181356379191,256,2014
2014-09-14,64.2250865879809,64.2250865879809,48.519124049885406,257,2014
2014-09-16,84.33898238863748,84.33898238863748,50.72276598394586,259,2014
2014-09-19,58.1054642130578,58.1054642130578,44.723359728217496,262,2014
2014-09-20,98.34455329075192,98.34455329075192,49.812727577425804,263,2014
2014-09-21,64.48892379933557,64.48892379933557,49.139212351858255,264,2014
2014-09-27,89.70584876460077,89.70584876460077,46.08023064915078,270,2014
2014-09-28,54.43618842958746,54.43618842958746,42.20537365747757,271,2014
2014-09-29,64.6912103007125,64.6912103007125,45.86422073056781,272,2014
2014-10-01,47.78109112697458,47.78109112697458,38.56550790071256,274,2014
2014-10-02,85.55878382299657,85.55878382299657,45.57628014501258,275,2014
2014-10-03,64.158124603706,64.158124603706,43.23190337926309,276,2014
2014-10-04,74.15849850473161,74.15849850473161,42.95383511378826,277,2014
2014-10-05,60.168770586921,60.168770586921,40.83354491108405,278,2014
2014-10-06,60.75979080883174,60.75979080883174,40.33315354127656,279,2014
2014-10-07,54.59321141755979,54.59321141755979,42.4003948097631,280,2014
2014-10-08,40.56898117878189,40.56898117878189,36.72135844539986,281,2014
2014-10-09,54.32360973088089,54.32360973088089,40.334850725352865,282,2014
2014-10-10,58.48631087666225,58.48631087666225,39.7955086484089,283,2014
2014-10-11,37.65424542027513,37.65424542027513,38.79453450337713,284,2014
2014-10-12,36.86367591895717,36.86367591895717,39.19114014122523,285,2014
2014-10-16,74.4529141452545,74.4529141452545,47.12348469718112,289,2014
2014-10-19,36.92773593982997,36.92773593982997,50.59185870381929,292,2014
2014-10-27,26.562738996956785,26.562738996956785,60.091385533792156,300,2014
2014-11-07,12.60664968593419,12.60664968593419,46.04847680373092,311,2014
2014-11-10,41.593006998326715,41.593006998326715,60.57158209735931,314,2014
2014-11-11,12.047951216979431,12.047951216979431,55.15531732825915,315,2014
2014-11-12,13.220515328461069,13.220515328461069,53.25648225071327,316,2014
2014-11-15,27.66687050856718,27.66687050856718,58.40362480160027,319,2014
2014-11-16,31.151616354228082,31.151616354228082,55.59078852316023,320,2014
2014-11-17,6.932466808627821,6.932466808627821,50.55222636776733,321,2014
2014-11-30,17.211750451337828,17.211750451337828,58.28307988887862,334,2014
2014-12-03,13.363303225592881,13.363303225592881,46.84435675240927,337,2014
2014-12-14,37.29548466138593,37.29548466138593,72.48533771388932,348,2014
2014-12-22,13.34359805798373,13.34359805798373,47.25091497073848,356,2014
2014-12-30,7.592971984706809,7.592971984706809,49.30558467573202,364,2014
2014-12-31,11.750216237821498,11.750216237821498,47.930267551839286,365,2014
2015-01-01,16.519269899383723,16.519269899383723,52.50317926876749,1,2015
2015-01-02,13.077889181519769,13.077889181519769,47.42132502656493,2,2015
2015-01-07,26.77177641993977,26.77177641993977,57.705282130272096,7,2015
2015-01-08,9.862652144430376,9.862652144430376,49.243764605216846,8,2015
2015-01-09,10.25383646666673,10.25383646666673,49.646775067379046,9,2015
2015-01-13,9.504939389143896,9.504939389143896,47.59946337824573,13,2015
2015-01-21,17.104484461253524,17.104484461253524,59.888676942369166,21,2015
2015-01-24,11.250438085503495,11.250438085503495,48.09271404378134,24,2015
2015-01-25,20.998026906559417,20.998026906559417,50.46365628681164,25,2015
2015-01-26,23.50016698085441,23.50016698085441,56.0800730149092,26,2015
2015-01-28,14.81908293691886,14.81908293691886,45.48419880638187,28,2015
2015-01-29,8.807164469569347,8.807164469569347,48.38086272687294,29,2015
2015-01-30,19.472292522982936,19.472292522982936,50.6410609926299,30,2015
2015-01-31,15.12392974428621,15.12392974428621,52.38665238714574,31,2015
2015-02-14,8.865946156918309,8.865946156918309,48.395186412292716,45,2015
2015-02-16,38.71718187263171,38.71718187263171,59.38071981381674,47,2015
2015-02-17,46.319820021049075,46.319820021049075,69.98558414074152,48,2015
2015-02-18,30.212368527036435,30.212368527036435,58.1128121643156,49,2015
2015-02-19,40.66000944901139,40.66000944901139,70.59693231526036,50,2015
2015-02-21,7.167085473994959,7.167085473994959,49.58803318399239,52,2015
2015-02-22,26.127890469358285,26.127890469358285,58.267178141936945,53,2015
2015-02-23,35.870667922893716,35.870667922893716,61.24512456299469,54,2015
2015-02-24,8.981682886508644,8.981682886508644,48.669010790250226,55,2015
2015-02-28,29.170872578255533,29.170872578255533,62.42828714648142,59,2015
2015-03-01,27.89969232390765,27.89969232390765,62.70956271413368,60,2015
2015-03-02,52.96231670904613,52.96231670904613,63.83035337994542,61,2015
2015-03-03,24.501577892730367,24.501577892730367,56.73103156515219,62,2015
2015-03-04,28.538598689035208,28.538598689035208,62.356833331591055,63,2015
2015-03-05,16.890693098031914,16.890693098031914,59.24544687736975,64,2015
2015-03-07,35.456526281299396,35.456526281299396,64.53979551140092,66,2015
2015-03-08,30.808452650007453,30.808452650007453,65.17627500081315,67,2015
2015-03-09,32.70554122882262,32.70554122882262,62.8550135837213,68,2015
2015-03-12,26.555020829103817,26.555020829103817,59.094006882060334,71,2015
2015-03-16,18.500030846453278,18.500030846453278,55.31710676657792,75,2015
2015-03-18,40.16137657615276,40.16137657615276,61.15897342505424,77,2015
2015-03-26,33.94516995258202,33.94516995258202,65.32982420803653,85,2015
2015-03-27,24.122374525246798,24.122374525246798,57.50870837147081,86,2015
2015-03-29,34.94684025029443,34.94684025029443,60.8695433958039,88,2015
2015-04-09,38.63799807989195,38.63799807989195,70.75322085928109,99,2015
2015-04-12,24.967278401347336,24.967278401347336,64.60228768058352,102,2015
2015-04-15,33.94744391789693,33.94744391789693,63.316831802846465,105,2015
2015-04-16,49.42268096059429,49.42268096059429,69.9814920829986,106,2015
2015-04-17,26.694709773158245,26.694709773158245,59.581113609042816,107,2015
2015-04-18,28.843552987693954,28.843552987693954,56.004289776932126,108,2015
2015-04-19,24.74143119865288,24.74143119865288,59.2959158139375,109,2015
2015-04-20,24.437691116361876,24.437691116361876,53.633864046355406,110,2015
2015-04-22,29.125507184809138,29.125507184809138,61.446276171761156,112,2015
2015-04-27,35.56976155975167,35.56976155975167,77.12138083386617,117,2015
2015-04-30,26.316894831120948,26.316894831120948,53.52803100205406,120,2015
2015-05-02,40.54156322610551,40.54156322610551,95.54350838913393,122,2015
2015-05-03,30.63247684509878,30.63247684509878,52.56428784898165,123,2015
2015-05-04,22.96599533176176,22.96599533176176,55.070762681698625,124,2015
2015-05-05,42.171446866646065,42.171446866646065,96.01715475137578,125,2015
2015-05-07,27.98985661738571,27.98985661738571,53.417966873011636,127,2015
2015-05-08,22.618540865285972,22.618540865285972,54.86203806548737,128,2015
2015-05-09,25.200944589664225,25.200944589664225,58.16005742943661,129,2015
2015-05-18,29.533178749515336,29.533178749515336,62.39340161850523,138,2015
2015-05-25,45.31787242275832,45.31787242275832,105.69341092502087,145,2015
2015-05-26,29.261476223278763,29.261476223278763,62.29724641642265,146,2015
2015-05-27,61.56928307798242,61.56928307798242,99.08466026987145,147,2015
2015-05-28,14.989053939352727,14.989053939352727,51.640275011100755,148,2015
2015-05-29,36.037015266748845,36.037015266748845,112.09922999712259,149,2015
2015-05-30,17.821115679378686,17.821115679378686,50.6641961490071,150,2015
2015-06-04,27.96094458829777,27.96094458829777,89.47995420022438,155,2015
2015-06-05,41.7935038775028,41.7935038775028,119.86755302418598,156,2015
2015-06-06,15.03758309440695,15.03758309440695,47.26481190456697,157,2015
2015-06-07,43.312227486630576,43.312227486630576,78.06684482895582,158,2015
2015-06-08,60.07441872895237,60.07441872895237,112.69820249412956,159,2015
2015-06-10,33.42679077623575,33.42679077623575,86.823421055616,161,2015
2015-06-11,28.19562645881239,28.19562645881239,57.59331315778316,162,2015
2015-06-12,33.7524970441518,33.7524970441518,89.4735726122423,163,2015
2015-06-13,14.500610992710296,14.500610992710296,52.263910764928276,164,2015
2015-06-14,36.81534105104406,36.81534105104406,120.89328762203002,165,2015
2015-06-15,8.559967611019369,8.559967611019369,47.8863298701783,166,2015
2015-06-16,27.575447705810916,27.575447705810916,62.4164988662105,167,2015
2015-06-17,34.680314491555144,34.680314491555144,92.69021979985311,168,2015
2015-06-18,32.733057784861586,32.733057784861586,95.32225020314701,169,2015
2015-06-19,21.64609340343844,21.64609340343844,58.75774227910308,170,2015
2015-06-20,7.270116836263179,7.270116836263179,49.89589274128949,171,2015
2015-06-22,13.442758442317627,13.442758442317627,55.288594069549454,173,2015
2015-06-23,27.278550059731096,27.278550059731096,62.400829069958924,174,2015
2015-06-24,34.3336514856199,34.3336514856199,129.68555403452226,175,2015
2015-06-25,46.28441553056888,46.28441553056888,122.46738385682553,176,2015
2015-06-26,61.84821343843544,61.84821343843544,106.23300769145618,177,2015
2015-06-29,12.129845037512148,12.129845037512148,50.17467002444184,180,2015
2015-06-30,33.29137968297819,33.29137968297819,93.8306966040855,181,2015
2015-07-01,16.186338380516727,16.186338380516727,61.07284893633259,182,2015
2015-07-02,35.49023747399728,35.49023747399728,92.14580994022353,183,2015
2015-07-03,29.406291456413282,29.406291456413282,90.85584551506057,184,2015
2015-07-05,23.15547167742948,23.15547167742948,62.40046197004875,186,2015
2015-07-06,27.962037982972884,27.962037982972884,56.80386739342853,187,2015
2015-07-08,14.53599098546519,14.53599098546519,49.61530204216052,189,2015
2015-07-12,45.40531500476151,45.40531500476151,120.17915744039296,193,2015
2015-07-14,47.71919011278189,47.71919011278189,112.14582140967944,195,2015
2015-07-15,10.05766757003084,10.05766757003084,50.29093547781093,196,2015
2015-07-16,23.812893427407918,23.812893427407918,60.47511733168318,197,2015
2015-07-17,25.180596156902297,25.180596156902297,61.18730277578425,198,2015
2015-07-18,24.15240165436546,24.15240165436546,59.2892130636485,199,2015
2015-07-19,59.362670707075516,59.362670707075516,109.79865291698687,200,2015
2015-07-20,31.419434195350668,31.419434195350668,87.27938322433872,201,2015
2015-07-21,22.740493984933625,22.740493984933625,59.66621289705377,202,2015
2015-07-22,21.348787126576777,21.348787126576777,52.333062965547214,203,2015
2015-07-23,24.424690984316822,24.424690984316822,59.68013450025991,204,2015
2015-07-24,12.805171271034197,12.805171271034197,48.44068458996272,205,2015
2015-07-28,47.355095257723775,47.355095257723775,113.99568658093435,209,2015
2015-07-29,39.17944584911943,39.17944584911943,79.46949649503826,210,2015
2015-07-30,31.883017483556966,31.883017483556966,85.31241770840467,211,2015
2015-07-31,29.284862263532702,29.284862263532702,86.93786686441122,212,2015
2015-08-01,23.009698140814344,23.009698140814344,58.01102690382556,213,2015
2015-08-04,24.33249764995205,24.33249764995205,59.63799142784374,216,2015
2015-08-05,23.022596315056532,23.022596315056532,60.5858179876861,217,2015
2015-08-06,57.462182177089886,57.462182177089886,93.9793598531207,218,2015
2015-08-07,17.62179731232643,17.62179731232643,52.2605502438381,219,2015
2015-08-08,28.624128219651414,28.624128219651414,57.51236153867315,220,2015
2015-08-11,17.76844656188654,17.76844656188654,57.64796904954539,223,2015
2015-08-12,23.8595764378546,23.8595764378546,59.35260356216748,224,2015
2015-08-13,28.131809707107223,28.131809707107223,79.30346768775367,225,2015
2015-08-15,33.21441009736702,33.21441009736702,76.303675474535,227,2015
2015-08-16,33.04628423917753,33.04628423917753,76.11665624299147,228,2015
2015-08-17,19.18550117443688,19.18550117443688,57.97173677454545,229,2015
2015-08-18,29.000644769722044,29.000644769722044,63.82917087474826,230,2015
2015-08-19,23.802083672818956,23.802083672818956,60.09298349528147,231,2015
2015-08-20,22.915031450708355,22.915031450708355,58.38995399203641,232,2015
2015-08-21,20.306531215254363,20.306531215254363,58.45509301876977,233,2015
2015-08-22,26.28817022289548,26.28817022289548,79.48485448994076,234,2015
2015-08-23,5.573124345336516,5.573124345336516,50.074353894223414,235,2015
2015-08-24,20.8431767881327,20.8431767881327,56.602614466724894,236,2015
2015-08-25,31.247442541924425,31.247442541924425,65.49503863763856,237,2015
2015-08-26,32.991475098547504,32.991475098547504,65.05890949989352,238,2015
2015-08-27,34.50580919908864,34.50580919908864,84.07631781364077,239,2015
2015-08-31,36.604107852737584,36.604107852737584,68.47427531704153,243,2015
2015-09-01,30.245044899354514,30.245044899354514,56.289177092406675,244,2015
2015-09-03,253.34776798807988,253.34776798807988,75.36224599601303,246,2015
2015-09-07,25.53191469723129,25.53191469723129,54.676189189088404,250,2015
2015-09-08,19.654216065598234,19.654216065598234,51.100898203213944,251,2015
2015-09-09,23.576531468605026,23.576531468605026,51.73144056206867,252,2015
2015-09-10,19.16987903474473,19.16987903474473,58.576370114505266,253,2015
2015-09-11,27.10504649070254,27.10504649070254,54.49265366193808,254,2015
2015-09-12,30.500458869749856,30.500458869749856,49.94019419127527,255,2015
2015-09-18,28.903550030784942,28.903550030784942,47.27255125660906,261,2015
2015-09-19,33.02249361211852,33.02249361211852,51.09413501556405,262,2015
2015-09-20,70.39214494144008,70.39214494144008,49.237302799189216,263,2015
2015-09-21,64.83096029890535,64.83096029890535,46.564988418994645,264,2015
2015-09-22,17.209882019038396,17.209882019038396,60.781543717202,265,2015
2015-09-23,39.4739446284663,39.4739446284663,49.645281296160434,266,2015
2015-09-24,24.62332698927323,24.62332698927323,60.328434308801576,267,2015
2015-09-25,19.474398916909326,19.474398916909326,57.986618586017386,268,2015
2015-09-27,24.765450481444212,24.765450481444212,45.427576937040385,270,2015
2015-09-28,24.228801330739685,24.228801330739685,63.386500368608836,271,2015
2015-09-29,22.700372371782173,22.700372371782173,64.38845975730624,272,2015
2015-09-30,24.456022142256757,24.456022142256757,63.99356862809016,273,2015
2015-10-01,21.951057816182043,21.951057816182043,65.60510099604478,274,2015
2015-10-02,21.156977410377635,21.156977410377635,64.51310646369461,275,2015
2015-10-03,26.928673710309152,26.928673710309152,64.49802333875154,276,2015
2015-10-04,23.228778521283076,23.228778521283076,64.3010227678237,277,2015
2015-10-05,38.64810692271671,38.64810692271671,38.16513289258431,278,2015
2015-10-11,40.75754609176174,40.75754609176174,49.02559057052781,284,2015
2015-10-12,77.17382159186491,77.17382159186491,41.92217207029793,285,2015
2015-10-13,29.29930850513728,29.29930850513728,48.6253562503974,286,2015
2015-10-14,29.896760875672413,29.896760875672413,40.667961042426356,287,2015
2015-10-20,18.131829135479283,18.131829135479283,52.51926739667404,293,2015
2015-10-22,18.95772711345447,18.95772711345447,55.7744205912376,295,2015
2015-10-26,56.30003816584365,56.30003816584365,60.47153963912074,299,2015
2015-11-04,62.319891877538474,62.319891877538474,66.35643860801483,308,2015
2015-11-06,13.558995930463542,13.558995930463542,47.67613477742779,310,2015
2015-11-20,12.80506956740712,12.80506956740712,46.32574431176582,324,2015
2015-11-21,12.70249859275333,12.70249859275333,48.94369930501865,325,2015
2015-11-23,17.854701884837866,17.854701884837866,54.40204090601186,327,2015
2015-11-25,11.227804065143385,11.227804065143385,48.981445365032,329,2015
2015-11-26,13.067159677154265,13.067159677154265,54.9503579892847,330,2015
2015-11-27,11.032272090530203,11.032272090530203,47.36676813270713,331,2015
2015-11-28,15.2152179208535,15.2152179208535,47.192796625802174,332,2015
2015-11-29,15.113943728476192,15.113943728476192,51.60772511844134,333,2015
2015-12-01,14.245425959903317,14.245425959903317,53.35270995057475,335,2015
2015-12-31,6.186567225283006,6.186567225283006,48.99921647768747,365,2015
2016-01-01,13.869823069123536,13.869823069123536,53.52297168075988,1,2016
2016-01-02,6.74536798849042,6.74536798849042,48.631028209127734,2,2016
2016-01-08,10.997496550362488,10.997496550362488,47.511998181355125,8,2016
2016-01-10,9.010101187937297,9.010101187937297,48.6482285972166,10,2016
2016-01-22,11.333844817732874,11.333844817732874,49.18196682073168,22,2016
2016-01-25,24.22949843514939,24.22949843514939,59.08013142249486,25,2016
2016-01-27,9.441901095761411,9.441901095761411,48.88317863678008,27,2016
2016-02-07,19.99062343131701,19.99062343131701,52.18109683248286,38,2016
2016-02-08,39.1518306887979,39.1518306887979,62.003433069546844,39,2016
2016-02-09,21.71755360356577,21.71755360356577,56.00047524742774,40,2016
2016-02-25,36.893071172346545,36.893071172346545,75.35618673247781,56,2016
2016-03-03,50.908138393888734,50.908138393888734,67.19516996962356,63,2016
2016-03-17,59.405718747674875,59.405718747674875,67.56451429271863,77,2016
2016-03-19,51.322827465167734,51.322827465167734,69.39308851392325,79,2016
2016-03-29,98.80344786784889,98.80344786784889,71.1885363715948,89,2016
2016-03-30,97.69201919153042,97.69201919153042,69.48743016973019,90,2016
2016-03-31,77.73118030869458,77.73118030869458,77.0678424213043,91,2016
2016-04-01,97.1094806730168,97.1094806730168,70.31713046863561,92,2016
2016-04-02,53.61170335171888,53.61170335171888,64.45412576794726,93,2016
2016-04-06,60.0712681910391,60.0712681910391,62.08665910408254,97,2016
2016-04-07,99.9376040436567,99.9376040436567,72.6164910179443,98,2016
2016-04-08,76.11871064163364,76.11871064163364,73.11287663010057,99,2016
2016-04-09,26.295058998507702,26.295058998507702,58.930855093193195,100,2016
2016-04-10,104.63962282339787,104.63962282339787,70.92796943244392,101,2016
2016-04-11,60.043860884797404,60.043860884797404,69.85243283927896,102,2016
2016-04-16,54.808846074435436,54.808846074435436,65.4275348843202,107,2016
2016-04-17,55.08221769216428,55.08221769216428,67.36921421738052,108,2016
2016-04-18,27.47714886269634,27.47714886269634,53.88754094795513,109,2016
2016-04-19,76.71832302336395,76.71832302336395,75.706373405265,110,2016
2016-04-20,42.677880390540324,42.677880390540324,71.39324771622015,111,2016
2016-04-30,47.13033105594323,47.13033105594323,90.10412938788875,121,2016
2016-05-01,64.70396117436417,64.70396117436417,93.44185434512099,122,2016
2016-05-02,63.20949406997007,63.20949406997007,95.93109856518555,123,2016
2016-05-07,25.873476436201422,25.873476436201422,58.265745597297446,128,2016
2016-05-09,37.939676957600895,37.939676957600895,77.02764109240897,130,2016
2016-05-10,62.198291409869285,62.198291409869285,94.69078966879597,131,2016
2016-05-11,76.30900045296087,76.30900045296087,98.69173060614173,132,2016
2016-05-12,32.44061409239728,32.44061409239728,52.14123288041125,133,2016
2016-05-17,42.67043221681511,42.67043221681511,107.02326766654097,138,2016
2016-05-18,53.37105341057355,53.37105341057355,98.15537998050016,139,2016
2016-05-28,51.829720899037895,51.829720899037895,103.10997133963474,149,2016
2016-05-29,56.49989536756809,56.49989536756809,97.96283558741392,150,2016
2016-05-30,35.594970269127636,35.594970269127636,90.67902133898352,151,2016
2016-05-31,40.21057768700998,40.21057768700998,122.42313957493818,152,2016
2016-06-03,63.80916060926721,63.80916060926721,100.45545068774196,155,2016
2016-06-04,39.96913294659776,39.96913294659776,120.25811947555367,156,2016
2016-06-05,61.69175213849361,61.69175213849361,111.7968862813228,157,2016
2016-06-06,39.785169603720504,39.785169603720504,119.03192817937727,158,2016
2016-06-07,31.138329882407035,31.138329882407035,94.46648562394797,159,2016
2016-06-12,52.080277378953866,52.080277378953866,106.6671789266656,164,2016
2016-06-20,88.1673536157693,88.1673536157693,103.43564992082395,172,2016
2016-06-21,84.52418703018401,84.52418703018401,100.34072146539631,173,2016
2016-06-22,30.703649035208272,30.703649035208272,59.58017505701695,174,2016
2016-06-25,72.57530776009222,72.57530776009222,109.18197513560747,177,2016
2016-06-26,49.18882215471928,49.18882215471928,86.89174452434534,178,2016
2016-06-27,86.4177131605727,86.4177131605727,108.16325304559088,179,2016
2016-06-28,70.85685710134587,70.85685710134587,105.5916422339063,180,2016
2016-06-29,70.37469453466103,70.37469453466103,108.09136906588942,181,2016
2016-06-30,89.0861525230705,89.0861525230705,108.36953979966302,182,2016
2016-07-02,85.24175385930369,85.24175385930369,108.29634263172638,184,2016
2016-07-03,48.349817529512336,48.349817529512336,84.80540413030194,185,2016
2016-07-04,81.90612547058723,81.90612547058723,106.38643154608538,186,2016
2016-07-05,74.1384611430647,74.1384611430647,106.928345698252,187,2016
2016-07-11,70.74087361466783,70.74087361466783,104.45331777430249,193,2016
2016-07-13,81.26655977338112,81.26655977338112,103.87900841100952,195,2016
2016-07-14,87.05245704247164,87.05245704247164,101.80066889254712,196,2016
2016-07-15,62.816688711113585,62.816688711113585,114.70089012675582,197,2016
2016-07-16,93.47014466351683,93.47014466351683,106.04620756203343,198,2016
2016-07-17,54.04643064762068,54.04643064762068,84.26009161476627,199,2016
2016-07-20,87.4939344737146,87.4939344737146,101.19796163028974,202,2016
2016-07-21,70.99858154655794,70.99858154655794,102.06512259610682,203,2016
2016-07-22,44.73157835088836,44.73157835088836,117.34793566572436,204,2016
2016-07-23,82.2828821283466,82.2828821283466,109.18202661748445,205,2016
2016-07-24,25.412809560763197,25.412809560763197,61.0421196099041,206,2016
2016-07-25,56.542312863917275,56.542312863917275,101.47179475416795,207,2016
2016-07-26,27.004507007298557,27.004507007298557,57.001703513293826,208,2016
2016-07-27,50.196454166993576,50.196454166993576,111.27394387099542,209,2016
2016-07-28,83.41400383388866,83.41400383388866,103.11244403462194,210,2016
2016-07-29,46.647754546186945,46.647754546186945,107.61965476308147,211,2016
2016-07-30,58.144616990490505,58.144616990490505,97.46851254509754,212,2016
2016-07-31,53.435025392227686,53.435025392227686,105.67014005612751,213,2016
2016-08-01,73.37735081013014,73.37735081013014,102.14755521459509,214,2016
2016-08-03,56.06008184802734,56.06008184802734,95.70582545661554,216,2016
2016-08-04,55.38010681216174,55.38010681216174,95.27370696247107,217,2016
2016-08-05,70.33008203292653,70.33008203292653,104.42895102315805,218,2016
2016-08-06,47.70905869285392,47.70905869285392,98.01628318054668,219,2016
2016-08-07,49.747372594585954,49.747372594585954,101.89688577422838,220,2016
2016-08-10,51.30285974489534,51.30285974489534,94.44930214485066,223,2016
2016-08-11,24.234420170606796,24.234420170606796,57.799900640325625,224,2016
2016-08-12,69.16382585343742,69.16382585343742,98.47196991718391,225,2016
2016-08-13,27.183875478967753,27.183875478967753,61.610347550542066,226,2016
2016-08-14,64.9003916818912,64.9003916818912,99.86269621830101,227,2016
2016-08-15,92.90796995350789,92.90796995350789,101.6590214305161,228,2016
2016-08-16,76.29017079305697,76.29017079305697,97.9665288297875,229,2016
2016-08-17,85.77898865569776,85.77898865569776,96.91923786774106,230,2016
2016-08-18,67.76939944536379,67.76939944536379,97.79558698995044,231,2016
2016-08-19,26.73579752165916,26.73579752165916,60.238661856212104,232,2016
2016-08-20,62.21818887495006,62.21818887495006,96.6689443512412,233,2016
2016-08-21,44.84106246881122,44.84106246881122,94.85227262996105,234,2016
2016-08-22,28.906109124551836,28.906109124551836,62.14147705787668,235,2016
2016-08-23,53.14824447399756,53.14824447399756,93.53781055748573,236,2016
2016-08-24,72.62069803753366,72.62069803753366,91.48565858289396,237,2016
2016-08-25,57.37683316819652,57.37683316819652,81.13198939249406,238,2016
2016-08-26,38.60478208965605,38.60478208965605,82.51493026631076,239,2016
2016-08-27,48.883174834800776,48.883174834800776,82.66174147542215,240,2016
2016-08-28,99.41820644828117,99.41820644828117,88.10905611229609,241,2016
2016-08-29,63.33447352208216,63.33447352208216,87.91699502854541,242,2016
2016-08-30,31.198898209095802,31.198898209095802,52.56415031635856,243,2016
2016-08-31,54.36405701378545,54.36405701378545,78.08969272151597,244,2016
2016-09-05,96.54672023087858,96.54672023087858,80.05495997383449,249,2016
2016-09-07,63.850672802829926,63.850672802829926,63.27954824259647,251,2016
2016-09-08,59.8465538116959,59.8465538116959,45.999623864085564,252,2016
2016-09-09,88.05024181970091,88.05024181970091,51.38925032534098,253,2016
2016-09-10,64.28192073581432,64.28192073581432,49.179409096520594,254,2016
2016-09-11,46.57198968990477,46.57198968990477,42.72507059477002,255,2016
2016-09-12,37.560785774789025,37.560785774789025,53.135913347845374,256,2016
2016-09-13,40.04010017283794,40.04010017283794,43.63647187412758,257,2016
2016-09-14,68.63777453788825,68.63777453788825,48.29053732231738,258,2016
2016-09-15,36.296737567276644,36.296737567276644,52.960223518060076,259,2016
2016-09-16,37.38003521079392,37.38003521079392,41.15208025322965,260,2016
2016-09-20,48.371069984109084,48.371069984109084,38.55453719698143,264,2016
2016-09-21,122.39751789584176,122.39751789584176,50.09842690223297,265,2016
2016-09-24,55.44377344814314,55.44377344814314,45.10087635018802,268,2016
2016-09-25,88.37476368346711,88.37476368346711,46.397572233710534,269,2016
2016-09-26,52.94996157556015,52.94996157556015,39.01905452006645,270,2016
2016-09-27,43.738430517283334,43.738430517283334,38.80953395389402,271,2016
2016-09-28,79.20590911365005,79.20590911365005,46.58085905172355,272,2016
2016-09-30,37.392059791971604,37.392059791971604,38.9212888539771,274,2016
2016-10-11,55.788643612249025,55.788643612249025,52.802838992949475,285,2016
2016-10-12,37.28511932655699,37.28511932655699,38.1088748004088,286,2016
2016-10-22,28.094131161526224,28.094131161526224,49.82469212487585,296,2016
2016-10-28,19.72332070422263,19.72332070422263,58.99839178219487,302,2016
2016-11-04,18.641179706354908,18.641179706354908,53.434542133549144,309,2016
2016-11-08,27.214474624618397,27.214474624618397,54.452771432445026,313,2016
2016-11-09,20.9459583821767,20.9459583821767,57.18499709552114,314,2016
2016-11-10,35.130751417935116,35.130751417935116,62.61117037378885,315,2016
2016-11-19,21.052013953291283,21.052013953291283,58.122527446206604,324,2016
2016-12-21,9.057362361073313,9.057362361073313,50.922707269262965,356,2016
2016-12-28,31.270681933050994,31.270681933050994,55.679659241136925,363,2016
2016-12-29,10.841223395414655,10.841223395414655,49.77707523486381,364,2016
2016-12-31,15.643078418229408,15.643078418229408,53.800849704962616,366,2016
2017-01-06,10.50604189476307,10.50604189476307,50.59721696980846,6,2017
2017-01-16,12.92773419460685,12.92773419460685,46.30404547049052,16,2017
2017-01-24,23.51272730241294,23.51272730241294,57.57746527832771,24,2017
2017-01-27,2.6630647376584045,2.6630647376584045,48.90507968121438,27,2017
2017-02-13,38.16621620367216,38.16621620367216,61.00862873462447,44,2017
2017-02-17,55.29163050214795,55.29163050214795,66.59027546896907,48,2017
2017-02-25,41.53737736239326,41.53737736239326,67.75969164874104,56,2017
2017-03-02,18.41873427174356,18.41873427174356,57.472207180612635,61,2017
2017-03-19,63.232030923649916,63.232030923649916,70.0001891181181,78,2017
2017-03-31,52.10100644053463,52.10100644053463,66.21522586709952,90,2017
2017-04-03,71.79117327573893,71.79117327573893,72.13032618605575,93,2017
2017-04-15,126.58564429697698,126.58564429697698,79.77944705382193,105,2017
2017-04-21,103.92354166287791,103.92354166287791,71.97554796732088,111,2017
2017-04-29,59.10997268244445,59.10997268244445,85.87382272887038,119,2017
2017-05-03,78.61727697408247,78.61727697408247,97.60450504912272,123,2017
2017-05-07,93.10663878239029,93.10663878239029,95.72421503953957,127,2017
2017-05-08,52.42501451782949,52.42501451782949,96.36206024158372,128,2017
2017-05-09,52.973510309971644,52.973510309971644,93.64473584351194,129,2017
2017-05-10,27.62244239599709,27.62244239599709,79.55254308531906,130,2017
2017-05-18,75.77115721673619,75.77115721673619,105.10290170674905,138,2017
2017-05-19,42.174719407609494,42.174719407609494,78.84728884822542,139,2017
2017-05-20,56.019650607936995,56.019650607936995,102.65113668415671,140,2017
2017-05-21,55.927987826459315,55.927987826459315,103.58543950601242,141,2017
2017-05-22,124.90189433583207,124.90189433583207,101.13225730238176,142,2017
2017-05-23,97.02295782411403,97.02295782411403,102.13331433316351,143,2017
2017-05-24,30.904388450316507,30.904388450316507,85.72995815698863,144,2017
2017-05-25,68.01534294657431,68.01534294657431,100.92305260924064,145,2017
2017-05-26,65.82540601954652,65.82540601954652,105.13499506313374,146,2017
2017-05-27,104.53552838156328,104.53552838156328,102.9417975689675,147,2017
2017-05-28,61.8348005786886,61.8348005786886,99.88019415527529,148,2017
2017-05-29,64.57638274569413,64.57638274569413,98.40710005399843,149,2017
2017-05-31,33.23710175547069,33.23710175547069,97.83875824211027,151,2017
2017-06-02,24.886212018869493,24.886212018869493,59.52729360085314,153,2017
2017-06-06,42.23344457632225,42.23344457632225,120.97741349631289,157,2017
2017-06-17,86.68656009328261,86.68656009328261,104.2175292477925,168,2017
2017-06-18,24.896460019159626,24.896460019159626,60.683397646772754,169,2017
2017-06-19,75.6933741778428,75.6933741778428,106.49238567386982,170,2017
2017-06-20,45.90822203048387,45.90822203048387,119.40570078540073,171,2017
2017-06-21,41.23794514960217,41.23794514960217,85.92639534233274,172,2017
2017-06-22,83.98856985823595,83.98856985823595,100.12434461066178,173,2017
2017-06-23,110.66295216227522,110.66295216227522,102.90007320858967,174,2017
2017-06-24,86.3184162843836,86.3184162843836,105.98450768967695,175,2017
2017-06-25,76.75092413573172,76.75092413573172,108.24364251872062,176,2017
2017-06-26,64.25293901244257,64.25293901244257,107.30695827945947,177,2017
2017-06-27,39.38254879420775,39.38254879420775,82.43210053835416,178,2017
2017-06-28,98.50973464823758,98.50973464823758,106.81637533205651,179,2017
2017-06-29,60.26425801753489,60.26425801753489,112.60649616255708,180,2017
2017-06-30,66.99996772965417,66.99996772965417,112.80775307364506,181,2017
2017-07-01,64.03389169407764,64.03389169407764,104.70200512212634,182,2017
2017-07-02,68.5976646736786,68.5976646736786,105.89754055887283,183,2017
2017-07-03,72.68065357501948,72.68065357501948,106.58376714210914,184,2017
2017-07-04,27.881577677943966,27.881577677943966,62.3731582785657,185,2017
2017-07-05,92.65346646962,92.65346646962,107.87027583110512,186,2017
2017-07-06,39.761219663706086,39.761219663706086,84.73817417315324,187,2017
2017-07-07,108.94299257719607,108.94299257719607,105.70789215985837,188,2017
2017-07-08,72.78255922620939,72.78255922620939,110.5903601961783,189,2017
2017-07-09,111.0474313377501,111.0474313377501,105.68330331080094,190,2017
2017-07-10,87.92424190442728,87.92424190442728,102.68131752676223,191,2017
2017-07-11,33.01737801882624,33.01737801882624,92.95423804221448,192,2017
2017-07-12,89.77723293757694,89.77723293757694,104.8021608005993,193,2017
2017-07-13,49.21761214391664,49.21761214391664,120.1760656066629,194,2017
2017-07-14,82.14464419662966,82.14464419662966,104.26388773135861,195,2017
2017-07-15,51.28465502426231,51.28465502426231,109.68475694377233,196,2017
2017-07-16,94.8630836576034,94.8630836576034,103.86937623902405,197,2017
2017-07-17,90.68219830824611,90.68219830824611,104.88099533726636,198,2017
2017-07-18,49.077610169264176,49.077610169264176,116.88644701506489,199,2017
2017-07-19,88.11510525068687,88.11510525068687,102.44163774364503,200,2017
2017-07-20,29.670558113265415,29.670558113265415,58.45319608838766,201,2017
2017-07-21,91.00397194682827,91.00397194682827,104.04290944874587,202,2017
2017-07-22,46.457799209118306,46.457799209118306,81.19202852934893,203,2017
2017-07-23,143.0066147639224,143.0066147639224,100.50946798389003,204,2017
2017-07-24,74.93063131924242,74.93063131924242,102.07050905916992,205,2017
2017-07-25,70.5767713012047,70.5767713012047,110.07503967446277,206,2017
2017-07-26,77.44496216036427,77.44496216036427,108.65247863804476,207,2017
2017-07-27,49.69031711573666,49.69031711573666,106.98967653031784,208,2017
2017-07-28,61.822599150544015,61.822599150544015,111.41488778004225,209,2017
2017-07-29,47.585799521553824,47.585799521553824,83.48764855210653,210,2017
2017-07-30,88.11309787532848,88.11309787532848,104.27142704754408,211,2017
2017-07-31,82.79226520454944,82.79226520454944,103.66852996352547,212,2017
2017-08-01,82.50733425808255,82.50733425808255,102.99102519331545,213,2017
2017-08-04,44.78182923365079,44.78182923365079,99.27977494714605,216,2017
2017-08-05,39.39712466439982,39.39712466439982,100.39867377993949,217,2017
2017-08-08,45.523873771251345,45.523873771251345,95.71725512204387,220,2017
2017-08-09,111.93671259675476,111.93671259675476,97.4074626285485,221,2017
2017-08-10,52.43455166151551,52.43455166151551,92.93768698125609,222,2017
2017-08-11,37.18433142172092,37.18433142172092,100.52725645637295,223,2017
2017-08-16,64.510053004701,64.510053004701,95.5649649509276,228,2017
2017-08-17,87.90568225606081,87.90568225606081,102.77450272735399,229,2017
2017-08-18,67.61367660973659,67.61367660973659,98.93726824085748,230,2017
2017-08-19,51.00521271870857,51.00521271870857,98.03444234997767,231,2017
2017-08-21,34.45862077150485,34.45862077150485,99.13315602726915,233,2017
2017-08-23,144.27191958428656,144.27191958428656,98.68989773694071,235,2017
2017-08-24,93.69040495018814,93.69040495018814,92.418195051824,236,2017
2017-08-25,28.72188581980823,28.72188581980823,61.695734016241296,237,2017
2017-08-26,49.76628412274438,49.76628412274438,79.55660418372227,238,2017
2017-08-29,13.734396366063681,13.734396366063681,48.2854763113215,241,2017
2017-08-30,33.48813970776344,33.48813970776344,82.26214188165407,242,2017
2017-08-31,54.67840079025838,54.67840079025838,78.68324818783364,243,2017
2017-09-01,29.462306025839435,29.462306025839435,63.994061314714145,244,2017
2017-09-02,53.128213566435065,53.128213566435065,78.49131749207575,245,2017
2017-09-07,111.3357481057608,111.3357481057608,78.20939582377102,250,2017
2017-09-09,95.54344751564172,95.54344751564172,55.02979655236004,252,2017
2017-09-10,56.828219947494325,56.828219947494325,47.89791404200681,253,2017
2017-09-11,60.469127868505545,60.469127868505545,46.633262284040434,254,2017
2017-09-13,45.65427709509003,45.65427709509003,42.67531141940362,256,2017
2017-09-14,30.990595768426864,30.990595768426864,48.26156991906069,257,2017
2017-09-15,44.24639754930938,44.24639754930938,42.289013455837264,258,2017
2017-09-24,56.23629282982776,56.23629282982776,41.63067635477936,267,2017
2017-09-26,94.19815766686764,94.19815766686764,46.397572233710534,269,2017
2017-09-27,59.48390369573747,59.48390369573747,43.239843065074126,270,2017
2017-09-28,44.70860354079683,44.70860354079683,37.92114335555135,271,2017
2017-10-02,35.02517659028684,35.02517659028684,36.16634466634042,275,2017
2017-10-03,58.983812394551045,58.983812394551045,42.58432369681631,276,2017
2017-10-04,62.00459173310946,62.00459173310946,42.85092431078124,277,2017
2017-10-05,75.98799260686482,75.98799260686482,42.95559857250088,278,2017
2017-10-06,56.19317411398997,56.19317411398997,42.852621494857544,279,2017
2017-10-08,96.34537734221965,96.34537734221965,47.83004738908047,281,2017
2017-10-14,48.99956376273363,48.99956376273363,53.35864827074308,287,2017
2017-10-15,51.866496826053314,51.866496826053314,36.33699663890682,288,2017
2017-10-16,40.29607032028868,40.29607032028868,38.97981980528827,289,2017
2017-10-23,53.44203255621242,53.44203255621242,40.93547174030773,296,2017
2017-10-24,33.05251376283957,33.05251376283957,52.66220824284589,297,2017
2017-10-25,45.95537876632222,45.95537876632222,55.88973589636614,298,2017
2017-10-26,72.51427897504624,72.51427897504624,62.75287148358564,299,2017
2017-10-27,38.644992352465565,38.644992352465565,54.365617220597315,300,2017
2017-10-28,37.87272042413764,37.87272042413764,59.187047659244875,301,2017
2017-10-30,36.74753501629437,36.74753501629437,59.692724691210685,303,2017
2017-10-31,62.968918453340066,62.968918453340066,60.53708341296953,304,2017
2017-11-14,22.518095300190154,22.518095300190154,58.18301131310632,318,2017
2017-12-04,3.470233166706836,3.470233166706836,49.65422783859922,338,2017
2017-12-05,19.639957751921195,19.639957751921195,56.39524776813184,339,2017
2017-12-06,18.589353989860527,18.589353989860527,58.681750649447274,340,2017
2017-12-07,9.904269972469612,9.904269972469612,48.545185721486035,341,2017
2017-12-08,15.425323615007276,15.425323615007276,52.211127932554604,342,2017
2017-12-09,20.397666111761183,20.397666111761183,57.17957432144426,343,2017
2017-12-10,13.65220837464111,13.65220837464111,55.237432549882996,344,2017
2017-12-11,14.644925827679671,14.644925827679671,53.489139426926656,345,2017
2017-12-13,12.733830984043934,12.733830984043934,47.87567474060125,347,2017
2017-12-21,9.618909820359578,9.618909820359578,49.694409933771446,355,2017
2017-12-31,9.987803800228416,9.987803800228416,49.98231085802783,365,2017
2018-01-01,17.111685108255493,17.111685108255493,58.06610416055119,1,2018
2018-01-03,20.494864788510213,20.494864788510213,56.28193670934321,3,2018
2018-01-13,13.923168784298458,13.923168784298458,46.35587248434623,13,2018
2018-01-14,16.159100406528076,16.159100406528076,50.96965071459605,14,2018
2018-02-06,21.97526362136052,21.97526362136052,51.07996943344181,37,2018
2018-02-12,12.300621396670984,12.300621396670984,49.378121253872266,43,2018
2018-02-13,15.908990117137678,15.908990117137678,52.57939521579562,44,2018
2018-03-06,22.19320929107379,22.19320929107379,55.59970883149643,65,2018
2018-03-10,27.725581194448072,27.725581194448072,59.66343284143597,69,2018
2018-03-11,36.39252115512044,36.39252115512044,60.44152403150133,70,2018
2018-03-19,45.83370582095605,45.83370582095605,69.98558414074152,78,2018
2018-03-20,33.54819474091237,33.54819474091237,62.60935339304989,79,2018
2018-03-28,32.01946243906987,32.01946243906987,52.47613674975853,87,2018
2018-04-06,22.360377974707944,22.360377974707944,56.52108974195364,96,2018
2018-04-19,45.514843135880106,45.514843135880106,72.61810355164975,109,2018
2018-04-21,56.85251334605608,56.85251334605608,66.16310729471064,111,2018
2018-04-22,54.05360987666974,54.05360987666974,72.69189161512415,112,2018
2018-04-23,48.27223592981121,48.27223592981121,65.65057945200896,113,2018
2018-04-24,33.23398649904959,33.23398649904959,74.99504850050951,114,2018
2018-04-25,35.51877321987975,35.51877321987975,70.92006566693087,115,2018
2018-04-26,47.12820773114416,47.12820773114416,85.94203895355389,116,2018
2018-05-02,62.81550999362325,62.81550999362325,90.31098920742407,122,2018
2018-05-03,44.36776538661161,44.36776538661161,93.82717141006638,123,2018
2018-05-07,55.999589998275724,55.999589998275724,94.87257901938139,127,2018
2018-05-08,35.76978443733819,35.76978443733819,106.11065593802014,128,2018
2018-05-12,35.812195145525,35.812195145525,74.32662884951753,132,2018
2018-05-13,42.664560849561624,42.664560849561624,106.82504770836779,133,2018
2018-05-14,58.69764399947722,58.69764399947722,99.3092096916163,134,2018
2018-05-17,60.50592077748723,60.50592077748723,98.83620017476247,137,2018
2018-05-18,57.38383989996049,57.38383989996049,102.66036277213678,138,2018
2018-05-20,39.18665609366669,39.18665609366669,109.08539741939305,140,2018
2018-05-21,61.86496160641191,61.86496160641191,94.76560068616433,141,2018
2018-05-22,45.598125468423085,45.598125468423085,105.29429182513493,142,2018
2018-05-23,49.38226368994384,49.38226368994384,101.65933787063236,143,2018
2018-05-24,61.27523290375758,61.27523290375758,103.6633016159806,144,2018
2018-05-27,41.10249997814472,41.10249997814472,110.81489442212767,147,2018
2018-05-28,72.1294146882949,72.1294146882949,101.67515523427252,148,2018
2018-06-01,90.2382967518673,90.2382967518673,104.55756017415067,152,2018
2018-06-02,53.54417738986079,53.54417738986079,79.96248141193827,153,2018
2018-06-05,35.04046188739241,35.04046188739241,87.20666195289067,156,2018
2018-06-06,46.125216779445054,46.125216779445054,115.42415364541506,157,2018
2018-06-11,94.63688483462899,94.63688483462899,102.93540542805486,162,2018
2018-06-12,40.095909521705124,40.095909521705124,119.29924700600415,163,2018
2018-06-15,57.99343901582508,57.99343901582508,98.713344219632,166,2018
2018-06-19,90.6591555784544,90.6591555784544,104.25173066433302,170,2018
2018-06-20,53.42678138151838,53.42678138151838,105.90628717508137,171,2018
2018-06-21,21.832658706842338,21.832658706842338,58.65905701882764,172,2018
2018-06-22,98.90974337969052,98.90974337969052,104.7638669262819,173,2018
2018-06-23,71.12525253478393,71.12525253478393,109.98318936306487,174,2018
2018-06-24,76.05988682889037,76.05988682889037,105.57688872141243,175,2018
2018-06-25,85.57367766924122,85.57367766924122,114.44260526139055,176,2018
2018-06-26,93.09155967959329,93.09155967959329,107.02576488202016,177,2018
2018-06-27,108.68553156841014,108.68553156841014,105.25560737838111,178,2018
2018-06-28,41.7274146437291,41.7274146437291,128.80334399522644,179,2018
2018-06-29,93.07003573648598,93.07003573648598,107.62626747230334,180,2018
2018-06-30,23.291914637406407,23.291914637406407,61.223605719624956,181,2018
2018-07-01,95.59333299006346,95.59333299006346,107.8436573700623,182,2018
2018-07-03,146.9455206004218,146.9455206004218,105.21972812835766,184,2018
2018-07-05,77.60819562002538,77.60819562002538,105.99363924530843,186,2018
2018-07-06,72.3044196706592,72.3044196706592,111.91545762714348,187,2018
2018-07-07,51.02601549308871,51.02601549308871,87.53725748830907,188,2018
2018-07-08,85.19387896007929,85.19387896007929,109.09224748592413,189,2018
2018-07-09,33.05330762064152,33.05330762064152,92.20849336490598,190,2018
2018-07-10,123.44390629651318,123.44390629651318,102.800677964976,191,2018
2018-07-11,125.04126875469122,125.04126875469122,104.01809449733047,192,2018
2018-07-12,113.42405059533365,113.42405059533365,104.65111770977668,193,2018
2018-07-14,73.51610871866869,73.51610871866869,114.18437858056376,195,2018
2018-07-15,121.58600992397207,121.58600992397207,101.32397636572817,196,2018
2018-07-16,48.23565460955233,48.23565460955233,111.35021718945201,197,2018
2018-07-17,81.22972513540316,81.22972513540316,105.18353437129542,198,2018
2018-07-18,85.24419813939389,85.24419813939389,107.77496102539774,199,2018
2018-07-19,139.88085534797412,139.88085534797412,101.64438867480357,200,2018
2018-07-20,110.64571806057548,110.64571806057548,102.55624151473731,201,2018
2018-07-21,82.95213298188884,82.95213298188884,104.85081915081129,202,2018
2018-07-22,107.42347755394465,107.42347755394465,103.8920983282533,203,2018
2018-07-23,104.19768005148732,104.19768005148732,102.68018962161584,204,2018
2018-07-24,82.22838219124307,82.22838219124307,105.47747123098029,205,2018
2018-07-25,79.13582612606697,79.13582612606697,81.9190501695976,206,2018
2018-07-26,112.24771981033993,112.24771981033993,105.16175846453167,207,2018
2018-07-27,88.38160827146027,88.38160827146027,104.17518602810156,208,2018
2018-07-28,106.82831891880122,106.82831891880122,105.49783273066956,209,2018
2018-07-29,104.68170621266185,104.68170621266185,104.36407354727271,210,2018
2018-07-30,49.63089803843304,49.63089803843304,107.57025198004233,211,2018
2018-07-31,69.3325571548308,69.3325571548308,105.68575355780749,212,2018
2018-08-01,38.32695851849229,38.32695851849229,116.96450499914064,213,2018
2018-08-02,66.25662648598782,66.25662648598782,102.04904382538892,214,2018
2018-08-04,53.3378527291381,53.3378527291381,95.25109658567756,216,2018
2018-08-05,46.36527992859018,46.36527992859018,100.62901015479682,217,2018
2018-08-06,58.56611389415198,58.56611389415198,103.8589650411263,218,2018
2018-08-07,55.74163037141773,55.74163037141773,93.66428775172517,219,2018
2018-08-08,47.89254935665022,47.89254935665022,82.58179253786821,220,2018
2018-08-09,92.26676824436917,92.26676824436917,99.63445883617993,221,2018
2018-08-10,56.110991343635206,56.110991343635206,91.78111214726243,222,2018
2018-08-12,81.061934283831,81.061934283831,96.07443708894266,224,2018
2018-08-14,57.60862610840353,57.60862610840353,101.63092835990804,226,2018
2018-08-15,47.56888448895646,47.56888448895646,96.99866304332363,227,2018
2018-08-17,31.823816914171772,31.823816914171772,80.31969455985526,229,2018
2018-08-18,55.799633564844996,55.799633564844996,93.58082537935003,230,2018
2018-08-19,45.4686818215021,45.4686818215021,94.87926183082759,231,2018
2018-08-21,44.36256774582356,44.36256774582356,75.426779341639,233,2018
2018-08-22,43.068627267013426,43.068627267013426,97.40162501795153,234,2018
2018-08-24,34.11134806676627,34.11134806676627,72.60342361344216,236,2018
2018-08-28,67.90908187472532,67.90908187472532,88.827269263052,240,2018
2018-08-29,44.95219333350653,44.95219333350653,82.20012862715905,241,2018
2018-08-31,5.694423465327046,5.694423465327046,50.37499338527583,243,2018
2018-09-01,45.97560429410124,45.97560429410124,79.38129743960623,244,2018
2018-09-02,61.34178329211127,61.34178329211127,86.00788713537094,245,2018
2018-09-03,51.536637693826556,51.536637693826556,83.3575838783682,246,2018
2018-09-04,61.68046417156679,61.68046417156679,76.56498924520716,247,2018
2018-09-05,54.042392306355474,54.042392306355474,76.69331499426,248,2018
2018-09-06,65.43215105841308,65.43215105841308,77.25940880565388,249,2018
2018-09-07,55.04624975465548,55.04624975465548,73.70808843487471,250,2018
2018-09-08,47.19144123922837,47.19144123922837,56.57520365763979,251,2018
2018-09-09,61.688129730236184,61.688129730236184,46.00339047041969,252,2018
2018-09-14,14.611417789028707,14.611417789028707,46.604307634233884,257,2018
2018-09-18,52.704281813471006,52.704281813471006,45.15507427168737,261,2018
2018-09-19,41.41978399669651,41.41978399669651,42.53594263687897,262,2018
2018-09-20,47.650710716925104,47.650710716925104,55.473371858593005,263,2018
2018-09-24,38.996690235360134,38.996690235360134,52.78319627895169,267,2018
2018-09-25,41.07989695750713,41.07989695750713,42.419678538318244,268,2018
2018-09-26,43.000642813744875,43.000642813744875,41.642301568982006,269,2018
2018-09-27,49.40996318340191,49.40996318340191,39.79545182630797,270,2018
2018-09-28,33.72575074336764,33.72575074336764,51.44395851378498,271,2018
2018-10-03,26.841194864341837,26.841194864341837,64.49802333875154,276,2018
2018-10-10,31.629887546207687,31.629887546207687,52.290733032729605,283,2018
2018-10-11,27.035444402505714,27.035444402505714,48.419136877675705,284,2018
2018-10-12,30.473201866186486,30.473201866186486,48.89547794063881,285,2018
2018-10-13,49.2422673187592,49.2422673187592,39.36565472743233,286,2018
2018-10-14,25.353995342940763,25.353995342940763,58.731872729902975,287,2018
2018-10-15,55.27140674362606,55.27140674362606,42.99901214804845,288,2018
2018-10-16,40.14249216543685,40.14249216543685,38.18517046916578,289,2018
2018-10-17,44.58808511136326,44.58808511136326,38.00218456701347,290,2018
2018-10-18,34.457758572388755,34.457758572388755,50.6282264090942,291,2018
2018-10-19,26.8108470061604,26.8108470061604,60.417063431871625,292,2018
2018-10-20,37.72683454367004,37.72683454367004,47.1995290580455,293,2018
2018-10-21,29.064860314240306,29.064860314240306,58.65837078070105,294,2018
2018-10-22,27.98829072239888,27.98829072239888,54.87979530939615,295,2018
2018-10-30,22.166864983891337,22.166864983891337,57.472510245559306,303,2018
2018-11-07,4.687403633033947,4.687403633033947,49.12695451646157,311,2018
2018-11-08,20.12100422486855,20.12100422486855,57.38494243793606,312,2018
2018-11-09,9.091546058598908,9.091546058598908,49.12695451646157,313,2018
2018-11-10,14.909212760416171,14.909212760416171,53.27406943333214,314,2018
2018-11-11,25.720296500217078,25.720296500217078,54.645588005636796,315,2018
2018-11-12,10.313895963923098,10.313895963923098,48.78725506973892,316,2018
2018-11-15,19.611458710417832,19.611458710417832,58.74978403408002,319,2018
2018-11-16,7.100598904591662,7.100598904591662,49.56627301401899,320,2018
2018-11-17,30.924198422546304,30.924198422546304,62.26751003843147,321,2018
2018-11-18,13.225719677459121,13.225719677459121,46.658459701377765,322,2018
2018-11-19,15.352043794877403,15.352043794877403,52.555280839138376,323,2018
2018-11-20,21.302350884417333,21.302350884417333,57.165611477226555,324,2018
2018-11-24,8.980385762233324,8.980385762233324,49.65422783859922,328,2018
2018-12-03,5.617216951803568,5.617216951803568,48.950141869498715,337,2018
2018-12-04,10.346616062141123,10.346616062141123,48.86844367906693,338,2018
2018-12-05,10.22822849243253,10.22822849243253,49.39302521568811,339,2018
2018-12-06,13.747186087800959,13.747186087800959,54.440698911502494,340,2018
2018-12-13,11.082176029865444,11.082176029865444,49.05565306229906,347,2018
2018-12-31,10.403674569696083,10.403674569696083,47.55652768345632,365,2018
2019-01-01,13.750468921418936,13.750468921418936,46.13804622154698,1,2019
2019-01-02,12.150784198020542,12.150784198020542,45.90414450189653,2,2019
2019-01-12,18.044162983722046,18.044162983722046,53.308541368524274,12,2019
2019-01-13,12.516239451428143,12.516239451428143,52.151002186388666,13,2019
2019-01-14,14.500570364180422,14.500570364180422,52.79292746177414,14,2019
2019-01-24,10.127505175757316,10.127505175757316,48.592424685239,24,2019
2019-01-25,14.722126070681153,14.722126070681153,51.44071145882792,25,2019
2019-01-29,12.545063364383283,12.545063364383283,51.8861692081749,29,2019
2019-01-30,8.699046550959205,8.699046550959205,48.589977662740054,30,2019
2019-01-31,8.92365857132954,8.92365857132954,48.125323966502904,31,2019
2019-03-02,9.873704780303134,9.873704780303134,48.38623006791233,61,2019
2019-03-03,12.422244802627375,12.422244802627375,47.437506228512916,62,2019
2019-03-04,20.249609236051633,20.249609236051633,56.78327757059215,63,2019
2019-03-10,11.362615895548357,11.362615895548357,49.30013825139942,69,2019
2019-03-14,30.944668478741672,30.944668478741672,52.04601966734401,73,2019
2019-03-15,15.110650444725723,15.110650444725723,47.31101715428406,74,2019
2019-03-17,10.830603329952762,10.830603329952762,54.91333858361833,76,2019
2019-03-18,16.56158071992155,16.56158071992155,53.07200604888301,77,2019
2019-03-19,12.042038163149105,12.042038163149105,48.62664346104349,78,2019
2019-03-24,16.82072753153087,16.82072753153087,53.927479361675836,83,2019
2019-03-30,34.402529626813696,34.402529626813696,61.84568359732104,89,2019
2019-04-18,46.04972694044592,46.04972694044592,67.60667270097542,108,2019
2019-04-24,52.58010184536447,52.58010184536447,88.79128233317479,114,2019
2019-04-26,65.00184917155532,65.00184917155532,86.1085544111146,116,2019
2019-04-28,100.12039826811262,100.12039826811262,93.64490326634905,118,2019
2019-04-29,67.60016858534806,67.60016858534806,90.71776663096553,119,2019
2019-04-30,65.97023386726411,65.97023386726411,92.25166568731075,120,2019
2019-05-01,66.44425565958838,66.44425565958838,91.59320672236548,121,2019
2019-05-02,65.24063590854294,65.24063590854294,94.68945172115352,122,2019
2019-05-03,71.99789453217929,71.99789453217929,95.11019515103368,123,2019
2019-05-04,54.749464757732774,54.749464757732774,94.71308779243975,124,2019
2019-05-05,42.09469252850132,42.09469252850132,73.36947197629105,125,2019
2019-05-06,71.20853350667498,71.20853350667498,96.09447097898567,126,2019
2019-05-07,41.593234404374996,41.593234404374996,98.66498875189333,127,2019
2019-05-08,50.012195350938825,50.012195350938825,101.80866548566829,128,2019
2019-05-09,40.80517205246366,40.80517205246366,104.72337495001202,129,2019
2019-05-10,74.6332865551627,74.6332865551627,96.8401780080624,130,2019
2019-05-11,82.1424282694405,82.1424282694405,104.21829897078626,131,2019
2019-05-12,59.75370959518047,59.75370959518047,94.53055003471616,132,2019
2019-05-13,55.8690669077602,55.8690669077602,99.97177553659782,133,2019
2019-05-21,62.18998151395475,62.18998151395475,95.2006801905175,141,2019
2019-05-23,29.2369262718139,29.2369262718139,62.71934255459549,143,2019
2019-05-29,44.05752270651301,44.05752270651301,79.1231087119319,149,2019
2019-05-31,65.05233513704411,65.05233513704411,103.291877227798,151,2019
2019-06-01,27.13156800896579,27.13156800896579,83.02053529801424,152,2019
2019-06-02,62.468939317119926,62.468939317119926,106.99989383428549,153,2019
2019-06-03,55.90370592709574,55.90370592709574,104.80771323192118,154,2019
2019-06-04,76.97140398478132,76.97140398478132,103.29665426392609,155,2019
2019-06-09,64.58309387841062,64.58309387841062,102.04971879024178,160,2019
2019-06-10,37.40631986329147,37.40631986329147,119.8725612075598,161,2019
2019-06-11,140.38620323965768,140.38620323965768,101.24719620365117,162,2019
2019-06-12,99.85102903308334,99.85102903308334,103.98171440093037,163,2019
2019-06-13,108.66481152803698,108.66481152803698,101.96508229139422,164,2019
2019-06-14,88.27448897193395,88.27448897193395,103.3207126625746,165,2019
2019-06-15,52.013176444186215,52.013176444186215,109.59890419641027,166,2019
2019-06-16,71.95858507356624,71.95858507356624,110.8122071717224,167,2019
2019-06-17,19.35814607421438,19.35814607421438,59.90330368807846,168,2019
2019-06-18,105.85075206680527,105.85075206680527,102.63787975142276,169,2019
2019-06-19,48.20310353566738,48.20310353566738,120.52644082873576,170,2019
2019-06-22,58.19847507110468,58.19847507110468,113.28306907149654,173,2019
2019-06-23,129.85136318135528,129.85136318135528,101.92527130666494,174,2019
2019-06-24,31.514079501043803,31.514079501043803,97.6657910814358,175,2019
2019-06-26,35.97264959332553,35.97264959332553,92.83658648821222,177,2019
2019-06-28,122.25770546996739,122.25770546996739,103.57439048655073,179,2019
2019-06-29,74.70537527849176,74.70537527849176,84.71369025814857,180,2019
2019-06-30,133.6882390362039,133.6882390362039,105.51842058963456,181,2019
2019-07-04,80.35877418105082,80.35877418105082,106.15986130821172,185,2019
2019-07-05,43.49850288462012,43.49850288462012,123.927590452528,186,2019
2019-07-08,57.86813839833932,57.86813839833932,104.45189412716583,189,2019
2019-07-13,130.06849983207567,130.06849983207567,103.51235586216119,194,2019
2019-07-14,52.349473616206,52.349473616206,115.48714151885954,195,2019
2019-07-19,46.18298789252353,46.18298789252353,80.22681665096775,200,2019
2019-07-20,74.88398304572539,74.88398304572539,106.4259925219186,201,2019
2019-07-21,51.35708544988863,51.35708544988863,107.09559968515238,202,2019
2019-07-22,96.92803033341671,96.92803033341671,102.0651627196715,203,2019
2019-07-24,72.304537299033,72.304537299033,104.200340616369,205,2019
2019-07-25,93.63799012881765,93.63799012881765,104.32964946581603,206,2019
2019-07-26,28.40444290415572,28.40444290415572,61.972963625854334,207,2019
2019-07-27,116.1264222220023,116.1264222220023,103.94406221278176,208,2019
2019-07-28,38.025737138690054,38.025737138690054,86.7624093827644,209,2019
2019-07-29,89.48985424857221,89.48985424857221,107.37331326588185,210,2019
2019-07-30,85.17286623342383,85.17286623342383,106.33919348211444,211,2019
2019-07-31,77.99451065712088,77.99451065712088,103.09397086037625,212,2019
2019-08-01,97.52536299310754,97.52536299310754,103.81731276567913,213,2019
2019-08-02,73.76765948271253,73.76765948271253,107.62487712898016,214,2019
2019-08-03,72.17187937984245,72.17187937984245,104.59214616770453,215,2019
2019-08-04,25.173258634949832,25.173258634949832,59.33244292235045,216,2019
2019-08-05,88.90891557179427,88.90891557179427,101.03680554202336,217,2019
2019-08-06,47.567312436362,47.567312436362,97.71877465018306,218,2019
2019-08-07,79.13808626098955,79.13808626098955,104.45631955509947,219,2019
2019-08-12,63.613050942321976,63.613050942321976,99.14388451001493,224,2019
2019-08-13,57.92860640200459,57.92860640200459,95.88853822075257,225,2019
2019-08-14,88.37944186328369,88.37944186328369,100.37956769849737,226,2019
2019-08-15,68.58215002228025,68.58215002228025,99.5044593439443,227,2019
2019-08-16,75.06720068468849,75.06720068468849,97.3207754191202,228,2019
2019-08-17,55.21671225602998,55.21671225602998,91.8001058063005,229,2019
2019-08-18,78.37957420763682,78.37957420763682,97.29809848049825,230,2019
2019-08-19,63.22068564945224,63.22068564945224,95.79607291909885,231,2019
2019-08-22,61.64832417243208,61.64832417243208,97.43285983399079,234,2019
2019-08-23,78.52226905280294,78.52226905280294,101.67545484723942,235,2019
2019-08-24,49.46507484541818,49.46507484541818,88.81372938579291,236,2019
2019-08-25,65.05975599951766,65.05975599951766,93.1302963270974,237,2019
2019-08-26,77.03562041623644,77.03562041623644,91.82335264791428,238,2019
2019-08-27,44.4663498499589,44.4663498499589,81.9687445986356,239,2019
2019-08-28,47.57922450011184,47.57922450011184,81.1551010115179,240,2019
2019-08-30,65.16436163143395,65.16436163143395,86.0761734295877,242,2019
2019-08-31,76.51807115962603,76.51807115962603,91.1052632500685,243,2019
2019-09-01,44.307245259834716,44.307245259834716,71.16282760304787,244,2019
2019-09-02,68.92377686922795,68.92377686922795,84.23062142911455,245,2019
2019-09-03,56.24781440237058,56.24781440237058,82.53236463732256,246,2019
2019-09-04,49.96035474897458,49.96035474897458,70.64965330677148,247,2019
2019-09-05,45.3391868022654,45.3391868022654,72.59725127163836,248,2019
2019-09-06,53.42255050187302,53.42255050187302,69.26359865342187,249,2019
2019-09-11,51.64293215670929,51.64293215670929,41.504972983759465,254,2019
2019-09-12,79.83796172292996,79.83796172292996,51.87333418092213,255,2019
2019-09-14,26.077956590127005,26.077956590127005,59.88721919475769,257,2019
2019-09-21,48.62284308101873,48.62284308101873,43.765754222757785,264,2019
2019-09-24,45.126006321343155,45.126006321343155,40.99453892054656,267,2019
2019-09-25,37.45944360891201,37.45944360891201,40.950513828664185,268,2019
2019-09-28,25.873476436201422,25.873476436201422,64.9297381408461,271,2019
2019-09-30,94.15121143023043,94.15121143023043,46.07115801009543,273,2019
2019-10-01,47.57926699180133,47.57926699180133,39.45393649889945,274,2019
2019-10-05,50.597116560651045,50.597116560651045,56.01611166943617,278,2019
2019-10-06,45.317179115818874,45.317179115818874,39.27062503250458,279,2019
2019-10-07,46.22565600145805,46.22565600145805,39.47289258426536,280,2019
2019-10-09,46.09442427018017,46.09442427018017,52.65582597897268,282,2019
2019-10-10,55.02665553233956,55.02665553233956,42.689137681334785,283,2019
2019-10-11,12.850646813912478,12.850646813912478,47.97397760723592,284,2019
2019-10-14,29.822745536419525,29.822745536419525,48.19096127483009,287,2019
2019-10-24,44.87430542203633,44.87430542203633,41.19075380207589,297,2019
2019-10-27,30.65120236718989,30.65120236718989,58.40794357715933,300,2019
2019-10-28,18.152699492747196,18.152699492747196,57.51571135102674,301,2019
2019-10-29,20.593080364047122,20.593080364047122,54.297219735765225,302,2019
2019-10-30,25.793664925600297,25.793664925600297,58.635958268628016,303,2019
2019-11-01,21.774519257924787,21.774519257924787,60.475364020277965,305,2019
2019-11-02,19.478979004163897,19.478979004163897,57.451466453975,306,2019
2019-11-03,21.17529035529921,21.17529035529921,60.531201097550685,307,2019
2019-11-04,17.988573617027207,17.988573617027207,57.42521423077041,308,2019
2019-11-06,20.229401882496084,20.229401882496084,58.7618050853223,310,2019
2019-11-08,9.217584513029504,9.217584513029504,49.74279749443995,312,2019
2019-11-09,14.991701628449908,14.991701628449908,47.3558734314303,313,2019
2019-11-11,15.684964156894559,15.684964156894559,52.81507026790515,315,2019
2019-11-13,10.486599881970974,10.486599881970974,49.89904538524806,317,2019
2019-11-16,7.317225024948226,7.317225024948226,49.80947651776373,320,2019
2019-11-20,13.65463711093587,13.65463711093587,50.09730241390771,324,2019
2019-11-21,10.712342392474003,10.712342392474003,49.41944711669714,325,2019
2019-11-22,13.640189157608763,13.640189157608763,53.256337327608705,326,2019
2019-11-23,6.623099249596864,6.623099249596864,49.68892142120673,327,2019
2019-11-24,21.464045151951034,21.464045151951034,56.38655621289691,328,2019
2019-11-28,11.732470777237006,11.732470777237006,48.60996491998925,332,2019
2019-11-29,12.423735429646555,12.423735429646555,47.80130262805374,333,2019
2019-11-30,12.050712904420157,12.050712904420157,47.51362623397749,334,2019
2019-12-02,14.06717480235013,14.06717480235013,54.288423804446666,336,2019
2019-12-03,9.67108623036574,9.67108623036574,49.96919871661012,337,2019
2019-12-05,11.505995250612857,11.505995250612857,47.59129549791258,339,2019
2019-12-09,12.63907335058572,12.63907335058572,47.96339194200538,343,2019
2019-12-16,15.701724420006903,15.701724420006903,60.34745586284527,350,2019
2019-12-26,19.937288495453718,19.937288495453718,57.66561597648436,360,2019
2019-12-28,5.263980651749689,5.263980651749689,49.332823609419236,362,2019
2020-01-25,12.536717599765337,12.536717599765337,44.94836552476046,25,2020
2020-02-10,21.821704050566122,21.821704050566122,53.221882141754186,41,2020
2020-02-12,31.479771647790095,31.479771647790095,64.1019505289239,43,2020
2020-02-13,14.561473019021468,14.561473019021468,45.824424785625055,44,2020
2020-02-18,54.07727258209631,54.07727258209631,66.40145982538422,49,2020
2020-02-19,63.021306025277575,63.021306025277575,66.40155908615779,50,2020
2020-02-20,33.166846313204104,33.166846313204104,52.49770786103217,51,2020
2020-02-21,45.24901299528167,45.24901299528167,68.35735056849236,52,2020
2020-02-22,28.879056297769864,28.879056297769864,61.372565315471775,53,2020
2020-02-25,40.3586010598674,40.3586010598674,63.96196955009006,56,2020
2020-02-26,44.5358198370627,44.5358198370627,70.32532613296056,57,2020
2020-02-27,32.85711292936018,32.85711292936018,64.25437526132768,58,2020
2020-02-28,24.042510762544644,24.042510762544644,56.76747786655117,59,2020
2020-03-01,16.38162902355283,16.38162902355283,59.37911687935245,61,2020
2020-03-04,22.981364039468872,22.981364039468872,57.671650754945446,64,2020
2020-03-05,40.08174391826172,40.08174391826172,60.80108779947808,65,2020
2020-03-09,11.233508760124122,11.233508760124122,49.30013825139942,69,2020
2020-03-10,40.922571300330176,40.922571300330176,62.664002613449725,70,2020
2020-03-12,42.48089226668242,42.48089226668242,70.46112922411046,72,2020
2020-03-15,63.68372026299661,63.68372026299661,68.63028681679779,75,2020
2020-03-16,32.57916048731104,32.57916048731104,60.078093757984846,76,2020
2020-03-17,34.25731873457479,34.25731873457479,65.04939632867568,77,2020
2020-03-18,30.19748967081872,30.19748967081872,57.96761641256746,78,2020
2020-03-19,33.79683210976381,33.79683210976381,61.86733993466224,79,2020
2020-03-20,37.579849121280525,37.579849121280525,69.92907438676876,80,2020
2020-03-21,42.3414851363847,42.3414851363847,69.86160872404798,81,2020
2020-03-22,39.28838373231759,39.28838373231759,63.897435581459774,82,2020
2020-04-05,17.222462889001886,17.222462889001886,51.200500781350826,96,2020
2020-04-07,33.82114992710305,33.82114992710305,65.2459464022885,98,2020
2020-04-08,23.79752735110996,23.79752735110996,57.602673631371545,99,2020
2020-04-09,28.506092772899013,28.506092772899013,59.184811799827614,100,2020
2020-04-10,29.517351594959557,29.517351594959557,56.168337692998335,101,2020
2020-04-11,39.49054916574532,39.49054916574532,62.24259915536324,102,2020
2020-04-12,24.62399319816256,24.62399319816256,57.7504090180756,103,2020
2020-04-13,41.41790989309873,41.41790989309873,62.451489830442654,104,2020
2020-04-14,23.63124082967798,23.63124082967798,57.555539428468805,105,2020
2020-04-16,25.6423227365202,25.6423227365202,59.2959158139375,107,2020
2020-04-17,36.2241831843007,36.2241831843007,71.07983110565978,108,2020
2020-04-19,26.6306680531341,26.6306680531341,59.10410777215166,110,2020
2020-04-20,33.29557823345773,33.29557823345773,62.921966944299626,111,2020
2020-04-21,27.64119822261861,27.64119822261861,59.587612654518026,112,2020
2020-04-28,22.472625189523256,22.472625189523256,54.86712082109101,119,2020
2020-05-04,30.545739789531723,30.545739789531723,52.79443257300003,125,2020
2020-05-05,22.895475682021175,22.895475682021175,55.74144176662244,126,2020
2020-05-07,25.102713428875653,25.102713428875653,58.03878564969595,128,2020
2020-05-08,44.86219342269783,44.86219342269783,101.09588459567854,129,2020
2020-05-09,24.644187480516813,24.644187480516813,58.265745597297446,130,2020
2020-05-15,60.17999184718995,60.17999184718995,106.4443750753085,136,2020
2020-05-23,29.18383542936607,29.18383542936607,62.50875912035428,144,2020
2020-05-24,38.02887421814481,38.02887421814481,110.35096261356495,145,2020
2020-05-27,36.14010393739033,36.14010393739033,84.94834447852898,148,2020
2020-05-28,66.22714208825272,66.22714208825272,102.80613238122945,149,2020
2020-05-29,32.71666870458463,32.71666870458463,53.85919617788714,150,2020
2020-06-01,38.26431056722844,38.26431056722844,85.73734943712523,153,2020
2020-06-02,68.38970707286317,68.38970707286317,101.31581124873644,154,2020
2020-06-04,69.32838480964841,69.32838480964841,104.2466560099649,156,2020
2020-06-18,75.59250044950228,75.59250044950228,101.43688508947403,170,2020
2020-06-19,60.79440482281524,60.79440482281524,98.98402038067941,171,2020
2020-06-21,54.20235389172349,54.20235389172349,83.31361724902999,173,2020
2020-06-22,139.2693763071098,139.2693763071098,102.0466265838306,174,2020
2020-06-23,44.95068253216892,44.95068253216892,120.08256267785278,175,2020
2020-06-25,74.66066333554252,74.66066333554252,104.95223309511675,177,2020
2020-06-26,69.04010468493365,69.04010468493365,114.53154129853078,178,2020
2020-06-27,137.32230471259885,137.32230471259885,105.10746021624232,179,2020
2020-07-02,65.33435230979072,65.33435230979072,105.24337138575679,184,2020
2020-07-03,38.04865604982289,38.04865604982289,88.72531910049909,185,2020
2020-07-04,91.6683306058669,91.6683306058669,107.48022018788558,186,2020
2020-07-05,20.801886831613277,20.801886831613277,54.94469189846518,187,2020
2020-07-06,55.01517182041994,55.01517182041994,108.681933338084,188,2020
2020-07-08,91.85617732696815,91.85617732696815,108.60114930890857,190,2020
2020-07-10,73.02887589915161,73.02887589915161,105.02373906791001,192,2020
2020-07-11,75.537452529047,75.537452529047,104.55746397933977,193,2020
2020-07-13,76.70510708315953,76.70510708315953,104.33315280341435,195,2020
2020-07-14,50.91964666931321,50.91964666931321,81.4861747426148,196,2020
2020-07-15,133.53522927964923,133.53522927964923,102.72475833983017,197,2020
2020-07-16,67.49053005191035,67.49053005191035,102.83848264793781,198,2020
2020-07-17,77.94060985204682,77.94060985204682,109.04296657593964,199,2020
2020-07-18,95.66795506394745,95.66795506394745,102.73686889096149,200,2020
2020-07-19,54.64688059089425,54.64688059089425,115.95130732587529,201,2020
2020-07-20,78.08432764583573,78.08432764583573,106.21548407965028,202,2020
2020-07-21,35.47096053661594,35.47096053661594,118.31815755906749,203,2020
2020-07-22,90.89231752007618,90.89231752007618,104.50912375892264,204,2020
2020-07-23,57.63509810017072,57.63509810017072,107.42122057453639,205,2020
2020-07-24,55.248720613973724,55.248720613973724,103.4357261596446,206,2020
2020-07-25,120.51547045834268,120.51547045834268,101.95138815035641,207,2020
2020-07-26,75.98970734580281,75.98970734580281,104.33888694623454,208,2020
2020-07-27,81.34178621278572,81.34178621278572,105.75002138842066,209,2020
2020-07-28,63.40377016426276,63.40377016426276,84.46039515802673,210,2020
2020-07-29,63.93410468901224,63.93410468901224,104.13943899328567,211,2020
2020-07-30,57.3682781991574,57.3682781991574,110.29938314204799,212,2020
2020-07-31,85.96244846355695,85.96244846355695,100.72898492411329,213,2020
2020-08-01,61.09991905046718,61.09991905046718,107.55238456771656,214,2020
2020-08-02,103.19275955508252,103.19275955508252,103.31908107062051,215,2020
2020-08-03,80.67075540360267,80.67075540360267,98.2909592292149,216,2020
2020-08-04,42.76491922794042,42.76491922794042,100.22021562367163,217,2020
2020-08-05,75.56724903881071,75.56724903881071,107.1341453841835,218,2020
2020-08-07,75.04384561205077,75.04384561205077,104.31126425366563,220,2020
2020-08-08,55.42405259280212,55.42405259280212,90.54286140533196,221,2020
2020-08-09,104.12260522721223,104.12260522721223,100.94886901261545,222,2020
2020-08-10,75.2324058751602,75.2324058751602,95.61983263423164,223,2020
2020-08-11,81.57469827876551,81.57469827876551,102.74775473694335,224,2020
2020-08-13,40.4463682312392,40.4463682312392,97.19463027902171,226,2020
2020-08-14,83.63219614793097,83.63219614793097,103.37277987298427,227,2020
2020-08-15,65.03140829046562,65.03140829046562,99.58629188339972,228,2020
2020-08-17,94.0966601973908,94.0966601973908,100.84168710431508,230,2020
2020-08-18,65.77370433823025,65.77370433823025,99.53879011621088,231,2020
2020-08-19,170.30897432941975,170.30897432941975,99.65805457767665,232,2020
2020-08-20,100.05614772579584,100.05614772579584,102.4277821970399,233,2020
2020-08-22,46.462306983134084,46.462306983134084,89.21181217336738,235,2020
2020-08-23,77.2628587362874,77.2628587362874,99.58576315670493,236,2020
2020-08-24,52.25136787034023,52.25136787034023,86.68694345163468,237,2020
2020-08-25,83.33548565777524,83.33548565777524,93.1427517511926,238,2020
2020-08-26,84.99217879380905,84.99217879380905,93.79704692375938,239,2020
2020-08-27,114.69186607441867,114.69186607441867,93.5474950383303,240,2020
2020-08-28,92.94910182320818,92.94910182320818,92.22228532889581,241,2020
2020-08-29,35.56487230257882,35.56487230257882,82.75931407258221,242,2020
2020-08-30,78.36338803880253,78.36338803880253,93.78988909892448,243,2020
2020-08-31,41.54196590318294,41.54196590318294,69.58158358450834,244,2020
2020-09-01,62.61847244842828,62.61847244842828,86.96371786755412,245,2020
2020-09-02,28.197579855502955,28.197579855502955,62.24108926238052,246,2020
2020-09-03,67.77552703438126,67.77552703438126,77.95654146339447,247,2020
2020-09-04,58.99710156160006,58.99710156160006,76.24399250418955,248,2020
2020-09-05,59.787706327730106,59.787706327730106,73.3766964730277,249,2020
2020-09-07,55.74649458644529,55.74649458644529,55.843493308945575,251,2020
2020-09-27,40.81574584107168,40.81574584107168,40.24250802990578,271,2020
2020-09-28,50.06843097561942,50.06843097561942,39.62522707873988,272,2020
2020-09-29,32.959760560176875,32.959760560176875,48.571968576222176,273,2020
2020-09-30,37.85033880846706,37.85033880846706,38.9212888539771,274,2020
2020-10-01,26.20479081266482,26.20479081266482,63.99356862809016,275,2020
2020-10-02,30.964962634581177,30.964962634581177,60.096679567172,276,2020
2020-10-03,24.218305601092244,24.218305601092244,64.30664534643188,277,2020
2020-10-04,39.18812119454069,39.18812119454069,38.11969864438051,278,2020
2020-10-05,13.341236763496934,13.341236763496934,55.384328894300886,279,2020
2020-10-06,26.94759492135282,26.94759492135282,60.61620466765654,280,2020
2020-10-08,34.33647763348313,34.33647763348313,47.504416792331206,282,2020
2020-10-09,30.57788618556254,30.57788618556254,49.25088407869493,283,2020
2020-10-15,32.36079466651496,32.36079466651496,49.235890177317415,289,2020
2020-10-16,28.512462364062404,28.512462364062404,56.65212835851885,290,2020
2020-10-20,5.430115290833164,5.430115290833164,49.79917849199908,294,2020
2020-10-22,14.959257184887107,14.959257184887107,51.362721272098284,296,2020
2020-10-25,29.474459106514782,29.474459106514782,55.95935195806776,299,2020
2020-10-26,25.736184678915688,25.736184678915688,55.43289244737747,300,2020
2020-10-27,17.555177700714122,17.555177700714122,52.086945318386555,301,2020
2020-10-28,19.633564429600025,19.633564429600025,53.497283505499965,302,2020
2020-10-29,21.32984983795624,21.32984983795624,58.2775746618093,303,2020
2020-10-31,16.602518675802386,16.602518675802386,61.374254672804035,305,2020
2020-11-01,12.955093685198037,12.955093685198037,47.969942246244784,306,2020
2020-11-02,16.989488259385027,16.989488259385027,52.35923918980245,307,2020
2020-11-21,14.883335002100631,14.883335002100631,53.08131269576008,326,2020
2020-11-29,10.689141622857116,10.689141622857116,48.84869377322928,334,2020
2020-12-01,41.49199548676387,41.49199548676387,65.00008468787541,336,2020
2020-12-02,10.033156148943533,10.033156148943533,49.67431888618533,337,2020
2020-12-04,13.295395404509705,13.295395404509705,46.18211006720525,339,2020
2020-12-05,12.328013138650917,12.328013138650917,48.512407534014876,340,2020
2020-12-06,7.418027332582502,7.418027332582502,49.65422783859922,341,2020
2020-12-07,10.511911501538078,10.511911501538078,49.65422783859922,342,2020
2020-12-08,17.0587018978075,17.0587018978075,60.279092192759876,343,2020
2020-12-12,3.64624254092509,3.64624254092509,49.02089118355174,347,2020
2020-12-23,20.75054164232457,20.75054164232457,39.51594006682147,358,2020
2020-12-27,13.268540317649402,13.268540317649402,54.768046755762946,362,2020
2020-12-28,20.653822958000653,20.653822958000653,44.75838795642657,363,2020
2021-01-13,10.759092453249465,10.759092453249465,48.02032700701775,13,2021
2021-01-14,14.587420836575243,14.587420836575243,53.717145966266465,14,2021
2021-01-16,18.11157609753155,18.11157609753155,56.16683890586616,16,2021
2021-01-17,11.716023638979747,11.716023638979747,47.89229273730688,17,2021
2021-01-18,22.495828509210163,22.495828509210163,57.06996170777222,18,2021
2021-01-19,12.538775244400316,12.538775244400316,47.46903412774215,19,2021
2021-01-23,15.7145708085313,15.7145708085313,52.33662221081349,23,2021
2021-02-09,12.054735779330898,12.054735779330898,45.09062251842379,40,2021
2021-02-10,38.93884851490929,38.93884851490929,57.101602443411586,41,2021
2021-02-24,66.30157857718456,66.30157857718456,69.04282848659697,55,2021
2021-02-28,65.92111511412132,65.92111511412132,70.39919856682286,59,2021
2021-03-03,22.301306324912034,22.301306324912034,57.17976599449175,62,2021
2021-03-11,56.80547007159494,56.80547007159494,68.8781628329977,70,2021
2021-03-12,39.81283047816673,39.81283047816673,69.43689975803018,71,2021
2021-03-13,35.69553847844028,35.69553847844028,79.67167448930914,72,2021
2021-03-16,51.46942481470367,51.46942481470367,70.3149114217145,75,2021
2021-03-17,26.489864299616855,26.489864299616855,58.90252594692974,76,2021
2021-03-23,44.36349574615808,44.36349574615808,70.32532613296056,82,2021
2021-03-27,44.76396657556849,44.76396657556849,67.12137622830264,86,2021
2021-03-30,34.135789377648365,34.135789377648365,61.18738649807169,89,2021
2021-03-31,34.740228430345155,34.740228430345155,63.457847857574315,90,2021
2021-04-01,29.510758428719516,29.510758428719516,56.107346117560226,91,2021
2021-04-05,35.308349073262235,35.308349073262235,62.216042069532506,95,2021
2021-04-06,28.612391255160407,28.612391255160407,62.62123258638955,96,2021
2021-04-07,28.6274080488127,28.6274080488127,61.580527305459505,97,2021
2021-04-09,44.09944509237843,44.09944509237843,59.29902667557422,99,2021
2021-04-11,30.027318751548773,30.027318751548773,64.38510661879432,101,2021
2021-04-12,26.37917695362578,26.37917695362578,59.433730130669204,102,2021
2021-04-13,26.470501339261226,26.470501339261226,58.90613797401916,103,2021
2021-04-14,30.743755649551083,30.743755649551083,64.20201201319563,104,2021
2021-04-15,37.279310917983125,37.279310917983125,72.64889300324657,105,2021
2021-04-16,50.676012191668875,50.676012191668875,70.71547470302248,106,2021
2021-04-17,35.92857116439823,35.92857116439823,62.65635757743962,107,2021
2021-04-18,28.33094228870199,28.33094228870199,55.761870352843275,108,2021
2021-04-19,23.911817315177398,23.911817315177398,55.93323605336437,109,2021
2021-04-20,26.272502798004925,26.272502798004925,54.21874772447882,110,2021
2021-04-21,25.77571381888625,25.77571381888625,59.01854949062627,111,2021
2021-04-22,37.61967145638317,37.61967145638317,73.2786651090588,112,2021
2021-04-27,35.83551730784839,35.83551730784839,94.66733895980579,117,2021
2021-04-28,37.70671384718492,37.70671384718492,96.5034822382752,118,2021
2021-04-29,25.314321799288553,25.314321799288553,58.299441100467796,119,2021
2021-05-04,30.99797716204787,30.99797716204787,78.7337635489957,124,2021
2021-05-05,22.750820882085197,22.750820882085197,54.86712082109101,125,2021
2021-05-10,39.555249342891585,39.555249342891585,105.76827850118823,130,2021
2021-05-11,52.75913768992809,52.75913768992809,102.94604263258739,131,2021
2021-05-12,21.659750649648053,21.659750649648053,54.76410889882465,132,2021
2021-05-13,40.59087101906997,40.59087101906997,107.65393065307272,133,2021
2021-05-14,19.056866599809204,19.056866599809204,55.21156589994487,134,2021
2021-05-15,26.180452507902555,26.180452507902555,54.533629516166364,135,2021
2021-05-16,39.61725594105336,39.61725594105336,84.65086520762372,136,2021
2021-05-17,24.590446697118445,24.590446697118445,57.323348190942006,137,2021
2021-05-26,56.87192700943095,56.87192700943095,102.39668144904621,146,2021
2021-05-28,12.663305658108154,12.663305658108154,53.79502525915494,148,2021
2021-05-29,12.660168126976638,12.660168126976638,46.52186890933569,149,2021
2021-05-30,15.64482571701583,15.64482571701583,50.826486317242875,150,2021
2021-05-31,40.89158595002345,40.89158595002345,117.24336802676689,151,2021
2021-06-01,66.45296294088986,66.45296294088986,105.9093966408821,152,2021
2021-06-02,46.47899005265419,46.47899005265419,115.42862861199427,153,2021
2021-06-03,57.306980884909954,57.306980884909954,109.13644735011397,154,2021
2021-06-04,21.300969250450077,21.300969250450077,52.84155940470357,155,2021
2021-06-16,64.37484954140737,64.37484954140737,112.00461216864974,167,2021
2021-06-17,58.73253355355785,58.73253355355785,106.73857340409195,168,2021
2021-06-18,53.5975575227869,53.5975575227869,108.35756916222898,169,2021
2021-06-19,80.67444532035508,80.67444532035508,102.02720620028234,170,2021
2021-06-20,49.34652614685194,49.34652614685194,116.70310705075286,171,2021
2021-06-21,48.889258764507844,48.889258764507844,113.6523149044546,172,2021
2021-06-23,57.5412723502796,57.5412723502796,100.46671531631566,174,2021
2021-06-24,29.528800451582477,29.528800451582477,66.8016285212778,175,2021
2021-06-25,98.2287294368306,98.2287294368306,105.25849399191728,176,2021
2021-06-26,74.47049563245392,74.47049563245392,107.38176503962698,177,2021
2021-06-27,48.22444013952166,48.22444013952166,113.68107662341401,178,2021
2021-06-28,110.16490570719793,110.16490570719793,106.9283766356609,179,2021
2021-06-29,32.31836428889042,32.31836428889042,91.0656100897336,180,2021
2021-06-30,52.63611788204463,52.63611788204463,113.19709068672262,181,2021
2021-07-01,21.055029481287225,21.055029481287225,58.425918252662285,182,2021
2021-07-02,52.21185411280094,52.21185411280094,113.24236216444294,183,2021
2021-07-03,58.00558904316701,58.00558904316701,106.86194364394458,184,2021
2021-07-04,51.53630347745337,51.53630347745337,114.67367873353004,185,2021
2021-07-05,82.29503292439439,82.29503292439439,105.78638920951946,186,2021
2021-07-06,17.75301320531192,17.75301320531192,58.17825584679321,187,2021
2021-07-07,59.0191748559558,59.0191748559558,116.40907854040982,188,2021
2021-07-08,19.72852169527641,19.72852169527641,59.14727025911381,189,2021
2021-07-09,55.389230257646766,55.389230257646766,114.37489293936814,190,2021
2021-07-10,36.61474413271417,36.61474413271417,89.26678347074622,191,2021
2021-07-11,42.17480015152275,42.17480015152275,120.11453483316845,192,2021
2021-07-12,35.64238745608661,35.64238745608661,89.92175533608719,193,2021
2021-07-13,39.62649964143827,39.62649964143827,86.45459943470419,194,2021
2021-07-14,43.06651760257803,43.06651760257803,122.46517841482859,195,2021
2021-07-15,17.743105158092625,17.743105158092625,60.904918557034506,196,2021
2021-07-16,42.53966421041972,42.53966421041972,121.93379339613648,197,2021
2021-07-17,27.264171243391914,27.264171243391914,62.41160374412266,198,2021
2021-07-18,58.61783723533661,58.61783723533661,104.12361283115904,199,2021
2021-07-19,37.664920269362995,37.664920269362995,117.8896122408157,200,2021
2021-07-20,39.42074266992283,39.42074266992283,118.92533454375396,201,2021
2021-07-21,60.17653133587265,60.17653133587265,97.99972388000313,202,2021
2021-07-22,25.78614237598957,25.78614237598957,61.234810387643385,203,2021
2021-07-23,35.27608894685842,35.27608894685842,92.5159561546754,204,2021
2021-07-24,18.415278035669413,18.415278035669413,57.87902548853454,205,2021
2021-07-25,47.7001508193534,47.7001508193534,116.19145754044719,206,2021
2021-07-26,19.167296704412152,19.167296704412152,55.601395723514614,207,2021
2021-07-28,43.825273313930644,43.825273313930644,116.47117686274363,209,2021
2021-07-29,36.95226091841505,36.95226091841505,117.27764705351618,210,2021
2021-08-01,31.162703203871335,31.162703203871335,56.208253227036856,213,2021
2021-08-02,38.22207782407692,38.22207782407692,81.80800840825025,214,2021
2021-08-03,23.19474884069167,23.19474884069167,58.14521615478508,215,2021
2021-08-04,51.912396574525594,51.912396574525594,98.28350512357399,216,2021
2021-08-05,15.41233808379968,15.41233808379968,47.032174259766485,217,2021
2021-08-07,47.0829677209319,47.0829677209319,97.07737063877403,219,2021
2021-08-08,25.85047890512756,25.85047890512756,60.204604240058565,220,2021
2021-08-09,30.16835916527561,30.16835916527561,70.66723904785349,221,2021
2021-08-10,27.70063871672319,27.70063871672319,72.1229403897839,222,2021
2021-08-11,36.19518116607756,36.19518116607756,99.7149431631795,223,2021
2021-08-13,39.1279501883477,39.1279501883477,96.49926661162289,225,2021
2021-08-16,33.06817340074734,33.06817340074734,80.17761193017091,228,2021
2021-08-18,27.634869458682317,27.634869458682317,73.11815096895405,230,2021
2021-08-19,31.21827720121044,31.21827720121044,53.89273766485327,231,2021
2021-08-22,21.74863430035197,21.74863430035197,49.83287076466448,234,2021
2021-08-23,37.975284931945936,37.975284931945936,91.25465278715359,235,2021
2021-08-24,10.585437735123238,10.585437735123238,48.21629586121963,236,2021
2021-08-25,30.249820595966472,30.249820595966472,58.09313408006234,237,2021
2021-08-27,44.864250870234585,44.864250870234585,82.14338547587951,239,2021
2021-08-30,46.329395999785305,46.329395999785305,81.69136185357823,242,2021
2021-08-31,44.20438947306329,44.20438947306329,73.97665538842494,243,2021
2021-09-02,12.37043080028126,12.37043080028126,46.281931896827196,245,2021
2021-09-04,38.79248209754345,38.79248209754345,71.93487069166763,247,2021
2021-09-05,40.181585477735254,40.181585477735254,63.80190565489343,248,2021
2021-09-06,39.4941895210149,39.4941895210149,61.2895556716279,249,2021
2021-09-08,37.58937749601172,37.58937749601172,53.42141001265661,251,2021
2021-09-12,28.50361507959439,28.50361507959439,61.69340031949822,255,2021
2021-09-13,27.226664920167636,27.226664920167636,60.63965034228034,256,2021
2021-09-14,32.05881384662171,32.05881384662171,51.887151201479384,257,2021
2021-09-15,36.7021948369769,36.7021948369769,51.464364824589765,258,2021
2021-09-16,39.548217073164416,39.548217073164416,49.17163259602891,259,2021
2021-09-20,37.317418904821714,37.317418904821714,52.09169660994344,263,2021
2021-09-21,39.17413903834679,39.17413903834679,41.36768979617021,264,2021
2021-09-23,39.453000535872384,39.453000535872384,40.6949735143925,266,2021
2021-09-24,31.690636625707274,31.690636625707274,51.30240177083557,267,2021
2021-09-25,31.38668359665603,31.38668359665603,52.57931133739725,268,2021
2021-09-26,27.077931100763713,27.077931100763713,62.20331704897572,269,2021
2021-09-29,43.71105546834949,43.71105546834949,55.24235325815692,272,2021
2021-09-30,56.53497188014468,56.53497188014468,40.75398333260714,273,2021
2021-10-01,36.51415876406699,36.51415876406699,52.92507465068611,274,2021
2021-10-02,44.93032269686453,44.93032269686453,40.30182753484938,275,2021
2021-10-03,40.46606632274154,40.46606632274154,50.297522225728585,276,2021
2021-10-06,27.676072970866407,27.676072970866407,64.43446487628489,279,2021
2021-10-07,24.68567206537032,24.68567206537032,55.60498495418918,280,2021
2021-10-08,20.30769819893185,20.30769819893185,58.469580473137334,281,2021
2021-10-09,32.389236679023206,32.389236679023206,52.80471366900003,282,2021
2021-10-15,35.946375074545266,35.946375074545266,38.73274401936789,288,2021
2021-10-16,31.129591894394828,31.129591894394828,52.50241717425423,289,2021
2021-10-19,36.04041753408571,36.04041753408571,39.98324159165095,292,2021
2021-10-30,14.660345631243931,14.660345631243931,53.56833790349904,303,2021
2021-10-31,13.347159075372929,13.347159075372929,53.97618075507237,304,2021
2021-11-08,9.05722925057623,9.05722925057623,50.170023204740566,312,2021
2021-11-17,7.526768399429089,7.526768399429089,50.23698786306616,321,2021
2021-11-20,13.318750289526998,13.318750289526998,47.361614238646865,324,2021
2021-11-21,18.519325726546914,18.519325726546914,56.80673794649977,325,2021
2021-11-22,9.171122777217848,9.171122777217848,47.71881111725738,326,2021
2021-11-29,10.061260073269565,10.061260073269565,49.87707443437877,333,2021
2021-12-01,8.6034810119499,8.6034810119499,49.67431888618533,335,2021
2021-12-03,11.042811728971726,11.042811728971726,48.08946813372437,337,2021
2021-12-05,15.691562005505345,15.691562005505345,60.541269271121635,339,2021
2022-01-02,5.296651055111787,5.296651055111787,48.772065190562195,2,2022
2022-01-16,1734.944443729827,1734.944443729827,70.44036596071021,16,2022
2022-01-21,25.789244499774394,25.789244499774394,59.40389666003244,21,2022
2022-01-22,62.36342943601341,62.36342943601341,66.40155908615779,22,2022
2022-01-23,36.912069598497176,36.912069598497176,63.25607374818547,23,2022
2022-01-24,31.71517796485714,31.71517796485714,58.208999568388144,24,2022
2022-01-25,50.09473878440857,50.09473878440857,68.04561094894905,25,2022
2022-01-26,22.332193646985587,22.332193646985587,59.98674231277977,26,2022
2022-01-27,9.531294619519581,9.531294619519581,47.26068742755689,27,2022
2022-01-28,64.62142258268277,64.62142258268277,59.420732757862226,28,2022
2022-01-29,11.28792053470812,11.28792053470812,47.00632307371414,29,2022
2022-02-06,15.77808322275711,15.77808322275711,53.73893194654903,37,2022
2022-02-08,13.42744729693087,13.42744729693087,46.056148640401496,39,2022
2022-02-10,33.32397068655418,33.32397068655418,55.80941454629806,41,2022
2022-02-11,8.053086312516198,8.053086312516198,48.48797983659875,42,2022
2022-02-12,6.865183405071607,6.865183405071607,48.27897561629361,43,2022
2022-02-13,11.282385281992674,11.282385281992674,47.5983498892347,44,2022
2022-02-17,62.06475987593559,62.06475987593559,66.61145152044527,48,2022
2022-02-18,24.505665316991056,24.505665316991056,58.509795327689005,49,2022
2022-02-19,19.984868820661056,19.984868820661056,55.933237519845036,50,2022
2022-02-22,40.20847203786492,40.20847203786492,77.67585851557142,53,2022
2022-02-23,7.76815660753375,7.76815660753375,48.46454101013614,54,2022
2022-02-25,35.66936402974237,35.66936402974237,69.81441517691593,56,2022
2022-03-05,41.445845024029126,41.445845024029126,69.31102711951324,64,2022
2022-03-06,64.508418233168,64.508418233168,69.4380148918914,65,2022
2022-03-07,46.97547963281746,46.97547963281746,64.23264330296169,66,2022
2022-03-12,61.131580746218496,61.131580746218496,72.4277455433865,71,2022
2022-03-22,100.1203092664542,100.1203092664542,70.13057942047209,81,2022
2022-03-24,25.073408561734308,25.073408561734308,58.80520788536233,83,2022
2022-03-25,23.883060219814944,23.883060219814944,55.737140771651006,84,2022
2022-04-01,26.253069754886017,26.253069754886017,59.094006882060334,91,2022
2022-04-06,33.70734698306506,33.70734698306506,70.18529341595546,96,2022
2022-04-07,23.026666965217203,23.026666965217203,55.34865453573834,97,2022
2022-04-22,41.87366761052252,41.87366761052252,81.30215608795392,112,2022
2022-04-24,33.49481553085566,33.49481553085566,73.4729285830163,114,2022
2022-05-01,44.254959165694814,44.254959165694814,93.51583204769925,121,2022
2022-05-21,50.401974291783674,50.401974291783674,105.9825747905847,141,2022
2022-05-23,50.02600779941343,50.02600779941343,103.025653192754,143,2022
2022-06-07,30.021116835220894,30.021116835220894,60.714108616835766,158,2022
2022-06-20,29.15685972978453,29.15685972978453,66.66139857281591,171,2022
2022-06-21,62.41012476605428,62.41012476605428,82.96118431452349,172,2022
2022-06-22,53.766697695881874,53.766697695881874,112.1318887646723,173,2022
2022-06-23,22.937231765185377,22.937231765185377,58.89219578499299,174,2022
2022-06-24,83.22953655223645,83.22953655223645,107.82926949293451,175,2022
2022-06-25,43.457094074165894,43.457094074165894,81.44099996133987,176,2022
2022-06-26,65.50453080269429,65.50453080269429,108.71051557811145,177,2022
2022-06-27,80.79099940916234,80.79099940916234,106.10513800230129,178,2022
2022-06-28,72.0466309774948,72.0466309774948,108.51945962064882,179,2022
2022-06-29,95.80687837709252,95.80687837709252,103.87754872579237,180,2022
2022-06-30,32.37764800457251,32.37764800457251,90.8767717370788,181,2022
2022-07-01,43.48153866966712,43.48153866966712,123.69785710767428,182,2022
2022-07-02,21.184267274600987,21.184267274600987,59.24816532071237,183,2022
2022-07-03,87.60529791318724,87.60529791318724,107.78515885117125,184,2022
2022-07-04,40.66240453747904,40.66240453747904,123.88688885273241,185,2022
2022-07-07,17.812991795393774,17.812991795393774,58.509376836499804,188,2022
2022-07-08,47.52952907329455,47.52952907329455,84.68284113365644,189,2022
2022-07-09,30.996797301000836,30.996797301000836,56.06504159318361,190,2022
2022-07-10,54.07415563910173,54.07415563910173,105.3735140205904,191,2022
2022-07-11,84.00979252282875,84.00979252282875,103.80591151931112,192,2022
2022-07-12,46.77056236229419,46.77056236229419,117.44991323427779,193,2022
2022-07-13,39.359884344055516,39.359884344055516,123.96961511323518,194,2022
2022-07-14,39.92521589764499,39.92521589764499,81.90024716703623,195,2022
2022-07-15,69.11706827127571,69.11706827127571,107.92464833113057,196,2022
2022-07-16,29.22362258482375,29.22362258482375,89.65198298436167,197,2022
2022-07-17,70.43240477293462,70.43240477293462,102.73139124385384,198,2022
2022-07-18,45.37517179776934,45.37517179776934,76.83166298525511,199,2022
2022-07-19,81.20978714101277,81.20978714101277,109.98043602411688,200,2022
2022-07-20,78.66738142142914,78.66738142142914,103.2831118299441,201,2022
2022-07-21,65.69659777370207,65.69659777370207,108.55999467451343,202,2022
2022-07-22,47.85100849032685,47.85100849032685,115.49063504672216,203,2022
2022-07-23,41.830560337271486,41.830560337271486,79.82731372315058,204,2022
2022-07-24,46.751792039181765,46.751792039181765,116.3962912003305,205,2022
2022-07-25,67.67155484054302,67.67155484054302,102.96889953585118,206,2022
2022-07-26,51.726393827356034,51.726393827356034,109.41521548749668,207,2022
2022-07-27,40.1631041594308,40.1631041594308,87.32503122665506,208,2022
2022-07-28,38.72405426117236,38.72405426117236,118.496466666635,209,2022
2022-07-29,50.93765345976651,50.93765345976651,107.66219130169661,210,2022
2022-07-30,42.760985116859416,42.760985116859416,80.14890234498247,211,2022
2022-07-31,27.881577677943966,27.881577677943966,61.972963625854334,212,2022
2022-08-01,25.252526034404507,25.252526034404507,60.84942883216481,213,2022
2022-08-02,38.95342893413701,38.95342893413701,80.37488735075604,214,2022
2022-08-03,50.56882421973219,50.56882421973219,98.03025766938191,215,2022
2022-08-04,52.24113533231274,52.24113533231274,100.15764140798292,216,2022
2022-08-05,66.04132629158065,66.04132629158065,101.96063472264744,217,2022
2022-08-06,66.02252713951775,66.02252713951775,99.35994027202004,218,2022
2022-08-07,41.91660274968267,41.91660274968267,100.47000677607946,219,2022
2022-08-08,18.881110347024812,18.881110347024812,57.160294755305976,220,2022
2022-08-09,44.15545069327955,44.15545069327955,99.04518502139415,221,2022
2022-08-10,53.7780261553862,53.7780261553862,91.85485620978017,222,2022
2022-08-11,35.54096725485918,35.54096725485918,77.71120505512663,223,2022
2022-08-12,55.04836942196932,55.04836942196932,90.48097476511789,224,2022
2022-08-13,57.650061529119725,57.650061529119725,95.35140388348435,225,2022
2022-08-14,49.53347204201978,49.53347204201978,94.38687964664564,226,2022
2022-08-15,51.47976691292506,51.47976691292506,79.79732179154402,227,2022
2022-08-16,61.63165791665247,61.63165791665247,100.89775153771625,228,2022
2022-08-19,46.589254155619955,46.589254155619955,94.06199063827047,231,2022
2022-08-20,57.82710435929928,57.82710435929928,96.6943890082807,232,2022
2022-08-21,61.83068597661456,61.83068597661456,98.8420874246209,233,2022
2022-08-22,64.42134091518022,64.42134091518022,98.27501276988957,234,2022
2022-08-23,44.71510780693227,44.71510780693227,89.29441770823874,235,2022
2022-08-24,35.182685011785075,35.182685011785075,71.71648906987726,236,2022
2022-08-25,37.33914075955626,37.33914075955626,89.49348741759013,237,2022
2022-08-26,49.2652153186918,49.2652153186918,86.65538492814969,238,2022
2022-08-27,30.782357127534326,30.782357127534326,52.1090942853846,239,2022
2022-08-28,55.09977373933735,55.09977373933735,91.32423074595962,240,2022
2022-08-30,40.21983106898708,40.21983106898708,65.53304726202036,242,2022
2022-08-31,44.94928937710749,44.94928937710749,79.98910324999196,243,2022
2022-09-01,49.39559620865474,49.39559620865474,79.87777412440195,244,2022
2022-09-03,37.202879086722085,37.202879086722085,82.00614154984197,246,2022
2022-09-04,69.45051136714625,69.45051136714625,81.95008956584745,247,2022
2022-09-05,55.095364140618486,55.095364140618486,72.64141976951623,248,2022
2022-09-06,53.16652613498613,53.16652613498613,69.24875542298075,249,2022
2022-09-07,42.038920134890574,42.038920134890574,70.12548889592796,250,2022
2022-09-08,60.34575309563142,60.34575309563142,60.85927700363183,251,2022
2022-09-09,44.45945795350583,44.45945795350583,42.91974833682656,252,2022
2022-09-12,89.13867897943642,89.13867897943642,51.33036330317466,255,2022
2022-09-14,40.891585950023405,40.891585950023405,41.97063869338266,257,2022
2022-09-19,38.605255857858154,38.605255857858154,41.1596508139647,262,2022
2022-09-20,28.79836289886791,28.79836289886791,61.807531365327755,263,2022
2022-09-23,59.39381164281015,59.39381164281015,46.0841589844711,266,2022
2022-09-24,49.31439208590159,49.31439208590159,43.356959957881074,267,2022
2022-09-25,63.0935250744575,63.0935250744575,46.41080407893159,268,2022
2022-09-26,39.863108765032706,39.863108765032706,40.31693717606803,269,2022
2022-09-27,55.40671521126305,55.40671521126305,40.850742867289625,270,2022
2022-09-30,51.586758170179856,51.586758170179856,36.643580246894516,273,2022
2022-10-01,44.07686508879138,44.07686508879138,39.225771621309846,274,2022
2022-10-02,57.86005342519546,57.86005342519546,38.308846763203135,275,2022
2022-10-03,36.26975815836818,36.26975815836818,50.04933604386659,276,2022
2022-10-04,56.98495862417472,56.98495862417472,38.77179526986974,277,2022
2022-10-05,41.34745506547007,41.34745506547007,39.08666624697078,278,2022
2022-10-06,46.079808485873116,46.079808485873116,39.15204930969893,279,2022
2022-10-08,36.10231524195998,36.10231524195998,48.107787568185024,281,2022
2022-10-09,30.257776121391913,30.257776121391913,49.33534953348034,282,2022
2022-10-11,72.86689804723343,72.86689804723343,46.847941113344184,284,2022
2022-10-12,37.47786771915867,37.47786771915867,38.348868275269936,285,2022
2022-10-13,55.170407115133166,55.170407115133166,36.41754693460736,286,2022
2022-10-14,49.160170166536936,49.160170166536936,40.233391674973795,287,2022
2022-10-16,57.35219394887287,57.35219394887287,40.775583202097266,289,2022
2022-10-17,29.443346775346747,29.443346775346747,60.985625944392616,290,2022
2022-10-18,53.978009157733936,53.978009157733936,36.47358967857758,291,2022
2022-10-19,45.05968004763796,45.05968004763796,41.117580777895405,292,2022
2022-10-27,44.663237272317446,44.663237272317446,55.35117950303184,300,2022
2022-10-29,21.48018180007398,21.48018180007398,57.472510245559306,302,2022
2022-11-09,12.17504177595977,12.17504177595977,46.88153008398107,313,2022
2022-11-10,33.29060356845387,33.29060356845387,63.24718628217008,314,2022
2022-11-14,42.36651542342906,42.36651542342906,64.10423787204954,318,2022
2022-11-15,13.866933024113694,13.866933024113694,53.326085673995024,319,2022
2022-11-16,18.36235533709756,18.36235533709756,55.165319305922544,320,2022
2022-11-17,22.11248110851948,22.11248110851948,55.05029185162002,321,2022
2022-11-18,14.295209533771853,14.295209533771853,53.43801284178792,322,2022
2022-11-19,12.66114125068571,12.66114125068571,55.32437292924637,323,2022
2022-11-20,8.88494811195465,8.88494811195465,49.91918589085472,324,2022
2022-11-23,11.365155305951884,11.365155305951884,52.702158414864755,327,2022
2022-11-24,12.361318888709574,12.361318888709574,48.28831446140375,328,2022
2022-11-26,15.22189342140086,15.22189342140086,46.543184965623574,330,2022
2022-12-03,50.561088003248784,50.561088003248784,72.69129425281605,337,2022
2022-12-05,20.21439501435486,20.21439501435486,58.68697682905303,339,2022
2022-12-14,11.599047946676423,11.599047946676423,48.767860627547435,348,2022
2022-12-15,10.397139109220982,10.397139109220982,49.65422783859922,349,2022
2022-12-16,9.925640519260188,9.925640519260188,49.09164049760477,350,2022
2022-12-17,7.026341387125768,7.026341387125768,49.3282597808232,351,2022
2022-12-21,12.146873655989207,12.146873655989207,45.78339439591554,355,2022
2023-01-20,10.513980170271926,10.513980170271926,48.417540620985434,20,2023
2023-01-23,14.971008631328118,14.971008631328118,45.94843614607313,23,2023
2023-01-24,32.476319794845594,32.476319794845594,52.73243786058144,24,2023
2023-01-25,11.016988116699086,11.016988116699086,47.652231279517935,25,2023
2023-01-29,15.391032967610368,15.391032967610368,52.169878736573175,29,2023
2023-01-30,15.278731309767192,15.278731309767192,52.34247277155701,30,2023
2023-02-01,6.494943161824302,6.494943161824302,48.38086272687294,32,2023
2023-02-09,11.051084101963214,11.051084101963214,47.76720577556863,40,2023
2023-02-11,10.92536611316035,10.92536611316035,47.02200503211213,42,2023
2023-02-12,37.31255690851129,37.31255690851129,69.92907438676876,43,2023
2023-02-24,36.71119934175696,36.71119934175696,70.03655075985117,55,2023
2023-02-25,27.234652648994484,27.234652648994484,60.130134542971774,56,2023
2023-03-16,17.61123481653691,17.61123481653691,55.84628714081269,75,2023
2023-03-18,26.928673710309123,26.928673710309123,59.07531467299525,77,2023
2023-03-21,32.99874358021776,32.99874358021776,52.63588785150454,80,2023
2023-03-29,42.999074210185874,42.999074210185874,71.00478577529104,88,2023
2023-04-25,27.569761690732282,27.569761690732282,59.08408564775706,115,2023
2023-04-27,32.844860087631105,32.844860087631105,77.85291202437735,117,2023
2023-04-28,66.90484430933373,66.90484430933373,94.68113496565601,118,2023
2023-04-29,35.82898853046105,35.82898853046105,70.80028927893525,119,2023
2023-05-03,25.565848032409264,25.565848032409264,58.272359230447236,123,2023
2023-05-10,16.210527369802833,16.210527369802833,58.63178999981195,130,2023
2023-05-11,39.42735212913941,39.42735212913941,111.8911122386517,131,2023
2023-05-12,33.59259860241227,33.59259860241227,84.65899679844605,132,2023
2023-05-13,30.050152915103645,30.050152915103645,55.546421003211606,133,2023
2023-05-14,46.128896887751054,46.128896887751054,102.81510880964615,134,2023
2023-05-15,49.54962568663884,49.54962568663884,106.6480764885379,135,2023
2023-05-16,60.44536582064622,60.44536582064622,104.68419460023048,136,2023
2023-05-17,79.90629000665437,79.90629000665437,103.61321269372863,137,2023
2023-05-18,53.53973667638795,53.53973667638795,97.77683356745295,138,2023
2023-05-19,48.970398127602984,48.970398127602984,76.61349568367129,139,2023
2023-05-20,39.47442364978442,39.47442364978442,80.2562646629078,140,2023
2023-05-23,42.48815814696919,42.48815814696919,78.05954249206881,143,2023
2023-05-24,42.878168227486256,42.878168227486256,108.17134132812006,144,2023
2023-05-25,39.66614780016593,39.66614780016593,108.69944421265618,145,2023
2023-05-28,27.203119765740507,27.203119765740507,60.038648497635315,148,2023
2023-05-29,27.851276845717223,27.851276845717223,85.41305668224368,149,2023
2023-05-30,52.386915204045906,52.386915204045906,102.06911821272988,150,2023
2023-05-31,32.67594621501368,32.67594621501368,86.26735712368477,151,2023
2023-06-01,33.655224035611155,33.655224035611155,86.90400318868456,152,2023
2023-06-02,42.97528390939716,42.97528390939716,115.57443646053247,153,2023
2023-06-03,42.70992409201487,42.70992409201487,118.97115945452634,154,2023
2023-06-04,44.24532276850184,44.24532276850184,116.69126950475221,155,2023
2023-06-05,30.862602846073806,30.862602846073806,88.10488685821738,156,2023
2023-06-06,27.69099321312411,27.69099321312411,89.04436099835857,157,2023
2023-06-07,31.563844404506803,31.563844404506803,54.58724084966429,158,2023
2023-06-10,44.652224102236076,44.652224102236076,77.91331856866721,161,2023
2023-06-11,38.88764680954345,38.88764680954345,89.67535212056093,162,2023
2023-06-12,55.74649458644523,55.74649458644523,101.68573674798397,163,2023
2023-06-14,48.51455806078316,48.51455806078316,111.61717698221545,165,2023
2023-06-15,38.35705500644863,38.35705500644863,120.90937276711563,166,2023
2023-06-16,42.99971059062968,42.99971059062968,120.8131869835092,167,2023
2023-06-21,82.53071905647634,82.53071905647634,101.87256077815627,172,2023
2023-06-22,54.60926456530328,54.60926456530328,112.07177867574362,173,2023
2023-06-23,16.1293894288831,16.1293894288831,61.41209566827132,174,2023
2023-06-24,34.834170194126415,34.834170194126415,90.63938385559506,175,2023
2023-06-25,52.24903044597946,52.24903044597946,112.4977863812171,176,2023
2023-06-26,36.78050541470478,36.78050541470478,91.24169587390585,177,2023
2023-06-27,70.16840251171402,70.16840251171402,105.1392378282768,178,2023
2023-06-28,50.814922798718186,50.814922798718186,120.01286729451088,179,2023
2023-06-29,61.733854435266295,61.733854435266295,116.04484627488559,180,2023
2023-06-30,50.22730764352231,50.22730764352231,80.25168910352181,181,2023
2023-07-01,36.95086999448458,36.95086999448458,74.9232389488133,182,2023
2023-07-02,41.71908740133583,41.71908740133583,87.06962965782074,183,2023
2023-07-03,26.097046894650493,26.097046894650493,89.57976988323139,184,2023
2023-07-04,31.784425262147337,31.784425262147337,97.31521913158397,185,2023
2023-07-05,33.6735430133439,33.6735430133439,84.32185752482764,186,2023
2023-07-06,39.205702250573204,39.205702250573204,126.57917482101148,187,2023
2023-07-07,49.439769231241044,49.439769231241044,114.46364200788402,188,2023
2023-07-08,32.79162010649441,32.79162010649441,90.49624127436246,189,2023
2023-07-09,41.77497994771147,41.77497994771147,125.91059676933052,190,2023
2023-07-10,19.831311312703605,19.831311312703605,59.45158834318841,191,2023
2023-07-11,56.27393188079411,56.27393188079411,112.21399386918966,192,2023
2023-07-12,49.63463935944104,49.63463935944104,109.96954083100353,193,2023
2023-07-13,72.67497782138453,72.67497782138453,103.77194934643914,194,2023
2023-07-14,69.41208552667919,69.41208552667919,105.5629223645213,195,2023
2023-07-15,24.691878802153994,24.691878802153994,62.04011541670834,196,2023
2023-07-16,38.461505183292,38.461505183292,91.50026853017567,197,2023
2023-07-17,27.273697907343596,27.273697907343596,61.98822900894207,198,2023
2023-07-18,50.224734915202525,50.224734915202525,120.16883719623485,199,2023
2023-07-19,51.17600384196714,51.17600384196714,106.8537284030903,200,2023
2023-07-20,35.17970759419056,35.17970759419056,91.54283151265713,201,2023
2023-07-21,62.504128404642344,62.504128404642344,78.90705833354971,202,2023
2023-07-22,22.091709939234587,22.091709939234587,58.085862916294836,203,2023
2023-07-23,42.18507759270213,42.18507759270213,117.24838278848203,204,2023
2023-07-25,41.610730045397965,41.610730045397965,118.07043575827511,206,2023
2023-07-26,65.5289000087167,65.5289000087167,111.59415514080354,207,2023
2023-07-27,33.08574793887719,33.08574793887719,89.33702522352264,208,2023
2023-07-28,46.50046566563734,46.50046566563734,109.56179054255152,209,2023
2023-07-29,20.805399149880415,20.805399149880415,57.87557960000085,210,2023
2023-07-30,38.37461284190546,38.37461284190546,84.78711857353187,211,2023
2023-07-31,41.07845112795461,41.07845112795461,86.6375450218951,212,2023
2023-08-01,49.16917391935789,49.16917391935789,106.57689251587553,213,2023
2023-08-02,65.99625237030908,65.99625237030908,102.25917486524366,214,2023
2023-08-03,36.04027453627131,36.04027453627131,78.64442163455186,215,2023
2023-08-07,42.71285197826364,42.71285197826364,99.61391482961551,219,2023
2023-08-08,45.764760445236334,45.764760445236334,94.70605963684164,220,2023
2023-08-09,34.840343949467055,34.840343949467055,97.25134788792626,221,2023
2023-08-10,35.21407956735781,35.21407956735781,78.02076786582705,222,2023
2023-08-11,40.84430844420926,40.84430844420926,74.89126826082497,223,2023
2023-08-12,41.54166288169615,41.54166288169615,75.59627506359666,224,2023
2023-08-13,48.53085172238583,48.53085172238583,94.10091915842999,225,2023
2023-08-15,47.62677074544462,47.62677074544462,96.40022952891744,227,2023
2023-08-16,48.84443808040589,48.84443808040589,96.57850991029873,228,2023
2023-08-18,43.64521326008848,43.64521326008848,72.74219716569584,230,2023
2023-08-19,31.08576413369249,31.08576413369249,53.89273766485327,231,2023
2023-08-22,45.371544481187755,45.371544481187755,93.75547127633835,234,2023
2023-08-23,52.73877543596852,52.73877543596852,87.1325165591316,235,2023
2023-08-24,18.624972194377804,18.624972194377804,56.347749021471266,236,2023
2023-08-26,34.42153657078265,34.42153657078265,84.87118030476205,238,2023
2023-08-27,41.35243302588524,41.35243302588524,71.37622402322536,239,2023
2023-08-28,36.540030161233,36.540030161233,86.53226813916497,240,2023
2023-09-02,34.45862077150486,34.45862077150486,80.80605835389945,245,2023
2023-09-05,45.84907642736324,45.84907642736324,73.16616917779145,248,2023
2023-09-06,59.636614140899226,59.636614140899226,73.71957091461984,249,2023
2023-09-07,15.144281992786244,15.144281992786244,48.1300135426631,250,2023
2023-09-08,33.57590587596931,33.57590587596931,54.06028355218384,251,2023
2023-09-09,32.87875270301219,32.87875270301219,51.5802526921983,252,2023
2023-09-10,28.172435913057328,28.172435913057328,60.005596211161674,253,2023
2023-09-12,33.96723232567996,33.96723232567996,53.716889301414234,255,2023
2023-09-13,58.13543319943185,58.13543319943185,43.03704602682071,256,2023
2023-09-14,44.14747856466167,44.14747856466167,52.78419915765869,257,2023
2023-09-15,33.51150781778692,33.51150781778692,51.278232627455765,258,2023
2023-09-16,32.01946243906987,32.01946243906987,53.009472917826386,259,2023
2023-09-17,26.073641629928236,26.073641629928236,59.78909072055668,260,2023
2023-09-19,27.214689778830113,27.214689778830113,60.76541637069585,262,2023
2023-09-22,44.14040206735061,44.14040206735061,38.375123558423184,265,2023
2023-10-01,32.74514807108056,32.74514807108056,51.961778442191715,274,2023
2023-10-04,34.213149302299115,34.213149302299115,49.84884617931635,277,2023
2023-10-05,55.49637887813881,55.49637887813881,40.42068579973313,278,2023
2023-10-06,42.286332039362634,42.286332039362634,39.39762401107842,279,2023
2023-10-07,56.178766105567135,56.178766105567135,42.40738315132988,280,2023
2023-10-08,36.25903228137564,36.25903228137564,38.19013089792473,281,2023
2023-10-12,62.573033072666014,62.573033072666014,45.52114988216178,285,2023
2023-10-17,57.88297456063739,57.88297456063739,40.550401815993766,290,2023
2023-10-18,25.577318672635528,25.577318672635528,59.971720444652135,291,2023
2023-10-19,68.44400939187732,68.44400939187732,52.91556051562044,292,2023
2023-10-28,45.256304685701025,45.256304685701025,61.64061461735183,301,2023
2023-10-29,50.098917774995996,50.098917774995996,58.11564303850207,302,2023
2023-10-30,21.334001843912585,21.334001843912585,54.52071286066089,303,2023
2023-10-31,25.936063929503202,25.936063929503202,60.176472490267514,304,2023
2023-11-08,8.455186093936305,8.455186093936305,49.832306416691715,312,2023
2023-11-14,13.13990548876805,13.13990548876805,46.4503926382768,318,2023
2023-11-15,29.167713795088645,29.167713795088645,61.71173193481664,319,2023
2023-11-16,14.371905018871661,14.371905018871661,54.05450059394714,320,2023
2023-11-17,10.012461508865332,10.012461508865332,49.546132508412335,321,2023
2023-11-20,8.14021209050453,8.14021209050453,49.335068899992315,324,2023
2023-11-21,9.271631832567461,9.271631832567461,49.19321963157661,325,2023
2023-11-23,12.302227978138037,12.302227978138037,46.01773791625919,327,2023
2023-11-24,16.158985896138546,16.158985896138546,52.12165524386595,328,2023
2023-11-25,15.11192250437933,15.11192250437933,52.843331096162835,329,2023
2023-11-26,8.415583976905602,8.415583976905602,49.25751046677018,330,2023
2023-11-27,14.272361139406684,14.272361139406684,53.08131269576008,331,2023
2023-11-28,18.39239099180815,18.39239099180815,57.25486079543978,332,2023
2023-12-12,51.18757594471932,51.18757594471932,66.22601687953451,346,2023
2023-12-16,11.023533211857734,11.023533211857734,48.767860627547435,350,2023
2023-12-20,10.512455811592833,10.512455811592833,48.32052915818623,354,2023
2023-12-23,29.77451951689537,29.77451951689537,60.98153865249696,357,2023
2024-01-01,12.728647579069127,12.728647579069127,45.86610314707222,1,2024
2024-01-30,14.081280189343603,14.081280189343603,46.07613542010482,30,2024
2024-02-10,26.29146918733451,26.29146918733451,58.63171541794435,41,2024
2024-02-13,27.23662980082408,27.23662980082408,58.97954017876127,44,2024
2024-02-22,26.37917695362578,26.37917695362578,58.620229666840636,53,2024
2024-02-23,24.34670989742728,24.34670989742728,57.09984709217437,54,2024
2024-02-24,37.99043494093388,37.99043494093388,69.64498837854558,55,2024
2024-03-14,94.86185778659562,94.86185778659562,68.00948936599201,74,2024
2024-03-15,67.90803705106902,67.90803705106902,72.67961252324551,75,2024
2024-03-16,78.00447669835862,78.00447669835862,70.2438089294524,76,2024
2024-03-17,38.91126782038348,38.91126782038348,70.01411237623084,77,2024
2024-03-18,27.82286014645157,27.82286014645157,61.95622993287387,78,2024
2024-03-19,41.437712308180394,41.437712308180394,59.58836275525621,79,2024
2024-03-29,27.982880943093427,27.982880943093427,59.66343284143597,89,2024
2024-03-30,40.44161997498193,40.44161997498193,68.18288480821028,90,2024
2024-03-31,64.38212624190145,64.38212624190145,65.20983004064112,91,2024
2024-04-01,41.456279352802746,41.456279352802746,68.56612455382475,92,2024
2024-04-02,39.464032573816475,39.464032573816475,71.39678540172373,93,2024
2024-04-10,20.055786182109603,20.055786182109603,55.99195946712389,101,2024
2024-04-17,33.459789416394194,33.459789416394194,66.08667138846229,108,2024
2024-04-18,49.83879305192298,49.83879305192298,70.96832118544386,109,2024
2024-04-19,38.33398721231161,38.33398721231161,63.29307834108127,110,2024
2024-04-20,15.296104582454136,15.296104582454136,45.88812141861747,111,2024
2024-04-21,31.23157527506192,31.23157527506192,64.41956646289171,112,2024
2024-04-23,31.113518462590935,31.113518462590935,75.09285514258549,114,2024
2024-05-08,84.664452157511,84.664452157511,101.8443734365728,129,2024
2024-05-09,30.772739295722058,30.772739295722058,54.90361734096675,130,2024
2024-05-10,46.058831720493586,46.058831720493586,101.78413946034703,131,2024
2024-05-11,53.89109261584172,53.89109261584172,95.9529000682367,132,2024
2024-05-12,50.90141758081592,50.90141758081592,99.62443306158463,133,2024
2024-05-13,33.43173644635299,33.43173644635299,79.99052050996177,134,2024
2024-05-14,32.834507203096834,32.834507203096834,81.32307905121493,135,2024
2024-05-15,33.07619422689389,33.07619422689389,86.36573084576861,136,2024
2024-05-16,21.473642456014765,21.473642456014765,55.82040539050121,137,2024
2024-05-17,32.35725622584143,32.35725622584143,82.8624884282244,138,2024
2024-05-18,28.787092994305958,28.787092994305958,62.60379081466848,139,2024
2024-05-20,46.160781782036736,46.160781782036736,106.83567207753944,141,2024
2024-05-23,85.29717841276751,85.29717841276751,103.34681902331832,144,2024
2024-05-26,49.24724351453408,49.24724351453408,103.19263343856596,147,2024
2024-05-27,44.3197513050195,44.3197513050195,109.19068447221916,148,2024
2024-05-30,57.725996200896134,57.725996200896134,109.64842772271888,151,2024
2024-05-31,58.037647724853485,58.037647724853485,114.78548150151686,152,2024
2024-06-05,61.597777981207955,61.597777981207955,111.18313598477431,157,2024
2024-06-06,63.14526511126435,63.14526511126435,100.71902898786668,158,2024
2024-06-07,63.89675079143972,63.89675079143972,103.09009029632485,159,2024
2024-06-09,44.5509932950052,44.5509932950052,77.61036362281521,161,2024
2024-06-10,74.5634819304588,74.5634819304588,101.5391029719529,162,2024
2024-06-11,48.04813231243617,48.04813231243617,111.38312758787431,163,2024
2024-06-12,33.45755939743017,33.45755939743017,87.05465157353825,164,2024
2024-06-13,63.70743185499218,63.70743185499218,102.95063963352791,165,2024
2024-06-18,123.37805177751657,123.37805177751657,101.32719666627074,170,2024
2024-06-19,60.80467453260496,60.80467453260496,112.72552700970999,171,2024
2024-06-20,64.17000496549596,64.17000496549596,106.0882025960594,172,2024
2024-06-21,31.07111502796402,31.07111502796402,84.84736077578594,173,2024
2024-06-22,52.666886254009604,52.666886254009604,81.8900955912311,174,2024
2024-06-23,60.83866053780129,60.83866053780129,109.84683399897524,175,2024
2024-06-24,46.75850190061744,46.75850190061744,79.11731333820943,176,2024
2024-06-25,71.17306597023071,71.17306597023071,107.15659128743239,177,2024
2024-06-28,80.86642680641341,80.86642680641341,112.6690999935418,180,2024
2024-07-01,33.86023582605771,33.86023582605771,122.91897606025204,183,2024
2024-07-02,61.78792480482397,61.78792480482397,104.1581122137492,184,2024
2024-07-03,46.73053715956569,46.73053715956569,85.70250802569159,185,2024
2024-07-04,98.80676029306602,98.80676029306602,106.16437399634549,186,2024
2024-07-05,88.04148327810952,88.04148327810952,107.58026339895841,187,2024
2024-07-06,61.626750662098075,61.626750662098075,117.59372063686816,188,2024
2024-07-07,90.54409570978596,90.54409570978596,107.76462570549367,189,2024
2024-07-08,42.885435234486394,42.885435234486394,84.9204183638424,190,2024
2024-07-09,55.91899865948624,55.91899865948624,112.90799740620756,191,2024
2024-07-10,36.860805225037744,36.860805225037744,93.22625875459119,192,2024
2024-07-11,59.095311296758986,59.095311296758986,82.69275190329205,193,2024
2024-07-12,65.32625927584957,65.32625927584957,112.47114475120034,194,2024
2024-07-13,46.615802950700804,46.615802950700804,79.78433658961663,195,2024
2024-07-14,56.71386309073651,56.71386309073651,100.75408568311332,196,2024
2024-07-15,47.31351760593301,47.31351760593301,123.29867156612102,197,2024
2024-07-16,87.08263625945658,87.08263625945658,103.92567248567741,198,2024
2024-07-17,96.39059410274353,96.39059410274353,104.18609882056356,199,2024
2024-07-18,46.10305648112195,46.10305648112195,81.09990414203098,200,2024
2024-07-19,64.46638221946249,64.46638221946249,100.38585399192344,201,2024
2024-07-20,37.65075089048285,37.65075089048285,76.52569863140468,202,2024
2024-07-22,43.005533072504285,43.005533072504285,79.64467873973102,204,2024
2024-07-23,60.80408393217212,60.80408393217212,101.7614531426218,205,2024
2024-07-24,44.914268063126904,44.914268063126904,115.16260757371786,206,2024
2024-07-25,41.14113426482929,41.14113426482929,114.38124087298942,207,2024
2024-07-26,52.417598033861466,52.417598033861466,111.47013613214375,208,2024
2024-07-27,45.51867074413185,45.51867074413185,120.70783783225988,209,2024
2024-07-31,92.70700454608053,92.70700454608053,99.2287121698412,213,2024
2024-08-01,43.993659057026065,43.993659057026065,106.33512525181393,214,2024
2024-08-04,89.29994869144977,89.29994869144977,104.1528625653927,217,2024
2024-08-05,52.982084077819906,52.982084077819906,95.38458549684962,218,2024
2024-08-06,48.72418474518594,48.72418474518594,95.77649663231337,219,2024
2024-08-07,75.91380877841664,75.91380877841664,102.62144880545974,220,2024
2024-08-09,67.39205293407846,67.39205293407846,102.68172203835425,222,2024
2024-08-10,48.42570005623005,48.42570005623005,96.22494765624884,223,2024
2024-08-11,32.55314228859549,32.55314228859549,54.04357750470208,224,2024
2024-08-13,64.93323321022807,64.93323321022807,106.36662936770763,226,2024
2024-08-14,59.83913653582114,59.83913653582114,89.79146487129474,227,2024
2024-08-16,50.74427922393809,50.74427922393809,92.9298362174633,229,2024
2024-08-18,40.246659066845,40.246659066845,76.35218482975485,231,2024
2024-08-19,51.4554254463437,51.4554254463437,93.31710584536147,232,2024
2024-08-20,14.580339319389111,14.580339319389111,46.6666039521544,233,2024
2024-08-21,30.047008605376426,30.047008605376426,59.98673480504275,234,2024
2024-08-25,48.15864204119067,48.15864204119067,82.91572089430424,238,2024
2024-08-26,58.151669372581935,58.151669372581935,85.35721442336242,239,2024
2024-08-27,42.142547714628506,42.142547714628506,83.00940078716236,240,2024
2024-08-28,38.990727007953225,38.990727007953225,71.68410560421898,241,2024
2024-08-29,57.64553499486149,57.64553499486149,87.96396418484989,242,2024
2024-08-30,47.495620519979056,47.495620519979056,80.29277361194187,243,2024
2024-08-31,59.948941971791655,59.948941971791655,79.58330731929127,244,2024
2024-09-02,33.50358015089319,33.50358015089319,83.30483083842644,246,2024
2024-09-03,37.18558399814091,37.18558399814091,73.93074668438027,247,2024
2024-09-05,33.021950177160136,33.021950177160136,64.60572076421093,249,2024
2024-09-06,32.982325891348616,32.982325891348616,52.18274702397914,250,2024
2024-09-08,30.404294100700668,30.404294100700668,51.76702269967718,252,2024
2024-09-10,38.01373484294829,38.01373484294829,47.01083915490237,254,2024
2024-09-13,34.509970323550576,34.509970323550576,40.27240228670569,257,2024
2024-09-14,44.7811518935289,44.7811518935289,44.43115633539393,258,2024
2024-09-16,18.491968188450862,18.491968188450862,56.80469141468492,260,2024
2024-09-18,41.3217415460439,41.3217415460439,50.96554371752041,262,2024
2024-09-19,30.212368527036435,30.212368527036435,58.405591618653304,263,2024
2024-09-20,40.75662947743098,40.75662947743098,48.51645613455848,264,2024
2024-09-21,60.548484940165636,60.548484940165636,43.749811737187706,265,2024
2024-09-22,52.68903694071497,52.68903694071497,39.436407300445055,266,2024
2024-09-24,59.251911682085705,59.251911682085705,46.28600419301091,268,2024
2024-09-26,84.92195986340681,84.92195986340681,46.25471250655692,270,2024
2024-09-27,41.53645507378249,41.53645507378249,52.66285923341536,271,2024
2024-09-28,67.48269717475756,67.48269717475756,43.313559272915185,272,2024
2024-09-29,44.58500781981586,44.58500781981586,37.92114335555135,273,2024
2024-09-30,27.285516644115084,27.285516644115084,50.55596959399672,274,2024
2024-10-01,55.081001592231274,55.081001592231274,41.39617204613685,275,2024
2024-10-02,43.49287006906965,43.49287006906965,36.95339463184943,276,2024
2024-10-03,65.88597066744518,65.88597066744518,40.93256489654084,277,2024
2024-10-05,70.48388183768978,70.48388183768978,45.46471432448602,279,2024
2024-10-06,45.8257392818298,45.8257392818298,40.62857121493787,280,2024
2024-10-07,43.731417720893425,43.731417720893425,37.20481268168138,281,2024
2024-10-08,64.57148873721138,64.57148873721138,39.85171766237154,282,2024
2024-10-12,30.899108724310796,30.899108724310796,52.50241717425423,286,2024
2024-10-13,31.72083090319822,31.72083090319822,49.62863838548421,287,2024
2024-10-14,31.63162402314215,31.63162402314215,47.677608879339274,288,2024
2024-10-25,74.93334036008734,74.93334036008734,64.3849752582515,299,2024
2024-11-07,15.892547529339264,15.892547529339264,53.796168156377504,312,2024
2024-11-27,6.5170294326513964,6.5170294326513964,49.65422783859922,332,2024
2024-11-28,8.712719024837229,8.712719024837229,49.694409933771446,333,2024
2024-11-29,18.784643550754613,18.784643550754613,54.86012956661858,334,2024
2024-11-30,5.8515673108112995,5.8515673108112995,49.65422783859922,335,2024
2024-12-01,11.752459561363498,11.752459561363498,47.949495009674635,336,2024
2024-12-02,10.465251545691496,10.465251545691496,48.950141869498715,337,2024
2024-12-03,10.467608246072366,10.467608246072366,48.07067909180333,338,2024
2024-12-04,12.45753281142558,12.45753281142558,47.95279723078161,339,2024
2024-12-05,8.822380114573592,8.822380114573592,49.30218485404897,340,2024
2024-12-09,6.059731805360986,6.059731805360986,48.950141869498715,344,2024
2025-01-06,78.07917280411736,78.07917280411736,70.40128198614457,6,2025
2025-01-09,25.84709979235926,25.84709979235926,54.74675169492725,9,2025
2025-01-15,33.56184283576147,33.56184283576147,56.253354280006775,15,2025
2025-01-16,17.067965901469634,17.067965901469634,52.20985450841019,16,2025
2025-01-17,24.99604369864306,24.99604369864306,58.90114811860668,17,2025
2025-01-18,16.385648780633378,16.385648780633378,53.96907870987527,18,2025
2025-01-19,12.243415408075329,12.243415408075329,53.79421468997174,19,2025
2025-01-20,11.93377157181269,11.93377157181269,46.457842472837555,20,2025
2025-01-21,12.302992521725914,12.302992521725914,44.94836552476046,21,2025
2025-01-22,10.934563684012485,10.934563684012485,46.77835386212908,22,2025
2025-01-24,8.210834055079676,8.210834055079676,48.739533441852856,24,2025
2025-01-25,14.918917815222859,14.918917815222859,52.304201166497464,25,2025
2025-01-26,16.792535811092023,16.792535811092023,50.98501541855801,26,2025
2025-01-27,9.796808649058363,9.796808649058363,48.399201673929184,27,2025
2025-01-28,10.70779264254016,10.70779264254016,46.85505287855166,28,2025
2025-01-29,6.428375451199445,6.428375451199445,48.63202068182651,29,2025
2025-02-11,32.45475232335838,32.45475232335838,52.94528144616794,42,2025
2025-02-12,10.739923756056442,10.739923756056442,47.80536361847701,43,2025
2025-02-26,44.2331286702991,44.2331286702991,69.74737232400568,57,2025
2025-02-27,32.052169199690965,32.052169199690965,64.91802824824072,58,2025
2025-02-28,32.0371653106906,32.0371653106906,62.82909144949923,59,2025
2025-03-01,31.709658580834727,31.709658580834727,67.41237998657483,60,2025
2025-03-05,43.0539040989398,43.0539040989398,67.66813587255946,64,2025
2025-03-06,61.04324185897255,61.04324185897255,61.56332843862056,65,2025
2025-03-07,26.34486517889529,26.34486517889529,58.274144526469584,66,2025
2025-03-08,16.830018525689987,16.830018525689987,59.33296180618071,67,2025
2025-04-04,45.150955316260976,45.150955316260976,64.23580347138176,94,2025
2025-04-05,22.48139081263072,22.48139081263072,56.23648479511419,95,2025
2025-04-13,51.28417283908488,51.28417283908488,70.77188631591464,103,2025
2025-04-14,58.20330059961731,58.20330059961731,74.28678017302556,104,2025
2025-04-15,31.477645072946864,31.477645072946864,52.75187933034101,105,2025
2025-04-16,42.590727909716655,42.590727909716655,68.4537303129115,106,2025
2025-04-17,50.73308083476961,50.73308083476961,71.39152340439955,107,2025
2025-04-18,81.04355915968851,81.04355915968851,74.43750133002547,108,2025
2025-04-19,45.860063513180755,45.860063513180755,71.93677285545313,109,2025
2025-04-22,46.922269681280724,46.922269681280724,62.12360511395007,112,2025
2025-04-23,41.92332174312727,41.92332174312727,75.46424986379728,113,2025
2025-04-26,19.050437266863963,19.050437266863963,55.450605235767156,116,2025
2025-04-30,32.15100566292341,32.15100566292341,52.22072298063857,120,2025
2025-05-01,28.492434429146417,28.492434429146417,54.94464123788953,121,2025
2025-05-02,26.509781072729975,26.509781072729975,73.4627419943221,122,2025
2025-05-04,63.24917952653514,63.24917952653514,91.54746388915424,124,2025
2025-05-05,77.89365454366741,77.89365454366741,96.36424385473174,125,2025
2025-05-06,55.333374586842524,55.333374586842524,79.12706008600495,126,2025
2025-05-07,29.131420861774235,29.131420861774235,61.187940096712275,127,2025
2025-05-08,34.37516475716838,34.37516475716838,81.3180356120998,128,2025
2025-05-09,46.861824870714194,46.861824870714194,102.89905912897311,129,2025
2025-05-10,18.72558596957171,18.72558596957171,54.29681274595602,130,2025
2025-05-21,23.58436271155986,23.58436271155986,56.14676100030621,141,2025
2025-05-24,36.56505120700942,36.56505120700942,84.47284847983555,144,2025
2025-05-27,58.42584102464447,58.42584102464447,96.46595972904947,147,2025
2025-05-28,35.31191745972115,35.31191745972115,84.59788621331344,148,2025
2025-05-30,58.17822133531021,58.17822133531021,103.37749692554831,150,2025
2025-05-31,22.850903192121095,22.850903192121095,81.40829113104964,151,2025
2025-06-01,34.18445208192124,34.18445208192124,74.69589245973683,152,2025
2025-06-02,47.480988819234526,47.480988819234526,111.5751299956321,153,2025
2025-06-03,19.8695575792676,19.8695575792676,55.13256440472283,154,2025
2025-06-05,29.91542973303125,29.91542973303125,88.9760949607426,156,2025
2025-06-07,67.60440659748362,67.60440659748362,104.56189428997914,158,2025
2025-06-08,32.07973087604481,32.07973087604481,74.29674120954132,159,2025
2025-06-09,59.0874046880688,59.0874046880688,78.72250388689127,160,2025
2025-06-10,34.846057515969704,34.846057515969704,87.23224904631769,161,2025
2025-06-11,23.91521216809051,23.91521216809051,56.59860897703523,162,2025
2025-06-12,36.933659174917686,36.933659174917686,89.43377307077827,163,2025
2025-06-14,38.691123965653745,38.691123965653745,117.21910210117309,165,2025
2025-06-15,42.76854799193556,42.76854799193556,120.26332665046363,166,2025
2025-06-16,48.84882673215488,48.84882673215488,119.47236177918825,167,2025
2025-06-17,41.38869812943808,41.38869812943808,122.35192234564903,168,2025
2025-06-23,49.27143649612128,49.27143649612128,116.38554284027866,174,2025
2025-06-24,51.174778109617215,51.174778109617215,120.01286729451088,175,2025
2025-06-25,51.018709405993576,51.018709405993576,121.17505151074586,176,2025
2025-06-28,11.966909794177555,11.966909794177555,49.47687944299584,179,2025
2025-06-29,131.1376071028002,131.1376071028002,105.56011862207984,180,2025
2025-06-30,61.83786932671208,61.83786932671208,103.63678935590693,181,2025
2025-07-01,44.80035848315352,44.80035848315352,120.08256267785278,182,2025
2025-07-02,44.245519218999306,44.245519218999306,117.90176090831648,183,2025
2025-07-03,26.965441949388364,26.965441949388364,58.03106184241514,184,2025
2025-07-04,32.28963477173321,32.28963477173321,56.23016105750149,185,2025
2025-07-05,56.62287704593625,56.62287704593625,114.91218751524984,186,2025
2025-07-06,81.55688374527998,81.55688374527998,83.22476946936986,187,2025
2025-07-07,44.58188262239119,44.58188262239119,121.03896480814564,188,2025
2025-07-08,52.53301621867089,52.53301621867089,82.89985745063518,189,2025
2025-07-09,71.66687958641361,71.66687958641361,106.29269692291092,190,2025
2025-07-10,61.64395212312194,61.64395212312194,102.20742659646987,191,2025
2025-07-11,16.79226156721853,16.79226156721853,53.97662464090715,192,2025
2025-07-12,47.17407428962703,47.17407428962703,114.22618065996485,193,2025
2025-07-13,63.65641230992703,63.65641230992703,112.67268172193917,194,2025
2025-07-14,51.526534524850035,51.526534524850035,118.07492355324457,195,2025
2025-07-15,55.762490002011006,55.762490002011006,117.83322704753539,196,2025
2025-07-16,57.43242919110251,57.43242919110251,76.08574313918659,197,2025
2025-07-17,42.38088206523864,42.38088206523864,80.5977252441363,198,2025
2025-07-18,58.675280533903575,58.675280533903575,99.06595257347625,199,2025
2025-07-19,66.86548604802074,66.86548604802074,102.0522587878571,200,2025
2025-07-21,132.4065473165748,132.4065473165748,100.50946798389003,202,2025
2025-07-22,35.003802761420445,35.003802761420445,88.2888344982885,203,2025
2025-07-23,65.31583277687707,65.31583277687707,110.2229769908271,204,2025
2025-07-24,40.21405210854171,40.21405210854171,88.70620804373198,205,2025
2025-07-25,53.77698060650675,53.77698060650675,81.8799543433996,206,2025
2025-07-27,37.07757735765325,37.07757735765325,79.78178482455404,208,2025
2025-07-28,78.13660238031561,78.13660238031561,108.60117101776444,209,2025
2025-07-29,32.59101965113227,32.59101965113227,93.4706830028916,210,2025
2025-08-01,27.036365738117308,27.036365738117308,63.74002086165616,213,2025
2025-08-02,34.23721662443496,34.23721662443496,86.76811275266061,214,2025
2025-08-03,30.440310005316718,30.440310005316718,60.96137555065824,215,2025
2025-08-04,40.83477463116293,40.83477463116293,75.68693021470867,216,2025
2025-08-08,71.72267416114624,71.72267416114624,80.80064203621961,220,2025
2025-08-09,25.430004638490274,25.430004638490274,79.86491734342107,221,2025
2025-08-10,135.27073628063778,135.27073628063778,100.12774716212559,222,2025
2025-08-11,57.16271419652182,57.16271419652182,95.79067141841577,223,2025
2025-08-12,84.03587677675617,84.03587677675617,95.79347289251764,224,2025
2025-08-13,39.03955641040786,39.03955641040786,76.11543685090892,225,2025
2025-08-14,27.496028735650494,27.496028735650494,61.69640625466825,226,2025
