datetime,date,chlorophyll_ugL,sensor,method
2011-01-06,2011-01-06,320.2821094594354,MODIS-Aqua,NIR/Red 500m
2011-01-20,2011-01-20,171.35175132063446,MODIS-Aqua,NIR/Red 500m
2011-01-22,2011-01-22,123.23010354773794,MODIS-Aqua,NIR/Red 500m
2011-01-25,2011-01-25,129.10924532130267,MODIS-Aqua,NIR/Red 500m
2011-01-27,2011-01-27,153.55151529619482,MODIS-Aqua,NIR/Red 500m
2011-01-30,2011-01-30,107.21468209308675,MODIS-Aqua,NIR/Red 500m
2011-02-01,2011-02-01,142.15538640539296,MODIS-Aqua,NIR/Red 500m
2011-02-02,2011-02-02,199.2645272238778,MODIS-Aqua,NIR/Red 500m
2011-02-09,2011-02-09,198.98170549668382,MODIS-Aqua,NIR/Red 500m
2011-02-10,2011-02-10,122.5709291363182,MODIS-Aqua,NIR/Red 500m
2011-02-21,2011-02-21,26.48277993908632,MODIS-Aqua,NIR/Red 500m
2011-04-12,2011-04-12,233.5459049838122,MODIS-Aqua,NIR/Red 500m
2011-04-19,2011-04-19,374.32373663552704,MODIS-Aqua,NIR/Red 500m
2011-04-22,2011-04-22,215.2445896484341,MODIS-Aqua,NIR/Red 500m
2011-05-01,2011-05-01,358.8678732282296,MODIS-Aqua,NIR/Red 500m
2011-05-04,2011-05-04,433.01305360745454,MODIS-Aqua,NIR/Red 500m
2011-05-10,2011-05-10,187.70927227889447,MODIS-Aqua,NIR/Red 500m
2011-05-19,2011-05-19,256.4781986444063,MODIS-Aqua,NIR/Red 500m
2011-06-09,2011-06-09,173.05117835837223,MODIS-Aqua,NIR/Red 500m
2011-06-14,2011-06-14,394.50044767162615,MODIS-Aqua,NIR/Red 500m
2011-06-16,2011-06-16,178.88107137148356,MODIS-Aqua,NIR/Red 500m
2011-06-17,2011-06-17,330.2704695853618,MODIS-Aqua,NIR/Red 500m
2011-06-20,2011-06-20,88.08766368274607,MODIS-Aqua,NIR/Red 500m
2011-06-25,2011-06-25,265.189676263272,MODIS-Aqua,NIR/Red 500m
2011-07-01,2011-07-01,254.0939186412204,MODIS-Aqua,NIR/Red 500m
2011-07-02,2011-07-02,287.56336161808713,MODIS-Aqua,NIR/Red 500m
2011-07-03,2011-07-03,320.5004348256696,MODIS-Aqua,NIR/Red 500m
2011-07-04,2011-07-04,149.7455656395792,MODIS-Aqua,NIR/Red 500m
2011-07-08,2011-07-08,315.06309760635617,MODIS-Aqua,NIR/Red 500m
2011-07-10,2011-07-10,495.8832386226223,MODIS-Aqua,NIR/Red 500m
2011-07-15,2011-07-15,376.49801434438325,MODIS-Aqua,NIR/Red 500m
2011-07-20,2011-07-20,102.67212546340787,MODIS-Aqua,NIR/Red 500m
2011-07-22,2011-07-22,395.7916755337584,MODIS-Aqua,NIR/Red 500m
2011-07-24,2011-07-24,366.6953729799375,MODIS-Aqua,NIR/Red 500m
2011-07-27,2011-07-27,334.7590915256898,MODIS-Aqua,NIR/Red 500m
2011-07-29,2011-07-29,310.7391134795119,MODIS-Aqua,NIR/Red 500m
2011-07-30,2011-07-30,488.7673939385145,MODIS-Aqua,NIR/Red 500m
2011-07-31,2011-07-31,318.04255557315065,MODIS-Aqua,NIR/Red 500m
2011-08-04,2011-08-04,497.93165551645905,MODIS-Aqua,NIR/Red 500m
2011-08-05,2011-08-05,316.4806436761553,MODIS-Aqua,NIR/Red 500m
2011-08-07,2011-08-07,342.90597390771813,MODIS-Aqua,NIR/Red 500m
2011-08-09,2011-08-09,384.95800972198225,MODIS-Aqua,NIR/Red 500m
2011-08-11,2011-08-11,433.8297200641581,MODIS-Aqua,NIR/Red 500m
2011-08-12,2011-08-12,442.80092936540404,MODIS-Aqua,NIR/Red 500m
2011-08-14,2011-08-14,202.88583086540402,MODIS-Aqua,NIR/Red 500m
2011-08-18,2011-08-18,366.9322465957091,MODIS-Aqua,NIR/Red 500m
2011-08-19,2011-08-19,252.99282273040825,MODIS-Aqua,NIR/Red 500m
2011-08-20,2011-08-20,450.66819007086957,MODIS-Aqua,NIR/Red 500m
2011-08-21,2011-08-21,229.39225427985392,MODIS-Aqua,NIR/Red 500m
2011-08-22,2011-08-22,449.18516248112815,MODIS-Aqua,NIR/Red 500m
2011-08-23,2011-08-23,240.14072375366072,MODIS-Aqua,NIR/Red 500m
2011-08-24,2011-08-24,390.6544855737645,MODIS-Aqua,NIR/Red 500m
2011-08-26,2011-08-26,385.15209632339463,MODIS-Aqua,NIR/Red 500m
2011-08-27,2011-08-27,464.65250467974585,MODIS-Aqua,NIR/Red 500m
2011-08-28,2011-08-28,291.3024519441224,MODIS-Aqua,NIR/Red 500m
2011-09-01,2011-09-01,253.70893062522276,MODIS-Aqua,NIR/Red 500m
2011-09-03,2011-09-03,372.4272717593615,MODIS-Aqua,NIR/Red 500m
2011-09-04,2011-09-04,304.5699525029472,MODIS-Aqua,NIR/Red 500m
2011-09-05,2011-09-05,429.86579103936737,MODIS-Aqua,NIR/Red 500m
2011-09-06,2011-09-06,499.1842738702625,MODIS-Aqua,NIR/Red 500m
2011-09-08,2011-09-08,380.97659705441293,MODIS-Aqua,NIR/Red 500m
2011-09-11,2011-09-11,176.54123863598144,MODIS-Aqua,NIR/Red 500m
2011-09-18,2011-09-18,269.57889637602165,MODIS-Aqua,NIR/Red 500m
2011-09-19,2011-09-19,411.6929615789586,MODIS-Aqua,NIR/Red 500m
2011-09-20,2011-09-20,437.5562191020531,MODIS-Aqua,NIR/Red 500m
2011-09-21,2011-09-21,428.2687062632019,MODIS-Aqua,NIR/Red 500m
2011-09-24,2011-09-24,223.28171248771284,MODIS-Aqua,NIR/Red 500m
2011-09-28,2011-09-28,450.7201540241129,MODIS-Aqua,NIR/Red 500m
2011-09-29,2011-09-29,399.4095907583258,MODIS-Aqua,NIR/Red 500m
2011-10-08,2011-10-08,351.29243039169063,MODIS-Aqua,NIR/Red 500m
2011-10-16,2011-10-16,281.9502362622793,MODIS-Aqua,NIR/Red 500m
2011-10-17,2011-10-17,432.5754034128593,MODIS-Aqua,NIR/Red 500m
2011-10-18,2011-10-18,359.4522988269528,MODIS-Aqua,NIR/Red 500m
2011-10-24,2011-10-24,311.0124249959302,MODIS-Aqua,NIR/Red 500m
2011-10-25,2011-10-25,389.51575112783263,MODIS-Aqua,NIR/Red 500m
2011-10-27,2011-10-27,248.02074110889896,MODIS-Aqua,NIR/Red 500m
2011-10-29,2011-10-29,180.0284038554425,MODIS-Aqua,NIR/Red 500m
2011-11-01,2011-11-01,243.20886846469313,MODIS-Aqua,NIR/Red 500m
2011-11-02,2011-11-02,144.6326276215541,MODIS-Aqua,NIR/Red 500m
2011-11-08,2011-11-08,353.4239140821002,MODIS-Aqua,NIR/Red 500m
2011-11-11,2011-11-11,107.07151314823005,MODIS-Aqua,NIR/Red 500m
2011-11-25,2011-11-25,128.26719681204406,MODIS-Aqua,NIR/Red 500m
2011-11-29,2011-11-29,153.47285827965638,MODIS-Aqua,NIR/Red 500m
2011-12-01,2011-12-01,193.21529448197634,MODIS-Aqua,NIR/Red 500m
2011-12-02,2011-12-02,147.16273709256305,MODIS-Aqua,NIR/Red 500m
2011-12-03,2011-12-03,191.47061662820497,MODIS-Aqua,NIR/Red 500m
2011-12-04,2011-12-04,124.83173280608455,MODIS-Aqua,NIR/Red 500m
2011-12-05,2011-12-05,217.77855360493726,MODIS-Aqua,NIR/Red 500m
2011-12-06,2011-12-06,170.2549371067057,MODIS-Aqua,NIR/Red 500m
2011-12-07,2011-12-07,168.99857867079047,MODIS-Aqua,NIR/Red 500m
2011-12-08,2011-12-08,169.35874032238786,MODIS-Aqua,NIR/Red 500m
2011-12-09,2011-12-09,140.56049154429755,MODIS-Aqua,NIR/Red 500m
2011-12-10,2011-12-10,264.2887576462961,MODIS-Aqua,NIR/Red 500m
2011-12-12,2011-12-12,192.1163326828158,MODIS-Aqua,NIR/Red 500m
2011-12-13,2011-12-13,130.8574194739376,MODIS-Aqua,NIR/Red 500m
2011-12-16,2011-12-16,123.09149969500957,MODIS-Aqua,NIR/Red 500m
2011-12-17,2011-12-17,215.26455122728407,MODIS-Aqua,NIR/Red 500m
2011-12-21,2011-12-21,151.4282063583523,MODIS-Aqua,NIR/Red 500m
2011-12-22,2011-12-22,137.64730524706576,MODIS-Aqua,NIR/Red 500m
2011-12-23,2011-12-23,164.8616868026495,MODIS-Aqua,NIR/Red 500m
2012-01-08,2012-01-08,158.28568064110715,MODIS-Aqua,NIR/Red 500m
2012-01-09,2012-01-09,120.34159215321219,MODIS-Aqua,NIR/Red 500m
2012-01-10,2012-01-10,80.1427864553675,MODIS-Aqua,NIR/Red 500m
2012-01-11,2012-01-11,235.64922556451359,MODIS-Aqua,NIR/Red 500m
2012-01-12,2012-01-12,138.29441580616665,MODIS-Aqua,NIR/Red 500m
2012-01-23,2012-01-23,73.09088256329488,MODIS-Aqua,NIR/Red 500m
2012-01-27,2012-01-27,199.39994193492794,MODIS-Aqua,NIR/Red 500m
2012-02-02,2012-02-02,159.7682629760235,MODIS-Aqua,NIR/Red 500m
2012-02-03,2012-02-03,249.6824547041283,MODIS-Aqua,NIR/Red 500m
2012-02-05,2012-02-05,174.63308854539608,MODIS-Aqua,NIR/Red 500m
2012-02-06,2012-02-06,132.8125355088546,MODIS-Aqua,NIR/Red 500m
2012-02-12,2012-02-12,155.01331541264355,MODIS-Aqua,NIR/Red 500m
2012-02-24,2012-02-24,227.7822167946899,MODIS-Aqua,NIR/Red 500m
2012-02-27,2012-02-27,71.71342863003234,MODIS-Aqua,NIR/Red 500m
2012-03-04,2012-03-04,130.13163525021554,MODIS-Aqua,NIR/Red 500m
2012-03-07,2012-03-07,290.42776893234935,MODIS-Aqua,NIR/Red 500m
2012-03-08,2012-03-08,273.1564742010621,MODIS-Aqua,NIR/Red 500m
2012-03-23,2012-03-23,68.0110754172831,MODIS-Aqua,NIR/Red 500m
2012-03-24,2012-03-24,310.2299137419619,MODIS-Aqua,NIR/Red 500m
2012-04-14,2012-04-14,157.79972623772485,MODIS-Aqua,NIR/Red 500m
2012-04-21,2012-04-21,495.75260014348953,MODIS-Aqua,NIR/Red 500m
2012-04-22,2012-04-22,254.23729571225215,MODIS-Aqua,NIR/Red 500m
2012-04-23,2012-04-23,411.6856750455633,MODIS-Aqua,NIR/Red 500m
2012-04-29,2012-04-29,350.8628664149406,MODIS-Aqua,NIR/Red 500m
2012-05-07,2012-05-07,386.0147672113716,MODIS-Aqua,NIR/Red 500m
2012-05-09,2012-05-09,319.2347610681594,MODIS-Aqua,NIR/Red 500m
2012-05-10,2012-05-10,324.0218866360277,MODIS-Aqua,NIR/Red 500m
2012-05-11,2012-05-11,436.49682151311066,MODIS-Aqua,NIR/Red 500m
2012-05-12,2012-05-12,275.65624151110256,MODIS-Aqua,NIR/Red 500m
2012-05-13,2012-05-13,434.74184611844595,MODIS-Aqua,NIR/Red 500m
2012-05-17,2012-05-17,151.70806619247273,MODIS-Aqua,NIR/Red 500m
2012-05-18,2012-05-18,253.75206024689808,MODIS-Aqua,NIR/Red 500m
2012-05-26,2012-05-26,432.8731275158544,MODIS-Aqua,NIR/Red 500m
2012-06-06,2012-06-06,196.2757475768575,MODIS-Aqua,NIR/Red 500m
2012-06-10,2012-06-10,461.97500896937476,MODIS-Aqua,NIR/Red 500m
2012-06-11,2012-06-11,354.6382704120944,MODIS-Aqua,NIR/Red 500m
2012-06-14,2012-06-14,465.3681779014125,MODIS-Aqua,NIR/Red 500m
2012-06-17,2012-06-17,128.18376632995833,MODIS-Aqua,NIR/Red 500m
2012-06-20,2012-06-20,414.6487171022002,MODIS-Aqua,NIR/Red 500m
2012-07-04,2012-07-04,298.8908242738932,MODIS-Aqua,NIR/Red 500m
2012-07-10,2012-07-10,327.35091712313965,MODIS-Aqua,NIR/Red 500m
2012-07-11,2012-07-11,476.08214110197605,MODIS-Aqua,NIR/Red 500m
2012-07-13,2012-07-13,156.1673907463222,MODIS-Aqua,NIR/Red 500m
2012-07-19,2012-07-19,377.20445427362694,MODIS-Aqua,NIR/Red 500m
2012-07-24,2012-07-24,220.82834605070073,MODIS-Aqua,NIR/Red 500m
2012-07-25,2012-07-25,373.65879925054014,MODIS-Aqua,NIR/Red 500m
2012-07-26,2012-07-26,465.1181795371855,MODIS-Aqua,NIR/Red 500m
2012-07-29,2012-07-29,288.79039131003066,MODIS-Aqua,NIR/Red 500m
2012-07-31,2012-07-31,218.73656226963558,MODIS-Aqua,NIR/Red 500m
2012-08-02,2012-08-02,369.16850798775624,MODIS-Aqua,NIR/Red 500m
2012-08-05,2012-08-05,357.13603436854646,MODIS-Aqua,NIR/Red 500m
2012-08-07,2012-08-07,137.75611562466324,MODIS-Aqua,NIR/Red 500m
2012-08-09,2012-08-09,398.0278246208666,MODIS-Aqua,NIR/Red 500m
2012-08-10,2012-08-10,385.0835325192684,MODIS-Aqua,NIR/Red 500m
2012-08-12,2012-08-12,333.7679809870713,MODIS-Aqua,NIR/Red 500m
2012-08-13,2012-08-13,339.8706703664938,MODIS-Aqua,NIR/Red 500m
2012-08-14,2012-08-14,349.8059766357458,MODIS-Aqua,NIR/Red 500m
2012-08-15,2012-08-15,349.1810533555758,MODIS-Aqua,NIR/Red 500m
2012-08-16,2012-08-16,361.30184394535706,MODIS-Aqua,NIR/Red 500m
2012-08-19,2012-08-19,283.23965569831995,MODIS-Aqua,NIR/Red 500m
2012-08-23,2012-08-23,424.8585365923812,MODIS-Aqua,NIR/Red 500m
2012-08-25,2012-08-25,499.4412118273768,MODIS-Aqua,NIR/Red 500m
2012-08-26,2012-08-26,359.05403875163665,MODIS-Aqua,NIR/Red 500m
2012-08-27,2012-08-27,490.80308721109964,MODIS-Aqua,NIR/Red 500m
2012-09-01,2012-09-01,156.48927902166312,MODIS-Aqua,NIR/Red 500m
2012-09-04,2012-09-04,296.08204985483394,MODIS-Aqua,NIR/Red 500m
2012-09-06,2012-09-06,412.4992290624412,MODIS-Aqua,NIR/Red 500m
2012-09-07,2012-09-07,437.21100685266805,MODIS-Aqua,NIR/Red 500m
2012-09-11,2012-09-11,368.67380932377375,MODIS-Aqua,NIR/Red 500m
2012-09-17,2012-09-17,410.62521709477403,MODIS-Aqua,NIR/Red 500m
2012-09-20,2012-09-20,296.2735175596722,MODIS-Aqua,NIR/Red 500m
2012-09-22,2012-09-22,224.61405043678465,MODIS-Aqua,NIR/Red 500m
2012-09-23,2012-09-23,168.77386930533137,MODIS-Aqua,NIR/Red 500m
2012-09-24,2012-09-24,358.61749790243476,MODIS-Aqua,NIR/Red 500m
2012-09-25,2012-09-25,426.06647102141505,MODIS-Aqua,NIR/Red 500m
2012-09-26,2012-09-26,431.97350646570044,MODIS-Aqua,NIR/Red 500m
2012-09-30,2012-09-30,432.69396887844584,MODIS-Aqua,NIR/Red 500m
2012-10-01,2012-10-01,147.9700261123159,MODIS-Aqua,NIR/Red 500m
2012-10-03,2012-10-03,249.81263945666788,MODIS-Aqua,NIR/Red 500m
2012-10-04,2012-10-04,360.3116268795715,MODIS-Aqua,NIR/Red 500m
2012-10-05,2012-10-05,305.37961482136245,MODIS-Aqua,NIR/Red 500m
2012-10-06,2012-10-06,448.85480778230686,MODIS-Aqua,NIR/Red 500m
2012-10-07,2012-10-07,450.23755870997616,MODIS-Aqua,NIR/Red 500m
2012-10-08,2012-10-08,172.2258968164917,MODIS-Aqua,NIR/Red 500m
2012-10-09,2012-10-09,335.01819101018424,MODIS-Aqua,NIR/Red 500m
2012-10-10,2012-10-10,269.8034744786946,MODIS-Aqua,NIR/Red 500m
2012-10-17,2012-10-17,252.7589565753827,MODIS-Aqua,NIR/Red 500m
2012-10-18,2012-10-18,385.37196642208573,MODIS-Aqua,NIR/Red 500m
2012-10-25,2012-10-25,159.60205349979296,MODIS-Aqua,NIR/Red 500m
2012-11-05,2012-11-05,225.7439335379132,MODIS-Aqua,NIR/Red 500m
2012-11-14,2012-11-14,148.13827883589394,MODIS-Aqua,NIR/Red 500m
2012-11-15,2012-11-15,312.71395400296484,MODIS-Aqua,NIR/Red 500m
2012-11-25,2012-11-25,156.41032857179658,MODIS-Aqua,NIR/Red 500m
2012-12-10,2012-12-10,241.6823879698184,MODIS-Aqua,NIR/Red 500m
2012-12-13,2012-12-13,478.3054560065582,MODIS-Aqua,NIR/Red 500m
2013-01-01,2013-01-01,191.9612954688771,MODIS-Aqua,NIR/Red 500m
2013-01-02,2013-01-02,94.19538666982848,MODIS-Aqua,NIR/Red 500m
2013-01-17,2013-01-17,124.03417645541249,MODIS-Aqua,NIR/Red 500m
2013-01-18,2013-01-18,108.40762749487514,MODIS-Aqua,NIR/Red 500m
2013-01-19,2013-01-19,274.1600340058615,MODIS-Aqua,NIR/Red 500m
2013-01-21,2013-01-21,77.90055893728676,MODIS-Aqua,NIR/Red 500m
2013-02-01,2013-02-01,164.37438757892133,MODIS-Aqua,NIR/Red 500m
2013-02-08,2013-02-08,149.1357756952862,MODIS-Aqua,NIR/Red 500m
2013-02-10,2013-02-10,174.038454405459,MODIS-Aqua,NIR/Red 500m
2013-02-15,2013-02-15,158.70788678395684,MODIS-Aqua,NIR/Red 500m
2013-02-19,2013-02-19,206.10355154192916,MODIS-Aqua,NIR/Red 500m
2013-03-03,2013-03-03,244.64237959594317,MODIS-Aqua,NIR/Red 500m
2013-03-07,2013-03-07,135.68164512089265,MODIS-Aqua,NIR/Red 500m
2013-03-09,2013-03-09,265.3484238372585,MODIS-Aqua,NIR/Red 500m
2013-03-13,2013-03-13,314.7291570243555,MODIS-Aqua,NIR/Red 500m
2013-03-30,2013-03-30,251.75179706617647,MODIS-Aqua,NIR/Red 500m
2013-03-31,2013-03-31,227.70638010900655,MODIS-Aqua,NIR/Red 500m
2013-04-22,2013-04-22,287.65418464065766,MODIS-Aqua,NIR/Red 500m
2013-04-23,2013-04-23,325.013856528634,MODIS-Aqua,NIR/Red 500m
2013-04-24,2013-04-24,438.5640048758222,MODIS-Aqua,NIR/Red 500m
2013-04-25,2013-04-25,491.0109224916897,MODIS-Aqua,NIR/Red 500m
2013-04-26,2013-04-26,395.4516496419628,MODIS-Aqua,NIR/Red 500m
2013-04-27,2013-04-27,393.4258623854922,MODIS-Aqua,NIR/Red 500m
2013-05-01,2013-05-01,470.24580340697685,MODIS-Aqua,NIR/Red 500m
2013-05-02,2013-05-02,354.46011058593814,MODIS-Aqua,NIR/Red 500m
2013-05-04,2013-05-04,331.79598654536613,MODIS-Aqua,NIR/Red 500m
2013-05-05,2013-05-05,497.9578570332617,MODIS-Aqua,NIR/Red 500m
2013-05-06,2013-05-06,224.62748463446027,MODIS-Aqua,NIR/Red 500m
2013-05-08,2013-05-08,254.98378593189258,MODIS-Aqua,NIR/Red 500m
2013-05-09,2013-05-09,343.19325979558107,MODIS-Aqua,NIR/Red 500m
2013-05-10,2013-05-10,331.38115174184907,MODIS-Aqua,NIR/Red 500m
2013-05-13,2013-05-13,97.12299308538228,MODIS-Aqua,NIR/Red 500m
2013-05-20,2013-05-20,327.56435036548413,MODIS-Aqua,NIR/Red 500m
2013-05-31,2013-05-31,188.9254838111493,MODIS-Aqua,NIR/Red 500m
2013-06-02,2013-06-02,262.58768014560115,MODIS-Aqua,NIR/Red 500m
2013-06-04,2013-06-04,413.72155364540237,MODIS-Aqua,NIR/Red 500m
2013-06-07,2013-06-07,321.2862225543108,MODIS-Aqua,NIR/Red 500m
2013-06-14,2013-06-14,312.88434991746993,MODIS-Aqua,NIR/Red 500m
2013-06-17,2013-06-17,448.63995044756666,MODIS-Aqua,NIR/Red 500m
2013-06-18,2013-06-18,159.1454628986399,MODIS-Aqua,NIR/Red 500m
2013-06-30,2013-06-30,298.31902970502966,MODIS-Aqua,NIR/Red 500m
2013-07-01,2013-07-01,458.5057885981859,MODIS-Aqua,NIR/Red 500m
2013-07-04,2013-07-04,315.8313393457292,MODIS-Aqua,NIR/Red 500m
2013-07-05,2013-07-05,446.9635953504226,MODIS-Aqua,NIR/Red 500m
2013-07-07,2013-07-07,382.99208352638584,MODIS-Aqua,NIR/Red 500m
2013-07-08,2013-07-08,463.5462376289196,MODIS-Aqua,NIR/Red 500m
2013-07-09,2013-07-09,181.34955442149607,MODIS-Aqua,NIR/Red 500m
2013-07-11,2013-07-11,127.60740463007137,MODIS-Aqua,NIR/Red 500m
2013-07-13,2013-07-13,393.6504894817618,MODIS-Aqua,NIR/Red 500m
2013-07-16,2013-07-16,488.7219880873159,MODIS-Aqua,NIR/Red 500m
2013-07-18,2013-07-18,91.88958125101759,MODIS-Aqua,NIR/Red 500m
2013-07-20,2013-07-20,230.62195731352554,MODIS-Aqua,NIR/Red 500m
2013-07-23,2013-07-23,194.0683911990628,MODIS-Aqua,NIR/Red 500m
2013-07-25,2013-07-25,280.65755729045173,MODIS-Aqua,NIR/Red 500m
2013-07-27,2013-07-27,251.2188675225404,MODIS-Aqua,NIR/Red 500m
2013-07-30,2013-07-30,486.57797926064706,MODIS-Aqua,NIR/Red 500m
2013-08-02,2013-08-02,238.98960580747635,MODIS-Aqua,NIR/Red 500m
2013-08-03,2013-08-03,282.13842850741634,MODIS-Aqua,NIR/Red 500m
2013-08-04,2013-08-04,408.9723186543549,MODIS-Aqua,NIR/Red 500m
2013-08-05,2013-08-05,347.29409806306563,MODIS-Aqua,NIR/Red 500m
2013-08-06,2013-08-06,324.98921535166085,MODIS-Aqua,NIR/Red 500m
2013-08-12,2013-08-12,287.3675199862398,MODIS-Aqua,NIR/Red 500m
2013-08-13,2013-08-13,214.5774562266964,MODIS-Aqua,NIR/Red 500m
2013-08-17,2013-08-17,281.00483132331647,MODIS-Aqua,NIR/Red 500m
2013-08-19,2013-08-19,241.21367516497327,MODIS-Aqua,NIR/Red 500m
2013-08-20,2013-08-20,492.1010543684698,MODIS-Aqua,NIR/Red 500m
2013-08-31,2013-08-31,466.5813795193182,MODIS-Aqua,NIR/Red 500m
2013-09-08,2013-09-08,350.92794110094746,MODIS-Aqua,NIR/Red 500m
2013-09-09,2013-09-09,393.26409706361096,MODIS-Aqua,NIR/Red 500m
2013-09-10,2013-09-10,375.7024681448993,MODIS-Aqua,NIR/Red 500m
2013-09-11,2013-09-11,440.9524091083667,MODIS-Aqua,NIR/Red 500m
2013-09-13,2013-09-13,381.66816457007025,MODIS-Aqua,NIR/Red 500m
2013-10-04,2013-10-04,374.11745362016944,MODIS-Aqua,NIR/Red 500m
2013-10-06,2013-10-06,408.9024611979368,MODIS-Aqua,NIR/Red 500m
2013-10-13,2013-10-13,153.15678586714137,MODIS-Aqua,NIR/Red 500m
2013-10-14,2013-10-14,386.0744364843389,MODIS-Aqua,NIR/Red 500m
2013-10-15,2013-10-15,263.7475921373504,MODIS-Aqua,NIR/Red 500m
2013-10-16,2013-10-16,345.2136592766185,MODIS-Aqua,NIR/Red 500m
2013-10-17,2013-10-17,232.01014017543957,MODIS-Aqua,NIR/Red 500m
2013-10-18,2013-10-18,339.54810950516054,MODIS-Aqua,NIR/Red 500m
2013-10-19,2013-10-19,344.44149994728247,MODIS-Aqua,NIR/Red 500m
2013-10-20,2013-10-20,251.1867048425237,MODIS-Aqua,NIR/Red 500m
2013-10-21,2013-10-21,436.54935802972886,MODIS-Aqua,NIR/Red 500m
2013-10-22,2013-10-22,189.55320816679998,MODIS-Aqua,NIR/Red 500m
2013-10-23,2013-10-23,433.42426296406427,MODIS-Aqua,NIR/Red 500m
2013-10-24,2013-10-24,166.43575148406296,MODIS-Aqua,NIR/Red 500m
2013-10-25,2013-10-25,197.3483022951103,MODIS-Aqua,NIR/Red 500m
2013-10-26,2013-10-26,433.52183877472703,MODIS-Aqua,NIR/Red 500m
2013-10-29,2013-10-29,142.52703181641547,MODIS-Aqua,NIR/Red 500m
2013-10-30,2013-10-30,259.4499665460822,MODIS-Aqua,NIR/Red 500m
2013-11-01,2013-11-01,233.2519719458625,MODIS-Aqua,NIR/Red 500m
2013-11-10,2013-11-10,161.51939489195686,MODIS-Aqua,NIR/Red 500m
2013-11-11,2013-11-11,186.68731598467323,MODIS-Aqua,NIR/Red 500m
2013-11-13,2013-11-13,194.902143891792,MODIS-Aqua,NIR/Red 500m
2013-11-21,2013-11-21,152.47448789538063,MODIS-Aqua,NIR/Red 500m
2013-11-22,2013-11-22,291.78120438728376,MODIS-Aqua,NIR/Red 500m
2013-11-24,2013-11-24,256.9346145966507,MODIS-Aqua,NIR/Red 500m
2013-11-25,2013-11-25,188.5888410987066,MODIS-Aqua,NIR/Red 500m
2013-11-28,2013-11-28,126.907721802697,MODIS-Aqua,NIR/Red 500m
2013-12-04,2013-12-04,170.2825903302986,MODIS-Aqua,NIR/Red 500m
2013-12-07,2013-12-07,89.91695542133601,MODIS-Aqua,NIR/Red 500m
2013-12-11,2013-12-11,115.12086180821937,MODIS-Aqua,NIR/Red 500m
2013-12-16,2013-12-16,113.51935223325542,MODIS-Aqua,NIR/Red 500m
2013-12-17,2013-12-17,284.55605929566474,MODIS-Aqua,NIR/Red 500m
2013-12-24,2013-12-24,272.89440781945524,MODIS-Aqua,NIR/Red 500m
2013-12-26,2013-12-26,181.74553735512197,MODIS-Aqua,NIR/Red 500m
2013-12-27,2013-12-27,178.56794560639398,MODIS-Aqua,NIR/Red 500m
2013-12-28,2013-12-28,151.89870590369148,MODIS-Aqua,NIR/Red 500m
2014-01-04,2014-01-04,143.72114398975316,MODIS-Aqua,NIR/Red 500m
2014-01-05,2014-01-05,171.8730436841101,MODIS-Aqua,NIR/Red 500m
2014-01-15,2014-01-15,125.24733812985684,MODIS-Aqua,NIR/Red 500m
2014-01-16,2014-01-16,204.48042798733658,MODIS-Aqua,NIR/Red 500m
2014-01-17,2014-01-17,153.86879583508815,MODIS-Aqua,NIR/Red 500m
2014-01-18,2014-01-18,242.76904470785635,MODIS-Aqua,NIR/Red 500m
2014-01-19,2014-01-19,140.45221392699926,MODIS-Aqua,NIR/Red 500m
2014-01-20,2014-01-20,179.77806780103538,MODIS-Aqua,NIR/Red 500m
2014-01-22,2014-01-22,139.93784940520646,MODIS-Aqua,NIR/Red 500m
2014-01-23,2014-01-23,243.22996226213425,MODIS-Aqua,NIR/Red 500m
2014-01-24,2014-01-24,139.5043271342273,MODIS-Aqua,NIR/Red 500m
2014-01-25,2014-01-25,391.8095234138167,MODIS-Aqua,NIR/Red 500m
2014-01-26,2014-01-26,148.6501230251709,MODIS-Aqua,NIR/Red 500m
2014-02-01,2014-02-01,348.7520431601336,MODIS-Aqua,NIR/Red 500m
2014-02-22,2014-02-22,154.79374238020355,MODIS-Aqua,NIR/Red 500m
2014-02-28,2014-02-28,165.25755845095344,MODIS-Aqua,NIR/Red 500m
2014-03-07,2014-03-07,428.07459585118164,MODIS-Aqua,NIR/Red 500m
2014-03-11,2014-03-11,267.6767722682104,MODIS-Aqua,NIR/Red 500m
2014-03-12,2014-03-12,204.79745171778293,MODIS-Aqua,NIR/Red 500m
2014-03-13,2014-03-13,191.04105233023793,MODIS-Aqua,NIR/Red 500m
2014-03-18,2014-03-18,124.01904167212255,MODIS-Aqua,NIR/Red 500m
2014-03-21,2014-03-21,211.79531304345997,MODIS-Aqua,NIR/Red 500m
2014-03-22,2014-03-22,128.73475039664382,MODIS-Aqua,NIR/Red 500m
2014-03-23,2014-03-23,267.6019281300514,MODIS-Aqua,NIR/Red 500m
2014-03-24,2014-03-24,384.92970586669196,MODIS-Aqua,NIR/Red 500m
2014-04-07,2014-04-07,276.54013809407013,MODIS-Aqua,NIR/Red 500m
2014-04-10,2014-04-10,380.32772996176556,MODIS-Aqua,NIR/Red 500m
2014-04-11,2014-04-11,192.0620913100228,MODIS-Aqua,NIR/Red 500m
2014-04-12,2014-04-12,315.4572159320174,MODIS-Aqua,NIR/Red 500m
2014-04-13,2014-04-13,270.1451963793715,MODIS-Aqua,NIR/Red 500m
2014-04-28,2014-04-28,289.91529732455706,MODIS-Aqua,NIR/Red 500m
2014-04-30,2014-04-30,410.35127731997903,MODIS-Aqua,NIR/Red 500m
2014-05-07,2014-05-07,356.7473463090928,MODIS-Aqua,NIR/Red 500m
2014-05-11,2014-05-11,310.4073570234817,MODIS-Aqua,NIR/Red 500m
2014-05-13,2014-05-13,352.56678291945855,MODIS-Aqua,NIR/Red 500m
2014-05-14,2014-05-14,272.7865586558098,MODIS-Aqua,NIR/Red 500m
2014-05-16,2014-05-16,347.17681905854016,MODIS-Aqua,NIR/Red 500m
2014-05-20,2014-05-20,242.91579934672382,MODIS-Aqua,NIR/Red 500m
2014-05-21,2014-05-21,407.51931918678497,MODIS-Aqua,NIR/Red 500m
2014-05-22,2014-05-22,304.9257920451046,MODIS-Aqua,NIR/Red 500m
2014-05-29,2014-05-29,291.89560789806757,MODIS-Aqua,NIR/Red 500m
2014-05-30,2014-05-30,227.52614626849459,MODIS-Aqua,NIR/Red 500m
2014-05-31,2014-05-31,230.9136724411711,MODIS-Aqua,NIR/Red 500m
2014-06-01,2014-06-01,257.20812778936124,MODIS-Aqua,NIR/Red 500m
2014-06-02,2014-06-02,420.3826883474927,MODIS-Aqua,NIR/Red 500m
2014-06-04,2014-06-04,409.6317213136049,MODIS-Aqua,NIR/Red 500m
2014-06-05,2014-06-05,185.29724207890908,MODIS-Aqua,NIR/Red 500m
2014-06-06,2014-06-06,413.438491636679,MODIS-Aqua,NIR/Red 500m
2014-06-07,2014-06-07,225.4766826233743,MODIS-Aqua,NIR/Red 500m
2014-06-08,2014-06-08,345.08303498042676,MODIS-Aqua,NIR/Red 500m
2014-06-09,2014-06-09,405.63890218312235,MODIS-Aqua,NIR/Red 500m
2014-06-10,2014-06-10,85.76525214721647,MODIS-Aqua,NIR/Red 500m
2014-06-22,2014-06-22,422.5885329600129,MODIS-Aqua,NIR/Red 500m
2014-07-03,2014-07-03,249.0931759109882,MODIS-Aqua,NIR/Red 500m
2014-07-05,2014-07-05,273.4334867700503,MODIS-Aqua,NIR/Red 500m
2014-07-07,2014-07-07,399.4893667390195,MODIS-Aqua,NIR/Red 500m
2014-07-14,2014-07-14,242.78469680381752,MODIS-Aqua,NIR/Red 500m
2014-07-17,2014-07-17,493.63540892394894,MODIS-Aqua,NIR/Red 500m
2014-07-19,2014-07-19,237.06505359954065,MODIS-Aqua,NIR/Red 500m
2014-07-26,2014-07-26,417.8936777399482,MODIS-Aqua,NIR/Red 500m
2014-07-28,2014-07-28,265.24417249435226,MODIS-Aqua,NIR/Red 500m
2014-07-30,2014-07-30,154.19756108863774,MODIS-Aqua,NIR/Red 500m
2014-08-02,2014-08-02,308.2864956172414,MODIS-Aqua,NIR/Red 500m
2014-08-04,2014-08-04,217.616632394831,MODIS-Aqua,NIR/Red 500m
2014-08-06,2014-08-06,197.22288560438523,MODIS-Aqua,NIR/Red 500m
2014-08-08,2014-08-08,483.1582563980248,MODIS-Aqua,NIR/Red 500m
2014-08-09,2014-08-09,373.264022855335,MODIS-Aqua,NIR/Red 500m
2014-08-10,2014-08-10,309.39756908880037,MODIS-Aqua,NIR/Red 500m
2014-08-16,2014-08-16,414.5970056578463,MODIS-Aqua,NIR/Red 500m
2014-08-18,2014-08-18,469.7437234363809,MODIS-Aqua,NIR/Red 500m
2014-08-20,2014-08-20,363.8687908377188,MODIS-Aqua,NIR/Red 500m
2014-08-21,2014-08-21,325.58599087125174,MODIS-Aqua,NIR/Red 500m
2014-08-24,2014-08-24,484.9832987901031,MODIS-Aqua,NIR/Red 500m
2014-08-25,2014-08-25,482.9026006849779,MODIS-Aqua,NIR/Red 500m
2014-08-26,2014-08-26,387.4873131051612,MODIS-Aqua,NIR/Red 500m
2014-08-27,2014-08-27,323.7847869633886,MODIS-Aqua,NIR/Red 500m
2014-08-29,2014-08-29,416.72618747482966,MODIS-Aqua,NIR/Red 500m
2014-09-02,2014-09-02,468.8434178723821,MODIS-Aqua,NIR/Red 500m
2014-09-03,2014-09-03,432.66141709433543,MODIS-Aqua,NIR/Red 500m
2014-09-04,2014-09-04,499.21601125562705,MODIS-Aqua,NIR/Red 500m
2014-09-05,2014-09-05,400.76038877937606,MODIS-Aqua,NIR/Red 500m
2014-09-11,2014-09-11,340.5840255827706,MODIS-Aqua,NIR/Red 500m
2014-09-12,2014-09-12,236.09109243777266,MODIS-Aqua,NIR/Red 500m
2014-09-13,2014-09-13,331.48447794020916,MODIS-Aqua,NIR/Red 500m
2014-09-14,2014-09-14,420.8391869218331,MODIS-Aqua,NIR/Red 500m
2014-09-19,2014-09-19,409.80051852338124,MODIS-Aqua,NIR/Red 500m
2014-09-20,2014-09-20,332.86373105179115,MODIS-Aqua,NIR/Red 500m
2014-09-21,2014-09-21,351.50375280961924,MODIS-Aqua,NIR/Red 500m
2014-09-27,2014-09-27,452.5871485211112,MODIS-Aqua,NIR/Red 500m
2014-09-28,2014-09-28,293.288397164242,MODIS-Aqua,NIR/Red 500m
2014-10-01,2014-10-01,467.86019321937016,MODIS-Aqua,NIR/Red 500m
2014-10-02,2014-10-02,359.91185924697913,MODIS-Aqua,NIR/Red 500m
2014-10-05,2014-10-05,462.70613899719973,MODIS-Aqua,NIR/Red 500m
2014-10-07,2014-10-07,355.756119998862,MODIS-Aqua,NIR/Red 500m
2014-10-08,2014-10-08,407.6653533009534,MODIS-Aqua,NIR/Red 500m
2014-10-09,2014-10-09,464.21715334259954,MODIS-Aqua,NIR/Red 500m
2014-10-10,2014-10-10,319.2970470658275,MODIS-Aqua,NIR/Red 500m
2014-10-11,2014-10-11,164.5598326850059,MODIS-Aqua,NIR/Red 500m
2014-10-12,2014-10-12,299.42747081658445,MODIS-Aqua,NIR/Red 500m
2014-10-16,2014-10-16,351.671027488466,MODIS-Aqua,NIR/Red 500m
2014-10-19,2014-10-19,283.37257805941806,MODIS-Aqua,NIR/Red 500m
2014-11-07,2014-11-07,180.127315283934,MODIS-Aqua,NIR/Red 500m
2014-11-11,2014-11-11,186.50706190996755,MODIS-Aqua,NIR/Red 500m
2014-11-12,2014-11-12,192.65518730176032,MODIS-Aqua,NIR/Red 500m
2014-11-15,2014-11-15,198.34794236927058,MODIS-Aqua,NIR/Red 500m
2014-11-16,2014-11-16,324.4451434480464,MODIS-Aqua,NIR/Red 500m
2014-11-17,2014-11-17,87.94161190942042,MODIS-Aqua,NIR/Red 500m
2014-11-30,2014-11-30,341.326257683848,MODIS-Aqua,NIR/Red 500m
2014-12-22,2014-12-22,141.50928979110833,MODIS-Aqua,NIR/Red 500m
2014-12-30,2014-12-30,128.18006826057527,MODIS-Aqua,NIR/Red 500m
2014-12-31,2014-12-31,162.00639194525513,MODIS-Aqua,NIR/Red 500m
2015-01-01,2015-01-01,176.56035215005951,MODIS-Aqua,NIR/Red 500m
2015-01-02,2015-01-02,156.57868030649655,MODIS-Aqua,NIR/Red 500m
2015-01-07,2015-01-07,183.35514741913556,MODIS-Aqua,NIR/Red 500m
2015-01-13,2015-01-13,137.1615022185939,MODIS-Aqua,NIR/Red 500m
2015-01-21,2015-01-21,116.1732278633256,MODIS-Aqua,NIR/Red 500m
2015-01-24,2015-01-24,143.8566481247463,MODIS-Aqua,NIR/Red 500m
2015-01-25,2015-01-25,138.21260441712496,MODIS-Aqua,NIR/Red 500m
2015-01-28,2015-01-28,202.22021131041325,MODIS-Aqua,NIR/Red 500m
2015-01-30,2015-01-30,250.06723719323855,MODIS-Aqua,NIR/Red 500m
2015-01-31,2015-01-31,178.0029529854141,MODIS-Aqua,NIR/Red 500m
2015-02-16,2015-02-16,278.16370972747734,MODIS-Aqua,NIR/Red 500m
2015-02-17,2015-02-17,295.2156892825464,MODIS-Aqua,NIR/Red 500m
2015-02-18,2015-02-18,189.88825281567782,MODIS-Aqua,NIR/Red 500m
2015-02-19,2015-02-19,345.2813969969914,MODIS-Aqua,NIR/Red 500m
2015-02-21,2015-02-21,128.44103629787045,MODIS-Aqua,NIR/Red 500m
2015-02-22,2015-02-22,260.1780269243826,MODIS-Aqua,NIR/Red 500m
2015-02-23,2015-02-23,310.5167513059346,MODIS-Aqua,NIR/Red 500m
2015-02-24,2015-02-24,172.79852539737504,MODIS-Aqua,NIR/Red 500m
2015-02-28,2015-02-28,170.70381962356205,MODIS-Aqua,NIR/Red 500m
2015-03-01,2015-03-01,296.07349494463847,MODIS-Aqua,NIR/Red 500m
2015-03-03,2015-03-03,327.41531080268635,MODIS-Aqua,NIR/Red 500m
2015-03-04,2015-03-04,221.83583331483788,MODIS-Aqua,NIR/Red 500m
2015-03-05,2015-03-05,346.83090771667855,MODIS-Aqua,NIR/Red 500m
2015-03-07,2015-03-07,240.53125985944865,MODIS-Aqua,NIR/Red 500m
2015-03-08,2015-03-08,316.25469929767655,MODIS-Aqua,NIR/Red 500m
2015-03-09,2015-03-09,187.14808852701776,MODIS-Aqua,NIR/Red 500m
2015-03-12,2015-03-12,234.98111228326601,MODIS-Aqua,NIR/Red 500m
2015-03-16,2015-03-16,210.4068735335136,MODIS-Aqua,NIR/Red 500m
2015-03-18,2015-03-18,240.23291414560478,MODIS-Aqua,NIR/Red 500m
2015-03-26,2015-03-26,369.45692549123623,MODIS-Aqua,NIR/Red 500m
2015-03-27,2015-03-27,222.91831733671327,MODIS-Aqua,NIR/Red 500m
2015-03-29,2015-03-29,207.3226104523807,MODIS-Aqua,NIR/Red 500m
2015-04-12,2015-04-12,232.64192342770366,MODIS-Aqua,NIR/Red 500m
2015-04-15,2015-04-15,496.7618156603002,MODIS-Aqua,NIR/Red 500m
2015-04-16,2015-04-16,280.15068904430376,MODIS-Aqua,NIR/Red 500m
2015-04-17,2015-04-17,310.9546954232256,MODIS-Aqua,NIR/Red 500m
2015-04-18,2015-04-18,391.2375827450629,MODIS-Aqua,NIR/Red 500m
2015-04-19,2015-04-19,245.87747768748318,MODIS-Aqua,NIR/Red 500m
2015-04-20,2015-04-20,269.18397315069984,MODIS-Aqua,NIR/Red 500m
2015-04-22,2015-04-22,177.55108326139217,MODIS-Aqua,NIR/Red 500m
2015-04-27,2015-04-27,389.8192212167939,MODIS-Aqua,NIR/Red 500m
2015-04-30,2015-04-30,239.71770434441348,MODIS-Aqua,NIR/Red 500m
2015-05-02,2015-05-02,224.09567074502422,MODIS-Aqua,NIR/Red 500m
2015-05-03,2015-05-03,231.2465976561715,MODIS-Aqua,NIR/Red 500m
2015-05-04,2015-05-04,290.52741890658274,MODIS-Aqua,NIR/Red 500m
2015-05-07,2015-05-07,170.41078114228844,MODIS-Aqua,NIR/Red 500m
2015-05-08,2015-05-08,329.48322535230034,MODIS-Aqua,NIR/Red 500m
2015-05-09,2015-05-09,219.76611216535937,MODIS-Aqua,NIR/Red 500m
2015-05-26,2015-05-26,193.16165677290553,MODIS-Aqua,NIR/Red 500m
2015-05-27,2015-05-27,449.40692220328526,MODIS-Aqua,NIR/Red 500m
2015-05-28,2015-05-28,145.44115077954052,MODIS-Aqua,NIR/Red 500m
2015-05-30,2015-05-30,389.7857808197184,MODIS-Aqua,NIR/Red 500m
2015-06-04,2015-06-04,230.16434679344584,MODIS-Aqua,NIR/Red 500m
2015-06-05,2015-06-05,401.91165970519023,MODIS-Aqua,NIR/Red 500m
2015-06-07,2015-06-07,455.0225004720025,MODIS-Aqua,NIR/Red 500m
2015-06-08,2015-06-08,139.70153080174032,MODIS-Aqua,NIR/Red 500m
2015-06-10,2015-06-10,183.18374950003061,MODIS-Aqua,NIR/Red 500m
2015-06-11,2015-06-11,229.0962955380949,MODIS-Aqua,NIR/Red 500m
2015-06-12,2015-06-12,307.85218623341905,MODIS-Aqua,NIR/Red 500m
2015-06-13,2015-06-13,224.54984478182857,MODIS-Aqua,NIR/Red 500m
2015-06-14,2015-06-14,457.6986477660406,MODIS-Aqua,NIR/Red 500m
2015-06-15,2015-06-15,263.13604191827085,MODIS-Aqua,NIR/Red 500m
2015-06-17,2015-06-17,244.44268094949695,MODIS-Aqua,NIR/Red 500m
2015-06-18,2015-06-18,179.46280590916905,MODIS-Aqua,NIR/Red 500m
2015-06-20,2015-06-20,184.062888933591,MODIS-Aqua,NIR/Red 500m
2015-06-22,2015-06-22,105.63487266731634,MODIS-Aqua,NIR/Red 500m
2015-06-23,2015-06-23,213.64865612590285,MODIS-Aqua,NIR/Red 500m
2015-06-25,2015-06-25,489.74745735302434,MODIS-Aqua,NIR/Red 500m
2015-06-26,2015-06-26,216.23164435372033,MODIS-Aqua,NIR/Red 500m
2015-06-29,2015-06-29,147.48614883419287,MODIS-Aqua,NIR/Red 500m
2015-06-30,2015-06-30,365.7849486681671,MODIS-Aqua,NIR/Red 500m
2015-07-02,2015-07-02,258.88479972833704,MODIS-Aqua,NIR/Red 500m
2015-07-03,2015-07-03,249.1625533442011,MODIS-Aqua,NIR/Red 500m
2015-07-05,2015-07-05,221.1736907452343,MODIS-Aqua,NIR/Red 500m
2015-07-08,2015-07-08,217.42953814524023,MODIS-Aqua,NIR/Red 500m
2015-07-12,2015-07-12,145.17854569030837,MODIS-Aqua,NIR/Red 500m
2015-07-14,2015-07-14,433.9147560207164,MODIS-Aqua,NIR/Red 500m
2015-07-15,2015-07-15,175.60653955569666,MODIS-Aqua,NIR/Red 500m
2015-07-16,2015-07-16,421.67610742378866,MODIS-Aqua,NIR/Red 500m
2015-07-17,2015-07-17,183.27851902871723,MODIS-Aqua,NIR/Red 500m
2015-07-18,2015-07-18,250.14443043011616,MODIS-Aqua,NIR/Red 500m
2015-07-19,2015-07-19,257.0091999159343,MODIS-Aqua,NIR/Red 500m
2015-07-20,2015-07-20,275.90314462912676,MODIS-Aqua,NIR/Red 500m
2015-07-21,2015-07-21,328.0361178790819,MODIS-Aqua,NIR/Red 500m
2015-07-22,2015-07-22,240.18663627189628,MODIS-Aqua,NIR/Red 500m
2015-07-23,2015-07-23,429.5438481587415,MODIS-Aqua,NIR/Red 500m
2015-07-24,2015-07-24,140.61602972166733,MODIS-Aqua,NIR/Red 500m
2015-07-28,2015-07-28,253.54116462653556,MODIS-Aqua,NIR/Red 500m
2015-07-29,2015-07-29,211.82036103077547,MODIS-Aqua,NIR/Red 500m
2015-07-30,2015-07-30,338.9706488648577,MODIS-Aqua,NIR/Red 500m
2015-07-31,2015-07-31,169.03321321528256,MODIS-Aqua,NIR/Red 500m
2015-08-01,2015-08-01,424.74870088494043,MODIS-Aqua,NIR/Red 500m
2015-08-04,2015-08-04,243.2680245058108,MODIS-Aqua,NIR/Red 500m
2015-08-05,2015-08-05,270.3715161669746,MODIS-Aqua,NIR/Red 500m
2015-08-06,2015-08-06,215.45324470160418,MODIS-Aqua,NIR/Red 500m
2015-08-07,2015-08-07,276.9881899600192,MODIS-Aqua,NIR/Red 500m
2015-08-12,2015-08-12,143.48716835564863,MODIS-Aqua,NIR/Red 500m
2015-08-13,2015-08-13,319.81212584831337,MODIS-Aqua,NIR/Red 500m
2015-08-15,2015-08-15,199.08778282931974,MODIS-Aqua,NIR/Red 500m
2015-08-16,2015-08-16,143.73527011146402,MODIS-Aqua,NIR/Red 500m
2015-08-17,2015-08-17,264.40575876028805,MODIS-Aqua,NIR/Red 500m
2015-08-18,2015-08-18,250.56666866282654,MODIS-Aqua,NIR/Red 500m
2015-08-19,2015-08-19,210.64698094264241,MODIS-Aqua,NIR/Red 500m
2015-08-20,2015-08-20,196.40873823427063,MODIS-Aqua,NIR/Red 500m
2015-08-21,2015-08-21,213.124683646461,MODIS-Aqua,NIR/Red 500m
2015-08-22,2015-08-22,325.19937435134744,MODIS-Aqua,NIR/Red 500m
2015-08-23,2015-08-23,129.08147355785914,MODIS-Aqua,NIR/Red 500m
2015-08-24,2015-08-24,358.00011635111366,MODIS-Aqua,NIR/Red 500m
2015-08-26,2015-08-26,241.43165186368915,MODIS-Aqua,NIR/Red 500m
2015-08-31,2015-08-31,152.37383234237186,MODIS-Aqua,NIR/Red 500m
2015-09-01,2015-09-01,215.17402655829872,MODIS-Aqua,NIR/Red 500m
2015-09-07,2015-09-07,307.65485981195206,MODIS-Aqua,NIR/Red 500m
2015-09-08,2015-09-08,334.08449969126127,MODIS-Aqua,NIR/Red 500m
2015-09-09,2015-09-09,277.9701766260872,MODIS-Aqua,NIR/Red 500m
2015-09-10,2015-09-10,253.2222625674424,MODIS-Aqua,NIR/Red 500m
2015-09-11,2015-09-11,207.5761280050592,MODIS-Aqua,NIR/Red 500m
2015-09-12,2015-09-12,297.85203087877045,MODIS-Aqua,NIR/Red 500m
2015-09-18,2015-09-18,308.42950305440473,MODIS-Aqua,NIR/Red 500m
2015-09-19,2015-09-19,147.26675494133923,MODIS-Aqua,NIR/Red 500m
2015-09-21,2015-09-21,173.51448181092977,MODIS-Aqua,NIR/Red 500m
2015-09-22,2015-09-22,194.19803023948566,MODIS-Aqua,NIR/Red 500m
2015-09-23,2015-09-23,265.02358998016547,MODIS-Aqua,NIR/Red 500m
2015-09-24,2015-09-24,163.3506233851811,MODIS-Aqua,NIR/Red 500m
2015-09-27,2015-09-27,233.63664174453447,MODIS-Aqua,NIR/Red 500m
2015-09-28,2015-09-28,184.52890664557623,MODIS-Aqua,NIR/Red 500m
2015-09-29,2015-09-29,287.4172329499323,MODIS-Aqua,NIR/Red 500m
2015-10-01,2015-10-01,144.686091615449,MODIS-Aqua,NIR/Red 500m
2015-10-02,2015-10-02,128.8507561396947,MODIS-Aqua,NIR/Red 500m
2015-10-03,2015-10-03,186.84542436049705,MODIS-Aqua,NIR/Red 500m
2015-10-05,2015-10-05,141.4495745803369,MODIS-Aqua,NIR/Red 500m
2015-10-11,2015-10-11,271.812618532289,MODIS-Aqua,NIR/Red 500m
2015-10-12,2015-10-12,226.21909884451978,MODIS-Aqua,NIR/Red 500m
2015-10-13,2015-10-13,356.59817563587285,MODIS-Aqua,NIR/Red 500m
2015-10-14,2015-10-14,204.16068951674245,MODIS-Aqua,NIR/Red 500m
2015-10-20,2015-10-20,277.765397159309,MODIS-Aqua,NIR/Red 500m
2015-10-22,2015-10-22,167.92765101210725,MODIS-Aqua,NIR/Red 500m
2015-10-26,2015-10-26,56.96280136613098,MODIS-Aqua,NIR/Red 500m
2015-11-06,2015-11-06,138.46660941718278,MODIS-Aqua,NIR/Red 500m
2015-11-21,2015-11-21,232.29525462287847,MODIS-Aqua,NIR/Red 500m
2015-11-23,2015-11-23,281.7803910857818,MODIS-Aqua,NIR/Red 500m
2015-11-25,2015-11-25,129.2932483071145,MODIS-Aqua,NIR/Red 500m
2015-11-26,2015-11-26,201.0053574308538,MODIS-Aqua,NIR/Red 500m
2015-11-27,2015-11-27,122.63078192944047,MODIS-Aqua,NIR/Red 500m
2015-11-28,2015-11-28,269.74104248848283,MODIS-Aqua,NIR/Red 500m
2015-11-29,2015-11-29,216.831418281666,MODIS-Aqua,NIR/Red 500m
2015-12-01,2015-12-01,153.84530500726518,MODIS-Aqua,NIR/Red 500m
2015-12-31,2015-12-31,272.87540115900003,MODIS-Aqua,NIR/Red 500m
2016-01-01,2016-01-01,217.33116802312995,MODIS-Aqua,NIR/Red 500m
2016-01-02,2016-01-02,124.58806581366493,MODIS-Aqua,NIR/Red 500m
2016-01-08,2016-01-08,285.40837075182793,MODIS-Aqua,NIR/Red 500m
2016-01-10,2016-01-10,195.78339828948367,MODIS-Aqua,NIR/Red 500m
2016-01-22,2016-01-22,179.45269137670073,MODIS-Aqua,NIR/Red 500m
2016-01-25,2016-01-25,166.75155253433536,MODIS-Aqua,NIR/Red 500m
2016-02-07,2016-02-07,245.5928110347562,MODIS-Aqua,NIR/Red 500m
2016-02-08,2016-02-08,105.76303024806387,MODIS-Aqua,NIR/Red 500m
2016-02-25,2016-02-25,167.43613856075734,MODIS-Aqua,NIR/Red 500m
2016-03-17,2016-03-17,248.65999060068543,MODIS-Aqua,NIR/Red 500m
2016-03-30,2016-03-30,420.22166500176183,MODIS-Aqua,NIR/Red 500m
2016-03-31,2016-03-31,217.49781257555082,MODIS-Aqua,NIR/Red 500m
2016-04-01,2016-04-01,280.6231158003981,MODIS-Aqua,NIR/Red 500m
2016-04-07,2016-04-07,310.1194329534417,MODIS-Aqua,NIR/Red 500m
2016-04-08,2016-04-08,393.29705835858175,MODIS-Aqua,NIR/Red 500m
2016-04-10,2016-04-10,200.7038270577498,MODIS-Aqua,NIR/Red 500m
2016-04-11,2016-04-11,204.7221748646142,MODIS-Aqua,NIR/Red 500m
2016-04-17,2016-04-17,316.2919407562613,MODIS-Aqua,NIR/Red 500m
2016-04-18,2016-04-18,382.64079568651044,MODIS-Aqua,NIR/Red 500m
2016-04-19,2016-04-19,242.97215594896036,MODIS-Aqua,NIR/Red 500m
2016-04-30,2016-04-30,321.19103355836046,MODIS-Aqua,NIR/Red 500m
2016-05-01,2016-05-01,388.3837717986142,MODIS-Aqua,NIR/Red 500m
2016-05-02,2016-05-02,476.71933984874295,MODIS-Aqua,NIR/Red 500m
2016-05-11,2016-05-11,477.69079177872305,MODIS-Aqua,NIR/Red 500m
2016-05-28,2016-05-28,234.96501676697903,MODIS-Aqua,NIR/Red 500m
2016-05-30,2016-05-30,468.1532248887975,MODIS-Aqua,NIR/Red 500m
2016-05-31,2016-05-31,391.59521900080006,MODIS-Aqua,NIR/Red 500m
2016-06-03,2016-06-03,342.47904650712996,MODIS-Aqua,NIR/Red 500m
2016-06-05,2016-06-05,301.50616894050614,MODIS-Aqua,NIR/Red 500m
2016-06-06,2016-06-06,332.2273505473219,MODIS-Aqua,NIR/Red 500m
2016-06-07,2016-06-07,406.5771140603326,MODIS-Aqua,NIR/Red 500m
2016-06-12,2016-06-12,449.78166469555515,MODIS-Aqua,NIR/Red 500m
2016-06-20,2016-06-20,436.58950774683774,MODIS-Aqua,NIR/Red 500m
2016-06-21,2016-06-21,384.52372029514174,MODIS-Aqua,NIR/Red 500m
2016-06-22,2016-06-22,290.0968931421282,MODIS-Aqua,NIR/Red 500m
2016-06-25,2016-06-25,438.06172532727334,MODIS-Aqua,NIR/Red 500m
2016-06-26,2016-06-26,184.18866115729412,MODIS-Aqua,NIR/Red 500m
2016-06-27,2016-06-27,440.8922152722026,MODIS-Aqua,NIR/Red 500m
2016-06-28,2016-06-28,348.54790347024584,MODIS-Aqua,NIR/Red 500m
2016-06-29,2016-06-29,374.0862516811426,MODIS-Aqua,NIR/Red 500m
2016-06-30,2016-06-30,380.70821457993844,MODIS-Aqua,NIR/Red 500m
2016-07-02,2016-07-02,423.6470691723182,MODIS-Aqua,NIR/Red 500m
2016-07-04,2016-07-04,415.10773204462845,MODIS-Aqua,NIR/Red 500m
2016-07-05,2016-07-05,286.84574597979406,MODIS-Aqua,NIR/Red 500m
2016-07-13,2016-07-13,449.4811949727759,MODIS-Aqua,NIR/Red 500m
2016-07-14,2016-07-14,280.2770545235161,MODIS-Aqua,NIR/Red 500m
2016-07-15,2016-07-15,203.9971657405562,MODIS-Aqua,NIR/Red 500m
2016-07-17,2016-07-17,185.7781776186483,MODIS-Aqua,NIR/Red 500m
2016-07-20,2016-07-20,481.5355807469265,MODIS-Aqua,NIR/Red 500m
2016-07-21,2016-07-21,309.1716158171281,MODIS-Aqua,NIR/Red 500m
2016-07-22,2016-07-22,441.123550866781,MODIS-Aqua,NIR/Red 500m
2016-07-23,2016-07-23,275.8938132288478,MODIS-Aqua,NIR/Red 500m
2016-07-24,2016-07-24,198.7986745891895,MODIS-Aqua,NIR/Red 500m
2016-07-25,2016-07-25,456.67799119058674,MODIS-Aqua,NIR/Red 500m
2016-07-26,2016-07-26,86.99700885921783,MODIS-Aqua,NIR/Red 500m
2016-07-27,2016-07-27,290.0968931421282,MODIS-Aqua,NIR/Red 500m
2016-07-28,2016-07-28,275.43726903801576,MODIS-Aqua,NIR/Red 500m
2016-07-29,2016-07-29,338.4509090186765,MODIS-Aqua,NIR/Red 500m
2016-07-30,2016-07-30,211.582469047889,MODIS-Aqua,NIR/Red 500m
2016-07-31,2016-07-31,473.17751673452835,MODIS-Aqua,NIR/Red 500m
2016-08-01,2016-08-01,343.1818614686752,MODIS-Aqua,NIR/Red 500m
2016-08-04,2016-08-04,293.1687886282314,MODIS-Aqua,NIR/Red 500m
2016-08-05,2016-08-05,335.97388661220475,MODIS-Aqua,NIR/Red 500m
2016-08-06,2016-08-06,213.0165879997667,MODIS-Aqua,NIR/Red 500m
2016-08-07,2016-08-07,142.25976513763177,MODIS-Aqua,NIR/Red 500m
2016-08-10,2016-08-10,473.70719885875354,MODIS-Aqua,NIR/Red 500m
2016-08-11,2016-08-11,171.5398040892227,MODIS-Aqua,NIR/Red 500m
2016-08-12,2016-08-12,324.02011462054054,MODIS-Aqua,NIR/Red 500m
2016-08-14,2016-08-14,444.36679181839946,MODIS-Aqua,NIR/Red 500m
2016-08-15,2016-08-15,382.1983756186296,MODIS-Aqua,NIR/Red 500m
2016-08-16,2016-08-16,409.2377172590926,MODIS-Aqua,NIR/Red 500m
2016-08-17,2016-08-17,368.7533535263777,MODIS-Aqua,NIR/Red 500m
2016-08-18,2016-08-18,251.42250387522847,MODIS-Aqua,NIR/Red 500m
2016-08-19,2016-08-19,258.46312390883037,MODIS-Aqua,NIR/Red 500m
2016-08-20,2016-08-20,183.8357881312739,MODIS-Aqua,NIR/Red 500m
2016-08-21,2016-08-21,358.2081584733861,MODIS-Aqua,NIR/Red 500m
2016-08-23,2016-08-23,309.07865923378466,MODIS-Aqua,NIR/Red 500m
2016-08-24,2016-08-24,354.5274838919307,MODIS-Aqua,NIR/Red 500m
2016-08-25,2016-08-25,478.87235874233596,MODIS-Aqua,NIR/Red 500m
2016-08-27,2016-08-27,284.06179698342,MODIS-Aqua,NIR/Red 500m
2016-08-28,2016-08-28,392.27880207913927,MODIS-Aqua,NIR/Red 500m
2016-08-30,2016-08-30,249.77393470872576,MODIS-Aqua,NIR/Red 500m
2016-09-05,2016-09-05,242.0472464511801,MODIS-Aqua,NIR/Red 500m
2016-09-07,2016-09-07,223.3669630650211,MODIS-Aqua,NIR/Red 500m
2016-09-09,2016-09-09,294.36981616096773,MODIS-Aqua,NIR/Red 500m
2016-09-10,2016-09-10,237.00143331344046,MODIS-Aqua,NIR/Red 500m
2016-09-11,2016-09-11,341.1984365919082,MODIS-Aqua,NIR/Red 500m
2016-09-12,2016-09-12,220.52481917737197,MODIS-Aqua,NIR/Red 500m
2016-09-13,2016-09-13,430.1298503873947,MODIS-Aqua,NIR/Red 500m
2016-09-14,2016-09-14,201.27092654811065,MODIS-Aqua,NIR/Red 500m
2016-09-15,2016-09-15,212.61434453744786,MODIS-Aqua,NIR/Red 500m
2016-09-20,2016-09-20,457.5324290448434,MODIS-Aqua,NIR/Red 500m
2016-09-21,2016-09-21,186.0071093295388,MODIS-Aqua,NIR/Red 500m
2016-09-24,2016-09-24,244.11177113268403,MODIS-Aqua,NIR/Red 500m
2016-09-25,2016-09-25,303.698670276997,MODIS-Aqua,NIR/Red 500m
2016-09-26,2016-09-26,173.80323241217005,MODIS-Aqua,NIR/Red 500m
2016-09-27,2016-09-27,311.1458087361423,MODIS-Aqua,NIR/Red 500m
2016-09-28,2016-09-28,280.290645872004,MODIS-Aqua,NIR/Red 500m
2016-09-30,2016-09-30,280.5690975013833,MODIS-Aqua,NIR/Red 500m
2016-10-11,2016-10-11,270.77449367878876,MODIS-Aqua,NIR/Red 500m
2016-10-12,2016-10-12,182.0752951964768,MODIS-Aqua,NIR/Red 500m
2016-10-22,2016-10-22,452.05004761101316,MODIS-Aqua,NIR/Red 500m
2016-10-28,2016-10-28,152.35941088567066,MODIS-Aqua,NIR/Red 500m
2016-11-04,2016-11-04,101.67544797023128,MODIS-Aqua,NIR/Red 500m
2016-11-08,2016-11-08,155.89304295884682,MODIS-Aqua,NIR/Red 500m
2016-11-09,2016-11-09,189.8375816037859,MODIS-Aqua,NIR/Red 500m
2016-11-10,2016-11-10,147.51229275574653,MODIS-Aqua,NIR/Red 500m
2016-12-28,2016-12-28,203.16423631200647,MODIS-Aqua,NIR/Red 500m
2016-12-31,2016-12-31,340.77343788058664,MODIS-Aqua,NIR/Red 500m
2017-01-24,2017-01-24,122.24115063269451,MODIS-Aqua,NIR/Red 500m
2017-01-27,2017-01-27,58.533265793727466,MODIS-Aqua,NIR/Red 500m
2017-02-17,2017-02-17,222.71252494974456,MODIS-Aqua,NIR/Red 500m
2017-03-02,2017-03-02,183.4817742888806,MODIS-Aqua,NIR/Red 500m
2017-03-19,2017-03-19,191.34488248560575,MODIS-Aqua,NIR/Red 500m
2017-04-03,2017-04-03,136.52751333572064,MODIS-Aqua,NIR/Red 500m
2017-04-21,2017-04-21,330.2189317775733,MODIS-Aqua,NIR/Red 500m
2017-05-07,2017-05-07,357.0747908230677,MODIS-Aqua,NIR/Red 500m
2017-05-08,2017-05-08,337.3618670729828,MODIS-Aqua,NIR/Red 500m
2017-05-10,2017-05-10,243.4155919318638,MODIS-Aqua,NIR/Red 500m
2017-05-18,2017-05-18,427.6500237601998,MODIS-Aqua,NIR/Red 500m
2017-05-19,2017-05-19,123.69834414486058,MODIS-Aqua,NIR/Red 500m
2017-05-20,2017-05-20,410.80759890231013,MODIS-Aqua,NIR/Red 500m
2017-05-21,2017-05-21,255.49709001760647,MODIS-Aqua,NIR/Red 500m
2017-05-22,2017-05-22,462.50603722011715,MODIS-Aqua,NIR/Red 500m
2017-05-24,2017-05-24,361.87579328717106,MODIS-Aqua,NIR/Red 500m
2017-05-26,2017-05-26,261.672854463752,MODIS-Aqua,NIR/Red 500m
2017-05-27,2017-05-27,337.2268702355216,MODIS-Aqua,NIR/Red 500m
2017-05-29,2017-05-29,431.17240506675165,MODIS-Aqua,NIR/Red 500m
2017-05-31,2017-05-31,131.24802116039513,MODIS-Aqua,NIR/Red 500m
2017-06-02,2017-06-02,254.89423344110634,MODIS-Aqua,NIR/Red 500m
2017-06-06,2017-06-06,175.2234731328277,MODIS-Aqua,NIR/Red 500m
2017-06-17,2017-06-17,414.10805901889427,MODIS-Aqua,NIR/Red 500m
2017-06-18,2017-06-18,240.91399829958655,MODIS-Aqua,NIR/Red 500m
2017-06-21,2017-06-21,440.8360347582229,MODIS-Aqua,NIR/Red 500m
2017-06-24,2017-06-24,439.5371579130417,MODIS-Aqua,NIR/Red 500m
2017-06-29,2017-06-29,301.8830949886968,MODIS-Aqua,NIR/Red 500m
2017-06-30,2017-06-30,446.64116580311753,MODIS-Aqua,NIR/Red 500m
2017-07-02,2017-07-02,401.1738030026337,MODIS-Aqua,NIR/Red 500m
2017-07-04,2017-07-04,291.12941537049016,MODIS-Aqua,NIR/Red 500m
2017-07-11,2017-07-11,439.5270645720221,MODIS-Aqua,NIR/Red 500m
2017-07-15,2017-07-15,220.5402043539646,MODIS-Aqua,NIR/Red 500m
2017-07-20,2017-07-20,247.54955344095168,MODIS-Aqua,NIR/Red 500m
2017-07-22,2017-07-22,163.89927151810005,MODIS-Aqua,NIR/Red 500m
2017-07-24,2017-07-24,335.7069484943035,MODIS-Aqua,NIR/Red 500m
2017-07-27,2017-07-27,449.5276201383179,MODIS-Aqua,NIR/Red 500m
2017-07-29,2017-07-29,261.05987172621315,MODIS-Aqua,NIR/Red 500m
2017-07-31,2017-07-31,350.92794110094746,MODIS-Aqua,NIR/Red 500m
2017-08-04,2017-08-04,342.5117402661779,MODIS-Aqua,NIR/Red 500m
2017-08-05,2017-08-05,249.00260201810886,MODIS-Aqua,NIR/Red 500m
2017-08-18,2017-08-18,397.5154042857831,MODIS-Aqua,NIR/Red 500m
2017-08-19,2017-08-19,328.0995357954295,MODIS-Aqua,NIR/Red 500m
2017-08-21,2017-08-21,214.26061869941068,MODIS-Aqua,NIR/Red 500m
2017-08-24,2017-08-24,456.18204079799904,MODIS-Aqua,NIR/Red 500m
2017-08-25,2017-08-25,205.43688382242163,MODIS-Aqua,NIR/Red 500m
2017-08-29,2017-08-29,69.7068586736613,MODIS-Aqua,NIR/Red 500m
2017-08-31,2017-08-31,484.5762934714912,MODIS-Aqua,NIR/Red 500m
2017-09-09,2017-09-09,101.75769354167765,MODIS-Aqua,NIR/Red 500m
2017-09-11,2017-09-11,460.68411643974304,MODIS-Aqua,NIR/Red 500m
2017-09-13,2017-09-13,142.11125845778216,MODIS-Aqua,NIR/Red 500m
2017-09-14,2017-09-14,416.31442386209363,MODIS-Aqua,NIR/Red 500m
2017-09-15,2017-09-15,459.3186119921607,MODIS-Aqua,NIR/Red 500m
2017-09-24,2017-09-24,464.7905227495707,MODIS-Aqua,NIR/Red 500m
2017-09-27,2017-09-27,432.4390488005833,MODIS-Aqua,NIR/Red 500m
2017-09-28,2017-09-28,381.2713694383709,MODIS-Aqua,NIR/Red 500m
2017-10-02,2017-10-02,467.23910534300194,MODIS-Aqua,NIR/Red 500m
2017-10-03,2017-10-03,449.0574679210827,MODIS-Aqua,NIR/Red 500m
2017-10-04,2017-10-04,491.97962295876545,MODIS-Aqua,NIR/Red 500m
2017-10-05,2017-10-05,411.9455146734996,MODIS-Aqua,NIR/Red 500m
2017-10-06,2017-10-06,298.3227972456273,MODIS-Aqua,NIR/Red 500m
2017-10-08,2017-10-08,184.35716801509517,MODIS-Aqua,NIR/Red 500m
2017-10-14,2017-10-14,420.53701524183674,MODIS-Aqua,NIR/Red 500m
2017-10-15,2017-10-15,485.25079304584335,MODIS-Aqua,NIR/Red 500m
2017-10-16,2017-10-16,453.88016800990016,MODIS-Aqua,NIR/Red 500m
2017-10-23,2017-10-23,343.89271596425016,MODIS-Aqua,NIR/Red 500m
2017-10-24,2017-10-24,169.5417929394917,MODIS-Aqua,NIR/Red 500m
2017-10-26,2017-10-26,356.6503534622231,MODIS-Aqua,NIR/Red 500m
2017-10-27,2017-10-27,230.30387615741407,MODIS-Aqua,NIR/Red 500m
2017-10-28,2017-10-28,274.02092817140107,MODIS-Aqua,NIR/Red 500m
2017-10-30,2017-10-30,185.62085794916752,MODIS-Aqua,NIR/Red 500m
2017-10-31,2017-10-31,101.8079758210676,MODIS-Aqua,NIR/Red 500m
2017-11-14,2017-11-14,164.3100202248761,MODIS-Aqua,NIR/Red 500m
2017-12-04,2017-12-04,108.01923843647364,MODIS-Aqua,NIR/Red 500m
2017-12-05,2017-12-05,268.8700079375305,MODIS-Aqua,NIR/Red 500m
2017-12-06,2017-12-06,144.08648523943032,MODIS-Aqua,NIR/Red 500m
2017-12-07,2017-12-07,139.99903722517493,MODIS-Aqua,NIR/Red 500m
2017-12-08,2017-12-08,167.1858006350225,MODIS-Aqua,NIR/Red 500m
2017-12-09,2017-12-09,166.40570106142263,MODIS-Aqua,NIR/Red 500m
2017-12-10,2017-12-10,228.57492369670226,MODIS-Aqua,NIR/Red 500m
2017-12-11,2017-12-11,112.17912250805854,MODIS-Aqua,NIR/Red 500m
2017-12-13,2017-12-13,135.97707233390057,MODIS-Aqua,NIR/Red 500m
2017-12-21,2017-12-21,122.48072972771705,MODIS-Aqua,NIR/Red 500m
2017-12-31,2017-12-31,123.24921422756604,MODIS-Aqua,NIR/Red 500m
2018-01-01,2018-01-01,151.2466536697921,MODIS-Aqua,NIR/Red 500m
2018-01-03,2018-01-03,107.54267378882142,MODIS-Aqua,NIR/Red 500m
2018-01-13,2018-01-13,303.8028941844463,MODIS-Aqua,NIR/Red 500m
2018-01-14,2018-01-14,131.54581450542352,MODIS-Aqua,NIR/Red 500m
2018-02-06,2018-02-06,108.7705324432273,MODIS-Aqua,NIR/Red 500m
2018-02-12,2018-02-12,194.16646974363718,MODIS-Aqua,NIR/Red 500m
2018-02-13,2018-02-13,108.45762883295525,MODIS-Aqua,NIR/Red 500m
2018-03-06,2018-03-06,236.47444626246948,MODIS-Aqua,NIR/Red 500m
2018-03-11,2018-03-11,307.8779076714779,MODIS-Aqua,NIR/Red 500m
2018-03-20,2018-03-20,241.0916202388206,MODIS-Aqua,NIR/Red 500m
2018-03-28,2018-03-28,105.6985746819352,MODIS-Aqua,NIR/Red 500m
2018-04-06,2018-04-06,237.86341122414908,MODIS-Aqua,NIR/Red 500m
2018-04-22,2018-04-22,233.504906033866,MODIS-Aqua,NIR/Red 500m
2018-04-23,2018-04-23,311.2552170324256,MODIS-Aqua,NIR/Red 500m
2018-04-24,2018-04-24,286.25338570885043,MODIS-Aqua,NIR/Red 500m
2018-04-25,2018-04-25,216.3982775848199,MODIS-Aqua,NIR/Red 500m
2018-04-26,2018-04-26,397.1203564298823,MODIS-Aqua,NIR/Red 500m
2018-05-02,2018-05-02,320.9847571357394,MODIS-Aqua,NIR/Red 500m
2018-05-07,2018-05-07,331.7096480623926,MODIS-Aqua,NIR/Red 500m
2018-05-13,2018-05-13,255.98647881134926,MODIS-Aqua,NIR/Red 500m
2018-05-14,2018-05-14,372.983895727641,MODIS-Aqua,NIR/Red 500m
2018-05-18,2018-05-18,240.45864139857665,MODIS-Aqua,NIR/Red 500m
2018-05-20,2018-05-20,453.67435881041496,MODIS-Aqua,NIR/Red 500m
2018-05-21,2018-05-21,393.88941667516116,MODIS-Aqua,NIR/Red 500m
2018-05-23,2018-05-23,409.4537005864269,MODIS-Aqua,NIR/Red 500m
2018-05-24,2018-05-24,243.0483754109309,MODIS-Aqua,NIR/Red 500m
2018-05-27,2018-05-27,304.2657410488958,MODIS-Aqua,NIR/Red 500m
2018-06-06,2018-06-06,354.35687552757895,MODIS-Aqua,NIR/Red 500m
2018-06-12,2018-06-12,335.041975099001,MODIS-Aqua,NIR/Red 500m
2018-06-19,2018-06-19,357.3609073523682,MODIS-Aqua,NIR/Red 500m
2018-06-21,2018-06-21,145.19917108790054,MODIS-Aqua,NIR/Red 500m
2018-06-25,2018-06-25,115.88074745706521,MODIS-Aqua,NIR/Red 500m
2018-06-27,2018-06-27,381.23064787253173,MODIS-Aqua,NIR/Red 500m
2018-06-28,2018-06-28,104.234944031036,MODIS-Aqua,NIR/Red 500m
2018-06-30,2018-06-30,217.86278399690596,MODIS-Aqua,NIR/Red 500m
2018-07-08,2018-07-08,349.276031180277,MODIS-Aqua,NIR/Red 500m
2018-07-09,2018-07-09,274.19205096689404,MODIS-Aqua,NIR/Red 500m
2018-07-10,2018-07-10,323.0964138093679,MODIS-Aqua,NIR/Red 500m
2018-07-11,2018-07-11,242.6340201820873,MODIS-Aqua,NIR/Red 500m
2018-07-12,2018-07-12,459.0989994231503,MODIS-Aqua,NIR/Red 500m
2018-07-14,2018-07-14,344.2563501693673,MODIS-Aqua,NIR/Red 500m
2018-07-17,2018-07-17,367.42619647496554,MODIS-Aqua,NIR/Red 500m
2018-07-18,2018-07-18,264.4903481492008,MODIS-Aqua,NIR/Red 500m
2018-07-19,2018-07-19,463.17727732766804,MODIS-Aqua,NIR/Red 500m
2018-07-20,2018-07-20,307.3028917247086,MODIS-Aqua,NIR/Red 500m
2018-07-21,2018-07-21,367.5409489683615,MODIS-Aqua,NIR/Red 500m
2018-07-22,2018-07-22,432.16188897491304,MODIS-Aqua,NIR/Red 500m
2018-07-25,2018-07-25,156.08530733047135,MODIS-Aqua,NIR/Red 500m
2018-07-27,2018-07-27,412.34439652531836,MODIS-Aqua,NIR/Red 500m
2018-07-29,2018-07-29,480.82066844708663,MODIS-Aqua,NIR/Red 500m
2018-07-31,2018-07-31,496.92127166591973,MODIS-Aqua,NIR/Red 500m
2018-08-01,2018-08-01,381.50855243830904,MODIS-Aqua,NIR/Red 500m
2018-08-02,2018-08-02,392.32032365107716,MODIS-Aqua,NIR/Red 500m
2018-08-04,2018-08-04,383.69206972499535,MODIS-Aqua,NIR/Red 500m
2018-08-05,2018-08-05,305.48290291237964,MODIS-Aqua,NIR/Red 500m
2018-08-06,2018-08-06,336.2506242256598,MODIS-Aqua,NIR/Red 500m
2018-08-07,2018-08-07,346.86202808385326,MODIS-Aqua,NIR/Red 500m
2018-08-08,2018-08-08,163.98028265266245,MODIS-Aqua,NIR/Red 500m
2018-08-09,2018-08-09,393.9665251337061,MODIS-Aqua,NIR/Red 500m
2018-08-10,2018-08-10,321.2450220241044,MODIS-Aqua,NIR/Red 500m
2018-08-12,2018-08-12,299.67203129833075,MODIS-Aqua,NIR/Red 500m
2018-08-14,2018-08-14,341.51443106061237,MODIS-Aqua,NIR/Red 500m
2018-08-17,2018-08-17,360.8035427986948,MODIS-Aqua,NIR/Red 500m
2018-08-18,2018-08-18,449.2425977904355,MODIS-Aqua,NIR/Red 500m
2018-08-19,2018-08-19,332.429705034055,MODIS-Aqua,NIR/Red 500m
2018-08-21,2018-08-21,219.39916070998277,MODIS-Aqua,NIR/Red 500m
2018-08-22,2018-08-22,281.6741580998952,MODIS-Aqua,NIR/Red 500m
2018-08-24,2018-08-24,128.6077029545137,MODIS-Aqua,NIR/Red 500m
2018-08-28,2018-08-28,350.91332616208956,MODIS-Aqua,NIR/Red 500m
2018-08-29,2018-08-29,447.9476470583428,MODIS-Aqua,NIR/Red 500m
2018-08-31,2018-08-31,97.46538665537003,MODIS-Aqua,NIR/Red 500m
2018-09-02,2018-09-02,221.09505699235476,MODIS-Aqua,NIR/Red 500m
2018-09-03,2018-09-03,460.68411643974304,MODIS-Aqua,NIR/Red 500m
2018-09-05,2018-09-05,354.23140582082584,MODIS-Aqua,NIR/Red 500m
2018-09-07,2018-09-07,296.8587874928943,MODIS-Aqua,NIR/Red 500m
2018-09-09,2018-09-09,434.22273159824357,MODIS-Aqua,NIR/Red 500m
2018-09-14,2018-09-14,190.03610089351503,MODIS-Aqua,NIR/Red 500m
2018-09-18,2018-09-18,378.83811122530324,MODIS-Aqua,NIR/Red 500m
2018-09-19,2018-09-19,330.2349906131992,MODIS-Aqua,NIR/Red 500m
2018-09-20,2018-09-20,425.93878058165365,MODIS-Aqua,NIR/Red 500m
2018-09-24,2018-09-24,297.2166206694924,MODIS-Aqua,NIR/Red 500m
2018-09-25,2018-09-25,248.5008646653476,MODIS-Aqua,NIR/Red 500m
2018-09-26,2018-09-26,367.76621871982553,MODIS-Aqua,NIR/Red 500m
2018-09-27,2018-09-27,277.5993662880644,MODIS-Aqua,NIR/Red 500m
2018-09-28,2018-09-28,432.292470177858,MODIS-Aqua,NIR/Red 500m
2018-10-11,2018-10-11,260.7118408837592,MODIS-Aqua,NIR/Red 500m
2018-10-12,2018-10-12,352.1320619246848,MODIS-Aqua,NIR/Red 500m
2018-10-13,2018-10-13,287.50445655688503,MODIS-Aqua,NIR/Red 500m
2018-10-14,2018-10-14,274.73968259370304,MODIS-Aqua,NIR/Red 500m
2018-10-15,2018-10-15,354.3254785725377,MODIS-Aqua,NIR/Red 500m
2018-10-16,2018-10-16,198.5595178302122,MODIS-Aqua,NIR/Red 500m
2018-10-17,2018-10-17,221.32080035872008,MODIS-Aqua,NIR/Red 500m
2018-10-18,2018-10-18,161.410535800546,MODIS-Aqua,NIR/Red 500m
2018-10-20,2018-10-20,202.52527911547594,MODIS-Aqua,NIR/Red 500m
2018-10-21,2018-10-21,326.0758708815677,MODIS-Aqua,NIR/Red 500m
2018-10-22,2018-10-22,198.83313578148295,MODIS-Aqua,NIR/Red 500m
2018-10-30,2018-10-30,206.03780470532462,MODIS-Aqua,NIR/Red 500m
2018-11-07,2018-11-07,171.39265429497357,MODIS-Aqua,NIR/Red 500m
2018-11-08,2018-11-08,147.238365712607,MODIS-Aqua,NIR/Red 500m
2018-11-10,2018-11-10,131.88008559556715,MODIS-Aqua,NIR/Red 500m
2018-11-11,2018-11-11,274.6040607835237,MODIS-Aqua,NIR/Red 500m
2018-11-12,2018-11-12,114.50262860361804,MODIS-Aqua,NIR/Red 500m
2018-11-15,2018-11-15,181.80673598620012,MODIS-Aqua,NIR/Red 500m
2018-11-16,2018-11-16,220.49936016976352,MODIS-Aqua,NIR/Red 500m
2018-11-17,2018-11-17,123.74534154288048,MODIS-Aqua,NIR/Red 500m
2018-11-18,2018-11-18,215.99381129696116,MODIS-Aqua,NIR/Red 500m
2018-11-19,2018-11-19,138.89337188665158,MODIS-Aqua,NIR/Red 500m
2018-11-24,2018-11-24,157.21353382238846,MODIS-Aqua,NIR/Red 500m
2018-12-03,2018-12-03,128.42813621099504,MODIS-Aqua,NIR/Red 500m
2018-12-04,2018-12-04,287.1953939368339,MODIS-Aqua,NIR/Red 500m
2018-12-05,2018-12-05,125.32140741104155,MODIS-Aqua,NIR/Red 500m
2018-12-06,2018-12-06,207.79795122558457,MODIS-Aqua,NIR/Red 500m
2018-12-13,2018-12-13,203.93535275849027,MODIS-Aqua,NIR/Red 500m
2018-12-31,2018-12-31,301.77532017036657,MODIS-Aqua,NIR/Red 500m
2019-01-12,2019-01-12,192.13497070153787,MODIS-Aqua,NIR/Red 500m
2019-01-13,2019-01-13,126.0681831154132,MODIS-Aqua,NIR/Red 500m
2019-01-14,2019-01-14,223.64380272877344,MODIS-Aqua,NIR/Red 500m
2019-01-24,2019-01-24,139.90884417397578,MODIS-Aqua,NIR/Red 500m
2019-01-25,2019-01-25,158.8930355773975,MODIS-Aqua,NIR/Red 500m
2019-01-29,2019-01-29,135.8918826542164,MODIS-Aqua,NIR/Red 500m
2019-01-30,2019-01-30,244.60116887422248,MODIS-Aqua,NIR/Red 500m
2019-01-31,2019-01-31,123.03316396936484,MODIS-Aqua,NIR/Red 500m
2019-03-02,2019-03-02,357.17220307148557,MODIS-Aqua,NIR/Red 500m
2019-03-03,2019-03-03,112.30533548146289,MODIS-Aqua,NIR/Red 500m
2019-03-04,2019-03-04,137.21708338314494,MODIS-Aqua,NIR/Red 500m
2019-03-17,2019-03-17,78.23326749146418,MODIS-Aqua,NIR/Red 500m
2019-03-18,2019-03-18,273.3093378167961,MODIS-Aqua,NIR/Red 500m
2019-03-24,2019-03-24,243.36429875973093,MODIS-Aqua,NIR/Red 500m
2019-03-30,2019-03-30,196.96236262169214,MODIS-Aqua,NIR/Red 500m
2019-04-18,2019-04-18,479.6194951281643,MODIS-Aqua,NIR/Red 500m
2019-04-24,2019-04-24,402.8945339646074,MODIS-Aqua,NIR/Red 500m
2019-04-26,2019-04-26,388.1001176589074,MODIS-Aqua,NIR/Red 500m
2019-04-28,2019-04-28,260.4390520258452,MODIS-Aqua,NIR/Red 500m
2019-04-29,2019-04-29,333.51139836322125,MODIS-Aqua,NIR/Red 500m
2019-05-01,2019-05-01,277.5229116095003,MODIS-Aqua,NIR/Red 500m
2019-05-02,2019-05-02,371.87294428853755,MODIS-Aqua,NIR/Red 500m
2019-05-03,2019-05-03,237.01581521280133,MODIS-Aqua,NIR/Red 500m
2019-05-04,2019-05-04,211.96950377192755,MODIS-Aqua,NIR/Red 500m
2019-05-06,2019-05-06,266.959686190795,MODIS-Aqua,NIR/Red 500m
2019-05-07,2019-05-07,150.85016225246096,MODIS-Aqua,NIR/Red 500m
2019-05-08,2019-05-08,393.5084403964425,MODIS-Aqua,NIR/Red 500m
2019-05-10,2019-05-10,391.4296558887377,MODIS-Aqua,NIR/Red 500m
2019-05-11,2019-05-11,330.06063979414927,MODIS-Aqua,NIR/Red 500m
2019-05-12,2019-05-12,350.9688824620146,MODIS-Aqua,NIR/Red 500m
2019-05-13,2019-05-13,335.67179373133456,MODIS-Aqua,NIR/Red 500m
2019-05-29,2019-05-29,347.14483424618317,MODIS-Aqua,NIR/Red 500m
2019-06-01,2019-06-01,138.42206018907078,MODIS-Aqua,NIR/Red 500m
2019-06-02,2019-06-02,460.97820846644436,MODIS-Aqua,NIR/Red 500m
2019-06-03,2019-06-03,143.00551861704218,MODIS-Aqua,NIR/Red 500m
2019-06-10,2019-06-10,311.7364902989123,MODIS-Aqua,NIR/Red 500m
2019-06-12,2019-06-12,422.0889156216609,MODIS-Aqua,NIR/Red 500m
2019-06-13,2019-06-13,433.83562530988286,MODIS-Aqua,NIR/Red 500m
2019-06-15,2019-06-15,187.65110449555235,MODIS-Aqua,NIR/Red 500m
2019-06-16,2019-06-16,490.15443748089257,MODIS-Aqua,NIR/Red 500m
2019-06-19,2019-06-19,192.28338425184089,MODIS-Aqua,NIR/Red 500m
2019-06-22,2019-06-22,443.5431048286378,MODIS-Aqua,NIR/Red 500m
2019-06-23,2019-06-23,361.4164804700062,MODIS-Aqua,NIR/Red 500m
2019-06-24,2019-06-24,407.1580867208329,MODIS-Aqua,NIR/Red 500m
2019-06-26,2019-06-26,174.18891781121764,MODIS-Aqua,NIR/Red 500m
2019-06-29,2019-06-29,349.1275713099973,MODIS-Aqua,NIR/Red 500m
2019-07-05,2019-07-05,359.84612197219957,MODIS-Aqua,NIR/Red 500m
2019-07-08,2019-07-08,343.4899514828162,MODIS-Aqua,NIR/Red 500m
2019-07-13,2019-07-13,325.95765589649136,MODIS-Aqua,NIR/Red 500m
2019-07-14,2019-07-14,206.96340367966945,MODIS-Aqua,NIR/Red 500m
2019-07-20,2019-07-20,429.7106051728525,MODIS-Aqua,NIR/Red 500m
2019-07-21,2019-07-21,376.20807144470444,MODIS-Aqua,NIR/Red 500m
2019-07-22,2019-07-22,362.6966191904694,MODIS-Aqua,NIR/Red 500m
2019-07-24,2019-07-24,294.7716723010825,MODIS-Aqua,NIR/Red 500m
2019-07-25,2019-07-25,360.4878499300331,MODIS-Aqua,NIR/Red 500m
2019-07-26,2019-07-26,282.6276412645923,MODIS-Aqua,NIR/Red 500m
2019-07-28,2019-07-28,135.99421700438364,MODIS-Aqua,NIR/Red 500m
2019-07-29,2019-07-29,383.66625533115496,MODIS-Aqua,NIR/Red 500m
2019-07-30,2019-07-30,257.6506200244333,MODIS-Aqua,NIR/Red 500m
2019-07-31,2019-07-31,369.1009524904836,MODIS-Aqua,NIR/Red 500m
2019-08-03,2019-08-03,473.05125048131146,MODIS-Aqua,NIR/Red 500m
2019-08-04,2019-08-04,239.80984325554257,MODIS-Aqua,NIR/Red 500m
2019-08-05,2019-08-05,475.669111663542,MODIS-Aqua,NIR/Red 500m
2019-08-06,2019-08-06,380.21397021982176,MODIS-Aqua,NIR/Red 500m
2019-08-07,2019-08-07,434.3530325039765,MODIS-Aqua,NIR/Red 500m
2019-08-13,2019-08-13,298.0132565205549,MODIS-Aqua,NIR/Red 500m
2019-08-14,2019-08-14,432.91591637978655,MODIS-Aqua,NIR/Red 500m
2019-08-15,2019-08-15,285.08166777361697,MODIS-Aqua,NIR/Red 500m
2019-08-16,2019-08-16,390.5395189922723,MODIS-Aqua,NIR/Red 500m
2019-08-18,2019-08-18,334.79826963029143,MODIS-Aqua,NIR/Red 500m
2019-08-22,2019-08-22,161.89791566026778,MODIS-Aqua,NIR/Red 500m
2019-08-24,2019-08-24,382.989790116236,MODIS-Aqua,NIR/Red 500m
2019-08-25,2019-08-25,487.28629885527505,MODIS-Aqua,NIR/Red 500m
2019-08-26,2019-08-26,360.2076849933834,MODIS-Aqua,NIR/Red 500m
2019-08-27,2019-08-27,247.21145452191072,MODIS-Aqua,NIR/Red 500m
2019-08-28,2019-08-28,421.34112722207897,MODIS-Aqua,NIR/Red 500m
2019-08-30,2019-08-30,337.4987772178452,MODIS-Aqua,NIR/Red 500m
2019-08-31,2019-08-31,353.68074332971185,MODIS-Aqua,NIR/Red 500m
2019-09-01,2019-09-01,153.80696036438763,MODIS-Aqua,NIR/Red 500m
2019-09-02,2019-09-02,484.87196903427633,MODIS-Aqua,NIR/Red 500m
2019-09-03,2019-09-03,357.55700668407184,MODIS-Aqua,NIR/Red 500m
2019-09-04,2019-09-04,483.5765992626696,MODIS-Aqua,NIR/Red 500m
2019-09-05,2019-09-05,219.9298766941813,MODIS-Aqua,NIR/Red 500m
2019-09-06,2019-09-06,422.1423043784789,MODIS-Aqua,NIR/Red 500m
2019-09-12,2019-09-12,378.8152795753391,MODIS-Aqua,NIR/Red 500m
2019-09-21,2019-09-21,347.15788185583244,MODIS-Aqua,NIR/Red 500m
2019-09-24,2019-09-24,138.4501592151488,MODIS-Aqua,NIR/Red 500m
2019-09-25,2019-09-25,377.8236207958239,MODIS-Aqua,NIR/Red 500m
2019-09-28,2019-09-28,78.721807895634,MODIS-Aqua,NIR/Red 500m
2019-10-01,2019-10-01,304.7878802816313,MODIS-Aqua,NIR/Red 500m
2019-10-05,2019-10-05,438.7129219516429,MODIS-Aqua,NIR/Red 500m
2019-10-06,2019-10-06,467.4372092443437,MODIS-Aqua,NIR/Red 500m
2019-10-07,2019-10-07,364.23785000947726,MODIS-Aqua,NIR/Red 500m
2019-10-09,2019-10-09,332.8162280905789,MODIS-Aqua,NIR/Red 500m
2019-10-10,2019-10-10,209.10171208603916,MODIS-Aqua,NIR/Red 500m
2019-10-11,2019-10-11,244.40880489452056,MODIS-Aqua,NIR/Red 500m
2019-10-14,2019-10-14,343.9569941656224,MODIS-Aqua,NIR/Red 500m
2019-10-27,2019-10-27,296.5044940174653,MODIS-Aqua,NIR/Red 500m
2019-10-28,2019-10-28,164.36069921768578,MODIS-Aqua,NIR/Red 500m
2019-10-29,2019-10-29,184.90903031417128,MODIS-Aqua,NIR/Red 500m
2019-10-30,2019-10-30,192.10731618205082,MODIS-Aqua,NIR/Red 500m
2019-11-01,2019-11-01,188.68730277639455,MODIS-Aqua,NIR/Red 500m
2019-11-02,2019-11-02,238.9592798534329,MODIS-Aqua,NIR/Red 500m
2019-11-03,2019-11-03,251.71748646391836,MODIS-Aqua,NIR/Red 500m
2019-11-04,2019-11-04,183.38676643302293,MODIS-Aqua,NIR/Red 500m
2019-11-06,2019-11-06,174.32141634334812,MODIS-Aqua,NIR/Red 500m
2019-11-11,2019-11-11,139.27542072049874,MODIS-Aqua,NIR/Red 500m
2019-11-13,2019-11-13,110.40747775019686,MODIS-Aqua,NIR/Red 500m
2019-11-16,2019-11-16,253.64889591490868,MODIS-Aqua,NIR/Red 500m
2019-11-20,2019-11-20,174.6923408973372,MODIS-Aqua,NIR/Red 500m
2019-11-21,2019-11-21,225.89777581248805,MODIS-Aqua,NIR/Red 500m
2019-11-22,2019-11-22,148.07864141334358,MODIS-Aqua,NIR/Red 500m
2019-11-23,2019-11-23,242.00030982991137,MODIS-Aqua,NIR/Red 500m
2019-11-24,2019-11-24,190.83241934674277,MODIS-Aqua,NIR/Red 500m
2019-11-28,2019-11-28,120.12043984263086,MODIS-Aqua,NIR/Red 500m
2019-11-29,2019-11-29,121.66125779367025,MODIS-Aqua,NIR/Red 500m
2019-12-02,2019-12-02,259.7308557218182,MODIS-Aqua,NIR/Red 500m
2019-12-05,2019-12-05,136.51062584518027,MODIS-Aqua,NIR/Red 500m
2019-12-09,2019-12-09,220.43307113782762,MODIS-Aqua,NIR/Red 500m
2019-12-16,2019-12-16,178.05430794068945,MODIS-Aqua,NIR/Red 500m
2019-12-26,2019-12-26,354.8691225527961,MODIS-Aqua,NIR/Red 500m
2020-02-10,2020-02-10,102.12576149361328,MODIS-Aqua,NIR/Red 500m
2020-02-12,2020-02-12,156.00100568856487,MODIS-Aqua,NIR/Red 500m
2020-02-18,2020-02-18,229.73998510569544,MODIS-Aqua,NIR/Red 500m
2020-02-19,2020-02-19,243.21396006194098,MODIS-Aqua,NIR/Red 500m
2020-02-20,2020-02-20,263.5955911131007,MODIS-Aqua,NIR/Red 500m
2020-02-21,2020-02-21,235.04486707233835,MODIS-Aqua,NIR/Red 500m
2020-02-25,2020-02-25,171.94081191278838,MODIS-Aqua,NIR/Red 500m
2020-02-26,2020-02-26,192.6586785936737,MODIS-Aqua,NIR/Red 500m
2020-02-27,2020-02-27,375.5968799473458,MODIS-Aqua,NIR/Red 500m
2020-02-28,2020-02-28,275.2012773717621,MODIS-Aqua,NIR/Red 500m
2020-03-01,2020-03-01,114.84354267422997,MODIS-Aqua,NIR/Red 500m
2020-03-04,2020-03-04,443.9484536818513,MODIS-Aqua,NIR/Red 500m
2020-03-05,2020-03-05,314.01797038887787,MODIS-Aqua,NIR/Red 500m
2020-03-10,2020-03-10,297.73132480690384,MODIS-Aqua,NIR/Red 500m
2020-03-12,2020-03-12,196.1067399845905,MODIS-Aqua,NIR/Red 500m
2020-03-16,2020-03-16,412.1046620075355,MODIS-Aqua,NIR/Red 500m
2020-03-17,2020-03-17,265.89773712868265,MODIS-Aqua,NIR/Red 500m
2020-03-18,2020-03-18,397.09212738970194,MODIS-Aqua,NIR/Red 500m
2020-03-19,2020-03-19,342.8828471862159,MODIS-Aqua,NIR/Red 500m
2020-03-20,2020-03-20,238.87318671762276,MODIS-Aqua,NIR/Red 500m
2020-03-21,2020-03-21,221.8708187533764,MODIS-Aqua,NIR/Red 500m
2020-03-22,2020-03-22,181.6799499293815,MODIS-Aqua,NIR/Red 500m
2020-04-05,2020-04-05,117.22600922171765,MODIS-Aqua,NIR/Red 500m
2020-04-07,2020-04-07,227.61258398684475,MODIS-Aqua,NIR/Red 500m
2020-04-08,2020-04-08,213.7603938506992,MODIS-Aqua,NIR/Red 500m
2020-04-09,2020-04-09,243.33381008746485,MODIS-Aqua,NIR/Red 500m
2020-04-10,2020-04-10,187.08613952266757,MODIS-Aqua,NIR/Red 500m
2020-04-11,2020-04-11,248.74778037154832,MODIS-Aqua,NIR/Red 500m
2020-04-12,2020-04-12,285.56905174622915,MODIS-Aqua,NIR/Red 500m
2020-04-13,2020-04-13,270.04848026790347,MODIS-Aqua,NIR/Red 500m
2020-04-14,2020-04-14,178.71863275357092,MODIS-Aqua,NIR/Red 500m
2020-04-16,2020-04-16,185.40095118762753,MODIS-Aqua,NIR/Red 500m
2020-04-17,2020-04-17,415.38215181743277,MODIS-Aqua,NIR/Red 500m
2020-04-19,2020-04-19,243.16056995422576,MODIS-Aqua,NIR/Red 500m
2020-04-20,2020-04-20,460.48086182020444,MODIS-Aqua,NIR/Red 500m
2020-04-21,2020-04-21,164.90036412810974,MODIS-Aqua,NIR/Red 500m
2020-05-04,2020-05-04,197.17019817477777,MODIS-Aqua,NIR/Red 500m
2020-05-05,2020-05-05,120.26499153203932,MODIS-Aqua,NIR/Red 500m
2020-05-07,2020-05-07,336.8150068370825,MODIS-Aqua,NIR/Red 500m
2020-05-08,2020-05-08,460.8923650510425,MODIS-Aqua,NIR/Red 500m
2020-05-09,2020-05-09,179.83730022231384,MODIS-Aqua,NIR/Red 500m
2020-05-15,2020-05-15,220.04828726192633,MODIS-Aqua,NIR/Red 500m
2020-05-23,2020-05-23,165.5786777694669,MODIS-Aqua,NIR/Red 500m
2020-05-27,2020-05-27,144.74319678758476,MODIS-Aqua,NIR/Red 500m
2020-05-28,2020-05-28,252.6773212780051,MODIS-Aqua,NIR/Red 500m
2020-06-01,2020-06-01,350.1245033960302,MODIS-Aqua,NIR/Red 500m
2020-06-04,2020-06-04,421.5798532450987,MODIS-Aqua,NIR/Red 500m
2020-06-21,2020-06-21,235.4115786354561,MODIS-Aqua,NIR/Red 500m
2020-06-23,2020-06-23,417.7404026958814,MODIS-Aqua,NIR/Red 500m
2020-06-25,2020-06-25,490.9908845233083,MODIS-Aqua,NIR/Red 500m
2020-07-02,2020-07-02,488.2160525661883,MODIS-Aqua,NIR/Red 500m
2020-07-03,2020-07-03,393.71815687945775,MODIS-Aqua,NIR/Red 500m
2020-07-05,2020-07-05,274.3646676204996,MODIS-Aqua,NIR/Red 500m
2020-07-06,2020-07-06,384.2311590329518,MODIS-Aqua,NIR/Red 500m
2020-07-11,2020-07-11,438.2402297557417,MODIS-Aqua,NIR/Red 500m
2020-07-14,2020-07-14,172.43638979408016,MODIS-Aqua,NIR/Red 500m
2020-07-15,2020-07-15,475.176248391695,MODIS-Aqua,NIR/Red 500m
2020-07-18,2020-07-18,454.7514245246294,MODIS-Aqua,NIR/Red 500m
2020-07-19,2020-07-19,228.29806516895115,MODIS-Aqua,NIR/Red 500m
2020-07-21,2020-07-21,384.2603906584416,MODIS-Aqua,NIR/Red 500m
2020-07-23,2020-07-23,429.4110689070339,MODIS-Aqua,NIR/Red 500m
2020-07-26,2020-07-26,324.0485935041461,MODIS-Aqua,NIR/Red 500m
2020-07-28,2020-07-28,232.06006201640207,MODIS-Aqua,NIR/Red 500m
2020-07-29,2020-07-29,359.84300513473096,MODIS-Aqua,NIR/Red 500m
2020-07-30,2020-07-30,286.1671849380408,MODIS-Aqua,NIR/Red 500m
2020-07-31,2020-07-31,498.49128914338894,MODIS-Aqua,NIR/Red 500m
2020-08-01,2020-08-01,326.7002320822029,MODIS-Aqua,NIR/Red 500m
2020-08-03,2020-08-03,498.88978564653274,MODIS-Aqua,NIR/Red 500m
2020-08-04,2020-08-04,172.11142938317585,MODIS-Aqua,NIR/Red 500m
2020-08-09,2020-08-09,403.45577036239564,MODIS-Aqua,NIR/Red 500m
2020-08-10,2020-08-10,358.843178765466,MODIS-Aqua,NIR/Red 500m
2020-08-13,2020-08-13,469.9990381924326,MODIS-Aqua,NIR/Red 500m
2020-08-14,2020-08-14,459.05422735230866,MODIS-Aqua,NIR/Red 500m
2020-08-15,2020-08-15,306.30657773336367,MODIS-Aqua,NIR/Red 500m
2020-08-17,2020-08-17,486.8929702976732,MODIS-Aqua,NIR/Red 500m
2020-08-22,2020-08-22,148.44423639527156,MODIS-Aqua,NIR/Red 500m
2020-08-24,2020-08-24,225.13402700266963,MODIS-Aqua,NIR/Red 500m
2020-08-26,2020-08-26,442.2617345649242,MODIS-Aqua,NIR/Red 500m
2020-08-31,2020-08-31,115.5243537283645,MODIS-Aqua,NIR/Red 500m
2020-09-02,2020-09-02,77.63705496607014,MODIS-Aqua,NIR/Red 500m
2020-09-03,2020-09-03,290.95466694018575,MODIS-Aqua,NIR/Red 500m
2020-09-05,2020-09-05,408.08200045753375,MODIS-Aqua,NIR/Red 500m
2020-09-07,2020-09-07,208.947151043204,MODIS-Aqua,NIR/Red 500m
2020-09-27,2020-09-27,280.9456938810562,MODIS-Aqua,NIR/Red 500m
2020-09-28,2020-09-28,318.9561262981716,MODIS-Aqua,NIR/Red 500m
2020-09-29,2020-09-29,322.9593308153872,MODIS-Aqua,NIR/Red 500m
2020-09-30,2020-09-30,177.61417411775875,MODIS-Aqua,NIR/Red 500m
2020-10-01,2020-10-01,229.0452174784615,MODIS-Aqua,NIR/Red 500m
2020-10-02,2020-10-02,122.26408543317775,MODIS-Aqua,NIR/Red 500m
2020-10-03,2020-10-03,299.2577326241413,MODIS-Aqua,NIR/Red 500m
2020-10-04,2020-10-04,268.85667306920527,MODIS-Aqua,NIR/Red 500m
2020-10-05,2020-10-05,182.39424974131109,MODIS-Aqua,NIR/Red 500m
2020-10-06,2020-10-06,450.9711542705052,MODIS-Aqua,NIR/Red 500m
2020-10-09,2020-10-09,256.20545567428445,MODIS-Aqua,NIR/Red 500m
2020-10-15,2020-10-15,334.93719611335615,MODIS-Aqua,NIR/Red 500m
2020-10-16,2020-10-16,225.37369048081823,MODIS-Aqua,NIR/Red 500m
2020-10-22,2020-10-22,181.71082266166354,MODIS-Aqua,NIR/Red 500m
2020-10-25,2020-10-25,216.8326447101567,MODIS-Aqua,NIR/Red 500m
2020-10-26,2020-10-26,235.7034717892428,MODIS-Aqua,NIR/Red 500m
2020-10-27,2020-10-27,139.62008315499668,MODIS-Aqua,NIR/Red 500m
2020-10-28,2020-10-28,150.64244489244402,MODIS-Aqua,NIR/Red 500m
2020-10-29,2020-10-29,253.54116462653556,MODIS-Aqua,NIR/Red 500m
2020-10-31,2020-10-31,187.60656879404547,MODIS-Aqua,NIR/Red 500m
2020-11-01,2020-11-01,142.74957405729893,MODIS-Aqua,NIR/Red 500m
2020-11-02,2020-11-02,188.1459411382244,MODIS-Aqua,NIR/Red 500m
2020-11-21,2020-11-21,128.90209148913036,MODIS-Aqua,NIR/Red 500m
2020-11-29,2020-11-29,175.31832731762532,MODIS-Aqua,NIR/Red 500m
2020-12-01,2020-12-01,109.60092252812206,MODIS-Aqua,NIR/Red 500m
2020-12-02,2020-12-02,211.73764185431463,MODIS-Aqua,NIR/Red 500m
2020-12-04,2020-12-04,232.57798747279315,MODIS-Aqua,NIR/Red 500m
2020-12-05,2020-12-05,107.16444373295617,MODIS-Aqua,NIR/Red 500m
2020-12-06,2020-12-06,119.7493740154366,MODIS-Aqua,NIR/Red 500m
2020-12-07,2020-12-07,145.60264408892877,MODIS-Aqua,NIR/Red 500m
2020-12-12,2020-12-12,121.45193330332415,MODIS-Aqua,NIR/Red 500m
2020-12-23,2020-12-23,162.19072551793946,MODIS-Aqua,NIR/Red 500m
2020-12-27,2020-12-27,136.20590642556513,MODIS-Aqua,NIR/Red 500m
2020-12-28,2020-12-28,84.67869807575461,MODIS-Aqua,NIR/Red 500m
2021-01-13,2021-01-13,98.88085205355533,MODIS-Aqua,NIR/Red 500m
2021-01-14,2021-01-14,138.330579757233,MODIS-Aqua,NIR/Red 500m
2021-01-16,2021-01-16,121.23090912217447,MODIS-Aqua,NIR/Red 500m
2021-01-17,2021-01-17,124.99898292462224,MODIS-Aqua,NIR/Red 500m
2021-01-18,2021-01-18,131.74667919567733,MODIS-Aqua,NIR/Red 500m
2021-01-19,2021-01-19,164.26931292435265,MODIS-Aqua,NIR/Red 500m
2021-01-23,2021-01-23,129.6760110257905,MODIS-Aqua,NIR/Red 500m
2021-02-10,2021-02-10,170.02360050033744,MODIS-Aqua,NIR/Red 500m
2021-02-24,2021-02-24,298.4959853484734,MODIS-Aqua,NIR/Red 500m
2021-02-28,2021-02-28,256.71632503460955,MODIS-Aqua,NIR/Red 500m
2021-03-03,2021-03-03,217.64330132389128,MODIS-Aqua,NIR/Red 500m
2021-03-11,2021-03-11,336.8385599371483,MODIS-Aqua,NIR/Red 500m
2021-03-12,2021-03-12,244.46838131776366,MODIS-Aqua,NIR/Red 500m
2021-03-16,2021-03-16,221.791823069736,MODIS-Aqua,NIR/Red 500m
2021-03-17,2021-03-17,301.80718422906085,MODIS-Aqua,NIR/Red 500m
2021-03-23,2021-03-23,423.1792177530938,MODIS-Aqua,NIR/Red 500m
2021-03-27,2021-03-27,484.962333360232,MODIS-Aqua,NIR/Red 500m
2021-03-30,2021-03-30,350.58449871663333,MODIS-Aqua,NIR/Red 500m
2021-03-31,2021-03-31,234.20615228102437,MODIS-Aqua,NIR/Red 500m
2021-04-01,2021-04-01,158.71875373139085,MODIS-Aqua,NIR/Red 500m
2021-04-05,2021-04-05,268.28405932163236,MODIS-Aqua,NIR/Red 500m
2021-04-06,2021-04-06,260.69011285327196,MODIS-Aqua,NIR/Red 500m
2021-04-09,2021-04-09,427.95246873933513,MODIS-Aqua,NIR/Red 500m
2021-04-11,2021-04-11,473.9387833890673,MODIS-Aqua,NIR/Red 500m
2021-04-12,2021-04-12,218.52868703975193,MODIS-Aqua,NIR/Red 500m
2021-04-13,2021-04-13,199.11177693437142,MODIS-Aqua,NIR/Red 500m
2021-04-14,2021-04-14,339.216010053413,MODIS-Aqua,NIR/Red 500m
2021-04-15,2021-04-15,266.28810178070614,MODIS-Aqua,NIR/Red 500m
2021-04-16,2021-04-16,214.85735477981547,MODIS-Aqua,NIR/Red 500m
2021-04-17,2021-04-17,193.9724708119075,MODIS-Aqua,NIR/Red 500m
2021-04-18,2021-04-18,341.693165892183,MODIS-Aqua,NIR/Red 500m
2021-04-20,2021-04-20,271.78168100639584,MODIS-Aqua,NIR/Red 500m
2021-04-21,2021-04-21,399.36816895334505,MODIS-Aqua,NIR/Red 500m
2021-04-22,2021-04-22,207.2584394468307,MODIS-Aqua,NIR/Red 500m
2021-04-29,2021-04-29,257.95659076817844,MODIS-Aqua,NIR/Red 500m
2021-05-04,2021-05-04,251.4684381165742,MODIS-Aqua,NIR/Red 500m
2021-05-10,2021-05-10,256.2389485365865,MODIS-Aqua,NIR/Red 500m
2021-05-11,2021-05-11,359.5253969762897,MODIS-Aqua,NIR/Red 500m
2021-05-12,2021-05-12,82.08168400466892,MODIS-Aqua,NIR/Red 500m
2021-05-14,2021-05-14,230.09053437772198,MODIS-Aqua,NIR/Red 500m
2021-05-15,2021-05-15,243.64190359514262,MODIS-Aqua,NIR/Red 500m
2021-05-16,2021-05-16,282.840164203323,MODIS-Aqua,NIR/Red 500m
2021-05-17,2021-05-17,201.42130488854482,MODIS-Aqua,NIR/Red 500m
2021-05-26,2021-05-26,268.66835685028053,MODIS-Aqua,NIR/Red 500m
2021-05-28,2021-05-28,239.70944422558622,MODIS-Aqua,NIR/Red 500m
2021-06-01,2021-06-01,149.4017645041123,MODIS-Aqua,NIR/Red 500m
2021-06-02,2021-06-02,280.91647663223256,MODIS-Aqua,NIR/Red 500m
2021-06-03,2021-06-03,479.0602421585991,MODIS-Aqua,NIR/Red 500m
2021-06-04,2021-06-04,205.8062507071814,MODIS-Aqua,NIR/Red 500m
2021-06-16,2021-06-16,387.5767120586177,MODIS-Aqua,NIR/Red 500m
2021-06-17,2021-06-17,155.66516009411052,MODIS-Aqua,NIR/Red 500m
2021-06-18,2021-06-18,322.9882650270001,MODIS-Aqua,NIR/Red 500m
2021-06-19,2021-06-19,378.89690001305274,MODIS-Aqua,NIR/Red 500m
2021-06-23,2021-06-23,281.34324181191596,MODIS-Aqua,NIR/Red 500m
2021-06-24,2021-06-24,117.67514038511945,MODIS-Aqua,NIR/Red 500m
2021-06-25,2021-06-25,368.54545585730943,MODIS-Aqua,NIR/Red 500m
2021-06-26,2021-06-26,272.2218652212626,MODIS-Aqua,NIR/Red 500m
2021-06-27,2021-06-27,235.1268331567509,MODIS-Aqua,NIR/Red 500m
2021-06-28,2021-06-28,237.47241048457494,MODIS-Aqua,NIR/Red 500m
2021-06-29,2021-06-29,99.46468181267255,MODIS-Aqua,NIR/Red 500m
2021-06-30,2021-06-30,307.86452731297766,MODIS-Aqua,NIR/Red 500m
2021-07-01,2021-07-01,297.95481085512296,MODIS-Aqua,NIR/Red 500m
2021-07-02,2021-07-02,269.91703790300403,MODIS-Aqua,NIR/Red 500m
2021-07-03,2021-07-03,193.52287810629824,MODIS-Aqua,NIR/Red 500m
2021-07-04,2021-07-04,316.00963237240813,MODIS-Aqua,NIR/Red 500m
2021-07-05,2021-07-05,291.2120256882956,MODIS-Aqua,NIR/Red 500m
2021-07-06,2021-07-06,124.68671093364247,MODIS-Aqua,NIR/Red 500m
2021-07-07,2021-07-07,401.52620906546383,MODIS-Aqua,NIR/Red 500m
2021-07-08,2021-07-08,281.3073960833401,MODIS-Aqua,NIR/Red 500m
2021-07-09,2021-07-09,388.25072934252864,MODIS-Aqua,NIR/Red 500m
2021-07-10,2021-07-10,139.86253004146945,MODIS-Aqua,NIR/Red 500m
2021-07-11,2021-07-11,308.3534453751407,MODIS-Aqua,NIR/Red 500m
2021-07-12,2021-07-12,252.64399414532394,MODIS-Aqua,NIR/Red 500m
2021-07-13,2021-07-13,182.848917820602,MODIS-Aqua,NIR/Red 500m
2021-07-14,2021-07-14,227.34282799781158,MODIS-Aqua,NIR/Red 500m
2021-07-15,2021-07-15,92.3927696151304,MODIS-Aqua,NIR/Red 500m
2021-07-17,2021-07-17,158.11913827057458,MODIS-Aqua,NIR/Red 500m
2021-07-18,2021-07-18,335.66692616441554,MODIS-Aqua,NIR/Red 500m
2021-07-19,2021-07-19,253.93796831143447,MODIS-Aqua,NIR/Red 500m
2021-07-20,2021-07-20,226.97628990023296,MODIS-Aqua,NIR/Red 500m
2021-07-21,2021-07-21,286.0519879369807,MODIS-Aqua,NIR/Red 500m
2021-07-22,2021-07-22,191.93227251461525,MODIS-Aqua,NIR/Red 500m
2021-07-23,2021-07-23,450.4658730145933,MODIS-Aqua,NIR/Red 500m
2021-07-24,2021-07-24,114.30514469574813,MODIS-Aqua,NIR/Red 500m
2021-07-25,2021-07-25,292.3977832017646,MODIS-Aqua,NIR/Red 500m
2021-07-26,2021-07-26,255.4430751156553,MODIS-Aqua,NIR/Red 500m
2021-08-02,2021-08-02,109.19612068159398,MODIS-Aqua,NIR/Red 500m
2021-08-03,2021-08-03,227.43501451219774,MODIS-Aqua,NIR/Red 500m
2021-08-04,2021-08-04,209.76334094425818,MODIS-Aqua,NIR/Red 500m
2021-08-08,2021-08-08,436.4030718266356,MODIS-Aqua,NIR/Red 500m
2021-08-09,2021-08-09,161.23555974639808,MODIS-Aqua,NIR/Red 500m
2021-08-10,2021-08-10,206.11281287885882,MODIS-Aqua,NIR/Red 500m
2021-08-11,2021-08-11,343.26892524348585,MODIS-Aqua,NIR/Red 500m
2021-08-16,2021-08-16,322.46747061150853,MODIS-Aqua,NIR/Red 500m
2021-08-18,2021-08-18,170.86951022693756,MODIS-Aqua,NIR/Red 500m
2021-08-19,2021-08-19,264.50369359513485,MODIS-Aqua,NIR/Red 500m
2021-08-22,2021-08-22,412.98647556814467,MODIS-Aqua,NIR/Red 500m
2021-08-23,2021-08-23,356.977979454269,MODIS-Aqua,NIR/Red 500m
2021-08-27,2021-08-27,257.2156947791928,MODIS-Aqua,NIR/Red 500m
2021-08-30,2021-08-30,176.5184712133514,MODIS-Aqua,NIR/Red 500m
2021-08-31,2021-08-31,305.67334092963745,MODIS-Aqua,NIR/Red 500m
2021-09-04,2021-09-04,226.04147606894017,MODIS-Aqua,NIR/Red 500m
2021-09-05,2021-09-05,374.32373663552704,MODIS-Aqua,NIR/Red 500m
2021-09-06,2021-09-06,223.5724081707823,MODIS-Aqua,NIR/Red 500m
2021-09-08,2021-09-08,163.00383853080643,MODIS-Aqua,NIR/Red 500m
2021-09-13,2021-09-13,271.0210440266184,MODIS-Aqua,NIR/Red 500m
2021-09-14,2021-09-14,389.15211978899555,MODIS-Aqua,NIR/Red 500m
2021-09-15,2021-09-15,349.0233040331066,MODIS-Aqua,NIR/Red 500m
2021-09-16,2021-09-16,189.92119252379422,MODIS-Aqua,NIR/Red 500m
2021-09-20,2021-09-20,267.2401474736436,MODIS-Aqua,NIR/Red 500m
2021-09-21,2021-09-21,388.3695425415598,MODIS-Aqua,NIR/Red 500m
2021-09-24,2021-09-24,443.911495252153,MODIS-Aqua,NIR/Red 500m
2021-09-26,2021-09-26,142.56786415368148,MODIS-Aqua,NIR/Red 500m
2021-10-01,2021-10-01,296.7084322067064,MODIS-Aqua,NIR/Red 500m
2021-10-02,2021-10-02,274.7592419553589,MODIS-Aqua,NIR/Red 500m
2021-10-03,2021-10-03,196.71391099612177,MODIS-Aqua,NIR/Red 500m
2021-10-07,2021-10-07,302.3211411072322,MODIS-Aqua,NIR/Red 500m
2021-10-08,2021-10-08,246.27182789667907,MODIS-Aqua,NIR/Red 500m
2021-10-09,2021-10-09,174.82274477585867,MODIS-Aqua,NIR/Red 500m
2021-10-15,2021-10-15,288.75806560472006,MODIS-Aqua,NIR/Red 500m
2021-10-16,2021-10-16,160.02382823005325,MODIS-Aqua,NIR/Red 500m
2021-10-30,2021-10-30,118.19397691994483,MODIS-Aqua,NIR/Red 500m
2021-10-31,2021-10-31,133.6455353675671,MODIS-Aqua,NIR/Red 500m
2021-11-17,2021-11-17,146.94090332539503,MODIS-Aqua,NIR/Red 500m
2021-11-20,2021-11-20,107.37337888928367,MODIS-Aqua,NIR/Red 500m
2021-11-21,2021-11-21,153.79783693211587,MODIS-Aqua,NIR/Red 500m
2021-11-22,2021-11-22,142.27140220835446,MODIS-Aqua,NIR/Red 500m
2021-11-29,2021-11-29,277.66354550998466,MODIS-Aqua,NIR/Red 500m
2021-12-01,2021-12-01,154.46438423018992,MODIS-Aqua,NIR/Red 500m
2021-12-03,2021-12-03,134.14904501801868,MODIS-Aqua,NIR/Red 500m
2021-12-05,2021-12-05,184.97059224704807,MODIS-Aqua,NIR/Red 500m
2022-01-02,2022-01-02,270.6792949780108,MODIS-Aqua,NIR/Red 500m
2022-01-21,2022-01-21,108.18258604897628,MODIS-Aqua,NIR/Red 500m
2022-01-23,2022-01-23,179.91255299156305,MODIS-Aqua,NIR/Red 500m
2022-01-25,2022-01-25,170.01091019481413,MODIS-Aqua,NIR/Red 500m
2022-01-27,2022-01-27,154.9886908479371,MODIS-Aqua,NIR/Red 500m
2022-01-28,2022-01-28,122.43965532850156,MODIS-Aqua,NIR/Red 500m
2022-01-29,2022-01-29,181.01122563808704,MODIS-Aqua,NIR/Red 500m
2022-02-06,2022-02-06,116.90628327010668,MODIS-Aqua,NIR/Red 500m
2022-02-11,2022-02-11,130.042983655415,MODIS-Aqua,NIR/Red 500m
2022-02-12,2022-02-12,209.7974307708681,MODIS-Aqua,NIR/Red 500m
2022-02-13,2022-02-13,132.83910873812837,MODIS-Aqua,NIR/Red 500m
2022-02-17,2022-02-17,360.2076849933834,MODIS-Aqua,NIR/Red 500m
2022-02-18,2022-02-18,199.94152947701903,MODIS-Aqua,NIR/Red 500m
2022-02-22,2022-02-22,67.63683850339996,MODIS-Aqua,NIR/Red 500m
2022-02-23,2022-02-23,302.4849159210407,MODIS-Aqua,NIR/Red 500m
2022-02-25,2022-02-25,381.562350359175,MODIS-Aqua,NIR/Red 500m
2022-03-05,2022-03-05,145.10879551643598,MODIS-Aqua,NIR/Red 500m
2022-03-06,2022-03-06,190.0217696289857,MODIS-Aqua,NIR/Red 500m
2022-03-12,2022-03-12,152.86192814654618,MODIS-Aqua,NIR/Red 500m
2022-03-22,2022-03-22,319.45916369279314,MODIS-Aqua,NIR/Red 500m
2022-03-24,2022-03-24,302.37846419139635,MODIS-Aqua,NIR/Red 500m
2022-04-24,2022-04-24,143.69674450130896,MODIS-Aqua,NIR/Red 500m
2022-05-23,2022-05-23,451.06333347542306,MODIS-Aqua,NIR/Red 500m
2022-06-21,2022-06-21,344.6746736708654,MODIS-Aqua,NIR/Red 500m
2022-06-22,2022-06-22,352.5834746815672,MODIS-Aqua,NIR/Red 500m
2022-06-23,2022-06-23,86.66837247099522,MODIS-Aqua,NIR/Red 500m
2022-06-25,2022-06-25,454.5267522762079,MODIS-Aqua,NIR/Red 500m
2022-06-26,2022-06-26,245.55541023752454,MODIS-Aqua,NIR/Red 500m
2022-06-27,2022-06-27,325.50658904449546,MODIS-Aqua,NIR/Red 500m
2022-06-28,2022-06-28,449.3014929789448,MODIS-Aqua,NIR/Red 500m
2022-06-29,2022-06-29,373.7905270646403,MODIS-Aqua,NIR/Red 500m
2022-06-30,2022-06-30,167.02221058797733,MODIS-Aqua,NIR/Red 500m
2022-07-01,2022-07-01,374.7602166526901,MODIS-Aqua,NIR/Red 500m
2022-07-03,2022-07-03,464.93417285066454,MODIS-Aqua,NIR/Red 500m
2022-07-04,2022-07-04,327.6301837719078,MODIS-Aqua,NIR/Red 500m
2022-07-07,2022-07-07,105.22085874557096,MODIS-Aqua,NIR/Red 500m
2022-07-09,2022-07-09,302.20197450857023,MODIS-Aqua,NIR/Red 500m
2022-07-11,2022-07-11,359.37824596352965,MODIS-Aqua,NIR/Red 500m
2022-07-12,2022-07-12,169.06395169400813,MODIS-Aqua,NIR/Red 500m
2022-07-14,2022-07-14,269.6401439494293,MODIS-Aqua,NIR/Red 500m
2022-07-16,2022-07-16,82.01076044828599,MODIS-Aqua,NIR/Red 500m
2022-07-17,2022-07-17,449.0489421800533,MODIS-Aqua,NIR/Red 500m
2022-07-19,2022-07-19,419.13353265577354,MODIS-Aqua,NIR/Red 500m
2022-07-20,2022-07-20,380.9922952128966,MODIS-Aqua,NIR/Red 500m
2022-07-21,2022-07-21,281.0722840668666,MODIS-Aqua,NIR/Red 500m
2022-07-23,2022-07-23,195.64982480687095,MODIS-Aqua,NIR/Red 500m
2022-07-24,2022-07-24,466.64577278280905,MODIS-Aqua,NIR/Red 500m
2022-07-25,2022-07-25,231.50463008372373,MODIS-Aqua,NIR/Red 500m
2022-07-26,2022-07-26,332.4789174295355,MODIS-Aqua,NIR/Red 500m
2022-07-27,2022-07-27,275.8328587815557,MODIS-Aqua,NIR/Red 500m
2022-07-28,2022-07-28,356.74104496984063,MODIS-Aqua,NIR/Red 500m
2022-07-29,2022-07-29,306.772652184625,MODIS-Aqua,NIR/Red 500m
2022-07-30,2022-07-30,153.62657509140084,MODIS-Aqua,NIR/Red 500m
2022-07-31,2022-07-31,265.22693874528863,MODIS-Aqua,NIR/Red 500m
2022-08-01,2022-08-01,215.66047648320452,MODIS-Aqua,NIR/Red 500m
2022-08-02,2022-08-02,333.76330449993037,MODIS-Aqua,NIR/Red 500m
2022-08-03,2022-08-03,361.06236625766775,MODIS-Aqua,NIR/Red 500m
2022-08-04,2022-08-04,426.59949314062715,MODIS-Aqua,NIR/Red 500m
2022-08-05,2022-08-05,395.47686390396376,MODIS-Aqua,NIR/Red 500m
2022-08-06,2022-08-06,367.47593743711116,MODIS-Aqua,NIR/Red 500m
2022-08-07,2022-08-07,279.85373566542427,MODIS-Aqua,NIR/Red 500m
2022-08-08,2022-08-08,339.9007072384336,MODIS-Aqua,NIR/Red 500m
2022-08-09,2022-08-09,197.41379134689618,MODIS-Aqua,NIR/Red 500m
2022-08-10,2022-08-10,277.63582968848505,MODIS-Aqua,NIR/Red 500m
2022-08-11,2022-08-11,284.1361739076104,MODIS-Aqua,NIR/Red 500m
2022-08-12,2022-08-12,286.37066109778846,MODIS-Aqua,NIR/Red 500m
2022-08-13,2022-08-13,288.1061602827442,MODIS-Aqua,NIR/Red 500m
2022-08-14,2022-08-14,435.6609346250719,MODIS-Aqua,NIR/Red 500m
2022-08-15,2022-08-15,195.27853678109503,MODIS-Aqua,NIR/Red 500m
2022-08-16,2022-08-16,425.94048568344476,MODIS-Aqua,NIR/Red 500m
2022-08-19,2022-08-19,350.77735259267513,MODIS-Aqua,NIR/Red 500m
2022-08-20,2022-08-20,387.2976147491359,MODIS-Aqua,NIR/Red 500m
2022-08-21,2022-08-21,385.93186151649246,MODIS-Aqua,NIR/Red 500m
2022-08-22,2022-08-22,319.6667788815898,MODIS-Aqua,NIR/Red 500m
2022-08-23,2022-08-23,409.52254504819354,MODIS-Aqua,NIR/Red 500m
2022-08-24,2022-08-24,356.52066344483234,MODIS-Aqua,NIR/Red 500m
2022-08-25,2022-08-25,296.0597481168607,MODIS-Aqua,NIR/Red 500m
2022-08-26,2022-08-26,250.2043754944124,MODIS-Aqua,NIR/Red 500m
2022-08-27,2022-08-27,301.03201556605586,MODIS-Aqua,NIR/Red 500m
2022-08-28,2022-08-28,402.0885122499398,MODIS-Aqua,NIR/Red 500m
2022-08-30,2022-08-30,275.25767144724233,MODIS-Aqua,NIR/Red 500m
2022-08-31,2022-08-31,281.2748829966625,MODIS-Aqua,NIR/Red 500m
2022-09-01,2022-09-01,246.13129530380627,MODIS-Aqua,NIR/Red 500m
2022-09-03,2022-09-03,391.7872923051637,MODIS-Aqua,NIR/Red 500m
2022-09-04,2022-09-04,267.4844470839839,MODIS-Aqua,NIR/Red 500m
2022-09-05,2022-09-05,291.2724912699952,MODIS-Aqua,NIR/Red 500m
2022-09-06,2022-09-06,447.3147749916079,MODIS-Aqua,NIR/Red 500m
2022-09-07,2022-09-07,327.88288798200267,MODIS-Aqua,NIR/Red 500m
2022-09-08,2022-09-08,438.6803995989894,MODIS-Aqua,NIR/Red 500m
2022-09-09,2022-09-09,237.9310186616607,MODIS-Aqua,NIR/Red 500m
2022-09-12,2022-09-12,282.8783335115021,MODIS-Aqua,NIR/Red 500m
2022-09-14,2022-09-14,181.88376402103137,MODIS-Aqua,NIR/Red 500m
2022-09-19,2022-09-19,305.9771699910714,MODIS-Aqua,NIR/Red 500m
2022-09-23,2022-09-23,389.4584537955332,MODIS-Aqua,NIR/Red 500m
2022-09-24,2022-09-24,343.19325979558107,MODIS-Aqua,NIR/Red 500m
2022-09-25,2022-09-25,353.8513001951745,MODIS-Aqua,NIR/Red 500m
2022-09-26,2022-09-26,247.70950333364948,MODIS-Aqua,NIR/Red 500m
2022-09-27,2022-09-27,302.6216127104788,MODIS-Aqua,NIR/Red 500m
2022-09-30,2022-09-30,281.3929374338673,MODIS-Aqua,NIR/Red 500m
2022-10-01,2022-10-01,371.6378323166407,MODIS-Aqua,NIR/Red 500m
2022-10-02,2022-10-02,316.965192480527,MODIS-Aqua,NIR/Red 500m
2022-10-03,2022-10-03,252.1539471565136,MODIS-Aqua,NIR/Red 500m
2022-10-04,2022-10-04,139.09537975322573,MODIS-Aqua,NIR/Red 500m
2022-10-05,2022-10-05,283.83271987591644,MODIS-Aqua,NIR/Red 500m
2022-10-06,2022-10-06,249.31349737066174,MODIS-Aqua,NIR/Red 500m
2022-10-08,2022-10-08,280.30089867148484,MODIS-Aqua,NIR/Red 500m
2022-10-09,2022-10-09,250.97361289330934,MODIS-Aqua,NIR/Red 500m
2022-10-11,2022-10-11,270.7409527012171,MODIS-Aqua,NIR/Red 500m
2022-10-12,2022-10-12,307.0025094588645,MODIS-Aqua,NIR/Red 500m
2022-10-13,2022-10-13,385.86081255937535,MODIS-Aqua,NIR/Red 500m
2022-10-14,2022-10-14,253.61313451442194,MODIS-Aqua,NIR/Red 500m
2022-10-16,2022-10-16,248.22139876698938,MODIS-Aqua,NIR/Red 500m
2022-10-17,2022-10-17,321.8515085793562,MODIS-Aqua,NIR/Red 500m
2022-10-18,2022-10-18,260.23168959606045,MODIS-Aqua,NIR/Red 500m
2022-10-19,2022-10-19,225.3786472637853,MODIS-Aqua,NIR/Red 500m
2022-10-27,2022-10-27,168.82088831705997,MODIS-Aqua,NIR/Red 500m
2022-11-10,2022-11-10,241.12803890806043,MODIS-Aqua,NIR/Red 500m
2022-11-14,2022-11-14,492.2017907518571,MODIS-Aqua,NIR/Red 500m
2022-11-15,2022-11-15,91.91358656861829,MODIS-Aqua,NIR/Red 500m
2022-11-16,2022-11-16,161.23130742932898,MODIS-Aqua,NIR/Red 500m
2022-11-17,2022-11-17,355.6913134742453,MODIS-Aqua,NIR/Red 500m
2022-11-18,2022-11-18,129.72841456020927,MODIS-Aqua,NIR/Red 500m
2022-11-19,2022-11-19,164.24914523248032,MODIS-Aqua,NIR/Red 500m
2022-11-20,2022-11-20,113.1139751862461,MODIS-Aqua,NIR/Red 500m
2022-11-23,2022-11-23,201.7911639951831,MODIS-Aqua,NIR/Red 500m
2022-11-24,2022-11-24,170.01366637246838,MODIS-Aqua,NIR/Red 500m
2022-11-26,2022-11-26,167.6684090670144,MODIS-Aqua,NIR/Red 500m
2022-12-03,2022-12-03,158.63822284188575,MODIS-Aqua,NIR/Red 500m
2022-12-05,2022-12-05,101.21014275657015,MODIS-Aqua,NIR/Red 500m
2022-12-14,2022-12-14,259.22328738173945,MODIS-Aqua,NIR/Red 500m
2022-12-16,2022-12-16,197.48411709534088,MODIS-Aqua,NIR/Red 500m
2022-12-17,2022-12-17,200.32302261449001,MODIS-Aqua,NIR/Red 500m
2023-01-23,2023-01-23,182.74707210751717,MODIS-Aqua,NIR/Red 500m
2023-01-24,2023-01-24,113.27545905965523,MODIS-Aqua,NIR/Red 500m
2023-01-25,2023-01-25,180.19119596383945,MODIS-Aqua,NIR/Red 500m
2023-01-29,2023-01-29,140.701946789939,MODIS-Aqua,NIR/Red 500m
2023-01-30,2023-01-30,164.77753977946745,MODIS-Aqua,NIR/Red 500m
2023-02-01,2023-02-01,176.42678778989952,MODIS-Aqua,NIR/Red 500m
2023-02-09,2023-02-09,115.4487007142186,MODIS-Aqua,NIR/Red 500m
2023-02-11,2023-02-11,136.48851982120013,MODIS-Aqua,NIR/Red 500m
2023-02-24,2023-02-24,294.4875724710304,MODIS-Aqua,NIR/Red 500m
2023-02-25,2023-02-25,251.76752790672523,MODIS-Aqua,NIR/Red 500m
2023-03-16,2023-03-16,378.15327580705997,MODIS-Aqua,NIR/Red 500m
2023-03-29,2023-03-29,218.45791003056826,MODIS-Aqua,NIR/Red 500m
2023-04-25,2023-04-25,328.4989286847208,MODIS-Aqua,NIR/Red 500m
2023-04-27,2023-04-27,199.1160416492577,MODIS-Aqua,NIR/Red 500m
2023-04-28,2023-04-28,249.99873342465344,MODIS-Aqua,NIR/Red 500m
2023-04-29,2023-04-29,224.2568705701765,MODIS-Aqua,NIR/Red 500m
2023-05-12,2023-05-12,361.2459010103648,MODIS-Aqua,NIR/Red 500m
2023-05-13,2023-05-13,246.1338374290837,MODIS-Aqua,NIR/Red 500m
2023-05-14,2023-05-14,142.99600362082714,MODIS-Aqua,NIR/Red 500m
2023-05-16,2023-05-16,469.5149421350628,MODIS-Aqua,NIR/Red 500m
2023-05-17,2023-05-17,273.7249999959021,MODIS-Aqua,NIR/Red 500m
2023-05-18,2023-05-18,287.7744434290953,MODIS-Aqua,NIR/Red 500m
2023-05-19,2023-05-19,326.5472595009558,MODIS-Aqua,NIR/Red 500m
2023-05-20,2023-05-20,233.7688846754368,MODIS-Aqua,NIR/Red 500m
2023-05-23,2023-05-23,360.8486857047063,MODIS-Aqua,NIR/Red 500m
2023-05-24,2023-05-24,272.1320295414562,MODIS-Aqua,NIR/Red 500m
2023-05-25,2023-05-25,223.33840129498043,MODIS-Aqua,NIR/Red 500m
2023-05-28,2023-05-28,259.44884542557645,MODIS-Aqua,NIR/Red 500m
2023-05-29,2023-05-29,125.01815046158092,MODIS-Aqua,NIR/Red 500m
2023-05-30,2023-05-30,337.67085946296453,MODIS-Aqua,NIR/Red 500m
2023-05-31,2023-05-31,146.88410998934143,MODIS-Aqua,NIR/Red 500m
2023-06-01,2023-06-01,334.7927162140199,MODIS-Aqua,NIR/Red 500m
2023-06-02,2023-06-02,436.2890385840262,MODIS-Aqua,NIR/Red 500m
2023-06-03,2023-06-03,283.8481170326398,MODIS-Aqua,NIR/Red 500m
2023-06-04,2023-06-04,356.85106921592404,MODIS-Aqua,NIR/Red 500m
2023-06-05,2023-06-05,137.21042086765,MODIS-Aqua,NIR/Red 500m
2023-06-06,2023-06-06,266.0144910030795,MODIS-Aqua,NIR/Red 500m
2023-06-07,2023-06-07,183.59337318110227,MODIS-Aqua,NIR/Red 500m
2023-06-10,2023-06-10,192.68806970674567,MODIS-Aqua,NIR/Red 500m
2023-06-11,2023-06-11,347.6253556374904,MODIS-Aqua,NIR/Red 500m
2023-06-14,2023-06-14,196.29476536991817,MODIS-Aqua,NIR/Red 500m
2023-06-16,2023-06-16,197.31286323509988,MODIS-Aqua,NIR/Red 500m
2023-06-21,2023-06-21,355.7299431691466,MODIS-Aqua,NIR/Red 500m
2023-06-22,2023-06-22,270.17306408002304,MODIS-Aqua,NIR/Red 500m
2023-06-24,2023-06-24,246.98750911674747,MODIS-Aqua,NIR/Red 500m
2023-06-25,2023-06-25,365.75804626922303,MODIS-Aqua,NIR/Red 500m
2023-06-26,2023-06-26,369.26144669751653,MODIS-Aqua,NIR/Red 500m
2023-06-27,2023-06-27,417.26508036405176,MODIS-Aqua,NIR/Red 500m
2023-06-28,2023-06-28,451.5820422810373,MODIS-Aqua,NIR/Red 500m
2023-06-29,2023-06-29,366.55628579233024,MODIS-Aqua,NIR/Red 500m
2023-06-30,2023-06-30,458.2327372024653,MODIS-Aqua,NIR/Red 500m
2023-07-01,2023-07-01,130.8533886277914,MODIS-Aqua,NIR/Red 500m
2023-07-02,2023-07-02,398.56483020552747,MODIS-Aqua,NIR/Red 500m
2023-07-03,2023-07-03,119.51508395047038,MODIS-Aqua,NIR/Red 500m
2023-07-04,2023-07-04,358.36863341793185,MODIS-Aqua,NIR/Red 500m
2023-07-05,2023-07-05,266.5897854648547,MODIS-Aqua,NIR/Red 500m
2023-07-06,2023-07-06,252.25243255465912,MODIS-Aqua,NIR/Red 500m
2023-07-07,2023-07-07,323.04175458617897,MODIS-Aqua,NIR/Red 500m
2023-07-08,2023-07-08,180.69398335461685,MODIS-Aqua,NIR/Red 500m
2023-07-09,2023-07-09,365.70131877190465,MODIS-Aqua,NIR/Red 500m
2023-07-10,2023-07-10,121.8227713126346,MODIS-Aqua,NIR/Red 500m
2023-07-11,2023-07-11,376.49801434438325,MODIS-Aqua,NIR/Red 500m
2023-07-12,2023-07-12,295.26147290337934,MODIS-Aqua,NIR/Red 500m
2023-07-13,2023-07-13,370.3444316266161,MODIS-Aqua,NIR/Red 500m
2023-07-14,2023-07-14,417.4413702191028,MODIS-Aqua,NIR/Red 500m
2023-07-16,2023-07-16,378.5908832595273,MODIS-Aqua,NIR/Red 500m
2023-07-17,2023-07-17,289.1357574171034,MODIS-Aqua,NIR/Red 500m
2023-07-18,2023-07-18,462.09410815826317,MODIS-Aqua,NIR/Red 500m
2023-07-19,2023-07-19,310.21779048762085,MODIS-Aqua,NIR/Red 500m
2023-07-20,2023-07-20,467.3837747734005,MODIS-Aqua,NIR/Red 500m
2023-07-21,2023-07-21,271.8963416178238,MODIS-Aqua,NIR/Red 500m
2023-07-22,2023-07-22,366.84883182955497,MODIS-Aqua,NIR/Red 500m
2023-07-23,2023-07-23,254.7179867512561,MODIS-Aqua,NIR/Red 500m
2023-07-25,2023-07-25,344.8763001377145,MODIS-Aqua,NIR/Red 500m
2023-07-26,2023-07-26,249.61308032425055,MODIS-Aqua,NIR/Red 500m
2023-07-27,2023-07-27,351.19163902299067,MODIS-Aqua,NIR/Red 500m
2023-07-28,2023-07-28,283.80614746943525,MODIS-Aqua,NIR/Red 500m
2023-07-29,2023-07-29,185.54935340084384,MODIS-Aqua,NIR/Red 500m
2023-07-30,2023-07-30,348.1809108225572,MODIS-Aqua,NIR/Red 500m
2023-07-31,2023-07-31,315.09842462393215,MODIS-Aqua,NIR/Red 500m
2023-08-01,2023-08-01,383.5146563265102,MODIS-Aqua,NIR/Red 500m
2023-08-02,2023-08-02,250.5625747968591,MODIS-Aqua,NIR/Red 500m
2023-08-03,2023-08-03,230.78797343077161,MODIS-Aqua,NIR/Red 500m
2023-08-07,2023-08-07,310.18778772340704,MODIS-Aqua,NIR/Red 500m
2023-08-08,2023-08-08,273.31636563814357,MODIS-Aqua,NIR/Red 500m
2023-08-09,2023-08-09,184.71006809693273,MODIS-Aqua,NIR/Red 500m
2023-08-10,2023-08-10,314.5341566554126,MODIS-Aqua,NIR/Red 500m
2023-08-11,2023-08-11,370.7233550516143,MODIS-Aqua,NIR/Red 500m
2023-08-12,2023-08-12,104.4280867998221,MODIS-Aqua,NIR/Red 500m
2023-08-13,2023-08-13,311.940986689912,MODIS-Aqua,NIR/Red 500m
2023-08-16,2023-08-16,199.67213700870525,MODIS-Aqua,NIR/Red 500m
2023-08-18,2023-08-18,343.3078141142653,MODIS-Aqua,NIR/Red 500m
2023-08-19,2023-08-19,220.02280952023216,MODIS-Aqua,NIR/Red 500m
2023-08-22,2023-08-22,418.70277064362887,MODIS-Aqua,NIR/Red 500m
2023-08-23,2023-08-23,268.5601893722784,MODIS-Aqua,NIR/Red 500m
2023-08-24,2023-08-24,191.70671497189448,MODIS-Aqua,NIR/Red 500m
2023-08-26,2023-08-26,247.9631750919889,MODIS-Aqua,NIR/Red 500m
2023-08-27,2023-08-27,469.98019142848995,MODIS-Aqua,NIR/Red 500m
2023-08-28,2023-08-28,458.7769655581513,MODIS-Aqua,NIR/Red 500m
2023-09-05,2023-09-05,278.1193166752521,MODIS-Aqua,NIR/Red 500m
2023-09-06,2023-09-06,340.45708157954306,MODIS-Aqua,NIR/Red 500m
2023-09-07,2023-09-07,122.52387685773579,MODIS-Aqua,NIR/Red 500m
2023-09-08,2023-09-08,321.12964896223065,MODIS-Aqua,NIR/Red 500m
2023-09-09,2023-09-09,224.09989246425835,MODIS-Aqua,NIR/Red 500m
2023-09-10,2023-09-10,284.08399823986247,MODIS-Aqua,NIR/Red 500m
2023-09-12,2023-09-12,134.36235673341616,MODIS-Aqua,NIR/Red 500m
2023-09-13,2023-09-13,410.45080364393294,MODIS-Aqua,NIR/Red 500m
2023-09-14,2023-09-14,234.36695864338662,MODIS-Aqua,NIR/Red 500m
2023-09-15,2023-09-15,200.42711654243513,MODIS-Aqua,NIR/Red 500m
2023-09-17,2023-09-17,172.81186747315567,MODIS-Aqua,NIR/Red 500m
2023-09-19,2023-09-19,200.07000509751148,MODIS-Aqua,NIR/Red 500m
2023-09-22,2023-09-22,187.8340241989734,MODIS-Aqua,NIR/Red 500m
2023-10-01,2023-10-01,239.88621612747048,MODIS-Aqua,NIR/Red 500m
2023-10-04,2023-10-04,494.87535009861057,MODIS-Aqua,NIR/Red 500m
2023-10-05,2023-10-05,309.6042363861555,MODIS-Aqua,NIR/Red 500m
2023-10-06,2023-10-06,254.9779609665712,MODIS-Aqua,NIR/Red 500m
2023-10-07,2023-10-07,198.07133394186178,MODIS-Aqua,NIR/Red 500m
2023-10-08,2023-10-08,166.50702786587306,MODIS-Aqua,NIR/Red 500m
2023-10-17,2023-10-17,297.25121462913376,MODIS-Aqua,NIR/Red 500m
2023-10-19,2023-10-19,372.9108209508419,MODIS-Aqua,NIR/Red 500m
2023-10-28,2023-10-28,378.8834846071833,MODIS-Aqua,NIR/Red 500m
2023-10-29,2023-10-29,201.15143517877794,MODIS-Aqua,NIR/Red 500m
2023-10-30,2023-10-30,190.982012727501,MODIS-Aqua,NIR/Red 500m
2023-10-31,2023-10-31,126.0681831154132,MODIS-Aqua,NIR/Red 500m
2023-11-08,2023-11-08,176.91392053404343,MODIS-Aqua,NIR/Red 500m
2023-11-16,2023-11-16,235.50323823392324,MODIS-Aqua,NIR/Red 500m
2023-11-17,2023-11-17,101.97379216089854,MODIS-Aqua,NIR/Red 500m
2023-11-23,2023-11-23,233.90489425756812,MODIS-Aqua,NIR/Red 500m
2023-11-24,2023-11-24,129.21721715031407,MODIS-Aqua,NIR/Red 500m
2023-11-25,2023-11-25,202.3759252322865,MODIS-Aqua,NIR/Red 500m
2023-11-26,2023-11-26,163.40704998486936,MODIS-Aqua,NIR/Red 500m
2023-11-27,2023-11-27,166.8176686843841,MODIS-Aqua,NIR/Red 500m
2023-11-28,2023-11-28,228.636046337637,MODIS-Aqua,NIR/Red 500m
2023-12-12,2023-12-12,134.21375109954766,MODIS-Aqua,NIR/Red 500m
2023-12-16,2023-12-16,187.17505188600035,MODIS-Aqua,NIR/Red 500m
2023-12-20,2023-12-20,104.49745846624407,MODIS-Aqua,NIR/Red 500m
2023-12-23,2023-12-23,209.42031652310084,MODIS-Aqua,NIR/Red 500m
2024-02-10,2024-02-10,157.45884657888024,MODIS-Aqua,NIR/Red 500m
2024-02-13,2024-02-13,117.17966556950991,MODIS-Aqua,NIR/Red 500m
2024-02-22,2024-02-22,391.72200411587653,MODIS-Aqua,NIR/Red 500m
2024-02-23,2024-02-23,295.1818312871725,MODIS-Aqua,NIR/Red 500m
2024-02-24,2024-02-24,180.18697392719093,MODIS-Aqua,NIR/Red 500m
2024-03-14,2024-03-14,152.3922762924214,MODIS-Aqua,NIR/Red 500m
2024-03-15,2024-03-15,172.86385414598124,MODIS-Aqua,NIR/Red 500m
2024-03-16,2024-03-16,254.46096015236716,MODIS-Aqua,NIR/Red 500m
2024-03-18,2024-03-18,348.64100986105973,MODIS-Aqua,NIR/Red 500m
2024-03-30,2024-03-30,312.31521715054754,MODIS-Aqua,NIR/Red 500m
2024-03-31,2024-03-31,214.55312520445548,MODIS-Aqua,NIR/Red 500m
2024-04-01,2024-04-01,323.8413881568695,MODIS-Aqua,NIR/Red 500m
2024-04-10,2024-04-10,97.94949946102058,MODIS-Aqua,NIR/Red 500m
2024-04-17,2024-04-17,422.09129202783936,MODIS-Aqua,NIR/Red 500m
2024-04-18,2024-04-18,262.1605961178278,MODIS-Aqua,NIR/Red 500m
2024-04-19,2024-04-19,368.27042083174376,MODIS-Aqua,NIR/Red 500m
2024-04-21,2024-04-21,267.61957714203027,MODIS-Aqua,NIR/Red 500m
2024-04-23,2024-04-23,263.53606331717873,MODIS-Aqua,NIR/Red 500m
2024-05-08,2024-05-08,426.73425050517625,MODIS-Aqua,NIR/Red 500m
2024-05-09,2024-05-09,215.7404940156237,MODIS-Aqua,NIR/Red 500m
2024-05-10,2024-05-10,334.6893177992449,MODIS-Aqua,NIR/Red 500m
2024-05-12,2024-05-12,289.91934557213904,MODIS-Aqua,NIR/Red 500m
2024-05-13,2024-05-13,260.72935150517606,MODIS-Aqua,NIR/Red 500m
2024-05-14,2024-05-14,304.1501223414314,MODIS-Aqua,NIR/Red 500m
2024-05-15,2024-05-15,310.237169679642,MODIS-Aqua,NIR/Red 500m
2024-05-16,2024-05-16,181.7363084188611,MODIS-Aqua,NIR/Red 500m
2024-05-17,2024-05-17,283.9161862607599,MODIS-Aqua,NIR/Red 500m
2024-05-20,2024-05-20,208.28016888253433,MODIS-Aqua,NIR/Red 500m
2024-05-23,2024-05-23,383.75047839608476,MODIS-Aqua,NIR/Red 500m
2024-05-26,2024-05-26,298.7231130453496,MODIS-Aqua,NIR/Red 500m
2024-05-27,2024-05-27,292.8653760775976,MODIS-Aqua,NIR/Red 500m
2024-05-30,2024-05-30,268.0216587256319,MODIS-Aqua,NIR/Red 500m
2024-05-31,2024-05-31,455.09446360361625,MODIS-Aqua,NIR/Red 500m
2024-06-05,2024-06-05,418.27525833467405,MODIS-Aqua,NIR/Red 500m
2024-06-06,2024-06-06,408.8827841876182,MODIS-Aqua,NIR/Red 500m
2024-06-07,2024-06-07,436.16667858155694,MODIS-Aqua,NIR/Red 500m
2024-06-09,2024-06-09,346.5144621211882,MODIS-Aqua,NIR/Red 500m
2024-06-10,2024-06-10,371.71761209792743,MODIS-Aqua,NIR/Red 500m
2024-06-11,2024-06-11,302.5261450357583,MODIS-Aqua,NIR/Red 500m
2024-06-12,2024-06-12,338.1616384961596,MODIS-Aqua,NIR/Red 500m
2024-06-18,2024-06-18,299.58280650882324,MODIS-Aqua,NIR/Red 500m
2024-06-19,2024-06-19,291.0516157131394,MODIS-Aqua,NIR/Red 500m
2024-06-20,2024-06-20,347.81438404766504,MODIS-Aqua,NIR/Red 500m
2024-06-21,2024-06-21,121.20931740583426,MODIS-Aqua,NIR/Red 500m
2024-06-22,2024-06-22,369.6747239995415,MODIS-Aqua,NIR/Red 500m
2024-06-23,2024-06-23,143.46892873780328,MODIS-Aqua,NIR/Red 500m
2024-06-24,2024-06-24,399.12800305372167,MODIS-Aqua,NIR/Red 500m
2024-06-25,2024-06-25,356.3994078844008,MODIS-Aqua,NIR/Red 500m
2024-06-28,2024-06-28,133.55508957039422,MODIS-Aqua,NIR/Red 500m
2024-07-02,2024-07-02,408.07621028761633,MODIS-Aqua,NIR/Red 500m
2024-07-03,2024-07-03,86.31422953580244,MODIS-Aqua,NIR/Red 500m
2024-07-05,2024-07-05,377.567579900658,MODIS-Aqua,NIR/Red 500m
2024-07-06,2024-07-06,289.94621726037377,MODIS-Aqua,NIR/Red 500m
2024-07-08,2024-07-08,178.60412226481247,MODIS-Aqua,NIR/Red 500m
2024-07-09,2024-07-09,280.19857746236784,MODIS-Aqua,NIR/Red 500m
2024-07-10,2024-07-10,315.88802679670505,MODIS-Aqua,NIR/Red 500m
2024-07-11,2024-07-11,381.0880622460086,MODIS-Aqua,NIR/Red 500m
2024-07-12,2024-07-12,360.6996102891189,MODIS-Aqua,NIR/Red 500m
2024-07-13,2024-07-13,360.4181560623903,MODIS-Aqua,NIR/Red 500m
2024-07-14,2024-07-14,391.7295602645843,MODIS-Aqua,NIR/Red 500m
2024-07-15,2024-07-15,179.62660150276946,MODIS-Aqua,NIR/Red 500m
2024-07-17,2024-07-17,445.3176392584667,MODIS-Aqua,NIR/Red 500m
2024-07-18,2024-07-18,346.5144621211882,MODIS-Aqua,NIR/Red 500m
2024-07-19,2024-07-19,388.328369428876,MODIS-Aqua,NIR/Red 500m
2024-07-20,2024-07-20,125.9868087179241,MODIS-Aqua,NIR/Red 500m
2024-07-22,2024-07-22,236.92647686779912,MODIS-Aqua,NIR/Red 500m
2024-07-23,2024-07-23,254.82808454407834,MODIS-Aqua,NIR/Red 500m
2024-07-24,2024-07-24,298.20188083780766,MODIS-Aqua,NIR/Red 500m
2024-07-26,2024-07-26,325.6430446992381,MODIS-Aqua,NIR/Red 500m
2024-07-31,2024-07-31,308.4858982872018,MODIS-Aqua,NIR/Red 500m
2024-08-04,2024-08-04,268.40475958499104,MODIS-Aqua,NIR/Red 500m
2024-08-07,2024-08-07,369.8350977528541,MODIS-Aqua,NIR/Red 500m
2024-08-09,2024-08-09,141.99882801482815,MODIS-Aqua,NIR/Red 500m
2024-08-10,2024-08-10,241.1603973176234,MODIS-Aqua,NIR/Red 500m
2024-08-11,2024-08-11,198.558135651652,MODIS-Aqua,NIR/Red 500m
2024-08-13,2024-08-13,192.62974976038296,MODIS-Aqua,NIR/Red 500m
2024-08-14,2024-08-14,319.6099803358605,MODIS-Aqua,NIR/Red 500m
2024-08-16,2024-08-16,223.00514658530975,MODIS-Aqua,NIR/Red 500m
2024-08-18,2024-08-18,188.81380412436482,MODIS-Aqua,NIR/Red 500m
2024-08-19,2024-08-19,149.9123563866498,MODIS-Aqua,NIR/Red 500m
2024-08-20,2024-08-20,354.91017197826113,MODIS-Aqua,NIR/Red 500m
2024-08-21,2024-08-21,100.35006852440588,MODIS-Aqua,NIR/Red 500m
2024-08-26,2024-08-26,292.82224706842857,MODIS-Aqua,NIR/Red 500m
2024-08-27,2024-08-27,446.99118399481165,MODIS-Aqua,NIR/Red 500m
2024-08-28,2024-08-28,194.45987904246414,MODIS-Aqua,NIR/Red 500m
2024-08-29,2024-08-29,446.49815388322867,MODIS-Aqua,NIR/Red 500m
2024-08-30,2024-08-30,279.43190639652425,MODIS-Aqua,NIR/Red 500m
2024-08-31,2024-08-31,303.59748899652993,MODIS-Aqua,NIR/Red 500m
2024-09-03,2024-09-03,394.59028074094937,MODIS-Aqua,NIR/Red 500m
2024-09-05,2024-09-05,196.28637363300618,MODIS-Aqua,NIR/Red 500m
2024-09-06,2024-09-06,423.0164969270342,MODIS-Aqua,NIR/Red 500m
2024-09-08,2024-09-08,256.7003587910587,MODIS-Aqua,NIR/Red 500m
2024-09-10,2024-09-10,214.89965021703762,MODIS-Aqua,NIR/Red 500m
2024-09-13,2024-09-13,356.0664437398148,MODIS-Aqua,NIR/Red 500m
2024-09-18,2024-09-18,312.875960847247,MODIS-Aqua,NIR/Red 500m
2024-09-19,2024-09-19,282.9707300462,MODIS-Aqua,NIR/Red 500m
2024-09-20,2024-09-20,193.00242763294324,MODIS-Aqua,NIR/Red 500m
2024-09-21,2024-09-21,245.96330784037193,MODIS-Aqua,NIR/Red 500m
2024-09-24,2024-09-24,293.1687886282314,MODIS-Aqua,NIR/Red 500m
2024-09-26,2024-09-26,352.706375822279,MODIS-Aqua,NIR/Red 500m
2024-09-27,2024-09-27,321.1893494340541,MODIS-Aqua,NIR/Red 500m
2024-09-28,2024-09-28,241.62067844924266,MODIS-Aqua,NIR/Red 500m
2024-09-29,2024-09-29,337.93340492577323,MODIS-Aqua,NIR/Red 500m
2024-09-30,2024-09-30,381.1338673759729,MODIS-Aqua,NIR/Red 500m
2024-10-01,2024-10-01,395.13462477563473,MODIS-Aqua,NIR/Red 500m
2024-10-02,2024-10-02,284.3798494082434,MODIS-Aqua,NIR/Red 500m
2024-10-03,2024-10-03,341.82843695180213,MODIS-Aqua,NIR/Red 500m
2024-10-07,2024-10-07,305.37961482136245,MODIS-Aqua,NIR/Red 500m
2024-10-08,2024-10-08,350.4524103210707,MODIS-Aqua,NIR/Red 500m
2024-10-13,2024-10-13,254.07838268799344,MODIS-Aqua,NIR/Red 500m
2024-10-14,2024-10-14,399.7066918707037,MODIS-Aqua,NIR/Red 500m
2024-10-25,2024-10-25,293.7841580930182,MODIS-Aqua,NIR/Red 500m
2024-11-07,2024-11-07,155.29803260314824,MODIS-Aqua,NIR/Red 500m
2024-11-27,2024-11-27,121.0931246167576,MODIS-Aqua,NIR/Red 500m
2024-11-28,2024-11-28,148.41104724230797,MODIS-Aqua,NIR/Red 500m
2024-11-29,2024-11-29,246.18838927819382,MODIS-Aqua,NIR/Red 500m
2024-11-30,2024-11-30,113.82807900899391,MODIS-Aqua,NIR/Red 500m
2024-12-01,2024-12-01,193.13327663903544,MODIS-Aqua,NIR/Red 500m
2024-12-02,2024-12-02,103.88115521470044,MODIS-Aqua,NIR/Red 500m
2024-12-03,2024-12-03,174.6923408973372,MODIS-Aqua,NIR/Red 500m
2024-12-04,2024-12-04,127.16259713776992,MODIS-Aqua,NIR/Red 500m
2024-12-05,2024-12-05,163.31348048022977,MODIS-Aqua,NIR/Red 500m
2024-12-09,2024-12-09,162.8289065620061,MODIS-Aqua,NIR/Red 500m
2025-01-06,2025-01-06,180.92512456345614,MODIS-Aqua,NIR/Red 500m
2025-01-09,2025-01-09,150.38272135963422,MODIS-Aqua,NIR/Red 500m
2025-01-15,2025-01-15,193.98051772599337,MODIS-Aqua,NIR/Red 500m
2025-01-16,2025-01-16,118.40564887697826,MODIS-Aqua,NIR/Red 500m
2025-01-17,2025-01-17,246.0071005784868,MODIS-Aqua,NIR/Red 500m
2025-01-18,2025-01-18,292.24158322133894,MODIS-Aqua,NIR/Red 500m
2025-01-19,2025-01-19,128.28442861595607,MODIS-Aqua,NIR/Red 500m
2025-01-20,2025-01-20,174.933090615934,MODIS-Aqua,NIR/Red 500m
2025-01-21,2025-01-21,107.44436408712173,MODIS-Aqua,NIR/Red 500m
2025-01-22,2025-01-22,212.8595457374531,MODIS-Aqua,NIR/Red 500m
2025-01-24,2025-01-24,177.11772827483568,MODIS-Aqua,NIR/Red 500m
2025-01-25,2025-01-25,140.48133080578145,MODIS-Aqua,NIR/Red 500m
2025-01-26,2025-01-26,106.2587802768771,MODIS-Aqua,NIR/Red 500m
2025-01-27,2025-01-27,176.02163387104113,MODIS-Aqua,NIR/Red 500m
2025-01-28,2025-01-28,158.94698867423944,MODIS-Aqua,NIR/Red 500m
2025-01-29,2025-01-29,131.30598149539276,MODIS-Aqua,NIR/Red 500m
2025-02-11,2025-02-11,475.3139232395466,MODIS-Aqua,NIR/Red 500m
2025-02-27,2025-02-27,87.71148924572161,MODIS-Aqua,NIR/Red 500m
2025-02-28,2025-02-28,206.53847234797422,MODIS-Aqua,NIR/Red 500m
2025-03-01,2025-03-01,210.8886568433495,MODIS-Aqua,NIR/Red 500m
2025-03-06,2025-03-06,176.45195553274667,MODIS-Aqua,NIR/Red 500m
2025-03-07,2025-03-07,235.36274061587588,MODIS-Aqua,NIR/Red 500m
2025-03-08,2025-03-08,434.34333586358025,MODIS-Aqua,NIR/Red 500m
2025-04-04,2025-04-04,264.5016859986755,MODIS-Aqua,NIR/Red 500m
2025-04-05,2025-04-05,303.079436894404,MODIS-Aqua,NIR/Red 500m
2025-04-13,2025-04-13,251.62938736820277,MODIS-Aqua,NIR/Red 500m
2025-04-14,2025-04-14,186.97422340741804,MODIS-Aqua,NIR/Red 500m
2025-04-15,2025-04-15,159.32380203518488,MODIS-Aqua,NIR/Red 500m
2025-04-17,2025-04-17,295.1959214195998,MODIS-Aqua,NIR/Red 500m
2025-04-18,2025-04-18,351.3592665085568,MODIS-Aqua,NIR/Red 500m
2025-04-19,2025-04-19,370.54400760155227,MODIS-Aqua,NIR/Red 500m
2025-04-22,2025-04-22,231.2205830968815,MODIS-Aqua,NIR/Red 500m
2025-04-23,2025-04-23,143.27448108248038,MODIS-Aqua,NIR/Red 500m
2025-04-26,2025-04-26,76.99979671844864,MODIS-Aqua,NIR/Red 500m
2025-04-30,2025-04-30,468.92927171865784,MODIS-Aqua,NIR/Red 500m
2025-05-01,2025-05-01,146.96206608341836,MODIS-Aqua,NIR/Red 500m
2025-05-02,2025-05-02,347.0754440131413,MODIS-Aqua,NIR/Red 500m
2025-05-04,2025-05-04,393.62500857025475,MODIS-Aqua,NIR/Red 500m
2025-05-05,2025-05-05,440.6338701175989,MODIS-Aqua,NIR/Red 500m
2025-05-06,2025-05-06,286.53002574778486,MODIS-Aqua,NIR/Red 500m
2025-05-08,2025-05-08,254.99220566717358,MODIS-Aqua,NIR/Red 500m
2025-05-09,2025-05-09,180.27968879712384,MODIS-Aqua,NIR/Red 500m
2025-05-24,2025-05-24,180.51630879496278,MODIS-Aqua,NIR/Red 500m
2025-05-27,2025-05-27,401.7484149263871,MODIS-Aqua,NIR/Red 500m
2025-05-28,2025-05-28,246.07124896324308,MODIS-Aqua,NIR/Red 500m
2025-05-30,2025-05-30,447.9441939249024,MODIS-Aqua,NIR/Red 500m
2025-05-31,2025-05-31,142.05449025728558,MODIS-Aqua,NIR/Red 500m
2025-06-01,2025-06-01,455.5121188885782,MODIS-Aqua,NIR/Red 500m
2025-06-02,2025-06-02,456.42688924956525,MODIS-Aqua,NIR/Red 500m
2025-06-03,2025-06-03,99.27550259295047,MODIS-Aqua,NIR/Red 500m
2025-06-05,2025-06-05,448.4095526947552,MODIS-Aqua,NIR/Red 500m
2025-06-08,2025-06-08,393.63422665444483,MODIS-Aqua,NIR/Red 500m
2025-06-09,2025-06-09,361.95077419706183,MODIS-Aqua,NIR/Red 500m
2025-06-10,2025-06-10,313.94437571654913,MODIS-Aqua,NIR/Red 500m
2025-06-11,2025-06-11,417.34482247096247,MODIS-Aqua,NIR/Red 500m
2025-06-12,2025-06-12,291.5036350519973,MODIS-Aqua,NIR/Red 500m
2025-06-14,2025-06-14,319.94058298730573,MODIS-Aqua,NIR/Red 500m
2025-06-15,2025-06-15,279.7789659086476,MODIS-Aqua,NIR/Red 500m
2025-06-16,2025-06-16,287.14618920444696,MODIS-Aqua,NIR/Red 500m
2025-06-17,2025-06-17,365.61585276545634,MODIS-Aqua,NIR/Red 500m
2025-06-28,2025-06-28,77.74629015350378,MODIS-Aqua,NIR/Red 500m
2025-06-29,2025-06-29,276.0030111993113,MODIS-Aqua,NIR/Red 500m
2025-06-30,2025-06-30,487.7585820166811,MODIS-Aqua,NIR/Red 500m
2025-07-02,2025-07-02,400.3846390248251,MODIS-Aqua,NIR/Red 500m
2025-07-03,2025-07-03,193.107989569227,MODIS-Aqua,NIR/Red 500m
2025-07-04,2025-07-04,325.68765079471274,MODIS-Aqua,NIR/Red 500m
2025-07-05,2025-07-05,274.7809538705726,MODIS-Aqua,NIR/Red 500m
2025-07-06,2025-07-06,99.0892257517189,MODIS-Aqua,NIR/Red 500m
2025-07-07,2025-07-07,287.0567993655618,MODIS-Aqua,NIR/Red 500m
2025-07-08,2025-07-08,127.95687423338396,MODIS-Aqua,NIR/Red 500m
2025-07-09,2025-07-09,404.02761215300717,MODIS-Aqua,NIR/Red 500m
2025-07-10,2025-07-10,456.35345389840444,MODIS-Aqua,NIR/Red 500m
2025-07-11,2025-07-11,86.82040105642503,MODIS-Aqua,NIR/Red 500m
2025-07-12,2025-07-12,413.4575480285019,MODIS-Aqua,NIR/Red 500m
2025-07-13,2025-07-13,308.127202813775,MODIS-Aqua,NIR/Red 500m
2025-07-14,2025-07-14,257.4856871170239,MODIS-Aqua,NIR/Red 500m
2025-07-15,2025-07-15,428.7579229264698,MODIS-Aqua,NIR/Red 500m
2025-07-16,2025-07-16,196.42507051603334,MODIS-Aqua,NIR/Red 500m
2025-07-17,2025-07-17,234.20126870046678,MODIS-Aqua,NIR/Red 500m
2025-07-19,2025-07-19,387.2174135554635,MODIS-Aqua,NIR/Red 500m
2025-07-22,2025-07-22,227.03437239768698,MODIS-Aqua,NIR/Red 500m
2025-07-23,2025-07-23,194.21167098228207,MODIS-Aqua,NIR/Red 500m
2025-07-24,2025-07-24,360.2076849933834,MODIS-Aqua,NIR/Red 500m
2025-07-25,2025-07-25,497.9578570332617,MODIS-Aqua,NIR/Red 500m
2025-07-27,2025-07-27,212.35224147574428,MODIS-Aqua,NIR/Red 500m
2025-07-28,2025-07-28,283.2717782941209,MODIS-Aqua,NIR/Red 500m
2025-07-29,2025-07-29,94.16023847189244,MODIS-Aqua,NIR/Red 500m
2025-08-01,2025-08-01,357.9070266242547,MODIS-Aqua,NIR/Red 500m
2025-08-02,2025-08-02,272.8232301104802,MODIS-Aqua,NIR/Red 500m
2025-08-03,2025-08-03,281.3548495060688,MODIS-Aqua,NIR/Red 500m
2025-08-04,2025-08-04,323.7641477555963,MODIS-Aqua,NIR/Red 500m
2025-08-08,2025-08-08,141.60458437434997,MODIS-Aqua,NIR/Red 500m
2025-08-09,2025-08-09,181.8961005764663,MODIS-Aqua,NIR/Red 500m
2025-08-10,2025-08-10,210.7390454704726,MODIS-Aqua,NIR/Red 500m
2025-08-11,2025-08-11,232.29151315524302,MODIS-Aqua,NIR/Red 500m
2025-08-12,2025-08-12,322.0684700764943,MODIS-Aqua,NIR/Red 500m
2025-08-13,2025-08-13,240.46998795515174,MODIS-Aqua,NIR/Red 500m
2025-08-14,2025-08-14,333.09334870419485,MODIS-Aqua,NIR/Red 500m
