datetime,sensor,band1_red,band2_nir,band4_green,chl_green_red,chl_rf,julian_day,year,chlorophyll_a_recommended
2011-01-06,Terra,0.2378,0.2496,0.2511,13.05988393632712,47.48069034484046,6,2011,13.05988393632712
2011-01-06,Aqua,0.0563,0.2267,0.0894,49.211466743267025,70.20630628721713,6,2011,49.211466743267025
2011-01-20,Terra,0.0393,0.0611,0.0507,25.0464785149117,58.90114811860668,20,2011,25.0464785149117
2011-01-20,Aqua,0.041,0.0545,0.0598,37.32946792880307,81.42929211610368,20,2011,37.32946792880307
2011-01-22,Terra,0.0502,0.2023,0.0596,19.11876568137868,55.604729435949835,22,2011,19.11876568137868
2011-01-22,Aqua,0.0425,0.0796,0.0535,23.126909377749236,55.73580047658015,22,2011,23.126909377749236
2011-01-25,Aqua,0.0342,0.0583,0.0386,16.217727921811075,59.07055161105489,25,2011,16.217727921811075
2011-01-27,Aqua,0.0371,0.058,0.056,41.73371240597814,75.85941317703858,27,2011,41.73371240597814
2011-01-27,Terra,0.0286,0.0661,0.0428,40.582481498603,69.9582471445701,27,2011,40.582481498603
2011-01-30,Aqua,0.0445,0.084,0.0615,31.330125501642872,52.98179570985261,30,2011,31.330125501642872
2011-02-01,Terra,0.0513,0.0723,0.0636,22.007810337802223,56.06125115743163,32,2011,22.007810337802223
2011-02-01,Aqua,0.0496,0.0949,0.063,23.81105099183029,56.0800730149092,32,2011,23.81105099183029
2011-02-02,Aqua,0.0675,0.1961,0.078,17.508562584777682,57.0200661943626,33,2011,17.508562584777682
2011-02-02,Terra,0.0786,0.1546,0.0816,12.359062903832978,45.566704874498605,33,2011,12.359062903832978
2011-02-09,Aqua,0.0435,0.1033,0.0554,24.019031326044658,58.40325301664249,40,2011,24.019031326044658
2011-02-10,Aqua,0.0435,0.0822,0.0596,30.46092541494695,58.582711605552696,41,2011,30.46092541494695
2011-02-10,Terra,0.0361,0.0824,0.0547,42.257504983633396,71.89734933476217,41,2011,42.257504983633396
2011-02-21,Aqua,0.0428,0.0163,0.085,101.84168777032588,54.94818033181106,52,2011,101.84168777032588
2011-02-21,Terra,0.3579,0.4253,0.3439,9.610550779341892,49.58803318399239,52,2011,9.610550779341892
2011-04-01,Terra,0.0186,0.0388,0.0335,74.1184014946569,76.92527351087041,91,2011,74.1184014946569
2011-04-12,Aqua,0.0214,0.0669,0.0357,57.77344926550572,66.40698181759663,102,2011,57.77344926550572
2011-04-12,Terra,0.0262,0.1216,0.0417,49.58336904727414,69.18162354583525,102,2011,49.58336904727414
2011-04-19,Aqua,0.0125,0.0588,0.0265,125.93231669100625,72.832876242111,109,2011,125.93231669100625
2011-04-19,Terra,0.0173,0.0318,0.0338,96.56637317469996,80.33439413662802,109,2011,96.56637317469996
2011-04-22,Aqua,0.0213,0.0705,0.0366,63.606131708694114,71.82845371554212,112,2011,63.606131708694114
2011-04-22,Terra,0.0184,0.0589,0.03,53.625791618669076,67.34742267153021,112,2011,53.625791618669076
2011-04-23,Terra,0.0255,0.0891,0.0417,54.14719293799935,64.29969227657634,113,2011,54.14719293799935
2011-05-01,Aqua,0.0235,0.0999,0.0351,40.32852809361849,95.22954036793173,121,2011,40.32852809361849
2011-05-01,Terra,0.0187,0.0779,0.0291,46.08148659168828,93.053815458558,121,2011,46.08148659168828
2011-05-04,Terra,0.0147,0.0628,0.0257,67.28695848557687,94.29495061277242,124,2011,67.28695848557687
2011-05-04,Aqua,0.0266,0.1461,0.0425,50.208133057214184,93.80290999691637,124,2011,50.208133057214184
2011-05-10,Aqua,0.0316,0.1093,0.0407,24.914055312710023,58.265745597297446,130,2011,24.914055312710023
2011-05-10,Terra,0.0276,0.0702,0.0387,32.83997961528189,52.29317404509724,130,2011,32.83997961528189
2011-05-12,Terra,0.0451,0.2786,0.0584,25.35226895308021,58.39726344961458,132,2011,25.35226895308021
2011-05-13,Terra,0.0238,0.0681,0.0345,36.58926842299344,108.3154292598891,133,2011,36.58926842299344
2011-05-19,Aqua,0.0281,0.0797,0.0386,30.71832937954104,53.743170554308556,139,2011,30.71832937954104
2011-05-19,Terra,0.0222,0.0642,0.0334,41.2921996188513,106.48080426006159,139,2011,41.2921996188513
2011-05-20,Terra,0.0094,0.114,0.0176,84.0855752054936,103.13437136394526,140,2011,84.0855752054936
2011-05-20,Aqua,0.0258,0.1721,0.0423,54.60508201744247,96.302149768747,140,2011,54.60508201744247
2011-05-24,Aqua,0.0207,0.1324,0.0354,62.6286829863219,102.35875476062223,144,2011,62.6286829863219
2011-05-24,Terra,0.013,0.063,0.0243,83.63235893336919,103.34681902331832,144,2011,83.63235893336919
2011-06-03,Terra,0.0209,0.1367,0.0346,56.35320753977866,100.3558426201715,154,2011,56.35320753977866
2011-06-09,Terra,0.0174,0.1148,0.0288,56.3166946958196,100.34761548499775,160,2011,56.3166946958196
2011-06-09,Aqua,0.0265,0.0596,0.0352,27.54093882036479,60.651109261328514,160,2011,27.54093882036479
2011-06-14,Aqua,0.0209,0.1025,0.0354,60.7009772302458,100.42388072915845,165,2011,60.7009772302458
2011-06-14,Terra,0.0091,0.0858,0.0193,126.10218846162783,100.54511461734735,165,2011,126.10218846162783
2011-06-16,Aqua,0.0237,0.055,0.0352,39.59705964132983,124.53030058042978,167,2011,39.59705964132983
2011-06-16,Terra,0.0172,0.0906,0.0282,54.6050820174425,100.83879137622262,167,2011,54.6050820174425
2011-06-17,Terra,0.023,0.1685,0.0391,61.428754876678106,101.07598568965153,168,2011,61.428754876678106
2011-06-17,Aqua,0.0166,0.0713,0.029,67.1229971329608,100.7114322209156,168,2011,67.1229971329608
2011-06-20,Terra,0.0264,0.1461,0.0426,51.850119633011694,118.66313908349449,171,2011,51.850119633011694
2011-06-20,Aqua,0.0283,0.047,0.0444,47.32091570641654,129.95238232704065,171,2011,47.32091570641654
2011-06-22,Terra,0.0336,0.177,0.0516,44.142853971101424,123.1037625156769,173,2011,44.142853971101424
2011-06-25,Aqua,0.0345,0.1162,0.0533,45.009739657305765,125.2348040841934,176,2011,45.009739657305765
2011-06-25,Terra,0.0325,0.1001,0.0487,40.75537989454429,127.45608834707245,176,2011,40.75537989454429
2011-07-01,Aqua,0.0179,0.0579,0.032,72.34492729611699,110.47813100022651,182,2011,72.34492729611699
2011-07-01,Terra,0.0228,0.0869,0.0415,76.7046871367105,109.60233120850451,182,2011,76.7046871367105
2011-07-02,Terra,0.0193,0.1072,0.0335,65.7293922488687,104.88651349743165,183,2011,65.7293922488687
2011-07-02,Aqua,0.0279,0.1,0.0481,64.29526650426375,105.42371069907672,183,2011,64.29526650426375
2011-07-03,Terra,0.0234,0.0939,0.0421,73.86047896206904,111.81002282790973,184,2011,73.86047896206904
2011-07-03,Aqua,0.0171,0.0689,0.0345,107.19894765882829,106.32265080455265,184,2011,107.19894765882829
2011-07-04,Terra,0.022,0.1948,0.0372,60.367102598345696,105.40353275290856,185,2011,60.367102598345696
2011-07-04,Aqua,0.057,0.1118,0.0753,27.05523256445062,63.11345072019899,185,2011,27.05523256445062
2011-07-05,Aqua,0.0216,0.1613,0.0424,98.05362469145427,107.83356538303619,186,2011,98.05362469145427
2011-07-05,Terra,0.0201,0.1247,0.0372,80.97318780465322,110.7333595687208,186,2011,80.97318780465322
2011-07-06,Aqua,0.0157,0.1931,0.0319,109.68971917588834,105.24856124735585,187,2011,109.68971917588834
2011-07-06,Terra,0.0248,0.0857,0.0406,54.341505314000486,108.18233975407536,187,2011,54.341505314000486
2011-07-08,Aqua,0.0139,0.0559,0.0254,77.69045841811779,108.67736324814653,189,2011,77.69045841811779
2011-07-08,Terra,0.0223,0.1924,0.0388,66.24284743502564,107.10697873161763,189,2011,66.24284743502564
2011-07-09,Terra,0.0139,0.0738,0.0252,75.71904070689548,108.67736324814653,190,2011,75.71904070689548
2011-07-09,Aqua,0.0197,0.1433,0.0404,113.0446087704517,106.69369650613375,190,2011,113.0446087704517
2011-07-10,Aqua,0.0099,0.0615,0.0222,151.1514193566249,101.30960386125193,191,2011,151.1514193566249
2011-07-10,Terra,0.0182,0.1079,0.0316,65.79250670171895,101.78663436456239,191,2011,65.79250670171895
2011-07-15,Terra,0.0185,0.1628,0.0324,67.66962982797851,101.96475244728059,196,2011,67.66962982797851
2011-07-15,Aqua,0.0118,0.0549,0.0208,69.10728679269535,103.19965849597546,196,2011,69.10728679269535
2011-07-20,Aqua,0.0741,0.1017,0.0836,16.196720969198758,61.48271384141992,201,2011,16.196720969198758
2011-07-22,Terra,0.0239,0.0609,0.0387,52.43857434080889,118.79380474472657,203,2011,52.43857434080889
2011-07-22,Aqua,0.0236,0.1161,0.0345,37.60710542892546,117.89862699579636,203,2011,37.60710542892546
2011-07-23,Aqua,0.0149,0.0905,0.0318,128.70115357528624,100.50946798389003,204,2011,128.70115357528624
2011-07-23,Terra,0.009,0.0936,0.0193,130.7150657432227,100.50946798389003,204,2011,130.7150657432227
2011-07-24,Terra,0.0168,0.0699,0.0285,61.01014839227503,98.28221795809317,205,2011,61.01014839227503
2011-07-24,Aqua,0.0121,0.0631,0.0253,120.40002204017836,100.50946798389003,205,2011,120.40002204017836
2011-07-26,Terra,0.0366,0.2399,0.0566,45.153934293109984,117.59694292358833,207,2011,45.153934293109984
2011-07-27,Terra,0.0216,0.0824,0.0337,46.471162197726265,113.13244798390899,208,2011,46.471162197726265
2011-07-27,Aqua,0.0251,0.1226,0.04,49.78851718207988,115.65031695550478,208,2011,49.78851718207988
2011-07-28,Terra,0.0188,0.1392,0.0346,79.51422189015784,107.43253525632757,209,2011,79.51422189015784
2011-07-28,Aqua,0.0204,0.1562,0.0381,83.4021927544749,106.77675894418903,209,2011,83.4021927544749
2011-07-29,Terra,0.015,0.1823,0.0274,77.59767728710538,106.70791078127566,210,2011,77.59767728710538
2011-07-29,Aqua,0.0345,0.1176,0.0486,33.33921495186772,55.46361670880922,210,2011,33.33921495186772
2011-07-30,Terra,0.0212,0.1596,0.0386,76.78408706823208,108.84656238601217,211,2011,76.78408706823208
2011-07-30,Aqua,0.0156,0.0937,0.0334,130.03871190569157,101.87433226548286,211,2011,130.03871190569157
2011-07-31,Terra,0.0141,0.0911,0.0277,98.3098257757416,104.01555825212911,212,2011,98.3098257757416
2011-07-31,Aqua,0.0189,0.0696,0.0307,52.976610062235714,101.85476759916855,212,2011,52.976610062235714
2011-08-01,Terra,0.0093,0.1041,0.0216,169.4360033127821,101.25399143290122,213,2011,169.4360033127821
2011-08-01,Aqua,0.0177,0.1408,0.0329,82.11831363102463,103.64381928495455,213,2011,82.11831363102463
2011-08-02,Aqua,0.0094,0.0678,0.0228,195.0964788186293,101.6725488479826,214,2011,195.0964788186293
2011-08-02,Terra,0.0187,0.1175,0.0345,80.14728378468004,106.40461314968994,214,2011,80.14728378468004
2011-08-03,Aqua,0.0175,0.1152,0.0348,102.27417809199925,103.6209022161094,215,2011,102.27417809199925
2011-08-03,Terra,0.0109,0.0585,0.0229,122.28393354277623,101.32125487154876,215,2011,122.28393354277623
2011-08-04,Terra,0.0221,0.1315,0.0383,65.39513338995049,102.62986306098762,216,2011,65.39513338995049
2011-08-04,Aqua,0.012,0.0758,0.0264,142.0501375028489,101.32125487154876,216,2011,142.0501375028489
2011-08-05,Aqua,0.0255,0.1138,0.0379,39.68749375999765,102.51405968830866,217,2011,39.68749375999765
2011-08-05,Terra,0.0367,0.0739,0.0486,27.268767040608218,61.35439189677273,217,2011,27.268767040608218
2011-08-06,Terra,0.0222,0.1704,0.0391,68.92254832749197,103.17412929239019,218,2011,68.92254832749197
2011-08-06,Aqua,0.0199,0.1746,0.0368,80.75999686045259,106.99350810918203,218,2011,80.75999686045259
2011-08-07,Aqua,0.021,0.0902,0.0339,51.917991322691094,97.1251626611717,219,2011,51.917991322691094
2011-08-07,Terra,0.0252,0.0817,0.0383,42.67657246154745,100.85631955548318,219,2011,42.67657246154745
2011-08-08,Aqua,0.0134,0.0746,0.0326,197.01310619911283,100.70325914279134,220,2011,197.01310619911283
2011-08-09,Terra,0.0171,0.0972,0.0336,98.37057280076134,102.54286629713062,221,2011,98.37057280076134
2011-08-09,Aqua,0.0125,0.0599,0.0258,115.43460727141813,100.5525955752001,221,2011,115.43460727141813
2011-08-10,Terra,0.0119,0.0653,0.0261,140.6436496129579,100.12774716212559,222,2011,140.6436496129579
2011-08-10,Aqua,0.0206,0.1284,0.0361,67.80487889688595,100.93583613015909,222,2011,67.80487889688595
2011-08-11,Aqua,0.0115,0.0719,0.0264,163.131695586768,100.12774716212559,223,2011,163.131695586768
2011-08-11,Terra,0.0203,0.1156,0.0358,69.21377330060491,101.71029678302493,223,2011,69.21377330060491
2011-08-12,Aqua,0.0196,0.1209,0.0341,66.22868761850242,98.33048360673837,224,2011,66.22868761850242
2011-08-12,Terra,0.0134,0.0918,0.0263,98.0087416048507,102.11382947504883,224,2011,98.0087416048507
2011-08-13,Terra,0.0192,0.0433,0.0378,98.99663630162038,109.64125382919946,225,2011,98.99663630162038
2011-08-13,Aqua,0.0175,0.1379,0.039,148.13648278911776,101.7261852503944,225,2011,148.13648278911776
2011-08-14,Aqua,0.0268,0.0732,0.0397,39.26095812320759,100.38484204662518,226,2011,39.26095812320759
2011-08-14,Terra,0.0254,0.0614,0.0412,52.734014114796366,93.98535735954698,226,2011,52.734014114796366
2011-08-16,Aqua,0.0115,0.1131,0.0254,143.88380646781468,101.28619591826289,228,2011,143.88380646781468
2011-08-16,Terra,0.0136,0.0935,0.0266,96.90830581940335,102.83365544413988,228,2011,96.90830581940335
2011-08-17,Terra,0.0095,0.0808,0.0203,129.21437013926467,101.2274900232486,229,2011,129.21437013926467
2011-08-17,Aqua,0.0173,0.1358,0.0353,111.20916495862737,101.52624275497057,229,2011,111.20916495862737
2011-08-18,Terra,0.0186,0.1211,0.0337,75.56682632657514,104.61208650418908,230,2011,75.56682632657514
2011-08-18,Aqua,0.01,0.049,0.0225,152.81805207848757,101.2274900232486,230,2011,152.81805207848757
2011-08-19,Aqua,0.0131,0.0422,0.0288,141.7298743704729,101.3140234975282,231,2011,141.7298743704729
2011-08-19,Terra,0.0106,0.0869,0.0224,124.62515464599234,101.3140234975282,231,2011,124.62515464599234
2011-08-20,Terra,0.0185,0.0968,0.0339,78.3968808311917,103.914837504498,232,2011,78.3968808311917
2011-08-20,Aqua,0.0119,0.0801,0.0252,125.47843957761987,100.896337665135,232,2011,125.47843957761987
2011-08-21,Terra,0.0129,0.0662,0.0242,84.616566677561,102.08341497316452,233,2011,84.616566677561
2011-08-21,Aqua,0.0238,0.0784,0.0373,47.15658551545082,95.00959389073924,233,2011,47.15658551545082
2011-08-22,Terra,0.0221,0.1564,0.039,69.36178990071123,101.87345426257477,234,2011,69.36178990071123
2011-08-22,Aqua,0.0332,0.1841,0.0517,46.18547328882215,92.95952087589104,234,2011,46.18547328882215
2011-08-23,Aqua,0.0603,0.1849,0.0612,11.481880612700051,48.05023004118306,235,2011,11.481880612700051
2011-08-23,Terra,0.0133,0.0967,0.0243,77.65307762251817,101.67545484723942,235,2011,77.65307762251817
2011-08-24,Aqua,0.0149,0.0724,0.0311,119.71599049966876,98.68989773694071,236,2011,119.71599049966876
2011-08-25,Terra,0.0143,0.0536,0.0266,82.31710995937745,96.90331369325533,237,2011,82.31710995937745
2011-08-25,Aqua,0.0079,0.0856,0.0192,196.36715647070824,95.74683610815376,237,2011,196.36715647070824
2011-08-26,Terra,0.0112,0.0941,0.0233,118.43565051051188,92.32317798922627,238,2011,118.43565051051188
2011-08-26,Aqua,0.0178,0.0839,0.0343,92.32706918462924,93.6262200421391,238,2011,92.32706918462924
2011-08-27,Aqua,0.0113,0.0647,0.0256,156.26458086172744,92.32317798922627,239,2011,156.26458086172744
2011-08-27,Terra,0.0216,0.1003,0.0353,54.03586089981433,79.64484307019943,239,2011,54.03586089981433
2011-08-28,Aqua,0.0195,0.0794,0.0336,64.18166810455021,89.84915435584685,240,2011,64.18166810455021
2011-08-29,Aqua,0.0227,0.2185,0.0444,96.91874264113805,93.24029638473478,241,2011,96.91874264113805
2011-08-29,Terra,0.0195,0.0952,0.0368,86.27173451235831,95.11084288955318,241,2011,86.27173451235831
2011-09-01,Aqua,0.01,0.0323,0.0216,133.82325522389038,89.95979771853325,244,2011,133.82325522389038
2011-09-01,Terra,0.0173,0.1647,0.0294,61.36086906429892,79.28042184283863,244,2011,61.36086906429892
2011-09-02,Terra,0.0097,0.0923,0.0199,113.1853572472967,89.95979771853325,245,2011,113.1853572472967
2011-09-02,Aqua,0.0169,0.1075,0.0336,102.20634367282976,91.0935758721767,245,2011,102.20634367282976
2011-09-03,Terra,0.0152,0.0919,0.0282,81.61749813726152,90.76883667035696,246,2011,81.61749813726152
2011-09-03,Aqua,0.011,0.0692,0.0238,134.55715464774744,89.95979771853325,246,2011,134.55715464774744
2011-09-04,Terra,0.0112,0.1045,0.0224,104.19768005148732,84.00440743553936,247,2011,104.19768005148732
2011-09-04,Aqua,0.0191,0.0622,0.0325,61.61348209069221,73.45512259883355,247,2011,61.61348209069221
2011-09-05,Aqua,0.0146,0.0883,0.0286,97.39594822108084,84.00440743553936,248,2011,97.39594822108084
2011-09-05,Terra,0.0238,0.1326,0.0386,52.71303405876527,70.71801992493731,248,2011,52.71303405876527
2011-09-06,Aqua,0.015,0.125,0.0281,84.23064380341711,80.05495997383449,249,2011,84.23064380341711
2011-09-06,Terra,0.0139,0.0772,0.0272,97.06178293339995,80.05495997383449,249,2011,97.06178293339995
2011-09-08,Aqua,0.0226,0.0968,0.0348,44.52800662973077,56.0917163432655,251,2011,44.52800662973077
2011-09-08,Terra,0.018,0.0883,0.0315,67.50000863923972,63.30253800441952,251,2011,67.50000863923972
2011-09-09,Terra,0.0111,0.0936,0.024,134.25929285500047,51.29916084931188,252,2011,134.25929285500047
2011-09-10,Terra,0.0277,0.1441,0.0437,48.18070578311532,40.37370179021457,253,2011,48.18070578311532
2011-09-10,Aqua,0.0152,0.1992,0.0294,93.46039003485497,51.44852017422108,253,2011,93.46039003485497
2011-09-11,Aqua,0.0268,0.0683,0.0427,49.75379348823496,43.5870537882859,254,2011,49.75379348823496
2011-09-11,Terra,0.0209,0.1016,0.0357,62.389551601477386,50.51253974362579,254,2011,62.389551601477386
2011-09-12,Terra,0.0478,0.2818,0.069,36.09384376782131,44.57312847475925,255,2011,36.09384376782131
2011-09-13,Terra,0.0143,0.0614,0.0287,105.38691891576043,50.72276598394586,256,2011,105.38691891576043
2011-09-13,Aqua,0.0207,0.2172,0.0344,57.05718794879825,44.57244570087457,256,2011,57.05718794879825
2011-09-18,Aqua,0.024,0.0821,0.0393,54.385035909744,39.17888959850491,261,2011,54.385035909744
2011-09-19,Aqua,0.0163,0.0968,0.03,79.52339036319871,51.336461577958545,262,2011,79.52339036319871
2011-09-19,Terra,0.0265,0.0541,0.039,38.43587543153106,42.815727938474346,262,2011,38.43587543153106
2011-09-20,Aqua,0.0169,0.1401,0.029,63.325707825819634,49.139212351858255,263,2011,63.325707825819634
2011-09-20,Terra,0.0118,0.0914,0.0234,101.35389719685352,49.353402382247346,263,2011,101.35389719685352
2011-09-21,Aqua,0.0126,0.0917,0.0277,141.71717583996653,49.2071180489473,264,2011,141.71717583996653
2011-09-21,Terra,0.0181,0.1257,0.0299,55.959193122899805,43.84437534603868,264,2011,55.959193122899805
2011-09-23,Aqua,0.0268,0.1979,0.0422,47.88439223373479,40.18434622436911,266,2011,47.88439223373479
2011-09-23,Terra,0.0202,0.1962,0.035,65.35117085460557,48.109307962072776,266,2011,65.35117085460557
2011-09-24,Aqua,0.012,0.0478,0.0251,120.54191576060181,49.05043954968921,267,2011,120.54191576060181
2011-09-24,Terra,0.0147,0.0444,0.0282,90.99420572006642,49.1964909811056,267,2011,90.99420572006642
2011-09-28,Aqua,0.0128,0.1146,0.0237,81.08935721611373,46.53927428953028,271,2011,81.08935721611373
2011-09-28,Terra,0.0237,0.1201,0.0364,44.15693907800589,40.54194335313999,271,2011,44.15693907800589
2011-09-29,Terra,0.0131,0.0606,0.0246,84.89458965590013,46.07115801009543,272,2011,84.89458965590013
2011-09-29,Aqua,0.014,0.0998,0.0262,83.95250142261293,46.07115801009543,272,2011,83.95250142261293
2011-10-08,Aqua,0.0112,0.0765,0.0197,68.62619112390497,45.46471432448602,281,2011,68.62619112390497
2011-10-08,Terra,0.0146,0.0561,0.0213,37.36006023344058,38.210567140788115,281,2011,37.36006023344058
2011-10-14,Terra,0.0165,0.0867,0.027,54.26242059756605,36.41754693460736,287,2011,54.26242059756605
2011-10-16,Aqua,0.0824,0.2941,0.0938,16.675046383944935,60.97418756129888,289,2011,16.675046383944935
2011-10-17,Aqua,0.0151,0.0808,0.0208,30.996797301000836,52.50241717425423,290,2011,30.996797301000836
2011-10-17,Terra,0.0118,0.0975,0.0193,54.179400539223465,36.47358967857758,290,2011,54.179400539223465
2011-10-18,Terra,0.022,0.1233,0.0348,48.599093433771834,39.665641944419846,291,2011,48.599093433771834
2011-10-18,Aqua,0.0243,0.1185,0.0362,39.98671103223927,37.68368238494066,291,2011,39.98671103223927
2011-10-23,Terra,0.0206,0.1109,0.0299,36.743494050415144,39.65433968658227,296,2011,36.743494050415144
2011-10-24,Terra,0.0319,0.1494,0.0386,20.337475833014913,56.927486454259885,297,2011,20.337475833014913
2011-10-24,Aqua,0.0227,0.0889,0.0272,19.700036698125825,57.254000711178755,297,2011,19.700036698125825
2011-10-25,Aqua,0.0311,0.1522,0.0415,27.954516455474,60.394925024747096,298,2011,27.954516455474
2011-10-25,Terra,0.0302,0.1489,0.0413,30.27588236653902,58.433868352559664,298,2011,30.27588236653902
2011-10-26,Terra,0.0255,0.0833,0.0331,25.55263506384383,60.091385533792156,299,2011,25.55263506384383
2011-10-27,Aqua,0.0415,0.1508,0.0489,18.65475353080901,56.8694008212427,300,2011,18.65475353080901
2011-10-27,Terra,0.0617,0.1186,0.0753,20.910771999293306,57.960245300264724,300,2011,20.910771999293306
2011-10-29,Aqua,0.0244,0.0798,0.0319,26.155161082061596,59.93236385903348,302,2011,26.155161082061596
2011-11-01,Aqua,0.0452,0.1741,0.055,20.71048277687258,57.469860597175824,305,2011,20.71048277687258
2011-11-01,Terra,0.0461,0.1404,0.0516,15.785001575705488,61.03089646164869,305,2011,15.785001575705488
2011-11-02,Aqua,0.0359,0.0764,0.0363,11.34330198900087,49.620331232959614,306,2011,11.34330198900087
2011-11-02,Terra,0.0321,0.1128,0.0353,14.90310971066397,47.793101411229465,306,2011,14.90310971066397
2011-11-08,Aqua,0.0455,0.2011,0.0534,18.4145743347784,56.73500025649465,312,2011,18.4145743347784
2011-11-11,Aqua,0.0461,0.0774,0.0457,10.63622818117369,49.20920273945369,315,2011,10.63622818117369
2011-11-25,Aqua,0.0548,0.0986,0.0488,7.50500596549998,49.56487906404164,329,2011,7.50500596549998
2011-11-29,Aqua,0.048,0.0977,0.0483,11.165833675672086,48.6793132778029,333,2011,11.165833675672086
2011-11-29,Terra,0.0496,0.1732,0.0478,9.702780573940958,49.56487906404164,333,2011,9.702780573940958
2011-12-01,Terra,0.0417,0.0638,0.0381,8.158360355955102,49.65422783859922,335,2011,8.158360355955102
2011-12-01,Aqua,0.0335,0.1,0.0348,12.38377609654763,46.50327771802226,335,2011,12.38377609654763
2011-12-02,Terra,0.0363,0.0995,0.0384,13.13732842371368,46.283036458061815,336,2011,13.13732842371368
2011-12-02,Aqua,0.0426,0.0876,0.041,9.661321602430741,49.65422783859922,336,2011,9.661321602430741
2011-12-03,Aqua,0.0558,0.1463,0.0568,11.592440841677643,48.80224321616868,337,2011,11.592440841677643
2011-12-03,Terra,0.0452,0.1139,0.0511,16.30553777296324,60.02161431299884,337,2011,16.30553777296324
2011-12-04,Aqua,0.0417,0.0689,0.0351,6.24878331611635,49.694409933771446,338,2011,6.24878331611635
2011-12-04,Terra,0.027,0.0881,0.0263,10.04618991923336,48.950141869498715,338,2011,10.04618991923336
2011-12-05,Terra,0.0494,0.2102,0.0545,15.060120625510853,46.757500863061914,339,2011,15.060120625510853
2011-12-05,Aqua,0.0443,0.1575,0.0376,6.420116515462882,49.694409933771446,339,2011,6.420116515462882
2011-12-06,Terra,0.0242,0.0686,0.0286,18.835775001248095,56.01237078016676,340,2011,18.835775001248095
2011-12-06,Aqua,0.028,0.0675,0.0298,13.398926864906068,46.44888643732768,340,2011,13.398926864906068
2011-12-07,Aqua,0.0416,0.0845,0.0436,12.746744657581582,46.176027484623866,341,2011,12.746744657581582
2011-12-07,Terra,0.0235,0.0623,0.0224,9.362673844816698,49.09164049760477,341,2011,9.362673844816698
2011-12-08,Aqua,0.0395,0.1093,0.0411,12.449804055184963,46.176027484623866,342,2011,12.449804055184963
2011-12-08,Terra,0.0487,0.116,0.0449,8.401867383097423,49.65422783859922,342,2011,8.401867383097423
2011-12-09,Terra,0.0315,0.1012,0.0318,11.284382445201048,48.14022957347336,343,2011,11.284382445201048
2011-12-09,Aqua,0.0532,0.1162,0.0448,6.257927490041772,49.65422783859922,343,2011,6.257927490041772
2011-12-10,Aqua,0.0444,0.1635,0.047,13.165910458060752,46.08986632468987,344,2011,13.165910458060752
2011-12-10,Terra,0.0545,0.1653,0.0535,10.302515092867129,49.651765000297836,344,2011,10.302515092867129
2011-12-12,Terra,0.0538,0.2424,0.0569,13.128026599059826,46.25004448408088,346,2011,13.128026599059826
2011-12-12,Aqua,0.0505,0.1805,0.0581,17.260489377674176,60.71673408563577,346,2011,17.260489377674176
2011-12-13,Aqua,0.0398,0.0555,0.0344,6.810835919798988,49.694409933771446,347,2011,6.810835919798988
2011-12-13,Terra,0.0371,0.0955,0.0344,8.558496752951177,49.694409933771446,347,2011,8.558496752951177
2011-12-16,Terra,0.0236,0.0525,0.0249,13.02594982932248,45.78339439591554,350,2011,13.02594982932248
2011-12-16,Aqua,0.0466,0.0937,0.0301,2.6419037241273333,48.950141869498715,350,2011,2.6419037241273333
2011-12-17,Terra,0.0449,0.1087,0.0466,12.34722166194663,46.08986632468987,351,2011,12.34722166194663
2011-12-17,Aqua,0.0415,0.1341,0.042,11.376386533804437,48.767860627547435,351,2011,11.376386533804437
2011-12-21,Terra,0.0456,0.1156,0.0505,15.248107295621208,46.835546051941364,355,2011,15.248107295621208
2011-12-21,Aqua,0.1352,0.268,0.14,12.256207981800982,47.79601340496728,355,2011,12.256207981800982
2011-12-22,Terra,0.0477,0.1268,0.0464,10.001734427588165,49.56487906404164,356,2011,10.001734427588165
2011-12-22,Aqua,0.034,0.117,0.036,13.176628736926471,46.50327771802226,356,2011,13.176628736926471
2011-12-23,Aqua,0.0388,0.0901,0.0383,10.490069078798822,49.65422783859922,357,2011,10.490069078798822
2011-12-23,Terra,0.0664,0.1332,0.063,9.222998373490022,49.991341681349844,357,2011,9.222998373490022
2012-01-03,Terra,0.1694,0.184,0.178,12.853443773541727,47.48069034484046,3,2012,12.853443773541727
2012-01-04,Terra,0.0602,0.3274,0.0631,12.750534671623111,46.30266388219036,4,2012,12.750534671623111
2012-01-08,Terra,0.039,0.0926,0.0457,18.321303760132057,56.1299527104669,8,2012,18.321303760132057
2012-01-08,Aqua,0.0467,0.085,0.0553,18.95709688033065,56.25303131412905,8,2012,18.95709688033065
2012-01-09,Aqua,0.0832,0.1327,0.0875,12.889882252799099,47.64751633112103,9,2012,12.889882252799099
2012-01-10,Aqua,0.0437,0.0532,0.0542,22.037174135075798,56.55682014066434,10,2012,22.037174135075798
2012-01-10,Terra,0.033,0.0195,0.0453,30.65016613840097,22.48522019696356,10,2012,30.65016613840097
2012-01-11,Aqua,0.0377,0.1282,0.0444,18.62417305902549,56.277339884263114,11,2012,18.62417305902549
2012-01-12,Aqua,0.0381,0.0992,0.0435,16.836699647789978,60.42282664462234,12,2012,16.836699647789978
2012-01-23,Aqua,0.0818,0.0956,0.077,8.988836110243852,48.90507968121438,23,2012,8.988836110243852
2012-01-27,Aqua,0.0436,0.1075,0.0566,25.560695624312597,58.63171541794435,27,2012,25.560695624312597
2012-01-27,Terra,0.0451,0.1084,0.0591,26.35369811648225,58.839049518260715,27,2012,26.35369811648225
2012-02-02,Aqua,0.0325,0.1179,0.0421,25.383117194705154,58.901301573729114,33,2012,25.383117194705154
2012-02-02,Terra,0.0234,0.0842,0.0317,29.360746147645987,61.455259271786545,33,2012,29.360746147645987
2012-02-03,Terra,0.0391,0.1017,0.0461,18.69157719788397,55.221048025135495,34,2012,18.69157719788397
2012-02-03,Aqua,0.0336,0.0922,0.0444,27.08027388354609,59.38530958440642,34,2012,27.08027388354609
2012-02-05,Aqua,0.0512,0.1318,0.0607,19.029684812191867,55.30373963138856,36,2012,19.029684812191867
2012-02-06,Terra,0.0285,0.1101,0.0398,32.409214375696344,52.71247206835058,37,2012,32.409214375696344
2012-02-06,Aqua,0.0299,0.0797,0.0447,40.44859435978622,68.1139042637477,37,2012,40.44859435978622
2012-02-12,Terra,0.0299,0.1491,0.0359,19.830284684664793,56.015449058649885,43,2012,19.830284684664793
2012-02-12,Aqua,0.0864,0.1751,0.0882,11.700620736600355,48.56816216642464,43,2012,11.700620736600355
2012-02-24,Aqua,0.0197,0.0605,0.0382,94.22857779360115,70.78849013101741,55,2012,94.22857779360115
2012-02-24,Terra,0.0182,0.0727,0.03,55.565625814118086,63.851623317027496,55,2012,55.565625814118086
2012-02-27,Aqua,0.106,0.1036,0.0895,6.312075489129583,49.6191187661052,58,2012,6.312075489129583
2012-03-04,Aqua,0.1175,0.2018,0.1169,10.76128819736863,48.97434264463314,64,2012,10.76128819736863
2012-03-04,Terra,0.2044,0.2689,0.2072,11.436818654888773,48.80697536748609,64,2012,11.436818654888773
2012-03-07,Aqua,0.0337,0.1734,0.0478,34.091583302472046,66.38183450351245,67,2012,34.091583302472046
2012-03-08,Aqua,0.0426,0.1736,0.0535,22.950862403285104,55.43564344887664,68,2012,22.950862403285104
2012-03-08,Terra,0.0399,0.1539,0.0516,25.24629689275659,58.59257417873149,68,2012,25.24629689275659
2012-03-23,Aqua,0.0582,0.0541,0.0643,15.130010214609754,46.19731196706301,83,2012,15.130010214609754
2012-03-24,Aqua,0.0387,0.1512,0.0497,24.679791737658004,58.59257417873149,84,2012,24.679791737658004
2012-03-26,Terra,0.0468,0.1411,0.0606,25.350459417108198,58.77800878334851,86,2012,25.350459417108198
2012-04-14,Terra,0.026,0.0405,0.045,65.11796296922437,76.03170265010228,105,2012,65.11796296922437
2012-04-14,Aqua,0.0262,0.054,0.0393,40.891585950023426,76.52449407661128,105,2012,40.891585950023426
2012-04-21,Terra,0.0243,0.0906,0.037,42.932046733554365,74.32643356066599,112,2012,42.932046733554365
2012-04-21,Aqua,0.0137,0.0834,0.0226,55.70641313067488,67.33993809176599,112,2012,55.70641313067488
2012-04-22,Terra,0.0154,0.0973,0.0295,90.56571278256523,73.98319435079524,113,2012,90.56571278256523
2012-04-22,Aqua,0.022,0.0712,0.0374,61.428754876678106,67.53640274188731,113,2012,61.428754876678106
2012-04-23,Aqua,0.0112,0.061,0.0246,141.30173421260054,88.32116094984237,114,2012,141.30173421260054
2012-04-23,Terra,0.0244,0.0992,0.0378,45.41383727511582,87.91414032592448,114,2012,45.41383727511582
2012-04-29,Aqua,0.0285,0.1251,0.0437,43.92072196695363,92.52648010773463,120,2012,43.92072196695363
2012-05-06,Aqua,0.0225,0.14,0.0393,67.08286883606621,94.73444800283929,127,2012,67.08286883606621
2012-05-06,Terra,0.016,0.0726,0.0271,60.697492795173346,88.5020146082243,127,2012,60.697492795173346
2012-05-07,Aqua,0.012,0.0967,0.0237,100.0221223197696,100.96423556408438,128,2012,100.0221223197696
2012-05-07,Terra,0.02,0.0931,0.0322,51.47117313486658,99.93997630415556,128,2012,51.47117313486658
2012-05-09,Aqua,0.0122,0.0566,0.0244,104.19768005148732,100.89057630270233,130,2012,104.19768005148732
2012-05-09,Terra,0.0252,0.1645,0.0392,46.02430280980021,102.2471052909946,130,2012,46.02430280980021
2012-05-10,Terra,0.0194,0.0647,0.0311,50.756658518547376,103.86777449578082,131,2012,50.756658518547376
2012-05-10,Aqua,0.0243,0.0916,0.036,39.272868371107826,109.37814889096524,131,2012,39.272868371107826
2012-05-11,Aqua,0.032,0.1727,0.0468,37.660294595496076,107.78604513151848,132,2012,37.660294595496076
2012-05-12,Terra,0.0152,0.051,0.0255,58.83945877098098,94.00571120413413,133,2012,58.83945877098098
2012-05-12,Aqua,0.0188,0.0559,0.0284,41.84207490666885,105.21830506700928,133,2012,41.84207490666885
2012-05-13,Terra,0.015,0.0857,0.0267,71.3354509821738,106.50579668863146,134,2012,71.3354509821738
2012-05-13,Aqua,0.0186,0.1,0.0353,87.86779419566632,103.57757647060676,134,2012,87.86779419566632
2012-05-14,Terra,0.0224,0.1569,0.0357,49.801165302323255,107.2774671403187,135,2012,49.801165302323255
2012-05-15,Terra,0.0277,0.0903,0.0397,35.26304722747179,111.47881219725781,136,2012,35.26304722747179
2012-05-16,Terra,0.0198,0.1229,0.0333,59.318223333142626,94.43320846988334,137,2012,59.318223333142626
2012-05-17,Aqua,0.0219,0.0417,0.0342,46.612573519888855,113.40107103134439,138,2012,46.612573519888855
2012-05-17,Terra,0.0205,0.0894,0.0314,43.76946763065315,107.02326766654097,138,2012,43.76946763065315
2012-05-18,Aqua,0.0313,0.0995,0.0422,28.908097723780156,62.60379081466848,139,2012,28.908097723780156
2012-05-26,Aqua,0.0418,0.1435,0.06,35.43884099016761,114.5556624355909,147,2012,35.43884099016761
2012-05-30,Terra,0.0736,0.1244,0.0864,18.42920290314598,57.66076850361253,151,2012,18.42920290314598
2012-06-01,Terra,0.0173,0.0787,0.0325,85.0048988138417,103.4526542468906,153,2012,85.0048988138417
2012-06-01,Aqua,0.0114,0.1361,0.022,92.77308642255278,103.4526542468906,153,2012,92.77308642255278
2012-06-06,Aqua,0.0388,0.1015,0.0513,27.129370387823986,60.48400183093702,158,2012,27.129370387823986
2012-06-06,Terra,0.0226,0.1109,0.0388,63.42629227553997,103.16236704514785,158,2012,63.42629227553997
2012-06-10,Aqua,0.018,0.1025,0.0305,60.778444864231176,98.44331552198707,162,2012,60.778444864231176
2012-06-10,Terra,0.0252,0.1575,0.0449,71.56321525344626,107.03293951074798,162,2012,71.56321525344626
2012-06-11,Aqua,0.041,0.1818,0.0601,37.94180595917962,124.1857703426553,163,2012,37.94180595917962
2012-06-11,Terra,0.0407,0.0914,0.056,30.882655585073834,55.766009152985944,163,2012,30.882655585073834
2012-06-13,Aqua,0.0225,0.2074,0.037,55.13852366453358,102.99148342359831,165,2012,55.13852366453358
2012-06-13,Terra,0.0666,0.1091,0.0815,21.09530397016909,57.22664673554527,165,2012,21.09530397016909
2012-06-14,Terra,0.0301,0.1425,0.0507,59.61312925355773,97.6081545248807,166,2012,59.61312925355773
2012-06-14,Aqua,0.0298,0.1703,0.0501,59.248284023346216,97.6081545248807,166,2012,59.248284023346216
2012-06-15,Terra,0.0264,0.1006,0.0446,60.19140469332946,100.49682683539984,167,2012,60.19140469332946
2012-06-16,Terra,0.0264,0.1136,0.0406,44.34546612268603,120.47925640503995,168,2012,44.34546612268603
2012-06-16,Aqua,0.025,0.1818,0.045,73.97462499465358,108.57542859394945,168,2012,73.97462499465358
2012-06-17,Aqua,0.1714,0.2902,0.1866,14.42354705856853,48.99609589467853,169,2012,14.42354705856853
2012-06-20,Aqua,0.0376,0.1933,0.0577,44.036417361456614,124.8326449275368,172,2012,44.036417361456614
2012-06-20,Terra,0.053,0.0847,0.0633,19.492415150030578,59.386031854994684,172,2012,19.492415150030578
2012-06-21,Terra,0.0221,0.1625,0.039,69.36178990071123,104.31492323222238,173,2012,69.36178990071123
2012-06-24,Terra,0.0793,0.1256,0.0782,10.456080751704478,50.0130957046338,176,2012,10.456080751704478
2012-06-27,Aqua,0.0196,0.1316,0.0358,77.57888696455528,110.8658012123568,179,2012,77.57888696455528
2012-06-27,Terra,0.0265,0.0757,0.0345,25.799723394049785,61.67570098869231,179,2012,25.799723394049785
2012-07-02,Aqua,0.0204,0.1592,0.0426,119.90014510622582,105.57687515350291,184,2012,119.90014510622582
2012-07-02,Terra,0.0109,0.0753,0.0235,133.0118109598301,104.80348022579972,184,2012,133.0118109598301
2012-07-04,Terra,0.0131,0.0963,0.0266,109.4594581784161,105.24856124735585,186,2012,109.4594581784161
2012-07-04,Aqua,0.0256,0.102,0.0388,42.29283739753398,125.00499913876389,186,2012,42.29283739753398
2012-07-05,Terra,0.0208,0.0997,0.0352,60.529600187109594,104.06442626813602,187,2012,60.529600187109594
2012-07-05,Aqua,0.0123,0.095,0.0244,101.46843738753523,106.1672230723609,187,2012,101.46843738753523
2012-07-06,Terra,0.018,0.181,0.031,64.07821428642654,105.10047002882949,188,2012,64.07821428642654
2012-07-06,Aqua,0.0235,0.2416,0.045,90.45956615525972,107.67293417067492,188,2012,90.45956615525972
2012-07-07,Aqua,0.0205,0.1371,0.0383,83.495970536868,108.74684375164114,189,2012,83.495970536868
2012-07-07,Terra,0.0222,0.1295,0.0382,63.89675079143972,107.77062673588158,189,2012,63.89675079143972
2012-07-08,Terra,0.0329,0.1221,0.0525,50.004107823554016,123.30328090862163,190,2012,50.004107823554016
2012-07-09,Terra,0.014,0.0995,0.0264,86.05414316248925,103.6259057341959,191,2012,86.05414316248925
2012-07-10,Terra,0.0308,0.262,0.0494,50.83940255235196,117.32579550475567,192,2012,50.83940255235196
2012-07-10,Aqua,0.0253,0.104,0.0378,40.368409062687945,124.15370315237799,192,2012,40.368409062687945
2012-07-11,Terra,0.0113,0.0691,0.0216,89.9400379614709,103.80591151931112,193,2012,89.9400379614709
2012-07-11,Aqua,0.017,0.0996,0.0347,111.3357481057608,101.78672337722705,193,2012,111.3357481057608
2012-07-12,Terra,0.0215,0.1181,0.0365,61.15594883365676,102.38388139839714,194,2012,61.15594883365676
2012-07-13,Terra,0.0189,0.0993,0.0297,47.56888448895646,117.60913497018052,195,2012,47.56888448895646
2012-07-13,Aqua,0.0263,0.0549,0.0372,33.783946355632935,123.16565541272391,195,2012,33.783946355632935
2012-07-19,Aqua,0.0157,0.0738,0.0287,77.78551408770119,105.1255228838214,201,2012,77.78551408770119
2012-07-21,Aqua,0.0101,0.0892,0.0221,139.57097431323209,100.50946798389003,203,2012,139.57097431323209
2012-07-21,Terra,0.0161,0.1159,0.0319,101.07425547798381,102.78730252667452,203,2012,101.07425547798381
2012-07-23,Terra,0.017,0.1119,0.0329,93.63073597976998,103.00529427834209,205,2012,93.63073597976998
2012-07-23,Aqua,0.0168,0.1216,0.0331,99.24013612401801,103.35121163073062,205,2012,99.24013612401801
2012-07-24,Aqua,0.0284,0.0783,0.0361,23.869948743944665,57.89810705036548,206,2012,23.869948743944665
2012-07-24,Terra,0.0182,0.1151,0.031,61.81692223683463,98.57499614448696,206,2012,61.81692223683463
2012-07-25,Terra,0.0116,0.1002,0.0238,113.21724472015362,101.95138815035641,207,2012,113.21724472015362
2012-07-25,Aqua,0.017,0.0792,0.0337,101.23796602783159,104.35205969015686,207,2012,101.23796602783159
2012-07-26,Terra,0.0146,0.0558,0.0266,76.94368027532785,106.70791078127566,208,2012,76.94368027532785
2012-07-26,Aqua,0.0111,0.0682,0.0226,110.42669167263047,101.95138815035641,208,2012,110.42669167263047
2012-07-27,Aqua,0.0207,0.142,0.039,85.80862826176902,106.77675894418903,209,2012,85.80862826176902
2012-07-27,Terra,0.0197,0.0784,0.0334,60.89363224045346,98.35040206633794,209,2012,60.89363224045346
2012-07-28,Aqua,0.0106,0.073,0.0228,132.00748578003336,101.95138815035641,210,2012,132.00748578003336
2012-07-28,Terra,0.014,0.0754,0.0272,94.82567299821663,104.46494400642625,210,2012,94.82567299821663
2012-07-29,Aqua,0.0226,0.0701,0.0348,44.52800662973077,113.41301851218643,211,2012,44.52800662973077
2012-07-29,Terra,0.0242,0.0661,0.0351,36.657708441203724,121.06958131296913,211,2012,36.657708441203724
2012-07-30,Aqua,0.0223,0.172,0.0402,74.3347521170109,108.17164904948687,212,2012,74.3347521170109
2012-07-30,Terra,0.0198,0.0986,0.0359,75.74371398964054,108.45446694968965,212,2012,75.74371398964054
2012-07-31,Terra,0.0107,0.0383,0.0225,122.64127242619202,101.25399143290122,213,2012,122.64127242619202
2012-07-31,Aqua,0.0337,0.0946,0.0399,18.947837755395184,57.519928633169556,213,2012,18.947837755395184
2012-08-01,Terra,0.0199,0.1569,0.0358,73.84041564627792,110.25636558689304,214,2012,73.84041564627792
2012-08-01,Aqua,0.0141,0.0932,0.0309,140.27121353025316,101.6725488479826,214,2012,140.27121353025316
2012-08-02,Terra,0.0203,0.1395,0.0374,79.78692365855625,106.99350810918203,215,2012,79.78692365855625
2012-08-02,Aqua,0.0143,0.0657,0.0259,75.48018795770514,104.94021657699602,215,2012,75.48018795770514
2012-08-03,Terra,0.0103,0.1128,0.0213,116.1564720136363,101.32125487154876,216,2012,116.1564720136363
2012-08-03,Aqua,0.0132,0.0969,0.0292,144.6106388050209,101.32125487154876,216,2012,144.6106388050209
2012-08-04,Terra,0.013,0.0778,0.0258,101.61412081792137,103.31908107062051,217,2012,101.61412081792137
2012-08-04,Aqua,0.0097,0.0904,0.0202,118.8279779099021,101.32125487154876,217,2012,118.8279779099021
2012-08-05,Aqua,0.0207,0.0934,0.0339,54.40460099244249,94.11424350772288,218,2012,54.40460099244249
2012-08-06,Aqua,0.0087,0.0782,0.0218,216.8664270469045,101.32125487154876,219,2012,216.8664270469045
2012-08-06,Terra,0.0158,0.0998,0.0296,84.24298130726784,102.97321753810748,219,2012,84.24298130726784
2012-08-07,Terra,0.0194,0.193,0.0321,56.25772532330919,91.60541953565013,220,2012,56.25772532330919
2012-08-07,Aqua,0.0304,0.058,0.0416,30.338651077613786,60.04880966917338,220,2012,30.338651077613786
2012-08-08,Aqua,0.0165,0.1213,0.0348,123.83752478061056,100.85035146823265,221,2012,123.83752478061056
2012-08-08,Terra,0.0205,0.1553,0.036,68.26771132291378,101.36239367352877,221,2012,68.26771132291378
2012-08-09,Aqua,0.0159,0.0821,0.0258,52.796856896867574,91.72663772002291,222,2012,52.796856896867574
2012-08-10,Terra,0.0125,0.1045,0.0237,87.58969127782761,101.7699908631053,223,2012,87.58969127782761
2012-08-10,Aqua,0.0184,0.0882,0.034,80.55851911532805,103.72551861078139,223,2012,80.55851911532805
2012-08-11,Terra,0.0148,0.0521,0.0276,82.99890949177946,101.7699908631053,224,2012,82.99890949177946
2012-08-11,Aqua,0.0114,0.0848,0.0229,105.69093726606428,102.11382947504883,224,2012,105.69093726606428
2012-08-12,Terra,0.0144,0.087,0.0276,90.73218252009764,101.7699908631053,225,2012,90.73218252009764
2012-08-12,Aqua,0.0201,0.0829,0.0357,70.83103786965955,101.82504641116009,225,2012,70.83103786965955
2012-08-13,Terra,0.019,0.0704,0.0336,69.83769916806054,99.55088356884539,226,2012,69.83769916806054
2012-08-13,Aqua,0.0127,0.0575,0.0263,116.68784426750318,100.12774716212559,226,2012,116.68784426750318
2012-08-14,Terra,0.0151,0.0919,0.0274,75.93923794542935,104.35351322398058,227,2012,75.93923794542935
2012-08-14,Aqua,0.021,0.0836,0.0339,51.917991322691094,94.26447778415925,227,2012,51.917991322691094
2012-08-15,Aqua,0.023,0.1005,0.0411,72.24590007184571,107.53441949771337,228,2012,72.24590007184571
2012-08-16,Terra,0.0177,0.1139,0.0314,70.55805738924495,100.45588418538156,229,2012,70.55805738924495
2012-08-16,Aqua,0.0193,0.0948,0.0308,50.0153406604842,93.69062897073383,229,2012,50.0153406604842
2012-08-17,Terra,0.0212,0.1517,0.0352,56.894544896241435,90.65489070390774,230,2012,56.894544896241435
2012-08-19,Aqua,0.013,0.0466,0.027,117.80117545334186,100.896337665135,232,2012,117.80117545334186
2012-08-19,Terra,0.0103,0.1023,0.0208,107.52296679267772,102.4277821970399,232,2012,107.52296679267772
2012-08-21,Aqua,0.0132,0.1004,0.0275,118.98743958907326,100.896337665135,234,2012,118.98743958907326
2012-08-21,Terra,0.0109,0.078,0.0206,86.6779883975991,102.08341497316452,234,2012,86.6779883975991
2012-08-22,Terra,0.0157,0.1253,0.0287,77.78551408770119,101.67545484723942,235,2012,77.78551408770119
2012-08-22,Aqua,0.0089,0.0854,0.0208,172.899068592517,98.68989773694071,235,2012,172.899068592517
2012-08-23,Terra,0.0192,0.0875,0.0287,40.431740736741936,91.39094692118408,236,2012,40.431740736741936
2012-08-23,Aqua,0.0174,0.0989,0.0285,54.43159531005519,85.00843933523464,236,2012,54.43159531005519
2012-08-24,Terra,0.0192,0.1441,0.0347,74.95340457452198,99.22581068574641,237,2012,74.95340457452198
2012-08-25,Terra,0.0178,0.0608,0.0299,59.08426904180349,80.79406285878824,238,2012,59.08426904180349
2012-08-25,Aqua,0.0198,0.1128,0.0334,59.89936222824157,80.92773851704148,238,2012,59.89936222824157
2012-08-26,Aqua,0.0214,0.0987,0.04,83.62190128433512,94.12683731172014,239,2012,83.62190128433512
2012-08-26,Terra,0.022,0.0856,0.0352,50.43896452208963,80.76799556209585,239,2012,50.43896452208963
2012-08-27,Aqua,0.0133,0.0802,0.0275,116.10315427777539,93.13591237930443,240,2012,116.10315427777539
2012-08-27,Terra,0.016,0.0216,0.028,67.50000863923968,100.64022689031599,240,2012,67.50000863923968
2012-08-29,Terra,0.0129,0.0941,0.0263,110.90771146929785,90.9293126357434,242,2012,110.90771146929785
2012-08-29,Aqua,0.008,0.0666,0.0199,211.77365466848448,90.9293126357434,242,2012,211.77365466848448
2012-08-30,Aqua,0.0135,0.0929,0.0273,108.00928012733114,92.06916481678104,243,2012,108.00928012733114
2012-08-30,Terra,0.0103,0.0693,0.0203,99.34428176963961,92.06916481678104,243,2012,99.34428176963961
2012-08-31,Aqua,0.0201,0.1385,0.0369,78.86921125637305,92.46193222114718,244,2012,78.86921125637305
2012-08-31,Terra,0.0168,0.1188,0.0314,83.60571861257242,90.76883667035696,244,2012,83.60571861257242
2012-09-01,Aqua,0.0155,0.0319,0.026,58.8152611026984,82.01015612740521,245,2012,58.8152611026984
2012-09-01,Terra,0.0141,0.0599,0.0242,63.3659996698863,86.96371786755412,245,2012,63.3659996698863
2012-09-02,Aqua,0.0212,0.1671,0.0359,60.65628178120229,80.0498961712536,246,2012,60.65628178120229
2012-09-02,Terra,0.012,0.0794,0.0223,82.05746336148901,90.76883667035696,246,2012,82.05746336148901
2012-09-03,Aqua,0.0113,0.0767,0.0237,121.6091798921202,83.10813997191146,247,2012,121.6091798921202
2012-09-03,Terra,0.0139,0.1588,0.0262,85.93220814737434,84.00440743553936,247,2012,85.93220814737434
2012-09-04,Aqua,0.0246,0.0894,0.0408,56.68971630677652,72.15337234934356,248,2012,56.68971630677652
2012-09-04,Terra,0.0131,0.0901,0.0246,84.89458965590013,84.00440743553936,248,2012,84.89458965590013
2012-09-05,Aqua,0.0096,0.0751,0.0212,143.80707821113572,79.1800722273237,249,2012,143.80707821113572
2012-09-05,Terra,0.0155,0.1247,0.0287,81.09653459200644,80.53104761946757,249,2012,81.09653459200644
2012-09-06,Aqua,0.0195,0.1105,0.0338,65.43215105841308,77.08471911752477,250,2012,65.43215105841308
2012-09-06,Terra,0.0142,0.0716,0.0263,81.16772561935043,80.33386571035194,250,2012,81.16772561935043
2012-09-07,Terra,0.0218,0.0938,0.0366,58.98412234173754,56.11842164965703,251,2012,58.98412234173754
2012-09-07,Aqua,0.017,0.0827,0.0308,75.55824935720618,65.02109777649325,251,2012,75.55824935720618
2012-09-09,Aqua,0.0185,0.1397,0.0394,127.82123379808013,50.27268085965039,253,2012,127.82123379808013
2012-09-11,Aqua,0.0204,0.0943,0.0354,65.67311965349752,50.51253974362579,255,2012,65.67311965349752
2012-09-11,Terra,0.0148,0.1033,0.0267,74.51771160639602,52.4163050586696,255,2012,74.51771160639602
2012-09-12,Aqua,0.0132,0.087,0.0237,73.36897579093905,51.90265855591286,256,2012,73.36897579093905
2012-09-12,Terra,0.0152,0.1134,0.0271,71.71333448008521,51.79211833401042,256,2012,71.71333448008521
2012-09-13,Aqua,0.0248,0.2321,0.04,51.77356417538554,39.38585306040419,257,2012,51.77356417538554
2012-09-14,Terra,0.0208,0.1765,0.0341,54.59297559449652,40.448787331846304,258,2012,54.59297559449652
2012-09-14,Aqua,0.0114,0.1003,0.0214,84.79620343284444,50.72276598394586,258,2012,84.79620343284444
2012-09-16,Aqua,0.0281,0.1815,0.0462,55.10404490683046,35.57167453395988,260,2012,55.10404490683046
2012-09-16,Terra,0.0201,0.1342,0.0339,59.864557191120014,44.81770946995658,260,2012,59.864557191120014
2012-09-17,Aqua,0.0145,0.0892,0.0262,74.90013879856582,51.4133904856973,261,2012,74.90013879856582
2012-09-17,Terra,0.0124,0.0345,0.0239,92.39766789286816,51.80499147529652,261,2012,92.39766789286816
2012-09-18,Terra,0.0259,0.143,0.0395,43.158235445912034,44.24364252113186,262,2012,43.158235445912034
2012-09-18,Aqua,0.019,0.155,0.0313,55.457932881953134,44.18416713152126,262,2012,55.457932881953134
2012-09-19,Terra,0.0178,0.0669,0.0287,51.71684327954379,39.57690736625489,263,2012,51.71684327954379
2012-09-20,Aqua,0.0284,0.1081,0.04,33.32036997707534,52.80492204372399,264,2012,33.32036997707534
2012-09-20,Terra,0.0125,0.1084,0.025,104.19768005148732,49.353402382247346,264,2012,104.19768005148732
2012-09-22,Aqua,0.0155,0.0651,0.025,51.77356417538554,39.436407300445055,266,2012,51.77356417538554
2012-09-22,Terra,0.0101,0.0819,0.0211,120.06331285547384,49.05043954968921,266,2012,120.06331285547384
2012-09-23,Aqua,0.0672,0.1476,0.0892,27.47890332750409,62.84138911723462,267,2012,27.47890332750409
2012-09-24,Terra,0.0133,0.096,0.0284,128.91894923008715,49.05043954968921,268,2012,128.91894923008715
2012-09-24,Aqua,0.0188,0.0912,0.0332,69.52186229388847,49.08057621393729,268,2012,69.52186229388847
2012-09-25,Terra,0.0213,0.1245,0.0345,52.48823156649556,38.584069057264614,269,2012,52.48823156649556
2012-09-25,Aqua,0.0357,0.1862,0.0506,34.01110366166307,38.303132493269814,269,2012,34.01110366166307
2012-09-26,Aqua,0.0103,0.0713,0.0195,87.17039851757339,46.25471250655692,270,2012,87.17039851757339
2012-09-26,Terra,0.0105,0.0538,0.0186,70.22461134041787,46.142318881825105,270,2012,70.22461134041787
2012-09-30,Terra,0.0156,0.0772,0.0254,53.387719949639894,36.643580246894516,274,2012,53.387719949639894
2012-09-30,Aqua,0.0105,0.0718,0.0197,84.64905282996983,46.07115801009543,274,2012,84.64905282996983
2012-10-01,Terra,0.0105,0.084,0.0211,105.81961607273763,45.57628014501258,275,2012,105.81961607273763
2012-10-01,Aqua,0.0156,0.0384,0.0231,39.211511557078104,38.564035097320655,275,2012,39.211511557078104
2012-10-02,Terra,0.0164,0.1321,0.029,69.82121754907322,45.46471432448602,276,2012,69.82121754907322
2012-10-02,Aqua,0.0247,0.2024,0.0399,52.032991211857734,34.7729172967692,276,2012,52.032991211857734
2012-10-03,Aqua,0.018,0.0939,0.0285,48.75061151144598,40.09173009338794,277,2012,48.75061151144598
2012-10-03,Terra,0.0182,0.0896,0.0281,44.91777967945393,40.62857121493787,277,2012,44.91777967945393
2012-10-04,Terra,0.0296,0.1478,0.0452,43.336114119593155,36.05333375261759,278,2012,43.336114119593155
2012-10-04,Aqua,0.0316,0.14,0.0453,35.28955796593189,36.16634466634042,278,2012,35.28955796593189
2012-10-05,Aqua,0.0139,0.0621,0.025,73.7825356859964,46.882091071615235,279,2012,73.7825356859964
2012-10-05,Terra,0.01725,0.0801,0.02505,36.80259175346683,39.051327109285175,279,2012,36.80259175346683
2012-10-06,Terra,0.0176,0.1078,0.0294,58.024955484074766,40.33139008256393,280,2012,58.024955484074766
2012-10-06,Aqua,0.0242,0.1341,0.0383,48.68169917057046,38.87703625110133,280,2012,48.68169917057046
2012-10-07,Aqua,0.0174,0.0967,0.0253,36.95517447761119,39.051327109285175,281,2012,36.95517447761119
2012-10-07,Terra,0.0184,0.0807,0.0309,59.03539761146428,40.33139008256393,281,2012,59.03539761146428
2012-10-08,Aqua,0.0242,0.0656,0.0325,28.542484407413834,61.25522721958184,282,2012,28.542484407413834
2012-10-08,Terra,0.0198,0.0559,0.0282,34.550464846285415,38.61439508596679,282,2012,34.550464846285415
2012-10-09,Terra,0.0218,0.1265,0.034,46.41770994290395,40.77117725604196,283,2012,46.41770994290395
2012-10-09,Aqua,0.0189,0.1207,0.0328,65.69227042357795,45.52114988216178,283,2012,65.69227042357795
2012-10-10,Terra,0.0154,0.0963,0.0261,60.820527377965455,40.477007196472286,284,2012,60.820527377965455
2012-10-10,Aqua,0.0187,0.0582,0.0257,30.766784796031544,53.425891352707964,284,2012,30.766784796031544
2012-10-11,Terra,0.0237,0.149,0.0362,43.37295394517056,40.11361452831919,285,2012,43.37295394517056
2012-10-11,Aqua,0.0332,0.218,0.045,29.411572208428147,60.72034169716168,285,2012,29.411572208428147
2012-10-17,Aqua,0.0134,0.0783,0.0257,90.92376002325193,46.09412358057345,291,2012,90.92376002325193
2012-10-17,Terra,0.0131,0.096,0.0214,53.963707406210304,36.47358967857758,291,2012,53.963707406210304
2012-10-18,Terra,0.0181,0.1282,0.0293,52.38990893954613,36.66406204995881,292,2012,52.38990893954613
2012-10-18,Aqua,0.0256,0.1368,0.0405,48.620380931999264,38.407123879458915,292,2012,48.620380931999264
2012-10-25,Terra,0.0204,0.0707,0.033,52.270310873297525,53.03995458086319,299,2012,52.270310873297525
2012-10-25,Aqua,0.0252,0.0525,0.0318,23.31147125529782,57.3054014386529,299,2012,23.31147125529782
2012-11-05,Aqua,0.0371,0.1395,0.0426,17.151119278983565,61.16019233196185,310,2012,17.151119278983565
2012-11-06,Terra,0.028,0.2289,0.0368,26.607225887889843,59.987554183117226,311,2012,26.607225887889843
2012-11-08,Terra,0.0376,0.0596,0.0421,15.802202539773255,60.805405455461475,313,2012,15.802202539773255
2012-11-14,Aqua,0.0208,0.0365,0.025,19.89771340707245,56.72927117037553,319,2012,19.89771340707245
2012-11-15,Aqua,0.0268,0.1055,0.0298,15.449766124777474,47.609715833855695,320,2012,15.449766124777474
2012-11-15,Terra,0.0356,0.0932,0.0386,14.234368573784861,47.08011564737391,320,2012,14.234368573784861
2012-11-25,Aqua,0.0383,0.132,0.0424,15.229915597776115,46.92240108420828,330,2012,15.229915597776115
2012-11-26,Terra,0.0697,0.2096,0.0714,11.833696244607326,48.96731016098699,331,2012,11.833696244607326
2012-12-10,Aqua,0.0565,0.1743,0.0606,13.74086268117952,46.99142803480204,345,2012,13.74086268117952
2012-12-13,Aqua,0.0425,0.2501,0.0458,13.953625166326873,46.667444372938235,348,2012,13.953625166326873
2013-01-01,Aqua,0.1362,0.3379,0.158,17.731381357382286,57.92924580820604,1,2013,17.731381357382286
2013-01-02,Aqua,0.146,0.3174,0.2137,37.76074281179636,74.86189849361989,2,2013,37.76074281179636
2013-01-02,Terra,0.5022,0.4941,0.5197,12.230969963200131,47.48069034484046,2,2013,12.230969963200131
2013-01-04,Terra,0.0248,0.0371,0.0332,28.24877911676674,60.174214092759584,4,2013,28.24877911676674
2013-01-16,Terra,0.4687,0.5248,0.4688,10.949505070843994,49.77707523486381,16,2013,10.949505070843994
2013-01-17,Terra,0.1397,0.2632,0.1442,12.130008738274267,46.73400277808765,17,2013,12.130008738274267
2013-01-17,Aqua,0.2436,0.3998,0.2983,21.14156390568756,57.3813515817294,17,2013,21.14156390568756
2013-01-18,Terra,0.2987,0.4585,0.2907,10.01748694162519,49.82631782526131,18,2013,10.01748694162519
2013-01-18,Aqua,0.2205,0.3186,0.2709,21.368228584858837,57.43385283516001,18,2013,21.368228584858837
2013-01-19,Terra,0.1187,0.2254,0.1235,12.447149104516818,46.73400277808765,19,2013,12.447149104516818
2013-01-19,Aqua,0.0868,0.3017,0.1473,61.077531548248416,63.75617402800522,19,2013,61.077531548248416
2013-01-20,Terra,0.3311,0.3782,0.3426,12.226590983361955,46.73400277808765,20,2013,12.226590983361955
2013-01-20,Aqua,0.0184,0.2084,0.0306,57.192120196307236,64.04163285283265,20,2013,57.192120196307236
2013-01-21,Terra,0.1771,0.2871,0.1966,15.367111187827494,48.156293465555756,21,2013,15.367111187827494
2013-01-21,Aqua,0.4846,0.5122,0.5234,14.055720874009658,47.20249727571753,21,2013,14.055720874009658
2013-01-22,Terra,0.1479,0.3675,0.1465,10.608726139540165,49.277516243894354,22,2013,10.608726139540165
2013-02-01,Aqua,0.0225,0.0482,0.0252,15.816852103351582,58.871763783925225,32,2013,15.816852103351582
2013-02-08,Terra,0.0339,0.0651,0.0353,12.480626517214697,45.419634356058026,39,2013,12.480626517214697
2013-02-08,Aqua,0.03,0.1179,0.0274,8.148617307497874,48.57398720249134,39,2013,8.148617307497874
2013-02-10,Aqua,0.0381,0.0949,0.0336,7.27133341428941,48.57398720249134,41,2013,7.27133341428941
2013-02-15,Terra,0.0097,0.0592,0.0128,26.957801845339862,59.456355883939075,46,2013,26.957801845339862
2013-02-15,Aqua,0.0332,0.0772,0.0298,7.7007369559766214,48.46454101013614,46,2013,7.7007369559766214
2013-02-19,Aqua,0.0658,0.1746,0.0668,11.491895801612172,47.86471267781538,50,2013,11.491895801612172
2013-03-03,Aqua,0.0214,0.1051,0.03,32.81677828127377,52.63588785150454,62,2013,32.81677828127377
2013-03-04,Terra,0.0435,0.1428,0.0533,21.183070768230888,55.17590414418332,63,2013,21.183070768230888
2013-03-07,Terra,0.0373,0.0655,0.0357,9.488222338462986,48.95483268974112,66,2013,9.488222338462986
2013-03-07,Aqua,0.0194,0.0529,0.0318,54.56614839587368,63.72324737188305,66,2013,54.56614839587368
2013-03-08,Terra,0.0391,0.1196,0.0421,13.914900554236732,45.83438128850599,67,2013,13.914900554236732
2013-03-09,Terra,0.0231,0.1161,0.0323,32.543506306389624,52.63588785150454,68,2013,32.543506306389624
2013-03-09,Aqua,0.0253,0.1074,0.0281,15.392539992150406,47.178497080302854,68,2013,15.392539992150406
2013-03-13,Aqua,0.0317,0.1406,0.0418,26.89305127867148,59.38653897779269,72,2013,26.89305127867148
2013-03-30,Aqua,0.018,0.0765,0.0268,39.91492572614502,70.01411237623084,89,2013,39.91492572614502
2013-03-30,Terra,0.0236,0.1205,0.0312,27.120628369653243,59.5788043836159,89,2013,27.120628369653243
2013-03-31,Aqua,0.0326,0.1283,0.0443,29.65738082629369,61.22335033942624,90,2013,29.65738082629369
2013-04-22,Aqua,0.0275,0.0913,0.0365,27.47161948489443,59.587612654518026,112,2013,27.47161948489443
2013-04-22,Terra,0.028,0.0891,0.0376,28.53432674070711,61.321996927710536,112,2013,28.53432674070711
2013-04-23,Terra,0.0151,0.0683,0.0235,46.095127070291646,73.9366955714208,113,2013,46.095127070291646
2013-04-23,Aqua,0.0209,0.0843,0.0327,46.89942435713334,73.35288469033803,113,2013,46.89942435713334
2013-04-24,Terra,0.0161,0.0586,0.027,58.76958988604319,81.32003698779563,114,2013,58.76958988604319
2013-04-24,Aqua,0.0133,0.0721,0.023,64.94125068000018,87.2825276426825,114,2013,64.94125068000018
2013-04-25,Terra,0.0175,0.0793,0.0258,38.65603790219503,90.65088526580473,115,2013,38.65603790219503
2013-04-25,Aqua,0.0277,0.1671,0.0396,34.97506478666796,88.82874222041004,115,2013,34.97506478666796
2013-04-26,Terra,0.0186,0.0891,0.0314,60.04997100662139,81.45414687886719,116,2013,60.04997100662139
2013-04-26,Aqua,0.0145,0.0698,0.0242,57.85695295959239,81.962822141308,116,2013,57.85695295959239
2013-04-27,Terra,0.0197,0.0651,0.0296,41.116979794635334,93.37803595434542,117,2013,41.116979794635334
2013-04-27,Aqua,0.024,0.1174,0.0341,34.28229711124326,92.39203930294507,117,2013,34.28229711124326
2013-05-01,Terra,0.0196,0.1729,0.0285,36.96002085185065,97.09217723018116,121,2013,36.96002085185065
2013-05-01,Aqua,0.011,0.0694,0.0214,95.23847934338485,94.73060638523711,121,2013,95.23847934338485
2013-05-02,Aqua,0.0199,0.0913,0.031,46.239499919141124,93.91485852696508,122,2013,46.239499919141124
2013-05-02,Terra,0.015,0.0934,0.0242,51.81846721380316,94.07321107519925,122,2013,51.81846721380316
2013-05-03,Aqua,0.0112,0.0755,0.0205,78.10856776711634,97.63979740746416,123,2013,78.10856776711634
2013-05-03,Terra,0.0169,0.0905,0.0284,59.16414296182632,86.94876027482415,123,2013,59.16414296182632
2013-05-04,Aqua,0.0175,0.0804,0.0302,64.50162603259281,93.79693656930377,124,2013,64.50162603259281
2013-05-04,Terra,0.0157,0.0588,0.0252,50.96312142669276,95.06834649767117,124,2013,50.96312142669276
2013-05-05,Aqua,0.0101,0.0648,0.0214,125.70298938697539,96.00302509854754,125,2013,125.70298938697539
2013-05-05,Terra,0.019,0.125,0.0315,56.61841604285807,88.49345408558351,125,2013,56.61841604285807
2013-05-06,Aqua,0.0298,0.0901,0.0385,25.16471285251331,58.265745597297446,126,2013,25.16471285251331
2013-05-06,Terra,0.0249,0.0905,0.0335,28.709102200715385,61.187940096712275,126,2013,28.709102200715385
2013-05-07,Aqua,0.0245,0.1809,0.0376,44.04755952111663,96.62996202516729,127,2013,44.04755952111663
2013-05-07,Terra,0.0207,0.073,0.0347,58.69099147652253,87.71816456957518,127,2013,58.69099147652253
2013-05-08,Aqua,0.0269,0.0873,0.0363,28.99180816711025,61.187940096712275,128,2013,28.99180816711025
2013-05-08,Terra,0.0319,0.0651,0.0429,28.67068691517479,61.187940096712275,128,2013,28.67068691517479
2013-05-09,Terra,0.0126,0.1042,0.0219,66.01842545622064,97.86158372648985,129,2013,66.01842545622064
2013-05-09,Aqua,0.0221,0.095,0.0386,67.07533528492353,99.28107633043741,129,2013,67.07533528492353
2013-05-10,Aqua,0.0246,0.1023,0.0353,35.402943243754066,105.1079284208993,130,2013,35.402943243754066
2013-05-10,Terra,0.0242,0.1299,0.0377,46.24551228559658,102.2471052909946,130,2013,46.24551228559658
2013-05-13,Aqua,0.0503,0.0655,0.0649,25.057976210634113,58.634507957752284,133,2013,25.057976210634113
2013-05-20,Aqua,0.0212,0.0872,0.0372,68.09336515093274,101.64779744513936,140,2013,68.09336515093274
2013-05-20,Terra,0.0139,0.0683,0.0278,104.19768005148732,103.02220845168954,140,2013,104.19768005148732
2013-05-31,Aqua,0.0498,0.1217,0.0705,33.87831404724044,122.19225591771206,151,2013,33.87831404724044
2013-05-31,Terra,0.0166,0.0984,0.0297,72.53550967390697,107.64502897639044,151,2013,72.53550967390697
2013-06-01,Aqua,0.0241,0.1705,0.044,77.46784674649963,106.26010176514714,152,2013,77.46784674649963
2013-06-02,Aqua,0.0285,0.0951,0.0358,22.967016723292037,56.24130820620708,153,2013,22.967016723292037
2013-06-02,Terra,0.0254,0.1805,0.0395,45.98223435608727,117.03240509922028,153,2013,45.98223435608727
2013-06-03,Aqua,0.0209,0.1495,0.0404,93.27259514405435,105.31536473728626,154,2013,93.27259514405435
2013-06-03,Terra,0.0137,0.0938,0.0247,74.36547585293526,105.96664485826648,154,2013,74.36547585293526
2013-06-04,Aqua,0.0111,0.0631,0.0213,91.07929861299954,103.7218103718305,155,2013,91.07929861299954
2013-06-04,Terra,0.0163,0.1055,0.0284,66.543006189621,101.1654893098124,155,2013,66.543006189621
2013-06-05,Aqua,0.0294,0.2075,0.0493,58.75274123780352,97.67263172208764,156,2013,58.75274123780352
2013-06-05,Terra,0.0143,0.0762,0.0255,71.75546041019965,107.57423528740264,156,2013,71.75546041019965
2013-06-06,Terra,0.0149,0.089,0.0272,77.43711541062093,105.95682744224646,157,2013,77.43711541062093
2013-06-07,Terra,0.0307,0.1027,0.041,28.02949314169229,60.651109261328514,158,2013,28.02949314169229
2013-06-07,Aqua,0.025,0.1256,0.0408,53.793356413975104,102.7155095271517,158,2013,53.793356413975104
2013-06-08,Terra,0.0149,0.1066,0.0287,92.20377697656416,103.7218103718305,159,2013,92.20377697656416
2013-06-08,Aqua,0.0175,0.1725,0.0355,109.11578786268191,104.36690114334584,159,2013,109.11578786268191
2013-06-09,Terra,0.0297,0.1341,0.0455,43.79541490680527,118.25083948789215,160,2013,43.79541490680527
2013-06-09,Aqua,0.015,0.1909,0.0302,106.47325637519157,102.61041116859374,160,2013,106.47325637519157
2013-06-10,Terra,0.0116,0.0909,0.0212,77.7247565849119,105.16197882065416,161,2013,77.7247565849119
2013-06-10,Aqua,0.0172,0.1289,0.0305,70.46040638448157,101.90345525596176,161,2013,70.46040638448157
2013-06-14,Terra,0.0187,0.1342,0.0293,47.11922694515526,115.30061827824574,165,2013,47.11922694515526
2013-06-14,Aqua,0.0242,0.0898,0.0355,38.0334878313197,120.837123961251,165,2013,38.0334878313197
2013-06-16,Terra,0.0458,0.1299,0.057,22.284630497809026,58.52024833646318,167,2013,22.284630497809026
2013-06-17,Aqua,0.0239,0.124,0.0414,65.29530453045848,102.5135092152882,168,2013,65.29530453045848
2013-06-18,Aqua,0.0232,0.1473,0.0376,52.5906452118888,118.28779340949696,169,2013,52.5906452118888
2013-06-28,Terra,0.0091,0.0893,0.0182,104.19768005148732,106.01691737638834,179,2013,104.19768005148732
2013-06-28,Aqua,0.0194,0.1608,0.0319,55.12603671952457,104.70914924245749,179,2013,55.12603671952457
2013-06-30,Terra,0.0198,0.1104,0.0286,36.16948959313265,124.0948498436726,181,2013,36.16948959313265
2013-06-30,Aqua,0.0275,0.1073,0.0409,39.774225227184026,125.80355793471276,181,2013,39.774225227184026
2013-07-01,Terra,0.0256,0.1535,0.0438,62.723105263626344,106.78977099261313,182,2013,62.723105263626344
2013-07-01,Aqua,0.0289,0.1634,0.0465,51.36694086784679,119.80940061808091,182,2013,51.36694086784679
2013-07-02,Aqua,0.0277,0.2146,0.0455,54.93761835924456,106.08433030269585,183,2013,54.93761835924456
2013-07-02,Terra,0.048,0.1803,0.059,21.40190797683574,58.52024833646318,183,2013,21.40190797683574
2013-07-03,Aqua,0.0164,0.1376,0.0318,94.21879735382241,106.26320292746435,184,2013,94.21879735382241
2013-07-03,Terra,0.0189,0.13,0.0326,64.398803410376,104.95092163247165,184,2013,64.398803410376
2013-07-04,Terra,0.0179,0.0901,0.0285,49.641707661737556,119.9203003821014,185,2013,49.641707661737556
2013-07-04,Aqua,0.0218,0.0863,0.0322,38.89341383838294,123.88688885273241,185,2013,38.89341383838294
2013-07-05,Aqua,0.0156,0.0861,0.0324,117.80117545334186,104.95292357532618,186,2013,117.80117545334186
2013-07-05,Terra,0.0095,0.0973,0.0197,117.20492564457153,104.95292357532618,186,2013,117.20492564457153
2013-07-06,Terra,0.0161,0.1233,0.0288,72.49112966326976,110.63156544789221,187,2013,72.49112966326976
2013-07-06,Aqua,0.0104,0.1015,0.0205,99.39018812242541,106.76527217253694,187,2013,99.39018812242541
2013-07-07,Aqua,0.0199,0.0949,0.036,75.19011994902041,111.3216098242202,188,2013,75.19011994902041
2013-07-07,Terra,0.0158,0.0806,0.0258,53.89109261584172,106.32230909687723,188,2013,53.89109261584172
2013-07-08,Aqua,0.0101,0.0537,0.021,118.22305847563281,104.95292357532618,189,2013,118.22305847563281
2013-07-08,Terra,0.0137,0.0922,0.0275,105.43921614314044,106.1672230723609,189,2013,105.43921614314044
2013-07-09,Aqua,0.0416,0.0978,0.0501,20.027395262703656,59.40403030199369,190,2013,20.027395262703656
2013-07-09,Terra,0.0177,0.0674,0.0288,53.27197609081892,108.27499123381352,190,2013,53.27197609081892
2013-07-10,Aqua,0.0197,0.1521,0.0336,62.08720489711457,99.68587550075084,191,2013,62.08720489711457
2013-07-10,Terra,0.0186,0.1296,0.0338,76.29833573063077,105.85989478852237,191,2013,76.29833573063077
2013-07-11,Aqua,0.0407,0.0708,0.0475,18.08250816200376,58.52724195338224,192,2013,18.08250816200376
2013-07-11,Terra,0.0242,0.1641,0.036,39.80297688998032,124.15370315237799,192,2013,39.80297688998032
2013-07-12,Aqua,0.0205,0.1735,0.0354,64.63722433630818,104.51103264592149,193,2013,64.63722433630818
2013-07-13,Terra,0.0286,0.1598,0.0416,36.99836677240534,123.94472270701361,194,2013,36.99836677240534
2013-07-13,Aqua,0.0112,0.0602,0.021,84.47454125971255,103.84258009169783,194,2013,84.47454125971255
2013-07-14,Aqua,0.0172,0.1137,0.0304,69.71204698862384,103.31524498430531,195,2013,69.71204698862384
2013-07-14,Terra,0.0106,0.0926,0.0211,102.60809735838627,103.59911746778793,195,2013,102.60809735838627
2013-07-15,Aqua,0.0091,0.087,0.0204,151.00550686335302,101.52384419398295,196,2013,151.00550686335302
2013-07-15,Terra,0.0155,0.1105,0.0291,84.82945548486909,103.92567248567741,196,2013,84.82945548486909
2013-07-16,Terra,0.0386,0.2318,0.0552,35.0107870819798,128.20410074807393,197,2013,35.0107870819798
2013-07-16,Aqua,0.017,0.1021,0.0344,108.23645239715499,103.90134706695403,197,2013,108.23645239715499
2013-07-17,Aqua,0.0191,0.1644,0.0367,91.47295547098794,106.23154534326733,198,2013,91.47295547098794
2013-07-17,Terra,0.0198,0.1271,0.0359,75.74371398964054,108.77653544988,198,2013,75.74371398964054
2013-07-18,Aqua,0.0669,0.0886,0.0751,15.935209335902094,61.0082594923422,199,2013,15.935209335902094
2013-07-18,Terra,0.0138,0.0957,0.0258,83.68102164177736,104.18609882056356,199,2013,83.68102164177736
2013-07-19,Aqua,0.0196,0.1558,0.0369,85.60075955431769,105.193858742738,200,2013,85.60075955431769
2013-07-19,Terra,0.0212,0.1478,0.0374,69.29089614281753,104.48053866807764,200,2013,69.29089614281753
2013-07-20,Aqua,0.0181,0.0623,0.0287,48.981444091982226,113.50846693841387,201,2013,48.981444091982226
2013-07-20,Terra,0.0158,0.0713,0.028,70.31788708880423,102.30887523208389,201,2013,70.31788708880423
2013-07-21,Aqua,0.018,0.1604,0.0327,76.22496509384001,105.1255228838214,202,2013,76.22496509384001
2013-07-21,Terra,0.0101,0.0964,0.021,118.22305847563281,100.50946798389003,202,2013,118.22305847563281
2013-07-22,Aqua,0.01,0.0947,0.0209,120.22990229281437,100.50946798389003,203,2013,120.22990229281437
2013-07-22,Terra,0.0124,0.0613,0.0249,105.56996746215151,102.57440025520619,203,2013,105.56996746215151
2013-07-23,Terra,0.0115,0.0667,0.022,90.17570216464755,103.00529427834209,204,2013,90.17570216464755
2013-07-23,Aqua,0.0224,0.0564,0.0363,52.57440525936057,119.4580173745601,204,2013,52.57440525936057
2013-07-24,Terra,0.0169,0.0903,0.0316,83.71846783347061,103.00529427834209,205,2013,83.71846783347061
2013-07-24,Aqua,0.0087,0.0726,0.0206,180.40272718271544,100.50946798389003,205,2013,180.40272718271544
2013-07-25,Terra,0.0107,0.0495,0.0203,87.76950293814077,104.46494400642625,206,2013,87.76950293814077
2013-07-25,Aqua,0.0271,0.1059,0.0382,33.40839955231889,55.096874372040205,206,2013,33.40839955231889
2013-07-26,Terra,0.0143,0.1187,0.0253,69.9417222438164,103.49916485656678,207,2013,69.9417222438164
2013-07-26,Aqua,0.0213,0.1488,0.0364,62.48296854755016,104.81855768236784,207,2013,62.48296854755016
2013-07-27,Aqua,0.0261,0.0864,0.0347,27.621919952674347,61.585262587941536,208,2013,27.621919952674347
2013-07-27,Terra,0.0234,0.1194,0.0361,44.8023861781583,116.90195799317317,208,2013,44.8023861781583
2013-07-28,Aqua,0.0167,0.1271,0.0288,64.36035109504114,101.70587910639202,209,2013,64.36035109504114
2013-07-28,Terra,0.0098,0.0969,0.0193,99.1009426494319,104.81330162303888,209,2013,99.1009426494319
2013-07-29,Terra,0.0104,0.0626,0.0206,100.97523210131035,104.35205969015686,210,2013,100.97523210131035
2013-07-30,Aqua,0.02,0.1256,0.0341,62.01813927830954,97.79337737346732,211,2013,62.01813927830954
2013-07-30,Terra,0.0115,0.0599,0.0223,94.23555210173815,104.27142704754408,211,2013,94.23555210173815
2013-08-02,Aqua,0.0515,0.1572,0.0676,26.49782895488183,61.46889506078836,214,2013,26.49782895488183
2013-08-03,Aqua,0.028,0.1,0.038,29.533178749515322,64.2976536101091,215,2013,29.533178749515322
2013-08-03,Terra,0.0152,0.1274,0.0261,63.461266289070615,99.87530980692546,215,2013,63.461266289070615
2013-08-04,Aqua,0.0252,0.1365,0.0409,52.83647196783932,95.97013056695815,216,2013,52.83647196783932
2013-08-04,Terra,0.0155,0.1297,0.0292,85.78093934605727,102.97321753810748,216,2013,85.78093934605727
2013-08-05,Aqua,0.0144,0.0626,0.0246,62.413230311242465,100.07851743983099,217,2013,62.413230311242465
2013-08-05,Terra,0.0114,0.0467,0.023,107.19894765882829,103.31908107062051,217,2013,107.19894765882829
2013-08-06,Terra,0.0189,0.1038,0.0315,57.59824250445848,93.55950578726087,218,2013,57.59824250445848
2013-08-06,Aqua,0.023,0.0939,0.036,46.96027662152451,100.6454808394121,218,2013,46.96027662152451
2013-08-08,Terra,0.0149,0.077,0.0252,60.40960630225241,90.99638918389995,220,2013,60.40960630225241
2013-08-09,Aqua,0.0085,0.0755,0.0202,182.55546646322188,100.5525955752001,221,2013,182.55546646322188
2013-08-10,Terra,0.0121,0.0757,0.0241,102.80423495161317,102.11382947504883,222,2013,102.80423495161317
2013-08-12,Terra,0.0179,0.1226,0.0291,53.12093066788027,91.72663772002291,224,2013,53.12093066788027
2013-08-12,Aqua,0.0216,0.0841,0.0283,26.338263044636065,60.25730412692667,224,2013,26.338263044636065
2013-08-13,Aqua,0.0341,0.094,0.0491,35.79940876340952,98.52616711437072,225,2013,35.79940876340952
2013-08-13,Terra,0.0098,0.0782,0.0193,99.1009426494319,102.11382947504883,225,2013,99.1009426494319
2013-08-17,Aqua,0.019,0.0861,0.0333,67.83059562529179,99.57268554980601,229,2013,67.83059562529179
2013-08-18,Terra,0.0159,0.1012,0.0292,78.96103327733319,104.61208650418908,230,2013,78.96103327733319
2013-08-18,Aqua,0.019,0.1368,0.0325,62.674106975262475,99.0012582195398,230,2013,62.674106975262475
2013-08-19,Terra,0.0177,0.0753,0.027,43.18834872375898,95.6965330233847,231,2013,43.18834872375898
2013-08-19,Aqua,0.0169,0.0689,0.0288,61.916725215136616,90.83112777070468,231,2013,61.916725215136616
2013-08-20,Aqua,0.0155,0.0937,0.0307,100.95466922398913,102.4277821970399,232,2013,100.95466922398913
2013-08-20,Terra,0.017,0.1257,0.0318,83.82999398561685,102.08341497316452,232,2013,83.82999398561685
2013-08-21,Aqua,0.0119,0.0931,0.0234,98.6107520894122,102.4277821970399,233,2013,98.6107520894122
2013-08-24,Terra,0.0111,0.0792,0.0225,108.84591833690894,100.2045680096099,236,2013,108.84591833690894
2013-08-27,Terra,0.0203,0.126,0.0343,60.221672139737564,81.37843388510139,239,2013,60.221672139737564
2013-08-30,Aqua,0.0075,0.0871,0.0178,181.7730548982251,90.9293126357434,242,2013,181.7730548982251
2013-08-30,Terra,0.012,0.0999,0.024,104.19768005148732,92.06916481678104,242,2013,104.19768005148732
2013-08-31,Aqua,0.0162,0.0776,0.0297,78.52226905280294,93.04144235555572,243,2013,78.52226905280294
2013-08-31,Terra,0.01,0.0918,0.0208,118.36955512205714,90.9293126357434,243,2013,118.36955512205714
2013-09-01,Terra,0.0198,0.1576,0.0336,61.073446254380066,79.28042184283863,244,2013,61.073446254380066
2013-09-01,Aqua,0.0105,0.0636,0.0209,102.59303973663715,91.0935758721767,244,2013,102.59303973663715
2013-09-07,Aqua,0.0196,0.157,0.0326,57.216927665731326,69.99397399361457,250,2013,57.216927665731326
2013-09-07,Terra,0.0097,0.0681,0.0195,105.95415923429093,79.85836214160817,250,2013,105.95415923429093
2013-09-08,Aqua,0.0094,0.054,0.02,127.41770482139412,63.75543317045594,251,2013,127.41770482139412
2013-09-08,Terra,0.0132,0.0805,0.0244,80.65193515652818,65.02109777649325,251,2013,80.65193515652818
2013-09-09,Terra,0.0107,0.0591,0.023,131.7261999690456,51.29916084931188,252,2013,131.7261999690456
2013-09-09,Aqua,0.0162,0.1242,0.0282,66.3457000634596,51.22982617715781,252,2013,66.3457000634596
2013-09-10,Aqua,0.0097,0.0576,0.022,156.83820393885452,51.29916084931188,253,2013,156.83820393885452
2013-09-10,Terra,0.0186,0.0923,0.0309,56.996323123600774,45.95394380018611,253,2013,56.996323123600774
2013-09-11,Aqua,0.0135,0.079,0.0257,88.7521245203221,51.33036330317466,254,2013,88.7521245203221
2013-09-11,Terra,0.0102,0.084,0.02,97.70022615721453,51.33036330317466,254,2013,97.70022615721453
2013-09-12,Terra,0.0246,0.1162,0.0403,54.46189265604283,38.73669240310616,255,2013,54.46189265604283
2013-09-12,Aqua,0.0291,0.1771,0.0429,38.651015922727055,40.75376410815319,255,2013,38.651015922727055
2013-09-13,Terra,0.0176,0.1092,0.0287,53.652214028338,40.826976418882715,256,2013,53.652214028338
2013-09-13,Aqua,0.0084,0.0366,0.0154,78.52226905280294,51.80229520056014,256,2013,78.52226905280294
2013-09-15,Terra,0.0244,0.0392,0.0395,52.39705720276436,42.49397753559795,258,2013,52.39705720276436
2013-09-19,Terra,0.0187,0.0864,0.0312,57.798776948400494,44.97255476284322,262,2013,57.798776948400494
2013-09-19,Aqua,0.0221,0.1394,0.0365,55.920654072843455,44.14041659997091,262,2013,55.920654072843455
2013-10-04,Aqua,0.0125,0.0782,0.0225,73.97462499465358,46.882091071615235,277,2013,73.97462499465358
2013-10-04,Terra,0.0188,0.1036,0.0274,37.238858101297815,39.051327109285175,277,2013,37.238858101297815
2013-10-05,Aqua,0.0199,0.1698,0.0337,60.66456384579701,40.33491699998918,278,2013,60.66456384579701
2013-10-05,Terra,0.0157,0.1088,0.0277,69.31391982058908,45.46471432448602,278,2013,69.31391982058908
2013-10-06,Aqua,0.0118,0.069,0.0203,63.850672802829926,45.370458538998555,279,2013,63.850672802829926
2013-10-06,Terra,0.01175,0.0393,0.0197,58.7214188151285,40.33139008256393,279,2013,58.7214188151285
2013-10-13,Aqua,0.014,0.0473,0.0247,69.30810858318338,45.615561985152844,286,2013,69.30810858318338
2013-10-13,Terra,0.0206,0.1198,0.0277,28.659085419358235,61.10173455633332,286,2013,28.659085419358235
2013-10-14,Aqua,0.02735,0.1594,0.04075,40.00706863266581,36.68061387847221,287,2013,40.00706863266581
2013-10-14,Terra,0.024,0.0915,0.0345,35.607153999210624,38.27434789751055,287,2013,35.607153999210624
2013-10-15,Aqua,0.0226,0.0997,0.0284,22.996564514124678,57.09738237594641,288,2013,22.996564514124678
2013-10-15,Terra,0.0118,0.0482,0.019,51.48879314747198,36.33699663890682,288,2013,51.48879314747198
2013-10-16,Aqua,0.0204,0.1072,0.0297,37.109047373180545,39.53077945544937,289,2013,37.109047373180545
2013-10-16,Terra,0.0093,0.0566,0.0144,45.338275146542216,41.117580777895405,289,2013,45.338275146542216
2013-10-17,Aqua,0.0124,0.0524,0.0201,52.61999070479457,36.66406204995881,290,2013,52.61999070479457
2013-10-17,Terra,0.0142,0.0889,0.0203,34.97304253653346,39.09116587819168,290,2013,34.97304253653346
2013-10-18,Aqua,0.0184,0.1001,0.0262,34.52449175075513,39.09116587819168,291,2013,34.52449175075513
2013-10-18,Terra,0.0111,0.0784,0.0176,48.97644512885955,40.57750787161503,291,2013,48.97644512885955
2013-10-19,Terra,0.0165,0.056,0.0256,45.63675547554898,41.117580777895405,292,2013,45.63675547554898
2013-10-19,Aqua,0.0155,0.0578,0.0228,38.373890281409814,38.6848460231614,292,2013,38.373890281409814
2013-10-20,Aqua,0.0144,0.0646,0.0234,53.046775528633844,36.82492450901424,293,2013,53.046775528633844
2013-10-20,Terra,0.0132,0.0777,0.0189,35.151587418375385,39.65433968658227,293,2013,35.151587418375385
2013-10-21,Aqua,0.0239,0.129,0.0339,34.092553576090005,39.21403768222383,294,2013,34.092553576090005
2013-10-21,Terra,0.0196,0.1139,0.0274,32.52011285832354,52.66220824284589,294,2013,32.52011285832354
2013-10-22,Aqua,0.0107,0.0505,0.0158,38.85672253961995,38.715502635726764,295,2013,38.85672253961995
2013-10-22,Terra,0.0123,0.05,0.0176,35.07789507331074,39.65433968658227,295,2013,35.07789507331074
2013-10-23,Terra,0.0243,0.0991,0.0345,34.197623779861345,38.29697607368485,296,2013,34.197623779861345
2013-10-23,Aqua,0.0279,0.1702,0.0352,23.296097489963692,57.09738237594641,296,2013,23.296097489963692
2013-10-24,Aqua,0.0137,0.0721,0.0219,50.2894862537807,41.026489166594935,297,2013,50.2894862537807
2013-10-24,Terra,0.0177,0.107,0.0249,33.192005669364164,52.66220824284589,297,2013,33.192005669364164
2013-10-25,Aqua,0.0214,0.0647,0.0309,36.127234595224124,56.73444243202494,298,2013,36.127234595224124
2013-10-25,Terra,0.0124,0.0847,0.0191,44.57499469168762,56.19338607262221,298,2013,44.57499469168762
2013-10-26,Terra,0.022,0.1048,0.0296,28.71416869104337,61.98657985866639,299,2013,28.71416869104337
2013-10-26,Aqua,0.013,0.0833,0.0202,45.860063513180755,55.88973589636614,299,2013,45.860063513180755
2013-10-28,Terra,0.2479,0.3458,0.2475,10.88461259295482,50.411086844639925,301,2013,10.88461259295482
2013-10-29,Terra,0.0227,0.0599,0.0278,21.14836611112281,56.85972428672838,302,2013,21.14836611112281
2013-10-29,Aqua,0.0235,0.0958,0.0236,11.094028150643972,48.87662020364658,302,2013,11.094028150643972
2013-10-30,Terra,0.0374,0.1451,0.0512,30.379246865007108,59.04457776252105,303,2013,30.379246865007108
2013-10-30,Aqua,0.0328,0.1608,0.0409,22.425228842008167,57.49156751702733,303,2013,22.425228842008167
2013-11-01,Terra,0.0692,0.2462,0.0761,14.904101557653469,47.81239411843842,305,2013,14.904101557653469
2013-11-01,Aqua,0.0299,0.1144,0.0442,38.99595735339129,56.69398787498389,305,2013,38.99595735339129
2013-11-10,Aqua,0.051,0.1083,0.0471,8.448123040979398,49.74279749443995,314,2013,8.448123040979398
2013-11-11,Aqua,0.0331,0.0888,0.029,7.118133825040461,49.12695451646157,315,2013,7.118133825040461
2013-11-13,Aqua,0.0268,0.1308,0.0357,27.79710135144419,60.862188089747484,317,2013,27.79710135144419
2013-11-21,Terra,0.0395,0.084,0.0377,9.402297677838318,49.76331360955847,325,2013,9.402297677838318
2013-11-21,Aqua,0.0222,0.0832,0.0241,14.290614757794135,46.57617794785779,325,2013,14.290614757794135
2013-11-22,Terra,0.0514,0.1346,0.0532,12.237610911744815,46.17365247230014,326,2013,12.237610911744815
2013-11-22,Aqua,0.041,0.1605,0.0489,19.404640141722222,56.9612719656743,326,2013,19.404640141722222
2013-11-23,Terra,0.034,0.0918,0.0322,9.168232202612957,48.950141869498715,327,2013,9.168232202612957
2013-11-24,Terra,0.0534,0.1576,0.0556,12.476752024794404,46.25004448408088,328,2013,12.476752024794404
2013-11-24,Aqua,0.042,0.1605,0.0436,12.356249113915553,46.176027484623866,328,2013,12.356249113915553
2013-11-25,Terra,0.0402,0.0965,0.0371,8.428988638201261,49.694409933771446,329,2013,8.428988638201261
2013-11-25,Aqua,0.0426,0.087,0.0371,6.980620563342496,49.694409933771446,329,2013,6.980620563342496
2013-11-28,Aqua,0.0467,0.1177,0.0453,9.910925682983,49.65422783859922,332,2013,9.910925682983
2013-11-28,Terra,0.0289,0.0888,0.0307,13.31715203890239,46.44888643732768,332,2013,13.31715203890239
2013-11-29,Terra,0.0263,0.1129,0.0302,17.15311028757826,60.071098854202944,333,2013,17.15311028757826
2013-12-04,Aqua,0.0387,0.074,0.028,3.8203343084387194,48.950141869498715,338,2013,3.8203343084387194
2013-12-04,Terra,0.0154,0.0313,0.0105,3.149818620093677,49.09164049760477,338,2013,3.149818620093677
2013-12-07,Aqua,0.3965,0.48,0.4156,12.750484961471933,47.79601340496728,341,2013,12.750484961471933
2013-12-09,Terra,0.1492,0.1852,0.1466,10.334022290249232,50.922707269262965,343,2013,10.334022290249232
2013-12-11,Aqua,0.1185,0.2652,0.1121,9.134681827196431,50.922707269262965,345,2013,9.134681827196431
2013-12-11,Terra,0.2054,0.2901,0.1949,9.225686820783384,50.922707269262965,345,2013,9.225686820783384
2013-12-16,Terra,0.0442,0.1678,0.0393,7.467511864425916,49.65422783859922,350,2013,7.467511864425916
2013-12-16,Aqua,0.0332,0.0895,0.0387,18.01139717706125,56.49447852171912,350,2013,18.01139717706125
2013-12-17,Aqua,0.051,0.1285,0.0484,9.230093484654082,49.56487906404164,351,2013,9.230093484654082
2013-12-17,Terra,0.0454,0.2503,0.0543,19.58253672053601,57.05441267130422,351,2013,19.58253672053601
2013-12-24,Aqua,0.058,0.2329,0.0625,13.95106348086562,46.794752375200375,358,2013,13.95106348086562
2013-12-26,Aqua,0.0494,0.1397,0.0514,12.449006588268853,45.780231757493404,360,2013,12.449006588268853
2013-12-26,Terra,0.0191,0.0912,0.0215,16.07796441592695,59.131641141203666,360,2013,16.07796441592695
2013-12-27,Terra,0.0759,0.1793,0.0771,11.514462003512602,48.85629455050921,361,2013,11.514462003512602
2013-12-27,Aqua,0.035,0.0983,0.0366,12.653554652535888,46.19225525434859,361,2013,12.653554652535888
2013-12-28,Terra,0.025,0.0582,0.0301,20.009724247295843,56.12543235377795,362,2013,20.009724247295843
2013-12-28,Aqua,0.0451,0.1219,0.0444,10.39931476817801,49.332823609419236,362,2013,10.39931476817801
2014-01-02,Aqua,0.0119,0.1953,0.0136,16.890693098031914,59.57008151423048,2,2014,16.890693098031914
2014-01-02,Terra,0.05,0.2038,0.0556,15.452463370085708,47.471881587463216,2,2014,15.452463370085708
2014-01-04,Terra,0.0259,0.0928,0.0289,15.626186021441212,47.44841017196356,4,2014,15.626186021441212
2014-01-04,Aqua,0.0401,0.0578,0.0325,5.525460110739405,48.631028209127734,4,2014,5.525460110739405
2014-01-05,Terra,0.0359,0.0691,0.035,10.074932619113046,49.372875473525916,5,2014,10.074932619113046
2014-01-05,Aqua,0.02,0.0857,0.0284,34.216964902379914,69.34792889970008,5,2014,34.216964902379914
2014-01-15,Terra,0.0217,0.0658,0.0269,22.00003415111646,55.9515629262388,15,2014,22.00003415111646
2014-01-15,Aqua,0.0334,0.0699,0.0365,14.60234074531381,46.75205174449683,15,2014,14.60234074531381
2014-01-16,Aqua,0.0619,0.1812,0.0701,16.396724372246315,60.223675212274784,16,2014,16.396724372246315
2014-01-16,Terra,0.0401,0.2675,0.0467,17.95749005803761,56.034953619908464,16,2014,17.95749005803761
2014-01-17,Aqua,0.0298,0.0714,0.04,28.49460174273607,61.72391944850972,17,2014,28.49460174273607
2014-01-17,Terra,0.0166,0.0507,0.0231,32.03906516964178,52.5725401989517,17,2014,32.03906516964178
2014-01-18,Terra,0.0448,0.2321,0.0514,17.106162042534283,59.4764726745481,18,2014,17.106162042534283
2014-01-18,Aqua,0.0286,0.095,0.0323,16.251186943957652,59.07078797268069,18,2014,16.251186943957652
2014-01-19,Aqua,0.0486,0.0858,0.0474,10.087648311730224,48.52844734104642,19,2014,10.087648311730224
2014-01-20,Terra,0.0251,0.0887,0.0303,20.181598073686096,56.30996730976794,20,2014,20.181598073686096
2014-01-20,Aqua,0.0398,0.123,0.0413,12.340512800798152,45.17584499738523,20,2014,12.340512800798152
2014-01-21,Terra,0.025,0.0481,0.028,15.816852103351566,58.91923373711287,21,2014,15.816852103351566
2014-01-22,Terra,0.0214,0.067,0.0278,25.618376165656834,59.40389666003244,22,2014,25.618376165656834
2014-01-22,Aqua,0.0407,0.0896,0.0388,9.366681327282565,48.5342607597181,22,2014,9.366681327282565
2014-01-23,Terra,0.048,0.1214,0.0496,12.172910200069708,44.94836552476046,23,2014,12.172910200069708
2014-01-23,Aqua,0.0309,0.103,0.0323,12.637555240878534,45.39348620005422,23,2014,12.637555240878534
2014-01-24,Aqua,0.0307,0.0664,0.0326,13.301079308446297,46.056148640401496,24,2014,13.301079308446297
2014-01-24,Terra,0.0292,0.0666,0.0311,13.430995389372011,46.056148640401496,24,2014,13.430995389372011
2014-01-25,Terra,0.0541,0.1265,0.0584,14.031042419311428,45.763252806928435,25,2014,14.031042419311428
2014-01-25,Aqua,0.0406,0.1748,0.0435,13.693525137122009,45.83692270850267,25,2014,13.693525137122009
2014-01-26,Terra,0.0321,0.0707,0.0336,12.693519131729596,45.39348620005422,26,2014,12.693519131729596
2014-01-26,Aqua,0.031,0.0746,0.0266,6.651826354132866,48.57398720249134,26,2014,6.651826354132866
2014-02-01,Terra,0.0226,0.0465,0.0263,17.91382339556723,55.15548098171835,32,2014,17.91382339556723
2014-02-01,Aqua,0.0321,0.1401,0.0286,7.517475045096159,48.57398720249134,32,2014,7.517475045096159
2014-02-22,Terra,0.0291,0.0325,0.0457,47.472317125419124,75.70815246893585,53,2014,47.472317125419124
2014-02-22,Aqua,0.0251,0.0508,0.0392,46.62316745343589,73.07024260310466,53,2014,46.62316745343589
2014-02-28,Terra,0.0222,0.0889,0.033,39.70590067597994,70.01411237623084,59,2014,39.70590067597994
2014-02-28,Aqua,0.0418,0.09,0.0496,19.08485176984255,54.824533470578615,59,2014,19.08485176984255
2014-03-07,Aqua,0.0295,0.1563,0.0407,31.15640154678479,52.47613674975853,66,2014,31.15640154678479
2014-03-11,Aqua,0.0299,0.1016,0.0422,33.545540903880145,66.99868190235274,70,2014,33.545540903880145
2014-03-11,Terra,0.0243,0.0909,0.0425,67.37107072187737,68.39403766111813,70,2014,67.37107072187737
2014-03-12,Aqua,0.0237,0.0786,0.0369,46.159741464179604,69.4123291499869,71,2014,46.159741464179604
2014-03-12,Terra,0.0263,0.1059,0.0492,83.84954959974705,68.3044349271483,71,2014,83.84954959974705
2014-03-13,Terra,0.0343,0.0672,0.0512,40.249075860903545,75.92105996907281,72,2014,40.249075860903545
2014-03-13,Aqua,0.0361,0.0936,0.0537,39.79700236885696,74.16485751145636,72,2014,39.79700236885696
2014-03-18,Aqua,0.0301,0.0576,0.0445,39.00834790136516,71.01223025281215,77,2014,39.00834790136516
2014-03-18,Terra,0.0195,0.06665,0.0365,84.00594087454904,70.90149466663162,77,2014,84.00594087454904
2014-03-21,Aqua,0.0283,0.0825,0.0434,43.94266511208567,68.85027430065975,80,2014,43.94266511208567
2014-03-22,Aqua,0.0284,0.0697,0.0408,35.536307198323776,71.42422271107168,81,2014,35.536307198323776
2014-03-22,Terra,0.0218,0.087,0.0356,53.90355508563166,62.57675921557722,81,2014,53.90355508563166
2014-03-23,Aqua,0.0381,0.1403,0.0547,35.46203244843689,74.33425836379719,82,2014,35.46203244843689
2014-03-23,Terra,0.0387,0.1194,0.0562,36.80444326790087,74.33425836379719,82,2014,36.80444326790087
2014-03-24,Aqua,0.0312,0.1495,0.0359,17.26761103073925,59.61076915833529,83,2014,17.26761103073925
2014-03-24,Terra,0.0507,0.1427,0.0627,21.830555548636163,56.001669090609006,83,2014,21.830555548636163
2014-04-07,Terra,0.0169,0.0605,0.0294,66.21000657108804,71.36685720158637,97,2014,66.21000657108804
2014-04-07,Aqua,0.0202,0.0806,0.0359,70.97484821992023,71.92106255653675,97,2014,70.97484821992023
2014-04-08,Terra,0.0358,0.118,0.0522,37.29319605631488,75.29681098143374,98,2014,37.29319605631488
2014-04-09,Terra,0.0189,0.0669,0.0345,77.42242345008147,73.7079599034573,99,2014,77.42242345008147
2014-04-10,Aqua,0.0255,0.1227,0.0383,41.065638355306525,70.50511483033024,100,2014,41.065638355306525
2014-04-11,Aqua,0.0165,0.0417,0.034,114.8185871431937,75.27113828227994,101,2014,114.8185871431937
2014-04-11,Terra,0.0338,0.2369,0.0437,25.225123706270203,59.2416991397017,101,2014,25.225123706270203
2014-04-12,Terra,0.0161,0.0653,0.0281,66.91754628728398,71.36685720158637,102,2014,66.91754628728398
2014-04-12,Aqua,0.0195,0.0774,0.0351,73.97462499465365,74.35632645236635,102,2014,73.97462499465365
2014-04-13,Terra,0.0175,0.0664,0.0338,93.02403579743805,73.74096378230803,103,2014,93.02403579743805
2014-04-13,Aqua,0.0143,0.0521,0.0303,125.71634550783133,72.832876242111,103,2014,125.71634550783133
2014-04-14,Terra,0.0226,0.0447,0.0368,53.39981650854617,69.67886923747226,104,2014,53.39981650854617
2014-04-20,Terra,0.0307,0.081,0.0443,36.05175633653107,71.30559987605099,110,2014,36.05175633653107
2014-04-28,Aqua,0.0307,0.1125,0.0437,34.488219750332576,91.47122039876358,118,2014,34.488219750332576
2014-04-29,Terra,0.0173,0.1091,0.0298,64.11707066565239,91.53062067778636,119,2014,64.11707066565239
2014-04-30,Aqua,0.0243,0.1237,0.0347,34.84641819801713,93.54958062123093,120,2014,34.84641819801713
2014-04-30,Terra,0.0175,0.0604,0.026,39.63887535481879,96.19310092452976,120,2014,39.63887535481879
2014-05-01,Terra,0.0317,0.1136,0.0418,26.89305127867148,58.780975008373844,121,2014,26.89305127867148
2014-05-07,Terra,0.0147,0.0653,0.0236,50.99891477088698,95.06834649767117,127,2014,50.99891477088698
2014-05-07,Aqua,0.024,0.0981,0.0382,49.58981276988076,94.715096643647,127,2014,49.58981276988076
2014-05-11,Aqua,0.0161,0.0559,0.0253,47.56888448895646,103.93261333637814,131,2014,47.56888448895646
2014-05-13,Aqua,0.0212,0.1098,0.0296,32.38923667902322,52.14123288041125,133,2014,32.38923667902322
2014-05-13,Terra,0.0221,0.1281,0.0334,41.902797076728625,105.21830506700928,133,2014,41.902797076728625
2014-05-14,Aqua,0.0224,0.0739,0.0345,44.56144614326283,105.67129843871648,134,2014,44.56144614326283
2014-05-14,Terra,0.0177,0.0893,0.0252,34.509970323550576,106.8461010986827,134,2014,34.509970323550576
2014-05-16,Aqua,0.0241,0.1043,0.0357,39.259623935900876,110.66528916076517,136,2014,39.259623935900876
2014-05-16,Terra,0.0244,0.0842,0.0326,28.067772500749136,59.77658644744135,136,2014,28.067772500749136
2014-05-20,Aqua,0.0316,0.1451,0.0444,33.06051640602902,53.17409122047355,140,2014,33.06051640602902
2014-05-20,Terra,0.0126,0.0289,0.0234,81.88667017566054,108.3409593587558,140,2014,81.88667017566054
2014-05-21,Aqua,0.0192,0.0971,0.0347,74.95340457452198,105.10290170674905,141,2014,74.95340457452198
2014-05-21,Terra,0.0135,0.0691,0.023,61.86496160641191,94.8520216681413,141,2014,61.86496160641191
2014-05-22,Aqua,0.0163,0.0625,0.0263,51.83555397410979,105.22902955594655,142,2014,51.83555397410979
2014-05-29,Aqua,0.0186,0.0686,0.0319,63.21507784992678,101.16865446707745,149,2014,63.21507784992678
2014-05-29,Terra,0.0241,0.1034,0.0435,74.64203830943909,105.98053868428302,149,2014,74.64203830943909
2014-05-30,Aqua,0.0271,0.0743,0.0464,62.87098386759716,101.75342812172384,150,2014,62.87098386759716
2014-05-30,Terra,0.0213,0.083,0.035,55.00215286499451,98.27016256403913,150,2014,55.00215286499451
2014-05-31,Aqua,0.0221,0.0653,0.0352,49.70067133060198,113.14834746254455,151,2014,49.70067133060198
2014-05-31,Terra,0.0273,0.0926,0.0473,65.34227616542717,100.82943843822792,151,2014,65.34227616542717
2014-06-01,Terra,0.0382,0.0748,0.053,31.730801614998214,55.245292124832346,152,2014,31.730801614998214
2014-06-01,Aqua,0.0305,0.0998,0.0494,52.483366162667565,111.88128683255523,152,2014,52.483366162667565
2014-06-02,Aqua,0.03,0.1526,0.0499,57.224536782265545,98.61022521432984,153,2014,57.224536782265545
2014-06-02,Terra,0.0271,0.1422,0.0463,62.431496001224794,100.37946332705759,153,2014,62.431496001224794
2014-06-03,Terra,0.0262,0.2299,0.0404,44.73157835088836,117.54876618905075,154,2014,44.73157835088836
2014-06-04,Terra,0.0258,0.129,0.0439,61.61109298465376,99.58924184214828,155,2014,61.61109298465376
2014-06-04,Aqua,0.0263,0.1362,0.045,62.73372816075615,101.7018374867515,155,2014,62.73372816075615
2014-06-05,Aqua,0.0259,0.0739,0.0404,46.438279335339516,117.66339492046266,156,2014,46.438279335339516
2014-06-05,Terra,0.0219,0.1009,0.0359,54.57633920589468,102.86140039148962,156,2014,54.57633920589468
2014-06-06,Terra,0.021,0.095,0.0324,44.81391628046616,115.15886012763806,157,2014,44.81391628046616
2014-06-06,Aqua,0.0284,0.1456,0.0448,48.16556055128351,116.3329628412229,157,2014,48.16556055128351
2014-06-07,Terra,0.0207,0.1119,0.0358,64.95899225213032,103.59213614711548,158,2014,64.95899225213032
2014-06-07,Aqua,0.0216,0.0624,0.0316,37.699070095631086,118.35252118488015,158,2014,37.699070095631086
2014-06-08,Aqua,0.0279,0.1171,0.0438,47.417863279422654,116.89653002885349,159,2014,47.417863279422654
2014-06-08,Terra,0.0226,0.0977,0.0331,37.83655063518642,118.35252118488015,159,2014,37.83655063518642
2014-06-09,Terra,0.0192,0.0702,0.0308,50.86729221627471,115.23232490546835,160,2014,50.86729221627471
2014-06-09,Aqua,0.0142,0.0805,0.0248,67.05942125806195,100.5622520692741,160,2014,67.05942125806195
2014-06-10,Terra,0.0545,0.0815,0.0581,13.47148767690545,45.56119699457762,161,2014,13.47148767690545
2014-06-10,Aqua,0.0628,0.0727,0.0698,15.428302871089013,46.42086962880137,161,2014,15.428302871089013
2014-06-11,Terra,0.0224,0.1377,0.0367,54.48151100208965,102.3786956573012,162,2014,54.48151100208965
2014-06-19,Aqua,0.0183,0.1987,0.0352,91.78774423579071,103.9373837876812,170,2014,91.78774423579071
2014-06-19,Terra,0.0196,0.1006,0.0313,50.125870838627826,116.19245561195177,170,2014,50.125870838627826
2014-06-22,Aqua,0.0282,0.1414,0.0428,42.4841647936621,121.31671491864975,173,2014,42.4841647936621
2014-06-30,Terra,0.0132,0.0859,0.0231,67.50000863923968,104.32196148602887,181,2014,67.50000863923968
2014-06-30,Aqua,0.0085,0.0949,0.0201,179.63340001148043,104.80348022579972,181,2014,179.63340001148043
2014-07-01,Terra,0.0092,0.08,0.016,66.14635598210327,104.32196148602887,182,2014,66.14635598210327
2014-07-01,Aqua,0.0134,0.0817,0.0279,118.75662514537935,104.80348022579972,182,2014,118.75662514537935
2014-07-02,Aqua,0.0078,0.0722,0.018,165.92999546078863,104.80348022579972,183,2014,165.92999546078863
2014-07-03,Aqua,0.0281,0.0892,0.0398,33.93339157153871,123.32155871020394,184,2014,33.93339157153871
2014-07-05,Aqua,0.0471,0.1633,0.0619,26.603233186206314,61.76020180606891,186,2014,26.603233186206314
2014-07-05,Terra,0.0203,0.1471,0.0303,40.24026286439874,123.88688885273241,186,2014,40.24026286439874
2014-07-06,Terra,0.0164,0.122,0.0331,107.32836631472829,106.1672230723609,187,2014,107.32836631472829
2014-07-06,Aqua,0.017,0.135,0.0338,102.21797971633531,106.1672230723609,187,2014,102.21797971633531
2014-07-07,Aqua,0.0135,0.067,0.0247,78.00767083246664,108.67736324814653,188,2014,78.00767083246664
2014-07-07,Terra,0.0107,0.0598,0.0219,112.32348363384239,104.95292357532618,188,2014,112.32348363384239
2014-07-09,Terra,0.0218,0.1585,0.0381,67.21279371640047,107.10697873161763,190,2014,67.21279371640047
2014-07-09,Aqua,0.0107,0.0895,0.0213,102.6228750168547,106.1672230723609,190,2014,102.6228750168547
2014-07-10,Terra,0.0131,0.0786,0.022,59.04013963128172,99.05760408996038,191,2014,59.04013963128172
2014-07-10,Aqua,0.0162,0.1267,0.0341,123.04650616318443,101.30960386125193,191,2014,123.04650616318443
2014-07-12,Terra,0.0205,0.1487,0.0305,39.82051545290369,120.87909313540439,193,2014,39.82051545290369
2014-07-12,Aqua,0.0257,0.1844,0.0363,33.62908388865159,120.54669945141943,193,2014,33.62908388865159
2014-07-14,Terra,0.0236,0.1404,0.0404,62.83365631244536,104.68474626455641,195,2014,62.83365631244536
2014-07-14,Aqua,0.0346,0.1072,0.0446,24.979691456355017,62.04011541670834,195,2014,24.979691456355017
2014-07-15,Aqua,0.0224,0.1598,0.0373,57.431201451034994,102.82538453921114,196,2014,57.431201451034994
2014-07-15,Terra,0.0122,0.0795,0.0236,93.49428252733192,103.92567248567741,196,2014,93.49428252733192
2014-07-16,Aqua,0.0114,0.1019,0.0223,96.94987462641514,103.92567248567741,197,2014,96.94987462641514
2014-07-16,Terra,0.0196,0.0558,0.0337,63.73595408633603,101.84813328274373,197,2014,63.73595408633603
2014-07-17,Aqua,0.0127,0.077,0.0283,148.08786637506356,101.52384419398295,198,2014,148.08786637506356
2014-07-17,Terra,0.0126,0.0852,0.0219,66.01842545622064,101.96475244728059,198,2014,66.01842545622064
2014-07-18,Terra,0.016,0.0934,0.0291,76.50954869459267,106.42608596164357,199,2014,76.50954869459267
2014-07-19,Aqua,0.0269,0.0727,0.038,33.64364294203486,119.92569858858214,200,2014,33.64364294203486
2014-07-19,Terra,0.0274,0.1114,0.0364,27.552081667054026,61.585262587941536,200,2014,27.552081667054026
2014-07-25,Aqua,0.009,0.0676,0.0182,108.00928012733114,104.13754217016032,206,2014,108.00928012733114
2014-07-25,Terra,0.0171,0.161,0.0306,72.57731155440217,108.65738023725679,206,2014,72.57731155440217
2014-07-26,Aqua,0.0159,0.0839,0.0303,89.04906457238046,104.46494400642625,207,2014,89.04906457238046
2014-07-26,Terra,0.0128,0.0663,0.0222,65.56008925342603,102.1138458960505,207,2014,65.56008925342603
2014-07-28,Aqua,0.0314,0.1014,0.0456,36.807155794037136,119.92314235310836,209,2014,36.807155794037136
2014-07-28,Terra,0.0111,0.044,0.0204,79.15129383524346,106.70791078127566,209,2014,79.15129383524346
2014-07-29,Terra,0.0251,0.1407,0.0418,57.449153888528656,101.2178992577835,210,2014,57.449153888528656
2014-07-30,Aqua,0.0363,0.0732,0.0442,20.755712337565853,58.11265402061409,211,2014,20.755712337565853
2014-07-30,Terra,0.02,0.0985,0.0311,45.97088044030214,112.27916502548476,211,2014,45.97088044030214
2014-07-31,Terra,0.0126,0.0931,0.0229,76.33329131076907,105.84470041936898,212,2014,76.33329131076907
2014-07-31,Aqua,0.0215,0.1436,0.0388,74.59793365756839,108.17164904948687,212,2014,74.59793365756839
2014-08-01,Terra,0.0169,0.092,0.0301,71.47432860797441,107.2488325276853,213,2014,71.47432860797441
2014-08-02,Aqua,0.0232,0.0936,0.0379,53.96724150298143,99.6746753553969,214,2014,53.96724150298143
2014-08-02,Terra,0.0127,0.0827,0.0226,71.27390896236874,103.96404710576824,214,2014,71.27390896236874
2014-08-03,Terra,0.0232,0.1682,0.0406,67.50000863923968,102.39410485021187,215,2014,67.50000863923968
2014-08-04,Terra,0.0265,0.1257,0.0376,34.12834989246134,100.65964688032736,216,2014,34.12834989246134
2014-08-04,Aqua,0.0255,0.069,0.0402,48.06693002664203,101.77345518068181,216,2014,48.06693002664203
2014-08-05,Aqua,0.0214,0.1987,0.0398,82.27010135165006,105.00726825779614,217,2014,82.27010135165006
2014-08-05,Terra,0.0144,0.1326,0.0339,177.04335974804795,101.32125487154876,217,2014,177.04335974804795
2014-08-06,Aqua,0.0293,0.0799,0.0378,25.04812315469415,60.63538741860127,218,2014,25.04812315469415
2014-08-06,Terra,0.0178,0.1096,0.0285,50.55422171117208,98.03025766938191,218,2014,50.55422171117208
2014-08-07,Aqua,0.013,0.0932,0.0272,120.66207008466193,101.32125487154876,219,2014,120.66207008466193
2014-08-07,Terra,0.0177,0.1388,0.0322,76.57235231684012,104.94021657699602,219,2014,76.57235231684012
2014-08-08,Terra,0.019,0.1112,0.0292,44.24834539773187,95.83172559079097,220,2014,44.24834539773187
2014-08-08,Aqua,0.0148,0.0808,0.024,52.68903694071497,92.77522025625973,220,2014,52.68903694071497
2014-08-09,Aqua,0.024,0.1117,0.0369,44.30996260855051,96.64547848234035,221,2014,44.30996260855051
2014-08-09,Terra,0.012,0.0707,0.021,67.50000863923968,99.09343236821229,221,2014,67.50000863923968
2014-08-10,Aqua,0.0126,0.0552,0.0245,95.07779598980662,101.7699908631053,222,2014,95.07779598980662
2014-08-10,Terra,0.0192,0.0973,0.0325,60.57620472441939,90.03504470283647,222,2014,60.57620472441939
2014-08-15,Aqua,0.0116,0.1006,0.0222,90.29064158157856,102.39204652198796,227,2014,90.29064158157856
2014-08-16,Aqua,0.0228,0.1172,0.0382,58.589748376790446,91.85459228112744,228,2014,58.589748376790446
2014-08-16,Terra,0.0167,0.0849,0.0265,49.101165399784925,93.88093263846002,228,2014,49.101165399784925
2014-08-17,Aqua,0.0165,0.1097,0.0269,53.61170335171888,91.83749790714178,229,2014,53.61170335171888
2014-08-17,Terra,0.0187,0.1247,0.0299,50.32942361988634,93.91931407452445,229,2014,50.32942361988634
2014-08-18,Aqua,0.02,0.1157,0.0349,66.87496985606279,99.92874909359259,230,2014,66.87496985606279
2014-08-18,Terra,0.0128,0.0793,0.0221,64.60476343679733,99.0012582195398,230,2014,64.60476343679733
2014-08-19,Terra,0.0238,0.0752,0.0406,62.12255315918432,92.55132333002891,231,2014,62.12255315918432
2014-08-20,Aqua,0.0167,0.1369,0.03,73.4956227822793,105.13427347105888,232,2014,73.4956227822793
2014-08-20,Terra,0.0178,0.0287,0.0285,50.55422171117208,103.85644622123172,232,2014,50.55422171117208
2014-08-21,Aqua,0.0301,0.1231,0.0449,40.15998273316684,95.99867246268997,233,2014,40.15998273316684
2014-08-22,Terra,0.0169,0.1215,0.0265,47.236898402123515,92.84265136670847,234,2014,47.236898402123515
2014-08-24,Aqua,0.0143,0.0942,0.0251,68.15997852153293,96.4604438229253,236,2014,68.15997852153293
2014-08-25,Aqua,0.0158,0.0883,0.0277,67.89768620211646,93.52558618861049,237,2014,67.89768620211646
2014-08-26,Terra,0.0152,0.1032,0.0257,60.353218816519544,81.27384981810128,238,2014,60.353218816519544
2014-08-26,Aqua,0.0089,0.0487,0.0171,91.45474566702123,93.1427517511926,238,2014,91.45474566702123
2014-08-27,Terra,0.0102,0.0712,0.0181,70.62254336072559,90.50395354463596,239,2014,70.62254336072559
2014-08-27,Aqua,0.0199,0.0783,0.0297,40.227245103931686,83.12099148996514,239,2014,40.227245103931686
2014-08-28,Terra,0.0141,0.0867,0.0267,87.23226306052395,93.95907769735616,240,2014,87.23226306052395
2014-08-28,Aqua,0.0092,0.0919,0.0185,106.05020326860406,94.2894693506575,240,2014,106.05020326860406
2014-08-29,Aqua,0.0155,0.0815,0.0253,53.821018355266865,80.46654637303234,241,2014,53.821018355266865
2014-08-29,Terra,0.0174,0.0701,0.0257,38.888899937083565,83.69546082874784,241,2014,38.888899937083565
2014-09-01,Terra,0.0109,0.0816,0.0194,71.31154497307341,89.50079174849711,244,2014,71.31154497307341
2014-09-01,Aqua,0.0156,0.125,0.0292,84.00594087454913,90.76883667035696,244,2014,84.00594087454913
2014-09-02,Aqua,0.0098,0.0589,0.0191,95.80070461262481,90.76883667035696,245,2014,95.80070461262481
2014-09-02,Terra,0.0139,0.1132,0.0242,66.3787251164845,87.50333314403058,245,2014,66.3787251164845
2014-09-03,Aqua,0.0194,0.1056,0.0299,44.66110153961335,78.51996270580042,246,2014,44.66110153961335
2014-09-03,Terra,0.0118,0.0633,0.0211,72.40100673994573,93.12873354029865,246,2014,72.40100673994573
2014-09-04,Aqua,0.0097,0.0621,0.0202,118.8279779099021,83.10813997191146,247,2014,118.8279779099021
2014-09-04,Terra,0.014,0.1069,0.0255,76.87652184011861,85.24737693801855,247,2014,76.87652184011861
2014-09-05,Terra,0.0181,0.068,0.0279,44.67988646654369,73.38742176164762,248,2014,44.67988646654369
2014-09-05,Aqua,0.0156,0.0742,0.0274,68.3072428747661,81.31168316560262,248,2014,68.3072428747661
2014-09-06,Aqua,0.0179,0.2039,0.0324,75.32678246526343,81.2684673515227,249,2014,75.32678246526343
2014-09-07,Aqua,0.0143,0.0993,0.0262,78.36007987842962,81.07038415405512,250,2014,78.36007987842962
2014-09-07,Terra,0.0106,0.0987,0.0222,121.04348468280898,78.98455227691682,250,2014,121.04348468280898
2014-09-08,Terra,0.025,0.132,0.0415,56.85251334605608,54.310981142467824,251,2014,56.85251334605608
2014-09-09,Aqua,0.0103,0.079,0.0203,99.34428176963961,51.44852017422108,252,2014,99.34428176963961
2014-09-09,Terra,0.0229,0.0645,0.0353,44.68443410828613,45.96291026388695,252,2014,44.68443410828613
2014-09-10,Terra,0.0106,0.0768,0.0197,82.0800393766541,51.44852017422108,253,2014,82.0800393766541
2014-09-10,Aqua,0.0193,0.1613,0.0335,65.7293922488687,51.22982617715781,253,2014,65.7293922488687
2014-09-11,Aqua,0.0119,0.0547,0.0239,105.62789901185381,51.33036330317466,254,2014,105.62789901185381
2014-09-11,Terra,0.0165,0.1431,0.0276,58.282031203982434,45.887902737548245,254,2014,58.282031203982434
2014-09-12,Terra,0.0131,0.0484,0.0248,87.15930389440406,51.33036330317466,255,2014,87.15930389440406
2014-09-12,Aqua,0.0176,0.0658,0.0304,64.6912103007125,51.11192084479363,255,2014,64.6912103007125
2014-09-13,Terra,0.0186,0.0919,0.0314,60.04997100662139,45.180861143637955,256,2014,60.04997100662139
2014-09-13,Aqua,0.0144,0.0622,0.0289,105.3786280657351,50.72276598394586,256,2014,105.3786280657351
2014-09-14,Terra,0.0123,0.0493,0.022,72.46451869819337,51.90265855591286,257,2014,72.46451869819337
2014-09-14,Aqua,0.0161,0.1001,0.0266,55.98565447776843,45.13558954385795,257,2014,55.98565447776843
2014-09-16,Terra,0.0135,0.0531,0.0253,84.33898238863748,50.72276598394586,259,2014,84.33898238863748
2014-09-19,Terra,0.0113,0.0804,0.0187,56.28294297572327,44.70083318134012,262,2014,56.28294297572327
2014-09-19,Aqua,0.0163,0.1149,0.0275,59.92798545039232,44.74588627509487,262,2014,59.92798545039232
2014-09-20,Terra,0.0132,0.073,0.0244,80.65193515652818,50.41833710590431,263,2014,80.65193515652818
2014-09-20,Aqua,0.0104,0.0735,0.0215,116.03717142497565,49.2071180489473,263,2014,116.03717142497565
2014-09-21,Aqua,0.0164,0.0838,0.0283,64.48892379933557,49.139212351858255,264,2014,64.48892379933557
2014-09-27,Aqua,0.0106,0.0592,0.0219,115.80556582050745,46.11309835976391,270,2014,115.80556582050745
2014-09-27,Terra,0.0142,0.057,0.0244,63.606131708694086,46.04736293853765,270,2014,63.606131708694086
2014-09-28,Aqua,0.0223,0.1244,0.0338,42.29919482473649,38.54652658438734,271,2014,42.29919482473649
2014-09-28,Terra,0.0101,0.0591,0.0176,66.57318203443843,45.86422073056781,271,2014,66.57318203443843
2014-09-29,Terra,0.0187,0.1532,0.0323,64.6912103007125,45.86422073056781,272,2014,64.6912103007125
2014-10-01,Terra,0.0203,0.1177,0.0345,61.37089817747468,40.11983837135863,274,2014,61.37089817747468
2014-10-01,Aqua,0.0305,0.1435,0.0433,34.19128407647448,37.01117743006649,274,2014,34.19128407647448
2014-10-02,Terra,0.0094,0.0668,0.0178,87.23226306052395,45.57628014501258,275,2014,87.23226306052395
2014-10-02,Aqua,0.0093,0.0643,0.0174,83.8853045854692,45.57628014501258,275,2014,83.8853045854692
2014-10-03,Terra,0.0103,0.0908,0.0193,84.2968976990987,45.57628014501258,276,2014,84.2968976990987
2014-10-03,Aqua,0.0189,0.1421,0.029,44.01935150831329,40.8875266135136,276,2014,44.01935150831329
2014-10-04,Aqua,0.0089,0.0722,0.017,89.72724863267278,45.57628014501258,277,2014,89.72724863267278
2014-10-04,Terra,0.0114,0.0981,0.0191,58.589748376790446,40.33139008256393,277,2014,58.589748376790446
2014-10-05,Terra,0.0116,0.0872,0.0187,51.68654459091317,36.202375497682084,278,2014,51.68654459091317
2014-10-05,Aqua,0.0137,0.1152,0.0241,68.65099658292883,45.46471432448602,278,2014,68.65099658292883
2014-10-06,Aqua,0.0114,0.0784,0.0192,59.59301063403062,40.33139008256393,279,2014,59.59301063403062
2014-10-06,Terra,0.0142,0.0543,0.0242,61.92657098363286,40.33491699998918,279,2014,61.92657098363286
2014-10-07,Aqua,0.0172,0.0743,0.0251,37.39322687711254,38.210567140788115,280,2014,37.39322687711254
2014-10-07,Terra,0.0097,0.0653,0.0173,71.79319595800705,46.590222478738085,280,2014,71.79319595800705
2014-10-08,Aqua,0.0274,0.1629,0.041,40.56898117878189,36.72135844539986,281,2014,40.56898117878189
2014-10-09,Terra,0.0118,0.068,0.02,60.833370126520265,40.33491699998918,282,2014,60.833370126520265
2014-10-09,Aqua,0.0115,0.1034,0.0181,47.81384933524152,40.33478445071654,282,2014,47.81384933524152
2014-10-10,Aqua,0.0212,0.1552,0.0355,58.48631087666225,39.7955086484089,283,2014,58.48631087666225
2014-10-11,Aqua,0.0173,0.0371,0.0253,37.65424542027513,38.79453450337713,284,2014,37.65424542027513
2014-10-12,Aqua,0.0223,0.1669,0.0324,36.86367591895717,39.19114014122523,285,2014,36.86367591895717
2014-10-16,Aqua,0.0112,0.0708,0.0202,74.4529141452545,47.12348469718112,289,2014,74.4529141452545
2014-10-19,Terra,0.0138,0.0986,0.0215,46.257073815484894,41.117580777895405,292,2014,46.257073815484894
2014-10-19,Aqua,0.0319,0.1144,0.0424,27.59839806417505,60.06613662974318,292,2014,27.59839806417505
2014-10-27,Terra,0.0169,0.053,0.0222,26.562738996956785,60.091385533792156,300,2014,26.562738996956785
2014-11-07,Aqua,0.0292,0.0773,0.0305,12.60664968593419,46.04847680373092,311,2014,12.60664968593419
2014-11-10,Aqua,0.013,0.1838,0.0235,75.00744210320669,72.01620967825706,314,2014,75.00744210320669
2014-11-10,Terra,0.0362,0.0642,0.0331,8.17857189344675,49.12695451646157,314,2014,8.17857189344675
2014-11-11,Aqua,0.0468,0.1344,0.042,7.696429053624425,49.832306416691715,315,2014,7.696429053624425
2014-11-11,Terra,0.0415,0.138,0.047,16.399473380334438,60.47832823982659,315,2014,16.399473380334438
2014-11-12,Aqua,0.0562,0.0989,0.0469,6.076493693392729,49.80947651776373,316,2014,6.076493693392729
2014-11-12,Terra,0.0228,0.0876,0.0276,20.36453696352941,56.70348798366281,316,2014,20.36453696352941
2014-11-15,Aqua,0.1086,0.2779,0.1668,44.16129753141966,66.46141609552988,319,2014,44.16129753141966
2014-11-15,Terra,0.1399,0.2528,0.1408,11.172443485714693,50.34583350767067,319,2014,11.172443485714693
2014-11-16,Aqua,0.0272,0.0803,0.0436,50.74105307733779,60.83574353864978,320,2014,50.74105307733779
2014-11-16,Terra,0.1871,0.2657,0.1903,11.562179631118374,50.34583350767067,320,2014,11.562179631118374
2014-11-17,Terra,0.1337,0.1621,0.1284,9.593523666387581,51.170628360320215,321,2014,9.593523666387581
2014-11-17,Aqua,0.082,0.088,0.0614,4.271409950868062,49.933824375214456,321,2014,4.271409950868062
2014-11-30,Aqua,0.0127,0.0355,0.0148,17.995912030365826,56.0149355297967,334,2014,17.995912030365826
2014-11-30,Terra,0.0323,0.0466,0.0366,16.42758887230983,60.55122424796054,334,2014,16.42758887230983
2014-12-03,Terra,0.041,0.1013,0.0436,13.363303225592881,46.84435675240927,337,2014,13.363303225592881
2014-12-14,Terra,0.0203,0.0474,0.0296,37.29548466138593,72.48533771388932,348,2014,37.29548466138593
2014-12-22,Terra,0.0508,0.1133,0.0554,14.50424437736817,46.70581653650967,356,2014,14.50424437736817
2014-12-22,Aqua,0.1399,0.2601,0.1446,12.182951738599291,47.79601340496728,356,2014,12.182951738599291
2014-12-30,Terra,0.0747,0.0998,0.0601,5.395260249673051,49.367404746247196,364,2014,5.395260249673051
2014-12-30,Aqua,0.0476,0.0682,0.046,9.790683719740567,49.243764605216846,364,2014,9.790683719740567
2014-12-31,Aqua,0.0584,0.107,0.0554,9.21778303818357,49.330368754945184,365,2014,9.21778303818357
2014-12-31,Terra,0.0363,0.0563,0.0394,14.282649437459426,46.53016634873339,365,2014,14.282649437459426
2015-01-01,Aqua,0.0359,0.1104,0.0444,21.835285919658578,56.55944865715343,1,2015,21.835285919658578
2015-01-01,Terra,0.0549,0.0669,0.0553,11.20325387910887,48.44690988038155,1,2015,11.20325387910887
2015-01-02,Terra,0.0494,0.1176,0.0502,11.52862249121456,48.36108507440374,2,2015,11.52862249121456
2015-01-02,Aqua,0.0514,0.124,0.0562,14.627155871824979,46.48156497872613,2,2015,14.627155871824979
2015-01-07,Aqua,0.0507,0.0945,0.0549,14.173444829570105,46.39411636524526,7,2015,14.173444829570105
2015-01-07,Terra,0.023,0.1564,0.0341,39.37010801030943,69.01644789529894,7,2015,39.37010801030943
2015-01-08,Terra,0.0509,0.0929,0.0493,9.862652144430376,49.243764605216846,8,2015,9.862652144430376
2015-01-09,Terra,0.0809,0.2522,0.0793,10.25383646666673,49.646775067379046,9,2015,10.25383646666673
2015-01-13,Terra,0.0455,0.1501,0.039,6.628623864104744,49.332823609419236,13,2015,6.628623864104744
2015-01-13,Aqua,0.0413,0.0855,0.0429,12.381254914183046,45.86610314707222,13,2015,12.381254914183046
2015-01-21,Aqua,0.0774,0.1194,0.0888,17.104484461253524,59.888676942369166,21,2015,17.104484461253524
2015-01-24,Terra,0.0996,0.2369,0.0985,10.553863255470478,49.277516243894354,24,2015,10.553863255470478
2015-01-24,Aqua,0.0365,0.0778,0.0375,11.947012915536511,46.90791184366834,24,2015,11.947012915536511
2015-01-25,Terra,0.0305,0.1771,0.0308,11.295734954628154,47.76720577556863,25,2015,11.295734954628154
2015-01-25,Aqua,0.0316,0.0839,0.0434,30.70031885849068,53.16010679805466,25,2015,30.70031885849068
2015-01-26,Terra,0.0532,0.3235,0.0673,23.50016698085441,56.0800730149092,26,2015,23.50016698085441
2015-01-28,Aqua,0.045,0.0931,0.0494,14.81908293691886,45.48419880638187,28,2015,14.81908293691886
2015-01-29,Terra,0.0573,0.1796,0.0536,8.807164469569347,48.38086272687294,29,2015,8.807164469569347
2015-01-30,Terra,0.0464,0.1883,0.059,23.895905256176178,55.675393952575895,30,2015,23.895905256176178
2015-01-30,Aqua,0.0369,0.119,0.0407,15.048679789789697,45.60672803268392,30,2015,15.048679789789697
2015-01-31,Terra,0.0479,0.1356,0.0512,13.588462362014521,45.60778278496954,31,2015,13.588462362014521
2015-01-31,Aqua,0.0384,0.0887,0.0437,16.6593971265579,59.16552198932194,31,2015,16.6593971265579
2015-02-14,Terra,0.0399,0.0979,0.0374,8.865946156918309,48.395186412292716,45,2015,8.865946156918309
2015-02-16,Aqua,0.0231,0.0851,0.0289,22.667685068462102,55.804779127945416,47,2015,22.667685068462102
2015-02-16,Terra,0.0156,0.0657,0.0256,54.76667867680133,62.956660499688056,47,2015,54.76667867680133
2015-02-17,Aqua,0.0145,0.0794,0.0226,46.319820021049075,69.98558414074152,48,2015,46.319820021049075
2015-02-18,Aqua,0.018,0.0944,0.0246,30.212368527036435,58.1128121643156,49,2015,30.212368527036435
2015-02-19,Aqua,0.0191,0.0869,0.0286,40.66000944901139,70.59693231526036,50,2015,40.66000944901139
2015-02-21,Aqua,0.109,0.1849,0.0957,7.167085473994959,49.58803318399239,52,2015,7.167085473994959
2015-02-22,Aqua,0.0262,0.1615,0.0353,28.844388260895105,61.372565315471775,53,2015,28.844388260895105
2015-02-22,Terra,0.0387,0.1606,0.0489,23.411392677821468,55.161790968402116,53,2015,23.411392677821468
2015-02-23,Aqua,0.0177,0.1091,0.0264,40.14519745075704,70.01411237623084,54,2015,40.14519745075704
2015-02-23,Terra,0.0153,0.0944,0.0212,31.596138395030398,52.47613674975853,54,2015,31.596138395030398
2015-02-24,Aqua,0.0679,0.1525,0.0639,8.981682886508644,48.669010790250226,55,2015,8.981682886508644
2015-02-28,Aqua,0.0191,0.0818,0.0272,34.53795255693597,69.13385190563764,59,2015,34.53795255693597
2015-02-28,Terra,0.0237,0.0779,0.0301,23.803792599575097,55.722722387325206,59,2015,23.803792599575097
2015-03-01,Terra,0.0238,0.0949,0.0343,35.90410100289381,70.03655075985117,60,2015,35.90410100289381
2015-03-01,Aqua,0.0426,0.1997,0.0512,19.895283644921495,55.382574668416204,60,2015,19.895283644921495
2015-03-02,Terra,0.0157,0.1191,0.0255,52.96231670904613,63.83035337994542,61,2015,52.96231670904613
2015-03-03,Terra,0.0327,0.134,0.0446,30.014989655315553,58.4815788567934,62,2015,30.014989655315553
2015-03-03,Aqua,0.0341,0.1402,0.0404,18.988166130145178,54.98048427351099,62,2015,18.988166130145178
2015-03-04,Aqua,0.0272,0.1031,0.0319,18.37215043386839,54.907539266956775,63,2015,18.37215043386839
2015-03-04,Terra,0.0179,0.1206,0.0264,38.705046944202024,69.80612739622534,63,2015,38.705046944202024
2015-03-05,Aqua,0.0357,0.1728,0.0408,16.890693098031914,59.24544687736975,64,2015,16.890693098031914
2015-03-07,Aqua,0.0191,0.1218,0.0297,45.96836421569783,69.98558414074152,66,2015,45.96836421569783
2015-03-07,Terra,0.0208,0.0859,0.0268,24.944688346900964,59.094006882060334,66,2015,24.944688346900964
2015-03-08,Aqua,0.0189,0.0974,0.0274,36.60204139378709,71.25854311956596,67,2015,36.60204139378709
2015-03-08,Terra,0.0259,0.1487,0.0334,25.014863906227816,59.094006882060334,67,2015,25.014863906227816
2015-03-09,Terra,0.0158,0.0881,0.0239,42.024259304212265,69.78661730656131,68,2015,42.024259304212265
2015-03-09,Aqua,0.0209,0.0783,0.0264,23.38682315343297,55.923409860881286,68,2015,23.38682315343297
2015-03-12,Aqua,0.0252,0.1072,0.0331,26.555020829103817,59.094006882060334,71,2015,26.555020829103817
2015-03-16,Aqua,0.0251,0.0612,0.0295,18.500030846453278,55.31710676657792,75,2015,18.500030846453278
2015-03-18,Terra,0.0146,0.0688,0.023,47.955183133950435,69.68205899860395,77,2015,47.955183133950435
2015-03-18,Aqua,0.0197,0.1046,0.0275,32.367570018355096,52.63588785150454,77,2015,32.367570018355096
2015-03-26,Aqua,0.0249,0.1591,0.0366,38.281663345381695,69.28708310060128,85,2015,38.281663345381695
2015-03-26,Terra,0.0268,0.1286,0.0364,29.60867655978235,61.372565315471775,85,2015,29.60867655978235
2015-03-27,Aqua,0.0197,0.0563,0.0252,24.36565069579817,59.094006882060334,86,2015,24.36565069579817
2015-03-27,Terra,0.0188,0.0812,0.0239,23.879098354695422,55.923409860881286,86,2015,23.879098354695422
2015-03-29,Aqua,0.0133,0.0555,0.0215,52.15423415292835,66.70058876075389,88,2015,52.15423415292835
2015-03-29,Terra,0.0362,0.0648,0.042,17.739446347660504,55.038498030853916,88,2015,17.739446347660504
2015-04-09,Terra,0.027,0.1255,0.0398,38.63799807989195,70.75322085928109,99,2015,38.63799807989195
2015-04-12,Aqua,0.0201,0.0763,0.0284,33.66656292660394,70.18529341595546,102,2015,33.66656292660394
2015-04-12,Terra,0.037,0.0964,0.0418,16.26799387609074,59.01928194521157,102,2015,16.26799387609074
2015-04-15,Aqua,0.023,0.1406,0.0367,49.99468335625189,71.49675422141219,105,2015,49.99468335625189
2015-04-15,Terra,0.0569,0.1257,0.0662,17.900204479541976,55.13690938428074,105,2015,17.900204479541976
2015-04-16,Aqua,0.0137,0.0566,0.0226,55.70641313067488,66.33982970963002,106,2015,55.70641313067488
2015-04-16,Terra,0.0221,0.1309,0.0337,43.1389487905137,73.62315445636717,106,2015,43.1389487905137
2015-04-17,Terra,0.0181,0.0959,0.0234,25.219939515641624,59.2959158139375,107,2015,25.219939515641624
2015-04-17,Aqua,0.0237,0.0944,0.0317,28.169480030674862,59.866311404148135,107,2015,28.169480030674862
2015-04-18,Terra,0.0298,0.1302,0.041,30.876639006109507,52.4196329335349,108,2015,30.876639006109507
2015-04-18,Aqua,0.0334,0.1742,0.044,26.810466969278405,59.58894662032935,108,2015,26.810466969278405
2015-04-19,Aqua,0.0291,0.1389,0.0374,24.74143119865288,59.2959158139375,109,2015,24.74143119865288
2015-04-20,Aqua,0.0456,0.1786,0.0528,17.624062445889088,55.140469836274164,110,2015,17.624062445889088
2015-04-20,Terra,0.0357,0.1412,0.0493,31.25131978683466,52.12725825643665,110,2015,31.25131978683466
2015-04-22,Aqua,0.0304,0.1015,0.0412,29.400389074775696,61.321996927710536,112,2015,29.400389074775696
2015-04-22,Terra,0.0213,0.0699,0.0287,28.85062529484258,61.57055541581177,112,2015,28.85062529484258
2015-04-27,Aqua,0.0311,0.1666,0.0422,29.51693141820953,61.16063067676203,117,2015,29.51693141820953
2015-04-27,Terra,0.0244,0.1297,0.0368,41.62259170129381,93.08213099097031,117,2015,41.62259170129381
2015-04-30,Terra,0.0373,0.1435,0.045,20.141564601829817,55.05456066121928,120,2015,20.141564601829817
2015-04-30,Aqua,0.0249,0.0965,0.0348,32.492225060412075,52.00150134288884,120,2015,32.492225060412075
2015-05-02,Aqua,0.0205,0.1015,0.0319,46.076463607559454,93.91485852696508,122,2015,46.076463607559454
2015-05-02,Terra,0.03,0.1385,0.0429,35.006662844651565,97.17215825130278,122,2015,35.006662844651565
2015-05-03,Aqua,0.033,0.1651,0.0453,30.65016613840097,52.56428784898165,123,2015,30.65016613840097
2015-05-03,Terra,0.0317,0.0933,0.0435,30.614787551796585,52.56428784898165,123,2015,30.614787551796585
2015-05-04,Terra,0.0509,0.1792,0.0641,23.157297562529912,55.070762681698625,124,2015,23.157297562529912
2015-05-04,Aqua,0.0518,0.1902,0.0649,22.774693100993613,55.070762681698625,124,2015,22.774693100993613
2015-05-05,Aqua,0.021,0.1774,0.0318,42.171446866646065,96.01715475137578,125,2015,42.171446866646065
2015-05-07,Aqua,0.0334,0.0829,0.042,23.047051159861304,54.83443240313443,127,2015,23.047051159861304
2015-05-07,Terra,0.0295,0.113,0.0414,32.93266207491011,52.00150134288884,127,2015,32.93266207491011
2015-05-08,Terra,0.0211,0.1099,0.0267,23.5222351854816,54.9082553599723,128,2015,23.5222351854816
2015-05-08,Aqua,0.0375,0.1551,0.0463,21.714846545090346,54.81582077100244,128,2015,21.714846545090346
2015-05-09,Aqua,0.0361,0.0891,0.0446,21.76007730224992,54.81582077100244,129,2015,21.76007730224992
2015-05-09,Terra,0.0331,0.1001,0.0445,28.64181187707853,61.50429408787078,129,2015,28.64181187707853
2015-05-18,Terra,0.0392,0.2041,0.0532,29.533178749515336,62.39340161850523,138,2015,29.533178749515336
2015-05-25,Terra,0.0301,0.1723,0.0466,45.31787242275832,105.69341092502087,145,2015,45.31787242275832
2015-05-26,Terra,0.0245,0.0977,0.0333,29.677819983615326,61.958373150602455,146,2015,29.677819983615326
2015-05-26,Aqua,0.0357,0.1152,0.0481,28.8451324629422,62.63611968224286,146,2015,28.8451324629422
2015-05-27,Aqua,0.0137,0.0871,0.0235,63.248005014935565,101.16865446707745,147,2015,63.248005014935565
2015-05-27,Terra,0.0265,0.1474,0.0447,59.89056114102927,97.00066607266545,147,2015,59.89056114102927
2015-05-28,Terra,0.0314,0.1401,0.0372,18.98621949233224,55.99541401753354,148,2015,18.98621949233224
2015-05-28,Aqua,0.0713,0.1784,0.0714,10.991888386373216,47.28513600466796,148,2015,10.991888386373216
2015-05-29,Terra,0.0341,0.116,0.0492,36.037015266748845,112.09922999712259,149,2015,36.037015266748845
2015-05-30,Aqua,0.0344,0.1668,0.0362,12.915519280478744,44.92337690493447,150,2015,12.915519280478744
2015-05-30,Terra,0.048,0.1906,0.0601,22.726712078278624,56.40501539307972,150,2015,22.726712078278624
2015-06-04,Aqua,0.0326,0.1394,0.0483,39.28266149143842,119.89313485759655,155,2015,39.28266149143842
2015-06-04,Terra,0.0516,0.0955,0.0587,16.639227685157127,59.066773542852225,155,2015,16.639227685157127
2015-06-05,Terra,0.0314,0.1583,0.0495,48.06321579582215,114.96140212712123,156,2015,48.06321579582215
2015-06-05,Aqua,0.0362,0.22,0.052,35.52379195918344,124.77370392125073,156,2015,35.52379195918344
2015-06-06,Terra,0.0769,0.1795,0.0848,15.03758309440695,47.26481190456697,157,2015,15.03758309440695
2015-06-07,Terra,0.0289,0.1312,0.0473,54.296343371815865,101.46127275699467,158,2015,54.296343371815865
2015-06-07,Aqua,0.0349,0.2105,0.0487,32.32811160144529,54.672416900916986,158,2015,32.32811160144529
2015-06-08,Aqua,0.0286,0.1361,0.0439,44.07286861050195,118.59236853300673,159,2015,44.07286861050195
2015-06-08,Terra,0.0244,0.0876,0.0443,76.07596884740278,106.8040364552524,159,2015,76.07596884740278
2015-06-10,Aqua,0.0255,0.081,0.036,33.575957336688056,117.89367232542439,161,2015,33.575957336688056
2015-06-10,Terra,0.038,0.2191,0.0535,33.27762421578344,55.753169785807586,161,2015,33.27762421578344
2015-06-11,Aqua,0.0384,0.1804,0.053,31.19660615627567,55.265731919988745,162,2015,31.19660615627567
2015-06-11,Terra,0.0277,0.1285,0.0358,25.19464676134911,59.92089439557757,162,2015,25.19464676134911
2015-06-12,Terra,0.0374,0.171,0.0494,27.042115711749688,60.48400183093702,163,2015,27.042115711749688
2015-06-12,Aqua,0.0206,0.1102,0.0308,40.46287837655392,118.46314339354755,163,2015,40.46287837655392
2015-06-13,Terra,0.0603,0.1736,0.0686,16.64152044357888,59.35301718818208,164,2015,16.64152044357888
2015-06-13,Aqua,0.0694,0.2201,0.07205,12.359701541841712,45.174804341674474,164,2015,12.359701541841712
2015-06-14,Terra,0.0345,0.1763,0.0498,36.09088594301984,121.60995888493082,165,2015,36.09088594301984
2015-06-14,Aqua,0.0321,0.2128,0.0469,37.53979615906827,120.17661635912923,165,2015,37.53979615906827
2015-06-15,Aqua,0.0495,0.1655,0.0459,8.559967611019369,47.8863298701783,166,2015,8.559967611019369
2015-06-16,Terra,0.0295,0.1309,0.0392,27.575447705810916,62.4164988662105,167,2015,27.575447705810916
2015-06-17,Terra,0.0425,0.1736,0.0568,28.095446216181823,62.904604794321784,168,2015,28.095446216181823
2015-06-17,Aqua,0.0238,0.087,0.0358,41.26518276692847,122.47583480538444,168,2015,41.26518276692847
2015-06-18,Terra,0.0269,0.0985,0.036,28.219993029484602,62.4164988662105,169,2015,28.219993029484602
2015-06-18,Aqua,0.0365,0.1406,0.0532,37.24612254023857,128.2280015400835,169,2015,37.24612254023857
2015-06-19,Terra,0.0514,0.1724,0.0634,21.64609340343844,58.75774227910308,170,2015,21.64609340343844
2015-06-20,Aqua,0.0694,0.2358,0.0612,7.270116836263179,49.89589274128949,171,2015,7.270116836263179
2015-06-22,Aqua,0.0762,0.1565,0.0763,10.988669988400485,49.16509247082759,173,2015,10.988669988400485
2015-06-22,Terra,0.0575,0.1996,0.0645,15.89684689623477,61.41209566827132,173,2015,15.89684689623477
2015-06-23,Aqua,0.0373,0.1024,0.0494,27.278550059731096,62.400829069958924,174,2015,27.278550059731096
2015-06-24,Terra,0.0363,0.0922,0.0516,34.3336514856199,129.68555403452226,175,2015,34.3336514856199
2015-06-25,Terra,0.0145,0.115,0.0235,52.59064521188877,118.16833167305641,176,2015,52.59064521188877
2015-06-25,Aqua,0.0337,0.2028,0.0502,39.97818584924898,126.76643604059464,176,2015,39.97818584924898
2015-06-26,Aqua,0.0206,0.0873,0.0335,53.17569308154408,107.32677755463554,177,2015,53.17569308154408
2015-06-26,Terra,0.0274,0.0932,0.0486,70.52073379532679,105.1392378282768,177,2015,70.52073379532679
2015-06-29,Aqua,0.091,0.2148,0.0867,9.348493891565406,51.20497180479993,180,2015,9.348493891565406
2015-06-29,Terra,0.0781,0.1086,0.0859,14.911196183458888,49.14436824408374,180,2015,14.911196183458888
2015-06-30,Aqua,0.0361,0.1777,0.0471,25.98202084474915,62.06368614659441,181,2015,25.98202084474915
2015-06-30,Terra,0.0304,0.1488,0.0455,40.60073852120723,125.5977070615766,181,2015,40.60073852120723
2015-07-01,Terra,0.0461,0.1026,0.052,16.186338380516727,61.07284893633259,182,2015,16.186338380516727
2015-07-02,Terra,0.016,0.1045,0.0245,43.72699242484138,122.2747239224389,183,2015,43.72699242484138
2015-07-02,Aqua,0.0358,0.1212,0.0474,27.253482523153195,62.01689595800818,183,2015,27.253482523153195
2015-07-03,Aqua,0.0297,0.1091,0.0344,17.64160832343528,58.4255527442093,184,2015,17.64160832343528
2015-07-03,Terra,0.0318,0.1123,0.0478,41.170974589391285,123.28613828591185,184,2015,41.170974589391285
2015-07-05,Terra,0.0409,0.0993,0.0559,30.218226877274585,63.38882827182618,186,2015,30.218226877274585
2015-07-05,Aqua,0.0643,0.1824,0.0724,16.092716477584382,61.41209566827132,186,2015,16.092716477584382
2015-07-06,Aqua,0.0335,0.2635,0.0469,32.67472499688112,56.23016105750149,187,2015,32.67472499688112
2015-07-06,Terra,0.0253,0.1468,0.0319,23.24935096906465,57.37757372935558,187,2015,23.24935096906465
2015-07-08,Aqua,0.08,0.2233,0.0854,13.530947151694821,49.2607116449067,189,2015,13.530947151694821
2015-07-08,Terra,0.0781,0.19,0.087,15.54103481923556,49.969892439414345,189,2015,15.54103481923556
2015-07-12,Aqua,0.0275,0.108,0.0426,45.40531500476151,120.17915744039296,193,2015,45.40531500476151
2015-07-14,Aqua,0.015,0.0865,0.0248,56.11349646270447,101.40936481439569,195,2015,56.11349646270447
2015-07-14,Terra,0.0307,0.1041,0.0455,39.3248837628593,122.8822780049632,195,2015,39.3248837628593
2015-07-15,Aqua,0.1034,0.222,0.0951,8.335617949269455,51.358908401337445,196,2015,8.335617949269455
2015-07-15,Terra,0.061,0.1524,0.0624,11.779717190792224,49.22296255428442,196,2015,11.779717190792224
2015-07-16,Terra,0.0382,0.1491,0.0489,24.422481284455998,62.04011541670834,197,2015,24.422481284455998
2015-07-16,Aqua,0.0396,0.2058,0.0499,23.203305570359838,58.91011924665803,197,2015,23.203305570359838
2015-07-17,Aqua,0.0323,0.1495,0.044,29.894573374160675,62.94828958040765,198,2015,29.894573374160675
2015-07-17,Terra,0.0339,0.1828,0.0411,20.46661893964392,59.42631597116084,198,2015,20.46661893964392
2015-07-18,Aqua,0.0388,0.135,0.0494,23.996513148448283,58.274041485086016,199,2015,23.996513148448283
2015-07-18,Terra,0.023,0.111,0.0294,24.308290160282635,60.30438464221099,199,2015,24.308290160282635
2015-07-19,Aqua,0.0169,0.1046,0.0317,84.58293626975089,102.89933752671679,200,2015,84.58293626975089
2015-07-19,Terra,0.0315,0.1298,0.0447,34.14240514440014,116.69796830725694,200,2015,34.14240514440014
2015-07-20,Aqua,0.0304,0.1649,0.0458,41.4776033709986,117.74352198841281,201,2015,41.4776033709986
2015-07-20,Terra,0.0232,0.1434,0.0285,21.361265019702735,56.81524446026463,201,2015,21.361265019702735
2015-07-21,Terra,0.0426,0.1736,0.0551,25.258622101578204,61.07132139781443,202,2015,25.258622101578204
2015-07-21,Aqua,0.0303,0.1393,0.0366,20.222365868289046,58.261104396293106,202,2015,20.222365868289046
2015-07-22,Aqua,0.039,0.1834,0.0536,30.768780943875296,57.16362339581178,203,2015,30.768780943875296
2015-07-22,Terra,0.0483,0.0816,0.0496,11.928793309278259,47.50250253528264,203,2015,11.928793309278259
2015-07-23,Terra,0.0393,0.1673,0.0508,25.207458273443823,61.234810387643385,204,2015,25.207458273443823
2015-07-23,Aqua,0.0374,0.1988,0.0474,23.64192369518982,58.125458612876436,204,2015,23.64192369518982
2015-07-24,Terra,0.0625,0.1264,0.0693,15.308350078317785,47.390373060386686,205,2015,15.308350078317785
2015-07-24,Aqua,0.0599,0.1658,0.0588,10.301992463750612,49.49099611953876,205,2015,10.301992463750612
2015-07-28,Aqua,0.0189,0.1464,0.03,49.14899429618466,112.42366910325401,209,2015,49.14899429618466
2015-07-28,Terra,0.0276,0.1118,0.0428,45.5611962192629,115.56770405861467,209,2015,45.5611962192629
2015-07-29,Aqua,0.0226,0.1294,0.0375,56.77371571155771,101.32213100161533,210,2015,56.77371571155771
2015-07-29,Terra,0.0284,0.1058,0.035,21.585175986681154,57.61686198846119,210,2015,21.585175986681154
2015-07-30,Terra,0.0398,0.1733,0.0459,17.3960379222013,58.345670391324575,211,2015,17.3960379222013
2015-07-30,Aqua,0.0186,0.1266,0.029,46.36999704491263,112.27916502548476,211,2015,46.36999704491263
2015-07-31,Aqua,0.04555,0.1512,0.0509,15.70021728385428,60.64096005300417,212,2015,15.70021728385428
2015-07-31,Terra,0.0205,0.12,0.0312,42.869507243211125,113.23477367581826,212,2015,42.869507243211125
2015-08-01,Aqua,0.0401,0.2109,0.0504,23.009698140814344,58.01102690382556,213,2015,23.009698140814344
2015-08-04,Terra,0.0416,0.1919,0.0512,21.49276593493379,57.99188372379168,216,2015,21.49276593493379
2015-08-04,Aqua,0.0285,0.1491,0.0377,27.17222936497031,61.28409913189579,216,2015,27.17222936497031
2015-08-05,Aqua,0.0432,0.1856,0.0499,17.485765537293165,58.345670391324575,217,2015,17.485765537293165
2015-08-05,Terra,0.0236,0.0919,0.0317,28.559427092819895,62.825965584047616,217,2015,28.559427092819895
2015-08-06,Aqua,0.0191,0.0819,0.0323,60.389204906287816,93.2628373878093,218,2015,60.389204906287816
2015-08-06,Terra,0.0252,0.169,0.0413,54.53515944789196,94.6958823184321,218,2015,54.53515944789196
2015-08-07,Terra,0.044,0.0922,0.0541,21.423359444510066,57.98753163270779,219,2015,21.423359444510066
2015-08-07,Aqua,0.0376,0.1625,0.0404,13.82023518014279,46.533568854968394,219,2015,13.82023518014279
2015-08-08,Terra,0.0388,0.1728,0.0497,24.47357787576167,61.02009164668054,220,2015,24.47357787576167
2015-08-08,Aqua,0.0304,0.2154,0.0426,32.77467856354116,54.00463143066576,220,2015,32.77467856354116
2015-08-11,Terra,0.0398,0.1579,0.0462,17.76844656188654,57.64796904954539,223,2015,17.76844656188654
2015-08-12,Terra,0.0277,0.1231,0.0344,22.12989527279395,57.640073129830206,224,2015,22.12989527279395
2015-08-12,Aqua,0.0432,0.1656,0.0561,25.58925760291525,61.065133994504755,224,2015,25.58925760291525
2015-08-13,Terra,0.0373,0.1874,0.0541,36.6567980790387,101.46908551951387,225,2015,36.6567980790387
2015-08-13,Aqua,0.0285,0.1146,0.0341,19.606821335175745,57.13784985599346,225,2015,19.606821335175745
2015-08-15,Terra,0.0445,0.1249,0.0533,19.67411849754781,58.38995601641464,227,2015,19.67411849754781
2015-08-15,Aqua,0.0206,0.1099,0.0322,46.754701697186235,94.21739493265535,227,2015,46.754701697186235
2015-08-16,Aqua,0.0398,0.1391,0.0483,20.53137225909221,57.98064159066532,228,2015,20.53137225909221
2015-08-16,Terra,0.0207,0.1041,0.0321,45.561196219262854,94.2526708953176,228,2015,45.561196219262854
2015-08-17,Aqua,0.046,0.1974,0.0543,18.764181013698018,57.46275179608307,229,2015,18.764181013698018
2015-08-17,Terra,0.057,0.2932,0.0682,19.606821335175745,58.48072175300783,229,2015,19.606821335175745
2015-08-18,Terra,0.0306,0.1563,0.0411,28.553683834072107,64.02621148870047,230,2015,28.553683834072107
2015-08-18,Aqua,0.0295,0.141,0.04,29.447605705371984,63.632130260796046,230,2015,29.447605705371984
2015-08-19,Aqua,0.0456,0.1751,0.054,18.960030169885464,57.306075688953754,231,2015,18.960030169885464
2015-08-19,Terra,0.018,0.1332,0.0242,28.644137175752448,62.8798913016092,231,2015,28.644137175752448
2015-08-20,Terra,0.034,0.2124,0.0419,21.58281702568384,57.23889562857501,232,2015,21.58281702568384
2015-08-20,Aqua,0.022,0.1237,0.0281,24.24724587573287,59.54101235549781,232,2015,24.24724587573287
2015-08-21,Aqua,0.0336,0.2041,0.0427,23.852037788618627,57.37788255581751,233,2015,23.852037788618627
2015-08-21,Terra,0.0264,0.1057,0.0301,16.7610246418901,59.53230348172204,233,2015,16.7610246418901
2015-08-22,Terra,0.0441,0.2358,0.0506,17.109597445395334,60.96661710745001,234,2015,17.109597445395334
2015-08-22,Aqua,0.0179,0.0768,0.0257,35.46674300039563,98.00309187243151,234,2015,35.46674300039563
2015-08-23,Aqua,0.1062,0.181,0.0863,5.573124345336516,50.074353894223414,235,2015,5.573124345336516
2015-08-24,Aqua,0.0479,0.2143,0.0584,20.8431767881327,56.602614466724894,236,2015,20.8431767881327
2015-08-25,Terra,0.0467,0.18,0.0486,12.456765035016607,45.48897428356964,237,2015,12.456765035016607
2015-08-25,Aqua,0.0255,0.172,0.0407,50.03812004883224,85.50110299170747,237,2015,50.03812004883224
2015-08-26,Terra,0.0256,0.1583,0.0425,56.86991442561438,81.14099223094134,238,2015,56.86991442561438
2015-08-26,Aqua,0.0713,0.2558,0.0674,9.113035771480625,48.9768267688457,238,2015,9.113035771480625
2015-08-27,Terra,0.0321,0.1622,0.0457,34.50580919908864,84.07631781364077,239,2015,34.50580919908864
2015-08-31,Aqua,0.0331,0.0717,0.0417,23.18640964064675,56.96286289369395,243,2015,23.18640964064675
2015-08-31,Terra,0.0245,0.2047,0.0391,50.02180606482841,79.98568774038911,243,2015,50.02180606482841
2015-09-01,Aqua,0.0275,0.1043,0.0377,30.51836875148449,53.48816488691396,244,2015,30.51836875148449
2015-09-01,Terra,0.0278,0.1523,0.0379,29.971721047224538,59.090189297899386,244,2015,29.971721047224538
2015-09-03,Aqua,0.0032,0.1346,0.0103,489.5314525579895,89.95979771853325,246,2015,489.5314525579895
2015-09-03,Terra,0.0505,0.265,0.058,17.164083418170275,60.76469427349282,246,2015,17.164083418170275
2015-09-07,Aqua,0.0194,0.0752,0.027,32.05301443704522,52.55579343084611,250,2015,32.05301443704522
2015-09-07,Terra,0.0297,0.1627,0.0352,19.01081495741736,56.79658494733069,250,2015,19.01081495741736
2015-09-08,Terra,0.0198,0.101,0.0274,31.464171121099884,52.55340813954273,251,2015,31.464171121099884
2015-09-08,Aqua,0.037,0.1862,0.0334,7.844261010096588,49.648388266885156,251,2015,7.844261010096588
2015-09-09,Aqua,0.0421,0.2227,0.047,15.651672893826413,51.44156873089794,252,2015,15.651672893826413
2015-09-09,Terra,0.0281,0.15,0.0389,31.50139004338364,52.021312393239405,252,2015,31.50139004338364
2015-09-10,Terra,0.0254,0.1425,0.0315,22.030408810202328,57.030626319732335,253,2015,22.030408810202328
2015-09-10,Aqua,0.0245,0.1387,0.0277,16.30934925928713,60.12211390927819,253,2015,16.30934925928713
2015-09-11,Aqua,0.0424,0.1953,0.0527,22.19063054233521,56.43189918433342,254,2015,22.19063054233521
2015-09-11,Terra,0.0138,0.1429,0.0192,32.01946243906987,52.55340813954273,254,2015,32.01946243906987
2015-09-12,Terra,0.0348,0.1607,0.0422,20.480579967761557,56.94803098123305,255,2015,20.480579967761557
2015-09-12,Aqua,0.0238,0.1393,0.0356,40.520337771738156,42.93235740131749,255,2015,40.520337771738156
2015-09-18,Aqua,0.0313,0.2202,0.0444,34.10195661084966,37.823046778539414,261,2015,34.10195661084966
2015-09-18,Terra,0.038,0.0929,0.0482,23.705143450720218,56.72205573467871,261,2015,23.705143450720218
2015-09-19,Aqua,0.0167,0.0885,0.0262,47.31676579260141,44.98438107476214,262,2015,47.31676579260141
2015-09-19,Terra,0.0306,0.1442,0.0361,18.728221431635625,57.203888956365965,262,2015,18.728221431635625
2015-09-20,Terra,0.0132,0.1013,0.0234,70.39214494144008,49.237302799189216,263,2015,70.39214494144008
2015-09-21,Aqua,0.0177,0.0904,0.0302,62.16191195857101,43.89267403880007,264,2015,62.16191195857101
2015-09-21,Terra,0.0184,0.1195,0.0322,67.50000863923968,49.237302799189216,264,2015,67.50000863923968
2015-09-22,Aqua,0.0368,0.1665,0.0423,17.209882019038396,60.781543717202,265,2015,17.209882019038396
2015-09-23,Aqua,0.0183,0.1234,0.0299,53.995075700829986,39.23885567368388,266,2015,53.995075700829986
2015-09-23,Terra,0.0298,0.1536,0.0384,24.95281355610261,60.051706918636995,266,2015,24.95281355610261
2015-09-24,Aqua,0.036,0.1428,0.0462,24.62332698927323,60.328434308801576,267,2015,24.62332698927323
2015-09-25,Terra,0.05,0.1664,0.0597,19.474398916909326,57.986618586017386,268,2015,19.474398916909326
2015-09-27,Aqua,0.0488,0.2276,0.0506,12.309483066869047,55.37168247333276,270,2015,12.309483066869047
2015-09-27,Terra,0.0304,0.1457,0.0443,37.221417896019375,35.483471400748,270,2015,37.221417896019375
2015-09-28,Terra,0.0276,0.1514,0.0382,31.480407307931824,58.19363461031113,271,2015,31.480407307931824
2015-09-28,Aqua,0.0318,0.0896,0.0364,16.97719535354755,68.57936612690654,271,2015,16.97719535354755
2015-09-29,Terra,0.0186,0.1268,0.0247,27.51769466983429,64.7542587982298,272,2015,27.51769466983429
2015-09-29,Aqua,0.0374,0.1512,0.0435,17.88305007373005,64.02266071638267,272,2015,17.88305007373005
2015-09-30,Terra,0.031,0.1305,0.0397,24.456022142256757,63.99356862809016,273,2015,24.456022142256757
2015-10-01,Terra,0.0247,0.1055,0.033,28.065505875006195,64.7542587982298,274,2015,28.065505875006195
2015-10-01,Aqua,0.0465,0.1405,0.0521,15.83660975735789,66.45594319385977,274,2015,15.83660975735789
2015-10-02,Aqua,0.0345,0.0587,0.0437,23.598705491724616,64.3010227678237,275,2015,23.598705491724616
2015-10-02,Terra,0.0624,0.1106,0.0736,18.71524932903065,64.72519015956553,275,2015,18.71524932903065
2015-10-03,Aqua,0.0329,0.1273,0.0434,26.928673710309152,64.49802333875154,276,2015,26.928673710309152
2015-10-04,Terra,0.038,0.1876,0.0479,23.228778521283076,64.3010227678237,277,2015,23.228778521283076
2015-10-05,Aqua,0.022,0.1196,0.0322,37.75552015973216,38.210567140788115,278,2015,37.75552015973216
2015-10-05,Terra,0.0227,0.1213,0.0337,39.54069368570125,38.11969864438051,278,2015,39.54069368570125
2015-10-11,Terra,0.0252,0.115,0.0417,56.27129384947978,38.578187751835536,284,2015,56.27129384947978
2015-10-11,Aqua,0.0382,0.2076,0.0494,25.243798334043692,59.47299338922009,284,2015,25.243798334043692
2015-10-12,Terra,0.0159,0.092,0.0328,115.23344420689158,45.58650875786373,285,2015,115.23344420689158
2015-10-12,Aqua,0.0221,0.0823,0.0327,39.11419897683824,38.25783538273213,285,2015,39.11419897683824
2015-10-13,Aqua,0.0429,0.2051,0.0485,16.30577961274058,60.08786041418409,286,2015,16.30577961274058
2015-10-13,Terra,0.0256,0.1387,0.0388,42.29283739753398,37.16285208661071,286,2015,42.29283739753398
2015-10-14,Terra,0.0279,0.1154,0.0438,47.417863279422654,35.00347242221583,287,2015,47.417863279422654
2015-10-14,Aqua,0.057,0.1515,0.0592,12.375658471922172,46.33244966263688,287,2015,12.375658471922172
2015-10-20,Terra,0.0588,0.1409,0.0656,15.617816052117389,48.31620903482859,293,2015,15.617816052117389
2015-10-20,Aqua,0.0473,0.2091,0.0575,20.645842218841175,56.72232575851948,293,2015,20.645842218841175
2015-10-22,Terra,0.0219,0.1096,0.0298,29.787782995471797,60.541560478395986,295,2015,29.787782995471797
2015-10-22,Aqua,0.0904,0.2267,0.0825,8.127671231437144,51.00728070407921,295,2015,8.127671231437144
2015-10-26,Aqua,0.0229,0.018,0.0379,56.30003816584365,60.47153963912074,299,2015,56.30003816584365
2015-11-04,Aqua,0.0106,0.098,0.0181,62.319891877538474,66.35643860801483,308,2015,62.319891877538474
2015-11-06,Aqua,0.0556,0.1475,0.0614,15.108005122073358,47.06154492427899,310,2015,15.108005122073358
2015-11-06,Terra,0.0585,0.1056,0.0602,12.009986738853724,48.290724630576584,310,2015,12.009986738853724
2015-11-20,Terra,0.0444,0.1046,0.0466,12.80506956740712,46.32574431176582,324,2015,12.80506956740712
2015-11-21,Terra,0.0475,0.186,0.0529,15.528688499335555,47.990822127147524,325,2015,15.528688499335555
2015-11-21,Aqua,0.0548,0.1086,0.0531,9.876308686171106,49.89657648288977,325,2015,9.876308686171106
2015-11-23,Aqua,0.0601,0.1042,0.0605,11.1804729995089,48.876204618146176,327,2015,11.1804729995089
2015-11-23,Terra,0.033,0.1022,0.0423,24.528930770166834,59.927877193877556,327,2015,24.528930770166834
2015-11-25,Aqua,0.038,0.0902,0.0386,11.51369532112892,48.786745488635134,329,2015,11.51369532112892
2015-11-25,Terra,0.0657,0.1612,0.0657,10.941912809157849,49.17614524142887,329,2015,10.941912809157849
2015-11-26,Terra,0.0485,0.0828,0.047,9.879426243376614,49.56487906404164,330,2015,9.879426243376614
2015-11-26,Aqua,0.0309,0.1038,0.0349,16.254893110931917,60.335836914527746,330,2015,16.254893110931917
2015-11-27,Aqua,0.0307,0.0891,0.0321,12.649161354282526,45.78339439591554,331,2015,12.649161354282526
2015-11-27,Terra,0.031,0.0846,0.0296,9.415382826777877,48.950141869498715,331,2015,9.415382826777877
2015-11-28,Aqua,0.0391,0.153,0.0435,15.476511535067916,47.75315237071997,332,2015,15.476511535067916
2015-11-28,Terra,0.0476,0.1138,0.0524,14.953924306639083,46.632440880884374,332,2015,14.953924306639083
2015-11-29,Aqua,0.0245,0.0852,0.0287,18.302688981567055,55.886942975355595,333,2015,18.302688981567055
2015-11-29,Terra,0.0261,0.0694,0.0268,11.92519847538533,47.32850726152707,333,2015,11.92519847538533
2015-12-01,Terra,0.0393,0.1241,0.0411,12.656987302430124,46.176027484623866,335,2015,12.656987302430124
2015-12-01,Aqua,0.0324,0.089,0.0363,15.83386461737651,60.52939241652563,335,2015,15.83386461737651
2015-12-31,Aqua,0.0404,0.1308,0.0307,4.481137070841954,48.631028209127734,365,2015,4.481137070841954
2015-12-31,Terra,0.0638,0.1583,0.0577,7.8919973797240575,49.367404746247196,365,2015,7.8919973797240575
2016-01-01,Aqua,0.0316,0.0827,0.0325,11.988036649289802,47.01473268053677,1,2016,11.988036649289802
2016-01-01,Terra,0.0506,0.1706,0.0566,15.75160948895727,60.031210680982994,1,2016,15.75160948895727
2016-01-02,Aqua,0.0356,0.0623,0.0294,5.87346487750662,48.631028209127734,2,2016,5.87346487750662
2016-01-02,Terra,0.0351,0.2177,0.0314,7.61727109947422,48.631028209127734,2,2016,7.61727109947422
2016-01-08,Aqua,0.0464,0.1719,0.0489,12.977624376427933,45.780231757493404,8,2016,12.977624376427933
2016-01-08,Terra,0.0554,0.2182,0.0522,9.017368724297041,49.243764605216846,8,2016,9.017368724297041
2016-01-10,Terra,0.014,0.1161,0.0141,11.198079207398063,47.96363358501397,10,2016,11.198079207398063
2016-01-10,Aqua,0.0525,0.1243,0.0454,6.822123168476529,49.332823609419236,10,2016,6.822123168476529
2016-01-22,Aqua,0.0827,0.1925,0.0836,11.333844817732874,49.18196682073168,22,2016,11.333844817732874
2016-01-25,Terra,0.0302,0.2184,0.0362,19.723439052365283,56.436343396480005,25,2016,19.723439052365283
2016-01-25,Aqua,0.0295,0.0741,0.0397,28.7355578179335,61.72391944850972,25,2016,28.7355578179335
2016-01-27,Terra,0.0812,0.147,0.0776,9.441901095761411,48.88317863678008,27,2016,9.441901095761411
2016-02-07,Aqua,0.0374,0.1085,0.0401,13.725296036279587,45.73047824702137,38,2016,13.725296036279587
2016-02-07,Terra,0.0437,0.1315,0.0572,26.25595082635444,58.63171541794435,38,2016,26.25595082635444
2016-02-08,Terra,0.0378,0.0887,0.0525,31.83907298092529,52.43212142972297,39,2016,31.83907298092529
2016-02-08,Aqua,0.0341,0.0817,0.0532,46.464588396670514,71.57474470937072,39,2016,46.464588396670514
2016-02-09,Terra,0.0507,0.1639,0.0626,21.71755360356577,56.00047524742774,40,2016,21.71755360356577
2016-02-25,Aqua,0.0428,0.0957,0.0622,36.893071172346545,75.35618673247781,56,2016,36.893071172346545
2016-03-03,Aqua,0.0263,0.2194,0.0422,50.908138393888734,67.19516996962356,63,2016,50.908138393888734
2016-03-17,Terra,0.0305,0.0765,0.0529,65.5663857609712,71.29867520549185,77,2016,65.5663857609712
2016-03-17,Aqua,0.0201,0.0637,0.0327,53.24505173437855,63.83035337994542,77,2016,53.24505173437855
2016-03-19,Terra,0.035,0.1093,0.0563,51.322827465167734,69.39308851392325,79,2016,51.322827465167734
2016-03-29,Terra,0.0185,0.1235,0.0364,98.80344786784889,71.1885363715948,89,2016,98.80344786784889
2016-03-30,Aqua,0.0265,0.1329,0.0495,83.44248663347824,68.75025225836737,90,2016,83.44248663347824
2016-03-30,Terra,0.0157,0.0679,0.0321,111.9415517495826,70.22460808109301,90,2016,111.9415517495826
2016-03-31,Terra,0.0286,0.0514,0.0518,75.48018795770514,78.62838374205482,91,2016,75.48018795770514
2016-03-31,Aqua,0.0224,0.0564,0.0413,79.98217265968401,75.5073011005538,91,2016,79.98217265968401
2016-04-01,Aqua,0.0244,0.0867,0.0508,118.7339388463267,67.9758797108972,92,2016,118.7339388463267
2016-04-01,Terra,0.0196,0.0852,0.0355,75.48502249970691,72.65838122637402,92,2016,75.48502249970691
2016-04-02,Terra,0.033,0.0857,0.0538,53.61170335171888,64.45412576794726,93,2016,53.61170335171888
2016-04-06,Terra,0.0292,0.1167,0.0493,60.0712681910391,62.08665910408254,97,2016,60.0712681910391
2016-04-07,Aqua,0.0158,0.0621,0.0326,115.30575623033305,72.35125103761077,98,2016,115.30575623033305
2016-04-07,Terra,0.0193,0.0886,0.0362,84.56945185698035,72.88173099827783,98,2016,84.56945185698035
2016-04-08,Terra,0.0164,0.0884,0.0302,79.66010972886504,74.644851817821,99,2016,79.66010972886504
2016-04-08,Aqua,0.0247,0.1291,0.0442,72.57731155440224,71.58090144238015,99,2016,72.57731155440224
2016-04-09,Terra,0.042,0.2026,0.055,26.295058998507702,58.930855093193195,100,2016,26.295058998507702
2016-04-10,Aqua,0.0216,0.0807,0.0441,111.42270617397806,68.97420786661002,101,2016,111.42270617397806
2016-04-10,Terra,0.0183,0.0639,0.0359,97.85653947281767,72.88173099827783,101,2016,97.85653947281767
2016-04-11,Terra,0.0285,0.1346,0.0445,46.589254155619955,67.89712630343185,102,2016,46.589254155619955
2016-04-11,Aqua,0.028,0.0791,0.0503,73.49846761397485,71.80773937512608,102,2016,73.49846761397485
2016-04-16,Terra,0.0198,0.1032,0.0325,54.808846074435436,65.4275348843202,107,2016,54.808846074435436
2016-04-17,Terra,0.0217,0.0757,0.0351,52.25607250354572,68.49695904198745,108,2016,52.25607250354572
2016-04-17,Aqua,0.0242,0.0955,0.0404,57.90836288078284,66.2414693927736,108,2016,57.90836288078284
2016-04-18,Aqua,0.034,0.162,0.0429,23.303060031240072,55.64782363947361,109,2016,23.303060031240072
2016-04-18,Terra,0.0352,0.1293,0.0488,31.651237694152606,52.12725825643665,109,2016,31.651237694152606
2016-04-19,Terra,0.0151,0.0459,0.0278,79.60332672412903,75.37854491942133,110,2016,79.60332672412903
2016-04-19,Aqua,0.0189,0.0586,0.034,73.83331932259888,76.03420189110868,110,2016,73.83331932259888
2016-04-20,Terra,0.0277,0.1095,0.0421,42.677880390540324,71.39324771622015,111,2016,42.677880390540324
2016-04-30,Terra,0.0166,0.0988,0.028,59.88531272613541,86.01163491303825,121,2016,59.88531272613541
2016-04-30,Aqua,0.0218,0.1064,0.031,34.37534938575106,94.19662386273924,121,2016,34.37534938575106
2016-05-01,Aqua,0.0186,0.0917,0.0303,53.47595128628775,89.2439112827778,122,2016,53.47595128628775
2016-05-01,Terra,0.0124,0.0815,0.0225,75.93197106244058,97.63979740746416,122,2016,75.93197106244058
2016-05-02,Aqua,0.0157,0.0921,0.0245,46.502582971295936,94.22239972290694,123,2016,46.502582971295936
2016-05-02,Terra,0.0134,0.0662,0.0247,79.9164051686442,97.63979740746416,123,2016,79.9164051686442
2016-05-07,Terra,0.0363,0.1479,0.0473,25.873476436201422,58.265745597297446,128,2016,25.873476436201422
2016-05-09,Aqua,0.02,0.132,0.0282,33.43968874334189,52.11577630448728,130,2016,33.43968874334189
2016-05-09,Terra,0.0203,0.1478,0.0308,42.43966517185989,101.93950588033066,130,2016,42.43966517185989
2016-05-10,Aqua,0.0184,0.1438,0.0314,62.198291409869285,94.69078966879597,131,2016,62.198291409869285
2016-05-11,Aqua,0.0099,0.0576,0.0191,92.69001545552942,103.23356283186493,132,2016,92.69001545552942
2016-05-11,Terra,0.0163,0.0944,0.0275,59.92798545039232,94.14989838041853,132,2016,59.92798545039232
2016-05-12,Terra,0.0194,0.0841,0.0271,32.44061409239728,52.14123288041125,133,2016,32.44061409239728
2016-05-17,Terra,0.0177,0.1022,0.0269,42.67043221681511,107.02326766654097,138,2016,42.67043221681511
2016-05-18,Terra,0.0164,0.0745,0.0267,53.37105341057355,98.15537998050016,139,2016,53.37105341057355
2016-05-28,Terra,0.0152,0.0827,0.0253,57.35219394887287,96.83279026636879,149,2016,57.35219394887287
2016-05-28,Aqua,0.0265,0.0796,0.0413,46.30724784920291,109.38715241290068,149,2016,46.30724784920291
2016-05-29,Terra,0.0271,0.17,0.0449,56.49989536756809,97.96283558741392,150,2016,56.49989536756809
2016-05-30,Terra,0.0428,0.0742,0.0579,29.22727067742885,65.44293433187813,151,2016,29.22727067742885
2016-05-30,Aqua,0.0334,0.1926,0.0505,41.962669860826416,115.91510834608889,151,2016,41.962669860826416
2016-05-31,Aqua,0.0354,0.1668,0.0539,42.92884964081489,120.61684020659939,152,2016,42.92884964081489
2016-05-31,Terra,0.0367,0.1328,0.0536,37.49230573320507,124.22943894327696,152,2016,37.49230573320507
2016-06-03,Aqua,0.0181,0.0961,0.0316,66.98173506673466,101.1654893098124,155,2016,66.98173506673466
2016-06-03,Terra,0.0251,0.0794,0.0425,60.63658615179977,99.74541206567152,155,2016,60.63658615179977
2016-06-04,Terra,0.0286,0.1115,0.0426,39.96913294659776,120.25811947555367,156,2016,39.96913294659776
2016-06-05,Aqua,0.0192,0.0772,0.0342,71.49845836426496,107.57423528740264,157,2016,71.49845836426496
2016-06-05,Terra,0.0272,0.1007,0.0439,51.88504591272226,116.01953727524295,157,2016,51.88504591272226
2016-06-06,Aqua,0.0319,0.1088,0.0465,37.25825489818783,121.29323341494346,158,2016,37.25825489818783
2016-06-06,Terra,0.0221,0.127,0.0335,42.31208430925317,116.77062294381108,158,2016,42.31208430925317
2016-06-07,Terra,0.0451,0.1964,0.0607,28.74495165030201,65.93966347942161,159,2016,28.74495165030201
2016-06-07,Aqua,0.0411,0.2074,0.058,33.531708114512064,122.99330776847434,159,2016,33.531708114512064
2016-06-12,Terra,0.0174,0.0682,0.0269,45.10922777852792,115.30061827824574,164,2016,45.10922777852792
2016-06-12,Aqua,0.0156,0.0905,0.0262,59.05132697937982,98.03373957508546,164,2016,59.05132697937982
2016-06-20,Terra,0.0141,0.0809,0.0249,69.52186229388847,102.03006089214978,172,2016,69.52186229388847
2016-06-20,Aqua,0.0196,0.1058,0.0395,106.81284493765013,104.84123894949812,172,2016,106.81284493765013
2016-06-21,Aqua,0.0106,0.0544,0.0216,110.72672287512434,100.89085809344685,173,2016,110.72672287512434
2016-06-21,Terra,0.0208,0.1276,0.0348,58.32165118524368,99.79058483734576,173,2016,58.32165118524368
2016-06-22,Aqua,0.0333,0.1221,0.0454,29.97558192613157,63.33509054422135,174,2016,29.97558192613157
2016-06-22,Terra,0.0253,0.0894,0.035,31.431716144284973,55.82525956981255,174,2016,31.431716144284973
2016-06-25,Terra,0.0207,0.1336,0.0373,74.23314445101877,110.5966706818242,177,2016,74.23314445101877
2016-06-25,Aqua,0.0224,0.1213,0.0398,70.91747106916567,107.76727958939075,177,2016,70.91747106916567
2016-06-26,Aqua,0.0267,0.0637,0.035,26.382488765749187,61.67570098869231,178,2016,26.382488765749187
2016-06-26,Terra,0.0214,0.1322,0.0382,71.99515554368938,112.10778805999837,178,2016,71.99515554368938
2016-06-27,Terra,0.0116,0.0739,0.0227,97.07178536143628,106.26320292746435,179,2016,97.07178536143628
2016-06-27,Aqua,0.0241,0.1738,0.0437,75.76364095970914,110.0633031637174,179,2016,75.76364095970914
2016-06-28,Terra,0.0234,0.1298,0.0389,57.119436947593236,104.92008154034824,180,2016,57.119436947593236
2016-06-28,Aqua,0.0153,0.0759,0.0287,84.5942772550985,106.26320292746435,180,2016,84.5942772550985
2016-06-29,Aqua,0.024,0.111,0.0429,72.31736593561173,111.86077664574998,181,2016,72.31736593561173
2016-06-29,Terra,0.0169,0.0498,0.0297,68.43202313371033,104.32196148602887,181,2016,68.43202313371033
2016-06-30,Aqua,0.014,0.0735,0.028,104.19768005148732,106.01691737638834,182,2016,104.19768005148732
2016-06-30,Terra,0.019,0.1186,0.0342,73.97462499465365,110.72216222293768,182,2016,73.97462499465365
2016-07-02,Aqua,0.0211,0.1107,0.0395,84.04141132697167,108.29634263172638,184,2016,84.04141132697167
2016-07-02,Terra,0.0197,0.0879,0.0372,86.44209639163569,108.29634263172638,184,2016,86.44209639163569
2016-07-03,Aqua,0.0206,0.1805,0.0362,68.41747751134282,107.09168563780351,185,2016,68.41747751134282
2016-07-03,Terra,0.0398,0.1336,0.0533,28.282157547681845,62.51912262280037,185,2016,28.282157547681845
2016-07-04,Terra,0.0118,0.0839,0.0231,97.18966430273784,106.41368304627568,186,2016,97.18966430273784
2016-07-04,Aqua,0.0249,0.1052,0.0434,66.62258663843662,106.35918004589507,186,2016,66.62258663843662
2016-07-05,Aqua,0.0154,0.0653,0.0297,92.57735868866132,106.41368304627568,187,2016,92.57735868866132
2016-07-05,Terra,0.0234,0.0988,0.0386,55.69956359746809,107.44300835022834,187,2016,55.69956359746809
2016-07-11,Aqua,0.0236,0.1944,0.0419,70.74087361466783,104.45331777430249,193,2016,70.74087361466783
2016-07-13,Aqua,0.0253,0.153,0.0438,65.17376967839903,103.83234433634162,195,2016,65.17376967839903
2016-07-13,Terra,0.0121,0.1225,0.0237,97.35934986836321,103.92567248567741,195,2016,97.35934986836321
2016-07-14,Aqua,0.0151,0.0614,0.0309,112.25723443698026,101.52384419398295,196,2016,112.25723443698026
2016-07-14,Terra,0.0253,0.1881,0.0431,61.84767964796303,102.07749359111128,196,2016,61.84767964796303
2016-07-15,Terra,0.0229,0.0941,0.036,47.63031122452986,121.57892823248426,197,2016,47.63031122452986
2016-07-15,Aqua,0.0223,0.0812,0.0408,78.00306619769731,107.82285202102739,197,2016,78.00306619769731
2016-07-16,Terra,0.0209,0.0947,0.0383,78.41127242725258,108.49329765627891,198,2016,78.41127242725258
2016-07-16,Aqua,0.0119,0.087,0.0241,108.52901689978107,103.59911746778793,198,2016,108.52901689978107
2016-07-17,Aqua,0.0496,0.1193,0.0663,28.110688635557356,62.094097267888976,199,2016,28.110688635557356
2016-07-17,Terra,0.0128,0.1622,0.0236,79.98217265968401,106.42608596164357,199,2016,79.98217265968401
2016-07-20,Terra,0.009,0.0885,0.0188,120.02220427939612,100.50946798389003,202,2016,120.02220427939612
2016-07-20,Aqua,0.0252,0.1525,0.0414,54.96566466803307,101.88645527668943,202,2016,54.96566466803307
2016-07-21,Terra,0.0223,0.1543,0.0373,58.272795144336826,101.23090766549683,203,2016,58.272795144336826
2016-07-21,Aqua,0.0146,0.0673,0.0273,83.72436794877906,102.89933752671679,203,2016,83.72436794877906
2016-07-22,Aqua,0.0262,0.1112,0.0404,44.73157835088836,117.34793566572436,204,2016,44.73157835088836
2016-07-23,Terra,0.0228,0.1217,0.0359,47.87791998919001,117.85458525107887,205,2016,47.87791998919001
2016-07-23,Aqua,0.0127,0.0514,0.0263,116.68784426750318,100.50946798389003,205,2016,116.68784426750318
2016-07-24,Aqua,0.0354,0.0995,0.0457,25.102331210884234,61.234810387643385,206,2016,25.102331210884234
2016-07-24,Terra,0.0286,0.0701,0.0372,25.72328791064216,60.84942883216481,206,2016,25.72328791064216
2016-07-25,Terra,0.026,0.1615,0.0427,54.90591639573245,102.12873507107163,207,2016,54.90591639573245
2016-07-25,Aqua,0.0259,0.138,0.0433,58.17870933210211,100.81485443726427,207,2016,58.17870933210211
2016-07-26,Terra,0.0276,0.1478,0.0379,30.68365555859221,55.877948413711216,208,2016,30.68365555859221
2016-07-26,Aqua,0.0412,0.0467,0.052,23.3253584560049,58.125458612876436,208,2016,23.3253584560049
2016-07-27,Aqua,0.0229,0.0924,0.036,47.63031122452986,117.02658804198805,209,2016,47.63031122452986
2016-07-27,Terra,0.0233,0.1101,0.0378,52.76259710945729,105.52129970000281,209,2016,52.76259710945729
2016-07-28,Aqua,0.0138,0.059,0.0273,100.56006741077854,104.35205969015686,210,2016,100.56006741077854
2016-07-28,Terra,0.0177,0.1331,0.0308,66.26794025699877,101.87282837908703,210,2016,66.26794025699877
2016-07-29,Aqua,0.0235,0.09,0.0346,38.49044446035136,115.90981367190403,211,2016,38.49044446035136
2016-07-29,Terra,0.0145,0.0822,0.0238,54.80506463202253,99.32949585425891,211,2016,54.80506463202253
2016-07-30,Terra,0.0207,0.0905,0.0347,58.69099147652253,97.20877008086914,212,2016,58.69099147652253
2016-07-30,Aqua,0.018,0.0593,0.03,57.59824250445848,97.72825500932593,212,2016,57.59824250445848
2016-07-31,Terra,0.0167,0.0772,0.028,58.727222412465785,96.59216611130113,213,2016,58.727222412465785
2016-07-31,Aqua,0.0246,0.1462,0.0388,48.14282837198958,114.74811400095388,213,2016,48.14282837198958
2016-08-01,Terra,0.0188,0.1001,0.0325,64.86803144459975,100.78614467035624,214,2016,64.86803144459975
2016-08-01,Aqua,0.0133,0.0576,0.0247,81.88667017566054,103.50896575883394,214,2016,81.88667017566054
2016-08-03,Aqua,0.0231,0.1564,0.0385,57.59824250445848,95.49801956124922,216,2016,57.59824250445848
2016-08-03,Terra,0.0227,0.1314,0.0372,54.521921191596185,95.91363135198186,216,2016,54.521921191596185
2016-08-04,Terra,0.0167,0.1337,0.028,58.727222412465785,92.68740613229852,217,2016,58.727222412465785
2016-08-04,Aqua,0.0182,0.0999,0.0294,52.032991211857706,97.86000779264361,217,2016,52.032991211857706
2016-08-05,Aqua,0.023,0.0969,0.0401,66.68553907119941,102.11065254915661,218,2016,66.68553907119941
2016-08-05,Terra,0.015,0.0704,0.027,73.97462499465365,106.7472494971595,218,2016,73.97462499465365
2016-08-06,Terra,0.022,0.155,0.0338,44.20357016449972,98.73779396503367,219,2016,44.20357016449972
2016-08-06,Aqua,0.0186,0.0553,0.0299,51.21454722120812,97.2947723960597,219,2016,51.21454722120812
2016-08-07,Aqua,0.0236,0.054,0.0376,49.747372594585954,101.89688577422838,220,2016,49.747372594585954
2016-08-10,Terra,0.0257,0.1347,0.0393,43.53535611679687,97.53303969403262,223,2016,43.53535611679687
2016-08-10,Aqua,0.0231,0.1273,0.0388,59.07036337299381,91.3655645956687,223,2016,59.07036337299381
2016-08-11,Terra,0.0221,0.123,0.0302,30.201528677415116,59.10323010664078,224,2016,30.201528677415116
2016-08-11,Aqua,0.0287,0.1054,0.0336,18.26731166379848,56.49657117401047,224,2016,18.26731166379848
2016-08-12,Terra,0.0237,0.1585,0.0398,59.03277660820417,91.17699011637286,225,2016,59.03277660820417
2016-08-12,Aqua,0.0211,0.0859,0.0388,79.29487509867066,105.76694971799496,225,2016,79.29487509867066
2016-08-13,Terra,0.0322,0.0653,0.0426,27.183875478967753,61.610347550542066,226,2016,27.183875478967753
2016-08-14,Aqua,0.0268,0.1235,0.0407,42.56852030325844,97.33334591461407,227,2016,42.56852030325844
2016-08-14,Terra,0.0141,0.1021,0.0267,87.23226306052395,102.39204652198796,227,2016,87.23226306052395
2016-08-15,Terra,0.0208,0.1676,0.0364,67.50000863923972,102.03184694276932,228,2016,67.50000863923972
2016-08-15,Aqua,0.0138,0.0752,0.0287,118.31593126777604,101.28619591826289,228,2016,118.31593126777604
2016-08-16,Aqua,0.0216,0.123,0.0351,53.046775528633816,92.81302499982176,229,2016,53.046775528633816
2016-08-16,Terra,0.0143,0.0795,0.0282,99.53356605748014,103.12003265975324,229,2016,99.53356605748014
2016-08-17,Aqua,0.0143,0.0841,0.0291,110.23794039817332,101.2274900232486,230,2016,110.23794039817332
2016-08-17,Terra,0.0216,0.0898,0.0367,61.32003691322219,92.61098571223351,230,2016,61.32003691322219
2016-08-18,Aqua,0.0192,0.1044,0.0316,55.29008375558809,90.8911195552372,231,2016,55.29008375558809
2016-08-18,Terra,0.0149,0.0928,0.0275,80.24871513513948,104.70005442466369,231,2016,80.24871513513948
2016-08-19,Aqua,0.0376,0.1257,0.0511,29.667802443743216,62.796250565010254,232,2016,29.667802443743216
2016-08-19,Terra,0.0474,0.1763,0.0602,23.803792599575097,57.681073147413954,232,2016,23.803792599575097
2016-08-20,Terra,0.0175,0.069,0.0296,60.427423537714226,89.85014098539732,233,2016,60.427423537714226
2016-08-20,Aqua,0.0194,0.0462,0.0334,64.00895421218588,103.48774771708507,233,2016,64.00895421218588
2016-08-21,Aqua,0.0294,0.1352,0.0441,40.891585950023426,97.2308383132982,234,2016,40.891585950023426
2016-08-21,Terra,0.0209,0.0958,0.0331,48.790538987599014,92.4737069466239,234,2016,48.790538987599014
2016-08-22,Terra,0.0336,0.0884,0.0453,28.906109124551836,62.14147705787668,235,2016,28.906109124551836
2016-08-23,Terra,0.0138,0.099,0.0236,62.6286829863219,95.65752949280474,236,2016,62.6286829863219
2016-08-23,Aqua,0.0245,0.0855,0.0375,43.66780596167322,91.41809162216671,236,2016,43.66780596167322
2016-08-24,Terra,0.0211,0.1384,0.0358,61.039841729547234,86.0680034725326,237,2016,61.039841729547234
2016-08-24,Aqua,0.0134,0.0594,0.0251,84.20155434552008,96.90331369325533,237,2016,84.20155434552008
2016-08-25,Aqua,0.0187,0.1317,0.031,56.602791668680325,81.06684628032471,238,2016,56.602791668680325
2016-08-25,Terra,0.0204,0.0639,0.0341,58.15087466771271,81.19713250466341,238,2016,58.15087466771271
2016-08-26,Terra,0.0304,0.1426,0.0448,38.60478208965605,82.51493026631076,239,2016,38.60478208965605
2016-08-27,Aqua,0.0207,0.0756,0.0304,38.1733390355709,83.63470571333093,240,2016,38.1733390355709
2016-08-27,Terra,0.019,0.0965,0.032,59.593010634030655,81.68877723751336,240,2016,59.593010634030655
2016-08-28,Aqua,0.0228,0.0961,0.0366,50.98042721968619,83.08219984528773,241,2016,50.98042721968619
2016-08-28,Terra,0.0088,0.1176,0.0196,147.85598567687614,93.13591237930443,241,2016,147.85598567687614
2016-08-29,Terra,0.0162,0.073,0.0278,63.33447352208216,87.91699502854541,242,2016,63.33447352208216
2016-08-30,Aqua,0.0334,0.1133,0.0461,31.198898209095802,52.56415031635856,243,2016,31.198898209095802
2016-08-31,Terra,0.0193,0.0567,0.0316,54.36405701378545,78.08969272151597,244,2016,54.36405701378545
2016-09-05,Aqua,0.0119,0.1282,0.024,107.07165432377938,80.05495997383449,249,2016,107.07165432377938
2016-09-05,Terra,0.0131,0.0696,0.0247,86.02178613797778,80.05495997383449,249,2016,86.02178613797778
2016-09-07,Aqua,0.0118,0.0465,0.0203,63.850672802829926,63.27954824259647,251,2016,63.850672802829926
2016-09-08,Terra,0.01435,0.1083,0.0242,59.8465538116959,45.999623864085564,252,2016,59.8465538116959
2016-09-09,Aqua,0.0118,0.061,0.0237,105.64007725492027,51.44852017422108,253,2016,105.64007725492027
2016-09-09,Terra,0.0172,0.0755,0.0305,70.46040638448157,51.32998047646088,253,2016,70.46040638448157
2016-09-10,Terra,0.0122,0.0629,0.0229,84.77508489149942,51.33036330317466,254,2016,84.77508489149942
2016-09-10,Aqua,0.0188,0.0922,0.0288,43.788756580129224,47.02845488986653,254,2016,43.788756580129224
2016-09-11,Terra,0.0228,0.1029,0.0346,42.46718086468354,42.4990990128842,255,2016,42.46718086468354
2016-09-11,Aqua,0.0259,0.1567,0.0415,50.676798515126,42.95104217665583,255,2016,50.676798515126
2016-09-12,Terra,0.0202,0.0525,0.0318,47.84787364223446,45.69082933962092,256,2016,47.84787364223446
2016-09-12,Aqua,0.0222,0.0628,0.0294,27.273697907343582,60.58099735606983,256,2016,27.273697907343582
2016-09-13,Terra,0.024,0.1293,0.0367,43.53385538979841,44.896838685956304,257,2016,43.53385538979841
2016-09-13,Aqua,0.0265,0.1722,0.0384,36.54634495587746,42.37610506229885,257,2016,36.54634495587746
2016-09-14,Terra,0.0184,0.0896,0.0285,45.38836638970591,45.85830866068889,258,2016,45.38836638970591
2016-09-14,Aqua,0.0145,0.0794,0.0279,91.88718268607057,50.72276598394586,258,2016,91.88718268607057
2016-09-15,Terra,0.0166,0.0766,0.0257,45.319777227209705,45.85830866068889,259,2016,45.319777227209705
2016-09-15,Aqua,0.0333,0.0954,0.0441,27.273697907343582,60.06213837543126,259,2016,27.273697907343582
2016-09-16,Terra,0.0257,0.1253,0.0375,37.38003521079392,41.15208025322965,260,2016,37.38003521079392
2016-09-20,Terra,0.0219,0.0926,0.0332,42.32521201254713,40.933610729566425,264,2016,42.32521201254713
2016-09-20,Aqua,0.0254,0.1707,0.0416,54.41692795567105,36.175463664396425,264,2016,54.41692795567105
2016-09-21,Aqua,0.0107,0.0419,0.0247,166.09812372585367,49.05043954968921,265,2016,166.09812372585367
2016-09-21,Terra,0.0133,0.0361,0.0244,78.69691206582984,51.14641425477674,265,2016,78.69691206582984
2016-09-24,Aqua,0.02325,0.0872,0.0342,38.373890281409814,39.84315370305052,268,2016,38.373890281409814
2016-09-24,Terra,0.0109,0.0719,0.0195,72.51365661487647,50.358598997325515,268,2016,72.51365661487647
2016-09-25,Terra,0.0147,0.1036,0.0249,60.712355941958556,43.74470491773186,269,2016,60.712355941958556
2016-09-25,Aqua,0.0104,0.0589,0.0215,116.03717142497565,49.05043954968921,269,2016,116.03717142497565
2016-09-26,Aqua,0.0178,0.0649,0.0286,51.133244474319035,41.14973917370847,270,2016,51.133244474319035
2016-09-26,Terra,0.0117,0.0738,0.0192,54.76667867680127,36.88836986642443,270,2016,54.76667867680127
2016-09-27,Aqua,0.0277,0.1336,0.0407,38.233803086177865,37.0631073720531,271,2016,38.233803086177865
2016-09-27,Terra,0.0204,0.1559,0.0324,49.24305794838881,40.55596053573494,271,2016,49.24305794838881
2016-09-28,Terra,0.0138,0.0759,0.0261,86.886347023171,46.07115801009543,272,2016,86.886347023171
2016-09-28,Aqua,0.0151,0.0999,0.0269,71.5254712041291,47.09056009335168,272,2016,71.5254712041291
2016-09-30,Terra,0.0214,0.066,0.0308,35.74847650307258,39.38912555666913,274,2016,35.74847650307258
2016-09-30,Aqua,0.0188,0.081,0.0278,39.03564308087063,38.45345215128507,274,2016,39.03564308087063
2016-10-11,Aqua,0.0108,0.0592,0.0203,85.1545994428595,45.727312621569226,285,2016,85.1545994428595
2016-10-11,Terra,0.0183,0.0919,0.024,26.422687781638547,59.87836536432973,285,2016,26.422687781638547
2016-10-12,Aqua,0.0207,0.0736,0.0292,33.48813970776344,38.75342445830301,286,2016,33.48813970776344
2016-10-12,Terra,0.0233,0.0738,0.035,41.08209894535054,37.46432514251459,286,2016,41.08209894535054
2016-10-22,Terra,0.0211,0.0976,0.0312,39.03131579104527,38.715502635726764,296,2016,39.03131579104527
2016-10-22,Aqua,0.0337,0.188,0.0387,17.156946532007176,60.93388161402494,296,2016,17.156946532007176
2016-10-28,Aqua,0.0337,0.0794,0.0378,15.89328035321007,61.11810386665992,302,2016,15.89328035321007
2016-10-28,Terra,0.0267,0.1849,0.0338,23.55336105523519,56.878679697729815,302,2016,23.55336105523519
2016-11-04,Aqua,0.0289,0.0393,0.0369,24.21910418209976,59.987554183117226,309,2016,24.21910418209976
2016-11-04,Terra,0.0607,0.1777,0.0641,13.063255230610055,46.88153008398107,309,2016,13.063255230610055
2016-11-08,Terra,0.0164,0.063,0.0247,41.434528109426836,62.85706606115913,313,2016,41.434528109426836
2016-11-08,Aqua,0.0221,0.0944,0.0233,12.994421139809957,46.04847680373092,313,2016,12.994421139809957
2016-11-09,Aqua,0.0285,0.1118,0.0348,20.9459583821767,57.18499709552114,314,2016,20.9459583821767
2016-11-10,Aqua,0.0291,0.1071,0.0382,26.503960952895596,59.92039962533874,315,2016,26.503960952895596
2016-11-10,Terra,0.019,0.0555,0.0291,43.75754188297463,65.30194112223896,315,2016,43.75754188297463
2016-11-19,Terra,0.061,0.2627,0.0746,21.052013953291283,58.122527446206604,324,2016,21.052013953291283
2016-12-21,Terra,0.301,0.4575,0.284,9.057362361073313,50.922707269262965,356,2016,9.057362361073313
2016-12-28,Aqua,0.0905,0.2369,0.125,31.270681933050994,55.679659241136925,363,2016,31.270681933050994
2016-12-29,Terra,0.1761,0.1861,0.1756,10.841223395414655,49.77707523486381,364,2016,10.841223395414655
2016-12-31,Aqua,0.0526,0.2246,0.0644,21.12956250678766,57.00448244011677,366,2016,21.12956250678766
2016-12-31,Terra,0.1678,0.2891,0.164,10.156594329671153,50.59721696980846,366,2016,10.156594329671153
2017-01-06,Terra,0.5634,0.5674,0.5564,10.50604189476307,50.59721696980846,6,2017,10.50604189476307
2017-01-16,Terra,0.0779,0.2908,0.082,12.92773419460685,46.30404547049052,16,2017,12.92773419460685
2017-01-24,Terra,0.0703,0.3395,0.0787,15.793350676378594,59.58430803821207,24,2017,15.793350676378594
2017-01-24,Aqua,0.1823,0.2951,0.2517,31.232103928447284,55.570622518443336,24,2017,31.232103928447284
2017-01-27,Aqua,0.1044,0.0842,0.0676,2.6630647376584045,48.90507968121438,27,2017,2.6630647376584045
2017-02-13,Terra,0.0445,0.0873,0.0565,23.780687799721246,55.282626276177396,44,2017,23.780687799721246
2017-02-13,Aqua,0.0187,0.1652,0.0303,52.55174460762307,66.73463119307155,44,2017,52.55174460762307
2017-02-17,Terra,0.0163,0.0738,0.0274,59.222339490963726,63.748465995472515,48,2017,59.222339490963726
2017-02-17,Aqua,0.0179,0.0922,0.0288,51.36092151333218,69.43208494246562,48,2017,51.36092151333218
2017-02-25,Terra,0.0276,0.1071,0.0416,41.53737736239326,67.75969164874104,56,2017,41.53737736239326
2017-03-02,Aqua,0.0442,0.1412,0.0531,19.867284754009805,55.382574668416204,61,2017,19.867284754009805
2017-03-02,Terra,0.0865,0.2715,0.099,16.97018378947731,59.561839692809066,61,2017,16.97018378947731
2017-03-19,Aqua,0.0319,0.0836,0.0472,39.11297981913251,68.88404010119443,78,2017,39.11297981913251
2017-03-19,Terra,0.0161,0.0692,0.0305,87.35108202816731,71.11633813504176,78,2017,87.35108202816731
2017-03-31,Aqua,0.0237,0.1619,0.0383,52.10100644053463,66.21522586709952,90,2017,52.10100644053463
2017-04-03,Terra,0.0189,0.0813,0.0349,80.3793111871531,72.10573151388883,93,2017,80.3793111871531
2017-04-03,Aqua,0.0214,0.0514,0.0367,63.203035364324755,72.15492085822268,93,2017,63.203035364324755
2017-04-15,Terra,0.0154,0.0257,0.0327,126.58564429697698,79.77944705382193,105,2017,126.58564429697698
2017-04-21,Aqua,0.0111,0.063,0.0246,145.48284464990493,73.07361193552507,111,2017,145.48284464990493
2017-04-21,Terra,0.0202,0.0845,0.0345,62.364238675850885,70.87748399911669,111,2017,62.364238675850885
2017-04-29,Terra,0.0175,0.0571,0.0294,59.10997268244445,85.87382272887038,119,2017,59.10997268244445
2017-05-03,Aqua,0.0105,0.0658,0.0196,83.2599289535113,96.03055022622387,123,2017,83.2599289535113
2017-05-03,Terra,0.012,0.0894,0.0216,73.97462499465365,99.17845987202158,123,2017,73.97462499465365
2017-05-07,Aqua,0.0101,0.0482,0.0209,116.40242786580399,96.00302509854754,127,2017,116.40242786580399
2017-05-07,Terra,0.0151,0.061,0.0267,69.81084969897661,95.4454049805316,127,2017,69.81084969897661
2017-05-08,Terra,0.0167,0.0703,0.0268,50.931629108724465,100.25722138688354,128,2017,50.931629108724465
2017-05-08,Aqua,0.0199,0.0774,0.0325,53.91839992693451,92.46689909628388,128,2017,53.91839992693451
2017-05-09,Terra,0.0181,0.1111,0.0294,52.973510309971644,93.64473584351194,129,2017,52.973510309971644
2017-05-10,Aqua,0.033,0.0792,0.0402,20.786264020489316,54.81582077100244,130,2017,20.786264020489316
2017-05-10,Terra,0.0234,0.0556,0.0333,34.45862077150486,104.28926539963568,130,2017,34.45862077150486
2017-05-18,Aqua,0.015,0.0794,0.0272,75.77115721673619,105.10290170674905,138,2017,75.77115721673619
2017-05-19,Terra,0.0158,0.041,0.0261,55.955341875752204,97.91799124900949,139,2017,55.955341875752204
2017-05-19,Aqua,0.0267,0.046,0.0358,28.394096939466788,59.77658644744135,139,2017,28.394096939466788
2017-05-20,Aqua,0.0159,0.0868,0.0277,66.51905255652187,100.00798154317849,140,2017,66.51905255652187
2017-05-20,Terra,0.0169,0.0755,0.0262,45.52024865935211,105.29429182513493,140,2017,45.52024865935211
2017-05-21,Aqua,0.0166,0.053,0.0262,48.24984394422455,105.29429182513493,141,2017,48.24984394422455
2017-05-21,Terra,0.0142,0.0367,0.0244,63.606131708694086,101.87658718688992,141,2017,63.606131708694086
2017-05-22,Aqua,0.0157,0.0895,0.0332,124.90189433583207,101.13225730238176,142,2017,124.90189433583207
2017-05-23,Aqua,0.0098,0.0773,0.02,111.27189049859417,101.13225730238176,143,2017,111.27189049859417
2017-05-23,Terra,0.0139,0.0574,0.0259,82.77402514963389,103.13437136394526,143,2017,82.77402514963389
2017-05-24,Aqua,0.0274,0.1261,0.0396,36.23556220984745,112.06333632187734,144,2017,36.23556220984745
2017-05-24,Terra,0.0305,0.115,0.0396,25.573214690785562,59.39657999209992,144,2017,25.573214690785562
2017-05-25,Terra,0.0183,0.1085,0.0321,68.01534294657431,100.92305260924064,145,2017,68.01534294657431
2017-05-26,Aqua,0.0176,0.0592,0.0294,58.024955484074766,97.17222189382568,146,2017,58.024955484074766
2017-05-26,Terra,0.0153,0.0337,0.0275,73.62585655501827,113.09776823244181,146,2017,73.62585655501827
2017-05-27,Terra,0.0118,0.1007,0.0245,117.68099911478114,101.6127979762386,147,2017,117.68099911478114
2017-05-27,Aqua,0.0215,0.0909,0.0413,91.39005764834542,104.27079716169641,147,2017,91.39005764834542
2017-05-28,Aqua,0.0211,0.1597,0.0362,63.28533831027429,103.23117873786066,148,2017,63.28533831027429
2017-05-28,Terra,0.0246,0.1505,0.0416,60.38426284710292,96.52920957268994,148,2017,60.38426284710292
2017-05-29,Terra,0.0196,0.1113,0.0332,60.71235594195859,96.63179951377381,149,2017,60.71235594195859
2017-05-29,Aqua,0.0268,0.1435,0.0471,68.44040954942967,100.18240059422305,149,2017,68.44040954942967
2017-05-31,Aqua,0.0376,0.0651,0.0564,40.891585950023426,135.90055795592448,151,2017,40.891585950023426
2017-05-31,Terra,0.0469,0.1341,0.0609,25.582617560917956,59.776958528296056,151,2017,25.582617560917956
2017-06-02,Aqua,0.0393,0.1275,0.0506,24.886212018869493,59.52729360085314,153,2017,24.886212018869493
2017-06-06,Aqua,0.0334,0.0781,0.0506,42.23344457632225,120.97741349631289,157,2017,42.23344457632225
2017-06-17,Terra,0.0124,0.0911,0.0225,75.93197106244058,105.33171885457482,168,2017,75.93197106244058
2017-06-17,Aqua,0.0098,0.0534,0.0192,97.44114912412464,103.10333964101017,168,2017,97.44114912412464
2017-06-18,Aqua,0.037,0.1138,0.0491,27.455088156641473,62.80680350654685,169,2017,27.455088156641473
2017-06-18,Terra,0.033,0.1111,0.0411,22.33783188167778,58.55999178699866,169,2017,22.33783188167778
2017-06-19,Terra,0.0159,0.0971,0.0289,76.3537421665514,105.33171885457482,170,2017,76.3537421665514
2017-06-19,Aqua,0.0203,0.1787,0.0367,75.0330061891342,107.65305249316482,170,2017,75.0330061891342
2017-06-20,Terra,0.0276,0.0782,0.0429,45.90822203048387,119.40570078540073,171,2017,45.90822203048387
2017-06-21,Aqua,0.021,0.1144,0.0294,32.67472499688112,55.46724784438682,172,2017,32.67472499688112
2017-06-21,Terra,0.0128,0.0611,0.0204,49.80116530232323,116.38554284027866,172,2017,49.80116530232323
2017-06-22,Aqua,0.0101,0.0995,0.0206,111.05711068420003,100.89085809344685,173,2017,111.05711068420003
2017-06-22,Terra,0.0165,0.1112,0.0274,56.92002903227187,99.3578311278767,173,2017,56.92002903227187
2017-06-23,Aqua,0.0182,0.1745,0.0397,138.1656064490747,102.59775134296498,174,2017,138.1656064490747
2017-06-23,Terra,0.0097,0.0792,0.0181,83.16029787547575,103.20239507421435,174,2017,83.16029787547575
2017-06-24,Aqua,0.0103,0.0603,0.0194,85.72531140198186,105.98450768967695,175,2017,85.72531140198186
2017-06-24,Terra,0.0129,0.1042,0.0244,86.91152116678535,105.98450768967695,175,2017,86.91152116678535
2017-06-25,Terra,0.0117,0.1137,0.0213,76.75092413573172,108.24364251872062,176,2017,76.75092413573172
2017-06-26,Terra,0.0211,0.1429,0.0348,55.66843965525215,104.3938289231097,177,2017,55.66843965525215
2017-06-26,Aqua,0.0187,0.1362,0.0335,72.83743836963299,110.22008763580924,177,2017,72.83743836963299
2017-06-27,Terra,0.058,0.1119,0.0659,16.573214375076944,61.4114270492396,178,2017,16.573214375076944
2017-06-27,Aqua,0.0201,0.2002,0.0343,62.191883213338556,103.45277402746873,178,2017,62.191883213338556
2017-06-28,Terra,0.0168,0.1059,0.0303,74.45291414525454,108.52529044787072,179,2017,74.45291414525454
2017-06-28,Aqua,0.0166,0.1219,0.0349,122.56655515122063,105.10746021624232,179,2017,122.56655515122063
2017-06-29,Terra,0.0176,0.14,0.0311,69.66122381879512,105.20012503060327,180,2017,69.66122381879512
2017-06-29,Aqua,0.0144,0.0613,0.0231,50.86729221627466,120.01286729451088,180,2017,50.86729221627466
2017-06-30,Aqua,0.0194,0.107,0.0309,49.703037760209654,119.35230321982577,181,2017,49.703037760209654
2017-06-30,Terra,0.0103,0.0999,0.0193,84.2968976990987,106.26320292746435,181,2017,84.2968976990987
2017-07-01,Aqua,0.0128,0.0851,0.0219,62.723105263626344,104.8381529881037,182,2017,62.723105263626344
2017-07-01,Terra,0.0187,0.1097,0.0324,65.34467812452893,104.56585725614897,182,2017,65.34467812452893
2017-07-02,Aqua,0.0174,0.0867,0.0321,80.13426153981037,108.52529044787072,183,2017,80.13426153981037
2017-07-02,Terra,0.0139,0.0886,0.0231,57.061067807546806,103.26979066987496,183,2017,57.061067807546806
2017-07-03,Aqua,0.0113,0.0942,0.0206,77.09359582712516,108.52529044787072,184,2017,77.09359582712516
2017-07-03,Terra,0.0164,0.1245,0.0288,68.26771132291378,104.64224383634756,184,2017,68.26771132291378
2017-07-04,Aqua,0.0405,0.149,0.054,27.881577677943966,62.3731582785657,185,2017,27.881577677943966
2017-07-05,Aqua,0.0159,0.099,0.0325,111.84174689511688,104.95292357532618,186,2017,111.84174689511688
2017-07-05,Terra,0.0157,0.0962,0.0282,73.46518604412312,110.78762808688406,186,2017,73.46518604412312
2017-07-06,Aqua,0.024,0.1759,0.0392,53.9363824692398,108.18233975407536,187,2017,53.9363824692398
2017-07-06,Terra,0.0278,0.1896,0.0361,25.58605685817237,61.29400859223113,187,2017,25.58605685817237
2017-07-07,Aqua,0.0161,0.1172,0.0327,109.55089741732961,105.24856124735585,188,2017,109.55089741732961
2017-07-07,Terra,0.0083,0.0837,0.0168,108.33508773706251,106.1672230723609,188,2017,108.33508773706251
2017-07-08,Terra,0.0133,0.1014,0.0237,71.59049345776512,110.30495441603783,189,2017,71.59049345776512
2017-07-08,Aqua,0.0115,0.1099,0.0207,73.97462499465365,110.87576597631876,189,2017,73.97462499465365
2017-07-09,Terra,0.0094,0.0811,0.0177,85.6489130459554,106.41368304627568,190,2017,85.6489130459554
2017-07-09,Aqua,0.0133,0.1001,0.0289,136.4459496295448,104.95292357532618,190,2017,136.4459496295448
2017-07-10,Terra,0.0224,0.1368,0.0385,63.65912037225404,104.05303119227253,191,2017,63.65912037225404
2017-07-10,Aqua,0.0087,0.0528,0.0178,112.1893634366005,101.30960386125193,191,2017,112.1893634366005
2017-07-11,Aqua,0.0247,0.1244,0.0366,39.298722696112584,124.15370315237799,192,2017,39.298722696112584
2017-07-11,Terra,0.0234,0.0869,0.0308,26.736033341539898,61.75477293205098,192,2017,26.736033341539898
2017-07-12,Aqua,0.0157,0.1098,0.0313,103.12260372440892,103.56249190980994,193,2017,103.12260372440892
2017-07-12,Terra,0.0143,0.0937,0.026,76.43186215074498,106.04182969138864,193,2017,76.43186215074498
2017-07-13,Terra,0.0233,0.1877,0.037,49.21761214391664,120.1760656066629,194,2017,49.21761214391664
2017-07-14,Aqua,0.0181,0.1603,0.0359,101.41615544792914,105.76576707661928,195,2017,101.41615544792914
2017-07-14,Terra,0.0205,0.1476,0.0351,62.873132945330156,102.76200838609792,195,2017,62.873132945330156
2017-07-15,Terra,0.0179,0.1178,0.0294,54.922267595372176,101.76037891736412,196,2017,54.922267595372176
2017-07-15,Aqua,0.018,0.0546,0.0283,47.64704245315243,117.60913497018052,196,2017,47.64704245315243
2017-07-16,Terra,0.0102,0.0942,0.0194,88.4882012873752,103.92567248567741,197,2017,88.4882012873752
2017-07-16,Aqua,0.017,0.1132,0.0337,101.23796602783159,103.81307999237069,197,2017,101.23796602783159
2017-07-17,Terra,0.0143,0.1066,0.0259,75.48018795770514,106.16287320674478,198,2017,75.48018795770514
2017-07-17,Aqua,0.0101,0.0931,0.0203,105.88420865878709,103.59911746778793,198,2017,105.88420865878709
2017-07-18,Terra,0.0179,0.0761,0.0284,49.077610169264176,116.88644701506489,199,2017,49.077610169264176
2017-07-19,Terra,0.015,0.0659,0.0266,70.47042191554776,102.30887523208389,200,2017,70.47042191554776
2017-07-19,Aqua,0.0109,0.0687,0.0219,105.75978858582596,102.57440025520619,200,2017,105.75978858582596
2017-07-20,Aqua,0.031,0.1002,0.0415,28.24877911676674,61.972963625854334,201,2017,28.24877911676674
2017-07-20,Terra,0.0264,0.12,0.0364,31.092337109764088,54.93342855092098,201,2017,31.092337109764088
2017-07-21,Terra,0.0188,0.1593,0.0336,72.2823871657292,106.95820888244593,202,2017,72.2823871657292
2017-07-21,Aqua,0.0156,0.1084,0.0317,109.72555672792735,101.12761001504582,202,2017,109.72555672792735
2017-07-22,Aqua,0.0293,0.0658,0.0393,28.426674618901046,61.585262587941536,203,2017,28.426674618901046
2017-07-22,Terra,0.0164,0.0765,0.0283,64.48892379933557,100.79879447075632,203,2017,64.48892379933557
2017-07-23,Terra,0.0088,0.0544,0.0194,143.0066147639224,100.50946798389003,204,2017,143.0066147639224
2017-07-24,Aqua,0.0148,0.0682,0.0256,64.99088756801497,101.13572383999777,205,2017,64.99088756801497
2017-07-24,Terra,0.0139,0.0527,0.0261,84.87037507046986,103.00529427834209,205,2017,84.87037507046986
2017-07-25,Aqua,0.0198,0.1472,0.0382,92.69001545552942,106.77675894418903,206,2017,92.69001545552942
2017-07-25,Terra,0.0174,0.1,0.0275,48.46352714687998,113.3733204047365,206,2017,48.46352714687998
2017-07-26,Aqua,0.0104,0.1002,0.0209,105.83529589859741,104.13754217016032,207,2017,105.83529589859741
2017-07-26,Terra,0.022,0.1097,0.0349,49.054628422131145,113.16741510592921,207,2017,49.054628422131145
2017-07-27,Aqua,0.0199,0.105,0.0334,58.92621354597478,97.6900384967424,208,2017,58.92621354597478
2017-07-27,Terra,0.0202,0.0833,0.0302,40.45442068549854,116.28931456389329,208,2017,40.45442068549854
2017-07-28,Aqua,0.022,0.1881,0.0353,50.906355541496495,114.17239532282771,209,2017,50.906355541496495
2017-07-28,Terra,0.0172,0.1317,0.0308,72.73884275959153,108.65738023725679,209,2017,72.73884275959153
2017-07-29,Aqua,0.0314,0.1042,0.0356,16.45735236318651,60.26738632293741,210,2017,16.45735236318651
2017-07-29,Terra,0.0121,0.083,0.0222,78.71424667992115,106.70791078127566,210,2017,78.71424667992115
2017-07-30,Aqua,0.0142,0.1027,0.0274,92.7344695638727,104.27142704754408,211,2017,92.7344695638727
2017-07-30,Terra,0.0167,0.1439,0.0312,83.49172618678426,104.27142704754408,211,2017,83.49172618678426
2017-07-31,Aqua,0.0123,0.054,0.0229,82.55457692614245,103.66852996352547,212,2017,82.55457692614245
2017-07-31,Terra,0.0126,0.0473,0.0235,83.02995348295643,103.66852996352547,212,2017,83.02995348295643
2017-08-01,Aqua,0.0199,0.1244,0.035,68.60911760635699,102.33823110167636,213,2017,68.60911760635699
2017-08-01,Terra,0.0127,0.085,0.0248,96.40555090980811,103.64381928495455,213,2017,96.40555090980811
2017-08-04,Terra,0.0293,0.1114,0.0446,42.89085723691713,99.71163981109112,216,2017,42.89085723691713
2017-08-04,Aqua,0.0265,0.1137,0.0414,46.67280123038445,98.84791008320097,216,2017,46.67280123038445
2017-08-05,Aqua,0.0261,0.0879,0.0372,34.632951797380024,101.31864447424341,217,2017,34.632951797380024
2017-08-05,Terra,0.0181,0.0858,0.0278,44.16129753141961,99.47870308563556,217,2017,44.16129753141961
2017-08-08,Terra,0.0216,0.1035,0.0334,45.13952551201882,95.19859701992611,220,2017,45.13952551201882
2017-08-08,Aqua,0.0276,0.2147,0.0429,45.90822203048387,96.2359132241616,220,2017,45.90822203048387
2017-08-09,Aqua,0.0081,0.1005,0.0189,171.99979262873526,100.5525955752001,221,2017,171.99979262873526
2017-08-09,Terra,0.0202,0.1746,0.0326,51.87363256477426,94.26232968189692,221,2017,51.87363256477426
2017-08-10,Terra,0.0237,0.1111,0.0389,54.801905590795855,91.65381396581073,222,2017,54.801905590795855
2017-08-10,Aqua,0.0275,0.2435,0.0439,50.06719773223517,94.22155999670146,222,2017,50.06719773223517
2017-08-11,Terra,0.0405,0.2315,0.059,37.18433142172092,100.52725645637295,223,2017,37.18433142172092
2017-08-16,Terra,0.0186,0.0919,0.0311,58.20454925822201,90.49056036712064,228,2017,58.20454925822201
2017-08-16,Aqua,0.0125,0.0982,0.0222,70.81555675118,100.63936953473457,228,2017,70.81555675118
2017-08-17,Terra,0.0088,0.0801,0.0166,86.15052874620602,102.77450272735399,229,2017,86.15052874620602
2017-08-17,Aqua,0.0155,0.0988,0.0296,89.6608357659156,102.77450272735399,229,2017,89.6608357659156
2017-08-18,Aqua,0.0096,0.0441,0.0184,90.73218252009764,102.77450272735399,230,2017,90.73218252009764
2017-08-18,Terra,0.0228,0.0798,0.0351,44.49517069937552,95.10003375436096,230,2017,44.49517069937552
2017-08-19,Terra,0.013,0.069,0.0222,62.3371163084858,99.13600530336082,231,2017,62.3371163084858
2017-08-19,Aqua,0.0216,0.076,0.0321,39.67330912893134,96.93287939659453,231,2017,39.67330912893134
2017-08-21,Aqua,0.0364,0.1002,0.0518,34.45862077150485,99.13315602726915,233,2017,34.45862077150485
2017-08-23,Terra,0.0095,0.166,0.021,144.27191958428656,98.68989773694071,235,2017,144.27191958428656
2017-08-24,Aqua,0.0134,0.0754,0.0286,128.72079495683374,98.68989773694071,236,2017,128.72079495683374
2017-08-24,Terra,0.0142,0.1435,0.0238,58.66001494354255,86.14649236670729,236,2017,58.66001494354255
2017-08-25,Aqua,0.0327,0.0865,0.044,28.72188581980823,61.695734016241296,237,2017,28.72188581980823
2017-08-26,Aqua,0.0273,0.2186,0.0435,49.76628412274438,79.55660418372227,238,2017,49.76628412274438
2017-08-29,Aqua,0.3853,0.3666,0.4132,13.734396366063681,48.2854763113215,241,2017,13.734396366063681
2017-08-30,Terra,0.0207,0.0891,0.0292,33.48813970776344,82.26214188165407,242,2017,33.48813970776344
2017-08-31,Aqua,0.0189,0.1126,0.031,54.67840079025838,78.68324818783364,243,2017,54.67840079025838
2017-09-01,Terra,0.057,0.2602,0.0773,29.462306025839435,63.994061314714145,244,2017,29.462306025839435
2017-09-02,Aqua,0.0326,0.2594,0.053,53.128213566435065,78.49131749207575,245,2017,53.128213566435065
2017-09-07,Aqua,0.017,0.1311,0.0347,111.3357481057608,78.20939582377102,250,2017,111.3357481057608
2017-09-09,Aqua,0.0133,0.0181,0.0259,95.54344751564172,55.02979655236004,252,2017,95.54344751564172
2017-09-10,Aqua,0.0098,0.0775,0.0178,76.17857217582998,52.53570453302797,253,2017,76.17857217582998
2017-09-10,Terra,0.0189,0.0844,0.0276,37.47786771915867,43.260123550985654,253,2017,37.47786771915867
2017-09-11,Aqua,0.0138,0.0744,0.0256,81.59022510705302,51.33036330317466,254,2017,81.59022510705302
2017-09-11,Terra,0.0255,0.1323,0.0378,39.348030629958075,41.93616126490621,254,2017,39.348030629958075
2017-09-13,Terra,0.0124,0.0543,0.0203,54.341505314000486,40.88949797503205,256,2017,54.341505314000486
2017-09-13,Aqua,0.024,0.0448,0.0349,36.967048876179575,44.46112486377519,256,2017,36.967048876179575
2017-09-14,Terra,0.1021,0.2439,0.1273,22.41737257503268,58.24160448136482,257,2017,22.41737257503268
2017-09-14,Aqua,0.033,0.2019,0.049,39.56381896182105,38.28153535675656,257,2017,39.56381896182105
2017-09-15,Aqua,0.0269,0.1767,0.0426,48.78163126954126,41.93963607416304,258,2017,48.78163126954126
2017-09-15,Terra,0.0446,0.2493,0.0663,39.7111638290775,42.63839083751148,258,2017,39.7111638290775
2017-09-24,Terra,0.0119,0.0843,0.0195,54.509908565972204,39.52032076563283,267,2017,54.509908565972204
2017-09-24,Aqua,0.0103,0.063,0.0172,57.962677093683325,43.74103194392589,267,2017,57.962677093683325
2017-09-26,Terra,0.0118,0.0519,0.0201,61.82791201616141,43.74470491773186,269,2017,61.82791201616141
2017-09-26,Aqua,0.0073,0.1044,0.0155,126.56840331757388,49.05043954968921,269,2017,126.56840331757388
2017-09-27,Aqua,0.0163,0.1041,0.028,63.54375479867287,46.04736293853765,270,2017,63.54375479867287
2017-09-27,Terra,0.0102,0.0783,0.0168,55.42405259280206,40.43232319161061,270,2017,55.42405259280206
2017-09-28,Terra,0.0185,0.0941,0.0266,35.63436980268032,39.38912555666913,271,2017,35.63436980268032
2017-09-28,Aqua,0.0163,0.0831,0.0266,53.78283727891335,36.45316115443358,271,2017,53.78283727891335
2017-10-02,Aqua,0.0344,0.198,0.0492,35.02517659028684,36.16634466634042,275,2017,35.02517659028684
2017-10-03,Aqua,0.0113,0.0996,0.0193,62.36944006319141,45.370458538998555,276,2017,62.36944006319141
2017-10-03,Terra,0.0111,0.0665,0.0183,55.59818472591068,39.79818885463408,276,2017,55.59818472591068
2017-10-04,Aqua,0.0166,0.0967,0.0286,64.15922252292704,45.370458538998555,277,2017,64.15922252292704
2017-10-04,Terra,0.0118,0.0711,0.0199,59.849960943291876,40.33139008256393,277,2017,59.849960943291876
2017-10-05,Terra,0.0135,0.0754,0.023,61.86496160641191,40.33491699998918,278,2017,61.86496160641191
2017-10-05,Aqua,0.0103,0.0608,0.0197,90.11102360731775,45.57628014501258,278,2017,90.11102360731775
2017-10-06,Aqua,0.0173,0.0881,0.0271,47.0829677209319,40.33478445071654,279,2017,47.0829677209319
2017-10-06,Terra,0.0127,0.092,0.022,65.30338050704805,45.370458538998555,279,2017,65.30338050704805
2017-10-08,Aqua,0.0105,0.0283,0.0205,96.34537734221965,47.83004738908047,281,2017,96.34537734221965
2017-10-14,Terra,0.0255,0.1987,0.0345,29.23692627181393,61.10173455633332,287,2017,29.23692627181393
2017-10-14,Aqua,0.01,0.0762,0.0176,68.76220125365333,45.615561985152844,287,2017,68.76220125365333
2017-10-15,Aqua,0.0145,0.0656,0.0234,51.866496826053314,36.33699663890682,288,2017,51.866496826053314
2017-10-16,Aqua,0.0272,0.1676,0.042,44.93306775369332,38.42886015512718,289,2017,44.93306775369332
2017-10-16,Terra,0.0194,0.1022,0.0279,35.65907288688404,39.53077945544937,289,2017,35.65907288688404
2017-10-23,Terra,0.0142,0.0889,0.0226,49.57792409990756,40.932790214426426,296,2017,49.57792409990756
2017-10-23,Aqua,0.0128,0.087,0.0213,57.30614101251727,40.93815326618905,296,2017,57.30614101251727
2017-10-24,Aqua,0.0121,0.041,0.017,33.05251376283957,52.66220824284589,297,2017,33.05251376283957
2017-10-25,Terra,0.0155,0.0913,0.0241,45.95537876632222,55.88973589636614,298,2017,45.95537876632222
2017-10-26,Terra,0.0099,0.0542,0.0181,77.82112466544987,64.3849752582515,299,2017,77.82112466544987
2017-10-26,Aqua,0.0107,0.0477,0.0187,67.2074332846426,61.120767708919786,299,2017,67.2074332846426
2017-10-27,Terra,0.0153,0.0787,0.0238,46.02430280980023,55.88973589636614,300,2017,46.02430280980023
2017-10-27,Aqua,0.0244,0.0875,0.0337,31.2656818951309,52.84149854482848,300,2017,31.2656818951309
2017-10-28,Aqua,0.0196,0.0675,0.0278,34.08921710311272,59.46791202395215,301,2017,34.08921710311272
2017-10-28,Terra,0.0175,0.0764,0.0264,41.656223745162556,58.9061832945376,301,2017,41.656223745162556
2017-10-30,Aqua,0.0259,0.087,0.0407,47.56888448895646,59.453085523387884,303,2017,47.56888448895646
2017-10-30,Terra,0.026,0.0889,0.0339,25.92618554363228,59.93236385903348,303,2017,25.92618554363228
2017-10-31,Aqua,0.013,0.0404,0.0251,92.92082430617205,68.22170269742982,304,2017,92.92082430617205
2017-10-31,Terra,0.0178,0.0667,0.025,33.01701260050809,52.85246412850924,304,2017,33.01701260050809
2017-11-14,Aqua,0.0315,0.131,0.0411,25.98543734185125,60.09365074877893,318,2017,25.98543734185125
2017-11-14,Terra,0.0242,0.1004,0.0287,19.05075325852906,56.27237187743371,318,2017,19.05075325852906
2017-12-04,Aqua,0.0615,0.0864,0.0432,3.470233166706836,49.65422783859922,338,2017,3.470233166706836
2017-12-05,Aqua,0.0368,0.1361,0.0449,20.893356780965302,56.903552560908075,339,2017,20.893356780965302
2017-12-05,Terra,0.026,0.1018,0.0305,18.386558722877087,55.886942975355595,339,2017,18.386558722877087
2017-12-06,Aqua,0.0265,0.0502,0.0319,19.997492271166273,56.46821545774872,340,2017,19.997492271166273
2017-12-06,Terra,0.0309,0.07,0.0355,17.181215708554777,60.89528584114583,340,2017,17.181215708554777
2017-12-07,Terra,0.0282,0.1757,0.0284,11.196247950435872,48.14022957347336,341,2017,11.196247950435872
2017-12-07,Aqua,0.0324,0.0705,0.0301,8.612291994503352,48.950141869498715,341,2017,8.612291994503352
2017-12-08,Terra,0.0552,0.2015,0.0588,13.437101390634233,46.99142803480204,342,2017,13.437101390634233
2017-12-08,Aqua,0.0345,0.091,0.0398,17.41354583938032,57.43082783030716,342,2017,17.41354583938032
2017-12-09,Aqua,0.0303,0.0609,0.0373,21.507183738579585,57.09175896907674,343,2017,21.507183738579585
2017-12-09,Terra,0.0294,0.1805,0.035,19.288148484942784,57.26738967381177,343,2017,19.288148484942784
2017-12-10,Aqua,0.0367,0.1074,0.0421,17.097318312601544,60.90998603572435,344,2017,17.097318312601544
2017-12-10,Terra,0.052,0.1251,0.0509,10.207098436680674,49.56487906404164,344,2017,10.207098436680674
2017-12-11,Terra,0.031,0.0786,0.033,13.408360877731289,46.44888643732768,345,2017,13.408360877731289
2017-12-11,Aqua,0.0313,0.073,0.0351,15.881490777628054,60.52939241652563,345,2017,15.881490777628054
2017-12-13,Terra,0.0405,0.0555,0.0401,10.594431554315262,49.03224201138555,347,2017,10.594431554315262
2017-12-13,Aqua,0.0404,0.0973,0.0444,14.873230413772603,46.71910746981695,347,2017,14.873230413772603
2017-12-21,Aqua,0.0386,0.0626,0.0371,9.618909820359578,49.694409933771446,355,2017,9.618909820359578
2017-12-31,Aqua,0.1096,0.1788,0.1059,9.785885798674403,50.59721696980846,365,2017,9.785885798674403
2017-12-31,Terra,0.06,0.1076,0.0587,10.189721801782431,49.367404746247196,365,2017,10.189721801782431
2018-01-01,Terra,0.0376,0.0606,0.0436,17.70732589042533,56.15161559239691,1,2018,17.70732589042533
2018-01-01,Aqua,0.04,0.0859,0.0454,16.51604432608565,59.98059272870548,1,2018,16.51604432608565
2018-01-03,Aqua,0.0396,0.0979,0.0481,20.59076421347439,56.46408664792557,3,2018,20.59076421347439
2018-01-03,Terra,0.0251,0.0494,0.0304,20.398965363546036,56.09978677076085,3,2018,20.398965363546036
2018-01-13,Aqua,0.0377,0.1454,0.0406,13.923168784298458,46.35587248434623,13,2018,13.923168784298458
2018-01-14,Aqua,0.0305,0.0827,0.0362,19.09962225228574,56.46450869707567,14,2018,19.09962225228574
2018-01-14,Terra,0.0284,0.0782,0.0301,13.218578560770409,45.47479273211643,14,2018,13.218578560770409
2018-02-06,Aqua,0.0831,0.1377,0.0824,10.645063771914892,49.44746679853304,37,2018,10.645063771914892
2018-02-06,Terra,0.0218,0.0651,0.0307,33.305463470806146,52.71247206835058,37,2018,33.305463470806146
2018-02-12,Terra,0.0462,0.1466,0.0516,15.674182964500929,50.31826482127527,43,2018,15.674182964500929
2018-02-12,Aqua,0.0445,0.1151,0.0418,8.927059828841037,48.43797768646927,43,2018,8.927059828841037
2018-02-13,Aqua,0.0262,0.0877,0.0298,16.630083330985844,59.11542146124795,44,2018,16.630083330985844
2018-02-13,Terra,0.0311,0.0787,0.0344,15.187896903289513,46.043368970343295,44,2018,15.187896903289513
2018-03-06,Terra,0.0189,0.0923,0.0237,22.838141744404076,55.722722387325206,65,2018,22.838141744404076
2018-03-06,Aqua,0.0315,0.1499,0.0388,21.5482768377435,55.47669527566765,65,2018,21.5482768377435
2018-03-10,Terra,0.0145,0.0601,0.0193,27.725581194448072,59.66343284143597,69,2018,27.725581194448072
2018-03-11,Aqua,0.0227,0.1458,0.0342,41.480197731293686,68.40691131324412,70,2018,41.480197731293686
2018-03-11,Terra,0.0262,0.1286,0.0362,31.3048445789472,52.47613674975853,70,2018,31.3048445789472
2018-03-19,Terra,0.0168,0.0499,0.0261,45.83370582095605,69.98558414074152,78,2018,45.83370582095605
2018-03-20,Terra,0.0301,0.1138,0.0364,20.297663714288113,56.1086557748109,79,2018,20.297663714288113
2018-03-20,Aqua,0.0236,0.0791,0.0369,46.79872576753663,69.11005101128887,79,2018,46.79872576753663
2018-03-28,Aqua,0.0253,0.0318,0.0352,32.01946243906987,52.47613674975853,87,2018,32.01946243906987
2018-04-06,Aqua,0.0541,0.1644,0.0674,22.360377974707944,56.52108974195364,96,2018,22.360377974707944
2018-04-19,Terra,0.0209,0.1026,0.0324,45.514843135880106,72.61810355164975,109,2018,45.514843135880106
2018-04-21,Aqua,0.025,0.1955,0.0415,56.85251334605608,66.16310729471064,111,2018,56.85251334605608
2018-04-22,Aqua,0.0143,0.043,0.0245,63.00355533350211,71.4470876588275,112,2018,63.00355533350211
2018-04-22,Terra,0.0196,0.1207,0.0303,45.103664419837365,73.9366955714208,112,2018,45.103664419837365
2018-04-23,Terra,0.026,0.0989,0.0345,27.44809620725199,59.192196356154476,113,2018,27.44809620725199
2018-04-23,Aqua,0.0198,0.0776,0.0349,69.09637565237043,72.10896254786343,113,2018,69.09637565237043
2018-04-24,Terra,0.0258,0.065,0.0345,28.145969512942642,59.587612654518026,114,2018,28.145969512942642
2018-04-24,Aqua,0.0253,0.0945,0.0372,38.32200348515655,90.40248434650101,114,2018,38.32200348515655
2018-04-25,Terra,0.0216,0.0847,0.0304,33.24018695104859,52.354273846205636,115,2018,33.24018695104859
2018-04-25,Aqua,0.0237,0.0653,0.0347,37.797359488710896,89.4858574876561,115,2018,37.797359488710896
2018-04-26,Terra,0.0261,0.1016,0.0386,39.053138001705676,90.49916918515387,116,2018,39.053138001705676
2018-04-26,Aqua,0.0262,0.1293,0.0431,55.20327746058264,81.38490872195389,116,2018,55.20327746058264
2018-05-02,Terra,0.0121,0.0646,0.021,65.70303453685419,93.53454644143046,122,2018,65.70303453685419
2018-05-02,Aqua,0.0163,0.0807,0.0275,59.92798545039232,87.08743197341768,122,2018,59.92798545039232
2018-05-03,Terra,0.0223,0.1268,0.0343,44.36776538661161,93.82717141006638,123,2018,44.36776538661161
2018-05-07,Aqua,0.0197,0.082,0.0307,46.29614545969726,95.21832183952914,127,2018,46.29614545969726
2018-05-07,Terra,0.0121,0.1007,0.021,65.70303453685419,94.52683619923364,127,2018,65.70303453685419
2018-05-08,Terra,0.0248,0.0926,0.0357,35.76978443733819,106.11065593802014,128,2018,35.76978443733819
2018-05-12,Aqua,0.0298,0.2006,0.0487,54.03252063902076,93.66687921539975,132,2018,54.03252063902076
2018-05-12,Terra,0.0566,0.2006,0.0655,17.59186965202925,54.98637848363532,132,2018,17.59186965202925
2018-05-13,Terra,0.0193,0.0623,0.0297,44.437535749099794,104.30717645504113,133,2018,44.437535749099794
2018-05-13,Aqua,0.0272,0.1316,0.0408,40.89158595002345,109.34291896169445,133,2018,40.89158595002345
2018-05-14,Terra,0.0249,0.1117,0.0408,54.49895889388758,96.30507033134633,134,2018,54.49895889388758
2018-05-14,Aqua,0.0226,0.1079,0.0387,62.896329105066854,102.31334905188626,134,2018,62.896329105066854
2018-05-17,Aqua,0.0136,0.1058,0.0235,64.77264519220176,100.68374745372259,137,2018,64.77264519220176
2018-05-17,Terra,0.0246,0.1135,0.0407,56.23919636277271,96.98865289580235,137,2018,56.23919636277271
2018-05-18,Aqua,0.0257,0.0779,0.044,62.8572711064484,100.09169598832699,138,2018,62.8572711064484
2018-05-18,Terra,0.0197,0.1204,0.0318,51.91040869347259,105.22902955594655,138,2018,51.91040869347259
2018-05-20,Aqua,0.0333,0.1864,0.0493,39.18665609366669,109.08539741939305,140,2018,39.18665609366669
2018-05-21,Aqua,0.0243,0.119,0.0414,61.86496160641191,94.76560068616433,141,2018,61.86496160641191
2018-05-22,Terra,0.0225,0.0976,0.0349,45.598125468423085,105.29429182513493,142,2018,45.598125468423085
2018-05-23,Terra,0.014,0.0974,0.0237,60.59352130756535,94.7836403436922,143,2018,60.59352130756535
2018-05-23,Aqua,0.0175,0.0889,0.0257,38.171006072322335,108.53503539757251,143,2018,38.171006072322335
2018-05-24,Aqua,0.0154,0.0428,0.0273,70.39214494144008,101.67632431925125,144,2018,70.39214494144008
2018-05-24,Terra,0.0193,0.1004,0.0312,52.15832086607508,105.65027891270994,144,2018,52.15832086607508
2018-05-27,Terra,0.0202,0.0756,0.0294,37.0728592236671,111.70318015220747,147,2018,37.0728592236671
2018-05-27,Aqua,0.0238,0.1005,0.0368,45.13214073262233,109.92660869204786,147,2018,45.13214073262233
2018-05-28,Terra,0.0196,0.1362,0.0321,54.41258814091597,98.27016256403913,148,2018,54.41258814091597
2018-05-28,Aqua,0.0202,0.1738,0.0386,89.84624123567384,105.0801479045059,148,2018,89.84624123567384
2018-06-01,Aqua,0.0213,0.1775,0.0424,102.6155206927636,103.58942529026346,152,2018,102.6155206927636
2018-06-01,Terra,0.0105,0.0862,0.0192,77.861072810971,105.52569505803788,152,2018,77.861072810971
2018-06-02,Terra,0.0245,0.1323,0.0343,32.67472499688112,54.298393318901944,153,2018,32.67472499688112
2018-06-02,Aqua,0.0122,0.1273,0.022,74.41362978284046,105.6265695049746,153,2018,74.41362978284046
2018-06-05,Terra,0.0329,0.0974,0.0423,24.772171666598886,59.60842557877413,156,2018,24.772171666598886
2018-06-05,Aqua,0.0312,0.2354,0.0483,45.308752108185935,114.8048983270072,156,2018,45.308752108185935
2018-06-06,Aqua,0.0318,0.1409,0.0495,46.125216779445054,115.42415364541506,157,2018,46.125216779445054
2018-06-11,Terra,0.012,0.0664,0.0233,94.63688483462899,102.93540542805486,162,2018,94.63688483462899
2018-06-12,Aqua,0.0285,0.1269,0.0411,35.97938960535011,121.4889370398569,163,2018,35.97938960535011
2018-06-12,Terra,0.0192,0.0853,0.0295,44.212429438060134,117.10955697215141,163,2018,44.212429438060134
2018-06-15,Aqua,0.0285,0.1838,0.0476,57.99343901582508,98.713344219632,166,2018,57.99343901582508
2018-06-19,Aqua,0.0208,0.0929,0.0397,89.50467634548077,105.4001216876559,170,2018,89.50467634548077
2018-06-19,Terra,0.0131,0.0857,0.0252,91.81363481142803,103.10333964101017,170,2018,91.81363481142803
2018-06-20,Terra,0.0245,0.1433,0.0399,53.42678138151838,105.90628717508137,171,2018,53.42678138151838
2018-06-21,Aqua,0.0558,0.1063,0.0697,22.55135000212672,58.89219578499299,172,2018,22.55135000212672
2018-06-21,Terra,0.0424,0.1256,0.0519,21.113967411557958,58.425918252662285,172,2018,21.113967411557958
2018-06-22,Terra,0.0198,0.1126,0.0363,78.52226905280286,108.03654146212203,173,2018,78.52226905280286
2018-06-22,Aqua,0.02,0.2182,0.0417,119.29721770657821,101.4911923904418,173,2018,119.29721770657821
2018-06-23,Aqua,0.0162,0.2013,0.0311,91.20809313611566,103.20239507421435,174,2018,91.20809313611566
2018-06-23,Terra,0.0307,0.2306,0.0493,51.04241193345219,116.7639836519154,174,2018,51.04241193345219
2018-06-24,Aqua,0.0261,0.1618,0.0454,66.1875655104064,105.16926975314792,175,2018,66.1875655104064
2018-06-24,Terra,0.0139,0.1445,0.0262,85.93220814737434,105.98450768967695,175,2018,85.93220814737434
2018-06-25,Aqua,0.0139,0.0237,0.0272,97.06178293339995,116.723417815947,176,2018,97.06178293339995
2018-06-25,Terra,0.0241,0.2389,0.0434,74.08557240508249,112.1617927068341,176,2018,74.08557240508249
2018-06-26,Terra,0.0119,0.0868,0.0237,102.78092660471168,105.73854550320398,177,2018,102.78092660471168
2018-06-26,Aqua,0.0204,0.1089,0.0381,83.4021927544749,108.31298426083632,177,2018,83.4021927544749
2018-06-27,Terra,0.0131,0.0781,0.0277,124.87388416563775,104.52670706708528,178,2018,124.87388416563775
2018-06-27,Aqua,0.0139,0.0622,0.0268,92.49717897118254,105.98450768967695,178,2018,92.49717897118254
2018-06-28,Aqua,0.0283,0.0605,0.0434,43.94266511208567,131.50899834973148,179,2018,43.94266511208567
2018-06-28,Terra,0.0254,0.1184,0.0377,39.512164175372526,126.09768964072141,179,2018,39.512164175372526
2018-06-29,Aqua,0.0202,0.2005,0.0399,100.06288638050732,108.26621650635198,180,2018,100.06288638050732
2018-06-29,Terra,0.0184,0.1157,0.0347,86.07718509246463,106.98631843825468,180,2018,86.07718509246463
2018-06-30,Aqua,0.0516,0.1443,0.0691,28.2788141624452,63.26615064916164,181,2018,28.2788141624452
2018-06-30,Terra,0.0624,0.1275,0.0731,18.30501511236761,59.18106079008828,181,2018,18.30501511236761
2018-07-01,Terra,0.02,0.2009,0.0367,78.7546032322567,110.57985452388229,182,2018,78.7546032322567
2018-07-01,Aqua,0.0169,0.1212,0.0346,112.43206274787023,105.10746021624232,182,2018,112.43206274787023
2018-07-03,Terra,0.0089,0.1123,0.0228,233.0399300200527,104.80348022579972,184,2018,233.0399300200527
2018-07-03,Aqua,0.0223,0.1418,0.0378,60.85111118079086,105.6359760309156,184,2018,60.85111118079086
2018-07-05,Aqua,0.0276,0.1915,0.0475,63.932226482744085,105.5735954443412,186,2018,63.932226482744085
2018-07-05,Terra,0.0163,0.0893,0.0313,91.2841647573067,106.41368304627568,186,2018,91.2841647573067
2018-07-06,Terra,0.0254,0.183,0.0454,72.3044196706592,111.91545762714348,187,2018,72.3044196706592
2018-07-07,Terra,0.0324,0.1774,0.0444,30.479393166895132,62.39435327976577,188,2018,30.479393166895132
2018-07-07,Aqua,0.022,0.2409,0.0392,71.57263781928228,112.68016169685237,188,2018,71.57263781928228
2018-07-08,Aqua,0.0251,0.1014,0.0462,79.54399470214311,109.94989838839564,189,2018,79.54399470214311
2018-07-08,Terra,0.023,0.1543,0.0441,90.84376321801547,108.23459658345261,189,2018,90.84376321801547
2018-07-09,Aqua,0.0399,0.1387,0.0616,44.90866219247561,124.81664573651271,190,2018,44.90866219247561
2018-07-09,Terra,0.0634,0.1431,0.0777,21.197953048807435,59.60034099329924,190,2018,21.197953048807435
2018-07-10,Aqua,0.0186,0.0743,0.0412,145.23488152801133,102.21865853752925,191,2018,145.23488152801133
2018-07-10,Terra,0.0132,0.1365,0.0262,101.65293106501504,103.38269739242276,191,2018,101.65293106501504
2018-07-11,Aqua,0.0167,0.061,0.0352,123.58828075766476,101.98732384625063,192,2018,123.58828075766476
2018-07-11,Terra,0.0179,0.0529,0.038,126.49425675171767,106.0488651484103,192,2018,126.49425675171767
2018-07-12,Terra,0.013,0.1074,0.029,148.61200927011203,101.48758736163306,193,2018,148.61200927011203
2018-07-12,Aqua,0.0243,0.1636,0.0445,78.2360919205553,107.81464805792032,193,2018,78.2360919205553
2018-07-14,Aqua,0.0326,0.1496,0.0483,39.28266149143842,122.8822780049632,195,2018,39.28266149143842
2018-07-14,Terra,0.0193,0.0697,0.039,107.74955594589896,105.48647915616432,195,2018,107.74955594589896
2018-07-15,Terra,0.0216,0.1176,0.0453,121.58600992397207,101.32397636572817,196,2018,121.58600992397207
2018-07-16,Terra,0.0192,0.2121,0.0328,62.41323031124253,102.05333705311452,197,2018,62.41323031124253
2018-07-16,Aqua,0.0256,0.198,0.0363,34.058078907862125,120.6470973257895,197,2018,34.058078907862125
2018-07-17,Terra,0.0272,0.1302,0.0509,83.93718121800339,103.91203046258352,198,2018,83.93718121800339
2018-07-17,Aqua,0.0258,0.1183,0.0473,78.52226905280294,106.45503828000734,198,2018,78.52226905280294
2018-07-18,Terra,0.0225,0.0712,0.0442,98.29444065420817,106.0676752618172,199,2018,98.29444065420817
2018-07-18,Aqua,0.0253,0.0934,0.0452,72.1939556245796,109.48224678897829,199,2018,72.1939556245796
2018-07-19,Terra,0.0137,0.085,0.0327,185.1634992091306,100.50946798389003,200,2018,185.1634992091306
2018-07-19,Aqua,0.0239,0.1658,0.0464,94.59821148681765,102.7793093657171,200,2018,94.59821148681765
2018-07-20,Terra,0.0183,0.0699,0.0394,132.4194028602847,102.21314550275784,201,2018,132.4194028602847
2018-07-20,Aqua,0.0178,0.0666,0.0339,88.87203326086626,102.89933752671679,201,2018,88.87203326086626
2018-07-21,Terra,0.0202,0.0765,0.0378,83.93187268789974,105.193858742738,202,2018,83.93187268789974
2018-07-21,Aqua,0.0239,0.1453,0.0444,81.97239327587793,104.50777955888458,202,2018,81.97239327587793
2018-07-22,Terra,0.0223,0.1433,0.0411,79.88338809317652,106.77740323994671,203,2018,79.88338809317652
2018-07-22,Aqua,0.0163,0.0973,0.0353,134.9635670147128,101.00679341655987,203,2018,134.9635670147128
2018-07-23,Terra,0.0167,0.1003,0.0334,104.19768005148732,102.68018962161584,204,2018,104.19768005148732
2018-07-24,Aqua,0.0224,0.1556,0.0424,87.11849994451549,104.28138966286896,205,2018,87.11849994451549
2018-07-24,Terra,0.0234,0.1518,0.0427,77.33826443797065,106.6735527990916,205,2018,77.33826443797065
2018-07-25,Terra,0.0149,0.1319,0.032,131.35164129347106,101.95138815035641,206,2018,131.35164129347106
2018-07-25,Aqua,0.0326,0.0665,0.043,26.9200109586629,61.88671218883878,206,2018,26.9200109586629
2018-07-26,Terra,0.0117,0.1158,0.0261,148.61200927011203,101.95138815035641,207,2018,148.61200927011203
2018-07-26,Aqua,0.0226,0.1755,0.041,75.88343035056782,108.37212877870694,207,2018,75.88343035056782
2018-07-27,Aqua,0.0157,0.0808,0.0316,106.37107160148052,104.13754217016032,208,2018,106.37107160148052
2018-07-27,Terra,0.0198,0.1033,0.0351,70.39214494144001,104.21282988604283,208,2018,70.39214494144001
2018-07-28,Terra,0.014,0.0763,0.0306,139.07291052409815,101.95138815035641,209,2018,139.07291052409815
2018-07-28,Aqua,0.022,0.1353,0.0397,74.58372731350428,109.0442773109827,209,2018,74.58372731350428
2018-07-29,Aqua,0.0142,0.11,0.0297,120.51992465035818,101.95138815035641,210,2018,120.51992465035818
2018-07-29,Terra,0.0209,0.1236,0.0398,88.84348777496552,106.77675894418903,210,2018,88.84348777496552
2018-07-30,Aqua,0.0313,0.2574,0.0484,45.14233336331252,112.90207857583427,211,2018,45.14233336331252
2018-07-30,Terra,0.0274,0.0901,0.0448,54.11946271355356,102.23842538425039,211,2018,54.11946271355356
2018-07-31,Aqua,0.0253,0.1568,0.044,66.14635598210327,102.24041113370005,212,2018,66.14635598210327
2018-07-31,Terra,0.0237,0.1637,0.0424,72.5187583275583,109.13109598191494,212,2018,72.5187583275583
2018-08-01,Aqua,0.0338,0.1739,0.0497,38.32695851849229,116.96450499914064,213,2018,38.32695851849229
2018-08-02,Aqua,0.0239,0.1166,0.0409,62.76597487342919,102.45199964775506,214,2018,62.76597487342919
2018-08-02,Terra,0.0254,0.1368,0.0449,69.74727809854646,101.64608800302278,214,2018,69.74727809854646
2018-08-04,Aqua,0.0274,0.1543,0.0446,53.3378527291381,95.25109658567756,216,2018,53.3378527291381
2018-08-05,Terra,0.0244,0.1058,0.0386,48.61398237151376,99.65290009341658,217,2018,48.61398237151376
2018-08-05,Aqua,0.0254,0.0978,0.039,44.11657748566662,101.60512021617707,217,2018,44.11657748566662
2018-08-06,Aqua,0.0268,0.1033,0.041,43.597208247201266,100.97068058509309,218,2018,43.597208247201266
2018-08-06,Terra,0.0182,0.1077,0.0327,73.5350195411027,106.7472494971595,218,2018,73.5350195411027
2018-08-07,Aqua,0.027,0.106,0.0442,54.335058389434515,94.56260803715277,219,2018,54.335058389434515
2018-08-07,Terra,0.0249,0.0839,0.0414,57.14820235340093,92.76596746629758,219,2018,57.14820235340093
2018-08-08,Terra,0.0218,0.1216,0.0381,67.21279371640047,101.19178873089713,220,2018,67.21279371640047
2018-08-08,Aqua,0.0364,0.0778,0.0489,28.572304996899977,63.971796344839284,220,2018,28.572304996899977
2018-08-09,Terra,0.016,0.1613,0.0355,146.02434235506257,102.429252236925,221,2018,146.02434235506257
2018-08-09,Aqua,0.0328,0.1489,0.0483,38.50919413367578,96.83966543543487,221,2018,38.50919413367578
2018-08-10,Aqua,0.0221,0.102,0.036,53.46816210989865,94.09254988916686,222,2018,53.46816210989865
2018-08-10,Terra,0.01795,0.1007,0.0301,58.75382057737176,89.46967440535799,222,2018,58.75382057737176
2018-08-12,Terra,0.0129,0.0528,0.0256,101.59426838055239,102.11382947504883,224,2018,101.59426838055239
2018-08-12,Aqua,0.0169,0.0639,0.0286,60.529600187109594,90.03504470283647,224,2018,60.529600187109594
2018-08-14,Terra,0.0223,0.0867,0.0404,75.54394308787569,105.76694971799496,226,2018,75.54394308787569
2018-08-14,Aqua,0.0288,0.1228,0.0428,39.673309128931365,97.4949070018211,226,2018,39.673309128931365
2018-08-15,Terra,0.0231,0.0959,0.0363,47.56888448895646,96.99866304332363,227,2018,47.56888448895646
2018-08-17,Terra,0.0286,0.0874,0.0388,29.497851552447838,63.632130260796046,229,2018,29.497851552447838
2018-08-17,Aqua,0.0303,0.128,0.043,34.1497822758957,97.00725885891448,229,2018,34.1497822758957
2018-08-18,Aqua,0.0229,0.127,0.0368,51.158633442312066,96.45950062537257,230,2018,51.158633442312066
2018-08-18,Terra,0.0201,0.1178,0.034,60.440633687377925,90.70215013332749,230,2018,60.440633687377925
2018-08-19,Terra,0.0207,0.1266,0.0325,47.43316911810414,94.06199063827047,231,2018,47.43316911810414
2018-08-19,Aqua,0.0208,0.0805,0.0318,43.504194524900065,95.6965330233847,231,2018,43.504194524900065
2018-08-21,Aqua,0.0341,0.1188,0.0448,26.574149338645626,60.291766206757345,233,2018,26.574149338645626
2018-08-21,Terra,0.0245,0.1903,0.0418,62.1509861530015,90.56179247652067,233,2018,62.1509861530015
2018-08-22,Aqua,0.0248,0.1191,0.0398,50.93661237816224,94.62353552000462,234,2018,50.93661237816224
2018-08-22,Terra,0.0259,0.0972,0.0371,35.20064215586461,100.17971451589844,234,2018,35.20064215586461
2018-08-24,Terra,0.0177,0.0565,0.0272,44.23721189956255,88.43017959247442,236,2018,44.23721189956255
2018-08-24,Aqua,0.0315,0.0535,0.0401,23.985484233969977,56.776667634409904,236,2018,23.985484233969977
2018-08-28,Terra,0.0168,0.0967,0.0249,39.329902053153255,83.69546082874784,240,2018,39.329902053153255
2018-08-28,Aqua,0.0107,0.0619,0.0209,96.48826169629739,93.95907769735616,240,2018,96.48826169629739
2018-08-29,Terra,0.0144,0.0785,0.0221,44.05020466385768,82.14231773492978,241,2018,44.05020466385768
2018-08-29,Aqua,0.0251,0.161,0.039,45.85418200315538,82.25793951938833,241,2018,45.85418200315538
2018-08-31,Aqua,0.3308,0.4322,0.2706,5.694423465327046,50.37499338527583,243,2018,5.694423465327046
2018-09-01,Aqua,0.0254,0.2103,0.0401,48.29228969387946,79.09080453103525,244,2018,48.29228969387946
2018-09-01,Terra,0.0213,0.1662,0.0326,43.658918894323016,79.67179034817721,244,2018,43.658918894323016
2018-09-02,Terra,0.0108,0.0524,0.0198,78.52226905280294,92.06070200302739,245,2018,78.52226905280294
2018-09-02,Aqua,0.0181,0.0587,0.0278,44.16129753141961,79.95507226771447,245,2018,44.16129753141961
2018-09-03,Terra,0.0205,0.1667,0.0353,64.04543598197645,87.12684984625531,246,2018,64.04543598197645
2018-09-03,Aqua,0.0234,0.1488,0.0346,39.02783940567666,79.5883179104811,246,2018,39.02783940567666
2018-09-04,Aqua,0.0133,0.1124,0.0217,53.74824490975318,71.49218177446892,247,2018,53.74824490975318
2018-09-04,Terra,0.015,0.0789,0.0265,69.6126834333804,81.63779671594538,247,2018,69.6126834333804
2018-09-05,Terra,0.0175,0.1067,0.031,70.22461134041794,81.63779671594538,248,2018,70.22461134041794
2018-09-05,Aqua,0.0299,0.1661,0.0438,37.86017327229301,71.74883327257463,248,2018,37.86017327229301
2018-09-06,Terra,0.021,0.2232,0.0364,65.43215105841308,77.25940880565388,249,2018,65.43215105841308
2018-09-07,Aqua,0.0248,0.1163,0.0371,40.5352621181329,69.86486182992269,250,2018,40.5352621181329
2018-09-07,Terra,0.0154,0.1039,0.0272,69.55723739117806,77.55131503982673,250,2018,69.55723739117806
2018-09-08,Terra,0.0199,0.1394,0.0332,57.786670742868786,56.85203026935103,251,2018,57.786670742868786
2018-09-08,Aqua,0.0149,0.1338,0.0216,36.59621173558795,56.29837704592855,251,2018,36.59621173558795
2018-09-09,Terra,0.015,0.0946,0.0255,61.42875487667807,46.00339047041969,252,2018,61.42875487667807
2018-09-09,Aqua,0.0159,0.1177,0.0271,61.94750458379429,46.00339047041969,252,2018,61.94750458379429
2018-09-14,Aqua,0.0387,0.0951,0.0423,14.611417789028707,46.604307634233884,257,2018,14.611417789028707
2018-09-18,Aqua,0.0136,0.128,0.0229,59.54850011376126,44.81770946995658,261,2018,59.54850011376126
2018-09-18,Terra,0.013,0.0671,0.0202,45.860063513180755,45.49243907341815,261,2018,45.860063513180755
2018-09-19,Terra,0.0227,0.167,0.0353,45.97723239181779,44.507846528631575,262,2018,45.97723239181779
2018-09-19,Aqua,0.0276,0.1144,0.0401,36.862335601575225,40.564038745126375,262,2018,36.862335601575225
2018-09-20,Terra,0.0235,0.1661,0.0316,28.660516917456917,61.807531365327755,263,2018,28.660516917456917
2018-09-20,Aqua,0.0109,0.0849,0.019,66.64090451639329,49.139212351858255,263,2018,66.64090451639329
2018-09-24,Terra,0.0247,0.1539,0.0334,29.186756911822584,62.07496038581887,267,2018,29.186756911822584
2018-09-24,Aqua,0.0149,0.1073,0.0236,48.80662355889768,43.49143217208452,267,2018,48.80662355889768
2018-09-25,Terra,0.0144,0.0688,0.021,37.31255690851129,40.78885948154254,268,2018,37.31255690851129
2018-09-25,Aqua,0.0162,0.1028,0.025,44.84723700650297,44.05049759509395,268,2018,44.84723700650297
2018-09-26,Terra,0.0184,0.1286,0.0275,40.41182908842099,40.6949735143925,269,2018,40.41182908842099
2018-09-26,Aqua,0.0245,0.1323,0.038,45.58945653906876,42.58962962357152,269,2018,45.58945653906876
2018-09-27,Terra,0.0146,0.0861,0.0245,58.89086023771009,40.96974150103504,270,2018,58.89086023771009
2018-09-27,Aqua,0.0137,0.0645,0.0204,39.92906612909373,38.621162151580904,270,2018,39.92906612909373
2018-09-28,Terra,0.0165,0.0732,0.0244,39.04117725066309,38.45345215128507,271,2018,39.04117725066309
2018-09-28,Aqua,0.0302,0.1615,0.0405,28.410324236072192,64.43446487628489,271,2018,28.410324236072192
2018-10-03,Terra,0.0387,0.3064,0.051,26.841194864341837,64.49802333875154,276,2018,26.841194864341837
2018-10-10,Terra,0.0316,0.2883,0.0438,31.629887546207687,52.290733032729605,283,2018,31.629887546207687
2018-10-11,Aqua,0.0226,0.0846,0.0261,17.47467706942348,57.647133614126176,284,2018,17.47467706942348
2018-10-11,Terra,0.0149,0.0887,0.0216,36.59621173558795,39.19114014122523,284,2018,36.59621173558795
2018-10-12,Aqua,0.027,0.1317,0.0386,34.977191981590536,37.9125905169479,285,2018,34.977191981590536
2018-10-12,Terra,0.0266,0.121,0.0347,25.96921175078243,59.87836536432973,285,2018,25.96921175078243
2018-10-13,Terra,0.0121,0.1237,0.0203,58.8456592826996,40.47347407213253,286,2018,58.8456592826996
2018-10-13,Aqua,0.014,0.0938,0.0208,39.63887535481879,38.25783538273213,286,2018,39.63887535481879
2018-10-14,Aqua,0.029,0.1175,0.0368,23.73824339093428,57.09738237594641,287,2018,23.73824339093428
2018-10-14,Terra,0.0172,0.0941,0.0227,26.969747294947243,60.36636308385953,287,2018,26.969747294947243
2018-10-15,Aqua,0.0123,0.0947,0.0211,63.26223505915246,45.52114988216178,288,2018,63.26223505915246
2018-10-15,Terra,0.0146,0.1258,0.0229,47.280578428099666,40.47687441393512,288,2018,47.280578428099666
2018-10-16,Terra,0.0139,0.0855,0.0209,41.21128286044209,38.686658553390906,289,2018,41.21128286044209
2018-10-16,Aqua,0.024,0.1238,0.0355,39.07370147043161,37.68368238494066,289,2018,39.07370147043161
2018-10-17,Terra,0.0207,0.1144,0.0297,35.388767521957575,39.53077945544937,290,2018,35.388767521957575
2018-10-17,Aqua,0.0144,0.1017,0.0235,53.78740270076895,36.47358967857758,290,2018,53.78740270076895
2018-10-18,Aqua,0.0184,0.0858,0.0281,43.34966911236824,41.37808745385866,291,2018,43.34966911236824
2018-10-18,Terra,0.0228,0.0937,0.0296,25.565848032409264,59.87836536432973,291,2018,25.565848032409264
2018-10-19,Terra,0.0273,0.1691,0.0352,25.002378273040744,59.87836536432973,292,2018,25.002378273040744
2018-10-19,Aqua,0.0372,0.229,0.05,28.61931573928006,60.95576149941352,292,2018,28.61931573928006
2018-10-20,Aqua,0.0182,0.0873,0.0277,42.871961950367755,41.73684987324511,293,2018,42.871961950367755
2018-10-20,Terra,0.0163,0.0817,0.0228,32.58170713697233,52.66220824284589,293,2018,32.58170713697233
2018-10-21,Terra,0.0366,0.1385,0.0488,27.88157767794398,59.96786162182363,294,2018,27.88157767794398
2018-10-21,Aqua,0.0335,0.1731,0.0458,30.248142950536636,57.348879939578474,294,2018,30.248142950536636
2018-10-22,Terra,0.0192,0.0953,0.0268,32.35959801087209,52.66220824284589,295,2018,32.35959801087209
2018-10-22,Aqua,0.0221,0.10135,0.028,23.616983433925665,57.09738237594641,295,2018,23.616983433925665
2018-10-30,Aqua,0.0334,0.148,0.0415,22.166864983891337,57.472510245559306,303,2018,22.166864983891337
2018-11-07,Aqua,0.0427,0.0662,0.0329,4.687403633033947,49.12695451646157,311,2018,4.687403633033947
2018-11-08,Terra,0.0315,0.0859,0.0394,22.65068800646007,57.01561515746248,312,2018,22.65068800646007
2018-11-08,Aqua,0.0318,0.1025,0.0368,17.59132044327703,57.754269718409645,312,2018,17.59132044327703
2018-11-09,Terra,0.0325,0.1082,0.0307,9.091546058598908,49.12695451646157,313,2018,9.091546058598908
2018-11-10,Aqua,0.0431,0.1056,0.0358,5.984808128832961,49.87256048680711,314,2018,5.984808128832961
2018-11-10,Terra,0.0207,0.0864,0.0263,23.833617391999383,56.675578379857164,314,2018,23.833617391999383
2018-11-11,Aqua,0.023,0.112,0.0318,31.37335561389497,52.23677248757707,315,2018,31.37335561389497
2018-11-11,Terra,0.0395,0.1402,0.0476,20.067237386539187,57.05440352369652,315,2018,20.067237386539187
2018-11-12,Terra,0.0279,0.0621,0.028,11.069941990035607,48.38129050790123,316,2018,11.069941990035607
2018-11-12,Aqua,0.027,0.0739,0.0259,9.557849937810591,49.19321963157661,316,2018,9.557849937810591
2018-11-15,Aqua,0.0362,0.1498,0.0406,15.887993956392092,60.92619538949665,319,2018,15.887993956392092
2018-11-15,Terra,0.0244,0.0822,0.0308,23.33492346444357,56.57337267866339,319,2018,23.33492346444357
2018-11-16,Terra,0.038,0.098,0.0356,8.850540131932473,49.939326396461375,320,2018,8.850540131932473
2018-11-16,Aqua,0.04,0.1254,0.0321,5.35065767725085,49.19321963157661,320,2018,5.35065767725085
2018-11-17,Terra,0.0176,0.0989,0.0251,34.70007277399694,64.30302438704972,321,2018,34.70007277399694
2018-11-17,Aqua,0.0245,0.1022,0.0324,27.14832407109567,60.231995689813225,321,2018,27.14832407109567
2018-11-18,Aqua,0.0429,0.1043,0.0442,12.057225926438324,46.412125564626564,322,2018,12.057225926438324
2018-11-18,Terra,0.0375,0.0901,0.0408,14.394213428479919,46.904793838128974,322,2018,14.394213428479919
2018-11-19,Terra,0.0249,0.0723,0.0298,19.62259244432795,56.72927117037553,323,2018,19.62259244432795
2018-11-19,Aqua,0.0256,0.091,0.0257,11.081495145426857,48.38129050790123,323,2018,11.081495145426857
2018-11-20,Terra,0.0343,0.1562,0.0421,21.302350884417333,57.165611477226555,324,2018,21.302350884417333
2018-11-24,Aqua,0.0458,0.1002,0.0431,8.980385762233324,49.65422783859922,328,2018,8.980385762233324
2018-12-03,Aqua,0.0329,0.0396,0.0268,5.617216951803568,48.950141869498715,337,2018,5.617216951803568
2018-12-04,Aqua,0.0316,0.1102,0.0305,9.7513193151244,48.950141869498715,338,2018,9.7513193151244
2018-12-04,Terra,0.039,0.1422,0.039,10.941912809157849,48.786745488635134,338,2018,10.941912809157849
2018-12-05,Aqua,0.0364,0.0851,0.0354,9.994419700566883,49.694409933771446,339,2018,9.994419700566883
2018-12-05,Terra,0.0219,0.0837,0.0216,10.462037284298177,49.09164049760477,339,2018,10.462037284298177
2018-12-06,Terra,0.0474,0.1798,0.0531,15.828479540706441,60.34474075074072,340,2018,15.828479540706441
2018-12-06,Aqua,0.0402,0.111,0.041,11.665892634895478,48.53665707226427,340,2018,11.665892634895478
2018-12-13,Aqua,0.0424,0.2073,0.0422,10.774988984920462,48.935160883169246,347,2018,10.774988984920462
2018-12-13,Terra,0.0645,0.176,0.0653,11.389363074810426,49.17614524142887,347,2018,11.389363074810426
2018-12-31,Aqua,0.0454,0.1728,0.0421,8.561169697675854,49.332823609419236,365,2018,8.561169697675854
2018-12-31,Terra,0.0454,0.2586,0.047,12.246179441716313,45.780231757493404,365,2018,12.246179441716313
2019-01-01,Terra,0.0261,0.0632,0.028,13.750468921418936,46.13804622154698,1,2019,13.750468921418936
2019-01-02,Terra,0.0519,0.1461,0.0536,12.150784198020542,45.90414450189653,2,2019,12.150784198020542
2019-01-12,Terra,0.0159,0.049,0.0203,24.213735968163693,59.60235005651179,12,2019,24.213735968163693
2019-01-12,Aqua,0.0314,0.0783,0.0322,11.8745899992804,47.01473268053677,12,2019,11.8745899992804
2019-01-13,Aqua,0.0384,0.118,0.0321,6.110126989575029,48.631028209127734,13,2019,6.110126989575029
2019-01-13,Terra,0.0218,0.0582,0.0258,18.922351913281258,55.670976163649605,13,2019,18.922351913281258
2019-01-14,Aqua,0.0421,0.0964,0.0414,10.36137643931597,49.332823609419236,14,2019,10.36137643931597
2019-01-14,Terra,0.0455,0.1245,0.0536,18.639764289044873,56.25303131412905,14,2019,18.639764289044873
2019-01-24,Aqua,0.053,0.1538,0.0491,8.534252853897529,48.38086272687294,24,2019,8.534252853897529
2019-01-24,Terra,0.2199,0.4011,0.2246,11.720757497617102,48.803986643605064,24,2019,11.720757497617102
2019-01-25,Terra,0.045,0.1216,0.0527,18.286566770234746,55.114217142087206,25,2019,18.286566770234746
2019-01-25,Aqua,0.0332,0.1195,0.0334,11.157685371127558,47.76720577556863,25,2019,11.157685371127558
2019-01-29,Terra,0.0275,0.086,0.0323,18.461502864661824,55.15548098171835,29,2019,18.461502864661824
2019-01-29,Aqua,0.0483,0.0926,0.0414,6.628623864104743,48.61685743463145,29,2019,6.628623864104743
2019-01-30,Aqua,0.0356,0.1298,0.0327,8.300605913330683,48.57398720249134,30,2019,8.300605913330683
2019-01-30,Terra,0.0616,0.1699,0.0582,9.097487188587726,48.60596812298876,30,2019,9.097487188587726
2019-01-31,Terra,0.0377,0.0804,0.038,11.227558395599383,47.67666073051447,31,2019,11.227558395599383
2019-01-31,Aqua,0.0405,0.101,0.0347,6.619758747059698,48.57398720249134,31,2019,6.619758747059698
2019-03-02,Aqua,0.0418,0.194,0.0405,9.873704780303134,48.38623006791233,61,2019,9.873704780303134
2019-03-03,Aqua,0.05,0.0747,0.0543,14.308359793728538,45.25589369092062,62,2019,14.308359793728538
2019-03-03,Terra,0.225,0.4223,0.2224,10.536129811526212,49.6191187661052,62,2019,10.536129811526212
2019-03-04,Aqua,0.19,0.3431,0.2296,20.249609236051633,56.78327757059215,63,2019,20.249609236051633
2019-03-10,Terra,0.6169,0.6159,0.6241,11.362615895548357,49.30013825139942,69,2019,11.362615895548357
2019-03-14,Aqua,0.0353,0.2421,0.0486,30.944668478741672,52.04601966734401,73,2019,30.944668478741672
2019-03-15,Terra,0.3085,0.2754,0.3407,15.110650444725723,47.31101715428406,74,2019,15.110650444725723
2019-03-17,Aqua,0.3044,0.2962,0.2447,5.3805554206347015,50.116357543212786,76,2019,5.3805554206347015
2019-03-17,Terra,0.17,0.1975,0.1921,16.28065123927082,59.71031962402386,76,2019,16.28065123927082
2019-03-18,Aqua,0.0814,0.2821,0.1003,21.573353996816234,56.84387384636661,77,2019,21.573353996816234
2019-03-18,Terra,0.328,0.3444,0.3335,11.549807443026866,49.30013825139942,77,2019,11.549807443026866
2019-03-19,Terra,0.1973,0.2351,0.2032,12.042038163149105,48.62664346104349,78,2019,12.042038163149105
2019-03-24,Terra,0.0521,0.089,0.049,8.963362819701668,48.76095184129133,83,2019,8.963362819701668
2019-03-24,Aqua,0.0285,0.0976,0.0366,24.678092243360073,59.094006882060334,83,2019,24.678092243360073
2019-03-30,Terra,0.0297,0.1373,0.0418,33.24018695104857,52.49770786103217,89,2019,33.24018695104857
2019-03-30,Aqua,0.0238,0.0605,0.0342,35.56487230257882,71.19365933360992,89,2019,35.56487230257882
2019-04-18,Aqua,0.018,0.1062,0.0262,37.08197097291677,73.63575795333496,108,2019,37.08197097291677
2019-04-18,Terra,0.03,0.1169,0.0493,55.01748290797507,61.5775874486159,108,2019,55.01748290797507
2019-04-24,Aqua,0.0335,0.1681,0.0494,38.685129295032205,90.4193065488477,114,2019,38.685129295032205
2019-04-24,Terra,0.0213,0.0967,0.0371,66.47507439569674,87.16325811750188,114,2019,66.47507439569674
2019-04-26,Aqua,0.0265,0.1299,0.0437,55.64292868743838,81.16785230093323,116,2019,55.64292868743838
2019-04-26,Terra,0.0208,0.0857,0.0375,74.36076965567227,91.04925652129596,116,2019,74.36076965567227
2019-04-28,Terra,0.0163,0.0655,0.0326,104.19768005148732,93.6188660196482,118,2019,104.19768005148732
2019-04-28,Aqua,0.0202,0.0692,0.0394,96.04311648473792,93.6709405130499,118,2019,96.04311648473792
2019-04-29,Aqua,0.0274,0.1138,0.0481,68.18898401211783,90.5512635805016,119,2019,68.18898401211783
2019-04-29,Terra,0.0256,0.0859,0.0447,67.01135315857829,90.88426968142946,119,2019,67.01135315857829
2019-04-30,Terra,0.0183,0.0917,0.0318,65.97023386726411,92.25166568731075,120,2019,65.97023386726411
2019-05-01,Terra,0.0265,0.1029,0.0453,62.54406668020037,91.23946101524345,121,2019,62.54406668020037
2019-05-01,Aqua,0.0246,0.0981,0.0436,70.34444463897637,91.94695242948751,121,2019,70.34444463897637
2019-05-02,Aqua,0.0223,0.0909,0.0367,55.27988009245258,88.54965759659338,122,2019,55.27988009245258
2019-05-02,Terra,0.0241,0.0519,0.0436,75.20139172463331,100.82924584571367,122,2019,75.20139172463331
2019-05-03,Terra,0.0198,0.0849,0.0347,67.81721688852862,93.30710815113392,123,2019,67.81721688852862
2019-05-03,Aqua,0.0245,0.0742,0.0445,76.17857217582994,96.91328215093345,123,2019,76.17857217582994
2019-05-04,Aqua,0.0229,0.0624,0.0392,62.824823827447965,95.70208831803461,124,2019,62.824823827447965
2019-05-04,Terra,0.0281,0.0852,0.0439,46.67410568801758,93.7240872668449,124,2019,46.67410568801758
2019-05-05,Terra,0.0232,0.0774,0.0391,59.72360521704129,88.4395028521143,125,2019,59.72360521704129
2019-05-05,Aqua,0.0349,0.2181,0.0447,24.465779839961353,58.299441100467796,125,2019,24.465779839961353
2019-05-06,Aqua,0.0229,0.0782,0.0418,77.41286508874416,98.33718523121918,126,2019,77.41286508874416
2019-05-06,Terra,0.0248,0.1017,0.0429,65.00420192460581,93.85175672675214,126,2019,65.00420192460581
2019-05-07,Terra,0.0273,0.0909,0.0412,41.70886543775139,95.61465295522201,127,2019,41.70886543775139
2019-05-07,Aqua,0.0304,0.0555,0.0458,41.4776033709986,101.71532454856467,127,2019,41.4776033709986
2019-05-08,Terra,0.0332,0.1321,0.0536,51.93599171787293,101.82708922251071,128,2019,51.93599171787293
2019-05-08,Aqua,0.0326,0.1595,0.0514,48.088398984004726,101.79024174882586,128,2019,48.088398984004726
2019-05-09,Aqua,0.0243,0.1587,0.0359,38.919278240102365,106.30185849500617,129,2019,38.919278240102365
2019-05-09,Terra,0.03,0.1166,0.0456,42.691065864824964,103.14489140501787,129,2019,42.691065864824964
2019-05-10,Aqua,0.022,0.1071,0.0423,91.6683306058669,101.26482203626475,130,2019,91.6683306058669
2019-05-10,Terra,0.0144,0.1227,0.024,57.59824250445848,92.41553397986004,130,2019,57.59824250445848
2019-05-11,Aqua,0.0182,0.0838,0.0331,76.5001551096506,105.20303510970761,131,2019,76.5001551096506
2019-05-11,Terra,0.0185,0.0679,0.0351,87.78470142923041,103.23356283186493,131,2019,87.78470142923041
2019-05-12,Aqua,0.0264,0.1225,0.0445,59.75370959518047,94.53055003471616,132,2019,59.75370959518047
2019-05-13,Aqua,0.0232,0.1187,0.0376,52.5906452118888,105.17725407489779,133,2019,52.5906452118888
2019-05-13,Terra,0.0244,0.1345,0.041,59.147488603631594,94.76629699829786,133,2019,59.147488603631594
2019-05-21,Aqua,0.031,0.2673,0.0529,62.18998151395475,95.2006801905175,141,2019,62.18998151395475
2019-05-23,Aqua,0.034,0.2532,0.046,29.2369262718139,62.71934255459549,143,2019,29.2369262718139
2019-05-29,Aqua,0.0385,0.1673,0.0515,28.176985320464517,60.04212086173513,149,2019,28.176985320464517
2019-05-29,Terra,0.0211,0.096,0.0356,59.9380600925615,98.2040965621287,149,2019,59.9380600925615
2019-05-31,Terra,0.0215,0.1392,0.0372,65.05233513704411,103.291877227798,151,2019,65.05233513704411
2019-06-01,Terra,0.0289,0.1422,0.0427,38.931476227380664,119.6202009672271,152,2019,38.931476227380664
2019-06-01,Aqua,0.0558,0.1016,0.0619,15.331659790550914,46.42086962880137,152,2019,15.331659790550914
2019-06-02,Aqua,0.0226,0.129,0.0368,53.39981650854617,105.26126737823677,153,2019,53.39981650854617
2019-06-02,Terra,0.0206,0.1492,0.0367,71.53806212569368,108.73852029033421,153,2019,71.53806212569368
2019-06-03,Aqua,0.0184,0.0338,0.0301,54.209169349733,110.27231344696585,154,2019,54.209169349733
2019-06-03,Terra,0.0183,0.0695,0.0305,57.59824250445848,99.34311301687653,154,2019,57.59824250445848
2019-06-04,Aqua,0.0228,0.1817,0.04,68.05160872337962,102.87149815602169,155,2019,68.05160872337962
2019-06-04,Terra,0.013,0.0838,0.0245,85.891199246183,103.7218103718305,155,2019,85.891199246183
2019-06-09,Aqua,0.0307,0.2505,0.053,64.58309387841062,102.04971879024178,160,2019,64.58309387841062
2019-06-10,Aqua,0.0333,0.1307,0.0486,37.40631986329147,119.8725612075598,161,2019,37.40631986329147
2019-06-11,Terra,0.0103,0.0964,0.0232,153.35470165792123,100.54511461734735,162,2019,153.35470165792123
2019-06-11,Aqua,0.0188,0.1364,0.04,127.41770482139412,101.94927778995499,162,2019,127.41770482139412
2019-06-12,Terra,0.0181,0.0754,0.0356,98.68647265203306,105.1400780125251,163,2019,98.68647265203306
2019-06-12,Aqua,0.0158,0.0779,0.0313,101.0155854141336,102.82335078933563,163,2019,101.0155854141336
2019-06-13,Aqua,0.0216,0.1159,0.0427,100.32737684542661,103.3850499654411,164,2019,100.32737684542661
2019-06-13,Terra,0.0124,0.1014,0.0257,117.00224621064733,100.54511461734735,164,2019,117.00224621064733
2019-06-14,Aqua,0.0154,0.1008,0.0297,92.57735868866132,102.93540542805486,165,2019,92.57735868866132
2019-06-14,Terra,0.0218,0.1464,0.0408,83.97161925520659,103.70601989709436,165,2019,83.97161925520659
2019-06-15,Aqua,0.0282,0.0879,0.0464,55.24168221386147,100.76980221117138,166,2019,55.24168221386147
2019-06-15,Terra,0.0245,0.0903,0.0388,48.78467067451095,118.42800618164915,166,2019,48.78467067451095
2019-06-16,Aqua,0.0294,0.2138,0.0471,50.64844431104341,116.22429265578893,167,2019,50.64844431104341
2019-06-16,Terra,0.0194,0.1083,0.0375,93.26872583608908,105.4001216876559,167,2019,93.26872583608908
2019-06-17,Terra,0.061,0.0805,0.0727,19.35814607421438,59.90330368807846,168,2019,19.35814607421438
2019-06-18,Aqua,0.0226,0.2424,0.043,88.5932382486083,104.56467114879207,169,2019,88.5932382486083
2019-06-18,Terra,0.0114,0.116,0.024,123.10826588500224,100.71108835405344,169,2019,123.10826588500224
2019-06-19,Aqua,0.0224,0.1417,0.0356,49.34902847599501,120.13846607757615,170,2019,49.34902847599501
2019-06-19,Terra,0.0219,0.0508,0.0343,47.05717859533976,120.91441557989538,170,2019,47.05717859533976
2019-06-22,Terra,0.0201,0.0832,0.0303,41.55676253441938,118.81186878462219,173,2019,41.55676253441938
2019-06-22,Aqua,0.0217,0.1189,0.0392,74.84018760778999,107.75426935837089,173,2019,74.84018760778999
2019-06-23,Terra,0.0154,0.1289,0.0309,105.30166316806935,102.95968451988304,174,2019,105.30166316806935
2019-06-23,Aqua,0.0105,0.0474,0.0237,154.40106319464124,100.89085809344685,174,2019,154.40106319464124
2019-06-24,Aqua,0.0377,0.1905,0.0537,34.56314628224278,128.67018359005567,175,2019,34.56314628224278
2019-06-24,Terra,0.0313,0.1331,0.042,28.46501271984482,66.66139857281591,175,2019,28.46501271984482
2019-06-26,Aqua,0.046,0.1041,0.0634,31.053713236627623,58.35336694036123,177,2019,31.053713236627623
2019-06-26,Terra,0.0282,0.1419,0.0423,40.891585950023426,127.3198060360632,177,2019,40.891585950023426
2019-06-28,Terra,0.0189,0.1243,0.0318,59.40100309040656,102.34530074730172,179,2019,59.40100309040656
2019-06-28,Aqua,0.0075,0.0921,0.0179,185.11440784952822,104.80348022579972,179,2019,185.11440784952822
2019-06-29,Terra,0.0103,0.08705,0.0216,121.56059396091386,104.80348022579972,180,2019,121.56059396091386
2019-06-29,Aqua,0.0721,0.315,0.0961,27.850156596069645,64.62390029049742,180,2019,27.850156596069645
2019-06-30,Terra,0.0149,0.0842,0.0295,100.82556202667894,106.23336095346939,181,2019,100.82556202667894
2019-06-30,Aqua,0.0087,0.127,0.0201,166.55091604572885,104.80348022579972,181,2019,166.55091604572885
2019-07-04,Terra,0.0108,0.104,0.0209,93.61360154308808,106.41368304627568,185,2019,93.61360154308808
2019-07-04,Aqua,0.0237,0.2028,0.0414,67.10394681901357,105.90603957014775,185,2019,67.10394681901357
2019-07-05,Aqua,0.0234,0.1052,0.0345,38.662283814651154,124.38998592045138,186,2019,38.662283814651154
2019-07-05,Terra,0.024,0.1295,0.0379,48.3347219545891,123.46519498460461,186,2019,48.3347219545891
2019-07-08,Aqua,0.0278,0.1196,0.0464,57.86813839833932,104.45189412716583,189,2019,57.86813839833932
2019-07-13,Aqua,0.017,0.0696,0.0364,130.06849983207567,103.51235586216119,194,2019,130.06849983207567
2019-07-14,Terra,0.0254,0.2671,0.0438,64.3431889360426,103.67660196878029,195,2019,64.3431889360426
2019-07-14,Aqua,0.0247,0.0658,0.0369,40.35575829636941,127.2976810689388,195,2019,40.35575829636941
2019-07-19,Aqua,0.0183,0.1993,0.0322,68.70668461865486,102.19385322983025,200,2019,68.70668461865486
2019-07-19,Terra,0.0467,0.1693,0.0592,23.659291166392194,58.25978007210526,200,2019,23.659291166392194
2019-07-20,Aqua,0.0189,0.1005,0.0342,75.25481437688333,105.1255228838214,201,2019,75.25481437688333
2019-07-20,Terra,0.0199,0.1212,0.0359,74.51315171456746,107.7264621600158,201,2019,74.51315171456746
2019-07-21,Aqua,0.0215,0.1059,0.0333,45.381141568220436,114.22065182231006,202,2019,45.381141568220436
2019-07-21,Terra,0.02115,0.1045,0.0352,57.33302933155682,99.9705475479947,202,2019,57.33302933155682
2019-07-22,Terra,0.0111,0.0945,0.0238,130.65555892636797,100.50946798389003,203,2019,130.65555892636797
2019-07-22,Aqua,0.0221,0.1001,0.0379,63.200501740465455,103.62085745545298,203,2019,63.200501740465455
2019-07-24,Terra,0.0131,0.0822,0.0238,76.24232319630778,105.2326193747141,205,2019,76.24232319630778
2019-07-24,Aqua,0.0218,0.0716,0.0383,68.36675140175822,103.1680618580239,205,2019,68.36675140175822
2019-07-25,Terra,0.0188,0.0899,0.034,75.1179004422625,106.70791078127566,206,2019,75.1179004422625
2019-07-25,Aqua,0.0131,0.068,0.0268,112.1580798153728,101.95138815035641,206,2019,112.1580798153728
2019-07-26,Aqua,0.0349,0.1134,0.0468,28.40444290415572,61.972963625854334,207,2019,28.40444290415572
2019-07-27,Terra,0.0177,0.0533,0.0366,116.1264222220023,103.94406221278176,208,2019,116.1264222220023
2019-07-28,Aqua,0.0337,0.0607,0.0471,32.49492760357088,55.46361670880922,209,2019,32.49492760357088
2019-07-28,Terra,0.02635,0.1304,0.0403,43.55654667380923,118.06120205671958,209,2019,43.55654667380923
2019-07-29,Aqua,0.0217,0.107,0.0387,71.78076083831613,110.6090843616034,210,2019,71.78076083831613
2019-07-29,Terra,0.0114,0.1118,0.023,107.19894765882829,104.13754217016032,210,2019,107.19894765882829
2019-07-30,Terra,0.0191,0.0552,0.034,71.34909616522737,108.05892483996007,211,2019,71.34909616522737
2019-07-30,Aqua,0.016,0.0574,0.0315,98.99663630162028,104.61946212426882,211,2019,98.99663630162028
2019-07-31,Terra,0.0135,0.0928,0.0257,88.7521245203221,103.66852996352547,212,2019,88.7521245203221
2019-07-31,Aqua,0.0238,0.1096,0.0416,67.23689679391968,102.51941175722702,212,2019,67.23689679391968
2019-08-01,Aqua,0.0137,0.1096,0.0268,96.96019288466468,103.64381928495455,213,2019,96.96019288466468
2019-08-01,Terra,0.0163,0.0759,0.032,98.0905331015504,103.99080624640372,213,2019,98.0905331015504
2019-08-02,Terra,0.0129,0.1647,0.0232,73.76765948271253,107.62487712898016,214,2019,73.76765948271253
2019-08-03,Aqua,0.0255,0.1485,0.0452,70.36913376503132,100.36623356410611,215,2019,70.36913376503132
2019-08-03,Terra,0.021,0.1036,0.0378,73.97462499465358,108.81805877130296,215,2019,73.97462499465358
2019-08-04,Terra,0.036,0.1062,0.0493,30.412484432979607,60.04880966917338,216,2019,30.412484432979607
2019-08-04,Aqua,0.0385,0.1179,0.0463,19.934032836920053,58.61607617552753,216,2019,19.934032836920053
2019-08-05,Terra,0.0138,0.0811,0.0283,113.03801628462995,101.32125487154876,217,2019,113.03801628462995
2019-08-05,Aqua,0.025,0.1591,0.0432,64.7798148589586,100.75235621249796,217,2019,64.7798148589586
2019-08-06,Terra,0.023,0.0715,0.0383,57.435554777092925,95.22725719902526,218,2019,57.435554777092925
2019-08-06,Aqua,0.0216,0.1023,0.0316,37.699070095631086,100.21029210134088,218,2019,37.699070095631086
2019-08-07,Aqua,0.0234,0.148,0.0425,76.16667970597572,105.93942157209145,219,2019,76.16667970597572
2019-08-07,Terra,0.0184,0.096,0.0342,82.10949281600338,102.97321753810748,219,2019,82.10949281600338
2019-08-12,Terra,0.0245,0.1331,0.0421,63.613050942321976,99.14388451001493,224,2019,63.613050942321976
2019-08-13,Aqua,0.0206,0.0835,0.0328,49.64720623292114,93.44659283476676,225,2019,49.64720623292114
2019-08-13,Terra,0.0169,0.1912,0.0294,66.21000657108804,98.33048360673837,225,2019,66.21000657108804
2019-08-14,Terra,0.0111,0.0844,0.0228,113.63580455200405,100.12774716212559,226,2019,113.63580455200405
2019-08-14,Aqua,0.0231,0.1237,0.0396,63.12307917456333,100.63138823486916,226,2019,63.12307917456333
2019-08-15,Aqua,0.015,0.0742,0.0283,86.1955342569508,102.39204652198796,227,2019,86.1955342569508
2019-08-15,Terra,0.0233,0.1456,0.0374,50.968765787609684,96.61687216590065,227,2019,50.968765787609684
2019-08-16,Aqua,0.0238,0.1229,0.0402,60.154538430723086,91.80789539410053,228,2019,60.154538430723086
2019-08-16,Terra,0.0136,0.0854,0.026,89.97986293865388,102.83365544413988,228,2019,89.97986293865388
2019-08-17,Terra,0.0248,0.1159,0.0408,55.21671225602998,91.8001058063005,229,2019,55.21671225602998
2019-08-18,Terra,0.0156,0.0746,0.0305,96.78686776377722,102.77450272735399,230,2019,96.78686776377722
2019-08-18,Aqua,0.0224,0.0949,0.0378,59.97228065149642,91.8216942336425,230,2019,59.97228065149642
2019-08-19,Terra,0.0238,0.1284,0.0411,64.6447079215818,100.5427847098729,231,2019,64.6447079215818
2019-08-19,Aqua,0.0256,0.2124,0.0436,61.79666337732269,91.04936112832479,231,2019,61.79666337732269
2019-08-22,Aqua,0.0182,0.0416,0.0296,53.192709372151604,94.99558479639863,234,2019,53.192709372151604
2019-08-22,Terra,0.0183,0.1998,0.0324,70.10393897271256,99.87013487158295,234,2019,70.10393897271256
2019-08-23,Terra,0.0126,0.099,0.0231,78.52226905280294,101.67545484723942,235,2019,78.52226905280294
2019-08-24,Terra,0.0238,0.0939,0.0373,47.15658551545082,89.8444481203117,236,2019,47.15658551545082
2019-08-24,Aqua,0.0186,0.0887,0.03,51.77356417538554,87.78301065127413,236,2019,51.77356417538554
2019-08-25,Aqua,0.0199,0.1108,0.034,62.438105604864056,92.73500646558432,237,2019,62.438105604864056
2019-08-25,Terra,0.0173,0.0837,0.0303,67.68140639417128,93.52558618861049,237,2019,67.68140639417128
2019-08-26,Terra,0.0191,0.1444,0.0339,70.66904807799799,90.50395354463596,238,2019,70.66904807799799
2019-08-26,Aqua,0.0136,0.0765,0.0254,83.4021927544749,93.1427517511926,238,2019,83.4021927544749
2019-08-27,Terra,0.0226,0.0957,0.0331,37.83655063518642,82.7717097354773,239,2019,37.83655063518642
2019-08-27,Aqua,0.0188,0.0904,0.0302,51.09614906473138,81.16577946179387,239,2019,51.09614906473138
2019-08-28,Terra,0.0258,0.1603,0.04,45.52900738895069,82.15345616525968,240,2019,45.52900738895069
2019-08-28,Aqua,0.0277,0.1451,0.0441,49.629441611272995,80.15674585777612,240,2019,49.629441611272995
2019-08-30,Terra,0.0144,0.0911,0.027,84.47454125971251,91.74268976069298,242,2019,84.47454125971251
2019-08-30,Aqua,0.0251,0.1169,0.039,45.85418200315538,80.4096570984824,242,2019,45.85418200315538
2019-08-31,Aqua,0.014,0.0659,0.0249,71.14947214359151,90.46783673944402,243,2019,71.14947214359151
2019-08-31,Terra,0.0154,0.0646,0.0286,81.88667017566054,91.74268976069298,243,2019,81.88667017566054
2019-09-01,Terra,0.0657,0.1574,0.0704,13.698043455307861,47.01594119514921,244,2019,13.698043455307861
2019-09-01,Aqua,0.0171,0.0344,0.0309,74.91644706436158,95.30971401094655,244,2019,74.91644706436158
2019-09-02,Aqua,0.0146,0.1073,0.0273,83.72436794877906,90.76883667035696,245,2019,83.72436794877906
2019-09-02,Terra,0.0211,0.1027,0.0345,54.12318578967683,77.69240618787214,245,2019,54.12318578967683
2019-09-03,Aqua,0.0179,0.094,0.0307,63.218677448694336,86.96371786755412,246,2019,63.218677448694336
2019-09-03,Terra,0.0175,0.0532,0.0278,49.27695135604683,78.10101140709098,246,2019,49.27695135604683
2019-09-04,Terra,0.0215,0.1357,0.035,53.35594036315071,70.7928090034134,247,2019,53.35594036315071
2019-09-04,Aqua,0.0278,0.1665,0.0434,46.56476913479845,70.50649761012959,247,2019,46.56476913479845
2019-09-05,Aqua,0.0276,0.1123,0.0403,37.463472773564554,73.1772487667919,248,2019,37.463472773564554
2019-09-05,Terra,0.0158,0.1068,0.0257,53.21490083096624,72.01725377648482,248,2019,53.21490083096624
2019-09-06,Terra,0.0135,0.0859,0.0217,51.20217231630767,70.00138740498443,249,2019,51.20217231630767
2019-09-06,Aqua,0.0265,0.1234,0.0437,55.64292868743838,68.52580990185929,249,2019,55.64292868743838
2019-09-11,Terra,0.0206,0.147,0.0332,51.64293215670929,41.504972983759465,254,2019,51.64293215670929
2019-09-12,Terra,0.0096,0.0641,0.0175,77.0809215354388,52.4163050586696,255,2019,77.0809215354388
2019-09-12,Aqua,0.0116,0.0885,0.0216,82.59500191042112,51.33036330317466,255,2019,82.59500191042112
2019-09-14,Terra,0.0307,0.2003,0.0401,26.077956590127005,59.88721919475769,257,2019,26.077956590127005
2019-09-21,Terra,0.0128,0.061,0.0202,48.231134757875175,43.892535767260085,264,2019,48.231134757875175
2019-09-21,Aqua,0.01425,0.0797,0.0226,49.01455140416228,43.638972678255485,264,2019,49.01455140416228
2019-09-24,Aqua,0.026,0.1739,0.0402,45.126006321343155,40.99453892054656,267,2019,45.126006321343155
2019-09-25,Aqua,0.0163,0.1043,0.0233,34.96273404132726,41.20605414293586,268,2019,34.96273404132726
2019-09-25,Terra,0.0188,0.0767,0.028,39.95615317649676,40.6949735143925,268,2019,39.95615317649676
2019-09-28,Aqua,0.0726,0.0775,0.0946,25.873476436201422,64.9297381408461,271,2019,25.873476436201422
2019-09-30,Terra,0.0114,0.1184,0.0221,94.15121143023043,46.07115801009543,273,2019,94.15121143023043
2019-10-01,Terra,0.0097,0.1344,0.0165,61.549958630978445,40.800549223274686,274,2019,61.549958630978445
2019-10-01,Aqua,0.0279,0.1065,0.0394,33.60857535262423,38.10732377452422,274,2019,33.60857535262423
2019-10-05,Terra,0.0494,0.125,0.0552,15.698187218318152,66.45594319385977,278,2019,15.698187218318152
2019-10-05,Aqua,0.0144,0.1006,0.0271,85.49604590298394,45.57628014501258,278,2019,85.49604590298394
2019-10-06,Aqua,0.0277,0.1595,0.0423,43.340615813295535,38.206465614292625,279,2019,43.340615813295535
2019-10-06,Terra,0.0204,0.1137,0.032,47.29374241834222,40.33478445071654,279,2019,47.29374241834222
2019-10-07,Terra,0.0126,0.0982,0.0211,58.49481394666848,40.33139008256393,280,2019,58.49481394666848
2019-10-07,Aqua,0.0156,0.0764,0.0221,33.95649805624762,38.61439508596679,280,2019,33.95649805624762
2019-10-09,Terra,0.0288,0.0601,0.0371,24.927879496728874,59.9411934189468,282,2019,24.927879496728874
2019-10-09,Aqua,0.0131,0.0547,0.0229,67.26096904363146,45.370458538998555,282,2019,67.26096904363146
2019-10-10,Aqua,0.0223,0.104,0.0344,44.78972094528612,39.85712548050779,283,2019,44.78972094528612
2019-10-10,Terra,0.0097,0.0467,0.0168,65.263590119393,45.52114988216178,283,2019,65.263590119393
2019-10-11,Aqua,0.0789,0.246,0.0829,12.850646813912478,47.97397760723592,284,2019,12.850646813912478
2019-10-14,Terra,0.017,0.0502,0.0214,23.126909377749225,57.19078240843494,287,2019,23.126909377749225
2019-10-14,Aqua,0.0156,0.0728,0.0226,36.51858169508982,39.19114014122523,287,2019,36.51858169508982
2019-10-24,Aqua,0.0203,0.139,0.0314,45.187164700809824,41.56953189860077,297,2019,45.187164700809824
2019-10-24,Terra,0.0224,0.1085,0.0345,44.56144614326283,40.811975705551006,297,2019,44.56144614326283
2019-10-27,Aqua,0.0148,0.091,0.0229,45.23460433690397,55.88973589636614,300,2019,45.23460433690397
2019-10-27,Terra,0.0287,0.099,0.0323,16.06780039747581,60.92615125795251,300,2019,16.06780039747581
2019-10-28,Aqua,0.0292,0.1029,0.0344,18.642862252714206,57.17527189659394,301,2019,18.642862252714206
2019-10-28,Terra,0.0271,0.0753,0.0314,17.662536732780186,57.856150805459535,301,2019,17.662536732780186
2019-10-29,Terra,0.0295,0.1262,0.0384,25.787362163329345,60.28201964740162,302,2019,25.787362163329345
2019-10-29,Aqua,0.037,0.0886,0.0411,15.398798564764899,48.312419824128824,302,2019,15.398798564764899
2019-10-30,Terra,0.018,0.0575,0.0254,33.525442741939706,60.64913107267092,303,2019,33.525442741939706
2019-10-30,Aqua,0.0222,0.1123,0.0259,18.061887109260887,56.62278546458511,303,2019,18.061887109260887
2019-11-01,Aqua,0.0181,0.0837,0.0237,26.286471783341607,59.93236385903348,305,2019,26.286471783341607
2019-11-01,Terra,0.0279,0.0836,0.0321,17.262566732507963,61.01836418152246,305,2019,17.262566732507963
2019-11-02,Terra,0.0198,0.0906,0.0243,21.29487369224801,56.85972428672838,306,2019,21.29487369224801
2019-11-02,Aqua,0.0334,0.1664,0.0387,17.663084316079786,58.043208621221616,306,2019,17.663084316079786
2019-11-03,Aqua,0.0233,0.0908,0.0306,26.5427081019414,59.93236385903348,307,2019,26.5427081019414
2019-11-03,Terra,0.0409,0.2658,0.0458,15.807872608657018,61.13003833606789,307,2019,15.807872608657018
2019-11-04,Terra,0.0236,0.1026,0.0273,17.568938659177682,57.427379581911666,308,2019,17.568938659177682
2019-11-04,Aqua,0.0317,0.1176,0.0372,18.40820857487673,57.42304887962916,308,2019,18.40820857487673
2019-11-06,Aqua,0.0433,0.1071,0.0547,23.394141074262656,57.01297606230657,310,2019,23.394141074262656
2019-11-06,Terra,0.0198,0.0842,0.0227,17.06466269072951,60.51063410833803,310,2019,17.06466269072951
2019-11-08,Terra,0.0545,0.2247,0.0517,9.217584513029504,49.74279749443995,312,2019,9.217584513029504
2019-11-09,Terra,0.059,0.2856,0.065,14.991701628449908,47.3558734314303,313,2019,14.991701628449908
2019-11-11,Aqua,0.0566,0.1714,0.0563,10.75446801037935,49.24374052905357,315,2019,10.75446801037935
2019-11-11,Terra,0.0265,0.0995,0.0322,20.61546030340977,56.38640000675673,315,2019,20.61546030340977
2019-11-13,Aqua,0.0462,0.1172,0.0456,10.486599881970974,49.89904538524806,317,2019,10.486599881970974
2019-11-16,Aqua,0.0567,0.1831,0.0501,7.317225024948226,49.80947651776373,320,2019,7.317225024948226
2019-11-20,Aqua,0.0429,0.1335,0.0479,15.658993423305104,52.00452630990151,324,2019,15.658993423305104
2019-11-20,Terra,0.0308,0.0826,0.0314,11.650280798566637,48.19007851791392,324,2019,11.650280798566637
2019-11-21,Aqua,0.0391,0.0752,0.0392,11.03316324223976,49.02941771563056,325,2019,11.03316324223976
2019-11-21,Terra,0.0508,0.1579,0.05,10.391521542708244,49.80947651776373,325,2019,10.391521542708244
2019-11-22,Aqua,0.029,0.0924,0.0335,17.489694595476955,56.818264721445956,326,2019,17.489694595476955
2019-11-22,Terra,0.0357,0.0757,0.0345,9.79068371974057,49.694409933771446,326,2019,9.79068371974057
2019-11-23,Aqua,0.065,0.1938,0.0557,6.623099249596864,49.68892142120673,327,2019,6.623099249596864
2019-11-24,Aqua,0.0152,0.0375,0.0187,21.464045151951034,56.38655621289691,328,2019,21.464045151951034
2019-11-28,Aqua,0.1074,0.171,0.1165,14.25402639572051,48.26978797047978,332,2019,14.25402639572051
2019-11-28,Terra,0.0252,0.1605,0.0239,9.210915158753503,48.950141869498715,332,2019,9.210915158753503
2019-11-29,Aqua,0.0414,0.1069,0.0448,14.14305418675912,46.667444372938235,333,2019,14.14305418675912
2019-11-29,Terra,0.0446,0.0692,0.0443,10.704416672533991,48.935160883169246,333,2019,10.704416672533991
2019-11-30,Terra,0.0531,0.0975,0.0547,12.050712904420157,47.51362623397749,334,2019,12.050712904420157
2019-12-02,Terra,0.0442,0.2139,0.0498,16.126423391743934,60.23710274927975,336,2019,16.126423391743934
2019-12-02,Aqua,0.0724,0.2391,0.0745,12.00792621295633,48.33974485961359,336,2019,12.00792621295633
2019-12-03,Terra,0.0832,0.218,0.0801,9.67108623036574,49.96919871661012,337,2019,9.67108623036574
2019-12-05,Aqua,0.0359,0.1195,0.037,12.070077692067866,46.50327771802226,339,2019,12.070077692067866
2019-12-05,Terra,0.0494,0.064,0.0494,10.941912809157849,48.6793132778029,339,2019,10.941912809157849
2019-12-09,Aqua,0.0838,0.2365,0.0876,12.63907335058572,47.96339194200538,343,2019,12.63907335058572
2019-12-16,Aqua,0.0366,0.0878,0.0409,15.701724420006903,60.34745586284527,350,2019,15.701724420006903
2019-12-26,Aqua,0.0602,0.2671,0.0724,19.937288495453718,57.66561597648436,360,2019,19.937288495453718
2019-12-28,Terra,0.0526,0.0732,0.042,5.263980651749689,49.332823609419236,362,2019,5.263980651749689
2020-01-25,Terra,0.0468,0.078,0.0488,12.536717599765337,44.94836552476046,25,2020,12.536717599765337
2020-02-10,Terra,0.0235,0.0811,0.0261,15.391024269058956,46.973963728666085,41,2020,15.391024269058956
2020-02-10,Aqua,0.0307,0.0904,0.0411,28.25238383207329,59.46980055484229,41,2020,28.25238383207329
2020-02-12,Terra,0.0328,0.0702,0.037,16.189424186811806,59.093850046558906,43,2020,16.189424186811806
2020-02-12,Aqua,0.0245,0.0806,0.0383,46.770119108768384,69.11005101128887,43,2020,46.770119108768384
2020-02-13,Terra,0.0566,0.1652,0.0618,14.561473019021468,45.824424785625055,44,2020,14.561473019021468
2020-02-18,Aqua,0.0185,0.0773,0.0294,49.33928406149419,69.12603884919763,49,2020,49.33928406149419
2020-02-18,Terra,0.0217,0.1343,0.0364,58.81526110269843,63.676880801570825,49,2020,58.81526110269843
2020-02-19,Aqua,0.018,0.072,0.031,64.07821428642654,68.63028681679779,50,2020,64.07821428642654
2020-02-19,Terra,0.0132,0.089,0.0225,61.964397764128606,64.17283135551779,50,2020,61.964397764128606
2020-02-20,Aqua,0.031,0.1416,0.0436,33.166846313204104,52.49770786103217,51,2020,33.166846313204104
2020-02-21,Aqua,0.0198,0.0962,0.0319,51.586758170179856,66.70058876075389,52,2020,51.586758170179856
2020-02-21,Terra,0.0176,0.0747,0.026,38.91126782038348,70.01411237623084,52,2020,38.91126782038348
2020-02-22,Terra,0.0207,0.1065,0.0279,28.879056297769864,61.372565315471775,53,2020,28.879056297769864
2020-02-25,Aqua,0.0339,0.1093,0.0458,29.10302781347507,61.22335033942624,56,2020,29.10302781347507
2020-02-25,Terra,0.0211,0.0997,0.034,51.61417430625972,66.70058876075389,56,2020,51.61417430625972
2020-02-26,Aqua,0.0213,0.0723,0.0328,44.5358198370627,70.32532613296056,57,2020,44.5358198370627
2020-02-27,Aqua,0.0333,0.1559,0.0438,26.675057211247843,59.137020563909275,58,2020,26.675057211247843
2020-02-27,Terra,0.0259,0.0984,0.0383,39.03916864747251,69.37172995874609,58,2020,39.03916864747251
2020-02-28,Aqua,0.0289,0.1043,0.0338,18.207437605235246,54.907539266956775,59,2020,18.207437605235246
2020-02-28,Terra,0.0221,0.0833,0.0301,29.877583919854043,58.62741646614556,59,2020,29.877583919854043
2020-03-01,Aqua,0.0392,0.0758,0.0439,15.81216720703858,58.94062437539331,61,2020,15.81216720703858
2020-03-01,Terra,0.0569,0.0755,0.0651,16.951090840067078,59.8176093833116,61,2020,16.951090840067078
2020-03-04,Terra,0.0587,0.118,0.0604,12.006230022690122,46.753620474156726,64,2020,12.006230022690122
2020-03-04,Aqua,0.0192,0.1025,0.0272,33.95649805624762,68.58968103573417,64,2020,33.95649805624762
2020-03-05,Terra,0.0259,0.0892,0.0357,31.062322436738516,52.47613674975853,65,2020,31.062322436738516
2020-03-05,Aqua,0.0167,0.066,0.0265,49.101165399784925,69.12603884919763,65,2020,49.101165399784925
2020-03-09,Terra,0.0985,0.2023,0.0993,11.233508760124122,49.30013825139942,69,2020,11.233508760124122
2020-03-10,Terra,0.0206,0.0767,0.0281,30.026675386857193,58.62741646614556,70,2020,30.026675386857193
2020-03-10,Aqua,0.015,0.0716,0.0242,51.81846721380316,66.70058876075389,70,2020,51.81846721380316
2020-03-12,Terra,0.0201,0.1184,0.0309,44.29248303975217,70.32532613296056,72,2020,44.29248303975217
2020-03-12,Aqua,0.0199,0.075,0.0298,40.66930149361266,70.59693231526036,72,2020,40.66930149361266
2020-03-15,Terra,0.0153,0.0772,0.0263,63.68372026299661,68.63028681679779,75,2020,63.68372026299661
2020-03-16,Terra,0.0316,0.1235,0.0438,31.629887546207687,52.33816674622371,76,2020,31.629887546207687
2020-03-16,Aqua,0.0287,0.1744,0.0405,33.528433428414395,67.81802076974597,76,2020,33.528433428414395
2020-03-17,Aqua,0.0154,0.078,0.0236,43.84013897142773,71.00478577529104,77,2020,43.84013897142773
2020-03-17,Terra,0.0183,0.0637,0.0235,24.674498497721853,59.094006882060334,77,2020,24.674498497721853
2020-03-18,Aqua,0.0322,0.1589,0.044,30.19748967081872,57.96761641256746,78,2020,30.19748967081872
2020-03-19,Aqua,0.0166,0.0957,0.024,36.27859406022707,71.25854311956596,79,2020,36.27859406022707
2020-03-19,Terra,0.022,0.1089,0.0304,31.315070159300546,52.47613674975853,79,2020,31.315070159300546
2020-03-20,Aqua,0.0208,0.1368,0.0304,37.579849121280525,69.92907438676876,80,2020,37.579849121280525
2020-03-21,Aqua,0.0168,0.0995,0.025,39.845788740160806,70.01411237623084,81,2020,39.845788740160806
2020-03-21,Terra,0.0232,0.0975,0.0358,44.83718153260859,69.70910507186511,81,2020,44.83718153260859
2020-03-22,Aqua,0.0142,0.0847,0.0224,48.16556055128351,69.68205899860395,82,2020,48.16556055128351
2020-03-22,Terra,0.0157,0.0844,0.0215,30.41120691335167,58.1128121643156,82,2020,30.41120691335167
2020-04-05,Aqua,0.0367,0.0571,0.0405,15.073589508196717,46.27811217815151,96,2020,15.073589508196717
2020-04-05,Terra,0.0453,0.0998,0.054,19.371336269807053,56.122889384550135,96,2020,19.371336269807053
2020-04-07,Aqua,0.0176,0.0533,0.0265,41.39735168348192,71.19381761659089,98,2020,41.39735168348192
2020-04-07,Terra,0.0217,0.0797,0.0284,26.244948170724175,59.2980751879861,98,2020,26.244948170724175
2020-04-08,Terra,0.0281,0.11,0.0401,34.772107733121146,69.64923991097187,99,2020,34.772107733121146
2020-04-08,Aqua,0.06,0.1648,0.063,12.822946969098775,45.55610735177121,99,2020,12.822946969098775
2020-04-09,Terra,0.018,0.055,0.0246,30.212368527036435,58.449707289985625,100,2020,30.212368527036435
2020-04-09,Aqua,0.0186,0.0829,0.0245,26.79981701876159,59.91991630966961,100,2020,26.79981701876159
2020-04-10,Aqua,0.0337,0.1277,0.0451,28.2192367382961,59.81183452655868,101,2020,28.2192367382961
2020-04-10,Terra,0.0208,0.1055,0.0286,30.815466451623013,52.52484085943799,101,2020,30.815466451623013
2020-04-11,Aqua,0.0188,0.0891,0.0262,32.19283773625729,52.684666021700416,102,2020,32.19283773625729
2020-04-11,Terra,0.0197,0.1049,0.0308,46.78826059523335,71.80053228902605,102,2020,46.78826059523335
2020-04-12,Aqua,0.0304,0.1734,0.0387,23.98612397339334,56.06708790548199,103,2020,23.98612397339334
2020-04-12,Terra,0.0184,0.0772,0.0238,25.26186242293178,59.433730130669204,103,2020,25.26186242293178
2020-04-13,Terra,0.0251,0.1462,0.035,32.25336051882044,52.57929807128473,104,2020,32.25336051882044
2020-04-13,Aqua,0.0143,0.0693,0.0229,50.58245926737702,72.32368158960057,104,2020,50.58245926737702
2020-04-14,Terra,0.0255,0.0778,0.031,20.64813139821438,55.81516304300012,105,2020,20.64813139821438
2020-04-14,Aqua,0.0264,0.0997,0.0347,26.61435026114158,59.2959158139375,105,2020,26.61435026114158
2020-04-16,Terra,0.0247,0.0757,0.0322,25.913100415130025,59.2959158139375,107,2020,25.913100415130025
2020-04-16,Aqua,0.0271,0.0773,0.0351,25.37154505791037,59.2959158139375,107,2020,25.37154505791037
2020-04-17,Aqua,0.0273,0.1756,0.0401,38.195776413648176,71.26641946839898,108,2020,38.195776413648176
2020-04-17,Terra,0.0264,0.1353,0.0375,34.25258995495322,70.89324274292058,108,2020,34.25258995495322
2020-04-19,Aqua,0.0321,0.0996,0.0422,26.6306680531341,59.10410777215166,110,2020,26.6306680531341
2020-04-20,Aqua,0.0172,0.0914,0.0246,35.02517659028684,73.87781580735502,111,2020,35.02517659028684
2020-04-20,Terra,0.0257,0.1108,0.0356,31.565979876628617,51.966118081244225,111,2020,31.565979876628617
2020-04-21,Aqua,0.0282,0.0786,0.0375,27.64119822261861,59.587612654518026,112,2020,27.64119822261861
2020-04-28,Terra,0.0335,0.1166,0.0418,22.472625189523256,54.86712082109101,119,2020,22.472625189523256
2020-05-04,Aqua,0.0202,0.0514,0.0277,30.545739789531723,52.79443257300003,125,2020,30.545739789531723
2020-05-05,Aqua,0.1165,0.1857,0.1462,22.895475682021175,55.74144176662244,126,2020,22.895475682021175
2020-05-07,Aqua,0.0278,0.0929,0.034,21.055974800861524,54.889631202679624,128,2020,21.055974800861524
2020-05-07,Terra,0.0236,0.1155,0.0319,29.149452056889785,61.187940096712275,128,2020,29.149452056889785
2020-05-08,Aqua,0.0167,0.1125,0.0255,43.32864795233978,101.93950588033066,129,2020,43.32864795233978
2020-05-08,Terra,0.0202,0.0743,0.0315,46.39573889305587,100.25226331102641,129,2020,46.39573889305587
2020-05-09,Aqua,0.0349,0.0846,0.0448,24.644187480516813,58.265745597297446,130,2020,24.644187480516813
2020-05-15,Aqua,0.0153,0.0686,0.0276,74.49992018119916,105.55031204527494,136,2020,74.49992018119916
2020-05-15,Terra,0.026,0.1834,0.0404,45.860063513180755,107.33843810534205,136,2020,45.860063513180755
2020-05-23,Aqua,0.0389,0.0824,0.0526,29.18383542936607,62.50875912035428,144,2020,29.18383542936607
2020-05-24,Terra,0.0302,0.1331,0.0443,38.02887421814481,110.35096261356495,145,2020,38.02887421814481
2020-05-27,Aqua,0.0467,0.0887,0.0591,23.529596363334676,56.40501539307972,148,2020,23.529596363334676
2020-05-27,Terra,0.0216,0.0435,0.0342,48.75061151144598,113.49167356397822,148,2020,48.75061151144598
2020-05-28,Terra,0.0145,0.0793,0.0266,78.68244865267664,105.59277395860111,149,2020,78.68244865267664
2020-05-28,Aqua,0.0239,0.0769,0.039,53.77183552382881,100.01949080385779,149,2020,53.77183552382881
2020-05-29,Terra,0.0362,0.0752,0.0507,32.71666870458463,53.85919617788714,150,2020,32.71666870458463
2020-06-01,Aqua,0.0245,0.0971,0.0378,44.81391628046616,116.90777195211703,153,2020,44.81391628046616
2020-06-01,Terra,0.0266,0.1034,0.0369,31.714704853990728,54.566926922133426,153,2020,31.714704853990728
2020-06-02,Terra,0.0177,0.0873,0.0311,68.38970707286317,101.31581124873644,154,2020,68.38970707286317
2020-06-04,Aqua,0.0225,0.1175,0.0397,69.32838480964841,104.2466560099649,156,2020,69.32838480964841
2020-06-18,Aqua,0.0273,0.169,0.0462,60.529600187109565,99.7704305379379,170,2020,60.529600187109565
2020-06-18,Terra,0.0167,0.1506,0.032,90.655400711895,103.10333964101017,170,2020,90.655400711895
2020-06-19,Terra,0.0203,0.1697,0.0344,60.79440482281524,98.98402038067941,171,2020,60.79440482281524
2020-06-21,Aqua,0.0218,0.0656,0.0284,25.855532236551905,61.126960413132615,173,2020,25.855532236551905
2020-06-21,Terra,0.0217,0.2478,0.0404,82.54917554689507,105.50027408492736,173,2020,82.54917554689507
2020-06-22,Aqua,0.0148,0.1072,0.0283,90.04070031215997,103.20239507421435,174,2020,90.04070031215997
2020-06-22,Terra,0.007,0.0792,0.0168,188.49805230205965,100.89085809344685,174,2020,188.49805230205965
2020-06-23,Aqua,0.0158,0.0818,0.0244,44.95068253216892,120.08256267785278,175,2020,44.95068253216892
2020-06-25,Aqua,0.0142,0.0913,0.0248,67.05942125806195,103.91995850055656,177,2020,67.05942125806195
2020-06-25,Terra,0.0164,0.1127,0.0305,82.26190541302311,105.98450768967695,177,2020,82.26190541302311
2020-06-26,Terra,0.0173,0.1788,0.0337,95.64054419800742,105.98450768967695,178,2020,95.64054419800742
2020-06-26,Aqua,0.0232,0.2113,0.0352,42.43966517185989,123.07857490738462,178,2020,42.43966517185989
2020-06-27,Aqua,0.0158,0.1214,0.0344,137.32230471259885,105.10746021624232,179,2020,137.32230471259885
2020-07-02,Aqua,0.0144,0.0908,0.0256,71.04629577751638,106.96222845144015,184,2020,71.04629577751638
2020-07-02,Terra,0.0206,0.1122,0.0347,59.62240884206506,103.52451432007342,184,2020,59.62240884206506
2020-07-03,Terra,0.0248,0.082,0.0341,30.815466451623013,54.7417232822761,185,2020,30.815466451623013
2020-07-03,Aqua,0.0272,0.14,0.0421,45.28184564802276,122.7089149187221,185,2020,45.28184564802276
2020-07-04,Aqua,0.022,0.1539,0.0423,91.6683306058669,107.48022018788558,186,2020,91.6683306058669
2020-07-05,Terra,0.0697,0.093,0.075,13.886089189668436,47.63282897584076,187,2020,13.886089189668436
2020-07-05,Aqua,0.0414,0.144,0.0551,27.71768447355812,62.25655482108961,187,2020,27.71768447355812
2020-07-06,Aqua,0.0314,0.1502,0.0516,55.01517182041994,108.681933338084,188,2020,55.01517182041994
2020-07-08,Aqua,0.021,0.1438,0.0384,77.861072810971,111.03507554545625,190,2020,77.861072810971
2020-07-08,Terra,0.0103,0.1219,0.0207,105.85128184296532,106.1672230723609,190,2020,105.85128184296532
2020-07-10,Terra,0.0126,0.1072,0.0232,79.63288644062604,106.04182969138864,192,2020,79.63288644062604
2020-07-10,Aqua,0.0232,0.219,0.0404,66.42486535767719,104.0056484444314,192,2020,66.42486535767719
2020-07-11,Aqua,0.0139,0.0753,0.0257,80.71380571475152,106.04182969138864,193,2020,80.71380571475152
2020-07-11,Terra,0.0189,0.1265,0.0335,70.36109934334249,103.0730982672909,193,2020,70.36109934334249
2020-07-13,Terra,0.0172,0.1484,0.032,82.36391838880267,103.92567248567741,195,2020,82.36391838880267
2020-07-13,Aqua,0.018,0.1244,0.032,71.04629577751638,104.74063312115128,195,2020,71.04629577751638
2020-07-14,Aqua,0.0294,0.0659,0.0352,19.648820417498,59.0466769995522,196,2020,19.648820417498
2020-07-14,Terra,0.0135,0.0512,0.0251,82.19047292112842,103.92567248567741,196,2020,82.19047292112842
2020-07-15,Terra,0.0067,0.0781,0.016,185.46593940972753,101.52384419398295,197,2020,185.46593940972753
2020-07-15,Aqua,0.0145,0.0848,0.0269,81.60451914957093,103.92567248567741,197,2020,81.60451914957093
2020-07-16,Terra,0.0182,0.1737,0.0328,74.26870416186216,106.16287320674478,198,2020,74.26870416186216
2020-07-16,Aqua,0.0147,0.1006,0.0249,60.712355941958556,99.51409208913086,198,2020,60.712355941958556
2020-07-17,Aqua,0.0199,0.1291,0.0364,77.94060985204682,109.04296657593964,199,2020,77.94060985204682
2020-07-18,Terra,0.0174,0.1025,0.0326,84.2642558041155,102.89933752671679,200,2020,84.2642558041155
2020-07-18,Aqua,0.0119,0.0662,0.024,107.07165432377938,102.57440025520619,200,2020,107.07165432377938
2020-07-19,Terra,0.0125,0.0771,0.0224,72.9109851272422,107.1116596568311,201,2020,72.9109851272422
2020-07-19,Aqua,0.0255,0.0646,0.0369,36.3827760545463,124.7909549949195,201,2020,36.3827760545463
2020-07-20,Terra,0.0181,0.1291,0.0324,72.65403018204678,106.95820888244593,202,2020,72.65403018204678
2020-07-20,Aqua,0.019,0.1288,0.0355,83.51462510962467,105.47275927685465,202,2020,83.51462510962467
2020-07-21,Terra,0.0338,0.126,0.0477,33.53560120994041,116.85290223127082,203,2020,33.53560120994041
2020-07-21,Aqua,0.0333,0.1593,0.0486,37.40631986329147,119.78341288686414,203,2020,37.40631986329147
2020-07-22,Terra,0.0195,0.1336,0.0371,88.57949774190261,105.30099002765056,204,2020,88.57949774190261
2020-07-22,Aqua,0.0178,0.1124,0.0344,93.20513729824972,103.71725749019471,204,2020,93.20513729824972
2020-07-23,Terra,0.0193,0.2105,0.0337,67.01387871916876,100.89586410632337,205,2020,67.01387871916876
2020-07-23,Aqua,0.0185,0.0914,0.0292,48.25631748117269,113.9465770427494,205,2020,48.25631748117269
2020-07-24,Aqua,0.022,0.1719,0.0362,55.248720613973724,103.4357261596446,206,2020,55.248720613973724
2020-07-25,Aqua,0.0109,0.0863,0.023,124.02869470603802,101.95138815035641,207,2020,124.02869470603802
2020-07-25,Terra,0.0124,0.0845,0.0257,117.00224621064733,101.95138815035641,207,2020,117.00224621064733
2020-07-26,Terra,0.0135,0.0854,0.0251,82.19047292112842,104.46494400642625,208,2020,82.19047292112842
2020-07-26,Aqua,0.0194,0.0855,0.0343,69.78894177047721,104.21282988604283,208,2020,69.78894177047721
2020-07-27,Terra,0.0225,0.2115,0.0417,81.34178621278572,105.75002138842066,209,2020,81.34178621278572
2020-07-28,Aqua,0.0286,0.0757,0.0389,29.74575739512557,64.45584630962719,210,2020,29.74575739512557
2020-07-28,Terra,0.0139,0.1086,0.0272,97.06178293339995,104.46494400642625,210,2020,97.06178293339995
2020-07-29,Aqua,0.0233,0.1043,0.0401,63.93410468901224,104.13943899328567,211,2020,63.93410468901224
2020-07-30,Terra,0.0171,0.0979,0.0306,72.57731155440217,107.67360285914151,212,2020,72.57731155440217
2020-07-30,Aqua,0.0212,0.0847,0.0321,42.159244843912624,112.92516342495446,212,2020,42.159244843912624
2020-07-31,Aqua,0.0221,0.1302,0.0368,57.42893623600133,100.20397841532537,213,2020,57.42893623600133
2020-07-31,Terra,0.0102,0.105,0.021,114.49596069111259,101.25399143290122,213,2020,114.49596069111259
2020-08-01,Aqua,0.0136,0.0558,0.0244,73.19149925170795,107.44837615344174,214,2020,73.19149925170795
2020-08-01,Terra,0.0227,0.1504,0.036,49.00833884922641,107.65639298199137,214,2020,49.00833884922641
2020-08-02,Aqua,0.0168,0.101,0.0335,103.19275955508252,103.31908107062051,215,2020,103.19275955508252
2020-08-03,Aqua,0.0134,0.1045,0.0227,60.73010628377733,93.2628373878093,216,2020,60.73010628377733
2020-08-03,Terra,0.014,0.0761,0.0277,100.61140452342799,103.31908107062051,216,2020,100.61140452342799
2020-08-04,Terra,0.0196,0.0762,0.0286,37.3833424395486,100.21029210134088,217,2020,37.3833424395486
2020-08-04,Aqua,0.022,0.0537,0.0347,48.146496016332236,100.23013914600237,217,2020,48.146496016332236
2020-08-05,Aqua,0.0215,0.1305,0.0391,76.48967019071159,106.99350810918203,218,2020,76.48967019071159
2020-08-05,Terra,0.02,0.1204,0.0361,74.64482788690984,107.27478265918496,218,2020,74.64482788690984
2020-08-07,Aqua,0.0172,0.1483,0.031,74.2858266462593,104.31126425366563,220,2020,74.2858266462593
2020-08-07,Terra,0.0177,0.1455,0.0321,75.80186457784227,104.31126425366563,220,2020,75.80186457784227
2020-08-08,Aqua,0.0153,0.1955,0.0252,55.42405259280212,90.54286140533196,221,2020,55.42405259280212
2020-08-09,Terra,0.0101,0.097,0.0194,91.36868874722623,101.7699908631053,222,2020,91.36868874722623
2020-08-09,Aqua,0.0153,0.1047,0.0317,116.87652170719822,100.12774716212559,222,2020,116.87652170719822
2020-08-10,Terra,0.0198,0.2126,0.0333,59.318223333142626,89.46967440535799,223,2020,59.318223333142626
2020-08-10,Aqua,0.0124,0.0621,0.0238,91.14658841717778,101.7699908631053,223,2020,91.14658841717778
2020-08-11,Aqua,0.0173,0.1527,0.0327,86.71753440678606,101.7699908631053,224,2020,86.71753440678606
2020-08-11,Terra,0.0132,0.0765,0.024,76.43186215074498,103.72551861078139,224,2020,76.43186215074498
2020-08-13,Terra,0.0197,0.1038,0.0283,35.53055743276167,98.50644014903878,226,2020,35.53055743276167
2020-08-13,Aqua,0.0257,0.1829,0.0398,45.36217902971673,95.88282040900464,226,2020,45.36217902971673
2020-08-14,Aqua,0.0165,0.09,0.0318,92.37481549392298,102.39204652198796,227,2020,92.37481549392298
2020-08-14,Terra,0.0176,0.1422,0.0318,74.88957680193896,104.35351322398058,227,2020,74.88957680193896
2020-08-15,Aqua,0.0163,0.0718,0.0282,65.03140829046562,99.58629188339972,228,2020,65.03140829046562
2020-08-17,Terra,0.0176,0.108,0.0312,70.39214494144001,100.45588418538156,230,2020,70.39214494144001
2020-08-17,Aqua,0.0117,0.0784,0.0243,117.80117545334161,101.2274900232486,230,2020,117.80117545334161
2020-08-18,Terra,0.0144,0.0784,0.025,65.77370433823025,99.53879011621088,231,2020,65.77370433823025
2020-08-19,Terra,0.0188,0.1213,0.0323,63.57908545096231,98.41977149021831,232,2020,63.57908545096231
2020-08-19,Aqua,0.0057,0.1316,0.0154,277.03886320787717,100.896337665135,232,2020,277.03886320787717
2020-08-20,Terra,0.0121,0.0891,0.0239,100.05614772579584,102.4277821970399,233,2020,100.05614772579584
2020-08-22,Terra,0.0205,0.0742,0.0326,49.44583189980826,87.3789281749371,235,2020,49.44583189980826
2020-08-22,Aqua,0.021,0.0477,0.0321,43.4787820664599,91.04469617179767,235,2020,43.4787820664599
2020-08-23,Terra,0.0213,0.1607,0.0378,70.64041288710558,99.30756458366909,236,2020,70.64041288710558
2020-08-23,Aqua,0.0155,0.1049,0.029,83.8853045854692,99.86396172974075,236,2020,83.8853045854692
2020-08-24,Aqua,0.0247,0.061,0.0376,42.89845313906323,88.83490146344842,237,2020,42.89845313906323
2020-08-24,Terra,0.0134,0.0819,0.0228,61.60428260161723,84.53898543982095,237,2020,61.60428260161723
2020-08-25,Terra,0.0128,0.1033,0.0239,83.33548565777524,93.1427517511926,238,2020,83.33548565777524
2020-08-26,Terra,0.0164,0.0733,0.0299,77.11585661189014,94.45134209632614,239,2020,77.11585661189014
2020-08-26,Aqua,0.0115,0.0918,0.0222,92.86850097572797,93.1427517511926,239,2020,92.86850097572797
2020-08-27,Terra,0.0126,0.1032,0.0245,95.07779598980662,93.95907769735616,240,2020,95.07779598980662
2020-08-27,Aqua,0.0117,0.1062,0.0253,134.30593615903072,93.13591237930443,240,2020,134.30593615903072
2020-08-28,Terra,0.0177,0.1059,0.0312,69.10728679269535,91.30865827848719,241,2020,69.10728679269535
2020-08-28,Aqua,0.0084,0.0675,0.0174,116.79091685372101,93.13591237930443,241,2020,116.79091685372101
2020-08-29,Terra,0.0238,0.0732,0.0342,35.56487230257882,82.75931407258221,242,2020,35.56487230257882
2020-08-30,Aqua,0.0155,0.1724,0.0279,73.97462499465365,94.43686603203417,243,2020,73.97462499465365
2020-08-30,Terra,0.019,0.1233,0.0354,82.75215108295141,93.14291216581476,243,2020,82.75215108295141
2020-08-31,Aqua,0.0235,0.0356,0.0375,50.004107823554016,86.4391319406272,244,2020,50.004107823554016
2020-08-31,Terra,0.0301,0.1599,0.0423,33.07982398281186,52.72403522838947,244,2020,33.07982398281186
2020-09-01,Terra,0.0169,0.1127,0.0289,62.61847244842828,86.96371786755412,245,2020,62.61847244842828
2020-09-02,Aqua,0.1512,0.1593,0.2023,28.197579855502955,62.24108926238052,246,2020,28.197579855502955
2020-09-03,Aqua,0.0234,0.1226,0.0375,50.70225395220055,71.90867549124958,247,2020,50.70225395220055
2020-09-03,Terra,0.0147,0.118,0.0276,84.84880011656196,84.00440743553936,247,2020,84.84880011656196
2020-09-04,Aqua,0.0145,0.0849,0.0254,67.71647376803774,81.31168316560262,248,2020,67.71647376803774
2020-09-04,Terra,0.0254,0.1224,0.0406,50.277729355162386,71.17630184277648,248,2020,50.277729355162386
2020-09-05,Terra,0.0164,0.097,0.0287,67.50000863923965,77.42681837713926,249,2020,67.50000863923965
2020-09-05,Aqua,0.019,0.0955,0.0307,52.07540401622055,69.32657456891616,249,2020,52.07540401622055
2020-09-07,Aqua,0.022,0.1045,0.0363,55.74649458644529,55.843493308945575,251,2020,55.74649458644529
2020-09-27,Aqua,0.0158,0.0611,0.0229,36.57181163450545,39.38912555666913,271,2020,36.57181163450545
2020-09-27,Terra,0.0187,0.135,0.0289,45.05968004763791,41.09589050314242,271,2020,45.05968004763791
2020-09-28,Aqua,0.0147,0.1068,0.0248,59.92316557149849,40.79700200619469,272,2020,59.92316557149849
2020-09-28,Terra,0.013,0.0794,0.0194,40.21369637974035,38.45345215128507,272,2020,40.21369637974035
2020-09-29,Aqua,0.0181,0.0694,0.0258,34.642987120898425,38.95030254213323,273,2020,34.642987120898425
2020-09-29,Terra,0.0278,0.114,0.0384,31.27653399945532,58.19363461031113,273,2020,31.27653399945532
2020-09-30,Aqua,0.0167,0.0545,0.0248,39.57954118536847,38.45345215128507,274,2020,39.57954118536847
2020-09-30,Terra,0.0187,0.057,0.027,36.12113643156565,39.38912555666913,274,2020,36.12113643156565
2020-10-01,Aqua,0.0344,0.1296,0.045,26.20479081266482,63.99356862809016,275,2020,26.20479081266482
2020-10-02,Terra,0.0245,0.1041,0.0335,30.261291938707657,61.88630356172326,276,2020,30.261291938707657
2020-10-02,Aqua,0.0194,0.033,0.0269,31.668633330454696,58.307055572620754,276,2020,31.668633330454696
2020-10-03,Aqua,0.0344,0.1771,0.0437,23.82248425778367,64.3010227678237,277,2020,23.82248425778367
2020-10-03,Terra,0.0226,0.0931,0.029,24.614126944400816,64.31226792504008,277,2020,24.614126944400816
2020-10-04,Aqua,0.0129,0.0855,0.0192,39.869896867764325,38.11969864438051,278,2020,39.869896867764325
2020-10-04,Terra,0.0182,0.0923,0.0268,38.50634552131706,38.11969864438051,278,2020,38.50634552131706
2020-10-05,Aqua,0.0668,0.1579,0.071,13.341236763496934,55.384328894300886,279,2020,13.341236763496934
2020-10-06,Aqua,0.0212,0.1253,0.0281,27.350601507350998,60.85902538475987,280,2020,27.350601507350998
2020-10-06,Terra,0.03,0.1058,0.0394,26.544588335354643,60.37338395055321,280,2020,26.544588335354643
2020-10-08,Aqua,0.0274,0.228,0.0435,49.178161302555814,37.43733262970127,282,2020,49.178161302555814
2020-10-08,Terra,0.0463,0.147,0.0553,19.494793964410434,57.571500954961145,282,2020,19.494793964410434
2020-10-09,Aqua,0.0231,0.1053,0.033,34.89308418506132,38.75342445830301,283,2020,34.89308418506132
2020-10-09,Terra,0.0288,0.1026,0.0377,26.26268818606376,59.74834369908685,283,2020,26.26268818606376
2020-10-15,Aqua,0.0138,0.1036,0.0206,40.25278027279363,38.59341499030511,289,2020,40.25278027279363
2020-10-15,Terra,0.0235,0.1145,0.0301,24.468809060236296,59.87836536432973,289,2020,24.468809060236296
2020-10-16,Terra,0.0151,0.0452,0.0198,26.408466862029112,59.87836536432973,290,2020,26.408466862029112
2020-10-16,Aqua,0.0137,0.066,0.0188,30.616457866095697,53.425891352707964,290,2020,30.616457866095697
2020-10-20,Terra,0.0423,0.1256,0.0341,5.430115290833164,49.79917849199908,294,2020,5.430115290833164
2020-10-22,Aqua,0.0478,0.11,0.0494,12.17825300572206,46.18403877046623,296,2020,12.17825300572206
2020-10-22,Terra,0.0337,0.0694,0.0391,17.740261364052156,56.54140377373034,296,2020,17.740261364052156
2020-10-25,Aqua,0.018,0.087,0.0269,40.40121231953127,54.834230261104395,299,2020,40.40121231953127
2020-10-25,Terra,0.0244,0.0419,0.0287,18.547705893498296,57.08447365503112,299,2020,18.547705893498296
2020-10-26,Aqua,0.0274,0.166,0.0376,30.616457866095697,53.76793702651373,300,2020,30.616457866095697
2020-10-26,Terra,0.0319,0.1206,0.0389,20.85591149173568,57.09784786824121,300,2020,20.85591149173568
2020-10-27,Aqua,0.0251,0.0648,0.0264,12.89427175001866,46.887515586898076,301,2020,12.89427175001866
2020-10-27,Terra,0.0226,0.0508,0.0281,22.216083651409583,57.28637504987504,301,2020,22.216083651409583
2020-10-28,Terra,0.0257,0.075,0.0331,24.91173208010292,59.93236385903348,302,2020,24.91173208010292
2020-10-28,Aqua,0.031,0.0853,0.0337,14.355396779097129,47.06220315196646,302,2020,14.355396779097129
2020-10-29,Terra,0.0253,0.0405,0.0324,24.4552304826372,59.93236385903348,303,2020,24.4552304826372
2020-10-29,Aqua,0.0236,0.0988,0.0276,18.204469193275273,56.62278546458511,303,2020,18.204469193275273
2020-10-31,Terra,0.0394,0.1181,0.0453,17.223987320135983,61.63040547894815,305,2020,17.223987320135983
2020-10-31,Aqua,0.0348,0.0939,0.0391,15.98105003146879,61.11810386665992,305,2020,15.98105003146879
2020-11-01,Terra,0.025,0.0479,0.0276,15.093929102947891,47.063264288842994,306,2020,15.093929102947891
2020-11-01,Aqua,0.0282,0.0993,0.0281,10.816258267448184,48.87662020364658,306,2020,10.816258267448184
2020-11-02,Terra,0.0424,0.1631,0.0467,14.979324663812053,47.35725172695485,307,2020,14.979324663812053
2020-11-02,Aqua,0.0346,0.1351,0.041,18.999651854958003,57.361226652650046,307,2020,18.999651854958003
2020-11-21,Terra,0.0383,0.0915,0.0368,9.609008812169165,49.694409933771446,326,2020,9.609008812169165
2020-11-21,Aqua,0.0208,0.0877,0.0251,20.157661192032098,56.46821545774872,326,2020,20.157661192032098
2020-11-29,Aqua,0.0439,0.1358,0.0361,5.7924752921252685,49.694409933771446,334,2020,5.7924752921252685
2020-11-29,Terra,0.0174,0.0722,0.0194,15.585807953588965,48.00297761268711,334,2020,15.585807953588965
2020-12-01,Aqua,0.0376,0.0875,0.0422,15.92456971546579,60.33559803536859,336,2020,15.92456971546579
2020-12-01,Terra,0.0071,0.0345,0.0124,67.05942125806195,69.66457134038224,336,2020,67.05942125806195
2020-12-02,Aqua,0.0367,0.1176,0.0359,10.185262581600204,49.694409933771446,337,2020,10.185262581600204
2020-12-02,Terra,0.0421,0.0784,0.0408,9.881049716286864,49.65422783859922,337,2020,9.881049716286864
2020-12-04,Aqua,0.0306,0.0711,0.0316,12.147893969791445,45.78339439591554,339,2020,12.147893969791445
2020-12-04,Terra,0.046,0.1578,0.0501,14.442896839227965,46.58082573849496,339,2020,14.442896839227965
2020-12-05,Aqua,0.0454,0.0883,0.043,9.170679370839384,49.65422783859922,340,2020,9.170679370839384
2020-12-05,Terra,0.0275,0.054,0.0306,15.48534690646245,47.370587229430534,340,2020,15.48534690646245
2020-12-06,Aqua,0.0497,0.0789,0.0441,7.418027332582502,49.65422783859922,341,2020,7.418027332582502
2020-12-07,Aqua,0.0408,0.0633,0.0403,10.511911501538078,49.65422783859922,342,2020,10.511911501538078
2020-12-08,Terra,0.0287,0.0616,0.0329,17.0587018978075,60.279092192759876,343,2020,17.0587018978075
2020-12-12,Aqua,0.0248,0.0399,0.0203,5.706461149330489,49.09164049760477,347,2020,5.706461149330489
2020-12-12,Terra,0.0451,0.1058,0.0249,1.5860239325196908,48.950141869498715,347,2020,1.5860239325196908
2020-12-23,Terra,0.0283,0.0154,0.0357,23.28621418498162,22.88026454124603,358,2020,23.28621418498162
2020-12-23,Aqua,0.033,0.0713,0.0386,18.214869099667524,56.15161559239691,358,2020,18.214869099667524
2020-12-27,Aqua,0.0701,0.1318,0.0786,15.874566362884567,60.415178299655665,362,2020,15.874566362884567
2020-12-27,Terra,0.0631,0.1201,0.0626,10.662514272414237,49.120915211870226,362,2020,10.662514272414237
2020-12-28,Terra,0.0341,0.0233,0.0443,25.62189097370887,29.62191464000095,363,2020,25.62189097370887
2020-12-28,Aqua,0.0461,0.0541,0.0515,15.685754942292439,59.89486127285219,363,2020,15.685754942292439
2021-01-13,Terra,0.059,0.0674,0.0508,6.7265315639394885,49.243764605216846,13,2021,6.7265315639394885
2021-01-13,Aqua,0.0597,0.0807,0.0655,14.791653342559444,46.79688940881865,13,2021,14.791653342559444
2021-01-14,Terra,0.062,0.186,0.0659,13.342419285406747,46.99476619587111,14,2021,13.342419285406747
2021-01-14,Aqua,0.059,0.1107,0.0661,15.832422387743739,60.43952573666182,14,2021,15.832422387743739
2021-01-16,Aqua,0.0507,0.0991,0.0592,18.11157609753155,56.16683890586616,16,2021,18.11157609753155
2021-01-17,Aqua,0.0706,0.1145,0.0721,11.716023638979747,47.89229273730688,17,2021,11.716023638979747
2021-01-18,Aqua,0.0411,0.0899,0.0537,26.10265901277185,58.90114811860668,18,2021,26.10265901277185
2021-01-18,Terra,0.0443,0.0632,0.0524,18.88899800564848,55.23877529693776,18,2021,18.88899800564848
2021-01-19,Aqua,0.0762,0.1109,0.075,10.391521542708233,48.90507968121438,19,2021,10.391521542708233
2021-01-19,Terra,0.057,0.1383,0.0624,14.686028946092398,46.032988574269915,19,2021,14.686028946092398
2021-01-23,Terra,0.0463,0.0817,0.0525,16.46449544263156,58.93043775404495,23,2021,16.46449544263156
2021-01-23,Aqua,0.0554,0.1196,0.061,14.964646174431042,45.74280666758202,23,2021,14.964646174431042
2021-02-09,Terra,0.0463,0.0614,0.0477,12.054735779330898,45.09062251842379,40,2021,12.054735779330898
2021-02-10,Aqua,0.0491,0.1201,0.051,12.379534963194873,44.94836552476046,41,2021,12.379534963194873
2021-02-10,Terra,0.0124,0.0652,0.0215,65.4981620666237,69.25483936206271,41,2021,65.4981620666237
2021-02-24,Aqua,0.0208,0.1051,0.0362,66.30157857718456,69.04282848659697,55,2021,66.30157857718456
2021-02-28,Aqua,0.0132,0.0957,0.0247,83.92093463167758,71.11633813504176,59,2021,83.92093463167758
2021-02-28,Terra,0.008,0.1301,0.0126,47.921295596565066,69.68205899860395,59,2021,47.921295596565066
2021-03-03,Aqua,0.0342,0.0908,0.0442,25.193308657806583,58.65402750014394,62,2021,25.193308657806583
2021-03-03,Terra,0.0332,0.1938,0.0396,19.409303992017485,55.705504488839566,62,2021,19.409303992017485
2021-03-11,Aqua,0.015,0.087,0.0258,63.80977484086665,68.63028681679779,70,2021,63.80977484086665
2021-03-11,Terra,0.0128,0.0967,0.0204,49.80116530232323,69.12603884919763,70,2021,49.80116530232323
2021-03-12,Aqua,0.0252,0.1188,0.0369,37.810009556163614,69.28708310060128,71,2021,37.810009556163614
2021-03-12,Terra,0.0145,0.1108,0.0219,41.81565140016984,69.58671641545908,71,2021,41.81565140016984
2021-03-13,Terra,0.0228,0.0281,0.0328,35.69553847844028,79.67167448930914,72,2021,35.69553847844028
2021-03-16,Terra,0.01,0.038,0.0175,67.50000863923972,69.37127972386305,75,2021,67.50000863923972
2021-03-16,Aqua,0.0209,0.0785,0.03,35.43884099016761,71.25854311956596,75,2021,35.43884099016761
2021-03-17,Aqua,0.0336,0.1279,0.0441,26.489864299616855,58.90252594692974,76,2021,26.489864299616855
2021-03-23,Aqua,0.0197,0.1176,0.0303,44.36349574615808,70.32532613296056,82,2021,44.36349574615808
2021-03-27,Aqua,0.0137,0.1103,0.0224,54.11946271355356,62.9842093370393,86,2021,54.11946271355356
2021-03-27,Terra,0.0177,0.1014,0.0254,35.408470437583425,71.25854311956596,86,2021,35.408470437583425
2021-03-30,Aqua,0.0246,0.1537,0.036,37.736926484913894,69.17268542921018,89,2021,37.736926484913894
2021-03-30,Terra,0.0194,0.0552,0.0266,30.534652270382832,53.2020875669332,89,2021,30.534652270382832
2021-03-31,Terra,0.0234,0.0904,0.0346,39.02783940567666,68.80288355083303,90,2021,39.02783940567666
2021-03-31,Aqua,0.02,0.0993,0.0274,30.45261745501365,58.1128121643156,90,2021,30.45261745501365
2021-04-01,Terra,0.0184,0.0916,0.0242,26.66860071580433,59.5788043836159,91,2021,26.66860071580433
2021-04-01,Aqua,0.0235,0.1338,0.0328,32.3529161416347,52.63588785150454,91,2021,32.3529161416347
2021-04-05,Terra,0.0188,0.0485,0.0275,37.68256650557191,71.31091157762386,95,2021,37.68256650557191
2021-04-05,Aqua,0.0176,0.0773,0.0247,32.93413164095256,53.121172561441156,95,2021,32.93413164095256
2021-04-06,Aqua,0.03,0.1087,0.0428,34.74204323982918,68.81887945930403,96,2021,34.74204323982918
2021-04-06,Terra,0.0242,0.0941,0.0302,22.482739270491635,56.42358571347508,96,2021,22.482739270491635
2021-04-07,Terra,0.0276,0.0782,0.0371,28.6274080488127,61.580527305459505,97,2021,28.6274080488127
2021-04-09,Terra,0.0229,0.0577,0.0316,31.174882486931484,52.52484085943799,99,2021,31.174882486931484
2021-04-09,Aqua,0.013,0.0898,0.0216,57.02400769782538,66.07321249171045,99,2021,57.02400769782538
2021-04-11,Terra,0.027,0.1523,0.0381,33.525442741939706,69.52851409788694,101,2021,33.525442741939706
2021-04-11,Aqua,0.0313,0.1826,0.0411,26.52919476115784,59.2416991397017,101,2021,26.52919476115784
2021-04-12,Aqua,0.0222,0.0969,0.0291,26.37917695362578,59.433730130669204,102,2021,26.37917695362578
2021-04-13,Terra,0.0236,0.0804,0.0319,29.149452056889785,61.74518804255633,103,2021,29.149452056889785
2021-04-13,Aqua,0.0315,0.0809,0.04,23.791550621632663,56.06708790548199,103,2021,23.791550621632663
2021-04-14,Terra,0.0257,0.1471,0.0327,23.94615674553042,56.119832249249896,104,2021,23.94615674553042
2021-04-14,Aqua,0.0167,0.071,0.0244,37.54135455357175,72.28419177714134,104,2021,37.54135455357175
2021-04-15,Aqua,0.0251,0.1082,0.036,35.347110278888145,72.92713654663929,105,2021,35.347110278888145
2021-04-15,Terra,0.0156,0.1031,0.0231,39.211511557078104,72.37064945985384,105,2021,39.211511557078104
2021-04-16,Aqua,0.015,0.0522,0.0242,51.81846721380316,69.53532221954669,106,2021,51.81846721380316
2021-04-16,Terra,0.0225,0.084,0.0358,49.53355716953459,71.89562718649827,106,2021,49.53355716953459
2021-04-17,Aqua,0.0198,0.121,0.0298,41.3409427679386,71.93610945184501,107,2021,41.3409427679386
2021-04-17,Terra,0.0182,0.0935,0.02495,30.516199560857853,53.37660570303422,107,2021,30.516199560857853
2021-04-18,Aqua,0.0313,0.1387,0.0433,31.430783277094534,52.4196329335349,108,2021,31.430783277094534
2021-04-18,Terra,0.0314,0.1011,0.0406,25.231101300309444,59.10410777215166,108,2021,25.231101300309444
2021-04-19,Terra,0.0298,0.0995,0.0379,23.911817315177398,55.93323605336437,109,2021,23.911817315177398
2021-04-20,Aqua,0.0338,0.1201,0.0407,20.01739901759595,55.858197377672894,110,2021,20.01739901759595
2021-04-20,Terra,0.0309,0.1338,0.0432,32.5276065784139,52.57929807128473,110,2021,32.5276065784139
2021-04-21,Aqua,0.0205,0.0998,0.0268,26.151260043424713,59.01854949062627,111,2021,26.151260043424713
2021-04-21,Terra,0.023,0.0953,0.0298,25.400167594347785,59.01854949062627,111,2021,25.400167594347785
2021-04-22,Terra,0.0167,0.0932,0.0249,40.10080524865385,73.4150617124851,112,2021,40.10080524865385
2021-04-22,Aqua,0.0278,0.0995,0.0398,35.138537664112505,73.1422685056325,112,2021,35.138537664112505
2021-04-27,Terra,0.0243,0.1,0.035,35.83551730784839,94.66733895980579,117,2021,35.83551730784839
2021-04-28,Terra,0.0203,0.05,0.0297,37.70671384718492,96.5034822382752,118,2021,37.70671384718492
2021-04-29,Aqua,0.0316,0.0922,0.0409,25.314321799288553,58.299441100467796,119,2021,25.314321799288553
2021-05-04,Aqua,0.0325,0.1025,0.0425,26.175673167530093,58.299441100467796,124,2021,26.175673167530093
2021-05-04,Terra,0.0284,0.1134,0.0409,35.82028115656565,99.1680859975236,124,2021,35.82028115656565
2021-05-05,Terra,0.0301,0.1002,0.0377,22.750820882085197,54.86712082109101,125,2021,22.750820882085197
2021-05-10,Aqua,0.0261,0.0701,0.0398,43.14054346952307,106.28233017519256,130,2021,43.14054346952307
2021-05-10,Terra,0.0181,0.0776,0.0261,35.969955216260104,105.25422682718393,130,2021,35.969955216260104
2021-05-11,Aqua,0.013,0.0557,0.0222,62.3371163084858,100.24166646048374,131,2021,62.3371163084858
2021-05-11,Terra,0.0217,0.1012,0.0331,43.18115907137038,105.65041880469104,131,2021,43.18115907137038
2021-05-12,Aqua,0.04065,0.04515,0.05015,21.659750649648053,54.76410889882465,132,2021,21.659750649648053
2021-05-13,Aqua,0.0294,0.2098,0.044,40.59087101906997,107.65393065307272,133,2021,40.59087101906997
2021-05-14,Aqua,0.0346,0.096,0.0419,20.38950846854182,55.794429524575115,134,2021,20.38950846854182
2021-05-14,Terra,0.0469,0.0745,0.0544,17.724224731076585,54.62870227531462,134,2021,17.724224731076585
2021-05-15,Aqua,0.0314,0.083,0.0387,21.59028517658342,55.50393093855166,135,2021,21.59028517658342
2021-05-15,Terra,0.0203,0.0872,0.0279,30.770619839221688,53.56332809378107,135,2021,30.770619839221688
2021-05-16,Terra,0.0234,0.159,0.0374,50.263965149482175,106.89205395214076,136,2021,50.263965149482175
2021-05-16,Aqua,0.0232,0.08,0.0313,28.970546732624545,62.4096764631067,136,2021,28.970546732624545
2021-05-17,Terra,0.0337,0.1304,0.0422,22.735104439321262,55.59502523498529,137,2021,22.735104439321262
2021-05-17,Aqua,0.0279,0.0659,0.0366,26.445788954915628,59.05167114689872,137,2021,26.445788954915628
2021-05-26,Terra,0.0152,0.087,0.0259,61.89373438585021,96.7008441740568,146,2021,61.89373438585021
2021-05-26,Aqua,0.0264,0.163,0.0426,51.850119633011694,108.09251872403563,146,2021,51.850119633011694
2021-05-28,Terra,0.0567,0.1017,0.0651,17.146271473684674,59.918544512835155,148,2021,17.146271473684674
2021-05-28,Aqua,0.0409,0.1252,0.0374,8.180339842531636,47.671506005474725,148,2021,8.180339842531636
2021-05-29,Terra,0.17,0.2563,0.1778,12.660168126976638,46.52186890933569,149,2021,12.660168126976638
2021-05-30,Terra,0.0585,0.1725,0.0653,15.64482571701583,50.826486317242875,150,2021,15.64482571701583
2021-05-31,Terra,0.022,0.091,0.033,40.89158595002345,117.24336802676689,151,2021,40.89158595002345
2021-06-01,Terra,0.0246,0.1292,0.0418,61.33328806249745,99.38674435531138,152,2021,61.33328806249745
2021-06-01,Aqua,0.0165,0.0411,0.0294,71.57263781928228,112.43204892645281,152,2021,71.57263781928228
2021-06-02,Terra,0.0199,0.0775,0.0321,51.790484266043485,114.46656488779212,153,2021,51.790484266043485
2021-06-02,Aqua,0.0322,0.1597,0.0484,41.167495839264895,116.39069233619644,153,2021,41.167495839264895
2021-06-03,Aqua,0.0169,0.0996,0.0272,51.41583801583511,115.10084056125012,154,2021,51.41583801583511
2021-06-03,Terra,0.0228,0.1435,0.0391,63.1981237539848,103.1720541389778,154,2021,63.1981237539848
2021-06-04,Aqua,0.0378,0.1052,0.0507,28.424808146124967,60.255113518013694,155,2021,28.424808146124967
2021-06-04,Terra,0.041,0.0905,0.0444,14.177130354775187,45.42800529139344,155,2021,14.177130354775187
2021-06-16,Terra,0.0139,0.0849,0.0255,78.6893679695867,105.33171885457482,167,2021,78.6893679695867
2021-06-16,Aqua,0.027,0.1225,0.0431,50.06033111322804,118.67750548272465,167,2021,50.06033111322804
2021-06-17,Terra,0.0264,0.1392,0.0428,52.64578852682274,107.48257418391042,168,2021,52.64578852682274
2021-06-17,Aqua,0.0173,0.0352,0.0299,64.81927858029296,105.99457262427349,168,2021,64.81927858029296
2021-06-18,Aqua,0.0294,0.151,0.0473,51.35106092804879,116.22429265578893,169,2021,51.35106092804879
2021-06-18,Terra,0.0169,0.0586,0.0279,55.84405411752502,100.49084566866904,169,2021,55.84405411752502
2021-06-19,Terra,0.0192,0.0725,0.0333,65.56008925342609,100.95107275955452,170,2021,65.56008925342609
2021-06-19,Aqua,0.0137,0.0642,0.0267,95.78880138728407,103.10333964101017,170,2021,95.78880138728407
2021-06-20,Terra,0.0207,0.127,0.0327,48.388828554811646,116.91299827172804,171,2021,48.388828554811646
2021-06-20,Aqua,0.0304,0.2634,0.0486,50.30422373889223,116.49321582977768,171,2021,50.30422373889223
2021-06-21,Terra,0.0284,0.1533,0.0462,53.23386762528223,105.2926597153405,172,2021,53.23386762528223
2021-06-21,Aqua,0.035,0.2605,0.0539,44.544649903733465,122.01197009356869,172,2021,44.544649903733465
2021-06-23,Aqua,0.0273,0.1009,0.0462,60.529600187109565,100.11806423093958,174,2021,60.529600187109565
2021-06-23,Terra,0.0169,0.1113,0.0277,54.55294451344963,100.81536640169173,174,2021,54.55294451344963
2021-06-24,Aqua,0.0374,0.0584,0.0507,29.42521124363184,66.9418584697397,175,2021,29.42521124363184
2021-06-24,Terra,0.0357,0.1691,0.0485,29.632389659533114,66.66139857281591,175,2021,29.632389659533114
2021-06-25,Terra,0.0114,0.0803,0.0246,133.39963543685482,104.52670706708528,176,2021,133.39963543685482
2021-06-25,Aqua,0.0262,0.1633,0.0449,63.05782343680639,105.99028091674928,176,2021,63.05782343680639
2021-06-26,Terra,0.0234,0.0776,0.0413,69.39392068963754,106.51988756053335,177,2021,69.39392068963754
2021-06-26,Aqua,0.0182,0.0946,0.0335,79.5470705752703,108.24364251872062,177,2021,79.5470705752703
2021-06-27,Aqua,0.0326,0.1052,0.0493,41.989195612892765,123.32919166713391,178,2021,41.989195612892765
2021-06-27,Terra,0.0199,0.0702,0.0326,54.459684666150565,104.03296157969412,178,2021,54.459684666150565
2021-06-28,Aqua,0.0164,0.0663,0.0357,137.24317844074167,106.52776568601757,179,2021,137.24317844074167
2021-06-28,Terra,0.0223,0.0794,0.0416,83.08663297365418,107.32898758530423,179,2021,83.08663297365418
2021-06-29,Terra,0.0208,0.1838,0.0319,43.95057916556804,121.92848749271418,180,2021,43.95057916556804
2021-06-29,Aqua,0.0684,0.0911,0.0832,20.68614941221281,60.202732686753016,180,2021,20.68614941221281
2021-06-30,Terra,0.0288,0.1769,0.0491,62.0017148373167,103.42676709992766,181,2021,62.0017148373167
2021-06-30,Aqua,0.0323,0.1152,0.0493,43.27052092677256,122.96741427351758,181,2021,43.27052092677256
2021-07-01,Aqua,0.0426,0.1602,0.0521,21.055029481287225,58.425918252662285,182,2021,21.055029481287225
2021-07-02,Terra,0.0209,0.1029,0.0343,54.779992269373345,105.4736153056172,183,2021,54.779992269373345
2021-07-02,Aqua,0.0282,0.1126,0.0449,49.64371595622854,121.01110902326869,183,2021,49.64371595622854
2021-07-03,Aqua,0.0234,0.0585,0.0387,56.17010637718547,108.74138020236532,184,2021,56.17010637718547
2021-07-03,Terra,0.022,0.0948,0.0371,59.84107170914855,104.98250708552384,184,2021,59.84107170914855
2021-07-04,Terra,0.0204,0.105,0.03,38.34170965486325,123.77376202271887,185,2021,38.34170965486325
2021-07-04,Aqua,0.0279,0.1502,0.0482,64.7308973000435,105.5735954443412,185,2021,64.7308973000435
2021-07-05,Terra,0.0232,0.0882,0.0388,58.24652568985279,105.40555534667803,186,2021,58.24652568985279
2021-07-05,Aqua,0.0159,0.0991,0.032,106.343540158936,106.1672230723609,186,2021,106.343540158936
2021-07-06,Aqua,0.0405,0.0668,0.047,17.75301320531192,58.17825584679321,187,2021,17.75301320531192
2021-07-07,Terra,0.0225,0.1229,0.04,71.04629577751638,109.45397778032788,188,2021,71.04629577751638
2021-07-07,Aqua,0.0267,0.1142,0.0418,46.992053934395216,123.36417930049177,188,2021,46.992053934395216
2021-07-08,Aqua,0.0488,0.1738,0.0585,19.72852169527641,59.14727025911381,189,2021,19.72852169527641
2021-07-09,Terra,0.0255,0.1316,0.0407,50.03812004883224,122.961251127213,190,2021,50.03812004883224
2021-07-09,Aqua,0.0255,0.1256,0.0432,60.74034046646129,105.78853475152327,190,2021,60.74034046646129
2021-07-10,Terra,0.0256,0.1252,0.0412,51.40623542273821,119.75792167088872,191,2021,51.40623542273821
2021-07-10,Aqua,0.0372,0.0684,0.046,21.823252842690135,58.77564527060371,191,2021,21.823252842690135
2021-07-11,Terra,0.0192,0.0763,0.0278,36.45294999950302,121.64141666320234,192,2021,36.45294999950302
2021-07-11,Aqua,0.0301,0.1581,0.0474,47.896650303542486,118.58765300313455,192,2021,47.896650303542486
2021-07-12,Terra,0.0386,0.1818,0.0506,26.383758656077433,62.04011541670834,193,2021,26.383758656077433
2021-07-12,Aqua,0.0217,0.072,0.0335,44.90101625609579,117.80339525546604,193,2021,44.90101625609579
2021-07-13,Terra,0.024,0.0968,0.0336,32.67472499688112,54.90488387163697,194,2021,32.67472499688112
2021-07-13,Aqua,0.031,0.0943,0.0484,46.578274285995434,118.0043149977714,194,2021,46.578274285995434
2021-07-14,Terra,0.0376,0.1366,0.0534,34.23363726324684,124.76874804385038,195,2021,34.23363726324684
2021-07-14,Aqua,0.0241,0.0781,0.0389,51.899397941909214,120.16160878580678,195,2021,51.899397941909214
2021-07-15,Aqua,0.057,0.0708,0.0644,16.272434279887896,61.552418886755085,196,2021,16.272434279887896
2021-07-15,Terra,0.064,0.0907,0.0761,19.213776036297357,60.25741822731392,196,2021,19.213776036297357
2021-07-16,Aqua,0.033,0.2092,0.0481,37.24957165776619,123.75837823837973,197,2021,37.24957165776619
2021-07-16,Terra,0.027,0.1236,0.0425,47.829756763073256,120.10920855389323,197,2021,47.829756763073256
2021-07-17,Aqua,0.035,0.0679,0.0469,28.337403105539508,62.783092071536984,198,2021,28.337403105539508
2021-07-17,Terra,0.0328,0.1352,0.0429,26.19093938124432,62.04011541670834,198,2021,26.19093938124432
2021-07-18,Aqua,0.0267,0.1519,0.0435,53.49529634686908,106.22865119490368,199,2021,53.49529634686908
2021-07-18,Terra,0.0139,0.0761,0.0239,63.740378123804135,102.0185744674144,199,2021,63.740378123804135
2021-07-19,Aqua,0.0232,0.079,0.035,41.66064659826148,116.54137511314372,200,2021,41.66064659826148
2021-07-19,Terra,0.0293,0.0772,0.0414,33.66919394046451,119.23784936848769,200,2021,33.66919394046451
2021-07-20,Terra,0.0218,0.0977,0.0327,40.891585950023426,117.93700449950626,201,2021,40.891585950023426
2021-07-20,Aqua,0.0279,0.0782,0.0409,37.949899389822235,119.91366458800168,201,2021,37.949899389822235
2021-07-21,Aqua,0.0177,0.07,0.0299,60.17653133587265,97.99972388000313,202,2021,60.17653133587265
2021-07-22,Aqua,0.0358,0.1157,0.0466,25.78614237598957,61.234810387643385,203,2021,25.78614237598957
2021-07-23,Aqua,0.0311,0.1467,0.0421,29.29011816062754,65.4321959188345,204,2021,29.29011816062754
2021-07-23,Terra,0.024,0.1121,0.0361,41.26205973308931,119.5997163905163,204,2021,41.26205973308931
2021-07-24,Aqua,0.0478,0.0793,0.0561,18.415278035669413,57.87902548853454,205,2021,18.415278035669413
2021-07-25,Aqua,0.0248,0.0916,0.0396,50.10907606774103,115.89385362989287,206,2021,50.10907606774103
2021-07-25,Terra,0.0261,0.1294,0.0404,45.29122557096576,116.4890614510015,206,2021,45.29122557096576
2021-07-26,Aqua,0.0275,0.1426,0.0375,29.995102183783413,61.74887765833644,207,2021,29.995102183783413
2021-07-26,Terra,0.0574,0.1627,0.0528,8.339491225040891,49.45391378869278,207,2021,8.339491225040891
2021-07-28,Terra,0.0325,0.252,0.0498,43.825273313930644,116.47117686274363,209,2021,43.825273313930644
2021-07-29,Terra,0.0163,0.0938,0.0237,36.95226091841505,117.27764705351618,210,2021,36.95226091841505
2021-08-01,Terra,0.0395,0.1408,0.0545,31.162703203871335,56.208253227036856,213,2021,31.162703203871335
2021-08-02,Aqua,0.0344,0.0616,0.0479,32.10465787922437,55.299627412838646,214,2021,32.10465787922437
2021-08-02,Terra,0.0238,0.1883,0.0366,44.339497768929476,108.31638940366184,214,2021,44.339497768929476
2021-08-03,Aqua,0.0477,0.1051,0.0601,23.19474884069167,58.14521615478508,215,2021,23.19474884069167
2021-08-04,Aqua,0.0267,0.0925,0.0431,51.912396574525594,98.28350512357399,216,2021,51.912396574525594
2021-08-05,Terra,0.0117,0.0895,0.013,15.41233808379968,47.032174259766485,217,2021,15.41233808379968
2021-08-07,Terra,0.0173,0.1554,0.0271,47.0829677209319,97.07737063877403,219,2021,47.0829677209319
2021-08-08,Terra,0.0576,0.2586,0.0727,23.326371288413352,58.652255011932915,220,2021,23.326371288413352
2021-08-08,Aqua,0.037,0.1893,0.0496,28.374586521841767,61.756953468184214,220,2021,28.374586521841767
2021-08-09,Terra,0.029,0.1803,0.0452,46.319820021049075,94.20006597533089,221,2021,46.319820021049075
2021-08-09,Aqua,0.0657,0.1382,0.0709,14.016898309502148,47.13441212037609,221,2021,14.016898309502148
2021-08-10,Terra,0.0259,0.1212,0.0392,42.101565698441334,97.17284655843635,222,2021,42.101565698441334
2021-08-10,Aqua,0.0485,0.1287,0.0515,13.29971173500505,47.07303422113148,222,2021,13.29971173500505
2021-08-11,Terra,0.0263,0.1042,0.0383,37.141495296148676,100.92344617732023,223,2021,37.141495296148676
2021-08-11,Aqua,0.0224,0.0993,0.0321,35.24886703600644,98.50644014903878,223,2021,35.24886703600644
2021-08-13,Aqua,0.0198,0.1357,0.0293,39.1279501883477,96.49926661162289,225,2021,39.1279501883477
2021-08-16,Terra,0.03065,0.0872,0.0407,27.513558497481256,61.30957261013199,228,2021,27.513558497481256
2021-08-16,Aqua,0.0249,0.1001,0.0367,38.622788304013426,99.04565125020984,228,2021,38.622788304013426
2021-08-18,Terra,0.0225,0.0917,0.0335,39.91492572614502,96.93287939659453,230,2021,39.91492572614502
2021-08-18,Aqua,0.0783,0.174,0.0869,15.354813191219616,49.30342254131359,230,2021,15.354813191219616
2021-08-19,Aqua,0.0318,0.1055,0.0439,31.21827720121044,53.89273766485327,231,2021,31.21827720121044
2021-08-22,Terra,0.1949,0.2873,0.2034,12.571035594029452,47.729303831040596,234,2021,12.571035594029452
2021-08-22,Aqua,0.0247,0.1265,0.034,30.926233006674487,51.93643769828835,234,2021,30.926233006674487
2021-08-23,Terra,0.0227,0.087,0.0343,41.875848626521986,89.7189199530889,235,2021,41.875848626521986
2021-08-23,Aqua,0.0275,0.1104,0.039,34.07472123736988,92.79038562121829,235,2021,34.07472123736988
2021-08-24,Terra,0.0592,0.1882,0.0586,10.585437735123238,48.21629586121963,236,2021,10.585437735123238
2021-08-25,Aqua,0.0256,0.1662,0.035,30.249820595966472,58.09313408006234,237,2021,30.249820595966472
2021-08-27,Terra,0.0184,0.0701,0.0295,50.77396408783083,81.16577946179387,239,2021,50.77396408783083
2021-08-27,Aqua,0.018,0.0703,0.0266,38.95453765263834,83.12099148996514,239,2021,38.95453765263834
2021-08-30,Terra,0.0154,0.1425,0.0256,57.113236888351565,79.98511279970998,242,2021,57.113236888351565
2021-08-30,Aqua,0.0245,0.0825,0.0352,35.545555111219045,83.39761090744648,242,2021,35.545555111219045
2021-08-31,Terra,0.0305,0.1323,0.0398,25.995548634884106,60.03631574830448,243,2021,25.995548634884106
2021-08-31,Aqua,0.0168,0.0838,0.0287,62.413230311242465,87.91699502854541,243,2021,62.413230311242465
2021-09-02,Terra,0.0676,0.1959,0.0702,12.37043080028126,46.281931896827196,245,2021,12.37043080028126
2021-09-04,Aqua,0.0311,0.1426,0.0459,38.79248209754345,71.93487069166763,247,2021,38.79248209754345
2021-09-05,Aqua,0.0104,0.1028,0.0181,66.30157857718456,81.00197845870738,248,2021,66.30157857718456
2021-09-05,Terra,0.0586,0.1994,0.0633,14.061592378285946,46.60183285107947,248,2021,14.061592378285946
2021-09-06,Terra,0.0166,0.067,0.0259,46.47656428490354,70.08987997682436,249,2021,46.47656428490354
2021-09-06,Aqua,0.0279,0.1238,0.039,32.51181475712627,52.48923136643144,249,2021,32.51181475712627
2021-09-08,Terra,0.0202,0.0843,0.0307,42.67298551160602,54.66244981194436,251,2021,42.67298551160602
2021-09-08,Aqua,0.0269,0.08,0.0376,32.50576948041741,52.18037021336886,251,2021,32.50576948041741
2021-09-12,Terra,0.0257,0.1226,0.0345,28.50361507959439,61.69340031949822,255,2021,28.50361507959439
2021-09-13,Terra,0.0266,0.0737,0.0354,27.71153611870769,60.90404776626557,256,2021,27.71153611870769
2021-09-13,Aqua,0.0294,0.144,0.0387,26.741793721627577,60.37525291829511,256,2021,26.741793721627577
2021-09-14,Aqua,0.0165,0.0873,0.0239,36.49948040609683,43.39049816625075,257,2021,36.49948040609683
2021-09-14,Terra,0.0343,0.1383,0.0456,27.618147287146588,60.383804236708016,257,2021,27.618147287146588
2021-09-15,Aqua,0.02785,0.1252,0.0348,22.577612919687468,57.32231608168173,258,2021,22.577612919687468
2021-09-15,Terra,0.0159,0.0838,0.0255,50.82677675426634,45.606413567497796,258,2021,50.82677675426634
2021-09-16,Aqua,0.0203,0.1114,0.0315,45.65674540298694,45.643831344803175,259,2021,45.65674540298694
2021-09-16,Terra,0.03,0.0914,0.0423,33.43968874334189,52.69943384725464,259,2021,33.43968874334189
2021-09-20,Aqua,0.0283,0.139,0.0367,25.474667643106496,60.544420541631396,263,2021,25.474667643106496
2021-09-20,Terra,0.0143,0.1156,0.0227,49.160170166536936,43.638972678255485,263,2021,49.160170166536936
2021-09-21,Aqua,0.0146,0.0691,0.0222,42.74112407748295,40.933610729566425,264,2021,42.74112407748295
2021-09-21,Terra,0.0176,0.0704,0.0253,35.607153999210624,41.801768862774,264,2021,35.607153999210624
2021-09-23,Terra,0.0213,0.1135,0.0316,39.453000535872384,40.6949735143925,266,2021,39.453000535872384
2021-09-24,Terra,0.0155,0.0728,0.0225,36.756384524283924,41.65737014186142,267,2021,36.756384524283924
2021-09-24,Aqua,0.0213,0.0922,0.028,26.624888727130624,60.94743339980973,267,2021,26.624888727130624
2021-09-25,Terra,0.0337,0.0934,0.0466,31.38668359665603,52.57931133739725,268,2021,31.38668359665603
2021-09-26,Aqua,0.0243,0.0666,0.0298,21.242154226997723,65.21774712085693,269,2021,21.242154226997723
2021-09-26,Terra,0.0191,0.0797,0.0268,32.91370797452971,59.18888697709452,269,2021,32.91370797452971
2021-09-29,Aqua,0.0275,0.2232,0.0348,23.525360145259267,64.62048578574603,272,2021,23.525360145259267
2021-09-29,Terra,0.0111,0.1009,0.0191,63.89675079143972,45.86422073056781,272,2021,63.89675079143972
2021-09-30,Aqua,0.007,0.0444,0.0116,56.53497188014468,40.75398333260714,273,2021,56.53497188014468
2021-10-01,Aqua,0.0272,0.1517,0.0361,27.46712130887109,64.7542587982298,274,2021,27.46712130887109
2021-10-01,Terra,0.0138,0.0834,0.0214,45.5611962192629,41.09589050314242,274,2021,45.5611962192629
2021-10-02,Aqua,0.0181,0.0943,0.0277,43.64689143354428,40.8875266135136,275,2021,43.64689143354428
2021-10-02,Terra,0.0226,0.1027,0.0352,46.213753960184775,39.71612845618515,275,2021,46.213753960184775
2021-10-03,Aqua,0.019,0.1062,0.0248,26.017909580981375,64.31226792504008,276,2021,26.017909580981375
2021-10-03,Terra,0.0151,0.0847,0.0248,54.914223064501705,36.282776526417095,276,2021,54.914223064501705
2021-10-06,Aqua,0.033,0.2129,0.0439,27.676072970866407,64.43446487628489,279,2021,27.676072970866407
2021-10-07,Terra,0.0287,0.128,0.0336,18.26731166379848,58.190308088505084,280,2021,18.26731166379848
2021-10-07,Aqua,0.019,0.1056,0.0262,31.10403246694216,53.01966181987328,280,2021,31.10403246694216
2021-10-08,Aqua,0.0253,0.097,0.0306,20.30769819893185,58.469580473137334,281,2021,20.30769819893185
2021-10-09,Aqua,0.0159,0.0967,0.0222,32.389236679023206,52.80471366900003,282,2021,32.389236679023206
2021-10-15,Aqua,0.0237,0.1183,0.0343,36.3990105209298,38.27434789751055,288,2021,36.3990105209298
2021-10-15,Terra,0.0133,0.0955,0.0191,35.49373962816073,39.19114014122523,288,2021,35.49373962816073
2021-10-16,Terra,0.0219,0.1157,0.0303,31.44371733716663,52.50241717425423,289,2021,31.44371733716663
2021-10-16,Aqua,0.0192,0.0786,0.0264,30.815466451623028,52.50241717425423,289,2021,30.815466451623028
2021-10-19,Terra,0.021,0.0516,0.0303,36.04041753408571,39.98324159165095,292,2021,36.04041753408571
2021-10-30,Aqua,0.0301,0.1245,0.0354,18.540028022502238,57.45909222234058,303,2021,18.540028022502238
2021-10-30,Terra,0.0439,0.094,0.0437,10.780663239985627,49.67758358465751,303,2021,10.780663239985627
2021-10-31,Terra,0.0322,0.0618,0.0383,19.233668610112186,57.648725178457,304,2021,19.233668610112186
2021-10-31,Aqua,0.0504,0.1366,0.0448,7.46064954063367,50.30363633168774,304,2021,7.46064954063367
2021-11-08,Terra,0.0779,0.1063,0.0735,9.05722925057623,50.170023204740566,312,2021,9.05722925057623
2021-11-17,Aqua,0.0736,0.1418,0.0656,7.526768399429089,50.23698786306616,321,2021,7.526768399429089
2021-11-20,Aqua,0.0353,0.0767,0.0375,13.318750289526998,47.361614238646865,324,2021,13.318750289526998
2021-11-21,Aqua,0.0518,0.1042,0.0609,18.519325726546914,56.80673794649977,325,2021,18.519325726546914
2021-11-22,Terra,0.0304,0.0731,0.0316,12.409675630892103,45.78339439591554,326,2021,12.409675630892103
2021-11-22,Aqua,0.0472,0.0722,0.0391,5.932569923543592,49.65422783859922,326,2021,5.932569923543592
2021-11-29,Terra,0.2506,0.2815,0.2541,11.44664713291307,50.09992103015831,333,2021,11.44664713291307
2021-11-29,Aqua,0.0421,0.1166,0.0392,8.67587301362606,49.65422783859922,333,2021,8.67587301362606
2021-12-01,Aqua,0.0417,0.0954,0.0395,9.174005584117582,49.65422783859922,335,2021,9.174005584117582
2021-12-01,Terra,0.0386,0.0758,0.0351,8.032956439782216,49.694409933771446,335,2021,8.032956439782216
2021-12-03,Aqua,0.052,0.0866,0.0489,8.959817606681858,49.56487906404164,337,2021,8.959817606681858
2021-12-03,Terra,0.0608,0.1985,0.0643,13.125805851261594,46.614057203407086,337,2021,13.125805851261594
2021-12-05,Aqua,0.0307,0.1332,0.0343,15.691562005505345,60.541269271121635,339,2021,15.691562005505345
2022-01-02,Aqua,0.0235,0.0807,0.0188,5.296651055111787,48.772065190562195,2,2022,5.296651055111787
2022-01-16,Aqua,0.0016,0.0826,0.0076,1734.944443729827,70.44036596071021,16,2022,1734.944443729827
2022-01-21,Aqua,0.0232,0.0822,0.0302,25.789244499774394,59.40389666003244,21,2022,25.789244499774394
2022-01-22,Aqua,0.0088,0.0894,0.015,61.96439776412858,64.17283135551779,22,2022,61.96439776412858
2022-01-22,Terra,0.0142,0.098,0.0243,62.76246110789825,68.63028681679779,22,2022,62.76246110789825
2022-01-23,Terra,0.0146,0.0307,0.0235,51.42846797408501,70.28726476968924,23,2022,51.42846797408501
2022-01-23,Aqua,0.0211,0.0516,0.0263,22.395671222909346,56.2248827266817,23,2022,22.395671222909346
2022-01-24,Terra,0.0401,0.1555,0.0446,15.462380734737069,46.73594013817234,24,2022,15.462380734737069
2022-01-24,Aqua,0.0212,0.1405,0.0334,47.967975194977214,69.68205899860395,24,2022,47.967975194977214
2022-01-25,Terra,0.0117,0.0175,0.0214,77.92870970957966,79.88518531592261,25,2022,77.92870970957966
2022-01-25,Aqua,0.0213,0.0721,0.0265,22.26076785923748,56.20603658197549,25,2022,22.26076785923748
2022-01-26,Aqua,0.0162,0.1373,0.0233,35.66933466585397,71.25854311956596,26,2022,35.66933466585397
2022-01-26,Terra,0.0171,0.1073,0.0161,8.995052628117204,48.71494150599358,26,2022,8.995052628117204
2022-01-27,Aqua,0.0449,0.0898,0.035,4.868148520827133,48.57398720249134,27,2022,4.868148520827133
2022-01-27,Terra,0.0276,0.0657,0.0299,14.194440718212029,45.94738765262243,27,2022,14.194440718212029
2022-01-28,Terra,0.0047,0.0847,0.0099,123.32130431745907,70.22460808109301,28,2022,123.32130431745907
2022-01-28,Aqua,0.0523,0.0974,0.0433,5.9215408479064635,48.61685743463145,28,2022,5.9215408479064635
2022-01-29,Terra,0.0454,0.0919,0.0499,14.878029002767843,45.48419880638187,29,2022,14.878029002767843
2022-01-29,Aqua,0.0517,0.105,0.0464,7.697812066648397,48.52844734104642,29,2022,7.697812066648397
2022-02-06,Aqua,0.0333,0.0902,0.0296,7.46064954063367,48.57398720249134,37,2022,7.46064954063367
2022-02-06,Terra,0.0131,0.0703,0.0167,24.095516904880547,58.903876690606715,37,2022,24.095516904880547
2022-02-08,Terra,0.0277,0.0811,0.0295,13.42744729693087,46.056148640401496,39,2022,13.42744729693087
2022-02-10,Aqua,0.0088,0.1099,0.0145,55.49722115864042,63.851623317027496,41,2022,55.49722115864042
2022-02-10,Terra,0.0343,0.0599,0.0345,11.150720214467942,47.76720577556863,41,2022,11.150720214467942
2022-02-11,Terra,0.013,0.0652,0.01255,9.75771780341761,48.60533654110703,42,2022,9.75771780341761
2022-02-11,Aqua,0.072,0.1313,0.0609,6.348454821614786,48.370623132090465,42,2022,6.348454821614786
2022-02-12,Terra,0.0543,0.0956,0.0498,8.259182907967995,48.20241806419387,43,2022,8.259182907967995
2022-02-12,Aqua,0.0474,0.1093,0.0383,5.47118390217522,48.35553316839334,43,2022,5.47118390217522
2022-02-13,Aqua,0.0427,0.104,0.0425,10.776155559765327,47.72780419882912,44,2022,10.776155559765327
2022-02-13,Terra,0.0345,0.0655,0.0353,11.788615004220022,47.46889557964027,44,2022,11.788615004220022
2022-02-17,Terra,0.01,0.09,0.0165,55.74649458644529,63.851623317027496,48,2022,55.74649458644529
2022-02-17,Aqua,0.0107,0.0396,0.0188,68.38302516542589,69.37127972386305,48,2022,68.38302516542589
2022-02-18,Terra,0.0363,0.1419,0.044,20.45190354116222,55.647025339906236,49,2022,20.45190354116222
2022-02-18,Aqua,0.0236,0.1484,0.0317,28.559427092819895,61.372565315471775,49,2022,28.559427092819895
2022-02-19,Terra,0.0226,0.0953,0.0272,19.984868820661056,55.933237519845036,50,2022,19.984868820661056
2022-02-22,Aqua,0.0258,0.02695,0.0385,40.20847203786492,77.67585851557142,53,2022,40.20847203786492
2022-02-23,Aqua,0.038,0.1123,0.0342,7.76815660753375,48.46454101013614,54,2022,7.76815660753375
2022-02-25,Aqua,0.025,0.126,0.0363,36.78826321319931,70.4949784481942,56,2022,36.78826321319931
2022-02-25,Terra,0.0231,0.1272,0.0329,34.55046484628543,69.13385190563764,56,2022,34.55046484628543
2022-03-05,Aqua,0.0241,0.0733,0.0363,41.445845024029126,69.31102711951324,64,2022,41.445845024029126
2022-03-06,Terra,0.0078,0.1172,0.0148,87.80555360589392,71.11633813504176,65,2022,87.80555360589392
2022-03-06,Aqua,0.0278,0.1152,0.0418,41.21128286044209,67.75969164874104,65,2022,41.21128286044209
2022-03-07,Aqua,0.0155,0.118,0.0202,25.886100423553135,59.094006882060334,66,2022,25.886100423553135
2022-03-07,Terra,0.0167,0.0675,0.0293,68.06485884208179,69.37127972386305,66,2022,68.06485884208179
2022-03-12,Terra,0.014,0.0708,0.0261,82.91513086247892,71.11633813504176,71,2022,82.91513086247892
2022-03-12,Aqua,0.0255,0.0439,0.0378,39.348030629958075,73.73915295173124,71,2022,39.348030629958075
2022-03-22,Aqua,0.0241,0.0734,0.0351,37.15458003627033,70.03655075985117,81,2022,37.15458003627033
2022-03-22,Terra,0.0044,0.1225,0.0101,163.08603849663805,70.22460808109301,81,2022,163.08603849663805
2022-03-24,Aqua,0.0358,0.1655,0.0462,25.073408561734308,58.80520788536233,83,2022,25.073408561734308
2022-03-25,Terra,0.0328,0.0803,0.0417,23.883060219814944,55.737140771651006,84,2022,23.883060219814944
2022-04-01,Terra,0.0259,0.0666,0.0339,26.253069754886017,59.094006882060334,91,2022,26.253069754886017
2022-04-06,Terra,0.0208,0.0601,0.0294,33.70734698306506,70.18529341595546,96,2022,33.70734698306506
2022-04-07,Terra,0.0385,0.1236,0.0484,23.026666965217203,55.34865453573834,97,2022,23.026666965217203
2022-04-22,Terra,0.0182,0.0209,0.0275,41.87366761052252,81.30215608795392,112,2022,41.87366761052252
2022-04-24,Terra,0.0251,0.0472,0.0358,34.71261006974799,94.82076560234916,114,2022,34.71261006974799
2022-04-24,Aqua,0.0228,0.0498,0.0318,32.27702099196333,52.12509156368344,114,2022,32.27702099196333
2022-05-01,Terra,0.0149,0.0516,0.0229,44.254959165694814,93.51583204769925,121,2022,44.254959165694814
2022-05-21,Aqua,0.0277,0.1914,0.0448,52.2368523955673,104.68768244085071,141,2022,52.2368523955673
2022-05-21,Terra,0.0227,0.0859,0.0359,48.56709618800005,107.2774671403187,141,2022,48.56709618800005
2022-05-23,Aqua,0.0297,0.1659,0.0474,50.02600779941343,103.025653192754,143,2022,50.02600779941343
2022-06-07,Terra,0.025,0.0844,0.0341,30.021116835220894,60.714108616835766,158,2022,30.021116835220894
2022-06-20,Terra,0.0361,0.1206,0.0488,29.15685972978453,66.66139857281591,171,2022,29.15685972978453
2022-06-21,Aqua,0.0389,0.1679,0.0513,26.90326992791733,62.719973554832634,172,2022,26.90326992791733
2022-06-21,Terra,0.0132,0.0747,0.0259,97.91697960419123,103.20239507421435,172,2022,97.91697960419123
2022-06-22,Terra,0.0181,0.079,0.0316,66.98173506673466,100.68802204476171,173,2022,66.98173506673466
2022-06-22,Aqua,0.026,0.0928,0.0389,40.5516603250291,123.57575548458288,173,2022,40.5516603250291
2022-06-23,Aqua,0.0532,0.0622,0.0668,22.937231765185377,58.89219578499299,174,2022,22.937231765185377
2022-06-24,Terra,0.0197,0.1246,0.0367,82.72128992074971,108.31298426083632,175,2022,82.72128992074971
2022-06-24,Aqua,0.0223,0.1527,0.0417,83.7377831837232,107.3455547250327,175,2022,83.7377831837232
2022-06-25,Terra,0.0456,0.1284,0.0575,23.255067776077755,58.6544299976644,176,2022,23.255067776077755
2022-06-25,Aqua,0.016,0.1079,0.0275,63.65912037225404,104.22756992501535,176,2022,63.65912037225404
2022-06-26,Aqua,0.0205,0.0642,0.0367,72.67892901381906,112.43705538867307,177,2022,72.67892901381906
2022-06-26,Terra,0.0257,0.1225,0.043,58.33013259156951,104.98397576754982,177,2022,58.33013259156951
2022-06-27,Aqua,0.0146,0.0691,0.0282,93.03629448567065,105.98450768967695,178,2022,93.03629448567065
2022-06-27,Terra,0.0211,0.1391,0.0371,68.54570433265404,106.22576831492562,178,2022,68.54570433265404
2022-06-28,Terra,0.0134,0.0688,0.0241,73.77537486618529,110.72216222293768,179,2022,73.77537486618529
2022-06-28,Aqua,0.0237,0.1596,0.042,70.3178870888043,106.31675701835995,179,2022,70.3178870888043
2022-06-29,Aqua,0.0122,0.0741,0.0264,134.61743363058426,104.80348022579972,180,2022,134.61743363058426
2022-06-29,Terra,0.0186,0.065,0.0309,56.996323123600774,102.951617225785,180,2022,56.996323123600774
2022-06-30,Aqua,0.0692,0.1505,0.0864,22.519137592952347,60.02524102397231,181,2022,22.519137592952347
2022-06-30,Terra,0.02,0.0861,0.0303,42.23615841619267,121.72830245018528,181,2022,42.23615841619267
2022-07-01,Terra,0.0258,0.1006,0.0401,45.900130944934574,122.88885395322839,182,2022,45.900130944934574
2022-07-01,Aqua,0.0259,0.121,0.0389,41.06294639439966,124.50686026212016,182,2022,41.06294639439966
2022-07-02,Terra,0.0648,0.1143,0.0794,21.184267274600987,59.24816532071237,183,2022,21.184267274600987
2022-07-03,Aqua,0.0231,0.1495,0.0438,87.60529791318724,107.78515885117125,184,2022,87.60529791318724
2022-07-04,Aqua,0.0193,0.0794,0.0289,40.66240453747904,123.88688885273241,185,2022,40.66240453747904
2022-07-07,Aqua,0.05535,0.0799,0.0643,17.812991795393774,58.509376836499804,188,2022,17.812991795393774
2022-07-08,Terra,0.0471,0.0981,0.055,18.11537787126125,58.2723858704653,189,2022,18.11537787126125
2022-07-08,Aqua,0.0292,0.2067,0.0532,76.94368027532785,111.09329639684756,189,2022,76.94368027532785
2022-07-09,Aqua,0.0302,0.1151,0.0416,30.996797301000836,56.06504159318361,190,2022,30.996797301000836
2022-07-10,Terra,0.026,0.1654,0.0425,54.07415563910173,105.3735140205904,191,2022,54.07415563910173
2022-07-11,Terra,0.0142,0.0962,0.0264,82.17547847094419,103.80591151931112,192,2022,82.17547847094419
2022-07-11,Aqua,0.0121,0.0578,0.0228,85.84410657471331,103.80591151931112,192,2022,85.84410657471331
2022-07-12,Terra,0.0269,0.1529,0.0437,52.99747039714645,107.40004517946763,193,2022,52.99747039714645
2022-07-12,Aqua,0.0254,0.0616,0.038,40.543654327441935,127.49978128908795,193,2022,40.543654327441935
2022-07-13,Terra,0.0257,0.1211,0.0381,39.359884344055516,123.96961511323518,194,2022,39.359884344055516
2022-07-14,Terra,0.0115,0.065,0.0189,55.0332603882597,101.76037891736412,195,2022,55.0332603882597
2022-07-14,Aqua,0.0398,0.1047,0.0512,24.81717140703028,62.04011541670834,195,2022,24.81717140703028
2022-07-15,Terra,0.0211,0.1659,0.0366,65.58739704291686,105.11767154603211,196,2022,65.58739704291686
2022-07-15,Aqua,0.02,0.1301,0.0358,72.64673949963458,110.73162511622903,196,2022,72.64673949963458
2022-07-16,Terra,0.018,0.0783,0.0269,40.40121231953127,120.68231220514116,197,2022,40.40121231953127
2022-07-16,Aqua,0.0529,0.0587,0.0617,18.04603285011623,58.62165376358217,197,2022,18.04603285011623
2022-07-17,Aqua,0.021,0.1438,0.0389,81.20595856001934,106.23154534326733,198,2022,81.20595856001934
2022-07-17,Terra,0.0184,0.0825,0.031,59.65885098584989,99.23123714444033,198,2022,59.65885098584989
2022-07-18,Terra,0.0679,0.0974,0.0736,14.22059968788224,47.23724000886664,199,2022,14.22059968788224
2022-07-18,Aqua,0.0127,0.1039,0.0231,76.52974390765644,106.42608596164357,199,2022,76.52974390765644
2022-07-19,Terra,0.0238,0.1189,0.0376,48.40095903265007,117.47280315503046,200,2022,48.40095903265007
2022-07-19,Aqua,0.0178,0.1297,0.0366,114.01861524937547,102.4880688932033,200,2022,114.01861524937547
2022-07-20,Terra,0.0147,0.0517,0.0239,53.13708279137095,103.99182340468202,201,2022,53.13708279137095
2022-07-20,Aqua,0.0114,0.0548,0.0228,104.19768005148732,102.57440025520619,201,2022,104.19768005148732
2022-07-21,Aqua,0.0201,0.0778,0.0313,46.184028239525084,114.22065182231006,202,2022,46.184028239525084
2022-07-21,Terra,0.0075,0.1067,0.0141,85.20916730787904,102.89933752671679,202,2022,85.20916730787904
2022-07-22,Terra,0.0203,0.1144,0.0321,48.545431465202874,113.50846693841387,203,2022,48.545431465202874
2022-07-22,Aqua,0.0238,0.1243,0.0373,47.15658551545082,117.47280315503046,203,2022,47.15658551545082
2022-07-23,Terra,0.0141,0.087,0.0243,64.22131932503503,100.90366444790695,204,2022,64.22131932503503
2022-07-23,Aqua,0.0481,0.1215,0.0574,19.439801349507945,58.75096299839422,204,2022,19.439801349507945
2022-07-24,Aqua,0.0235,0.1337,0.0359,43.394508010622495,119.5573339406769,205,2022,43.394508010622495
2022-07-24,Terra,0.0186,0.1,0.0297,50.10907606774103,113.2352484599841,205,2022,50.10907606774103
2022-07-25,Terra,0.0114,0.0611,0.0198,65.86379153848524,102.34269432811246,206,2022,65.86379153848524
2022-07-25,Aqua,0.0128,0.041,0.0226,69.4793181426008,103.5951047435899,206,2022,69.4793181426008
2022-07-26,Aqua,0.0246,0.1507,0.0419,61.81165119672021,100.34430799492978,207,2022,61.81165119672021
2022-07-26,Terra,0.0238,0.0783,0.0359,41.64113645799185,118.48612298006358,207,2022,41.64113645799185
2022-07-27,Terra,0.03,0.0922,0.0401,28.108850593557584,61.585262587941536,208,2022,28.108850593557584
2022-07-27,Aqua,0.0175,0.0846,0.0283,52.21735772530402,113.06479986536857,208,2022,52.21735772530402
2022-07-28,Aqua,0.0301,0.1443,0.0444,38.72405426117236,118.496466666635,209,2022,38.72405426117236
2022-07-29,Terra,0.0208,0.0669,0.0312,40.891585950023426,116.97398053705528,210,2022,40.891585950023426
2022-07-29,Aqua,0.0158,0.0607,0.0268,60.98372096950959,98.35040206633794,210,2022,60.98372096950959
2022-07-30,Terra,0.0123,0.1281,0.0214,66.23382174877607,101.68172851443741,211,2022,66.23382174877607
2022-07-30,Aqua,0.0399,0.0637,0.0475,19.288148484942774,58.61607617552753,211,2022,19.288148484942774
2022-07-31,Aqua,0.0369,0.1243,0.0492,27.881577677943966,61.972963625854334,212,2022,27.881577677943966
2022-08-01,Terra,0.0295,0.1062,0.0386,26.226619059806698,60.84942883216481,213,2022,26.226619059806698
2022-08-01,Aqua,0.0288,0.0806,0.0368,24.278433009002317,60.84942883216481,213,2022,24.278433009002317
2022-08-02,Aqua,0.0222,0.1143,0.0343,45.020871692765695,105.03031027241519,214,2022,45.020871692765695
2022-08-02,Terra,0.036,0.1527,0.0505,32.885986175508314,55.719464429096895,214,2022,32.885986175508314
2022-08-03,Aqua,0.0158,0.0701,0.0253,50.56882421973219,98.03025766938191,215,2022,50.56882421973219
2022-08-04,Aqua,0.0204,0.0819,0.0299,37.927721047152026,100.21029210134088,216,2022,37.927721047152026
2022-08-04,Terra,0.0132,0.1139,0.023,66.55454961747344,100.10499071462496,216,2022,66.55454961747344
2022-08-05,Aqua,0.0112,0.0496,0.0215,91.19106663313788,102.97321753810748,217,2022,91.19106663313788
2022-08-05,Terra,0.0192,0.0971,0.0288,40.891585950023426,100.9480519071874,217,2022,40.891585950023426
2022-08-06,Terra,0.0111,0.0802,0.0202,76.65597172381247,104.94021657699602,218,2022,76.65597172381247
2022-08-06,Aqua,0.0184,0.1058,0.0303,55.389082555223034,93.77966396704406,218,2022,55.389082555223034
2022-08-07,Aqua,0.025,0.0925,0.0386,44.92193767898181,99.17810255911594,219,2022,44.92193767898181
2022-08-07,Terra,0.0264,0.0846,0.039,38.91126782038352,101.76191099304297,219,2022,38.91126782038352
2022-08-08,Aqua,0.0312,0.1329,0.0369,18.881110347024812,57.160294755305976,220,2022,18.881110347024812
2022-08-09,Aqua,0.0265,0.067,0.0407,44.15545069327955,99.04518502139415,221,2022,44.15545069327955
2022-08-10,Terra,0.0143,0.142,0.0237,56.55713753988542,89.67851897265591,222,2022,56.55713753988542
2022-08-10,Aqua,0.0147,0.0621,0.0236,50.99891477088698,94.03119344690444,222,2022,50.99891477088698
2022-08-11,Aqua,0.0288,0.1039,0.0386,28.356507032956536,61.53768460266675,223,2022,28.356507032956536
2022-08-11,Terra,0.0319,0.1797,0.0485,42.72542747676183,93.8847255075865,223,2022,42.72542747676183
2022-08-12,Aqua,0.0188,0.0623,0.0309,55.04836942196932,90.48097476511789,224,2022,55.04836942196932
2022-08-13,Terra,0.0212,0.12,0.0344,52.7968568968676,92.39856173156939,225,2022,52.7968568968676
2022-08-13,Aqua,0.0165,0.0734,0.0282,62.50326616137184,98.3042460353993,225,2022,62.50326616137184
2022-08-14,Aqua,0.022,0.1169,0.032,36.998366772405355,98.73871459045482,226,2022,36.998366772405355
2022-08-14,Terra,0.0129,0.0769,0.022,62.068577311634215,90.03504470283647,226,2022,62.068577311634215
2022-08-15,Aqua,0.0303,0.0764,0.0357,18.649841645148772,57.202597061100064,227,2022,18.649841645148772
2022-08-15,Terra,0.0111,0.0707,0.0208,84.30969218070135,102.39204652198796,227,2022,84.30969218070135
2022-08-16,Aqua,0.0206,0.1159,0.0367,71.53806212569368,107.49574051638452,228,2022,71.53806212569368
2022-08-16,Terra,0.0209,0.173,0.0337,51.72525370761125,94.29976255904798,228,2022,51.72525370761125
2022-08-19,Aqua,0.0171,0.076,0.0267,46.589254155619955,94.06199063827047,231,2022,46.589254155619955
2022-08-20,Aqua,0.0162,0.0692,0.0287,70.24734659822552,99.87013487158295,232,2022,70.24734659822552
2022-08-20,Terra,0.0224,0.1115,0.0347,45.406862120373034,93.51864314497843,232,2022,45.406862120373034
2022-08-21,Aqua,0.0173,0.0831,0.0255,38.63070038669758,95.60075987607726,233,2022,38.63070038669758
2022-08-21,Terra,0.0099,0.0383,0.0186,85.03067156653154,102.08341497316452,233,2022,85.03067156653154
2022-08-22,Terra,0.0082,0.0794,0.0154,84.92195986340681,102.08341497316452,234,2022,84.92195986340681
2022-08-22,Aqua,0.018,0.0832,0.0276,43.92072196695363,94.4666105666146,234,2022,43.92072196695363
2022-08-23,Terra,0.0179,0.1461,0.0292,53.7167580008849,85.0893970810214,235,2022,53.7167580008849
2022-08-23,Aqua,0.0237,0.1006,0.0341,35.713457612979624,93.49943833545608,235,2022,35.713457612979624
2022-08-24,Terra,0.0136,0.0657,0.0213,47.05389876827233,87.7375754984352,236,2022,47.05389876827233
2022-08-24,Aqua,0.0252,0.0869,0.0318,23.31147125529782,55.695402641319305,236,2022,23.31147125529782
2022-08-25,Terra,0.0235,0.0816,0.035,39.95615317649676,88.4296025761628,237,2022,39.95615317649676
2022-08-25,Aqua,0.0265,0.1084,0.0378,34.72212834261575,90.55737225901748,237,2022,34.72212834261575
2022-08-26,Terra,0.022,0.0774,0.0314,34.79005251357947,84.25984872063272,238,2022,34.79005251357947
2022-08-26,Aqua,0.0139,0.0677,0.0239,63.740378123804135,89.05092113566666,238,2022,63.740378123804135
2022-08-27,Aqua,0.0275,0.1013,0.0378,30.782357127534326,52.1090942853846,239,2022,30.782357127534326
2022-08-28,Terra,0.0201,0.061,0.0291,36.44022495964923,85.96309186160427,240,2022,36.44022495964923
2022-08-28,Aqua,0.0124,0.1108,0.0223,73.75932251902547,96.685369630315,240,2022,73.75932251902547
2022-08-30,Terra,0.0209,0.0818,0.0293,32.820181912987834,52.44615339755865,242,2022,32.820181912987834
2022-08-30,Aqua,0.0278,0.1111,0.0437,47.61948022498632,78.61994112648206,242,2022,47.61948022498632
2022-08-31,Aqua,0.0215,0.0787,0.0328,43.20286431483812,80.01145752221794,243,2022,43.20286431483812
2022-08-31,Terra,0.0192,0.092,0.03,46.695714439376864,79.96674897776596,243,2022,46.695714439376864
2022-09-01,Aqua,0.0238,0.0747,0.0392,55.42405259280209,79.80047598108945,244,2022,55.42405259280209
2022-09-01,Terra,0.0201,0.0929,0.0307,43.36713982450738,79.95507226771447,244,2022,43.36713982450738
2022-09-03,Aqua,0.0221,0.0969,0.0322,37.202879086722085,82.00614154984197,246,2022,37.202879086722085
2022-09-04,Aqua,0.013,0.0507,0.0228,67.98355166512683,81.31168316560262,247,2022,67.98355166512683
2022-09-04,Terra,0.0112,0.0737,0.0199,70.91747106916567,82.58849596609228,247,2022,70.91747106916567
2022-09-05,Terra,0.0214,0.1312,0.0341,49.77149892402924,71.8277169401989,248,2022,49.77149892402924
2022-09-05,Aqua,0.0162,0.0669,0.0274,60.419229357207726,73.45512259883355,248,2022,60.419229357207726
2022-09-06,Terra,0.0144,0.0565,0.0238,56.05221364992635,71.02963432923,249,2022,56.05221364992635
2022-09-06,Aqua,0.0259,0.1287,0.0414,50.280838620045905,67.4678765167315,249,2022,50.280838620045905
2022-09-07,Aqua,0.0195,0.0841,0.0295,42.038920134890574,70.12548889592796,250,2022,42.038920134890574
2022-09-08,Aqua,0.02,0.1258,0.0359,73.30860037185872,65.02739923652005,251,2022,73.30860037185872
2022-09-08,Terra,0.0151,0.1133,0.0237,47.38290581940413,56.691154770743616,251,2022,47.38290581940413
2022-09-09,Aqua,0.0185,0.0865,0.0299,52.1201353126686,41.81602325770507,252,2022,52.1201353126686
2022-09-09,Terra,0.0188,0.0724,0.0273,36.798780594343064,44.02347341594805,252,2022,36.798780594343064
2022-09-12,Aqua,0.016,0.08755,0.0305,89.13867897943642,51.33036330317466,255,2022,89.13867897943642
2022-09-14,Aqua,0.0256,0.0864,0.0384,40.891585950023405,41.97063869338266,257,2022,40.891585950023405
2022-09-19,Aqua,0.0259,0.1096,0.0393,42.451774804734136,40.71735202281564,262,2022,42.451774804734136
2022-09-19,Terra,0.0253,0.1033,0.0361,34.75873691098217,41.601949605113774,262,2022,34.75873691098217
2022-09-20,Terra,0.0225,0.0419,0.0303,28.79836289886791,61.807531365327755,263,2022,28.79836289886791
2022-09-23,Terra,0.0101,0.0516,0.0173,62.953898516880976,48.98264208410992,266,2022,62.953898516880976
2022-09-23,Aqua,0.0126,0.0945,0.0208,55.833724768739316,43.18567588483228,266,2022,55.833724768739316
2022-09-24,Terra,0.0136,0.1013,0.0218,50.74105307733779,43.92701118258545,267,2022,50.74105307733779
2022-09-24,Aqua,0.0221,0.135,0.0348,47.887731094465394,42.7869087331767,267,2022,47.887731094465394
2022-09-25,Aqua,0.0141,0.0712,0.0236,58.39897784940051,43.74103194392589,268,2022,58.39897784940051
2022-09-25,Terra,0.0109,0.0845,0.0191,67.7880722995145,49.08057621393729,268,2022,67.7880722995145
2022-09-26,Aqua,0.0246,0.0821,0.0362,38.42285112302181,39.84315370305052,269,2022,38.42285112302181
2022-09-26,Terra,0.0216,0.1148,0.0325,41.303366407043605,40.79072064908554,269,2022,41.303366407043605
2022-09-27,Aqua,0.0182,0.0736,0.0308,60.529600187109594,40.973296219694966,270,2022,60.529600187109594
2022-09-27,Terra,0.0132,0.0657,0.0211,50.28383023541651,40.72818951488428,270,2022,50.28383023541651
2022-09-30,Aqua,0.0144,0.0513,0.0232,51.586758170179856,36.643580246894516,273,2022,51.586758170179856
2022-10-01,Terra,0.0143,0.1104,0.0222,45.725988123831904,41.09589050314242,274,2022,45.725988123831904
2022-10-01,Aqua,0.0263,0.1219,0.0399,42.42774205375086,37.35565273947728,274,2022,42.42774205375086
2022-10-02,Aqua,0.0122,0.0543,0.0207,61.04438585491469,40.33491699998918,275,2022,61.04438585491469
2022-10-02,Terra,0.0107,0.0786,0.01755,54.67572099547623,36.282776526417095,275,2022,54.67572099547623
2022-10-03,Terra,0.0194,0.1025,0.0294,42.27822437802869,38.212368526009925,276,2022,42.27822437802869
2022-10-03,Aqua,0.0245,0.1391,0.0335,30.261291938707657,61.88630356172326,276,2022,30.261291938707657
2022-10-04,Aqua,0.0224,0.0439,0.0362,52.10495564193759,37.20867353975031,277,2022,52.10495564193759
2022-10-04,Terra,0.0108,0.066,0.0184,61.864961606411846,40.33491699998918,277,2022,61.864961606411846
2022-10-05,Aqua,0.0203,0.1214,0.0311,43.79849831031008,40.8875266135136,278,2022,43.79849831031008
2022-10-05,Terra,0.0262,0.1285,0.0387,38.89641182063006,37.285805880427965,278,2022,38.89641182063006
2022-10-06,Terra,0.0136,0.0866,0.0217,49.988170105100174,40.09173009338794,279,2022,49.988170105100174
2022-10-06,Aqua,0.021,0.0995,0.0318,42.171446866646065,38.212368526009925,279,2022,42.171446866646065
2022-10-08,Aqua,0.0316,0.1598,0.0433,30.47091807794182,58.003206610360124,281,2022,30.47091807794182
2022-10-08,Terra,0.0159,0.0551,0.024,41.73371240597814,38.212368526009925,281,2022,41.73371240597814
2022-10-09,Aqua,0.0203,0.0649,0.0288,34.116720990115645,38.61439508596679,282,2022,34.116720990115645
2022-10-09,Terra,0.009,0.1052,0.0118,26.39883125266818,60.056303980993896,282,2022,26.39883125266818
2022-10-11,Aqua,0.012,0.0675,0.0215,72.86689804723343,46.847941113344184,284,2022,72.86689804723343
2022-10-12,Aqua,0.0189,0.1139,0.0276,37.47786771915867,38.348868275269936,285,2022,37.47786771915867
2022-10-13,Aqua,0.0152,0.073,0.025,55.170407115133166,36.41754693460736,286,2022,55.170407115133166
2022-10-14,Aqua,0.0143,0.1007,0.0227,49.160170166536936,40.233391674973795,287,2022,49.160170166536936
2022-10-16,Aqua,0.0152,0.0869,0.0253,57.35219394887287,40.775583202097266,289,2022,57.35219394887287
2022-10-17,Aqua,0.0281,0.125,0.0381,29.443346775346747,60.985625944392616,290,2022,29.443346775346747
2022-10-18,Aqua,0.0172,0.076,0.0281,53.978009157733936,36.47358967857758,291,2022,53.978009157733936
2022-10-19,Aqua,0.0209,0.1086,0.0323,45.05968004763796,41.117580777895405,292,2022,45.05968004763796
2022-10-27,Aqua,0.0186,0.0785,0.0277,39.94617609072417,54.834230261104395,300,2022,39.94617609072417
2022-10-27,Terra,0.0173,0.0459,0.0275,49.38029845391071,55.86812874495928,300,2022,49.38029845391071
2022-10-29,Terra,0.0347,0.0894,0.0427,21.48018180007398,57.472510245559306,302,2022,21.48018180007398
2022-11-09,Terra,0.0599,0.1618,0.0619,12.17504177595977,46.88153008398107,313,2022,12.17504177595977
2022-11-10,Aqua,0.0242,0.0717,0.033,29.995102183783413,58.58104863807347,314,2022,29.995102183783413
2022-11-10,Terra,0.0327,0.06,0.0474,36.58610495312433,67.91332392626668,314,2022,36.58610495312433
2022-11-14,Aqua,0.0259,0.1453,0.0382,38.70872803705788,63.883799367543176,318,2022,38.70872803705788
2022-11-14,Terra,0.018,0.0807,0.028,46.02430280980023,64.3246763765559,318,2022,46.02430280980023
2022-11-15,Terra,0.0546,0.0889,0.0531,9.994419700566883,49.89657648288977,319,2022,9.994419700566883
2022-11-15,Aqua,0.0362,0.0508,0.042,17.739446347660504,56.75559486510028,319,2022,17.739446347660504
2022-11-16,Aqua,0.0342,0.1704,0.0448,26.322340050306327,60.09365074877893,320,2022,26.322340050306327
2022-11-16,Terra,0.0648,0.1799,0.0638,10.402370623888793,50.23698786306616,320,2022,10.402370623888793
2022-11-17,Aqua,0.0206,0.0916,0.0277,28.659085419358235,61.71173193481664,321,2022,28.659085419358235
2022-11-17,Terra,0.0393,0.0766,0.0438,15.56587679768072,48.38885176842339,321,2022,15.56587679768072
2022-11-18,Terra,0.0311,0.0823,0.0366,18.57947988341053,56.97944920068608,322,2022,18.57947988341053
2022-11-18,Aqua,0.0556,0.1043,0.0541,10.010939184133177,49.89657648288977,322,2022,10.010939184133177
2022-11-19,Terra,0.0689,0.1144,0.0647,8.918294805532108,50.23698786306616,323,2022,8.918294805532108
2022-11-19,Aqua,0.0377,0.0623,0.0427,16.403987695839312,60.41175799542658,323,2022,16.403987695839312
2022-11-20,Aqua,0.0392,0.0647,0.037,9.06847710914657,49.939326396461375,324,2022,9.06847710914657
2022-11-20,Terra,0.0485,0.0768,0.0452,8.701419114762727,49.89904538524806,324,2022,8.701419114762727
2022-11-23,Terra,0.0077,0.1285,0.0022,0.18625925920702974,49.09164049760477,327,2022,0.18625925920702974
2022-11-23,Aqua,0.0245,0.0808,0.0306,22.544051352696737,56.312676332124745,327,2022,22.544051352696737
2022-11-24,Terra,0.0424,0.0759,0.0407,9.578806704553593,49.65422783859922,328,2022,9.578806704553593
2022-11-24,Aqua,0.0371,0.0868,0.041,15.143831072865556,46.92240108420828,328,2022,15.143831072865556
2022-11-26,Aqua,0.0262,0.096,0.029,15.22189342140086,46.543184965623574,330,2022,15.22189342140086
2022-12-03,Aqua,0.0168,0.0348,0.0269,50.561088003248784,72.69129425281605,337,2022,50.561088003248784
2022-12-05,Aqua,0.2907,0.3936,0.3511,20.21439501435486,58.68697682905303,339,2022,20.21439501435486
2022-12-14,Aqua,0.0442,0.1457,0.045,11.599047946676423,48.767860627547435,348,2022,11.599047946676423
2022-12-15,Terra,0.0385,0.0869,0.0379,10.397139109220982,49.65422783859922,349,2022,10.397139109220982
2022-12-16,Aqua,0.0237,0.0405,0.023,9.925640519260188,49.09164049760477,350,2022,9.925640519260188
2022-12-17,Terra,0.054,0.1212,0.0497,8.35452639784243,49.56487906404164,351,2022,8.35452639784243
2022-12-17,Aqua,0.0231,0.1412,0.0189,5.698156376409108,49.09164049760477,351,2022,5.698156376409108
2022-12-21,Terra,0.0245,0.0673,0.0253,12.146873655989207,45.78339439591554,355,2022,12.146873655989207
2023-01-20,Terra,0.0574,0.1067,0.0567,10.513980170271926,48.417540620985434,20,2023,10.513980170271926
2023-01-23,Aqua,0.0326,0.0772,0.0359,14.971008631328118,45.94843614607313,23,2023,14.971008631328118
2023-01-24,Aqua,0.0229,0.0839,0.032,32.476319794845594,52.73243786058144,24,2023,32.476319794845594
2023-01-25,Aqua,0.0475,0.0956,0.0476,11.016988116699086,47.652231279517935,25,2023,11.016988116699086
2023-01-29,Terra,0.0216,0.1203,0.0273,23.430856222585287,55.922216852160915,29,2023,23.430856222585287
2023-01-29,Aqua,0.0634,0.1006,0.0561,7.351209712635448,48.417540620985434,29,2023,7.351209712635448
2023-01-30,Aqua,0.0403,0.0939,0.044,14.558811798202237,45.66192481520452,30,2023,14.558811798202237
2023-01-30,Terra,0.0355,0.0662,0.0399,15.998650821332147,59.0230207279095,30,2023,15.998650821332147
2023-02-01,Aqua,0.0587,0.1017,0.05,6.494943161824302,48.38086272687294,32,2023,6.494943161824302
2023-02-09,Aqua,0.0327,0.0813,0.0328,11.051084101963214,47.76720577556863,40,2023,11.051084101963214
2023-02-11,Terra,0.0483,0.0915,0.042,6.9461014817417635,48.43797768646927,42,2023,6.9461014817417635
2023-02-11,Aqua,0.0361,0.1004,0.0397,14.90463074457894,45.60603237775499,42,2023,14.90463074457894
2023-02-12,Terra,0.0048,0.0929,0.007,37.31255690851129,69.92907438676876,43,2023,37.31255690851129
2023-02-24,Aqua,0.0235,0.0874,0.0341,36.71119934175696,70.03655075985117,55,2023,36.71119934175696
2023-02-25,Terra,0.0266,0.0349,0.0346,25.72666894999317,58.88770377047178,56,2023,25.72666894999317
2023-02-25,Aqua,0.0133,0.0393,0.0179,28.742636347995802,61.372565315471775,56,2023,28.742636347995802
2023-03-16,Aqua,0.0406,0.1913,0.047,17.61123481653691,55.84628714081269,75,2023,17.61123481653691
2023-03-18,Terra,0.0376,0.1893,0.0496,26.928673710309123,59.07531467299525,77,2023,26.928673710309123
2023-03-21,Terra,0.0188,0.0716,0.0264,32.99874358021776,52.63588785150454,80,2023,32.99874358021776
2023-03-29,Aqua,0.0214,0.06,0.0326,42.999074210185874,71.00478577529104,88,2023,42.999074210185874
2023-04-25,Aqua,0.0362,0.1493,0.0481,27.569761690732282,59.08408564775706,115,2023,27.569761690732282
2023-04-27,Aqua,0.0335,0.094,0.0483,35.95390661079621,95.1056379830091,117,2023,35.95390661079621
2023-04-27,Terra,0.025,0.0703,0.034,29.735813564466003,60.60018606574559,117,2023,29.735813564466003
2023-04-28,Terra,0.0252,0.0518,0.0399,48.75061151144598,95.63648086408726,118,2023,48.75061151144598
2023-04-28,Aqua,0.0157,0.0477,0.0295,85.05907710722146,93.72578906722475,118,2023,85.05907710722146
2023-04-29,Aqua,0.0228,0.0727,0.0371,53.27988986460911,87.66238359755143,119,2023,53.27988986460911
2023-04-29,Terra,0.0347,0.1272,0.0407,18.37808719631299,53.93819496031907,119,2023,18.37808719631299
2023-05-03,Terra,0.0456,0.1618,0.0592,25.565848032409264,58.272359230447236,123,2023,25.565848032409264
2023-05-10,Terra,0.0607,0.11,0.0685,16.210527369802833,58.63178999981195,130,2023,16.210527369802833
2023-05-11,Terra,0.0269,0.0641,0.0399,39.42735212913941,111.8911122386517,131,2023,39.42735212913941
2023-05-12,Terra,0.0312,0.1106,0.0459,38.38967799790265,107.78604513151848,132,2023,38.38967799790265
2023-05-12,Aqua,0.0326,0.1471,0.0439,28.795519206921888,61.531948465373624,132,2023,28.795519206921888
2023-05-13,Terra,0.0331,0.0686,0.0438,27.202684561563256,58.77416810146699,133,2023,27.202684561563256
2023-05-13,Aqua,0.0273,0.086,0.0383,32.89762126864403,52.31867390495621,133,2023,32.89762126864403
2023-05-14,Terra,0.013,0.0674,0.0215,56.17010637718547,96.03389795569767,134,2023,56.17010637718547
2023-05-14,Aqua,0.0221,0.0757,0.0319,36.087687398316646,109.59631966359461,134,2023,36.087687398316646
2023-05-15,Terra,0.0252,0.134,0.0401,49.54962568663884,106.6480764885379,135,2023,49.54962568663884
2023-05-16,Terra,0.0145,0.053,0.0262,74.90013879856582,105.55031204527494,136,2023,74.90013879856582
2023-05-16,Aqua,0.0317,0.1833,0.0493,45.99059284272661,103.81807715518605,136,2023,45.99059284272661
2023-05-17,Aqua,0.014,0.0513,0.0289,115.48657030959518,101.6747209596927,137,2023,115.48657030959518
2023-05-17,Terra,0.0292,0.086,0.0449,44.32600970371356,105.55170442776453,137,2023,44.32600970371356
2023-05-18,Aqua,0.027,0.1207,0.044,53.53973667638795,97.77683356745295,138,2023,53.53973667638795
2023-05-19,Aqua,0.02,0.0788,0.0346,65.02391063837862,100.24678419103229,139,2023,65.02391063837862
2023-05-19,Terra,0.0377,0.1277,0.0529,32.916885616827344,52.98020717631027,139,2023,32.916885616827344
2023-05-20,Terra,0.0244,0.0992,0.0379,45.80563130144204,107.33843810534205,140,2023,45.80563130144204
2023-05-20,Aqua,0.0293,0.0985,0.0412,33.1432159981268,53.17409122047355,140,2023,33.1432159981268
2023-05-23,Terra,0.0254,0.1408,0.0346,29.892833988908784,59.5476367321077,143,2023,29.892833988908784
2023-05-23,Aqua,0.0264,0.119,0.0434,55.0834823050296,96.57144825202994,143,2023,55.0834823050296
2023-05-24,Terra,0.0303,0.1095,0.0457,41.62744665139137,106.95030775221413,144,2023,41.62744665139137
2023-05-24,Aqua,0.0239,0.1008,0.0367,44.12888980358115,109.392374904026,144,2023,44.12888980358115
2023-05-25,Terra,0.0231,0.085,0.0338,37.719224118996785,109.89068802516219,145,2023,37.719224118996785
2023-05-25,Aqua,0.0309,0.0904,0.0466,41.61307148133507,107.50820040015017,145,2023,41.61307148133507
2023-05-28,Aqua,0.0331,0.1092,0.0438,27.202684561563256,60.038648497635315,148,2023,27.202684561563256
2023-05-28,Terra,0.0232,0.06,0.0307,27.203554969917757,60.038648497635315,148,2023,27.203554969917757
2023-05-29,Terra,0.0283,0.12595,0.0418,38.89063846388766,111.5207405891607,149,2023,38.89063846388766
2023-05-29,Aqua,0.0609,0.1007,0.0695,16.81191522754678,59.30537277532665,149,2023,16.81191522754678
2023-05-30,Terra,0.0192,0.1709,0.0299,46.19152477280086,107.97756029844882,150,2023,46.19152477280086
2023-05-30,Aqua,0.0268,0.1262,0.0449,58.58230563529096,96.16067612701094,150,2023,58.58230563529096
2023-05-31,Aqua,0.0328,0.0616,0.0412,22.964473059994344,56.24130820620708,151,2023,22.964473059994344
2023-05-31,Terra,0.03,0.1188,0.0455,42.387419370033015,116.29340604116247,151,2023,42.387419370033015
2023-06-01,Terra,0.0234,0.1377,0.0361,44.8023861781583,117.56669817116203,152,2023,44.8023861781583
2023-06-01,Aqua,0.0306,0.0979,0.0382,22.508061893064014,56.24130820620708,152,2023,22.508061893064014
2023-06-02,Aqua,0.018,0.0971,0.0277,44.440238454612846,114.92781784699895,153,2023,44.440238454612846
2023-06-02,Terra,0.0144,0.0671,0.0217,41.51032936418149,116.22105507406599,153,2023,41.51032936418149
2023-06-03,Aqua,0.0283,0.1141,0.0418,38.89063846388766,120.26857845498536,154,2023,38.89063846388766
2023-06-03,Terra,0.0255,0.1387,0.0398,46.52920972014209,117.67374045406734,154,2023,46.52920972014209
2023-06-04,Aqua,0.0326,0.1405,0.0501,44.24532276850184,116.69126950475221,155,2023,44.24532276850184
2023-06-05,Aqua,0.0736,0.1329,0.0883,19.7798170960452,58.225414406446866,156,2023,19.7798170960452
2023-06-05,Terra,0.0297,0.1337,0.0449,41.94538859610241,117.9843593099879,156,2023,41.94538859610241
2023-06-06,Aqua,0.0307,0.1226,0.044,35.26398795431683,121.03071886114064,157,2023,35.26398795431683
2023-06-06,Terra,0.05,0.2268,0.0603,20.11799847193139,57.058003135576485,157,2023,20.11799847193139
2023-06-07,Aqua,0.027,0.0685,0.0374,31.563844404506803,54.58724084966429,158,2023,31.563844404506803
2023-06-10,Aqua,0.0333,0.0854,0.0465,32.402059220169576,54.750171226272286,161,2023,32.402059220169576
2023-06-10,Terra,0.0268,0.1534,0.0445,56.90238898430258,101.07646591106213,161,2023,56.90238898430258
2023-06-11,Aqua,0.0298,0.1347,0.0471,48.471218778640214,114.91073384216448,162,2023,48.471218778640214
2023-06-11,Terra,0.0308,0.1806,0.0417,29.304074840446678,64.43997039895739,162,2023,29.304074840446678
2023-06-12,Terra,0.028,0.1386,0.0462,55.74649458644523,101.68573674798397,163,2023,55.74649458644523
2023-06-14,Aqua,0.0251,0.0636,0.0371,38.9811021627186,124.23644035002773,165,2023,38.9811021627186
2023-06-14,Terra,0.0167,0.0821,0.0279,58.048013958847726,98.99791361440317,165,2023,58.048013958847726
2023-06-15,Terra,0.0325,0.109,0.0478,38.35705500644863,120.90937276711563,166,2023,38.35705500644863
2023-06-16,Aqua,0.0216,0.055,0.0347,51.106336996198046,120.84447917634756,167,2023,51.106336996198046
2023-06-16,Terra,0.0259,0.1423,0.037,34.89308418506132,120.78189479067083,167,2023,34.89308418506132
2023-06-21,Aqua,0.0108,0.0666,0.0214,101.0933343659607,103.1729860553587,172,2023,101.0933343659607
2023-06-21,Terra,0.0122,0.0913,0.021,63.968103746991986,100.57213550095382,172,2023,63.968103746991986
2023-06-22,Aqua,0.0236,0.0809,0.0408,64.87903136167708,102.79823931175329,173,2023,64.87903136167708
2023-06-22,Terra,0.0238,0.0939,0.0366,44.339497768929476,121.34531803973394,173,2023,44.339497768929476
2023-06-23,Terra,0.0639,0.1533,0.072,16.1293894288831,61.41209566827132,174,2023,16.1293894288831
2023-06-24,Terra,0.0279,0.1115,0.0443,49.20056216792438,122.22633174793788,175,2023,49.20056216792438
2023-06-24,Aqua,0.0419,0.1395,0.0508,20.467778220328448,59.05243596325224,175,2023,20.467778220328448
2023-06-25,Terra,0.0209,0.1307,0.0345,55.825373296272204,104.3938289231097,176,2023,55.825373296272204
2023-06-25,Aqua,0.0321,0.1671,0.0508,48.6726875956867,120.6017438393245,176,2023,48.6726875956867
2023-06-26,Terra,0.014,0.0884,0.0218,46.177175003505354,120.08256267785278,177,2023,46.177175003505354
2023-06-26,Aqua,0.0362,0.1594,0.048,27.383835825904196,62.400829069958924,177,2023,27.383835825904196
2023-06-27,Aqua,0.0262,0.1386,0.0464,70.16840251171402,105.1392378282768,178,2023,70.16840251171402
2023-06-28,Aqua,0.0164,0.0914,0.0263,50.814922798718186,120.01286729451088,179,2023,50.814922798718186
2023-06-29,Aqua,0.0187,0.0952,0.0341,77.16519538254713,108.52529044787072,180,2023,77.16519538254713
2023-06-29,Terra,0.0231,0.0985,0.036,46.302513487985465,123.56440210190046,180,2023,46.302513487985465
2023-06-30,Terra,0.0229,0.0905,0.0317,31.496791172220703,55.30325317644036,181,2023,31.496791172220703
2023-06-30,Aqua,0.013,0.0712,0.0229,68.95782411482392,105.20012503060327,181,2023,68.95782411482392
2023-07-01,Aqua,0.0471,0.077,0.0522,15.285031339026707,47.5011771503249,182,2023,15.285031339026707
2023-07-01,Terra,0.0111,0.1103,0.0186,58.61670864994245,102.34530074730172,182,2023,58.61670864994245
2023-07-02,Aqua,0.0258,0.0969,0.0349,29.220909671002556,65.3902637776274,183,2023,29.220909671002556
2023-07-02,Terra,0.0217,0.0956,0.0355,54.2172651316691,108.74899553801409,183,2023,54.2172651316691
2023-07-03,Terra,0.0229,0.1058,0.0324,33.81490268758576,120.65016292996297,184,2023,33.81490268758576
2023-07-03,Aqua,0.0532,0.0843,0.0624,18.37919110171523,58.509376836499804,184,2023,18.37919110171523
2023-07-04,Terra,0.0371,0.1116,0.0532,35.32302223070028,132.20881668560747,185,2023,35.32302223070028
2023-07-04,Aqua,0.0375,0.1498,0.0502,28.245828293594393,62.42162157756049,185,2023,28.245828293594393
2023-07-05,Terra,0.0412,0.1591,0.0458,15.436677333215217,48.06128281377274,186,2023,15.436677333215217
2023-07-05,Aqua,0.0197,0.0746,0.0318,51.91040869347259,120.58243223588252,186,2023,51.91040869347259
2023-07-06,Aqua,0.0285,0.0896,0.0422,39.205702250573204,126.57917482101148,187,2023,39.205702250573204
2023-07-07,Terra,0.0218,0.0743,0.0339,45.9752898344958,120.65229278195451,188,2023,45.9752898344958
2023-07-07,Aqua,0.0186,0.0751,0.0302,52.90424862798629,108.27499123381352,188,2023,52.90424862798629
2023-07-08,Aqua,0.0452,0.1059,0.0515,16.724201451745248,61.07218216662353,189,2023,16.724201451745248
2023-07-08,Terra,0.0154,0.0736,0.0244,48.85903876124358,119.9203003821014,189,2023,48.85903876124358
2023-07-09,Aqua,0.0324,0.1803,0.0481,39.539516260125296,126.71506027658532,190,2023,39.539516260125296
2023-07-09,Terra,0.0277,0.1072,0.0425,44.01044363529764,125.10613326207573,190,2023,44.01044363529764
2023-07-10,Terra,0.0414,0.1152,0.0497,19.820308719858467,59.40403030199369,191,2023,19.820308719858467
2023-07-10,Aqua,0.0448,0.0931,0.0538,19.842313905548746,59.49914638438313,191,2023,19.842313905548746
2023-07-11,Terra,0.0268,0.1243,0.0412,44.29248303975217,120.90119604166682,192,2023,44.29248303975217
2023-07-11,Aqua,0.025,0.1753,0.0439,68.25538072183605,103.5267916967125,192,2023,68.25538072183605
2023-07-12,Terra,0.0216,0.0992,0.0322,40.076568315490306,120.87909313540439,193,2023,40.076568315490306
2023-07-12,Aqua,0.0166,0.0604,0.0279,59.19271040339178,99.05998852660267,193,2023,59.19271040339178
2023-07-13,Aqua,0.0249,0.1765,0.0428,63.674235188228224,103.70131860118046,194,2023,63.674235188228224
2023-07-13,Terra,0.0097,0.0874,0.018,81.67572045454084,103.84258009169783,194,2023,81.67572045454084
2023-07-14,Aqua,0.0137,0.0905,0.0249,76.34120250580821,106.16287320674478,195,2023,76.34120250580821
2023-07-14,Terra,0.0213,0.1599,0.0364,62.48296854755016,104.96297152229782,195,2023,62.48296854755016
2023-07-15,Aqua,0.0334,0.2148,0.0429,24.691878802153994,62.04011541670834,196,2023,24.691878802153994
2023-07-16,Terra,0.0262,0.1251,0.041,46.92790818280058,120.44299218103376,197,2023,46.92790818280058
2023-07-16,Aqua,0.0275,0.1023,0.0375,29.995102183783413,62.55754487931758,197,2023,29.995102183783413
2023-07-17,Aqua,0.0259,0.0848,0.0343,27.273697907343596,61.98822900894207,198,2023,27.273697907343596
2023-07-18,Terra,0.0245,0.1821,0.0394,51.28049742755965,120.16160878580678,199,2023,51.28049742755965
2023-07-18,Aqua,0.024,0.1367,0.0381,49.1689724028454,120.1760656066629,199,2023,49.1689724028454
2023-07-19,Terra,0.0198,0.0933,0.03,42.24989394246223,115.70773292617747,200,2023,42.24989394246223
2023-07-19,Aqua,0.0167,0.0775,0.0282,60.102113741472046,97.99972388000313,200,2023,60.102113741472046
2023-07-20,Terra,0.0165,0.0923,0.0247,40.623601623915114,117.24952181493973,201,2023,40.623601623915114
2023-07-20,Aqua,0.04,0.2303,0.0544,29.735813564466003,65.83614121037452,201,2023,29.735813564466003
2023-07-21,Terra,0.025,0.1148,0.0352,33.28571449748223,54.91477914038265,202,2023,33.28571449748223
2023-07-21,Aqua,0.0143,0.0638,0.0275,91.72254231180246,102.89933752671679,202,2023,91.72254231180246
2023-07-22,Aqua,0.0427,0.1955,0.053,22.091709939234587,58.085862916294836,203,2023,22.091709939234587
2023-07-23,Aqua,0.0325,0.1107,0.0489,41.302095005690575,117.20713404259874,204,2023,41.302095005690575
2023-07-23,Terra,0.0311,0.1674,0.0474,43.068060179713676,117.28963153436533,204,2023,43.068060179713676
2023-07-25,Aqua,0.0248,0.0976,0.0374,41.610730045397965,118.07043575827511,206,2023,41.610730045397965
2023-07-26,Aqua,0.0155,0.0493,0.0294,87.7060321709835,104.46494400642625,207,2023,87.7060321709835
2023-07-26,Terra,0.0239,0.1365,0.0365,43.35176784644989,118.72336627518081,207,2023,43.35176784644989
2023-07-27,Aqua,0.0261,0.1003,0.0394,41.74671116573208,117.82462161488048,208,2023,41.74671116573208
2023-07-27,Terra,0.0282,0.0927,0.0361,24.4247847120223,60.84942883216481,208,2023,24.4247847120223
2023-07-28,Aqua,0.0182,0.0935,0.0302,56.77912521690643,98.90603119691137,209,2023,56.77912521690643
2023-07-28,Terra,0.0346,0.1396,0.05,36.221806114368256,120.21754988819167,209,2023,36.221806114368256
2023-07-29,Aqua,0.0566,0.1379,0.0659,17.943577566440908,58.11521602431453,210,2023,17.943577566440908
2023-07-29,Terra,0.0295,0.1745,0.0374,23.667220733319926,57.63594317568716,210,2023,23.667220733319926
2023-07-30,Aqua,0.0329,0.161,0.051,45.50651391375408,113.18774325313183,211,2023,45.50651391375408
2023-07-30,Terra,0.0407,0.1681,0.0562,31.242711770056843,56.38649389393191,211,2023,31.242711770056843
2023-07-31,Aqua,0.0267,0.1138,0.0369,31.330125501642872,54.93342855092098,212,2023,31.330125501642872
2023-07-31,Terra,0.0212,0.0477,0.034,50.82677675426634,118.3416614928692,212,2023,50.82677675426634
2023-08-01,Aqua,0.0296,0.1236,0.0437,38.83241537151336,116.56161892044994,213,2023,38.83241537151336
2023-08-01,Terra,0.0139,0.0807,0.0234,59.505932467202406,96.59216611130113,213,2023,59.505932467202406
2023-08-02,Terra,0.0222,0.0816,0.0374,59.64757744450116,97.12116398752113,214,2023,59.64757744450116
2023-08-02,Aqua,0.0179,0.0565,0.032,72.34492729611699,107.39718574296619,214,2023,72.34492729611699
2023-08-03,Terra,0.0274,0.1311,0.0346,23.36370467223903,57.63594317568716,215,2023,23.36370467223903
2023-08-03,Aqua,0.0247,0.0702,0.0391,48.7168444003036,99.65290009341658,215,2023,48.7168444003036
2023-08-07,Aqua,0.0196,0.1086,0.0299,43.19630966287464,98.73779396503367,219,2023,43.19630966287464
2023-08-07,Terra,0.0268,0.1234,0.0406,42.229394293652646,100.49003569419735,219,2023,42.229394293652646
2023-08-08,Aqua,0.0212,0.0707,0.0353,57.421756340602016,91.69406174861186,220,2023,57.421756340602016
2023-08-08,Terra,0.0215,0.0719,0.0305,34.10776454987065,97.71805752507142,220,2023,34.10776454987065
2023-08-09,Aqua,0.0215,0.0732,0.0307,34.840343949467055,97.25134788792626,221,2023,34.840343949467055
2023-08-10,Terra,0.0329,0.1169,0.0429,25.93298843534009,61.18736799344606,222,2023,25.93298843534009
2023-08-10,Aqua,0.0228,0.1049,0.0351,44.49517069937552,94.85416773820806,222,2023,44.49517069937552
2023-08-11,Terra,0.0236,0.1261,0.0375,49.31847841699373,95.62053132901006,223,2023,49.31847841699373
2023-08-11,Aqua,0.0298,0.1663,0.0416,32.37013847142479,54.162005192639874,223,2023,32.37013847142479
2023-08-12,Terra,0.0198,0.1639,0.0331,58.16767817529793,90.00518213374727,224,2023,58.16767817529793
2023-08-12,Aqua,0.0375,0.0523,0.0483,24.915647588094362,61.18736799344606,224,2023,24.915647588094362
2023-08-13,Terra,0.0138,0.0768,0.0222,51.335715320939755,94.03119344690444,225,2023,51.335715320939755
2023-08-13,Aqua,0.0286,0.1498,0.0444,45.725988123831904,94.17064486995554,225,2023,45.725988123831904
2023-08-15,Terra,0.0243,0.0758,0.0382,47.62677074544462,96.40022952891744,227,2023,47.62677074544462
2023-08-16,Aqua,0.0279,0.0904,0.0406,37.052290009012005,101.5648187277552,228,2023,37.052290009012005
2023-08-16,Terra,0.0251,0.1177,0.0425,60.63658615179977,91.59220109284227,228,2023,60.63658615179977
2023-08-18,Aqua,0.0305,0.1204,0.043,33.42704938556944,54.05462903210532,230,2023,33.42704938556944
2023-08-18,Terra,0.0147,0.0676,0.024,53.86337713460753,91.42976529928636,230,2023,53.86337713460753
2023-08-19,Aqua,0.0338,0.1148,0.0466,31.08576413369249,53.89273766485327,231,2023,31.08576413369249
2023-08-22,Aqua,0.0277,0.1203,0.0429,45.371544481187755,93.75547127633835,234,2023,45.371544481187755
2023-08-23,Terra,0.0251,0.1481,0.0404,51.42563317499433,89.17563603724182,235,2023,51.42563317499433
2023-08-23,Aqua,0.0186,0.0755,0.0304,54.051917696942716,85.0893970810214,235,2023,54.051917696942716
2023-08-24,Aqua,0.0512,0.1395,0.0603,18.624972194377804,56.347749021471266,236,2023,18.624972194377804
2023-08-26,Terra,0.0355,0.1294,0.0506,34.638068147393525,84.78126493885323,238,2023,34.638068147393525
2023-08-26,Aqua,0.0262,0.099,0.0372,34.20500499417178,84.96109567067087,238,2023,34.20500499417178
2023-08-27,Terra,0.0346,0.047,0.0469,29.416485961220715,61.695734016241296,239,2023,29.416485961220715
2023-08-27,Aqua,0.022,0.1394,0.0358,53.288380090549765,81.05671403020943,239,2023,53.288380090549765
2023-08-28,Aqua,0.0245,0.1386,0.0355,36.540030161233,86.53226813916497,240,2023,36.540030161233
2023-09-02,Terra,0.0312,0.1507,0.0444,34.45862077150486,80.80605835389945,245,2023,34.45862077150486
2023-09-05,Aqua,0.0188,0.0751,0.0305,52.76501119116079,72.01725377648482,248,2023,52.76501119116079
2023-09-05,Terra,0.0178,0.0742,0.0263,38.933141663565685,74.31508457909807,248,2023,38.933141663565685
2023-09-06,Aqua,0.0148,0.0915,0.0262,70.07542259605047,77.74505403834956,249,2023,70.07542259605047
2023-09-06,Terra,0.0131,0.0686,0.0208,49.19780568574799,69.69408779089011,249,2023,49.19780568574799
2023-09-07,Aqua,0.0799,0.1353,0.0883,15.144281992786244,48.1300135426631,250,2023,15.144281992786244
2023-09-08,Aqua,0.0354,0.1595,0.0487,30.866956398120344,51.82219005843913,251,2023,30.866956398120344
2023-09-08,Terra,0.0157,0.0607,0.0227,36.28485535381829,56.29837704592855,251,2023,36.28485535381829
2023-09-09,Aqua,0.0192,0.0718,0.0283,38.628135018200396,43.163433668461174,252,2023,38.628135018200396
2023-09-09,Terra,0.0388,0.1526,0.0513,27.129370387823986,59.99707171593543,252,2023,27.129370387823986
2023-09-10,Aqua,0.0391,0.1717,0.0523,28.172435913057328,60.005596211161674,253,2023,28.172435913057328
2023-09-12,Aqua,0.0268,0.0547,0.0343,24.406730903753463,60.40532371296194,255,2023,24.406730903753463
2023-09-12,Terra,0.0189,0.0532,0.0289,43.52773374760646,47.02845488986653,255,2023,43.52773374760646
2023-09-13,Aqua,0.0183,0.1092,0.0312,62.008445801297654,45.18459407860937,256,2023,62.008445801297654
2023-09-13,Terra,0.0143,0.0734,0.0234,54.26242059756605,40.88949797503205,256,2023,54.26242059756605
2023-09-14,Terra,0.0296,0.1623,0.0395,27.95821619074349,60.383804236708016,257,2023,27.95821619074349
2023-09-14,Aqua,0.0139,0.0962,0.0235,60.33674093857985,45.18459407860937,257,2023,60.33674093857985
2023-09-15,Aqua,0.0344,0.0889,0.0501,37.151578632143455,41.17778036673038,258,2023,37.151578632143455
2023-09-15,Terra,0.021,0.1105,0.0286,29.87143700343039,61.378684888181155,258,2023,29.87143700343039
2023-09-16,Terra,0.0138,0.1272,0.0192,32.01946243906987,53.009472917826386,259,2023,32.01946243906987
2023-09-17,Aqua,0.0392,0.1449,0.0512,26.073641629928236,59.78909072055668,260,2023,26.073641629928236
2023-09-19,Terra,0.0316,0.1262,0.0407,24.914055312710023,60.025718556517894,262,2023,24.914055312710023
2023-09-19,Aqua,0.0283,0.0952,0.0384,29.515324244950207,61.50511418487381,262,2023,29.515324244950207
2023-09-22,Terra,0.0156,0.1317,0.0254,53.387719949639894,39.436407300445055,265,2023,53.387719949639894
2023-09-22,Aqua,0.0329,0.1147,0.047,34.89308418506132,37.31383981640131,265,2023,34.89308418506132
2023-10-01,Terra,0.0232,0.1148,0.0336,36.48236099520515,39.38912555666913,274,2023,36.48236099520515
2023-10-01,Aqua,0.0306,0.1259,0.0413,29.00793514695597,64.5344313277143,274,2023,29.00793514695597
2023-10-04,Terra,0.0195,0.0632,0.0249,24.225671040973612,64.31226792504008,277,2023,24.225671040973612
2023-10-04,Aqua,0.0289,0.1963,0.0444,44.20062756362462,35.38542443359262,277,2023,44.20062756362462
2023-10-05,Aqua,0.0125,0.0815,0.0201,51.26357218369069,40.50998151690233,278,2023,51.26357218369069
2023-10-05,Terra,0.0089,0.0767,0.015,59.729185572586935,40.33139008256393,278,2023,59.729185572586935
2023-10-06,Aqua,0.0257,0.1204,0.0385,40.71939356641881,37.90772140864325,279,2023,40.71939356641881
2023-10-06,Terra,0.0184,0.162,0.0282,43.85327051230646,40.8875266135136,279,2023,43.85327051230646
2023-10-07,Aqua,0.0146,0.0879,0.0261,72.33989271484465,46.69506765827925,280,2023,72.33989271484465
2023-10-07,Terra,0.0151,0.063,0.0225,40.017639496289625,38.11969864438051,280,2023,40.017639496289625
2023-10-08,Terra,0.0252,0.131,0.0364,36.16948959313265,38.136181324730025,281,2023,36.16948959313265
2023-10-08,Aqua,0.0253,0.0785,0.0366,36.34857496961862,38.24408047111944,281,2023,36.34857496961862
2023-10-12,Terra,0.0093,0.0899,0.0159,62.573033072666014,45.52114988216178,285,2023,62.573033072666014
2023-10-17,Terra,0.0077,0.0815,0.0127,55.67519466365498,40.28219036073444,290,2023,55.67519466365498
2023-10-17,Aqua,0.0122,0.0469,0.0206,60.0907544576198,40.8186132712531,290,2023,60.0907544576198
2023-10-18,Terra,0.0196,0.0864,0.025,24.13862646630194,59.57707780544474,291,2023,24.13862646630194
2023-10-18,Aqua,0.0259,0.17,0.0342,27.016010878969116,60.36636308385953,291,2023,27.016010878969116
2023-10-19,Aqua,0.01,0.0888,0.0204,111.12724049012232,45.952755666911145,292,2023,111.12724049012232
2023-10-19,Terra,0.0156,0.0679,0.0203,25.760778293632306,59.87836536432973,292,2023,25.760778293632306
2023-10-28,Aqua,0.0104,0.0441,0.0184,69.94172224381644,65.99485418482861,301,2023,69.94172224381644
2023-10-28,Terra,0.0224,0.0778,0.0272,20.570887127585607,57.28637504987504,301,2023,20.570887127585607
2023-10-29,Terra,0.0095,0.0567,0.0154,52.62895106103553,56.565720611355154,302,2023,52.62895106103553
2023-10-29,Aqua,0.0119,0.067,0.0187,47.56888448895646,59.66556546564898,302,2023,47.56888448895646
2023-10-30,Terra,0.0227,0.0759,0.03,27.090758492737887,60.42058112150155,303,2023,27.090758492737887
2023-10-30,Aqua,0.0427,0.1669,0.0476,15.577245195087281,48.62084459982024,303,2023,15.577245195087281
2023-10-31,Terra,0.0251,0.0752,0.0323,24.843552101596583,59.93236385903348,304,2023,24.843552101596583
2023-10-31,Aqua,0.0184,0.0638,0.0243,27.028575757409822,60.42058112150155,304,2023,27.028575757409822
2023-11-08,Aqua,0.0446,0.1053,0.0412,8.455186093936305,49.832306416691715,312,2023,8.455186093936305
2023-11-14,Terra,0.0518,0.1352,0.0548,13.13990548876805,46.4503926382768,318,2023,13.13990548876805
2023-11-15,Terra,0.0179,0.0731,0.0242,29.167713795088645,61.71173193481664,319,2023,29.167713795088645
2023-11-16,Terra,0.0514,0.1758,0.0528,11.940968160879503,48.14993031268774,320,2023,11.940968160879503
2023-11-16,Aqua,0.0234,0.0766,0.0267,16.80284187686382,59.959070875206535,320,2023,16.80284187686382
2023-11-17,Terra,0.0244,0.0626,0.024,10.369382580491383,49.19321963157661,321,2023,10.369382580491383
2023-11-17,Aqua,0.0424,0.0868,0.0408,9.655540437239283,49.89904538524806,321,2023,9.655540437239283
2023-11-20,Terra,0.0115,0.0865,0.0105,8.14021209050453,49.335068899992315,324,2023,8.14021209050453
2023-11-21,Terra,0.0302,0.0655,0.0287,9.271631832567461,49.19321963157661,325,2023,9.271631832567461
2023-11-23,Aqua,0.0218,0.0582,0.0226,12.302227978138037,46.01773791625919,327,2023,12.302227978138037
2023-11-24,Aqua,0.0277,0.1274,0.0336,20.499954878424713,56.29381547805727,328,2023,20.499954878424713
2023-11-24,Terra,0.0292,0.0861,0.0299,11.818016913852375,47.949495009674635,328,2023,11.818016913852375
2023-11-25,Terra,0.0307,0.0932,0.0363,18.866482561035987,56.80832411346738,329,2023,18.866482561035987
2023-11-25,Aqua,0.0347,0.1375,0.0351,11.35736244772267,48.87833807885829,329,2023,11.35736244772267
2023-11-26,Aqua,0.0374,0.0743,0.0325,6.9310162746937,48.950141869498715,330,2023,6.9310162746937
2023-11-26,Terra,0.0495,0.0782,0.048,9.900151679117505,49.56487906404164,330,2023,9.900151679117505
2023-11-27,Aqua,0.0405,0.0709,0.0374,8.445963280026323,49.694409933771446,331,2023,8.445963280026323
2023-11-27,Terra,0.0248,0.0845,0.0299,20.098758998787044,56.46821545774872,331,2023,20.098758998787044
2023-11-28,Aqua,0.0357,0.1045,0.0425,19.288148484942774,57.07889376057241,332,2023,19.288148484942774
2023-11-28,Terra,0.0367,0.0468,0.0424,17.496633498673525,57.43082783030716,332,2023,17.496633498673525
2023-12-12,Terra,0.0134,0.055,0.0243,75.78467656043367,72.74318797652063,346,2023,75.78467656043367
2023-12-12,Aqua,0.0449,0.0885,0.059,26.590475329004978,59.70884578254841,346,2023,26.590475329004978
2023-12-16,Aqua,0.0437,0.0796,0.0438,11.023533211857734,48.767860627547435,350,2023,11.023533211857734
2023-12-20,Terra,0.0621,0.1135,0.0558,7.727558339438228,49.68892142120673,354,2023,7.727558339438228
2023-12-20,Aqua,0.0356,0.0921,0.0378,13.297353283747437,46.952136895165744,354,2023,13.297353283747437
2023-12-23,Aqua,0.0147,0.0396,0.02,29.77451951689537,60.98153865249696,357,2023,29.77451951689537
2024-01-01,Terra,0.0399,0.0694,0.0418,12.728647579069127,45.86610314707222,1,2024,12.728647579069127
2024-01-30,Terra,0.0657,0.0961,0.071,14.081280189343603,46.07613542010482,30,2024,14.081280189343603
2024-02-10,Aqua,0.0433,0.0635,0.0567,26.29146918733451,58.63171541794435,41,2024,26.29146918733451
2024-02-13,Aqua,0.0398,0.1083,0.052,26.100276509598437,58.39496267851874,44,2024,26.100276509598437
2024-02-13,Terra,0.0464,0.1554,0.0622,28.372983092049722,59.56411767900381,44,2024,28.372983092049722
2024-02-22,Aqua,0.0296,0.1442,0.0388,26.37917695362578,58.620229666840636,53,2024,26.37917695362578
2024-02-23,Terra,0.0365,0.1074,0.0488,28.130711057039857,58.87667257041659,54,2024,28.130711057039857
2024-02-23,Aqua,0.0481,0.1785,0.0584,20.562708737814706,55.32302161393216,54,2024,20.562708737814706
2024-02-24,Terra,0.0271,0.0631,0.0391,36.03613648845099,71.77228436754388,55,2024,36.03613648845099
2024-02-24,Aqua,0.0325,0.0924,0.0484,39.94473339341677,67.51769238954729,55,2024,39.94473339341677
2024-03-14,Aqua,0.0123,0.0343,0.0266,134.34803852769548,72.16735541495653,74,2024,134.34803852769548
2024-03-14,Terra,0.0133,0.073,0.0219,55.37567704549576,63.851623317027496,74,2024,55.37567704549576
2024-03-15,Aqua,0.0154,0.0346,0.027,67.90803705106902,72.67961252324551,75,2024,67.90803705106902
2024-03-16,Aqua,0.0143,0.08,0.0272,88.50894475747754,71.11633813504176,76,2024,88.50894475747754
2024-03-16,Terra,0.0144,0.0994,0.0252,67.50000863923968,69.37127972386305,76,2024,67.50000863923968
2024-03-17,Aqua,0.0176,0.1439,0.026,38.91126782038348,70.01411237623084,77,2024,38.91126782038348
2024-03-18,Terra,0.0261,0.1376,0.0371,34.33116486964372,68.49552980953538,78,2024,34.33116486964372
2024-03-18,Aqua,0.0391,0.1706,0.048,21.31455542325942,55.416930056212344,78,2024,21.31455542325942
2024-03-19,Aqua,0.0138,0.1305,0.019,30.947668909594857,52.47613674975853,79,2024,30.947668909594857
2024-03-19,Terra,0.0153,0.0781,0.0247,51.92775570676593,66.70058876075389,79,2024,51.92775570676593
2024-03-29,Terra,0.0224,0.0868,0.0299,27.982880943093427,59.66343284143597,89,2024,27.982880943093427
2024-03-30,Terra,0.0278,0.1628,0.0394,34.00324299776653,67.95388194123456,90,2024,34.00324299776653
2024-03-30,Aqua,0.0264,0.1038,0.0413,46.87999695219733,68.411887675186,90,2024,46.87999695219733
2024-03-31,Terra,0.0288,0.0515,0.0393,30.062881298271346,58.62741646614556,91,2024,30.062881298271346
2024-03-31,Aqua,0.0121,0.0397,0.0238,98.70137118553156,71.7922436151367,91,2024,98.70137118553156
2024-04-01,Aqua,0.0238,0.0826,0.0375,47.98367288392907,69.63145217533783,92,2024,47.98367288392907
2024-04-01,Terra,0.0317,0.1073,0.0453,34.928885821676424,67.50079693231169,92,2024,34.928885821676424
2024-04-02,Terra,0.0184,0.0477,0.0273,39.464032573816475,71.39678540172373,93,2024,39.464032573816475
2024-04-10,Aqua,0.0371,0.0487,0.0447,20.055786182109603,55.99195946712389,101,2024,20.055786182109603
2024-04-17,Aqua,0.0203,0.1161,0.0265,26.027992882764938,59.2959158139375,108,2024,26.027992882764938
2024-04-17,Terra,0.0136,0.0474,0.0204,40.89158595002345,72.8774269629871,108,2024,40.89158595002345
2024-04-18,Terra,0.0256,0.1161,0.0362,33.75396605989772,70.22691171092083,109,2024,33.75396605989772
2024-04-18,Aqua,0.0217,0.1176,0.0377,65.92362004394823,71.70973065996688,109,2024,65.92362004394823
2024-04-19,Aqua,0.0141,0.0579,0.0219,45.79727098089316,73.9366955714208,110,2024,45.79727098089316
2024-04-19,Terra,0.0165,0.065,0.0227,30.87070344373007,52.64946111074175,110,2024,30.87070344373007
2024-04-20,Terra,0.0258,0.0761,0.0286,15.296104582454136,45.88812141861747,111,2024,15.296104582454136
2024-04-21,Aqua,0.0189,0.0633,0.0287,42.555926570838146,73.27168609341244,112,2024,42.555926570838146
2024-04-21,Terra,0.0381,0.1072,0.0458,19.907223979285696,55.56744683237097,112,2024,19.907223979285696
2024-04-23,Terra,0.032,0.1034,0.0419,26.285344855529168,58.82719094518564,114,2024,26.285344855529168
2024-04-23,Aqua,0.0317,0.1048,0.0457,35.9416920696527,91.35851933998535,114,2024,35.9416920696527
2024-05-08,Terra,0.0231,0.1193,0.0345,40.318825744059495,104.31803648376732,129,2024,40.318825744059495
2024-05-08,Aqua,0.0081,0.0486,0.0173,129.0100785709625,99.37071038937829,129,2024,129.0100785709625
2024-05-09,Terra,0.0179,0.1243,0.0247,31.17309054208667,51.95681703858186,130,2024,31.17309054208667
2024-05-09,Aqua,0.0225,0.0568,0.0308,30.372388049357447,57.85041764335163,130,2024,30.372388049357447
2024-05-10,Terra,0.0299,0.1432,0.0439,38.14194204130498,107.54847723183491,131,2024,38.14194204130498
2024-05-10,Aqua,0.0273,0.129,0.0446,53.9757213996822,96.01980168885918,131,2024,53.9757213996822
2024-05-11,Terra,0.0158,0.1544,0.0258,53.89109261584172,95.9529000682367,132,2024,53.89109261584172
2024-05-12,Aqua,0.0299,0.1726,0.0452,41.93827797051183,105.0989677427507,133,2024,41.93827797051183
2024-05-12,Terra,0.0134,0.0709,0.0226,59.864557191120014,94.14989838041853,133,2024,59.864557191120014
2024-05-13,Aqua,0.0407,0.1349,0.0469,17.35036134416509,55.370494957320034,134,2024,17.35036134416509
2024-05-13,Terra,0.022,0.1062,0.035,49.51311154854089,104.6105460626035,134,2024,49.51311154854089
2024-05-14,Aqua,0.0241,0.1317,0.038,48.095972606538325,107.33843810534205,135,2024,48.095972606538325
2024-05-14,Terra,0.0306,0.0672,0.0354,17.57304179965534,55.307719997087815,135,2024,17.57304179965534
2024-05-15,Aqua,0.0312,0.1155,0.0453,36.781926821939365,110.12767087686873,136,2024,36.781926821939365
2024-05-15,Terra,0.031,0.1007,0.042,29.370461631848418,62.60379081466848,136,2024,29.370461631848418
2024-05-16,Aqua,0.0447,0.1053,0.0533,19.38934635229441,56.045785546017115,137,2024,19.38934635229441
2024-05-16,Terra,0.0297,0.1032,0.0376,23.557938559735117,55.59502523498529,137,2024,23.557938559735117
2024-05-17,Terra,0.0362,0.132,0.0496,30.464597941522026,58.76097659023013,138,2024,30.464597941522026
2024-05-17,Aqua,0.0333,0.1085,0.0473,34.249914510160835,106.96400026621868,138,2024,34.249914510160835
2024-05-18,Terra,0.0329,0.0734,0.0443,28.787092994305958,62.60379081466848,139,2024,28.787092994305958
2024-05-20,Aqua,0.0206,0.0603,0.0313,42.63789317433162,107.02326766654097,141,2024,42.63789317433162
2024-05-20,Terra,0.0243,0.1299,0.0387,49.68367038974185,106.6480764885379,141,2024,49.68367038974185
2024-05-23,Aqua,0.0134,0.0602,0.0252,85.29717841276751,103.34681902331832,144,2024,85.29717841276751
2024-05-26,Aqua,0.0289,0.1146,0.0437,41.97482414426261,109.55247661076312,147,2024,41.97482414426261
2024-05-26,Terra,0.0207,0.0597,0.0343,56.51966288480554,96.83279026636879,147,2024,56.51966288480554
2024-05-27,Aqua,0.0359,0.1909,0.0552,44.3197513050195,109.19068447221916,148,2024,44.3197513050195
2024-05-30,Aqua,0.0281,0.0956,0.0436,45.645006810570536,114.9580065350791,151,2024,45.645006810570536
2024-05-30,Terra,0.022,0.0696,0.0389,69.80698559122173,104.33884891035865,151,2024,69.80698559122173
2024-05-31,Aqua,0.0254,0.1426,0.0467,79.2556408722159,104.96410936156566,152,2024,79.2556408722159
2024-05-31,Terra,0.0252,0.0662,0.0366,36.819654577491065,124.60685364146805,152,2024,36.819654577491065
2024-06-05,Terra,0.0129,0.0763,0.0235,76.91452123819366,105.95682744224646,157,2024,76.91452123819366
2024-06-05,Aqua,0.0292,0.1916,0.0455,46.28103472422226,116.40944452730216,157,2024,46.28103472422226
2024-06-06,Aqua,0.0158,0.0807,0.0273,64.76130190532953,101.40566912953061,158,2024,64.76130190532953
2024-06-06,Terra,0.0234,0.1337,0.0398,61.52922831719916,100.03238884620275,158,2024,61.52922831719916
2024-06-07,Aqua,0.0222,0.1208,0.0382,63.89675079143972,103.09009029632485,159,2024,63.89675079143972
2024-06-09,Terra,0.0227,0.1809,0.0379,57.92889604792373,100.71112489990273,161,2024,57.92889604792373
2024-06-09,Aqua,0.0358,0.1553,0.0494,31.17309054208667,54.509602345727686,161,2024,31.17309054208667
2024-06-10,Aqua,0.0253,0.1701,0.0477,86.0038846863543,102.42798047541834,162,2024,86.0038846863543
2024-06-10,Terra,0.0126,0.0731,0.0216,63.12307917456333,100.65022546848748,162,2024,63.12307917456333
2024-06-11,Aqua,0.0247,0.0908,0.0373,41.7955473272372,119.39099246096802,163,2024,41.7955473272372
2024-06-11,Terra,0.0256,0.1063,0.0419,54.300717297635124,103.3752627147806,163,2024,54.300717297635124
2024-06-12,Aqua,0.021,0.0871,0.0335,49.95251271970174,114.58506917736739,164,2024,49.95251271970174
2024-06-12,Terra,0.0478,0.1571,0.0547,16.9626060751586,59.52423396970911,164,2024,16.9626060751586
2024-06-13,Aqua,0.014,0.0877,0.0249,71.14947214359151,103.63784485778244,165,2024,71.14947214359151
2024-06-13,Terra,0.0223,0.109,0.0369,56.26539156639286,102.26343440927339,165,2024,56.26539156639286
2024-06-18,Aqua,0.01,0.0378,0.0238,183.43846341166,100.71108835405344,170,2024,183.43846341166
2024-06-18,Terra,0.0264,0.1647,0.0453,63.317640143373154,101.94330497848802,170,2024,63.317640143373154
2024-06-19,Aqua,0.0255,0.1074,0.04,47.29374241834224,120.20298787528058,171,2024,47.29374241834224
2024-06-19,Terra,0.0157,0.0664,0.0283,74.31560664686769,105.24806614413939,171,2024,74.31560664686769
2024-06-20,Aqua,0.0326,0.1737,0.0532,53.78283727891335,106.7445664364052,172,2024,53.78283727891335
2024-06-20,Terra,0.0138,0.0783,0.0249,74.55717265207859,105.4318387557136,172,2024,74.55717265207859
2024-06-21,Aqua,0.0789,0.1267,0.0872,15.147179951392676,49.29534376138204,173,2024,15.147179951392676
2024-06-21,Terra,0.0244,0.0934,0.0382,46.99505010453536,120.39937779018983,173,2024,46.99505010453536
2024-06-22,Aqua,0.0237,0.1093,0.0423,71.964133058917,108.31294333807537,174,2024,71.964133058917
2024-06-22,Terra,0.0242,0.1071,0.0341,33.36963944910221,55.46724784438682,174,2024,33.36963944910221
2024-06-23,Terra,0.0233,0.0957,0.0403,64.97671813873575,106.82168536274781,175,2024,64.97671813873575
2024-06-23,Aqua,0.0249,0.0469,0.0413,56.70060293686682,112.87198263520267,175,2024,56.70060293686682
2024-06-24,Terra,0.065,0.1731,0.0713,14.781602130417296,47.637955994594655,176,2024,14.781602130417296
2024-06-24,Aqua,0.0218,0.1081,0.04,78.73540167081758,110.5966706818242,176,2024,78.73540167081758
2024-06-25,Terra,0.0251,0.165,0.044,67.87546237385199,105.6024057783131,177,2024,67.87546237385199
2024-06-25,Aqua,0.027,0.1457,0.0487,74.47066956660944,108.71077679655168,177,2024,74.47066956660944
2024-06-28,Terra,0.0189,0.0679,0.0368,95.49903186405075,108.29634263172638,180,2024,95.49903186405075
2024-06-28,Aqua,0.0246,0.0433,0.0428,66.23382174877607,117.04185735535725,180,2024,66.23382174877607
2024-07-01,Aqua,0.0337,0.2175,0.0477,33.86023582605771,122.91897606025204,183,2024,33.86023582605771
2024-07-02,Terra,0.0166,0.0817,0.0279,59.19271040339178,102.66253661683142,184,2024,59.19271040339178
2024-07-02,Aqua,0.0287,0.1831,0.0495,64.38313920625617,105.65368781066698,184,2024,64.38313920625617
2024-07-03,Aqua,0.0662,0.0771,0.0799,20.169496689547618,59.879064508351966,185,2024,20.169496689547618
2024-07-03,Terra,0.0195,0.0845,0.035,73.29157762958377,111.5259515430312,185,2024,73.29157762958377
2024-07-04,Aqua,0.0247,0.162,0.0461,83.2207927286217,107.37582441736481,186,2024,83.2207927286217
2024-07-04,Terra,0.0103,0.0779,0.0212,114.39272785751035,104.95292357532618,186,2024,114.39272785751035
2024-07-05,Aqua,0.0142,0.0861,0.0271,89.4737068121025,106.41368304627568,187,2024,89.4737068121025
2024-07-05,Terra,0.0199,0.1063,0.0376,86.60925974411654,108.74684375164114,187,2024,86.60925974411654
2024-07-06,Aqua,0.02,0.0678,0.0366,78.05902526004513,111.3216098242202,188,2024,78.05902526004513
2024-07-06,Terra,0.0256,0.0732,0.0396,45.19447606415102,123.86583144951611,188,2024,45.19447606415102
2024-07-07,Aqua,0.0253,0.1669,0.0468,80.8389922189012,109.14543146243616,189,2024,80.8389922189012
2024-07-07,Terra,0.0127,0.0875,0.0251,100.24919920067073,106.38381994855118,189,2024,100.24919920067073
2024-07-08,Terra,0.0214,0.1385,0.0358,58.30128344571084,105.97949865332684,190,2024,58.30128344571084
2024-07-08,Aqua,0.0602,0.1395,0.0799,27.46958702326195,63.86133807435797,190,2024,27.46958702326195
2024-07-09,Terra,0.0145,0.0979,0.0265,77.7247565849119,105.85989478852237,191,2024,77.7247565849119
2024-07-09,Aqua,0.0332,0.1178,0.0471,34.11324073406058,119.95610002389273,191,2024,34.11324073406058
2024-07-10,Aqua,0.0247,0.093,0.0377,43.27052092677256,122.81652331405641,192,2024,43.27052092677256
2024-07-10,Terra,0.0473,0.1738,0.0648,30.451089523302926,63.63599419512596,192,2024,30.451089523302926
2024-07-11,Terra,0.0593,0.1279,0.0709,19.56020151948157,59.738616427429704,193,2024,19.56020151948157
2024-07-11,Aqua,0.0209,0.0992,0.0411,98.6304210740364,105.64688737915439,193,2024,98.6304210740364
2024-07-12,Aqua,0.0168,0.0775,0.0317,86.23090714861141,103.84258009169783,194,2024,86.23090714861141
2024-07-12,Terra,0.0336,0.1495,0.0517,44.42161140308772,121.09970941070287,194,2024,44.42161140308772
2024-07-13,Terra,0.0209,0.1403,0.0356,61.82312682635641,102.588764670318,195,2024,61.82312682635641
2024-07-13,Aqua,0.0402,0.181,0.0556,31.4084790750452,56.97990850891525,195,2024,31.4084790750452
2024-07-14,Aqua,0.0305,0.1995,0.0509,57.84421071877807,100.09732588651191,196,2024,57.84421071877807
2024-07-14,Terra,0.0202,0.0925,0.0333,55.583515462694955,101.41084547971472,196,2024,55.583515462694955
2024-07-15,Aqua,0.0288,0.0617,0.0456,48.75061151144598,124.88030640980452,197,2024,48.75061151144598
2024-07-15,Terra,0.0361,0.2251,0.0561,45.876423700420034,121.7170367224375,197,2024,45.876423700420034
2024-07-16,Terra,0.0149,0.067,0.0282,87.08263625945658,103.92567248567741,198,2024,87.08263625945658
2024-07-17,Aqua,0.0169,0.1121,0.033,96.39059410274353,104.18609882056356,199,2024,96.39059410274353
2024-07-18,Terra,0.0187,0.1132,0.0328,68.00429133419108,100.96499789641857,200,2024,68.00429133419108
2024-07-18,Aqua,0.0358,0.1553,0.0457,24.20182162805283,61.234810387643385,200,2024,24.20182162805283
2024-07-19,Terra,0.0158,0.0744,0.0278,68.69790318588892,102.19385322983025,201,2024,68.69790318588892
2024-07-19,Aqua,0.0303,0.1464,0.0512,60.234861253036065,98.57785475401663,201,2024,60.234861253036065
2024-07-20,Aqua,0.0655,0.1091,0.0709,14.156535561640046,47.26312422600166,202,2024,14.156535561640046
2024-07-20,Terra,0.0248,0.0599,0.0421,61.144966219325646,105.78827303680771,202,2024,61.144966219325646
2024-07-22,Terra,0.0477,0.204,0.0658,31.141271926023645,56.76699243633258,204,2024,31.141271926023645
2024-07-22,Aqua,0.0243,0.0811,0.0399,54.86979421898493,102.52236504312945,204,2024,54.86979421898493
2024-07-23,Aqua,0.0244,0.0791,0.04,54.58444267557805,101.92239415328861,205,2024,54.58444267557805
2024-07-23,Terra,0.0197,0.1458,0.0344,67.02372518876619,101.60051213195499,205,2024,67.02372518876619
2024-07-24,Aqua,0.0296,0.1114,0.0457,44.914268063126904,115.16260757371786,206,2024,44.914268063126904
2024-07-25,Aqua,0.0191,0.167,0.0272,34.53795255693597,114.58472804208105,207,2024,34.53795255693597
2024-07-25,Terra,0.0321,0.1294,0.0505,47.7443159727226,114.1777537038978,207,2024,47.7443159727226
2024-07-26,Aqua,0.0294,0.1315,0.0476,52.417598033861466,111.47013613214375,208,2024,52.417598033861466
2024-07-27,Terra,0.0358,0.0894,0.0555,45.51867074413185,120.70783783225988,209,2024,45.51867074413185
2024-07-31,Terra,0.0136,0.0986,0.0287,124.06737521146115,101.25399143290122,213,2024,124.06737521146115
2024-07-31,Aqua,0.0286,0.1221,0.0486,61.3466338806999,97.20343290678119,213,2024,61.3466338806999
2024-08-01,Terra,0.0353,0.1892,0.0549,45.99402990326018,107.01104152214941,214,2024,45.99402990326018
2024-08-01,Aqua,0.0203,0.1567,0.0307,41.993288210791945,105.65920898147846,214,2024,41.993288210791945
2024-08-04,Terra,0.0194,0.0919,0.0379,96.54243402141054,105.00726825779614,217,2024,96.54243402141054
2024-08-04,Aqua,0.024,0.1306,0.0446,82.05746336148901,103.29845687298925,217,2024,82.05746336148901
2024-08-05,Terra,0.0205,0.1019,0.0333,52.982084077819906,95.38458549684962,218,2024,52.982084077819906
2024-08-06,Aqua,0.0144,0.155,0.0223,45.35960562327601,97.07737063877403,219,2024,45.35960562327601
2024-08-06,Terra,0.0289,0.0956,0.0467,52.08876386709586,94.47562262585271,219,2024,52.08876386709586
2024-08-07,Terra,0.0187,0.041,0.0369,99.73622569652123,110.2434479800266,220,2024,99.73622569652123
2024-08-07,Aqua,0.0276,0.1234,0.0446,52.09139186031206,94.99944963089287,220,2024,52.09139186031206
2024-08-09,Aqua,0.0317,0.0623,0.0491,45.386732948195146,98.62057791893155,222,2024,45.386732948195146
2024-08-09,Terra,0.0239,0.0544,0.0456,89.39737291996178,106.74286615777694,222,2024,89.39737291996178
2024-08-10,Terra,0.0304,0.1015,0.043,33.78588903472751,96.4160636095036,223,2024,33.78588903472751
2024-08-10,Aqua,0.0297,0.0822,0.0509,63.06551107773259,96.03383170299408,223,2024,63.06551107773259
2024-08-11,Aqua,0.0374,0.0958,0.0523,32.55314228859549,54.04357750470208,224,2024,32.55314228859549
2024-08-13,Aqua,0.0229,0.057,0.0396,64.93323321022807,106.36662936770763,226,2024,64.93323321022807
2024-08-14,Aqua,0.0271,0.1552,0.0457,59.83913653582114,89.79146487129474,227,2024,59.83913653582114
2024-08-16,Aqua,0.0287,0.0689,0.047,54.39914682100954,90.2187934302805,229,2024,54.39914682100954
2024-08-16,Terra,0.0263,0.0862,0.0412,47.08941162686664,95.6408790046461,229,2024,47.08941162686664
2024-08-18,Aqua,0.0382,0.0933,0.0509,27.822292984237663,61.69640625466825,231,2024,27.822292984237663
2024-08-18,Terra,0.0317,0.1047,0.0514,52.67102514945233,91.00796340484145,231,2024,52.67102514945233
2024-08-19,Aqua,0.0264,0.1273,0.0425,51.4554254463437,93.31710584536147,232,2024,51.4554254463437
2024-08-20,Aqua,0.0455,0.2019,0.0497,14.580339319389111,46.6666039521544,233,2024,14.580339319389111
2024-08-21,Aqua,0.0376,0.0505,0.0513,30.047008605376426,59.98673480504275,234,2024,30.047008605376426
2024-08-25,Terra,0.0316,0.1507,0.0458,36.57181163450545,84.90370327156701,238,2024,36.57181163450545
2024-08-25,Aqua,0.0159,0.1207,0.0268,59.74547244787588,80.92773851704148,238,2024,59.74547244787588
2024-08-26,Terra,0.0158,0.0473,0.0256,52.544606788074816,80.61092306651648,239,2024,52.544606788074816
2024-08-26,Aqua,0.0189,0.0492,0.0325,63.75873195708906,90.10350578020837,239,2024,63.75873195708906
2024-08-27,Aqua,0.0358,0.1976,0.0542,42.142547714628506,83.00940078716236,240,2024,42.142547714628506
2024-08-28,Aqua,0.0237,0.0658,0.0322,29.63993408111322,61.6397632403069,241,2024,29.63993408111322
2024-08-28,Terra,0.0183,0.0885,0.0289,48.34151993479323,81.72844796813108,241,2024,48.34151993479323
2024-08-29,Aqua,0.0286,0.1537,0.0416,36.99836677240534,82.88648601414405,242,2024,36.99836677240534
2024-08-29,Terra,0.0101,0.0661,0.0185,78.29270321731765,93.04144235555572,242,2024,78.29270321731765
2024-08-30,Aqua,0.0141,0.0811,0.0234,56.80514186520008,79.98511279970998,243,2024,56.80514186520008
2024-08-30,Terra,0.0288,0.1782,0.0423,38.18609917475804,80.60043442417377,243,2024,38.18609917475804
2024-08-31,Aqua,0.0215,0.0823,0.0364,60.612855495289025,80.0498961712536,244,2024,60.612855495289025
2024-08-31,Terra,0.0157,0.0954,0.0264,59.28502844829429,79.11671846732892,244,2024,59.28502844829429
2024-09-02,Terra,0.0314,0.0576,0.0443,33.50358015089319,83.30483083842644,246,2024,33.50358015089319
2024-09-03,Terra,0.0179,0.0905,0.0255,34.57717754635412,75.8942770697842,247,2024,34.57717754635412
2024-09-03,Aqua,0.032,0.1555,0.0476,39.793990449927705,71.96721629897633,247,2024,39.793990449927705
2024-09-05,Aqua,0.0282,0.0788,0.0423,40.891585950023426,69.17102116941267,249,2024,40.891585950023426
2024-09-05,Terra,0.0497,0.0899,0.0642,25.15231440429684,60.04042035900919,249,2024,25.15231440429684
2024-09-06,Aqua,0.0297,0.1556,0.0417,32.982325891348616,52.18274702397914,250,2024,32.982325891348616
2024-09-08,Aqua,0.0395,0.1279,0.0508,24.794835353384,59.51057198340631,252,2024,24.794835353384
2024-09-08,Terra,0.0174,0.1455,0.0251,36.01375284801733,44.02347341594805,252,2024,36.01375284801733
2024-09-10,Terra,0.0144,0.0559,0.0244,60.778444864231176,45.891664767141634,254,2024,60.778444864231176
2024-09-10,Aqua,0.0856,0.2363,0.0948,15.249024821665403,48.1300135426631,254,2024,15.249024821665403
2024-09-13,Aqua,0.0354,0.15,0.0504,34.509970323550576,40.27240228670569,257,2024,34.509970323550576
2024-09-14,Terra,0.0247,0.1322,0.0381,44.7811518935289,44.43115633539393,258,2024,44.7811518935289
2024-09-16,Terra,0.0531,0.1459,0.0624,18.491968188450862,56.80469141468492,260,2024,18.491968188450862
2024-09-18,Terra,0.0096,0.1225,0.0161,58.776962221590665,44.74588627509487,262,2024,58.776962221590665
2024-09-18,Aqua,0.0439,0.1729,0.0558,23.866520870497137,57.185201159945954,262,2024,23.866520870497137
2024-09-19,Aqua,0.024,0.0974,0.0328,30.212368527036435,58.405591618653304,263,2024,30.212368527036435
2024-09-20,Terra,0.0124,0.06,0.0219,69.54382762173577,49.237302799189216,264,2024,69.54382762173577
2024-09-20,Aqua,0.0393,0.098,0.0404,11.969431333126188,47.795609469927754,264,2024,11.969431333126188
2024-09-21,Terra,0.0351,0.1526,0.05,34.570897635099236,38.303132493269814,265,2024,34.570897635099236
2024-09-21,Aqua,0.0144,0.0579,0.0272,86.52607224523203,49.1964909811056,265,2024,86.52607224523203
2024-09-22,Terra,0.0148,0.0506,0.024,52.68903694071497,39.436407300445055,266,2024,52.68903694071497
2024-09-24,Terra,0.0175,0.0853,0.028,50.43896452208963,43.49143217208452,268,2024,50.43896452208963
2024-09-24,Aqua,0.0167,0.0812,0.0293,68.06485884208179,49.08057621393729,268,2024,68.06485884208179
2024-09-26,Aqua,0.0123,0.0637,0.0231,84.92195986340681,46.25471250655692,270,2024,84.92195986340681
2024-09-27,Terra,0.0132,0.0842,0.022,57.59824250445848,41.01345054179065,271,2024,57.59824250445848
2024-09-27,Aqua,0.0283,0.1353,0.0367,25.474667643106496,64.31226792504008,271,2024,25.474667643106496
2024-09-28,Terra,0.0168,0.0751,0.0267,49.34902847599506,40.55596053573494,272,2024,49.34902847599506
2024-09-28,Aqua,0.0145,0.0586,0.0273,85.61636587352007,46.07115801009543,272,2024,85.61636587352007
2024-09-29,Aqua,0.0165,0.0802,0.0236,35.030788154491475,39.38912555666913,273,2024,35.030788154491475
2024-09-29,Terra,0.0159,0.0792,0.026,54.13922748514023,36.45316115443358,273,2024,54.13922748514023
2024-09-30,Aqua,0.0328,0.1557,0.0469,34.99695712597552,36.49145340224742,274,2024,34.99695712597552
2024-09-30,Terra,0.0194,0.1271,0.0232,19.57407616225465,64.62048578574603,274,2024,19.57407616225465
2024-10-01,Terra,0.0241,0.0976,0.0365,42.19292026111938,37.32762976778768,275,2024,42.19292026111938
2024-10-01,Aqua,0.0134,0.0837,0.0235,67.96908292334317,45.46471432448602,275,2024,67.96908292334317
2024-10-02,Terra,0.0165,0.0885,0.0267,52.326513922733994,36.202375497682084,276,2024,52.326513922733994
2024-10-02,Aqua,0.0242,0.1513,0.0345,34.65922621540531,37.70441376601677,276,2024,34.65922621540531
2024-10-03,Terra,0.027,0.1666,0.0407,41.551807950248566,36.28884964806909,277,2024,41.551807950248566
2024-10-03,Aqua,0.015,0.0779,0.0287,90.2201333846418,45.57628014501258,277,2024,90.2201333846418
2024-10-05,Terra,0.0128,0.0771,0.0227,70.48388183768978,45.46471432448602,279,2024,70.48388183768978
2024-10-06,Terra,0.0215,0.094,0.0334,45.8257392818298,40.62857121493787,280,2024,45.8257392818298
2024-10-07,Terra,0.0136,0.0573,0.022,52.270310873297525,36.202375497682084,281,2024,52.270310873297525
2024-10-07,Aqua,0.0266,0.1378,0.0381,35.192524568489326,38.20724986568068,281,2024,35.192524568489326
2024-10-08,Terra,0.0303,0.1034,0.0445,38.17738153236489,34.12715517973051,282,2024,38.17738153236489
2024-10-08,Aqua,0.011,0.0513,0.0211,90.96559594205787,45.57628014501258,282,2024,90.96559594205787
2024-10-12,Terra,0.0109,0.0713,0.015,30.899108724310796,52.50241717425423,286,2024,30.899108724310796
2024-10-13,Terra,0.0336,0.0956,0.0449,28.084438789331323,60.06613662974318,287,2024,28.084438789331323
2024-10-13,Aqua,0.0221,0.0716,0.0317,35.35722301706512,39.19114014122523,287,2024,35.35722301706512
2024-10-14,Aqua,0.0231,0.0926,0.0291,23.181714216404124,57.09738237594641,288,2024,23.181714216404124
2024-10-14,Terra,0.0163,0.0539,0.0243,40.08153382988018,38.25783538273213,288,2024,40.08153382988018
2024-10-25,Aqua,0.014,0.0547,0.0253,74.93334036008734,64.3849752582515,299,2024,74.93334036008734
2024-11-07,Terra,0.0384,0.0971,0.0422,14.870961454352127,46.986881140723035,312,2024,14.870961454352127
2024-11-07,Aqua,0.0293,0.0598,0.0335,16.914133604326402,60.60545517203197,312,2024,16.914133604326402
2024-11-27,Aqua,0.0448,0.0807,0.0382,6.5170294326513964,49.65422783859922,332,2024,6.5170294326513964
2024-11-28,Aqua,0.0399,0.0776,0.0372,8.712719024837229,49.694409933771446,333,2024,8.712719024837229
2024-11-29,Aqua,0.0165,0.0835,0.0218,27.065854195238693,60.066031294637945,334,2024,27.065854195238693
2024-11-29,Terra,0.04,0.0981,0.0395,10.503432906270532,49.65422783859922,334,2024,10.503432906270532
2024-11-30,Aqua,0.0474,0.0607,0.0391,5.8515673108112995,49.65422783859922,335,2024,5.8515673108112995
2024-12-01,Aqua,0.0315,0.0786,0.0322,11.752459561363498,47.949495009674635,336,2024,11.752459561363498
2024-12-02,Aqua,0.0294,0.0439,0.029,10.465251545691496,48.950141869498715,337,2024,10.465251545691496
2024-12-03,Aqua,0.0591,0.1357,0.0491,5.988763762861568,49.56487906404164,338,2024,5.988763762861568
2024-12-03,Terra,0.0149,0.0667,0.0164,14.946452729283166,46.57647911956502,338,2024,14.946452729283166
2024-12-04,Terra,0.0514,0.0786,0.0498,9.872779511914828,49.56487906404164,339,2024,9.872779511914828
2024-12-04,Aqua,0.0282,0.0573,0.0311,15.042286110936331,46.34071539752159,339,2024,15.042286110936331
2024-12-05,Terra,0.0329,0.074,0.0321,10.100273085356969,48.950141869498715,340,2024,10.100273085356969
2024-12-05,Aqua,0.0472,0.072,0.0421,7.544487143790215,49.65422783859922,340,2024,7.544487143790215
2024-12-09,Aqua,0.0349,0.0573,0.0291,6.059731805360986,48.950141869498715,344,2024,6.059731805360986
2025-01-06,Terra,0.0127,0.0575,0.0242,89.02649440796857,71.33346052042589,6,2025,89.02649440796857
2025-01-06,Aqua,0.017,0.0571,0.0297,67.13185120026615,69.46910345186326,6,2025,67.13185120026615
2025-01-09,Aqua,0.0351,0.0683,0.0422,19.916888735520764,56.734259304665514,9,2025,19.916888735520764
2025-01-09,Terra,0.0134,0.056,0.0186,31.777310849197754,52.75924408518898,9,2025,31.777310849197754
2025-01-15,Terra,0.0416,0.1069,0.0422,11.463414927866522,48.4493426537931,15,2025,11.463414927866522
2025-01-15,Aqua,0.0191,0.0652,0.0315,55.66027074365642,64.05736590622045,15,2025,55.66027074365642
2025-01-16,Terra,0.024,0.0642,0.0301,22.849893144383316,55.97036636302727,16,2025,22.849893144383316
2025-01-16,Aqua,0.0418,0.0883,0.0422,11.286038658555954,48.4493426537931,16,2025,11.286038658555954
2025-01-17,Aqua,0.0401,0.1589,0.0517,24.99604369864306,58.90114811860668,17,2025,24.99604369864306
2025-01-18,Aqua,0.0169,0.0516,0.0216,24.2987472430064,59.40389666003244,18,2025,24.2987472430064
2025-01-18,Terra,0.0423,0.1074,0.0391,8.472550318260357,48.5342607597181,18,2025,8.472550318260357
2025-01-19,Terra,0.0514,0.1842,0.058,16.206036901638782,58.97157194531202,19,2025,16.206036901638782
2025-01-19,Aqua,0.0487,0.0781,0.0447,8.280793914511873,48.61685743463145,19,2025,8.280793914511873
2025-01-20,Terra,0.0424,0.097,0.0439,12.25137512422698,45.17584499738523,20,2025,12.25137512422698
2025-01-20,Aqua,0.0431,0.0931,0.0439,11.6161680193984,47.73983994828989,20,2025,11.6161680193984
2025-01-21,Aqua,0.0463,0.0929,0.048,12.302992521725914,44.94836552476046,21,2025,12.302992521725914
2025-01-22,Terra,0.0531,0.1353,0.0504,9.234297901490391,48.38086272687294,22,2025,9.234297901490391
2025-01-22,Aqua,0.042,0.1149,0.0439,12.63482946653458,45.17584499738523,22,2025,12.63482946653458
2025-01-24,Aqua,0.0684,0.1653,0.0665,9.984223768641495,48.90507968121438,24,2025,9.984223768641495
2025-01-24,Terra,0.0279,0.0868,0.0237,6.437444341517855,48.57398720249134,24,2025,6.437444341517855
2025-01-25,Aqua,0.0373,0.1053,0.0449,19.996399406535794,56.22753960612199,25,2025,19.996399406535794
2025-01-25,Terra,0.053,0.1104,0.0513,9.841436223909922,48.38086272687294,25,2025,9.841436223909922
2025-01-26,Terra,0.0421,0.0815,0.0449,13.490120003588215,45.83692270850267,26,2025,13.490120003588215
2025-01-26,Aqua,0.0287,0.097,0.0346,20.094951618595832,56.13310812861334,26,2025,20.094951618595832
2025-01-27,Aqua,0.0507,0.2056,0.0485,9.472210131843733,48.38086272687294,27,2025,9.472210131843733
2025-01-27,Terra,0.0591,0.1138,0.0577,10.121407166272995,48.417540620985434,27,2025,10.121407166272995
2025-01-28,Terra,0.0416,0.0581,0.043,12.185190800083099,45.17584499738523,28,2025,12.185190800083099
2025-01-28,Aqua,0.0412,0.0855,0.0391,9.230394484997221,48.5342607597181,28,2025,9.230394484997221
2025-01-29,Terra,0.0908,0.2333,0.0808,7.487397933369989,48.88317863678008,29,2025,7.487397933369989
2025-01-29,Aqua,0.0595,0.1064,0.0478,5.3693529690289,48.38086272687294,29,2025,5.3693529690289
2025-02-11,Aqua,0.0413,0.2156,0.0577,32.45475232335838,52.94528144616794,42,2025,32.45475232335838
2025-02-12,Terra,0.035,0.0452,0.0348,10.739923756056442,47.80536361847701,43,2025,10.739923756056442
2025-02-26,Terra,0.0259,0.11,0.0398,44.2331286702991,69.74737232400568,57,2025,44.2331286702991
2025-02-27,Terra,0.0285,0.049,0.0403,33.75183860448483,71.72324433216583,58,2025,33.75183860448483
2025-02-27,Aqua,0.0274,0.0527,0.0375,30.352499794897103,58.1128121643156,58,2025,30.352499794897103
2025-02-28,Terra,0.033,0.1121,0.0487,38.781658019727075,67.31345179922651,59,2025,38.781658019727075
2025-02-28,Aqua,0.0381,0.1406,0.0493,25.292672601654115,58.34473109977194,59,2025,25.292672601654115
2025-03-01,Terra,0.0341,0.0369,0.0517,42.33858459963542,79.34806469748202,60,2025,42.33858459963542
2025-03-01,Aqua,0.0358,0.0762,0.0438,21.08073256203404,55.47669527566765,60,2025,21.08073256203404
2025-03-05,Terra,0.0313,0.1191,0.0477,43.0539040989398,67.66813587255946,64,2025,43.0539040989398
2025-03-06,Aqua,0.0306,0.0766,0.0426,32.08329789803482,52.33816674622371,65,2025,32.08329789803482
2025-03-06,Terra,0.0193,0.0661,0.0369,90.00318581991029,70.78849013101741,65,2025,90.00318581991029
2025-03-07,Aqua,0.0266,0.0701,0.0362,29.800002976278922,60.811148281288155,66,2025,29.800002976278922
2025-03-07,Terra,0.031,0.0763,0.0389,22.88972738151166,55.737140771651006,66,2025,22.88972738151166
2025-03-08,Aqua,0.0452,0.2428,0.0516,16.830018525689987,59.33296180618071,67,2025,16.830018525689987
2025-04-04,Terra,0.0305,0.0982,0.0439,35.75590084606338,68.15473924693643,94,2025,35.75590084606338
2025-04-04,Aqua,0.0277,0.0887,0.0454,54.54600978645857,60.3168676958271,94,2025,54.54600978645857
2025-04-05,Aqua,0.0359,0.1372,0.0448,22.48139081263072,56.23648479511419,95,2025,22.48139081263072
2025-04-13,Terra,0.0154,0.0891,0.0246,50.17322252656149,72.01132067532448,103,2025,50.17322252656149
2025-04-13,Aqua,0.0223,0.0616,0.0361,52.395123151608274,69.5324519565048,103,2025,52.395123151608274
2025-04-14,Terra,0.019,0.0514,0.0339,71.88555700456843,75.98828953141499,104,2025,71.88555700456843
2025-04-14,Aqua,0.0239,0.0659,0.0368,44.52104419466619,72.58527081463613,104,2025,44.52104419466619
2025-04-15,Aqua,0.0388,0.0807,0.0537,31.477645072946864,52.75187933034101,105,2025,31.477645072946864
2025-04-16,Terra,0.0291,0.1044,0.0442,42.590727909716655,68.4537303129115,106,2025,42.590727909716655
2025-04-17,Terra,0.0184,0.0773,0.0315,62.84465011698994,71.20904849836243,107,2025,62.84465011698994
2025-04-17,Aqua,0.0268,0.0999,0.0395,38.621511552549286,71.57399831043666,107,2025,38.621511552549286
2025-04-18,Aqua,0.0135,0.0567,0.0256,87.63420417412253,73.74096378230803,108,2025,87.63420417412253
2025-04-18,Terra,0.0112,0.0993,0.0202,74.4529141452545,75.13403887774292,108,2025,74.4529141452545
2025-04-19,Aqua,0.026,0.1382,0.0404,45.860063513180755,71.93677285545313,109,2025,45.860063513180755
2025-04-22,Terra,0.0188,0.0487,0.0321,62.30798329426172,72.26358024893776,112,2025,62.30798329426172
2025-04-22,Aqua,0.0382,0.1628,0.0529,31.536556068299735,51.983629978962384,112,2025,31.536556068299735
2025-04-23,Aqua,0.0271,0.0538,0.0403,39.75789305373163,75.97770071085664,113,2025,39.75789305373163
2025-04-23,Terra,0.0185,0.0849,0.0284,44.08875043252291,74.95079901673792,113,2025,44.08875043252291
2025-04-26,Aqua,0.0683,0.0714,0.081,19.050437266863963,55.450605235767156,116,2025,19.050437266863963
2025-04-30,Aqua,0.0441,0.2547,0.0607,30.918856768933132,52.439944618388296,120,2025,30.918856768933132
2025-04-30,Terra,0.0259,0.0861,0.0365,33.38315455691369,52.00150134288884,120,2025,33.38315455691369
2025-05-01,Aqua,0.0383,0.0738,0.0492,24.702141189849293,58.087724599211384,121,2025,24.702141189849293
2025-05-01,Terra,0.0347,0.0906,0.0484,32.28272766844354,51.80155787656767,121,2025,32.28272766844354
2025-05-02,Terra,0.0405,0.1121,0.0442,14.539163927373984,44.56538981602013,122,2025,14.539163927373984
2025-05-02,Aqua,0.0396,0.1845,0.0583,38.480398218085966,102.36009417262407,122,2025,38.480398218085966
2025-05-04,Aqua,0.0188,0.1024,0.032,61.679080472777315,88.56809157907486,124,2025,61.679080472777315
2025-05-04,Terra,0.0173,0.0818,0.0299,64.81927858029296,94.52683619923364,124,2025,64.81927858029296
2025-05-05,Terra,0.0122,0.0698,0.0216,70.10393897271256,95.4454049805316,125,2025,70.10393897271256
2025-05-05,Aqua,0.0137,0.0746,0.0258,85.68337011462226,97.28308272893189,125,2025,85.68337011462226
2025-05-06,Terra,0.0361,0.1309,0.0489,29.351570961467697,60.97103744307802,126,2025,29.351570961467697
2025-05-06,Aqua,0.0143,0.0906,0.0265,81.31517821221735,97.28308272893189,126,2025,81.31517821221735
2025-05-07,Terra,0.0313,0.0506,0.0423,29.131420861774235,61.187940096712275,127,2025,29.131420861774235
2025-05-08,Aqua,0.0249,0.0714,0.035,33.103316342080554,52.00150134288884,128,2025,33.103316342080554
2025-05-08,Terra,0.0379,0.1858,0.0545,35.6470131722562,110.63456988131077,128,2025,35.6470131722562
2025-05-09,Terra,0.0202,0.0432,0.0299,39.16235259426923,110.43935550559809,129,2025,39.16235259426923
2025-05-09,Aqua,0.023,0.0628,0.0377,54.56129714715916,95.35876275234813,129,2025,54.56129714715916
2025-05-10,Terra,0.0384,0.0966,0.0453,18.72558596957171,54.29681274595602,130,2025,18.72558596957171
2025-05-21,Terra,0.0563,0.2591,0.0713,23.58436271155986,56.14676100030621,141,2025,23.58436271155986
2025-05-24,Terra,0.0211,0.0597,0.0325,44.571398590392576,106.09343122209344,144,2025,44.571398590392576
2025-05-24,Aqua,0.0405,0.0948,0.0544,28.558703823626264,62.852265737577646,144,2025,28.558703823626264
2025-05-27,Aqua,0.0286,0.1427,0.0486,61.3466338806999,95.0036503628626,147,2025,61.3466338806999
2025-05-27,Terra,0.0159,0.0855,0.0262,55.50504816858905,97.92826909523633,147,2025,55.50504816858905
2025-05-28,Aqua,0.0261,0.0819,0.0344,26.85299802571646,60.038648497635315,148,2025,26.85299802571646
2025-05-28,Terra,0.0331,0.1501,0.0507,43.77083689372584,109.15712392899158,148,2025,43.77083689372584
2025-05-30,Aqua,0.0316,0.1532,0.0511,52.21166244900745,105.7906513320063,150,2025,52.21166244900745
2025-05-30,Terra,0.0101,0.0708,0.0174,64.14478022161298,100.96434251909034,150,2025,64.14478022161298
2025-05-31,Aqua,0.0567,0.1058,0.0575,11.451891874081351,46.891586750742455,151,2025,11.451891874081351
2025-05-31,Terra,0.0333,0.13,0.0473,34.249914510160835,115.92499551135683,151,2025,34.249914510160835
2025-06-01,Aqua,0.0323,0.1888,0.0527,53.748244909753126,103.7599086039123,152,2025,53.748244909753126
2025-06-01,Terra,0.0547,0.1887,0.0598,14.620659254089363,45.63187631556134,152,2025,14.620659254089363
2025-06-02,Aqua,0.0397,0.2235,0.065,54.36123911726183,103.7189906333893,153,2025,54.36123911726183
2025-06-02,Terra,0.0304,0.1533,0.0455,40.60073852120723,119.43126935787491,153,2025,40.60073852120723
2025-06-03,Terra,0.0284,0.1689,0.0387,29.92647656831685,61.1487661186885,154,2025,29.92647656831685
2025-06-03,Aqua,0.1123,0.1493,0.1086,9.812638590218347,49.11636269075716,154,2025,9.812638590218347
2025-06-05,Terra,0.0269,0.0795,0.04,39.74954661755915,120.94890102838029,156,2025,39.74954661755915
2025-06-05,Aqua,0.0263,0.1456,0.0317,20.08131284850335,57.00328889310491,156,2025,20.08131284850335
2025-06-07,Aqua,0.0332,0.2602,0.0608,78.2429792498978,108.2724018231596,158,2025,78.2429792498978
2025-06-07,Terra,0.0236,0.1307,0.0392,56.965833945069434,100.85138675679869,158,2025,56.965833945069434
2025-06-08,Terra,0.0132,0.0548,0.0217,55.0834823050296,100.92197641360792,159,2025,55.0834823050296
2025-06-08,Aqua,0.034,0.1673,0.0321,9.075979447060025,47.671506005474725,159,2025,9.075979447060025
2025-06-09,Aqua,0.0354,0.165,0.0493,32.12066621364834,54.509602345727686,160,2025,32.12066621364834
2025-06-09,Terra,0.0105,0.0894,0.0198,86.05414316248925,102.93540542805486,160,2025,86.05414316248925
2025-06-10,Aqua,0.0287,0.1134,0.0358,22.450706227322254,56.65781226961323,161,2025,22.450706227322254
2025-06-10,Terra,0.0257,0.147,0.0403,47.24140880461716,117.80668582302214,161,2025,47.24140880461716
2025-06-11,Aqua,0.0423,0.2188,0.0538,23.91521216809051,56.59860897703523,162,2025,23.91521216809051
2025-06-12,Aqua,0.0417,0.187,0.0657,47.974694273947605,118.42430183680675,163,2025,47.974694273947605
2025-06-12,Terra,0.0511,0.1783,0.0666,25.892624075887767,60.443244304749804,163,2025,25.892624075887767
2025-06-14,Aqua,0.0326,0.1357,0.0495,42.545575373533005,117.69556426334559,165,2025,42.545575373533005
2025-06-14,Terra,0.0201,0.1,0.0287,34.83667255777449,116.74263993900061,165,2025,34.83667255777449
2025-06-15,Aqua,0.0278,0.0985,0.0409,38.39554748018077,121.73472943014416,166,2025,38.39554748018077
2025-06-15,Terra,0.0328,0.2348,0.0514,47.141548503690366,118.7919238707831,166,2025,47.141548503690366
2025-06-16,Aqua,0.0255,0.0926,0.0404,48.84882673215488,119.47236177918825,167,2025,48.84882673215488
2025-06-17,Terra,0.03,0.1525,0.0468,46.45323038620325,117.42594690033172,168,2025,46.45323038620325
2025-06-17,Aqua,0.041,0.225,0.0593,36.32416587267291,127.27789779096635,168,2025,36.32416587267291
2025-06-23,Terra,0.0209,0.0759,0.0332,49.27143649612128,116.38554284027866,174,2025,49.27143649612128
2025-06-24,Terra,0.0168,0.1048,0.027,51.174778109617215,120.01286729451088,175,2025,51.174778109617215
2025-06-25,Terra,0.0284,0.1501,0.0456,51.018709405993576,121.17505151074586,176,2025,51.018709405993576
2025-06-28,Aqua,0.1146,0.1209,0.1178,11.966909794177555,49.47687944299584,179,2025,11.966909794177555
2025-06-29,Terra,0.0084,0.0568,0.0203,192.78753106435502,104.80348022579972,180,2025,192.78753106435502
2025-06-29,Aqua,0.0239,0.0836,0.0422,69.48768314124536,106.31675701835995,180,2025,69.48768314124536
2025-06-30,Terra,0.0195,0.0579,0.034,66.69940415556421,104.32196148602887,181,2025,66.69940415556421
2025-06-30,Aqua,0.018,0.111,0.0299,56.97633449785996,102.951617225785,181,2025,56.97633449785996
2025-07-01,Aqua,0.0199,0.183,0.0307,44.80035848315352,120.08256267785278,182,2025,44.80035848315352
2025-07-02,Terra,0.0284,0.1668,0.0462,53.23386762528223,109.02386675309387,183,2025,53.23386762528223
2025-07-02,Aqua,0.0344,0.1797,0.0493,35.257170812716375,126.77965506353907,183,2025,35.257170812716375
2025-07-03,Terra,0.0412,0.1622,0.051,21.898221345733116,58.425918252662285,184,2025,21.898221345733116
2025-07-03,Aqua,0.0493,0.123,0.0686,32.032662553043615,57.636205432168,184,2025,32.032662553043615
2025-07-04,Aqua,0.0314,0.099,0.0438,32.28963477173321,56.23016105750149,185,2025,32.28963477173321
2025-07-05,Aqua,0.0251,0.0728,0.0392,46.62316745343589,123.46519498460461,186,2025,46.62316745343589
2025-07-05,Terra,0.0249,0.195,0.0434,66.62258663843662,106.35918004589507,186,2025,66.62258663843662
2025-07-06,Aqua,0.0804,0.1067,0.0916,16.720524603941666,61.49661536341354,187,2025,16.720524603941666
2025-07-06,Terra,0.0127,0.0541,0.0282,146.39324288661828,104.95292357532618,187,2025,146.39324288661828
2025-07-07,Aqua,0.033,0.1198,0.0478,36.49948040609683,127.60469460198131,188,2025,36.49948040609683
2025-07-07,Terra,0.0346,0.1846,0.0561,52.664284838685546,114.47323501430998,188,2025,52.664284838685546
2025-07-08,Aqua,0.0524,0.1026,0.0624,19.30730414302157,59.386031854994684,189,2025,19.30730414302157
2025-07-08,Terra,0.0172,0.0749,0.0324,85.7587282943202,106.41368304627568,189,2025,85.7587282943202
2025-07-09,Aqua,0.0256,0.154,0.0436,61.79666337732269,106.17171079954615,190,2025,61.79666337732269
2025-07-09,Terra,0.0117,0.1011,0.0217,81.53709579550454,106.41368304627568,190,2025,81.53709579550454
2025-07-10,Terra,0.0217,0.11,0.0366,59.87249535579478,101.8994798219317,191,2025,59.87249535579478
2025-07-10,Aqua,0.0293,0.1569,0.0503,63.4154088904491,102.51537337100805,191,2025,63.4154088904491
2025-07-11,Terra,0.0491,0.1377,0.0577,18.492556912351276,58.658071275446595,192,2025,18.492556912351276
2025-07-11,Aqua,0.1087,0.1273,0.12,15.09196622208579,49.2951780063677,192,2025,15.09196622208579
2025-07-12,Terra,0.0347,0.1776,0.0511,38.514423810514735,123.43187144622378,193,2025,38.514423810514735
2025-07-12,Aqua,0.0378,0.2428,0.0624,55.833724768739316,105.02048987370591,193,2025,55.833724768739316
2025-07-13,Terra,0.0162,0.1159,0.03,81.13056665635409,105.23615488998512,194,2025,81.13056665635409
2025-07-13,Aqua,0.0271,0.1052,0.0422,46.182257963499964,120.10920855389323,194,2025,46.182257963499964
2025-07-14,Terra,0.0179,0.0839,0.029,52.52969529827468,115.71480055649126,195,2025,52.52969529827468
2025-07-14,Aqua,0.0243,0.0868,0.0389,50.523373751425396,120.43504654999789,195,2025,50.523373751425396
2025-07-15,Terra,0.0184,0.102,0.0329,72.38888073593792,108.09443703420601,196,2025,72.38888073593792
2025-07-15,Aqua,0.0373,0.1767,0.0552,39.13609926808409,127.57201706086475,196,2025,39.13609926808409
2025-07-16,Terra,0.0126,0.0889,0.0251,102.85928307118735,103.59911746778793,197,2025,102.85928307118735
2025-07-16,Aqua,0.0691,0.1642,0.0711,12.005575311017665,48.57236881058524,197,2025,12.005575311017665
2025-07-17,Terra,0.0311,0.2118,0.0506,53.26037408709363,105.49913756184415,198,2025,53.26037408709363
2025-07-17,Aqua,0.0281,0.0795,0.0389,31.50139004338364,55.69631292642844,198,2025,31.50139004338364
2025-07-18,Terra,0.01575,0.0762,0.0264,58.675280533903575,99.06595257347625,199,2025,58.675280533903575
2025-07-19,Terra,0.0138,0.139,0.0243,68.87272341209746,102.19385322983025,200,2025,68.87272341209746
2025-07-19,Aqua,0.0199,0.1055,0.0344,64.85824868394403,101.91066434588394,200,2025,64.85824868394403
2025-07-21,Aqua,0.0085,0.1765,0.0183,132.4065473165748,100.50946798389003,202,2025,132.4065473165748
2025-07-22,Aqua,0.0391,0.1198,0.0489,22.641606240769583,58.125458612876436,203,2025,22.641606240769583
2025-07-22,Terra,0.0346,0.2307,0.0543,47.365999282071314,118.45221038370056,203,2025,47.365999282071314
2025-07-23,Aqua,0.0267,0.0745,0.0378,33.88358095684756,117.44065970331211,204,2025,33.88358095684756
2025-07-23,Terra,0.0133,0.1056,0.026,96.74808459690658,103.00529427834209,204,2025,96.74808459690658
2025-07-24,Terra,0.0508,0.208,0.0692,29.892833988908784,63.53373016954363,205,2025,29.892833988908784
2025-07-24,Aqua,0.0213,0.0978,0.0341,50.53527022817463,113.87868591792032,205,2025,50.53527022817463
2025-07-25,Aqua,0.0398,0.1944,0.0546,30.5871987282957,57.05199790552354,206,2025,30.5871987282957
2025-07-25,Terra,0.0163,0.0614,0.0297,76.96676248471779,106.70791078127566,206,2025,76.96676248471779
2025-07-27,Terra,0.0257,0.1371,0.0426,56.58431377349264,101.2178992577835,208,2025,56.58431377349264
2025-07-27,Aqua,0.044,0.1201,0.0509,17.57084094181386,58.345670391324575,208,2025,17.57084094181386
2025-07-28,Terra,0.0129,0.0446,0.0259,105.51654624208385,104.13754217016032,209,2025,105.51654624208385
2025-07-28,Aqua,0.0194,0.0717,0.0311,50.756658518547376,113.06479986536857,209,2025,50.756658518547376
2025-07-29,Terra,0.0655,0.3043,0.0804,21.306621119340253,58.85151962016658,210,2025,21.306621119340253
2025-07-29,Aqua,0.0274,0.0449,0.042,43.87541818292429,128.08984638561662,210,2025,43.87541818292429
2025-08-01,Aqua,0.0325,0.1069,0.044,29.300559809635715,65.4321959188345,213,2025,29.300559809635715
2025-08-01,Terra,0.0588,0.2541,0.0756,24.7721716665989,62.04784580447784,213,2025,24.7721716665989
2025-08-02,Aqua,0.0261,0.0903,0.0385,38.725140762173766,110.10760714916606,214,2025,38.725140762173766
2025-08-02,Terra,0.0211,0.1431,0.0287,29.74929248669615,63.428618356155155,214,2025,29.74929248669615
2025-08-03,Aqua,0.0411,0.1464,0.0563,30.440310005316718,60.96137555065824,215,2025,30.440310005316718
2025-08-04,Terra,0.0206,0.1985,0.0346,59.06555766887064,93.36283352559177,216,2025,59.06555766887064
2025-08-04,Aqua,0.0408,0.1375,0.051,22.603991593455216,58.01102690382556,216,2025,22.603991593455216
2025-08-08,Terra,0.0075,0.0958,0.0156,118.36955512205714,100.70325914279134,220,2025,118.36955512205714
2025-08-08,Aqua,0.0444,0.0906,0.0573,25.075793200235353,60.89802492964789,220,2025,25.075793200235353
2025-08-09,Terra,0.0283,0.1828,0.0402,34.25573827849355,98.86848815287368,221,2025,34.25573827849355
2025-08-09,Aqua,0.0548,0.1292,0.0623,16.604270998487,60.86134653396847,221,2025,16.604270998487
2025-08-10,Terra,0.0127,0.0765,0.0273,131.74086307298035,100.12774716212559,222,2025,131.74086307298035
2025-08-10,Aqua,0.0141,0.071,0.0308,138.80060948829524,100.12774716212559,222,2025,138.80060948829524
2025-08-11,Aqua,0.0235,0.0888,0.0406,64.73832993069449,100.42761979309859,223,2025,64.73832993069449
2025-08-11,Terra,0.0311,0.2312,0.0495,49.587098462349154,91.15372304373295,223,2025,49.587098462349154
2025-08-12,Terra,0.013,0.0731,0.0268,114.98759608931276,100.12774716212559,224,2025,114.98759608931276
2025-08-12,Aqua,0.0355,0.1437,0.0577,53.08415746419957,91.4591986229097,224,2025,53.08415746419957
2025-08-13,Aqua,0.0384,0.1179,0.0499,25.64491481182595,60.95990681977222,225,2025,25.64491481182595
2025-08-13,Terra,0.0302,0.1566,0.0489,52.434198008989775,91.27096688204563,225,2025,52.434198008989775
2025-08-14,Aqua,0.0351,0.1335,0.0466,27.496028735650494,61.69640625466825,226,2025,27.496028735650494
