datetime,sensor,band1_red,band2_nir,band4_green,green_red_ratio,nir_red_ratio,ndci
2011-01-06,Terra,0.2378,0.24960000000000002,0.2511,1.0559293523969722,1.0496215306980656,0.024210094378334025
2011-01-20,Terra,0.0393,0.0611,0.0507,1.2396088019559903,1.4823943661971832,0.1943262411347518
2011-01-22,Terra,0.0502,0.2023,0.0596,1.1872509960159363,2.9532846715328467,0.4940915805022156
2011-01-27,Terra,0.0286,0.0661,0.042800000000000005,1.4317548746518105,1.6362275449101797,0.2413401476433845
2011-02-01,Terra,0.051300000000000005,0.0723,0.0636,1.1744966442953022,1.4373040752351096,0.1794212218649517
2011-02-02,Terra,0.0786,0.15460000000000002,0.0816,1.0513112884834663,2.819371727748691,0.4763536668951337
2011-02-10,Terra,0.0361,0.0824,0.054700000000000006,1.169741697416974,1.7547169811320755,0.273972602739726
2011-02-21,Terra,0.3579,0.4253,0.34390000000000004,0.9608829281922325,1.1883207599888237,0.08605720122574056
2011-04-01,Terra,0.018600000000000002,0.0388,0.0335,1.6958762886597938,2.2133333333333334,0.37759336099585067
2011-04-12,Terra,0.0262,0.1216,0.0417,1.5267175572519083,3.5976331360946743,0.5649935649935649
2011-04-19,Terra,0.0173,0.0318,0.033800000000000004,1.9202127659574468,1.697841726618705,0.25866666666666666
2011-04-22,Terra,0.0184,0.0589,0.030000000000000002,1.7650000000000001,3.485207100591716,0.5540897097625329
2011-04-23,Terra,0.025500000000000002,0.0891,0.0417,1.6352941176470588,3.2913669064748197,0.5339480301760268
2011-05-01,Terra,0.0187,0.0779,0.0291,1.5561497326203209,4.636363636363636,0.6451612903225807
2011-05-04,Terra,0.014700000000000001,0.06280000000000001,0.0257,1.8098591549295775,4.422535211267606,0.6311688311688312
2011-05-10,Terra,0.027600000000000003,0.0702,0.038700000000000005,1.4021739130434783,2.029891304347826,0.3399103139013453
2011-05-12,Terra,0.0451,0.2786,0.0584,1.29490022172949,6.177383592017739,0.7213469261662033
2011-05-13,Terra,0.0238,0.06810000000000001,0.0345,1.449579831932773,2.861344537815126,0.4820457018498368
2011-05-19,Terra,0.0222,0.06420000000000001,0.0334,1.5046296296296295,2.9722222222222223,0.4965034965034965
2011-05-20,Terra,0.0094,0.114,0.0176,1.872340425531915,12.127659574468085,0.8476499189627228
2011-05-24,Terra,0.013000000000000001,0.063,0.024300000000000002,1.876923076923077,4.846153846153846,0.6578947368421053
2011-06-03,Terra,0.020900000000000002,0.13670000000000002,0.0346,1.6555023923444974,6.54066985645933,0.7347715736040609
2011-06-09,Terra,0.017400000000000002,0.1148,0.028800000000000003,1.6551724137931034,4.31924882629108,0.6240070609002648
2011-06-14,Terra,0.0091,0.0858,0.0193,2.120879120879121,9.428571428571429,0.8082191780821918
2011-06-16,Terra,0.0172,0.0906,0.028200000000000003,1.6395348837209305,4.848837209302325,0.6580516898608351
2011-06-17,Terra,0.023,0.1685,0.0391,1.7131147540983607,7.1358490566037736,0.75417439703154
2011-06-20,Terra,0.0264,0.1461,0.0426,1.580392156862745,5.387234042553192,0.686875416389074
2011-06-22,Terra,0.033600000000000005,0.17700000000000002,0.0516,1.6246719160104988,5.175438596491229,0.6761363636363636
2011-06-25,Terra,0.0325,0.10010000000000001,0.0487,1.596923076923077,3.08,0.5098039215686275
2011-07-01,Terra,0.0228,0.0869,0.0415,1.8333333333333335,3.8281938325991187,0.5857664233576643
2011-07-02,Terra,0.0193,0.1072,0.0335,1.7357512953367875,5.55440414507772,0.6948616600790514
2011-07-03,Terra,0.0234,0.09390000000000001,0.042100000000000005,1.8081632653061224,4.047413793103448,0.6037574722459437
2011-07-04,Terra,0.022000000000000002,0.1948,0.037200000000000004,1.7772727272727271,9.281818181818181,0.8054818744473917
2011-07-05,Terra,0.0201,0.1247,0.037200000000000004,1.8507462686567167,6.203980099502488,0.7223756906077348
2011-07-06,Terra,0.024800000000000003,0.0857,0.040600000000000004,1.7430167597765365,3.25,0.5294117647058824
2011-07-08,Terra,0.0223,0.19240000000000002,0.0388,1.7762237762237765,8.35064935064935,0.7861111111111111
2011-07-09,Terra,0.013900000000000001,0.0738,0.0252,1.7553956834532374,5.3478260869565215,0.684931506849315
2011-07-10,Terra,0.0182,0.10790000000000001,0.0316,1.806020066889632,5.928571428571429,0.7113402061855669
2011-07-15,Terra,0.018500000000000003,0.1628,0.0324,1.7802197802197801,8.474789915966387,0.7889135254988913
2011-07-22,Terra,0.0239,0.0609,0.038700000000000005,1.4136363636363636,2.768181818181818,0.46924004825090476
2011-07-23,Terra,0.009000000000000001,0.0936,0.0193,2.1333333333333333,10.399999999999999,0.824561403508772
2011-07-24,Terra,0.016800000000000002,0.0699,0.0285,1.8372881355932205,4.160714285714286,0.6124567474048443
2011-07-26,Terra,0.0366,0.2399,0.056600000000000004,1.5464480874316942,6.554644808743169,0.7352622061482821
2011-07-27,Terra,0.0216,0.0824,0.0337,1.5601851851851851,3.2313725490196075,0.5273401297497683
2011-07-28,Terra,0.0188,0.13920000000000002,0.0346,1.8404255319148934,6.9253731343283595,0.7476459510357815
2011-07-29,Terra,0.015000000000000001,0.18230000000000002,0.0274,1.7986577181208054,12.234899328859061,0.8488843813387424
2011-07-30,Terra,0.0212,0.15960000000000002,0.0386,1.8486238532110093,11.05020920502092,0.8340277777777778
2011-07-31,Terra,0.014100000000000001,0.0911,0.027700000000000002,1.9645390070921986,6.9541984732824424,0.7485604606525912
2011-08-01,Terra,0.009300000000000001,0.1041,0.0216,2.2040816326530615,10.622448979591837,0.8279192273924495
2011-08-02,Terra,0.0187,0.11750000000000001,0.0345,1.8449197860962567,5.994897959183674,0.7140773158278629
2011-08-03,Terra,0.0109,0.0585,0.0229,2.0091743119266052,5.373737373737374,0.6862123613312203
2011-08-04,Terra,0.0221,0.1315,0.0383,1.76,5.844444444444444,0.7077922077922078
2011-08-05,Terra,0.0367,0.07390000000000001,0.048600000000000004,1.348833445907914,1.7936893203883497,0.28410078192875765
2011-08-06,Terra,0.0222,0.1704,0.0391,1.7916666666666667,7.675675675675675,0.7694704049844237
2011-08-07,Terra,0.0252,0.08170000000000001,0.0383,1.5198412698412698,3.1302681992337167,0.515769944341373
2011-08-09,Terra,0.0171,0.09720000000000001,0.033600000000000005,1.9649122807017545,6.032967032967033,0.7156250000000001
2011-08-10,Terra,0.0119,0.0653,0.0261,2.0923076923076924,5.023076923076922,0.6679438058748404
2011-08-11,Terra,0.020300000000000002,0.11560000000000001,0.0358,1.7672413793103448,5.694581280788177,0.7012509197939661
2011-08-12,Terra,0.0134,0.0918,0.0263,1.9692307692307691,6.75,0.7419354838709677
2011-08-13,Terra,0.019200000000000002,0.043300000000000005,0.0378,1.9687499999999998,2.4463276836158196,0.41967213114754104
2011-08-14,Terra,0.025400000000000002,0.0614,0.0412,1.6254826254826256,2.694980694980695,0.4587251828631138
2011-08-16,Terra,0.013600000000000001,0.0935,0.026600000000000002,1.9558823529411764,6.874999999999999,0.746031746031746
2011-08-17,Terra,0.0095,0.08080000000000001,0.020300000000000002,2.306818181818182,9.181818181818182,0.8035714285714286
2011-08-18,Terra,0.018600000000000002,0.1211,0.0337,1.8118279569892473,6.510752688172042,0.733715103793844
2011-08-19,Terra,0.0106,0.0869,0.0224,1.9528301886792452,7.116279069767442,0.7535816618911175
2011-08-20,Terra,0.018500000000000003,0.09680000000000001,0.0339,1.8285714285714285,5.232432432432432,0.6790980052038161
2011-08-21,Terra,0.0129,0.06620000000000001,0.024200000000000003,1.796747967479675,5.1,0.6721311475409836
2011-08-22,Terra,0.0221,0.1564,0.039,1.7727272727272725,6.231075697211156,0.7234159779614324
2011-08-23,Terra,0.013300000000000001,0.09670000000000001,0.024300000000000002,1.9172932330827068,7.2706766917293235,0.7581818181818181
2011-08-25,Terra,0.0143,0.0536,0.026600000000000002,1.8881118881118881,3.9703703703703703,0.5976154992548435
2011-08-26,Terra,0.0112,0.0941,0.0233,2.0695652173913044,7.468253968253968,0.7638238050609185
2011-08-27,Terra,0.0216,0.1003,0.035300000000000005,1.6533333333333333,4.713541666666667,0.6499544211485869
2011-08-29,Terra,0.0195,0.0952,0.0368,1.883333333333333,5.088888888888889,0.6715328467153284
2011-09-01,Terra,0.0173,0.1647,0.029400000000000003,1.7159090909090908,9.796791443850267,0.814759782070332
2011-09-02,Terra,0.0097,0.09230000000000001,0.0199,2.117021276595745,9.741573033707866,0.813807531380753
2011-09-03,Terra,0.0152,0.09190000000000001,0.028200000000000003,1.7960526315789476,6.046052631578948,0.7161531279178337
2011-09-04,Terra,0.0112,0.10450000000000001,0.0224,1.9291338582677164,9.766355140186915,0.8142361111111112
2011-09-05,Terra,0.0238,0.1326,0.0386,1.6382113821138211,5.437735849056604,0.6893317702227433
2011-09-06,Terra,0.013900000000000001,0.0772,0.027200000000000002,2.0135135135135136,6.988372093023256,0.7496360989810772
2011-09-08,Terra,0.018000000000000002,0.0883,0.0315,1.6666666666666667,4.368627450980392,0.6274653031409789
2011-09-09,Terra,0.0111,0.0936,0.024,2.1621621621621623,8.432432432432432,0.7879656160458453
2011-09-10,Terra,0.027700000000000002,0.1441,0.0437,1.5408560311284047,4.311572700296736,0.623463687150838
2011-09-11,Terra,0.020900000000000002,0.10160000000000001,0.0357,1.708133971291866,4.725581395348837,0.6506904955320877
2011-09-12,Terra,0.0478,0.2818,0.069,1.4435146443514646,5.895397489539748,0.7099514563106796
2011-09-13,Terra,0.0143,0.0614,0.0287,1.9047619047619047,3.5085714285714285,0.5564005069708492
2011-09-19,Terra,0.026500000000000003,0.0541,0.039,1.471698113207547,2.041509433962264,0.34243176178660045
2011-09-20,Terra,0.0118,0.09140000000000001,0.0234,1.8873239436619718,7.391752577319587,0.7616707616707616
2011-09-21,Terra,0.0181,0.1257,0.029900000000000003,1.6519337016574587,5.172839506172839,0.6759999999999999
2011-09-23,Terra,0.020200000000000003,0.1962,0.035,1.7326732673267327,7.9644128113879,0.7768955934894799
2011-09-24,Terra,0.014700000000000001,0.0444,0.028200000000000003,1.9084507042253522,3.1267605633802815,0.515358361774744
2011-09-28,Terra,0.023700000000000002,0.12010000000000001,0.0364,1.540084388185654,5.067510548523207,0.6703755215577191
2011-09-29,Terra,0.0131,0.0606,0.0246,1.7619047619047619,4.34351145038168,0.6257142857142858
2011-10-08,Terra,0.0146,0.056100000000000004,0.0213,1.4951923076923077,3.8424657534246576,0.586987270155587
2011-10-14,Terra,0.0165,0.0867,0.027,1.6341463414634148,4.781990521327014,0.6540983606557378
2011-10-17,Terra,0.0118,0.0975,0.0193,1.6355932203389831,4.152542372881356,0.611842105263158
2011-10-18,Terra,0.022000000000000002,0.1233,0.034800000000000005,1.6069868995633187,9.339805825242719,0.8065727699530516
2011-10-23,Terra,0.0206,0.1109,0.029900000000000003,1.4514563106796117,3.6358381502890174,0.5685785536159602
2011-10-24,Terra,0.031900000000000005,0.1494,0.0386,1.2100313479623823,4.683385579937304,0.6480970766685051
2011-10-25,Terra,0.0302,0.1489,0.0413,1.3675496688741722,3.611111111111111,0.5662650602409639
2011-10-26,Terra,0.025500000000000002,0.0833,0.033100000000000004,1.23444976076555,2.1923076923076925,0.3734939759036145
2011-10-27,Terra,0.061700000000000005,0.11860000000000001,0.0753,1.220421393841167,2.1919770773638967,0.3734290843806104
2011-11-01,Terra,0.0461,0.1404,0.0516,1.1158690176322419,3.4603174603174605,0.5516014234875444
2011-11-02,Terra,0.032100000000000004,0.11280000000000001,0.035300000000000005,1.0996884735202492,2.247093023255814,0.3840644583706357
2011-11-29,Terra,0.049600000000000005,0.17320000000000002,0.0478,0.9112903225806451,2.945578231292517,0.49310344827586206
2011-12-01,Terra,0.0417,0.06380000000000001,0.0381,1.0293453724604966,2.5557350565428107,0.4375283961835529
2011-12-02,Terra,0.0363,0.0995,0.038400000000000004,1.0578512396694215,2.1258503401360542,0.36017410228509245
2011-12-03,Terra,0.045200000000000004,0.1139,0.0511,1.1460176991150444,2.0784671532846715,0.3503260225251926
2011-12-04,Terra,0.027,0.0881,0.0263,0.9604221635883905,2.459074733096086,0.42181069958847744
2011-12-05,Terra,0.0494,0.2102,0.0545,1.1153846153846154,5.587912087912088,0.696413678065054
2011-12-06,Terra,0.024200000000000003,0.06860000000000001,0.0286,1.0,1.726844583987441,0.26655152561888307
2011-12-07,Terra,0.0235,0.0623,0.0224,1.0945273631840797,3.099502487562189,0.5121359223300971
2011-12-08,Terra,0.0487,0.116,0.0449,0.9240069084628671,2.497872340425532,0.4282238442822384
2011-12-09,Terra,0.0315,0.1012,0.0318,1.0095238095238095,2.7166123778501627,0.46187554776511824
2011-12-10,Terra,0.0545,0.1653,0.053500000000000006,1.0032,2.4026162790697674,0.4122170012815036
2011-12-12,Terra,0.0538,0.2424,0.056900000000000006,0.9774834437086094,3.2105960264900664,0.5250078641082101
2011-12-13,Terra,0.0371,0.0955,0.0344,1.015267175572519,2.1203104786545923,0.3590381426202322
2011-12-16,Terra,0.0236,0.052500000000000005,0.024900000000000002,1.0764331210191083,2.2245762711864407,0.3797634691195796
2011-12-17,Terra,0.0449,0.1087,0.0466,0.9345637583892618,2.5378900445765233,0.4346913061738765
2011-12-21,Terra,0.0456,0.11560000000000001,0.0505,1.1074561403508771,2.5350877192982457,0.43424317617866004
2011-12-22,Terra,0.0477,0.1268,0.046400000000000004,0.8927038626609443,2.035919540229885,0.3412210127780407
2011-12-23,Terra,0.0664,0.1332,0.063,0.9608636977058029,2.0060240963855422,0.33466933867735477
2012-01-03,Terra,0.1694,0.184,0.17800000000000002,1.0507674144037782,1.0861865407319953,0.0413129598189021
2012-01-04,Terra,0.060200000000000004,0.3274,0.0631,1.048172757475083,5.438538205980066,0.6893704850361196
2012-01-08,Terra,0.039,0.0926,0.045700000000000005,1.1717948717948719,2.3743589743589744,0.4072948328267478
2012-01-10,Terra,0.033,0.0195,0.0453,1.3727272727272726,0.5909090909090908,-0.2571428571428572
2012-01-27,Terra,0.0451,0.10840000000000001,0.0591,1.2655246252676657,2.3211991434689505,0.3978078658929723
2012-02-02,Terra,0.0234,0.08420000000000001,0.0317,1.5144230769230766,3.2322274881516586,0.5274356103023516
2012-02-03,Terra,0.0391,0.1017,0.0461,1.1994884910485935,2.683788121990369,0.45708061002178657
2012-02-06,Terra,0.0285,0.1101,0.0398,1.065934065934066,1.9444444444444444,0.32075471698113206
2012-02-12,Terra,0.029900000000000003,0.1491,0.0359,1.20066889632107,5.177083333333333,0.6762225969645869
2012-02-24,Terra,0.0182,0.0727,0.030000000000000002,1.5528455284552847,4.068230277185501,0.6053849389987379
2012-03-04,Terra,0.2044,0.26890000000000003,0.20720000000000002,1.0136986301369864,1.3155577299412917,0.13627720261990287
2012-03-08,Terra,0.039900000000000005,0.1539,0.0516,1.330935251798561,3.012987012987013,0.5016181229773463
2012-03-26,Terra,0.0468,0.1411,0.0606,1.3149284253578735,3.290123456790124,0.5338129496402877
2012-04-14,Terra,0.026000000000000002,0.0405,0.045000000000000005,1.7307692307692308,1.5576923076923077,0.21804511278195485
2012-04-21,Terra,0.024300000000000002,0.0906,0.037000000000000005,1.5185185185185184,3.7472118959107807,0.5787000783085355
2012-04-22,Terra,0.0154,0.09730000000000001,0.029500000000000002,1.7682119205298013,6.073529411764706,0.7172557172557172
2012-04-23,Terra,0.0244,0.09920000000000001,0.0378,1.5491803278688523,4.549222797927461,0.6395891690009338
2012-05-06,Terra,0.016,0.0726,0.027100000000000003,1.69375,4.5375,0.6388261851015801
2012-05-07,Terra,0.02,0.0931,0.0322,1.6099999999999999,4.655,0.6463306808134394
2012-05-09,Terra,0.0252,0.1645,0.0392,1.5745454545454547,6.283276450511945,0.725398313027179
2012-05-10,Terra,0.0194,0.06470000000000001,0.031100000000000003,1.5167464114832534,2.8917525773195876,0.48609271523178804
2012-05-12,Terra,0.0152,0.051000000000000004,0.025500000000000002,1.7012987012987013,3.6690647482014387,0.5716486902927581
2012-05-13,Terra,0.015000000000000001,0.0857,0.0267,1.7592592592592595,5.706666666666667,0.701789264413519
2012-05-14,Terra,0.0224,0.1569,0.0357,1.564516129032258,6.942477876106195,0.7481894150417827
2012-05-15,Terra,0.027700000000000002,0.0903,0.0397,1.4332129963898916,3.2599277978339347,0.5305084745762711
2012-05-16,Terra,0.0198,0.12290000000000001,0.0333,1.638743455497382,6.244897959183674,0.7239436619718309
2012-05-17,Terra,0.0205,0.08940000000000001,0.031400000000000004,1.5384615384615385,4.360975609756098,0.6269335759781619
2012-05-30,Terra,0.0736,0.12440000000000001,0.0864,1.173913043478261,1.690217391304348,0.2565656565656566
2012-06-01,Terra,0.0173,0.0787,0.0325,1.878612716763006,4.549132947976879,0.6395833333333334
2012-06-06,Terra,0.022600000000000002,0.1109,0.0388,1.689922480620155,5.383495145631068,0.6866920152091254
2012-06-10,Terra,0.0252,0.1575,0.0449,1.7817460317460319,6.25,0.7241379310344828
2012-06-11,Terra,0.0407,0.09140000000000001,0.056,1.375921375921376,2.2457002457002457,0.38380015140045426
2012-06-13,Terra,0.0666,0.1091,0.0815,1.2237237237237237,1.638138138138138,0.24188958451906653
2012-06-14,Terra,0.030100000000000002,0.14250000000000002,0.0507,1.6843853820598007,4.863481228668942,0.6589057043073341
2012-06-15,Terra,0.0264,0.10060000000000001,0.0446,1.6705882352941175,4.0894308943089435,0.6070287539936103
2012-06-16,Terra,0.0264,0.1136,0.040600000000000004,1.5498281786941581,4.381625441696113,0.6283650689428759
2012-06-20,Terra,0.053000000000000005,0.0847,0.06330000000000001,1.1943396226415095,1.5981132075471696,0.23021060275962232
2012-06-21,Terra,0.0221,0.1625,0.039,1.7931034482758619,7.352941176470588,0.76056338028169
2012-06-24,Terra,0.07930000000000001,0.12560000000000002,0.0782,0.9861286254728877,1.583858764186633,0.22596388482186433
2012-06-27,Terra,0.026500000000000003,0.0757,0.0345,1.3564814814814816,2.8352059925093633,0.478515625
2012-07-02,Terra,0.0109,0.0753,0.0235,2.2018348623853212,6.48076923076923,0.7326478149100256
2012-07-04,Terra,0.0131,0.09630000000000001,0.026600000000000002,2.068702290076336,7.295454545454546,0.7589041095890411
2012-07-05,Terra,0.020800000000000003,0.09970000000000001,0.0352,1.7047970479704797,4.793269230769231,0.6547717842323652
2012-07-06,Terra,0.018000000000000002,0.18100000000000002,0.031,1.722222222222222,10.055555555555555,0.8190954773869348
2012-07-07,Terra,0.0222,0.1295,0.038200000000000005,1.7114624505928857,5.99537037037037,0.7140966247518199
2012-07-08,Terra,0.0329,0.1221,0.052500000000000005,1.4012345679012348,3.7685185185185186,0.5805825242718446
2012-07-09,Terra,0.014,0.0995,0.0264,1.9214285714285715,7.107142857142858,0.7533039647577093
2012-07-10,Terra,0.0308,0.262,0.0494,1.603896103896104,8.506493506493507,0.7896174863387979
2012-07-11,Terra,0.011300000000000001,0.06910000000000001,0.0216,1.9464285714285714,6.115044247787611,0.7189054726368158
2012-07-12,Terra,0.021500000000000002,0.11810000000000001,0.036500000000000005,1.7378640776699028,5.567961165048544,0.6954915003695492
2012-07-13,Terra,0.0189,0.0993,0.0297,1.5343915343915344,4.355263157894736,0.6265356265356266
2012-07-21,Terra,0.0161,0.1159,0.031900000000000005,1.9084967320261437,7.198757763975156,0.756060606060606
2012-07-23,Terra,0.017,0.1119,0.0329,1.9352941176470586,6.58235294117647,0.7362296353762605
2012-07-24,Terra,0.0182,0.11510000000000001,0.031,1.6373626373626373,6.324175824175824,0.7269317329332334
2012-07-25,Terra,0.011600000000000001,0.10020000000000001,0.0238,1.9508196721311475,8.213114754098362,0.7829181494661922
2012-07-26,Terra,0.0146,0.0558,0.026600000000000002,1.8219178082191783,3.8863636363636367,0.5906976744186048
2012-07-27,Terra,0.019700000000000002,0.0784,0.0334,1.695431472081218,3.9796954314720807,0.5983690112130479
2012-07-28,Terra,0.014,0.07540000000000001,0.027200000000000002,1.9365079365079365,5.385714285714286,0.6868008948545862
2012-07-29,Terra,0.024200000000000003,0.0661,0.0351,1.4504132231404956,2.6979591836734693,0.4591611479028697
2012-07-30,Terra,0.0198,0.09860000000000001,0.0359,1.8415841584158414,4.881188118811881,0.6599326599326598
2012-07-31,Terra,0.010700000000000001,0.0383,0.022500000000000003,2.0526315789473686,3.7184466019417477,0.5761316872427983
2012-08-01,Terra,0.0199,0.1569,0.0358,1.8437499999999998,9.25560538116592,0.8049846961084389
2012-08-02,Terra,0.020300000000000002,0.1395,0.0374,1.7314285714285713,7.205056179775281,0.7562478603218076
2012-08-03,Terra,0.0103,0.11280000000000001,0.0213,2.0679611650485437,10.951456310679612,0.8326563769293257
2012-08-04,Terra,0.013000000000000001,0.07780000000000001,0.0258,1.9846153846153844,5.984615384615385,0.7136563876651983
2012-08-06,Terra,0.0158,0.0998,0.0296,1.8734177215189873,6.316455696202531,0.7266435986159169
2012-08-07,Terra,0.0194,0.193,0.032100000000000004,1.654639175257732,9.948453608247423,0.8173258003766478
2012-08-08,Terra,0.0205,0.1553,0.036000000000000004,1.7932692307692306,7.575609756097561,0.7667804323094426
2012-08-10,Terra,0.0125,0.10450000000000001,0.023700000000000002,1.9310344827586206,8.36,0.7863247863247864
2012-08-11,Terra,0.0148,0.0521,0.027600000000000003,1.864,4.024,0.6019108280254777
2012-08-12,Terra,0.014400000000000001,0.08700000000000001,0.027600000000000003,1.91156462585034,6.041666666666667,0.7159763313609468
2012-08-13,Terra,0.019,0.0704,0.033600000000000005,1.7684210526315793,3.7052631578947373,0.5749440715883669
2012-08-14,Terra,0.0151,0.09190000000000001,0.0274,1.814569536423841,6.017964071856288,0.7150170648464165
2012-08-16,Terra,0.0177,0.1139,0.031400000000000004,1.7341772151898733,6.088541666666666,0.7178545187362234
2012-08-17,Terra,0.0212,0.1517,0.0352,1.6603773584905661,7.15566037735849,0.7547715442452285
2012-08-19,Terra,0.0103,0.1023,0.020800000000000003,2.13,10.23,0.8219056099732859
2012-08-21,Terra,0.0109,0.078,0.0206,1.94,7.155963302752293,0.7547806524184476
2012-08-22,Terra,0.015700000000000002,0.1253,0.0287,1.8280254777070062,7.284883720930233,0.7585964912280703
2012-08-23,Terra,0.019200000000000002,0.08750000000000001,0.0287,1.557788944723618,4.557291666666667,0.6401124648547328
2012-08-24,Terra,0.019200000000000002,0.1441,0.0347,1.8072916666666665,7.505208333333333,0.7648499693815065
2012-08-25,Terra,0.0178,0.0608,0.029900000000000003,1.6964285714285712,3.6407185628742518,0.5690322580645162
2012-08-26,Terra,0.022000000000000002,0.08560000000000001,0.0352,1.6059113300492611,4.128078817733989,0.6099903938520653
2012-08-27,Terra,0.016,0.0216,0.028,1.75,1.35,0.14893617021276598
2012-08-29,Terra,0.0129,0.0941,0.0263,2.0387596899224807,7.294573643410853,0.7588785046728973
2012-08-30,Terra,0.0103,0.0693,0.020300000000000002,1.9523809523809523,6.6,0.7368421052631579
2012-08-31,Terra,0.016800000000000002,0.1188,0.031400000000000004,1.869047619047619,6.7650273224043715,0.7424349049964813
2012-09-01,Terra,0.014100000000000001,0.0599,0.024200000000000003,1.7348484848484849,4.830645161290322,0.656984785615491
2012-09-02,Terra,0.012,0.0794,0.0223,1.8583333333333334,6.616666666666666,0.7374179431072211
2012-09-03,Terra,0.013900000000000001,0.1588,0.0262,1.8827586206896552,11.093167701863354,0.8346173600410889
2012-09-04,Terra,0.0131,0.0901,0.0246,1.8897637795275588,6.348387096774194,0.7278314310798947
2012-09-05,Terra,0.0155,0.1247,0.0287,1.8516129032258064,8.04516129032258,0.7788873038516406
2012-09-06,Terra,0.0142,0.0716,0.0263,1.9029850746268657,5.2164179104477615,0.6782713085234094
2012-09-07,Terra,0.0218,0.09380000000000001,0.0366,1.6788990825688073,4.404040404040404,0.6299065420560748
2012-09-11,Terra,0.0148,0.1033,0.0267,1.8040540540540542,7.326241134751773,0.7597955706984668
2012-09-12,Terra,0.0152,0.1134,0.027100000000000003,1.7828947368421055,6.683333333333333,0.7396963123644251
2012-09-14,Terra,0.020800000000000003,0.17650000000000002,0.0341,1.6394230769230766,7.562111801242237,0.7664127675009068
2012-09-16,Terra,0.0201,0.1342,0.0339,1.7184466019417477,7.21505376344086,0.756544502617801
2012-09-17,Terra,0.012400000000000001,0.0345,0.0239,1.8865248226950355,3.2857142857142856,0.5333333333333333
2012-09-18,Terra,0.025900000000000003,0.14300000000000002,0.0395,1.525096525096525,5.521235521235521,0.6933096506808762
2012-09-19,Terra,0.0178,0.0669,0.0287,1.6269430051813474,2.816793893129771,0.47600000000000003
2012-09-20,Terra,0.0125,0.10840000000000001,0.025,2.0,8.672,0.7932175351530191
2012-09-22,Terra,0.010100000000000001,0.0819,0.0211,1.9900990099009899,7.287128712871286,0.7586618876941458
2012-09-24,Terra,0.013300000000000001,0.096,0.0284,2.1194029850746268,6.828571428571428,0.7445255474452555
2012-09-25,Terra,0.0213,0.1245,0.0345,1.586854460093897,5.872641509433962,0.7089910775566233
2012-09-26,Terra,0.0105,0.0538,0.018600000000000002,1.785714285714286,3.476744186046512,0.5532467532467532
2012-09-30,Terra,0.015600000000000001,0.0772,0.025400000000000002,1.6493506493506496,5.916666666666666,0.710843373493976
2012-10-01,Terra,0.0105,0.084,0.0211,1.7857142857142858,5.4461538461538455,0.6897374701670645
2012-10-02,Terra,0.0164,0.1321,0.029,1.6932515337423313,5.658536585365853,0.6996336996336997
2012-10-03,Terra,0.0182,0.0896,0.0281,1.483635265700483,3.2941176470588234,0.5342465753424658
2012-10-04,Terra,0.0296,0.14780000000000001,0.045200000000000004,1.4692556634304208,4.497368421052632,0.6361895643848731
2012-10-05,Terra,0.01725,0.0801,0.025050000000000003,1.5389322395624916,4.855361596009975,0.6584327086882453
2012-10-06,Terra,0.0176,0.1078,0.029400000000000003,1.6153846153846152,6.291666666666666,0.7257142857142856
2012-10-07,Terra,0.0184,0.08070000000000001,0.0309,1.5748502994011977,4.123209169054441,0.6096196868008948
2012-10-08,Terra,0.0198,0.055900000000000005,0.028200000000000003,1.4953703703703705,2.7676767676767677,0.4691689008042896
2012-10-09,Terra,0.0218,0.1265,0.034,1.5321100917431192,5.313653136531365,0.6832261835184102
2012-10-10,Terra,0.0154,0.09630000000000001,0.0261,1.5714285714285716,4.025974025974026,0.6020671834625324
2012-10-11,Terra,0.023700000000000002,0.149,0.0362,1.544600938967136,5.323943661971831,0.6837416481069043
2012-10-17,Terra,0.0131,0.096,0.021400000000000002,1.6951219512195121,5.0602006688963215,0.6699779249448123
2012-10-18,Terra,0.0181,0.1282,0.029300000000000003,1.5469613259668507,4.774038461538461,0.6536219816819318
2012-10-25,Terra,0.0204,0.0707,0.033,1.6176470588235294,3.4656862745098036,0.5521405049396267
2012-11-06,Terra,0.028,0.22890000000000002,0.0368,1.3142857142857143,8.175,0.782016348773842
2012-11-08,Terra,0.0376,0.0596,0.042100000000000005,1.1196808510638299,1.697029702970297,0.25844346549192365
2012-11-15,Terra,0.0356,0.0932,0.0386,1.0842696629213484,2.2163892445582585,0.37818471337579623
2012-11-26,Terra,0.0697,0.2096,0.0714,1.033288948069241,2.522262334536703,0.43218312265117864
2013-01-02,Terra,0.5022,0.49410000000000004,0.5197,1.034846674631621,0.9838709677419356,-0.008130081300812948
2013-01-04,Terra,0.024800000000000003,0.0371,0.0332,1.3387096774193548,1.4959677419354838,0.19870759289176088
2013-01-16,Terra,0.4687,0.5248,0.46880000000000005,0.9984079249955775,1.115653389238295,0.05466556564822463
2013-01-17,Terra,0.13970000000000002,0.2632,0.1442,1.0322118826055833,1.8840372226198994,0.3065276743608835
2013-01-18,Terra,0.2987,0.4585,0.2907,1.0136138613861385,1.315323041738136,0.13618965304358563
2013-01-19,Terra,0.1187,0.22540000000000002,0.12350000000000001,1.0404380791912384,1.8989048020219041,0.31008427782621334
2013-01-20,Terra,0.3311,0.37820000000000004,0.3426,1.0347327091513139,1.3204992033988316,0.13811648930083537
2013-01-21,Terra,0.1771,0.2871,0.1966,1.0303819444444444,1.3482849604221634,0.148314606741573
2013-01-22,Terra,0.1479,0.3675,0.14650000000000002,0.9905341446923598,2.0213636363636365,0.33804723935610054
2013-02-08,Terra,0.0339,0.0651,0.035300000000000005,1.041297935103245,1.920353982300885,0.3151515151515152
2013-02-15,Terra,0.0097,0.0592,0.0128,1.3195876288659794,3.587628865979382,0.5640449438202247
2013-03-04,Terra,0.043500000000000004,0.1428,0.0533,1.225287356321839,3.0041608876560337,0.5005195704883963
2013-03-07,Terra,0.0373,0.0655,0.0357,0.9571045576407508,1.7560321715817695,0.27431906614785995
2013-03-08,Terra,0.0391,0.11960000000000001,0.042100000000000005,1.0654450261780104,2.6518847006651884,0.4523375834851245
2013-03-09,Terra,0.023100000000000002,0.11610000000000001,0.0323,1.3982683982683983,3.7616580310880825,0.5799782372143635
2013-03-30,Terra,0.0236,0.12050000000000001,0.031200000000000002,1.3432203389830508,4.580508474576272,0.6416097190584662
2013-04-22,Terra,0.028,0.0891,0.0376,1.357142857142857,3.697095435684647,0.5742049469964665
2013-04-23,Terra,0.0151,0.0683,0.0235,1.727941176470588,5.022058823529411,0.6678876678876678
2013-04-24,Terra,0.0161,0.058600000000000006,0.027,1.6459627329192548,3.6397515527950315,0.568942436412316
2013-04-25,Terra,0.0175,0.07930000000000001,0.0258,1.5087719298245614,4.637426900584796,0.6452282157676348
2013-04-26,Terra,0.018600000000000002,0.0891,0.031400000000000004,1.6881720430107527,4.790322580645161,0.6545961002785514
2013-04-27,Terra,0.019700000000000002,0.0651,0.0296,1.5025380710659897,3.3045685279187818,0.535377358490566
2013-05-01,Terra,0.0196,0.1729,0.0285,1.5612244897959184,7.6761565836298935,0.7694831829368334
2013-05-02,Terra,0.015000000000000001,0.09340000000000001,0.024200000000000003,1.5933333333333333,6.226666666666667,0.7232472324723248
2013-05-03,Terra,0.016900000000000002,0.09050000000000001,0.0284,1.6867469879518073,5.355029585798817,0.6852886405959032
2013-05-04,Terra,0.015700000000000002,0.058800000000000005,0.0252,1.60625,3.6750000000000003,0.572192513368984
2013-05-05,Terra,0.019,0.125,0.0315,1.6578947368421053,6.443298969072165,0.7313019390581718
2013-05-06,Terra,0.024900000000000002,0.09050000000000001,0.0335,1.3453815261044177,3.099315068493151,0.5121136173767753
2013-05-07,Terra,0.0207,0.07300000000000001,0.0347,1.676328502415459,3.5265700483091793,0.5581643543223054
2013-05-08,Terra,0.031900000000000005,0.0651,0.0429,1.3448275862068964,1.8,0.2857142857142857
2013-05-09,Terra,0.0126,0.1042,0.0219,1.8492063492063493,7.607361963190183,0.7676407697790448
2013-05-10,Terra,0.024200000000000003,0.12990000000000002,0.037700000000000004,1.5578512396694215,5.332326283987915,0.6841603053435116
2013-05-20,Terra,0.013900000000000001,0.0683,0.027800000000000002,1.7974683544303798,4.719424460431655,0.6503144654088051
2013-05-31,Terra,0.0166,0.0984,0.0297,1.7891566265060241,5.961290322580646,0.7126969416126043
2013-06-02,Terra,0.025400000000000002,0.18050000000000002,0.0395,1.688034188034188,7.713675213675215,0.7704757233938205
2013-06-03,Terra,0.0137,0.09380000000000001,0.0247,1.7985074626865671,6.846715328467154,0.7451162790697674
2013-06-04,Terra,0.016300000000000002,0.10550000000000001,0.0284,1.7423312883435582,6.472392638036809,0.7323481116584564
2013-06-05,Terra,0.0143,0.0762,0.025500000000000002,1.7552447552447552,5.861538461538461,0.7085201793721974
2013-06-06,Terra,0.0149,0.08900000000000001,0.027200000000000002,1.865771812080537,5.973154362416108,0.7131857555341675
2013-06-07,Terra,0.0307,0.1027,0.041,1.3355048859934853,3.345276872964169,0.5397301349325337
2013-06-08,Terra,0.0149,0.1066,0.0287,1.920634920634921,7.206611570247933,0.756294058408862
2013-06-09,Terra,0.0297,0.1341,0.0455,1.356902356902357,4.515151515151515,0.6373626373626373
2013-06-10,Terra,0.011600000000000001,0.09090000000000001,0.0212,1.8809523809523812,7.836206896551724,0.7736585365853659
2013-06-14,Terra,0.0187,0.1342,0.029300000000000003,1.5668449197860963,7.176470588235294,0.7553956834532375
2013-06-16,Terra,0.0458,0.12990000000000002,0.057,1.2445414847161573,2.8362445414847164,0.4786568013659647
2013-06-28,Terra,0.0091,0.0893,0.0182,2.119565217391304,9.813186813186814,0.8150406504065041
2013-06-30,Terra,0.0198,0.11040000000000001,0.0286,1.4841628959276019,4.995475113122172,0.6664150943396228
2013-07-01,Terra,0.0256,0.1535,0.0438,1.656357388316151,5.99609375,0.7141261864879954
2013-07-02,Terra,0.048,0.18030000000000002,0.059000000000000004,1.2291666666666667,3.75625,0.5795006570302235
2013-07-03,Terra,0.0189,0.13,0.032600000000000004,1.8041237113402062,7.31958762886598,0.7596034696406444
2013-07-04,Terra,0.0179,0.0901,0.0285,1.675257731958763,4.95054945054945,0.6638965835641735
2013-07-05,Terra,0.0095,0.09730000000000001,0.019700000000000002,2.073684210526316,7.699999999999999,0.7701149425287356
2013-07-06,Terra,0.0161,0.1233,0.028800000000000003,1.8290598290598292,7.658385093167702,0.7690100430416069
2013-07-07,Terra,0.0158,0.0806,0.0258,1.6329113924050631,5.10126582278481,0.6721991701244812
2013-07-08,Terra,0.0137,0.0922,0.0275,1.9699248120300752,6.7299270072992705,0.741265344664778
2013-07-09,Terra,0.0177,0.0674,0.028800000000000003,1.5265700483091789,4.07563025210084,0.6059602649006622
2013-07-10,Terra,0.018600000000000002,0.1296,0.033800000000000004,1.802325581395349,6.96774193548387,0.7489878542510121
2013-07-11,Terra,0.024200000000000003,0.1641,0.036000000000000004,1.487603305785124,6.365079365079366,0.728448275862069
2013-07-13,Terra,0.0286,0.1598,0.041600000000000005,1.4545454545454548,5.853479853479853,0.7081774452164619
2013-07-14,Terra,0.0106,0.0926,0.0211,1.9310344827586206,7.982758620689655,0.7773512476007678
2013-07-15,Terra,0.0155,0.1105,0.0291,1.8774193548387097,7.153284671532846,0.7547000895255147
2013-07-16,Terra,0.0386,0.2318,0.055200000000000006,1.4300518134715026,6.005181347150259,0.7144970414201183
2013-07-17,Terra,0.0198,0.12710000000000002,0.0359,1.8131313131313131,6.41919191919192,0.730428863172226
2013-07-18,Terra,0.013800000000000002,0.09570000000000001,0.0258,1.8869047619047616,6.934782608695652,0.747945205479452
2013-07-19,Terra,0.0212,0.14780000000000001,0.0374,1.8088888888888888,10.271111111111109,0.8225552050473187
2013-07-20,Terra,0.0158,0.0713,0.028,1.776,4.986013986013986,0.6658878504672897
2013-07-21,Terra,0.010100000000000001,0.0964,0.021,2.0288461538461537,9.269230769230768,0.8052434456928838
2013-07-22,Terra,0.012400000000000001,0.0613,0.024900000000000002,2.008064516129032,4.943548387096774,0.6635006784260515
2013-07-23,Terra,0.0115,0.06670000000000001,0.022000000000000002,1.9152542372881358,5.422764227642277,0.6886075949367089
2013-07-24,Terra,0.016900000000000002,0.0903,0.0316,1.871345029239766,5.64375,0.6989651928504234
2013-07-25,Terra,0.010700000000000001,0.0495,0.020300000000000002,2.037383177570093,4.63265306122449,0.6449275362318841
2013-07-26,Terra,0.0143,0.1187,0.0253,1.8322147651006713,8.503496503496503,0.7895511405445181
2013-07-27,Terra,0.0234,0.1194,0.0361,1.4632034632034632,5.605633802816902,0.6972281449893392
2013-07-28,Terra,0.0098,0.0969,0.0193,2.057142857142857,10.308510638297872,0.8231420507996237
2013-07-29,Terra,0.010400000000000001,0.0626,0.0206,1.9807692307692306,5.350427350427351,0.6850605652759084
2013-07-30,Terra,0.0115,0.0599,0.0223,1.982608695652174,5.650943396226415,0.699290780141844
2013-08-03,Terra,0.0152,0.1274,0.0261,1.7283950617283952,7.018018018018018,0.750561797752809
2013-08-04,Terra,0.0155,0.1297,0.0292,1.8838709677419354,7.194539249146757,0.7559350270720534
2013-08-05,Terra,0.0114,0.046700000000000005,0.023,1.9357798165137616,4.067164179104477,0.605301914580265
2013-08-06,Terra,0.0189,0.1038,0.0315,1.6645962732919255,5.492063492063492,0.6919315403422983
2013-08-08,Terra,0.0149,0.077,0.0252,1.7098765432098768,6.154362416107383,0.7204502814258913
2013-08-10,Terra,0.012100000000000001,0.0757,0.0241,1.9280575539568345,5.298245614035087,0.6824512534818942
2013-08-12,Terra,0.0179,0.1226,0.0291,1.6256983240223464,6.800000000000001,0.7435897435897436
2013-08-13,Terra,0.0098,0.0782,0.0193,1.969387755102041,8.5,0.7894736842105263
2013-08-18,Terra,0.0159,0.1012,0.0292,1.8364779874213835,6.364779874213836,0.7284372331340735
2013-08-19,Terra,0.0177,0.0753,0.027,1.5987654320987656,4.3271604938271615,0.6245654692931634
2013-08-20,Terra,0.017,0.1257,0.0318,1.8816568047337277,8.219101123595506,0.7830591102985983
2013-08-24,Terra,0.0111,0.0792,0.022500000000000003,2.009090909090909,7.2,0.7560975609756099
2013-08-27,Terra,0.020300000000000002,0.126,0.034300000000000004,1.7476190476190476,5.675675675675675,0.7004048582995952
2013-08-30,Terra,0.012,0.0999,0.024,2.0,5.741379310344827,0.7033248081841432
2013-08-31,Terra,0.01,0.0918,0.020800000000000003,1.9065420560747663,7.00763358778626,0.7502383222116301
2013-09-01,Terra,0.0198,0.15760000000000002,0.033600000000000005,1.7676767676767677,7.650485436893205,0.7687991021324354
2013-09-07,Terra,0.0097,0.06810000000000001,0.0195,1.9775280898876406,7.244680851063831,0.7574193548387097
2013-09-08,Terra,0.0132,0.0805,0.0244,1.8538011695906431,4.447513812154696,0.6328600405679512
2013-09-09,Terra,0.010700000000000001,0.0591,0.023,1.8778625954198473,4.6171875,0.6439499304589708
2013-09-10,Terra,0.018600000000000002,0.09230000000000001,0.0309,1.7741935483870968,4.458937198067633,0.6336283185840709
2013-09-11,Terra,0.0102,0.084,0.02,1.8415841584158414,5.957446808510638,0.7125382262996942
2013-09-12,Terra,0.0246,0.11620000000000001,0.0403,1.6666666666666667,4.814285714285714,0.656019656019656
2013-09-13,Terra,0.0176,0.1092,0.0287,1.6136363636363635,4.031055900621118,0.6024691358024691
2013-09-15,Terra,0.0244,0.0392,0.0395,1.6188524590163933,1.6065573770491801,0.23270440251572322
2013-09-19,Terra,0.0187,0.0864,0.031200000000000002,1.7109004739336493,5.433962264150943,0.6891495601173021
2013-10-04,Terra,0.0188,0.10360000000000001,0.0274,1.5049019607843137,4.709090909090909,0.6496815286624203
2013-10-05,Terra,0.015700000000000002,0.10880000000000001,0.027700000000000002,1.7643312101910826,5.837121212121213,0.7074792243767313
2013-10-06,Terra,0.01175,0.0393,0.019700000000000002,1.7416666666666667,3.058823529411765,0.5072463768115942
2013-10-13,Terra,0.0206,0.1198,0.027700000000000002,1.3446601941747574,6.824,0.7443762781186095
2013-10-14,Terra,0.024,0.0915,0.0345,1.5020576131687244,4.275700934579438,0.620903454384411
2013-10-15,Terra,0.0118,0.0482,0.019,1.5430463576158941,3.3858695652173916,0.5439900867410161
2013-10-16,Terra,0.009300000000000001,0.056600000000000004,0.014400000000000001,1.588785046728972,5.384615384615385,0.6867469879518073
2013-10-17,Terra,0.0142,0.0889,0.020300000000000002,1.5625,3.9871794871794872,0.5989717223650385
2013-10-18,Terra,0.0111,0.0784,0.0176,1.6605504587155964,4.746987951807229,0.6519916142557651
2013-10-19,Terra,0.0165,0.056,0.0256,1.3841059602649006,2.7843942505133468,0.47151383613673364
2013-10-20,Terra,0.0132,0.0777,0.0189,1.4318181818181819,4.734234234234234,0.6512175962293795
2013-10-21,Terra,0.0196,0.1139,0.0274,1.5306122448979593,3.7414965986394555,0.5781922525107605
2013-10-22,Terra,0.012300000000000002,0.05,0.0176,1.5008032409024237,2.841584158415841,0.47938144329896903
2013-10-23,Terra,0.024300000000000002,0.09910000000000001,0.0345,1.4197530864197532,4.2746331236897275,0.6208267090620032
2013-10-24,Terra,0.0177,0.10700000000000001,0.024900000000000002,1.3893129770992367,3.936842105263158,0.5948827292110874
2013-10-25,Terra,0.012400000000000001,0.0847,0.019100000000000002,1.5403225806451613,6.33739837398374,0.7274238227146813
2013-10-26,Terra,0.022000000000000002,0.1048,0.0296,1.315,2.677777777777778,0.4561933534743203
2013-10-28,Terra,0.2479,0.3458,0.24750000000000003,0.9983864461476403,1.3949173053650665,0.1648980966818258
2013-10-29,Terra,0.0227,0.0599,0.027800000000000002,1.2555066079295154,2.004991680532446,0.3344407530454042
2013-10-30,Terra,0.0374,0.1451,0.0512,1.3689839572192513,3.8796791443850265,0.5901369863013699
2013-11-01,Terra,0.0692,0.2462,0.0761,1.0997109826589595,3.5578034682080926,0.5611921369689283
2013-11-21,Terra,0.0395,0.084,0.037700000000000004,0.9544303797468355,2.318785578747628,0.3973699256718125
2013-11-22,Terra,0.0514,0.1346,0.053200000000000004,1.0700389105058365,3.5661641541038525,0.561995597945708
2013-11-23,Terra,0.034,0.0918,0.0322,0.9117647058823529,2.011444921316166,0.3358669833729216
2013-11-24,Terra,0.0534,0.15760000000000002,0.055600000000000004,1.0651408450704225,4.001718213058419,0.6001374098248025
2013-11-25,Terra,0.0402,0.0965,0.0371,0.9228855721393036,1.7493112947658402,0.2725450901803607
2013-11-28,Terra,0.028900000000000002,0.0888,0.0307,1.0622837370242215,2.56875,0.4395796847635727
2013-11-29,Terra,0.0263,0.1129,0.0302,1.1613588110403397,5.7006369426751595,0.7015209125475286
2013-12-04,Terra,0.0154,0.0313,0.0105,0.8587257617728532,2.2714681440443214,0.388653683319221
2013-12-09,Terra,0.1492,0.1852,0.1466,0.9825737265415551,1.2412868632707774,0.1076555023923445
2013-12-11,Terra,0.2054,0.2901,0.19490000000000002,0.9992484028560692,1.5513784461152882,0.21611001964636542
2013-12-16,Terra,0.0442,0.1678,0.0393,0.8891402714932126,3.7963800904977374,0.5830188679245283
2013-12-17,Terra,0.0454,0.2503,0.0543,1.1415094339622642,4.832046332046332,0.6570671962926183
2013-12-26,Terra,0.019100000000000002,0.0912,0.021500000000000002,1.1900369003690037,5.28888888888889,0.6819787985865725
2013-12-27,Terra,0.07590000000000001,0.17930000000000001,0.0771,1.0158102766798418,1.9321120689655173,0.3178978316795296
2013-12-28,Terra,0.025,0.0582,0.030100000000000002,1.204,2.603550295857988,0.444991789819376
2014-01-02,Terra,0.05,0.2038,0.055600000000000004,1.0824949698189135,3.739449541284404,0.5780100658149439
2014-01-04,Terra,0.025900000000000003,0.09280000000000001,0.028900000000000002,1.1158301158301158,4.139097744360902,0.6108266276517922
2014-01-05,Terra,0.0359,0.06910000000000001,0.035,0.9749303621169917,2.26578073089701,0.3875890132248219
2014-01-15,Terra,0.0217,0.0658,0.0269,1.23963133640553,2.480719794344473,0.4254062038404726
2014-01-16,Terra,0.040100000000000004,0.2675,0.046700000000000005,1.1645885286783042,6.670822942643391,0.7392717815344603
2014-01-17,Terra,0.0166,0.0507,0.023100000000000002,1.3536585365853657,2.343137254901961,0.4017595307917888
2014-01-18,Terra,0.0448,0.2321,0.0514,1.13347022587269,4.765913757700205,0.6531339031339032
2014-01-20,Terra,0.0251,0.0887,0.0303,1.2151394422310757,4.540372670807454,0.6390134529147982
2014-01-21,Terra,0.025,0.048100000000000004,0.028,1.1199999999999999,2.0760667903525043,0.3498190591073582
2014-01-22,Terra,0.021400000000000002,0.067,0.027800000000000002,1.1045296167247387,3.12751677852349,0.5154471544715448
2014-01-23,Terra,0.048,0.12140000000000001,0.049600000000000005,1.0101419878296145,2.293333333333333,0.3927125506072875
2014-01-24,Terra,0.0292,0.0666,0.031100000000000003,1.065068493150685,2.1883561643835616,0.37271750805585385
2014-01-25,Terra,0.0541,0.1265,0.0584,1.0794824399260627,2.7296248382923674,0.46375303503295184
2014-01-26,Terra,0.032100000000000004,0.0707,0.033600000000000005,0.9627118644067797,2.04855842185129,0.3439522150323544
2014-02-01,Terra,0.022600000000000002,0.0465,0.0263,1.163716814159292,2.057522123893805,0.3458755426917511
2014-02-22,Terra,0.0291,0.0325,0.045700000000000005,1.6328358208955225,1.1992619926199262,0.09060402684563756
2014-02-28,Terra,0.0222,0.0889,0.033,1.411320754716981,3.873873873873874,0.589648798521257
2014-03-11,Terra,0.024300000000000002,0.09090000000000001,0.0425,1.6458333333333333,2.9322580645161294,0.49138638228055787
2014-03-12,Terra,0.0263,0.10590000000000001,0.0492,1.6534090909090908,3.466124661246613,0.5521844660194175
2014-03-13,Terra,0.034300000000000004,0.06720000000000001,0.0512,1.4308300395256919,2.5255474452554743,0.43271221532091103
2014-03-18,Terra,0.0195,0.06665,0.036500000000000005,1.871794871794872,3.119004524886878,0.5042467033286214
2014-03-22,Terra,0.0218,0.08700000000000001,0.0356,1.5866666666666667,3.8666666666666667,0.5890410958904109
2014-03-23,Terra,0.038700000000000005,0.1194,0.0562,1.4658536585365853,3.4508670520231215,0.5506493506493507
2014-03-24,Terra,0.0507,0.1427,0.0627,1.2366863905325445,2.814595660749507,0.4756980351602896
2014-04-07,Terra,0.016900000000000002,0.060500000000000005,0.029400000000000003,1.6551724137931034,3.379888268156425,0.5433673469387756
2014-04-08,Terra,0.0358,0.11800000000000001,0.0522,1.5474860335195533,3.6196319018404908,0.5670650730411686
2014-04-09,Terra,0.0189,0.0669,0.0345,1.576271186440678,2.353846153846154,0.4036697247706423
2014-04-11,Terra,0.033800000000000004,0.2369,0.0437,1.2928994082840235,7.00887573964497,0.7502770594754341
2014-04-12,Terra,0.0161,0.0653,0.0281,1.827814569536424,4.324503311258278,0.6243781094527363
2014-04-13,Terra,0.0175,0.0664,0.033800000000000004,1.9657142857142855,3.794285714285714,0.5828367103694875
2014-04-14,Terra,0.022600000000000002,0.044700000000000004,0.0368,1.6166666666666667,2.098591549295775,0.3545454545454546
2014-04-20,Terra,0.0307,0.081,0.0443,1.4364820846905537,2.7364864864864864,0.4647377938517179
2014-04-29,Terra,0.0173,0.1091,0.0298,1.7225433526011562,6.306358381502891,0.7262658227848101
2014-04-30,Terra,0.0175,0.0604,0.026000000000000002,1.4819277108433735,3.355555555555555,0.5408163265306123
2014-05-01,Terra,0.0317,0.1136,0.041800000000000004,1.3186119873817037,3.5835962145110414,0.5636613902271163
2014-05-07,Terra,0.014700000000000001,0.0653,0.0236,1.5902777777777777,4.442176870748299,0.6324999999999998
2014-05-13,Terra,0.0221,0.12810000000000002,0.0334,1.5708154506437768,5.497854077253219,0.6922060766182299
2014-05-14,Terra,0.0177,0.0893,0.0252,1.423728813559322,5.045197740112995,0.6691588785046728
2014-05-16,Terra,0.0244,0.08420000000000001,0.032600000000000004,1.3360655737704918,2.614906832298137,0.4467353951890035
2014-05-20,Terra,0.0126,0.028900000000000002,0.0234,1.8130081300813008,2.3306451612903225,0.39951573849878935
2014-05-21,Terra,0.0135,0.06910000000000001,0.023,1.6838235294117645,5.080882352941177,0.6711003627569528
2014-05-29,Terra,0.0241,0.1034,0.043500000000000004,1.7973568281938326,3.9087136929460584,0.5925612848689773
2014-05-30,Terra,0.0213,0.083,0.035,1.6447368421052633,3.8967136150234745,0.5915627996164909
2014-05-31,Terra,0.0273,0.0926,0.0473,1.7209302325581397,3.367272727272727,0.5420482930890925
2014-06-01,Terra,0.038200000000000005,0.0748,0.053000000000000005,1.387434554973822,1.8586387434554974,0.30036630036630035
2014-06-02,Terra,0.027100000000000003,0.1422,0.0463,1.7164750957854404,5.247232472324723,0.6798582398109864
2014-06-03,Terra,0.0262,0.22990000000000002,0.040400000000000005,1.5419847328244276,8.774809160305344,0.7953924248340493
2014-06-04,Terra,0.0258,0.129,0.0439,1.707509881422925,5.098814229249012,0.6720674011665587
2014-06-05,Terra,0.0219,0.1009,0.0359,1.6164383561643836,4.737089201877935,0.6513911620294599
2014-06-06,Terra,0.021,0.095,0.0324,1.534562211981567,4.523809523809524,0.6379310344827586
2014-06-07,Terra,0.0207,0.1119,0.0358,1.70995670995671,5.0675675675675675,0.6703786191536748
2014-06-08,Terra,0.022600000000000002,0.09770000000000001,0.033100000000000004,1.4646017699115046,4.323008849557522,0.6242726517040731
2014-06-09,Terra,0.019200000000000002,0.0702,0.0308,1.647727272727273,4.253623188405797,0.6193103448275862
2014-06-10,Terra,0.0545,0.0815,0.058100000000000006,1.0935875216637783,1.3633027522935781,0.1537267080745342
2014-06-11,Terra,0.0224,0.13770000000000002,0.0367,1.6383928571428572,6.14732142857143,0.7201748906933166
2014-06-19,Terra,0.0196,0.10060000000000001,0.0313,1.295373665480427,4.473309608540926,0.634590377113134
2014-06-30,Terra,0.0132,0.0859,0.023100000000000002,1.861271676300578,6.3161764705882355,0.7266331658291457
2014-07-01,Terra,0.0092,0.08,0.016,1.9200000000000002,8.695652173913043,0.7937219730941704
2014-07-05,Terra,0.020300000000000002,0.1471,0.0303,1.566502463054187,7.246305418719212,0.7574671445639186
2014-07-06,Terra,0.0164,0.12200000000000001,0.033100000000000004,1.943502824858757,8.614035087719298,0.791970802919708
2014-07-07,Terra,0.010700000000000001,0.059800000000000006,0.0219,2.0204081632653064,5.24561403508772,0.6797752808988764
2014-07-09,Terra,0.0218,0.1585,0.0381,1.7993079584775087,7.270642201834862,0.7581808097615085
2014-07-10,Terra,0.0131,0.0786,0.022000000000000002,1.6888888888888889,7.255102040816326,0.7577255871446229
2014-07-12,Terra,0.0205,0.1487,0.030500000000000003,1.4878048780487805,7.253658536585365,0.7576832151300238
2014-07-14,Terra,0.0236,0.1404,0.040400000000000005,1.4830508474576274,5.773006134969324,0.7047101449275364
2014-07-15,Terra,0.0122,0.0795,0.0236,1.853448275862069,6.2109375,0.722643553629469
2014-07-16,Terra,0.0196,0.0558,0.0337,1.719387755102041,3.0659340659340657,0.508108108108108
2014-07-17,Terra,0.0126,0.0852,0.0219,1.6587301587301588,7.0413223140495855,0.7512846865364851
2014-07-18,Terra,0.016,0.09340000000000001,0.0291,1.8125,5.656250000000001,0.6995305164319249
2014-07-19,Terra,0.0274,0.1114,0.0364,1.3065134099616857,4.065693430656935,0.6051873198847262
2014-07-25,Terra,0.0171,0.161,0.030600000000000002,1.8851063829787233,9.415204678362572,0.8079730488489613
2014-07-26,Terra,0.0128,0.0663,0.0222,1.6888888888888889,4.962264150943397,0.6645569620253164
2014-07-28,Terra,0.0111,0.044000000000000004,0.0204,1.846153846153846,4.313725490196078,0.6236162361623616
2014-07-29,Terra,0.0251,0.14070000000000002,0.041800000000000004,1.7346938775510203,5.462809917355372,0.690537084398977
2014-07-30,Terra,0.02,0.0985,0.031100000000000003,1.51,4.925,0.6624472573839661
2014-07-31,Terra,0.0126,0.0931,0.0229,1.7536231884057971,6.746376811594202,0.7418147801683815
2014-08-01,Terra,0.016900000000000002,0.092,0.030100000000000002,1.694610778443114,5.44378698224852,0.689623507805326
2014-08-02,Terra,0.012700000000000001,0.08270000000000001,0.022600000000000002,1.7519379844961243,5.865248226950355,0.7086776859504132
2014-08-03,Terra,0.023200000000000002,0.16820000000000002,0.040600000000000004,1.7553648068669527,7.3033707865168545,0.7591339648173207
2014-08-04,Terra,0.026500000000000003,0.1257,0.0376,1.4241379310344828,4.334482758620689,0.6250808015513898
2014-08-05,Terra,0.014400000000000001,0.1326,0.0339,2.3453237410071943,9.112903225806452,0.8022328548644337
2014-08-06,Terra,0.0178,0.1096,0.0285,1.48,5.376623376623376,0.6863543788187373
2014-08-07,Terra,0.0177,0.1388,0.0322,1.8192090395480225,8.010989010989011,0.778048780487805
2014-08-08,Terra,0.019,0.11120000000000001,0.0292,1.6147540983606559,5.148148148148148,0.674698795180723
2014-08-09,Terra,0.012,0.0707,0.021,1.7355371900826446,5.84297520661157,0.7077294685990339
2014-08-10,Terra,0.019200000000000002,0.09730000000000001,0.0325,1.66796875,5.067708333333333,0.6703862660944205
2014-08-16,Terra,0.0167,0.0849,0.026500000000000003,1.5868263473053894,5.208588957055214,0.6778656126482212
2014-08-17,Terra,0.0187,0.1247,0.029900000000000003,1.705607476635514,6.25668449197861,0.7243920412675018
2014-08-18,Terra,0.0128,0.07930000000000001,0.0221,1.7457627118644068,6.395161290322581,0.7295528898582335
2014-08-19,Terra,0.0238,0.0752,0.040600000000000004,1.5583756345177664,3.7872928176795577,0.5822273514137333
2014-08-20,Terra,0.0178,0.0287,0.0285,1.601123595505618,1.6123595505617978,0.23440860215053763
2014-08-22,Terra,0.016900000000000002,0.12150000000000001,0.026500000000000003,1.6213017751479288,7.9411764705882355,0.7763157894736843
2014-08-26,Terra,0.0152,0.1032,0.0257,1.8212290502793298,6.7894736842105265,0.7432432432432432
2014-08-27,Terra,0.0102,0.0712,0.0181,1.8205128205128205,6.085470085470085,0.7177322074788902
2014-08-28,Terra,0.014100000000000001,0.0867,0.0267,1.8106060606060608,5.4690265486725655,0.6908344733242134
2014-08-29,Terra,0.017400000000000002,0.07010000000000001,0.0257,1.4620253164556962,4.83448275862069,0.657210401891253
2014-09-01,Terra,0.0109,0.0816,0.0194,1.7798165137614679,7.486238532110092,0.7643243243243245
2014-09-02,Terra,0.013900000000000001,0.11320000000000001,0.024200000000000003,1.793939393939394,6.763440860215053,0.742382271468144
2014-09-03,Terra,0.0118,0.06330000000000001,0.0211,1.7457627118644068,5.463636363636363,0.6905766526019691
2014-09-04,Terra,0.014,0.10690000000000001,0.025500000000000002,1.8214285714285716,6.661375661375662,0.738950276243094
2014-09-05,Terra,0.0181,0.068,0.0279,1.5414364640883977,4.5637583892617455,0.6405307599517491
2014-09-07,Terra,0.0106,0.09870000000000001,0.0222,2.1320754716981134,5.416666666666666,0.6883116883116882
2014-09-08,Terra,0.025,0.132,0.0415,1.66,5.28,0.6815286624203822
2014-09-09,Terra,0.0229,0.0645,0.035300000000000005,1.5414847161572054,1.9754098360655736,0.3278236914600551
2014-09-10,Terra,0.0106,0.07680000000000001,0.019700000000000002,1.8585858585858583,7.757575757575758,0.7716262975778546
2014-09-11,Terra,0.0165,0.1431,0.027600000000000003,1.724550898203593,6.701438848920864,0.7403082671648763
2014-09-12,Terra,0.0131,0.048400000000000006,0.024800000000000003,1.7589285714285716,3.248322147651007,0.5292259083728278
2014-09-13,Terra,0.018600000000000002,0.09190000000000001,0.031400000000000004,1.6815920398009951,4.940860215053763,0.6633484162895927
2014-09-14,Terra,0.0123,0.049300000000000004,0.022000000000000002,1.8699186991869918,3.919753086419753,0.5934755332496864
2014-09-16,Terra,0.0135,0.0531,0.0253,1.7131782945736436,3.635359116022099,0.568533969010727
2014-09-19,Terra,0.011300000000000001,0.0804,0.0187,1.8876404494382026,6.2592592592592595,0.7244897959183674
2014-09-20,Terra,0.0132,0.07300000000000001,0.0244,1.8484848484848486,4.419642857142858,0.6309719934102141
2014-09-27,Terra,0.0142,0.057,0.0244,1.808,4.12,0.6093750000000001
2014-09-28,Terra,0.010100000000000001,0.0591,0.0176,1.6829268292682926,5.192513368983957,0.6770293609671847
2014-09-29,Terra,0.0187,0.1532,0.0323,1.7272727272727273,4.880239520958084,0.6598778004073319
2014-10-01,Terra,0.020300000000000002,0.1177,0.0345,1.6834170854271358,5.7980295566502456,0.7057971014492753
2014-10-02,Terra,0.0094,0.0668,0.0178,1.8857142857142857,6.392523364485981,0.7294563843236409
2014-10-03,Terra,0.0103,0.0908,0.0193,1.74558693733451,9.08,0.8015873015873017
2014-10-04,Terra,0.0114,0.0981,0.019100000000000002,1.6693548387096773,5.289473684210526,0.6820083682008368
2014-10-05,Terra,0.011600000000000001,0.0872,0.0187,1.7413793103448276,7.206611570247933,0.756294058408862
2014-10-06,Terra,0.0142,0.0543,0.024200000000000003,1.752212389380531,3.940845070422535,0.5952109464082098
2014-10-07,Terra,0.0097,0.0653,0.0173,1.513157894736842,6.123711340206185,0.719247467438495
2014-10-09,Terra,0.0118,0.068,0.02,1.6610169491525424,3.133928571428571,0.5161987041036716
2014-10-19,Terra,0.013800000000000002,0.09860000000000001,0.021500000000000002,1.5579710144927537,7.144927536231884,0.7544483985765124
2014-10-27,Terra,0.016900000000000002,0.053000000000000005,0.0222,1.3136094674556211,1.9851116625310172,0.33000831255195345
2014-11-10,Terra,0.0362,0.06420000000000001,0.033100000000000004,0.9400479616306954,1.9333333333333333,0.3181818181818182
2014-11-11,Terra,0.0415,0.138,0.047,1.1325301204819276,3.4059945504087192,0.5460729746444031
2014-11-12,Terra,0.0228,0.0876,0.027600000000000003,1.2321428571428572,1.6214209968186637,0.23705501618122973
2014-11-15,Terra,0.1399,0.2528,0.1408,0.9892665474060823,1.1629735525375269,0.0753469927296762
2014-11-16,Terra,0.18710000000000002,0.2657,0.1903,1.0587920897915553,1.7649253731343284,0.2766531713900135
2014-11-17,Terra,0.1337,0.1621,0.12840000000000001,1.0186832740213523,1.3683274021352314,0.15552216378662667
2014-11-30,Terra,0.0323,0.0466,0.0366,1.13312693498452,1.3314285714285714,0.142156862745098
2014-12-03,Terra,0.041,0.1013,0.0436,1.0315315315315314,1.9905020352781546,0.3312159709618875
2014-12-14,Terra,0.020300000000000002,0.047400000000000005,0.0296,1.1111111111111112,1.9019607843137254,0.3108108108108108
2014-12-22,Terra,0.050800000000000005,0.11330000000000001,0.055400000000000005,1.0905511811023623,2.2303149606299213,0.38086532602071904
2014-12-30,Terra,0.0747,0.0998,0.0601,0.8045515394912985,1.3360107095046854,0.14383954154727793
2014-12-31,Terra,0.0363,0.0563,0.039400000000000004,1.0853994490358128,1.5509641873278237,0.21598272138228947
2015-01-01,Terra,0.054900000000000004,0.0669,0.0553,1.0837887067395264,1.954732510288066,0.3231197771587744
2015-01-02,Terra,0.0494,0.11760000000000001,0.0502,1.045031055900621,1.8260869565217392,0.2923076923076924
2015-01-07,Terra,0.023,0.1564,0.0341,1.3703703703703705,4.74731182795699,0.6520112254443404
2015-01-08,Terra,0.0509,0.09290000000000001,0.049300000000000004,1.033898305084746,1.9758842443729903,0.3279308481901675
2015-01-09,Terra,0.0809,0.25220000000000004,0.07930000000000001,0.9802224969097653,3.11742892459827,0.5142599819873912
2015-01-13,Terra,0.0455,0.1501,0.039,0.8720682302771854,3.298901098901099,0.5347648261758692
2015-01-24,Terra,0.09960000000000001,0.2369,0.0985,0.9889558232931727,2.3785140562248994,0.4080237741456165
2015-01-25,Terra,0.030500000000000003,0.1771,0.0308,1.0098360655737704,5.80655737704918,0.7061657032755299
2015-01-26,Terra,0.053200000000000004,0.3235,0.0673,1.2650375939849623,6.080827067669173,0.7175471197239182
2015-01-29,Terra,0.057300000000000004,0.1796,0.0536,0.9354275741710296,3.2652705061082026,0.5310965630114567
2015-01-30,Terra,0.046400000000000004,0.1883,0.059000000000000004,1.271551724137931,4.269005847953217,0.6204217536071032
2015-01-31,Terra,0.047900000000000005,0.1356,0.0512,1.0605427974947808,1.6813441483198146,0.2541054451166811
2015-02-14,Terra,0.039900000000000005,0.0979,0.0374,1.0,2.1605723370429253,0.3672032193158954
2015-02-16,Terra,0.015600000000000001,0.06570000000000001,0.0256,1.5140845070422535,2.386178861788618,0.40936374549819937
2015-02-22,Terra,0.038700000000000005,0.16060000000000002,0.0489,1.263565891472868,3.571428571428571,0.5625
2015-02-23,Terra,0.015300000000000001,0.0944,0.0212,1.4077669902912622,3.285714285714286,0.5333333333333333
2015-02-28,Terra,0.023700000000000002,0.0779,0.030100000000000002,1.3293413173652695,3.3912087912087916,0.5445445445445446
2015-03-01,Terra,0.0238,0.0949,0.034300000000000004,1.4043478260869566,3.8173913043478263,0.5848375451263537
2015-03-02,Terra,0.015700000000000002,0.11910000000000001,0.025500000000000002,1.3312101910828025,3.576271186440678,0.562962962962963
2015-03-03,Terra,0.0327,0.134,0.0446,1.3106060606060606,4.020100502512563,0.6016016016016016
2015-03-04,Terra,0.0179,0.1206,0.0264,1.3251533742331287,3.5473321858864026,0.5601816805450416
2015-03-07,Terra,0.020800000000000003,0.0859,0.0268,1.2884615384615383,2.379807692307692,0.40825035561877665
2015-03-08,Terra,0.025900000000000003,0.1487,0.0334,1.2895752895752894,2.77992277992278,0.4708886618998978
2015-03-09,Terra,0.0158,0.0881,0.0239,1.2343096234309623,2.9556962025316458,0.49440000000000006
2015-03-18,Terra,0.0146,0.0688,0.023,1.4263565891472867,2.782258064516129,0.47121535181236673
2015-03-26,Terra,0.0268,0.12860000000000002,0.0364,1.3582089552238805,4.640495867768595,0.6454212454212455
2015-03-27,Terra,0.0188,0.08120000000000001,0.0239,1.2712765957446808,3.463157894736842,0.5518867924528301
2015-03-29,Terra,0.0362,0.0648,0.042,1.1022364217252396,1.9552715654952078,0.3232432432432433
2015-04-09,Terra,0.027,0.1255,0.0398,1.4444444444444446,4.510978043912175,0.6370880115900036
2015-04-12,Terra,0.037000000000000005,0.0964,0.041800000000000004,1.2027027027027026,2.08,0.35064935064935066
2015-04-15,Terra,0.056900000000000006,0.1257,0.06620000000000001,1.163444639718805,2.2091388400702985,0.3767798466593647
2015-04-16,Terra,0.0221,0.13090000000000002,0.0337,1.5195530726256985,3.0544554455445545,0.5067155067155067
2015-04-17,Terra,0.0181,0.0959,0.0234,1.3288590604026846,3.1490683229813667,0.5179640718562876
2015-04-18,Terra,0.0298,0.1302,0.041,1.342281879194631,3.4175257731958766,0.5472578763127188
2015-04-20,Terra,0.0357,0.14120000000000002,0.049300000000000004,1.2782805429864252,3.8767507002801116,0.5898908673176334
2015-04-22,Terra,0.0213,0.0699,0.0287,1.3163841807909604,3.5916230366492146,0.5644241733181299
2015-04-27,Terra,0.0244,0.1297,0.0368,1.5081967213114753,4.2098360655737705,0.6161107614852108
2015-04-30,Terra,0.0373,0.14350000000000002,0.045000000000000005,1.2079207920792079,2.0869565217391304,0.352112676056338
2015-05-02,Terra,0.030000000000000002,0.1385,0.0429,1.43,3.1912442396313367,0.5228147333699836
2015-05-03,Terra,0.0317,0.09330000000000001,0.043500000000000004,1.229381443298969,2.7043478260869565,0.46009389671361495
2015-05-04,Terra,0.0509,0.1792,0.0641,1.2593320235756387,3.520628683693517,0.5575836592785746
2015-05-07,Terra,0.029500000000000002,0.113,0.0414,1.4033898305084744,2.6237288135593224,0.4480823199251638
2015-05-08,Terra,0.0211,0.10990000000000001,0.0267,1.2962962962962965,5.208530805687204,0.6778625954198474
2015-05-09,Terra,0.033100000000000004,0.10010000000000001,0.044500000000000005,1.3383685800604228,2.646848989298454,0.4515813498532768
2015-05-18,Terra,0.0392,0.2041,0.053200000000000004,1.3571428571428572,5.206632653061225,0.677764077270859
2015-05-25,Terra,0.030100000000000002,0.1723,0.0466,1.2860082304526748,3.858846918489066,0.588379705400982
2015-05-26,Terra,0.0245,0.09770000000000001,0.0333,1.329787234042553,3.5977859778597785,0.565008025682183
2015-05-27,Terra,0.026500000000000003,0.1474,0.044700000000000004,1.529182879377432,3.9451371571072316,0.5955622793746849
2015-05-28,Terra,0.031400000000000004,0.1401,0.037200000000000004,1.2537313432835822,2.1587057010785826,0.3668292682926829
2015-05-29,Terra,0.0341,0.116,0.0492,1.420245398773006,2.9619565217391304,0.49519890260631005
2015-05-30,Terra,0.048,0.19060000000000002,0.0601,1.1938610662358644,2.085805084745763,0.3518709234466187
2015-06-04,Terra,0.0516,0.0955,0.0587,1.1375968992248062,1.8507751937984496,0.29843643779741674
2015-06-05,Terra,0.031400000000000004,0.1583,0.0495,1.4734982332155475,3.8075471698113206,0.5839874411302982
2015-06-06,Terra,0.07690000000000001,0.17950000000000002,0.0848,1.0866551126516466,1.739341085271318,0.26989741775734
2015-06-07,Terra,0.028900000000000002,0.1312,0.0473,1.5749128919860629,4.2020905923344944,0.6155391828533154
2015-06-08,Terra,0.0244,0.0876,0.0443,1.4619883040935673,2.748898678414097,0.4665099882491186
2015-06-10,Terra,0.038,0.21910000000000002,0.053500000000000006,1.4591029023746702,2.9295774647887325,0.4910394265232976
2015-06-11,Terra,0.027700000000000002,0.1285,0.0358,1.3971119133574008,3.052,0.5064165844027642
2015-06-12,Terra,0.0374,0.171,0.0494,1.473684210526316,2.935135135135135,0.49175824175824173
2015-06-13,Terra,0.0603,0.1736,0.06860000000000001,1.1376451077943617,2.1196581196581197,0.3589041095890411
2015-06-14,Terra,0.0345,0.1763,0.049800000000000004,1.4086956521739131,4.040983606557377,0.6032520325203252
2015-06-16,Terra,0.029500000000000002,0.13090000000000002,0.0392,1.3288135593220338,3.5031250000000003,0.5558639833448994
2015-06-17,Terra,0.0425,0.1736,0.0568,1.336470588235294,2.4753937007874014,0.4245256301331067
2015-06-18,Terra,0.0269,0.0985,0.036000000000000004,1.3234200743494424,3.0698795180722893,0.5085849615156897
2015-06-19,Terra,0.0514,0.1724,0.0634,1.233463035019455,3.3540856031128405,0.5406613047363718
2015-06-22,Terra,0.0575,0.1996,0.0645,1.1217391304347826,2.893913043478261,0.4863778472532381
2015-06-24,Terra,0.0363,0.0922,0.0516,1.3250688705234162,2.187898089171974,0.37262737262737256
2015-06-25,Terra,0.0145,0.115,0.0235,1.5379310344827586,6.8264462809917354,0.7444561774023232
2015-06-26,Terra,0.0274,0.0932,0.048600000000000004,1.4987405541561714,2.6648648648648647,0.45427728613569324
2015-06-29,Terra,0.0781,0.1086,0.0859,1.0374396135265702,1.3115942028985508,0.13479623824451412
2015-06-30,Terra,0.0304,0.14880000000000002,0.0455,1.4967105263157894,4.260536398467433,0.619810633648944
2015-07-01,Terra,0.0461,0.10260000000000001,0.052000000000000005,1.1279826464208242,2.3770949720670393,0.40777502067824656
2015-07-02,Terra,0.016,0.10450000000000001,0.0245,1.3875,6.308219178082192,0.7263355201499531
2015-07-03,Terra,0.0318,0.11230000000000001,0.0478,1.384180790960452,2.564777327935223,0.4389551391254969
2015-07-05,Terra,0.0409,0.0993,0.055900000000000005,1.366748166259169,2.5725388601036268,0.4401740391588107
2015-07-06,Terra,0.0253,0.1468,0.031900000000000005,1.3735408560311286,6.766798418972333,0.7424936386768449
2015-07-08,Terra,0.0781,0.19,0.08700000000000001,0.9701492537313434,1.5833333333333333,0.2258064516129032
2015-07-14,Terra,0.0307,0.1041,0.0455,1.482084690553746,2.9917695473251027,0.4989690721649484
2015-07-15,Terra,0.061000000000000006,0.1524,0.062400000000000004,1.0913173652694612,2.449180327868852,0.4201520912547529
2015-07-16,Terra,0.038200000000000005,0.1491,0.0489,1.2801047120418847,3.1678622668579632,0.5201376936316695
2015-07-17,Terra,0.0339,0.18280000000000002,0.041100000000000005,1.2123893805309736,2.0891089108910887,0.35256410256410253
2015-07-18,Terra,0.023,0.111,0.029400000000000003,1.2869198312236287,5.465277777777778,0.690655209452202
2015-07-19,Terra,0.0315,0.1298,0.044700000000000004,1.4190476190476191,1.9359430604982208,0.31878787878787884
2015-07-20,Terra,0.023200000000000002,0.1434,0.0285,1.256965944272446,4.426136363636363,0.6314136125654449
2015-07-21,Terra,0.0426,0.1736,0.0551,1.2934272300469485,3.357833655705996,0.5410563692853972
2015-07-22,Terra,0.0483,0.0816,0.049600000000000005,1.187878787878788,2.0098522167487682,0.33551554828150576
2015-07-23,Terra,0.0393,0.1673,0.050800000000000005,1.2926208651399491,4.256997455470738,0.6195546950629235
2015-07-24,Terra,0.0625,0.1264,0.0693,1.0416,1.4202247191011237,0.17363045496750232
2015-07-28,Terra,0.027600000000000003,0.11180000000000001,0.042800000000000005,1.5289256198347108,2.8,0.4736842105263158
2015-07-29,Terra,0.0284,0.1058,0.035,1.2394366197183098,3.20979020979021,0.5249169435215947
2015-07-30,Terra,0.0398,0.1733,0.0459,1.2117903930131004,2.6231155778894473,0.44798890429958393
2015-07-31,Terra,0.0205,0.12000000000000001,0.031200000000000002,1.4341463414634148,2.510460251046025,0.43027413587604296
2015-08-04,Terra,0.041600000000000005,0.19190000000000002,0.0512,1.2394366197183098,2.103448275862069,0.35555555555555557
2015-08-05,Terra,0.0236,0.09190000000000001,0.0317,1.3235294117647058,4.177272727272728,0.6136962247585601
2015-08-06,Terra,0.0252,0.169,0.0413,1.5624999999999998,2.365384615384615,0.40571428571428564
2015-08-07,Terra,0.044000000000000004,0.0922,0.0541,1.2295454545454545,1.734375,0.26857142857142857
2015-08-08,Terra,0.0388,0.1728,0.0497,1.2809278350515463,3.8661417322834644,0.5889967637540453
2015-08-11,Terra,0.0398,0.1579,0.046200000000000005,1.1407035175879396,2.717821782178218,0.4620505992010652
2015-08-12,Terra,0.027700000000000002,0.1231,0.0344,1.2418772563176894,3.476534296028881,0.5532258064516129
2015-08-13,Terra,0.0373,0.1874,0.0541,1.35656836461126,3.425959780621572,0.5481206113176373
2015-08-15,Terra,0.044500000000000005,0.12490000000000001,0.0533,1.197752808988764,2.8045325779036823,0.4743112434847357
2015-08-16,Terra,0.0207,0.1041,0.032100000000000004,1.4578947368421054,2.2679738562091503,0.38799999999999996
2015-08-17,Terra,0.057,0.2932,0.0682,1.1964912280701754,5.143859649122807,0.6744717304397487
2015-08-18,Terra,0.030600000000000002,0.1563,0.041100000000000005,1.343137254901961,2.5877483443708607,0.44254730041532064
2015-08-19,Terra,0.018000000000000002,0.1332,0.024200000000000003,1.3444444444444443,6.238888888888889,0.723714504988488
2015-08-20,Terra,0.034,0.2124,0.0419,1.2323529411764704,3.040712468193384,0.5050377833753149
2015-08-21,Terra,0.0264,0.1057,0.030100000000000002,1.1947194719471947,4.340277777777778,0.6254876462938882
2015-08-22,Terra,0.0441,0.2358,0.0506,1.1531190926275994,1.9637188208616783,0.3251721499617445
2015-08-25,Terra,0.046700000000000005,0.18000000000000002,0.048600000000000004,1.0705128205128205,2.785867237687366,0.47171945701357454
2015-08-26,Terra,0.0256,0.1583,0.0425,1.66015625,6.18359375,0.7215878194671016
2015-08-27,Terra,0.032100000000000004,0.1622,0.045700000000000005,1.4610591900311527,3.2673559822747413,0.531325718241606
2015-08-31,Terra,0.0245,0.20470000000000002,0.0391,1.5959183673469388,5.677215189873417,0.700473933649289
2015-09-01,Terra,0.027800000000000002,0.15230000000000002,0.0379,1.3114186851211074,2.751798561151079,0.4669223394055608
2015-09-03,Terra,0.0505,0.265,0.058,1.1485148514851484,5.247524752475248,0.6798732171156895
2015-09-07,Terra,0.0297,0.1627,0.0352,1.2025641025641027,2.9024390243902443,0.4875000000000001
2015-09-08,Terra,0.0198,0.101,0.0274,1.3838383838383839,2.9190751445086707,0.4896755162241889
2015-09-09,Terra,0.0281,0.15,0.038900000000000004,1.3843416370106763,6.01423487544484,0.714865550481989
2015-09-10,Terra,0.025400000000000002,0.14250000000000002,0.0315,1.2401574803149604,3.9842519685039366,0.5987361769352291
2015-09-11,Terra,0.013800000000000002,0.1429,0.019200000000000002,1.3840579710144927,9.376811594202898,0.8072625698324022
2015-09-12,Terra,0.034800000000000005,0.1607,0.0422,1.218390804597701,1.7785602503912363,0.2802027597859758
2015-09-18,Terra,0.038,0.09290000000000001,0.0482,1.268421052631579,2.4447368421052635,0.41940412528647825
2015-09-19,Terra,0.030600000000000002,0.1442,0.0361,1.2254901960784312,3.9614147909967845,0.5968891769280622
2015-09-20,Terra,0.0132,0.1013,0.0234,1.5528455284552847,7.715447154471544,0.7705223880597014
2015-09-21,Terra,0.0184,0.11950000000000001,0.0322,1.7305389221556888,1.9141252006420546,0.31368768934177915
2015-09-23,Terra,0.0298,0.15360000000000001,0.038400000000000004,1.2993630573248407,3.3184713375796173,0.5368731563421829
2015-09-25,Terra,0.05,0.16640000000000002,0.0597,1.194,4.410852713178295,0.6303724928366763
2015-09-27,Terra,0.0304,0.1457,0.0443,1.36,4.26685393258427,0.6202666666666667
2015-09-28,Terra,0.027600000000000003,0.1514,0.038200000000000005,1.3840579710144927,2.7627737226277373,0.4684772065955384
2015-09-29,Terra,0.018600000000000002,0.1268,0.0247,1.3279569892473118,6.32258064516129,0.7268722466960352
2015-09-30,Terra,0.031,0.1305,0.0397,1.2774193548387098,2.4952198852772467,0.42778993435448576
2015-10-01,Terra,0.0247,0.10550000000000001,0.033,1.2864864864864864,2.4291497975708505,0.41676505312868956
2015-10-02,Terra,0.062400000000000004,0.1106,0.0736,1.160436137071651,1.8812749003984064,0.30586283185840707
2015-10-04,Terra,0.038,0.18760000000000002,0.047900000000000005,1.260526315789474,3.273684210526316,0.5320197044334976
2015-10-05,Terra,0.0227,0.1213,0.0337,1.393782383419689,2.3206896551724134,0.39771547248182765
2015-10-11,Terra,0.0252,0.115,0.0417,1.5413223140495866,4.454545454545454,0.6333333333333334
2015-10-12,Terra,0.0159,0.092,0.0328,1.738095238095238,2.9306358381502893,0.4911764705882353
2015-10-13,Terra,0.0256,0.13870000000000002,0.0388,1.515625,5.62109375,0.6979351032448378
2015-10-14,Terra,0.0279,0.1154,0.0438,1.390557939914163,2.45042194092827,0.42036074594925105
2015-10-20,Terra,0.058800000000000005,0.1409,0.0656,1.1156462585034013,2.39625850340136,0.41111667501251875
2015-10-22,Terra,0.0219,0.1096,0.0298,1.360730593607306,5.1689497716894985,0.6757957068837899
2015-11-06,Terra,0.0585,0.1056,0.060200000000000004,1.029059829059829,1.805128205128205,0.2870201096892139
2015-11-20,Terra,0.0444,0.1046,0.0466,1.0652741514360313,1.920792079207921,0.3152542372881356
2015-11-21,Terra,0.0475,0.186,0.0529,1.1136842105263158,3.1418918918918917,0.5171288743882545
2015-11-23,Terra,0.033,0.1022,0.042300000000000004,1.3192307692307692,3.0969696969696967,0.5118343195266273
2015-11-25,Terra,0.06570000000000001,0.1612,0.06570000000000001,1.0320512820512822,1.8132854578096949,0.28908742820676453
2015-11-26,Terra,0.0485,0.0828,0.047,0.9690721649484536,2.4005412719891743,0.41185833664942295
2015-11-27,Terra,0.031,0.08460000000000001,0.0296,0.9548387096774194,2.405172413793103,0.4126582278481013
2015-11-28,Terra,0.0476,0.11380000000000001,0.0524,1.1008403361344536,2.878378378378378,0.48432055749128916
2015-11-29,Terra,0.0261,0.0694,0.0268,1.0183246073298429,2.3583333333333334,0.40446650124069483
2015-12-01,Terra,0.0393,0.1241,0.041100000000000005,1.0434782608695652,1.7377358490566037,0.26946933149552027
2015-12-31,Terra,0.06380000000000001,0.1583,0.0577,0.9524647887323944,2.4396442185514613,0.4185445142223864
2016-01-01,Terra,0.0506,0.1706,0.056600000000000004,1.1185770750988144,3.527508090614887,0.5582558970693353
2016-01-02,Terra,0.0351,0.2177,0.031400000000000004,0.8945868945868948,6.202279202279202,0.7223101265822784
2016-01-08,Terra,0.055400000000000005,0.2182,0.0522,0.9422382671480144,3.938628158844765,0.5950292397660818
2016-01-10,Terra,0.014,0.11610000000000001,0.014100000000000001,1.0613718411552346,7.844594594594595,0.7738731856378914
2016-01-25,Terra,0.0302,0.2184,0.0362,1.0033112582781456,7.231788079470199,0.7570394207562349
2016-01-27,Terra,0.08120000000000001,0.14700000000000002,0.0776,0.9556650246305418,1.8103448275862069,0.28834355828220865
2016-02-07,Terra,0.0437,0.1315,0.0572,1.1693363844393592,2.412280701754386,0.41388174807197947
2016-02-08,Terra,0.0378,0.0887,0.052500000000000005,1.193548387096774,2.2607204116638075,0.38663861125723303
2016-02-09,Terra,0.0507,0.16390000000000002,0.0626,1.1420118343195267,3.497829232995658,0.5553410553410553
2016-03-17,Terra,0.030500000000000003,0.0765,0.0529,1.5377049180327869,2.9536679536679533,0.4941406249999999
2016-03-19,Terra,0.035,0.10930000000000001,0.0563,1.5648854961832062,3.2337278106508873,0.5276030747728861
2016-03-29,Terra,0.018500000000000003,0.12350000000000001,0.0364,1.5886524822695034,5.517799352750809,0.6931479642502482
2016-03-30,Terra,0.015700000000000002,0.0679,0.032100000000000004,2.208588957055215,5.153846153846153,0.675
2016-03-31,Terra,0.0286,0.0514,0.051800000000000006,1.6968641114982579,1.7909407665505228,0.2833957553058677
2016-04-01,Terra,0.0196,0.0852,0.035500000000000004,1.9,4.272727272727273,0.6206896551724138
2016-04-02,Terra,0.033,0.0857,0.0538,1.6303030303030301,2.2575757575757573,0.38604651162790693
2016-04-06,Terra,0.0292,0.11670000000000001,0.049300000000000004,1.5675675675675675,4.300380228136882,0.6226685796269728
2016-04-07,Terra,0.0193,0.0886,0.0362,1.6424870466321242,2.644776119402985,0.4512694512694512
2016-04-08,Terra,0.0164,0.0884,0.0302,1.8414634146341462,5.390243902439025,0.6870229007633588
2016-04-09,Terra,0.042,0.2026,0.055,1.3095238095238095,4.8238095238095235,0.6565821749795584
2016-04-10,Terra,0.0183,0.0639,0.0359,1.9439252336448598,3.4918032786885242,0.5547445255474454
2016-04-11,Terra,0.0285,0.1346,0.044500000000000005,1.56140350877193,4.722807017543859,0.6505211526670754
2016-04-16,Terra,0.0198,0.1032,0.0325,1.6169154228855722,5.134328358208955,0.6739659367396594
2016-04-17,Terra,0.0217,0.0757,0.0351,1.4918032786885245,3.1024590163934427,0.5124875124875125
2016-04-18,Terra,0.0352,0.1293,0.0488,1.3669467787114846,3.621848739495798,0.5672727272727272
2016-04-19,Terra,0.0151,0.0459,0.027800000000000002,1.8410596026490067,3.0397350993377485,0.5049180327868852
2016-04-20,Terra,0.027700000000000002,0.1095,0.042100000000000005,1.5787545787545787,3.9615384615384617,0.5968992248062015
2016-04-30,Terra,0.0166,0.0988,0.028,1.63855421686747,5.280442804428044,0.681551116333725
2016-05-01,Terra,0.012400000000000001,0.0815,0.022500000000000003,1.814516129032258,6.57258064516129,0.7358892438764641
2016-05-02,Terra,0.0134,0.06620000000000001,0.0247,1.8095238095238095,4.940298507462687,0.663316582914573
2016-05-07,Terra,0.0363,0.1479,0.0473,1.293286219081272,3.8798586572438163,0.5901520637219406
2016-05-09,Terra,0.020300000000000002,0.14780000000000001,0.0308,1.5174418604651163,7.1400966183574885,0.7543026706231455
2016-05-11,Terra,0.016300000000000002,0.0944,0.0275,1.589108910891089,6.051282051282051,0.7163636363636363
2016-05-12,Terra,0.0194,0.08410000000000001,0.027100000000000003,1.4227272727272726,4.6722222222222225,0.6474045053868756
2016-05-17,Terra,0.0177,0.1022,0.0269,1.4887640449438204,5.774011299435028,0.7047539616346955
2016-05-18,Terra,0.0164,0.0745,0.0267,1.6415094339622645,5.102739726027397,0.6722783389450055
2016-05-28,Terra,0.0152,0.08270000000000001,0.0253,1.6488095238095237,4.808139534883722,0.6556556556556555
2016-05-29,Terra,0.027100000000000003,0.17,0.0449,1.6363636363636365,4.404145077720207,0.6299137104506233
2016-05-30,Terra,0.042800000000000005,0.0742,0.0579,1.352803738317757,1.733644859813084,0.2683760683760683
2016-05-31,Terra,0.0367,0.1328,0.0536,1.4621409921671018,3.7473118279569886,0.5787089467723668
2016-06-03,Terra,0.0251,0.0794,0.0425,1.7201492537313432,2.962686567164179,0.49529190207156304
2016-06-04,Terra,0.0286,0.1115,0.0426,1.3885714285714286,3.308605341246291,0.5358126721763086
2016-06-05,Terra,0.027200000000000002,0.10070000000000001,0.0439,1.6303630363036303,3.71,0.575371549893843
2016-06-06,Terra,0.0221,0.127,0.0335,1.5158371040723981,5.746606334841629,0.7035546613011401
2016-06-07,Terra,0.0451,0.19640000000000002,0.060700000000000004,1.3280898876404492,4.0746887966804985,0.6058871627146362
2016-06-12,Terra,0.017400000000000002,0.0682,0.0269,1.743801652892562,4.147887323943662,0.6114911080711355
2016-06-20,Terra,0.014100000000000001,0.0809,0.024900000000000002,1.7517730496453898,4.354609929078014,0.6264900662251655
2016-06-21,Terra,0.020800000000000003,0.12760000000000002,0.034800000000000005,1.75,6.934782608695653,0.7479452054794521
2016-06-22,Terra,0.0253,0.08940000000000001,0.035,1.3833992094861662,3.286764705882353,0.5334476843910806
2016-06-25,Terra,0.0207,0.1336,0.0373,1.8223350253807105,6.242990654205607,0.7238709677419355
2016-06-26,Terra,0.021400000000000002,0.1322,0.038200000000000005,1.7225433526011562,4.170347003154575,0.6131787675411836
2016-06-27,Terra,0.011600000000000001,0.07390000000000001,0.0227,1.9905660377358492,6.370689655172414,0.728654970760234
2016-06-28,Terra,0.0234,0.1298,0.038900000000000004,1.7578125000000002,5.363636363636363,0.6857142857142857
2016-06-29,Terra,0.016900000000000002,0.049800000000000004,0.0297,1.7181208053691277,2.8875739644970415,0.48554033485540327
2016-06-30,Terra,0.019,0.11860000000000001,0.0342,1.8191489361702127,6.308510638297872,0.7263464337700145
2016-07-02,Terra,0.019700000000000002,0.0879,0.037200000000000004,1.9174311926605507,4.461928934010152,0.633828996282528
2016-07-03,Terra,0.0398,0.1336,0.0533,1.3906581740976645,3.543766578249336,0.5598365440747226
2016-07-04,Terra,0.0118,0.0839,0.023100000000000002,2.032258064516129,7.617647058823529,0.7679180887372014
2016-07-05,Terra,0.0234,0.0988,0.0386,1.8199999999999998,4.578274760383387,0.6414662084765178
2016-07-13,Terra,0.012100000000000001,0.12250000000000001,0.023700000000000002,2.0204081632653064,9.351145038167939,0.8067846607669618
2016-07-14,Terra,0.0253,0.18810000000000002,0.0431,1.7258687258687258,6.598445595854923,0.7367882713944767
2016-07-15,Terra,0.0229,0.0941,0.036000000000000004,1.5612244897959184,3.7193675889328066,0.576214405360134
2016-07-16,Terra,0.020900000000000002,0.0947,0.0383,1.7846889952153109,4.782828282828283,0.6541484716157205
2016-07-17,Terra,0.0128,0.1622,0.0236,1.8437499999999998,12.671875,0.8537142857142856
2016-07-20,Terra,0.009000000000000001,0.08850000000000001,0.0188,1.9333333333333333,9.126436781609193,0.8024971623155506
2016-07-21,Terra,0.0223,0.15430000000000002,0.0373,1.6811023622047243,4.811659192825112,0.6558641975308643
2016-07-23,Terra,0.0228,0.1217,0.0359,1.6017316017316017,5.337719298245614,0.6844290657439446
2016-07-24,Terra,0.0286,0.07010000000000001,0.037200000000000004,1.4195804195804198,2.940909090909091,0.49250288350634364
2016-07-25,Terra,0.026000000000000002,0.1615,0.0427,1.6423076923076922,5.126984126984127,0.6735751295336787
2016-07-26,Terra,0.027600000000000003,0.14780000000000001,0.0379,1.3731884057971013,5.355072463768116,0.685290763968073
2016-07-27,Terra,0.0233,0.1101,0.0378,1.6446280991735536,5.479591836734695,0.6913385826771655
2016-07-28,Terra,0.0177,0.1331,0.0308,1.7945945945945945,4.787769784172662,0.6544437538844002
2016-07-29,Terra,0.0145,0.08220000000000001,0.0238,1.7666666666666666,6.227272727272728,0.7232704402515723
2016-07-30,Terra,0.0207,0.09050000000000001,0.0347,1.7148936170212767,3.8510638297872344,0.587719298245614
2016-07-31,Terra,0.0167,0.0772,0.028,1.5399061032863852,4.017777777777778,0.6014171833480956
2016-08-01,Terra,0.0188,0.10010000000000001,0.0325,1.7446808510638299,5.4,0.6875
2016-08-03,Terra,0.0227,0.13140000000000002,0.037200000000000004,1.6330935251798562,5.385245901639345,0.686777920410783
2016-08-04,Terra,0.0167,0.1337,0.028,1.697530864197531,4.705263157894737,0.6494464944649446
2016-08-05,Terra,0.015000000000000001,0.0704,0.027,1.697530864197531,4.34567901234568,0.625866050808314
2016-08-06,Terra,0.022000000000000002,0.155,0.033800000000000004,1.5833333333333333,4.932515337423312,0.6628748707342295
2016-08-10,Terra,0.0257,0.13470000000000001,0.0393,1.529182879377432,6.238341968911917,0.7236936292054402
2016-08-11,Terra,0.0221,0.12300000000000001,0.0302,1.493212669683258,5.668941979522184,0.7001023541453429
2016-08-12,Terra,0.023700000000000002,0.1585,0.0398,1.6793248945147679,5.681003584229391,0.7006437768240342
2016-08-13,Terra,0.0322,0.0653,0.0426,1.3248730964467004,2.4081632653061225,0.41317365269461076
2016-08-14,Terra,0.014100000000000001,0.10210000000000001,0.0267,1.8021978021978022,6.3812500000000005,0.729043183742591
2016-08-15,Terra,0.020800000000000003,0.1676,0.0364,1.6487804878048782,6.014423076923077,0.7148732008224812
2016-08-16,Terra,0.0143,0.0795,0.028200000000000003,1.7363636363636363,5.036764705882353,0.6686967113276492
2016-08-17,Terra,0.0216,0.0898,0.0367,1.6990740740740742,3.4858757062146895,0.5541561712846348
2016-08-18,Terra,0.0149,0.09280000000000001,0.0275,1.6923076923076923,4.523076923076923,0.637883008356546
2016-08-19,Terra,0.047400000000000005,0.1763,0.060200000000000004,1.270042194092827,3.719409282700422,0.5762181493071078
2016-08-20,Terra,0.0175,0.069,0.0296,1.6914285714285713,3.8169761273209546,0.5848017621145374
2016-08-21,Terra,0.020900000000000002,0.09580000000000001,0.033100000000000004,1.6187050359712232,5.392344497607655,0.6871257485029941
2016-08-22,Terra,0.033600000000000005,0.0884,0.0453,1.3482142857142856,2.630952380952381,0.4491803278688524
2016-08-23,Terra,0.013800000000000002,0.099,0.0236,1.817307692307692,6.1875,0.7217391304347827
2016-08-24,Terra,0.0211,0.1384,0.0358,1.6881720430107527,4.663113006396588,0.6468373493975904
2016-08-25,Terra,0.0204,0.0639,0.0341,1.408284023668639,3.4715447154471546,0.5527272727272727
2016-08-26,Terra,0.0304,0.1426,0.0448,1.493421052631579,4.7834394904458595,0.6541850220264318
2016-08-27,Terra,0.019,0.0965,0.032,1.4179894179894181,2.0950819672131145,0.3538135593220339
2016-08-28,Terra,0.0088,0.11760000000000001,0.0196,1.9770114942528734,10.060240963855422,0.8191721132897604
2016-08-29,Terra,0.0162,0.07300000000000001,0.027800000000000002,1.7210526315789474,3.686868686868687,0.5732758620689656
2016-08-31,Terra,0.0193,0.0567,0.0316,1.7096774193548385,3.2215909090909087,0.5262449528936742
2016-09-05,Terra,0.0131,0.06960000000000001,0.0247,1.8396946564885495,3.5510204081632657,0.5605381165919283
2016-09-08,Terra,0.014350000000000002,0.10830000000000001,0.024200000000000003,1.6833333333333336,4.760683760683761,0.6528189910979227
2016-09-09,Terra,0.0172,0.0755,0.030500000000000003,1.8469387755102042,3.4384615384615382,0.5493934142114386
2016-09-10,Terra,0.0122,0.0629,0.0229,1.73,5.626943005181347,0.6982017200938233
2016-09-11,Terra,0.0228,0.1029,0.0346,1.5175438596491226,4.5131578947368425,0.6372315035799523
2016-09-12,Terra,0.020200000000000003,0.052500000000000005,0.0318,1.5016903765690377,2.188,0.3726474278544542
2016-09-13,Terra,0.024,0.1293,0.0367,1.5291666666666668,3.9420731707317067,0.5953115360888341
2016-09-14,Terra,0.0184,0.0896,0.0285,1.6486486486486487,2.8530259365994235,0.48092744951383687
2016-09-15,Terra,0.0166,0.0766,0.0257,1.5481927710843373,4.375886524822695,0.6279683377308707
2016-09-16,Terra,0.0257,0.1253,0.0375,1.372340425531915,4.707446808510639,0.6495806150978566
2016-09-20,Terra,0.0219,0.0926,0.0332,1.5159817351598175,4.290488431876606,0.6219630709426627
2016-09-21,Terra,0.013300000000000001,0.0361,0.0244,1.7301587301587302,2.714285714285714,0.46153846153846156
2016-09-24,Terra,0.0109,0.0719,0.0195,1.71,5.311004784688995,0.6830932524639878
2016-09-25,Terra,0.014700000000000001,0.10360000000000001,0.024900000000000002,1.625,4.909952606635072,0.66158781074579
2016-09-26,Terra,0.0117,0.0738,0.019200000000000002,1.6410256410256412,3.2535612535612537,0.5298057602143336
2016-09-27,Terra,0.0204,0.1559,0.0324,1.588235294117647,5.574572127139365,0.6957976943101525
2016-09-28,Terra,0.013800000000000002,0.07590000000000001,0.0261,1.63013698630137,3.8000000000000003,0.5833333333333333
2016-09-30,Terra,0.021400000000000002,0.066,0.0308,1.5418502202643172,1.939252336448598,0.3195548489666136
2016-10-11,Terra,0.0183,0.09190000000000001,0.024,1.5879396984924623,3.7056451612903225,0.5749785775492716
2016-10-12,Terra,0.0233,0.0738,0.035,1.5064377682403431,2.6527196652719662,0.4524627720504008
2016-10-22,Terra,0.0211,0.0976,0.031200000000000002,1.4786729857819905,4.080495356037152,0.6063375990249849
2016-10-28,Terra,0.0267,0.1849,0.033800000000000004,1.2659176029962547,6.925093632958801,0.7476370510396976
2016-11-04,Terra,0.060700000000000004,0.1777,0.0641,1.046204620462046,2.927512355848435,0.4907718120805369
2016-11-08,Terra,0.0164,0.063,0.0247,1.3170731707317074,2.6393129770992365,0.4504457262716308
2016-11-10,Terra,0.019,0.0555,0.0291,1.5280898876404496,1.7578947368421054,0.2748091603053436
2016-11-19,Terra,0.061000000000000006,0.2627,0.0746,1.222950819672131,4.30655737704918,0.6231078158789002
2016-12-21,Terra,0.301,0.4575,0.28400000000000003,0.9827644474484624,1.015527950310559,0.007704160246533135
2016-12-29,Terra,0.1761,0.18610000000000002,0.1756,0.997160704145372,1.056785917092561,0.027609055770292677
2016-12-31,Terra,0.1678,0.2891,0.164,1.0160642570281124,1.7228843861740168,0.26548478879404686
2017-01-06,Terra,0.5634,0.5674,0.5564,0.9875754348597799,1.0070997515086972,0.003537318712415992
2017-01-16,Terra,0.0779,0.2908,0.082,1.0526315789473686,3.732991014120668,0.5774342283699484
2017-01-24,Terra,0.0703,0.3395,0.0787,1.1194879089615932,4.829302987197725,0.6569058077110784
2017-02-13,Terra,0.044500000000000005,0.0873,0.0565,1.2673267326732673,2.3725490196078427,0.40697674418604646
2017-02-17,Terra,0.016300000000000002,0.0738,0.0274,1.4842105263157896,2.277777777777778,0.38983050847457634
2017-02-25,Terra,0.027600000000000003,0.1071,0.041600000000000005,1.5072463768115942,3.8804347826086953,0.5902004454342984
2017-03-02,Terra,0.08650000000000001,0.2715,0.099,1.1445086705202312,3.138728323699422,0.5167597765363128
2017-03-19,Terra,0.0161,0.0692,0.030500000000000003,1.7243589743589742,2.801242236024845,0.4738562091503268
2017-04-03,Terra,0.0189,0.0813,0.0349,1.5707547169811322,3.243161094224924,0.5286532951289399
2017-04-15,Terra,0.0154,0.0257,0.0327,2.123376623376623,1.6688311688311688,0.25060827250608275
2017-04-21,Terra,0.020200000000000003,0.0845,0.0345,1.6896551724137931,4.16256157635468,0.6125954198473282
2017-04-29,Terra,0.0175,0.057100000000000005,0.029400000000000003,1.692307692307692,2.674157303370787,0.4556574923547401
2017-05-03,Terra,0.012,0.08940000000000001,0.0216,1.8750000000000002,5.192893401015228,0.6770491803278689
2017-05-07,Terra,0.0151,0.061000000000000006,0.0267,1.7682119205298013,4.039735099337749,0.6031537450722734
2017-05-08,Terra,0.0167,0.0703,0.0268,1.5763888888888888,3.7593582887700534,0.5797752808988764
2017-05-09,Terra,0.0181,0.1111,0.029400000000000003,1.6243093922651934,6.016296954385186,0.7148633889646084
2017-05-10,Terra,0.0234,0.055600000000000004,0.0333,1.4230769230769231,2.24,0.38271604938271614
2017-05-19,Terra,0.0158,0.041,0.0261,1.7278106508875737,3.1297709923664123,0.5157116451016636
2017-05-20,Terra,0.016900000000000002,0.0755,0.0262,1.5502958579881656,4.467455621301775,0.6341991341991342
2017-05-21,Terra,0.0142,0.0367,0.0244,1.7183098591549295,2.6788321167883216,0.4563492063492064
2017-05-23,Terra,0.013900000000000001,0.0574,0.025900000000000003,1.846153846153846,4.070921985815603,0.6055944055944055
2017-05-24,Terra,0.030500000000000003,0.115,0.0396,1.298360655737705,3.7704918032786883,0.5807560137457044
2017-05-25,Terra,0.0183,0.1085,0.032100000000000004,1.7158469945355193,5.9289617486338795,0.7113564668769716
2017-05-26,Terra,0.015300000000000001,0.0337,0.0275,1.7973856209150325,1.1308724832214765,0.06141732283464568
2017-05-27,Terra,0.0118,0.10070000000000001,0.0245,2.0618556701030926,5.677966101694916,0.700507614213198
2017-05-28,Terra,0.0246,0.1505,0.041600000000000005,1.6788617886178863,5.299295774647887,0.6825041922861933
2017-05-29,Terra,0.0196,0.11130000000000001,0.0332,1.6377551020408165,5.678571428571429,0.7005347593582887
2017-05-31,Terra,0.046900000000000004,0.1341,0.0609,1.2985074626865671,2.859275053304904,0.481767955801105
2017-06-17,Terra,0.012400000000000001,0.0911,0.022500000000000003,1.8796296296296298,7.346774193548386,0.7603864734299516
2017-06-18,Terra,0.033,0.1111,0.041100000000000005,1.2454545454545456,3.3666666666666667,0.5419847328244275
2017-06-19,Terra,0.0159,0.0971,0.028900000000000002,1.7745901639344264,6.1069182389937104,0.7185840707964603
2017-06-20,Terra,0.027600000000000003,0.0782,0.0429,1.2318840579710144,2.063324538258575,0.347114556416882
2017-06-21,Terra,0.0128,0.0611,0.0204,1.59375,4.7734375,0.6535859269282814
2017-06-22,Terra,0.0165,0.11120000000000001,0.0274,1.8362831858407078,7.571428571428571,0.7666666666666665
2017-06-23,Terra,0.0097,0.0792,0.0181,1.8210526315789473,7.008849557522124,0.7502762430939226
2017-06-24,Terra,0.0129,0.1042,0.0244,1.8437499999999998,8.077519379844961,0.7796754910333049
2017-06-25,Terra,0.0117,0.11370000000000001,0.0213,1.7177419354838708,8.185714285714287,0.7822706065318817
2017-06-26,Terra,0.0211,0.1429,0.034800000000000005,1.6492890995260665,6.772511848341232,0.7426829268292682
2017-06-27,Terra,0.058,0.1119,0.0659,1.136206896551724,1.9293103448275861,0.3172454384932313
2017-06-28,Terra,0.016800000000000002,0.10590000000000001,0.0303,1.7733333333333334,6.638743455497381,0.7381768334475668
2017-06-29,Terra,0.0176,0.14,0.031100000000000003,1.8295454545454544,8.23529411764706,0.7834394904458598
2017-06-30,Terra,0.0103,0.0999,0.0193,1.8736842105263158,8.919642857142858,0.7983798379837984
2017-07-01,Terra,0.0187,0.1097,0.0324,1.7326203208556148,5.866310160427807,0.7087227414330217
2017-07-02,Terra,0.013900000000000001,0.0886,0.023100000000000002,1.6618705035971224,4.737967914438502,0.651444547996272
2017-07-03,Terra,0.0164,0.1245,0.028800000000000003,1.7732558139534886,7.348837209302326,0.7604456824512535
2017-07-05,Terra,0.015700000000000002,0.09620000000000001,0.028200000000000003,1.7202797202797202,6.127388535031847,0.7193923145665773
2017-07-06,Terra,0.027800000000000002,0.18960000000000002,0.0361,1.5467625899280575,8.503597122302157,0.7895533686601061
2017-07-07,Terra,0.0083,0.08370000000000001,0.016800000000000002,2.0602409638554215,14.684210526315791,0.8724832214765101
2017-07-08,Terra,0.013300000000000001,0.1014,0.023700000000000002,1.7733333333333334,7.373563218390803,0.7611530542210021
2017-07-09,Terra,0.0094,0.0811,0.0177,1.8297872340425532,10.397435897435898,0.8245219347581552
2017-07-10,Terra,0.0224,0.1368,0.0385,1.71875,7.403940886699507,0.7620164126611957
2017-07-11,Terra,0.0234,0.0869,0.0308,1.3162393162393162,3.5527156549520766,0.5607017543859648
2017-07-12,Terra,0.0143,0.0937,0.026000000000000002,1.7972027972027973,6.5524475524475525,0.735185185185185
2017-07-13,Terra,0.0233,0.1877,0.037000000000000005,1.5879828326180259,9.944206008583691,0.8172549019607844
2017-07-14,Terra,0.0205,0.1476,0.0351,1.7464114832535886,8.973684210526315,0.7994722955145119
2017-07-15,Terra,0.0179,0.1178,0.029400000000000003,1.6197183098591548,6.278947368421053,0.7252349963846709
2017-07-16,Terra,0.0102,0.0942,0.0194,1.9285714285714286,8.642201834862385,0.7925784966698384
2017-07-17,Terra,0.0143,0.1066,0.025900000000000003,1.8111888111888113,7.2356687898089165,0.757153905645785
2017-07-18,Terra,0.0179,0.0761,0.0284,1.6089385474860338,4.026455026455026,0.6021052631578947
2017-07-19,Terra,0.015000000000000001,0.0659,0.026600000000000002,1.8531468531468533,4.775362318840579,0.6537013801756587
2017-07-20,Terra,0.0264,0.12000000000000001,0.0364,1.378787878787879,4.545454545454546,0.6393442622950821
2017-07-21,Terra,0.0188,0.1593,0.033600000000000005,1.7845303867403315,8.47340425531915,0.7888826501965187
2017-07-22,Terra,0.0164,0.0765,0.028300000000000002,1.6585365853658536,4.472636815920398,0.6345454545454545
2017-07-23,Terra,0.0088,0.054400000000000004,0.0194,2.2045454545454546,6.181818181818182,0.7215189873417721
2017-07-24,Terra,0.013900000000000001,0.052700000000000004,0.0261,1.9015151515151516,3.711267605633803,0.5754857997010464
2017-07-25,Terra,0.017400000000000002,0.1,0.0275,1.608187134502924,6.097560975609756,0.718213058419244
2017-07-26,Terra,0.022000000000000002,0.1097,0.0349,1.5863636363636362,4.986363636363636,0.6659073652239939
2017-07-27,Terra,0.020200000000000003,0.0833,0.0302,1.5077720207253886,4.3160621761658025,0.6237816764132554
2017-07-28,Terra,0.0172,0.1317,0.0308,1.7906976744186047,7.656976744186047,0.7689724647414373
2017-07-29,Terra,0.012100000000000001,0.083,0.0222,1.84297520661157,6.64,0.7382198952879582
2017-07-30,Terra,0.0167,0.1439,0.031200000000000002,1.8682634730538923,8.616766467065869,0.7920298879202989
2017-07-31,Terra,0.0126,0.0473,0.0235,1.9685039370078738,4.592233009708738,0.6423611111111113
2017-08-01,Terra,0.012700000000000001,0.085,0.024800000000000003,1.9354838709677418,7.554744525547446,0.7662116040955631
2017-08-04,Terra,0.029300000000000003,0.1114,0.0446,1.5221843003412967,3.8020477815699656,0.5835110163468372
2017-08-05,Terra,0.0181,0.0858,0.027800000000000002,1.5193370165745854,3.433333333333333,0.5488721804511278
2017-08-08,Terra,0.0216,0.10350000000000001,0.0334,1.5346534653465345,4.96039603960396,0.664451827242525
2017-08-09,Terra,0.020200000000000003,0.1746,0.032600000000000004,1.6138613861386137,8.354066985645932,0.7861892583120205
2017-08-10,Terra,0.023700000000000002,0.1111,0.038900000000000004,1.7046413502109705,5.947368421052631,0.712121212121212
2017-08-11,Terra,0.0405,0.2315,0.059000000000000004,1.4567901234567902,5.71604938271605,0.7022058823529411
2017-08-16,Terra,0.018600000000000002,0.09190000000000001,0.031100000000000003,1.6190476190476188,4.776595744680851,0.6537753222836096
2017-08-17,Terra,0.0088,0.0801,0.0166,1.8863636363636362,9.102272727272727,0.8020247469066366
2017-08-18,Terra,0.0228,0.07980000000000001,0.0351,1.54726368159204,3.9701492537313436,0.5975975975975976
2017-08-19,Terra,0.013000000000000001,0.069,0.0222,1.7094017094017093,5.2272727272727275,0.6788321167883211
2017-08-23,Terra,0.0095,0.166,0.021,2.210526315789474,17.863157894736844,0.8939732142857142
2017-08-24,Terra,0.0142,0.14350000000000002,0.0238,1.728476821192053,9.77319587628866,0.8143540669856459
2017-08-30,Terra,0.0207,0.0891,0.0292,1.4678899082568808,4.689265536723164,0.6484607745779543
2017-09-01,Terra,0.057,0.2602,0.07730000000000001,1.356140350877193,4.564912280701754,0.6406052963430012
2017-09-10,Terra,0.0189,0.0844,0.027600000000000003,1.5520833333333333,4.395833333333333,0.6293436293436294
2017-09-11,Terra,0.025500000000000002,0.1323,0.0378,1.476595744680851,4.5,0.6363636363636362
2017-09-13,Terra,0.012400000000000001,0.0543,0.020300000000000002,1.5806451612903223,4.428571428571429,0.631578947368421
2017-09-14,Terra,0.10210000000000001,0.2439,0.1273,1.2468168462291869,2.3888344760039177,0.40982658959537566
2017-09-15,Terra,0.0446,0.24930000000000002,0.0663,1.4865470852017937,5.589686098654709,0.6964954066008846
2017-09-24,Terra,0.0119,0.0843,0.0195,1.6761904761904762,5.69942196531792,0.7014667817083694
2017-09-26,Terra,0.0118,0.0519,0.0201,1.7033898305084747,4.633928571428572,0.6450079239302694
2017-09-27,Terra,0.0102,0.07830000000000001,0.016800000000000002,1.6881720430107527,7.260869565217392,0.7578947368421052
2017-09-28,Terra,0.018500000000000003,0.0941,0.026600000000000002,1.557142857142857,5.36875,0.6859666339548577
2017-10-03,Terra,0.0111,0.0665,0.0183,1.6788990825688073,4.9259259259259265,0.6625000000000001
2017-10-04,Terra,0.0118,0.0711,0.0199,1.6859504132231404,6.9029126213592225,0.7469287469287469
2017-10-05,Terra,0.0135,0.07540000000000001,0.023,1.597222222222222,4.654320987654322,0.6462882096069869
2017-10-06,Terra,0.012700000000000001,0.092,0.022000000000000002,1.5495495495495495,5.822784810126581,0.706864564007421
2017-10-14,Terra,0.025500000000000002,0.19870000000000002,0.0345,1.3529411764705883,6.645484949832776,0.7384076990376203
2017-10-16,Terra,0.0194,0.1022,0.0279,1.4381443298969072,4.797647058823529,0.6550324675324675
2017-10-23,Terra,0.0142,0.0889,0.022600000000000002,1.591549295774648,4.746478873239436,0.6519607843137254
2017-10-25,Terra,0.0155,0.0913,0.0241,1.5935483870967742,5.852564102564102,0.7081384471468662
2017-10-26,Terra,0.0099,0.054200000000000005,0.0181,1.727272727272727,2.277310924369748,0.3897435897435897
2017-10-27,Terra,0.015300000000000001,0.0787,0.0238,1.5555555555555556,6.964601769911504,0.7488888888888888
2017-10-28,Terra,0.0175,0.07640000000000001,0.0264,1.4297520661157022,3.1884057971014492,0.5224913494809689
2017-10-30,Terra,0.026000000000000002,0.0889,0.0339,1.3223140495867767,3.040160642570281,0.5049701789264412
2017-10-31,Terra,0.0178,0.06670000000000001,0.025,1.4511627906976743,2.215946843853821,0.378099173553719
2017-11-14,Terra,0.024200000000000003,0.1004,0.0287,1.1859504132231404,4.148760330578512,0.6115569823434992
2017-12-05,Terra,0.026000000000000002,0.1018,0.030500000000000003,1.1822429906542054,6.914529914529914,0.7473002159827213
2017-12-06,Terra,0.0309,0.07,0.035500000000000004,1.190938511326861,1.8362831858407078,0.2948517940717629
2017-12-07,Terra,0.028200000000000003,0.1757,0.0284,1.2687651331719128,7.4309927360774815,0.7627800114876507
2017-12-08,Terra,0.055200000000000006,0.2015,0.058800000000000005,1.065217391304348,2.606727037516171,0.44548063127690096
2017-12-09,Terra,0.029400000000000003,0.18050000000000002,0.035,1.1904761904761905,6.139455782312925,0.7198666031443544
2017-12-10,Terra,0.052000000000000005,0.12510000000000002,0.0509,0.9901153212520593,2.532544378698225,0.43383584589614743
2017-12-11,Terra,0.031,0.0786,0.033,1.0645161290322582,1.6273291925465838,0.2387706855791962
2017-12-13,Terra,0.0405,0.0555,0.040100000000000004,1.0271493212669682,1.493212669683258,0.19782214156079853
2017-12-31,Terra,0.060000000000000005,0.1076,0.0587,0.9889094269870611,1.7555831265508686,0.2742008104457452
2018-01-01,Terra,0.0376,0.0606,0.0436,1.136138613861386,1.4999999999999998,0.19999999999999996
2018-01-03,Terra,0.0251,0.0494,0.0304,1.2111553784860558,1.7766323024054984,0.2797029702970297
2018-01-14,Terra,0.0284,0.0782,0.030100000000000002,1.0598591549295775,1.995305164319249,0.33228840125391856
2018-02-06,Terra,0.0218,0.0651,0.0307,1.408256880733945,1.9804804804804805,0.3289672544080605
2018-02-12,Terra,0.046200000000000005,0.1466,0.0516,1.1363636363636362,2.892018779342723,0.48612786489746684
2018-02-13,Terra,0.031100000000000003,0.0787,0.0344,1.1061093247588423,1.9416058394160585,0.3200992555831266
2018-03-06,Terra,0.0189,0.09230000000000001,0.023700000000000002,1.2539682539682542,3.031746031746032,0.5039370078740157
2018-03-10,Terra,0.0145,0.0601,0.0193,1.3138686131386863,2.1016949152542375,0.35519125683060115
2018-03-11,Terra,0.0262,0.12860000000000002,0.0362,1.381679389312977,4.908396946564886,0.661498708010336
2018-03-19,Terra,0.016800000000000002,0.0499,0.0261,1.4971098265895957,1.7397959183673468,0.27001862197392923
2018-03-20,Terra,0.030100000000000002,0.11380000000000001,0.0364,1.2093023255813953,3.355481727574751,0.5408085430968727
2018-04-19,Terra,0.020900000000000002,0.10260000000000001,0.0324,1.6635071090047393,5.965116279069768,0.7128547579298831
2018-04-22,Terra,0.0196,0.1207,0.0303,1.5309278350515463,5.013559322033898,0.6674182638105975
2018-04-23,Terra,0.026000000000000002,0.0989,0.0345,1.3594306049822065,3.8038461538461537,0.5836669335468374
2018-04-24,Terra,0.0258,0.065,0.0345,1.3464285714285715,2.5193798449612403,0.4317180616740088
2018-04-25,Terra,0.0216,0.0847,0.0304,1.4065420560747663,4.033653846153846,0.6026743075453678
2018-04-26,Terra,0.0261,0.10160000000000001,0.0386,1.46875,3.96875,0.5974842767295598
2018-05-02,Terra,0.012100000000000001,0.0646,0.021,1.743801652892562,5.338842975206611,0.6844850065189049
2018-05-03,Terra,0.0223,0.1268,0.034300000000000004,1.5609756097560976,5.87037037037037,0.7088948787061994
2018-05-07,Terra,0.012100000000000001,0.10070000000000001,0.021,1.7355371900826446,8.322314049586776,0.7854609929078015
2018-05-08,Terra,0.024800000000000003,0.0926,0.0357,1.3864229765013054,3.2727272727272725,0.5319148936170214
2018-05-12,Terra,0.056600000000000004,0.2006,0.0655,1.157243816254417,3.0512367491166077,0.5063235935455734
2018-05-13,Terra,0.0193,0.0623,0.0297,1.5542857142857143,3.539772727272727,0.5594493116395495
2018-05-14,Terra,0.024900000000000002,0.11170000000000001,0.0408,1.6385542168674698,4.485943775100401,0.6354319180087848
2018-05-17,Terra,0.0246,0.1135,0.0407,1.6544715447154472,5.195454545454545,0.6771826852531181
2018-05-18,Terra,0.019700000000000002,0.12040000000000001,0.0318,1.6570247933884297,6.1116751269035525,0.7187723054960743
2018-05-22,Terra,0.022500000000000003,0.0976,0.0349,1.5066666666666664,4.4363636363636365,0.6321070234113711
2018-05-23,Terra,0.014,0.0974,0.023700000000000002,1.7338709677419355,6.859154929577464,0.7455197132616487
2018-05-24,Terra,0.0193,0.1004,0.031200000000000002,1.6516853932584272,5.2020725388601035,0.6775271512113618
2018-05-27,Terra,0.020200000000000003,0.0756,0.029400000000000003,1.4554455445544554,3.9242424242424248,0.593846153846154
2018-05-28,Terra,0.0196,0.13620000000000002,0.032100000000000004,1.6571428571428573,6.948979591836736,0.748395378690629
2018-06-01,Terra,0.0105,0.0862,0.019200000000000002,1.8431372549019607,8.450980392156861,0.7883817427385892
2018-06-02,Terra,0.0245,0.1323,0.034300000000000004,1.5157232704402515,5.3999999999999995,0.6875000000000001
2018-06-05,Terra,0.0329,0.0974,0.042300000000000004,1.264437689969605,2.4738219895287954,0.42426525998492837
2018-06-11,Terra,0.012,0.0664,0.0233,1.9416666666666667,5.533333333333333,0.6938775510204083
2018-06-12,Terra,0.019200000000000002,0.0853,0.029500000000000002,1.5364583333333333,5.350993377483444,0.6850886339937434
2018-06-19,Terra,0.0131,0.0857,0.0252,1.8897058823529411,6.748031496062992,0.741869918699187
2018-06-20,Terra,0.0245,0.1433,0.039900000000000005,1.6809815950920244,4.530395136778116,0.6383621874141249
2018-06-21,Terra,0.0424,0.12560000000000002,0.0519,1.224056603773585,2.9622641509433967,0.49523809523809537
2018-06-22,Terra,0.0198,0.1126,0.0363,1.8062827225130889,5.686868686868687,0.7009063444108761
2018-06-23,Terra,0.0307,0.2306,0.049300000000000004,1.6058631921824105,8.625407166123779,0.7922165820642978
2018-06-24,Terra,0.013900000000000001,0.14450000000000002,0.0262,1.9387755102040816,10.24822695035461,0.8221941992433796
2018-06-25,Terra,0.0241,0.2389,0.0434,1.8008298755186722,9.91286307053942,0.8167300380228136
2018-06-26,Terra,0.0119,0.0868,0.023700000000000002,2.0083333333333333,7.233333333333333,0.757085020242915
2018-06-27,Terra,0.0131,0.0781,0.027700000000000002,2.0158730158730163,5.532967032967034,0.693860386879731
2018-06-28,Terra,0.025400000000000002,0.1184,0.037700000000000004,1.484251968503937,4.661417322834645,0.64673157162726
2018-06-29,Terra,0.0184,0.11570000000000001,0.0347,1.9424083769633507,6.28804347826087,0.725577926920209
2018-06-30,Terra,0.062400000000000004,0.1275,0.0731,1.1714743589743588,2.628205128205128,0.4487632508833922
2018-07-01,Terra,0.02,0.20090000000000002,0.0367,1.8350000000000002,10.045000000000002,0.8189225894069716
2018-07-03,Terra,0.0089,0.11230000000000001,0.0228,2.2988505747126435,11.135922330097088,0.8352
2018-07-05,Terra,0.016300000000000002,0.0893,0.0313,1.892156862745098,5.478527607361963,0.6912878787878789
2018-07-06,Terra,0.025400000000000002,0.183,0.0454,1.8543307086614174,6.501628664495113,0.7333912288319583
2018-07-07,Terra,0.0324,0.1774,0.0444,1.3703703703703705,5.475308641975309,0.6911344137273595
2018-07-08,Terra,0.023,0.15430000000000002,0.0441,1.856521739130435,5.911877394636016,0.7106430155210642
2018-07-09,Terra,0.0634,0.1431,0.0777,1.302839116719243,2.2535433070866144,0.3852855759922556
2018-07-10,Terra,0.0132,0.1365,0.0262,1.9848484848484849,10.340909090909092,0.8236472945891784
2018-07-11,Terra,0.0179,0.0529,0.038,2.122905027932961,3.391025641025641,0.5445255474452554
2018-07-12,Terra,0.013000000000000001,0.10740000000000001,0.029,2.2032520325203255,8.731707317073171,0.794486215538847
2018-07-14,Terra,0.0193,0.0697,0.039,1.8600682593856652,2.3627118644067795,0.405241935483871
2018-07-15,Terra,0.0216,0.11760000000000001,0.0453,2.0325581395348835,4.808943089430894,0.655703289013296
2018-07-16,Terra,0.019200000000000002,0.2121,0.0328,1.7083333333333333,11.367924528301888,0.8382913806254767
2018-07-17,Terra,0.027200000000000002,0.1302,0.0509,1.853046594982079,4.633451957295374,0.6449778900821226
2018-07-18,Terra,0.022500000000000003,0.0712,0.0442,1.888888888888889,3.0427350427350426,0.5052854122621564
2018-07-19,Terra,0.0137,0.085,0.0327,2.3189189189189188,6.204379562043796,0.7223910840932117
2018-07-20,Terra,0.0183,0.0699,0.039400000000000004,2.1530054644808745,3.819672131147541,0.5850340136054423
2018-07-21,Terra,0.020200000000000003,0.0765,0.0378,1.795918367346939,3.5747663551401865,0.5628192032686414
2018-07-22,Terra,0.0223,0.1433,0.041100000000000005,1.8430493273542603,6.426008968609866,0.7306763285024154
2018-07-23,Terra,0.0167,0.1003,0.0334,2.0047619047619047,5.306878306878307,0.6828859060402684
2018-07-24,Terra,0.0234,0.15180000000000002,0.0427,1.8247863247863247,5.869731800766283,0.708867819297267
2018-07-25,Terra,0.0149,0.13190000000000002,0.032,1.945578231292517,5.759825327510918,0.7041343669250646
2018-07-26,Terra,0.0117,0.1158,0.0261,2.2016129032258065,9.65,0.8122065727699531
2018-07-27,Terra,0.0198,0.1033,0.0351,1.9154228855721394,5.0886699507389155,0.6715210355987056
2018-07-28,Terra,0.014,0.0763,0.030600000000000002,2.0187500000000003,5.45,0.689922480620155
2018-07-29,Terra,0.020900000000000002,0.1236,0.0398,1.898477157360406,5.871287128712871,0.7089337175792507
2018-07-30,Terra,0.0274,0.0901,0.0448,1.6423357664233578,3.3271375464684017,0.5378006872852235
2018-07-31,Terra,0.023700000000000002,0.1637,0.0424,1.7890295358649788,6.195121951219512,0.7220338983050847
2018-08-02,Terra,0.025400000000000002,0.1368,0.0449,1.7549407114624507,5.407114624505929,0.687847008019741
2018-08-05,Terra,0.0244,0.1058,0.0386,1.6734693877551021,5.3979591836734695,0.6874003189792662
2018-08-06,Terra,0.0182,0.1077,0.0327,1.8524590163934425,5.917582417582418,0.710881652104845
2018-08-07,Terra,0.024900000000000002,0.0839,0.0414,1.7188755020080322,3.696035242290749,0.5741088180112571
2018-08-08,Terra,0.0218,0.1216,0.0381,1.659919028340081,5.846153846153846,0.7078651685393259
2018-08-09,Terra,0.016,0.1613,0.035500000000000004,2.14935064935065,9.420168067226891,0.8080645161290324
2018-08-10,Terra,0.01795,0.10070000000000001,0.030100000000000002,1.7295918367346939,3.088957055214724,0.5108777194298574
2018-08-12,Terra,0.0129,0.0528,0.0256,1.984496124031008,3.329192546583851,0.5380200860832138
2018-08-14,Terra,0.0223,0.0867,0.040400000000000005,1.8116591928251122,3.8878923766816142,0.5908256880733945
2018-08-15,Terra,0.023100000000000002,0.0959,0.0363,1.5782608695652174,3.9173913043478263,0.5932802829354552
2018-08-17,Terra,0.0286,0.0874,0.0388,1.3670033670033672,2.7643097643097643,0.4686940966010733
2018-08-18,Terra,0.0201,0.1178,0.034,1.691542288557214,6.333333333333333,0.7272727272727273
2018-08-19,Terra,0.0207,0.12660000000000002,0.0325,1.545084972394755,4.1237785016286646,0.6096630642085188
2018-08-21,Terra,0.0245,0.1903,0.041800000000000004,1.707112970711297,6.898305084745763,0.7467811158798283
2018-08-22,Terra,0.025900000000000003,0.09720000000000001,0.0371,1.4208333333333332,3.775,0.5811518324607329
2018-08-24,Terra,0.0177,0.0565,0.027200000000000002,1.536723163841808,3.1564245810055866,0.5188172043010754
2018-08-28,Terra,0.016800000000000002,0.09670000000000001,0.024900000000000002,1.6904761904761902,6.711340206185567,0.7406417112299465
2018-08-29,Terra,0.014400000000000001,0.0785,0.0221,1.5955882352941175,5.097402597402597,0.6719914802981897
2018-09-01,Terra,0.0213,0.16620000000000001,0.032600000000000004,1.530516431924883,5.681208053691275,0.700652938221999
2018-09-02,Terra,0.0108,0.0524,0.0198,1.75,4.851851851851852,0.6582278481012658
2018-09-03,Terra,0.0205,0.16670000000000001,0.035300000000000005,1.6648351648351647,7.301754385964912,0.7590870667793745
2018-09-04,Terra,0.015000000000000001,0.0789,0.026500000000000003,1.7163120567375887,5.009049773755656,0.6671686746987953
2018-09-05,Terra,0.0175,0.1067,0.031,1.8,5.927777777777777,0.7113071371291099
2018-09-06,Terra,0.021,0.2232,0.0364,1.6150793650793651,9.914285714285713,0.8167539267015708
2018-09-07,Terra,0.0154,0.1039,0.027200000000000002,1.603896103896104,5.646739130434783,0.6991005723630417
2018-09-08,Terra,0.0199,0.1394,0.0332,1.657303370786517,5.112582781456954,0.6728060671722643
2018-09-09,Terra,0.015000000000000001,0.0946,0.025500000000000002,1.7,5.364963503649635,0.6857798165137614
2018-09-18,Terra,0.013000000000000001,0.0671,0.020200000000000003,1.6107382550335572,3.59349593495935,0.5646017699115045
2018-09-19,Terra,0.0227,0.167,0.035300000000000005,1.5255813953488373,6.223719676549866,0.723134328358209
2018-09-20,Terra,0.0235,0.1661,0.0316,1.3636363636363635,4.11611374407583,0.6090782769800833
2018-09-24,Terra,0.0247,0.1539,0.0334,1.3522267206477732,6.230769230769231,0.723404255319149
2018-09-25,Terra,0.014400000000000001,0.0688,0.021,1.4583333333333333,4.211009174311927,0.6161971830985916
2018-09-26,Terra,0.0184,0.12860000000000002,0.0275,1.4945652173913044,6.3075,0.7263085870680808
2018-09-27,Terra,0.0146,0.08610000000000001,0.0245,1.6371681415929205,3.6483050847457634,0.569735642661805
2018-09-28,Terra,0.0165,0.0732,0.0244,1.4831460674157304,4.685314685314686,0.6482164821648216
2018-10-03,Terra,0.038700000000000005,0.3064,0.051000000000000004,1.317829457364341,7.917312661498707,0.7757171834250941
2018-10-10,Terra,0.0316,0.2883,0.0438,1.3860759493670884,9.123417721518987,0.8024382619568614
2018-10-11,Terra,0.0149,0.0887,0.0216,1.4496644295302015,4.894736842105263,0.6607142857142857
2018-10-12,Terra,0.026600000000000002,0.12100000000000001,0.0347,1.3045112781954886,3.8936170212765955,0.591304347826087
2018-10-13,Terra,0.012100000000000001,0.1237,0.020300000000000002,1.5123966942148759,5.701949860724234,0.7015793848711553
2018-10-14,Terra,0.0172,0.0941,0.0227,1.4067796610169492,6.6947368421052635,0.7400820793433653
2018-10-15,Terra,0.0146,0.1258,0.0229,1.518181818181818,4.156976744186047,0.6121758737316799
2018-10-16,Terra,0.013900000000000001,0.0855,0.020900000000000002,1.489208633093525,6.151079136690647,0.7203219315895373
2018-10-17,Terra,0.0207,0.1144,0.0297,1.3333333333333333,4.222222222222222,0.6170212765957448
2018-10-18,Terra,0.0228,0.0937,0.0296,1.3070175438596492,3.310077519379845,0.5359712230215827
2018-10-19,Terra,0.0273,0.1691,0.0352,1.2417582417582418,5.146067415730337,0.6745886654478976
2018-10-20,Terra,0.016300000000000002,0.08170000000000001,0.0228,1.2822085889570551,3.6488095238095233,0.5697823303457106
2018-10-21,Terra,0.0366,0.1385,0.0488,1.3144654088050316,3.7796052631578947,0.5815554026152787
2018-10-22,Terra,0.019200000000000002,0.09530000000000001,0.0268,1.4000000000000001,2.7803468208092488,0.47094801223241595
2018-11-08,Terra,0.0315,0.0859,0.039400000000000004,1.250793650793651,2.568922305764411,0.43960674157303364
2018-11-09,Terra,0.0325,0.1082,0.0307,1.0584795321637428,2.6763848396501455,0.4559873116574147
2018-11-10,Terra,0.0207,0.0864,0.0263,1.1545893719806763,2.55859375,0.437980241492865
2018-11-11,Terra,0.0395,0.14020000000000002,0.0476,1.057471264367816,2.3135313531353137,0.3964143426294821
2018-11-12,Terra,0.0279,0.0621,0.028,1.003584229390681,1.985663082437276,0.33013205282112845
2018-11-15,Terra,0.0244,0.08220000000000001,0.0308,1.2622950819672132,3.4727891156462585,0.552851711026616
2018-11-16,Terra,0.038,0.098,0.0356,1.0254629629629628,2.338582677165354,0.4009433962264151
2018-11-17,Terra,0.0176,0.0989,0.0251,1.2448979591836733,3.1968810916179335,0.5234556432884346
2018-11-18,Terra,0.0375,0.0901,0.0408,1.10498687664042,2.6030534351145036,0.4449152542372881
2018-11-19,Terra,0.024900000000000002,0.0723,0.0298,1.1967871485943775,1.9291736930860033,0.3172135866436384
2018-11-20,Terra,0.034300000000000004,0.1562,0.042100000000000005,1.0643776824034334,4.706008583690988,0.6494922903347123
2018-12-04,Terra,0.039,0.1422,0.039,1.0,3.5396551724137932,0.5594379035320927
2018-12-05,Terra,0.0219,0.08370000000000001,0.0216,0.9863013698630138,2.616780045351474,0.4470219435736677
2018-12-06,Terra,0.047400000000000005,0.17980000000000002,0.0531,1.0673267326732674,3.301587301587302,0.5350553505535056
2018-12-13,Terra,0.0645,0.17600000000000002,0.0653,1.0015503875968992,2.18976897689769,0.37299534402483187
2018-12-31,Terra,0.0454,0.2586,0.047,1.0352422907488985,5.6960352422907485,0.7013157894736842
2019-01-01,Terra,0.0261,0.0632,0.028,1.0324074074074074,1.8379629629629628,0.2952691680261011
2019-01-02,Terra,0.0519,0.1461,0.0536,1.0327552986512525,2.815028901734104,0.47575757575757577
2019-01-12,Terra,0.0159,0.049,0.020300000000000002,1.2394366197183098,2.0136054421768708,0.3363431151241535
2019-01-13,Terra,0.0218,0.0582,0.0258,1.18348623853211,2.473684210526316,0.42424242424242425
2019-01-14,Terra,0.0455,0.1245,0.0536,1.1607717041800643,2.7728285077951003,0.4698937426210154
2019-01-24,Terra,0.2199,0.4011,0.22460000000000002,1.0213733515234198,1.8240109140518417,0.29178743961352654
2019-01-25,Terra,0.045000000000000005,0.1216,0.052700000000000004,1.1048218029350105,3.893877551020408,0.5913261050875729
2019-01-29,Terra,0.0275,0.08600000000000001,0.0323,1.1745454545454546,2.4541666666666666,0.4209891435464415
2019-01-30,Terra,0.0616,0.1699,0.0582,0.9448051948051948,2.524456521739131,0.43253662297609874
2019-01-31,Terra,0.037700000000000004,0.0804,0.038,1.0079575596816974,1.7045045045045046,0.2604930046635576
2019-03-03,Terra,0.225,0.4223,0.22240000000000001,0.9884444444444445,1.8768888888888888,0.304804572841032
2019-03-10,Terra,0.6169,0.6159,0.6241,1.0116712595234236,0.9983789917328578,-0.0008111615833874114
2019-03-15,Terra,0.3085,0.27540000000000003,0.3407,1.1043760129659643,0.8927066450567263,-0.05668778900496653
2019-03-17,Terra,0.17,0.1975,0.19210000000000002,1.1300000000000001,1.1617647058823528,0.0748299319727891
2019-03-18,Terra,0.328,0.34440000000000004,0.3335,1.0134600158353129,1.0187121629058888,0.009269356597600911
2019-03-19,Terra,0.1973,0.2351,0.20320000000000002,1.0299036999493159,1.159157894736842,0.07371294851794066
2019-03-24,Terra,0.0521,0.08900000000000001,0.049,1.1517241379310343,2.541242937853107,0.435226547543076
2019-03-30,Terra,0.0297,0.1373,0.041800000000000004,1.4074074074074074,5.0081632653061225,0.6671195652173914
2019-04-18,Terra,0.030000000000000002,0.1169,0.049300000000000004,1.6420664206642066,4.059027777777778,0.6046671242278655
2019-04-24,Terra,0.0213,0.09670000000000001,0.0371,1.6476190476190475,4.604761904761905,0.643160577740017
2019-04-26,Terra,0.020800000000000003,0.0857,0.0375,1.7989690721649485,4.417525773195876,0.6308277830637488
2019-04-28,Terra,0.016300000000000002,0.0655,0.032600000000000004,2.0,4.01840490797546,0.6014669926650366
2019-04-29,Terra,0.0256,0.0859,0.044700000000000004,1.7598425196850394,3.489082969432314,0.5544747081712061
2019-04-30,Terra,0.0183,0.0917,0.0318,1.737704918032787,5.010928961748634,0.6672727272727274
2019-05-01,Terra,0.026500000000000003,0.1029,0.0453,1.7358490566037734,3.853932584269663,0.587962962962963
2019-05-02,Terra,0.0241,0.0519,0.0436,1.777327935222672,2.045936395759717,0.3433874709976798
2019-05-03,Terra,0.0198,0.0849,0.0347,1.7525252525252524,4.287878787878788,0.6217765042979944
2019-05-04,Terra,0.0281,0.0852,0.0439,1.608540925266904,3.3151750972762644,0.5365193868349865
2019-05-05,Terra,0.023200000000000002,0.07740000000000001,0.0391,1.6853448275862069,3.336206896551724,0.5387673956262427
2019-05-06,Terra,0.024800000000000003,0.1017,0.0429,1.8140495867768593,4.3896103896103895,0.6289156626506025
2019-05-07,Terra,0.0273,0.09090000000000001,0.0412,1.5091575091575091,3.32967032967033,0.5380710659898477
2019-05-08,Terra,0.0332,0.1321,0.0536,1.5626822157434401,3.7528409090909087,0.57919904363419
2019-05-09,Terra,0.030000000000000002,0.11660000000000001,0.0456,1.541095890410959,3.685015290519878,0.5731070496083552
2019-05-10,Terra,0.014400000000000001,0.1227,0.024,1.8307692307692307,9.438461538461539,0.8084008843036109
2019-05-11,Terra,0.018500000000000003,0.0679,0.0351,1.881081081081081,3.814606741573034,0.5845974329054843
2019-05-13,Terra,0.0244,0.1345,0.041,1.732758620689655,4.829059829059829,0.656891495601173
2019-05-29,Terra,0.0211,0.096,0.0356,1.6872037914691942,4.549763033175355,0.6396242527754056
2019-05-31,Terra,0.021500000000000002,0.13920000000000002,0.037200000000000004,1.7320000000000002,6.474418604651163,0.732420659614188
2019-06-01,Terra,0.028900000000000002,0.1422,0.0427,1.4636678200692042,4.920415224913494,0.66218585622443
2019-06-02,Terra,0.0206,0.1492,0.0367,1.7815533980582525,7.242718446601941,0.75736160188457
2019-06-03,Terra,0.0183,0.0695,0.030500000000000003,1.7524752475247523,3.6772486772486777,0.572398190045249
2019-06-04,Terra,0.013000000000000001,0.0838,0.0245,1.8846153846153846,6.598425196850393,0.7367875647668394
2019-06-11,Terra,0.0103,0.0964,0.023200000000000002,2.230769230769231,9.269230769230768,0.8052434456928838
2019-06-12,Terra,0.0181,0.07540000000000001,0.0356,1.9171270718232043,4.165745856353591,0.6128342245989304
2019-06-13,Terra,0.012400000000000001,0.1014,0.0257,2.0186915887850465,8.311475409836065,0.7852112676056338
2019-06-14,Terra,0.0218,0.1464,0.0408,1.9136363636363638,6.565022421524664,0.7356253704801422
2019-06-15,Terra,0.0245,0.0903,0.0388,1.583673469387755,4.142857142857143,0.6111111111111112
2019-06-16,Terra,0.0194,0.10830000000000001,0.0375,1.8820224719101124,5.821621621621621,0.7068145800316957
2019-06-17,Terra,0.061000000000000006,0.0805,0.0727,1.1918032786885244,1.2215477996965098,0.09972677595628417
2019-06-18,Terra,0.0114,0.116,0.024,2.087378640776699,11.262135922330097,0.8368962787015044
2019-06-19,Terra,0.0219,0.050800000000000005,0.034300000000000004,1.6382978723404256,2.822222222222222,0.47674418604651164
2019-06-22,Terra,0.0201,0.08320000000000001,0.0303,1.5074626865671643,4.139303482587065,0.6108422071636013
2019-06-23,Terra,0.0154,0.12890000000000001,0.0309,1.943661971830986,4.619718309859155,0.644110275689223
2019-06-24,Terra,0.0313,0.1331,0.042,1.4089456869009584,4.252396166134185,0.6192214111922142
2019-06-26,Terra,0.028200000000000003,0.1419,0.042300000000000004,1.5,5.031914893617021,0.6684303350970018
2019-06-28,Terra,0.0189,0.12430000000000001,0.0318,1.7976878612716765,7.184971098265897,0.7556497175141244
2019-06-29,Terra,0.0103,0.08705,0.0216,2.0707070707070705,8.58252427184466,0.7912867274569402
2019-06-30,Terra,0.0149,0.08420000000000001,0.029500000000000002,1.935251798561151,5.651006711409397,0.6992936427850657
2019-07-04,Terra,0.0108,0.10400000000000001,0.020900000000000002,1.9351851851851853,9.62962962962963,0.8118466898954704
2019-07-05,Terra,0.024,0.1295,0.0379,1.5657894736842106,5.264227642276423,0.6807268007787151
2019-07-14,Terra,0.025400000000000002,0.2671,0.0438,1.7244094488188975,9.224242424242425,0.80438648488441
2019-07-19,Terra,0.046700000000000005,0.1693,0.0592,1.267665952890792,3.6252676659528906,0.5675925925925925
2019-07-20,Terra,0.0199,0.1212,0.0359,1.8040201005025125,7.409266409266409,0.7621671258034894
2019-07-21,Terra,0.021150000000000002,0.10450000000000001,0.0352,1.6651982378854624,5.199004975124379,0.6773675762439807
2019-07-22,Terra,0.0111,0.0945,0.0238,2.0427350427350426,7.875,0.7746478873239437
2019-07-24,Terra,0.0131,0.08220000000000001,0.0238,1.8962962962962964,6.793388429752066,0.743372216330859
2019-07-25,Terra,0.0188,0.08990000000000001,0.034,1.8085106382978724,4.781914893617022,0.6540938362465502
2019-07-27,Terra,0.0177,0.0533,0.0366,2.0677966101694913,3.0112994350282487,0.5014084507042252
2019-07-28,Terra,0.02635,0.13040000000000002,0.0403,1.5183823529411764,4.303630363036304,0.6228998133167394
2019-07-29,Terra,0.0114,0.11180000000000001,0.023,2.0350877192982457,8.343283582089553,0.7859424920127797
2019-07-30,Terra,0.019100000000000002,0.055200000000000006,0.034,1.761467889908257,3.174193548387097,0.5208655332302936
2019-07-31,Terra,0.0135,0.09280000000000001,0.0257,1.9310344827586206,6.371951219512195,0.7287014061207611
2019-08-01,Terra,0.016300000000000002,0.07590000000000001,0.032,1.9631901840490795,4.656441717791411,0.6464208242950109
2019-08-02,Terra,0.0129,0.1647,0.023200000000000002,1.7984496124031009,12.767441860465118,0.8547297297297298
2019-08-03,Terra,0.021,0.10360000000000001,0.0378,1.7999999999999998,4.933333333333334,0.6629213483146067
2019-08-04,Terra,0.036000000000000004,0.1062,0.049300000000000004,1.3694444444444445,2.1249999999999996,0.35999999999999993
2019-08-05,Terra,0.013800000000000002,0.0811,0.028300000000000002,2.050724637681159,5.8768115942028984,0.709167544783983
2019-08-06,Terra,0.023,0.07150000000000001,0.0383,1.6796116504854368,2.7290076335877864,0.46366427840327534
2019-08-07,Terra,0.0184,0.096,0.0342,1.8429319371727748,5.217391304347826,0.6783216783216783
2019-08-12,Terra,0.0245,0.1331,0.042100000000000005,1.6748971193415636,4.9381818181818184,0.6631965707287202
2019-08-13,Terra,0.016900000000000002,0.1912,0.029400000000000003,1.7041420118343196,7.850694444444445,0.7740290309925462
2019-08-14,Terra,0.0111,0.0844,0.0228,1.923913043478261,7.092436974789916,0.7528556593977156
2019-08-15,Terra,0.0233,0.1456,0.0374,1.6051502145922747,5.547794117647059,0.6945536215609208
2019-08-16,Terra,0.013600000000000001,0.0854,0.026000000000000002,1.911764705882353,6.279411764705882,0.7252525252525253
2019-08-17,Terra,0.024800000000000003,0.1159,0.0408,1.7235772357723578,4.673387096774193,0.6474769012082445
2019-08-18,Terra,0.015600000000000001,0.0746,0.030500000000000003,1.8290598290598292,3.656862745098039,0.5705263157894737
2019-08-19,Terra,0.0238,0.12840000000000001,0.041100000000000005,1.726890756302521,5.269886363636363,0.681014952424105
2019-08-22,Terra,0.0183,0.1998,0.0324,1.6939890710382512,9.390070921985815,0.8075085324232082
2019-08-23,Terra,0.0126,0.099,0.023100000000000002,1.8992805755395683,8.534482758620689,0.7902350813743219
2019-08-24,Terra,0.0238,0.09390000000000001,0.0373,1.5672268907563025,3.583969465648855,0.5636969192339717
2019-08-25,Terra,0.0173,0.08370000000000001,0.0303,1.758064516129032,3.7873303167420818,0.5822306238185255
2019-08-26,Terra,0.019100000000000002,0.1444,0.0339,1.7748691099476437,6.170940170940171,0.7210965435041716
2019-08-27,Terra,0.022600000000000002,0.09570000000000001,0.033100000000000004,1.4431372549019608,3.873239436619718,0.5895953757225434
2019-08-28,Terra,0.0258,0.1603,0.04,1.550387596899225,5.585365853658536,0.6962962962962963
2019-08-30,Terra,0.014400000000000001,0.0911,0.027,1.8749999999999998,6.326388888888888,0.7270142180094787
2019-08-31,Terra,0.0154,0.0646,0.0286,1.8531468531468533,4.543307086614173,0.6392045454545454
2019-09-01,Terra,0.06570000000000001,0.1574,0.0704,1.0715372907153728,2.395738203957382,0.4110264455401165
2019-09-02,Terra,0.0211,0.1027,0.0345,1.6866359447004609,4.889807162534436,0.6604303086997194
2019-09-03,Terra,0.0175,0.053200000000000004,0.027800000000000002,1.654054054054054,2.9714285714285715,0.49640287769784175
2019-09-04,Terra,0.021500000000000002,0.13570000000000002,0.035,1.641255605381166,5.904069767441861,0.7103157894736843
2019-09-05,Terra,0.0158,0.1068,0.0257,1.6740740740740743,5.404858299595142,0.6877370417193426
2019-09-06,Terra,0.0135,0.0859,0.0217,1.608695652173913,7.720279720279721,0.7706495589414596
2019-09-11,Terra,0.0206,0.14700000000000002,0.0332,1.6413043478260871,5.407766990291262,0.6878787878787878
2019-09-12,Terra,0.009600000000000001,0.0641,0.0175,1.8229166666666667,5.052631578947369,0.6695652173913043
2019-09-14,Terra,0.0307,0.2003,0.040100000000000004,1.3061889250814334,6.52442996742671,0.7341991341991342
2019-09-21,Terra,0.0128,0.061000000000000006,0.020200000000000003,1.5833333333333333,3.705882352941176,0.575
2019-09-25,Terra,0.0188,0.0767,0.028,1.4095744680851066,3.781914893617021,0.5817575083426029
2019-09-30,Terra,0.0114,0.1184,0.0221,1.8518518518518519,5.025974025974026,0.6681034482758622
2019-10-01,Terra,0.0097,0.13440000000000002,0.0165,1.7010309278350515,9.217105263157896,0.8042498390212492
2019-10-05,Terra,0.0494,0.125,0.055200000000000006,1.1174089068825912,2.5303643724696356,0.4334862385321101
2019-10-06,Terra,0.0204,0.11370000000000001,0.032,1.5364583333333333,6.201298701298701,0.7222723174030659
2019-10-07,Terra,0.0126,0.09820000000000001,0.0211,1.669491525423729,4.705128205128205,0.649438202247191
2019-10-09,Terra,0.028800000000000003,0.0601,0.0371,1.2881944444444444,2.1087344028520496,0.356651376146789
2019-10-10,Terra,0.0097,0.046700000000000005,0.016800000000000002,1.661290322580645,4.814432989690722,0.6560283687943262
2019-10-14,Terra,0.017,0.0502,0.021400000000000002,1.3125,3.4941176470588236,0.5549738219895288
2019-10-24,Terra,0.0224,0.1085,0.0345,1.4921465968586387,5.680628272251308,0.700626959247649
2019-10-27,Terra,0.0287,0.099,0.0323,1.1627906976744187,2.7968749999999996,0.4732510288065844
2019-10-28,Terra,0.027100000000000003,0.0753,0.031400000000000004,1.1703470031545742,2.8551136363636362,0.48120854826823867
2019-10-29,Terra,0.029500000000000002,0.1262,0.038400000000000004,1.2674897119341564,3.227621483375959,0.5269207501512402
2019-10-30,Terra,0.018000000000000002,0.0575,0.025400000000000002,1.3829787234042552,2.8294243070362475,0.47772828507795106
2019-11-01,Terra,0.0279,0.08360000000000001,0.032100000000000004,1.1505376344086022,1.9269340974212035,0.3166911404796868
2019-11-02,Terra,0.0198,0.0906,0.024300000000000002,1.2272727272727273,4.494949494949495,0.636029411764706
2019-11-03,Terra,0.0409,0.26580000000000004,0.0458,1.119804400977995,6.498777506112471,0.7332898597978481
2019-11-04,Terra,0.0236,0.10260000000000001,0.0273,1.1567796610169492,3.4194915254237293,0.5474592521572388
2019-11-06,Terra,0.0198,0.08420000000000001,0.0227,1.1161616161616161,2.4790940766550524,0.42513770655983973
2019-11-08,Terra,0.0545,0.2247,0.0517,0.9486238532110093,4.122935779816514,0.6095988538681949
2019-11-09,Terra,0.059000000000000004,0.2856,0.065,1.1016949152542372,4.343283582089552,0.6256983240223464
2019-11-11,Terra,0.026500000000000003,0.0995,0.0322,1.1132075471698113,3.5697674418604652,0.5623409669211196
2019-11-20,Terra,0.0308,0.0826,0.031400000000000004,1.0194805194805197,2.4950738916256157,0.4277660324171952
2019-11-21,Terra,0.050800000000000005,0.1579,0.05,0.9842519685039369,2.6927710843373496,0.45840130505709625
2019-11-22,Terra,0.0357,0.0757,0.0345,1.0287206266318538,2.3649999999999998,0.40564635958395245
2019-11-28,Terra,0.0252,0.1605,0.0239,0.9713322091062394,2.7065767284991566,0.4604185623293904
2019-11-29,Terra,0.0446,0.0692,0.0443,1.0425531914893618,2.0,0.33333333333333337
2019-11-30,Terra,0.0531,0.0975,0.054700000000000006,1.0301318267419963,2.8651515151515152,0.48255586044688364
2019-12-02,Terra,0.0442,0.2139,0.049800000000000004,1.1266968325791855,3.6943005181347153,0.5739514348785872
2019-12-03,Terra,0.08320000000000001,0.218,0.0801,0.9764428739693757,2.567726737338045,0.43941895014856386
2019-12-05,Terra,0.0494,0.064,0.0494,1.0287769784172662,1.4105263157894739,0.17030567685589523
2019-12-28,Terra,0.0526,0.0732,0.042,0.7984790874524715,1.391634980988593,0.16375198728139906
2020-01-25,Terra,0.0468,0.078,0.0488,1.1040723981900453,1.8504273504273505,0.2983508245877062
2020-02-10,Terra,0.0235,0.0811,0.0261,1.1224489795918366,3.3102040816326532,0.5359848484848485
2020-02-12,Terra,0.0328,0.0702,0.037000000000000005,1.1489795918367347,1.9757575757575758,0.3279022403258656
2020-02-13,Terra,0.056600000000000004,0.1652,0.0618,1.0918727915194346,4.079113924050633,0.6062305295950156
2020-02-18,Terra,0.0217,0.1343,0.0364,1.5497382198952878,3.749403341288783,0.5788944723618091
2020-02-19,Terra,0.0132,0.08900000000000001,0.022500000000000003,1.5118110236220472,5.077519379844961,0.6709183673469388
2020-02-21,Terra,0.0176,0.0747,0.026000000000000002,1.358974358974359,2.5419847328244276,0.4353448275862069
2020-02-22,Terra,0.0207,0.10650000000000001,0.0279,1.393305439330544,5.75977653631285,0.7041322314049587
2020-02-25,Terra,0.0211,0.09970000000000001,0.034,1.5303867403314917,4.060773480662983,0.6048034934497816
2020-02-27,Terra,0.025900000000000003,0.0984,0.0383,1.4324324324324322,3.7992277992277987,0.5832662912308929
2020-02-28,Terra,0.0221,0.0833,0.030100000000000002,1.3699421965317922,3.264248704663212,0.5309842041312273
2020-03-01,Terra,0.056900000000000006,0.0755,0.0651,1.1441124780316345,1.3268892794376097,0.14048338368580052
2020-03-04,Terra,0.0587,0.11800000000000001,0.0604,1.0585365853658537,1.91869918699187,0.31476323119777155
2020-03-05,Terra,0.025900000000000003,0.0892,0.0357,1.3673469387755102,3.444015444015444,0.5499565595134664
2020-03-09,Terra,0.0985,0.2023,0.0993,1.0081218274111674,2.0538071065989847,0.34507978723404253
2020-03-10,Terra,0.0206,0.0767,0.0281,1.3640776699029127,2.4426751592356686,0.4190564292321924
2020-03-12,Terra,0.0201,0.1184,0.0309,1.5124378109452736,2.684807256235828,0.4572307692307692
2020-03-15,Terra,0.015300000000000001,0.0772,0.0263,1.4854368932038835,3.203319502074689,0.5241855873642647
2020-03-16,Terra,0.0316,0.12350000000000001,0.0438,1.3914373088685015,3.9082278481012658,0.5925209542230819
2020-03-17,Terra,0.0183,0.0637,0.0235,1.3689839572192513,2.0655737704918034,0.34759358288770054
2020-03-19,Terra,0.022000000000000002,0.10890000000000001,0.0304,1.3545454545454545,3.6347031963470324,0.5684729064039409
2020-03-21,Terra,0.023200000000000002,0.0975,0.0358,1.3463203463203464,4.6261127596439175,0.6445147679324894
2020-03-22,Terra,0.015700000000000002,0.0844,0.021500000000000002,1.3694267515923566,2.9614035087719297,0.49512843224092123
2020-04-05,Terra,0.0453,0.0998,0.054,1.1920529801324504,2.2030905077262695,0.37560303239145415
2020-04-07,Terra,0.0217,0.07970000000000001,0.0284,1.3174213584452015,3.487889273356401,0.5543562066306861
2020-04-08,Terra,0.0281,0.11,0.040100000000000004,1.387900355871886,3.408045977011494,0.546284224250326
2020-04-09,Terra,0.018000000000000002,0.055,0.0246,1.3222222222222222,2.787925696594427,0.4720065386187168
2020-04-10,Terra,0.020800000000000003,0.10550000000000001,0.0286,1.3749999999999998,5.072115384615384,0.6706254948535233
2020-04-11,Terra,0.019700000000000002,0.10490000000000001,0.0308,1.5298013245033113,3.0895140664961636,0.5109443402126328
2020-04-12,Terra,0.0184,0.0772,0.0238,1.3627450980392157,3.6257668711656437,0.5676392572944298
2020-04-13,Terra,0.0251,0.1462,0.035,1.3944223107569722,4.54,0.6389891696750901
2020-04-14,Terra,0.025500000000000002,0.07780000000000001,0.031,1.2355555555555555,4.426923076923077,0.631467044649185
2020-04-16,Terra,0.0247,0.0757,0.0322,1.284313725490196,1.9781553398058254,0.3284433577832111
2020-04-17,Terra,0.0264,0.1353,0.0375,1.4204545454545454,5.125,0.673469387755102
2020-04-20,Terra,0.0257,0.11080000000000001,0.0356,1.4095940959409594,3.9589743589743587,0.5966907962771458
2020-04-28,Terra,0.0335,0.11660000000000001,0.041800000000000004,1.2477611940298508,3.4805970149253733,0.5536309127248501
2020-05-07,Terra,0.0236,0.1155,0.031900000000000005,1.379182156133829,4.325842696629214,0.6244725738396625
2020-05-08,Terra,0.020200000000000003,0.0743,0.0315,1.5891472868217056,4.174157303370786,0.6134636264929425
2020-05-15,Terra,0.026000000000000002,0.1834,0.040400000000000005,1.5993485342019544,6.789137380191693,0.7432321575061527
2020-05-24,Terra,0.0302,0.1331,0.0443,1.4668874172185429,4.4072847682119205,0.6301285976729945
2020-05-27,Terra,0.0216,0.043500000000000004,0.0342,1.6249999999999998,2.013888888888889,0.3364055299539171
2020-05-28,Terra,0.0145,0.07930000000000001,0.026600000000000002,1.801282051282051,5.083333333333334,0.6712328767123288
2020-05-29,Terra,0.0362,0.0752,0.0507,1.3445378151260503,1.9583333333333333,0.32394366197183094
2020-06-01,Terra,0.026600000000000002,0.1034,0.0369,1.387218045112782,3.887218045112782,0.5907692307692308
2020-06-02,Terra,0.0177,0.0873,0.031100000000000003,1.7069767441860466,4.932203389830509,0.6628571428571427
2020-06-18,Terra,0.0167,0.1506,0.032,1.917948717948718,9.017964071856289,0.8003586371787209
2020-06-19,Terra,0.020300000000000002,0.16970000000000002,0.0344,1.6400000000000001,8.485000000000001,0.7891407485503428
2020-06-21,Terra,0.0217,0.24780000000000002,0.040400000000000005,1.8617511520737329,11.419354838709678,0.838961038961039
2020-06-22,Terra,0.007,0.0792,0.016800000000000002,2.176470588235294,11.314285714285715,0.8375870069605568
2020-06-25,Terra,0.0164,0.11270000000000001,0.030500000000000003,1.8581081081081081,6.871951219512195,0.7459333849728892
2020-06-26,Terra,0.0173,0.17880000000000001,0.0337,1.8055555555555556,12.416666666666666,0.8509316770186336
2020-07-02,Terra,0.0206,0.11220000000000001,0.0347,1.7142857142857144,5.4466019417475735,0.6897590361445785
2020-07-03,Terra,0.024800000000000003,0.082,0.0341,1.3749999999999998,2.794354838709677,0.47290116896918166
2020-07-05,Terra,0.0697,0.093,0.075,1.0760401721664274,1.3314203730272598,0.14215384615384621
2020-07-08,Terra,0.0103,0.12190000000000001,0.0207,2.0097087378640777,11.83495145631068,0.8441754916792737
2020-07-10,Terra,0.0126,0.1072,0.023200000000000002,1.873015873015873,5.988826815642459,0.7138289368505197
2020-07-11,Terra,0.0189,0.1265,0.0335,1.7724867724867726,6.820224719101124,0.7442528735632183
2020-07-13,Terra,0.0172,0.1484,0.032,1.8604651162790697,8.627906976744187,0.7922705314009663
2020-07-14,Terra,0.0135,0.0512,0.0251,1.934782608695652,4.785046728971962,0.654281098546042
2020-07-15,Terra,0.0067,0.0781,0.016,2.4029850746268657,12.582278481012658,0.852749301025163
2020-07-16,Terra,0.0182,0.17370000000000002,0.0328,1.8258928571428572,9.142105263157896,0.8028022833419824
2020-07-18,Terra,0.017400000000000002,0.10250000000000001,0.032600000000000004,1.8313953488372092,5.890804597701149,0.7097581317764804
2020-07-19,Terra,0.0125,0.0771,0.0224,1.7936507936507937,5.745664739884393,0.7035132819194516
2020-07-20,Terra,0.0181,0.1291,0.0324,1.816,7.132596685082872,0.7540760869565216
2020-07-21,Terra,0.033800000000000004,0.126,0.0477,1.4112426035502956,6.028708133971292,0.7154526889040164
2020-07-22,Terra,0.0195,0.1336,0.0371,1.9025641025641027,6.851282051282051,0.7452645329849772
2020-07-23,Terra,0.0193,0.21050000000000002,0.0337,1.7608695652173911,10.544554455445544,0.8267581475128646
2020-07-25,Terra,0.012400000000000001,0.0845,0.0257,2.07258064516129,6.814516129032258,0.7440660474716201
2020-07-26,Terra,0.0135,0.0854,0.0251,1.7878787878787878,6.46969696969697,0.7322515212981744
2020-07-27,Terra,0.022500000000000003,0.21150000000000002,0.0417,1.853333333333333,8.656370656370656,0.7928828468612555
2020-07-28,Terra,0.013900000000000001,0.1086,0.027200000000000002,1.871212121212121,4.874999999999999,0.6595744680851063
2020-07-30,Terra,0.0171,0.0979,0.030600000000000002,1.6842105263157896,5.072538860103626,0.6706484641638225
2020-07-31,Terra,0.0102,0.10500000000000001,0.021,1.9139784946236558,9.333333333333334,0.8064516129032259
2020-08-01,Terra,0.0227,0.1504,0.036000000000000004,1.6286919831223627,6.090909090909092,0.7179487179487181
2020-08-03,Terra,0.014,0.0761,0.027700000000000002,1.9202898550724639,5.435714285714286,0.6892341842397337
2020-08-04,Terra,0.0196,0.0762,0.0286,1.4930232558139536,4.887755102040817,0.660311958405546
2020-08-05,Terra,0.02,0.12040000000000001,0.0361,1.7487179487179487,6.174358974358975,0.7212294496068621
2020-08-07,Terra,0.0177,0.14550000000000002,0.032100000000000004,1.8,7.578125,0.766848816029144
2020-08-09,Terra,0.010100000000000001,0.097,0.0194,1.9705882352941175,10.179487179487179,0.8211009174311926
2020-08-10,Terra,0.0198,0.2126,0.0333,1.7299270072992703,10.134831460674159,0.8203834510595357
2020-08-11,Terra,0.0132,0.0765,0.024,1.7619047619047619,6.071428571428571,0.7171717171717171
2020-08-13,Terra,0.019700000000000002,0.1038,0.028300000000000002,1.4365482233502538,5.644670050761421,0.6990068754774637
2020-08-14,Terra,0.0176,0.1422,0.0318,1.8192090395480225,8.079545454545453,0.7797246558197747
2020-08-17,Terra,0.0176,0.108,0.031200000000000002,1.782608695652174,5.9857819905213265,0.7137042062415195
2020-08-18,Terra,0.014400000000000001,0.0784,0.025,1.790909090909091,4.869565217391305,0.6592592592592592
2020-08-19,Terra,0.0188,0.1213,0.0323,1.727272727272727,7.197247706422019,0.7560156687185225
2020-08-20,Terra,0.012100000000000001,0.0891,0.0239,1.9724770642201837,8.174311926605505,0.7819999999999999
2020-08-22,Terra,0.0205,0.0742,0.032600000000000004,1.6235294117647059,4.294117647058823,0.6222222222222222
2020-08-23,Terra,0.0213,0.1607,0.0378,1.742222222222222,7.652582159624414,0.7688551275094953
2020-08-24,Terra,0.0134,0.0819,0.0228,1.703703703703704,4.933734939759036,0.6629441624365482
2020-08-25,Terra,0.0128,0.1033,0.0239,1.9140625,8.680672268907562,0.7934027777777779
2020-08-26,Terra,0.0164,0.0733,0.029900000000000003,1.8231707317073171,5.198581560283688,0.6773455377574371
2020-08-27,Terra,0.0126,0.1032,0.0245,1.8174603174603174,7.166666666666666,0.7551020408163266
2020-08-28,Terra,0.0177,0.10590000000000001,0.031200000000000002,1.7627118644067796,5.983050847457627,0.7135922330097086
2020-08-29,Terra,0.0238,0.0732,0.0342,1.4412811387900357,3.07563025210084,0.5092783505154639
2020-08-30,Terra,0.019,0.1233,0.0354,1.8139534883720931,6.421875,0.7305263157894736
2020-08-31,Terra,0.030100000000000002,0.15990000000000001,0.042300000000000004,1.3936170212765957,5.312292358803987,0.6831578947368422
2020-09-01,Terra,0.016900000000000002,0.11270000000000001,0.028900000000000002,1.7459016393442621,6.668639053254438,0.7391975308641975
2020-09-03,Terra,0.014700000000000001,0.11800000000000001,0.027600000000000003,1.7608695652173911,6.755102040816326,0.7421052631578947
2020-09-04,Terra,0.025400000000000002,0.12240000000000001,0.040600000000000004,1.5984251968503937,4.633802816901409,0.645
2020-09-05,Terra,0.0164,0.097,0.0287,1.7000000000000002,6.928571428571429,0.7477477477477478
2020-09-27,Terra,0.0187,0.135,0.028900000000000002,1.545,5.863221884498481,0.7085916740478301
2020-09-28,Terra,0.013000000000000001,0.0794,0.0194,1.4825174825174825,3.736,0.5777027027027029
2020-09-29,Terra,0.027800000000000002,0.114,0.038400000000000004,1.381294964028777,2.9053030303030303,0.4878758486905917
2020-09-30,Terra,0.0187,0.057,0.027,1.4491978609625669,2.6242236024844723,0.44815766923736083
2020-10-02,Terra,0.0245,0.1041,0.0335,1.386100386100386,2.1687499999999997,0.36883629191321493
2020-10-03,Terra,0.022600000000000002,0.0931,0.029,1.2831858407079646,4.119469026548672,0.6093344857389802
2020-10-04,Terra,0.0182,0.09230000000000001,0.0268,1.4135802469135803,3.388412017167382,0.5442542787286063
2020-10-06,Terra,0.030000000000000002,0.1058,0.039400000000000004,1.3133333333333335,3.5266666666666664,0.5581737849779087
2020-10-08,Terra,0.0463,0.14700000000000002,0.0553,1.1943844492440605,2.963709677419355,0.49542217700915564
2020-10-09,Terra,0.028800000000000003,0.10260000000000001,0.037700000000000004,1.309027777777778,2.905908096280087,0.4879551820728291
2020-10-15,Terra,0.0235,0.1145,0.030100000000000002,1.2808510638297872,3.6868932038834954,0.5732780942516831
2020-10-16,Terra,0.0151,0.045200000000000004,0.0198,1.392638036809816,3.4014598540145986,0.5456053067993366
2020-10-20,Terra,0.042300000000000004,0.12560000000000002,0.0341,1.0603448275862069,2.9692671394799057,0.49612864800476475
2020-10-22,Terra,0.0337,0.0694,0.0391,1.1505376344086022,2.1937716262975777,0.37378114842903576
2020-10-25,Terra,0.0244,0.0419,0.0287,1.1762295081967211,1.7172131147540983,0.26395173453996984
2020-10-26,Terra,0.031900000000000005,0.1206,0.038900000000000004,1.2137681159420288,3.3036363636363637,0.5352767215885087
2020-10-27,Terra,0.022600000000000002,0.050800000000000005,0.0281,1.1875,2.247787610619469,0.38419618528610355
2020-10-28,Terra,0.0257,0.075,0.033100000000000004,1.2879377431906616,3.852713178294574,0.5878594249201278
2020-10-29,Terra,0.0253,0.0405,0.0324,1.2806324110671936,1.719056974459725,0.26445086705202314
2020-10-31,Terra,0.039400000000000004,0.11810000000000001,0.0453,1.1355498721227621,2.232514177693762,0.38128654970760234
2020-11-01,Terra,0.025,0.047900000000000005,0.027600000000000003,1.1736111111111112,1.6631944444444444,0.2490221642764016
2020-11-02,Terra,0.0424,0.1631,0.046700000000000005,1.1624649859943976,2.6737704918032783,0.4556001784917448
2020-11-21,Terra,0.0383,0.0915,0.0368,0.9843342036553526,2.206896551724138,0.3763440860215054
2020-11-29,Terra,0.017400000000000002,0.0722,0.0194,1.3389261744966445,4.149425287356321,0.6116071428571429
2020-12-01,Terra,0.0071,0.0345,0.012400000000000001,1.7464788732394367,3.5562500000000004,0.561042524005487
2020-12-02,Terra,0.042100000000000005,0.0784,0.0408,0.9691211401425177,2.3595505617977532,0.40468227424749176
2020-12-04,Terra,0.046,0.1578,0.050100000000000006,1.0891304347826087,3.4304347826086956,0.548577036310108
2020-12-05,Terra,0.0275,0.054,0.030600000000000002,0.9554973821989529,1.7333333333333334,0.26829268292682923
2020-12-08,Terra,0.0287,0.0616,0.0329,1.136094674556213,2.056367432150313,0.34562841530054644
2020-12-12,Terra,0.0451,0.1058,0.024900000000000002,0.5521064301552107,2.34589800443459,0.4022531477799868
2020-12-23,Terra,0.028300000000000002,0.0154,0.0357,1.2614840989399294,1.1,0.04761904761904762
2020-12-27,Terra,0.0631,0.12010000000000001,0.0626,1.0739762219286657,1.7323529411764704,0.26803013993541436
2020-12-28,Terra,0.0341,0.0233,0.0443,1.2779552715654952,1.1184834123222749,0.05592841163310959
2021-01-13,Terra,0.059000000000000004,0.0674,0.050800000000000005,0.9711864406779661,1.2124277456647399,0.09601567602873941
2021-01-14,Terra,0.062,0.186,0.0659,1.0629032258064517,3.0,0.5
2021-01-18,Terra,0.0443,0.0632,0.0524,1.3151515151515152,1.8128440366972476,0.28897586431833006
2021-01-19,Terra,0.057,0.1383,0.062400000000000004,1.0947368421052632,2.4122383252818036,0.413874469089193
2021-01-23,Terra,0.0463,0.08170000000000001,0.052500000000000005,1.2241379310344827,1.7645788336933046,0.27656250000000004
2021-02-09,Terra,0.0463,0.0614,0.0477,1.0302375809935205,1.326133909287257,0.1402042711234912
2021-02-10,Terra,0.012400000000000001,0.06520000000000001,0.021500000000000002,1.7338709677419355,4.411290322580645,0.6304023845007451
2021-02-28,Terra,0.008,0.1301,0.0126,1.575,16.2625,0.8841419261404778
2021-03-03,Terra,0.0332,0.1938,0.0396,1.1927710843373496,5.837349397590361,0.707488986784141
2021-03-11,Terra,0.0128,0.09670000000000001,0.0204,1.515625,6.403973509933775,0.7298747763864043
2021-03-12,Terra,0.0145,0.11080000000000001,0.0219,1.5103448275862068,7.641379310344828,0.7685554668794892
2021-03-13,Terra,0.0228,0.0281,0.0328,1.4385964912280702,1.2324561403508771,0.10412573673870332
2021-03-16,Terra,0.01,0.038,0.0175,1.7500000000000002,3.8,0.5833333333333333
2021-03-27,Terra,0.0177,0.1014,0.025400000000000002,1.4124293785310735,1.8530805687203789,0.2990033222591362
2021-03-30,Terra,0.0194,0.055200000000000006,0.026600000000000002,1.3658536585365852,2.716494845360825,0.46185852981969494
2021-03-31,Terra,0.0234,0.09040000000000001,0.0346,1.4786324786324785,3.2056737588652484,0.524451939291737
2021-04-01,Terra,0.0184,0.0916,0.024200000000000003,1.2926829268292683,2.722826086956522,0.46277372262773725
2021-04-05,Terra,0.0188,0.0485,0.0275,1.3796791443850267,1.6187845303867403,0.23628691983122363
2021-04-06,Terra,0.024200000000000003,0.0941,0.0302,1.2730627306273063,4.219730941704036,0.6168384879725086
2021-04-07,Terra,0.027600000000000003,0.0782,0.0371,1.3920863309352518,2.2342857142857144,0.38162544169611307
2021-04-09,Terra,0.0229,0.0577,0.0316,1.3799126637554586,2.519650655021834,0.43176178660049624
2021-04-11,Terra,0.027,0.15230000000000002,0.0381,1.3689320388349515,5.926070038910506,0.7112359550561798
2021-04-13,Terra,0.0236,0.0804,0.031900000000000005,1.3347457627118644,3.5109170305676853,0.5566311713455953
2021-04-14,Terra,0.0257,0.1471,0.0327,1.3068592057761732,3.0463576158940397,0.5057283142389525
2021-04-15,Terra,0.015600000000000001,0.10310000000000001,0.023100000000000002,1.5000000000000002,5.44,0.68944099378882
2021-04-16,Terra,0.022500000000000003,0.084,0.0358,1.4133333333333333,3.1688888888888886,0.5202558635394455
2021-04-17,Terra,0.0182,0.0935,0.02495,1.3241758241758241,3.6240310077519378,0.567476948868399
2021-04-18,Terra,0.031400000000000004,0.10110000000000001,0.040600000000000004,1.3407643312101911,3.5978647686832743,0.5650154798761611
2021-04-19,Terra,0.0298,0.0995,0.0379,1.247011952191235,2.417763157894737,0.41482194417709345
2021-04-20,Terra,0.0309,0.1338,0.0432,1.3786407766990292,3.7734627831715213,0.5810169491525424
2021-04-21,Terra,0.023,0.09530000000000001,0.0298,1.3620689655172413,2.691304347826087,0.45818610129564197
2021-04-22,Terra,0.0167,0.0932,0.024900000000000002,1.5488721804511276,5.580838323353293,0.6960873521383076
2021-04-27,Terra,0.024300000000000002,0.1,0.035,1.4572649572649572,4.273504273504273,0.6207455429497568
2021-04-28,Terra,0.020300000000000002,0.05,0.0297,1.463054187192118,2.314814814814815,0.39664804469273746
2021-05-04,Terra,0.0284,0.1134,0.0409,1.4401408450704225,4.279245283018867,0.6211579699785562
2021-05-05,Terra,0.030100000000000002,0.10020000000000001,0.037700000000000004,1.2930513595166162,2.43614931237721,0.4179531160663236
2021-05-10,Terra,0.0181,0.0776,0.0261,1.4067796610169492,4.028776978417266,0.6022889842632332
2021-05-11,Terra,0.0217,0.1012,0.033100000000000004,1.5253456221198158,5.685393258426966,0.7008403361344538
2021-05-14,Terra,0.046900000000000004,0.0745,0.054400000000000004,1.1449893390191899,1.5884861407249464,0.22734761120263583
2021-05-15,Terra,0.020300000000000002,0.0872,0.0279,1.374384236453202,4.295566502463053,0.6223255813953489
2021-05-16,Terra,0.0234,0.159,0.0374,1.5461254612546125,5.547945205479452,0.694560669456067
2021-05-17,Terra,0.0337,0.13040000000000002,0.0422,1.2522255192878338,3.869436201780416,0.5892748324192565
2021-05-26,Terra,0.0152,0.08700000000000001,0.025900000000000003,1.6446280991735536,5.272727272727273,0.6811594202898551
2021-05-28,Terra,0.0567,0.1017,0.0651,1.1481481481481481,1.7936507936507937,0.2840909090909091
2021-05-29,Terra,0.17,0.25630000000000003,0.1778,1.0458823529411765,1.5076470588235296,0.2024395965282665
2021-05-30,Terra,0.0585,0.17250000000000001,0.0653,1.116239316239316,2.948717948717949,0.49350649350649356
2021-05-31,Terra,0.022000000000000002,0.091,0.033,1.4545454545454544,3.452054794520548,0.5507692307692307
2021-06-01,Terra,0.0246,0.1292,0.041800000000000004,1.6101694915254237,4.803571428571428,0.6553846153846155
2021-06-02,Terra,0.0199,0.0775,0.032100000000000004,1.5925925925925928,3.3119658119658117,0.5361744301288404
2021-06-03,Terra,0.0228,0.14350000000000002,0.0391,1.5781990521327016,3.8902439024390247,0.5910224438902744
2021-06-04,Terra,0.041,0.09050000000000001,0.0444,1.1365853658536587,2.207317073170732,0.37642585551330804
2021-06-16,Terra,0.013900000000000001,0.0849,0.025500000000000002,1.7708333333333333,6.383458646616541,0.7291242362525457
2021-06-17,Terra,0.0264,0.13920000000000002,0.042800000000000005,1.7433628318584071,4.25615763546798,0.619493908153702
2021-06-18,Terra,0.016900000000000002,0.058600000000000006,0.0279,1.607142857142857,3.2307692307692304,0.5272727272727272
2021-06-19,Terra,0.019200000000000002,0.07250000000000001,0.0333,1.8371212121212122,3.776041666666667,0.5812431842966195
2021-06-20,Terra,0.0207,0.127,0.0327,1.5923913043478264,6.135265700483092,0.7197020988490184
2021-06-21,Terra,0.0284,0.15330000000000002,0.046200000000000005,1.6267605633802817,4.548117154811716,0.6395173453996984
2021-06-23,Terra,0.016900000000000002,0.11130000000000001,0.027700000000000002,1.8186528497409324,5.621428571428572,0.697950377562028
2021-06-24,Terra,0.0357,0.1691,0.0485,1.4509803921568627,4.723463687150838,0.6505612493899463
2021-06-25,Terra,0.0114,0.08030000000000001,0.0246,2.1769911504424777,7.106194690265487,0.7532751091703056
2021-06-26,Terra,0.0234,0.0776,0.0413,1.7478632478632479,3.6553672316384183,0.5703883495145632
2021-06-27,Terra,0.0199,0.0702,0.032600000000000004,1.6164383561643836,3.123778501628664,0.5150078988941548
2021-06-28,Terra,0.0223,0.0794,0.041600000000000005,1.8648648648648647,3.262910798122066,0.5308370044052864
2021-06-29,Terra,0.020800000000000003,0.18380000000000002,0.031900000000000005,1.5336538461538463,8.836538461538462,0.7966764418377321
2021-06-30,Terra,0.028800000000000003,0.1769,0.049100000000000005,1.7048611111111112,5.5361216730038025,0.6940081442699244
2021-07-02,Terra,0.020900000000000002,0.1029,0.034300000000000004,1.6333333333333335,4.9,0.6610169491525423
2021-07-03,Terra,0.022000000000000002,0.09480000000000001,0.0371,1.6839622641509435,4.309090909090909,0.6232876712328766
2021-07-04,Terra,0.0204,0.10500000000000001,0.030000000000000002,1.565217391304348,5.357142857142858,0.6853932584269662
2021-07-05,Terra,0.023200000000000002,0.0882,0.0388,1.6724137931034482,4.156908665105386,0.6121707538601273
2021-07-07,Terra,0.022500000000000003,0.12290000000000001,0.04,1.7644444444444443,3.86875,0.5892169448010268
2021-07-09,Terra,0.025500000000000002,0.1316,0.0407,1.6745098039215687,5.5962962962962965,0.6967995508141495
2021-07-10,Terra,0.0256,0.1252,0.0412,1.6140350877192982,3.2268041237113403,0.526829268292683
2021-07-11,Terra,0.019200000000000002,0.0763,0.027800000000000002,1.5804195804195806,5.120805369127517,0.6732456140350878
2021-07-12,Terra,0.0386,0.18180000000000002,0.0506,1.310880829015544,4.7979274611398965,0.6550491510277033
2021-07-13,Terra,0.024,0.09680000000000001,0.033600000000000005,1.55,3.7519379844961245,0.5791190864600326
2021-07-14,Terra,0.0376,0.1366,0.0534,1.4202127659574468,2.943965517241379,0.492896174863388
2021-07-15,Terra,0.064,0.0907,0.0761,1.1890625,1.4171875,0.17259211376858435
2021-07-16,Terra,0.027,0.1236,0.0425,1.5740740740740742,3.877450980392157,0.5899497487437186
2021-07-17,Terra,0.0328,0.13520000000000001,0.0429,1.2454954954954955,3.731660231660231,0.577315381476948
2021-07-18,Terra,0.013900000000000001,0.0761,0.0239,1.6482758620689655,6.440677966101695,0.7312072892938496
2021-07-19,Terra,0.029300000000000003,0.0772,0.0414,1.4785714285714284,2.5733333333333333,0.4402985074626866
2021-07-20,Terra,0.0218,0.09770000000000001,0.0327,1.5,4.420814479638009,0.6310517529215358
2021-07-23,Terra,0.024,0.1121,0.0361,1.5071942446043165,4.5654450261780095,0.6406396989651928
2021-07-25,Terra,0.0261,0.12940000000000002,0.040400000000000005,1.5478927203065136,4.625,0.6444444444444445
2021-07-26,Terra,0.0574,0.1627,0.0528,0.9198606271777003,2.834494773519164,0.4784189004997728
2021-07-28,Terra,0.0325,0.252,0.049800000000000004,1.4312977099236641,6.666666666666667,0.7391304347826086
2021-07-29,Terra,0.016300000000000002,0.09380000000000001,0.023700000000000002,1.3936651583710407,5.754601226993865,0.7039055404178021
2021-08-01,Terra,0.0395,0.1408,0.0545,1.379746835443038,3.564556962025317,0.5618413754853022
2021-08-02,Terra,0.0238,0.1883,0.0366,1.5042016806722687,4.876595744680851,0.6596669080376539
2021-08-05,Terra,0.0117,0.08950000000000001,0.013000000000000001,1.1111111111111112,7.64957264957265,0.7687747035573123
2021-08-07,Terra,0.0173,0.1554,0.027100000000000003,1.5664739884393066,8.982658959537574,0.7996525767226403
2021-08-08,Terra,0.057600000000000005,0.2586,0.0727,1.2621527777777777,3.2186046511627904,0.5259095920617419
2021-08-09,Terra,0.029,0.18030000000000002,0.045200000000000004,1.4078431372549018,3.6795918367346943,0.5726122982991715
2021-08-10,Terra,0.025900000000000003,0.1212,0.0392,1.4709480122324161,4.247104247104247,0.6188373804267844
2021-08-11,Terra,0.0263,0.1042,0.0383,1.4132841328413284,2.919597989949749,0.4897435897435897
2021-08-16,Terra,0.030650000000000004,0.0872,0.0407,1.3584068878840847,3.259154929577465,0.5304232804232805
2021-08-18,Terra,0.022500000000000003,0.0917,0.0335,1.483568075117371,3.654850746268657,0.5703406813627254
2021-08-22,Terra,0.19490000000000002,0.2873,0.2034,1.04361210877373,1.4740892765520779,0.1916217337204479
2021-08-23,Terra,0.0227,0.08700000000000001,0.034300000000000004,1.4857142857142858,2.8338762214983713,0.4783347493627867
2021-08-24,Terra,0.0592,0.1882,0.058600000000000006,1.0970394736842106,3.0953947368421053,0.5116465863453816
2021-08-27,Terra,0.0184,0.07010000000000001,0.029500000000000002,1.6032608695652175,2.6395348837209305,0.4504792332268371
2021-08-30,Terra,0.0154,0.14250000000000002,0.0256,1.6095890410958904,7.53968253968254,0.7657992565055762
2021-08-31,Terra,0.030500000000000003,0.1323,0.0398,1.4393442622950818,4.281553398058253,0.6213235294117647
2021-09-02,Terra,0.06760000000000001,0.19590000000000002,0.0702,1.0384615384615383,2.8979289940828403,0.48690702087286536
2021-09-05,Terra,0.058600000000000006,0.19940000000000002,0.06330000000000001,1.0546075085324231,2.7042801556420235,0.4600840336134454
2021-09-06,Terra,0.0166,0.067,0.025900000000000003,1.5573770491803278,4.0361445783132535,0.6028708133971291
2021-09-08,Terra,0.020200000000000003,0.0843,0.0307,1.5253456221198158,2.691881918819188,0.45827086456771615
2021-09-12,Terra,0.0257,0.1226,0.0345,1.3424124513618678,3.595744680851064,0.5648148148148148
2021-09-13,Terra,0.026600000000000002,0.0737,0.0354,1.4432234432234434,3.0829268292682928,0.5101553166069295
2021-09-14,Terra,0.034300000000000004,0.1383,0.0456,1.3294460641399415,1.6948529411764706,0.2578444747612551
2021-09-15,Terra,0.0159,0.0838,0.025500000000000002,1.408839779005525,4.629834254143646,0.6447497546614327
2021-09-16,Terra,0.030000000000000002,0.09140000000000001,0.042300000000000004,1.3910034602076125,2.346441947565543,0.40235030777839953
2021-09-20,Terra,0.0143,0.11560000000000001,0.0227,1.5874125874125875,8.083916083916085,0.7798306389530407
2021-09-21,Terra,0.0176,0.0704,0.0253,1.5439560439560438,4.0,0.6
2021-09-23,Terra,0.0213,0.1135,0.0316,1.4368932038834952,3.3640776699029127,0.5417130144605117
2021-09-24,Terra,0.0155,0.0728,0.022500000000000003,1.4516129032258067,2.7467248908296944,0.4662004662004661
2021-09-25,Terra,0.0337,0.09340000000000001,0.0466,1.3827893175074184,2.4119718309859155,0.413828689370485
2021-09-26,Terra,0.019100000000000002,0.07970000000000001,0.0268,1.4031413612565444,3.207547169811321,0.5246636771300449
2021-09-29,Terra,0.0111,0.1009,0.019100000000000002,1.720720720720721,9.09009009009009,0.8017857142857143
2021-10-01,Terra,0.013800000000000002,0.0834,0.021400000000000002,1.5055555555555555,3.08695652173913,0.5106382978723404
2021-10-02,Terra,0.022600000000000002,0.1027,0.0352,1.5195530726256985,6.113636363636364,0.7188498402555911
2021-10-03,Terra,0.0151,0.0847,0.024800000000000003,1.4834437086092715,3.393782383419689,0.544811320754717
2021-10-07,Terra,0.0287,0.128,0.033600000000000005,1.2129032258064516,3.1258741258741263,0.5152542372881356
2021-10-15,Terra,0.013300000000000001,0.0955,0.019100000000000002,1.4360902255639099,5.315789473684211,0.6833333333333332
2021-10-16,Terra,0.0219,0.11570000000000001,0.0303,1.3734939759036144,3.0507246376811596,0.5062611806797854
2021-10-19,Terra,0.021,0.0516,0.0303,1.4111675126903553,2.4162436548223347,0.4145616641901932
2021-10-30,Terra,0.0439,0.094,0.0437,0.9954441913439636,1.7927107061503418,0.2838499184339315
2021-10-31,Terra,0.0322,0.0618,0.0383,1.18944099378882,2.252830188679245,0.3851508120649652
2021-11-08,Terra,0.0779,0.1063,0.07350000000000001,0.9435173299101414,1.3645699614890887,0.15418023887079266
2021-11-22,Terra,0.0304,0.0731,0.0316,1.0394736842105263,1.786184210526316,0.28217237308146403
2021-11-29,Terra,0.2506,0.28150000000000003,0.2541,1.0139664804469273,1.1233040702314447,0.05807179101672625
2021-12-01,Terra,0.0386,0.0758,0.0351,1.0661938534278959,1.8028169014084507,0.2864321608040201
2021-12-03,Terra,0.0608,0.1985,0.06430000000000001,1.0575657894736843,3.2648026315789473,0.5310451214809101
2022-01-22,Terra,0.0142,0.098,0.024300000000000002,1.711267605633803,6.901408450704225,0.7468805704099821
2022-01-23,Terra,0.0146,0.0307,0.0235,1.570175438596491,1.3505154639175259,0.14912280701754385
2022-01-24,Terra,0.040100000000000004,0.1555,0.0446,1.112219451371571,3.8009950248756224,0.583419689119171
2022-01-25,Terra,0.0117,0.0175,0.021400000000000002,1.8290598290598292,1.385,0.16142557651991615
2022-01-26,Terra,0.0171,0.1073,0.0161,1.1117764471057883,6.2748538011695905,0.72508038585209
2022-01-27,Terra,0.027600000000000003,0.06570000000000001,0.029900000000000003,1.0833333333333333,2.269607843137255,0.3883058470764617
2022-01-28,Terra,0.0047,0.0847,0.0099,2.1063829787234045,18.02127659574468,0.894854586129754
2022-01-29,Terra,0.0454,0.09190000000000001,0.0499,1.0837004405286343,2.024229074889868,0.33867443554260745
2022-02-06,Terra,0.0131,0.0703,0.0167,1.2748091603053435,2.873333333333333,0.4836488812392426
2022-02-08,Terra,0.027700000000000002,0.0811,0.029500000000000002,1.0649819494584838,2.927797833935018,0.49080882352941174
2022-02-10,Terra,0.034300000000000004,0.0599,0.0345,1.0058309037900874,1.6005830903790086,0.23094170403587444
2022-02-11,Terra,0.013000000000000001,0.06520000000000001,0.01255,1.1515151515151514,5.525252525252525,0.6934984520123839
2022-02-12,Terra,0.0543,0.0956,0.049800000000000004,0.9387755102040817,1.7605893186003683,0.27551701134089396
2022-02-13,Terra,0.0345,0.0655,0.035300000000000005,1.0231884057971015,2.0210084033613445,0.3379694019471488
2022-02-17,Terra,0.01,0.09000000000000001,0.0165,1.747126436781609,9.321917808219178,0.8062375580623755
2022-02-18,Terra,0.0363,0.1419,0.044000000000000004,1.2121212121212124,3.854875283446712,0.588042970574498
2022-02-19,Terra,0.022600000000000002,0.09530000000000001,0.027200000000000002,1.20703125,2.3247282608695654,0.39844707805476093
2022-02-25,Terra,0.023100000000000002,0.1272,0.0329,1.424242424242424,5.5064935064935066,0.6926147704590817
2022-03-06,Terra,0.0078000000000000005,0.11720000000000001,0.0148,1.8974358974358974,15.025641025641026,0.8752000000000001
2022-03-07,Terra,0.0167,0.0675,0.029300000000000003,1.5454545454545456,2.442028985507246,0.4189473684210526
2022-03-12,Terra,0.014,0.0708,0.0261,1.5431034482758619,3.091703056768559,0.511205976520811
2022-03-22,Terra,0.0044,0.12250000000000001,0.010100000000000001,2.2954545454545454,15.636363636363635,0.8797814207650273
2022-03-25,Terra,0.0328,0.08030000000000001,0.0417,1.2741935483870968,2.5613382899628254,0.43841336116910234
2022-04-01,Terra,0.025900000000000003,0.0666,0.0339,1.3667953667953667,2.62,0.44751381215469616
2022-04-06,Terra,0.020800000000000003,0.0601,0.029400000000000003,1.3632286995515694,2.695067264573991,0.4587378640776699
2022-04-07,Terra,0.0385,0.1236,0.048400000000000006,1.3225806451612903,4.696629213483146,0.6489151873767259
2022-04-22,Terra,0.0182,0.020900000000000002,0.0275,1.5,1.1483516483516485,0.06905370843989772
2022-04-24,Terra,0.0251,0.0472,0.0358,1.3654618473895581,2.025751072961373,0.3390070921985815
2022-05-01,Terra,0.0149,0.0516,0.0229,1.5369127516778525,2.8359375,0.47861507128309577
2022-05-21,Terra,0.0227,0.0859,0.0359,1.6123348017621144,3.4918699186991873,0.5547511312217195
2022-06-07,Terra,0.025,0.0844,0.0341,1.3639999999999999,3.32,0.537037037037037
2022-06-20,Terra,0.0361,0.1206,0.0488,1.3609022556390975,3.3407202216066483,0.5392469687300574
2022-06-21,Terra,0.0132,0.0747,0.025900000000000003,1.8984375,4.395522388059701,0.6293222683264177
2022-06-22,Terra,0.0181,0.079,0.0316,1.8026755852842808,4.3646408839779,0.627188465499485
2022-06-24,Terra,0.019700000000000002,0.1246,0.0367,1.77007299270073,4.478764478764479,0.634954193093728
2022-06-25,Terra,0.0456,0.12840000000000001,0.0575,1.2609649122807018,2.8157894736842106,0.47586206896551725
2022-06-26,Terra,0.0257,0.12250000000000001,0.043000000000000003,1.6356275303643728,4.191222570532915,0.6147342995169082
2022-06-27,Terra,0.0211,0.1391,0.0371,1.803191489361702,6.430851063829787,0.7308518253400142
2022-06-28,Terra,0.0134,0.0688,0.0241,1.7985074626865671,4.737704918032787,0.6514285714285714
2022-06-29,Terra,0.018600000000000002,0.065,0.0309,1.8118279569892473,4.220779220779221,0.6169154228855722
2022-06-30,Terra,0.02,0.08610000000000001,0.0303,1.5203252032520327,4.305000000000001,0.6229971724787936
2022-07-01,Terra,0.0258,0.10060000000000001,0.040100000000000004,1.7007299270072993,4.700934579439252,0.6491803278688525
2022-07-02,Terra,0.0648,0.1143,0.0794,1.2253086419753088,1.763888888888889,0.2763819095477387
2022-07-08,Terra,0.0471,0.0981,0.055,1.167728237791932,2.082802547770701,0.35123966942148765
2022-07-10,Terra,0.026000000000000002,0.16540000000000002,0.0425,1.6346153846153846,5.234177215189874,0.6791878172588833
2022-07-11,Terra,0.0142,0.09620000000000001,0.0264,1.8028169014084507,6.671480144404332,0.7392941176470589
2022-07-12,Terra,0.0269,0.1529,0.0437,1.584,5.231999999999999,0.6790757381258024
2022-07-13,Terra,0.0257,0.1211,0.0381,1.5169082125603868,4.961089494163424,0.664490861618799
2022-07-14,Terra,0.0115,0.065,0.0189,1.802083333333333,5.555555555555555,0.6949152542372881
2022-07-15,Terra,0.0211,0.16590000000000002,0.0366,1.7345971563981042,6.712707182320442,0.7406876790830946
2022-07-16,Terra,0.018000000000000002,0.07830000000000001,0.0269,1.4944444444444442,4.35,0.6261682242990654
2022-07-17,Terra,0.0184,0.0825,0.031,1.684782608695652,4.483695652173913,0.6352824578790882
2022-07-18,Terra,0.0679,0.0974,0.0736,1.0839469808541973,1.4344624447717231,0.17846339987900786
2022-07-19,Terra,0.0238,0.1189,0.0376,1.5798319327731092,4.756,0.6525364836692148
2022-07-20,Terra,0.014700000000000001,0.0517,0.0239,1.8352941176470587,5.019417475728155,0.6677419354838711
2022-07-21,Terra,0.007500000000000001,0.1067,0.014100000000000001,1.855263157894737,14.616438356164384,0.8719298245614034
2022-07-22,Terra,0.020300000000000002,0.1144,0.032100000000000004,1.6654275092936803,5.356107660455486,0.6853420195439739
2022-07-23,Terra,0.014100000000000001,0.08700000000000001,0.024300000000000002,1.5797101449275361,4.978260869565218,0.6654545454545454
2022-07-24,Terra,0.018600000000000002,0.1,0.0297,1.6541353383458648,5.266806722689076,0.6808581964465305
2022-07-25,Terra,0.0114,0.0611,0.0198,1.773109243697479,5.808139534883721,0.7062339880444064
2022-07-26,Terra,0.0238,0.07830000000000001,0.0359,1.5650224215246638,3.570776255707763,0.5624375624375624
2022-07-27,Terra,0.030000000000000002,0.0922,0.040100000000000004,1.3366666666666667,3.2225,0.5263469508584961
2022-07-29,Terra,0.020800000000000003,0.0669,0.031200000000000002,1.5843621399176953,2.8347457627118646,0.4784530386740332
2022-07-30,Terra,0.0123,0.12810000000000002,0.021400000000000002,1.7398373983739839,10.414634146341465,0.8247863247863247
2022-08-01,Terra,0.029500000000000002,0.1062,0.0386,1.371875,3.3300248138957818,0.53810888252149
2022-08-02,Terra,0.036000000000000004,0.1527,0.0505,1.4552845528455283,3.9682926829268292,0.5974472263132057
2022-08-04,Terra,0.0132,0.1139,0.023,1.7424242424242424,8.628787878787879,0.7922895357985839
2022-08-05,Terra,0.019200000000000002,0.0971,0.028800000000000003,1.4695121951219512,4.14957264957265,0.6116182572614107
2022-08-06,Terra,0.0111,0.08020000000000001,0.020200000000000003,1.8198198198198199,7.1466666666666665,0.7545008183306056
2022-08-07,Terra,0.0264,0.08460000000000001,0.039,1.537735849056604,2.6191950464396285,0.4473909324208726
2022-08-10,Terra,0.0143,0.14200000000000002,0.023700000000000002,1.6573426573426575,9.930069930069932,0.8170185540626999
2022-08-11,Terra,0.031900000000000005,0.1797,0.0485,1.5,3.8812095032397407,0.5902654867256637
2022-08-13,Terra,0.0212,0.12000000000000001,0.0344,1.6226415094339623,5.5924528301886784,0.6966227819118489
2022-08-14,Terra,0.0129,0.07690000000000001,0.022000000000000002,1.7456647398843932,4.777385159010601,0.653822629969419
2022-08-15,Terra,0.0111,0.0707,0.020800000000000003,1.8347826086956522,6.7333333333333325,0.7413793103448276
2022-08-16,Terra,0.020900000000000002,0.17300000000000001,0.0337,1.6124401913875597,4.80672268907563,0.6555716353111434
2022-08-20,Terra,0.0224,0.1115,0.0347,1.549107142857143,4.508333333333333,0.6369137670196672
2022-08-21,Terra,0.0099,0.0383,0.018600000000000002,1.7874015748031495,4.031578947368422,0.6025104602510459
2022-08-22,Terra,0.0082,0.0794,0.0154,1.8536585365853657,9.682926829268292,0.812785388127854
2022-08-23,Terra,0.0179,0.1461,0.0292,1.6312849162011174,4.836363636363636,0.6573208722741433
2022-08-24,Terra,0.013600000000000001,0.06570000000000001,0.0213,1.580152671755725,4.692857142857143,0.6486825595984944
2022-08-25,Terra,0.0235,0.0816,0.035,1.5017182130584192,3.4947368421052634,0.5550351288056206
2022-08-26,Terra,0.022000000000000002,0.07740000000000001,0.031400000000000004,1.4508928571428572,3.803225806451613,0.5836131631967764
2022-08-28,Terra,0.0201,0.061000000000000006,0.0291,1.4676616915422886,3.692789968652037,0.5738142952571811
2022-08-30,Terra,0.020900000000000002,0.0818,0.029300000000000003,1.5377777777777775,4.123711340206185,0.6096579476861167
2022-08-31,Terra,0.019200000000000002,0.092,0.030000000000000002,1.4888888888888887,3.46875,0.5524475524475524
2022-09-01,Terra,0.0201,0.09290000000000001,0.0307,1.527363184079602,4.621890547263682,0.6442477876106194
2022-09-04,Terra,0.0112,0.0737,0.0199,1.8091603053435115,5.153846153846154,0.675
2022-09-05,Terra,0.021400000000000002,0.1312,0.0341,1.5934579439252334,5.469945355191257,0.6908783783783784
2022-09-06,Terra,0.014400000000000001,0.0565,0.0238,1.6622516556291391,3.7558139534883725,0.5794621026894865
2022-09-08,Terra,0.0151,0.11330000000000001,0.023700000000000002,1.6768292682926829,5.6,0.6969696969696969
2022-09-09,Terra,0.0188,0.0724,0.0273,1.452127659574468,3.8510638297872344,0.5877192982456141
2022-09-19,Terra,0.0253,0.1033,0.0361,1.4342629482071714,2.837912087912088,0.4788833214030065
2022-09-20,Terra,0.022500000000000003,0.0419,0.0303,1.3466666666666665,1.7458333333333333,0.2716236722306525
2022-09-23,Terra,0.010100000000000001,0.0516,0.0173,1.7083333333333333,5.354838709677419,0.6852791878172588
2022-09-24,Terra,0.013600000000000001,0.1013,0.0218,1.5923076923076922,5.023076923076922,0.6679438058748404
2022-09-25,Terra,0.0109,0.0845,0.019100000000000002,1.6203703703703705,5.258064516129032,0.6804123711340205
2022-09-26,Terra,0.0216,0.1148,0.0325,1.5,4.3767258382643,0.6280264123257521
2022-09-27,Terra,0.0132,0.06570000000000001,0.0211,1.6516129032258065,3.436426116838488,0.5491866769945779
2022-10-01,Terra,0.0143,0.11040000000000001,0.0222,1.5692307692307692,4.821515892420538,0.6564468710625788
2022-10-02,Terra,0.010700000000000001,0.0786,0.01755,1.5892857142857142,6.605042016806722,0.7370165745856355
2022-10-03,Terra,0.0194,0.10250000000000001,0.029400000000000003,1.4166666666666667,2.962962962962963,0.49532710280373826
2022-10-04,Terra,0.0108,0.066,0.0184,1.7169811320754718,5.524137931034483,0.6934460887949261
2022-10-05,Terra,0.0262,0.1285,0.038700000000000005,1.416030534351145,3.8129370629370634,0.5844533236469307
2022-10-06,Terra,0.013600000000000001,0.08660000000000001,0.0217,1.5174825174825175,4.188811188811189,0.6145552560646901
2022-10-08,Terra,0.0159,0.0551,0.024,1.5094339622641508,3.1174311926605505,0.5142602495543672
2022-10-09,Terra,0.009000000000000001,0.1052,0.0118,1.4503311258278144,11.688888888888888,0.8423817863397549
2022-10-27,Terra,0.0173,0.0459,0.0275,1.3757225433526012,1.4415584415584415,0.18085106382978722
2022-10-29,Terra,0.0347,0.08940000000000001,0.0427,1.175792507204611,1.7967032967032965,0.2848722986247544
2022-11-09,Terra,0.0599,0.1618,0.061900000000000004,1.0333889816360602,2.699599465954606,0.45940093828942624
2022-11-10,Terra,0.0327,0.060000000000000005,0.047400000000000005,1.2232558139534884,1.386255924170616,0.1618669314796425
2022-11-14,Terra,0.018000000000000002,0.08070000000000001,0.028,1.4666666666666666,3.8218390804597697,0.5852205005959475
2022-11-15,Terra,0.0546,0.0889,0.0531,1.0738255033557047,1.808041504539559,0.2877598152424942
2022-11-16,Terra,0.0648,0.1799,0.06380000000000001,0.984567901234568,2.7762345679012346,0.4703718839395178
2022-11-17,Terra,0.0393,0.0766,0.0438,1.114503816793893,1.6181592039800994,0.236104513064133
2022-11-18,Terra,0.031100000000000003,0.0823,0.0366,1.1768488745980707,2.1510791366906474,0.365296803652968
2022-11-19,Terra,0.0689,0.1144,0.06470000000000001,0.9390420899854863,2.089322381930185,0.352608840146228
2022-11-20,Terra,0.0485,0.07680000000000001,0.045200000000000004,0.9689320388349514,1.760539629005059,0.27550397067806964
2022-11-23,Terra,0.0077,0.1285,0.0022,0.2857142857142857,16.68831168831169,0.8869309838472833
2022-11-24,Terra,0.0424,0.07590000000000001,0.0407,0.9791231732776617,1.7941988950276244,0.2842313395946614
2022-12-15,Terra,0.0385,0.0869,0.0379,0.9844155844155845,2.257142857142857,0.3859649122807018
2022-12-17,Terra,0.054,0.1212,0.0497,0.9203703703703704,2.2444444444444445,0.38356164383561653
2022-12-21,Terra,0.0245,0.0673,0.0253,1.0326530612244897,2.7469387755102037,0.4662309368191721
2023-01-20,Terra,0.0574,0.1067,0.0567,0.9878048780487805,1.858885017421603,0.3004265691651432
2023-01-29,Terra,0.0216,0.1203,0.0273,1.2638888888888888,3.425925925925926,0.5481171548117155
2023-01-30,Terra,0.035500000000000004,0.06620000000000001,0.039900000000000005,1.123943661971831,1.3772563176895307,0.15869400151860288
2023-02-11,Terra,0.0483,0.0915,0.042,0.9342560553633217,1.6879240162822253,0.2559313478041394
2023-02-12,Terra,0.0048000000000000004,0.09290000000000001,0.007,1.1944444444444444,22.729166666666664,0.9157155399473222
2023-02-25,Terra,0.026600000000000002,0.0349,0.0346,1.3007518796992479,1.3120300751879699,0.1349593495934959
2023-03-18,Terra,0.0376,0.1893,0.049600000000000005,1.319148936170213,5.034574468085106,0.6685764654032614
2023-03-21,Terra,0.0188,0.0716,0.0264,1.4042553191489362,3.7440944881889764,0.5784232365145228
2023-04-27,Terra,0.025,0.0703,0.034,1.297709923664122,2.683206106870229,0.45699481865284974
2023-04-28,Terra,0.0252,0.051800000000000006,0.039900000000000005,1.5833333333333335,2.055555555555556,0.34545454545454546
2023-04-29,Terra,0.0347,0.1272,0.0407,1.1729106628242074,3.6657060518731988,0.5713403335392216
2023-05-03,Terra,0.0456,0.1618,0.0592,1.2982456140350878,3.5482456140350878,0.5602700096432015
2023-05-10,Terra,0.060700000000000004,0.11,0.0685,1.128500823723229,1.8121911037891267,0.28881077914469827
2023-05-11,Terra,0.0269,0.0641,0.039900000000000005,1.4269662921348316,2.1366666666666667,0.3623804463336876
2023-05-12,Terra,0.031200000000000002,0.1106,0.0459,1.4839743589743588,2.8589341692789967,0.4817221770917952
2023-05-13,Terra,0.033100000000000004,0.06860000000000001,0.0438,1.3349875930521091,2.0725075528700905,0.34906588003933137
2023-05-14,Terra,0.013000000000000001,0.0674,0.021500000000000002,1.5480225988700564,4.984615384615384,0.6658097686375322
2023-05-15,Terra,0.0252,0.134,0.040100000000000004,1.5912698412698414,3.926108374384236,0.594
2023-05-16,Terra,0.0145,0.053000000000000005,0.0262,1.6715328467153285,3.6438356164383565,0.5693215339233039
2023-05-17,Terra,0.0292,0.08600000000000001,0.0449,1.5787671232876712,2.857142857142857,0.4814814814814815
2023-05-19,Terra,0.037700000000000004,0.1277,0.0529,1.403183023872679,3.749486652977413,0.5789018590575011
2023-05-20,Terra,0.0244,0.09920000000000001,0.0379,1.5267489711934155,3.5217391304347827,0.5576923076923076
2023-05-23,Terra,0.025400000000000002,0.1408,0.0346,1.3622047244094486,4.787401574803149,0.654421768707483
2023-05-24,Terra,0.0303,0.1095,0.045700000000000005,1.4917491749174918,3.3534743202416912,0.5405968077723803
2023-05-25,Terra,0.023100000000000002,0.085,0.033800000000000004,1.4805194805194803,3.1126279863481225,0.5136929460580912
2023-05-28,Terra,0.023200000000000002,0.060000000000000005,0.0307,1.3836206896551724,2.586206896551724,0.44230769230769224
2023-05-29,Terra,0.0283,0.12595,0.041800000000000004,1.4807692307692308,4.462450592885376,0.6338639652677279
2023-05-30,Terra,0.019200000000000002,0.1709,0.029900000000000003,1.5572916666666667,8.901041666666666,0.7980010520778538
2023-05-31,Terra,0.030000000000000002,0.1188,0.0455,1.5166666666666666,4.196427145708583,0.6150936980225467
2023-06-01,Terra,0.0234,0.13770000000000002,0.0361,1.58955223880597,3.635265700483092,0.5685252735799896
2023-06-02,Terra,0.014400000000000001,0.0671,0.0217,1.5069444444444444,4.659722222222222,0.6466257668711657
2023-06-03,Terra,0.025500000000000002,0.13870000000000002,0.0398,1.6089743589743588,4.329310344827586,0.6247169200905855
2023-06-05,Terra,0.0297,0.1337,0.0449,1.5878962536023056,4.237250554323725,0.6181202370872142
2023-06-06,Terra,0.05,0.2268,0.0603,1.206,4.536,0.638728323699422
2023-06-10,Terra,0.0268,0.1534,0.044500000000000005,1.66044776119403,4.649910233393178,0.646012074992056
2023-06-11,Terra,0.0308,0.1806,0.0417,1.353896103896104,5.152631578947369,0.6749358426005132
2023-06-12,Terra,0.028,0.1386,0.046200000000000005,1.6500000000000001,5.191011235955056,0.676950998185118
2023-06-14,Terra,0.0167,0.0821,0.0279,1.4842105263157896,4.321052631578948,0.6241345202769535
2023-06-15,Terra,0.0325,0.109,0.0478,1.623931623931624,3.8652482269503543,0.5889212827988338
2023-06-16,Terra,0.025900000000000003,0.1423,0.037000000000000005,1.4285714285714286,5.494208494208494,0.6920332936979785
2023-06-21,Terra,0.0122,0.0913,0.021,1.721311475409836,5.5327102803738315,0.6938483547925608
2023-06-22,Terra,0.0238,0.09390000000000001,0.0366,1.641025641025641,3.83265306122449,0.5861486486486488
2023-06-23,Terra,0.0639,0.15330000000000002,0.07200000000000001,1.1345852895148671,2.568215892053973,0.43949579831932767
2023-06-24,Terra,0.0279,0.1115,0.0443,1.5108695652173911,3.996415770609319,0.599713055954089
2023-06-25,Terra,0.020900000000000002,0.1307,0.0345,1.6466165413533833,5.318407960199005,0.6834645669291339
2023-06-26,Terra,0.014,0.0884,0.0218,1.5785714285714287,6.314285714285715,0.7265625
2023-06-29,Terra,0.023100000000000002,0.0985,0.036000000000000004,1.614213197969543,4.939086294416244,0.6632478632478631
2023-06-30,Terra,0.0229,0.09050000000000001,0.0317,1.3799126637554586,3.9156118143459917,0.5931330472103005
2023-07-01,Terra,0.0111,0.11030000000000001,0.018600000000000002,1.6636363636363636,9.268907563025211,0.8052373158756139
2023-07-02,Terra,0.0217,0.0956,0.035500000000000004,1.7583892617449666,4.380952380952381,0.6283185840707965
2023-07-03,Terra,0.0229,0.1058,0.0324,1.4148471615720524,4.345454545454546,0.6258503401360545
2023-07-04,Terra,0.0371,0.1116,0.053200000000000004,1.482558139534884,2.936842105263158,0.4919786096256684
2023-07-05,Terra,0.0412,0.15910000000000002,0.0458,1.198237885462555,4.648058252427185,0.6458960034379028
2023-07-07,Terra,0.0218,0.0743,0.0339,1.5610687022900762,3.408256880733945,0.54630593132154
2023-07-08,Terra,0.0154,0.0736,0.0244,1.587719298245614,4.841379310344827,0.6576151121605667
2023-07-09,Terra,0.027700000000000002,0.1072,0.0425,1.5342960288808665,4.424892703862661,0.6313291139240507
2023-07-10,Terra,0.0414,0.11520000000000001,0.0497,1.2004830917874396,2.7826086956521743,0.47126436781609193
2023-07-11,Terra,0.0268,0.12430000000000001,0.0412,1.6290322580645162,4.579908675799087,0.6415711947626841
2023-07-12,Terra,0.0216,0.09920000000000001,0.0322,1.4617374727668846,3.542857142857143,0.5597484276729561
2023-07-13,Terra,0.0097,0.0874,0.018000000000000002,1.7582417582417582,6.62043795620438,0.7375478927203064
2023-07-14,Terra,0.0213,0.15990000000000001,0.0364,1.6842105263157896,4.809034907597536,0.6557087310003534
2023-07-16,Terra,0.0262,0.12510000000000002,0.041,1.6177285318559558,4.7591623036649215,0.6527272727272727
2023-07-18,Terra,0.0245,0.1821,0.039400000000000004,1.6081632653061226,6.369085173501578,0.7285958904109588
2023-07-19,Terra,0.0198,0.09330000000000001,0.030000000000000002,1.646341463414634,4.280575539568345,0.6212534059945504
2023-07-20,Terra,0.0165,0.09230000000000001,0.0247,1.4969325153374233,4.165644171779141,0.6128266033254157
2023-07-21,Terra,0.025,0.1148,0.0352,1.5791139240506327,5.595628415300546,0.6967688483844242
2023-07-23,Terra,0.031100000000000003,0.16740000000000002,0.047400000000000005,1.5241157556270097,4.154150197628459,0.6119631901840491
2023-07-26,Terra,0.0239,0.1365,0.036500000000000005,1.6642857142857144,4.13265306122449,0.610337972166998
2023-07-27,Terra,0.028200000000000003,0.0927,0.0361,1.312280701754386,3.2526315789473683,0.5297029702970297
2023-07-28,Terra,0.0346,0.1396,0.05,1.4895287958115182,3.5163727959697733,0.5571667596207474
2023-07-29,Terra,0.029500000000000002,0.17450000000000002,0.0374,1.2677966101694915,5.027118644067797,0.6681664791901013
2023-07-30,Terra,0.0407,0.1681,0.0562,1.4786324786324787,4.014563106796117,0.6011616650532431
2023-07-31,Terra,0.0212,0.0477,0.034,1.6184738955823292,2.6055555555555556,0.4453004622496147
2023-08-01,Terra,0.013900000000000001,0.08070000000000001,0.0234,1.683453237410072,5.805755395683454,0.7061310782241016
2023-08-02,Terra,0.0222,0.0816,0.0374,1.6136363636363638,3.356043956043956,0.5408678102926338
2023-08-03,Terra,0.0274,0.1311,0.0346,1.2627737226277371,4.784671532846715,0.6542586750788643
2023-08-07,Terra,0.0268,0.12340000000000001,0.040600000000000004,1.6580882352941175,3.45974025974026,0.5515433896330809
2023-08-08,Terra,0.021500000000000002,0.0719,0.030500000000000003,1.452914798206278,3.490291262135923,0.5545945945945947
2023-08-10,Terra,0.0329,0.1169,0.0429,1.2679045092838195,2.388704318936877,0.40980392156862744
2023-08-11,Terra,0.0236,0.12610000000000002,0.0375,1.5889830508474576,5.343220338983052,0.6847027388109552
2023-08-12,Terra,0.0198,0.16390000000000002,0.033100000000000004,1.724867724867725,5.3584070796460175,0.6854558107167711
2023-08-13,Terra,0.013800000000000002,0.07680000000000001,0.0222,1.6017699115044248,6.347107438016529,0.7277840269966255
2023-08-15,Terra,0.024300000000000002,0.0758,0.038200000000000005,1.5720164609053497,3.427807486631016,0.5483091787439613
2023-08-16,Terra,0.0251,0.1177,0.0425,1.657370517928287,4.401673640167364,0.6297443841982959
2023-08-18,Terra,0.014700000000000001,0.06760000000000001,0.024,1.5503355704697988,4.482993197278911,0.6352357320099254
2023-08-23,Terra,0.0251,0.1481,0.040400000000000005,1.609561752988048,6.4391304347826095,0.7311513734658096
2023-08-26,Terra,0.035500000000000004,0.12940000000000002,0.0506,1.375,3.6657223796033995,0.5713418336369157
2023-08-27,Terra,0.0346,0.047,0.046900000000000004,1.355491329479769,1.3583815028901736,0.1519607843137255
2023-09-02,Terra,0.031200000000000002,0.1507,0.0444,1.5074626865671643,3.785714285714286,0.582089552238806
2023-09-05,Terra,0.0178,0.0742,0.0263,1.5388349514563107,3.2831858407079646,0.5330578512396694
2023-09-06,Terra,0.0131,0.06860000000000001,0.020800000000000003,1.6237623762376237,4.358333333333333,0.6267496111975117
2023-09-08,Terra,0.015700000000000002,0.060700000000000004,0.0227,1.4875,2.9323671497584543,0.49140049140049147
2023-09-09,Terra,0.0388,0.1526,0.051300000000000005,1.4329896907216495,3.3861386138613865,0.5440180586907448
2023-09-12,Terra,0.0189,0.053200000000000004,0.028900000000000002,1.4866310160427807,2.814814814814815,0.4757281553398059
2023-09-13,Terra,0.0143,0.0734,0.0234,1.6363636363636365,3.808988764044944,0.5841121495327103
2023-09-14,Terra,0.0296,0.1623,0.0395,1.3344594594594594,3.015873015873016,0.5019762845849803
2023-09-15,Terra,0.021,0.1105,0.0286,1.3619047619047617,3.38135593220339,0.5435203094777564
2023-09-16,Terra,0.013800000000000002,0.1272,0.019200000000000002,1.3833333333333333,9.942028985507246,0.8172185430463575
2023-09-19,Terra,0.0316,0.1262,0.0407,1.4548286604361371,3.5536723163841804,0.5607940446650124
2023-09-22,Terra,0.015600000000000001,0.1317,0.025400000000000002,1.6282051282051282,3.902671755725191,0.5920591669910471
2023-10-01,Terra,0.023200000000000002,0.1148,0.033600000000000005,1.4482758620689655,3.9267241379310343,0.5940507436570429
2023-10-04,Terra,0.0195,0.0632,0.024900000000000002,1.276923076923077,2.994871794871795,0.4993581514762517
2023-10-05,Terra,0.0089,0.0767,0.015000000000000001,1.6853932584269664,7.719101123595506,0.7706185567010309
2023-10-06,Terra,0.0184,0.162,0.028200000000000003,1.532608695652174,3.8056603773584907,0.5838241067923046
2023-10-07,Terra,0.0151,0.063,0.022500000000000003,1.490066225165563,2.6025104602510463,0.44483159117305454
2023-10-08,Terra,0.0252,0.131,0.0364,1.4444444444444444,2.931174089068826,0.49124613800205974
2023-10-12,Terra,0.009300000000000001,0.08990000000000001,0.0159,1.7096774193548385,5.419354838709677,0.6884422110552763
2023-10-17,Terra,0.0077,0.0815,0.012700000000000001,1.6493506493506496,9.90909090909091,0.8166666666666668
2023-10-18,Terra,0.0196,0.0864,0.025,1.4355555555555555,3.464426877470356,0.5520141655599823
2023-10-19,Terra,0.015600000000000001,0.0679,0.020300000000000002,1.3012820512820513,3.2916666666666665,0.5339805825242719
2023-10-28,Terra,0.0224,0.07780000000000001,0.027200000000000002,1.2154471544715448,2.0331753554502368,0.340625
2023-10-29,Terra,0.0095,0.0567,0.0154,1.6210526315789475,5.968421052631579,0.7129909365558913
2023-10-30,Terra,0.0227,0.07590000000000001,0.030000000000000002,1.2244897959183674,1.9651022864019252,0.32548701298701294
2023-10-31,Terra,0.0251,0.0752,0.0323,1.2868525896414342,2.35978835978836,0.4047244094488189
2023-11-14,Terra,0.051800000000000006,0.13520000000000001,0.0548,1.0579150579150578,2.61003861003861,0.44598930481283416
2023-11-15,Terra,0.0179,0.0731,0.024200000000000003,1.267080745341615,3.5394321766561516,0.5594162612925644
2023-11-16,Terra,0.0514,0.1758,0.0528,1.0252808988764046,2.264044943820225,0.38726333907056804
2023-11-17,Terra,0.0244,0.0626,0.024,0.9836065573770492,3.5167785234899327,0.5572065378900445
2023-11-20,Terra,0.0115,0.08650000000000001,0.0105,0.9130434782608696,7.521739130434783,0.7653061224489797
2023-11-21,Terra,0.0302,0.0655,0.0287,0.9503311258278145,2.068627450980392,0.3482428115015974
2023-11-24,Terra,0.0292,0.08610000000000001,0.029900000000000003,1.023972602739726,1.9179810725552051,0.3145945945945946
2023-11-25,Terra,0.0307,0.0932,0.0363,1.1730769230769231,2.7884615384615388,0.4720812182741117
2023-11-26,Terra,0.0495,0.0782,0.048,0.9223826714801443,1.7251908396946565,0.2661064425770308
2023-11-27,Terra,0.024800000000000003,0.0845,0.029900000000000003,1.1180981595092023,3.872699386503067,0.589549889833176
2023-11-28,Terra,0.0367,0.0468,0.0424,1.1553133514986376,1.8167848699763591,0.2899706252622744
2023-12-12,Terra,0.0134,0.055,0.024300000000000002,1.8134328358208955,4.104477611940299,0.6081871345029239
2023-12-20,Terra,0.0621,0.1135,0.0558,0.9187898089171973,1.827697262479871,0.29271070615034167
2024-01-01,Terra,0.039900000000000005,0.0694,0.041800000000000004,1.101010101010101,1.7637795275590549,0.27635327635327633
2024-01-30,Terra,0.06570000000000001,0.0961,0.07100000000000001,1.080701754385965,1.1239766081871345,0.058370044052863425
2024-02-13,Terra,0.046400000000000004,0.1554,0.062200000000000005,1.3103448275862069,2.5080128205128203,0.4298766560073092
2024-02-23,Terra,0.036500000000000005,0.10740000000000001,0.0488,1.2857142857142856,1.7113924050632914,0.26237161531279185
2024-02-24,Terra,0.027100000000000003,0.0631,0.0391,1.3395061728395063,2.2535714285714286,0.38529088913282117
2024-03-14,Terra,0.013300000000000001,0.07300000000000001,0.0219,1.4415584415584415,5.488721804511279,0.6917728852838934
2024-03-16,Terra,0.014400000000000001,0.0994,0.0252,1.7638888888888888,6.902777777777778,0.7469244288224957
2024-03-18,Terra,0.0261,0.1376,0.0371,1.4469696969696972,4.967509025270758,0.6648517846339987
2024-03-19,Terra,0.015300000000000001,0.0781,0.0247,1.424,3.3956521739130436,0.5450049455984175
2024-03-29,Terra,0.0224,0.0868,0.029900000000000003,1.3348214285714288,3.875,0.5897435897435898
2024-03-30,Terra,0.027800000000000002,0.1628,0.039400000000000004,1.520833333333333,5.813793103448275,0.7064777327935223
2024-03-31,Terra,0.028800000000000003,0.051500000000000004,0.0393,1.3645833333333333,1.32017075773746,0.13799448022079117
2024-04-01,Terra,0.0317,0.1073,0.0453,1.4149659863945578,3.649659863945578,0.5698610095098755
2024-04-02,Terra,0.0184,0.0477,0.0273,1.483695652173913,2.592391304347826,0.44326777609682305
2024-04-17,Terra,0.013600000000000001,0.047400000000000005,0.0204,1.4230769230769231,3.1812080536912757,0.5216693418940609
2024-04-18,Terra,0.0256,0.11610000000000001,0.0362,1.4048582995951417,4.53515625,0.6386732533521524
2024-04-19,Terra,0.0165,0.065,0.0227,1.5240963855421685,3.1307901907356945,0.5158311345646437
2024-04-20,Terra,0.0258,0.0761,0.0286,1.1358490566037736,3.111111111111111,0.5135135135135135
2024-04-21,Terra,0.0381,0.1072,0.0458,1.3007712082262208,2.691622103386809,0.4582327378078222
2024-04-23,Terra,0.032,0.1034,0.0419,1.3657718120805369,3.23125,0.5273264401772525
2024-05-08,Terra,0.023100000000000002,0.1193,0.0345,1.4935064935064934,3.3700564971751414,0.5423400129282482
2024-05-09,Terra,0.0179,0.12430000000000001,0.0247,1.3798882681564246,6.944134078212291,0.748241912798875
2024-05-10,Terra,0.029900000000000003,0.1432,0.0439,1.4682274247491638,3.7883597883597884,0.5823204419889503
2024-05-11,Terra,0.0158,0.1544,0.0258,1.679245283018868,9.772151898734176,0.8143360752056403
2024-05-12,Terra,0.0134,0.0709,0.022600000000000002,1.5846153846153845,4.580246913580248,0.6415929203539823
2024-05-13,Terra,0.022000000000000002,0.1062,0.035,1.5730994152046782,4.09468438538206,0.6074339745679818
2024-05-14,Terra,0.030600000000000002,0.06720000000000001,0.0354,1.2810457516339868,2.196078431372549,0.37423312883435583
2024-05-15,Terra,0.031,0.10070000000000001,0.042,1.370967741935484,3.785714285714286,0.582089552238806
2024-05-16,Terra,0.0297,0.1032,0.0376,1.265993265993266,3.4747474747474745,0.5530474040632054
2024-05-17,Terra,0.0362,0.132,0.049600000000000005,1.300429184549356,3.9908466819221964,0.5992663915635028
2024-05-18,Terra,0.0329,0.0734,0.0443,1.4080267558528428,2.5136986301369864,0.43079922027290446
2024-05-20,Terra,0.024300000000000002,0.12990000000000002,0.038700000000000005,1.5925925925925926,4.258893280632411,0.6196918451709883
2024-05-26,Terra,0.0207,0.0597,0.034300000000000004,1.5837104072398192,2.6771300448430493,0.4560975609756098
2024-05-30,Terra,0.022000000000000002,0.06960000000000001,0.038900000000000004,1.7681818181818183,3.376744186046511,0.543039319872476
2024-05-31,Terra,0.0252,0.06620000000000001,0.0366,1.4648437499999998,2.7003367003367007,0.45950864422202
2024-06-05,Terra,0.0129,0.0763,0.0235,1.7181208053691277,5.190476190476191,0.6769230769230768
2024-06-06,Terra,0.0234,0.1337,0.0398,1.6634146341463414,4.706051873198847,0.6494949494949495
2024-06-09,Terra,0.0227,0.1809,0.0379,1.5395348837209304,5.525862068965517,0.6935270805812418
2024-06-10,Terra,0.0126,0.0731,0.0216,1.7142857142857144,5.801587301587301,0.705950991831972
2024-06-11,Terra,0.0256,0.1063,0.0419,1.6211340206185565,3.7829181494661923,0.581845238095238
2024-06-12,Terra,0.0478,0.15710000000000002,0.054700000000000006,1.1443514644351465,3.410041841004184,0.5464895635673623
2024-06-13,Terra,0.0223,0.109,0.0369,1.6547085201793723,4.6645161290322585,0.6469248291571754
2024-06-18,Terra,0.0264,0.1647,0.0453,1.7159090909090908,4.972727272727273,0.6651445966514459
2024-06-19,Terra,0.015700000000000002,0.0664,0.028300000000000002,1.74,4.26530612244898,0.6201550387596898
2024-06-20,Terra,0.013800000000000002,0.07830000000000001,0.024900000000000002,1.664179104477612,5.101449275362318,0.672209026128266
2024-06-21,Terra,0.0244,0.09340000000000001,0.038200000000000005,1.7864768683274022,4.411392405063291,0.6304093567251462
2024-06-22,Terra,0.024200000000000003,0.1071,0.0341,1.4523809523809523,4.425619834710743,0.6313785224676314
2024-06-23,Terra,0.0233,0.09570000000000001,0.0403,1.7296137339055795,4.1072961373390555,0.6084033613445379
2024-06-24,Terra,0.065,0.1731,0.0713,1.096923076923077,3.056923076923077,0.5070155479711793
2024-06-25,Terra,0.0251,0.165,0.044000000000000004,1.7188755020080322,6.051792828685259,0.7163841807909603
2024-06-28,Terra,0.0189,0.0679,0.0368,1.947089947089947,3.5925925925925926,0.5645161290322581
2024-07-02,Terra,0.0166,0.08170000000000001,0.0279,1.6944444444444444,4.5120481927710845,0.6371584699453552
2024-07-03,Terra,0.0195,0.0845,0.035,1.9644670050761421,5.090361445783133,0.6716122650840751
2024-07-04,Terra,0.0103,0.0779,0.0212,1.9790209790209792,8.097826086956522,0.7801672640382318
2024-07-05,Terra,0.0199,0.1063,0.0376,1.8894472361809045,4.607142857142858,0.643312101910828
2024-07-06,Terra,0.0256,0.0732,0.0396,1.5291666666666668,2.721189591078067,0.4625374625374626
2024-07-07,Terra,0.012700000000000001,0.08750000000000001,0.0251,1.8319327731092436,6.889763779527559,0.7465069860279441
2024-07-08,Terra,0.021400000000000002,0.1385,0.0358,1.8130841121495325,5.597402597402597,0.6968503937007875
2024-07-09,Terra,0.0145,0.0979,0.026500000000000003,1.7480314960629921,6.020833333333333,0.7151335311572701
2024-07-10,Terra,0.0473,0.1738,0.0648,1.3699788583509513,3.6744186046511627,0.572139303482587
2024-07-11,Terra,0.059300000000000005,0.1279,0.0709,1.1956155143338953,2.1568296795952784,0.36645299145299143
2024-07-12,Terra,0.033600000000000005,0.1495,0.0517,1.5269461077844313,4.625,0.6444444444444445
2024-07-13,Terra,0.020900000000000002,0.1403,0.0356,1.7033492822966505,5.870292887029289,0.7088915956151035
2024-07-14,Terra,0.020200000000000003,0.0925,0.0333,1.5857142857142859,4.404761904761904,0.6299559471365638
2024-07-15,Terra,0.0361,0.22510000000000002,0.056100000000000004,1.5045592705167175,6.021691973969631,0.7151683657707755
2024-07-16,Terra,0.0149,0.067,0.028200000000000003,1.790909090909091,4.077586206896552,0.6061120543293719
2024-07-18,Terra,0.0187,0.11320000000000001,0.0328,1.7272727272727273,5.1689497716894985,0.6757957068837899
2024-07-19,Terra,0.0158,0.07440000000000001,0.027800000000000002,1.764044943820225,4.708860759493671,0.6496674057649668
2024-07-20,Terra,0.024800000000000003,0.0599,0.042100000000000005,1.6975806451612903,2.415322580645161,0.41440377804014167
2024-07-22,Terra,0.0477,0.20400000000000001,0.0658,1.379454926624738,4.276729559748428,0.6209773539928486
2024-07-23,Terra,0.019700000000000002,0.1458,0.0344,1.6330935251798562,5.332417582417583,0.6841648590021692
2024-07-25,Terra,0.032100000000000004,0.12940000000000002,0.0505,1.5512820512820513,4.3762575452716295,0.627994011976048
2024-07-27,Terra,0.0358,0.08940000000000001,0.0555,1.5691056910569106,2.775974025974026,0.470335339638865
2024-07-31,Terra,0.013600000000000001,0.09860000000000001,0.0287,1.7836257309941521,4.583941605839416,0.6418300653594771
2024-08-01,Terra,0.035300000000000005,0.1892,0.054900000000000004,1.577287066246057,5.359773371104815,0.6855233853006681
2024-08-04,Terra,0.0194,0.09190000000000001,0.0379,1.7534246575342467,3.3652694610778444,0.541838134430727
2024-08-05,Terra,0.0205,0.1019,0.0333,1.6140350877192982,3.4425675675675675,0.5498098859315589
2024-08-06,Terra,0.028900000000000002,0.0956,0.046700000000000005,1.6159169550173011,3.3079584775086506,0.5357429718875503
2024-08-07,Terra,0.0187,0.041,0.0369,1.9117647058823528,2.42603550295858,0.41623488773747835
2024-08-09,Terra,0.0239,0.054400000000000004,0.0456,1.6740331491712706,2.3448275862068964,0.4020618556701031
2024-08-10,Terra,0.0304,0.1015,0.043000000000000003,1.4144736842105263,3.0029585798816565,0.5003695491500371
2024-08-16,Terra,0.0263,0.0862,0.0412,1.5665399239543727,3.0588235294117645,0.5072463768115941
2024-08-18,Terra,0.0317,0.1047,0.0514,1.6214511041009465,3.3028391167192432,0.5351906158357772
2024-08-25,Terra,0.0316,0.1507,0.0458,1.5674603174603174,4.7142857142857135,0.65
2024-08-26,Terra,0.0158,0.0473,0.0256,1.759493670886076,4.052083333333333,0.6041237113402063
2024-08-28,Terra,0.0183,0.08850000000000001,0.028900000000000002,1.6114285714285714,5.072368421052632,0.6706392199349945
2024-08-29,Terra,0.010100000000000001,0.0661,0.018500000000000003,1.7428571428571429,5.55984555984556,0.6951147733961154
2024-08-30,Terra,0.028800000000000003,0.1782,0.042300000000000004,1.4845360824742269,4.872852233676976,0.6594499707431247
2024-08-31,Terra,0.015700000000000002,0.0954,0.0264,1.638709677419355,4.245901639344263,0.61875
2024-09-02,Terra,0.031400000000000004,0.057600000000000005,0.0443,1.4108280254777068,1.8343949044585985,0.2943820224719101
2024-09-03,Terra,0.0179,0.09050000000000001,0.025500000000000002,1.5725190839694656,3.9177489177489178,0.5933098591549297
2024-09-05,Terra,0.0497,0.08990000000000001,0.06420000000000001,1.2917505030181087,2.2032193158953723,0.3756281407035176
2024-09-08,Terra,0.017400000000000002,0.14550000000000002,0.0251,1.4425287356321839,8.362068965517242,0.7863720073664825
2024-09-10,Terra,0.014400000000000001,0.055900000000000005,0.0244,1.625,2.6891495601173023,0.45786963434022265
2024-09-14,Terra,0.0247,0.1322,0.0381,1.54251012145749,4.765217391304348,0.6530920060331825
2024-09-16,Terra,0.0531,0.1459,0.062400000000000004,1.1751412429378532,2.7476459510357816,0.46633165829145723
2024-09-18,Terra,0.009600000000000001,0.12250000000000001,0.0161,1.6770833333333333,12.760416666666666,0.8546555639666918
2024-09-20,Terra,0.012400000000000001,0.060000000000000005,0.0219,1.5833333333333333,4.008174386920981,0.6006528835690967
2024-09-21,Terra,0.0351,0.1526,0.05,1.404388714733542,3.1742957746478875,0.5208772669759595
2024-09-22,Terra,0.0148,0.0506,0.024,1.5971223021582734,2.8627450980392153,0.482233502538071
2024-09-24,Terra,0.0175,0.0853,0.028,1.6,4.330097087378641,0.6247723132969034
2024-09-27,Terra,0.0132,0.08420000000000001,0.022000000000000002,1.4924242424242427,2.865168539325843,0.4825581395348838
2024-09-28,Terra,0.016800000000000002,0.0751,0.0267,1.5892857142857142,4.470238095238095,0.634385201305767
2024-09-29,Terra,0.0159,0.0792,0.026000000000000002,1.5425531914893618,3.9148936170212765,0.5930735930735931
2024-09-30,Terra,0.0194,0.12710000000000002,0.023200000000000002,1.1896551724137931,6.907608695652175,0.7470790378006873
2024-10-01,Terra,0.0241,0.0976,0.036500000000000005,1.5145228215767637,3.7251908396946565,0.5767366720516963
2024-10-02,Terra,0.0165,0.08850000000000001,0.0267,1.4210526315789473,3.507389162561576,0.5562841530054645
2024-10-03,Terra,0.027,0.1666,0.0407,1.5074074074074075,6.17037037037037,0.7210743801652892
2024-10-05,Terra,0.0128,0.0771,0.0227,1.5591397849462365,3.610294117647059,0.5661881977671451
2024-10-06,Terra,0.021500000000000002,0.094,0.0334,1.553488372093023,3.2626262626262625,0.5308056872037915
2024-10-07,Terra,0.013600000000000001,0.057300000000000004,0.022000000000000002,1.625,3.416,0.5471014492753623
2024-10-08,Terra,0.0303,0.1034,0.044500000000000005,1.4341637010676158,3.476534296028881,0.5532258064516129
2024-10-12,Terra,0.0109,0.0713,0.015000000000000001,1.5599999999999998,4.685636856368563,0.6482364156339372
2024-10-13,Terra,0.033600000000000005,0.0956,0.0449,1.338345864661654,3.1543624161073827,0.5185783521809371
2024-10-14,Terra,0.016300000000000002,0.0539,0.024300000000000002,1.46218487394958,2.517482517482518,0.4314115308151094
2024-11-07,Terra,0.038400000000000004,0.0971,0.0422,1.1072164948453609,2.0716612377850163,0.34888653234358424
2024-11-29,Terra,0.04,0.0981,0.0395,1.0589812332439679,2.4525,0.4207096307023896
2024-12-03,Terra,0.0149,0.06670000000000001,0.0164,1.056338028169014,4.69718309859155,0.6489493201483312
2024-12-04,Terra,0.0514,0.0786,0.049800000000000004,0.9688715953307393,2.3554327808471456,0.4039517014270033
2024-12-05,Terra,0.0329,0.07400000000000001,0.032100000000000004,0.975609756097561,1.907216494845361,0.31205673758865254
2025-01-06,Terra,0.012700000000000001,0.0575,0.024200000000000003,1.8761061946902653,2.2115384615384612,0.3772455089820359
2025-01-09,Terra,0.0134,0.056,0.018600000000000002,1.3880597014925373,4.17910447761194,0.6138328530259366
2025-01-15,Terra,0.041600000000000005,0.10690000000000001,0.0422,1.0303030303030305,2.423019431988042,0.41572052401746723
2025-01-16,Terra,0.024,0.06420000000000001,0.030100000000000002,1.1435897435897435,2.306818181818182,0.39518900343642616
2025-01-18,Terra,0.042300000000000004,0.10740000000000001,0.0391,0.9243498817966903,2.2857142857142856,0.391304347826087
2025-01-19,Terra,0.0514,0.1842,0.058,1.1284046692607004,3.5836575875486383,0.5636672325976231
2025-01-20,Terra,0.0424,0.097,0.0439,1.0353773584905661,2.2877358490566038,0.39167862266857967
2025-01-22,Terra,0.0531,0.1353,0.0504,0.9987922705314011,2.05,0.3442622950819672
2025-01-24,Terra,0.0279,0.0868,0.023700000000000002,0.8883248730964467,3.111111111111111,0.5135135135135135
2025-01-25,Terra,0.053000000000000005,0.11040000000000001,0.051300000000000005,0.9653179190751446,1.7342657342657344,0.2685421994884911
2025-01-26,Terra,0.042100000000000005,0.0815,0.0449,1.0665083135391924,1.9203036053130929,0.3151397011046133
2025-01-27,Terra,0.0591,0.11380000000000001,0.0577,1.0589970501474926,1.933107535986452,0.3181293302540415
2025-01-28,Terra,0.041600000000000005,0.058100000000000006,0.043000000000000003,1.033653846153846,1.8114754098360657,0.2886297376093294
2025-01-29,Terra,0.0908,0.2333,0.08080000000000001,0.8898678414096917,2.3237051792828685,0.39826191189691346
2025-02-12,Terra,0.035,0.045200000000000004,0.034800000000000005,0.9942857142857143,2.437774524158126,0.41822827938671214
2025-02-26,Terra,0.025900000000000003,0.11,0.0398,1.3492957746478873,2.530701754385965,0.4335403726708075
2025-02-27,Terra,0.0285,0.049,0.0403,1.4833333333333332,1.7438596491228069,0.2710997442455243
2025-02-28,Terra,0.033,0.1121,0.0487,1.4974093264248705,3.7871621621621623,0.5822159491884263
2025-03-01,Terra,0.0341,0.0369,0.0517,1.4888268156424582,1.2505010020040082,0.11130899376669638
2025-03-05,Terra,0.0313,0.11910000000000001,0.0477,1.4914675767918089,4.064846416382252,0.6051212938005391
2025-03-06,Terra,0.0193,0.0661,0.0369,1.5533333333333332,2.7919075144508674,0.47256097560975613
2025-03-07,Terra,0.031,0.0763,0.038900000000000004,1.2548387096774194,2.180645161290323,0.37119675456389456
2025-04-04,Terra,0.030500000000000003,0.09820000000000001,0.0439,1.3566878980891717,2.888719512195122,0.4856918855350843
2025-04-13,Terra,0.0154,0.0891,0.0246,1.548611111111111,5.785714285714286,0.7052631578947369
2025-04-14,Terra,0.019,0.0514,0.0339,1.7526315789473685,1.8291814946619218,0.2930817610062893
2025-04-16,Terra,0.0291,0.1044,0.0442,1.5189003436426118,3.5876288659793816,0.5640449438202247
2025-04-17,Terra,0.0184,0.07730000000000001,0.0315,1.5103448275862068,3.8965517241379306,0.5915492957746479
2025-04-18,Terra,0.0112,0.0993,0.020200000000000003,1.6391752577319587,7.7578125,0.7716324710080285
2025-04-22,Terra,0.0188,0.0487,0.032100000000000004,1.6531791907514453,2.797029702970297,0.47327249022164275
2025-04-23,Terra,0.018500000000000003,0.0849,0.0284,1.4632034632034632,4.589189189189189,0.6421663442940039
2025-04-30,Terra,0.025900000000000003,0.08610000000000001,0.036500000000000005,1.3455882352941175,2.7507987220447285,0.4667802385008518
2025-05-01,Terra,0.0347,0.0906,0.048400000000000006,1.4786585365853657,2.897260273972603,0.4868189806678383
2025-05-02,Terra,0.0405,0.1121,0.0442,1.1019490254872564,3.1573426573426575,0.5189234650967199
2025-05-04,Terra,0.0173,0.0818,0.029900000000000003,1.7283236994219655,3.4970238095238093,0.5552614162806089
2025-05-05,Terra,0.0122,0.0698,0.0216,1.7704918032786885,5.721311475409836,0.7024390243902439
2025-05-06,Terra,0.0361,0.13090000000000002,0.0489,1.401015228426396,3.8726591760299627,0.5895465026902383
2025-05-07,Terra,0.0313,0.0506,0.042300000000000004,1.3606060606060606,1.66996699669967,0.25092707045735474
2025-05-08,Terra,0.0379,0.18580000000000002,0.0545,1.437994722955145,3.9333333333333336,0.5945945945945946
2025-05-09,Terra,0.020200000000000003,0.0432,0.029900000000000003,1.4801980198019802,2.1386138613861383,0.36277602523659297
2025-05-10,Terra,0.038400000000000004,0.0966,0.0453,1.225419664268585,2.4580152671755724,0.4216335540838852
2025-05-21,Terra,0.0563,0.2591,0.0713,1.266429840142096,3.8090523338048095,0.5841176470588236
2025-05-24,Terra,0.0211,0.0597,0.0325,1.5504587155963305,2.9121951219512194,0.4887780548628428
2025-05-27,Terra,0.0159,0.0855,0.0262,1.6013986013986015,3.7831858407079646,0.5818686401480112
2025-05-28,Terra,0.033100000000000004,0.1501,0.0507,1.4985994397759104,4.088724584103512,0.6069742099527788
2025-05-30,Terra,0.010100000000000001,0.0708,0.017400000000000002,1.7610619469026547,7.4526315789473685,0.763387297633873
2025-05-31,Terra,0.0333,0.13,0.0473,1.534090909090909,3.8690476190476186,0.5892420537897309
2025-06-01,Terra,0.054700000000000006,0.1887,0.059800000000000006,1.093235831809872,3.449725776965265,0.5505341002465078
2025-06-02,Terra,0.0304,0.15330000000000002,0.0455,1.5741758241758241,5.042763157894737,0.6690255851932498
2025-06-03,Terra,0.0284,0.1689,0.038700000000000005,1.3626760563380282,5.947183098591549,0.7121135326913329
2025-06-05,Terra,0.0269,0.0795,0.04,1.467741935483871,3.169354838709677,0.5203094777562862
2025-06-07,Terra,0.0236,0.1307,0.0392,1.63135593220339,5.253521126760563,0.6801801801801802
2025-06-08,Terra,0.0132,0.0548,0.0217,1.8272727272727272,4.120300751879699,0.6093979441997063
2025-06-09,Terra,0.0105,0.08940000000000001,0.0198,1.8425925925925926,9.122448979591837,0.8024193548387096
2025-06-10,Terra,0.0257,0.14700000000000002,0.0403,1.5621890547263684,4.013262599469496,0.601058201058201
2025-06-12,Terra,0.0511,0.17830000000000001,0.0666,1.3341902313624678,3.8124076809453467,0.5844076120319214
2025-06-14,Terra,0.0201,0.1,0.0287,1.427860696517413,4.975124378109453,0.665278934221482
2025-06-15,Terra,0.0328,0.2348,0.0514,1.5670731707317072,5.056666666666667,0.6697853604843148
2025-06-17,Terra,0.030000000000000002,0.1525,0.0468,1.5692883895131085,4.730337078651685,0.6509803921568628
2025-06-23,Terra,0.020900000000000002,0.07590000000000001,0.0332,1.5643564356435642,3.2161016949152548,0.5256281407035177
2025-06-24,Terra,0.016800000000000002,0.1048,0.027,1.5714285714285714,6.238095238095237,0.7236842105263157
2025-06-25,Terra,0.0284,0.1501,0.0456,1.6272493573264781,4.780254777070064,0.6539944903581266
2025-06-29,Terra,0.008400000000000001,0.0568,0.020300000000000002,2.145833333333333,6.761904761904761,0.7423312883435582
2025-06-30,Terra,0.0195,0.0579,0.034,1.7865853658536586,2.8522167487684724,0.48081841432225053
2025-07-02,Terra,0.0284,0.1668,0.046200000000000005,1.602112676056338,5.873239436619718,0.7090163934426229
2025-07-03,Terra,0.0412,0.1622,0.051000000000000004,1.2621359223300972,5.786407766990291,0.7052932761087267
2025-07-05,Terra,0.024900000000000002,0.195,0.0434,1.7510040160642568,5.599109131403118,0.6969287883901452
2025-07-06,Terra,0.012700000000000001,0.0541,0.028200000000000003,1.875816993464052,4.300653594771242,0.6226880394574599
2025-07-07,Terra,0.0346,0.18460000000000001,0.056100000000000004,1.6213872832369944,4.502439024390244,0.6365248226950354
2025-07-08,Terra,0.0172,0.07490000000000001,0.0324,1.8876404494382026,3.8503401360544216,0.5876577840112203
2025-07-09,Terra,0.0117,0.10110000000000001,0.0217,1.8547008547008548,8.641025641025642,0.7925531914893617
2025-07-10,Terra,0.0217,0.11,0.0366,1.7296296296296299,5.0691244239631335,0.6704631738800303
2025-07-11,Terra,0.049100000000000005,0.13770000000000002,0.0577,1.175152749490835,2.804480651731161,0.47430406852248397
2025-07-12,Terra,0.0347,0.1776,0.0511,1.5947955390334572,4.516728624535316,0.6374663072776281
2025-07-13,Terra,0.0162,0.1159,0.030000000000000002,1.7301587301587302,4.550432276657061,0.6396677050882658
2025-07-14,Terra,0.0179,0.0839,0.029,1.6201117318435756,4.687150837988827,0.6483300589390962
2025-07-15,Terra,0.0184,0.10200000000000001,0.0329,1.7159090909090908,3.909407665505227,0.5926188786373315
2025-07-16,Terra,0.0126,0.0889,0.0251,1.938271604938272,5.55625,0.6949475691134414
2025-07-17,Terra,0.031100000000000003,0.21180000000000002,0.0506,1.6043010752688172,6.558080808080807,0.735382559305045
2025-07-18,Terra,0.01575,0.0762,0.0264,1.625,3.8680203045685277,0.5891553701772679
2025-07-19,Terra,0.013800000000000002,0.139,0.024300000000000002,1.7631578947368423,6.268115942028985,0.7248255234297107
2025-07-22,Terra,0.0346,0.23070000000000002,0.0543,1.4984025559105432,4.367164179104478,0.6273637374860956
2025-07-23,Terra,0.013300000000000001,0.1056,0.026000000000000002,1.8275862068965516,5.909774436090225,0.7105549510337322
2025-07-24,Terra,0.050800000000000005,0.20800000000000002,0.0692,1.3622047244094486,4.416851441241685,0.6307818256242325
2025-07-25,Terra,0.016300000000000002,0.0614,0.0297,1.795774647887324,4.323943661971831,0.6243386243386244
2025-07-27,Terra,0.0257,0.1371,0.0426,1.6575875486381322,5.4189723320158105,0.6884236453201971
2025-07-28,Terra,0.0129,0.0446,0.025900000000000003,1.9295774647887323,3.223140495867768,0.5264187866927593
2025-07-29,Terra,0.0655,0.3043,0.0804,1.2274809160305342,4.645801526717557,0.6457544618712818
2025-08-01,Terra,0.058800000000000005,0.2541,0.0756,1.2857142857142856,4.321428571428571,0.6241610738255032
2025-08-02,Terra,0.0211,0.1431,0.0287,1.3601895734597156,6.781990521327014,0.7429963459196102
2025-08-04,Terra,0.0206,0.1985,0.0346,1.6796116504854368,6.76173285198556,0.7423255813953489
2025-08-08,Terra,0.007500000000000001,0.09580000000000001,0.015600000000000001,2.245614035087719,12.441558441558442,0.8512077294685991
2025-08-09,Terra,0.028300000000000002,0.18280000000000002,0.0402,1.420494699646643,4.286274509803921,0.6216617210682494
2025-08-10,Terra,0.012700000000000001,0.0765,0.0273,1.8639455782312924,4.796747967479675,0.6549789621318374
2025-08-11,Terra,0.031100000000000003,0.23120000000000002,0.0495,1.55893536121673,5.392070484581498,0.6871123363197795
2025-08-12,Terra,0.013000000000000001,0.0731,0.0268,1.912280701754386,2.985074626865672,0.49812734082397
2025-08-13,Terra,0.0302,0.15660000000000002,0.0489,1.5782312925170068,4.446494464944649,0.6327913279132792
