date,datetime,log_ratio,ratio,sensor,time
2011-01-20,2011-01-20 00:00:00,-0.09157614505102019,0.8098859315589353,Aqua,00:00:00
2011-01-27,2011-01-27 00:00:00,0.00437580006028802,1.010126582278481,Aqua,00:00:00
2011-01-28,2011-01-28 00:00:00,0.013029811751620029,1.0304568527918783,Aqua,00:00:00
2011-01-30,2011-01-30 00:00:00,0.12370318959599302,1.3295454545454546,Aqua,00:00:00
2011-02-01,2011-02-01 00:00:00,0.005079525529274971,1.011764705882353,Aqua,00:00:00
2011-02-07,2011-02-07 00:00:00,-0.01902323731343043,0.9571428571428571,Aqua,00:00:00
2011-02-09,2011-02-09 00:00:00,0.04470973496948137,1.108433734939759,Aqua,00:00:00
2011-02-10,2011-02-10 00:00:00,-0.018483405694013178,0.9583333333333333,Aqua,00:00:00
2011-02-12,2011-02-12 00:00:00,0.02722965349091058,1.0647058823529412,Aqua,00:00:00
2011-02-14,2011-02-14 00:00:00,0.03783630392049318,1.091029023746702,Aqua,00:00:00
2011-02-20,2011-02-20 00:00:00,0.08256286644027003,1.2093802345058626,Aqua,00:00:00
2011-03-02,2011-03-02 00:00:00,-0.018385580604759925,0.9585492227979275,Aqua,00:00:00
2011-03-07,2011-03-07 00:00:00,0.019961101852210554,1.047034764826176,Aqua,00:00:00
2011-03-22,2011-03-22 00:00:00,0.04826683420989309,1.1175496688741722,Aqua,00:00:00
2011-03-31,2011-03-31 00:00:00,0.0456371707145244,1.110803324099723,Aqua,00:00:00
2011-04-02,2011-04-02 00:00:00,0.01723214657252141,1.0404761904761906,Aqua,00:00:00
2011-04-03,2011-04-03 00:00:00,-0.018316337224207745,0.9587020648967552,Aqua,00:00:00
2011-04-05,2011-04-05 00:00:00,0.04466216972307239,1.1083123425692696,Aqua,00:00:00
2011-04-11,2011-04-11 00:00:00,0.056247790087628965,1.1382765531062125,Aqua,00:00:00
2011-04-12,2011-04-12 00:00:00,0.04377892457858719,1.106060606060606,Aqua,00:00:00
2011-04-13,2011-04-13 00:00:00,0.052388069459688304,1.1282051282051284,Aqua,00:00:00
2011-04-18,2011-04-18 00:00:00,0.050189105359750075,1.1225071225071226,Aqua,00:00:00
2011-04-19,2011-04-19 00:00:00,0.03515495520676186,1.084313725490196,Aqua,00:00:00
2011-04-21,2011-04-21 00:00:00,0.12032671646634215,1.3192488262910798,Aqua,00:00:00
2011-04-25,2011-04-25 00:00:00,0.07382777940781873,1.1852986217457888,Aqua,00:00:00
2011-04-26,2011-04-26 00:00:00,0.055155264901055163,1.1354166666666665,Aqua,00:00:00
2011-04-27,2011-04-27 00:00:00,0.011620612524142024,1.0271186440677966,Aqua,00:00:00
2011-04-28,2011-04-28 00:00:00,0.04514143019546635,1.1095360824742269,Aqua,00:00:00
2011-04-30,2011-04-30 00:00:00,0.046542833418268446,1.1131221719457014,Aqua,00:00:00
2011-05-01,2011-05-01 00:00:00,0.02502090062161288,1.0593047034764829,Aqua,00:00:00
2011-05-03,2011-05-03 00:00:00,0.010045809856842822,1.0234009360374414,Aqua,00:00:00
2011-05-04,2011-05-04 00:00:00,0.020755221590619436,1.048951048951049,Aqua,00:00:00
2011-05-08,2011-05-08 00:00:00,0.032184683371401235,1.0769230769230769,Aqua,00:00:00
2011-05-09,2011-05-09 00:00:00,0.052449371525130246,1.1283643892339543,Aqua,00:00:00
2011-05-10,2011-05-10 00:00:00,0.03865715014273612,1.093093093093093,Aqua,00:00:00
2011-05-12,2011-05-12 00:00:00,0.0336719946945676,1.0806174957118353,Aqua,00:00:00
2011-05-18,2011-05-18 00:00:00,0.08972062490123979,1.2294776119402984,Aqua,00:00:00
2011-05-19,2011-05-19 00:00:00,0.016344717815748235,1.0383522727272727,Aqua,00:00:00
2011-05-21,2011-05-21 00:00:00,0.08907183585377147,1.2276422764227641,Aqua,00:00:00
2011-05-22,2011-05-22 00:00:00,0.07504686666266258,1.188630490956072,Aqua,00:00:00
2011-05-23,2011-05-23 00:00:00,0.14108537255885686,1.3838383838383839,Aqua,00:00:00
2011-06-07,2011-06-07 00:00:00,0.07331797208655368,1.1839080459770115,Aqua,00:00:00
2011-06-08,2011-06-08 00:00:00,0.09484404827392631,1.2440677966101694,Aqua,00:00:00
2011-06-09,2011-06-09 00:00:00,0.07578830315028545,1.1906614785992218,Aqua,00:00:00
2011-06-12,2011-06-12 00:00:00,-0.08399532760240436,0.8241469816272966,Aqua,00:00:00
2011-06-13,2011-06-13 00:00:00,0.07335170238690103,1.1840000000000002,Aqua,00:00:00
2011-06-14,2011-06-14 00:00:00,0.10001336113736567,1.2589641434262948,Aqua,00:00:00
2011-06-15,2011-06-15 00:00:00,0.10462414978149658,1.2724014336917564,Aqua,00:00:00
2011-06-16,2011-06-16 00:00:00,0.07973133412864597,1.2015209125475286,Aqua,00:00:00
2011-06-17,2011-06-17 00:00:00,0.11924672220884146,1.315972222222222,Aqua,00:00:00
2011-06-19,2011-06-19 00:00:00,0.10330801305402888,1.2685512367491165,Aqua,00:00:00
2011-06-20,2011-06-20 00:00:00,0.11899754297089477,1.3152173913043477,Aqua,00:00:00
2011-06-22,2011-06-22 00:00:00,0.11981309539202617,1.3176895306859207,Aqua,00:00:00
2011-06-23,2011-06-23 00:00:00,0.09798990038228224,1.2531120331950207,Aqua,00:00:00
2011-06-24,2011-06-24 00:00:00,0.14516132524702458,1.3968871595330739,Aqua,00:00:00
2011-06-26,2011-06-26 00:00:00,0.15800603298239377,1.4388185654008436,Aqua,00:00:00
2011-06-30,2011-06-30 00:00:00,0.1695603918967235,1.4776119402985075,Aqua,00:00:00
2011-07-01,2011-07-01 00:00:00,0.15067864162865696,1.4147465437788018,Aqua,00:00:00
2011-07-02,2011-07-02 00:00:00,0.11899754297089483,1.315217391304348,Aqua,00:00:00
2011-07-03,2011-07-03 00:00:00,0.1729735537648547,1.4892703862660943,Aqua,00:00:00
2011-07-04,2011-07-04 00:00:00,0.17251090504393768,1.4876847290640394,Aqua,00:00:00
2011-07-05,2011-07-05 00:00:00,0.18239462779041993,1.5219298245614035,Aqua,00:00:00
2011-07-06,2011-07-06 00:00:00,0.18858507318831574,1.543778801843318,Aqua,00:00:00
2011-07-07,2011-07-07 00:00:00,0.15550472827390374,1.4305555555555556,Aqua,00:00:00
2011-07-08,2011-07-08 00:00:00,0.14829951261167215,1.4070175438596493,Aqua,00:00:00
2011-07-09,2011-07-09 00:00:00,0.20757134769633614,1.6127659574468087,Aqua,00:00:00
2011-07-10,2011-07-10 00:00:00,0.14921911265537993,1.4100000000000001,Aqua,00:00:00
2011-07-14,2011-07-14 00:00:00,0.28330122870354957,1.92,Aqua,00:00:00
2011-07-20,2011-07-20 00:00:00,0.2874874223486381,1.9385964912280702,Aqua,00:00:00
2011-07-21,2011-07-21 00:00:00,0.29986722527218856,1.994652406417112,Aqua,00:00:00
2011-07-22,2011-07-22 00:00:00,0.32104710918586843,2.0943396226415096,Aqua,00:00:00
2011-07-23,2011-07-23 00:00:00,0.24024351473818645,1.7387755102040816,Aqua,00:00:00
2011-07-24,2011-07-24 00:00:00,0.24208250488628597,1.7461538461538462,Aqua,00:00:00
2011-07-26,2011-07-26 00:00:00,0.27435795423507586,1.8808664259927796,Aqua,00:00:00
2011-07-27,2011-07-27 00:00:00,0.21359587453980233,1.6352941176470588,Aqua,00:00:00
2011-07-28,2011-07-28 00:00:00,0.22074787581547028,1.6624472573839664,Aqua,00:00:00
2011-07-29,2011-07-29 00:00:00,0.19176337900652216,1.5551181102362204,Aqua,00:00:00
2011-07-30,2011-07-30 00:00:00,0.21488816607231953,1.6401673640167362,Aqua,00:00:00
2011-07-31,2011-07-31 00:00:00,0.17609125905568124,1.5,Aqua,00:00:00
2011-08-01,2011-08-01 00:00:00,0.19390081747423876,1.5627906976744188,Aqua,00:00:00
2011-08-02,2011-08-02 00:00:00,0.2102455352899869,1.6227272727272726,Aqua,00:00:00
2011-08-03,2011-08-03 00:00:00,0.19718697026147028,1.574660633484163,Aqua,00:00:00
2011-08-04,2011-08-04 00:00:00,0.4890204780193702,3.0833333333333335,Aqua,00:00:00
2011-08-05,2011-08-05 00:00:00,0.18942365966151023,1.5467625899280575,Aqua,00:00:00
2011-08-06,2011-08-06 00:00:00,0.1780563958109122,1.5068027210884352,Aqua,00:00:00
2011-08-07,2011-08-07 00:00:00,0.1499385404541931,1.4123376623376624,Aqua,00:00:00
2011-08-08,2011-08-08 00:00:00,0.1585311829040916,1.4405594405594406,Aqua,00:00:00
2011-08-09,2011-08-09 00:00:00,0.15690794268334177,1.4351851851851851,Aqua,00:00:00
2011-08-10,2011-08-10 00:00:00,0.1848651833631864,1.5306122448979593,Aqua,00:00:00
2011-08-11,2011-08-11 00:00:00,0.24216333644315982,1.7464788732394367,Aqua,00:00:00
2011-08-12,2011-08-12 00:00:00,0.18495471938698627,1.5309278350515463,Aqua,00:00:00
2011-08-13,2011-08-13 00:00:00,0.215115366957388,1.6410256410256412,Aqua,00:00:00
2011-08-15,2011-08-15 00:00:00,0.21398800140831412,1.6367713004484308,Aqua,00:00:00
2011-08-16,2011-08-16 00:00:00,0.24016508684056415,1.7384615384615385,Aqua,00:00:00
2011-08-17,2011-08-17 00:00:00,0.19039287071520614,1.5502183406113539,Aqua,00:00:00
2011-08-18,2011-08-18 00:00:00,0.2666846387716528,1.847926267281106,Aqua,00:00:00
2011-08-19,2011-08-19 00:00:00,0.19572755760062507,1.569377990430622,Aqua,00:00:00
2011-08-20,2011-08-20 00:00:00,0.2029807422150078,1.595808383233533,Aqua,00:00:00
2011-08-21,2011-08-21 00:00:00,0.15826860073570054,1.4396887159533076,Aqua,00:00:00
2011-08-22,2011-08-22 00:00:00,0.21991424983915667,1.6592592592592592,Aqua,00:00:00
2011-08-23,2011-08-23 00:00:00,0.29617749286956907,1.9777777777777776,Aqua,00:00:00
2011-08-24,2011-08-24 00:00:00,0.19216241147743013,1.5565476190476188,Aqua,00:00:00
2011-08-25,2011-08-25 00:00:00,0.20780567223288784,1.6136363636363635,Aqua,00:00:00
2011-08-26,2011-08-26 00:00:00,0.23187909110728389,1.705607476635514,Aqua,00:00:00
2011-08-27,2011-08-27 00:00:00,0.2495580215788767,1.776470588235294,Aqua,00:00:00
2011-08-28,2011-08-28 00:00:00,0.20969986003676136,1.6206896551724137,Aqua,00:00:00
2011-08-29,2011-08-29 00:00:00,0.23121656538176488,1.7030075187969924,Aqua,00:00:00
2011-08-30,2011-08-30 00:00:00,0.23369802243215101,1.7127659574468084,Aqua,00:00:00
2011-09-01,2011-09-01 00:00:00,0.20352950740262077,1.5978260869565215,Aqua,00:00:00
2011-09-02,2011-09-02 00:00:00,0.2588930181523708,1.815068493150685,Aqua,00:00:00
2011-09-03,2011-09-03 00:00:00,0.18275885589555402,1.5232067510548521,Aqua,00:00:00
2011-09-04,2011-09-04 00:00:00,0.14197207590708025,1.3866666666666665,Aqua,00:00:00
2011-09-05,2011-09-05 00:00:00,0.20866232544358573,1.616822429906542,Aqua,00:00:00
2011-09-06,2011-09-06 00:00:00,0.14396197392173038,1.3930348258706469,Aqua,00:00:00
2011-09-07,2011-09-07 00:00:00,0.13296658962026722,1.3582089552238807,Aqua,00:00:00
2011-09-08,2011-09-08 00:00:00,0.1829807607819953,1.5239852398523985,Aqua,00:00:00
2011-09-10,2011-09-10 00:00:00,0.6746106584765741,4.7272727272727275,Aqua,00:00:00
2011-09-12,2011-09-12 00:00:00,0.5394722926611265,3.463157894736842,Aqua,00:00:00
2011-09-13,2011-09-13 00:00:00,0.18548177586175074,1.5327868852459017,Aqua,00:00:00
2011-09-16,2011-09-16 00:00:00,0.17982554244064447,1.5129533678756475,Aqua,00:00:00
2011-09-18,2011-09-18 00:00:00,0.19112825580832965,1.5528455284552847,Aqua,00:00:00
2011-09-19,2011-09-19 00:00:00,0.1903316981702915,1.55,Aqua,00:00:00
2011-09-20,2011-09-20 00:00:00,0.14744607760615122,1.4042553191489362,Aqua,00:00:00
2011-09-21,2011-09-21 00:00:00,0.12453342208340441,1.332089552238806,Aqua,00:00:00
2011-09-23,2011-09-23 00:00:00,0.14612803567823807,1.4000000000000001,Aqua,00:00:00
2011-09-26,2011-09-26 00:00:00,0.1503858588207794,1.4137931034482758,Aqua,00:00:00
2011-09-27,2011-09-27 00:00:00,0.1670900149408908,1.4692307692307693,Aqua,00:00:00
2011-09-28,2011-09-28 00:00:00,0.1337231005615287,1.3605769230769231,Aqua,00:00:00
2011-09-29,2011-09-29 00:00:00,0.11700948846493414,1.3092105263157896,Aqua,00:00:00
2011-10-08,2011-10-08 00:00:00,0.06781974365699861,1.1690140845070423,Aqua,00:00:00
2011-10-09,2011-10-09 00:00:00,0.13803882302991852,1.3741648106904232,Aqua,00:00:00
2011-10-11,2011-10-11 00:00:00,0.09626613671235135,1.2481481481481482,Aqua,00:00:00
2011-10-13,2011-10-13 00:00:00,0.09570196081908826,1.2465277777777777,Aqua,00:00:00
2011-10-16,2011-10-16 00:00:00,0.1812049621628367,1.517766497461929,Aqua,00:00:00
2011-10-17,2011-10-17 00:00:00,0.052852307325275676,1.1294117647058823,Aqua,00:00:00
2011-10-18,2011-10-18 00:00:00,0.11041248341170351,1.2894736842105263,Aqua,00:00:00
2011-10-19,2011-10-19 00:00:00,0.09455610761457914,1.2432432432432434,Aqua,00:00:00
2011-10-21,2011-10-21 00:00:00,0.09786345901537899,1.2527472527472527,Aqua,00:00:00
2011-10-22,2011-10-22 00:00:00,0.08803649129571088,1.2247191011235956,Aqua,00:00:00
2011-10-24,2011-10-24 00:00:00,0.06059114719943218,1.1497175141242937,Aqua,00:00:00
2011-10-25,2011-10-25 00:00:00,0.0757716545846965,1.1906158357771264,Aqua,00:00:00
2011-10-26,2011-10-26 00:00:00,0.09566739561696068,1.2464285714285714,Aqua,00:00:00
2011-10-27,2011-10-27 00:00:00,0.0585594297213119,1.1443514644351465,Aqua,00:00:00
2011-10-29,2011-10-29 00:00:00,0.12493873660829993,1.3333333333333333,Aqua,00:00:00
2011-10-31,2011-10-31 00:00:00,0.09314690218444865,1.2392156862745098,Aqua,00:00:00
2011-11-01,2011-11-01 00:00:00,0.038515133128198945,1.0927357032457494,Aqua,00:00:00
2011-11-02,2011-11-02 00:00:00,0.10001336113736567,1.2589641434262948,Aqua,00:00:00
2011-11-04,2011-11-04 00:00:00,0.14451004753457394,1.3947939262472886,Aqua,00:00:00
2011-11-12,2011-11-12 00:00:00,0.04618910291583122,1.1122159090909092,Aqua,00:00:00
2011-11-14,2011-11-14 00:00:00,0.08511848827849847,1.2165178571428572,Aqua,00:00:00
2011-11-19,2011-11-19 00:00:00,0.07982703721777641,1.2017857142857142,Aqua,00:00:00
2011-11-25,2011-11-25 00:00:00,-0.017843796621255903,0.9597457627118644,Aqua,00:00:00
2011-11-28,2011-11-28 00:00:00,0.05525536273769428,1.135678391959799,Aqua,00:00:00
2011-11-29,2011-11-29 00:00:00,-0.08910031137959247,0.8145161290322581,Aqua,00:00:00
2011-11-30,2011-11-30 00:00:00,-0.003535659814905671,0.9918918918918919,Aqua,00:00:00
2011-12-01,2011-12-01 00:00:00,0.042511280707476444,1.1028368794326242,Aqua,00:00:00
2011-12-02,2011-12-02 00:00:00,0.0345941980870437,1.0829145728643215,Aqua,00:00:00
2011-12-03,2011-12-03 00:00:00,0.039817978049100124,1.0960187353629975,Aqua,00:00:00
2011-12-04,2011-12-04 00:00:00,0.0011690302668516995,1.0026954177897576,Aqua,00:00:00
2011-12-05,2011-12-05 00:00:00,0.055618314824336705,1.1366279069767442,Aqua,00:00:00
2011-12-06,2011-12-06 00:00:00,0.044329102578200635,1.1074626865671642,Aqua,00:00:00
2011-12-07,2011-12-07 00:00:00,0.05210836668586525,1.1274787535410764,Aqua,00:00:00
2011-12-08,2011-12-08 00:00:00,0.057518601446465416,1.1416122004357299,Aqua,00:00:00
2011-12-09,2011-12-09 00:00:00,0.0500788643433177,1.1222222222222222,Aqua,00:00:00
2011-12-12,2011-12-12 00:00:00,0.02239127223646255,1.052910052910053,Aqua,00:00:00
2012-01-02,2012-01-02 00:00:00,0.05387538078285457,1.1320754716981132,Aqua,00:00:00
2012-01-03,2012-01-03 00:00:00,0.06986982850084024,1.1745454545454546,Aqua,00:00:00
2012-01-06,2012-01-06 00:00:00,0.13931386156114373,1.3782051282051282,Aqua,00:00:00
2012-01-08,2012-01-08 00:00:00,0.09275405323689871,1.2380952380952381,Aqua,00:00:00
2012-01-12,2012-01-12 00:00:00,0.09929406921578321,1.2568807339449544,Aqua,00:00:00
2012-01-13,2012-01-13 00:00:00,0.13344700391914907,1.3597122302158273,Aqua,00:00:00
2012-01-14,2012-01-14 00:00:00,0.13232667023051273,1.3562091503267975,Aqua,00:00:00
2012-01-16,2012-01-16 00:00:00,0.12259981330467093,1.326171875,Aqua,00:00:00
2012-02-02,2012-02-02 00:00:00,0.11242217918630396,1.2954545454545454,Aqua,00:00:00
2012-02-03,2012-02-03 00:00:00,0.07599746684339152,1.1912350597609562,Aqua,00:00:00
2012-02-05,2012-02-05 00:00:00,0.12696342317471443,1.3395638629283488,Aqua,00:00:00
2012-02-06,2012-02-06 00:00:00,0.1388021743362335,1.3765822784810127,Aqua,00:00:00
2012-02-11,2012-02-11 00:00:00,0.07799302510968886,1.1967213114754098,Aqua,00:00:00
2012-02-15,2012-02-15 00:00:00,0.06766262048643357,1.1685912240184755,Aqua,00:00:00
2012-02-18,2012-02-18 00:00:00,0.11535511944000473,1.3042328042328044,Aqua,00:00:00
2012-02-19,2012-02-19 00:00:00,0.09317144344865451,1.2392857142857143,Aqua,00:00:00
2012-02-23,2012-02-23 00:00:00,0.07818857251394708,1.1972602739726026,Aqua,00:00:00
2012-02-24,2012-02-24 00:00:00,0.07721570502506951,1.1945812807881773,Aqua,00:00:00
2012-03-01,2012-03-01 00:00:00,0.030946442500327315,1.073856975381008,Aqua,00:00:00
2012-03-03,2012-03-03 00:00:00,0.0185492029037297,1.0436363636363637,Aqua,00:00:00
2012-03-04,2012-03-04 00:00:00,0.033195539779174076,1.079432624113475,Aqua,00:00:00
2012-03-07,2012-03-07 00:00:00,0.011834369348731819,1.0276243093922652,Aqua,00:00:00
2012-03-08,2012-03-08 00:00:00,0.035958327470622393,1.0863213811420982,Aqua,00:00:00
2012-03-09,2012-03-09 00:00:00,0.0432159557167598,1.1046277665995976,Aqua,00:00:00
2012-03-17,2012-03-17 00:00:00,0.04618910291583122,1.1122159090909092,Aqua,00:00:00
2012-03-18,2012-03-18 00:00:00,0.02230300507738117,1.0526960784313726,Aqua,00:00:00
2012-03-23,2012-03-23 00:00:00,0.024000276403766514,1.0568181818181819,Aqua,00:00:00
2012-03-28,2012-03-28 00:00:00,-0.022034155521882263,0.950530035335689,Aqua,00:00:00
2012-04-02,2012-04-02 00:00:00,-0.0007090523728538033,0.9983686786296901,Aqua,00:00:00
2012-04-20,2012-04-20 00:00:00,0.03581138070511913,1.0859538784067087,Aqua,00:00:00
2012-04-21,2012-04-21 00:00:00,0.021697543109105665,1.0512295081967213,Aqua,00:00:00
2012-04-24,2012-04-24 00:00:00,0.022387548015151033,1.052901023890785,Aqua,00:00:00
2012-04-28,2012-04-28 00:00:00,0.040811689109162406,1.0985294117647058,Aqua,00:00:00
2012-04-29,2012-04-29 00:00:00,0.0057676077675922,1.0133689839572193,Aqua,00:00:00
2012-05-01,2012-05-01 00:00:00,0.023316621512429955,1.0551558752997603,Aqua,00:00:00
2012-05-06,2012-05-06 00:00:00,0.016534436909735703,1.0388059701492538,Aqua,00:00:00
2012-05-07,2012-05-07 00:00:00,0.019204705447765657,1.0452127659574468,Aqua,00:00:00
2012-05-08,2012-05-08 00:00:00,0.030668819766451964,1.0731707317073171,Aqua,00:00:00
2012-05-09,2012-05-09 00:00:00,0.039871512037692194,1.096153846153846,Aqua,00:00:00
2012-05-10,2012-05-10 00:00:00,0.02274312713855972,1.053763440860215,Aqua,00:00:00
2012-05-11,2012-05-11 00:00:00,0.02660958136985541,1.0631868131868132,Aqua,00:00:00
2012-05-12,2012-05-12 00:00:00,0.026265226482536524,1.0623441396508726,Aqua,00:00:00
2012-05-13,2012-05-13 00:00:00,0.04042865705560822,1.0975609756097562,Aqua,00:00:00
2012-05-14,2012-05-14 00:00:00,0.0530703861466248,1.129979035639413,Aqua,00:00:00
2012-05-15,2012-05-15 00:00:00,0.061233602238723275,1.1514195583596216,Aqua,00:00:00
2012-05-16,2012-05-16 00:00:00,0.08100410069395735,1.2050473186119877,Aqua,00:00:00
2012-05-17,2012-05-17 00:00:00,0.06518883348567435,1.1619537275064267,Aqua,00:00:00
2012-05-18,2012-05-18 00:00:00,0.0728935222085778,1.182751540041068,Aqua,00:00:00
2012-05-22,2012-05-22 00:00:00,0.05496730549257915,1.1349253731343285,Aqua,00:00:00
2012-05-23,2012-05-23 00:00:00,0.09476534454146722,1.2438423645320196,Aqua,00:00:00
2012-05-26,2012-05-26 00:00:00,0.05634376859761355,1.1385281385281385,Aqua,00:00:00
2012-05-30,2012-05-30 00:00:00,0.0904909189759293,1.2316602316602316,Aqua,00:00:00
2012-05-31,2012-05-31 00:00:00,0.05883496467733696,1.145077720207254,Aqua,00:00:00
2012-06-01,2012-06-01 00:00:00,0.08785778399259536,1.2242152466367713,Aqua,00:00:00
2012-06-02,2012-06-02 00:00:00,0.01985151693239422,1.0467706013363027,Aqua,00:00:00
2012-06-05,2012-06-05 00:00:00,0.10098367532714082,1.2617801047120418,Aqua,00:00:00
2012-06-06,2012-06-06 00:00:00,0.0886374870420665,1.2264150943396226,Aqua,00:00:00
2012-06-08,2012-06-08 00:00:00,0.05582198902114908,1.1371610845295055,Aqua,00:00:00
2012-06-09,2012-06-09 00:00:00,0.06118530314403704,1.151291512915129,Aqua,00:00:00
2012-06-10,2012-06-10 00:00:00,0.0952925270344373,1.2453531598513012,Aqua,00:00:00
2012-06-11,2012-06-11 00:00:00,0.05094175103732183,1.1244541484716157,Aqua,00:00:00
2012-06-13,2012-06-13 00:00:00,0.005725562719664035,1.013270882123341,Aqua,00:00:00
2012-06-14,2012-06-14 00:00:00,0.07106335582544537,1.1777777777777778,Aqua,00:00:00
2012-06-17,2012-06-17 00:00:00,0.047923552317182816,1.1166666666666667,Aqua,00:00:00
2012-06-18,2012-06-18 00:00:00,-0.029898735370508592,0.9334719334719335,Aqua,00:00:00
2012-06-19,2012-06-19 00:00:00,0.10274367806779526,1.2669039145907472,Aqua,00:00:00
2012-06-20,2012-06-20 00:00:00,0.06862037352017934,1.1711711711711712,Aqua,00:00:00
2012-06-21,2012-06-21 00:00:00,0.24612912566343637,1.7625000000000002,Aqua,00:00:00
2012-06-26,2012-06-26 00:00:00,0.1539411310940456,1.425414364640884,Aqua,00:00:00
2012-06-27,2012-06-27 00:00:00,0.11532670167576073,1.304147465437788,Aqua,00:00:00
2012-07-02,2012-07-02 00:00:00,0.18444951594433703,1.5291479820627802,Aqua,00:00:00
2012-07-03,2012-07-03 00:00:00,0.21647042104235412,1.6461538461538463,Aqua,00:00:00
2012-07-04,2012-07-04 00:00:00,0.19608788747193487,1.5706806282722512,Aqua,00:00:00
2012-07-05,2012-07-05 00:00:00,0.20866914705503198,1.6168478260869568,Aqua,00:00:00
2012-07-06,2012-07-06 00:00:00,0.15614457737683893,1.4326647564469914,Aqua,00:00:00
2012-07-07,2012-07-07 00:00:00,0.2556478676866586,1.801556420233463,Aqua,00:00:00
2012-07-08,2012-07-08 00:00:00,0.26871922883055244,1.8566037735849055,Aqua,00:00:00
2012-07-09,2012-07-09 00:00:00,0.229647064480642,1.6968641114982579,Aqua,00:00:00
2012-07-11,2012-07-11 00:00:00,0.23681072815911205,1.725085910652921,Aqua,00:00:00
2012-07-12,2012-07-12 00:00:00,0.2510279228480324,1.7824933687002653,Aqua,00:00:00
2012-07-13,2012-07-13 00:00:00,0.1844125574942816,1.5290178571428572,Aqua,00:00:00
2012-07-14,2012-07-14 00:00:00,0.313847789283407,2.0599078341013826,Aqua,00:00:00
2012-07-15,2012-07-15 00:00:00,0.21513618195328946,1.6411042944785277,Aqua,00:00:00
2012-07-18,2012-07-18 00:00:00,0.3615664182562463,2.299145299145299,Aqua,00:00:00
2012-07-20,2012-07-20 00:00:00,0.32681504642306836,2.122340425531915,Aqua,00:00:00
2012-07-21,2012-07-21 00:00:00,0.3134274449453204,2.0579150579150576,Aqua,00:00:00
2012-07-22,2012-07-22 00:00:00,0.10529664982414788,1.2743732590529246,Aqua,00:00:00
2012-07-23,2012-07-23 00:00:00,0.29115060506289064,1.9550173010380623,Aqua,00:00:00
2012-07-24,2012-07-24 00:00:00,0.22308782173190483,1.6714285714285715,Aqua,00:00:00
2012-07-25,2012-07-25 00:00:00,0.21941960914570463,1.657370517928287,Aqua,00:00:00
2012-07-27,2012-07-27 00:00:00,0.22539403038100606,1.680327868852459,Aqua,00:00:00
2012-07-28,2012-07-28 00:00:00,0.1962946451439682,1.5714285714285714,Aqua,00:00:00
2012-07-29,2012-07-29 00:00:00,0.217312995783475,1.6493506493506493,Aqua,00:00:00
2012-07-30,2012-07-30 00:00:00,0.22596531581118853,1.6825396825396826,Aqua,00:00:00
2012-07-31,2012-07-31 00:00:00,0.22116157465985042,1.6640316205533598,Aqua,00:00:00
2012-08-01,2012-08-01 00:00:00,0.2323632256390942,1.707509881422925,Aqua,00:00:00
2012-08-02,2012-08-02 00:00:00,0.2106903724505656,1.6243902439024391,Aqua,00:00:00
2012-08-03,2012-08-03 00:00:00,0.23281888350460841,1.7093023255813955,Aqua,00:00:00
2012-08-04,2012-08-04 00:00:00,0.21499026412434566,1.640552995391705,Aqua,00:00:00
2012-08-05,2012-08-05 00:00:00,0.20894796497030874,1.6178861788617886,Aqua,00:00:00
2012-08-06,2012-08-06 00:00:00,0.19208497261757496,1.5562700964630225,Aqua,00:00:00
2012-08-07,2012-08-07 00:00:00,0.1814200925607482,1.5185185185185186,Aqua,00:00:00
2012-08-08,2012-08-08 00:00:00,0.21839509736494062,1.6534653465346532,Aqua,00:00:00
2012-08-10,2012-08-10 00:00:00,0.23024117467165608,1.6991869918699187,Aqua,00:00:00
2012-08-12,2012-08-12 00:00:00,0.15116339042634128,1.416326530612245,Aqua,00:00:00
2012-08-13,2012-08-13 00:00:00,0.2212472336172839,1.6643598615916955,Aqua,00:00:00
2012-08-15,2012-08-15 00:00:00,0.4623979978989561,2.9,Aqua,00:00:00
2012-08-18,2012-08-18 00:00:00,0.21692751302708638,1.647887323943662,Aqua,00:00:00
2012-08-19,2012-08-19 00:00:00,0.14912412112678322,1.409691629955947,Aqua,00:00:00
2012-08-20,2012-08-20 00:00:00,0.5023570781357359,3.1794871794871797,Aqua,00:00:00
2012-08-21,2012-08-21 00:00:00,0.1485903781038014,1.4079601990049753,Aqua,00:00:00
2012-08-22,2012-08-22 00:00:00,0.821616944164734,6.631578947368421,Aqua,00:00:00
2012-08-23,2012-08-23 00:00:00,0.184524426592544,1.5294117647058822,Aqua,00:00:00
2012-08-24,2012-08-24 00:00:00,0.2303230571600612,1.6995073891625616,Aqua,00:00:00
2012-08-26,2012-08-26 00:00:00,0.14099851366218666,1.3835616438356164,Aqua,00:00:00
2012-08-28,2012-08-28 00:00:00,0.1891315887806445,1.5457227138643068,Aqua,00:00:00
2012-08-29,2012-08-29 00:00:00,0.1754800070449902,1.4978902953586497,Aqua,00:00:00
2012-08-30,2012-08-30 00:00:00,0.15228834438305652,1.4200000000000002,Aqua,00:00:00
2012-08-31,2012-08-31 00:00:00,0.17179127856295717,1.4852216748768472,Aqua,00:00:00
2012-09-01,2012-09-01 00:00:00,-0.010100326904325828,0.9770114942528735,Aqua,00:00:00
2012-09-02,2012-09-02 00:00:00,0.14437684587847469,1.3943661971830987,Aqua,00:00:00
2012-09-03,2012-09-03 00:00:00,0.19461729069877926,1.5653710247349821,Aqua,00:00:00
2012-09-04,2012-09-04 00:00:00,0.12388334245123458,1.3300970873786409,Aqua,00:00:00
2012-09-05,2012-09-05 00:00:00,0.20433882593689875,1.600806451612903,Aqua,00:00:00
2012-09-06,2012-09-06 00:00:00,0.14787559655028104,1.40564667793463,Aqua,00:00:00
2012-09-07,2012-09-07 00:00:00,0.2311629280855913,1.7027972027972027,Aqua,00:00:00
2012-09-08,2012-09-08 00:00:00,0.1830831478606448,1.5243445692883895,Aqua,00:00:00
2012-09-09,2012-09-09 00:00:00,0.18155415475718342,1.518987341772152,Aqua,00:00:00
2012-09-10,2012-09-10 00:00:00,0.19770240806835862,1.576530612244898,Aqua,00:00:00
2012-09-11,2012-09-11 00:00:00,0.15361801379734924,1.4243542435424354,Aqua,00:00:00
2012-09-12,2012-09-12 00:00:00,0.1685643031988169,1.4742268041237112,Aqua,00:00:00
2012-09-13,2012-09-13 00:00:00,0.15061213636557594,1.4145299145299146,Aqua,00:00:00
2012-09-15,2012-09-15 00:00:00,0.14556620573972393,1.3981900452488687,Aqua,00:00:00
2012-09-16,2012-09-16 00:00:00,0.1564452467982349,1.4336569579288025,Aqua,00:00:00
2012-09-17,2012-09-17 00:00:00,0.12012758534754477,1.3186440677966103,Aqua,00:00:00
2012-09-18,2012-09-18 00:00:00,0.10366434015748738,1.269592476489028,Aqua,00:00:00
2012-09-19,2012-09-19 00:00:00,0.19846748010491305,1.579310344827586,Aqua,00:00:00
2012-09-20,2012-09-20 00:00:00,0.14514212269658697,1.396825396825397,Aqua,00:00:00
2012-09-21,2012-09-21 00:00:00,0.1566953327277867,1.4344827586206899,Aqua,00:00:00
2012-09-22,2012-09-22 00:00:00,0.1339326222317119,1.3612334801762114,Aqua,00:00:00
2012-09-23,2012-09-23 00:00:00,0.17796726405443664,1.5064935064935066,Aqua,00:00:00
2012-09-24,2012-09-24 00:00:00,0.16230297457004794,1.453125,Aqua,00:00:00
2012-09-25,2012-09-25 00:00:00,0.31078983295313745,2.0454545454545454,Aqua,00:00:00
2012-09-26,2012-09-26 00:00:00,0.15550472827390374,1.4305555555555556,Aqua,00:00:00
2012-09-30,2012-09-30 00:00:00,0.18810902868665685,1.5420875420875422,Aqua,00:00:00
2012-10-01,2012-10-01 00:00:00,0.11489078943864957,1.302839116719243,Aqua,00:00:00
2012-10-02,2012-10-02 00:00:00,0.1629144530627178,1.4551724137931035,Aqua,00:00:00
2012-10-03,2012-10-03 00:00:00,0.0557154398346718,1.1368821292775666,Aqua,00:00:00
2012-10-04,2012-10-04 00:00:00,0.11332041007920433,1.298136645962733,Aqua,00:00:00
2012-10-06,2012-10-06 00:00:00,0.06296849174857783,1.156028368794326,Aqua,00:00:00
2012-10-07,2012-10-07 00:00:00,0.12565717263963708,1.3355408388520973,Aqua,00:00:00
2012-10-08,2012-10-08 00:00:00,0.10426744476611122,1.2713567839195978,Aqua,00:00:00
2012-10-09,2012-10-09 00:00:00,0.10613218419521868,1.2768273716951788,Aqua,00:00:00
2012-10-10,2012-10-10 00:00:00,0.11237104059549965,1.2953020134228186,Aqua,00:00:00
2012-10-11,2012-10-11 00:00:00,0.12903588474934505,1.3459715639810428,Aqua,00:00:00
2012-10-13,2012-10-13 00:00:00,0.11839380892382412,1.3133903133903135,Aqua,00:00:00
2012-10-16,2012-10-16 00:00:00,0.0420038415935564,1.1015490533562822,Aqua,00:00:00
2012-10-17,2012-10-17 00:00:00,0.04535887237582654,1.1100917431192663,Aqua,00:00:00
2012-10-20,2012-10-20 00:00:00,0.02256582789874134,1.0533333333333332,Aqua,00:00:00
2012-10-25,2012-10-25 00:00:00,0.05378080913867686,1.1318289786223277,Aqua,00:00:00
2012-10-29,2012-10-29 00:00:00,0.06673854484987748,1.1661073825503356,Aqua,00:00:00
2012-11-04,2012-11-04 00:00:00,0.015428298945596008,1.0361635220125787,Aqua,00:00:00
2012-11-06,2012-11-06 00:00:00,-0.03824788878192962,0.9156976744186046,Aqua,00:00:00
2012-11-07,2012-11-07 00:00:00,0.01729425518641395,1.0406250000000001,Aqua,00:00:00
2012-11-10,2012-11-10 00:00:00,-0.001145392704100262,0.9973661106233539,Aqua,00:00:00
2012-11-25,2012-11-25 00:00:00,-0.06437547079955586,0.862232779097387,Aqua,00:00:00
2012-12-05,2012-12-05 00:00:00,0.011297314285126118,1.026354319180088,Aqua,00:00:00
2012-12-08,2012-12-08 00:00:00,-0.10948511928322922,0.7771679473106476,Aqua,00:00:00
2012-12-09,2012-12-09 00:00:00,-0.10049628014064006,0.7934210526315789,Aqua,00:00:00
2012-12-12,2012-12-12 00:00:00,0.015559614128995503,1.0364768683274022,Aqua,00:00:00
2012-12-13,2012-12-13 00:00:00,-0.11428066842624336,0.7686335403726708,Aqua,00:00:00
2013-03-08,2013-03-08 00:00:00,0.04725248164762627,1.114942528735632,Aqua,00:00:00
2013-03-09,2013-03-09 00:00:00,0.047652357093875386,1.1159695817490494,Aqua,00:00:00
2013-03-10,2013-03-10 00:00:00,0.06956427420922344,1.1737193763919822,Aqua,00:00:00
2013-03-13,2013-03-13 00:00:00,0.05994188806195468,1.148,Aqua,00:00:00
2013-03-15,2013-03-15 00:00:00,0.06781974365699861,1.1690140845070423,Aqua,00:00:00
2013-03-17,2013-03-17 00:00:00,-0.0018719618720007747,0.9956989247311828,Aqua,00:00:00
2013-03-22,2013-03-22 00:00:00,0.05636984112787783,1.1385964912280702,Aqua,00:00:00
2013-03-23,2013-03-23 00:00:00,0.06604669711795065,1.1642512077294687,Aqua,00:00:00
2013-03-29,2013-03-29 00:00:00,0.0764583877121515,1.1925,Aqua,00:00:00
2013-03-30,2013-03-30 00:00:00,0.06978997151615285,1.1743295019157087,Aqua,00:00:00
2013-04-02,2013-04-02 00:00:00,0.054912671320688125,1.1347826086956523,Aqua,00:00:00
2013-04-08,2013-04-08 00:00:00,0.010532226634711194,1.024547803617571,Aqua,00:00:00
2013-04-09,2013-04-09 00:00:00,0.026589010879293686,1.0631364562118126,Aqua,00:00:00
2013-04-11,2013-04-11 00:00:00,0.060627114112611236,1.149812734082397,Aqua,00:00:00
2013-04-15,2013-04-15 00:00:00,0.05937609562164432,1.146505376344086,Aqua,00:00:00
2013-04-17,2013-04-17 00:00:00,0.04390548569908171,1.1063829787234043,Aqua,00:00:00
2013-04-18,2013-04-18 00:00:00,0.04269589538414394,1.103305785123967,Aqua,00:00:00
2013-04-20,2013-04-20 00:00:00,0.03280466132380313,1.0784615384615386,Aqua,00:00:00
2013-04-22,2013-04-22 00:00:00,0.023824683274012846,1.0563909774436089,Aqua,00:00:00
2013-04-23,2013-04-23 00:00:00,0.013176805992963532,1.0308056872037916,Aqua,00:00:00
2013-04-24,2013-04-24 00:00:00,0.04224507891940269,1.1021611001964637,Aqua,00:00:00
2013-04-25,2013-04-25 00:00:00,0.021611149012677328,1.0510204081632653,Aqua,00:00:00
2013-04-26,2013-04-26 00:00:00,0.04342305109050639,1.1051546391752578,Aqua,00:00:00
2013-04-27,2013-04-27 00:00:00,0.03397224035751527,1.0813648293963254,Aqua,00:00:00
2013-04-30,2013-04-30 00:00:00,0.05136885843287743,1.1255605381165918,Aqua,00:00:00
2013-05-01,2013-05-01 00:00:00,0.05273177684907441,1.1290983606557377,Aqua,00:00:00
2013-05-02,2013-05-02 00:00:00,0.05150981944976646,1.125925925925926,Aqua,00:00:00
2013-05-03,2013-05-03 00:00:00,0.06131989032661429,1.1516483516483518,Aqua,00:00:00
2013-05-09,2013-05-09 00:00:00,0.05087981004790001,1.1242937853107344,Aqua,00:00:00
2013-05-10,2013-05-10 00:00:00,0.08149925488515303,1.2064220183486238,Aqua,00:00:00
2013-05-17,2013-05-17 00:00:00,0.0947080081519321,1.2436781609195402,Aqua,00:00:00
2013-05-19,2013-05-19 00:00:00,0.0987541537064267,1.2553191489361701,Aqua,00:00:00
2013-05-20,2013-05-20 00:00:00,0.0908880055808752,1.2327868852459016,Aqua,00:00:00
2013-05-23,2013-05-23 00:00:00,0.09823842189753973,1.2538293216630196,Aqua,00:00:00
2013-05-24,2013-05-24 00:00:00,0.0643839680668546,1.1598023064250411,Aqua,00:00:00
2013-05-26,2013-05-26 00:00:00,0.06312375013785385,1.156441717791411,Aqua,00:00:00
2013-05-28,2013-05-28 00:00:00,0.10318152245139128,1.268181818181818,Aqua,00:00:00
2013-05-29,2013-05-29 00:00:00,0.07347614618167869,1.1843393148450245,Aqua,00:00:00
2013-05-30,2013-05-30 00:00:00,0.11636782898721779,1.307277628032345,Aqua,00:00:00
2013-05-31,2013-05-31 00:00:00,0.12859807599154743,1.3446153846153845,Aqua,00:00:00
2013-06-01,2013-06-01 00:00:00,0.07276072494322844,1.1823899371069184,Aqua,00:00:00
2013-06-02,2013-06-02 00:00:00,0.06139662486785021,1.151851851851852,Aqua,00:00:00
2013-06-03,2013-06-03 00:00:00,0.11041248341170351,1.2894736842105263,Aqua,00:00:00
2013-06-04,2013-06-04 00:00:00,0.13803403469844766,1.3741496598639455,Aqua,00:00:00
2013-06-05,2013-06-05 00:00:00,0.11981309539202617,1.3176895306859207,Aqua,00:00:00
2013-06-06,2013-06-06 00:00:00,0.19009418409168724,1.5491525423728814,Aqua,00:00:00
2013-06-07,2013-06-07 00:00:00,0.16433212623230298,1.4599303135888502,Aqua,00:00:00
2013-06-08,2013-06-08 00:00:00,0.1705113816748447,1.4808510638297874,Aqua,00:00:00
2013-06-09,2013-06-09 00:00:00,0.1261328382181537,1.3370044052863437,Aqua,00:00:00
2013-06-10,2013-06-10 00:00:00,0.16100699266979548,1.4487951807228916,Aqua,00:00:00
2013-06-11,2013-06-11 00:00:00,0.16642452809808608,1.4669811320754718,Aqua,00:00:00
2013-06-12,2013-06-12 00:00:00,0.18958157132934883,1.5473251028806583,Aqua,00:00:00
2013-06-14,2013-06-14 00:00:00,0.18685308891112667,1.5376344086021505,Aqua,00:00:00
2013-06-17,2013-06-17 00:00:00,0.3329517093138127,2.152542372881356,Aqua,00:00:00
2013-06-18,2013-06-18 00:00:00,0.13160848171394135,1.353968253968254,Aqua,00:00:00
2013-06-21,2013-06-21 00:00:00,0.348953547981164,2.2333333333333334,Aqua,00:00:00
2013-06-22,2013-06-22 00:00:00,0.2863894694810911,1.9337016574585635,Aqua,00:00:00
2013-06-27,2013-06-27 00:00:00,0.3857437303115671,2.430769230769231,Aqua,00:00:00
2013-06-28,2013-06-28 00:00:00,0.3778146559110477,2.3867924528301887,Aqua,00:00:00
2013-06-29,2013-06-29 00:00:00,0.24769540679896743,1.7688679245283019,Aqua,00:00:00
2013-06-30,2013-06-30 00:00:00,0.2567105676156236,1.8059701492537312,Aqua,00:00:00
2013-07-02,2013-07-02 00:00:00,0.1595622013717126,1.4439834024896268,Aqua,00:00:00
2013-07-03,2013-07-03 00:00:00,0.17474460842040923,1.4953560371517027,Aqua,00:00:00
2013-07-04,2013-07-04 00:00:00,0.2697723019335392,1.8611111111111112,Aqua,00:00:00
2013-07-05,2013-07-05 00:00:00,0.3611182998025837,2.296774193548387,Aqua,00:00:00
2013-07-06,2013-07-06 00:00:00,0.2089854291797739,1.6180257510729614,Aqua,00:00:00
2013-07-08,2013-07-08 00:00:00,0.27182272457819495,1.8699186991869918,Aqua,00:00:00
2013-07-09,2013-07-09 00:00:00,0.16129398107491108,1.4497528830313016,Aqua,00:00:00
2013-07-10,2013-07-10 00:00:00,0.3163776875051358,2.0719424460431655,Aqua,00:00:00
2013-07-11,2013-07-11 00:00:00,0.2738777496203664,1.8787878787878787,Aqua,00:00:00
2013-07-12,2013-07-12 00:00:00,0.30543911456903633,2.0204081632653064,Aqua,00:00:00
2013-07-13,2013-07-13 00:00:00,0.267953536862395,1.853333333333333,Aqua,00:00:00
2013-07-14,2013-07-14 00:00:00,0.27041090332437734,1.863849765258216,Aqua,00:00:00
2013-07-17,2013-07-17 00:00:00,0.3364219707528226,2.1698113207547167,Aqua,00:00:00
2013-07-18,2013-07-18 00:00:00,0.13425519000809918,1.3622448979591837,Aqua,00:00:00
2013-07-19,2013-07-19 00:00:00,0.3044631715023752,2.015873015873016,Aqua,00:00:00
2013-07-20,2013-07-20 00:00:00,0.278753600952829,1.9000000000000001,Aqua,00:00:00
2013-07-21,2013-07-21 00:00:00,0.19689018103694964,1.5735849056603772,Aqua,00:00:00
2013-07-22,2013-07-22 00:00:00,0.23495791827650261,1.7177419354838708,Aqua,00:00:00
2013-07-23,2013-07-23 00:00:00,0.2167655081825692,1.6472727272727272,Aqua,00:00:00
2013-07-25,2013-07-25 00:00:00,0.3073471176876737,2.029304029304029,Aqua,00:00:00
2013-07-26,2013-07-26 00:00:00,0.18738953386011345,1.5395348837209304,Aqua,00:00:00
2013-07-27,2013-07-27 00:00:00,0.21302237745154415,1.6331360946745561,Aqua,00:00:00
2013-07-28,2013-07-28 00:00:00,0.24563706590978335,1.7605042016806722,Aqua,00:00:00
2013-07-29,2013-07-29 00:00:00,0.2464380228518078,1.7637540453074434,Aqua,00:00:00
2013-08-01,2013-08-01 00:00:00,0.1542009195076073,1.4262672811059909,Aqua,00:00:00
2013-08-02,2013-08-02 00:00:00,0.41612379760225043,2.606896551724138,Aqua,00:00:00
2013-08-03,2013-08-03 00:00:00,0.1327882223858194,1.3576512455516014,Aqua,00:00:00
2013-08-04,2013-08-04 00:00:00,0.24975892688533205,1.777292576419214,Aqua,00:00:00
2013-08-06,2013-08-06 00:00:00,0.16785794172799753,1.471830985915493,Aqua,00:00:00
2013-08-11,2013-08-11 00:00:00,0.15354796206311613,1.424124513618677,Aqua,00:00:00
2013-08-12,2013-08-12 00:00:00,0.13573137933522408,1.366883116883117,Aqua,00:00:00
2013-08-13,2013-08-13 00:00:00,0.10235334545444125,1.2657657657657657,Aqua,00:00:00
2013-08-14,2013-08-14 00:00:00,0.2945958856585713,1.9705882352941175,Aqua,00:00:00
2013-08-15,2013-08-15 00:00:00,0.10207585364879572,1.264957264957265,Aqua,00:00:00
2013-08-18,2013-08-18 00:00:00,0.3881801713828814,2.4444444444444446,Aqua,00:00:00
2013-08-19,2013-08-19 00:00:00,0.08488822017902227,1.215873015873016,Aqua,00:00:00
2013-08-20,2013-08-20 00:00:00,0.09023748573795008,1.2309417040358746,Aqua,00:00:00
2013-08-23,2013-08-23 00:00:00,0.6720978579357175,4.7,Aqua,00:00:00
2013-08-24,2013-08-24 00:00:00,0.12388334245123458,1.3300970873786409,Aqua,00:00:00
2013-08-26,2013-08-26 00:00:00,0.11625255742320724,1.3069306930693068,Aqua,00:00:00
2013-08-27,2013-08-27 00:00:00,0.11438078173636722,1.3013100436681222,Aqua,00:00:00
2013-08-28,2013-08-28 00:00:00,0.09661523127585141,1.2491530363192598,Aqua,00:00:00
2013-08-30,2013-08-30 00:00:00,0.13167211926726838,1.3541666666666667,Aqua,00:00:00
2013-08-31,2013-08-31 00:00:00,0.10275918535432313,1.266949152542373,Aqua,00:00:00
2013-09-01,2013-09-01 00:00:00,0.12769367232879772,1.3418181818181818,Aqua,00:00:00
2013-09-02,2013-09-02 00:00:00,0.1258501629279207,1.3361344537815125,Aqua,00:00:00
2013-09-03,2013-09-03 00:00:00,0.11938265466421233,1.3163841807909604,Aqua,00:00:00
2013-09-04,2013-09-04 00:00:00,0.11100295866500746,1.2912280701754386,Aqua,00:00:00
2013-09-06,2013-09-06 00:00:00,0.11745071521575003,1.3105413105413106,Aqua,00:00:00
2013-09-07,2013-09-07 00:00:00,0.08991639196205214,1.230031948881789,Aqua,00:00:00
2013-09-08,2013-09-08 00:00:00,0.12138765810000768,1.3224755700325734,Aqua,00:00:00
2013-09-09,2013-09-09 00:00:00,0.09198877641878633,1.2359154929577463,Aqua,00:00:00
2013-09-10,2013-09-10 00:00:00,0.12959609472097292,1.3477088948787062,Aqua,00:00:00
2013-09-11,2013-09-11 00:00:00,0.10172289116823388,1.2639296187683284,Aqua,00:00:00
2013-09-12,2013-09-12 00:00:00,0.1137961587850403,1.2995594713656389,Aqua,00:00:00
2013-09-13,2013-09-13 00:00:00,0.10282442231772762,1.2671394799054372,Aqua,00:00:00
2013-09-14,2013-09-14 00:00:00,0.10159789410470878,1.263565891472868,Aqua,00:00:00
2013-09-15,2013-09-15 00:00:00,0.0562980551934264,1.1384083044982698,Aqua,00:00:00
2013-09-18,2013-09-18 00:00:00,0.12353552219886194,1.3290322580645162,Aqua,00:00:00
2013-09-19,2013-09-19 00:00:00,0.1059945409698358,1.2764227642276422,Aqua,00:00:00
2013-09-20,2013-09-20 00:00:00,0.10940038839647075,1.286472148541114,Aqua,00:00:00
2013-09-25,2013-09-25 00:00:00,0.10473535052001305,1.272727272727273,Aqua,00:00:00
2013-09-27,2013-09-27 00:00:00,0.10430548363160334,1.2714681440443214,Aqua,00:00:00
2013-09-30,2013-09-30 00:00:00,0.004500501226676471,1.0104166666666667,Aqua,00:00:00
2013-10-02,2013-10-02 00:00:00,0.07218660100112571,1.1808278867102397,Aqua,00:00:00
2013-10-03,2013-10-03 00:00:00,0.08128777151263707,1.2058346839546192,Aqua,00:00:00
2013-10-04,2013-10-04 00:00:00,0.07126076241152753,1.1783132530120481,Aqua,00:00:00
2013-10-05,2013-10-05 00:00:00,0.09426991684184802,1.2424242424242424,Aqua,00:00:00
2013-10-06,2013-10-06 00:00:00,0.09221489179967657,1.2365591397849462,Aqua,00:00:00
2013-10-07,2013-10-07 00:00:00,0.07868090672741876,1.1986183074265977,Aqua,00:00:00
2013-10-09,2013-10-09 00:00:00,0.052596915090980564,1.128747795414462,Aqua,00:00:00
2013-10-11,2013-10-11 00:00:00,0.08183424441320443,1.2073529411764705,Aqua,00:00:00
2013-10-13,2013-10-13 00:00:00,0.036983566253170036,1.088888888888889,Aqua,00:00:00
2013-10-14,2013-10-14 00:00:00,0.04483999151710705,1.1087662337662336,Aqua,00:00:00
2013-10-15,2013-10-15 00:00:00,0.05799194697768673,1.1428571428571428,Aqua,00:00:00
2013-10-16,2013-10-16 00:00:00,0.024292536462819866,1.0575296108291032,Aqua,00:00:00
2013-10-17,2013-10-17 00:00:00,0.028068993847562843,1.066765578635015,Aqua,00:00:00
2013-10-18,2013-10-18 00:00:00,0.02632893872234915,1.0625,Aqua,00:00:00
2013-10-19,2013-10-19 00:00:00,0.020621627513748682,1.0486284289276808,Aqua,00:00:00
2013-10-20,2013-10-20 00:00:00,0.03252922482691996,1.0777777777777777,Aqua,00:00:00
2013-10-21,2013-10-21 00:00:00,0.03511361941632436,1.0842105263157893,Aqua,00:00:00
2013-10-22,2013-10-22 00:00:00,0.019684388016443986,1.046367851622875,Aqua,00:00:00
2013-10-23,2013-10-23 00:00:00,0.029333354547813714,1.0698757763975155,Aqua,00:00:00
2013-10-24,2013-10-24 00:00:00,0.01517850254221229,1.0355677154582763,Aqua,00:00:00
2013-10-25,2013-10-25 00:00:00,0.009198714151278412,1.0214067278287462,Aqua,00:00:00
2013-10-26,2013-10-26 00:00:00,0.006324788704750981,1.014669926650367,Aqua,00:00:00
2013-10-27,2013-10-27 00:00:00,-0.10287295998173315,0.7890909090909091,Aqua,00:00:00
2013-10-29,2013-10-29 00:00:00,-0.018774000875081607,0.9576923076923077,Aqua,00:00:00
2013-10-30,2013-10-30 00:00:00,-0.021835090240089648,0.9509658246656761,Aqua,00:00:00
2013-10-31,2013-10-31 00:00:00,-0.0006138438928696435,0.9985875706214689,Aqua,00:00:00
2013-11-01,2013-11-01 00:00:00,-0.011738403271244173,0.9733333333333333,Aqua,00:00:00
2013-11-09,2013-11-09 00:00:00,-0.05200056301196181,0.887154861944778,Aqua,00:00:00
2013-11-11,2013-11-11 00:00:00,0.008160261655709093,1.0189673340358274,Aqua,00:00:00
2013-11-13,2013-11-13 00:00:00,0.008241129292786,1.0191570881226053,Aqua,00:00:00
2013-11-17,2013-11-17 00:00:00,-0.05587050852684789,0.879284649776453,Aqua,00:00:00
2013-11-21,2013-11-21 00:00:00,-0.06455798220080253,0.8618705035971223,Aqua,00:00:00
2013-11-22,2013-11-22 00:00:00,-0.05818407017564556,0.8746130030959752,Aqua,00:00:00
2013-11-23,2013-11-23 00:00:00,-0.09012772055885633,0.8125915080527086,Aqua,00:00:00
2013-11-24,2013-11-24 00:00:00,-0.10248511500960224,0.789795918367347,Aqua,00:00:00
2013-11-25,2013-11-25 00:00:00,-0.09281435097832197,0.8075801749271136,Aqua,00:00:00
2013-11-28,2013-11-28 00:00:00,-0.006000710069383606,0.9862778730703259,Aqua,00:00:00
2013-12-04,2013-12-04 00:00:00,-0.1329138935719221,0.7363530778164924,Aqua,00:00:00
2014-02-16,2014-02-16 00:00:00,0.08489283900640057,1.215885947046843,Aqua,00:00:00
2014-02-19,2014-02-19 00:00:00,0.09653274834101114,1.248914616497829,Aqua,00:00:00
2014-02-22,2014-02-22 00:00:00,0.10336663056610816,1.2687224669603525,Aqua,00:00:00
2014-02-25,2014-02-25 00:00:00,0.1297270373947744,1.3481152993348116,Aqua,00:00:00
2014-03-07,2014-03-07 00:00:00,0.08029984159687618,1.2030947775628626,Aqua,00:00:00
2014-03-10,2014-03-10 00:00:00,0.06431734982092804,1.15962441314554,Aqua,00:00:00
2014-03-11,2014-03-11 00:00:00,0.07598996037073667,1.1912144702842375,Aqua,00:00:00
2014-03-12,2014-03-12 00:00:00,0.10505437975782461,1.2736625514403292,Aqua,00:00:00
2014-03-13,2014-03-13 00:00:00,0.09624982365076978,1.2481012658227848,Aqua,00:00:00
2014-03-14,2014-03-14 00:00:00,0.09673798112547294,1.2495049504950495,Aqua,00:00:00
2014-03-15,2014-03-15 00:00:00,0.09531960507149115,1.2454308093994777,Aqua,00:00:00
2014-03-17,2014-03-17 00:00:00,0.04522753993737695,1.1097560975609757,Aqua,00:00:00
2014-03-18,2014-03-18 00:00:00,0.08819478110984438,1.2251655629139073,Aqua,00:00:00
2014-03-19,2014-03-19 00:00:00,0.08230247239114759,1.2086553323029365,Aqua,00:00:00
2014-03-20,2014-03-20 00:00:00,0.08096479878804211,1.2049382716049384,Aqua,00:00:00
2014-03-21,2014-03-21 00:00:00,0.06485043246969743,1.1610486891385767,Aqua,00:00:00
2014-03-22,2014-03-22 00:00:00,0.06943380849242432,1.1733668341708543,Aqua,00:00:00
2014-03-23,2014-03-23 00:00:00,0.07918124604762482,1.2,Aqua,00:00:00
2014-04-02,2014-04-02 00:00:00,0.07904618323145213,1.199626865671642,Aqua,00:00:00
2014-04-06,2014-04-06 00:00:00,0.10301749618863441,1.2677029360967187,Aqua,00:00:00
2014-04-07,2014-04-07 00:00:00,0.05551732784983141,1.1363636363636365,Aqua,00:00:00
2014-04-10,2014-04-10 00:00:00,0.05570015019810193,1.1368421052631579,Aqua,00:00:00
2014-04-11,2014-04-11 00:00:00,0.059926446754886474,1.1479591836734695,Aqua,00:00:00
2014-04-12,2014-04-12 00:00:00,0.05868960894603763,1.1446945337620578,Aqua,00:00:00
2014-04-13,2014-04-13 00:00:00,0.09167117406743353,1.235011990407674,Aqua,00:00:00
2014-04-15,2014-04-15 00:00:00,0.03834499207621976,1.0923076923076924,Aqua,00:00:00
2014-04-16,2014-04-16 00:00:00,0.06826483155852639,1.1702127659574468,Aqua,00:00:00
2014-04-18,2014-04-18 00:00:00,0.07140341654664413,1.1787003610108302,Aqua,00:00:00
2014-04-19,2014-04-19 00:00:00,0.06128751387516432,1.1515625,Aqua,00:00:00
2014-04-20,2014-04-20 00:00:00,0.08088256757390566,1.2047101449275361,Aqua,00:00:00
2014-04-28,2014-04-28 00:00:00,0.06959291804164122,1.1737967914438503,Aqua,00:00:00
2014-04-29,2014-04-29 00:00:00,0.08860999047794303,1.2263374485596708,Aqua,00:00:00
2014-04-30,2014-04-30 00:00:00,0.06518883348567435,1.1619537275064267,Aqua,00:00:00
2014-05-03,2014-05-03 00:00:00,0.06694678963061322,1.1666666666666667,Aqua,00:00:00
2014-05-05,2014-05-05 00:00:00,0.07701518429111712,1.1940298507462686,Aqua,00:00:00
2014-05-06,2014-05-06 00:00:00,0.12851909062004346,1.3443708609271523,Aqua,00:00:00
2014-05-07,2014-05-07 00:00:00,0.0345774964872915,1.0828729281767955,Aqua,00:00:00
2014-05-10,2014-05-10 00:00:00,0.08255186296118928,1.209349593495935,Aqua,00:00:00
2014-05-11,2014-05-11 00:00:00,0.06282644382330367,1.1556503198294243,Aqua,00:00:00
2014-05-13,2014-05-13 00:00:00,0.06999642827158481,1.1748878923766817,Aqua,00:00:00
2014-05-14,2014-05-14 00:00:00,0.06647292762844244,1.1653944020356233,Aqua,00:00:00
2014-05-16,2014-05-16 00:00:00,0.052833728279609506,1.1293634496919918,Aqua,00:00:00
2014-05-17,2014-05-17 00:00:00,0.16901894984372257,1.4757709251101323,Aqua,00:00:00
2014-05-19,2014-05-19 00:00:00,0.09658938214675741,1.2490774907749078,Aqua,00:00:00
2014-05-20,2014-05-20 00:00:00,0.06835455255500357,1.1704545454545454,Aqua,00:00:00
2014-05-21,2014-05-21 00:00:00,0.07918124604762482,1.2,Aqua,00:00:00
2014-05-24,2014-05-24 00:00:00,0.08231050443776794,1.2086776859504131,Aqua,00:00:00
2014-05-26,2014-05-26 00:00:00,0.10011515288326783,1.2592592592592593,Aqua,00:00:00
2014-05-27,2014-05-27 00:00:00,0.03694608830337949,1.0887949260042284,Aqua,00:00:00
2014-05-29,2014-05-29 00:00:00,0.09993646763824426,1.2587412587412588,Aqua,00:00:00
2014-05-30,2014-05-30 00:00:00,0.09159050402944478,1.2347826086956522,Aqua,00:00:00
2014-05-31,2014-05-31 00:00:00,0.10592378822752306,1.2762148337595907,Aqua,00:00:00
2014-06-01,2014-06-01 00:00:00,0.10964814530860731,1.287206266318538,Aqua,00:00:00
2014-06-02,2014-06-02 00:00:00,0.10191449586061109,1.2644873699851413,Aqua,00:00:00
2014-06-03,2014-06-03 00:00:00,0.033668990952936254,1.0806100217864925,Aqua,00:00:00
2014-06-04,2014-06-04 00:00:00,0.15621161094876865,1.4328859060402686,Aqua,00:00:00
2014-06-05,2014-06-05 00:00:00,0.11452613038207984,1.3017456359102244,Aqua,00:00:00
2014-06-06,2014-06-06 00:00:00,0.12980210749700327,1.3483483483483483,Aqua,00:00:00
2014-06-07,2014-06-07 00:00:00,0.14562333546815093,1.3983739837398372,Aqua,00:00:00
2014-06-08,2014-06-08 00:00:00,0.15667098272458976,1.4344023323615158,Aqua,00:00:00
2014-06-09,2014-06-09 00:00:00,0.15427572414269497,1.4265129682997117,Aqua,00:00:00
2014-06-10,2014-06-10 00:00:00,0.20217682736992262,1.5928571428571427,Aqua,00:00:00
2014-06-11,2014-06-11 00:00:00,0.2036123327069442,1.5981308411214954,Aqua,00:00:00
2014-06-12,2014-06-12 00:00:00,0.06890019191187033,1.1719260065288357,Aqua,00:00:00
2014-06-13,2014-06-13 00:00:00,0.22527775514010598,1.6798780487804879,Aqua,00:00:00
2014-06-15,2014-06-15 00:00:00,0.16016003200074008,1.4459724950884085,Aqua,00:00:00
2014-06-16,2014-06-16 00:00:00,0.19990349825476136,1.5845410628019325,Aqua,00:00:00
2014-06-17,2014-06-17 00:00:00,0.20067773624490753,1.5873684210526318,Aqua,00:00:00
2014-06-18,2014-06-18 00:00:00,0.2893311204242473,1.946843853820598,Aqua,00:00:00
2014-06-19,2014-06-19 00:00:00,0.11328995025494469,1.2980456026058633,Aqua,00:00:00
2014-06-20,2014-06-20 00:00:00,0.23901677475337027,1.7338709677419355,Aqua,00:00:00
2014-06-22,2014-06-22 00:00:00,0.26342333822515834,1.8341013824884793,Aqua,00:00:00
2014-06-23,2014-06-23 00:00:00,0.15257102523633023,1.4209245742092456,Aqua,00:00:00
2014-06-28,2014-06-28 00:00:00,0.36254803358319615,2.3043478260869565,Aqua,00:00:00
2014-06-29,2014-06-29 00:00:00,0.3174204118521505,2.0769230769230766,Aqua,00:00:00
2014-06-30,2014-06-30 00:00:00,0.22899044365251225,1.6943005181347148,Aqua,00:00:00
2014-07-01,2014-07-01 00:00:00,0.19975517725347472,1.584,Aqua,00:00:00
2014-07-02,2014-07-02 00:00:00,0.21670910996394527,1.6470588235294117,Aqua,00:00:00
2014-07-05,2014-07-05 00:00:00,0.3056452833276687,2.0213675213675213,Aqua,00:00:00
2014-07-06,2014-07-06 00:00:00,0.2182689321942807,1.6529850746268655,Aqua,00:00:00
2014-07-07,2014-07-07 00:00:00,0.20776228833775123,1.6134751773049643,Aqua,00:00:00
2014-07-10,2014-07-10 00:00:00,0.26830615085535775,1.854838709677419,Aqua,00:00:00
2014-07-12,2014-07-12 00:00:00,0.26324143477458145,1.8333333333333335,Aqua,00:00:00
2014-07-15,2014-07-15 00:00:00,0.16780211224038477,1.471641791044776,Aqua,00:00:00
2014-07-17,2014-07-17 00:00:00,0.154493980170016,1.4272300469483568,Aqua,00:00:00
2014-07-18,2014-07-18 00:00:00,0.26626788940476925,1.8461538461538463,Aqua,00:00:00
2014-07-19,2014-07-19 00:00:00,0.20512413219437817,1.6037037037037039,Aqua,00:00:00
2014-07-20,2014-07-20 00:00:00,0.19986910550226633,1.5844155844155843,Aqua,00:00:00
2014-07-24,2014-07-24 00:00:00,0.2571767119580993,1.807909604519774,Aqua,00:00:00
2014-07-25,2014-07-25 00:00:00,0.2642737492180965,1.8376963350785338,Aqua,00:00:00
2014-07-26,2014-07-26 00:00:00,0.20564650261739734,1.6056338028169015,Aqua,00:00:00
2014-08-01,2014-08-01 00:00:00,0.7101541712885325,5.130434782608695,Aqua,00:00:00
2014-08-03,2014-08-03 00:00:00,0.16971824336392272,1.4781491002570692,Aqua,00:00:00
2014-08-04,2014-08-04 00:00:00,0.4959248185423681,3.1327433628318584,Aqua,00:00:00
2014-08-07,2014-08-07 00:00:00,0.16450938650586608,1.4605263157894737,Aqua,00:00:00
2014-08-08,2014-08-08 00:00:00,0.2041199826559248,1.6,Aqua,00:00:00
2014-08-09,2014-08-09 00:00:00,0.20865316340268156,1.616788321167883,Aqua,00:00:00
2014-08-10,2014-08-10 00:00:00,0.33403025576690654,2.1578947368421053,Aqua,00:00:00
2014-08-11,2014-08-11 00:00:00,0.2469089416185039,1.7656675749318798,Aqua,00:00:00
2014-08-14,2014-08-14 00:00:00,0.12972251648431513,1.3481012658227849,Aqua,00:00:00
2014-08-15,2014-08-15 00:00:00,-0.2714747521022652,0.5352112676056338,Aqua,00:00:00
2014-08-16,2014-08-16 00:00:00,0.13427876286244328,1.36231884057971,Aqua,00:00:00
2014-08-17,2014-08-17 00:00:00,0.21158429589175387,1.6277372262773722,Aqua,00:00:00
2014-08-18,2014-08-18 00:00:00,0.12570536431293508,1.3356890459363957,Aqua,00:00:00
2014-08-19,2014-08-19 00:00:00,0.2925968281271184,1.9615384615384615,Aqua,00:00:00
2014-08-20,2014-08-20 00:00:00,0.14252391140941278,1.3884297520661157,Aqua,00:00:00
2014-08-21,2014-08-21 00:00:00,0.1450927682466328,1.3966666666666665,Aqua,00:00:00
2014-08-22,2014-08-22 00:00:00,0.0909542392979325,1.232974910394265,Aqua,00:00:00
2014-08-23,2014-08-23 00:00:00,0.14221855405325529,1.3874538745387452,Aqua,00:00:00
2014-08-24,2014-08-24 00:00:00,0.11340419086961462,1.2983870967741935,Aqua,00:00:00
2014-08-25,2014-08-25 00:00:00,0.12233816307777456,1.3253731343283581,Aqua,00:00:00
2014-08-26,2014-08-26 00:00:00,0.15590379314488836,1.4318706697459582,Aqua,00:00:00
2014-08-27,2014-08-27 00:00:00,0.1693504111496258,1.476897689768977,Aqua,00:00:00
2014-08-29,2014-08-29 00:00:00,0.014640526182890056,1.0342857142857143,Aqua,00:00:00
2014-08-31,2014-08-31 00:00:00,0.23038391210011894,1.6997455470737912,Aqua,00:00:00
2014-09-01,2014-09-01 00:00:00,0.17271151840430063,1.4883720930232558,Aqua,00:00:00
2014-09-02,2014-09-02 00:00:00,-0.14881717418901924,0.7098765432098766,Aqua,00:00:00
2014-09-03,2014-09-03 00:00:00,0.14575299724223434,1.3987915407854983,Aqua,00:00:00
2014-09-04,2014-09-04 00:00:00,0.1528980341861907,1.421994884910486,Aqua,00:00:00
2014-09-05,2014-09-05 00:00:00,0.12855486476004035,1.3444816053511703,Aqua,00:00:00
2014-09-06,2014-09-06 00:00:00,0.10852137823941518,1.2838709677419355,Aqua,00:00:00
2014-09-07,2014-09-07 00:00:00,0.13179358325404897,1.3545454545454545,Aqua,00:00:00
2014-09-08,2014-09-08 00:00:00,0.12704743168063423,1.3398230088495575,Aqua,00:00:00
2014-09-09,2014-09-09 00:00:00,0.15153096390003662,1.4175257731958764,Aqua,00:00:00
2014-09-10,2014-09-10 00:00:00,0.1633870411197437,1.4567567567567568,Aqua,00:00:00
2014-09-11,2014-09-11 00:00:00,0.11734960099874833,1.3102362204724411,Aqua,00:00:00
2014-09-14,2014-09-14 00:00:00,0.12147030816370098,1.3227272727272725,Aqua,00:00:00
2014-09-15,2014-09-15 00:00:00,0.08060325633755347,1.2039355992844363,Aqua,00:00:00
2014-09-16,2014-09-16 00:00:00,0.13781500077431955,1.3734567901234571,Aqua,00:00:00
2014-09-17,2014-09-17 00:00:00,0.0642192675048691,1.1593625498007967,Aqua,00:00:00
2014-09-19,2014-09-19 00:00:00,0.14256284168561184,1.3885542168674698,Aqua,00:00:00
2014-09-20,2014-09-20 00:00:00,0.15331831075831315,1.4233716475095786,Aqua,00:00:00
2014-09-21,2014-09-21 00:00:00,0.15062853690491446,1.4145833333333333,Aqua,00:00:00
2014-09-26,2014-09-26 00:00:00,0.19152149060829138,1.55425219941349,Aqua,00:00:00
2014-09-29,2014-09-29 00:00:00,0.19119562223060033,1.5530864197530863,Aqua,00:00:00
2014-09-30,2014-09-30 00:00:00,0.18102863472155814,1.517150395778364,Aqua,00:00:00
2014-10-01,2014-10-01 00:00:00,0.217704454237381,1.6508379888268156,Aqua,00:00:00
2014-10-02,2014-10-02 00:00:00,0.16865134294473813,1.4745222929936304,Aqua,00:00:00
2014-10-03,2014-10-03 00:00:00,0.1678372306292262,1.4717607973421927,Aqua,00:00:00
2014-10-04,2014-10-04 00:00:00,0.17656563865708336,1.501639344262295,Aqua,00:00:00
2014-10-05,2014-10-05 00:00:00,0.21213091169688647,1.6297872340425532,Aqua,00:00:00
2014-10-06,2014-10-06 00:00:00,0.21379110694673287,1.6360294117647058,Aqua,00:00:00
2014-10-07,2014-10-07 00:00:00,0.17960783277851844,1.5121951219512197,Aqua,00:00:00
2014-10-08,2014-10-08 00:00:00,0.1582201237996285,1.4395280235988202,Aqua,00:00:00
2014-10-09,2014-10-09 00:00:00,0.14515754481203053,1.396875,Aqua,00:00:00
2014-10-12,2014-10-12 00:00:00,0.10334412301346634,1.2686567164179106,Aqua,00:00:00
2014-10-13,2014-10-13 00:00:00,0.033200577359549434,1.0794451450189155,Aqua,00:00:00
2014-10-16,2014-10-16 00:00:00,0.04068708876921636,1.0982142857142858,Aqua,00:00:00
2014-10-18,2014-10-18 00:00:00,0.09909423126791768,1.2563025210084033,Aqua,00:00:00
2014-10-24,2014-10-24 00:00:00,0.08608360393026819,1.2192242833052276,Aqua,00:00:00
2014-10-25,2014-10-25 00:00:00,-0.07966352758736295,0.832408435072142,Aqua,00:00:00
2014-10-27,2014-10-27 00:00:00,-0.056701323496192196,0.8776041666666666,Aqua,00:00:00
2014-11-01,2014-11-01 00:00:00,-0.006440926049635678,0.9852786540483701,Aqua,00:00:00
2014-11-07,2014-11-07 00:00:00,-0.0335261955114613,0.9257075471698113,Aqua,00:00:00
2014-11-08,2014-11-08 00:00:00,0.0010279164133685133,1.0023696682464456,Aqua,00:00:00
2014-11-10,2014-11-10 00:00:00,-0.05338203246000338,0.8843373493975903,Aqua,00:00:00
2014-11-11,2014-11-11 00:00:00,-0.07027173547819025,0.8506056527590848,Aqua,00:00:00
2014-11-15,2014-11-15 00:00:00,-0.020614455197919736,0.9536423841059604,Aqua,00:00:00
2014-11-16,2014-11-16 00:00:00,0.0,1.0,Aqua,00:00:00
2014-11-17,2014-11-17 00:00:00,0.009996989579351587,1.0232858990944371,Aqua,00:00:00
2014-11-24,2014-11-24 00:00:00,0.028247566881217535,1.0672043010752688,Aqua,00:00:00
2014-11-25,2014-11-25 00:00:00,0.03876096909181342,1.0933544303797469,Aqua,00:00:00
2014-11-29,2014-11-29 00:00:00,0.006775402346670258,1.0157232704402517,Aqua,00:00:00
2014-12-26,2014-12-26 00:00:00,-0.06010188383337928,0.8707592891760905,Aqua,00:00:00
2014-12-28,2014-12-28 00:00:00,-0.16340535303263,0.6864274570982839,Aqua,00:00:00
2014-12-30,2014-12-30 00:00:00,-0.18290143324201852,0.6562942008486563,Aqua,00:00:00
2014-12-31,2014-12-31 00:00:00,-0.09377232915920372,0.8058007566204286,Aqua,00:00:00
2015-01-01,2015-01-01 00:00:00,-0.11262543940285298,0.7715686274509804,Aqua,00:00:00
2015-01-07,2015-01-07 00:00:00,-0.047943999808036375,0.8954802259887005,Aqua,00:00:00
2015-01-19,2015-01-19 00:00:00,0.04515283403153186,1.1095652173913044,Aqua,00:00:00
2015-01-20,2015-01-20 00:00:00,-0.04094633929991997,0.9100257069408739,Aqua,00:00:00
2015-01-24,2015-01-24 00:00:00,0.037025077864930006,1.0889929742388758,Aqua,00:00:00
2015-01-25,2015-01-25 00:00:00,0.032739515106913045,1.0782997762863533,Aqua,00:00:00
2015-01-30,2015-01-30 00:00:00,0.003507107741692573,1.008108108108108,Aqua,00:00:00
2015-01-31,2015-01-31 00:00:00,-0.007278848850563811,0.9833795013850416,Aqua,00:00:00
2015-02-14,2015-02-14 00:00:00,-0.053532791263785164,0.8840304182509505,Aqua,00:00:00
2015-02-17,2015-02-17 00:00:00,0.030831812630779575,1.0735735735735736,Aqua,00:00:00
2015-02-18,2015-02-18 00:00:00,-0.018901785678553402,0.9574105621805792,Aqua,00:00:00
2015-02-19,2015-02-19 00:00:00,-0.022496235000282583,0.9495192307692306,Aqua,00:00:00
2015-02-20,2015-02-20 00:00:00,0.028028723600243444,1.0666666666666664,Aqua,00:00:00
2015-02-21,2015-02-21 00:00:00,0.028717365357600017,1.068359375,Aqua,00:00:00
2015-02-22,2015-02-22 00:00:00,-0.0008659912777735681,0.9980079681274902,Aqua,00:00:00
2015-02-23,2015-02-23 00:00:00,-0.032317800455019134,0.9282868525896415,Aqua,00:00:00
2015-02-24,2015-02-24 00:00:00,0.014811879304822303,1.0346938775510204,Aqua,00:00:00
2015-02-25,2015-02-25 00:00:00,0.03370362539914754,1.0806962025316456,Aqua,00:00:00
2015-02-28,2015-02-28 00:00:00,0.021801867016502385,1.0514820592823713,Aqua,00:00:00
2015-03-01,2015-03-01 00:00:00,0.027420196744305736,1.065173116089613,Aqua,00:00:00
2015-03-02,2015-03-02 00:00:00,0.02348109584952281,1.0555555555555554,Aqua,00:00:00
2015-03-03,2015-03-03 00:00:00,0.035245999882424286,1.0845410628019325,Aqua,00:00:00
2015-03-04,2015-03-04 00:00:00,0.03176201230942251,1.075875486381323,Aqua,00:00:00
2015-03-06,2015-03-06 00:00:00,0.048778823763473596,1.118867924528302,Aqua,00:00:00
2015-03-07,2015-03-07 00:00:00,0.04526030163184176,1.1098398169336383,Aqua,00:00:00
2015-03-08,2015-03-08 00:00:00,0.053276216077236864,1.130514705882353,Aqua,00:00:00
2015-03-09,2015-03-09 00:00:00,0.0424279525898302,1.1026252983293556,Aqua,00:00:00
2015-03-12,2015-03-12 00:00:00,0.05286175169200616,1.1294363256784967,Aqua,00:00:00
2015-03-17,2015-03-17 00:00:00,0.05657345530215261,1.1391304347826088,Aqua,00:00:00
2015-03-18,2015-03-18 00:00:00,0.03967270476395126,1.0956521739130436,Aqua,00:00:00
2015-03-21,2015-03-21 00:00:00,0.040182388559129346,1.0969387755102042,Aqua,00:00:00
2015-03-26,2015-03-26 00:00:00,0.05276161833001277,1.1291759465478841,Aqua,00:00:00
2015-03-27,2015-03-27 00:00:00,0.04139268515822508,1.1,Aqua,00:00:00
2015-03-28,2015-03-28 00:00:00,0.03866681089932162,1.0931174089068827,Aqua,00:00:00
2015-03-29,2015-03-29 00:00:00,0.052730258169632824,1.1290944123314066,Aqua,00:00:00
2015-04-01,2015-04-01 00:00:00,0.036796933469075935,1.088421052631579,Aqua,00:00:00
2015-04-02,2015-04-02 00:00:00,0.05133321497418309,1.1254681647940075,Aqua,00:00:00
2015-04-09,2015-04-09 00:00:00,0.028538343938068027,1.067919075144509,Aqua,00:00:00
2015-04-10,2015-04-10 00:00:00,0.0144592823955842,1.0338541666666665,Aqua,00:00:00
2015-04-11,2015-04-11 00:00:00,0.06414148649319447,1.1591549295774646,Aqua,00:00:00
2015-04-12,2015-04-12 00:00:00,0.013339813292418625,1.0311926605504587,Aqua,00:00:00
2015-04-14,2015-04-14 00:00:00,0.01112957076380165,1.0259579728059334,Aqua,00:00:00
2015-04-15,2015-04-15 00:00:00,-0.0017511897997634083,0.9959758551307847,Aqua,00:00:00
2015-04-16,2015-04-16 00:00:00,0.02948129862086676,1.0702402957486137,Aqua,00:00:00
2015-04-17,2015-04-17 00:00:00,0.02128823846708612,1.0502392344497606,Aqua,00:00:00
2015-04-19,2015-04-19 00:00:00,0.05703850097036417,1.1403508771929824,Aqua,00:00:00
2015-04-22,2015-04-22 00:00:00,0.03586690075452845,1.086092715231788,Aqua,00:00:00
2015-04-24,2015-04-24 00:00:00,0.03977406886335014,1.0959079283887467,Aqua,00:00:00
2015-04-25,2015-04-25 00:00:00,0.06627554609373655,1.1648648648648647,Aqua,00:00:00
2015-04-26,2015-04-26 00:00:00,0.06774293005870807,1.1688073394495415,Aqua,00:00:00
2015-04-27,2015-04-27 00:00:00,0.07743357977810476,1.1951807228915663,Aqua,00:00:00
2015-04-29,2015-04-29 00:00:00,0.05877800055318619,1.1449275362318843,Aqua,00:00:00
2015-04-30,2015-04-30 00:00:00,0.07944060376324773,1.2007168458781363,Aqua,00:00:00
2015-05-01,2015-05-01 00:00:00,0.06750286458738258,1.1681614349775784,Aqua,00:00:00
2015-05-02,2015-05-02 00:00:00,0.09777947172068531,1.25250501002004,Aqua,00:00:00
2015-05-03,2015-05-03 00:00:00,0.08775949813649958,1.2239382239382237,Aqua,00:00:00
2015-05-04,2015-05-04 00:00:00,0.06002179528770535,1.1482112436115843,Aqua,00:00:00
2015-05-06,2015-05-06 00:00:00,0.08289636264535079,1.2103092783505154,Aqua,00:00:00
2015-05-07,2015-05-07 00:00:00,0.06106552301864109,1.150974025974026,Aqua,00:00:00
2015-05-09,2015-05-09 00:00:00,0.07872672535527113,1.198744769874477,Aqua,00:00:00
2015-05-24,2015-05-24 00:00:00,0.07930843728646135,1.2003514938488575,Aqua,00:00:00
2015-05-26,2015-05-26 00:00:00,0.1028593455212576,1.2672413793103448,Aqua,00:00:00
2015-05-27,2015-05-27 00:00:00,0.13906337929990634,1.3774104683195594,Aqua,00:00:00
2015-06-08,2015-06-08 00:00:00,0.2102867709985162,1.6228813559322035,Aqua,00:00:00
2015-06-10,2015-06-10 00:00:00,0.21387981994508107,1.6363636363636365,Aqua,00:00:00
2015-06-11,2015-06-11 00:00:00,0.24272616753687432,1.748743718592965,Aqua,00:00:00
2015-06-12,2015-06-12 00:00:00,0.28885271711314436,1.944700460829493,Aqua,00:00:00
2015-06-13,2015-06-13 00:00:00,0.12136737038604369,1.3224137931034483,Aqua,00:00:00
2015-06-14,2015-06-14 00:00:00,0.25390833015471537,1.7943548387096775,Aqua,00:00:00
2015-06-15,2015-06-15 00:00:00,0.27031863345914453,1.8634538152610443,Aqua,00:00:00
2015-06-16,2015-06-16 00:00:00,0.25982446607077414,1.8189655172413792,Aqua,00:00:00
2015-06-17,2015-06-17 00:00:00,0.30864939253417306,2.035398230088495,Aqua,00:00:00
2015-06-18,2015-06-18 00:00:00,0.3229989977833904,2.1037735849056602,Aqua,00:00:00
2015-06-19,2015-06-19 00:00:00,0.3833812885011127,2.417582417582418,Aqua,00:00:00
2015-06-21,2015-06-21 00:00:00,0.23139406752258676,1.7037037037037037,Aqua,00:00:00
2015-06-24,2015-06-24 00:00:00,0.26816852474420344,1.854251012145749,Aqua,00:00:00
2015-06-25,2015-06-25 00:00:00,0.23225151001612365,1.7070707070707072,Aqua,00:00:00
2015-06-29,2015-06-29 00:00:00,0.1757863840119898,1.4989473684210526,Aqua,00:00:00
2015-06-30,2015-06-30 00:00:00,0.2622352912256648,1.8290909090909093,Aqua,00:00:00
2015-07-01,2015-07-01 00:00:00,0.18151219191045254,1.518840579710145,Aqua,00:00:00
2015-07-02,2015-07-02 00:00:00,0.16987670253117465,1.4786885245901638,Aqua,00:00:00
2015-07-06,2015-07-06 00:00:00,0.22225444276300235,1.6682242990654206,Aqua,00:00:00
2015-07-07,2015-07-07 00:00:00,0.46852108295774486,2.941176470588235,Aqua,00:00:00
2015-07-15,2015-07-15 00:00:00,0.15604534234490544,1.4323374340949033,Aqua,00:00:00
2015-07-16,2015-07-16 00:00:00,0.28500255022983056,1.9275362318840583,Aqua,00:00:00
2015-07-18,2015-07-18 00:00:00,0.238806500283512,1.7330316742081446,Aqua,00:00:00
2015-07-19,2015-07-19 00:00:00,0.21788256239875498,1.6515151515151516,Aqua,00:00:00
2015-07-20,2015-07-20 00:00:00,0.24583749541485983,1.7613168724279835,Aqua,00:00:00
2015-07-23,2015-07-23 00:00:00,0.21260809288144372,1.631578947368421,Aqua,00:00:00
2015-07-24,2015-07-24 00:00:00,0.18080092778719717,1.5163551401869158,Aqua,00:00:00
2015-07-26,2015-07-26 00:00:00,0.25806092227080113,1.8115942028985508,Aqua,00:00:00
2015-07-27,2015-07-27 00:00:00,0.30418087634293933,2.0145631067961167,Aqua,00:00:00
2015-07-28,2015-07-28 00:00:00,0.23858370726004446,1.7321428571428572,Aqua,00:00:00
2015-07-29,2015-07-29 00:00:00,0.23713341737038485,1.7263681592039801,Aqua,00:00:00
2015-08-05,2015-08-05 00:00:00,0.2254760294652518,1.6806451612903226,Aqua,00:00:00
2015-08-06,2015-08-06 00:00:00,0.7408269273598312,5.5058823529411764,Aqua,00:00:00
2015-08-08,2015-08-08 00:00:00,0.1962946451439682,1.5714285714285714,Aqua,00:00:00
2015-08-12,2015-08-12 00:00:00,0.29677217252143984,1.980487804878049,Aqua,00:00:00
2015-08-13,2015-08-13 00:00:00,0.35276351416042506,2.253012048192771,Aqua,00:00:00
2015-08-14,2015-08-14 00:00:00,0.7993405494535817,6.3,Aqua,00:00:00
2015-08-15,2015-08-15 00:00:00,0.3726634618763194,2.3586497890295357,Aqua,00:00:00
2015-08-16,2015-08-16 00:00:00,0.2552725051033061,1.8000000000000003,Aqua,00:00:00
2015-08-17,2015-08-17 00:00:00,0.19473336911173944,1.5657894736842106,Aqua,00:00:00
2015-08-19,2015-08-19 00:00:00,0.24454863971153296,1.7560975609756098,Aqua,00:00:00
2015-08-20,2015-08-20 00:00:00,0.2607822295517836,1.8229813664596275,Aqua,00:00:00
2015-08-21,2015-08-21 00:00:00,0.23408320603336796,1.7142857142857142,Aqua,00:00:00
2015-08-22,2015-08-22 00:00:00,2.3242824552976926,211.0,Aqua,00:00:00
2015-08-24,2015-08-24 00:00:00,0.2646630219093755,1.839344262295082,Aqua,00:00:00
2015-08-27,2015-08-27 00:00:00,0.25785476749302966,1.8107344632768363,Aqua,00:00:00
2015-08-31,2015-08-31 00:00:00,0.2783660110280375,1.898305084745763,Aqua,00:00:00
2015-09-01,2015-09-01 00:00:00,0.24303804868629444,1.75,Aqua,00:00:00
2015-09-03,2015-09-03 00:00:00,0.27099528936613904,1.8663594470046083,Aqua,00:00:00
2015-09-04,2015-09-04 00:00:00,0.23037443471624355,1.6997084548104955,Aqua,00:00:00
2015-09-05,2015-09-05 00:00:00,0.3415035387184824,2.195348837209302,Aqua,00:00:00
2015-09-07,2015-09-07 00:00:00,0.2650547755380498,1.8410041841004186,Aqua,00:00:00
2015-09-08,2015-09-08 00:00:00,0.17609125905568124,1.5,Aqua,00:00:00
2015-09-09,2015-09-09 00:00:00,0.22328443516151075,1.6721854304635762,Aqua,00:00:00
2015-09-10,2015-09-10 00:00:00,0.24147113965558076,1.7436974789915967,Aqua,00:00:00
2015-09-13,2015-09-13 00:00:00,0.14420211464219954,1.393805309734513,Aqua,00:00:00
2015-09-18,2015-09-18 00:00:00,0.2544361168199484,1.7965367965367964,Aqua,00:00:00
2015-09-19,2015-09-19 00:00:00,0.2780273558305748,1.896825396825397,Aqua,00:00:00
2015-09-20,2015-09-20 00:00:00,0.2183130898014507,1.6531531531531531,Aqua,00:00:00
2015-09-21,2015-09-21 00:00:00,0.17558301501651366,1.4982456140350877,Aqua,00:00:00
2015-09-22,2015-09-22 00:00:00,0.2545178663697245,1.796875,Aqua,00:00:00
2015-09-23,2015-09-23 00:00:00,0.12541994937986406,1.3348115299334813,Aqua,00:00:00
2015-09-24,2015-09-24 00:00:00,0.1480203893559429,1.4061135371179039,Aqua,00:00:00
2015-09-25,2015-09-25 00:00:00,0.17952443489407519,1.5119047619047619,Aqua,00:00:00
2015-09-26,2015-09-26 00:00:00,0.14645105129885833,1.4010416666666665,Aqua,00:00:00
2015-09-27,2015-09-27 00:00:00,0.17216096542724882,1.4864864864864864,Aqua,00:00:00
2015-09-28,2015-09-28 00:00:00,0.15630065517830805,1.4331797235023043,Aqua,00:00:00
2015-09-29,2015-09-29 00:00:00,0.12839926871780646,1.344,Aqua,00:00:00
2015-10-02,2015-10-02 00:00:00,0.2032935419081426,1.596958174904943,Aqua,00:00:00
2015-10-04,2015-10-04 00:00:00,0.18191478959783852,1.5202492211838006,Aqua,00:00:00
2015-10-05,2015-10-05 00:00:00,0.25407727675962904,1.795053003533569,Aqua,00:00:00
2015-10-09,2015-10-09 00:00:00,0.12421911012731941,1.3311258278145695,Aqua,00:00:00
2015-10-11,2015-10-11 00:00:00,0.151525646518456,1.4175084175084176,Aqua,00:00:00
2015-10-12,2015-10-12 00:00:00,0.169946797333474,1.4789272030651341,Aqua,00:00:00
2015-10-13,2015-10-13 00:00:00,0.16711464016077143,1.4693140794223825,Aqua,00:00:00
2015-10-14,2015-10-14 00:00:00,0.13548038235683743,1.366093366093366,Aqua,00:00:00
2015-10-15,2015-10-15 00:00:00,0.11475740030882094,1.302439024390244,Aqua,00:00:00
2015-10-16,2015-10-16 00:00:00,0.14169299236934121,1.3857758620689655,Aqua,00:00:00
2015-10-20,2015-10-20 00:00:00,0.17659890900466182,1.5017543859649123,Aqua,00:00:00
2015-10-21,2015-10-21 00:00:00,0.1608129932368795,1.4481481481481482,Aqua,00:00:00
2015-10-22,2015-10-22 00:00:00,0.09052597570797336,1.2317596566523605,Aqua,00:00:00
2015-10-26,2015-10-26 00:00:00,0.0840144618660416,1.2134292565947242,Aqua,00:00:00
2015-10-28,2015-10-28 00:00:00,0.10636497525352118,1.277511961722488,Aqua,00:00:00
2015-10-29,2015-10-29 00:00:00,0.15025474313524306,1.4133663366336633,Aqua,00:00:00
2015-11-02,2015-11-02 00:00:00,0.048304679574555046,1.1176470588235294,Aqua,00:00:00
2015-11-04,2015-11-04 00:00:00,0.08953874360248346,1.228962818003914,Aqua,00:00:00
2015-11-10,2015-11-10 00:00:00,-0.014457739458061397,0.9672578444747613,Aqua,00:00:00
2015-11-12,2015-11-12 00:00:00,0.04636025884883568,1.1126543209876543,Aqua,00:00:00
2015-11-16,2015-11-16 00:00:00,0.005369377252094145,1.0124401913875598,Aqua,00:00:00
2015-11-18,2015-11-18 00:00:00,-0.04782679516363491,0.8957219251336899,Aqua,00:00:00
2015-11-20,2015-11-20 00:00:00,0.009949907862359029,1.0231749710312863,Aqua,00:00:00
2015-11-21,2015-11-21 00:00:00,-0.05184273972816482,0.8874773139745916,Aqua,00:00:00
2015-11-23,2015-11-23 00:00:00,-0.007371511885206852,0.9831697054698458,Aqua,00:00:00
2015-11-26,2015-11-26 00:00:00,-0.08961077426655695,0.8135593220338984,Aqua,00:00:00
2015-11-27,2015-11-27 00:00:00,-0.04409670657921067,0.9034482758620689,Aqua,00:00:00
2016-01-31,2016-01-31 00:00:00,0.11213527325512233,1.2945990180032734,Aqua,00:00:00
2016-02-01,2016-02-01 00:00:00,0.08521321081753795,1.2167832167832169,Aqua,00:00:00
2016-02-07,2016-02-07 00:00:00,0.09475112961341207,1.243801652892562,Aqua,00:00:00
2016-02-08,2016-02-08 00:00:00,0.0482449950445493,1.1174934725848564,Aqua,00:00:00
2016-02-17,2016-02-17 00:00:00,-0.0015631491928781373,0.9964071856287425,Aqua,00:00:00
2016-02-22,2016-02-22 00:00:00,-0.0034264042180973254,0.9921414538310414,Aqua,00:00:00
2016-02-24,2016-02-24 00:00:00,0.014608953758616539,1.0342105263157895,Aqua,00:00:00
2016-02-25,2016-02-25 00:00:00,0.04519674873725741,1.1096774193548387,Aqua,00:00:00
2016-03-03,2016-03-03 00:00:00,-0.02713204536070022,0.9394376351838499,Aqua,00:00:00
2016-03-07,2016-03-07 00:00:00,0.0037151165977259786,1.0085910652920962,Aqua,00:00:00
2016-03-16,2016-03-16 00:00:00,0.011450988682662472,1.0267175572519083,Aqua,00:00:00
2016-03-17,2016-03-17 00:00:00,0.04889644214315713,1.1191709844559585,Aqua,00:00:00
2016-03-19,2016-03-19 00:00:00,-0.07177092292559308,0.8476744186046512,Aqua,00:00:00
2016-03-22,2016-03-22 00:00:00,0.04109119643948542,1.099236641221374,Aqua,00:00:00
2016-03-24,2016-03-24 00:00:00,0.0337738316658918,1.0808709175738724,Aqua,00:00:00
2016-03-25,2016-03-25 00:00:00,0.0310959846972608,1.0742268041237113,Aqua,00:00:00
2016-03-27,2016-03-27 00:00:00,0.02605015761815562,1.0618181818181818,Aqua,00:00:00
2016-03-28,2016-03-28 00:00:00,0.12454659709461183,1.332129963898917,Aqua,00:00:00
2016-03-30,2016-03-30 00:00:00,-0.019254799292738406,0.9566326530612245,Aqua,00:00:00
2016-03-31,2016-03-31 00:00:00,0.01838947371962221,1.0432525951557092,Aqua,00:00:00
2016-04-01,2016-04-01 00:00:00,-0.012689453296662883,0.9712041884816753,Aqua,00:00:00
2016-04-02,2016-04-02 00:00:00,0.02188768697925836,1.05168986083499,Aqua,00:00:00
2016-04-04,2016-04-04 00:00:00,0.03130873615653391,1.0747531734837799,Aqua,00:00:00
2016-04-05,2016-04-05 00:00:00,0.029752605292857757,1.0709090909090908,Aqua,00:00:00
2016-04-06,2016-04-06 00:00:00,0.032669116753368053,1.0781249999999998,Aqua,00:00:00
2016-04-07,2016-04-07 00:00:00,-0.010723865391773113,0.975609756097561,Aqua,00:00:00
2016-04-09,2016-04-09 00:00:00,0.047222228818948914,1.114864864864865,Aqua,00:00:00
2016-04-10,2016-04-10 00:00:00,0.022106272172486726,1.052219321148825,Aqua,00:00:00
2016-04-11,2016-04-11 00:00:00,0.0544906978518618,1.1336805555555554,Aqua,00:00:00
2016-04-12,2016-04-12 00:00:00,0.003826407853052877,1.008849557522124,Aqua,00:00:00
2016-04-15,2016-04-15 00:00:00,0.018353201980879884,1.0431654676258995,Aqua,00:00:00
2016-04-16,2016-04-16 00:00:00,0.01643176378489725,1.038560411311054,Aqua,00:00:00
2016-04-17,2016-04-17 00:00:00,0.0,1.0,Aqua,00:00:00
2016-04-19,2016-04-19 00:00:00,0.010012996423053547,1.0233236151603498,Aqua,00:00:00
2016-04-25,2016-04-25 00:00:00,0.024260099613372717,1.0574506283662477,Aqua,00:00:00
2016-04-27,2016-04-27 00:00:00,0.43700403151168,2.735294117647059,Aqua,00:00:00
2016-04-28,2016-04-28 00:00:00,0.036028887367105925,1.0864978902953586,Aqua,00:00:00
2016-04-29,2016-04-29 00:00:00,0.07120461277315455,1.1781609195402298,Aqua,00:00:00
2016-04-30,2016-04-30 00:00:00,0.05720446810027286,1.1407867494824016,Aqua,00:00:00
2016-05-01,2016-05-01 00:00:00,0.03454926896904018,1.0828025477707006,Aqua,00:00:00
2016-05-08,2016-05-08 00:00:00,0.04953020273530926,1.1208053691275168,Aqua,00:00:00
2016-05-09,2016-05-09 00:00:00,0.028519729284995875,1.0678733031674208,Aqua,00:00:00
2016-05-10,2016-05-10 00:00:00,0.04777278179600077,1.116279069767442,Aqua,00:00:00
2016-05-11,2016-05-11 00:00:00,0.06621626888325713,1.164705882352941,Aqua,00:00:00
2016-05-17,2016-05-17 00:00:00,0.06694678963061314,1.1666666666666665,Aqua,00:00:00
2016-05-25,2016-05-25 00:00:00,0.11133235557324356,1.2922077922077921,Aqua,00:00:00
2016-05-26,2016-05-26 00:00:00,0.08876165987547949,1.2267657992565055,Aqua,00:00:00
2016-05-27,2016-05-27 00:00:00,0.09182765680648394,1.2354570637119113,Aqua,00:00:00
2016-05-28,2016-05-28 00:00:00,0.07511288391321218,1.188811188811189,Aqua,00:00:00
2016-05-30,2016-05-30 00:00:00,0.030166354570062837,1.0719298245614035,Aqua,00:00:00
2016-06-03,2016-06-03 00:00:00,0.16860323766313132,1.4743589743589745,Aqua,00:00:00
2016-06-06,2016-06-06 00:00:00,0.07375733723801144,1.1851063829787234,Aqua,00:00:00
2016-06-10,2016-06-10 00:00:00,0.047923552317182816,1.1166666666666667,Aqua,00:00:00
2016-06-11,2016-06-11 00:00:00,0.1662428896121254,1.4663677130044843,Aqua,00:00:00
2016-06-12,2016-06-12 00:00:00,0.17380549334813428,1.4921259842519685,Aqua,00:00:00
2016-06-18,2016-06-18 00:00:00,0.21590523285908467,1.644012944983819,Aqua,00:00:00
2016-06-19,2016-06-19 00:00:00,0.27792377638663684,1.8963730569948185,Aqua,00:00:00
2016-06-20,2016-06-20 00:00:00,0.2840852788493169,1.9234693877551023,Aqua,00:00:00
2016-06-21,2016-06-21 00:00:00,0.2805406072723694,1.9078341013824884,Aqua,00:00:00
2016-06-22,2016-06-22 00:00:00,0.2891056388545062,1.9458333333333335,Aqua,00:00:00
2016-06-23,2016-06-23 00:00:00,0.20103887376310808,1.588688946015424,Aqua,00:00:00
2016-06-24,2016-06-24 00:00:00,0.41649689283368274,2.609137055837563,Aqua,00:00:00
2016-06-25,2016-06-25 00:00:00,0.3112122984357734,2.0474452554744524,Aqua,00:00:00
2016-06-26,2016-06-26 00:00:00,0.20712549279565004,1.6111111111111112,Aqua,00:00:00
2016-06-27,2016-06-27 00:00:00,0.24510120925006784,1.7583333333333333,Aqua,00:00:00
2016-06-28,2016-06-28 00:00:00,0.2083613914154355,1.6157024793388428,Aqua,00:00:00
2016-06-29,2016-06-29 00:00:00,0.2388820889151368,1.7333333333333336,Aqua,00:00:00
2016-06-30,2016-06-30 00:00:00,0.253788461006888,1.793859649122807,Aqua,00:00:00
2016-07-01,2016-07-01 00:00:00,0.3210310737959832,2.094262295081967,Aqua,00:00:00
2016-07-02,2016-07-02 00:00:00,0.21849510760876853,1.6538461538461537,Aqua,00:00:00
2016-07-03,2016-07-03 00:00:00,0.2494721586917044,1.7761194029850749,Aqua,00:00:00
2016-07-04,2016-07-04 00:00:00,0.202808133919862,1.5951742627345846,Aqua,00:00:00
2016-07-05,2016-07-05 00:00:00,0.2745551001323593,1.8817204301075268,Aqua,00:00:00
2016-07-06,2016-07-06 00:00:00,0.1481527222446525,1.4065420560747663,Aqua,00:00:00
2016-07-11,2016-07-11 00:00:00,0.3469813244255548,2.223214285714286,Aqua,00:00:00
2016-07-12,2016-07-12 00:00:00,0.24501661466838234,1.7579908675799087,Aqua,00:00:00
2016-07-13,2016-07-13 00:00:00,0.21861977948615782,1.6543209876543208,Aqua,00:00:00
2016-07-14,2016-07-14 00:00:00,0.1802415450752054,1.5144032921810697,Aqua,00:00:00
2016-07-15,2016-07-15 00:00:00,0.1942314845801948,1.5639810426540284,Aqua,00:00:00
2016-07-16,2016-07-16 00:00:00,0.31882480999461127,2.0836501901140685,Aqua,00:00:00
2016-07-17,2016-07-17 00:00:00,0.17609125905568124,1.5,Aqua,00:00:00
2016-07-19,2016-07-19 00:00:00,0.1465848271817259,1.401473296500921,Aqua,00:00:00
2016-07-20,2016-07-20 00:00:00,0.34901412326292797,2.233644859813084,Aqua,00:00:00
2016-07-21,2016-07-21 00:00:00,0.2788673054912199,1.9004975124378112,Aqua,00:00:00
2016-07-22,2016-07-22 00:00:00,0.31137082900220003,2.0481927710843375,Aqua,00:00:00
2016-07-23,2016-07-23 00:00:00,0.2649778136106839,1.8406779661016948,Aqua,00:00:00
2016-07-24,2016-07-24 00:00:00,0.23747405751255607,1.7277227722772275,Aqua,00:00:00
2016-07-25,2016-07-25 00:00:00,0.2099495263166486,1.6216216216216215,Aqua,00:00:00
2016-07-26,2016-07-26 00:00:00,0.2619659728243388,1.8279569892473118,Aqua,00:00:00
2016-07-27,2016-07-27 00:00:00,0.20298753225701674,1.5958333333333334,Aqua,00:00:00
2016-07-28,2016-07-28 00:00:00,0.22493982659349826,1.6785714285714286,Aqua,00:00:00
2016-07-29,2016-07-29 00:00:00,0.2194123085450421,1.6573426573426575,Aqua,00:00:00
2016-07-30,2016-07-30 00:00:00,0.22832324783735417,1.6916996047430832,Aqua,00:00:00
2016-07-31,2016-07-31 00:00:00,0.22056953077718336,1.6617647058823528,Aqua,00:00:00
2016-08-01,2016-08-01 00:00:00,0.2907889224195416,1.9533898305084747,Aqua,00:00:00
2016-08-02,2016-08-02 00:00:00,0.13121230505607437,1.3527336860670194,Aqua,00:00:00
2016-08-03,2016-08-03 00:00:00,0.2623307729145855,1.8294930875576036,Aqua,00:00:00
2016-08-04,2016-08-04 00:00:00,0.2015182963358907,1.5904436860068258,Aqua,00:00:00
2016-08-06,2016-08-06 00:00:00,0.27775865325099314,1.8956521739130434,Aqua,00:00:00
2016-08-07,2016-08-07 00:00:00,0.2502948634283557,1.7794871794871796,Aqua,00:00:00
2016-08-08,2016-08-08 00:00:00,0.328601005030496,2.1310861423220975,Aqua,00:00:00
2016-08-09,2016-08-09 00:00:00,0.24181983054697642,1.7450980392156863,Aqua,00:00:00
2016-08-10,2016-08-10 00:00:00,0.20986968543363976,1.6213235294117645,Aqua,00:00:00
2016-08-11,2016-08-11 00:00:00,0.19426522798426782,1.564102564102564,Aqua,00:00:00
2016-08-12,2016-08-12 00:00:00,0.22355521343037346,1.6732283464566928,Aqua,00:00:00
2016-08-13,2016-08-13 00:00:00,0.22783042819756516,1.6897810218978102,Aqua,00:00:00
2016-08-15,2016-08-15 00:00:00,0.16791606270662532,1.472027972027972,Aqua,00:00:00
2016-08-16,2016-08-16 00:00:00,0.1434221423023131,1.391304347826087,Aqua,00:00:00
2016-08-17,2016-08-17 00:00:00,0.16320323670358253,1.456140350877193,Aqua,00:00:00
2016-08-18,2016-08-18 00:00:00,0.12374397799535646,1.3296703296703296,Aqua,00:00:00
2016-08-19,2016-08-19 00:00:00,0.10240899816419234,1.2659279778393353,Aqua,00:00:00
2016-08-20,2016-08-20 00:00:00,0.1603379186483269,1.4465648854961832,Aqua,00:00:00
2016-08-21,2016-08-21 00:00:00,0.1603848790490932,1.44672131147541,Aqua,00:00:00
2016-08-22,2016-08-22 00:00:00,0.20035983378261793,1.586206896551724,Aqua,00:00:00
2016-08-23,2016-08-23 00:00:00,0.22835515568195647,1.691823899371069,Aqua,00:00:00
2016-08-24,2016-08-24 00:00:00,0.23068761029986515,1.7009345794392523,Aqua,00:00:00
2016-08-25,2016-08-25 00:00:00,0.2665191445358174,1.8472222222222223,Aqua,00:00:00
2016-08-26,2016-08-26 00:00:00,0.08545574731956818,1.2174629324546953,Aqua,00:00:00
2016-08-27,2016-08-27 00:00:00,0.21356905464960033,1.6351931330472103,Aqua,00:00:00
2016-08-28,2016-08-28 00:00:00,0.26400002794894717,1.8365384615384615,Aqua,00:00:00
2016-08-30,2016-08-30 00:00:00,0.2131842331648028,1.633744855967078,Aqua,00:00:00
2016-08-31,2016-08-31 00:00:00,0.2183711651187997,1.6533742331288344,Aqua,00:00:00
2016-09-03,2016-09-03 00:00:00,0.23494816246726513,1.7177033492822966,Aqua,00:00:00
2016-09-04,2016-09-04 00:00:00,0.2424787511435686,1.7477477477477477,Aqua,00:00:00
2016-09-05,2016-09-05 00:00:00,0.23648927579924647,1.723809523809524,Aqua,00:00:00
2016-09-06,2016-09-06 00:00:00,0.2225749947386106,1.6694560669456069,Aqua,00:00:00
2016-09-08,2016-09-08 00:00:00,0.18905623622004894,1.5454545454545456,Aqua,00:00:00
2016-09-09,2016-09-09 00:00:00,0.16374082066925194,1.4579439252336448,Aqua,00:00:00
2016-09-10,2016-09-10 00:00:00,0.14802959567902507,1.4061433447098974,Aqua,00:00:00
2016-09-11,2016-09-11 00:00:00,0.19188552623891317,1.5555555555555556,Aqua,00:00:00
2016-09-12,2016-09-12 00:00:00,0.09480688792029213,1.243961352657005,Aqua,00:00:00
2016-09-13,2016-09-13 00:00:00,0.17609125905568124,1.5,Aqua,00:00:00
2016-09-14,2016-09-14 00:00:00,0.21836042177053502,1.6533333333333333,Aqua,00:00:00
2016-09-15,2016-09-15 00:00:00,0.21559980033935483,1.6428571428571428,Aqua,00:00:00
2016-09-19,2016-09-19 00:00:00,0.1414921456607969,1.385135135135135,Aqua,00:00:00
2016-09-24,2016-09-24 00:00:00,0.19111413264018792,1.5527950310559007,Aqua,00:00:00
2016-09-25,2016-09-25 00:00:00,0.1776450871243029,1.5053763440860215,Aqua,00:00:00
2016-09-26,2016-09-26 00:00:00,0.184524426592544,1.5294117647058822,Aqua,00:00:00
2016-09-27,2016-09-27 00:00:00,0.1747611064633342,1.4954128440366974,Aqua,00:00:00
2016-09-28,2016-09-28 00:00:00,0.15200906348126667,1.4190871369294606,Aqua,00:00:00
2016-09-29,2016-09-29 00:00:00,0.122869678469422,1.326996197718631,Aqua,00:00:00
2016-09-30,2016-09-30 00:00:00,0.089377560239755,1.2285067873303166,Aqua,00:00:00
2016-10-06,2016-10-06 00:00:00,0.1168208463861205,1.308641975308642,Aqua,00:00:00
2016-10-07,2016-10-07 00:00:00,0.1288203906814686,1.3453038674033149,Aqua,00:00:00
2016-10-10,2016-10-10 00:00:00,0.11216444857187106,1.2946859903381642,Aqua,00:00:00
2016-10-11,2016-10-11 00:00:00,0.12802981358544185,1.342857142857143,Aqua,00:00:00
2016-10-12,2016-10-12 00:00:00,0.13559004423833002,1.3664383561643838,Aqua,00:00:00
2016-10-18,2016-10-18 00:00:00,0.12765504484488083,1.3416988416988416,Aqua,00:00:00
2016-11-01,2016-11-01 00:00:00,0.03832483732951555,1.0922570016474464,Aqua,00:00:00
2016-11-04,2016-11-04 00:00:00,0.0637156355302359,1.1580188679245285,Aqua,00:00:00
2016-11-09,2016-11-09 00:00:00,0.09177037335564536,1.2352941176470589,Aqua,00:00:00
2016-11-10,2016-11-10 00:00:00,0.0899872164555992,1.2302325581395348,Aqua,00:00:00
2016-11-13,2016-11-13 00:00:00,0.057579446251500334,1.1417721518987343,Aqua,00:00:00
2016-11-17,2016-11-17 00:00:00,0.033259592006672126,1.079591836734694,Aqua,00:00:00
2016-11-30,2016-11-30 00:00:00,0.02518354601824883,1.0597014925373134,Aqua,00:00:00
2016-12-01,2016-12-01 00:00:00,0.005668898962429362,1.013138686131387,Aqua,00:00:00
2016-12-03,2016-12-03 00:00:00,0.015260565341662766,1.0357634112792298,Aqua,00:00:00
2016-12-05,2016-12-05 00:00:00,-0.12952566287792802,0.7421203438395416,Aqua,00:00:00
2016-12-10,2016-12-10 00:00:00,0.01940975405954908,1.0457063711911356,Aqua,00:00:00
2017-02-23,2017-02-23 00:00:00,0.1340183944602184,1.3615023474178405,Aqua,00:00:00
2017-02-25,2017-02-25 00:00:00,0.13901477322645073,1.3772563176895307,Aqua,00:00:00
2017-03-01,2017-03-01 00:00:00,0.06421926750486918,1.159362549800797,Aqua,00:00:00
2017-03-10,2017-03-10 00:00:00,0.04748430986118104,1.1155378486055776,Aqua,00:00:00
2017-03-13,2017-03-13 00:00:00,0.29897659003292243,1.9905660377358492,Aqua,00:00:00
2017-03-16,2017-03-16 00:00:00,0.06776236636213724,1.168859649122807,Aqua,00:00:00
2017-03-21,2017-03-21 00:00:00,0.054931367137729746,1.1348314606741572,Aqua,00:00:00
2017-03-31,2017-03-31 00:00:00,0.018127280637646803,1.042622950819672,Aqua,00:00:00
2017-04-02,2017-04-02 00:00:00,-0.003474374385301795,0.9920318725099602,Aqua,00:00:00
2017-04-03,2017-04-03 00:00:00,0.04234939839229593,1.1024258760107817,Aqua,00:00:00
2017-04-10,2017-04-10 00:00:00,0.033984497310367366,1.0813953488372092,Aqua,00:00:00
2017-04-14,2017-04-14 00:00:00,0.016599261819461673,1.0389610389610389,Aqua,00:00:00
2017-04-20,2017-04-20 00:00:00,0.027506421093630586,1.0653846153846154,Aqua,00:00:00
2017-04-21,2017-04-21 00:00:00,0.04636874257136617,1.1126760563380282,Aqua,00:00:00
2017-04-27,2017-04-27 00:00:00,0.033105124157981,1.079207920792079,Aqua,00:00:00
2017-04-28,2017-04-28 00:00:00,0.004607942240353558,1.0106666666666668,Aqua,00:00:00
2017-04-30,2017-04-30 00:00:00,0.041925889009000496,1.1013513513513515,Aqua,00:00:00
2017-05-02,2017-05-02 00:00:00,0.06854493120183981,1.1709677419354838,Aqua,00:00:00
2017-05-03,2017-05-03 00:00:00,0.032184683371401235,1.0769230769230769,Aqua,00:00:00
2017-05-06,2017-05-06 00:00:00,0.062147906748844434,1.1538461538461537,Aqua,00:00:00
2017-05-07,2017-05-07 00:00:00,0.019434763099428414,1.045766590389016,Aqua,00:00:00
2017-05-08,2017-05-08 00:00:00,0.00466987813348512,1.0108108108108107,Aqua,00:00:00
2017-05-09,2017-05-09 00:00:00,0.03368311320257262,1.0806451612903227,Aqua,00:00:00
2017-05-14,2017-05-14 00:00:00,0.0931534779701978,1.2392344497607655,Aqua,00:00:00
2017-05-15,2017-05-15 00:00:00,0.024245987574056726,1.0574162679425838,Aqua,00:00:00
2017-05-17,2017-05-17 00:00:00,0.004571563074483443,1.0105820105820107,Aqua,00:00:00
2017-05-18,2017-05-18 00:00:00,0.024542941077525922,1.058139534883721,Aqua,00:00:00
2017-05-19,2017-05-19 00:00:00,0.02948439810082059,1.0702479338842976,Aqua,00:00:00
2017-05-20,2017-05-20 00:00:00,0.02523582341607343,1.0598290598290598,Aqua,00:00:00
2017-05-22,2017-05-22 00:00:00,0.03186963476715847,1.0761421319796953,Aqua,00:00:00
2017-05-23,2017-05-23 00:00:00,0.08174346281222519,1.2071005917159763,Aqua,00:00:00
2017-05-24,2017-05-24 00:00:00,0.022213081862887337,1.052478134110787,Aqua,00:00:00
2017-05-25,2017-05-25 00:00:00,0.08078677276304325,1.2044444444444444,Aqua,00:00:00
2017-05-26,2017-05-26 00:00:00,0.0022367147220686704,1.0051635111876074,Aqua,00:00:00
2017-05-27,2017-05-27 00:00:00,0.06105396540997798,1.150943396226415,Aqua,00:00:00
2017-05-28,2017-05-28 00:00:00,0.04914653974978273,1.1198156682027651,Aqua,00:00:00
2017-05-29,2017-05-29 00:00:00,0.06787180485124744,1.1691542288557215,Aqua,00:00:00
2017-06-01,2017-06-01 00:00:00,0.0980464143941043,1.2532751091703056,Aqua,00:00:00
2017-06-02,2017-06-02 00:00:00,0.033541148238550623,1.0802919708029197,Aqua,00:00:00
2017-06-04,2017-06-04 00:00:00,0.003524728186104347,1.0081490104772992,Aqua,00:00:00
2017-06-05,2017-06-05 00:00:00,0.060146546147572595,1.1485411140583555,Aqua,00:00:00
2017-06-06,2017-06-06 00:00:00,0.06957888545635763,1.173758865248227,Aqua,00:00:00
2017-06-13,2017-06-13 00:00:00,0.10875197551502473,1.2845528455284554,Aqua,00:00:00
2017-06-17,2017-06-17 00:00:00,0.16506796469464075,1.462406015037594,Aqua,00:00:00
2017-06-18,2017-06-18 00:00:00,0.13272898103455175,1.3574660633484164,Aqua,00:00:00
2017-06-19,2017-06-19 00:00:00,0.11884021839684931,1.3147410358565736,Aqua,00:00:00
2017-06-20,2017-06-20 00:00:00,0.1267986729924238,1.3390557939914163,Aqua,00:00:00
2017-06-21,2017-06-21 00:00:00,0.09446786328187616,1.2429906542056075,Aqua,00:00:00
2017-06-22,2017-06-22 00:00:00,0.0983409681145051,1.254125412541254,Aqua,00:00:00
2017-06-23,2017-06-23 00:00:00,0.2024201977780304,1.59375,Aqua,00:00:00
2017-06-24,2017-06-24 00:00:00,0.184524426592544,1.5294117647058822,Aqua,00:00:00
2017-06-26,2017-06-26 00:00:00,0.1971520876375051,1.5745341614906834,Aqua,00:00:00
2017-06-27,2017-06-27 00:00:00,0.0770990630937376,1.1942604856512142,Aqua,00:00:00
2017-06-28,2017-06-28 00:00:00,0.2873142931927064,1.9378238341968912,Aqua,00:00:00
2017-06-29,2017-06-29 00:00:00,0.3356074921512727,2.165745856353591,Aqua,00:00:00
2017-06-30,2017-06-30 00:00:00,0.257251071085394,1.808219178082192,Aqua,00:00:00
2017-07-01,2017-07-01 00:00:00,0.2728877161781637,1.8745098039215686,Aqua,00:00:00
2017-07-02,2017-07-02 00:00:00,0.3047419369096985,2.017167381974249,Aqua,00:00:00
2017-07-03,2017-07-03 00:00:00,0.26205367807669994,1.8283261802575106,Aqua,00:00:00
2017-07-05,2017-07-05 00:00:00,0.25853176604306544,1.8135593220338984,Aqua,00:00:00
2017-07-06,2017-07-06 00:00:00,0.3672462645472383,2.329411764705882,Aqua,00:00:00
2017-07-07,2017-07-07 00:00:00,0.39669143718847044,2.492822966507177,Aqua,00:00:00
2017-07-08,2017-07-08 00:00:00,0.3083117503787506,2.033816425120773,Aqua,00:00:00
2017-07-09,2017-07-09 00:00:00,0.2909945033469077,1.9543147208121825,Aqua,00:00:00
2017-07-10,2017-07-10 00:00:00,0.3152704347785914,2.0666666666666664,Aqua,00:00:00
2017-07-11,2017-07-11 00:00:00,0.3021143769562012,2.0050000000000003,Aqua,00:00:00
2017-07-12,2017-07-12 00:00:00,0.30275681496448714,2.00796812749004,Aqua,00:00:00
2017-07-14,2017-07-14 00:00:00,0.27031451018191965,1.8634361233480177,Aqua,00:00:00
2017-07-15,2017-07-15 00:00:00,0.3236066878507543,2.1067193675889326,Aqua,00:00:00
2017-07-16,2017-07-16 00:00:00,0.3684850293337619,2.3360655737704916,Aqua,00:00:00
2017-07-17,2017-07-17 00:00:00,0.2215638729371334,1.6655737704918032,Aqua,00:00:00
2017-07-18,2017-07-18 00:00:00,0.2508458002217791,1.7817460317460319,Aqua,00:00:00
2017-07-19,2017-07-19 00:00:00,0.29344755216389473,1.9653846153846153,Aqua,00:00:00
2017-07-20,2017-07-20 00:00:00,0.3468753911904262,2.222672064777328,Aqua,00:00:00
2017-07-21,2017-07-21 00:00:00,0.31328747386699324,2.0572519083969465,Aqua,00:00:00
2017-07-22,2017-07-22 00:00:00,0.10284088022726891,1.2671875000000001,Aqua,00:00:00
2017-07-24,2017-07-24 00:00:00,0.21244128109452518,1.6309523809523812,Aqua,00:00:00
2017-07-25,2017-07-25 00:00:00,0.203569429678873,1.597972972972973,Aqua,00:00:00
2017-07-27,2017-07-27 00:00:00,0.3377046947427396,2.1762295081967213,Aqua,00:00:00
2017-07-28,2017-07-28 00:00:00,0.2651432591296003,1.8413793103448275,Aqua,00:00:00
2017-07-29,2017-07-29 00:00:00,0.19317080235279266,1.5601659751037344,Aqua,00:00:00
2017-07-30,2017-07-30 00:00:00,0.17117537873734742,1.4831168831168833,Aqua,00:00:00
2017-08-01,2017-08-01 00:00:00,0.19725653807738983,1.5749128919860629,Aqua,00:00:00
2017-08-02,2017-08-02 00:00:00,0.42387574276643736,2.6538461538461537,Aqua,00:00:00
2017-08-03,2017-08-03 00:00:00,0.14912777925222837,1.4097035040431267,Aqua,00:00:00
2017-08-08,2017-08-08 00:00:00,0.2620940246437344,1.8284960422163588,Aqua,00:00:00
2017-08-10,2017-08-10 00:00:00,0.1728622889254827,1.4888888888888887,Aqua,00:00:00
2017-08-15,2017-08-15 00:00:00,0.20091484278071337,1.588235294117647,Aqua,00:00:00
2017-08-16,2017-08-16 00:00:00,0.21337264426919578,1.634453781512605,Aqua,00:00:00
2017-08-17,2017-08-17 00:00:00,0.21387981994508098,1.6363636363636362,Aqua,00:00:00
2017-08-19,2017-08-19 00:00:00,0.1586873196959597,1.4410774410774412,Aqua,00:00:00
2017-08-20,2017-08-20 00:00:00,0.792975026700668,6.208333333333333,Aqua,00:00:00
2017-08-21,2017-08-21 00:00:00,0.19896814902948742,1.581132075471698,Aqua,00:00:00
2017-08-26,2017-08-26 00:00:00,0.19525441834269047,1.5676691729323307,Aqua,00:00:00
2017-08-28,2017-08-28 00:00:00,0.1775364999298622,1.5050000000000001,Aqua,00:00:00
2017-08-29,2017-08-29 00:00:00,0.4682577943883574,2.9393939393939394,Aqua,00:00:00
2017-08-31,2017-08-31 00:00:00,0.35427550761720633,2.2608695652173916,Aqua,00:00:00
2017-09-01,2017-09-01 00:00:00,0.20249297439854475,1.594017094017094,Aqua,00:00:00
2017-09-02,2017-09-02 00:00:00,-0.028028723600243537,0.9375,Aqua,00:00:00
2017-09-08,2017-09-08 00:00:00,0.20605448243312446,1.6071428571428572,Aqua,00:00:00
2017-09-09,2017-09-09 00:00:00,0.14951436458471634,1.4109589041095891,Aqua,00:00:00
2017-09-11,2017-09-11 00:00:00,0.18895604139161898,1.5450980392156863,Aqua,00:00:00
2017-09-20,2017-09-20 00:00:00,0.16874572273065058,1.4748427672955975,Aqua,00:00:00
2017-09-23,2017-09-23 00:00:00,0.1912404544799102,1.5532467532467533,Aqua,00:00:00
2017-09-24,2017-09-24 00:00:00,0.31633314611286456,2.071729957805907,Aqua,00:00:00
2017-09-26,2017-09-26 00:00:00,0.23044892137827397,1.7000000000000002,Aqua,00:00:00
2017-09-27,2017-09-27 00:00:00,0.20214541480024392,1.5927419354838708,Aqua,00:00:00
2017-09-28,2017-09-28 00:00:00,0.2364118683519507,1.7235023041474655,Aqua,00:00:00
2017-09-30,2017-09-30 00:00:00,0.16210761442195093,1.452471482889734,Aqua,00:00:00
2017-10-01,2017-10-01 00:00:00,0.113730515016665,1.2993630573248407,Aqua,00:00:00
2017-10-03,2017-10-03 00:00:00,0.1060989135927615,1.2767295597484278,Aqua,00:00:00
2017-10-05,2017-10-05 00:00:00,0.2808890845066662,1.9093655589123866,Aqua,00:00:00
2017-10-06,2017-10-06 00:00:00,0.1692025215455111,1.4763948497854076,Aqua,00:00:00
2017-10-07,2017-10-07 00:00:00,0.13133494179309638,1.3531157270029674,Aqua,00:00:00
2017-10-08,2017-10-08 00:00:00,0.1391791757229102,1.3777777777777778,Aqua,00:00:00
2017-10-11,2017-10-11 00:00:00,0.08441146750908331,1.2145390070921986,Aqua,00:00:00
2017-10-14,2017-10-14 00:00:00,0.13606213697020467,1.3679245283018868,Aqua,00:00:00
2017-10-15,2017-10-15 00:00:00,0.20157718007838019,1.5906593406593406,Aqua,00:00:00
2017-10-16,2017-10-16 00:00:00,0.13961675206411278,1.3791666666666669,Aqua,00:00:00
2017-10-17,2017-10-17 00:00:00,0.19293581570341103,1.559322033898305,Aqua,00:00:00
2017-10-20,2017-10-20 00:00:00,0.08306678583376695,1.2107843137254901,Aqua,00:00:00
2017-10-23,2017-10-23 00:00:00,0.21317221167138584,1.6336996336996337,Aqua,00:00:00
2017-10-24,2017-10-24 00:00:00,0.05651726141168106,1.1389830508474577,Aqua,00:00:00
2017-10-25,2017-10-25 00:00:00,0.13074600818604742,1.3512820512820514,Aqua,00:00:00
2017-10-26,2017-10-26 00:00:00,0.10207585364879572,1.264957264957265,Aqua,00:00:00
2017-10-27,2017-10-27 00:00:00,0.07595780660507043,1.1911262798634812,Aqua,00:00:00
2017-10-28,2017-10-28 00:00:00,0.1037648596538055,1.2698863636363638,Aqua,00:00:00
2017-10-29,2017-10-29 00:00:00,0.09386231992605117,1.2412587412587415,Aqua,00:00:00
2017-10-30,2017-10-30 00:00:00,0.03818224076095908,1.0918984280532043,Aqua,00:00:00
2017-10-31,2017-10-31 00:00:00,0.052813306428845734,1.129310344827586,Aqua,00:00:00
2017-11-01,2017-11-01 00:00:00,0.09770131808316032,1.2522796352583587,Aqua,00:00:00
2017-11-04,2017-11-04 00:00:00,0.08362988399196311,1.2123552123552124,Aqua,00:00:00
2017-11-06,2017-11-06 00:00:00,0.07752143856948278,1.1954225352112675,Aqua,00:00:00
2017-11-14,2017-11-14 00:00:00,0.008061381929613474,1.018735362997658,Aqua,00:00:00
2017-11-17,2017-11-17 00:00:00,0.04900877454187287,1.1194605009633911,Aqua,00:00:00
2017-12-03,2017-12-03 00:00:00,0.08407935603366753,1.2136105860113422,Aqua,00:00:00
2017-12-04,2017-12-04 00:00:00,-0.047889965488976595,0.8955916473317866,Aqua,00:00:00
2017-12-05,2017-12-05 00:00:00,0.0341065672941388,1.081699346405229,Aqua,00:00:00
2017-12-06,2017-12-06 00:00:00,0.015448491303578409,1.0362116991643455,Aqua,00:00:00
2017-12-07,2017-12-07 00:00:00,0.0569467130630367,1.14010989010989,Aqua,00:00:00
2017-12-09,2017-12-09 00:00:00,0.034837511152517694,1.0835214446952597,Aqua,00:00:00
2017-12-30,2017-12-30 00:00:00,0.07390421293406764,1.1855072463768115,Aqua,00:00:00
2018-01-06,2018-01-06 00:00:00,0.14731951648565678,1.403846153846154,Aqua,00:00:00
2018-01-07,2018-01-07 00:00:00,0.026833964987300157,1.063736263736264,Aqua,00:00:00
2018-02-05,2018-02-05 00:00:00,0.09017663034908796,1.2307692307692306,Aqua,00:00:00
2018-02-06,2018-02-06 00:00:00,0.083642123672987,1.2123893805309733,Aqua,00:00:00
2018-02-07,2018-02-07 00:00:00,0.09877680211100555,1.2553846153846153,Aqua,00:00:00
2018-02-11,2018-02-11 00:00:00,0.08696390315250044,1.2216981132075473,Aqua,00:00:00
2018-02-12,2018-02-12 00:00:00,0.08815665237308064,1.2250580046403712,Aqua,00:00:00
2018-02-13,2018-02-13 00:00:00,0.05403518636056768,1.1324921135646688,Aqua,00:00:00
2018-02-15,2018-02-15 00:00:00,0.05420996822768068,1.1329479768786128,Aqua,00:00:00
2018-02-18,2018-02-18 00:00:00,0.05178422362334215,1.1266375545851528,Aqua,00:00:00
2018-02-19,2018-02-19 00:00:00,0.08157846178588038,1.2066420664206643,Aqua,00:00:00
2018-02-22,2018-02-22 00:00:00,0.055922125404520504,1.1374233128834357,Aqua,00:00:00
2018-02-23,2018-02-23 00:00:00,0.06615064920251836,1.1645299145299144,Aqua,00:00:00
2018-02-26,2018-02-26 00:00:00,0.0777115509668492,1.1959459459459458,Aqua,00:00:00
2018-03-01,2018-03-01 00:00:00,0.04897644224817131,1.1193771626297577,Aqua,00:00:00
2018-03-03,2018-03-03 00:00:00,0.05715309054409051,1.1406518010291595,Aqua,00:00:00
2018-03-05,2018-03-05 00:00:00,0.03875258899201662,1.0933333333333333,Aqua,00:00:00
2018-03-19,2018-03-19 00:00:00,0.05708622301666274,1.1404761904761904,Aqua,00:00:00
2018-03-27,2018-03-27 00:00:00,0.04059372812758164,1.097978227060653,Aqua,00:00:00
2018-03-28,2018-03-28 00:00:00,0.03576460014979893,1.0858369098712446,Aqua,00:00:00
2018-03-31,2018-03-31 00:00:00,0.03277117161975327,1.0783783783783785,Aqua,00:00:00
2018-04-02,2018-04-02 00:00:00,0.04319527379607476,1.1045751633986929,Aqua,00:00:00
2018-04-08,2018-04-08 00:00:00,0.0494257031468753,1.1205357142857142,Aqua,00:00:00
2018-04-09,2018-04-09 00:00:00,0.03083384408044241,1.0735785953177257,Aqua,00:00:00
2018-04-16,2018-04-16 00:00:00,0.06014808211662611,1.1485451761102603,Aqua,00:00:00
2018-04-20,2018-04-20 00:00:00,0.046415014504446725,1.112794612794613,Aqua,00:00:00
2018-04-21,2018-04-21 00:00:00,0.05136885843287743,1.1255605381165918,Aqua,00:00:00
2018-04-22,2018-04-22 00:00:00,0.03983230339938603,1.0960548885077186,Aqua,00:00:00
2018-04-23,2018-04-23 00:00:00,0.03476210625921191,1.0833333333333333,Aqua,00:00:00
2018-04-25,2018-04-25 00:00:00,0.0490580909865833,1.1195876288659794,Aqua,00:00:00
2018-04-27,2018-04-27 00:00:00,0.025348320368367552,1.060103626943005,Aqua,00:00:00
2018-04-29,2018-04-29 00:00:00,0.05268914016977218,1.1289875173370318,Aqua,00:00:00
2018-05-01,2018-05-01 00:00:00,0.06349247278227706,1.1574239713774597,Aqua,00:00:00
2018-05-02,2018-05-02 00:00:00,0.05148366579693845,1.125858123569794,Aqua,00:00:00
2018-05-03,2018-05-03 00:00:00,0.07699473680026364,1.1939736346516008,Aqua,00:00:00
2018-05-06,2018-05-06 00:00:00,0.07855681102717661,1.1982758620689655,Aqua,00:00:00
2018-05-07,2018-05-07 00:00:00,0.08953127537711804,1.2289416846652268,Aqua,00:00:00
2018-05-09,2018-05-09 00:00:00,0.10283288754312625,1.2671641791044777,Aqua,00:00:00
2018-05-13,2018-05-13 00:00:00,0.04805645613166075,1.1170084439083232,Aqua,00:00:00
2018-05-14,2018-05-14 00:00:00,0.14872507483931494,1.4083969465648856,Aqua,00:00:00
2018-05-15,2018-05-15 00:00:00,0.22302093516440724,1.6711711711711712,Aqua,00:00:00
2018-05-18,2018-05-18 00:00:00,0.14286264825047068,1.3895131086142323,Aqua,00:00:00
2018-05-22,2018-05-22 00:00:00,0.12837191244669394,1.343915343915344,Aqua,00:00:00
2018-05-26,2018-05-26 00:00:00,0.0254580534973415,1.0603715170278638,Aqua,00:00:00
2018-05-27,2018-05-27 00:00:00,0.10795298861764928,1.2821917808219176,Aqua,00:00:00
2018-05-28,2018-05-28 00:00:00,0.1891580041131691,1.545816733067729,Aqua,00:00:00
2018-05-29,2018-05-29 00:00:00,0.028630537291185535,1.0681458003169573,Aqua,00:00:00
2018-05-31,2018-05-31 00:00:00,0.07463361829690418,1.1875,Aqua,00:00:00
2018-06-01,2018-06-01 00:00:00,0.2021503897930203,1.592760180995475,Aqua,00:00:00
2018-06-02,2018-06-02 00:00:00,0.20706282856036298,1.610878661087866,Aqua,00:00:00
2018-06-03,2018-06-03 00:00:00,0.169946797333474,1.4789272030651341,Aqua,00:00:00
2018-06-04,2018-06-04 00:00:00,0.183120456139543,1.5244755244755244,Aqua,00:00:00
2018-06-07,2018-06-07 00:00:00,0.09650955702587616,1.248847926267281,Aqua,00:00:00
2018-06-08,2018-06-08 00:00:00,0.11813147370143294,1.3125972006220838,Aqua,00:00:00
2018-06-09,2018-06-09 00:00:00,0.12375051567036402,1.3296903460837888,Aqua,00:00:00
2018-06-11,2018-06-11 00:00:00,0.2737305660754245,1.8781512605042017,Aqua,00:00:00
2018-06-12,2018-06-12 00:00:00,0.21260809288144378,1.6315789473684212,Aqua,00:00:00
2018-06-13,2018-06-13 00:00:00,0.20616372516591103,1.6075471698113206,Aqua,00:00:00
2018-06-14,2018-06-14 00:00:00,0.3032552497991962,2.01027397260274,Aqua,00:00:00
2018-06-15,2018-06-15 00:00:00,0.27836601102803743,1.8983050847457628,Aqua,00:00:00
2018-06-19,2018-06-19 00:00:00,0.32917987827795614,2.1339285714285716,Aqua,00:00:00
2018-06-21,2018-06-21 00:00:00,0.2129852892850513,1.632996632996633,Aqua,00:00:00
2018-06-22,2018-06-22 00:00:00,0.22941200608608078,1.695945945945946,Aqua,00:00:00
2018-06-23,2018-06-23 00:00:00,0.15143682605602143,1.4172185430463577,Aqua,00:00:00
2018-06-24,2018-06-24 00:00:00,0.31378984739871835,2.0596330275229358,Aqua,00:00:00
2018-06-26,2018-06-26 00:00:00,0.2634184449591811,1.8340807174887892,Aqua,00:00:00
2018-06-27,2018-06-27 00:00:00,0.2960207765561268,1.9770642201834863,Aqua,00:00:00
2018-06-28,2018-06-28 00:00:00,0.27711783825856984,1.892857142857143,Aqua,00:00:00
2018-06-29,2018-06-29 00:00:00,0.3988831023801117,2.505434782608696,Aqua,00:00:00
2018-06-30,2018-06-30 00:00:00,0.33441229303606923,2.1597938144329896,Aqua,00:00:00
2018-07-01,2018-07-01 00:00:00,0.33224418816917484,2.1490384615384612,Aqua,00:00:00
2018-07-02,2018-07-02 00:00:00,0.2883180301478434,1.9423076923076923,Aqua,00:00:00
2018-07-03,2018-07-03 00:00:00,0.38307676974475163,2.4158878504672896,Aqua,00:00:00
2018-07-05,2018-07-05 00:00:00,0.1806773046472782,1.5159235668789808,Aqua,00:00:00
2018-07-07,2018-07-07 00:00:00,0.33355922049090114,2.1555555555555554,Aqua,00:00:00
2018-07-09,2018-07-09 00:00:00,0.15279679599025242,1.4216634429400388,Aqua,00:00:00
2018-07-10,2018-07-10 00:00:00,0.3728102271273012,2.359447004608295,Aqua,00:00:00
2018-07-11,2018-07-11 00:00:00,0.2728613801372895,1.8743961352657006,Aqua,00:00:00
2018-07-12,2018-07-12 00:00:00,0.22283466259800747,1.6704545454545454,Aqua,00:00:00
2018-07-14,2018-07-14 00:00:00,0.18536480318464257,1.5323741007194243,Aqua,00:00:00
2018-07-17,2018-07-17 00:00:00,0.19816542117556418,1.5782122905027933,Aqua,00:00:00
2018-07-18,2018-07-18 00:00:00,0.2500596055245339,1.7785234899328861,Aqua,00:00:00
2018-07-19,2018-07-19 00:00:00,0.22471066759676284,1.677685950413223,Aqua,00:00:00
2018-07-21,2018-07-21 00:00:00,0.1728622889254827,1.4888888888888887,Aqua,00:00:00
2018-07-22,2018-07-22 00:00:00,0.3722213675498681,2.35625,Aqua,00:00:00
2018-07-24,2018-07-24 00:00:00,0.09030353487602152,1.2311289245156982,Aqua,00:00:00
2018-08-07,2018-08-07 00:00:00,0.21039549022566678,1.6232876712328768,Aqua,00:00:00
2018-08-09,2018-08-09 00:00:00,0.4423591484604505,2.769230769230769,Aqua,00:00:00
2018-08-14,2018-08-14 00:00:00,0.7165196438524165,5.206185567010309,Aqua,00:00:00
2018-08-24,2018-08-24 00:00:00,0.206921416629166,1.6103542234332424,Aqua,00:00:00
2018-08-27,2018-08-27 00:00:00,0.28478111263069106,1.926553672316384,Aqua,00:00:00
2018-08-28,2018-08-28 00:00:00,0.22717291677550003,1.6872246696035242,Aqua,00:00:00
2018-08-29,2018-08-29 00:00:00,0.15735145594288377,1.4366515837104072,Aqua,00:00:00
2018-08-31,2018-08-31 00:00:00,0.26070125681470424,1.822641509433962,Aqua,00:00:00
2018-09-01,2018-09-01 00:00:00,0.26292546933183153,1.8319999999999999,Aqua,00:00:00
2018-09-02,2018-09-02 00:00:00,0.23216069522722188,1.7067137809187278,Aqua,00:00:00
2018-09-03,2018-09-03 00:00:00,0.2601057209217228,1.8201438848920861,Aqua,00:00:00
2018-09-05,2018-09-05 00:00:00,0.2032775100699044,1.5968992248062015,Aqua,00:00:00
2018-09-06,2018-09-06 00:00:00,1.0806866010449419,12.041666666666666,Aqua,00:00:00
2018-09-08,2018-09-08 00:00:00,0.7829501332654123,6.066666666666666,Aqua,00:00:00
2018-09-10,2018-09-10 00:00:00,0.2154545270542059,1.6423076923076922,Aqua,00:00:00
2018-09-12,2018-09-12 00:00:00,0.20650840929117567,1.6088235294117648,Aqua,00:00:00
2018-09-14,2018-09-14 00:00:00,0.19000138236436168,1.5488215488215487,Aqua,00:00:00
2018-09-16,2018-09-16 00:00:00,0.3327444088411878,2.1515151515151514,Aqua,00:00:00
2018-09-17,2018-09-17 00:00:00,0.2699957619240124,1.8620689655172413,Aqua,00:00:00
2018-09-18,2018-09-18 00:00:00,0.23996045158009238,1.7376425855513309,Aqua,00:00:00
2018-09-19,2018-09-19 00:00:00,0.23548491079584857,1.7198275862068966,Aqua,00:00:00
2018-09-20,2018-09-20 00:00:00,0.2874571884747073,1.9384615384615382,Aqua,00:00:00
2018-09-23,2018-09-23 00:00:00,0.19312459835446155,1.5599999999999998,Aqua,00:00:00
2018-09-24,2018-09-24 00:00:00,0.19156886965769296,1.554421768707483,Aqua,00:00:00
2018-09-25,2018-09-25 00:00:00,0.20662181691211073,1.6092436974789914,Aqua,00:00:00
2018-09-26,2018-09-26 00:00:00,0.19901449422232867,1.5813008130081303,Aqua,00:00:00
2018-09-27,2018-09-27 00:00:00,0.18969178923381924,1.5477178423236515,Aqua,00:00:00
2018-09-29,2018-09-29 00:00:00,0.07808315574857277,1.196969696969697,Aqua,00:00:00
2018-09-30,2018-09-30 00:00:00,0.2899723959792867,1.9497206703910615,Aqua,00:00:00
2018-10-04,2018-10-04 00:00:00,0.1606969315654184,1.4477611940298507,Aqua,00:00:00
2018-10-06,2018-10-06 00:00:00,0.13081725808783443,1.3515037593984962,Aqua,00:00:00
2018-10-07,2018-10-07 00:00:00,0.31552053238521693,2.0678571428571426,Aqua,00:00:00
2018-10-09,2018-10-09 00:00:00,0.03242508995484608,1.0775193798449612,Aqua,00:00:00
2018-10-11,2018-10-11 00:00:00,0.20456111472219504,1.6016260162601628,Aqua,00:00:00
2018-10-12,2018-10-12 00:00:00,0.17306480442549338,1.4895833333333333,Aqua,00:00:00
2018-10-13,2018-10-13 00:00:00,0.06552147006474994,1.1628440366972477,Aqua,00:00:00
2018-10-14,2018-10-14 00:00:00,0.10321948691506368,1.2682926829268293,Aqua,00:00:00
2018-10-15,2018-10-15 00:00:00,0.18314104662323277,1.524547803617571,Aqua,00:00:00
2018-10-16,2018-10-16 00:00:00,0.13440403710630702,1.3627118644067795,Aqua,00:00:00
2018-10-17,2018-10-17 00:00:00,0.15616061962077457,1.4327176781002637,Aqua,00:00:00
2018-10-18,2018-10-18 00:00:00,0.13780264689410687,1.3734177215189873,Aqua,00:00:00
2018-10-19,2018-10-19 00:00:00,0.14183948714650133,1.3862433862433863,Aqua,00:00:00
2018-10-20,2018-10-20 00:00:00,0.11298169603074562,1.2971246006389776,Aqua,00:00:00
2018-10-21,2018-10-21 00:00:00,0.12395949271674965,1.3303303303303302,Aqua,00:00:00
2018-10-22,2018-10-22 00:00:00,0.1249387366083,1.3333333333333335,Aqua,00:00:00
2018-10-30,2018-10-30 00:00:00,0.08313792417351872,1.2109826589595376,Aqua,00:00:00
2018-11-01,2018-11-01 00:00:00,0.08723074236079773,1.2224489795918367,Aqua,00:00:00
2018-11-05,2018-11-05 00:00:00,0.0955577717020768,1.2461139896373057,Aqua,00:00:00
2018-11-06,2018-11-06 00:00:00,0.08824549655650296,1.2253086419753088,Aqua,00:00:00
2018-11-07,2018-11-07 00:00:00,0.03430423116998557,1.082191780821918,Aqua,00:00:00
2018-11-08,2018-11-08 00:00:00,0.0565514996143795,1.1390728476821192,Aqua,00:00:00
2018-11-09,2018-11-09 00:00:00,0.07733149492556839,1.1948998178506376,Aqua,00:00:00
2018-11-10,2018-11-10 00:00:00,0.05648135595244821,1.1388888888888888,Aqua,00:00:00
2018-11-11,2018-11-11 00:00:00,0.05299666314575161,1.1297872340425532,Aqua,00:00:00
2018-11-12,2018-11-12 00:00:00,0.038765601755711636,1.0933660933660936,Aqua,00:00:00
2018-11-14,2018-11-14 00:00:00,0.0764115782427313,1.1923714759535655,Aqua,00:00:00
2018-11-15,2018-11-15 00:00:00,0.0702136508442459,1.175475687103594,Aqua,00:00:00
2018-11-16,2018-11-16 00:00:00,0.04773523742753961,1.116182572614108,Aqua,00:00:00
2018-11-17,2018-11-17 00:00:00,0.054178977077569156,1.132867132867133,Aqua,00:00:00
2018-11-18,2018-11-18 00:00:00,0.06935731098226139,1.173160173160173,Aqua,00:00:00
2018-11-19,2018-11-19 00:00:00,0.05504756633090545,1.135135135135135,Aqua,00:00:00
2018-11-25,2018-11-25 00:00:00,0.007070066308687244,1.0164126611957796,Aqua,00:00:00
2018-12-02,2018-12-02 00:00:00,0.021549054929853748,1.0508701472556894,Aqua,00:00:00
2018-12-05,2018-12-05 00:00:00,-0.015484509394063014,0.9649737302977233,Aqua,00:00:00
2018-12-06,2018-12-06 00:00:00,0.023651641495501453,1.0559701492537314,Aqua,00:00:00
2018-12-12,2018-12-12 00:00:00,0.039137412836970135,1.0943025540275049,Aqua,00:00:00
2018-12-21,2018-12-21 00:00:00,0.0,1.0,Aqua,00:00:00
2018-12-25,2018-12-25 00:00:00,0.05897054189003334,1.145435244161359,Aqua,00:00:00
2018-12-27,2018-12-27 00:00:00,-0.000691001708072703,0.9984101748807633,Aqua,00:00:00
2018-12-30,2018-12-30 00:00:00,-0.11232147321903459,0.7721088435374149,Aqua,00:00:00
2018-12-31,2018-12-31 00:00:00,-0.046308875666629966,0.8988580750407831,Aqua,00:00:00
2019-01-12,2019-01-12 00:00:00,0.023558310621155425,1.0557432432432432,Aqua,00:00:00
2019-01-13,2019-01-13 00:00:00,0.021768744762171627,1.0514018691588785,Aqua,00:00:00
2019-01-21,2019-01-21 00:00:00,0.08108744288357159,1.2052785923753668,Aqua,00:00:00
2019-01-25,2019-01-25 00:00:00,0.07242938971640692,1.1814882032667877,Aqua,00:00:00
2019-01-29,2019-01-29 00:00:00,0.0,1.0,Aqua,00:00:00
2019-01-30,2019-01-30 00:00:00,0.09304959219481827,1.238938053097345,Aqua,00:00:00
2019-01-31,2019-01-31 00:00:00,0.039663287225771636,1.0956284153005464,Aqua,00:00:00
2019-02-06,2019-02-06 00:00:00,0.08451007955269176,1.2148148148148148,Aqua,00:00:00
2019-02-18,2019-02-18 00:00:00,0.09229851945247919,1.2367972742759794,Aqua,00:00:00
2019-02-21,2019-02-21 00:00:00,0.09565744032848922,1.2464,Aqua,00:00:00
2019-03-07,2019-03-07 00:00:00,0.09352068094153382,1.2402826855123674,Aqua,00:00:00
2019-03-11,2019-03-11 00:00:00,0.08200364091630517,1.2078239608801957,Aqua,00:00:00
2019-03-12,2019-03-12 00:00:00,0.11511168370555071,1.3035019455252919,Aqua,00:00:00
2019-03-13,2019-03-13 00:00:00,0.08601009234890071,1.2190179267342167,Aqua,00:00:00
2019-03-14,2019-03-14 00:00:00,0.08226683261090192,1.2085561497326203,Aqua,00:00:00
2019-03-15,2019-03-15 00:00:00,0.08885744453403761,1.2270363951473138,Aqua,00:00:00
2019-03-17,2019-03-17 00:00:00,0.0951693514317551,1.2449999999999999,Aqua,00:00:00
2019-03-18,2019-03-18 00:00:00,0.07681053755117868,1.193467336683417,Aqua,00:00:00
2019-03-27,2019-03-27 00:00:00,0.08370568919563384,1.212566844919786,Aqua,00:00:00
2019-03-30,2019-03-30 00:00:00,0.09582871727845903,1.2468916518650088,Aqua,00:00:00
2019-03-31,2019-03-31 00:00:00,0.09633819662274548,1.248355263157895,Aqua,00:00:00
2019-04-02,2019-04-02 00:00:00,0.08396537607655213,1.213292117465224,Aqua,00:00:00
2019-04-12,2019-04-12 00:00:00,0.07150309208061015,1.1789709172259508,Aqua,00:00:00
2019-04-16,2019-04-16 00:00:00,0.0932829550917683,1.2396039603960396,Aqua,00:00:00
2019-04-18,2019-04-18 00:00:00,0.07993457578014423,1.2020833333333334,Aqua,00:00:00
2019-04-21,2019-04-21 00:00:00,0.055118709664982744,1.1353211009174313,Aqua,00:00:00
2019-04-22,2019-04-22 00:00:00,0.06343280260296391,1.1572649572649574,Aqua,00:00:00
2019-04-23,2019-04-23 00:00:00,0.07375132406394035,1.185089974293059,Aqua,00:00:00
2019-04-24,2019-04-24 00:00:00,0.04472573668212302,1.1084745762711863,Aqua,00:00:00
2019-04-25,2019-04-25 00:00:00,0.03385826726096742,1.0810810810810811,Aqua,00:00:00
2019-04-26,2019-04-26 00:00:00,0.020826328315919507,1.049122807017544,Aqua,00:00:00
2019-04-27,2019-04-27 00:00:00,0.06413772616704226,1.1591448931116388,Aqua,00:00:00
2019-04-28,2019-04-28 00:00:00,0.04396288270992355,1.106529209621993,Aqua,00:00:00
2019-04-29,2019-04-29 00:00:00,0.056601709142051274,1.1392045454545454,Aqua,00:00:00
2019-04-30,2019-04-30 00:00:00,0.0109124957656828,1.0254452926208653,Aqua,00:00:00
2019-05-01,2019-05-01 00:00:00,0.057633470290471535,1.1419141914191417,Aqua,00:00:00
2019-05-02,2019-05-02 00:00:00,0.05467888606645556,1.1341719077568135,Aqua,00:00:00
2019-05-03,2019-05-03 00:00:00,0.03324093313867907,1.0795454545454544,Aqua,00:00:00
2019-05-04,2019-05-04 00:00:00,0.06348625752110672,1.1574074074074074,Aqua,00:00:00
2019-05-05,2019-05-05 00:00:00,0.057093716084786424,1.140495867768595,Aqua,00:00:00
2019-05-06,2019-05-06 00:00:00,0.06022942993764507,1.1487603305785126,Aqua,00:00:00
2019-05-08,2019-05-08 00:00:00,0.09093463506728418,1.2329192546583851,Aqua,00:00:00
2019-05-09,2019-05-09 00:00:00,0.026631758826590093,1.0632411067193677,Aqua,00:00:00
2019-05-10,2019-05-10 00:00:00,0.06494080693301461,1.1612903225806452,Aqua,00:00:00
2019-05-11,2019-05-11 00:00:00,0.07799302510968886,1.1967213114754098,Aqua,00:00:00
2019-05-12,2019-05-12 00:00:00,0.036983566253169946,1.0888888888888888,Aqua,00:00:00
2019-05-24,2019-05-24 00:00:00,0.10252706873551731,1.2662721893491125,Aqua,00:00:00
2019-05-28,2019-05-28 00:00:00,0.09602580269535461,1.247457627118644,Aqua,00:00:00
2019-05-30,2019-05-30 00:00:00,0.08498565619858134,1.2161458333333333,Aqua,00:00:00
2019-05-31,2019-05-31 00:00:00,0.10291072307744005,1.2673913043478262,Aqua,00:00:00
2019-06-02,2019-06-02 00:00:00,0.0784779349920507,1.1980582524271846,Aqua,00:00:00
2019-06-03,2019-06-03 00:00:00,0.0990582176283224,1.2561983471074378,Aqua,00:00:00
2019-06-04,2019-06-04 00:00:00,0.08225772513626256,1.208530805687204,Aqua,00:00:00
2019-06-05,2019-06-05 00:00:00,0.10153841719012745,1.2633928571428572,Aqua,00:00:00
2019-06-08,2019-06-08 00:00:00,0.1263464995326903,1.3376623376623376,Aqua,00:00:00
2019-06-09,2019-06-09 00:00:00,0.13167211926726838,1.3541666666666667,Aqua,00:00:00
2019-06-11,2019-06-11 00:00:00,0.14373522256234772,1.3923076923076922,Aqua,00:00:00
2019-06-12,2019-06-12 00:00:00,0.1354041702864649,1.3658536585365852,Aqua,00:00:00
2019-06-13,2019-06-13 00:00:00,0.1665720948022788,1.467479674796748,Aqua,00:00:00
2019-06-14,2019-06-14 00:00:00,0.10839761716551033,1.2835051546391754,Aqua,00:00:00
2019-06-16,2019-06-16 00:00:00,0.16645517001694288,1.4670846394984325,Aqua,00:00:00
2019-06-17,2019-06-17 00:00:00,1.0472748673841794,11.15,Aqua,00:00:00
2019-06-18,2019-06-18 00:00:00,0.294479426802391,1.9700598802395208,Aqua,00:00:00
2019-06-19,2019-06-19 00:00:00,0.1884774340705339,1.5433962264150942,Aqua,00:00:00
2019-06-20,2019-06-20 00:00:00,0.23247886552435404,1.7079646017699115,Aqua,00:00:00
2019-06-21,2019-06-21 00:00:00,0.24303804868629444,1.75,Aqua,00:00:00
2019-06-22,2019-06-22 00:00:00,0.24395396005966222,1.753694581280788,Aqua,00:00:00
2019-06-23,2019-06-23 00:00:00,0.2554859700778191,1.8008849557522122,Aqua,00:00:00
2019-06-26,2019-06-26 00:00:00,0.1275284549671957,1.3413078149920254,Aqua,00:00:00
2019-06-28,2019-06-28 00:00:00,0.2090645652729872,1.618320610687023,Aqua,00:00:00
2019-06-30,2019-06-30 00:00:00,0.25853176604306544,1.8135593220338984,Aqua,00:00:00
2019-07-02,2019-07-02 00:00:00,0.28105891473336114,1.9101123595505618,Aqua,00:00:00
2019-07-03,2019-07-03 00:00:00,0.3427766290748079,2.2017937219730945,Aqua,00:00:00
2019-07-04,2019-07-04 00:00:00,0.2509618545088198,1.7822222222222222,Aqua,00:00:00
2019-07-05,2019-07-05 00:00:00,0.20703069971835492,1.610759493670886,Aqua,00:00:00
2019-07-07,2019-07-07 00:00:00,0.21168774497961848,1.628125,Aqua,00:00:00
2019-07-08,2019-07-08 00:00:00,0.26293994605584176,1.83206106870229,Aqua,00:00:00
2019-07-11,2019-07-11 00:00:00,0.29679294272072654,1.9805825242718447,Aqua,00:00:00
2019-07-12,2019-07-12 00:00:00,0.20989282620795746,1.6214099216710183,Aqua,00:00:00
2019-07-13,2019-07-13 00:00:00,0.2844834426839437,1.9252336448598129,Aqua,00:00:00
2019-07-14,2019-07-14 00:00:00,0.27701410137000704,1.8924050632911393,Aqua,00:00:00
2019-07-15,2019-07-15 00:00:00,0.3197026446752522,2.087866108786611,Aqua,00:00:00
2019-07-16,2019-07-16 00:00:00,0.2648919621081152,1.8403141361256543,Aqua,00:00:00
2019-07-18,2019-07-18 00:00:00,0.33251439216195716,2.150375939849624,Aqua,00:00:00
2019-07-19,2019-07-19 00:00:00,0.3175391039769405,2.077490774907749,Aqua,00:00:00
2019-07-20,2019-07-20 00:00:00,0.2149275755362748,1.640316205533597,Aqua,00:00:00
2019-07-21,2019-07-21 00:00:00,0.1787737535747862,1.509293680297398,Aqua,00:00:00
2019-07-22,2019-07-22 00:00:00,0.22560889848966315,1.681159420289855,Aqua,00:00:00
2019-07-23,2019-07-23 00:00:00,0.32735893438633035,2.125,Aqua,00:00:00
2019-07-24,2019-07-24 00:00:00,0.23608918873096657,1.722222222222222,Aqua,00:00:00
2019-07-26,2019-07-26 00:00:00,0.18991330268330386,1.5485074626865671,Aqua,00:00:00
2019-07-27,2019-07-27 00:00:00,0.22381834247926086,1.6742424242424243,Aqua,00:00:00
2019-07-28,2019-07-28 00:00:00,0.1906907676259697,1.5512820512820513,Aqua,00:00:00
2019-07-29,2019-07-29 00:00:00,0.18998986857224018,1.548780487804878,Aqua,00:00:00
2019-07-30,2019-07-30 00:00:00,0.22115332195470516,1.6640000000000001,Aqua,00:00:00
2019-07-31,2019-07-31 00:00:00,0.20104454099935784,1.5887096774193548,Aqua,00:00:00
2019-08-02,2019-08-02 00:00:00,0.3349120722767763,2.162280701754386,Aqua,00:00:00
2019-08-03,2019-08-03 00:00:00,0.26545384140278505,1.842696629213483,Aqua,00:00:00
2019-08-04,2019-08-04 00:00:00,0.22796340798404308,1.6902985074626866,Aqua,00:00:00
2019-08-05,2019-08-05 00:00:00,0.23449427514300078,1.7159090909090908,Aqua,00:00:00
2019-08-08,2019-08-08 00:00:00,0.31019481486303896,2.042654028436019,Aqua,00:00:00
2019-08-11,2019-08-11 00:00:00,0.33243845991560533,2.15,Aqua,00:00:00
2019-08-12,2019-08-12 00:00:00,0.3368348262702079,2.171875,Aqua,00:00:00
2019-08-13,2019-08-13 00:00:00,0.25669542300306813,1.8059071729957805,Aqua,00:00:00
2019-08-14,2019-08-14 00:00:00,0.28172484046859464,1.9130434782608698,Aqua,00:00:00
2019-08-15,2019-08-15 00:00:00,0.3222192947339193,2.1,Aqua,00:00:00
2019-08-16,2019-08-16 00:00:00,0.34264319084568107,2.2011173184357546,Aqua,00:00:00
2019-08-17,2019-08-17 00:00:00,0.26296525385468367,1.8321678321678323,Aqua,00:00:00
2019-08-18,2019-08-18 00:00:00,0.31279110654977144,2.0549019607843135,Aqua,00:00:00
2019-08-19,2019-08-19 00:00:00,0.1877620625942178,1.5408560311284047,Aqua,00:00:00
2019-08-20,2019-08-20 00:00:00,0.34874934227296844,2.2322834645669287,Aqua,00:00:00
2019-08-22,2019-08-22 00:00:00,0.21097482930167383,1.6254545454545455,Aqua,00:00:00
2019-08-23,2019-08-23 00:00:00,0.22622454967664438,1.6835443037974684,Aqua,00:00:00
2019-08-24,2019-08-24 00:00:00,0.2962133716321904,1.977941176470588,Aqua,00:00:00
2019-08-25,2019-08-25 00:00:00,0.3132072742148181,2.056872037914692,Aqua,00:00:00
2019-08-26,2019-08-26 00:00:00,0.274377800892541,1.8809523809523812,Aqua,00:00:00
2019-08-27,2019-08-27 00:00:00,0.1968207439144253,1.5733333333333333,Aqua,00:00:00
2019-08-30,2019-08-30 00:00:00,0.26834391395106466,1.855,Aqua,00:00:00
2019-08-31,2019-08-31 00:00:00,0.30730906140588177,2.029126213592233,Aqua,00:00:00
2019-09-01,2019-09-01 00:00:00,0.2770778645384529,1.8926829268292682,Aqua,00:00:00
2019-09-02,2019-09-02 00:00:00,0.26786163241132654,1.852941176470588,Aqua,00:00:00
2019-09-03,2019-09-03 00:00:00,0.22731655812357685,1.687782805429864,Aqua,00:00:00
2019-09-04,2019-09-04 00:00:00,0.2786617936420752,1.899598393574297,Aqua,00:00:00
2019-09-05,2019-09-05 00:00:00,0.2548668119566601,1.7983193277310925,Aqua,00:00:00
2019-09-06,2019-09-06 00:00:00,0.22469659248918267,1.6776315789473686,Aqua,00:00:00
2019-09-08,2019-09-08 00:00:00,0.2222090105096017,1.6680497925311204,Aqua,00:00:00
2019-09-10,2019-09-10 00:00:00,0.11152892228335373,1.292792792792793,Aqua,00:00:00
2019-09-11,2019-09-11 00:00:00,0.2830183928212617,1.91875,Aqua,00:00:00
2019-09-12,2019-09-12 00:00:00,0.23982212062825733,1.7370892018779345,Aqua,00:00:00
2019-09-13,2019-09-13 00:00:00,0.238155236056095,1.7304347826086959,Aqua,00:00:00
2019-09-14,2019-09-14 00:00:00,0.19850292692846386,1.5794392523364484,Aqua,00:00:00
2019-09-15,2019-09-15 00:00:00,0.17952443489407519,1.5119047619047619,Aqua,00:00:00
2019-09-19,2019-09-19 00:00:00,0.17564742204014486,1.498467824310521,Aqua,00:00:00
2019-09-20,2019-09-20 00:00:00,0.31037002191812463,2.0434782608695654,Aqua,00:00:00
2019-09-21,2019-09-21 00:00:00,0.33593545709264244,2.167381974248927,Aqua,00:00:00
2019-09-23,2019-09-23 00:00:00,0.3076750681965254,2.0308370044052864,Aqua,00:00:00
2019-09-24,2019-09-24 00:00:00,0.228904565484527,1.6939655172413792,Aqua,00:00:00
2019-09-25,2019-09-25 00:00:00,0.2430380486862944,1.7499999999999998,Aqua,00:00:00
2019-09-26,2019-09-26 00:00:00,0.2688453122925799,1.857142857142857,Aqua,00:00:00
2019-09-27,2019-09-27 00:00:00,0.2273002163653216,1.6877192982456142,Aqua,00:00:00
2019-10-01,2019-10-01 00:00:00,0.2714959170664206,1.8685121107266434,Aqua,00:00:00
2019-10-04,2019-10-04 00:00:00,0.291990427502699,1.9588014981273407,Aqua,00:00:00
2019-10-05,2019-10-05 00:00:00,0.2456701445120389,1.7606382978723405,Aqua,00:00:00
2019-10-06,2019-10-06 00:00:00,0.24303804868629444,1.75,Aqua,00:00:00
2019-10-07,2019-10-07 00:00:00,0.23135674898491365,1.7035573122529644,Aqua,00:00:00
2019-10-08,2019-10-08 00:00:00,0.12251926248488706,1.325925925925926,Aqua,00:00:00
2019-10-09,2019-10-09 00:00:00,0.15048332532170908,1.4141104294478526,Aqua,00:00:00
2019-10-10,2019-10-10 00:00:00,0.15392856888291997,1.4253731343283584,Aqua,00:00:00
2019-10-11,2019-10-11 00:00:00,0.1883257154726929,1.542857142857143,Aqua,00:00:00
2019-10-12,2019-10-12 00:00:00,0.15092509072512467,1.415549597855228,Aqua,00:00:00
2019-10-13,2019-10-13 00:00:00,0.18053258537840738,1.5154185022026432,Aqua,00:00:00
2019-10-14,2019-10-14 00:00:00,0.1453566420795128,1.3975155279503106,Aqua,00:00:00
2019-10-18,2019-10-18 00:00:00,0.08783035515613796,1.2241379310344827,Aqua,00:00:00
2019-10-22,2019-10-22 00:00:00,0.1357447070162743,1.366925064599483,Aqua,00:00:00
2019-10-23,2019-10-23 00:00:00,0.0560851922014623,1.1378504672897196,Aqua,00:00:00
2019-10-24,2019-10-24 00:00:00,0.06524154406981786,1.1620947630922693,Aqua,00:00:00
2019-10-25,2019-10-25 00:00:00,0.05347074339915665,1.1310211946050097,Aqua,00:00:00
2019-10-26,2019-10-26 00:00:00,0.016886145776983805,1.0396475770925109,Aqua,00:00:00
2019-10-27,2019-10-27 00:00:00,0.01938724469225772,1.0456521739130435,Aqua,00:00:00
2019-10-28,2019-10-28 00:00:00,0.04659387884403286,1.113253012048193,Aqua,00:00:00
2019-10-29,2019-10-29 00:00:00,0.011313665357777999,1.026392961876833,Aqua,00:00:00
2019-10-30,2019-10-30 00:00:00,0.0,1.0,Aqua,00:00:00
2019-10-31,2019-10-31 00:00:00,0.03237672161547803,1.0773993808049536,Aqua,00:00:00
2019-11-01,2019-11-01 00:00:00,0.0032901254470500095,1.0076045627376427,Aqua,00:00:00
2019-11-02,2019-11-02 00:00:00,0.027208968368765987,1.064655172413793,Aqua,00:00:00
2019-11-03,2019-11-03 00:00:00,0.042136977511610434,1.1018867924528302,Aqua,00:00:00
2019-11-04,2019-11-04 00:00:00,0.019918228834507536,1.0469314079422383,Aqua,00:00:00
2019-11-06,2019-11-06 00:00:00,0.029125625274218372,1.069364161849711,Aqua,00:00:00
2019-11-08,2019-11-08 00:00:00,0.050952248299537345,1.1244813278008299,Aqua,00:00:00
2019-11-10,2019-11-10 00:00:00,0.026283398484074974,1.0623885918003564,Aqua,00:00:00
2019-11-20,2019-11-20 00:00:00,0.00687551798404768,1.0159574468085106,Aqua,00:00:00
2019-11-21,2019-11-21 00:00:00,-0.013343429966822848,0.9697428139183055,Aqua,00:00:00
2019-11-22,2019-11-22 00:00:00,-0.0059319192904526185,0.9864341085271318,Aqua,00:00:00
2019-11-23,2019-11-23 00:00:00,0.03426320387016731,1.082089552238806,Aqua,00:00:00
2019-11-28,2019-11-28 00:00:00,0.005414248881859805,1.0125448028673836,Aqua,00:00:00
2019-11-29,2019-11-29 00:00:00,-0.0572266701595744,0.8765432098765433,Aqua,00:00:00
2019-12-03,2019-12-03 00:00:00,-0.04185936185970366,0.9081145584725537,Aqua,00:00:00
2019-12-23,2019-12-23 00:00:00,-0.010611562374665873,0.9758620689655172,Aqua,00:00:00
2019-12-30,2019-12-30 00:00:00,-0.06518732274641187,0.8606224627875507,Aqua,00:00:00
2020-01-05,2020-01-05 00:00:00,0.02163864673744649,1.0510869565217393,Aqua,00:00:00
2020-01-09,2020-01-09 00:00:00,0.034163609979175565,1.081841432225064,Aqua,00:00:00
2020-02-03,2020-02-03 00:00:00,0.02320970419444646,1.0548961424332344,Aqua,00:00:00
2020-02-06,2020-02-06 00:00:00,-0.030724475950799853,0.9316987740805605,Aqua,00:00:00
2020-02-07,2020-02-07 00:00:00,-0.026157450277118712,0.9415481832543443,Aqua,00:00:00
2020-02-09,2020-02-09 00:00:00,0.018231713724115296,1.0428736964078795,Aqua,00:00:00
2020-02-10,2020-02-10 00:00:00,-0.02937630280148384,0.9345955249569706,Aqua,00:00:00
2020-02-11,2020-02-11 00:00:00,0.011729078544582184,1.0273752012882449,Aqua,00:00:00
2020-02-12,2020-02-12 00:00:00,0.028524534038719022,1.0678851174934725,Aqua,00:00:00
2020-02-13,2020-02-13 00:00:00,0.005282534934412022,1.0122377622377623,Aqua,00:00:00
2020-02-17,2020-02-17 00:00:00,-0.008985723620117167,0.9795221843003412,Aqua,00:00:00
2020-02-18,2020-02-18 00:00:00,0.014967596223630551,1.0350649350649352,Aqua,00:00:00
2020-02-19,2020-02-19 00:00:00,-0.005868933664097882,0.9865771812080538,Aqua,00:00:00
2020-02-21,2020-02-21 00:00:00,0.013730157672737331,1.0321199143468949,Aqua,00:00:00
2020-02-22,2020-02-22 00:00:00,0.018209834357783887,1.0428211586901763,Aqua,00:00:00
2020-02-23,2020-02-23 00:00:00,0.019171972796261597,1.0451339915373765,Aqua,00:00:00
2020-02-24,2020-02-24 00:00:00,0.014425547229327072,1.0337738619676946,Aqua,00:00:00
2020-02-25,2020-02-25 00:00:00,0.013741536725565582,1.032146957520092,Aqua,00:00:00
2020-02-26,2020-02-26 00:00:00,-0.012064511401380663,0.9726027397260273,Aqua,00:00:00
2020-02-27,2020-02-27 00:00:00,0.013302555480551006,1.031104199066874,Aqua,00:00:00
2020-03-01,2020-03-01 00:00:00,0.011474762133582228,1.0267737617135209,Aqua,00:00:00
2020-03-02,2020-03-02 00:00:00,-0.007361099646369138,0.9831932773109243,Aqua,00:00:00
2020-03-03,2020-03-03 00:00:00,0.029506049374659383,1.0703012912482066,Aqua,00:00:00
2020-03-04,2020-03-04 00:00:00,0.02006507574256279,1.0472854640980735,Aqua,00:00:00
2020-03-09,2020-03-09 00:00:00,0.0797054398130182,1.2014492753623187,Aqua,00:00:00
2020-03-10,2020-03-10 00:00:00,0.04370892788540595,1.1058823529411765,Aqua,00:00:00
2020-03-12,2020-03-12 00:00:00,0.03053399920288951,1.0728376327769347,Aqua,00:00:00
2020-03-13,2020-03-13 00:00:00,0.03744892336375851,1.0900562851782365,Aqua,00:00:00
2020-03-19,2020-03-19 00:00:00,0.052151872966182906,1.1275917065390748,Aqua,00:00:00
2020-03-20,2020-03-20 00:00:00,0.04487518546435258,1.1088560885608856,Aqua,00:00:00
2020-03-22,2020-03-22 00:00:00,0.04786061564843946,1.116504854368932,Aqua,00:00:00
2020-03-26,2020-03-26 00:00:00,0.06239361791913468,1.1544991511035654,Aqua,00:00:00
2020-04-01,2020-04-01 00:00:00,0.050940516349979446,1.1244509516837482,Aqua,00:00:00
2020-04-03,2020-04-03 00:00:00,0.05043170156505452,1.123134328358209,Aqua,00:00:00
2020-04-07,2020-04-07 00:00:00,0.0576205963933652,1.1418803418803418,Aqua,00:00:00
2020-04-08,2020-04-08 00:00:00,0.06341638368392438,1.157221206581353,Aqua,00:00:00
2020-04-09,2020-04-09 00:00:00,0.05402390138248761,1.1324626865671643,Aqua,00:00:00
2020-04-10,2020-04-10 00:00:00,0.0782774070493803,1.1975051975051976,Aqua,00:00:00
2020-04-12,2020-04-12 00:00:00,0.06694678963061322,1.1666666666666667,Aqua,00:00:00
2020-04-13,2020-04-13 00:00:00,0.07675750788543048,1.1933216168717047,Aqua,00:00:00
2020-04-14,2020-04-14 00:00:00,0.07772053857033667,1.195970695970696,Aqua,00:00:00
2020-04-15,2020-04-15 00:00:00,0.07226257792948833,1.1810344827586208,Aqua,00:00:00
2020-04-16,2020-04-16 00:00:00,0.05095868424648288,1.1244979919678715,Aqua,00:00:00
2020-04-17,2020-04-17 00:00:00,0.07693101053721414,1.1937984496124032,Aqua,00:00:00
2020-04-19,2020-04-19 00:00:00,0.08126134675579726,1.205761316872428,Aqua,00:00:00
2020-04-21,2020-04-21 00:00:00,0.07918124604762482,1.2,Aqua,00:00:00
2020-04-23,2020-04-23 00:00:00,0.06784502052351347,1.1690821256038646,Aqua,00:00:00
2020-04-26,2020-04-26 00:00:00,0.09388121317898908,1.2413127413127414,Aqua,00:00:00
2020-04-28,2020-04-28 00:00:00,0.0889784018744542,1.2273781902552205,Aqua,00:00:00
2020-04-30,2020-04-30 00:00:00,0.06694678963061322,1.1666666666666667,Aqua,00:00:00
2020-05-03,2020-05-03 00:00:00,0.09691001300805642,1.25,Aqua,00:00:00
2020-05-06,2020-05-06 00:00:00,0.08452603189275135,1.214859437751004,Aqua,00:00:00
2020-05-07,2020-05-07 00:00:00,0.07777500256779536,1.1961206896551724,Aqua,00:00:00
2020-05-08,2020-05-08 00:00:00,0.09936312761847016,1.2570806100217864,Aqua,00:00:00
2020-05-15,2020-05-15 00:00:00,0.11007145906602722,1.2884615384615383,Aqua,00:00:00
2020-05-17,2020-05-17 00:00:00,0.0909411272487912,1.2329376854599408,Aqua,00:00:00
2020-05-19,2020-05-19 00:00:00,0.10929292079616083,1.2861538461538462,Aqua,00:00:00
2020-05-20,2020-05-20 00:00:00,0.057220324953138384,1.1408284023668638,Aqua,00:00:00
2020-05-21,2020-05-21 00:00:00,0.09747488776608328,1.2516268980477223,Aqua,00:00:00
2020-05-22,2020-05-22 00:00:00,0.10351334376690288,1.269151138716356,Aqua,00:00:00
2020-05-23,2020-05-23 00:00:00,0.09579213727655592,1.2467866323907455,Aqua,00:00:00
2020-05-24,2020-05-24 00:00:00,0.1000570882422423,1.259090909090909,Aqua,00:00:00
2020-05-26,2020-05-26 00:00:00,0.09833160014285064,1.2540983606557379,Aqua,00:00:00
2020-05-28,2020-05-28 00:00:00,0.1008876716431234,1.2615012106537529,Aqua,00:00:00
2020-06-02,2020-06-02 00:00:00,0.10936032155769397,1.2863534675615211,Aqua,00:00:00
2020-06-04,2020-06-04 00:00:00,0.1443053935359856,1.3941368078175898,Aqua,00:00:00
2020-06-08,2020-06-08 00:00:00,0.11138783637667929,1.2923728813559323,Aqua,00:00:00
2020-06-09,2020-06-09 00:00:00,0.07732130966350095,1.1948717948717948,Aqua,00:00:00
2020-06-13,2020-06-13 00:00:00,0.1460093921911176,1.3996175908221797,Aqua,00:00:00
2020-06-17,2020-06-17 00:00:00,0.15092509072512467,1.415549597855228,Aqua,00:00:00
2020-06-18,2020-06-18 00:00:00,0.2020730292267381,1.592476489028213,Aqua,00:00:00
2020-06-21,2020-06-21 00:00:00,0.2625717438448056,1.8305084745762714,Aqua,00:00:00
2020-06-22,2020-06-22 00:00:00,0.2554859700778191,1.8008849557522122,Aqua,00:00:00
2020-06-23,2020-06-23 00:00:00,0.23864676272032262,1.732394366197183,Aqua,00:00:00
2020-06-25,2020-06-25 00:00:00,0.2627873892738379,1.8314176245210727,Aqua,00:00:00
2020-06-26,2020-06-26 00:00:00,0.13277691376258488,1.3576158940397351,Aqua,00:00:00
2020-06-27,2020-06-27 00:00:00,0.27640064024357425,1.8897338403041826,Aqua,00:00:00
2020-06-29,2020-06-29 00:00:00,0.27389748086145493,1.8788732394366199,Aqua,00:00:00
2020-06-30,2020-06-30 00:00:00,0.291729972586019,1.9576271186440681,Aqua,00:00:00
2020-07-01,2020-07-01 00:00:00,0.31794623763174074,2.0794392523364484,Aqua,00:00:00
2020-07-02,2020-07-02 00:00:00,0.25777668121222636,1.8104089219330854,Aqua,00:00:00
2020-07-03,2020-07-03 00:00:00,0.18265172341244948,1.5228310502283107,Aqua,00:00:00
2020-07-04,2020-07-04 00:00:00,0.28271075345024566,1.9173913043478261,Aqua,00:00:00
2020-07-05,2020-07-05 00:00:00,0.3570622827294491,2.2754237288135597,Aqua,00:00:00
2020-07-06,2020-07-06 00:00:00,0.33374715649969305,2.1564885496183206,Aqua,00:00:00
2020-07-07,2020-07-07 00:00:00,0.3654879848908996,2.32,Aqua,00:00:00
2020-07-08,2020-07-08 00:00:00,0.31705744109813194,2.075187969924812,Aqua,00:00:00
2020-07-09,2020-07-09 00:00:00,0.2369481275476703,1.7256317689530685,Aqua,00:00:00
2020-07-10,2020-07-10 00:00:00,0.3179307462021826,2.0793650793650795,Aqua,00:00:00
2020-07-11,2020-07-11 00:00:00,0.3050775038221634,2.0187265917602994,Aqua,00:00:00
2020-07-12,2020-07-12 00:00:00,0.2195039221899136,1.6576923076923076,Aqua,00:00:00
2020-07-13,2020-07-13 00:00:00,0.3177204011449401,2.078358208955224,Aqua,00:00:00
2020-07-14,2020-07-14 00:00:00,0.16002569476529954,1.4455252918287937,Aqua,00:00:00
2020-07-15,2020-07-15 00:00:00,0.2505911865767404,1.7807017543859651,Aqua,00:00:00
2020-07-16,2020-07-16 00:00:00,0.3276821904354214,2.1265822784810124,Aqua,00:00:00
2020-07-17,2020-07-17 00:00:00,0.1578334804246198,1.4382470119521913,Aqua,00:00:00
2020-07-18,2020-07-18 00:00:00,0.214316296848055,1.6380090497737556,Aqua,00:00:00
2020-07-19,2020-07-19 00:00:00,0.1887327393843068,1.5443037974683544,Aqua,00:00:00
2020-07-20,2020-07-20 00:00:00,0.2145982559764181,1.6390728476821192,Aqua,00:00:00
2020-07-21,2020-07-21 00:00:00,0.1981932032796904,1.5783132530120483,Aqua,00:00:00
2020-07-22,2020-07-22 00:00:00,0.15826545389086802,1.4396782841823057,Aqua,00:00:00
2020-07-23,2020-07-23 00:00:00,0.2512672167446056,1.7834757834757835,Aqua,00:00:00
2020-07-24,2020-07-24 00:00:00,0.28537805012118506,1.9292035398230087,Aqua,00:00:00
2020-07-25,2020-07-25 00:00:00,0.31002606032651603,2.041860465116279,Aqua,00:00:00
2020-07-26,2020-07-26 00:00:00,0.2035874326420402,1.5980392156862744,Aqua,00:00:00
2020-07-29,2020-07-29 00:00:00,0.250937652077288,1.7821229050279332,Aqua,00:00:00
2020-07-30,2020-07-30 00:00:00,0.2547588510139749,1.797872340425532,Aqua,00:00:00
2020-07-31,2020-07-31 00:00:00,0.29400079858011946,1.9678899082568808,Aqua,00:00:00
2020-08-01,2020-08-01 00:00:00,0.33369911241734934,2.15625,Aqua,00:00:00
2020-08-02,2020-08-02 00:00:00,0.31288590429932317,2.055350553505535,Aqua,00:00:00
2020-08-03,2020-08-03 00:00:00,0.3491935559905347,2.2345679012345676,Aqua,00:00:00
2020-08-04,2020-08-04 00:00:00,0.2524004479915673,1.788135593220339,Aqua,00:00:00
2020-08-07,2020-08-07 00:00:00,0.313959879742644,2.0604395604395602,Aqua,00:00:00
2020-08-08,2020-08-08 00:00:00,0.3153426426899563,2.0670103092783507,Aqua,00:00:00
2020-08-09,2020-08-09 00:00:00,0.2745551001323593,1.8817204301075268,Aqua,00:00:00
2020-08-10,2020-08-10 00:00:00,0.28293177357118504,1.9183673469387756,Aqua,00:00:00
2020-08-11,2020-08-11 00:00:00,0.23811901239888916,1.7302904564315353,Aqua,00:00:00
2020-08-12,2020-08-12 00:00:00,0.2906973636019884,1.952978056426332,Aqua,00:00:00
2020-08-13,2020-08-13 00:00:00,0.2782337989974147,1.897727272727273,Aqua,00:00:00
2020-08-14,2020-08-14 00:00:00,0.22718528672461827,1.6872727272727275,Aqua,00:00:00
2020-08-15,2020-08-15 00:00:00,0.19276377624883492,1.5587044534412955,Aqua,00:00:00
2020-08-20,2020-08-20 00:00:00,0.24778448371075615,1.7692307692307694,Aqua,00:00:00
2020-08-30,2020-08-30 00:00:00,0.19908575039278076,1.5815602836879432,Aqua,00:00:00
2020-08-31,2020-08-31 00:00:00,0.2283377953604902,1.6917562724014337,Aqua,00:00:00
2020-09-02,2020-09-02 00:00:00,0.2767119934650849,1.891089108910891,Aqua,00:00:00
2020-09-03,2020-09-03 00:00:00,0.2120889123272001,1.6296296296296295,Aqua,00:00:00
2020-09-04,2020-09-04 00:00:00,0.6302771699026984,4.268518518518518,Aqua,00:00:00
2020-09-06,2020-09-06 00:00:00,0.9831320747127045,9.619047619047619,Aqua,00:00:00
2020-09-07,2020-09-07 00:00:00,0.23808594848704195,1.7301587301587302,Aqua,00:00:00
2020-09-08,2020-09-08 00:00:00,0.14670748137047157,1.4018691588785046,Aqua,00:00:00
2020-09-09,2020-09-09 00:00:00,0.2332102520069825,1.7108433734939756,Aqua,00:00:00
2020-09-10,2020-09-10 00:00:00,0.16619089612805468,1.4661921708185053,Aqua,00:00:00
2020-09-17,2020-09-17 00:00:00,0.15050261137532872,1.4141732283464568,Aqua,00:00:00
2020-09-19,2020-09-19 00:00:00,0.21387981994508107,1.6363636363636365,Aqua,00:00:00
2020-09-20,2020-09-20 00:00:00,0.23954311565143402,1.7359735973597359,Aqua,00:00:00
2020-09-27,2020-09-27 00:00:00,0.23508735557182137,1.7182539682539684,Aqua,00:00:00
2020-09-28,2020-09-28 00:00:00,0.23596734990791948,1.7217391304347829,Aqua,00:00:00
2020-09-29,2020-09-29 00:00:00,0.27780015494550636,1.8958333333333333,Aqua,00:00:00
2020-10-01,2020-10-01 00:00:00,0.2717029318384569,1.869402985074627,Aqua,00:00:00
2020-10-03,2020-10-03 00:00:00,0.290034611362518,1.95,Aqua,00:00:00
2020-10-05,2020-10-05 00:00:00,0.19290014225700297,1.5591939546599498,Aqua,00:00:00
2020-10-06,2020-10-06 00:00:00,0.15742449068978526,1.4368932038834954,Aqua,00:00:00
2020-10-11,2020-10-11 00:00:00,0.1192862340572882,1.3160919540229883,Aqua,00:00:00
2020-10-14,2020-10-14 00:00:00,0.12185079940062032,1.3238866396761133,Aqua,00:00:00
2020-10-15,2020-10-15 00:00:00,0.11706977114091939,1.3093922651933703,Aqua,00:00:00
2020-10-16,2020-10-16 00:00:00,0.22812025905969127,1.690909090909091,Aqua,00:00:00
2020-10-18,2020-10-18 00:00:00,0.2715615068931855,1.8687943262411346,Aqua,00:00:00
2020-10-20,2020-10-20 00:00:00,0.17609125905568124,1.5,Aqua,00:00:00
2020-10-22,2020-10-22 00:00:00,0.06985554608888282,1.174506828528073,Aqua,00:00:00
2020-10-23,2020-10-23 00:00:00,0.12436236693922645,1.3315649867374004,Aqua,00:00:00
2020-10-24,2020-10-24 00:00:00,0.11909799271851579,1.3155216284987277,Aqua,00:00:00
2020-10-25,2020-10-25 00:00:00,0.021060828581823867,1.049689440993789,Aqua,00:00:00
2020-10-26,2020-10-26 00:00:00,0.14349859586855282,1.3915492957746478,Aqua,00:00:00
2020-10-27,2020-10-27 00:00:00,0.14099851366218666,1.3835616438356164,Aqua,00:00:00
2020-10-28,2020-10-28 00:00:00,0.14140226019196278,1.384848484848485,Aqua,00:00:00
2020-10-29,2020-10-29 00:00:00,0.12733815973875456,1.3407202216066483,Aqua,00:00:00
2020-10-30,2020-10-30 00:00:00,0.10295342400047289,1.267515923566879,Aqua,00:00:00
2020-10-31,2020-10-31 00:00:00,0.12027387455212907,1.3190883190883191,Aqua,00:00:00
2020-11-01,2020-11-01 00:00:00,0.15959990283640013,1.444108761329305,Aqua,00:00:00
2020-11-02,2020-11-02 00:00:00,0.11889838218732744,1.3149171270718232,Aqua,00:00:00
2020-11-03,2020-11-03 00:00:00,0.13209674392230672,1.355491329479769,Aqua,00:00:00
2020-11-04,2020-11-04 00:00:00,0.10339905875219019,1.268817204301075,Aqua,00:00:00
2020-11-05,2020-11-05 00:00:00,0.09547024783750424,1.2458628841607564,Aqua,00:00:00
2020-11-06,2020-11-06 00:00:00,0.04767733036110071,1.1160337552742616,Aqua,00:00:00
2020-11-07,2020-11-07 00:00:00,0.003044132663719305,1.0070339976553342,Aqua,00:00:00
2020-11-08,2020-11-08 00:00:00,0.027357561958987347,1.0650195058517553,Aqua,00:00:00
2020-11-11,2020-11-11 00:00:00,0.01792839669591771,1.0421455938697317,Aqua,00:00:00
2020-11-19,2020-11-19 00:00:00,-0.05773170859065098,0.8755244755244754,Aqua,00:00:00
2020-11-20,2020-11-20 00:00:00,-0.06897097952245444,0.8531571218795888,Aqua,00:00:00
2020-11-21,2020-11-21 00:00:00,-0.046368742571366084,0.89873417721519,Aqua,00:00:00
2020-11-24,2020-11-24 00:00:00,-0.041471798826702023,0.9089253187613843,Aqua,00:00:00
2020-11-26,2020-11-26 00:00:00,-0.05018419544220209,0.8908730158730159,Aqua,00:00:00
2020-11-27,2020-11-27 00:00:00,0.014322119476314864,1.033527696793003,Aqua,00:00:00
2020-11-29,2020-11-29 00:00:00,-0.02690479889322324,0.9399293286219081,Aqua,00:00:00
2020-12-01,2020-12-01 00:00:00,-0.008863460331305072,0.9797979797979798,Aqua,00:00:00
2020-12-02,2020-12-02 00:00:00,0.013221553247848586,1.0309119010819165,Aqua,00:00:00
2020-12-03,2020-12-03 00:00:00,0.03852225513251876,1.0927536231884059,Aqua,00:00:00
2020-12-04,2020-12-04 00:00:00,0.04925384224889816,1.1200923787528867,Aqua,00:00:00
2020-12-05,2020-12-05 00:00:00,-0.0017476662695200492,0.995983935742972,Aqua,00:00:00
2020-12-06,2020-12-06 00:00:00,-0.015239966556736897,0.9655172413793103,Aqua,00:00:00
2020-12-07,2020-12-07 00:00:00,0.02651813257500498,1.0629629629629629,Aqua,00:00:00
2020-12-08,2020-12-08 00:00:00,-0.02179712909484425,0.9510489510489512,Aqua,00:00:00
2020-12-10,2020-12-10 00:00:00,0.016321964066993225,1.0382978723404257,Aqua,00:00:00
2020-12-21,2020-12-21 00:00:00,0.0017064638140171081,1.0039370078740157,Aqua,00:00:00
2020-12-23,2020-12-23 00:00:00,-0.038871590083843076,0.9143835616438356,Aqua,00:00:00
2020-12-28,2020-12-28 00:00:00,-0.04335889567852252,0.9049844236760125,Aqua,00:00:00
2020-12-30,2020-12-30 00:00:00,0.09905439526964374,1.2561872909699,Aqua,00:00:00
2021-01-07,2021-01-07 00:00:00,0.0029196377651064297,1.0067453625632377,Aqua,00:00:00
2021-01-13,2021-01-13 00:00:00,0.01200199300176638,1.0280210157618213,Aqua,00:00:00
2021-01-14,2021-01-14 00:00:00,-0.04122173672779373,0.9094488188976378,Aqua,00:00:00
2021-01-18,2021-01-18 00:00:00,-0.030300539496849802,0.932608695652174,Aqua,00:00:00
2021-01-23,2021-01-23 00:00:00,0.015180770143927543,1.0355731225296443,Aqua,00:00:00
2021-01-25,2021-01-25 00:00:00,0.03167584384991919,1.0756620428751575,Aqua,00:00:00
2021-02-03,2021-02-03 00:00:00,-0.014768777965541581,0.966565349544073,Aqua,00:00:00
2021-02-05,2021-02-05 00:00:00,-0.018984997066694122,0.9572271386430679,Aqua,00:00:00
2021-02-06,2021-02-06 00:00:00,-0.05720446810027289,0.8765880217785844,Aqua,00:00:00
2021-02-07,2021-02-07 00:00:00,-0.05611594197893139,0.8787878787878788,Aqua,00:00:00
2021-02-10,2021-02-10 00:00:00,-0.030603303790881536,0.931958762886598,Aqua,00:00:00
2021-02-13,2021-02-13 00:00:00,0.038253295531824216,1.0920770877944326,Aqua,00:00:00
2021-02-22,2021-02-22 00:00:00,0.023362646515118084,1.0552677029360968,Aqua,00:00:00
2021-02-23,2021-02-23 00:00:00,-0.028357325612712654,0.9367909238249594,Aqua,00:00:00
2021-02-24,2021-02-24 00:00:00,-0.04226214387085395,0.9072727272727272,Aqua,00:00:00
2021-02-25,2021-02-25 00:00:00,0.037016885097937054,1.0889724310776943,Aqua,00:00:00
2021-02-27,2021-02-27 00:00:00,-0.031145562754139853,0.9307958477508651,Aqua,00:00:00
2021-02-28,2021-02-28 00:00:00,-0.03539852005469828,0.9217252396166133,Aqua,00:00:00
2021-03-01,2021-03-01 00:00:00,-0.0006605240541746362,0.9984802431610944,Aqua,00:00:00
2021-03-02,2021-03-02 00:00:00,-0.015239966556736897,0.9655172413793103,Aqua,00:00:00
2021-03-03,2021-03-03 00:00:00,-0.0032777097612359477,0.9924812030075187,Aqua,00:00:00
2021-03-04,2021-03-04 00:00:00,-0.00812738538450272,0.9814600231749709,Aqua,00:00:00
2021-03-05,2021-03-05 00:00:00,-0.08769346833943548,0.8171589310829819,Aqua,00:00:00
2021-03-06,2021-03-06 00:00:00,-0.05021059756279032,0.890818858560794,Aqua,00:00:00
2021-03-12,2021-03-12 00:00:00,-0.00900124411479049,0.9794871794871794,Aqua,00:00:00
2021-03-13,2021-03-13 00:00:00,-0.0013508392909587566,0.9968944099378884,Aqua,00:00:00
2021-03-16,2021-03-16 00:00:00,-0.008035955596542032,0.9816666666666666,Aqua,00:00:00
2021-03-21,2021-03-21 00:00:00,0.017938015088740256,1.042168674698795,Aqua,00:00:00
2021-03-23,2021-03-23 00:00:00,-0.006466042249231715,0.9852216748768473,Aqua,00:00:00
2021-03-26,2021-03-26 00:00:00,0.024191307752529895,1.0572831423895255,Aqua,00:00:00
2021-03-27,2021-03-27 00:00:00,0.025633511060697903,1.0608,Aqua,00:00:00
2021-03-28,2021-03-28 00:00:00,0.016950228690565148,1.0398009950248757,Aqua,00:00:00
2021-03-29,2021-03-29 00:00:00,0.022539205298236355,1.053268765133172,Aqua,00:00:00
2021-03-30,2021-03-30 00:00:00,0.012482695624629527,1.0291595197255574,Aqua,00:00:00
2021-03-31,2021-03-31 00:00:00,0.03821102637203575,1.091970802919708,Aqua,00:00:00
2021-04-01,2021-04-01 00:00:00,0.037105170532961584,1.0891938250428816,Aqua,00:00:00
2021-04-04,2021-04-04 00:00:00,0.056338189812400075,1.1385135135135136,Aqua,00:00:00
2021-04-05,2021-04-05 00:00:00,0.02719273781390219,1.0646153846153845,Aqua,00:00:00
2021-04-06,2021-04-06 00:00:00,0.03991225451925531,1.0962566844919786,Aqua,00:00:00
2021-04-07,2021-04-07 00:00:00,0.04483493156924237,1.1087533156498675,Aqua,00:00:00
2021-04-08,2021-04-08 00:00:00,0.006084785796723908,1.0141093474426808,Aqua,00:00:00
2021-04-09,2021-04-09 00:00:00,0.059203819632438995,1.1460506706408347,Aqua,00:00:00
2021-04-10,2021-04-10 00:00:00,0.013125282727025695,1.0306834030683405,Aqua,00:00:00
2021-04-11,2021-04-11 00:00:00,0.025853832579458932,1.0613382899628254,Aqua,00:00:00
2021-04-12,2021-04-12 00:00:00,0.03885998844784129,1.0936037441497661,Aqua,00:00:00
2021-04-14,2021-04-14 00:00:00,0.025226080956717915,1.0598052851182198,Aqua,00:00:00
2021-04-15,2021-04-15 00:00:00,0.04159791213624426,1.10051993067591,Aqua,00:00:00
2021-04-16,2021-04-16 00:00:00,0.04820013526546769,1.1173780487804879,Aqua,00:00:00
2021-04-17,2021-04-17 00:00:00,0.04782920932572384,1.1164241164241164,Aqua,00:00:00
2021-04-18,2021-04-18 00:00:00,0.0738900006309796,1.1854684512428297,Aqua,00:00:00
2021-04-20,2021-04-20 00:00:00,0.06445798922691853,1.1600000000000001,Aqua,00:00:00
2021-04-21,2021-04-21 00:00:00,0.03669191727175536,1.0881578947368422,Aqua,00:00:00
2021-04-22,2021-04-22 00:00:00,0.04354358016614541,1.1054613935969868,Aqua,00:00:00
2021-04-23,2021-04-23 00:00:00,0.05458141836282167,1.1339173967459324,Aqua,00:00:00
2021-04-27,2021-04-27 00:00:00,0.07207606537265845,1.18052738336714,Aqua,00:00:00
2021-04-28,2021-04-28 00:00:00,0.07633340317479857,1.192156862745098,Aqua,00:00:00
2021-05-01,2021-05-01 00:00:00,0.08345403015893646,1.2118644067796611,Aqua,00:00:00
2021-05-02,2021-05-02 00:00:00,0.09691001300805642,1.25,Aqua,00:00:00
2021-05-03,2021-05-03 00:00:00,0.07901327293321098,1.1995359628770303,Aqua,00:00:00
2021-05-04,2021-05-04 00:00:00,0.08241947628682068,1.2089810017271159,Aqua,00:00:00
2021-05-06,2021-05-06 00:00:00,0.08769709697015445,1.2237623762376237,Aqua,00:00:00
2021-05-07,2021-05-07 00:00:00,0.05174299770068514,1.1265306122448977,Aqua,00:00:00
2021-05-09,2021-05-09 00:00:00,0.09311702399091731,1.2391304347826086,Aqua,00:00:00
2021-05-10,2021-05-10 00:00:00,0.08890693129163287,1.227176220806794,Aqua,00:00:00
2021-05-11,2021-05-11 00:00:00,0.08990511143939793,1.23,Aqua,00:00:00
2021-05-12,2021-05-12 00:00:00,0.09017663034908796,1.2307692307692306,Aqua,00:00:00
2021-05-13,2021-05-13 00:00:00,0.09671120573431538,1.2494279176201373,Aqua,00:00:00
2021-05-16,2021-05-16 00:00:00,0.09011074330020138,1.2305825242718447,Aqua,00:00:00
2021-05-17,2021-05-17 00:00:00,0.08501078970834869,1.2162162162162162,Aqua,00:00:00
2021-05-18,2021-05-18 00:00:00,0.07888080018167953,1.199170124481328,Aqua,00:00:00
2021-05-19,2021-05-19 00:00:00,0.05674328344699629,1.1395759717314486,Aqua,00:00:00
2021-05-23,2021-05-23 00:00:00,0.0679761678842877,1.169435215946844,Aqua,00:00:00
2021-05-24,2021-05-24 00:00:00,0.08274105681384512,1.2098765432098766,Aqua,00:00:00
2021-05-25,2021-05-25 00:00:00,0.07736790528415644,1.1949999999999998,Aqua,00:00:00
2021-05-26,2021-05-26 00:00:00,0.09449800413173062,1.2430769230769232,Aqua,00:00:00
2021-05-28,2021-05-28 00:00:00,0.03583842522870743,1.086021505376344,Aqua,00:00:00
2021-05-29,2021-05-29 00:00:00,0.09153924270521756,1.23463687150838,Aqua,00:00:00
2021-05-30,2021-05-30 00:00:00,0.04436016500974827,1.1075418994413408,Aqua,00:00:00
2021-06-01,2021-06-01 00:00:00,0.10179893310003744,1.2641509433962266,Aqua,00:00:00
2021-06-02,2021-06-02 00:00:00,0.10240899816419234,1.2659279778393353,Aqua,00:00:00
2021-06-03,2021-06-03 00:00:00,0.18137150017111395,1.5183486238532111,Aqua,00:00:00
2021-06-04,2021-06-04 00:00:00,0.09573146552251367,1.2466124661246611,Aqua,00:00:00
2021-06-05,2021-06-05 00:00:00,0.08163756247793938,1.206806282722513,Aqua,00:00:00
2021-06-10,2021-06-10 00:00:00,0.1026623418971477,1.2666666666666666,Aqua,00:00:00
2021-06-15,2021-06-15 00:00:00,0.04325853528877001,1.1047363184079602,Aqua,00:00:00
2021-06-16,2021-06-16 00:00:00,0.16876359883045688,1.4749034749034748,Aqua,00:00:00
2021-06-17,2021-06-17 00:00:00,0.16502583290552125,1.4622641509433962,Aqua,00:00:00
2021-06-18,2021-06-18 00:00:00,0.17756095413645684,1.505084745762712,Aqua,00:00:00
2021-06-19,2021-06-19 00:00:00,0.1966777898374588,1.5728155339805827,Aqua,00:00:00
2021-06-20,2021-06-20 00:00:00,0.20741339103748463,1.6121794871794872,Aqua,00:00:00
2021-06-21,2021-06-21 00:00:00,0.15907754844244368,1.4423728813559322,Aqua,00:00:00
2021-06-22,2021-06-22 00:00:00,0.21765263502274826,1.6506410256410258,Aqua,00:00:00
2021-06-24,2021-06-24 00:00:00,0.23324936037195626,1.7109974424552428,Aqua,00:00:00
2021-06-25,2021-06-25 00:00:00,0.3071903043687996,2.0285714285714285,Aqua,00:00:00
2021-06-26,2021-06-26 00:00:00,0.2927574696979914,1.9622641509433965,Aqua,00:00:00
2021-06-27,2021-06-27 00:00:00,0.221214279844047,1.6642335766423357,Aqua,00:00:00
2021-06-28,2021-06-28 00:00:00,0.2892232049456383,1.946360153256705,Aqua,00:00:00
2021-06-29,2021-06-29 00:00:00,0.12119851589917341,1.3218997361477574,Aqua,00:00:00
2021-06-30,2021-06-30 00:00:00,0.2607822295517836,1.8229813664596275,Aqua,00:00:00
2021-07-02,2021-07-02 00:00:00,0.19756637220760553,1.576036866359447,Aqua,00:00:00
2021-07-03,2021-07-03 00:00:00,1.8325089127062364,68.0,Aqua,00:00:00
2021-07-04,2021-07-04 00:00:00,0.2436361132498049,1.7524115755627008,Aqua,00:00:00
2021-07-05,2021-07-05 00:00:00,0.2579450949646329,1.8111111111111111,Aqua,00:00:00
2021-07-06,2021-07-06 00:00:00,0.25874093354790495,1.8144329896907216,Aqua,00:00:00
2021-07-07,2021-07-07 00:00:00,0.26871922883055244,1.8566037735849055,Aqua,00:00:00
2021-07-09,2021-07-09 00:00:00,0.18765499027079993,1.5404761904761906,Aqua,00:00:00
2021-07-14,2021-07-14 00:00:00,0.7224511001855416,5.277777777777777,Aqua,00:00:00
2021-07-15,2021-07-15 00:00:00,0.23177591284936763,1.7052023121387285,Aqua,00:00:00
2021-07-16,2021-07-16 00:00:00,0.21104422204479553,1.6257142857142857,Aqua,00:00:00
2021-07-17,2021-07-17 00:00:00,0.26970106524316323,1.8608058608058609,Aqua,00:00:00
2021-07-18,2021-07-18 00:00:00,0.2131996405078432,1.6338028169014085,Aqua,00:00:00
2021-07-20,2021-07-20 00:00:00,0.21640724404374784,1.6459143968871597,Aqua,00:00:00
2021-07-21,2021-07-21 00:00:00,0.2766863484248604,1.8909774436090225,Aqua,00:00:00
2021-07-22,2021-07-22 00:00:00,0.17691300855705477,1.5028409090909092,Aqua,00:00:00
2021-07-23,2021-07-23 00:00:00,0.26426571468782717,1.8376623376623378,Aqua,00:00:00
2021-07-28,2021-07-28 00:00:00,0.2850497351237724,1.9277456647398847,Aqua,00:00:00
2021-08-03,2021-08-03 00:00:00,0.06539296156199156,1.1625,Aqua,00:00:00
2021-08-06,2021-08-06 00:00:00,0.1746555735105268,1.4950495049504948,Aqua,00:00:00
2021-08-07,2021-08-07 00:00:00,0.22882151722531413,1.6936416184971101,Aqua,00:00:00
2021-08-08,2021-08-08 00:00:00,0.16705489702533977,1.469111969111969,Aqua,00:00:00
2021-08-10,2021-08-10 00:00:00,0.38535088136401713,2.428571428571429,Aqua,00:00:00
2021-08-20,2021-08-20 00:00:00,0.27300127206373764,1.875,Aqua,00:00:00
2021-08-22,2021-08-22 00:00:00,0.3983762663500109,2.5025125628140703,Aqua,00:00:00
2021-08-26,2021-08-26 00:00:00,0.1781642676785465,1.507177033492823,Aqua,00:00:00
2021-08-27,2021-08-27 00:00:00,0.2886089064628755,1.943609022556391,Aqua,00:00:00
2021-08-28,2021-08-28 00:00:00,0.17867789256207078,1.5089605734767026,Aqua,00:00:00
2021-09-01,2021-09-01 00:00:00,0.1787638489170081,1.5092592592592593,Aqua,00:00:00
2021-09-02,2021-09-02 00:00:00,0.2367233021995764,1.7247386759581882,Aqua,00:00:00
2021-09-03,2021-09-03 00:00:00,0.20061287491423221,1.5871313672922254,Aqua,00:00:00
2021-09-07,2021-09-07 00:00:00,0.3339780725908866,2.1576354679802954,Aqua,00:00:00
2021-09-12,2021-09-12 00:00:00,0.3303701278557715,2.139784946236559,Aqua,00:00:00
2021-09-13,2021-09-13 00:00:00,0.20392395715862097,1.59927797833935,Aqua,00:00:00
2021-09-14,2021-09-14 00:00:00,0.19115500549155715,1.5529411764705883,Aqua,00:00:00
2021-09-15,2021-09-15 00:00:00,0.18605137592553925,1.5347985347985347,Aqua,00:00:00
2021-09-16,2021-09-16 00:00:00,0.3583998926686654,2.282442748091603,Aqua,00:00:00
2021-09-17,2021-09-17 00:00:00,0.14899812080146058,1.4092827004219408,Aqua,00:00:00
2021-09-19,2021-09-19 00:00:00,0.14869917541587033,1.408312958435208,Aqua,00:00:00
2021-09-20,2021-09-20 00:00:00,0.21762543125927014,1.650537634408602,Aqua,00:00:00
2021-09-21,2021-09-21 00:00:00,0.17835912051150332,1.5078534031413613,Aqua,00:00:00
2021-09-24,2021-09-24 00:00:00,0.23004322823162798,1.6984126984126986,Aqua,00:00:00
2021-09-25,2021-09-25 00:00:00,0.1371943322344424,1.3714953271028036,Aqua,00:00:00
2021-09-26,2021-09-26 00:00:00,0.14987197681211267,1.412121212121212,Aqua,00:00:00
2021-09-29,2021-09-29 00:00:00,0.24842564408732132,1.7718446601941749,Aqua,00:00:00
2021-09-30,2021-09-30 00:00:00,0.28042718484239504,1.907335907335907,Aqua,00:00:00
2021-10-01,2021-10-01 00:00:00,0.16027397984531963,1.446351931330472,Aqua,00:00:00
2021-10-02,2021-10-02 00:00:00,0.1672068764320968,1.4696261682242988,Aqua,00:00:00
2021-10-03,2021-10-03 00:00:00,0.21955695283677157,1.6578947368421053,Aqua,00:00:00
2021-10-04,2021-10-04 00:00:00,0.18033961601075096,1.514745308310992,Aqua,00:00:00
2021-10-06,2021-10-06 00:00:00,0.1872685722079107,1.5391061452513968,Aqua,00:00:00
2021-10-09,2021-10-09 00:00:00,0.24848651576001396,1.7720930232558139,Aqua,00:00:00
2021-10-10,2021-10-10 00:00:00,0.13626279548726183,1.3685567010309279,Aqua,00:00:00
2021-10-11,2021-10-11 00:00:00,0.019957031624836242,1.0470249520153552,Aqua,00:00:00
2021-10-12,2021-10-12 00:00:00,0.16011435823500927,1.4458204334365325,Aqua,00:00:00
2021-10-13,2021-10-13 00:00:00,0.1628215352070644,1.454861111111111,Aqua,00:00:00
2021-10-14,2021-10-14 00:00:00,0.2229789896346298,1.6710097719869708,Aqua,00:00:00
2021-10-15,2021-10-15 00:00:00,0.2600879013971912,1.820069204152249,Aqua,00:00:00
2021-10-16,2021-10-16 00:00:00,0.2709679679448757,1.8662420382165605,Aqua,00:00:00
2021-10-18,2021-10-18 00:00:00,0.44133559276181367,2.76271186440678,Aqua,00:00:00
2021-11-16,2021-11-16 00:00:00,0.011184166952513638,1.026086956521739,Aqua,00:00:00
2021-11-20,2021-11-20 00:00:00,-0.019706722012626934,0.955637707948244,Aqua,00:00:00
2021-11-21,2021-11-21 00:00:00,-0.0032209874360846847,0.9926108374384236,Aqua,00:00:00
2021-11-22,2021-11-22 00:00:00,-0.05913814580057539,0.8726937269372693,Aqua,00:00:00
2021-11-23,2021-11-23 00:00:00,0.029555243561716116,1.0704225352112677,Aqua,00:00:00
2021-11-24,2021-11-24 00:00:00,0.02623535085820005,1.0622710622710623,Aqua,00:00:00
2021-11-25,2021-11-25 00:00:00,0.0327808323763387,1.0784023668639053,Aqua,00:00:00
2021-11-30,2021-11-30 00:00:00,0.02777257821864952,1.0660377358490567,Aqua,00:00:00
2021-12-01,2021-12-01 00:00:00,-0.016621555625164784,0.9624505928853755,Aqua,00:00:00
2021-12-02,2021-12-02 00:00:00,0.06737445532928193,1.167816091954023,Aqua,00:00:00
2021-12-03,2021-12-03 00:00:00,0.04638873265131737,1.1127272727272728,Aqua,00:00:00
2021-12-05,2021-12-05 00:00:00,0.03886862730507263,1.0936254980079683,Aqua,00:00:00
2021-12-14,2021-12-14 00:00:00,0.05610118787310871,1.1378923766816145,Aqua,00:00:00
2022-02-08,2022-02-08 00:00:00,0.09938463213591187,1.2571428571428573,Aqua,00:00:00
2022-02-11,2022-02-11 00:00:00,0.1491335458179633,1.4097222222222223,Aqua,00:00:00
2022-02-12,2022-02-12 00:00:00,0.13307646804764733,1.3585526315789476,Aqua,00:00:00
2022-02-13,2022-02-13 00:00:00,0.11182999299343767,1.2936893203883495,Aqua,00:00:00
2022-02-15,2022-02-15 00:00:00,0.0756359652829751,1.1902439024390243,Aqua,00:00:00
2022-02-16,2022-02-16 00:00:00,0.12221587827282664,1.325,Aqua,00:00:00
2022-02-17,2022-02-17 00:00:00,0.09991783598668715,1.2586872586872586,Aqua,00:00:00
2022-02-18,2022-02-18 00:00:00,0.10487537776027278,1.2731376975169302,Aqua,00:00:00
2022-02-19,2022-02-19 00:00:00,0.1238384206361339,1.3299595141700407,Aqua,00:00:00
2022-02-20,2022-02-20 00:00:00,0.09469781128063492,1.24364896073903,Aqua,00:00:00
2022-02-22,2022-02-22 00:00:00,0.08988622948109393,1.2299465240641712,Aqua,00:00:00
2022-02-24,2022-02-24 00:00:00,0.056708604391468916,1.1394849785407726,Aqua,00:00:00
2022-02-25,2022-02-25 00:00:00,0.07815019201974135,1.1971544715447155,Aqua,00:00:00
2022-03-06,2022-03-06 00:00:00,0.07809346969459015,1.1969981238273923,Aqua,00:00:00
2022-03-07,2022-03-07 00:00:00,0.06323167303288717,1.1567291311754684,Aqua,00:00:00
2022-03-08,2022-03-08 00:00:00,0.09116613745726675,1.2335766423357664,Aqua,00:00:00
2022-03-10,2022-03-10 00:00:00,0.04763055337426018,1.1159135559921416,Aqua,00:00:00
2022-03-14,2022-03-14 00:00:00,0.07928190533232692,1.2002781641168287,Aqua,00:00:00
2022-03-16,2022-03-16 00:00:00,0.09104296712530648,1.233226837060703,Aqua,00:00:00
2022-03-17,2022-03-17 00:00:00,0.08550199733882696,1.2175925925925926,Aqua,00:00:00
2022-03-22,2022-03-22 00:00:00,0.09984183979564237,1.2584670231729056,Aqua,00:00:00
2022-03-24,2022-03-24 00:00:00,0.09075729348082341,1.2324159021406729,Aqua,00:00:00
2022-03-29,2022-03-29 00:00:00,0.09180811020077524,1.2354014598540148,Aqua,00:00:00
2022-04-21,2022-04-21 00:00:00,0.02148891583373838,1.0507246376811594,Aqua,00:00:00
2022-04-23,2022-04-23 00:00:00,0.04406116963292973,1.1067796610169491,Aqua,00:00:00
2022-04-24,2022-04-24 00:00:00,0.06113674335398213,1.1511627906976742,Aqua,00:00:00
2022-04-26,2022-04-26 00:00:00,0.06566898221551443,1.1632390745501286,Aqua,00:00:00
2022-04-27,2022-04-27 00:00:00,0.06556588391422771,1.1629629629629632,Aqua,00:00:00
2022-05-01,2022-05-01 00:00:00,0.05930006387601819,1.1463046757164403,Aqua,00:00:00
2022-05-02,2022-05-02 00:00:00,0.015359755409214231,1.036,Aqua,00:00:00
2022-05-03,2022-05-03 00:00:00,0.05595853900274975,1.1375186846038865,Aqua,00:00:00
2022-05-04,2022-05-04 00:00:00,0.0455004355180103,1.1104536489151875,Aqua,00:00:00
2022-05-16,2022-05-16 00:00:00,0.09061725092073748,1.2320185614849188,Aqua,00:00:00
2022-05-17,2022-05-17 00:00:00,0.07310709833543158,1.1833333333333331,Aqua,00:00:00
2022-05-20,2022-05-20 00:00:00,0.09004355405513934,1.230392156862745,Aqua,00:00:00
2022-05-21,2022-05-21 00:00:00,0.1131142820927837,1.297520661157025,Aqua,00:00:00
2022-05-23,2022-05-23 00:00:00,0.09120400639322414,1.233684210526316,Aqua,00:00:00
2022-05-24,2022-05-24 00:00:00,0.06950784412185528,1.1735668789808915,Aqua,00:00:00
2022-05-25,2022-05-25 00:00:00,0.06748408337958836,1.168110918544194,Aqua,00:00:00
2022-05-31,2022-05-31 00:00:00,0.08773904968289024,1.2238805970149254,Aqua,00:00:00
2022-06-12,2022-06-12 00:00:00,0.06251118111707998,1.1548117154811715,Aqua,00:00:00
2022-06-18,2022-06-18 00:00:00,0.18162374765564224,1.5192307692307692,Aqua,00:00:00
2022-06-19,2022-06-19 00:00:00,0.12326515271873387,1.3282051282051284,Aqua,00:00:00
2022-06-21,2022-06-21 00:00:00,0.09878962658743173,1.2554216867469878,Aqua,00:00:00
2022-06-22,2022-06-22 00:00:00,0.1417337875801458,1.3859060402684564,Aqua,00:00:00
2022-06-23,2022-06-23 00:00:00,0.15365039000743605,1.4244604316546763,Aqua,00:00:00
2022-06-24,2022-06-24 00:00:00,0.15767504520552514,1.4377224199288259,Aqua,00:00:00
2022-06-25,2022-06-25 00:00:00,0.14197207590708033,1.3866666666666667,Aqua,00:00:00
2022-06-26,2022-06-26 00:00:00,0.14802959567902507,1.4061433447098974,Aqua,00:00:00
2022-06-27,2022-06-27 00:00:00,0.17560025337092888,1.4983050847457626,Aqua,00:00:00
2022-06-28,2022-06-28 00:00:00,0.09005859950669744,1.2304347826086959,Aqua,00:00:00
2022-06-29,2022-06-29 00:00:00,0.19092628900321817,1.552123552123552,Aqua,00:00:00
2022-07-01,2022-07-01 00:00:00,0.1902799995234947,1.5498154981549814,Aqua,00:00:00
2022-07-08,2022-07-08 00:00:00,0.220148964738462,1.66015625,Aqua,00:00:00
2022-07-10,2022-07-10 00:00:00,0.23246772562665033,1.7079207920792079,Aqua,00:00:00
2022-07-11,2022-07-11 00:00:00,0.22391191018012976,1.6746031746031746,Aqua,00:00:00
2022-07-14,2022-07-14 00:00:00,0.21685680405885738,1.6476190476190478,Aqua,00:00:00
2022-07-15,2022-07-15 00:00:00,0.27082435280946315,1.865625,Aqua,00:00:00
2022-07-17,2022-07-17 00:00:00,0.3136191229720017,2.0588235294117645,Aqua,00:00:00
2022-07-18,2022-07-18 00:00:00,0.27041090332437734,1.863849765258216,Aqua,00:00:00
2022-07-19,2022-07-19 00:00:00,0.27091832091544515,1.866028708133971,Aqua,00:00:00
2022-07-20,2022-07-20 00:00:00,0.30913106026649667,2.0376569037656904,Aqua,00:00:00
2022-07-21,2022-07-21 00:00:00,0.31520844141871124,2.066371681415929,Aqua,00:00:00
2022-07-22,2022-07-22 00:00:00,0.3211212044348672,2.0946969696969697,Aqua,00:00:00
2022-07-23,2022-07-23 00:00:00,0.34381624670889077,2.207070707070707,Aqua,00:00:00
2022-07-24,2022-07-24 00:00:00,0.2891307723642735,1.945945945945946,Aqua,00:00:00
2022-07-25,2022-07-25 00:00:00,0.640978057358332,4.375,Aqua,00:00:00
2022-07-26,2022-07-26 00:00:00,0.20625977408521148,1.6079027355623101,Aqua,00:00:00
2022-07-28,2022-07-28 00:00:00,0.2541311260444969,1.795275590551181,Aqua,00:00:00
2022-07-29,2022-07-29 00:00:00,0.5047047763517509,3.1967213114754096,Aqua,00:00:00
2022-07-30,2022-07-30 00:00:00,0.4332679710137806,2.7118644067796613,Aqua,00:00:00
2022-07-31,2022-07-31 00:00:00,0.12369848498413763,1.3295310519645123,Aqua,00:00:00
2022-08-03,2022-08-03 00:00:00,0.2803832256863372,1.9071428571428573,Aqua,00:00:00
2022-08-04,2022-08-04 00:00:00,0.27166923651089553,1.8692579505300353,Aqua,00:00:00
2022-08-06,2022-08-06 00:00:00,0.24963505373952508,1.7767857142857144,Aqua,00:00:00
2022-08-07,2022-08-07 00:00:00,0.2175183043137623,1.650130548302872,Aqua,00:00:00
2022-08-08,2022-08-08 00:00:00,0.27783833300204747,1.8960000000000001,Aqua,00:00:00
2022-08-10,2022-08-10 00:00:00,0.22304680411930317,1.671270718232044,Aqua,00:00:00
2022-08-11,2022-08-11 00:00:00,0.3384014068892821,2.1797235023041477,Aqua,00:00:00
2022-08-12,2022-08-12 00:00:00,0.3176292574834429,2.0779220779220777,Aqua,00:00:00
2022-08-13,2022-08-13 00:00:00,0.31048089146267516,2.044,Aqua,00:00:00
2022-08-14,2022-08-14 00:00:00,0.26206128599972484,1.828358208955224,Aqua,00:00:00
2022-08-15,2022-08-15 00:00:00,0.26488338184155824,1.840277777777778,Aqua,00:00:00
2022-08-16,2022-08-16 00:00:00,0.2953422410790611,1.9739776951672863,Aqua,00:00:00
2022-08-17,2022-08-17 00:00:00,0.8029748341086758,6.352941176470588,Aqua,00:00:00
2022-08-19,2022-08-19 00:00:00,0.255272505103306,1.7999999999999998,Aqua,00:00:00
2022-08-20,2022-08-20 00:00:00,0.2668757194296755,1.8487394957983194,Aqua,00:00:00
2022-08-21,2022-08-21 00:00:00,0.7225855358720829,5.279411764705882,Aqua,00:00:00
2022-08-22,2022-08-22 00:00:00,0.2843456975589161,1.9246231155778895,Aqua,00:00:00
2022-08-23,2022-08-23 00:00:00,0.2828560267353946,1.9180327868852458,Aqua,00:00:00
2022-08-24,2022-08-24 00:00:00,0.24885198399890956,1.7735849056603772,Aqua,00:00:00
2022-08-25,2022-08-25 00:00:00,0.20477354859101193,1.602409638554217,Aqua,00:00:00
2022-08-26,2022-08-26 00:00:00,0.39566819277543136,2.4869565217391307,Aqua,00:00:00
2022-08-28,2022-08-28 00:00:00,0.23806546289826908,1.730077120822622,Aqua,00:00:00
2022-08-29,2022-08-29 00:00:00,0.20543139124747156,1.6048387096774193,Aqua,00:00:00
2022-08-30,2022-08-30 00:00:00,0.16959944188837897,1.477744807121662,Aqua,00:00:00
2022-08-31,2022-08-31 00:00:00,0.20541060613741932,1.6047619047619046,Aqua,00:00:00
2022-09-01,2022-09-01 00:00:00,0.24228990985890098,1.7469879518072289,Aqua,00:00:00
2022-09-02,2022-09-02 00:00:00,0.17806982503776914,1.5068493150684932,Aqua,00:00:00
2022-09-03,2022-09-03 00:00:00,0.18302427145013578,1.5241379310344827,Aqua,00:00:00
2022-09-04,2022-09-04 00:00:00,0.07570016729091282,1.190419869899468,Aqua,00:00:00
2022-09-05,2022-09-05 00:00:00,0.2918866162241115,1.9583333333333335,Aqua,00:00:00
2022-09-08,2022-09-08 00:00:00,0.1296338578166798,1.3478260869565217,Aqua,00:00:00
2022-09-09,2022-09-09 00:00:00,0.19010197349849592,1.5491803278688525,Aqua,00:00:00
2022-09-12,2022-09-12 00:00:00,0.17361663992782586,1.4914772727272727,Aqua,00:00:00
2022-09-13,2022-09-13 00:00:00,0.39271198101038624,2.47008547008547,Aqua,00:00:00
2022-09-15,2022-09-15 00:00:00,0.3210471091858683,2.094339622641509,Aqua,00:00:00
2022-09-16,2022-09-16 00:00:00,0.31701810104811157,2.075,Aqua,00:00:00
2022-09-19,2022-09-19 00:00:00,0.2601937416925761,1.8205128205128205,Aqua,00:00:00
2022-09-22,2022-09-22 00:00:00,0.3010299956639812,2.0,Aqua,00:00:00
2022-09-23,2022-09-23 00:00:00,0.2948404208462838,1.9716981132075473,Aqua,00:00:00
2022-09-24,2022-09-24 00:00:00,0.1837904764906942,1.526829268292683,Aqua,00:00:00
2022-09-25,2022-09-25 00:00:00,0.27620641193894907,1.888888888888889,Aqua,00:00:00
2022-09-26,2022-09-26 00:00:00,0.27409433734752353,1.8797250859106531,Aqua,00:00:00
2022-09-28,2022-09-28 00:00:00,0.22895820659002647,1.6941747572815533,Aqua,00:00:00
2022-09-29,2022-09-29 00:00:00,0.32403263549738753,2.108786610878661,Aqua,00:00:00
2022-09-30,2022-09-30 00:00:00,0.2261917306271386,1.6834170854271358,Aqua,00:00:00
2022-10-01,2022-10-01 00:00:00,0.24903171933314042,1.7743190661478598,Aqua,00:00:00
2022-10-02,2022-10-02 00:00:00,0.1986366500479036,1.579925650557621,Aqua,00:00:00
2022-10-03,2022-10-03 00:00:00,0.24324974475770683,1.7508532423208192,Aqua,00:00:00
2022-10-04,2022-10-04 00:00:00,0.24450114209220375,1.7559055118110234,Aqua,00:00:00
2022-10-05,2022-10-05 00:00:00,0.2781269132800115,1.897260273972603,Aqua,00:00:00
2022-10-06,2022-10-06 00:00:00,0.28163564158793936,1.9126506024096386,Aqua,00:00:00
2022-10-07,2022-10-07 00:00:00,0.23773092176535812,1.728744939271255,Aqua,00:00:00
2022-10-08,2022-10-08 00:00:00,0.21974435067437312,1.658610271903323,Aqua,00:00:00
2022-10-09,2022-10-09 00:00:00,0.3544987608385434,2.2620320855614975,Aqua,00:00:00
2022-10-10,2022-10-10 00:00:00,0.1863977342356985,1.536023054755043,Aqua,00:00:00
2022-10-11,2022-10-11 00:00:00,0.2237193676494036,1.6738609112709832,Aqua,00:00:00
2022-10-12,2022-10-12 00:00:00,0.229647064480642,1.6968641114982579,Aqua,00:00:00
2022-10-13,2022-10-13 00:00:00,0.271066772286538,1.866666666666667,Aqua,00:00:00
2022-10-14,2022-10-14 00:00:00,0.22658225131894205,1.6849315068493151,Aqua,00:00:00
2022-10-15,2022-10-15 00:00:00,0.2162763301753629,1.6454183266932272,Aqua,00:00:00
2022-10-16,2022-10-16 00:00:00,0.22582815213633234,1.6820083682008367,Aqua,00:00:00
2022-10-17,2022-10-17 00:00:00,0.22535585735804894,1.6801801801801801,Aqua,00:00:00
2022-10-18,2022-10-18 00:00:00,0.3120602896943248,2.0514469453376205,Aqua,00:00:00
2022-10-19,2022-10-19 00:00:00,0.258562630550356,1.8136882129277565,Aqua,00:00:00
2022-10-20,2022-10-20 00:00:00,0.23608918873096663,1.7222222222222223,Aqua,00:00:00
2022-10-23,2022-10-23 00:00:00,0.13864001428568806,1.376068376068376,Aqua,00:00:00
2022-10-25,2022-10-25 00:00:00,0.21549429943226417,1.6424581005586594,Aqua,00:00:00
2022-10-27,2022-10-27 00:00:00,0.26124521490407815,1.824925816023739,Aqua,00:00:00
2022-10-29,2022-10-29 00:00:00,0.19101193367939076,1.5524296675191815,Aqua,00:00:00
2022-10-31,2022-10-31 00:00:00,0.19334289163973267,1.5607843137254902,Aqua,00:00:00
2022-11-03,2022-11-03 00:00:00,0.11372351201770652,1.299342105263158,Aqua,00:00:00
2022-11-06,2022-11-06 00:00:00,0.008855245248085997,1.0205992509363295,Aqua,00:00:00
2022-11-09,2022-11-09 00:00:00,0.03256592215102841,1.0778688524590163,Aqua,00:00:00
2022-11-13,2022-11-13 00:00:00,0.034058225259259105,1.0815789473684212,Aqua,00:00:00
2022-11-14,2022-11-14 00:00:00,0.05931400121598193,1.146341463414634,Aqua,00:00:00
2022-11-15,2022-11-15 00:00:00,0.043097179137084,1.104325699745547,Aqua,00:00:00
2022-11-16,2022-11-16 00:00:00,0.05158703422139891,1.126126126126126,Aqua,00:00:00
2022-11-18,2022-11-18 00:00:00,0.024823583725032145,1.0588235294117647,Aqua,00:00:00
2022-11-19,2022-11-19 00:00:00,0.028934447561267493,1.068893528183716,Aqua,00:00:00
2022-11-23,2022-11-23 00:00:00,0.023106219277344315,1.0546448087431695,Aqua,00:00:00
2022-11-24,2022-11-24 00:00:00,-0.09561167278277566,0.8023952095808383,Aqua,00:00:00
2022-11-26,2022-11-26 00:00:00,-0.022787888229236133,0.9488817891373802,Aqua,00:00:00
2022-12-07,2022-12-07 00:00:00,0.12405368539124785,1.3306188925081435,Aqua,00:00:00
2023-01-17,2023-01-17 00:00:00,0.051628148912512065,1.126232741617357,Aqua,00:00:00
2023-01-19,2023-01-19 00:00:00,0.06945475318490461,1.1734234234234233,Aqua,00:00:00
2023-01-20,2023-01-20 00:00:00,0.078046258889292,1.196868008948546,Aqua,00:00:00
2023-01-22,2023-01-22 00:00:00,0.08228336267910713,1.2086021505376343,Aqua,00:00:00
2023-01-23,2023-01-23 00:00:00,0.01762596320047628,1.0414201183431953,Aqua,00:00:00
2023-01-29,2023-01-29 00:00:00,-0.00114438664873777,0.9973684210526317,Aqua,00:00:00
2023-02-07,2023-02-07 00:00:00,0.00926966287831314,1.0215736040609136,Aqua,00:00:00
2023-02-09,2023-02-09 00:00:00,0.03496955526334899,1.0838509316770186,Aqua,00:00:00
2023-02-11,2023-02-11 00:00:00,0.024639833148183354,1.0583756345177664,Aqua,00:00:00
2023-02-12,2023-02-12 00:00:00,0.0892581362134919,1.228169014084507,Aqua,00:00:00
2023-02-14,2023-02-14 00:00:00,0.06920348694302973,1.1727447216890594,Aqua,00:00:00
2023-02-15,2023-02-15 00:00:00,0.07003786660775509,1.175,Aqua,00:00:00
2023-02-17,2023-02-17 00:00:00,0.06511817858420506,1.1617647058823528,Aqua,00:00:00
2023-02-19,2023-02-19 00:00:00,0.0755219066643773,1.1899313501144164,Aqua,00:00:00
2023-02-25,2023-02-25 00:00:00,0.028028723600243534,1.0666666666666667,Aqua,00:00:00
2023-03-16,2023-03-16 00:00:00,0.06732724912222789,1.1676891615541924,Aqua,00:00:00
2023-03-17,2023-03-17 00:00:00,0.08932087739850475,1.2283464566929134,Aqua,00:00:00
2023-03-25,2023-03-25 00:00:00,0.07918124604762482,1.2,Aqua,00:00:00
2023-03-26,2023-03-26 00:00:00,0.08822840339574485,1.2252604166666665,Aqua,00:00:00
2023-04-11,2023-04-11 00:00:00,0.1176539025661137,1.3111545988258317,Aqua,00:00:00
2023-04-12,2023-04-12 00:00:00,0.10601743942982511,1.2764900662251655,Aqua,00:00:00
2023-04-13,2023-04-13 00:00:00,0.10883436981753145,1.284796573875803,Aqua,00:00:00
2023-04-14,2023-04-14 00:00:00,0.11235522146398026,1.2952548330404217,Aqua,00:00:00
2023-04-22,2023-04-22 00:00:00,0.10387647319365166,1.270212765957447,Aqua,00:00:00
2023-04-25,2023-04-25 00:00:00,0.11859013279164522,1.3139841688654355,Aqua,00:00:00
2023-04-26,2023-04-26 00:00:00,0.07509566105425414,1.1887640449438202,Aqua,00:00:00
2023-04-27,2023-04-27 00:00:00,0.09469341222587238,1.2436363636363637,Aqua,00:00:00
2023-04-28,2023-04-28 00:00:00,0.10813271711680492,1.2827225130890052,Aqua,00:00:00
2023-04-29,2023-04-29 00:00:00,0.1277865794811262,1.3421052631578947,Aqua,00:00:00
2023-04-30,2023-04-30 00:00:00,0.02991629545239852,1.0713128038897892,Aqua,00:00:00
2023-05-02,2023-05-02 00:00:00,0.08999411532984225,1.230252100840336,Aqua,00:00:00
2023-05-03,2023-05-03 00:00:00,0.11130783370869884,1.292134831460674,Aqua,00:00:00
2023-05-09,2023-05-09 00:00:00,0.12158509460071214,1.323076923076923,Aqua,00:00:00
2023-05-11,2023-05-11 00:00:00,0.10435220582652241,1.2716049382716048,Aqua,00:00:00
2023-05-12,2023-05-12 00:00:00,0.11745071521575003,1.3105413105413106,Aqua,00:00:00
2023-05-13,2023-05-13 00:00:00,0.1068183016683054,1.2788461538461537,Aqua,00:00:00
2023-05-16,2023-05-16 00:00:00,0.12737176527929914,1.3408239700374531,Aqua,00:00:00
2023-05-17,2023-05-17 00:00:00,0.12493873660829993,1.3333333333333333,Aqua,00:00:00
2023-05-18,2023-05-18 00:00:00,0.10674351571709977,1.2786259541984732,Aqua,00:00:00
2023-05-19,2023-05-19 00:00:00,0.21403347092206076,1.6369426751592355,Aqua,00:00:00
2023-05-20,2023-05-20 00:00:00,0.1249387366083,1.3333333333333335,Aqua,00:00:00
2023-05-21,2023-05-21 00:00:00,0.10839218362826249,1.2834890965732086,Aqua,00:00:00
2023-05-24,2023-05-24 00:00:00,0.20210469142059925,1.5925925925925928,Aqua,00:00:00
2023-05-25,2023-05-25 00:00:00,0.10554736910853033,1.275109170305677,Aqua,00:00:00
2023-05-26,2023-05-26 00:00:00,0.27374302199964784,1.8782051282051282,Aqua,00:00:00
2023-05-29,2023-05-29 00:00:00,0.12769367232879772,1.3418181818181818,Aqua,00:00:00
2023-05-30,2023-05-30 00:00:00,0.12882680628240392,1.3453237410071943,Aqua,00:00:00
2023-05-31,2023-05-31 00:00:00,0.10137267656367026,1.2629107981220657,Aqua,00:00:00
2023-06-02,2023-06-02 00:00:00,0.24263759270411428,1.7483870967741937,Aqua,00:00:00
2023-06-03,2023-06-03 00:00:00,0.12290456669784681,1.3271028037383177,Aqua,00:00:00
2023-06-04,2023-06-04 00:00:00,0.11804264895808853,1.3123287671232877,Aqua,00:00:00
2023-06-07,2023-06-07 00:00:00,0.12630659437498118,1.3375394321766563,Aqua,00:00:00
2023-06-08,2023-06-08 00:00:00,0.08669084782637042,1.2209302325581397,Aqua,00:00:00
2023-06-10,2023-06-10 00:00:00,0.14734882209529726,1.4039408866995073,Aqua,00:00:00
2023-06-11,2023-06-11 00:00:00,0.10347791862867178,1.269047619047619,Aqua,00:00:00
2023-06-12,2023-06-12 00:00:00,0.022084649366933422,1.052166934189406,Aqua,00:00:00
2023-06-15,2023-06-15 00:00:00,0.09012123211163761,1.230612244897959,Aqua,00:00:00
2023-06-16,2023-06-16 00:00:00,0.14812479543431337,1.4064516129032258,Aqua,00:00:00
2023-06-18,2023-06-18 00:00:00,0.13262556527459088,1.357142857142857,Aqua,00:00:00
2023-06-19,2023-06-19 00:00:00,0.09326592436920485,1.239670528103815,Aqua,00:00:00
2023-06-20,2023-06-20 00:00:00,0.16923641240993223,1.476510067114094,Aqua,00:00:00
2023-06-21,2023-06-21 00:00:00,0.12745639282954643,1.3410852713178294,Aqua,00:00:00
2023-06-26,2023-06-26 00:00:00,0.10108308749545453,1.2620689655172412,Aqua,00:00:00
2023-06-28,2023-06-28 00:00:00,0.41218044778664786,2.5833333333333335,Aqua,00:00:00
2023-06-29,2023-06-29 00:00:00,0.1366153874588552,1.3696682464454977,Aqua,00:00:00
2023-06-30,2023-06-30 00:00:00,0.1468726470597923,1.4024024024024024,Aqua,00:00:00
2023-07-01,2023-07-01 00:00:00,0.14096618204245065,1.3834586466165413,Aqua,00:00:00
2023-07-02,2023-07-02 00:00:00,0.15871716298625854,1.4411764705882353,Aqua,00:00:00
2023-07-03,2023-07-03 00:00:00,0.11223829894282453,1.2949061662198391,Aqua,00:00:00
2023-07-04,2023-07-04 00:00:00,0.16749108729376364,1.4705882352941175,Aqua,00:00:00
2023-07-05,2023-07-05 00:00:00,0.41400394024263776,2.594202898550724,Aqua,00:00:00
2023-07-06,2023-07-06 00:00:00,0.17609125905568124,1.5,Aqua,00:00:00
2023-07-07,2023-07-07 00:00:00,0.1335080537304473,1.3599033816425121,Aqua,00:00:00
2023-07-08,2023-07-08 00:00:00,0.1364968973030191,1.3692946058091287,Aqua,00:00:00
2023-07-09,2023-07-09 00:00:00,0.23774816011977337,1.728813559322034,Aqua,00:00:00
2023-07-10,2023-07-10 00:00:00,0.23908089618887776,1.7341269841269842,Aqua,00:00:00
2023-07-11,2023-07-11 00:00:00,0.2808266095756942,1.909090909090909,Aqua,00:00:00
2023-07-12,2023-07-12 00:00:00,0.27234770612865056,1.8721804511278195,Aqua,00:00:00
2023-07-13,2023-07-13 00:00:00,0.2629095322120741,1.8319327731092436,Aqua,00:00:00
2023-07-14,2023-07-14 00:00:00,0.2963684716769776,1.9786476868327403,Aqua,00:00:00
2023-07-15,2023-07-15 00:00:00,0.2818102894569475,1.9134199134199132,Aqua,00:00:00
2023-07-16,2023-07-16 00:00:00,0.20643799149345302,1.6085626911314985,Aqua,00:00:00
2023-07-17,2023-07-17 00:00:00,0.3321794116037773,2.1487179487179486,Aqua,00:00:00
2023-07-18,2023-07-18 00:00:00,0.2897263981014121,1.948616600790514,Aqua,00:00:00
2023-07-19,2023-07-19 00:00:00,0.2882557076275523,1.9420289855072463,Aqua,00:00:00
2023-07-20,2023-07-20 00:00:00,0.28416918943318015,1.9238410596026492,Aqua,00:00:00
2023-07-21,2023-07-21 00:00:00,0.26690745566279295,1.8488745980707395,Aqua,00:00:00
2023-07-22,2023-07-22 00:00:00,0.3213192022212567,2.0956521739130434,Aqua,00:00:00
2023-07-24,2023-07-24 00:00:00,0.25857828305817526,1.8137535816618913,Aqua,00:00:00
2023-07-25,2023-07-25 00:00:00,0.36197513287265864,2.3013100436681224,Aqua,00:00:00
2023-07-26,2023-07-26 00:00:00,0.2541311260444969,1.795275590551181,Aqua,00:00:00
2023-07-27,2023-07-27 00:00:00,0.3156540871727136,2.068493150684932,Aqua,00:00:00
2023-07-28,2023-07-28 00:00:00,0.32545459499539947,2.115702479338843,Aqua,00:00:00
2023-07-29,2023-07-29 00:00:00,0.23505785487677874,1.718137254901961,Aqua,00:00:00
2023-07-30,2023-07-30 00:00:00,0.3108634983730245,2.045801526717557,Aqua,00:00:00
2023-07-31,2023-07-31 00:00:00,0.32130595163829273,2.0955882352941178,Aqua,00:00:00
2023-08-01,2023-08-01 00:00:00,0.27402676128142794,1.8794326241134751,Aqua,00:00:00
2023-08-02,2023-08-02 00:00:00,0.4943232848272847,3.121212121212121,Aqua,00:00:00
2023-08-04,2023-08-04 00:00:00,0.24850838342106824,1.7721822541966428,Aqua,00:00:00
2023-08-05,2023-08-05 00:00:00,0.2713897879071583,1.8680555555555554,Aqua,00:00:00
2023-08-06,2023-08-06 00:00:00,0.2600560421614339,1.819935691318328,Aqua,00:00:00
2023-08-07,2023-08-07 00:00:00,1.536242706838319,34.375,Aqua,00:00:00
2023-08-08,2023-08-08 00:00:00,0.24622437612590903,1.7628865979381445,Aqua,00:00:00
2023-08-09,2023-08-09 00:00:00,0.23780309585849732,1.729032258064516,Aqua,00:00:00
2023-08-10,2023-08-10 00:00:00,0.24650964576432097,1.7640449438202248,Aqua,00:00:00
2023-08-11,2023-08-11 00:00:00,0.22854907789027298,1.6925795053003534,Aqua,00:00:00
2023-08-12,2023-08-12 00:00:00,0.16727043722835266,1.46984126984127,Aqua,00:00:00
2023-08-13,2023-08-13 00:00:00,0.22432336874421177,1.6761904761904762,Aqua,00:00:00
2023-08-14,2023-08-14 00:00:00,0.21200381494632564,1.629310344827586,Aqua,00:00:00
2023-08-15,2023-08-15 00:00:00,0.23789840903388337,1.7294117647058824,Aqua,00:00:00
2023-08-17,2023-08-17 00:00:00,0.179740813993715,1.5126582278481011,Aqua,00:00:00
2023-08-23,2023-08-23 00:00:00,1.0115379133937572,10.269230769230768,Aqua,00:00:00
2023-08-24,2023-08-24 00:00:00,0.22716754267518247,1.6872037914691942,Aqua,00:00:00
2023-08-26,2023-08-26 00:00:00,0.25261751058262877,1.7890295358649788,Aqua,00:00:00
2023-08-27,2023-08-27 00:00:00,0.25405939123658655,1.794979079497908,Aqua,00:00:00
2023-08-28,2023-08-28 00:00:00,0.4246426412208881,2.6585365853658534,Aqua,00:00:00
2023-08-29,2023-08-29 00:00:00,0.18177410638604455,1.5197568389057752,Aqua,00:00:00
2023-08-30,2023-08-30 00:00:00,0.2830813884144194,1.9190283400809718,Aqua,00:00:00
2023-09-03,2023-09-03 00:00:00,0.40135518602385023,2.5197368421052633,Aqua,00:00:00
2023-09-04,2023-09-04 00:00:00,0.23488448759259595,1.7174515235457064,Aqua,00:00:00
2023-09-05,2023-09-05 00:00:00,0.2570750937411558,1.807486631016043,Aqua,00:00:00
2023-09-07,2023-09-07 00:00:00,0.18150872408797478,1.518828451882845,Aqua,00:00:00
2023-09-09,2023-09-09 00:00:00,0.2084331815605537,1.6159695817490496,Aqua,00:00:00
2023-09-10,2023-09-10 00:00:00,0.18724062119314958,1.5390070921985815,Aqua,00:00:00
2023-09-12,2023-09-12 00:00:00,0.22080099402516257,1.6626506024096384,Aqua,00:00:00
2023-09-13,2023-09-13 00:00:00,0.19773318399452414,1.5766423357664234,Aqua,00:00:00
2023-09-14,2023-09-14 00:00:00,0.2253092817258629,1.6800000000000002,Aqua,00:00:00
2023-09-15,2023-09-15 00:00:00,0.22310575333585883,1.6714975845410627,Aqua,00:00:00
2023-09-16,2023-09-16 00:00:00,0.18947581549129094,1.5469483568075117,Aqua,00:00:00
2023-09-17,2023-09-17 00:00:00,0.17012441078366405,1.47953216374269,Aqua,00:00:00
2023-09-19,2023-09-19 00:00:00,0.19457466474969434,1.5652173913043477,Aqua,00:00:00
2023-09-20,2023-09-20 00:00:00,0.17512508628366072,1.4966666666666666,Aqua,00:00:00
2023-09-21,2023-09-21 00:00:00,0.1227508504601244,1.3266331658291457,Aqua,00:00:00
2023-09-22,2023-09-22 00:00:00,0.18005744627328266,1.5137614678899083,Aqua,00:00:00
2023-09-27,2023-09-27 00:00:00,0.1797255437107753,1.5126050420168067,Aqua,00:00:00
2023-09-28,2023-09-28 00:00:00,0.15740030521821824,1.4368131868131868,Aqua,00:00:00
2023-10-01,2023-10-01 00:00:00,0.16688325726885747,1.4685314685314685,Aqua,00:00:00
2023-10-04,2023-10-04 00:00:00,0.14672133424305547,1.4019138755980862,Aqua,00:00:00
2023-10-05,2023-10-05 00:00:00,0.15579879970951835,1.4315245478036176,Aqua,00:00:00
2023-10-06,2023-10-06 00:00:00,0.16127937975085888,1.4497041420118342,Aqua,00:00:00
2023-10-07,2023-10-07 00:00:00,0.1524418776683828,1.4205020920502092,Aqua,00:00:00
2023-10-08,2023-10-08 00:00:00,0.1549019599857431,1.4285714285714284,Aqua,00:00:00
2023-10-12,2023-10-12 00:00:00,0.146128035678238,1.4,Aqua,00:00:00
2023-10-17,2023-10-17 00:00:00,0.16975108102466221,1.4782608695652173,Aqua,00:00:00
2023-10-18,2023-10-18 00:00:00,0.170225374281016,1.479876160990712,Aqua,00:00:00
2023-10-19,2023-10-19 00:00:00,0.17987523491543733,1.513126491646778,Aqua,00:00:00
2023-10-23,2023-10-23 00:00:00,0.14733608786720612,1.4038997214484679,Aqua,00:00:00
2023-10-26,2023-10-26 00:00:00,0.1410255565017548,1.3836477987421385,Aqua,00:00:00
2023-10-27,2023-10-27 00:00:00,0.07765242305907877,1.1957831325301205,Aqua,00:00:00
2023-10-28,2023-10-28 00:00:00,0.12895072340220567,1.345707656612529,Aqua,00:00:00
2023-10-29,2023-10-29 00:00:00,0.12811109901137152,1.3431085043988271,Aqua,00:00:00
2023-10-30,2023-10-30 00:00:00,0.15117269567321132,1.41635687732342,Aqua,00:00:00
2023-10-31,2023-10-31 00:00:00,0.15266524526367442,1.4212328767123288,Aqua,00:00:00
2023-11-08,2023-11-08 00:00:00,0.13521162118913954,1.3652482269503545,Aqua,00:00:00
2023-11-11,2023-11-11 00:00:00,0.13447172903363946,1.3629242819843344,Aqua,00:00:00
2023-11-17,2023-11-17 00:00:00,0.1499385404541931,1.4123376623376624,Aqua,00:00:00
2023-11-20,2023-11-20 00:00:00,0.12732966783256008,1.3406940063091484,Aqua,00:00:00
2023-11-21,2023-11-21 00:00:00,0.16321672222523126,1.4561855670103092,Aqua,00:00:00
2023-11-23,2023-11-23 00:00:00,0.07737544518436246,1.1950207468879668,Aqua,00:00:00
2023-11-24,2023-11-24 00:00:00,0.1139433523068367,1.2999999999999998,Aqua,00:00:00
2023-11-25,2023-11-25 00:00:00,0.13347131915805038,1.3597883597883598,Aqua,00:00:00
2023-11-26,2023-11-26 00:00:00,0.125481265700594,1.335,Aqua,00:00:00
2023-11-27,2023-11-27 00:00:00,0.11355919086480115,1.2988505747126435,Aqua,00:00:00
2023-11-28,2023-11-28 00:00:00,0.13604074262640353,1.3678571428571429,Aqua,00:00:00
2023-12-12,2023-12-12 00:00:00,0.12106265465120497,1.3214862681744748,Aqua,00:00:00
2023-12-16,2023-12-16 00:00:00,0.14468279480405705,1.3953488372093021,Aqua,00:00:00
2024-01-05,2024-01-05 00:00:00,0.1342423821728385,1.3622047244094486,Aqua,00:00:00
2024-01-06,2024-01-06 00:00:00,0.13494386872572436,1.364406779661017,Aqua,00:00:00
2024-01-29,2024-01-29 00:00:00,0.13181425459234766,1.3546099290780143,Aqua,00:00:00
2024-02-03,2024-02-03 00:00:00,0.04088404428583059,1.0987124463519313,Aqua,00:00:00
2024-02-11,2024-02-11 00:00:00,0.08250918939655236,1.2092307692307693,Aqua,00:00:00
2024-02-13,2024-02-13 00:00:00,0.09108046934733258,1.2333333333333334,Aqua,00:00:00
2024-02-22,2024-02-22 00:00:00,0.12346104045010257,1.328804347826087,Aqua,00:00:00
2024-02-23,2024-02-23 00:00:00,0.12140307679339431,1.3225225225225226,Aqua,00:00:00
2024-02-24,2024-02-24 00:00:00,0.1398269220288354,1.3798342541436464,Aqua,00:00:00
2024-03-01,2024-03-01 00:00:00,0.0799837614873808,1.2022194821208385,Aqua,00:00:00
2024-03-06,2024-03-06 00:00:00,0.09736692465662264,1.2513157894736844,Aqua,00:00:00
2024-03-07,2024-03-07 00:00:00,0.11028285666115747,1.2890888638920135,Aqua,00:00:00
2024-03-08,2024-03-08 00:00:00,0.1129499218731217,1.297029702970297,Aqua,00:00:00
2024-03-12,2024-03-12 00:00:00,0.10691445434868199,1.2791293213828425,Aqua,00:00:00
2024-03-13,2024-03-13 00:00:00,0.09096649625078462,1.233009708737864,Aqua,00:00:00
2024-03-14,2024-03-14 00:00:00,0.10886942541213651,1.284900284900285,Aqua,00:00:00
2024-03-15,2024-03-15 00:00:00,0.09726439448990133,1.2510204081632652,Aqua,00:00:00
2024-03-16,2024-03-16 00:00:00,0.11130783370869891,1.2921348314606742,Aqua,00:00:00
2024-03-18,2024-03-18 00:00:00,0.09704764396528599,1.2503961965134707,Aqua,00:00:00
2024-03-19,2024-03-19 00:00:00,0.11457322113646624,1.3018867924528301,Aqua,00:00:00
2024-03-24,2024-03-24 00:00:00,0.11735516142717312,1.3102529960053262,Aqua,00:00:00
2024-03-25,2024-03-25 00:00:00,0.11514339308669912,1.303597122302158,Aqua,00:00:00
2024-03-26,2024-03-26 00:00:00,0.10464090787923559,1.2724505327245053,Aqua,00:00:00
2024-03-31,2024-03-31 00:00:00,0.0684458546408588,1.1707006369426753,Aqua,00:00:00
2024-04-01,2024-04-01 00:00:00,0.07273153526335328,1.1823104693140793,Aqua,00:00:00
2024-04-04,2024-04-04 00:00:00,0.08451007955269176,1.2148148148148148,Aqua,00:00:00
2024-04-05,2024-04-05 00:00:00,0.07164894955238561,1.17936694021102,Aqua,00:00:00
2024-04-09,2024-04-09 00:00:00,0.09094706603437967,1.2329545454545454,Aqua,00:00:00
2024-04-10,2024-04-10 00:00:00,0.13335704300662887,1.3594306049822065,Aqua,00:00:00
2024-04-11,2024-04-11 00:00:00,0.13335704300662887,1.3594306049822065,Aqua,00:00:00
2024-04-15,2024-04-15 00:00:00,0.14208691871504506,1.3870333988212182,Aqua,00:00:00
2024-04-17,2024-04-17 00:00:00,0.12319807503199871,1.328,Aqua,00:00:00
2024-04-18,2024-04-18 00:00:00,0.14330487634185896,1.3909287257019438,Aqua,00:00:00
2024-04-19,2024-04-19 00:00:00,0.1483580507546241,1.4072072072072073,Aqua,00:00:00
2024-04-28,2024-04-28 00:00:00,0.13120322720763505,1.3527054108216434,Aqua,00:00:00
2024-04-30,2024-04-30 00:00:00,0.135201812055622,1.3652173913043477,Aqua,00:00:00
2024-05-02,2024-05-02 00:00:00,0.12318116851993245,1.3279483037156705,Aqua,00:00:00
2024-05-07,2024-05-07 00:00:00,0.10592683132743179,1.2762237762237765,Aqua,00:00:00
2024-05-08,2024-05-08 00:00:00,0.11373708562905624,1.299382716049383,Aqua,00:00:00
2024-05-09,2024-05-09 00:00:00,0.13571625368394058,1.3668376068376067,Aqua,00:00:00
2024-05-10,2024-05-10 00:00:00,0.13598497208737562,1.3676814988290398,Aqua,00:00:00
2024-05-11,2024-05-11 00:00:00,0.14201796258702196,1.386813186813187,Aqua,00:00:00
2024-05-12,2024-05-12 00:00:00,0.1363381963523938,1.3687943262411346,Aqua,00:00:00
2024-05-13,2024-05-13 00:00:00,0.14056008143929574,1.3821656050955413,Aqua,00:00:00
2024-05-14,2024-05-14 00:00:00,0.11187199155081211,1.2938144329896908,Aqua,00:00:00
2024-05-15,2024-05-15 00:00:00,0.09918126314043568,1.256554307116105,Aqua,00:00:00
2024-05-17,2024-05-17 00:00:00,0.10027185304080526,1.259713701431493,Aqua,00:00:00
2024-05-19,2024-05-19 00:00:00,0.09896341863911517,1.2559241706161137,Aqua,00:00:00
2024-05-20,2024-05-20 00:00:00,0.10311715550980627,1.2679938744257275,Aqua,00:00:00
2024-05-21,2024-05-21 00:00:00,0.08617272254071985,1.2194744976816072,Aqua,00:00:00
2024-05-22,2024-05-22 00:00:00,0.08486641332094719,1.215811965811966,Aqua,00:00:00
2024-05-23,2024-05-23 00:00:00,0.11173728000334754,1.2934131736526944,Aqua,00:00:00
2024-05-26,2024-05-26 00:00:00,0.11086444981934189,1.2908163265306123,Aqua,00:00:00
2024-05-27,2024-05-27 00:00:00,0.11422637250707993,1.3008474576271187,Aqua,00:00:00
2024-05-29,2024-05-29 00:00:00,0.07349303859404102,1.1843853820598007,Aqua,00:00:00
2024-05-31,2024-05-31 00:00:00,0.10093846020453344,1.2616487455197132,Aqua,00:00:00
2024-06-05,2024-06-05 00:00:00,0.13585871601645744,1.367283950617284,Aqua,00:00:00
2024-06-06,2024-06-06 00:00:00,0.14648859566731948,1.4011627906976745,Aqua,00:00:00
2024-06-07,2024-06-07 00:00:00,0.14309099895275587,1.3902439024390243,Aqua,00:00:00
2024-06-08,2024-06-08 00:00:00,0.12148508435688424,1.3227722772277226,Aqua,00:00:00
2024-06-10,2024-06-10 00:00:00,0.16914239910035345,1.4761904761904763,Aqua,00:00:00
2024-06-11,2024-06-11 00:00:00,0.17014192654248003,1.4795918367346939,Aqua,00:00:00
2024-06-12,2024-06-12 00:00:00,0.16991342398907333,1.478813559322034,Aqua,00:00:00
2024-06-13,2024-06-13 00:00:00,0.18195105554508248,1.5203761755485892,Aqua,00:00:00
2024-06-15,2024-06-15 00:00:00,0.0766629550929035,1.1930618401206639,Aqua,00:00:00
2024-06-17,2024-06-17 00:00:00,0.1821964577443223,1.5212355212355213,Aqua,00:00:00
2024-06-18,2024-06-18 00:00:00,0.17905573801942024,1.5102739726027397,Aqua,00:00:00
2024-06-19,2024-06-19 00:00:00,0.16509587475421802,1.4625,Aqua,00:00:00
2024-06-21,2024-06-21 00:00:00,0.17754132545091406,1.5050167224080269,Aqua,00:00:00
2024-06-22,2024-06-22 00:00:00,0.1821042428382045,1.520912547528517,Aqua,00:00:00
2024-06-23,2024-06-23 00:00:00,0.20254359442096972,1.5942028985507246,Aqua,00:00:00
2024-06-24,2024-06-24 00:00:00,0.1726580832172872,1.4881889763779526,Aqua,00:00:00
2024-06-26,2024-06-26 00:00:00,0.26830615085535775,1.854838709677419,Aqua,00:00:00
2024-06-27,2024-06-27 00:00:00,0.13758426213494435,1.3727272727272726,Aqua,00:00:00
2024-06-28,2024-06-28 00:00:00,0.16969505387088485,1.4780701754385965,Aqua,00:00:00
2024-07-01,2024-07-01 00:00:00,0.1038588729633842,1.2701612903225805,Aqua,00:00:00
2024-07-02,2024-07-02 00:00:00,0.18109278629417483,1.5173745173745172,Aqua,00:00:00
2024-07-04,2024-07-04 00:00:00,0.16959591119680906,1.4777327935222675,Aqua,00:00:00
2024-07-05,2024-07-05 00:00:00,0.2153793276303793,1.6420233463035019,Aqua,00:00:00
2024-07-06,2024-07-06 00:00:00,0.20706721778960435,1.610894941634241,Aqua,00:00:00
2024-07-07,2024-07-07 00:00:00,0.19258543691723948,1.5580645161290323,Aqua,00:00:00
2024-07-09,2024-07-09 00:00:00,0.25187956220596674,1.7859922178988328,Aqua,00:00:00
2024-07-10,2024-07-10 00:00:00,0.3618598604849124,2.3006993006993004,Aqua,00:00:00
2024-07-11,2024-07-11 00:00:00,0.18795684870720927,1.5415472779369628,Aqua,00:00:00
2024-07-12,2024-07-12 00:00:00,0.4144550967375963,2.5968992248062017,Aqua,00:00:00
2024-07-13,2024-07-13 00:00:00,0.10952880085006474,1.2868525896414342,Aqua,00:00:00
2024-07-15,2024-07-15 00:00:00,0.2500999031737813,1.778688524590164,Aqua,00:00:00
2024-07-16,2024-07-16 00:00:00,0.22343749524669135,1.6727748691099473,Aqua,00:00:00
2024-07-17,2024-07-17 00:00:00,0.2918544188350688,1.9581881533101047,Aqua,00:00:00
2024-07-18,2024-07-18 00:00:00,0.24997950410674455,1.7781954887218043,Aqua,00:00:00
2024-07-19,2024-07-19 00:00:00,0.24996228807516524,1.7781250000000002,Aqua,00:00:00
2024-07-21,2024-07-21 00:00:00,0.199761219653518,1.5840220385674932,Aqua,00:00:00
2024-07-22,2024-07-22 00:00:00,0.42502358612796837,2.6608695652173915,Aqua,00:00:00
2024-07-23,2024-07-23 00:00:00,0.20840202588911,1.6158536585365855,Aqua,00:00:00
2024-07-25,2024-07-25 00:00:00,0.1621614414151687,1.4526515151515151,Aqua,00:00:00
2024-07-26,2024-07-26 00:00:00,0.19650974890364203,1.5722070844686646,Aqua,00:00:00
2024-07-28,2024-07-28 00:00:00,0.2316474482076641,1.7046979865771814,Aqua,00:00:00
2024-07-30,2024-07-30 00:00:00,0.1902799995234947,1.5498154981549814,Aqua,00:00:00
2024-07-31,2024-07-31 00:00:00,0.1996329809235762,1.5835543766578248,Aqua,00:00:00
2024-08-01,2024-08-01 00:00:00,0.3491935559905348,2.234567901234568,Aqua,00:00:00
2024-08-04,2024-08-04 00:00:00,0.1690408691216553,1.4758454106280194,Aqua,00:00:00
2024-08-05,2024-08-05 00:00:00,0.21842909035821909,1.65359477124183,Aqua,00:00:00
2024-08-06,2024-08-06 00:00:00,0.1783323708282758,1.507760532150776,Aqua,00:00:00
2024-08-09,2024-08-09 00:00:00,0.013788284485633285,1.032258064516129,Aqua,00:00:00
2024-08-10,2024-08-10 00:00:00,0.20737584991441987,1.612040133779264,Aqua,00:00:00
2024-08-11,2024-08-11 00:00:00,0.3221110053724547,2.0994764397905756,Aqua,00:00:00
2024-08-12,2024-08-12 00:00:00,0.24161924807159046,1.7442922374429226,Aqua,00:00:00
2024-08-13,2024-08-13 00:00:00,0.26686843499284,1.848708487084871,Aqua,00:00:00
2024-08-15,2024-08-15 00:00:00,0.35100397062581973,2.24390243902439,Aqua,00:00:00
2024-08-16,2024-08-16 00:00:00,0.19165903628233089,1.554744525547445,Aqua,00:00:00
2024-08-18,2024-08-18 00:00:00,0.11557633730302706,1.3048973143759872,Aqua,00:00:00
2024-08-24,2024-08-24 00:00:00,0.2002957486175668,1.5859728506787332,Aqua,00:00:00
2024-08-25,2024-08-25 00:00:00,0.25254537223688156,1.788732394366197,Aqua,00:00:00
2024-08-26,2024-08-26 00:00:00,0.2644831639461741,1.8385826771653544,Aqua,00:00:00
2024-08-27,2024-08-27 00:00:00,0.2243712803203984,1.6763754045307444,Aqua,00:00:00
2024-08-28,2024-08-28 00:00:00,0.15282498576456613,1.4217557251908395,Aqua,00:00:00
2024-08-29,2024-08-29 00:00:00,0.20806977366845006,1.6146179401993357,Aqua,00:00:00
2024-08-30,2024-08-30 00:00:00,0.21629175621663507,1.645476772616137,Aqua,00:00:00
2024-08-31,2024-08-31 00:00:00,0.22342513785131146,1.6727272727272728,Aqua,00:00:00
2024-09-01,2024-09-01 00:00:00,0.20649968440127947,1.6087912087912088,Aqua,00:00:00
2024-09-02,2024-09-02 00:00:00,0.15254037460213493,1.420824295010846,Aqua,00:00:00
2024-09-03,2024-09-03 00:00:00,0.21899153877187555,1.6557377049180328,Aqua,00:00:00
2024-09-04,2024-09-04 00:00:00,0.2935419742714312,1.9658119658119657,Aqua,00:00:00
2024-09-08,2024-09-08 00:00:00,0.15197392740250124,1.4189723320158103,Aqua,00:00:00
2024-09-12,2024-09-12 00:00:00,0.23160858690551267,1.7045454545454548,Aqua,00:00:00
2024-09-13,2024-09-13 00:00:00,0.1416633540302782,1.3856812933025404,Aqua,00:00:00
2024-09-18,2024-09-18 00:00:00,0.20397596193435838,1.59946949602122,Aqua,00:00:00
2024-09-20,2024-09-20 00:00:00,0.22741670385529864,1.6881720430107527,Aqua,00:00:00
2024-09-21,2024-09-21 00:00:00,0.18228083387337865,1.5215311004784688,Aqua,00:00:00
2024-09-22,2024-09-22 00:00:00,0.1790356397024625,1.510204081632653,Aqua,00:00:00
2024-09-23,2024-09-23 00:00:00,0.19121063180332318,1.5531400966183577,Aqua,00:00:00
2024-09-24,2024-09-24 00:00:00,0.15014002247214378,1.4129930394431556,Aqua,00:00:00
2024-09-26,2024-09-26 00:00:00,0.1889126915213687,1.5449438202247192,Aqua,00:00:00
2024-09-27,2024-09-27 00:00:00,0.18864729599971736,1.544,Aqua,00:00:00
2024-09-28,2024-09-28 00:00:00,0.1829306835859867,1.5238095238095237,Aqua,00:00:00
2024-09-29,2024-09-29 00:00:00,0.17450912804580657,1.4945454545454546,Aqua,00:00:00
2024-09-30,2024-09-30 00:00:00,0.15266524526367442,1.4212328767123288,Aqua,00:00:00
2024-10-01,2024-10-01 00:00:00,0.17650824850865074,1.5014409221902016,Aqua,00:00:00
2024-10-02,2024-10-02 00:00:00,0.19109947266341376,1.5527426160337552,Aqua,00:00:00
2024-10-03,2024-10-03 00:00:00,0.18237210539721202,1.5218508997429305,Aqua,00:00:00
2024-10-04,2024-10-04 00:00:00,0.16570094333703994,1.4645390070921986,Aqua,00:00:00
2024-10-07,2024-10-07 00:00:00,0.2115517003775701,1.6276150627615065,Aqua,00:00:00
2024-10-08,2024-10-08 00:00:00,0.2160361676022946,1.6445086705202314,Aqua,00:00:00
2024-10-13,2024-10-13 00:00:00,0.18282464171464963,1.5234375,Aqua,00:00:00
2024-10-14,2024-10-14 00:00:00,0.19056908242430412,1.5508474576271187,Aqua,00:00:00
2024-10-17,2024-10-17 00:00:00,0.158843400373975,1.4415954415954415,Aqua,00:00:00
2024-10-18,2024-10-18 00:00:00,0.23104659401232905,1.7023411371237456,Aqua,00:00:00
2024-10-24,2024-10-24 00:00:00,0.24150722411257486,1.7438423645320196,Aqua,00:00:00
2024-10-26,2024-10-26 00:00:00,0.23377768756709025,1.7130801687763713,Aqua,00:00:00
2024-10-29,2024-10-29 00:00:00,0.23474373008754273,1.71689497716895,Aqua,00:00:00
2024-11-03,2024-11-03 00:00:00,0.2031135060017443,1.5962962962962963,Aqua,00:00:00
2024-11-06,2024-11-06 00:00:00,0.2502441211758216,1.7792792792792793,Aqua,00:00:00
2024-11-07,2024-11-07 00:00:00,0.2343615107413239,1.7153846153846153,Aqua,00:00:00
2024-11-15,2024-11-15 00:00:00,0.1946418669907419,1.565459610027855,Aqua,00:00:00
2024-11-26,2024-11-26 00:00:00,0.14033306409856278,1.3814432989690721,Aqua,00:00:00
2024-12-03,2024-12-03 00:00:00,0.1487883471018291,1.4086021505376343,Aqua,00:00:00
2024-12-04,2024-12-04 00:00:00,0.10838983069148654,1.283482142857143,Aqua,00:00:00
2024-12-08,2024-12-08 00:00:00,0.17040268577091017,1.4804804804804805,Aqua,00:00:00
2024-12-09,2024-12-09 00:00:00,0.11221370115274466,1.2948328267477205,Aqua,00:00:00
2024-12-18,2024-12-18 00:00:00,0.10196140427878476,1.2646239554317549,Aqua,00:00:00
2025-01-09,2025-01-09 00:00:00,0.21952631369732506,1.6577777777777776,Aqua,00:00:00
2025-01-11,2025-01-11 00:00:00,0.01611395397124338,1.0378006872852235,Aqua,00:00:00
2025-01-12,2025-01-12 00:00:00,0.17418226924835017,1.493421052631579,Aqua,00:00:00
2025-01-15,2025-01-15 00:00:00,0.18759642146100605,1.540268456375839,Aqua,00:00:00
2025-01-16,2025-01-16 00:00:00,0.109144469425068,1.2857142857142856,Aqua,00:00:00
2025-01-18,2025-01-18 00:00:00,0.19511449636911166,1.5671641791044777,Aqua,00:00:00
2025-01-19,2025-01-19 00:00:00,0.1322596895310445,1.3559999999999999,Aqua,00:00:00
2025-01-20,2025-01-20 00:00:00,0.14051510479448517,1.3820224719101124,Aqua,00:00:00
2025-01-21,2025-01-21 00:00:00,0.1470198111084229,1.4028776978417266,Aqua,00:00:00
2025-01-22,2025-01-22 00:00:00,0.265922604433055,1.8446866485013624,Aqua,00:00:00
2025-01-24,2025-01-24 00:00:00,0.1401291120166069,1.380794701986755,Aqua,00:00:00
2025-01-25,2025-01-25 00:00:00,0.15814423015481743,1.4392764857881135,Aqua,00:00:00
2025-01-26,2025-01-26 00:00:00,0.13719846547909417,1.3715083798882683,Aqua,00:00:00
2025-02-25,2025-02-25 00:00:00,0.2430380486862944,1.7499999999999998,Aqua,00:00:00
2025-02-26,2025-02-26 00:00:00,0.24053096258411055,1.73992673992674,Aqua,00:00:00
2025-02-28,2025-02-28 00:00:00,0.2359570035277233,1.7216981132075473,Aqua,00:00:00
2025-03-03,2025-03-03 00:00:00,0.22702926212013663,1.6866666666666665,Aqua,00:00:00
2025-03-06,2025-03-06 00:00:00,0.18137150017111395,1.5183486238532111,Aqua,00:00:00
2025-03-07,2025-03-07 00:00:00,0.17378730414611704,1.4920634920634923,Aqua,00:00:00
2025-03-08,2025-03-08 00:00:00,0.16675123280153778,1.4680851063829785,Aqua,00:00:00
2025-03-24,2025-03-24 00:00:00,0.22098790794322026,1.6633663366336633,Aqua,00:00:00
2025-03-29,2025-03-29 00:00:00,0.12477665618772,1.3328358208955224,Aqua,00:00:00
2025-03-30,2025-03-30 00:00:00,0.026793176587936545,1.0636363636363635,Aqua,00:00:00
2025-04-02,2025-04-02 00:00:00,0.13830269816628146,1.375,Aqua,00:00:00
2025-04-03,2025-04-03 00:00:00,0.12321191730779403,1.3280423280423281,Aqua,00:00:00
2025-04-04,2025-04-04 00:00:00,0.11110295969745633,1.2915254237288136,Aqua,00:00:00
2025-04-10,2025-04-10 00:00:00,0.11907894011889873,1.3154639175257734,Aqua,00:00:00
2025-04-12,2025-04-12 00:00:00,0.10940522865349814,1.2864864864864864,Aqua,00:00:00
2025-04-13,2025-04-13 00:00:00,0.1131073665204955,1.2975,Aqua,00:00:00
2025-04-14,2025-04-14 00:00:00,0.09536172444519582,1.2455516014234878,Aqua,00:00:00
2025-04-16,2025-04-16 00:00:00,0.030344016459185195,1.0723684210526314,Aqua,00:00:00
2025-04-17,2025-04-17 00:00:00,0.10418886185862024,1.2711267605633803,Aqua,00:00:00
2025-04-18,2025-04-18 00:00:00,0.05122997130748911,1.1252006420545748,Aqua,00:00:00
2025-04-20,2025-04-20 00:00:00,0.09720435018089739,1.2508474576271187,Aqua,00:00:00
2025-04-21,2025-04-21 00:00:00,0.08319567266390339,1.211143695014663,Aqua,00:00:00
2025-04-23,2025-04-23 00:00:00,0.0685395011972524,1.1709531013615735,Aqua,00:00:00
2025-04-27,2025-04-27 00:00:00,0.1024978675600547,1.2661870503597121,Aqua,00:00:00
2025-04-30,2025-04-30 00:00:00,0.06851008309896028,1.170873786407767,Aqua,00:00:00
2025-05-01,2025-05-01 00:00:00,0.06292551569768905,1.1559139784946237,Aqua,00:00:00
2025-05-04,2025-05-04 00:00:00,0.06733197323183014,1.1677018633540373,Aqua,00:00:00
2025-05-06,2025-05-06 00:00:00,0.008405962069262004,1.019543973941368,Aqua,00:00:00
2025-05-08,2025-05-08 00:00:00,0.06635267943959906,1.165071770334928,Aqua,00:00:00
2025-05-10,2025-05-10 00:00:00,0.0958091392071703,1.2468354430379747,Aqua,00:00:00
2025-05-12,2025-05-12 00:00:00,0.09300328967524747,1.2388059701492538,Aqua,00:00:00
2025-05-13,2025-05-13 00:00:00,0.09886750015766997,1.25564681724846,Aqua,00:00:00
2025-05-14,2025-05-14 00:00:00,0.05948351506743278,1.146788990825688,Aqua,00:00:00
2025-05-20,2025-05-20 00:00:00,0.1314942494831173,1.3536121673003803,Aqua,00:00:00
2025-05-22,2025-05-22 00:00:00,0.13294439153281293,1.3581395348837209,Aqua,00:00:00
2025-05-23,2025-05-23 00:00:00,0.35779754238916045,2.279279279279279,Aqua,00:00:00
2025-05-26,2025-05-26 00:00:00,0.04806144547023937,1.1170212765957446,Aqua,00:00:00
2025-05-27,2025-05-27 00:00:00,0.14527731164146168,1.3972602739726028,Aqua,00:00:00
2025-05-28,2025-05-28 00:00:00,0.15827154989370212,1.4396984924623115,Aqua,00:00:00
2025-05-29,2025-05-29 00:00:00,0.09212564264844923,1.2363050483351237,Aqua,00:00:00
2025-05-30,2025-05-30 00:00:00,0.15394851397842063,1.4254385964912282,Aqua,00:00:00
2025-06-01,2025-06-01 00:00:00,0.10361369930256294,1.2694444444444444,Aqua,00:00:00
2025-06-02,2025-06-02 00:00:00,0.17894284173589087,1.5098814229249014,Aqua,00:00:00
2025-06-04,2025-06-04 00:00:00,0.14553487216890637,1.398089171974522,Aqua,00:00:00
2025-06-05,2025-06-05 00:00:00,0.09704507582422908,1.2503888024883356,Aqua,00:00:00
2025-06-06,2025-06-06 00:00:00,0.11486184644243283,1.3027522935779816,Aqua,00:00:00
2025-06-07,2025-06-07 00:00:00,0.14424389180368655,1.3939393939393938,Aqua,00:00:00
2025-06-08,2025-06-08 00:00:00,0.08707619973917807,1.2220140515222482,Aqua,00:00:00
2025-06-11,2025-06-11 00:00:00,0.11872554792104267,1.3143939393939394,Aqua,00:00:00
2025-06-14,2025-06-14 00:00:00,0.11777092304011495,1.3115079365079365,Aqua,00:00:00
2025-06-16,2025-06-16 00:00:00,0.12378215940835775,1.3297872340425532,Aqua,00:00:00
2025-06-17,2025-06-17 00:00:00,0.19930954431812006,1.582375478927203,Aqua,00:00:00
2025-06-19,2025-06-19 00:00:00,0.2137003964837795,1.6356877323420076,Aqua,00:00:00
2025-06-22,2025-06-22 00:00:00,0.22437372464686,1.6763848396501457,Aqua,00:00:00
2025-06-24,2025-06-24 00:00:00,0.2567260380753956,1.8060344827586206,Aqua,00:00:00
2025-06-26,2025-06-26 00:00:00,0.20139712432045145,1.5899999999999999,Aqua,00:00:00
2025-06-28,2025-06-28 00:00:00,0.3487073260250819,2.2320675105485233,Aqua,00:00:00
2025-06-29,2025-06-29 00:00:00,0.3541476548665935,2.260204081632653,Aqua,00:00:00
2025-06-30,2025-06-30 00:00:00,1.3514394991415815,22.46153846153846,Aqua,00:00:00
2025-07-01,2025-07-01 00:00:00,0.22218790971317431,1.66796875,Aqua,00:00:00
2025-07-02,2025-07-02 00:00:00,0.32336094655658865,2.1055276381909547,Aqua,00:00:00
2025-07-03,2025-07-03 00:00:00,0.2742839784976756,1.8805460750853242,Aqua,00:00:00
2025-07-05,2025-07-05 00:00:00,0.24778448371075615,1.7692307692307694,Aqua,00:00:00
2025-07-07,2025-07-07 00:00:00,0.29600919428893036,1.9770114942528734,Aqua,00:00:00
2025-07-08,2025-07-08 00:00:00,0.1629109703623124,1.455160744500846,Aqua,00:00:00
2025-07-09,2025-07-09 00:00:00,0.3230242893701491,2.103896103896104,Aqua,00:00:00
2025-07-10,2025-07-10 00:00:00,0.3278842694956303,2.1275720164609053,Aqua,00:00:00
2025-07-12,2025-07-12 00:00:00,0.28790831834207614,1.9404761904761905,Aqua,00:00:00
2025-07-13,2025-07-13 00:00:00,0.6769503607301296,4.752808988764046,Aqua,00:00:00
2025-07-14,2025-07-14 00:00:00,0.2375289539015187,1.727941176470588,Aqua,00:00:00
2025-07-15,2025-07-15 00:00:00,0.22936813820273044,1.695774647887324,Aqua,00:00:00
2025-07-16,2025-07-16 00:00:00,0.47989630877443457,3.019230769230769,Aqua,00:00:00
2025-07-18,2025-07-18 00:00:00,0.13609375865532214,1.368024132730015,Aqua,00:00:00
2025-07-19,2025-07-19 00:00:00,0.3631779024128257,2.307692307692308,Aqua,00:00:00
2025-07-20,2025-07-20 00:00:00,0.22094065836672774,1.6631853785900785,Aqua,00:00:00
2025-07-22,2025-07-22 00:00:00,0.31098560597852964,2.046376811594203,Aqua,00:00:00
2025-07-23,2025-07-23 00:00:00,0.6553055032811874,4.521739130434782,Aqua,00:00:00
2025-07-24,2025-07-24 00:00:00,0.2673178161372735,1.8506224066390042,Aqua,00:00:00
2025-07-25,2025-07-25 00:00:00,0.3262239798224707,2.1194539249146755,Aqua,00:00:00
2025-07-26,2025-07-26 00:00:00,0.3447285176723299,2.211711711711712,Aqua,00:00:00
2025-07-28,2025-07-28 00:00:00,0.24944738739616062,1.7760180995475112,Aqua,00:00:00
2025-07-29,2025-07-29 00:00:00,0.31868289670022587,2.0829694323144103,Aqua,00:00:00
2025-08-01,2025-08-01 00:00:00,0.25159202136493847,1.7848101265822784,Aqua,00:00:00
2025-08-04,2025-08-04 00:00:00,0.19599824896668774,1.5703564727954973,Aqua,00:00:00
2025-08-05,2025-08-05 00:00:00,0.39200422859153167,2.4660633484162893,Aqua,00:00:00
2025-08-06,2025-08-06 00:00:00,0.3884057203268776,2.4457142857142857,Aqua,00:00:00
2025-08-10,2025-08-10 00:00:00,0.25527250510330607,1.8,Aqua,00:00:00
2025-08-11,2025-08-11 00:00:00,0.225151385166442,1.6793893129770994,Aqua,00:00:00
2025-08-12,2025-08-12 00:00:00,0.16799498896950638,1.4722955145118732,Aqua,00:00:00
2025-08-13,2025-08-13 00:00:00,0.09109326925543423,1.2333696837513632,Aqua,00:00:00
2025-08-14,2025-08-14 00:00:00,0.29518475962256135,1.9732620320855614,Aqua,00:00:00
