datetime,date,chlorophyll_ugL,sensor,method
2011-01-20,2011-01-20,20.05607162831813,MODIS-Aqua,NIR/Red 500m
2011-01-27,2011-01-27,28.639885562009287,MODIS-Aqua,NIR/Red 500m
2011-01-28,2011-01-28,28.749845136967757,MODIS-Aqua,NIR/Red 500m
2011-01-30,2011-01-30,31.116884820269114,MODIS-Aqua,NIR/Red 500m
2011-02-01,2011-02-01,16.170110256846794,MODIS-Aqua,NIR/Red 500m
2011-02-07,2011-02-07,35.37047467348504,MODIS-Aqua,NIR/Red 500m
2011-02-09,2011-02-09,10.00447832706817,MODIS-Aqua,NIR/Red 500m
2011-02-10,2011-02-10,12.614832357790972,MODIS-Aqua,NIR/Red 500m
2011-02-12,2011-02-12,22.075199011455265,MODIS-Aqua,NIR/Red 500m
2011-02-14,2011-02-14,28.165294679677686,MODIS-Aqua,NIR/Red 500m
2011-02-20,2011-02-20,22.637462174238564,MODIS-Aqua,NIR/Red 500m
2011-03-02,2011-03-02,35.7488854642221,MODIS-Aqua,NIR/Red 500m
2011-03-07,2011-03-07,23.33256497384295,MODIS-Aqua,NIR/Red 500m
2011-03-22,2011-03-22,34.83253763550312,MODIS-Aqua,NIR/Red 500m
2011-03-31,2011-03-31,15.029716543931448,MODIS-Aqua,NIR/Red 500m
2011-04-02,2011-04-02,18.30065117312499,MODIS-Aqua,NIR/Red 500m
2011-04-03,2011-04-03,12.821783842239117,MODIS-Aqua,NIR/Red 500m
2011-04-05,2011-04-05,17.992748547665798,MODIS-Aqua,NIR/Red 500m
2011-04-11,2011-04-11,33.130447766946226,MODIS-Aqua,NIR/Red 500m
2011-04-12,2011-04-12,39.95063003675744,MODIS-Aqua,NIR/Red 500m
2011-04-13,2011-04-13,23.940059626852427,MODIS-Aqua,NIR/Red 500m
2011-04-18,2011-04-18,22.53652395145298,MODIS-Aqua,NIR/Red 500m
2011-04-19,2011-04-19,50.06375256376763,MODIS-Aqua,NIR/Red 500m
2011-04-21,2011-04-21,31.915198046417817,MODIS-Aqua,NIR/Red 500m
2011-04-25,2011-04-25,69.36960566009381,MODIS-Aqua,NIR/Red 500m
2011-04-26,2011-04-26,18.890303376157487,MODIS-Aqua,NIR/Red 500m
2011-04-27,2011-04-27,14.851389855594928,MODIS-Aqua,NIR/Red 500m
2011-04-28,2011-04-28,37.47203454617293,MODIS-Aqua,NIR/Red 500m
2011-04-30,2011-04-30,24.558640340742762,MODIS-Aqua,NIR/Red 500m
2011-05-01,2011-05-01,38.143769636588296,MODIS-Aqua,NIR/Red 500m
2011-05-03,2011-05-03,44.129396131691266,MODIS-Aqua,NIR/Red 500m
2011-05-04,2011-05-04,19.368902099339433,MODIS-Aqua,NIR/Red 500m
2011-05-08,2011-05-08,41.33317797193776,MODIS-Aqua,NIR/Red 500m
2011-05-09,2011-05-09,27.202423133097913,MODIS-Aqua,NIR/Red 500m
2011-05-10,2011-05-10,19.14088890318298,MODIS-Aqua,NIR/Red 500m
2011-05-12,2011-05-12,42.455320500022246,MODIS-Aqua,NIR/Red 500m
2011-05-18,2011-05-18,24.874884083455743,MODIS-Aqua,NIR/Red 500m
2011-05-19,2011-05-19,49.659822995466016,MODIS-Aqua,NIR/Red 500m
2011-05-21,2011-05-21,22.016610401376404,MODIS-Aqua,NIR/Red 500m
2011-05-22,2011-05-22,28.345958109288205,MODIS-Aqua,NIR/Red 500m
2011-05-23,2011-05-23,0.867478827083149,MODIS-Aqua,NIR/Red 500m
2011-06-07,2011-06-07,11.24500595082009,MODIS-Aqua,NIR/Red 500m
2011-06-08,2011-06-08,19.88619805094269,MODIS-Aqua,NIR/Red 500m
2011-06-09,2011-06-09,11.588311975131257,MODIS-Aqua,NIR/Red 500m
2011-06-12,2011-06-12,116.85355357319355,MODIS-Aqua,NIR/Red 500m
2011-06-13,2011-06-13,30.112604081212034,MODIS-Aqua,NIR/Red 500m
2011-06-14,2011-06-14,12.504678263215188,MODIS-Aqua,NIR/Red 500m
2011-06-15,2011-06-15,16.022934784984802,MODIS-Aqua,NIR/Red 500m
2011-06-16,2011-06-16,14.4007039075797,MODIS-Aqua,NIR/Red 500m
2011-06-17,2011-06-17,23.510718185986978,MODIS-Aqua,NIR/Red 500m
2011-06-19,2011-06-19,15.126549118456671,MODIS-Aqua,NIR/Red 500m
2011-06-20,2011-06-20,21.948019699519367,MODIS-Aqua,NIR/Red 500m
2011-06-22,2011-06-22,21.09779322874649,MODIS-Aqua,NIR/Red 500m
2011-06-23,2011-06-23,13.348694942901947,MODIS-Aqua,NIR/Red 500m
2011-06-24,2011-06-24,25.903182637416755,MODIS-Aqua,NIR/Red 500m
2011-06-26,2011-06-26,30.344152990272956,MODIS-Aqua,NIR/Red 500m
2011-06-30,2011-06-30,21.605868037693686,MODIS-Aqua,NIR/Red 500m
2011-07-01,2011-07-01,22.89182438259998,MODIS-Aqua,NIR/Red 500m
2011-07-02,2011-07-02,23.003859718496148,MODIS-Aqua,NIR/Red 500m
2011-07-03,2011-07-03,26.39374263736888,MODIS-Aqua,NIR/Red 500m
2011-07-04,2011-07-04,23.244668670835207,MODIS-Aqua,NIR/Red 500m
2011-07-05,2011-07-05,32.5475830027008,MODIS-Aqua,NIR/Red 500m
2011-07-06,2011-07-06,27.753247488316713,MODIS-Aqua,NIR/Red 500m
2011-07-07,2011-07-07,24.91704744600653,MODIS-Aqua,NIR/Red 500m
2011-07-08,2011-07-08,37.805382001905365,MODIS-Aqua,NIR/Red 500m
2011-07-09,2011-07-09,37.380405593936324,MODIS-Aqua,NIR/Red 500m
2011-07-10,2011-07-10,66.75314554071876,MODIS-Aqua,NIR/Red 500m
2011-07-14,2011-07-14,64.87026804302937,MODIS-Aqua,NIR/Red 500m
2011-07-20,2011-07-20,74.1489755044521,MODIS-Aqua,NIR/Red 500m
2011-07-21,2011-07-21,66.84271853210328,MODIS-Aqua,NIR/Red 500m
2011-07-22,2011-07-22,200.7288403563723,MODIS-Aqua,NIR/Red 500m
2011-07-23,2011-07-23,48.44997440801786,MODIS-Aqua,NIR/Red 500m
2011-07-24,2011-07-24,66.76980826122941,MODIS-Aqua,NIR/Red 500m
2011-07-26,2011-07-26,78.52608258479552,MODIS-Aqua,NIR/Red 500m
2011-07-27,2011-07-27,38.88968462001777,MODIS-Aqua,NIR/Red 500m
2011-07-28,2011-07-28,56.50765299746189,MODIS-Aqua,NIR/Red 500m
2011-07-29,2011-07-29,31.366107098185033,MODIS-Aqua,NIR/Red 500m
2011-07-30,2011-07-30,45.764912030963075,MODIS-Aqua,NIR/Red 500m
2011-07-31,2011-07-31,33.8893777778784,MODIS-Aqua,NIR/Red 500m
2011-08-01,2011-08-01,44.662692219302336,MODIS-Aqua,NIR/Red 500m
2011-08-02,2011-08-02,52.18464524572207,MODIS-Aqua,NIR/Red 500m
2011-08-03,2011-08-03,34.81494854401128,MODIS-Aqua,NIR/Red 500m
2011-08-04,2011-08-04,53.513454650190695,MODIS-Aqua,NIR/Red 500m
2011-08-05,2011-08-05,40.80863654689044,MODIS-Aqua,NIR/Red 500m
2011-08-06,2011-08-06,36.328848532313486,MODIS-Aqua,NIR/Red 500m
2011-08-07,2011-08-07,33.376386308727064,MODIS-Aqua,NIR/Red 500m
2011-08-08,2011-08-08,39.31839174951815,MODIS-Aqua,NIR/Red 500m
2011-08-09,2011-08-09,32.50165760739409,MODIS-Aqua,NIR/Red 500m
2011-08-10,2011-08-10,51.87100938776372,MODIS-Aqua,NIR/Red 500m
2011-08-11,2011-08-11,66.92419141909296,MODIS-Aqua,NIR/Red 500m
2011-08-12,2011-08-12,27.524555876400658,MODIS-Aqua,NIR/Red 500m
2011-08-13,2011-08-13,40.43577218425197,MODIS-Aqua,NIR/Red 500m
2011-08-15,2011-08-15,44.005703022464964,MODIS-Aqua,NIR/Red 500m
2011-08-16,2011-08-16,64.63738548455933,MODIS-Aqua,NIR/Red 500m
2011-08-17,2011-08-17,27.03814874683459,MODIS-Aqua,NIR/Red 500m
2011-08-18,2011-08-18,76.02507095087259,MODIS-Aqua,NIR/Red 500m
2011-08-19,2011-08-19,42.13208098544895,MODIS-Aqua,NIR/Red 500m
2011-08-20,2011-08-20,56.61133946556962,MODIS-Aqua,NIR/Red 500m
2011-08-21,2011-08-21,31.691984414165976,MODIS-Aqua,NIR/Red 500m
2011-08-22,2011-08-22,65.47250690460892,MODIS-Aqua,NIR/Red 500m
2011-08-23,2011-08-23,48.77942579217348,MODIS-Aqua,NIR/Red 500m
2011-08-24,2011-08-24,60.4925334894574,MODIS-Aqua,NIR/Red 500m
2011-08-25,2011-08-25,30.826297104120638,MODIS-Aqua,NIR/Red 500m
2011-08-26,2011-08-26,29.410601751387198,MODIS-Aqua,NIR/Red 500m
2011-08-27,2011-08-27,52.63527786490667,MODIS-Aqua,NIR/Red 500m
2011-08-28,2011-08-28,39.18465036554819,MODIS-Aqua,NIR/Red 500m
2011-08-29,2011-08-29,43.75361366008452,MODIS-Aqua,NIR/Red 500m
2011-08-30,2011-08-30,31.893868238424226,MODIS-Aqua,NIR/Red 500m
2011-09-01,2011-09-01,52.0590125017136,MODIS-Aqua,NIR/Red 500m
2011-09-02,2011-09-02,55.48092121039562,MODIS-Aqua,NIR/Red 500m
2011-09-03,2011-09-03,32.32714722192797,MODIS-Aqua,NIR/Red 500m
2011-09-04,2011-09-04,32.362841732572335,MODIS-Aqua,NIR/Red 500m
2011-09-05,2011-09-05,34.393741743740016,MODIS-Aqua,NIR/Red 500m
2011-09-06,2011-09-06,24.98312922691367,MODIS-Aqua,NIR/Red 500m
2011-09-07,2011-09-07,58.11002311020997,MODIS-Aqua,NIR/Red 500m
2011-09-08,2011-09-08,54.20687253904205,MODIS-Aqua,NIR/Red 500m
2011-09-12,2011-09-12,137.59756490454993,MODIS-Aqua,NIR/Red 500m
2011-09-13,2011-09-13,46.5653303990276,MODIS-Aqua,NIR/Red 500m
2011-09-16,2011-09-16,44.12704570117243,MODIS-Aqua,NIR/Red 500m
2011-09-18,2011-09-18,33.77191285054675,MODIS-Aqua,NIR/Red 500m
2011-09-19,2011-09-19,57.47766786956524,MODIS-Aqua,NIR/Red 500m
2011-09-20,2011-09-20,37.69911363573,MODIS-Aqua,NIR/Red 500m
2011-09-21,2011-09-21,51.9272590799095,MODIS-Aqua,NIR/Red 500m
2011-09-23,2011-09-23,36.05934489183868,MODIS-Aqua,NIR/Red 500m
2011-09-26,2011-09-26,28.35382618645422,MODIS-Aqua,NIR/Red 500m
2011-09-27,2011-09-27,21.69664153960181,MODIS-Aqua,NIR/Red 500m
2011-09-28,2011-09-28,18.82000802718393,MODIS-Aqua,NIR/Red 500m
2011-09-29,2011-09-29,26.452914694633346,MODIS-Aqua,NIR/Red 500m
2011-10-08,2011-10-08,21.219837781969137,MODIS-Aqua,NIR/Red 500m
2011-10-09,2011-10-09,41.21355299574978,MODIS-Aqua,NIR/Red 500m
2011-10-11,2011-10-11,26.802174645268305,MODIS-Aqua,NIR/Red 500m
2011-10-13,2011-10-13,35.44526633315457,MODIS-Aqua,NIR/Red 500m
2011-10-16,2011-10-16,0.8862022326716624,MODIS-Aqua,NIR/Red 500m
2011-10-17,2011-10-17,13.406291208772643,MODIS-Aqua,NIR/Red 500m
2011-10-18,2011-10-18,16.029586899020494,MODIS-Aqua,NIR/Red 500m
2011-10-19,2011-10-19,23.97754923833268,MODIS-Aqua,NIR/Red 500m
2011-10-21,2011-10-21,29.46121334840365,MODIS-Aqua,NIR/Red 500m
2011-10-22,2011-10-22,14.173414986954509,MODIS-Aqua,NIR/Red 500m
2011-10-24,2011-10-24,30.77706940333797,MODIS-Aqua,NIR/Red 500m
2011-10-25,2011-10-25,26.450612478181643,MODIS-Aqua,NIR/Red 500m
2011-10-26,2011-10-26,19.657833690404413,MODIS-Aqua,NIR/Red 500m
2011-10-27,2011-10-27,58.36715262111279,MODIS-Aqua,NIR/Red 500m
2011-10-29,2011-10-29,12.4474880878369,MODIS-Aqua,NIR/Red 500m
2011-10-31,2011-10-31,14.860898063718905,MODIS-Aqua,NIR/Red 500m
2011-11-01,2011-11-01,58.68156336788171,MODIS-Aqua,NIR/Red 500m
2011-11-02,2011-11-02,17.298678952873722,MODIS-Aqua,NIR/Red 500m
2011-11-04,2011-11-04,20.847006853379607,MODIS-Aqua,NIR/Red 500m
2011-11-12,2011-11-12,46.91884941201475,MODIS-Aqua,NIR/Red 500m
2011-11-14,2011-11-14,24.475024119248037,MODIS-Aqua,NIR/Red 500m
2011-11-19,2011-11-19,22.526515291521694,MODIS-Aqua,NIR/Red 500m
2011-11-25,2011-11-25,10.58950519711386,MODIS-Aqua,NIR/Red 500m
2011-11-28,2011-11-28,10.370157833670476,MODIS-Aqua,NIR/Red 500m
2011-11-29,2011-11-29,20.961341120583732,MODIS-Aqua,NIR/Red 500m
2011-11-30,2011-11-30,12.173889320705289,MODIS-Aqua,NIR/Red 500m
2011-12-01,2011-12-01,16.082997913525574,MODIS-Aqua,NIR/Red 500m
2011-12-02,2011-12-02,13.051302094422283,MODIS-Aqua,NIR/Red 500m
2011-12-03,2011-12-03,18.501836870806404,MODIS-Aqua,NIR/Red 500m
2011-12-04,2011-12-04,14.044990572743767,MODIS-Aqua,NIR/Red 500m
2011-12-05,2011-12-05,10.923668726235286,MODIS-Aqua,NIR/Red 500m
2011-12-06,2011-12-06,10.378123958065775,MODIS-Aqua,NIR/Red 500m
2011-12-07,2011-12-07,16.52040498550526,MODIS-Aqua,NIR/Red 500m
2011-12-08,2011-12-08,19.771544914744542,MODIS-Aqua,NIR/Red 500m
2011-12-09,2011-12-09,16.581645162499182,MODIS-Aqua,NIR/Red 500m
2011-12-12,2011-12-12,25.680109462928915,MODIS-Aqua,NIR/Red 500m
2012-01-02,2012-01-02,18.60731829287063,MODIS-Aqua,NIR/Red 500m
2012-01-03,2012-01-03,7.621522115295811,MODIS-Aqua,NIR/Red 500m
2012-01-06,2012-01-06,16.011771319436313,MODIS-Aqua,NIR/Red 500m
2012-01-08,2012-01-08,45.51834949816735,MODIS-Aqua,NIR/Red 500m
2012-01-12,2012-01-12,26.760268647941828,MODIS-Aqua,NIR/Red 500m
2012-01-13,2012-01-13,7.412550356395803,MODIS-Aqua,NIR/Red 500m
2012-01-14,2012-01-14,11.867951305203672,MODIS-Aqua,NIR/Red 500m
2012-01-16,2012-01-16,29.363380028202606,MODIS-Aqua,NIR/Red 500m
2012-02-02,2012-02-02,7.08367750230801,MODIS-Aqua,NIR/Red 500m
2012-02-03,2012-02-03,6.960153657893335,MODIS-Aqua,NIR/Red 500m
2012-02-05,2012-02-05,13.32094248683042,MODIS-Aqua,NIR/Red 500m
2012-02-06,2012-02-06,10.259556925656543,MODIS-Aqua,NIR/Red 500m
2012-02-11,2012-02-11,9.433609791454675,MODIS-Aqua,NIR/Red 500m
2012-02-15,2012-02-15,17.365417791845648,MODIS-Aqua,NIR/Red 500m
2012-02-18,2012-02-18,14.221561323314772,MODIS-Aqua,NIR/Red 500m
2012-02-19,2012-02-19,30.391823676292518,MODIS-Aqua,NIR/Red 500m
2012-02-23,2012-02-23,6.325467042919394,MODIS-Aqua,NIR/Red 500m
2012-02-24,2012-02-24,9.59029225956558,MODIS-Aqua,NIR/Red 500m
2012-03-01,2012-03-01,29.48763199582927,MODIS-Aqua,NIR/Red 500m
2012-03-03,2012-03-03,29.234786004456097,MODIS-Aqua,NIR/Red 500m
2012-03-04,2012-03-04,26.84854284405948,MODIS-Aqua,NIR/Red 500m
2012-03-07,2012-03-07,13.582018206771972,MODIS-Aqua,NIR/Red 500m
2012-03-08,2012-03-08,44.542311680315535,MODIS-Aqua,NIR/Red 500m
2012-03-09,2012-03-09,12.459619034287718,MODIS-Aqua,NIR/Red 500m
2012-03-17,2012-03-17,22.213872747938773,MODIS-Aqua,NIR/Red 500m
2012-03-18,2012-03-18,27.676218267972303,MODIS-Aqua,NIR/Red 500m
2012-03-23,2012-03-23,21.45872992171347,MODIS-Aqua,NIR/Red 500m
2012-03-28,2012-03-28,22.44709337234287,MODIS-Aqua,NIR/Red 500m
2012-04-02,2012-04-02,25.25280973380759,MODIS-Aqua,NIR/Red 500m
2012-04-20,2012-04-20,15.471890417556041,MODIS-Aqua,NIR/Red 500m
2012-04-21,2012-04-21,13.46437308444332,MODIS-Aqua,NIR/Red 500m
2012-04-24,2012-04-24,32.43641015633336,MODIS-Aqua,NIR/Red 500m
2012-04-28,2012-04-28,36.96115296954541,MODIS-Aqua,NIR/Red 500m
2012-04-29,2012-04-29,30.03086853016575,MODIS-Aqua,NIR/Red 500m
2012-05-01,2012-05-01,24.933485302357234,MODIS-Aqua,NIR/Red 500m
2012-05-06,2012-05-06,23.730288271609403,MODIS-Aqua,NIR/Red 500m
2012-05-07,2012-05-07,18.34841655028639,MODIS-Aqua,NIR/Red 500m
2012-05-08,2012-05-08,19.07016027064912,MODIS-Aqua,NIR/Red 500m
2012-05-09,2012-05-09,31.50464506649081,MODIS-Aqua,NIR/Red 500m
2012-05-10,2012-05-10,27.53512439300003,MODIS-Aqua,NIR/Red 500m
2012-05-11,2012-05-11,29.810883060055858,MODIS-Aqua,NIR/Red 500m
2012-05-12,2012-05-12,25.999964319062634,MODIS-Aqua,NIR/Red 500m
2012-05-13,2012-05-13,16.972336348954162,MODIS-Aqua,NIR/Red 500m
2012-05-14,2012-05-14,33.621138090546964,MODIS-Aqua,NIR/Red 500m
2012-05-15,2012-05-15,19.473405029894803,MODIS-Aqua,NIR/Red 500m
2012-05-16,2012-05-16,25.00902371767471,MODIS-Aqua,NIR/Red 500m
2012-05-17,2012-05-17,26.30180026030212,MODIS-Aqua,NIR/Red 500m
2012-05-18,2012-05-18,51.97401496255475,MODIS-Aqua,NIR/Red 500m
2012-05-22,2012-05-22,69.90538277258537,MODIS-Aqua,NIR/Red 500m
2012-05-23,2012-05-23,43.26351982967293,MODIS-Aqua,NIR/Red 500m
2012-05-26,2012-05-26,54.11998494102907,MODIS-Aqua,NIR/Red 500m
2012-05-30,2012-05-30,15.320861266166098,MODIS-Aqua,NIR/Red 500m
2012-05-31,2012-05-31,10.954830324141701,MODIS-Aqua,NIR/Red 500m
2012-06-01,2012-06-01,15.127687181944156,MODIS-Aqua,NIR/Red 500m
2012-06-02,2012-06-02,43.92703783663817,MODIS-Aqua,NIR/Red 500m
2012-06-05,2012-06-05,20.65546287095575,MODIS-Aqua,NIR/Red 500m
2012-06-06,2012-06-06,14.477997014455147,MODIS-Aqua,NIR/Red 500m
2012-06-08,2012-06-08,40.51111760392364,MODIS-Aqua,NIR/Red 500m
2012-06-09,2012-06-09,12.073173545879863,MODIS-Aqua,NIR/Red 500m
2012-06-10,2012-06-10,13.722557429148956,MODIS-Aqua,NIR/Red 500m
2012-06-11,2012-06-11,49.79660683567597,MODIS-Aqua,NIR/Red 500m
2012-06-13,2012-06-13,62.089987184526194,MODIS-Aqua,NIR/Red 500m
2012-06-14,2012-06-14,15.08219137413525,MODIS-Aqua,NIR/Red 500m
2012-06-17,2012-06-17,29.037574271419114,MODIS-Aqua,NIR/Red 500m
2012-06-18,2012-06-18,36.32197560254457,MODIS-Aqua,NIR/Red 500m
2012-06-19,2012-06-19,18.43739194833856,MODIS-Aqua,NIR/Red 500m
2012-06-20,2012-06-20,11.145656757731285,MODIS-Aqua,NIR/Red 500m
2012-06-21,2012-06-21,79.30706655121564,MODIS-Aqua,NIR/Red 500m
2012-06-26,2012-06-26,39.59154592634794,MODIS-Aqua,NIR/Red 500m
2012-06-27,2012-06-27,20.3478409808567,MODIS-Aqua,NIR/Red 500m
2012-07-02,2012-07-02,27.20777250245048,MODIS-Aqua,NIR/Red 500m
2012-07-03,2012-07-03,47.86153374895837,MODIS-Aqua,NIR/Red 500m
2012-07-04,2012-07-04,38.74894355993728,MODIS-Aqua,NIR/Red 500m
2012-07-05,2012-07-05,51.09785787373483,MODIS-Aqua,NIR/Red 500m
2012-07-06,2012-07-06,49.37911417468967,MODIS-Aqua,NIR/Red 500m
2012-07-07,2012-07-07,77.12988407965072,MODIS-Aqua,NIR/Red 500m
2012-07-08,2012-07-08,44.14972072415039,MODIS-Aqua,NIR/Red 500m
2012-07-09,2012-07-09,45.14592368606086,MODIS-Aqua,NIR/Red 500m
2012-07-11,2012-07-11,100.36967215538607,MODIS-Aqua,NIR/Red 500m
2012-07-12,2012-07-12,69.52065518672285,MODIS-Aqua,NIR/Red 500m
2012-07-13,2012-07-13,62.985822448877876,MODIS-Aqua,NIR/Red 500m
2012-07-14,2012-07-14,73.1094231622966,MODIS-Aqua,NIR/Red 500m
2012-07-15,2012-07-15,51.81043741946788,MODIS-Aqua,NIR/Red 500m
2012-07-18,2012-07-18,338.5961942827784,MODIS-Aqua,NIR/Red 500m
2012-07-20,2012-07-20,68.52290117903462,MODIS-Aqua,NIR/Red 500m
2012-07-21,2012-07-21,158.48195567558545,MODIS-Aqua,NIR/Red 500m
2012-07-22,2012-07-22,67.06004314590041,MODIS-Aqua,NIR/Red 500m
2012-07-23,2012-07-23,69.27943824100608,MODIS-Aqua,NIR/Red 500m
2012-07-24,2012-07-24,30.00304946326669,MODIS-Aqua,NIR/Red 500m
2012-07-25,2012-07-25,30.133035703422845,MODIS-Aqua,NIR/Red 500m
2012-07-27,2012-07-27,49.21021128901985,MODIS-Aqua,NIR/Red 500m
2012-07-28,2012-07-28,50.60022710026008,MODIS-Aqua,NIR/Red 500m
2012-07-29,2012-07-29,30.603470510557088,MODIS-Aqua,NIR/Red 500m
2012-07-30,2012-07-30,45.45584337729935,MODIS-Aqua,NIR/Red 500m
2012-07-31,2012-07-31,35.31242404121423,MODIS-Aqua,NIR/Red 500m
2012-08-01,2012-08-01,59.5683371563269,MODIS-Aqua,NIR/Red 500m
2012-08-02,2012-08-02,28.760811802774644,MODIS-Aqua,NIR/Red 500m
2012-08-03,2012-08-03,46.245345051164925,MODIS-Aqua,NIR/Red 500m
2012-08-04,2012-08-04,47.17816034990771,MODIS-Aqua,NIR/Red 500m
2012-08-05,2012-08-05,59.70289196116821,MODIS-Aqua,NIR/Red 500m
2012-08-06,2012-08-06,36.27634999567679,MODIS-Aqua,NIR/Red 500m
2012-08-07,2012-08-07,55.05230217313603,MODIS-Aqua,NIR/Red 500m
2012-08-08,2012-08-08,44.59765916204002,MODIS-Aqua,NIR/Red 500m
2012-08-10,2012-08-10,80.28923846170261,MODIS-Aqua,NIR/Red 500m
2012-08-12,2012-08-12,29.63388053224404,MODIS-Aqua,NIR/Red 500m
2012-08-13,2012-08-13,234.08091298767758,MODIS-Aqua,NIR/Red 500m
2012-08-15,2012-08-15,237.40973774058605,MODIS-Aqua,NIR/Red 500m
2012-08-18,2012-08-18,48.574342335588426,MODIS-Aqua,NIR/Red 500m
2012-08-19,2012-08-19,31.52804071616878,MODIS-Aqua,NIR/Red 500m
2012-08-20,2012-08-20,13.76989623548579,MODIS-Aqua,NIR/Red 500m
2012-08-21,2012-08-21,32.16341057919316,MODIS-Aqua,NIR/Red 500m
2012-08-23,2012-08-23,38.981650286577334,MODIS-Aqua,NIR/Red 500m
2012-08-24,2012-08-24,43.635387346057854,MODIS-Aqua,NIR/Red 500m
2012-08-26,2012-08-26,29.17932253508723,MODIS-Aqua,NIR/Red 500m
2012-08-28,2012-08-28,51.18990195881547,MODIS-Aqua,NIR/Red 500m
2012-08-29,2012-08-29,58.098707445022114,MODIS-Aqua,NIR/Red 500m
2012-08-30,2012-08-30,40.63900954670955,MODIS-Aqua,NIR/Red 500m
2012-08-31,2012-08-31,55.84522665051012,MODIS-Aqua,NIR/Red 500m
2012-09-01,2012-09-01,28.9232870333535,MODIS-Aqua,NIR/Red 500m
2012-09-02,2012-09-02,29.487631995829283,MODIS-Aqua,NIR/Red 500m
2012-09-03,2012-09-03,47.68279136092977,MODIS-Aqua,NIR/Red 500m
2012-09-04,2012-09-04,44.43023836964467,MODIS-Aqua,NIR/Red 500m
2012-09-05,2012-09-05,32.333416886536256,MODIS-Aqua,NIR/Red 500m
2012-09-06,2012-09-06,44.9398009238468,MODIS-Aqua,NIR/Red 500m
2012-09-07,2012-09-07,56.47988217124736,MODIS-Aqua,NIR/Red 500m
2012-09-08,2012-09-08,29.04288900682027,MODIS-Aqua,NIR/Red 500m
2012-09-09,2012-09-09,29.526693870997118,MODIS-Aqua,NIR/Red 500m
2012-09-10,2012-09-10,30.149887988162988,MODIS-Aqua,NIR/Red 500m
2012-09-11,2012-09-11,26.969060450684655,MODIS-Aqua,NIR/Red 500m
2012-09-12,2012-09-12,28.379160465278332,MODIS-Aqua,NIR/Red 500m
2012-09-13,2012-09-13,31.361134315628636,MODIS-Aqua,NIR/Red 500m
2012-09-15,2012-09-15,19.63778380763747,MODIS-Aqua,NIR/Red 500m
2012-09-16,2012-09-16,29.829781719054857,MODIS-Aqua,NIR/Red 500m
2012-09-17,2012-09-17,30.143080050386114,MODIS-Aqua,NIR/Red 500m
2012-09-18,2012-09-18,22.6990804950289,MODIS-Aqua,NIR/Red 500m
2012-09-19,2012-09-19,54.33859646978571,MODIS-Aqua,NIR/Red 500m
2012-09-20,2012-09-20,19.339422079232232,MODIS-Aqua,NIR/Red 500m
2012-09-21,2012-09-21,24.159323257416638,MODIS-Aqua,NIR/Red 500m
2012-09-22,2012-09-22,15.474463374975235,MODIS-Aqua,NIR/Red 500m
2012-09-23,2012-09-23,18.841537449724818,MODIS-Aqua,NIR/Red 500m
2012-09-24,2012-09-24,31.30559505037728,MODIS-Aqua,NIR/Red 500m
2012-09-25,2012-09-25,14.49864977587209,MODIS-Aqua,NIR/Red 500m
2012-09-26,2012-09-26,35.105096351760295,MODIS-Aqua,NIR/Red 500m
2012-09-30,2012-09-30,51.3744940745329,MODIS-Aqua,NIR/Red 500m
2012-10-01,2012-10-01,20.440118054119424,MODIS-Aqua,NIR/Red 500m
2012-10-02,2012-10-02,19.580751387339255,MODIS-Aqua,NIR/Red 500m
2012-10-03,2012-10-03,23.56969371819144,MODIS-Aqua,NIR/Red 500m
2012-10-04,2012-10-04,20.60067073385054,MODIS-Aqua,NIR/Red 500m
2012-10-06,2012-10-06,12.622296098585709,MODIS-Aqua,NIR/Red 500m
2012-10-07,2012-10-07,33.059534085362465,MODIS-Aqua,NIR/Red 500m
2012-10-08,2012-10-08,24.38940359248988,MODIS-Aqua,NIR/Red 500m
2012-10-09,2012-10-09,25.126601328591207,MODIS-Aqua,NIR/Red 500m
2012-10-10,2012-10-10,29.036133313463985,MODIS-Aqua,NIR/Red 500m
2012-10-11,2012-10-11,27.696443311678145,MODIS-Aqua,NIR/Red 500m
2012-10-13,2012-10-13,13.769896235485797,MODIS-Aqua,NIR/Red 500m
2012-10-16,2012-10-16,15.350797871406883,MODIS-Aqua,NIR/Red 500m
2012-10-17,2012-10-17,9.394045867857589,MODIS-Aqua,NIR/Red 500m
2012-10-20,2012-10-20,36.30850486361294,MODIS-Aqua,NIR/Red 500m
2012-10-25,2012-10-25,17.014951110829802,MODIS-Aqua,NIR/Red 500m
2012-10-29,2012-10-29,16.432815952105713,MODIS-Aqua,NIR/Red 500m
2012-11-04,2012-11-04,9.327751874115881,MODIS-Aqua,NIR/Red 500m
2012-11-06,2012-11-06,10.5237205463423,MODIS-Aqua,NIR/Red 500m
2012-11-07,2012-11-07,15.629812089472109,MODIS-Aqua,NIR/Red 500m
2012-11-10,2012-11-10,18.947080021693015,MODIS-Aqua,NIR/Red 500m
2012-11-25,2012-11-25,19.300148292634926,MODIS-Aqua,NIR/Red 500m
2012-12-05,2012-12-05,21.38209102866535,MODIS-Aqua,NIR/Red 500m
2012-12-08,2012-12-08,18.628376496232224,MODIS-Aqua,NIR/Red 500m
2012-12-09,2012-12-09,18.711534061789923,MODIS-Aqua,NIR/Red 500m
2012-12-12,2012-12-12,17.675372222445652,MODIS-Aqua,NIR/Red 500m
2012-12-13,2012-12-13,17.94126546871078,MODIS-Aqua,NIR/Red 500m
2013-03-08,2013-03-08,15.122173503565985,MODIS-Aqua,NIR/Red 500m
2013-03-09,2013-03-09,11.234245893034046,MODIS-Aqua,NIR/Red 500m
2013-03-10,2013-03-10,27.862437145114004,MODIS-Aqua,NIR/Red 500m
2013-03-13,2013-03-13,19.32958848602527,MODIS-Aqua,NIR/Red 500m
2013-03-15,2013-03-15,17.675899908332415,MODIS-Aqua,NIR/Red 500m
2013-03-17,2013-03-17,14.097738775939325,MODIS-Aqua,NIR/Red 500m
2013-03-22,2013-03-22,21.706913449986573,MODIS-Aqua,NIR/Red 500m
2013-03-23,2013-03-23,29.9264534261907,MODIS-Aqua,NIR/Red 500m
2013-03-29,2013-03-29,13.118005159065566,MODIS-Aqua,NIR/Red 500m
2013-03-30,2013-03-30,19.802469906041118,MODIS-Aqua,NIR/Red 500m
2013-04-02,2013-04-02,28.534276858126074,MODIS-Aqua,NIR/Red 500m
2013-04-08,2013-04-08,36.567419846248185,MODIS-Aqua,NIR/Red 500m
2013-04-09,2013-04-09,10.471778507770999,MODIS-Aqua,NIR/Red 500m
2013-04-11,2013-04-11,22.185053235624782,MODIS-Aqua,NIR/Red 500m
2013-04-15,2013-04-15,23.93621340244038,MODIS-Aqua,NIR/Red 500m
2013-04-17,2013-04-17,19.7642563726571,MODIS-Aqua,NIR/Red 500m
2013-04-18,2013-04-18,13.464974416849543,MODIS-Aqua,NIR/Red 500m
2013-04-20,2013-04-20,26.13488374885225,MODIS-Aqua,NIR/Red 500m
2013-04-22,2013-04-22,35.174368686124176,MODIS-Aqua,NIR/Red 500m
2013-04-23,2013-04-23,16.44088806074146,MODIS-Aqua,NIR/Red 500m
2013-04-24,2013-04-24,22.955426482709342,MODIS-Aqua,NIR/Red 500m
2013-04-25,2013-04-25,40.05155641284932,MODIS-Aqua,NIR/Red 500m
2013-04-26,2013-04-26,30.00304946326669,MODIS-Aqua,NIR/Red 500m
2013-04-27,2013-04-27,24.381171259931797,MODIS-Aqua,NIR/Red 500m
2013-04-30,2013-04-30,17.37482476319543,MODIS-Aqua,NIR/Red 500m
2013-05-01,2013-05-01,17.010753255410737,MODIS-Aqua,NIR/Red 500m
2013-05-02,2013-05-02,15.797445034018862,MODIS-Aqua,NIR/Red 500m
2013-05-03,2013-05-03,22.0125856283905,MODIS-Aqua,NIR/Red 500m
2013-05-09,2013-05-09,18.2411536299433,MODIS-Aqua,NIR/Red 500m
2013-05-10,2013-05-10,26.22687136337338,MODIS-Aqua,NIR/Red 500m
2013-05-17,2013-05-17,24.055094594471775,MODIS-Aqua,NIR/Red 500m
2013-05-19,2013-05-19,17.927993231742057,MODIS-Aqua,NIR/Red 500m
2013-05-20,2013-05-20,14.63157792423264,MODIS-Aqua,NIR/Red 500m
2013-05-23,2013-05-23,21.675834930561994,MODIS-Aqua,NIR/Red 500m
2013-05-24,2013-05-24,51.787094233048414,MODIS-Aqua,NIR/Red 500m
2013-05-26,2013-05-26,37.33304254974925,MODIS-Aqua,NIR/Red 500m
2013-05-28,2013-05-28,27.596237293491463,MODIS-Aqua,NIR/Red 500m
2013-05-29,2013-05-29,36.139759831576214,MODIS-Aqua,NIR/Red 500m
2013-05-30,2013-05-30,24.842800080860187,MODIS-Aqua,NIR/Red 500m
2013-05-31,2013-05-31,26.053642539060128,MODIS-Aqua,NIR/Red 500m
2013-06-01,2013-06-01,57.133919713491395,MODIS-Aqua,NIR/Red 500m
2013-06-02,2013-06-02,37.22745350361699,MODIS-Aqua,NIR/Red 500m
2013-06-03,2013-06-03,17.218179830230103,MODIS-Aqua,NIR/Red 500m
2013-06-04,2013-06-04,23.748835463282216,MODIS-Aqua,NIR/Red 500m
2013-06-05,2013-06-05,19.693787087064358,MODIS-Aqua,NIR/Red 500m
2013-06-06,2013-06-06,27.07464952716502,MODIS-Aqua,NIR/Red 500m
2013-06-07,2013-06-07,25.638026762642394,MODIS-Aqua,NIR/Red 500m
2013-06-08,2013-06-08,21.97045634506454,MODIS-Aqua,NIR/Red 500m
2013-06-09,2013-06-09,39.60272333385439,MODIS-Aqua,NIR/Red 500m
2013-06-10,2013-06-10,49.485395666878894,MODIS-Aqua,NIR/Red 500m
2013-06-11,2013-06-11,54.38706526997429,MODIS-Aqua,NIR/Red 500m
2013-06-12,2013-06-12,31.789439868186637,MODIS-Aqua,NIR/Red 500m
2013-06-14,2013-06-14,52.33621087236282,MODIS-Aqua,NIR/Red 500m
2013-06-17,2013-06-17,89.87702254478378,MODIS-Aqua,NIR/Red 500m
2013-06-18,2013-06-18,68.42622958617802,MODIS-Aqua,NIR/Red 500m
2013-06-21,2013-06-21,97.5292425258888,MODIS-Aqua,NIR/Red 500m
2013-06-22,2013-06-22,49.33732039471168,MODIS-Aqua,NIR/Red 500m
2013-06-27,2013-06-27,236.3757664104034,MODIS-Aqua,NIR/Red 500m
2013-06-28,2013-06-28,320.432858646171,MODIS-Aqua,NIR/Red 500m
2013-06-29,2013-06-29,18.23816947200764,MODIS-Aqua,NIR/Red 500m
2013-06-30,2013-06-30,20.694640057671975,MODIS-Aqua,NIR/Red 500m
2013-07-02,2013-07-02,43.43349511341802,MODIS-Aqua,NIR/Red 500m
2013-07-03,2013-07-03,31.841498888832753,MODIS-Aqua,NIR/Red 500m
2013-07-04,2013-07-04,47.56045875774329,MODIS-Aqua,NIR/Red 500m
2013-07-05,2013-07-05,78.48977846095562,MODIS-Aqua,NIR/Red 500m
2013-07-06,2013-07-06,30.048420330239665,MODIS-Aqua,NIR/Red 500m
2013-07-08,2013-07-08,36.2384836300642,MODIS-Aqua,NIR/Red 500m
2013-07-09,2013-07-09,75.26285952599993,MODIS-Aqua,NIR/Red 500m
2013-07-10,2013-07-10,72.91200009707181,MODIS-Aqua,NIR/Red 500m
2013-07-11,2013-07-11,74.41506645668194,MODIS-Aqua,NIR/Red 500m
2013-07-12,2013-07-12,64.20085271464103,MODIS-Aqua,NIR/Red 500m
2013-07-13,2013-07-13,36.142387933699986,MODIS-Aqua,NIR/Red 500m
2013-07-14,2013-07-14,23.78531955733125,MODIS-Aqua,NIR/Red 500m
2013-07-17,2013-07-17,104.1082395245755,MODIS-Aqua,NIR/Red 500m
2013-07-18,2013-07-18,45.863478072012306,MODIS-Aqua,NIR/Red 500m
2013-07-19,2013-07-19,73.88152309377531,MODIS-Aqua,NIR/Red 500m
2013-07-20,2013-07-20,44.13039762152834,MODIS-Aqua,NIR/Red 500m
2013-07-21,2013-07-21,18.533108312797125,MODIS-Aqua,NIR/Red 500m
2013-07-22,2013-07-22,28.428198016725332,MODIS-Aqua,NIR/Red 500m
2013-07-23,2013-07-23,28.227009186100798,MODIS-Aqua,NIR/Red 500m
2013-07-25,2013-07-25,85.51019531663127,MODIS-Aqua,NIR/Red 500m
2013-07-26,2013-07-26,36.18101611135763,MODIS-Aqua,NIR/Red 500m
2013-07-27,2013-07-27,34.88841524980997,MODIS-Aqua,NIR/Red 500m
2013-07-28,2013-07-28,64.50247421639834,MODIS-Aqua,NIR/Red 500m
2013-07-29,2013-07-29,69.4554947432002,MODIS-Aqua,NIR/Red 500m
2013-08-01,2013-08-01,59.335266387812275,MODIS-Aqua,NIR/Red 500m
2013-08-02,2013-08-02,175.7932939937312,MODIS-Aqua,NIR/Red 500m
2013-08-03,2013-08-03,62.04481558348541,MODIS-Aqua,NIR/Red 500m
2013-08-04,2013-08-04,51.272972635324614,MODIS-Aqua,NIR/Red 500m
2013-08-06,2013-08-06,28.2123608233348,MODIS-Aqua,NIR/Red 500m
2013-08-11,2013-08-11,43.89175517377512,MODIS-Aqua,NIR/Red 500m
2013-08-12,2013-08-12,29.93656927867385,MODIS-Aqua,NIR/Red 500m
2013-08-13,2013-08-13,16.657764713919036,MODIS-Aqua,NIR/Red 500m
2013-08-14,2013-08-14,32.69848995765922,MODIS-Aqua,NIR/Red 500m
2013-08-15,2013-08-15,22.489027358192878,MODIS-Aqua,NIR/Red 500m
2013-08-18,2013-08-18,32.87129666086169,MODIS-Aqua,NIR/Red 500m
2013-08-19,2013-08-19,32.286983738843254,MODIS-Aqua,NIR/Red 500m
2013-08-20,2013-08-20,44.35550422748303,MODIS-Aqua,NIR/Red 500m
2013-08-23,2013-08-23,54.485724568579116,MODIS-Aqua,NIR/Red 500m
2013-08-24,2013-08-24,27.409862246307135,MODIS-Aqua,NIR/Red 500m
2013-08-26,2013-08-26,13.477509052043155,MODIS-Aqua,NIR/Red 500m
2013-08-27,2013-08-27,14.379501905876014,MODIS-Aqua,NIR/Red 500m
2013-08-28,2013-08-28,22.055130742224097,MODIS-Aqua,NIR/Red 500m
2013-08-30,2013-08-30,11.593197845499168,MODIS-Aqua,NIR/Red 500m
2013-08-31,2013-08-31,8.020673696628863,MODIS-Aqua,NIR/Red 500m
2013-09-01,2013-09-01,38.98700137666744,MODIS-Aqua,NIR/Red 500m
2013-09-02,2013-09-02,15.018870036788869,MODIS-Aqua,NIR/Red 500m
2013-09-03,2013-09-03,16.14181414899323,MODIS-Aqua,NIR/Red 500m
2013-09-04,2013-09-04,14.402646040303129,MODIS-Aqua,NIR/Red 500m
2013-09-06,2013-09-06,23.003859718496148,MODIS-Aqua,NIR/Red 500m
2013-09-07,2013-09-07,16.685892354806285,MODIS-Aqua,NIR/Red 500m
2013-09-08,2013-09-08,15.631266496305606,MODIS-Aqua,NIR/Red 500m
2013-09-09,2013-09-09,11.281290747537213,MODIS-Aqua,NIR/Red 500m
2013-09-10,2013-09-10,15.669530599643247,MODIS-Aqua,NIR/Red 500m
2013-09-11,2013-09-11,12.824640025055125,MODIS-Aqua,NIR/Red 500m
2013-09-12,2013-09-12,21.346895717588897,MODIS-Aqua,NIR/Red 500m
2013-09-13,2013-09-13,18.51606466108723,MODIS-Aqua,NIR/Red 500m
2013-09-14,2013-09-14,19.22825170719024,MODIS-Aqua,NIR/Red 500m
2013-09-15,2013-09-15,33.96326055709165,MODIS-Aqua,NIR/Red 500m
2013-09-18,2013-09-18,16.856618305902945,MODIS-Aqua,NIR/Red 500m
2013-09-19,2013-09-19,9.686330130943675,MODIS-Aqua,NIR/Red 500m
2013-09-20,2013-09-20,15.109366106553761,MODIS-Aqua,NIR/Red 500m
2013-09-25,2013-09-25,12.46806040277733,MODIS-Aqua,NIR/Red 500m
2013-09-27,2013-09-27,12.211762501321994,MODIS-Aqua,NIR/Red 500m
2013-09-30,2013-09-30,18.645436214501277,MODIS-Aqua,NIR/Red 500m
2013-10-02,2013-10-02,14.183544436707088,MODIS-Aqua,NIR/Red 500m
2013-10-03,2013-10-03,14.227389550107308,MODIS-Aqua,NIR/Red 500m
2013-10-04,2013-10-04,17.19065504349787,MODIS-Aqua,NIR/Red 500m
2013-10-05,2013-10-05,19.519500003403692,MODIS-Aqua,NIR/Red 500m
2013-10-06,2013-10-06,14.811584330312154,MODIS-Aqua,NIR/Red 500m
2013-10-07,2013-10-07,12.94172855425137,MODIS-Aqua,NIR/Red 500m
2013-10-09,2013-10-09,13.535145620410248,MODIS-Aqua,NIR/Red 500m
2013-10-11,2013-10-11,29.986761594967152,MODIS-Aqua,NIR/Red 500m
2013-10-13,2013-10-13,11.657130808463847,MODIS-Aqua,NIR/Red 500m
2013-10-14,2013-10-14,17.39897545268064,MODIS-Aqua,NIR/Red 500m
2013-10-15,2013-10-15,11.769393364651762,MODIS-Aqua,NIR/Red 500m
2013-10-16,2013-10-16,11.580966530781728,MODIS-Aqua,NIR/Red 500m
2013-10-17,2013-10-17,11.02175193920373,MODIS-Aqua,NIR/Red 500m
2013-10-18,2013-10-18,12.437965355111489,MODIS-Aqua,NIR/Red 500m
2013-10-19,2013-10-19,12.034963661064086,MODIS-Aqua,NIR/Red 500m
2013-10-20,2013-10-20,11.541687903299254,MODIS-Aqua,NIR/Red 500m
2013-10-21,2013-10-21,12.074156390918079,MODIS-Aqua,NIR/Red 500m
2013-10-22,2013-10-22,10.241099513162778,MODIS-Aqua,NIR/Red 500m
2013-10-23,2013-10-23,10.585160133248845,MODIS-Aqua,NIR/Red 500m
2013-10-24,2013-10-24,11.48517192502439,MODIS-Aqua,NIR/Red 500m
2013-10-25,2013-10-25,10.873364100794685,MODIS-Aqua,NIR/Red 500m
2013-10-26,2013-10-26,11.277045785539029,MODIS-Aqua,NIR/Red 500m
2013-10-27,2013-10-27,29.503555851638954,MODIS-Aqua,NIR/Red 500m
2013-10-29,2013-10-29,13.895398112575688,MODIS-Aqua,NIR/Red 500m
2013-10-30,2013-10-30,13.659084398154125,MODIS-Aqua,NIR/Red 500m
2013-10-31,2013-10-31,14.143718208506984,MODIS-Aqua,NIR/Red 500m
2013-11-01,2013-11-01,10.848587635628654,MODIS-Aqua,NIR/Red 500m
2013-11-09,2013-11-09,12.637015480883537,MODIS-Aqua,NIR/Red 500m
2013-11-11,2013-11-11,16.769923130713533,MODIS-Aqua,NIR/Red 500m
2013-11-13,2013-11-13,15.532316638240482,MODIS-Aqua,NIR/Red 500m
2013-11-17,2013-11-17,11.43823816328653,MODIS-Aqua,NIR/Red 500m
2013-11-21,2013-11-21,18.475091685003665,MODIS-Aqua,NIR/Red 500m
2013-11-22,2013-11-22,18.346433286948965,MODIS-Aqua,NIR/Red 500m
2013-11-23,2013-11-23,16.740777148222012,MODIS-Aqua,NIR/Red 500m
2013-11-24,2013-11-24,12.358906613440768,MODIS-Aqua,NIR/Red 500m
2013-11-25,2013-11-25,10.206449626524158,MODIS-Aqua,NIR/Red 500m
2013-11-28,2013-11-28,10.55590984962457,MODIS-Aqua,NIR/Red 500m
2013-12-04,2013-12-04,32.21695480537355,MODIS-Aqua,NIR/Red 500m
2014-02-16,2014-02-16,11.119410550811077,MODIS-Aqua,NIR/Red 500m
2014-02-19,2014-02-19,20.688854848231703,MODIS-Aqua,NIR/Red 500m
2014-02-22,2014-02-22,6.602006934107718,MODIS-Aqua,NIR/Red 500m
2014-02-25,2014-02-25,15.004539083255617,MODIS-Aqua,NIR/Red 500m
2014-03-07,2014-03-07,27.163708101780802,MODIS-Aqua,NIR/Red 500m
2014-03-10,2014-03-10,19.820041377082717,MODIS-Aqua,NIR/Red 500m
2014-03-11,2014-03-11,8.268915606830964,MODIS-Aqua,NIR/Red 500m
2014-03-12,2014-03-12,10.049689269609663,MODIS-Aqua,NIR/Red 500m
2014-03-13,2014-03-13,11.236298538106425,MODIS-Aqua,NIR/Red 500m
2014-03-14,2014-03-14,22.612653990170326,MODIS-Aqua,NIR/Red 500m
2014-03-15,2014-03-15,17.165294194697562,MODIS-Aqua,NIR/Red 500m
2014-03-17,2014-03-17,14.670778479721484,MODIS-Aqua,NIR/Red 500m
2014-03-18,2014-03-18,9.370462147197182,MODIS-Aqua,NIR/Red 500m
2014-03-19,2014-03-19,31.04175756599314,MODIS-Aqua,NIR/Red 500m
2014-03-20,2014-03-20,9.344529630594028,MODIS-Aqua,NIR/Red 500m
2014-03-21,2014-03-21,18.60731829287063,MODIS-Aqua,NIR/Red 500m
2014-03-22,2014-03-22,12.303325068630471,MODIS-Aqua,NIR/Red 500m
2014-03-23,2014-03-23,21.052699426822755,MODIS-Aqua,NIR/Red 500m
2014-04-02,2014-04-02,12.19323897791322,MODIS-Aqua,NIR/Red 500m
2014-04-06,2014-04-06,18.54981501252405,MODIS-Aqua,NIR/Red 500m
2014-04-07,2014-04-07,14.77391275523756,MODIS-Aqua,NIR/Red 500m
2014-04-10,2014-04-10,16.11013551723845,MODIS-Aqua,NIR/Red 500m
2014-04-11,2014-04-11,14.029932251569107,MODIS-Aqua,NIR/Red 500m
2014-04-12,2014-04-12,10.885142195647434,MODIS-Aqua,NIR/Red 500m
2014-04-13,2014-04-13,10.841120877347652,MODIS-Aqua,NIR/Red 500m
2014-04-15,2014-04-15,49.87128374216819,MODIS-Aqua,NIR/Red 500m
2014-04-16,2014-04-16,17.83851949035005,MODIS-Aqua,NIR/Red 500m
2014-04-18,2014-04-18,23.13821710389974,MODIS-Aqua,NIR/Red 500m
2014-04-19,2014-04-19,31.778806691358355,MODIS-Aqua,NIR/Red 500m
2014-04-20,2014-04-20,27.73726207206743,MODIS-Aqua,NIR/Red 500m
2014-04-28,2014-04-28,13.33307035728968,MODIS-Aqua,NIR/Red 500m
2014-04-29,2014-04-29,18.81267938995861,MODIS-Aqua,NIR/Red 500m
2014-04-30,2014-04-30,22.89483839991507,MODIS-Aqua,NIR/Red 500m
2014-05-03,2014-05-03,23.860866634816748,MODIS-Aqua,NIR/Red 500m
2014-05-05,2014-05-05,16.15620738838312,MODIS-Aqua,NIR/Red 500m
2014-05-06,2014-05-06,54.011098598285884,MODIS-Aqua,NIR/Red 500m
2014-05-07,2014-05-07,48.96197552262157,MODIS-Aqua,NIR/Red 500m
2014-05-10,2014-05-10,20.074689553883143,MODIS-Aqua,NIR/Red 500m
2014-05-11,2014-05-11,24.25614215083867,MODIS-Aqua,NIR/Red 500m
2014-05-13,2014-05-13,19.145348863872726,MODIS-Aqua,NIR/Red 500m
2014-05-14,2014-05-14,12.834420547182832,MODIS-Aqua,NIR/Red 500m
2014-05-16,2014-05-16,30.89418390572248,MODIS-Aqua,NIR/Red 500m
2014-05-17,2014-05-17,67.87188300825146,MODIS-Aqua,NIR/Red 500m
2014-05-19,2014-05-19,21.887933528172024,MODIS-Aqua,NIR/Red 500m
2014-05-20,2014-05-20,32.972628296202586,MODIS-Aqua,NIR/Red 500m
2014-05-21,2014-05-21,12.264317692933796,MODIS-Aqua,NIR/Red 500m
2014-05-24,2014-05-24,47.52561609284714,MODIS-Aqua,NIR/Red 500m
2014-05-26,2014-05-26,15.241186252018839,MODIS-Aqua,NIR/Red 500m
2014-05-27,2014-05-27,52.58149564036004,MODIS-Aqua,NIR/Red 500m
2014-05-29,2014-05-29,20.123461962393705,MODIS-Aqua,NIR/Red 500m
2014-05-30,2014-05-30,19.90339624586902,MODIS-Aqua,NIR/Red 500m
2014-05-31,2014-05-31,18.74321898714093,MODIS-Aqua,NIR/Red 500m
2014-06-01,2014-06-01,20.340568868896874,MODIS-Aqua,NIR/Red 500m
2014-06-02,2014-06-02,49.592102290427846,MODIS-Aqua,NIR/Red 500m
2014-06-03,2014-06-03,54.01704237376906,MODIS-Aqua,NIR/Red 500m
2014-06-04,2014-06-04,13.50141221019,MODIS-Aqua,NIR/Red 500m
2014-06-05,2014-06-05,27.856827160231155,MODIS-Aqua,NIR/Red 500m
2014-06-06,2014-06-06,22.784863270836865,MODIS-Aqua,NIR/Red 500m
2014-06-07,2014-06-07,35.82113428484433,MODIS-Aqua,NIR/Red 500m
2014-06-08,2014-06-08,38.038423191132466,MODIS-Aqua,NIR/Red 500m
2014-06-09,2014-06-09,24.97026731923161,MODIS-Aqua,NIR/Red 500m
2014-06-10,2014-06-10,44.16559361387132,MODIS-Aqua,NIR/Red 500m
2014-06-11,2014-06-11,48.10955458674858,MODIS-Aqua,NIR/Red 500m
2014-06-12,2014-06-12,60.35567701967476,MODIS-Aqua,NIR/Red 500m
2014-06-13,2014-06-13,36.55399123738089,MODIS-Aqua,NIR/Red 500m
2014-06-15,2014-06-15,65.25762083418037,MODIS-Aqua,NIR/Red 500m
2014-06-16,2014-06-16,51.35081177691538,MODIS-Aqua,NIR/Red 500m
2014-06-17,2014-06-17,60.32688181228765,MODIS-Aqua,NIR/Red 500m
2014-06-18,2014-06-18,71.8758078817268,MODIS-Aqua,NIR/Red 500m
2014-06-19,2014-06-19,90.7733596944826,MODIS-Aqua,NIR/Red 500m
2014-06-20,2014-06-20,59.908350673928965,MODIS-Aqua,NIR/Red 500m
2014-06-22,2014-06-22,53.094114559249945,MODIS-Aqua,NIR/Red 500m
2014-06-23,2014-06-23,50.63526310697194,MODIS-Aqua,NIR/Red 500m
2014-06-28,2014-06-28,77.8184849068195,MODIS-Aqua,NIR/Red 500m
2014-06-29,2014-06-29,49.17083144613352,MODIS-Aqua,NIR/Red 500m
2014-06-30,2014-06-30,33.47938630860808,MODIS-Aqua,NIR/Red 500m
2014-07-01,2014-07-01,34.49261383223812,MODIS-Aqua,NIR/Red 500m
2014-07-02,2014-07-02,65.87903084005818,MODIS-Aqua,NIR/Red 500m
2014-07-05,2014-07-05,71.48081725379268,MODIS-Aqua,NIR/Red 500m
2014-07-06,2014-07-06,21.137688232380764,MODIS-Aqua,NIR/Red 500m
2014-07-07,2014-07-07,40.49547294624354,MODIS-Aqua,NIR/Red 500m
2014-07-10,2014-07-10,70.26540617284697,MODIS-Aqua,NIR/Red 500m
2014-07-12,2014-07-12,87.42537175991694,MODIS-Aqua,NIR/Red 500m
2014-07-15,2014-07-15,48.5985739445499,MODIS-Aqua,NIR/Red 500m
2014-07-17,2014-07-17,29.446961713669324,MODIS-Aqua,NIR/Red 500m
2014-07-18,2014-07-18,93.20700773207281,MODIS-Aqua,NIR/Red 500m
2014-07-19,2014-07-19,51.52153346364354,MODIS-Aqua,NIR/Red 500m
2014-07-20,2014-07-20,37.076880077514936,MODIS-Aqua,NIR/Red 500m
2014-07-24,2014-07-24,61.26696863526199,MODIS-Aqua,NIR/Red 500m
2014-07-25,2014-07-25,60.927968960816564,MODIS-Aqua,NIR/Red 500m
2014-07-26,2014-07-26,23.34645945253276,MODIS-Aqua,NIR/Red 500m
2014-08-01,2014-08-01,58.36715262111279,MODIS-Aqua,NIR/Red 500m
2014-08-03,2014-08-03,138.56940291133026,MODIS-Aqua,NIR/Red 500m
2014-08-04,2014-08-04,58.86297723164641,MODIS-Aqua,NIR/Red 500m
2014-08-07,2014-08-07,39.0023765600783,MODIS-Aqua,NIR/Red 500m
2014-08-08,2014-08-08,50.39454210075597,MODIS-Aqua,NIR/Red 500m
2014-08-09,2014-08-09,65.72766300221997,MODIS-Aqua,NIR/Red 500m
2014-08-10,2014-08-10,112.08510359030107,MODIS-Aqua,NIR/Red 500m
2014-08-11,2014-08-11,107.2675440782403,MODIS-Aqua,NIR/Red 500m
2014-08-14,2014-08-14,64.75093219947911,MODIS-Aqua,NIR/Red 500m
2014-08-15,2014-08-15,5.199525625289067,MODIS-Aqua,NIR/Red 500m
2014-08-16,2014-08-16,38.02865734691049,MODIS-Aqua,NIR/Red 500m
2014-08-17,2014-08-17,1.5288784672061133,MODIS-Aqua,NIR/Red 500m
2014-08-18,2014-08-18,25.24540576407129,MODIS-Aqua,NIR/Red 500m
2014-08-19,2014-08-19,72.52616161988244,MODIS-Aqua,NIR/Red 500m
2014-08-20,2014-08-20,16.696464063476146,MODIS-Aqua,NIR/Red 500m
2014-08-21,2014-08-21,25.93126491708821,MODIS-Aqua,NIR/Red 500m
2014-08-22,2014-08-22,41.58368553513753,MODIS-Aqua,NIR/Red 500m
2014-08-23,2014-08-23,17.289449129827332,MODIS-Aqua,NIR/Red 500m
2014-08-24,2014-08-24,44.800920837497465,MODIS-Aqua,NIR/Red 500m
2014-08-25,2014-08-25,24.459896831720283,MODIS-Aqua,NIR/Red 500m
2014-08-26,2014-08-26,36.606697255083304,MODIS-Aqua,NIR/Red 500m
2014-08-27,2014-08-27,80.1501436195461,MODIS-Aqua,NIR/Red 500m
2014-08-29,2014-08-29,16.429186018994336,MODIS-Aqua,NIR/Red 500m
2014-08-31,2014-08-31,80.84691542640918,MODIS-Aqua,NIR/Red 500m
2014-09-01,2014-09-01,25.352733250593378,MODIS-Aqua,NIR/Red 500m
2014-09-02,2014-09-02,19.86408220954526,MODIS-Aqua,NIR/Red 500m
2014-09-03,2014-09-03,14.650817648245509,MODIS-Aqua,NIR/Red 500m
2014-09-04,2014-09-04,21.193270127976955,MODIS-Aqua,NIR/Red 500m
2014-09-05,2014-09-05,19.22247786673848,MODIS-Aqua,NIR/Red 500m
2014-09-06,2014-09-06,46.462945957816856,MODIS-Aqua,NIR/Red 500m
2014-09-07,2014-09-07,23.003859718496148,MODIS-Aqua,NIR/Red 500m
2014-09-08,2014-09-08,39.67552643465143,MODIS-Aqua,NIR/Red 500m
2014-09-09,2014-09-09,16.4179971158539,MODIS-Aqua,NIR/Red 500m
2014-09-10,2014-09-10,27.730094951503904,MODIS-Aqua,NIR/Red 500m
2014-09-11,2014-09-11,31.77960294418108,MODIS-Aqua,NIR/Red 500m
2014-09-14,2014-09-14,20.093756005763524,MODIS-Aqua,NIR/Red 500m
2014-09-15,2014-09-15,43.303425824030185,MODIS-Aqua,NIR/Red 500m
2014-09-16,2014-09-16,16.19781775055082,MODIS-Aqua,NIR/Red 500m
2014-09-17,2014-09-17,43.63933904982699,MODIS-Aqua,NIR/Red 500m
2014-09-19,2014-09-19,8.983446696537538,MODIS-Aqua,NIR/Red 500m
2014-09-20,2014-09-20,30.327158246861746,MODIS-Aqua,NIR/Red 500m
2014-09-21,2014-09-21,28.286683956199425,MODIS-Aqua,NIR/Red 500m
2014-09-26,2014-09-26,20.941177473304144,MODIS-Aqua,NIR/Red 500m
2014-09-29,2014-09-29,77.50312505651299,MODIS-Aqua,NIR/Red 500m
2014-09-30,2014-09-30,19.109320364940768,MODIS-Aqua,NIR/Red 500m
2014-10-01,2014-10-01,79.79314682076081,MODIS-Aqua,NIR/Red 500m
2014-10-02,2014-10-02,22.61685690055641,MODIS-Aqua,NIR/Red 500m
2014-10-03,2014-10-03,14.066237126347074,MODIS-Aqua,NIR/Red 500m
2014-10-04,2014-10-04,11.100867490000422,MODIS-Aqua,NIR/Red 500m
2014-10-05,2014-10-05,36.74342997338328,MODIS-Aqua,NIR/Red 500m
2014-10-06,2014-10-06,29.575711460982966,MODIS-Aqua,NIR/Red 500m
2014-10-07,2014-10-07,27.4736595384761,MODIS-Aqua,NIR/Red 500m
2014-10-08,2014-10-08,8.692528990577413,MODIS-Aqua,NIR/Red 500m
2014-10-09,2014-10-09,20.071854221952893,MODIS-Aqua,NIR/Red 500m
2014-10-12,2014-10-12,11.755296371035152,MODIS-Aqua,NIR/Red 500m
2014-10-13,2014-10-13,16.47441201940408,MODIS-Aqua,NIR/Red 500m
2014-10-16,2014-10-16,15.214581737807713,MODIS-Aqua,NIR/Red 500m
2014-10-18,2014-10-18,32.459891335441085,MODIS-Aqua,NIR/Red 500m
2014-10-24,2014-10-24,16.578925250807085,MODIS-Aqua,NIR/Red 500m
2014-10-25,2014-10-25,63.08322774864193,MODIS-Aqua,NIR/Red 500m
2014-10-27,2014-10-27,59.903367794908355,MODIS-Aqua,NIR/Red 500m
2014-11-01,2014-11-01,24.86105899558111,MODIS-Aqua,NIR/Red 500m
2014-11-07,2014-11-07,15.460065528813601,MODIS-Aqua,NIR/Red 500m
2014-11-08,2014-11-08,22.0254898394171,MODIS-Aqua,NIR/Red 500m
2014-11-10,2014-11-10,14.689949520313329,MODIS-Aqua,NIR/Red 500m
2014-11-11,2014-11-11,16.634036377439823,MODIS-Aqua,NIR/Red 500m
2014-11-15,2014-11-15,15.101003446611577,MODIS-Aqua,NIR/Red 500m
2014-11-16,2014-11-16,40.98902492835939,MODIS-Aqua,NIR/Red 500m
2014-11-17,2014-11-17,23.292275339667135,MODIS-Aqua,NIR/Red 500m
2014-11-24,2014-11-24,17.358369065287985,MODIS-Aqua,NIR/Red 500m
2014-11-25,2014-11-25,9.118448926202355,MODIS-Aqua,NIR/Red 500m
2014-11-29,2014-11-29,12.804039815750418,MODIS-Aqua,NIR/Red 500m
2014-12-26,2014-12-26,13.887489075984334,MODIS-Aqua,NIR/Red 500m
2014-12-28,2014-12-28,40.604638787760486,MODIS-Aqua,NIR/Red 500m
2014-12-30,2014-12-30,35.02581332999554,MODIS-Aqua,NIR/Red 500m
2014-12-31,2014-12-31,35.54780610993029,MODIS-Aqua,NIR/Red 500m
2015-01-01,2015-01-01,38.54032222604613,MODIS-Aqua,NIR/Red 500m
2015-01-07,2015-01-07,27.0056960672642,MODIS-Aqua,NIR/Red 500m
2015-01-19,2015-01-19,19.509203685893812,MODIS-Aqua,NIR/Red 500m
2015-01-20,2015-01-20,14.295905299791057,MODIS-Aqua,NIR/Red 500m
2015-01-24,2015-01-24,27.23743935492428,MODIS-Aqua,NIR/Red 500m
2015-01-25,2015-01-25,15.563430224269432,MODIS-Aqua,NIR/Red 500m
2015-01-30,2015-01-30,10.362751786954075,MODIS-Aqua,NIR/Red 500m
2015-01-31,2015-01-31,10.394878532367153,MODIS-Aqua,NIR/Red 500m
2015-02-14,2015-02-14,12.58620553233424,MODIS-Aqua,NIR/Red 500m
2015-02-17,2015-02-17,19.7312955873374,MODIS-Aqua,NIR/Red 500m
2015-02-18,2015-02-18,11.492654164099028,MODIS-Aqua,NIR/Red 500m
2015-02-19,2015-02-19,11.056427165996658,MODIS-Aqua,NIR/Red 500m
2015-02-20,2015-02-20,33.537496414333916,MODIS-Aqua,NIR/Red 500m
2015-02-21,2015-02-21,13.522946679701052,MODIS-Aqua,NIR/Red 500m
2015-02-22,2015-02-22,13.208775896186395,MODIS-Aqua,NIR/Red 500m
2015-02-23,2015-02-23,12.835790978742484,MODIS-Aqua,NIR/Red 500m
2015-02-24,2015-02-24,8.969026180784226,MODIS-Aqua,NIR/Red 500m
2015-02-25,2015-02-25,25.095127501632,MODIS-Aqua,NIR/Red 500m
2015-02-28,2015-02-28,15.381243544222515,MODIS-Aqua,NIR/Red 500m
2015-03-01,2015-03-01,13.810658439440806,MODIS-Aqua,NIR/Red 500m
2015-03-02,2015-03-02,12.577642122015767,MODIS-Aqua,NIR/Red 500m
2015-03-03,2015-03-03,16.584274433334567,MODIS-Aqua,NIR/Red 500m
2015-03-04,2015-03-04,12.094488150381206,MODIS-Aqua,NIR/Red 500m
2015-03-06,2015-03-06,17.65185540886706,MODIS-Aqua,NIR/Red 500m
2015-03-07,2015-03-07,17.095515547231717,MODIS-Aqua,NIR/Red 500m
2015-03-08,2015-03-08,15.407495741868816,MODIS-Aqua,NIR/Red 500m
2015-03-09,2015-03-09,9.063382964111543,MODIS-Aqua,NIR/Red 500m
2015-03-12,2015-03-12,14.399565009156467,MODIS-Aqua,NIR/Red 500m
2015-03-17,2015-03-17,15.413643094076884,MODIS-Aqua,NIR/Red 500m
2015-03-18,2015-03-18,10.351767505001657,MODIS-Aqua,NIR/Red 500m
2015-03-21,2015-03-21,16.620777219389545,MODIS-Aqua,NIR/Red 500m
2015-03-26,2015-03-26,11.680641079940433,MODIS-Aqua,NIR/Red 500m
2015-03-27,2015-03-27,14.53596958180939,MODIS-Aqua,NIR/Red 500m
2015-03-28,2015-03-28,23.871489263009025,MODIS-Aqua,NIR/Red 500m
2015-03-29,2015-03-29,13.568599589326306,MODIS-Aqua,NIR/Red 500m
2015-04-01,2015-04-01,16.743403806362647,MODIS-Aqua,NIR/Red 500m
2015-04-02,2015-04-02,24.37201258067491,MODIS-Aqua,NIR/Red 500m
2015-04-09,2015-04-09,27.12774630710168,MODIS-Aqua,NIR/Red 500m
2015-04-10,2015-04-10,38.91842263251075,MODIS-Aqua,NIR/Red 500m
2015-04-11,2015-04-11,22.844760754848185,MODIS-Aqua,NIR/Red 500m
2015-04-12,2015-04-12,26.9190093979159,MODIS-Aqua,NIR/Red 500m
2015-04-14,2015-04-14,28.576041990805553,MODIS-Aqua,NIR/Red 500m
2015-04-15,2015-04-15,11.552811322386688,MODIS-Aqua,NIR/Red 500m
2015-04-16,2015-04-16,12.481025472151765,MODIS-Aqua,NIR/Red 500m
2015-04-17,2015-04-17,11.027855709562326,MODIS-Aqua,NIR/Red 500m
2015-04-19,2015-04-19,34.40008210481055,MODIS-Aqua,NIR/Red 500m
2015-04-22,2015-04-22,15.534148955897395,MODIS-Aqua,NIR/Red 500m
2015-04-24,2015-04-24,34.83529811533946,MODIS-Aqua,NIR/Red 500m
2015-04-25,2015-04-25,30.398366106840374,MODIS-Aqua,NIR/Red 500m
2015-04-26,2015-04-26,18.92021883238446,MODIS-Aqua,NIR/Red 500m
2015-04-27,2015-04-27,12.781926874018154,MODIS-Aqua,NIR/Red 500m
2015-04-29,2015-04-29,14.732740141219749,MODIS-Aqua,NIR/Red 500m
2015-04-30,2015-04-30,32.20960316210731,MODIS-Aqua,NIR/Red 500m
2015-05-01,2015-05-01,27.07464952716503,MODIS-Aqua,NIR/Red 500m
2015-05-02,2015-05-02,26.18243001403999,MODIS-Aqua,NIR/Red 500m
2015-05-03,2015-05-03,52.74949128264644,MODIS-Aqua,NIR/Red 500m
2015-05-04,2015-05-04,62.405223672579325,MODIS-Aqua,NIR/Red 500m
2015-05-06,2015-05-06,17.37947501180928,MODIS-Aqua,NIR/Red 500m
2015-05-07,2015-05-07,28.452745479207273,MODIS-Aqua,NIR/Red 500m
2015-05-09,2015-05-09,28.27560609016366,MODIS-Aqua,NIR/Red 500m
2015-05-24,2015-05-24,33.761896425826166,MODIS-Aqua,NIR/Red 500m
2015-05-26,2015-05-26,14.099468861607049,MODIS-Aqua,NIR/Red 500m
2015-05-27,2015-05-27,16.76854349083071,MODIS-Aqua,NIR/Red 500m
2015-06-08,2015-06-08,25.570754575751657,MODIS-Aqua,NIR/Red 500m
2015-06-10,2015-06-10,28.126072893170026,MODIS-Aqua,NIR/Red 500m
2015-06-11,2015-06-11,22.661534882852813,MODIS-Aqua,NIR/Red 500m
2015-06-12,2015-06-12,29.39531841977478,MODIS-Aqua,NIR/Red 500m
2015-06-13,2015-06-13,60.01854387365971,MODIS-Aqua,NIR/Red 500m
2015-06-14,2015-06-14,42.27022350827596,MODIS-Aqua,NIR/Red 500m
2015-06-15,2015-06-15,41.983154669261545,MODIS-Aqua,NIR/Red 500m
2015-06-16,2015-06-16,33.1567583035336,MODIS-Aqua,NIR/Red 500m
2015-06-17,2015-06-17,58.38231084433241,MODIS-Aqua,NIR/Red 500m
2015-06-18,2015-06-18,58.552434335346895,MODIS-Aqua,NIR/Red 500m
2015-06-19,2015-06-19,137.734190266111,MODIS-Aqua,NIR/Red 500m
2015-06-21,2015-06-21,48.500111838493105,MODIS-Aqua,NIR/Red 500m
2015-06-24,2015-06-24,64.09134774237562,MODIS-Aqua,NIR/Red 500m
2015-06-25,2015-06-25,36.50653335426626,MODIS-Aqua,NIR/Red 500m
2015-06-29,2015-06-29,77.23595320928732,MODIS-Aqua,NIR/Red 500m
2015-06-30,2015-06-30,34.893177856761035,MODIS-Aqua,NIR/Red 500m
2015-07-01,2015-07-01,43.33343052577076,MODIS-Aqua,NIR/Red 500m
2015-07-02,2015-07-02,32.74766769960353,MODIS-Aqua,NIR/Red 500m
2015-07-06,2015-07-06,37.1898328130261,MODIS-Aqua,NIR/Red 500m
2015-07-07,2015-07-07,44.442490928625105,MODIS-Aqua,NIR/Red 500m
2015-07-15,2015-07-15,46.12425228101399,MODIS-Aqua,NIR/Red 500m
2015-07-16,2015-07-16,29.03362034770484,MODIS-Aqua,NIR/Red 500m
2015-07-18,2015-07-18,28.151640252454246,MODIS-Aqua,NIR/Red 500m
2015-07-19,2015-07-19,24.664845561489606,MODIS-Aqua,NIR/Red 500m
2015-07-20,2015-07-20,26.854170813618047,MODIS-Aqua,NIR/Red 500m
2015-07-23,2015-07-23,52.198513602841196,MODIS-Aqua,NIR/Red 500m
2015-07-24,2015-07-24,53.892354687509396,MODIS-Aqua,NIR/Red 500m
2015-07-26,2015-07-26,87.22912711129484,MODIS-Aqua,NIR/Red 500m
2015-07-27,2015-07-27,51.0596862201225,MODIS-Aqua,NIR/Red 500m
2015-07-28,2015-07-28,34.899364025867754,MODIS-Aqua,NIR/Red 500m
2015-07-29,2015-07-29,39.596884368412404,MODIS-Aqua,NIR/Red 500m
2015-08-05,2015-08-05,51.938991719355656,MODIS-Aqua,NIR/Red 500m
2015-08-08,2015-08-08,65.77560978858608,MODIS-Aqua,NIR/Red 500m
2015-08-12,2015-08-12,46.50530916803786,MODIS-Aqua,NIR/Red 500m
2015-08-13,2015-08-13,97.74516013711754,MODIS-Aqua,NIR/Red 500m
2015-08-15,2015-08-15,129.2299069425298,MODIS-Aqua,NIR/Red 500m
2015-08-16,2015-08-16,51.20441322190589,MODIS-Aqua,NIR/Red 500m
2015-08-17,2015-08-17,55.615124043452944,MODIS-Aqua,NIR/Red 500m
2015-08-19,2015-08-19,50.51533575366748,MODIS-Aqua,NIR/Red 500m
2015-08-20,2015-08-20,42.30231724618991,MODIS-Aqua,NIR/Red 500m
2015-08-21,2015-08-21,30.936557700937904,MODIS-Aqua,NIR/Red 500m
2015-08-24,2015-08-24,51.1668386202744,MODIS-Aqua,NIR/Red 500m
2015-08-27,2015-08-27,79.42740858116223,MODIS-Aqua,NIR/Red 500m
2015-08-31,2015-08-31,133.98613599191978,MODIS-Aqua,NIR/Red 500m
2015-09-01,2015-09-01,55.773549855078514,MODIS-Aqua,NIR/Red 500m
2015-09-03,2015-09-03,76.63100231686354,MODIS-Aqua,NIR/Red 500m
2015-09-04,2015-09-04,47.71405564787028,MODIS-Aqua,NIR/Red 500m
2015-09-05,2015-09-05,148.68086344533074,MODIS-Aqua,NIR/Red 500m
2015-09-07,2015-09-07,63.09062908008539,MODIS-Aqua,NIR/Red 500m
2015-09-08,2015-09-08,32.42162856293549,MODIS-Aqua,NIR/Red 500m
2015-09-09,2015-09-09,52.311457792937986,MODIS-Aqua,NIR/Red 500m
2015-09-10,2015-09-10,54.97111037425903,MODIS-Aqua,NIR/Red 500m
2015-09-13,2015-09-13,53.273593177063916,MODIS-Aqua,NIR/Red 500m
2015-09-18,2015-09-18,103.34298829179978,MODIS-Aqua,NIR/Red 500m
2015-09-19,2015-09-19,79.80995453135978,MODIS-Aqua,NIR/Red 500m
2015-09-20,2015-09-20,35.98528817401952,MODIS-Aqua,NIR/Red 500m
2015-09-21,2015-09-21,26.85952541859098,MODIS-Aqua,NIR/Red 500m
2015-09-22,2015-09-22,55.401246556221366,MODIS-Aqua,NIR/Red 500m
2015-09-23,2015-09-23,64.5472395401784,MODIS-Aqua,NIR/Red 500m
2015-09-24,2015-09-24,26.053642539060128,MODIS-Aqua,NIR/Red 500m
2015-09-25,2015-09-25,15.04870476452737,MODIS-Aqua,NIR/Red 500m
2015-09-26,2015-09-26,57.79413850177153,MODIS-Aqua,NIR/Red 500m
2015-09-27,2015-09-27,31.147018687232965,MODIS-Aqua,NIR/Red 500m
2015-09-28,2015-09-28,29.321471458115926,MODIS-Aqua,NIR/Red 500m
2015-09-29,2015-09-29,21.643603694759136,MODIS-Aqua,NIR/Red 500m
2015-10-02,2015-10-02,34.60321185432689,MODIS-Aqua,NIR/Red 500m
2015-10-04,2015-10-04,33.60700778827846,MODIS-Aqua,NIR/Red 500m
2015-10-05,2015-10-05,104.51459714455522,MODIS-Aqua,NIR/Red 500m
2015-10-09,2015-10-09,12.609926684324344,MODIS-Aqua,NIR/Red 500m
2015-10-11,2015-10-11,21.443127979391953,MODIS-Aqua,NIR/Red 500m
2015-10-12,2015-10-12,27.14394644081758,MODIS-Aqua,NIR/Red 500m
2015-10-13,2015-10-13,21.833693137824557,MODIS-Aqua,NIR/Red 500m
2015-10-14,2015-10-14,38.00953393847411,MODIS-Aqua,NIR/Red 500m
2015-10-15,2015-10-15,23.940059626852427,MODIS-Aqua,NIR/Red 500m
2015-10-16,2015-10-16,26.76026864794184,MODIS-Aqua,NIR/Red 500m
2015-10-20,2015-10-20,16.909396679598125,MODIS-Aqua,NIR/Red 500m
2015-10-21,2015-10-21,56.69222318125025,MODIS-Aqua,NIR/Red 500m
2015-10-22,2015-10-22,33.041571689559085,MODIS-Aqua,NIR/Red 500m
2015-10-26,2015-10-26,18.685373782144833,MODIS-Aqua,NIR/Red 500m
2015-10-28,2015-10-28,15.391084389031223,MODIS-Aqua,NIR/Red 500m
2015-10-29,2015-10-29,42.96398487214876,MODIS-Aqua,NIR/Red 500m
2015-11-02,2015-11-02,12.804039815750418,MODIS-Aqua,NIR/Red 500m
2015-11-04,2015-11-04,25.091455141647284,MODIS-Aqua,NIR/Red 500m
2015-11-10,2015-11-10,19.108540485739642,MODIS-Aqua,NIR/Red 500m
2015-11-12,2015-11-12,10.948247091374958,MODIS-Aqua,NIR/Red 500m
2015-11-16,2015-11-16,27.459571484775335,MODIS-Aqua,NIR/Red 500m
2015-11-18,2015-11-18,16.247862015045758,MODIS-Aqua,NIR/Red 500m
2015-11-20,2015-11-20,32.02318515308126,MODIS-Aqua,NIR/Red 500m
2015-11-21,2015-11-21,17.189860885298067,MODIS-Aqua,NIR/Red 500m
2015-11-23,2015-11-23,17.54153554644075,MODIS-Aqua,NIR/Red 500m
2015-11-26,2015-11-26,20.94839221746171,MODIS-Aqua,NIR/Red 500m
2015-11-27,2015-11-27,18.74720621158903,MODIS-Aqua,NIR/Red 500m
2016-01-31,2016-01-31,14.07975619046682,MODIS-Aqua,NIR/Red 500m
2016-02-01,2016-02-01,12.368041934708438,MODIS-Aqua,NIR/Red 500m
2016-02-07,2016-02-07,12.121516757020823,MODIS-Aqua,NIR/Red 500m
2016-02-08,2016-02-08,10.355848757557702,MODIS-Aqua,NIR/Red 500m
2016-02-17,2016-02-17,33.4823090823214,MODIS-Aqua,NIR/Red 500m
2016-02-22,2016-02-22,12.145829892988713,MODIS-Aqua,NIR/Red 500m
2016-02-24,2016-02-24,18.417132117227563,MODIS-Aqua,NIR/Red 500m
2016-02-25,2016-02-25,19.722886088964696,MODIS-Aqua,NIR/Red 500m
2016-03-03,2016-03-03,56.39862740197341,MODIS-Aqua,NIR/Red 500m
2016-03-07,2016-03-07,12.068315709888976,MODIS-Aqua,NIR/Red 500m
2016-03-16,2016-03-16,11.617957128583008,MODIS-Aqua,NIR/Red 500m
2016-03-17,2016-03-17,11.116988115042322,MODIS-Aqua,NIR/Red 500m
2016-03-19,2016-03-19,68.82823052904044,MODIS-Aqua,NIR/Red 500m
2016-03-22,2016-03-22,18.977850283411357,MODIS-Aqua,NIR/Red 500m
2016-03-24,2016-03-24,23.48378360728203,MODIS-Aqua,NIR/Red 500m
2016-03-25,2016-03-25,16.60036693324489,MODIS-Aqua,NIR/Red 500m
2016-03-27,2016-03-27,22.032387893972455,MODIS-Aqua,NIR/Red 500m
2016-03-28,2016-03-28,40.04491162668191,MODIS-Aqua,NIR/Red 500m
2016-03-30,2016-03-30,12.792531803174853,MODIS-Aqua,NIR/Red 500m
2016-03-31,2016-03-31,30.29574849980883,MODIS-Aqua,NIR/Red 500m
2016-04-01,2016-04-01,13.444182662416825,MODIS-Aqua,NIR/Red 500m
2016-04-02,2016-04-02,21.893516740107557,MODIS-Aqua,NIR/Red 500m
2016-04-04,2016-04-04,41.3976549915496,MODIS-Aqua,NIR/Red 500m
2016-04-05,2016-04-05,23.411565030230964,MODIS-Aqua,NIR/Red 500m
2016-04-06,2016-04-06,11.026992150801986,MODIS-Aqua,NIR/Red 500m
2016-04-07,2016-04-07,16.376726803942553,MODIS-Aqua,NIR/Red 500m
2016-04-09,2016-04-09,20.689645446546088,MODIS-Aqua,NIR/Red 500m
2016-04-10,2016-04-10,14.34026209545837,MODIS-Aqua,NIR/Red 500m
2016-04-11,2016-04-11,26.234310121154735,MODIS-Aqua,NIR/Red 500m
2016-04-12,2016-04-12,25.810001002289134,MODIS-Aqua,NIR/Red 500m
2016-04-15,2016-04-15,17.96333964762745,MODIS-Aqua,NIR/Red 500m
2016-04-16,2016-04-16,12.86188339127184,MODIS-Aqua,NIR/Red 500m
2016-04-17,2016-04-17,13.997413434986044,MODIS-Aqua,NIR/Red 500m
2016-04-19,2016-04-19,29.20077397702642,MODIS-Aqua,NIR/Red 500m
2016-04-25,2016-04-25,31.476877169165878,MODIS-Aqua,NIR/Red 500m
2016-04-27,2016-04-27,44.705454237201565,MODIS-Aqua,NIR/Red 500m
2016-04-28,2016-04-28,29.19884949197629,MODIS-Aqua,NIR/Red 500m
2016-04-29,2016-04-29,24.278015784688105,MODIS-Aqua,NIR/Red 500m
2016-04-30,2016-04-30,33.07529304869184,MODIS-Aqua,NIR/Red 500m
2016-05-01,2016-05-01,13.313993560726457,MODIS-Aqua,NIR/Red 500m
2016-05-08,2016-05-08,18.072559657495994,MODIS-Aqua,NIR/Red 500m
2016-05-09,2016-05-09,36.08725447450904,MODIS-Aqua,NIR/Red 500m
2016-05-10,2016-05-10,11.328385979962365,MODIS-Aqua,NIR/Red 500m
2016-05-11,2016-05-11,22.14656081899079,MODIS-Aqua,NIR/Red 500m
2016-05-17,2016-05-17,20.09304125252283,MODIS-Aqua,NIR/Red 500m
2016-05-25,2016-05-25,20.25009239614433,MODIS-Aqua,NIR/Red 500m
2016-05-26,2016-05-26,24.80200389497327,MODIS-Aqua,NIR/Red 500m
2016-05-27,2016-05-27,26.995382514844472,MODIS-Aqua,NIR/Red 500m
2016-05-28,2016-05-28,24.48262608937118,MODIS-Aqua,NIR/Red 500m
2016-05-30,2016-05-30,54.85085500553845,MODIS-Aqua,NIR/Red 500m
2016-06-03,2016-06-03,61.24967212826407,MODIS-Aqua,NIR/Red 500m
2016-06-06,2016-06-06,43.43349511341802,MODIS-Aqua,NIR/Red 500m
2016-06-10,2016-06-10,51.74935386291509,MODIS-Aqua,NIR/Red 500m
2016-06-11,2016-06-11,26.311079640225223,MODIS-Aqua,NIR/Red 500m
2016-06-12,2016-06-12,24.99111059736369,MODIS-Aqua,NIR/Red 500m
2016-06-18,2016-06-18,34.95014690024852,MODIS-Aqua,NIR/Red 500m
2016-06-19,2016-06-19,67.01488479101783,MODIS-Aqua,NIR/Red 500m
2016-06-20,2016-06-20,57.379813592769565,MODIS-Aqua,NIR/Red 500m
2016-06-21,2016-06-21,39.97239444027669,MODIS-Aqua,NIR/Red 500m
2016-06-22,2016-06-22,68.46980253183752,MODIS-Aqua,NIR/Red 500m
2016-06-23,2016-06-23,69.88196650321453,MODIS-Aqua,NIR/Red 500m
2016-06-24,2016-06-24,240.95261769768027,MODIS-Aqua,NIR/Red 500m
2016-06-25,2016-06-25,84.56699791932738,MODIS-Aqua,NIR/Red 500m
2016-06-26,2016-06-26,18.938026391921216,MODIS-Aqua,NIR/Red 500m
2016-06-27,2016-06-27,29.096415648081535,MODIS-Aqua,NIR/Red 500m
2016-06-28,2016-06-28,28.16350956225646,MODIS-Aqua,NIR/Red 500m
2016-06-29,2016-06-29,19.203820889480614,MODIS-Aqua,NIR/Red 500m
2016-06-30,2016-06-30,45.37125888559875,MODIS-Aqua,NIR/Red 500m
2016-07-01,2016-07-01,116.93260777145117,MODIS-Aqua,NIR/Red 500m
2016-07-02,2016-07-02,36.46187995216156,MODIS-Aqua,NIR/Red 500m
2016-07-03,2016-07-03,24.457917970127834,MODIS-Aqua,NIR/Red 500m
2016-07-04,2016-07-04,87.06722078027974,MODIS-Aqua,NIR/Red 500m
2016-07-05,2016-07-05,100.00455458097306,MODIS-Aqua,NIR/Red 500m
2016-07-06,2016-07-06,59.2011687401888,MODIS-Aqua,NIR/Red 500m
2016-07-11,2016-07-11,102.5192131961912,MODIS-Aqua,NIR/Red 500m
2016-07-12,2016-07-12,33.1006102881227,MODIS-Aqua,NIR/Red 500m
2016-07-13,2016-07-13,22.70378220982372,MODIS-Aqua,NIR/Red 500m
2016-07-14,2016-07-14,21.616743042971258,MODIS-Aqua,NIR/Red 500m
2016-07-15,2016-07-15,12.623935631133824,MODIS-Aqua,NIR/Red 500m
2016-07-16,2016-07-16,177.15567205163143,MODIS-Aqua,NIR/Red 500m
2016-07-17,2016-07-17,29.515949143958977,MODIS-Aqua,NIR/Red 500m
2016-07-19,2016-07-19,59.24880212671342,MODIS-Aqua,NIR/Red 500m
2016-07-20,2016-07-20,107.58949687988556,MODIS-Aqua,NIR/Red 500m
2016-07-21,2016-07-21,52.40315818287089,MODIS-Aqua,NIR/Red 500m
2016-07-22,2016-07-22,43.90879663053614,MODIS-Aqua,NIR/Red 500m
2016-07-23,2016-07-23,55.69701909877493,MODIS-Aqua,NIR/Red 500m
2016-07-24,2016-07-24,47.75156405470484,MODIS-Aqua,NIR/Red 500m
2016-07-25,2016-07-25,28.527376773890783,MODIS-Aqua,NIR/Red 500m
2016-07-26,2016-07-26,22.6118656353265,MODIS-Aqua,NIR/Red 500m
2016-07-27,2016-07-27,18.170535627578307,MODIS-Aqua,NIR/Red 500m
2016-07-28,2016-07-28,26.095180458346412,MODIS-Aqua,NIR/Red 500m
2016-07-29,2016-07-29,25.732788484648214,MODIS-Aqua,NIR/Red 500m
2016-07-30,2016-07-30,29.00118129744276,MODIS-Aqua,NIR/Red 500m
2016-07-31,2016-07-31,15.062493541875812,MODIS-Aqua,NIR/Red 500m
2016-08-01,2016-08-01,52.589651540787465,MODIS-Aqua,NIR/Red 500m
2016-08-02,2016-08-02,68.03205635053287,MODIS-Aqua,NIR/Red 500m
2016-08-03,2016-08-03,58.52852523885885,MODIS-Aqua,NIR/Red 500m
2016-08-04,2016-08-04,42.76836808914853,MODIS-Aqua,NIR/Red 500m
2016-08-06,2016-08-06,65.72766300221997,MODIS-Aqua,NIR/Red 500m
2016-08-07,2016-08-07,45.9179542216495,MODIS-Aqua,NIR/Red 500m
2016-08-08,2016-08-08,131.76446364687067,MODIS-Aqua,NIR/Red 500m
2016-08-09,2016-08-09,67.39373444159968,MODIS-Aqua,NIR/Red 500m
2016-08-10,2016-08-10,26.593912149692557,MODIS-Aqua,NIR/Red 500m
2016-08-11,2016-08-11,26.49095764422758,MODIS-Aqua,NIR/Red 500m
2016-08-12,2016-08-12,35.31242404121423,MODIS-Aqua,NIR/Red 500m
2016-08-13,2016-08-13,27.19402825175232,MODIS-Aqua,NIR/Red 500m
2016-08-15,2016-08-15,25.243420709047825,MODIS-Aqua,NIR/Red 500m
2016-08-16,2016-08-16,23.535080038301533,MODIS-Aqua,NIR/Red 500m
2016-08-17,2016-08-17,27.73726207206743,MODIS-Aqua,NIR/Red 500m
2016-08-18,2016-08-18,29.778180524000216,MODIS-Aqua,NIR/Red 500m
2016-08-19,2016-08-19,58.07620632698819,MODIS-Aqua,NIR/Red 500m
2016-08-20,2016-08-20,29.83918245526465,MODIS-Aqua,NIR/Red 500m
2016-08-21,2016-08-21,31.315025084867685,MODIS-Aqua,NIR/Red 500m
2016-08-22,2016-08-22,19.28036854492641,MODIS-Aqua,NIR/Red 500m
2016-08-23,2016-08-23,17.52310730787517,MODIS-Aqua,NIR/Red 500m
2016-08-24,2016-08-24,23.118567873235754,MODIS-Aqua,NIR/Red 500m
2016-08-25,2016-08-25,24.842800080860187,MODIS-Aqua,NIR/Red 500m
2016-08-26,2016-08-26,77.69892389558152,MODIS-Aqua,NIR/Red 500m
2016-08-27,2016-08-27,18.129323370778884,MODIS-Aqua,NIR/Red 500m
2016-08-28,2016-08-28,28.16350956225646,MODIS-Aqua,NIR/Red 500m
2016-08-30,2016-08-30,38.62782142147842,MODIS-Aqua,NIR/Red 500m
2016-08-31,2016-08-31,23.743547460931644,MODIS-Aqua,NIR/Red 500m
2016-09-03,2016-09-03,26.37027983558297,MODIS-Aqua,NIR/Red 500m
2016-09-04,2016-09-04,16.487858878947424,MODIS-Aqua,NIR/Red 500m
2016-09-05,2016-09-05,17.827745295005997,MODIS-Aqua,NIR/Red 500m
2016-09-06,2016-09-06,17.207440334421584,MODIS-Aqua,NIR/Red 500m
2016-09-08,2016-09-08,18.295273507137413,MODIS-Aqua,NIR/Red 500m
2016-09-09,2016-09-09,20.511772438379978,MODIS-Aqua,NIR/Red 500m
2016-09-10,2016-09-10,7.9601454024429055,MODIS-Aqua,NIR/Red 500m
2016-09-11,2016-09-11,12.149990403783214,MODIS-Aqua,NIR/Red 500m
2016-09-12,2016-09-12,30.820725226031648,MODIS-Aqua,NIR/Red 500m
2016-09-13,2016-09-13,16.24501384428763,MODIS-Aqua,NIR/Red 500m
2016-09-14,2016-09-14,12.777307986495535,MODIS-Aqua,NIR/Red 500m
2016-09-15,2016-09-15,13.2624717935313,MODIS-Aqua,NIR/Red 500m
2016-09-19,2016-09-19,37.44868788380594,MODIS-Aqua,NIR/Red 500m
2016-09-24,2016-09-24,9.778829380899914,MODIS-Aqua,NIR/Red 500m
2016-09-25,2016-09-25,8.455086868272806,MODIS-Aqua,NIR/Red 500m
2016-09-26,2016-09-26,9.617320762115135,MODIS-Aqua,NIR/Red 500m
2016-09-27,2016-09-27,9.85864636568354,MODIS-Aqua,NIR/Red 500m
2016-09-28,2016-09-28,14.985591511096205,MODIS-Aqua,NIR/Red 500m
2016-09-29,2016-09-29,26.020263743998935,MODIS-Aqua,NIR/Red 500m
2016-09-30,2016-09-30,40.0036843544022,MODIS-Aqua,NIR/Red 500m
2016-10-06,2016-10-06,9.659029912079129,MODIS-Aqua,NIR/Red 500m
2016-10-07,2016-10-07,19.606804596691635,MODIS-Aqua,NIR/Red 500m
2016-10-10,2016-10-10,7.40307095355953,MODIS-Aqua,NIR/Red 500m
2016-10-11,2016-10-11,7.5235077375450405,MODIS-Aqua,NIR/Red 500m
2016-10-12,2016-10-12,12.522255163572282,MODIS-Aqua,NIR/Red 500m
2016-10-18,2016-10-18,19.824413645408377,MODIS-Aqua,NIR/Red 500m
2016-11-01,2016-11-01,13.264864110149778,MODIS-Aqua,NIR/Red 500m
2016-11-04,2016-11-04,8.689626039728033,MODIS-Aqua,NIR/Red 500m
2016-11-09,2016-11-09,10.762470644038007,MODIS-Aqua,NIR/Red 500m
2016-11-10,2016-11-10,7.429243936800435,MODIS-Aqua,NIR/Red 500m
2016-11-13,2016-11-13,8.072128685698123,MODIS-Aqua,NIR/Red 500m
2016-11-17,2016-11-17,9.493567362625596,MODIS-Aqua,NIR/Red 500m
2016-11-30,2016-11-30,23.059695436606127,MODIS-Aqua,NIR/Red 500m
2016-12-01,2016-12-01,17.56378126337514,MODIS-Aqua,NIR/Red 500m
2016-12-03,2016-12-03,19.811886879172846,MODIS-Aqua,NIR/Red 500m
2016-12-05,2016-12-05,15.382998427966788,MODIS-Aqua,NIR/Red 500m
2016-12-10,2016-12-10,14.350111220890431,MODIS-Aqua,NIR/Red 500m
2017-02-23,2017-02-23,14.35273771590696,MODIS-Aqua,NIR/Red 500m
2017-02-25,2017-02-25,26.086782612958515,MODIS-Aqua,NIR/Red 500m
2017-03-01,2017-03-01,40.19173662156368,MODIS-Aqua,NIR/Red 500m
2017-03-10,2017-03-10,14.985591511096205,MODIS-Aqua,NIR/Red 500m
2017-03-13,2017-03-13,43.45161959668834,MODIS-Aqua,NIR/Red 500m
2017-03-16,2017-03-16,30.582898955497186,MODIS-Aqua,NIR/Red 500m
2017-03-21,2017-03-21,18.083921384831495,MODIS-Aqua,NIR/Red 500m
2017-03-31,2017-03-31,12.101806344185743,MODIS-Aqua,NIR/Red 500m
2017-04-02,2017-04-02,13.619469681427923,MODIS-Aqua,NIR/Red 500m
2017-04-03,2017-04-03,28.210925505579826,MODIS-Aqua,NIR/Red 500m
2017-04-10,2017-04-10,29.30625439338662,MODIS-Aqua,NIR/Red 500m
2017-04-14,2017-04-14,9.093416714164265,MODIS-Aqua,NIR/Red 500m
2017-04-20,2017-04-20,14.113273015508264,MODIS-Aqua,NIR/Red 500m
2017-04-21,2017-04-21,22.319488647656286,MODIS-Aqua,NIR/Red 500m
2017-04-27,2017-04-27,26.404446266605518,MODIS-Aqua,NIR/Red 500m
2017-04-28,2017-04-28,27.55024966305487,MODIS-Aqua,NIR/Red 500m
2017-04-30,2017-04-30,22.289321599592363,MODIS-Aqua,NIR/Red 500m
2017-05-02,2017-05-02,18.713075121561463,MODIS-Aqua,NIR/Red 500m
2017-05-03,2017-05-03,12.032559886314035,MODIS-Aqua,NIR/Red 500m
2017-05-06,2017-05-06,50.48983597431227,MODIS-Aqua,NIR/Red 500m
2017-05-07,2017-05-07,35.97046002237267,MODIS-Aqua,NIR/Red 500m
2017-05-08,2017-05-08,17.63745923880608,MODIS-Aqua,NIR/Red 500m
2017-05-09,2017-05-09,57.496636865436095,MODIS-Aqua,NIR/Red 500m
2017-05-14,2017-05-14,0.268768588263062,MODIS-Aqua,NIR/Red 500m
2017-05-15,2017-05-15,17.573751745244124,MODIS-Aqua,NIR/Red 500m
2017-05-17,2017-05-17,34.24687437491722,MODIS-Aqua,NIR/Red 500m
2017-05-18,2017-05-18,16.903609757191695,MODIS-Aqua,NIR/Red 500m
2017-05-19,2017-05-19,17.05000652807025,MODIS-Aqua,NIR/Red 500m
2017-05-20,2017-05-20,22.299668503452203,MODIS-Aqua,NIR/Red 500m
2017-05-22,2017-05-22,57.25908466654525,MODIS-Aqua,NIR/Red 500m
2017-05-23,2017-05-23,41.30145503784342,MODIS-Aqua,NIR/Red 500m
2017-05-24,2017-05-24,43.267959025297834,MODIS-Aqua,NIR/Red 500m
2017-05-25,2017-05-25,17.15359643669934,MODIS-Aqua,NIR/Red 500m
2017-05-26,2017-05-26,64.14763819611883,MODIS-Aqua,NIR/Red 500m
2017-05-27,2017-05-27,18.637671111629697,MODIS-Aqua,NIR/Red 500m
2017-05-28,2017-05-28,18.857157665058022,MODIS-Aqua,NIR/Red 500m
2017-05-29,2017-05-29,39.223287409424834,MODIS-Aqua,NIR/Red 500m
2017-06-01,2017-06-01,48.74756075555854,MODIS-Aqua,NIR/Red 500m
2017-06-02,2017-06-02,46.7037640790547,MODIS-Aqua,NIR/Red 500m
2017-06-04,2017-06-04,60.05149906175433,MODIS-Aqua,NIR/Red 500m
2017-06-05,2017-06-05,52.14293159645124,MODIS-Aqua,NIR/Red 500m
2017-06-06,2017-06-06,30.629828412425194,MODIS-Aqua,NIR/Red 500m
2017-06-13,2017-06-13,38.35382624779201,MODIS-Aqua,NIR/Red 500m
2017-06-17,2017-06-17,52.628530980827506,MODIS-Aqua,NIR/Red 500m
2017-06-18,2017-06-18,25.309938044742747,MODIS-Aqua,NIR/Red 500m
2017-06-19,2017-06-19,20.492877829721472,MODIS-Aqua,NIR/Red 500m
2017-06-20,2017-06-20,26.38029543942661,MODIS-Aqua,NIR/Red 500m
2017-06-21,2017-06-21,14.135722446215848,MODIS-Aqua,NIR/Red 500m
2017-06-22,2017-06-22,33.79313591946249,MODIS-Aqua,NIR/Red 500m
2017-06-23,2017-06-23,38.95901149756752,MODIS-Aqua,NIR/Red 500m
2017-06-24,2017-06-24,28.037499211304514,MODIS-Aqua,NIR/Red 500m
2017-06-26,2017-06-26,49.35531542603311,MODIS-Aqua,NIR/Red 500m
2017-06-27,2017-06-27,66.777620973596,MODIS-Aqua,NIR/Red 500m
2017-06-28,2017-06-28,56.68380334644232,MODIS-Aqua,NIR/Red 500m
2017-06-29,2017-06-29,79.05936584494738,MODIS-Aqua,NIR/Red 500m
2017-06-30,2017-06-30,46.45740048096209,MODIS-Aqua,NIR/Red 500m
2017-07-01,2017-07-01,84.65496383431538,MODIS-Aqua,NIR/Red 500m
2017-07-02,2017-07-02,84.5118439604439,MODIS-Aqua,NIR/Red 500m
2017-07-03,2017-07-03,31.87638629025926,MODIS-Aqua,NIR/Red 500m
2017-07-05,2017-07-05,46.57630707904831,MODIS-Aqua,NIR/Red 500m
2017-07-06,2017-07-06,200.9853123255194,MODIS-Aqua,NIR/Red 500m
2017-07-07,2017-07-07,191.93447813423438,MODIS-Aqua,NIR/Red 500m
2017-07-08,2017-07-08,51.53482047860202,MODIS-Aqua,NIR/Red 500m
2017-07-09,2017-07-09,49.27503635467183,MODIS-Aqua,NIR/Red 500m
2017-07-10,2017-07-10,57.893044086446196,MODIS-Aqua,NIR/Red 500m
2017-07-11,2017-07-11,57.20714230825108,MODIS-Aqua,NIR/Red 500m
2017-07-12,2017-07-12,77.70591182578403,MODIS-Aqua,NIR/Red 500m
2017-07-14,2017-07-14,52.441598444121006,MODIS-Aqua,NIR/Red 500m
2017-07-15,2017-07-15,81.47385923691279,MODIS-Aqua,NIR/Red 500m
2017-07-16,2017-07-16,183.71802488331522,MODIS-Aqua,NIR/Red 500m
2017-07-17,2017-07-17,52.112882492275446,MODIS-Aqua,NIR/Red 500m
2017-07-18,2017-07-18,61.28253571667255,MODIS-Aqua,NIR/Red 500m
2017-07-19,2017-07-19,95.73827661661127,MODIS-Aqua,NIR/Red 500m
2017-07-20,2017-07-20,168.15069089196817,MODIS-Aqua,NIR/Red 500m
2017-07-21,2017-07-21,80.30445588767299,MODIS-Aqua,NIR/Red 500m
2017-07-22,2017-07-22,60.918996025318386,MODIS-Aqua,NIR/Red 500m
2017-07-24,2017-07-24,24.16325857745969,MODIS-Aqua,NIR/Red 500m
2017-07-25,2017-07-25,34.26921040753298,MODIS-Aqua,NIR/Red 500m
2017-07-27,2017-07-27,89.2147230787039,MODIS-Aqua,NIR/Red 500m
2017-07-28,2017-07-28,67.5923498297865,MODIS-Aqua,NIR/Red 500m
2017-07-29,2017-07-29,23.8117478099568,MODIS-Aqua,NIR/Red 500m
2017-07-30,2017-07-30,55.64649865396609,MODIS-Aqua,NIR/Red 500m
2017-08-01,2017-08-01,59.47558141934729,MODIS-Aqua,NIR/Red 500m
2017-08-02,2017-08-02,4.882988322620332,MODIS-Aqua,NIR/Red 500m
2017-08-03,2017-08-03,37.09217685842089,MODIS-Aqua,NIR/Red 500m
2017-08-08,2017-08-08,154.78099526436253,MODIS-Aqua,NIR/Red 500m
2017-08-10,2017-08-10,50.36041936597207,MODIS-Aqua,NIR/Red 500m
2017-08-15,2017-08-15,55.33095052070482,MODIS-Aqua,NIR/Red 500m
2017-08-16,2017-08-16,47.86153374895835,MODIS-Aqua,NIR/Red 500m
2017-08-17,2017-08-17,49.25875265398642,MODIS-Aqua,NIR/Red 500m
2017-08-19,2017-08-19,45.949885642409605,MODIS-Aqua,NIR/Red 500m
2017-08-21,2017-08-21,49.39005622405377,MODIS-Aqua,NIR/Red 500m
2017-08-26,2017-08-26,61.312446100640685,MODIS-Aqua,NIR/Red 500m
2017-08-28,2017-08-28,45.23485893558311,MODIS-Aqua,NIR/Red 500m
2017-08-29,2017-08-29,192.28338425184089,MODIS-Aqua,NIR/Red 500m
2017-09-01,2017-09-01,53.39102073016902,MODIS-Aqua,NIR/Red 500m
2017-09-02,2017-09-02,36.600740856029965,MODIS-Aqua,NIR/Red 500m
2017-09-08,2017-09-08,41.51416739262065,MODIS-Aqua,NIR/Red 500m
2017-09-09,2017-09-09,40.17706341313753,MODIS-Aqua,NIR/Red 500m
2017-09-11,2017-09-11,47.56400022042524,MODIS-Aqua,NIR/Red 500m
2017-09-20,2017-09-20,44.38760354916003,MODIS-Aqua,NIR/Red 500m
2017-09-23,2017-09-23,48.58830638727141,MODIS-Aqua,NIR/Red 500m
2017-09-24,2017-09-24,140.6177292617852,MODIS-Aqua,NIR/Red 500m
2017-09-26,2017-09-26,43.15850365538581,MODIS-Aqua,NIR/Red 500m
2017-09-27,2017-09-27,36.973380807660064,MODIS-Aqua,NIR/Red 500m
2017-09-28,2017-09-28,71.03751250206815,MODIS-Aqua,NIR/Red 500m
2017-09-30,2017-09-30,29.23989445908151,MODIS-Aqua,NIR/Red 500m
2017-10-01,2017-10-01,43.871424867609086,MODIS-Aqua,NIR/Red 500m
2017-10-03,2017-10-03,36.53915297749556,MODIS-Aqua,NIR/Red 500m
2017-10-05,2017-10-05,276.80748024686653,MODIS-Aqua,NIR/Red 500m
2017-10-06,2017-10-06,38.2160491014853,MODIS-Aqua,NIR/Red 500m
2017-10-07,2017-10-07,37.355816833632794,MODIS-Aqua,NIR/Red 500m
2017-10-08,2017-10-08,38.10017936214452,MODIS-Aqua,NIR/Red 500m
2017-10-11,2017-10-11,32.35903671435143,MODIS-Aqua,NIR/Red 500m
2017-10-14,2017-10-14,33.26222684988296,MODIS-Aqua,NIR/Red 500m
2017-10-15,2017-10-15,195.73753191218523,MODIS-Aqua,NIR/Red 500m
2017-10-16,2017-10-16,102.87221613122605,MODIS-Aqua,NIR/Red 500m
2017-10-17,2017-10-17,108.61062904800907,MODIS-Aqua,NIR/Red 500m
2017-10-20,2017-10-20,28.881459990861423,MODIS-Aqua,NIR/Red 500m
2017-10-23,2017-10-23,224.67092179154253,MODIS-Aqua,NIR/Red 500m
2017-10-24,2017-10-24,18.251927164902256,MODIS-Aqua,NIR/Red 500m
2017-10-25,2017-10-25,93.31612397425035,MODIS-Aqua,NIR/Red 500m
2017-10-26,2017-10-26,71.68943985151056,MODIS-Aqua,NIR/Red 500m
2017-10-27,2017-10-27,35.31242404121423,MODIS-Aqua,NIR/Red 500m
2017-10-28,2017-10-28,26.66246150909073,MODIS-Aqua,NIR/Red 500m
2017-10-29,2017-10-29,19.774747739273874,MODIS-Aqua,NIR/Red 500m
2017-10-30,2017-10-30,31.68942887102619,MODIS-Aqua,NIR/Red 500m
2017-10-31,2017-10-31,16.448227728393707,MODIS-Aqua,NIR/Red 500m
2017-11-01,2017-11-01,9.394045867857589,MODIS-Aqua,NIR/Red 500m
2017-11-04,2017-11-04,25.53638356743285,MODIS-Aqua,NIR/Red 500m
2017-11-06,2017-11-06,17.478079320463237,MODIS-Aqua,NIR/Red 500m
2017-11-14,2017-11-14,14.420472703616793,MODIS-Aqua,NIR/Red 500m
2017-11-17,2017-11-17,12.318715528233488,MODIS-Aqua,NIR/Red 500m
2017-12-03,2017-12-03,14.749280135871624,MODIS-Aqua,NIR/Red 500m
2017-12-04,2017-12-04,10.030664997065532,MODIS-Aqua,NIR/Red 500m
2017-12-05,2017-12-05,8.250886411048512,MODIS-Aqua,NIR/Red 500m
2017-12-06,2017-12-06,9.53239325692138,MODIS-Aqua,NIR/Red 500m
2017-12-07,2017-12-07,10.597959312814323,MODIS-Aqua,NIR/Red 500m
2017-12-09,2017-12-09,39.45349501780006,MODIS-Aqua,NIR/Red 500m
2017-12-30,2017-12-30,23.615219973414817,MODIS-Aqua,NIR/Red 500m
2018-01-06,2018-01-06,4.112274982555607,MODIS-Aqua,NIR/Red 500m
2018-01-07,2018-01-07,64.62540988893115,MODIS-Aqua,NIR/Red 500m
2018-02-05,2018-02-05,14.942784998363713,MODIS-Aqua,NIR/Red 500m
2018-02-06,2018-02-06,8.303686722945603,MODIS-Aqua,NIR/Red 500m
2018-02-07,2018-02-07,17.36872652174489,MODIS-Aqua,NIR/Red 500m
2018-02-11,2018-02-11,19.236918798818976,MODIS-Aqua,NIR/Red 500m
2018-02-12,2018-02-12,14.443673565238756,MODIS-Aqua,NIR/Red 500m
2018-02-13,2018-02-13,8.869177314445563,MODIS-Aqua,NIR/Red 500m
2018-02-15,2018-02-15,8.18593392594525,MODIS-Aqua,NIR/Red 500m
2018-02-18,2018-02-18,16.82161959042987,MODIS-Aqua,NIR/Red 500m
2018-02-19,2018-02-19,27.421741011169694,MODIS-Aqua,NIR/Red 500m
2018-02-22,2018-02-22,32.433701956575526,MODIS-Aqua,NIR/Red 500m
2018-02-23,2018-02-23,20.053130264534737,MODIS-Aqua,NIR/Red 500m
2018-02-26,2018-02-26,17.065623636348924,MODIS-Aqua,NIR/Red 500m
2018-03-01,2018-03-01,24.03428555870313,MODIS-Aqua,NIR/Red 500m
2018-03-03,2018-03-03,19.441504902131456,MODIS-Aqua,NIR/Red 500m
2018-03-05,2018-03-05,18.307749822689512,MODIS-Aqua,NIR/Red 500m
2018-03-19,2018-03-19,17.143235924496416,MODIS-Aqua,NIR/Red 500m
2018-03-27,2018-03-27,48.60927675997954,MODIS-Aqua,NIR/Red 500m
2018-03-28,2018-03-28,21.563937518809688,MODIS-Aqua,NIR/Red 500m
2018-03-31,2018-03-31,18.496218913576506,MODIS-Aqua,NIR/Red 500m
2018-04-02,2018-04-02,31.749031872337888,MODIS-Aqua,NIR/Red 500m
2018-04-08,2018-04-08,35.77338679795473,MODIS-Aqua,NIR/Red 500m
2018-04-09,2018-04-09,42.81750631344273,MODIS-Aqua,NIR/Red 500m
2018-04-16,2018-04-16,27.870382293756137,MODIS-Aqua,NIR/Red 500m
2018-04-20,2018-04-20,20.015847844746904,MODIS-Aqua,NIR/Red 500m
2018-04-21,2018-04-21,13.310348197777309,MODIS-Aqua,NIR/Red 500m
2018-04-22,2018-04-22,25.254048486328493,MODIS-Aqua,NIR/Red 500m
2018-04-23,2018-04-23,18.89309701770146,MODIS-Aqua,NIR/Red 500m
2018-04-25,2018-04-25,22.68404773301493,MODIS-Aqua,NIR/Red 500m
2018-04-27,2018-04-27,42.66119112944153,MODIS-Aqua,NIR/Red 500m
2018-04-29,2018-04-29,26.2075131182876,MODIS-Aqua,NIR/Red 500m
2018-05-01,2018-05-01,15.753066309483394,MODIS-Aqua,NIR/Red 500m
2018-05-02,2018-05-02,10.467601005372455,MODIS-Aqua,NIR/Red 500m
2018-05-03,2018-05-03,19.209528465234367,MODIS-Aqua,NIR/Red 500m
2018-05-06,2018-05-06,25.15972820811309,MODIS-Aqua,NIR/Red 500m
2018-05-07,2018-05-07,27.76804538261556,MODIS-Aqua,NIR/Red 500m
2018-05-09,2018-05-09,29.02813052484241,MODIS-Aqua,NIR/Red 500m
2018-05-13,2018-05-13,53.78353638774755,MODIS-Aqua,NIR/Red 500m
2018-05-14,2018-05-14,14.612268265540866,MODIS-Aqua,NIR/Red 500m
2018-05-15,2018-05-15,25.011658723673623,MODIS-Aqua,NIR/Red 500m
2018-05-18,2018-05-18,21.056155337002888,MODIS-Aqua,NIR/Red 500m
2018-05-22,2018-05-22,32.84321243231985,MODIS-Aqua,NIR/Red 500m
2018-05-26,2018-05-26,74.71334008859642,MODIS-Aqua,NIR/Red 500m
2018-05-27,2018-05-27,33.41396052708233,MODIS-Aqua,NIR/Red 500m
2018-05-28,2018-05-28,20.2567583410061,MODIS-Aqua,NIR/Red 500m
2018-05-29,2018-05-29,63.846997426288674,MODIS-Aqua,NIR/Red 500m
2018-05-31,2018-05-31,51.66364765840842,MODIS-Aqua,NIR/Red 500m
2018-06-01,2018-06-01,14.305547952525089,MODIS-Aqua,NIR/Red 500m
2018-06-02,2018-06-02,24.701220236071514,MODIS-Aqua,NIR/Red 500m
2018-06-03,2018-06-03,25.29205339506192,MODIS-Aqua,NIR/Red 500m
2018-06-04,2018-06-04,26.76026864794184,MODIS-Aqua,NIR/Red 500m
2018-06-07,2018-06-07,56.62451558612322,MODIS-Aqua,NIR/Red 500m
2018-06-08,2018-06-08,60.13451266499816,MODIS-Aqua,NIR/Red 500m
2018-06-09,2018-06-09,46.251889830297976,MODIS-Aqua,NIR/Red 500m
2018-06-11,2018-06-11,40.55400022662677,MODIS-Aqua,NIR/Red 500m
2018-06-12,2018-06-12,28.549865233840862,MODIS-Aqua,NIR/Red 500m
2018-06-13,2018-06-13,28.44952923343719,MODIS-Aqua,NIR/Red 500m
2018-06-14,2018-06-14,86.51482313551165,MODIS-Aqua,NIR/Red 500m
2018-06-15,2018-06-15,40.57654424610074,MODIS-Aqua,NIR/Red 500m
2018-06-19,2018-06-19,79.02859848987232,MODIS-Aqua,NIR/Red 500m
2018-06-21,2018-06-21,44.23147735577243,MODIS-Aqua,NIR/Red 500m
2018-06-22,2018-06-22,87.94391279632684,MODIS-Aqua,NIR/Red 500m
2018-06-23,2018-06-23,69.62926878922553,MODIS-Aqua,NIR/Red 500m
2018-06-24,2018-06-24,49.549425472747345,MODIS-Aqua,NIR/Red 500m
2018-06-26,2018-06-26,31.643179060772933,MODIS-Aqua,NIR/Red 500m
2018-06-27,2018-06-27,34.97008351530044,MODIS-Aqua,NIR/Red 500m
2018-06-28,2018-06-28,49.3081056857971,MODIS-Aqua,NIR/Red 500m
2018-06-29,2018-06-29,225.67595723029456,MODIS-Aqua,NIR/Red 500m
2018-06-30,2018-06-30,52.829566373336846,MODIS-Aqua,NIR/Red 500m
2018-07-01,2018-07-01,73.88370932400944,MODIS-Aqua,NIR/Red 500m
2018-07-02,2018-07-02,59.73077754654443,MODIS-Aqua,NIR/Red 500m
2018-07-03,2018-07-03,152.4029493324795,MODIS-Aqua,NIR/Red 500m
2018-07-05,2018-07-05,58.75280576140176,MODIS-Aqua,NIR/Red 500m
2018-07-07,2018-07-07,89.85640653174633,MODIS-Aqua,NIR/Red 500m
2018-07-09,2018-07-09,58.55664565119118,MODIS-Aqua,NIR/Red 500m
2018-07-10,2018-07-10,153.62059114050692,MODIS-Aqua,NIR/Red 500m
2018-07-11,2018-07-11,64.05978061382898,MODIS-Aqua,NIR/Red 500m
2018-07-12,2018-07-12,40.99104474537898,MODIS-Aqua,NIR/Red 500m
2018-07-14,2018-07-14,19.11198541963811,MODIS-Aqua,NIR/Red 500m
2018-07-17,2018-07-17,37.3892566227646,MODIS-Aqua,NIR/Red 500m
2018-07-18,2018-07-18,50.34312791542734,MODIS-Aqua,NIR/Red 500m
2018-07-19,2018-07-19,34.899364025867754,MODIS-Aqua,NIR/Red 500m
2018-07-21,2018-07-21,36.44444921010959,MODIS-Aqua,NIR/Red 500m
2018-07-22,2018-07-22,82.69361778488938,MODIS-Aqua,NIR/Red 500m
2018-07-24,2018-07-24,60.92635572810997,MODIS-Aqua,NIR/Red 500m
2018-08-07,2018-08-07,241.2644740405961,MODIS-Aqua,NIR/Red 500m
2018-08-14,2018-08-14,9.496440986377557,MODIS-Aqua,NIR/Red 500m
2018-08-24,2018-08-24,63.38060498395447,MODIS-Aqua,NIR/Red 500m
2018-08-27,2018-08-27,63.41845458134125,MODIS-Aqua,NIR/Red 500m
2018-08-28,2018-08-28,53.786284108644786,MODIS-Aqua,NIR/Red 500m
2018-08-29,2018-08-29,40.908501665954674,MODIS-Aqua,NIR/Red 500m
2018-08-31,2018-08-31,67.08724042944911,MODIS-Aqua,NIR/Red 500m
2018-09-01,2018-09-01,64.58928750567974,MODIS-Aqua,NIR/Red 500m
2018-09-02,2018-09-02,61.13780321242388,MODIS-Aqua,NIR/Red 500m
2018-09-03,2018-09-03,61.51449925781828,MODIS-Aqua,NIR/Red 500m
2018-09-05,2018-09-05,39.010732775096876,MODIS-Aqua,NIR/Red 500m
2018-09-06,2018-09-06,74.78743863525638,MODIS-Aqua,NIR/Red 500m
2018-09-10,2018-09-10,38.97650504499422,MODIS-Aqua,NIR/Red 500m
2018-09-12,2018-09-12,57.13203016508517,MODIS-Aqua,NIR/Red 500m
2018-09-14,2018-09-14,40.324890232953386,MODIS-Aqua,NIR/Red 500m
2018-09-16,2018-09-16,108.14280861898814,MODIS-Aqua,NIR/Red 500m
2018-09-17,2018-09-17,64.87026804302937,MODIS-Aqua,NIR/Red 500m
2018-09-18,2018-09-18,60.325774782416865,MODIS-Aqua,NIR/Red 500m
2018-09-19,2018-09-19,43.01093883128247,MODIS-Aqua,NIR/Red 500m
2018-09-20,2018-09-20,96.73756348907736,MODIS-Aqua,NIR/Red 500m
2018-09-23,2018-09-23,29.829781719054857,MODIS-Aqua,NIR/Red 500m
2018-09-24,2018-09-24,30.506656078414718,MODIS-Aqua,NIR/Red 500m
2018-09-25,2018-09-25,46.790380182155054,MODIS-Aqua,NIR/Red 500m
2018-09-26,2018-09-26,30.607431452937515,MODIS-Aqua,NIR/Red 500m
2018-09-27,2018-09-27,28.468289314043265,MODIS-Aqua,NIR/Red 500m
2018-09-29,2018-09-29,38.3081376150876,MODIS-Aqua,NIR/Red 500m
2018-09-30,2018-09-30,27.35942608508908,MODIS-Aqua,NIR/Red 500m
2018-10-04,2018-10-04,30.312228066029956,MODIS-Aqua,NIR/Red 500m
2018-10-06,2018-10-06,38.58449874489022,MODIS-Aqua,NIR/Red 500m
2018-10-07,2018-10-07,153.43903549954058,MODIS-Aqua,NIR/Red 500m
2018-10-09,2018-10-09,30.987257076487136,MODIS-Aqua,NIR/Red 500m
2018-10-11,2018-10-11,66.15842842520863,MODIS-Aqua,NIR/Red 500m
2018-10-12,2018-10-12,70.8456179608142,MODIS-Aqua,NIR/Red 500m
2018-10-13,2018-10-13,21.278634229632225,MODIS-Aqua,NIR/Red 500m
2018-10-14,2018-10-14,48.636194278263446,MODIS-Aqua,NIR/Red 500m
2018-10-15,2018-10-15,99.17216875574253,MODIS-Aqua,NIR/Red 500m
2018-10-16,2018-10-16,53.51679526667138,MODIS-Aqua,NIR/Red 500m
2018-10-17,2018-10-17,88.45612205727018,MODIS-Aqua,NIR/Red 500m
2018-10-18,2018-10-18,53.33648914659081,MODIS-Aqua,NIR/Red 500m
2018-10-19,2018-10-19,44.53452989377399,MODIS-Aqua,NIR/Red 500m
2018-10-20,2018-10-20,50.34924850337728,MODIS-Aqua,NIR/Red 500m
2018-10-21,2018-10-21,27.2156429420594,MODIS-Aqua,NIR/Red 500m
2018-10-22,2018-10-22,30.58738630483553,MODIS-Aqua,NIR/Red 500m
2018-10-30,2018-10-30,28.338354173449197,MODIS-Aqua,NIR/Red 500m
2018-11-01,2018-11-01,44.88791926117629,MODIS-Aqua,NIR/Red 500m
2018-11-05,2018-11-05,22.74319044113369,MODIS-Aqua,NIR/Red 500m
2018-11-06,2018-11-06,23.992780296089265,MODIS-Aqua,NIR/Red 500m
2018-11-07,2018-11-07,18.82067592243638,MODIS-Aqua,NIR/Red 500m
2018-11-08,2018-11-08,14.30178957018839,MODIS-Aqua,NIR/Red 500m
2018-11-09,2018-11-09,17.462867772601516,MODIS-Aqua,NIR/Red 500m
2018-11-10,2018-11-10,10.201654019019756,MODIS-Aqua,NIR/Red 500m
2018-11-11,2018-11-11,7.6852696586359475,MODIS-Aqua,NIR/Red 500m
2018-11-12,2018-11-12,11.031510684130744,MODIS-Aqua,NIR/Red 500m
2018-11-14,2018-11-14,26.510873193883054,MODIS-Aqua,NIR/Red 500m
2018-11-15,2018-11-15,20.901582660153014,MODIS-Aqua,NIR/Red 500m
2018-11-16,2018-11-16,17.972593087251738,MODIS-Aqua,NIR/Red 500m
2018-11-17,2018-11-17,9.170554859199198,MODIS-Aqua,NIR/Red 500m
2018-11-18,2018-11-18,5.241169820326633,MODIS-Aqua,NIR/Red 500m
2018-11-19,2018-11-19,11.135942819586312,MODIS-Aqua,NIR/Red 500m
2018-11-25,2018-11-25,23.83130054932713,MODIS-Aqua,NIR/Red 500m
2018-12-02,2018-12-02,11.38522533784014,MODIS-Aqua,NIR/Red 500m
2018-12-05,2018-12-05,12.326424816091748,MODIS-Aqua,NIR/Red 500m
2018-12-06,2018-12-06,13.460485729583715,MODIS-Aqua,NIR/Red 500m
2018-12-12,2018-12-12,12.461587691958874,MODIS-Aqua,NIR/Red 500m
2018-12-21,2018-12-21,10.00053064368463,MODIS-Aqua,NIR/Red 500m
2018-12-25,2018-12-25,27.361167887389154,MODIS-Aqua,NIR/Red 500m
2018-12-27,2018-12-27,9.852433933067038,MODIS-Aqua,NIR/Red 500m
2018-12-30,2018-12-30,31.515208802560927,MODIS-Aqua,NIR/Red 500m
2018-12-31,2018-12-31,12.55801130889422,MODIS-Aqua,NIR/Red 500m
2019-01-12,2019-01-12,10.384505436921193,MODIS-Aqua,NIR/Red 500m
2019-01-13,2019-01-13,9.53329869156134,MODIS-Aqua,NIR/Red 500m
2019-01-21,2019-01-21,14.092883435376049,MODIS-Aqua,NIR/Red 500m
2019-01-25,2019-01-25,21.230986747324366,MODIS-Aqua,NIR/Red 500m
2019-01-29,2019-01-29,9.422499245982372,MODIS-Aqua,NIR/Red 500m
2019-01-30,2019-01-30,6.696026148256499,MODIS-Aqua,NIR/Red 500m
2019-01-31,2019-01-31,8.960521223467937,MODIS-Aqua,NIR/Red 500m
2019-02-06,2019-02-06,18.704456689988458,MODIS-Aqua,NIR/Red 500m
2019-02-18,2019-02-18,11.948151381636263,MODIS-Aqua,NIR/Red 500m
2019-02-21,2019-02-21,22.498412256611715,MODIS-Aqua,NIR/Red 500m
2019-03-07,2019-03-07,11.9509024644512,MODIS-Aqua,NIR/Red 500m
2019-03-11,2019-03-11,9.607967475543344,MODIS-Aqua,NIR/Red 500m
2019-03-12,2019-03-12,33.5237032516109,MODIS-Aqua,NIR/Red 500m
2019-03-13,2019-03-13,13.660285840347418,MODIS-Aqua,NIR/Red 500m
2019-03-14,2019-03-14,33.91674335175318,MODIS-Aqua,NIR/Red 500m
2019-03-15,2019-03-15,9.933941252234067,MODIS-Aqua,NIR/Red 500m
2019-03-17,2019-03-17,15.064800930441859,MODIS-Aqua,NIR/Red 500m
2019-03-18,2019-03-18,11.459803071686808,MODIS-Aqua,NIR/Red 500m
2019-03-27,2019-03-27,17.74072918731018,MODIS-Aqua,NIR/Red 500m
2019-03-30,2019-03-30,11.848111450204085,MODIS-Aqua,NIR/Red 500m
2019-03-31,2019-03-31,15.794359274057202,MODIS-Aqua,NIR/Red 500m
2019-04-02,2019-04-02,26.89143906445034,MODIS-Aqua,NIR/Red 500m
2019-04-12,2019-04-12,18.330624258348724,MODIS-Aqua,NIR/Red 500m
2019-04-16,2019-04-16,14.390291624984576,MODIS-Aqua,NIR/Red 500m
2019-04-18,2019-04-18,12.044347318650283,MODIS-Aqua,NIR/Red 500m
2019-04-21,2019-04-21,20.4665063019831,MODIS-Aqua,NIR/Red 500m
2019-04-22,2019-04-22,39.04233507241058,MODIS-Aqua,NIR/Red 500m
2019-04-23,2019-04-23,12.896834254999236,MODIS-Aqua,NIR/Red 500m
2019-04-24,2019-04-24,14.666428759601207,MODIS-Aqua,NIR/Red 500m
2019-04-25,2019-04-25,39.02142284852463,MODIS-Aqua,NIR/Red 500m
2019-04-26,2019-04-26,13.098432811152602,MODIS-Aqua,NIR/Red 500m
2019-04-27,2019-04-27,28.60865840600354,MODIS-Aqua,NIR/Red 500m
2019-04-28,2019-04-28,16.16321853930653,MODIS-Aqua,NIR/Red 500m
2019-04-29,2019-04-29,21.551652332346066,MODIS-Aqua,NIR/Red 500m
2019-04-30,2019-04-30,49.26408798840041,MODIS-Aqua,NIR/Red 500m
2019-05-01,2019-05-01,15.386881828178836,MODIS-Aqua,NIR/Red 500m
2019-05-02,2019-05-02,43.71124977771494,MODIS-Aqua,NIR/Red 500m
2019-05-03,2019-05-03,27.44644433093584,MODIS-Aqua,NIR/Red 500m
2019-05-04,2019-05-04,32.21912638499831,MODIS-Aqua,NIR/Red 500m
2019-05-05,2019-05-05,19.502449223515903,MODIS-Aqua,NIR/Red 500m
2019-05-06,2019-05-06,35.620966772464726,MODIS-Aqua,NIR/Red 500m
2019-05-08,2019-05-08,20.666899726732243,MODIS-Aqua,NIR/Red 500m
2019-05-09,2019-05-09,47.609631333683204,MODIS-Aqua,NIR/Red 500m
2019-05-10,2019-05-10,17.91791910376772,MODIS-Aqua,NIR/Red 500m
2019-05-11,2019-05-11,21.97045634506454,MODIS-Aqua,NIR/Red 500m
2019-05-12,2019-05-12,47.291698317038026,MODIS-Aqua,NIR/Red 500m
2019-05-24,2019-05-24,19.209119813280168,MODIS-Aqua,NIR/Red 500m
2019-05-28,2019-05-28,19.862557548561675,MODIS-Aqua,NIR/Red 500m
2019-05-30,2019-05-30,26.527042339131288,MODIS-Aqua,NIR/Red 500m
2019-05-31,2019-05-31,32.6279953342875,MODIS-Aqua,NIR/Red 500m
2019-06-02,2019-06-02,49.28702251123207,MODIS-Aqua,NIR/Red 500m
2019-06-03,2019-06-03,18.554874915966224,MODIS-Aqua,NIR/Red 500m
2019-06-04,2019-06-04,22.00852790562839,MODIS-Aqua,NIR/Red 500m
2019-06-05,2019-06-05,14.697748295797666,MODIS-Aqua,NIR/Red 500m
2019-06-08,2019-06-08,15.413127048894287,MODIS-Aqua,NIR/Red 500m
2019-06-09,2019-06-09,21.819443305089056,MODIS-Aqua,NIR/Red 500m
2019-06-11,2019-06-11,22.032387893972455,MODIS-Aqua,NIR/Red 500m
2019-06-12,2019-06-12,27.131042154119015,MODIS-Aqua,NIR/Red 500m
2019-06-13,2019-06-13,26.593912149692557,MODIS-Aqua,NIR/Red 500m
2019-06-14,2019-06-14,68.87507791376655,MODIS-Aqua,NIR/Red 500m
2019-06-16,2019-06-16,39.890976856502185,MODIS-Aqua,NIR/Red 500m
2019-06-17,2019-06-17,330.6621710912196,MODIS-Aqua,NIR/Red 500m
2019-06-18,2019-06-18,42.27568353370172,MODIS-Aqua,NIR/Red 500m
2019-06-19,2019-06-19,39.0843234537627,MODIS-Aqua,NIR/Red 500m
2019-06-20,2019-06-20,55.72915079113939,MODIS-Aqua,NIR/Red 500m
2019-06-21,2019-06-21,39.472330841356985,MODIS-Aqua,NIR/Red 500m
2019-06-22,2019-06-22,80.57759314961895,MODIS-Aqua,NIR/Red 500m
2019-06-23,2019-06-23,37.29722711311809,MODIS-Aqua,NIR/Red 500m
2019-06-26,2019-06-26,67.04569600754347,MODIS-Aqua,NIR/Red 500m
2019-06-28,2019-06-28,55.51984847616429,MODIS-Aqua,NIR/Red 500m
2019-06-30,2019-06-30,111.055160338942,MODIS-Aqua,NIR/Red 500m
2019-07-02,2019-07-02,80.46843778555885,MODIS-Aqua,NIR/Red 500m
2019-07-03,2019-07-03,209.886577333811,MODIS-Aqua,NIR/Red 500m
2019-07-04,2019-07-04,100.26369134871207,MODIS-Aqua,NIR/Red 500m
2019-07-05,2019-07-05,37.916039283470255,MODIS-Aqua,NIR/Red 500m
2019-07-07,2019-07-07,68.50179760478991,MODIS-Aqua,NIR/Red 500m
2019-07-08,2019-07-08,51.8420874520705,MODIS-Aqua,NIR/Red 500m
2019-07-11,2019-07-11,73.09364692223531,MODIS-Aqua,NIR/Red 500m
2019-07-12,2019-07-12,77.40581958370554,MODIS-Aqua,NIR/Red 500m
2019-07-13,2019-07-13,56.529922098167546,MODIS-Aqua,NIR/Red 500m
2019-07-14,2019-07-14,120.59277134825027,MODIS-Aqua,NIR/Red 500m
2019-07-15,2019-07-15,85.0471948039039,MODIS-Aqua,NIR/Red 500m
2019-07-16,2019-07-16,188.81380412436482,MODIS-Aqua,NIR/Red 500m
2019-07-18,2019-07-18,133.59159396412792,MODIS-Aqua,NIR/Red 500m
2019-07-19,2019-07-19,127.1006511552,MODIS-Aqua,NIR/Red 500m
2019-07-20,2019-07-20,46.76245460334428,MODIS-Aqua,NIR/Red 500m
2019-07-21,2019-07-21,25.542048010610007,MODIS-Aqua,NIR/Red 500m
2019-07-22,2019-07-22,81.82371828532638,MODIS-Aqua,NIR/Red 500m
2019-07-23,2019-07-23,111.85100211480622,MODIS-Aqua,NIR/Red 500m
2019-07-24,2019-07-24,42.48233497906797,MODIS-Aqua,NIR/Red 500m
2019-07-26,2019-07-26,31.27140804500424,MODIS-Aqua,NIR/Red 500m
2019-07-27,2019-07-27,36.44444921010959,MODIS-Aqua,NIR/Red 500m
2019-07-28,2019-07-28,32.44772917445048,MODIS-Aqua,NIR/Red 500m
2019-07-29,2019-07-29,33.94831906695571,MODIS-Aqua,NIR/Red 500m
2019-07-30,2019-07-30,62.33598558775618,MODIS-Aqua,NIR/Red 500m
2019-07-31,2019-07-31,34.73844772317956,MODIS-Aqua,NIR/Red 500m
2019-08-02,2019-08-02,99.72006199749313,MODIS-Aqua,NIR/Red 500m
2019-08-03,2019-08-03,52.420209171284085,MODIS-Aqua,NIR/Red 500m
2019-08-04,2019-08-04,26.263905389080062,MODIS-Aqua,NIR/Red 500m
2019-08-05,2019-08-05,37.05385330710277,MODIS-Aqua,NIR/Red 500m
2019-08-08,2019-08-08,81.07623823080517,MODIS-Aqua,NIR/Red 500m
2019-08-11,2019-08-11,98.99543110950333,MODIS-Aqua,NIR/Red 500m
2019-08-12,2019-08-12,193.68587135145884,MODIS-Aqua,NIR/Red 500m
2019-08-13,2019-08-13,46.495320264580556,MODIS-Aqua,NIR/Red 500m
2019-08-14,2019-08-14,36.04469130705358,MODIS-Aqua,NIR/Red 500m
2019-08-15,2019-08-15,73.0619104808797,MODIS-Aqua,NIR/Red 500m
2019-08-16,2019-08-16,113.70642910859992,MODIS-Aqua,NIR/Red 500m
2019-08-17,2019-08-17,191.80677038286518,MODIS-Aqua,NIR/Red 500m
2019-08-18,2019-08-18,81.09847036380427,MODIS-Aqua,NIR/Red 500m
2019-08-19,2019-08-19,142.66448101892126,MODIS-Aqua,NIR/Red 500m
2019-08-20,2019-08-20,172.36360743506742,MODIS-Aqua,NIR/Red 500m
2019-08-22,2019-08-22,58.03372549772463,MODIS-Aqua,NIR/Red 500m
2019-08-23,2019-08-23,94.85641008644699,MODIS-Aqua,NIR/Red 500m
2019-08-24,2019-08-24,66.35217603735265,MODIS-Aqua,NIR/Red 500m
2019-08-25,2019-08-25,70.73651763231241,MODIS-Aqua,NIR/Red 500m
2019-08-26,2019-08-26,62.50822831219049,MODIS-Aqua,NIR/Red 500m
2019-08-27,2019-08-27,39.57796348293678,MODIS-Aqua,NIR/Red 500m
2019-08-30,2019-08-30,77.9237524299675,MODIS-Aqua,NIR/Red 500m
2019-08-31,2019-08-31,76.07400651429133,MODIS-Aqua,NIR/Red 500m
2019-09-01,2019-09-01,60.28022550330257,MODIS-Aqua,NIR/Red 500m
2019-09-02,2019-09-02,72.89968121058826,MODIS-Aqua,NIR/Red 500m
2019-09-03,2019-09-03,53.60211831963469,MODIS-Aqua,NIR/Red 500m
2019-09-04,2019-09-04,71.50598556660273,MODIS-Aqua,NIR/Red 500m
2019-09-05,2019-09-05,73.92746038224699,MODIS-Aqua,NIR/Red 500m
2019-09-06,2019-09-06,71.6657862239126,MODIS-Aqua,NIR/Red 500m
2019-09-08,2019-09-08,53.37683791856585,MODIS-Aqua,NIR/Red 500m
2019-09-10,2019-09-10,78.31803435042983,MODIS-Aqua,NIR/Red 500m
2019-09-11,2019-09-11,134.09318027485816,MODIS-Aqua,NIR/Red 500m
2019-09-12,2019-09-12,61.8097678373328,MODIS-Aqua,NIR/Red 500m
2019-09-13,2019-09-13,56.70105492825651,MODIS-Aqua,NIR/Red 500m
2019-09-14,2019-09-14,57.82995375663464,MODIS-Aqua,NIR/Red 500m
2019-09-15,2019-09-15,39.770404834142305,MODIS-Aqua,NIR/Red 500m
2019-09-19,2019-09-19,78.31773556200642,MODIS-Aqua,NIR/Red 500m
2019-09-20,2019-09-20,112.78211966171975,MODIS-Aqua,NIR/Red 500m
2019-09-21,2019-09-21,151.47537014783398,MODIS-Aqua,NIR/Red 500m
2019-09-23,2019-09-23,117.51376787135338,MODIS-Aqua,NIR/Red 500m
2019-09-24,2019-09-24,59.48890791353136,MODIS-Aqua,NIR/Red 500m
2019-09-25,2019-09-25,44.01423298050799,MODIS-Aqua,NIR/Red 500m
2019-09-26,2019-09-26,67.3726842200853,MODIS-Aqua,NIR/Red 500m
2019-09-27,2019-09-27,37.805382001905365,MODIS-Aqua,NIR/Red 500m
2019-10-01,2019-10-01,138.4734916758293,MODIS-Aqua,NIR/Red 500m
2019-10-04,2019-10-04,127.20914687837434,MODIS-Aqua,NIR/Red 500m
2019-10-05,2019-10-05,61.13780321242388,MODIS-Aqua,NIR/Red 500m
2019-10-06,2019-10-06,78.74020129439035,MODIS-Aqua,NIR/Red 500m
2019-10-07,2019-10-07,85.80123166742166,MODIS-Aqua,NIR/Red 500m
2019-10-08,2019-10-08,41.47538791154301,MODIS-Aqua,NIR/Red 500m
2019-10-09,2019-10-09,35.31242404121423,MODIS-Aqua,NIR/Red 500m
2019-10-10,2019-10-10,42.59237557135221,MODIS-Aqua,NIR/Red 500m
2019-10-11,2019-10-11,86.84511722099609,MODIS-Aqua,NIR/Red 500m
2019-10-12,2019-10-12,56.360197391207684,MODIS-Aqua,NIR/Red 500m
2019-10-13,2019-10-13,125.73192240878677,MODIS-Aqua,NIR/Red 500m
2019-10-14,2019-10-14,56.246110658444174,MODIS-Aqua,NIR/Red 500m
2019-10-18,2019-10-18,33.384718563526754,MODIS-Aqua,NIR/Red 500m
2019-10-22,2019-10-22,57.91485395179433,MODIS-Aqua,NIR/Red 500m
2019-10-23,2019-10-23,21.786678113404744,MODIS-Aqua,NIR/Red 500m
2019-10-24,2019-10-24,24.887606288459324,MODIS-Aqua,NIR/Red 500m
2019-10-25,2019-10-25,21.799130002706363,MODIS-Aqua,NIR/Red 500m
2019-10-26,2019-10-26,12.943876693028354,MODIS-Aqua,NIR/Red 500m
2019-10-27,2019-10-27,17.050684954414272,MODIS-Aqua,NIR/Red 500m
2019-10-28,2019-10-28,19.968512596385953,MODIS-Aqua,NIR/Red 500m
2019-10-29,2019-10-29,18.57756501930123,MODIS-Aqua,NIR/Red 500m
2019-10-30,2019-10-30,11.858404850201206,MODIS-Aqua,NIR/Red 500m
2019-10-31,2019-10-31,25.55811595560543,MODIS-Aqua,NIR/Red 500m
2019-11-01,2019-11-01,11.35512012817536,MODIS-Aqua,NIR/Red 500m
2019-11-02,2019-11-02,13.284163325015523,MODIS-Aqua,NIR/Red 500m
2019-11-03,2019-11-03,20.48055676612461,MODIS-Aqua,NIR/Red 500m
2019-11-04,2019-11-04,10.867259231721885,MODIS-Aqua,NIR/Red 500m
2019-11-06,2019-11-06,14.255507373967436,MODIS-Aqua,NIR/Red 500m
2019-11-08,2019-11-08,11.974578401314321,MODIS-Aqua,NIR/Red 500m
2019-11-10,2019-11-10,8.572208316925144,MODIS-Aqua,NIR/Red 500m
2019-11-20,2019-11-20,18.96637264627341,MODIS-Aqua,NIR/Red 500m
2019-11-21,2019-11-21,14.295170097252338,MODIS-Aqua,NIR/Red 500m
2019-11-22,2019-11-22,11.773154588027408,MODIS-Aqua,NIR/Red 500m
2019-11-23,2019-11-23,11.854752717514565,MODIS-Aqua,NIR/Red 500m
2019-11-28,2019-11-28,24.50979678443588,MODIS-Aqua,NIR/Red 500m
2019-11-29,2019-11-29,27.802527033471193,MODIS-Aqua,NIR/Red 500m
2019-12-03,2019-12-03,20.112584020793385,MODIS-Aqua,NIR/Red 500m
2019-12-23,2019-12-23,19.758985088541966,MODIS-Aqua,NIR/Red 500m
2019-12-30,2019-12-30,18.87557675600326,MODIS-Aqua,NIR/Red 500m
2020-01-05,2020-01-05,19.593233990810436,MODIS-Aqua,NIR/Red 500m
2020-01-09,2020-01-09,42.76606415501875,MODIS-Aqua,NIR/Red 500m
2020-02-03,2020-02-03,15.17135933930057,MODIS-Aqua,NIR/Red 500m
2020-02-06,2020-02-06,11.281684767642849,MODIS-Aqua,NIR/Red 500m
2020-02-07,2020-02-07,11.056427165996663,MODIS-Aqua,NIR/Red 500m
2020-02-09,2020-02-09,25.59641075062208,MODIS-Aqua,NIR/Red 500m
2020-02-10,2020-02-10,11.801989008142161,MODIS-Aqua,NIR/Red 500m
2020-02-11,2020-02-11,16.917142419773917,MODIS-Aqua,NIR/Red 500m
2020-02-12,2020-02-12,25.93382078973676,MODIS-Aqua,NIR/Red 500m
2020-02-13,2020-02-13,12.050611004442409,MODIS-Aqua,NIR/Red 500m
2020-02-17,2020-02-17,12.544652024643664,MODIS-Aqua,NIR/Red 500m
2020-02-18,2020-02-18,18.409752282985036,MODIS-Aqua,NIR/Red 500m
2020-02-19,2020-02-19,13.123047251033073,MODIS-Aqua,NIR/Red 500m
2020-02-21,2020-02-21,14.71438197549825,MODIS-Aqua,NIR/Red 500m
2020-02-22,2020-02-22,13.58736463126552,MODIS-Aqua,NIR/Red 500m
2020-02-23,2020-02-23,13.293853810146203,MODIS-Aqua,NIR/Red 500m
2020-02-24,2020-02-24,23.291706282209688,MODIS-Aqua,NIR/Red 500m
2020-02-25,2020-02-25,27.098118709476676,MODIS-Aqua,NIR/Red 500m
2020-02-26,2020-02-26,16.508490826593086,MODIS-Aqua,NIR/Red 500m
2020-02-27,2020-02-27,15.886159867659655,MODIS-Aqua,NIR/Red 500m
2020-03-01,2020-03-01,16.853867274127964,MODIS-Aqua,NIR/Red 500m
2020-03-02,2020-03-02,14.719507403315234,MODIS-Aqua,NIR/Red 500m
2020-03-03,2020-03-03,12.857982450164192,MODIS-Aqua,NIR/Red 500m
2020-03-04,2020-03-04,12.15488467440795,MODIS-Aqua,NIR/Red 500m
2020-03-09,2020-03-09,15.675112907336452,MODIS-Aqua,NIR/Red 500m
2020-03-10,2020-03-10,17.942717506255885,MODIS-Aqua,NIR/Red 500m
2020-03-12,2020-03-12,15.465635794903998,MODIS-Aqua,NIR/Red 500m
2020-03-13,2020-03-13,13.846266436167262,MODIS-Aqua,NIR/Red 500m
2020-03-19,2020-03-19,13.227268126892843,MODIS-Aqua,NIR/Red 500m
2020-03-20,2020-03-20,11.667812287732472,MODIS-Aqua,NIR/Red 500m
2020-03-22,2020-03-22,13.521758467821266,MODIS-Aqua,NIR/Red 500m
2020-03-26,2020-03-26,13.823411584997414,MODIS-Aqua,NIR/Red 500m
2020-04-01,2020-04-01,16.19781775055082,MODIS-Aqua,NIR/Red 500m
2020-04-03,2020-04-03,11.745002298672848,MODIS-Aqua,NIR/Red 500m
2020-04-07,2020-04-07,13.43234096382912,MODIS-Aqua,NIR/Red 500m
2020-04-08,2020-04-08,15.605700333847391,MODIS-Aqua,NIR/Red 500m
2020-04-09,2020-04-09,18.39925679348167,MODIS-Aqua,NIR/Red 500m
2020-04-10,2020-04-10,13.788769666001127,MODIS-Aqua,NIR/Red 500m
2020-04-12,2020-04-12,11.522548477430968,MODIS-Aqua,NIR/Red 500m
2020-04-13,2020-04-13,13.899655337984813,MODIS-Aqua,NIR/Red 500m
2020-04-14,2020-04-14,19.263526652451816,MODIS-Aqua,NIR/Red 500m
2020-04-15,2020-04-15,20.329585737970163,MODIS-Aqua,NIR/Red 500m
2020-04-16,2020-04-16,27.243613265657768,MODIS-Aqua,NIR/Red 500m
2020-04-17,2020-04-17,13.104395382790596,MODIS-Aqua,NIR/Red 500m
2020-04-19,2020-04-19,12.432961258778493,MODIS-Aqua,NIR/Red 500m
2020-04-21,2020-04-21,15.117619695375764,MODIS-Aqua,NIR/Red 500m
2020-04-23,2020-04-23,23.38694197069622,MODIS-Aqua,NIR/Red 500m
2020-04-26,2020-04-26,18.078799312888552,MODIS-Aqua,NIR/Red 500m
2020-04-28,2020-04-28,8.539826674191278,MODIS-Aqua,NIR/Red 500m
2020-04-30,2020-04-30,23.087712311663598,MODIS-Aqua,NIR/Red 500m
2020-05-03,2020-05-03,17.701343748312883,MODIS-Aqua,NIR/Red 500m
2020-05-06,2020-05-06,16.972336348954162,MODIS-Aqua,NIR/Red 500m
2020-05-07,2020-05-07,15.619204250010092,MODIS-Aqua,NIR/Red 500m
2020-05-08,2020-05-08,22.368654472679754,MODIS-Aqua,NIR/Red 500m
2020-05-15,2020-05-15,15.898693708603275,MODIS-Aqua,NIR/Red 500m
2020-05-17,2020-05-17,30.67786522463518,MODIS-Aqua,NIR/Red 500m
2020-05-19,2020-05-19,20.06851816284982,MODIS-Aqua,NIR/Red 500m
2020-05-20,2020-05-20,37.9837972377963,MODIS-Aqua,NIR/Red 500m
2020-05-21,2020-05-21,17.167817296902232,MODIS-Aqua,NIR/Red 500m
2020-05-22,2020-05-22,35.07623316609432,MODIS-Aqua,NIR/Red 500m
2020-05-23,2020-05-23,18.313895042158514,MODIS-Aqua,NIR/Red 500m
2020-05-24,2020-05-24,19.642362576390262,MODIS-Aqua,NIR/Red 500m
2020-05-26,2020-05-26,12.209049672003653,MODIS-Aqua,NIR/Red 500m
2020-05-28,2020-05-28,13.338337322151204,MODIS-Aqua,NIR/Red 500m
2020-06-02,2020-06-02,27.10208810238182,MODIS-Aqua,NIR/Red 500m
2020-06-04,2020-06-04,18.13935835811568,MODIS-Aqua,NIR/Red 500m
2020-06-08,2020-06-08,40.86436773042214,MODIS-Aqua,NIR/Red 500m
2020-06-09,2020-06-09,64.73841514043389,MODIS-Aqua,NIR/Red 500m
2020-06-13,2020-06-13,22.53920317451229,MODIS-Aqua,NIR/Red 500m
2020-06-17,2020-06-17,36.07072581626688,MODIS-Aqua,NIR/Red 500m
2020-06-18,2020-06-18,31.2304854202424,MODIS-Aqua,NIR/Red 500m
2020-06-21,2020-06-21,43.19008485027974,MODIS-Aqua,NIR/Red 500m
2020-06-22,2020-06-22,33.00442527342652,MODIS-Aqua,NIR/Red 500m
2020-06-23,2020-06-23,29.92446036175259,MODIS-Aqua,NIR/Red 500m
2020-06-25,2020-06-25,48.734187475784516,MODIS-Aqua,NIR/Red 500m
2020-06-26,2020-06-26,58.709074483962,MODIS-Aqua,NIR/Red 500m
2020-06-27,2020-06-27,50.792138088110185,MODIS-Aqua,NIR/Red 500m
2020-06-29,2020-06-29,57.17011453043966,MODIS-Aqua,NIR/Red 500m
2020-06-30,2020-06-30,64.9053952304311,MODIS-Aqua,NIR/Red 500m
2020-07-01,2020-07-01,71.29500992756341,MODIS-Aqua,NIR/Red 500m
2020-07-02,2020-07-02,148.25809321188476,MODIS-Aqua,NIR/Red 500m
2020-07-03,2020-07-03,54.46853283020124,MODIS-Aqua,NIR/Red 500m
2020-07-04,2020-07-04,60.03581886702891,MODIS-Aqua,NIR/Red 500m
2020-07-05,2020-07-05,102.70468115795217,MODIS-Aqua,NIR/Red 500m
2020-07-06,2020-07-06,123.12018377158141,MODIS-Aqua,NIR/Red 500m
2020-07-07,2020-07-07,207.29324926376404,MODIS-Aqua,NIR/Red 500m
2020-07-08,2020-07-08,157.23211802782427,MODIS-Aqua,NIR/Red 500m
2020-07-09,2020-07-09,35.17960868885038,MODIS-Aqua,NIR/Red 500m
2020-07-10,2020-07-10,86.68262535997904,MODIS-Aqua,NIR/Red 500m
2020-07-11,2020-07-11,84.19228539827728,MODIS-Aqua,NIR/Red 500m
2020-07-12,2020-07-12,20.740693432662766,MODIS-Aqua,NIR/Red 500m
2020-07-13,2020-07-13,77.53326204300767,MODIS-Aqua,NIR/Red 500m
2020-07-14,2020-07-14,65.03415890184091,MODIS-Aqua,NIR/Red 500m
2020-07-15,2020-07-15,51.11269481825558,MODIS-Aqua,NIR/Red 500m
2020-07-16,2020-07-16,90.86689006546565,MODIS-Aqua,NIR/Red 500m
2020-07-17,2020-07-17,18.95405985145879,MODIS-Aqua,NIR/Red 500m
2020-07-18,2020-07-18,82.04598583549055,MODIS-Aqua,NIR/Red 500m
2020-07-19,2020-07-19,33.896575077796065,MODIS-Aqua,NIR/Red 500m
2020-07-20,2020-07-20,52.56396878713348,MODIS-Aqua,NIR/Red 500m
2020-07-21,2020-07-21,27.93735993281832,MODIS-Aqua,NIR/Red 500m
2020-07-22,2020-07-22,25.684635919192168,MODIS-Aqua,NIR/Red 500m
2020-07-23,2020-07-23,78.07201394170059,MODIS-Aqua,NIR/Red 500m
2020-07-24,2020-07-24,53.49976236433688,MODIS-Aqua,NIR/Red 500m
2020-07-25,2020-07-25,73.4705738814422,MODIS-Aqua,NIR/Red 500m
2020-07-26,2020-07-26,45.22894469949179,MODIS-Aqua,NIR/Red 500m
2020-07-29,2020-07-29,58.80504802554189,MODIS-Aqua,NIR/Red 500m
2020-07-30,2020-07-30,54.20687253904205,MODIS-Aqua,NIR/Red 500m
2020-07-31,2020-07-31,59.208685292506885,MODIS-Aqua,NIR/Red 500m
2020-08-01,2020-08-01,75.67316141386887,MODIS-Aqua,NIR/Red 500m
2020-08-02,2020-08-02,67.07740543528571,MODIS-Aqua,NIR/Red 500m
2020-08-03,2020-08-03,68.79590056622014,MODIS-Aqua,NIR/Red 500m
2020-08-04,2020-08-04,38.16528281221747,MODIS-Aqua,NIR/Red 500m
2020-08-07,2020-08-07,99.72006199749313,MODIS-Aqua,NIR/Red 500m
2020-08-08,2020-08-08,93.01359132423953,MODIS-Aqua,NIR/Red 500m
2020-08-09,2020-08-09,53.1805869897785,MODIS-Aqua,NIR/Red 500m
2020-08-10,2020-08-10,52.259933000379945,MODIS-Aqua,NIR/Red 500m
2020-08-11,2020-08-11,41.37909131079433,MODIS-Aqua,NIR/Red 500m
2020-08-12,2020-08-12,114.90080742413404,MODIS-Aqua,NIR/Red 500m
2020-08-13,2020-08-13,67.89330256832906,MODIS-Aqua,NIR/Red 500m
2020-08-14,2020-08-14,34.648618499089956,MODIS-Aqua,NIR/Red 500m
2020-08-15,2020-08-15,28.549865233840862,MODIS-Aqua,NIR/Red 500m
2020-08-20,2020-08-20,42.24379435759884,MODIS-Aqua,NIR/Red 500m
2020-08-30,2020-08-30,44.37039269333905,MODIS-Aqua,NIR/Red 500m
2020-08-31,2020-08-31,74.81479171667443,MODIS-Aqua,NIR/Red 500m
2020-09-02,2020-09-02,47.86153374895837,MODIS-Aqua,NIR/Red 500m
2020-09-03,2020-09-03,38.79698615955654,MODIS-Aqua,NIR/Red 500m
2020-09-06,2020-09-06,207.3470300206567,MODIS-Aqua,NIR/Red 500m
2020-09-07,2020-09-07,30.63882416113659,MODIS-Aqua,NIR/Red 500m
2020-09-08,2020-09-08,40.66534664348772,MODIS-Aqua,NIR/Red 500m
2020-09-09,2020-09-09,58.03372549772463,MODIS-Aqua,NIR/Red 500m
2020-09-10,2020-09-10,44.53731028168693,MODIS-Aqua,NIR/Red 500m
2020-09-17,2020-09-17,69.44089532039067,MODIS-Aqua,NIR/Red 500m
2020-09-19,2020-09-19,52.4721390232592,MODIS-Aqua,NIR/Red 500m
2020-09-20,2020-09-20,66.62812213618564,MODIS-Aqua,NIR/Red 500m
2020-09-27,2020-09-27,49.67010915329244,MODIS-Aqua,NIR/Red 500m
2020-09-28,2020-09-28,53.04501823616388,MODIS-Aqua,NIR/Red 500m
2020-09-29,2020-09-29,84.2401181210863,MODIS-Aqua,NIR/Red 500m
2020-10-01,2020-10-01,72.0593512279885,MODIS-Aqua,NIR/Red 500m
2020-10-03,2020-10-03,135.20830745870757,MODIS-Aqua,NIR/Red 500m
2020-10-05,2020-10-05,60.83895763664907,MODIS-Aqua,NIR/Red 500m
2020-10-06,2020-10-06,47.05500116720404,MODIS-Aqua,NIR/Red 500m
2020-10-11,2020-10-11,24.49187159531266,MODIS-Aqua,NIR/Red 500m
2020-10-14,2020-10-14,15.884809237487941,MODIS-Aqua,NIR/Red 500m
2020-10-15,2020-10-15,15.88400955790128,MODIS-Aqua,NIR/Red 500m
2020-10-16,2020-10-16,89.547196968809,MODIS-Aqua,NIR/Red 500m
2020-10-18,2020-10-18,94.67096384997456,MODIS-Aqua,NIR/Red 500m
2020-10-20,2020-10-20,52.83999725030015,MODIS-Aqua,NIR/Red 500m
2020-10-22,2020-10-22,48.86005720028983,MODIS-Aqua,NIR/Red 500m
2020-10-23,2020-10-23,27.7365738720718,MODIS-Aqua,NIR/Red 500m
2020-10-24,2020-10-24,21.579652720673195,MODIS-Aqua,NIR/Red 500m
2020-10-25,2020-10-25,23.457170915959146,MODIS-Aqua,NIR/Red 500m
2020-10-26,2020-10-26,87.48563621825265,MODIS-Aqua,NIR/Red 500m
2020-10-27,2020-10-27,57.76628301971974,MODIS-Aqua,NIR/Red 500m
2020-10-28,2020-10-28,66.83091372100655,MODIS-Aqua,NIR/Red 500m
2020-10-29,2020-10-29,50.13807705389951,MODIS-Aqua,NIR/Red 500m
2020-10-30,2020-10-30,12.03887178881517,MODIS-Aqua,NIR/Red 500m
2020-10-31,2020-10-31,24.59551435251903,MODIS-Aqua,NIR/Red 500m
2020-11-01,2020-11-01,70.86076594005327,MODIS-Aqua,NIR/Red 500m
2020-11-02,2020-11-02,50.80015227607264,MODIS-Aqua,NIR/Red 500m
2020-11-03,2020-11-03,41.206204989162394,MODIS-Aqua,NIR/Red 500m
2020-11-04,2020-11-04,19.80281558218307,MODIS-Aqua,NIR/Red 500m
2020-11-05,2020-11-05,26.193654943990264,MODIS-Aqua,NIR/Red 500m
2020-11-06,2020-11-06,13.43683257637136,MODIS-Aqua,NIR/Red 500m
2020-11-07,2020-11-07,29.173362555005927,MODIS-Aqua,NIR/Red 500m
2020-11-08,2020-11-08,19.948325059541002,MODIS-Aqua,NIR/Red 500m
2020-11-11,2020-11-11,22.516068551863047,MODIS-Aqua,NIR/Red 500m
2020-11-19,2020-11-19,20.372421756319383,MODIS-Aqua,NIR/Red 500m
2020-11-20,2020-11-20,24.61353334612032,MODIS-Aqua,NIR/Red 500m
2020-11-21,2020-11-21,23.096674629826538,MODIS-Aqua,NIR/Red 500m
2020-11-24,2020-11-24,15.391670970466935,MODIS-Aqua,NIR/Red 500m
2020-11-26,2020-11-26,12.416651993098464,MODIS-Aqua,NIR/Red 500m
2020-11-27,2020-11-27,23.4648844024319,MODIS-Aqua,NIR/Red 500m
2020-11-29,2020-11-29,13.562630507783975,MODIS-Aqua,NIR/Red 500m
2020-12-01,2020-12-01,13.120187870037022,MODIS-Aqua,NIR/Red 500m
2020-12-02,2020-12-02,15.032667204119473,MODIS-Aqua,NIR/Red 500m
2020-12-03,2020-12-03,13.611742664596672,MODIS-Aqua,NIR/Red 500m
2020-12-04,2020-12-04,10.382815478899403,MODIS-Aqua,NIR/Red 500m
2020-12-05,2020-12-05,10.223412842387953,MODIS-Aqua,NIR/Red 500m
2020-12-06,2020-12-06,9.751278592460864,MODIS-Aqua,NIR/Red 500m
2020-12-07,2020-12-07,26.55892519423356,MODIS-Aqua,NIR/Red 500m
2020-12-08,2020-12-08,7.9999680266837965,MODIS-Aqua,NIR/Red 500m
2020-12-10,2020-12-10,12.761638505433858,MODIS-Aqua,NIR/Red 500m
2020-12-21,2020-12-21,11.127266892900217,MODIS-Aqua,NIR/Red 500m
2020-12-23,2020-12-23,10.615905574536221,MODIS-Aqua,NIR/Red 500m
2020-12-28,2020-12-28,20.200518805947002,MODIS-Aqua,NIR/Red 500m
2020-12-30,2020-12-30,65.18562701152621,MODIS-Aqua,NIR/Red 500m
2021-01-07,2021-01-07,15.614000484870838,MODIS-Aqua,NIR/Red 500m
2021-01-13,2021-01-13,14.42918771425281,MODIS-Aqua,NIR/Red 500m
2021-01-14,2021-01-14,10.964427859997748,MODIS-Aqua,NIR/Red 500m
2021-01-18,2021-01-18,11.491611764932486,MODIS-Aqua,NIR/Red 500m
2021-01-23,2021-01-23,13.344955388267616,MODIS-Aqua,NIR/Red 500m
2021-01-25,2021-01-25,32.44772917445048,MODIS-Aqua,NIR/Red 500m
2021-02-03,2021-02-03,16.32459258540142,MODIS-Aqua,NIR/Red 500m
2021-02-05,2021-02-05,17.597170755494947,MODIS-Aqua,NIR/Red 500m
2021-02-06,2021-02-06,14.669554867213055,MODIS-Aqua,NIR/Red 500m
2021-02-07,2021-02-07,13.191682457817233,MODIS-Aqua,NIR/Red 500m
2021-02-10,2021-02-10,11.839970230560281,MODIS-Aqua,NIR/Red 500m
2021-02-13,2021-02-13,26.505947538508796,MODIS-Aqua,NIR/Red 500m
2021-02-22,2021-02-22,12.697580581615979,MODIS-Aqua,NIR/Red 500m
2021-02-23,2021-02-23,13.016170089243367,MODIS-Aqua,NIR/Red 500m
2021-02-24,2021-02-24,13.277503539838177,MODIS-Aqua,NIR/Red 500m
2021-02-25,2021-02-25,19.298583282126852,MODIS-Aqua,NIR/Red 500m
2021-02-27,2021-02-27,30.108769306185255,MODIS-Aqua,NIR/Red 500m
2021-02-28,2021-02-28,14.058383107453752,MODIS-Aqua,NIR/Red 500m
2021-03-01,2021-03-01,16.316701708540478,MODIS-Aqua,NIR/Red 500m
2021-03-02,2021-03-02,15.764067546319776,MODIS-Aqua,NIR/Red 500m
2021-03-03,2021-03-03,16.229188611831354,MODIS-Aqua,NIR/Red 500m
2021-03-04,2021-03-04,28.34339477926065,MODIS-Aqua,NIR/Red 500m
2021-03-05,2021-03-05,36.845198256330335,MODIS-Aqua,NIR/Red 500m
2021-03-06,2021-03-06,18.35876394944108,MODIS-Aqua,NIR/Red 500m
2021-03-12,2021-03-12,13.907761461530816,MODIS-Aqua,NIR/Red 500m
2021-03-13,2021-03-13,13.4503707722138,MODIS-Aqua,NIR/Red 500m
2021-03-16,2021-03-16,14.395196443835124,MODIS-Aqua,NIR/Red 500m
2021-03-21,2021-03-21,20.347840980856688,MODIS-Aqua,NIR/Red 500m
2021-03-23,2021-03-23,16.085510053403535,MODIS-Aqua,NIR/Red 500m
2021-03-26,2021-03-26,14.189628871648964,MODIS-Aqua,NIR/Red 500m
2021-03-27,2021-03-27,13.336951833166072,MODIS-Aqua,NIR/Red 500m
2021-03-28,2021-03-28,15.790778580145764,MODIS-Aqua,NIR/Red 500m
2021-03-29,2021-03-29,27.133476510621094,MODIS-Aqua,NIR/Red 500m
2021-03-30,2021-03-30,14.79547258342907,MODIS-Aqua,NIR/Red 500m
2021-03-31,2021-03-31,15.796075583250728,MODIS-Aqua,NIR/Red 500m
2021-04-01,2021-04-01,14.192024140286302,MODIS-Aqua,NIR/Red 500m
2021-04-04,2021-04-04,25.55811595560543,MODIS-Aqua,NIR/Red 500m
2021-04-05,2021-04-05,16.608718293158926,MODIS-Aqua,NIR/Red 500m
2021-04-06,2021-04-06,14.277892779817666,MODIS-Aqua,NIR/Red 500m
2021-04-07,2021-04-07,23.781890297180865,MODIS-Aqua,NIR/Red 500m
2021-04-08,2021-04-08,14.74990065288278,MODIS-Aqua,NIR/Red 500m
2021-04-09,2021-04-09,18.714868451884577,MODIS-Aqua,NIR/Red 500m
2021-04-10,2021-04-10,25.330495102038558,MODIS-Aqua,NIR/Red 500m
2021-04-11,2021-04-11,17.627739555230228,MODIS-Aqua,NIR/Red 500m
2021-04-12,2021-04-12,22.24345401440213,MODIS-Aqua,NIR/Red 500m
2021-04-14,2021-04-14,22.834097034400735,MODIS-Aqua,NIR/Red 500m
2021-04-15,2021-04-15,13.962129310467656,MODIS-Aqua,NIR/Red 500m
2021-04-16,2021-04-16,17.69518144680822,MODIS-Aqua,NIR/Red 500m
2021-04-17,2021-04-17,14.398286862561463,MODIS-Aqua,NIR/Red 500m
2021-04-18,2021-04-18,18.30134169672071,MODIS-Aqua,NIR/Red 500m
2021-04-20,2021-04-20,17.401217117581638,MODIS-Aqua,NIR/Red 500m
2021-04-21,2021-04-21,30.195282252244706,MODIS-Aqua,NIR/Red 500m
2021-04-22,2021-04-22,15.97360498412675,MODIS-Aqua,NIR/Red 500m
2021-04-23,2021-04-23,39.388787404540665,MODIS-Aqua,NIR/Red 500m
2021-04-27,2021-04-27,11.862308411297798,MODIS-Aqua,NIR/Red 500m
2021-04-28,2021-04-28,16.937368309339554,MODIS-Aqua,NIR/Red 500m
2021-05-01,2021-05-01,18.227798838277685,MODIS-Aqua,NIR/Red 500m
2021-05-02,2021-05-02,19.545130636587007,MODIS-Aqua,NIR/Red 500m
2021-05-03,2021-05-03,13.17722768544456,MODIS-Aqua,NIR/Red 500m
2021-05-04,2021-05-04,28.551918719609255,MODIS-Aqua,NIR/Red 500m
2021-05-06,2021-05-06,21.3052915066212,MODIS-Aqua,NIR/Red 500m
2021-05-07,2021-05-07,33.26380281581717,MODIS-Aqua,NIR/Red 500m
2021-05-09,2021-05-09,22.23202036246726,MODIS-Aqua,NIR/Red 500m
2021-05-10,2021-05-10,22.590191489814877,MODIS-Aqua,NIR/Red 500m
2021-05-11,2021-05-11,24.668290864801865,MODIS-Aqua,NIR/Red 500m
2021-05-12,2021-05-12,14.52011413034216,MODIS-Aqua,NIR/Red 500m
2021-05-13,2021-05-13,22.30972002936071,MODIS-Aqua,NIR/Red 500m
2021-05-16,2021-05-16,17.618299851377564,MODIS-Aqua,NIR/Red 500m
2021-05-17,2021-05-17,19.545130636587007,MODIS-Aqua,NIR/Red 500m
2021-05-18,2021-05-18,26.854170813618047,MODIS-Aqua,NIR/Red 500m
2021-05-19,2021-05-19,35.052371949090116,MODIS-Aqua,NIR/Red 500m
2021-05-23,2021-05-23,36.288959564727364,MODIS-Aqua,NIR/Red 500m
2021-05-24,2021-05-24,30.32124833621667,MODIS-Aqua,NIR/Red 500m
2021-05-25,2021-05-25,32.54221853378353,MODIS-Aqua,NIR/Red 500m
2021-05-26,2021-05-26,13.050062645238565,MODIS-Aqua,NIR/Red 500m
2021-05-28,2021-05-28,48.67786164029765,MODIS-Aqua,NIR/Red 500m
2021-05-29,2021-05-29,17.682601891112476,MODIS-Aqua,NIR/Red 500m
2021-05-30,2021-05-30,42.64896666141925,MODIS-Aqua,NIR/Red 500m
2021-06-01,2021-06-01,16.247862015045758,MODIS-Aqua,NIR/Red 500m
2021-06-02,2021-06-02,19.8387008914814,MODIS-Aqua,NIR/Red 500m
2021-06-03,2021-06-03,23.12825053071555,MODIS-Aqua,NIR/Red 500m
2021-06-04,2021-06-04,29.28402709071174,MODIS-Aqua,NIR/Red 500m
2021-06-05,2021-06-05,19.13974992278509,MODIS-Aqua,NIR/Red 500m
2021-06-10,2021-06-10,32.49854161097433,MODIS-Aqua,NIR/Red 500m
2021-06-15,2021-06-15,56.241751872679075,MODIS-Aqua,NIR/Red 500m
2021-06-16,2021-06-16,24.234512310742964,MODIS-Aqua,NIR/Red 500m
2021-06-17,2021-06-17,24.031354786618735,MODIS-Aqua,NIR/Red 500m
2021-06-18,2021-06-18,29.05937232551799,MODIS-Aqua,NIR/Red 500m
2021-06-19,2021-06-19,25.845737874269787,MODIS-Aqua,NIR/Red 500m
2021-06-20,2021-06-20,40.66534664348772,MODIS-Aqua,NIR/Red 500m
2021-06-21,2021-06-21,46.790380182155054,MODIS-Aqua,NIR/Red 500m
2021-06-22,2021-06-22,29.782864362225826,MODIS-Aqua,NIR/Red 500m
2021-06-24,2021-06-24,39.04563330438423,MODIS-Aqua,NIR/Red 500m
2021-06-25,2021-06-25,87.41846133331403,MODIS-Aqua,NIR/Red 500m
2021-06-26,2021-06-26,49.53348730265114,MODIS-Aqua,NIR/Red 500m
2021-06-27,2021-06-27,28.002568851664883,MODIS-Aqua,NIR/Red 500m
2021-06-28,2021-06-28,117.75501012137765,MODIS-Aqua,NIR/Red 500m
2021-06-29,2021-06-29,68.45992558770337,MODIS-Aqua,NIR/Red 500m
2021-06-30,2021-06-30,126.82256622846732,MODIS-Aqua,NIR/Red 500m
2021-07-02,2021-07-02,69.89664647010254,MODIS-Aqua,NIR/Red 500m
2021-07-04,2021-07-04,50.096177713193384,MODIS-Aqua,NIR/Red 500m
2021-07-05,2021-07-05,91.70323147648027,MODIS-Aqua,NIR/Red 500m
2021-07-06,2021-07-06,48.280417008933,MODIS-Aqua,NIR/Red 500m
2021-07-07,2021-07-07,37.71114320695364,MODIS-Aqua,NIR/Red 500m
2021-07-09,2021-07-09,51.34855144853992,MODIS-Aqua,NIR/Red 500m
2021-07-14,2021-07-14,26.15235675736239,MODIS-Aqua,NIR/Red 500m
2021-07-15,2021-07-15,39.79781045318177,MODIS-Aqua,NIR/Red 500m
2021-07-16,2021-07-16,56.21069284579871,MODIS-Aqua,NIR/Red 500m
2021-07-17,2021-07-17,53.788739586173634,MODIS-Aqua,NIR/Red 500m
2021-07-18,2021-07-18,37.68227681935538,MODIS-Aqua,NIR/Red 500m
2021-07-20,2021-07-20,31.08521171303526,MODIS-Aqua,NIR/Red 500m
2021-07-21,2021-07-21,67.93514733829852,MODIS-Aqua,NIR/Red 500m
2021-07-22,2021-07-22,34.25292363954849,MODIS-Aqua,NIR/Red 500m
2021-07-23,2021-07-23,88.98495322888763,MODIS-Aqua,NIR/Red 500m
2021-07-28,2021-07-28,73.69634172768542,MODIS-Aqua,NIR/Red 500m
2021-08-03,2021-08-03,16.225752313102483,MODIS-Aqua,NIR/Red 500m
2021-08-06,2021-08-06,75.97217182970131,MODIS-Aqua,NIR/Red 500m
2021-08-07,2021-08-07,39.85829939246886,MODIS-Aqua,NIR/Red 500m
2021-08-08,2021-08-08,52.365074333534366,MODIS-Aqua,NIR/Red 500m
2021-08-10,2021-08-10,124.16534874714974,MODIS-Aqua,NIR/Red 500m
2021-08-20,2021-08-20,3.0969689164873846,MODIS-Aqua,NIR/Red 500m
2021-08-26,2021-08-26,51.19588464567784,MODIS-Aqua,NIR/Red 500m
2021-08-27,2021-08-27,85.27598764610218,MODIS-Aqua,NIR/Red 500m
2021-08-28,2021-08-28,34.14301307015794,MODIS-Aqua,NIR/Red 500m
2021-09-01,2021-09-01,50.763357398638774,MODIS-Aqua,NIR/Red 500m
2021-09-02,2021-09-02,50.15594689413775,MODIS-Aqua,NIR/Red 500m
2021-09-03,2021-09-03,46.3031970133759,MODIS-Aqua,NIR/Red 500m
2021-09-07,2021-09-07,49.607684583567995,MODIS-Aqua,NIR/Red 500m
2021-09-12,2021-09-12,50.768854996234566,MODIS-Aqua,NIR/Red 500m
2021-09-13,2021-09-13,56.50765299746189,MODIS-Aqua,NIR/Red 500m
2021-09-14,2021-09-14,30.29676508244097,MODIS-Aqua,NIR/Red 500m
2021-09-15,2021-09-15,29.78881415994256,MODIS-Aqua,NIR/Red 500m
2021-09-16,2021-09-16,43.05325845500951,MODIS-Aqua,NIR/Red 500m
2021-09-17,2021-09-17,45.756186771755054,MODIS-Aqua,NIR/Red 500m
2021-09-19,2021-09-19,35.814744464648136,MODIS-Aqua,NIR/Red 500m
2021-09-20,2021-09-20,30.913117568176848,MODIS-Aqua,NIR/Red 500m
2021-09-21,2021-09-21,31.346140497688175,MODIS-Aqua,NIR/Red 500m
2021-09-24,2021-09-24,56.938909116330684,MODIS-Aqua,NIR/Red 500m
2021-09-25,2021-09-25,36.70921673515441,MODIS-Aqua,NIR/Red 500m
2021-09-26,2021-09-26,38.07065287651616,MODIS-Aqua,NIR/Red 500m
2021-09-29,2021-09-29,63.85638889248536,MODIS-Aqua,NIR/Red 500m
2021-09-30,2021-09-30,104.95107908012194,MODIS-Aqua,NIR/Red 500m
2021-10-01,2021-10-01,29.86637255220484,MODIS-Aqua,NIR/Red 500m
2021-10-02,2021-10-02,66.5289826961967,MODIS-Aqua,NIR/Red 500m
2021-10-03,2021-10-03,47.758296501044825,MODIS-Aqua,NIR/Red 500m
2021-10-04,2021-10-04,36.41407499661072,MODIS-Aqua,NIR/Red 500m
2021-10-06,2021-10-06,47.08466734086006,MODIS-Aqua,NIR/Red 500m
2021-10-09,2021-10-09,74.66582916014465,MODIS-Aqua,NIR/Red 500m
2021-10-10,2021-10-10,31.629569784389382,MODIS-Aqua,NIR/Red 500m
2021-10-11,2021-10-11,55.417303331384566,MODIS-Aqua,NIR/Red 500m
2021-10-12,2021-10-12,41.90228010016103,MODIS-Aqua,NIR/Red 500m
2021-10-13,2021-10-13,41.561351728370475,MODIS-Aqua,NIR/Red 500m
2021-10-14,2021-10-14,52.15603579919941,MODIS-Aqua,NIR/Red 500m
2021-10-15,2021-10-15,92.40136077180148,MODIS-Aqua,NIR/Red 500m
2021-10-16,2021-10-16,192.00799957011952,MODIS-Aqua,NIR/Red 500m
2021-11-16,2021-11-16,22.87119353584971,MODIS-Aqua,NIR/Red 500m
2021-11-20,2021-11-20,14.035703113370793,MODIS-Aqua,NIR/Red 500m
2021-11-21,2021-11-21,26.127084001167045,MODIS-Aqua,NIR/Red 500m
2021-11-22,2021-11-22,10.900070662115356,MODIS-Aqua,NIR/Red 500m
2021-11-23,2021-11-23,15.756624203867466,MODIS-Aqua,NIR/Red 500m
2021-11-24,2021-11-24,37.64073129512058,MODIS-Aqua,NIR/Red 500m
2021-11-25,2021-11-25,19.75316683170993,MODIS-Aqua,NIR/Red 500m
2021-11-30,2021-11-30,8.23807890847034,MODIS-Aqua,NIR/Red 500m
2021-12-01,2021-12-01,7.135519795524924,MODIS-Aqua,NIR/Red 500m
2021-12-02,2021-12-02,10.036477763001331,MODIS-Aqua,NIR/Red 500m
2021-12-03,2021-12-03,6.56740888981795,MODIS-Aqua,NIR/Red 500m
2021-12-05,2021-12-05,5.054873887688646,MODIS-Aqua,NIR/Red 500m
2021-12-14,2021-12-14,26.589064033230024,MODIS-Aqua,NIR/Red 500m
2022-02-08,2022-02-08,11.573096690587988,MODIS-Aqua,NIR/Red 500m
2022-02-11,2022-02-11,8.542393379825354,MODIS-Aqua,NIR/Red 500m
2022-02-12,2022-02-12,10.672365617857514,MODIS-Aqua,NIR/Red 500m
2022-02-13,2022-02-13,9.586956154742197,MODIS-Aqua,NIR/Red 500m
2022-02-15,2022-02-15,11.360196527988869,MODIS-Aqua,NIR/Red 500m
2022-02-16,2022-02-16,9.456115767214772,MODIS-Aqua,NIR/Red 500m
2022-02-17,2022-02-17,22.95683162476509,MODIS-Aqua,NIR/Red 500m
2022-02-18,2022-02-18,7.943527659830294,MODIS-Aqua,NIR/Red 500m
2022-02-19,2022-02-19,13.155862314900766,MODIS-Aqua,NIR/Red 500m
2022-02-20,2022-02-20,29.823909185240883,MODIS-Aqua,NIR/Red 500m
2022-02-22,2022-02-22,17.506889007609704,MODIS-Aqua,NIR/Red 500m
2022-02-24,2022-02-24,12.316514597733404,MODIS-Aqua,NIR/Red 500m
2022-02-25,2022-02-25,10.203139907899951,MODIS-Aqua,NIR/Red 500m
2022-03-06,2022-03-06,12.465175713764818,MODIS-Aqua,NIR/Red 500m
2022-03-07,2022-03-07,11.432327559642953,MODIS-Aqua,NIR/Red 500m
2022-03-08,2022-03-08,17.86113513425087,MODIS-Aqua,NIR/Red 500m
2022-03-10,2022-03-10,12.121516757020823,MODIS-Aqua,NIR/Red 500m
2022-03-14,2022-03-14,15.88856338190832,MODIS-Aqua,NIR/Red 500m
2022-03-16,2022-03-16,14.331634623885476,MODIS-Aqua,NIR/Red 500m
2022-03-17,2022-03-17,18.971727195357715,MODIS-Aqua,NIR/Red 500m
2022-03-22,2022-03-22,10.358097076164002,MODIS-Aqua,NIR/Red 500m
2022-03-24,2022-03-24,19.671507484500225,MODIS-Aqua,NIR/Red 500m
2022-03-29,2022-03-29,13.38290893441909,MODIS-Aqua,NIR/Red 500m
2022-04-21,2022-04-21,30.69288546266947,MODIS-Aqua,NIR/Red 500m
2022-04-23,2022-04-23,24.422174828997434,MODIS-Aqua,NIR/Red 500m
2022-04-24,2022-04-24,31.849825560024566,MODIS-Aqua,NIR/Red 500m
2022-04-26,2022-04-26,34.6032118543269,MODIS-Aqua,NIR/Red 500m
2022-04-27,2022-04-27,18.5247896063132,MODIS-Aqua,NIR/Red 500m
2022-05-01,2022-05-01,22.027707850686156,MODIS-Aqua,NIR/Red 500m
2022-05-02,2022-05-02,35.11444392736824,MODIS-Aqua,NIR/Red 500m
2022-05-03,2022-05-03,24.970898550512523,MODIS-Aqua,NIR/Red 500m
2022-05-04,2022-05-04,13.794819800274201,MODIS-Aqua,NIR/Red 500m
2022-05-16,2022-05-16,20.96317765860018,MODIS-Aqua,NIR/Red 500m
2022-05-17,2022-05-17,45.95058331706243,MODIS-Aqua,NIR/Red 500m
2022-05-20,2022-05-20,15.715232981450209,MODIS-Aqua,NIR/Red 500m
2022-05-21,2022-05-21,17.589040409786794,MODIS-Aqua,NIR/Red 500m
2022-05-23,2022-05-23,22.795199615351592,MODIS-Aqua,NIR/Red 500m
2022-05-24,2022-05-24,43.99733640381268,MODIS-Aqua,NIR/Red 500m
2022-05-25,2022-05-25,46.197264574507194,MODIS-Aqua,NIR/Red 500m
2022-05-31,2022-05-31,11.940283633037351,MODIS-Aqua,NIR/Red 500m
2022-06-12,2022-06-12,33.55318193123122,MODIS-Aqua,NIR/Red 500m
2022-06-18,2022-06-18,28.72579001498424,MODIS-Aqua,NIR/Red 500m
2022-06-19,2022-06-19,19.97578075715801,MODIS-Aqua,NIR/Red 500m
2022-06-21,2022-06-21,25.8624411772796,MODIS-Aqua,NIR/Red 500m
2022-06-22,2022-06-22,19.21526530923443,MODIS-Aqua,NIR/Red 500m
2022-06-23,2022-06-23,14.36623513099507,MODIS-Aqua,NIR/Red 500m
2022-06-24,2022-06-24,10.429097815684578,MODIS-Aqua,NIR/Red 500m
2022-06-25,2022-06-25,16.30412131234648,MODIS-Aqua,NIR/Red 500m
2022-06-26,2022-06-26,16.848639326448005,MODIS-Aqua,NIR/Red 500m
2022-06-27,2022-06-27,21.003350152143934,MODIS-Aqua,NIR/Red 500m
2022-06-28,2022-06-28,42.05696108782047,MODIS-Aqua,NIR/Red 500m
2022-06-29,2022-06-29,28.00680145212561,MODIS-Aqua,NIR/Red 500m
2022-07-01,2022-07-01,27.240620057390156,MODIS-Aqua,NIR/Red 500m
2022-07-08,2022-07-08,145.6970157149117,MODIS-Aqua,NIR/Red 500m
2022-07-10,2022-07-10,45.240568630735105,MODIS-Aqua,NIR/Red 500m
2022-07-11,2022-07-11,48.16271089183399,MODIS-Aqua,NIR/Red 500m
2022-07-14,2022-07-14,60.55967265990255,MODIS-Aqua,NIR/Red 500m
2022-07-15,2022-07-15,57.73599438542103,MODIS-Aqua,NIR/Red 500m
2022-07-17,2022-07-17,63.67744554319681,MODIS-Aqua,NIR/Red 500m
2022-07-18,2022-07-18,85.32032543097684,MODIS-Aqua,NIR/Red 500m
2022-07-19,2022-07-19,36.27842892775507,MODIS-Aqua,NIR/Red 500m
2022-07-20,2022-07-20,66.66467046517701,MODIS-Aqua,NIR/Red 500m
2022-07-21,2022-07-21,61.52756156945255,MODIS-Aqua,NIR/Red 500m
2022-07-22,2022-07-22,69.35869146433795,MODIS-Aqua,NIR/Red 500m
2022-07-23,2022-07-23,40.83503501736354,MODIS-Aqua,NIR/Red 500m
2022-07-24,2022-07-24,36.32197560254457,MODIS-Aqua,NIR/Red 500m
2022-07-26,2022-07-26,33.38369587869205,MODIS-Aqua,NIR/Red 500m
2022-07-28,2022-07-28,37.962722214597186,MODIS-Aqua,NIR/Red 500m
2022-07-29,2022-07-29,20.48537633459363,MODIS-Aqua,NIR/Red 500m
2022-07-30,2022-07-30,1.4136895691001838,MODIS-Aqua,NIR/Red 500m
2022-07-31,2022-07-31,71.20868551679189,MODIS-Aqua,NIR/Red 500m
2022-08-03,2022-08-03,51.81433192656887,MODIS-Aqua,NIR/Red 500m
2022-08-04,2022-08-04,42.71127468020041,MODIS-Aqua,NIR/Red 500m
2022-08-06,2022-08-06,28.086957259060515,MODIS-Aqua,NIR/Red 500m
2022-08-07,2022-08-07,37.45160289944052,MODIS-Aqua,NIR/Red 500m
2022-08-08,2022-08-08,22.789685762954235,MODIS-Aqua,NIR/Red 500m
2022-08-10,2022-08-10,60.275063010213465,MODIS-Aqua,NIR/Red 500m
2022-08-11,2022-08-11,72.77113496621587,MODIS-Aqua,NIR/Red 500m
2022-08-12,2022-08-12,66.0067050423008,MODIS-Aqua,NIR/Red 500m
2022-08-13,2022-08-13,46.446176545035314,MODIS-Aqua,NIR/Red 500m
2022-08-14,2022-08-14,51.52362501952637,MODIS-Aqua,NIR/Red 500m
2022-08-15,2022-08-15,56.74762354791159,MODIS-Aqua,NIR/Red 500m
2022-08-16,2022-08-16,55.6989473134151,MODIS-Aqua,NIR/Red 500m
2022-08-17,2022-08-17,43.50482607902486,MODIS-Aqua,NIR/Red 500m
2022-08-19,2022-08-19,31.424818832325368,MODIS-Aqua,NIR/Red 500m
2022-08-20,2022-08-20,41.61409058047824,MODIS-Aqua,NIR/Red 500m
2022-08-21,2022-08-21,69.65917889238551,MODIS-Aqua,NIR/Red 500m
2022-08-22,2022-08-22,44.13039762152834,MODIS-Aqua,NIR/Red 500m
2022-08-23,2022-08-23,79.53079220852369,MODIS-Aqua,NIR/Red 500m
2022-08-24,2022-08-24,34.61383101501278,MODIS-Aqua,NIR/Red 500m
2022-08-25,2022-08-25,35.53731138040447,MODIS-Aqua,NIR/Red 500m
2022-08-26,2022-08-26,4.97279383708987,MODIS-Aqua,NIR/Red 500m
2022-08-28,2022-08-28,62.249876955401774,MODIS-Aqua,NIR/Red 500m
2022-08-29,2022-08-29,45.42051588017945,MODIS-Aqua,NIR/Red 500m
2022-08-30,2022-08-30,57.89721834390662,MODIS-Aqua,NIR/Red 500m
2022-08-31,2022-08-31,25.624885932525718,MODIS-Aqua,NIR/Red 500m
2022-09-01,2022-09-01,35.47263632387385,MODIS-Aqua,NIR/Red 500m
2022-09-02,2022-09-02,47.20901092740596,MODIS-Aqua,NIR/Red 500m
2022-09-03,2022-09-03,35.97220480190907,MODIS-Aqua,NIR/Red 500m
2022-09-04,2022-09-04,53.24731489478477,MODIS-Aqua,NIR/Red 500m
2022-09-05,2022-09-05,86.1752860821645,MODIS-Aqua,NIR/Red 500m
2022-09-08,2022-09-08,25.532015524212838,MODIS-Aqua,NIR/Red 500m
2022-09-09,2022-09-09,38.58371951309811,MODIS-Aqua,NIR/Red 500m
2022-09-12,2022-09-12,40.20757178303032,MODIS-Aqua,NIR/Red 500m
2022-09-13,2022-09-13,51.50972629402287,MODIS-Aqua,NIR/Red 500m
2022-09-15,2022-09-15,95.61251684982486,MODIS-Aqua,NIR/Red 500m
2022-09-16,2022-09-16,84.49873882809955,MODIS-Aqua,NIR/Red 500m
2022-09-19,2022-09-19,51.48224294340651,MODIS-Aqua,NIR/Red 500m
2022-09-22,2022-09-22,180.7994128303385,MODIS-Aqua,NIR/Red 500m
2022-09-23,2022-09-23,94.63789356720136,MODIS-Aqua,NIR/Red 500m
2022-09-24,2022-09-24,46.39476877937802,MODIS-Aqua,NIR/Red 500m
2022-09-25,2022-09-25,132.22629042273633,MODIS-Aqua,NIR/Red 500m
2022-09-26,2022-09-26,94.16266411504111,MODIS-Aqua,NIR/Red 500m
2022-09-28,2022-09-28,53.65075351472314,MODIS-Aqua,NIR/Red 500m
2022-09-29,2022-09-29,60.217499587657244,MODIS-Aqua,NIR/Red 500m
2022-09-30,2022-09-30,37.9837972377963,MODIS-Aqua,NIR/Red 500m
2022-10-01,2022-10-01,59.91313697060092,MODIS-Aqua,NIR/Red 500m
2022-10-02,2022-10-02,26.087768226137527,MODIS-Aqua,NIR/Red 500m
2022-10-03,2022-10-03,81.82760508031787,MODIS-Aqua,NIR/Red 500m
2022-10-04,2022-10-04,93.4380225876214,MODIS-Aqua,NIR/Red 500m
2022-10-05,2022-10-05,111.23048897229302,MODIS-Aqua,NIR/Red 500m
2022-10-06,2022-10-06,108.32087702418909,MODIS-Aqua,NIR/Red 500m
2022-10-07,2022-10-07,45.27335473469949,MODIS-Aqua,NIR/Red 500m
2022-10-08,2022-10-08,53.96204701476955,MODIS-Aqua,NIR/Red 500m
2022-10-09,2022-10-09,235.83425962151262,MODIS-Aqua,NIR/Red 500m
2022-10-10,2022-10-10,47.35141521642775,MODIS-Aqua,NIR/Red 500m
2022-10-11,2022-10-11,124.83348341124471,MODIS-Aqua,NIR/Red 500m
2022-10-12,2022-10-12,63.39467916674143,MODIS-Aqua,NIR/Red 500m
2022-10-13,2022-10-13,117.9604873794874,MODIS-Aqua,NIR/Red 500m
2022-10-14,2022-10-14,43.02418935276798,MODIS-Aqua,NIR/Red 500m
2022-10-15,2022-10-15,36.434724098730506,MODIS-Aqua,NIR/Red 500m
2022-10-16,2022-10-16,66.36520096085563,MODIS-Aqua,NIR/Red 500m
2022-10-17,2022-10-17,51.718864612082086,MODIS-Aqua,NIR/Red 500m
2022-10-18,2022-10-18,198.90982587924623,MODIS-Aqua,NIR/Red 500m
2022-10-19,2022-10-19,100.52010688503037,MODIS-Aqua,NIR/Red 500m
2022-10-20,2022-10-20,95.01635775625292,MODIS-Aqua,NIR/Red 500m
2022-10-23,2022-10-23,26.092376098350382,MODIS-Aqua,NIR/Red 500m
2022-10-25,2022-10-25,83.17726767739265,MODIS-Aqua,NIR/Red 500m
2022-10-27,2022-10-27,179.59011687581204,MODIS-Aqua,NIR/Red 500m
2022-10-29,2022-10-29,93.06388080369051,MODIS-Aqua,NIR/Red 500m
2022-10-31,2022-10-31,180.54439311304176,MODIS-Aqua,NIR/Red 500m
2022-11-03,2022-11-03,45.728446108372594,MODIS-Aqua,NIR/Red 500m
2022-11-06,2022-11-06,30.708224720844942,MODIS-Aqua,NIR/Red 500m
2022-11-09,2022-11-09,22.24470354455144,MODIS-Aqua,NIR/Red 500m
2022-11-13,2022-11-13,16.206633111288138,MODIS-Aqua,NIR/Red 500m
2022-11-14,2022-11-14,13.23354265163532,MODIS-Aqua,NIR/Red 500m
2022-11-15,2022-11-15,18.133316585686604,MODIS-Aqua,NIR/Red 500m
2022-11-16,2022-11-16,15.183657142851883,MODIS-Aqua,NIR/Red 500m
2022-11-18,2022-11-18,21.84760417252786,MODIS-Aqua,NIR/Red 500m
2022-11-19,2022-11-19,17.15965284227728,MODIS-Aqua,NIR/Red 500m
2022-11-23,2022-11-23,14.531550755663345,MODIS-Aqua,NIR/Red 500m
2022-11-24,2022-11-24,20.9267029563016,MODIS-Aqua,NIR/Red 500m
2022-11-26,2022-11-26,23.392452024221953,MODIS-Aqua,NIR/Red 500m
2022-12-07,2022-12-07,16.942880254404567,MODIS-Aqua,NIR/Red 500m
2023-01-17,2023-01-17,22.525490796550564,MODIS-Aqua,NIR/Red 500m
2023-01-19,2023-01-19,15.966136286077225,MODIS-Aqua,NIR/Red 500m
2023-01-20,2023-01-20,11.606183651250042,MODIS-Aqua,NIR/Red 500m
2023-01-22,2023-01-22,14.781284634790445,MODIS-Aqua,NIR/Red 500m
2023-01-23,2023-01-23,14.330296783545661,MODIS-Aqua,NIR/Red 500m
2023-01-29,2023-01-29,19.056170739340835,MODIS-Aqua,NIR/Red 500m
2023-02-07,2023-02-07,31.95638881599436,MODIS-Aqua,NIR/Red 500m
2023-02-09,2023-02-09,14.420472703616793,MODIS-Aqua,NIR/Red 500m
2023-02-11,2023-02-11,17.69072822894072,MODIS-Aqua,NIR/Red 500m
2023-02-12,2023-02-12,14.913602528940034,MODIS-Aqua,NIR/Red 500m
2023-02-14,2023-02-14,17.874047700400062,MODIS-Aqua,NIR/Red 500m
2023-02-15,2023-02-15,15.02159300133568,MODIS-Aqua,NIR/Red 500m
2023-02-17,2023-02-17,30.873271542082495,MODIS-Aqua,NIR/Red 500m
2023-02-19,2023-02-19,18.635516952705682,MODIS-Aqua,NIR/Red 500m
2023-02-25,2023-02-25,15.098754706700607,MODIS-Aqua,NIR/Red 500m
2023-03-16,2023-03-16,19.883267286501393,MODIS-Aqua,NIR/Red 500m
2023-03-17,2023-03-17,33.7427602283137,MODIS-Aqua,NIR/Red 500m
2023-03-25,2023-03-25,31.78622445668626,MODIS-Aqua,NIR/Red 500m
2023-03-26,2023-03-26,34.08517364939097,MODIS-Aqua,NIR/Red 500m
2023-04-11,2023-04-11,18.6971370943279,MODIS-Aqua,NIR/Red 500m
2023-04-12,2023-04-12,24.487491298308104,MODIS-Aqua,NIR/Red 500m
2023-04-13,2023-04-13,23.05626566171421,MODIS-Aqua,NIR/Red 500m
2023-04-14,2023-04-14,29.371752308451438,MODIS-Aqua,NIR/Red 500m
2023-04-22,2023-04-22,26.974502296193396,MODIS-Aqua,NIR/Red 500m
2023-04-25,2023-04-25,22.823787710070988,MODIS-Aqua,NIR/Red 500m
2023-04-26,2023-04-26,35.899819236864296,MODIS-Aqua,NIR/Red 500m
2023-04-27,2023-04-27,14.220230997200463,MODIS-Aqua,NIR/Red 500m
2023-04-28,2023-04-28,22.367823683272942,MODIS-Aqua,NIR/Red 500m
2023-04-29,2023-04-29,19.394145930243837,MODIS-Aqua,NIR/Red 500m
2023-04-30,2023-04-30,46.96008018912734,MODIS-Aqua,NIR/Red 500m
2023-05-02,2023-05-02,30.251833886788955,MODIS-Aqua,NIR/Red 500m
2023-05-03,2023-05-03,28.645271935149633,MODIS-Aqua,NIR/Red 500m
2023-05-09,2023-05-09,27.97286132621991,MODIS-Aqua,NIR/Red 500m
2023-05-11,2023-05-11,21.804842145127584,MODIS-Aqua,NIR/Red 500m
2023-05-12,2023-05-12,45.74403208042703,MODIS-Aqua,NIR/Red 500m
2023-05-13,2023-05-13,16.690689245935125,MODIS-Aqua,NIR/Red 500m
2023-05-16,2023-05-16,18.79739713930579,MODIS-Aqua,NIR/Red 500m
2023-05-17,2023-05-17,24.20625784310923,MODIS-Aqua,NIR/Red 500m
2023-05-18,2023-05-18,22.354724700792367,MODIS-Aqua,NIR/Red 500m
2023-05-19,2023-05-19,0.3508067615151451,MODIS-Aqua,NIR/Red 500m
2023-05-20,2023-05-20,19.36235367334478,MODIS-Aqua,NIR/Red 500m
2023-05-21,2023-05-21,36.264061916897234,MODIS-Aqua,NIR/Red 500m
2023-05-24,2023-05-24,38.738161155013984,MODIS-Aqua,NIR/Red 500m
2023-05-25,2023-05-25,29.644826905667628,MODIS-Aqua,NIR/Red 500m
2023-05-26,2023-05-26,0.30721361130078945,MODIS-Aqua,NIR/Red 500m
2023-05-29,2023-05-29,26.155271135908894,MODIS-Aqua,NIR/Red 500m
2023-05-30,2023-05-30,27.47044045960799,MODIS-Aqua,NIR/Red 500m
2023-05-31,2023-05-31,39.73376754354428,MODIS-Aqua,NIR/Red 500m
2023-06-02,2023-06-02,0.67521773444434,MODIS-Aqua,NIR/Red 500m
2023-06-03,2023-06-03,23.003859718496148,MODIS-Aqua,NIR/Red 500m
2023-06-04,2023-06-04,31.470545342064213,MODIS-Aqua,NIR/Red 500m
2023-06-07,2023-06-07,32.37560532420118,MODIS-Aqua,NIR/Red 500m
2023-06-08,2023-06-08,47.64462549279398,MODIS-Aqua,NIR/Red 500m
2023-06-10,2023-06-10,71.85926314605757,MODIS-Aqua,NIR/Red 500m
2023-06-11,2023-06-11,42.850006641131806,MODIS-Aqua,NIR/Red 500m
2023-06-12,2023-06-12,66.42396374601076,MODIS-Aqua,NIR/Red 500m
2023-06-15,2023-06-15,65.25514578141387,MODIS-Aqua,NIR/Red 500m
2023-06-16,2023-06-16,72.46890881943953,MODIS-Aqua,NIR/Red 500m
2023-06-18,2023-06-18,36.07459692312808,MODIS-Aqua,NIR/Red 500m
2023-06-19,2023-06-19,71.80567465892531,MODIS-Aqua,NIR/Red 500m
2023-06-20,2023-06-20,237.12164168022647,MODIS-Aqua,NIR/Red 500m
2023-06-21,2023-06-21,54.588919346143705,MODIS-Aqua,NIR/Red 500m
2023-06-26,2023-06-26,274.5096701350096,MODIS-Aqua,NIR/Red 500m
2023-06-28,2023-06-28,427.5077007012078,MODIS-Aqua,NIR/Red 500m
2023-06-29,2023-06-29,28.899011084898714,MODIS-Aqua,NIR/Red 500m
2023-06-30,2023-06-30,46.05663650107064,MODIS-Aqua,NIR/Red 500m
2023-07-01,2023-07-01,38.923565344939206,MODIS-Aqua,NIR/Red 500m
2023-07-02,2023-07-02,28.88909686777192,MODIS-Aqua,NIR/Red 500m
2023-07-03,2023-07-03,45.49126707259256,MODIS-Aqua,NIR/Red 500m
2023-07-04,2023-07-04,24.55392068263956,MODIS-Aqua,NIR/Red 500m
2023-07-05,2023-07-05,29.55656834653248,MODIS-Aqua,NIR/Red 500m
2023-07-06,2023-07-06,28.072759627522416,MODIS-Aqua,NIR/Red 500m
2023-07-07,2023-07-07,50.98290112267977,MODIS-Aqua,NIR/Red 500m
2023-07-08,2023-07-08,51.066744096186966,MODIS-Aqua,NIR/Red 500m
2023-07-09,2023-07-09,30.00304946326669,MODIS-Aqua,NIR/Red 500m
2023-07-10,2023-07-10,43.76441460123167,MODIS-Aqua,NIR/Red 500m
2023-07-11,2023-07-11,39.393241493772464,MODIS-Aqua,NIR/Red 500m
2023-07-12,2023-07-12,38.97058612816878,MODIS-Aqua,NIR/Red 500m
2023-07-13,2023-07-13,40.18500042984847,MODIS-Aqua,NIR/Red 500m
2023-07-14,2023-07-14,86.6640407356582,MODIS-Aqua,NIR/Red 500m
2023-07-15,2023-07-15,35.15086433250284,MODIS-Aqua,NIR/Red 500m
2023-07-16,2023-07-16,44.156516419092114,MODIS-Aqua,NIR/Red 500m
2023-07-17,2023-07-17,44.75392052361517,MODIS-Aqua,NIR/Red 500m
2023-07-18,2023-07-18,41.26256650591445,MODIS-Aqua,NIR/Red 500m
2023-07-19,2023-07-19,37.366399801186475,MODIS-Aqua,NIR/Red 500m
2023-07-20,2023-07-20,62.460371859682,MODIS-Aqua,NIR/Red 500m
2023-07-21,2023-07-21,57.26723585191306,MODIS-Aqua,NIR/Red 500m
2023-07-22,2023-07-22,38.86114593386639,MODIS-Aqua,NIR/Red 500m
2023-07-24,2023-07-24,77.88996357311667,MODIS-Aqua,NIR/Red 500m
2023-07-25,2023-07-25,129.63194117829786,MODIS-Aqua,NIR/Red 500m
2023-07-26,2023-07-26,58.57723822600363,MODIS-Aqua,NIR/Red 500m
2023-07-27,2023-07-27,62.8759740158424,MODIS-Aqua,NIR/Red 500m
2023-07-28,2023-07-28,73.13149948999931,MODIS-Aqua,NIR/Red 500m
2023-07-29,2023-07-29,100.3708019846779,MODIS-Aqua,NIR/Red 500m
2023-07-30,2023-07-30,49.6977488638132,MODIS-Aqua,NIR/Red 500m
2023-07-31,2023-07-31,62.540538660541976,MODIS-Aqua,NIR/Red 500m
2023-08-01,2023-08-01,70.31532551661961,MODIS-Aqua,NIR/Red 500m
2023-08-02,2023-08-02,7.932711651590075,MODIS-Aqua,NIR/Red 500m
2023-08-04,2023-08-04,62.52944851377101,MODIS-Aqua,NIR/Red 500m
2023-08-05,2023-08-05,36.67604749659184,MODIS-Aqua,NIR/Red 500m
2023-08-06,2023-08-06,55.12845254638977,MODIS-Aqua,NIR/Red 500m
2023-08-07,2023-08-07,24.842800080860187,MODIS-Aqua,NIR/Red 500m
2023-08-08,2023-08-08,31.928303889632605,MODIS-Aqua,NIR/Red 500m
2023-08-09,2023-08-09,31.841498888832753,MODIS-Aqua,NIR/Red 500m
2023-08-10,2023-08-10,28.25116819337954,MODIS-Aqua,NIR/Red 500m
2023-08-11,2023-08-11,28.622718051717634,MODIS-Aqua,NIR/Red 500m
2023-08-12,2023-08-12,34.51876189565174,MODIS-Aqua,NIR/Red 500m
2023-08-13,2023-08-13,19.118935438641806,MODIS-Aqua,NIR/Red 500m
2023-08-14,2023-08-14,26.093729291865504,MODIS-Aqua,NIR/Red 500m
2023-08-15,2023-08-15,44.594277582848946,MODIS-Aqua,NIR/Red 500m
2023-08-17,2023-08-17,39.81569245863852,MODIS-Aqua,NIR/Red 500m
2023-08-23,2023-08-23,45.47646440327479,MODIS-Aqua,NIR/Red 500m
2023-08-24,2023-08-24,31.29488130033187,MODIS-Aqua,NIR/Red 500m
2023-08-26,2023-08-26,25.78259478427851,MODIS-Aqua,NIR/Red 500m
2023-08-27,2023-08-27,26.16887993022992,MODIS-Aqua,NIR/Red 500m
2023-08-28,2023-08-28,88.41786665352711,MODIS-Aqua,NIR/Red 500m
2023-08-29,2023-08-29,42.23404096765409,MODIS-Aqua,NIR/Red 500m
2023-08-30,2023-08-30,39.40476815357837,MODIS-Aqua,NIR/Red 500m
2023-09-03,2023-09-03,0.36050802881155947,MODIS-Aqua,NIR/Red 500m
2023-09-04,2023-09-04,24.878238161313345,MODIS-Aqua,NIR/Red 500m
2023-09-05,2023-09-05,20.267796832351127,MODIS-Aqua,NIR/Red 500m
2023-09-07,2023-09-07,27.70795247870038,MODIS-Aqua,NIR/Red 500m
2023-09-09,2023-09-09,14.746606074893233,MODIS-Aqua,NIR/Red 500m
2023-09-10,2023-09-10,26.780618241036322,MODIS-Aqua,NIR/Red 500m
2023-09-12,2023-09-12,21.354663978709095,MODIS-Aqua,NIR/Red 500m
2023-09-13,2023-09-13,30.157391723634266,MODIS-Aqua,NIR/Red 500m
2023-09-14,2023-09-14,25.48533860614503,MODIS-Aqua,NIR/Red 500m
2023-09-15,2023-09-15,16.255580693115643,MODIS-Aqua,NIR/Red 500m
2023-09-16,2023-09-16,29.55656834653248,MODIS-Aqua,NIR/Red 500m
2023-09-17,2023-09-17,26.831208771836458,MODIS-Aqua,NIR/Red 500m
2023-09-19,2023-09-19,19.49686511190319,MODIS-Aqua,NIR/Red 500m
2023-09-20,2023-09-20,28.384565269287002,MODIS-Aqua,NIR/Red 500m
2023-09-21,2023-09-21,40.50200032292763,MODIS-Aqua,NIR/Red 500m
2023-09-22,2023-09-22,24.93550666447524,MODIS-Aqua,NIR/Red 500m
2023-09-27,2023-09-27,23.32992023084485,MODIS-Aqua,NIR/Red 500m
2023-09-28,2023-09-28,15.135466123268703,MODIS-Aqua,NIR/Red 500m
2023-10-01,2023-10-01,19.934463661188254,MODIS-Aqua,NIR/Red 500m
2023-10-04,2023-10-04,10.275123479896324,MODIS-Aqua,NIR/Red 500m
2023-10-05,2023-10-05,10.201654019019756,MODIS-Aqua,NIR/Red 500m
2023-10-06,2023-10-06,9.936478287728294,MODIS-Aqua,NIR/Red 500m
2023-10-07,2023-10-07,11.362001704533668,MODIS-Aqua,NIR/Red 500m
2023-10-08,2023-10-08,11.692125412329826,MODIS-Aqua,NIR/Red 500m
2023-10-12,2023-10-12,17.19499043330742,MODIS-Aqua,NIR/Red 500m
2023-10-17,2023-10-17,11.202560752380112,MODIS-Aqua,NIR/Red 500m
2023-10-18,2023-10-18,6.694335372079077,MODIS-Aqua,NIR/Red 500m
2023-10-19,2023-10-19,11.41933421528036,MODIS-Aqua,NIR/Red 500m
2023-10-23,2023-10-23,29.51092127288554,MODIS-Aqua,NIR/Red 500m
2023-10-26,2023-10-26,14.312393143085668,MODIS-Aqua,NIR/Red 500m
2023-10-27,2023-10-27,12.023584552585406,MODIS-Aqua,NIR/Red 500m
2023-10-28,2023-10-28,12.062070661168026,MODIS-Aqua,NIR/Red 500m
2023-10-29,2023-10-29,7.551511521380214,MODIS-Aqua,NIR/Red 500m
2023-10-30,2023-10-30,4.040782809624585,MODIS-Aqua,NIR/Red 500m
2023-10-31,2023-10-31,7.229107277135268,MODIS-Aqua,NIR/Red 500m
2023-11-08,2023-11-08,16.616123477914552,MODIS-Aqua,NIR/Red 500m
2023-11-11,2023-11-11,9.76866742142284,MODIS-Aqua,NIR/Red 500m
2023-11-17,2023-11-17,9.254251274815685,MODIS-Aqua,NIR/Red 500m
2023-11-20,2023-11-20,4.590402084267095,MODIS-Aqua,NIR/Red 500m
2023-11-21,2023-11-21,1.5541398156786266,MODIS-Aqua,NIR/Red 500m
2023-11-23,2023-11-23,34.68466352063851,MODIS-Aqua,NIR/Red 500m
2023-11-24,2023-11-24,8.15747457058815,MODIS-Aqua,NIR/Red 500m
2023-11-25,2023-11-25,2.9413042789352475,MODIS-Aqua,NIR/Red 500m
2023-11-26,2023-11-26,3.5899954512097185,MODIS-Aqua,NIR/Red 500m
2023-11-27,2023-11-27,8.303686722945605,MODIS-Aqua,NIR/Red 500m
2023-11-28,2023-11-28,4.197550475236061,MODIS-Aqua,NIR/Red 500m
2023-12-12,2023-12-12,14.11694923811073,MODIS-Aqua,NIR/Red 500m
2023-12-16,2023-12-16,7.202578311177628,MODIS-Aqua,NIR/Red 500m
2024-01-05,2024-01-05,11.932438288051648,MODIS-Aqua,NIR/Red 500m
2024-01-06,2024-01-06,19.827467096418026,MODIS-Aqua,NIR/Red 500m
2024-01-29,2024-01-29,12.913904290320893,MODIS-Aqua,NIR/Red 500m
2024-02-03,2024-02-03,19.21256195779083,MODIS-Aqua,NIR/Red 500m
2024-02-11,2024-02-11,25.066105348888634,MODIS-Aqua,NIR/Red 500m
2024-02-13,2024-02-13,15.574536193660922,MODIS-Aqua,NIR/Red 500m
2024-02-22,2024-02-22,25.396676392512823,MODIS-Aqua,NIR/Red 500m
2024-02-23,2024-02-23,24.67068445921903,MODIS-Aqua,NIR/Red 500m
2024-02-24,2024-02-24,23.773792490535893,MODIS-Aqua,NIR/Red 500m
2024-03-01,2024-03-01,38.02601566307225,MODIS-Aqua,NIR/Red 500m
2024-03-06,2024-03-06,29.492676171226083,MODIS-Aqua,NIR/Red 500m
2024-03-07,2024-03-07,33.342139951374364,MODIS-Aqua,NIR/Red 500m
2024-03-08,2024-03-08,26.75093363518896,MODIS-Aqua,NIR/Red 500m
2024-03-12,2024-03-12,25.12601753721772,MODIS-Aqua,NIR/Red 500m
2024-03-13,2024-03-13,17.75922963723504,MODIS-Aqua,NIR/Red 500m
2024-03-14,2024-03-14,23.767626866774783,MODIS-Aqua,NIR/Red 500m
2024-03-15,2024-03-15,15.551861960524828,MODIS-Aqua,NIR/Red 500m
2024-03-16,2024-03-16,15.605700333847391,MODIS-Aqua,NIR/Red 500m
2024-03-18,2024-03-18,31.590921161413114,MODIS-Aqua,NIR/Red 500m
2024-03-19,2024-03-19,14.985591511096205,MODIS-Aqua,NIR/Red 500m
2024-03-24,2024-03-24,20.247808805623787,MODIS-Aqua,NIR/Red 500m
2024-03-25,2024-03-25,18.032390730739575,MODIS-Aqua,NIR/Red 500m
2024-03-26,2024-03-26,18.908574006707358,MODIS-Aqua,NIR/Red 500m
2024-03-31,2024-03-31,31.241930851421717,MODIS-Aqua,NIR/Red 500m
2024-04-01,2024-04-01,9.574673762970296,MODIS-Aqua,NIR/Red 500m
2024-04-04,2024-04-04,16.30267005964718,MODIS-Aqua,NIR/Red 500m
2024-04-05,2024-04-05,26.06440407250041,MODIS-Aqua,NIR/Red 500m
2024-04-09,2024-04-09,37.1970139440925,MODIS-Aqua,NIR/Red 500m
2024-04-10,2024-04-10,11.149940749521898,MODIS-Aqua,NIR/Red 500m
2024-04-11,2024-04-11,14.438490219599306,MODIS-Aqua,NIR/Red 500m
2024-04-15,2024-04-15,10.500691937834103,MODIS-Aqua,NIR/Red 500m
2024-04-17,2024-04-17,17.00208833689209,MODIS-Aqua,NIR/Red 500m
2024-04-18,2024-04-18,10.249554101278505,MODIS-Aqua,NIR/Red 500m
2024-04-19,2024-04-19,11.98329686111694,MODIS-Aqua,NIR/Red 500m
2024-04-28,2024-04-28,28.395407538411526,MODIS-Aqua,NIR/Red 500m
2024-04-30,2024-04-30,16.754017254171867,MODIS-Aqua,NIR/Red 500m
2024-05-02,2024-05-02,17.338662220347064,MODIS-Aqua,NIR/Red 500m
2024-05-07,2024-05-07,25.285534037152413,MODIS-Aqua,NIR/Red 500m
2024-05-08,2024-05-08,18.740684758084303,MODIS-Aqua,NIR/Red 500m
2024-05-09,2024-05-09,10.4755823959822,MODIS-Aqua,NIR/Red 500m
2024-05-10,2024-05-10,11.522220629654166,MODIS-Aqua,NIR/Red 500m
2024-05-11,2024-05-11,11.686863194883665,MODIS-Aqua,NIR/Red 500m
2024-05-12,2024-05-12,13.540962467529251,MODIS-Aqua,NIR/Red 500m
2024-05-13,2024-05-13,15.083991688882051,MODIS-Aqua,NIR/Red 500m
2024-05-14,2024-05-14,9.604876285032647,MODIS-Aqua,NIR/Red 500m
2024-05-15,2024-05-15,30.854916440236483,MODIS-Aqua,NIR/Red 500m
2024-05-17,2024-05-17,20.564330300384988,MODIS-Aqua,NIR/Red 500m
2024-05-19,2024-05-19,15.530371441728155,MODIS-Aqua,NIR/Red 500m
2024-05-20,2024-05-20,27.826358571568274,MODIS-Aqua,NIR/Red 500m
2024-05-21,2024-05-21,37.93026791271861,MODIS-Aqua,NIR/Red 500m
2024-05-22,2024-05-22,16.23702619154858,MODIS-Aqua,NIR/Red 500m
2024-05-23,2024-05-23,16.06149656515807,MODIS-Aqua,NIR/Red 500m
2024-05-26,2024-05-26,15.790778580145755,MODIS-Aqua,NIR/Red 500m
2024-05-27,2024-05-27,20.794657049218493,MODIS-Aqua,NIR/Red 500m
2024-05-29,2024-05-29,47.22826450931822,MODIS-Aqua,NIR/Red 500m
2024-05-31,2024-05-31,14.586365052074777,MODIS-Aqua,NIR/Red 500m
2024-06-05,2024-06-05,9.030049030537565,MODIS-Aqua,NIR/Red 500m
2024-06-06,2024-06-06,16.30481679336524,MODIS-Aqua,NIR/Red 500m
2024-06-07,2024-06-07,17.14004069444532,MODIS-Aqua,NIR/Red 500m
2024-06-08,2024-06-08,32.878009019348305,MODIS-Aqua,NIR/Red 500m
2024-06-10,2024-06-10,12.215399532269783,MODIS-Aqua,NIR/Red 500m
2024-06-11,2024-06-11,17.32895280168473,MODIS-Aqua,NIR/Red 500m
2024-06-12,2024-06-12,13.958987357927851,MODIS-Aqua,NIR/Red 500m
2024-06-13,2024-06-13,29.768188468553465,MODIS-Aqua,NIR/Red 500m
2024-06-15,2024-06-15,67.51032670014686,MODIS-Aqua,NIR/Red 500m
2024-06-17,2024-06-17,16.199435609144878,MODIS-Aqua,NIR/Red 500m
2024-06-18,2024-06-18,47.07957301656163,MODIS-Aqua,NIR/Red 500m
2024-06-19,2024-06-19,25.16613017748043,MODIS-Aqua,NIR/Red 500m
2024-06-21,2024-06-21,50.871827478968655,MODIS-Aqua,NIR/Red 500m
2024-06-22,2024-06-22,21.831678475856442,MODIS-Aqua,NIR/Red 500m
2024-06-23,2024-06-23,18.207190457158415,MODIS-Aqua,NIR/Red 500m
2024-06-24,2024-06-24,22.229594937813022,MODIS-Aqua,NIR/Red 500m
2024-06-26,2024-06-26,67.84606014445681,MODIS-Aqua,NIR/Red 500m
2024-06-27,2024-06-27,62.84097753274767,MODIS-Aqua,NIR/Red 500m
2024-06-28,2024-06-28,40.61780069522213,MODIS-Aqua,NIR/Red 500m
2024-07-01,2024-07-01,48.08383392610071,MODIS-Aqua,NIR/Red 500m
2024-07-02,2024-07-02,17.31885006933596,MODIS-Aqua,NIR/Red 500m
2024-07-04,2024-07-04,38.21206862311815,MODIS-Aqua,NIR/Red 500m
2024-07-05,2024-07-05,27.950318842041984,MODIS-Aqua,NIR/Red 500m
2024-07-06,2024-07-06,31.985749942013623,MODIS-Aqua,NIR/Red 500m
2024-07-07,2024-07-07,40.629044398690674,MODIS-Aqua,NIR/Red 500m
2024-07-09,2024-07-09,16.90663039017847,MODIS-Aqua,NIR/Red 500m
2024-07-10,2024-07-10,6.208893992162115,MODIS-Aqua,NIR/Red 500m
2024-07-11,2024-07-11,29.501303040078177,MODIS-Aqua,NIR/Red 500m
2024-07-12,2024-07-12,30.29433704928658,MODIS-Aqua,NIR/Red 500m
2024-07-13,2024-07-13,56.16173939840791,MODIS-Aqua,NIR/Red 500m
2024-07-15,2024-07-15,31.560593781827087,MODIS-Aqua,NIR/Red 500m
2024-07-16,2024-07-16,32.53895136729976,MODIS-Aqua,NIR/Red 500m
2024-07-17,2024-07-17,29.968504845553362,MODIS-Aqua,NIR/Red 500m
2024-07-18,2024-07-18,19.17375702602283,MODIS-Aqua,NIR/Red 500m
2024-07-19,2024-07-19,27.712666333838346,MODIS-Aqua,NIR/Red 500m
2024-07-21,2024-07-21,31.113958518031712,MODIS-Aqua,NIR/Red 500m
2024-07-22,2024-07-22,4.3826326387460535,MODIS-Aqua,NIR/Red 500m
2024-07-23,2024-07-23,29.876843124641415,MODIS-Aqua,NIR/Red 500m
2024-07-25,2024-07-25,62.60365985938563,MODIS-Aqua,NIR/Red 500m
2024-07-26,2024-07-26,35.41413466474033,MODIS-Aqua,NIR/Red 500m
2024-07-28,2024-07-28,28.70459671767122,MODIS-Aqua,NIR/Red 500m
2024-07-30,2024-07-30,23.663751156422418,MODIS-Aqua,NIR/Red 500m
2024-07-31,2024-07-31,28.714735870191035,MODIS-Aqua,NIR/Red 500m
2024-08-01,2024-08-01,1.2552249778420874,MODIS-Aqua,NIR/Red 500m
2024-08-04,2024-08-04,30.793960138995956,MODIS-Aqua,NIR/Red 500m
2024-08-05,2024-08-05,22.296252991998113,MODIS-Aqua,NIR/Red 500m
2024-08-06,2024-08-06,28.613304615021523,MODIS-Aqua,NIR/Red 500m
2024-08-09,2024-08-09,36.07459692312808,MODIS-Aqua,NIR/Red 500m
2024-08-10,2024-08-10,28.101355959042913,MODIS-Aqua,NIR/Red 500m
2024-08-11,2024-08-11,20.799314792702866,MODIS-Aqua,NIR/Red 500m
2024-08-12,2024-08-12,18.60731829287063,MODIS-Aqua,NIR/Red 500m
2024-08-13,2024-08-13,18.078211340405282,MODIS-Aqua,NIR/Red 500m
2024-08-15,2024-08-15,19.69632565070189,MODIS-Aqua,NIR/Red 500m
2024-08-16,2024-08-16,29.257668775904282,MODIS-Aqua,NIR/Red 500m
2024-08-18,2024-08-18,48.4611334186557,MODIS-Aqua,NIR/Red 500m
2024-08-24,2024-08-24,27.17851844595426,MODIS-Aqua,NIR/Red 500m
2024-08-25,2024-08-25,13.28920873667165,MODIS-Aqua,NIR/Red 500m
2024-08-26,2024-08-26,10.688680819761654,MODIS-Aqua,NIR/Red 500m
2024-08-27,2024-08-27,15.011140476020815,MODIS-Aqua,NIR/Red 500m
2024-08-28,2024-08-28,28.955176739034254,MODIS-Aqua,NIR/Red 500m
2024-08-29,2024-08-29,10.938415387935844,MODIS-Aqua,NIR/Red 500m
2024-08-30,2024-08-30,14.830724002467347,MODIS-Aqua,NIR/Red 500m
2024-08-31,2024-08-31,17.14004069444532,MODIS-Aqua,NIR/Red 500m
2024-09-01,2024-09-01,16.652150255333623,MODIS-Aqua,NIR/Red 500m
2024-09-02,2024-09-02,30.714347229930922,MODIS-Aqua,NIR/Red 500m
2024-09-03,2024-09-03,13.84699816935504,MODIS-Aqua,NIR/Red 500m
2024-09-04,2024-09-04,0.21097286271157692,MODIS-Aqua,NIR/Red 500m
2024-09-08,2024-09-08,25.79973161100028,MODIS-Aqua,NIR/Red 500m
2024-09-12,2024-09-12,11.627282856635578,MODIS-Aqua,NIR/Red 500m
2024-09-13,2024-09-13,38.85591725932523,MODIS-Aqua,NIR/Red 500m
2024-09-18,2024-09-18,22.29500275878403,MODIS-Aqua,NIR/Red 500m
2024-09-20,2024-09-20,9.427937962092578,MODIS-Aqua,NIR/Red 500m
2024-09-21,2024-09-21,15.041370448256682,MODIS-Aqua,NIR/Red 500m
2024-09-22,2024-09-22,10.335284580074084,MODIS-Aqua,NIR/Red 500m
2024-09-23,2024-09-23,10.017219294903583,MODIS-Aqua,NIR/Red 500m
2024-09-24,2024-09-24,29.02285729062709,MODIS-Aqua,NIR/Red 500m
2024-09-26,2024-09-26,9.091752654376105,MODIS-Aqua,NIR/Red 500m
2024-09-27,2024-09-27,7.715087103968269,MODIS-Aqua,NIR/Red 500m
2024-09-28,2024-09-28,11.624507997617997,MODIS-Aqua,NIR/Red 500m
2024-09-29,2024-09-29,10.930804073760523,MODIS-Aqua,NIR/Red 500m
2024-09-30,2024-09-30,10.802530402326552,MODIS-Aqua,NIR/Red 500m
2024-10-01,2024-10-01,6.643995627056887,MODIS-Aqua,NIR/Red 500m
2024-10-02,2024-10-02,7.833676574692157,MODIS-Aqua,NIR/Red 500m
2024-10-03,2024-10-03,8.11186043050523,MODIS-Aqua,NIR/Red 500m
2024-10-04,2024-10-04,14.837873154573819,MODIS-Aqua,NIR/Red 500m
2024-10-07,2024-10-07,9.195571383799095,MODIS-Aqua,NIR/Red 500m
2024-10-08,2024-10-08,8.524302264202754,MODIS-Aqua,NIR/Red 500m
2024-10-13,2024-10-13,10.451815886512684,MODIS-Aqua,NIR/Red 500m
2024-10-14,2024-10-14,11.439946778305032,MODIS-Aqua,NIR/Red 500m
2024-10-17,2024-10-17,19.28036854492641,MODIS-Aqua,NIR/Red 500m
2024-10-18,2024-10-18,6.815575909509168,MODIS-Aqua,NIR/Red 500m
2024-10-24,2024-10-24,6.4078606088846835,MODIS-Aqua,NIR/Red 500m
2024-10-26,2024-10-26,11.793883200329812,MODIS-Aqua,NIR/Red 500m
2024-10-29,2024-10-29,11.106590118057301,MODIS-Aqua,NIR/Red 500m
2024-11-03,2024-11-03,10.02033163945318,MODIS-Aqua,NIR/Red 500m
2024-11-06,2024-11-06,0.94468952334285,MODIS-Aqua,NIR/Red 500m
2024-11-07,2024-11-07,1.5348203032326246,MODIS-Aqua,NIR/Red 500m
2024-11-15,2024-11-15,15.183657142851892,MODIS-Aqua,NIR/Red 500m
2024-11-26,2024-11-26,12.204085558179536,MODIS-Aqua,NIR/Red 500m
2024-12-03,2024-12-03,14.847889815241126,MODIS-Aqua,NIR/Red 500m
2024-12-04,2024-12-04,8.602569376309866,MODIS-Aqua,NIR/Red 500m
2024-12-08,2024-12-08,6.839317339200163,MODIS-Aqua,NIR/Red 500m
2024-12-09,2024-12-09,6.671442784244925,MODIS-Aqua,NIR/Red 500m
2024-12-18,2024-12-18,43.18606906888328,MODIS-Aqua,NIR/Red 500m
2025-01-09,2025-01-09,8.611953383533285,MODIS-Aqua,NIR/Red 500m
2025-01-11,2025-01-11,11.832269237677606,MODIS-Aqua,NIR/Red 500m
2025-01-12,2025-01-12,16.029586899020494,MODIS-Aqua,NIR/Red 500m
2025-01-15,2025-01-15,5.194653540824668,MODIS-Aqua,NIR/Red 500m
2025-01-16,2025-01-16,12.148663162273081,MODIS-Aqua,NIR/Red 500m
2025-01-18,2025-01-18,11.892842223392133,MODIS-Aqua,NIR/Red 500m
2025-01-19,2025-01-19,9.394045867857589,MODIS-Aqua,NIR/Red 500m
2025-01-20,2025-01-20,7.8129777425961535,MODIS-Aqua,NIR/Red 500m
2025-01-21,2025-01-21,23.16929896149376,MODIS-Aqua,NIR/Red 500m
2025-01-22,2025-01-22,7.39864513291762,MODIS-Aqua,NIR/Red 500m
2025-01-24,2025-01-24,14.95936819493371,MODIS-Aqua,NIR/Red 500m
2025-01-25,2025-01-25,13.72453040646769,MODIS-Aqua,NIR/Red 500m
2025-01-26,2025-01-26,21.356505667137146,MODIS-Aqua,NIR/Red 500m
2025-02-25,2025-02-25,16.683121603786606,MODIS-Aqua,NIR/Red 500m
2025-02-26,2025-02-26,14.550780461257885,MODIS-Aqua,NIR/Red 500m
2025-02-28,2025-02-28,12.272656140901912,MODIS-Aqua,NIR/Red 500m
2025-03-03,2025-03-03,13.642574871294972,MODIS-Aqua,NIR/Red 500m
2025-03-06,2025-03-06,19.948109164353344,MODIS-Aqua,NIR/Red 500m
2025-03-07,2025-03-07,32.21847148801961,MODIS-Aqua,NIR/Red 500m
2025-03-08,2025-03-08,17.178605959399306,MODIS-Aqua,NIR/Red 500m
2025-03-24,2025-03-24,11.172168031879101,MODIS-Aqua,NIR/Red 500m
2025-03-29,2025-03-29,35.31242404121423,MODIS-Aqua,NIR/Red 500m
2025-03-30,2025-03-30,35.42553956600468,MODIS-Aqua,NIR/Red 500m
2025-04-02,2025-04-02,21.71797306097724,MODIS-Aqua,NIR/Red 500m
2025-04-03,2025-04-03,32.28955374518966,MODIS-Aqua,NIR/Red 500m
2025-04-04,2025-04-04,18.765805832304792,MODIS-Aqua,NIR/Red 500m
2025-04-10,2025-04-10,29.56730419646165,MODIS-Aqua,NIR/Red 500m
2025-04-12,2025-04-12,24.107353521461434,MODIS-Aqua,NIR/Red 500m
2025-04-13,2025-04-13,23.673038023674213,MODIS-Aqua,NIR/Red 500m
2025-04-14,2025-04-14,15.742311411309577,MODIS-Aqua,NIR/Red 500m
2025-04-16,2025-04-16,45.155606944317356,MODIS-Aqua,NIR/Red 500m
2025-04-17,2025-04-17,13.844931217064119,MODIS-Aqua,NIR/Red 500m
2025-04-18,2025-04-18,42.84172161317719,MODIS-Aqua,NIR/Red 500m
2025-04-20,2025-04-20,22.674294560466368,MODIS-Aqua,NIR/Red 500m
2025-04-21,2025-04-21,29.016334243654445,MODIS-Aqua,NIR/Red 500m
2025-04-23,2025-04-23,42.5208648442034,MODIS-Aqua,NIR/Red 500m
2025-04-27,2025-04-27,19.98651513438346,MODIS-Aqua,NIR/Red 500m
2025-04-30,2025-04-30,54.43516997272922,MODIS-Aqua,NIR/Red 500m
2025-05-01,2025-05-01,44.274839773926345,MODIS-Aqua,NIR/Red 500m
2025-05-04,2025-05-04,30.649965882182084,MODIS-Aqua,NIR/Red 500m
2025-05-06,2025-05-06,64.08183638574324,MODIS-Aqua,NIR/Red 500m
2025-05-08,2025-05-08,46.79181069257473,MODIS-Aqua,NIR/Red 500m
2025-05-10,2025-05-10,23.28343214066071,MODIS-Aqua,NIR/Red 500m
2025-05-12,2025-05-12,23.730288271609403,MODIS-Aqua,NIR/Red 500m
2025-05-13,2025-05-13,53.61878894173534,MODIS-Aqua,NIR/Red 500m
2025-05-14,2025-05-14,40.123326937522975,MODIS-Aqua,NIR/Red 500m
2025-05-20,2025-05-20,25.846630935061384,MODIS-Aqua,NIR/Red 500m
2025-05-22,2025-05-22,18.98971235342961,MODIS-Aqua,NIR/Red 500m
2025-05-23,2025-05-23,2.3233089944888334,MODIS-Aqua,NIR/Red 500m
2025-05-26,2025-05-26,64.07270960232498,MODIS-Aqua,NIR/Red 500m
2025-05-27,2025-05-27,38.213254640864925,MODIS-Aqua,NIR/Red 500m
2025-05-28,2025-05-28,45.90827151363298,MODIS-Aqua,NIR/Red 500m
2025-05-29,2025-05-29,68.8075956262124,MODIS-Aqua,NIR/Red 500m
2025-05-30,2025-05-30,37.32525942225393,MODIS-Aqua,NIR/Red 500m
2025-06-01,2025-06-01,49.90373535929729,MODIS-Aqua,NIR/Red 500m
2025-06-02,2025-06-02,23.293420231346758,MODIS-Aqua,NIR/Red 500m
2025-06-04,2025-06-04,37.70933104676847,MODIS-Aqua,NIR/Red 500m
2025-06-05,2025-06-05,52.040955177773675,MODIS-Aqua,NIR/Red 500m
2025-06-06,2025-06-06,43.30861886529123,MODIS-Aqua,NIR/Red 500m
2025-06-07,2025-06-07,36.436870766798144,MODIS-Aqua,NIR/Red 500m
2025-06-08,2025-06-08,74.4894147301302,MODIS-Aqua,NIR/Red 500m
2025-06-11,2025-06-11,35.17671120032297,MODIS-Aqua,NIR/Red 500m
2025-06-14,2025-06-14,62.5767027503303,MODIS-Aqua,NIR/Red 500m
2025-06-16,2025-06-16,50.06375256376763,MODIS-Aqua,NIR/Red 500m
2025-06-17,2025-06-17,60.2103027162164,MODIS-Aqua,NIR/Red 500m
2025-06-19,2025-06-19,47.68087645926898,MODIS-Aqua,NIR/Red 500m
2025-06-22,2025-06-22,59.256181180624985,MODIS-Aqua,NIR/Red 500m
2025-06-24,2025-06-24,39.50829886774784,MODIS-Aqua,NIR/Red 500m
2025-06-26,2025-06-26,65.05334991040252,MODIS-Aqua,NIR/Red 500m
2025-06-28,2025-06-28,57.19288009972823,MODIS-Aqua,NIR/Red 500m
2025-06-29,2025-06-29,72.3234085150987,MODIS-Aqua,NIR/Red 500m
2025-06-30,2025-06-30,109.17285548922376,MODIS-Aqua,NIR/Red 500m
2025-07-01,2025-07-01,129.6103701550718,MODIS-Aqua,NIR/Red 500m
2025-07-02,2025-07-02,70.58408489622201,MODIS-Aqua,NIR/Red 500m
2025-07-03,2025-07-03,44.60084110342376,MODIS-Aqua,NIR/Red 500m
2025-07-05,2025-07-05,47.78988055838566,MODIS-Aqua,NIR/Red 500m
2025-07-07,2025-07-07,71.08322142309915,MODIS-Aqua,NIR/Red 500m
2025-07-08,2025-07-08,67.30910829323447,MODIS-Aqua,NIR/Red 500m
2025-07-09,2025-07-09,76.41808595902401,MODIS-Aqua,NIR/Red 500m
2025-07-10,2025-07-10,27.013634788511986,MODIS-Aqua,NIR/Red 500m
2025-07-12,2025-07-12,64.73687608692907,MODIS-Aqua,NIR/Red 500m
2025-07-13,2025-07-13,17.577616789358654,MODIS-Aqua,NIR/Red 500m
2025-07-14,2025-07-14,47.23164374035889,MODIS-Aqua,NIR/Red 500m
2025-07-15,2025-07-15,59.11421338319176,MODIS-Aqua,NIR/Red 500m
2025-07-16,2025-07-16,274.5738071800153,MODIS-Aqua,NIR/Red 500m
2025-07-18,2025-07-18,62.97144487406238,MODIS-Aqua,NIR/Red 500m
2025-07-19,2025-07-19,80.02546397062989,MODIS-Aqua,NIR/Red 500m
2025-07-20,2025-07-20,69.82582578802226,MODIS-Aqua,NIR/Red 500m
2025-07-22,2025-07-22,77.0633760953751,MODIS-Aqua,NIR/Red 500m
2025-07-23,2025-07-23,14.293483734130598,MODIS-Aqua,NIR/Red 500m
2025-07-24,2025-07-24,44.74085068443015,MODIS-Aqua,NIR/Red 500m
2025-07-25,2025-07-25,115.28450669726176,MODIS-Aqua,NIR/Red 500m
2025-07-26,2025-07-26,94.48159309009235,MODIS-Aqua,NIR/Red 500m
2025-07-28,2025-07-28,48.433993532316656,MODIS-Aqua,NIR/Red 500m
2025-07-29,2025-07-29,72.55004375393392,MODIS-Aqua,NIR/Red 500m
2025-08-01,2025-08-01,43.709153578627316,MODIS-Aqua,NIR/Red 500m
2025-08-04,2025-08-04,100.01507974103558,MODIS-Aqua,NIR/Red 500m
2025-08-05,2025-08-05,162.06558250967964,MODIS-Aqua,NIR/Red 500m
2025-08-06,2025-08-06,113.91775685289116,MODIS-Aqua,NIR/Red 500m
2025-08-10,2025-08-10,36.093742224393175,MODIS-Aqua,NIR/Red 500m
2025-08-11,2025-08-11,29.31230215016383,MODIS-Aqua,NIR/Red 500m
2025-08-12,2025-08-12,64.28243420561456,MODIS-Aqua,NIR/Red 500m
2025-08-13,2025-08-13,67.64002768161335,MODIS-Aqua,NIR/Red 500m
2025-08-14,2025-08-14,57.205112180379444,MODIS-Aqua,NIR/Red 500m
