datetime,sensor,band1_red,band2_nir,band4_green,green_red_ratio,nir_red_ratio,ndci
2011-01-18,Terra,0.0567,0.041100000000000005,0.0641,1.1305114638447973,0.724867724867725,-0.1595092024539877
2011-01-20,Terra,0.0317,0.0061,0.038900000000000004,1.2271293375394323,0.19242902208201895,-0.6772486772486772
2011-01-22,Terra,0.0366,0.0115,0.048100000000000004,1.314207650273224,0.31420765027322406,-0.5218295218295218
2011-01-25,Terra,0.0385,0.017,0.0361,0.941952506596306,0.4415584415584416,-0.38738738738738737
2011-01-27,Terra,0.0371,0.0117,0.0443,1.1940700808625337,0.31536388140161725,-0.5204918032786885
2011-02-01,Terra,0.032,0.008400000000000001,0.0354,1.1382636655948553,0.25993883792048933,-0.587378640776699
2011-02-02,Terra,0.041100000000000005,0.024800000000000003,0.0449,1.092457420924574,0.6034063260340633,-0.24734446130500756
2011-02-06,Terra,0.0339,0.014400000000000001,0.0376,1.1253561253561253,0.42477876106194695,-0.4037267080745341
2011-02-07,Terra,0.0392,0.0165,0.0342,0.8571428571428573,0.3957345971563981,-0.43293718166383705
2011-02-09,Terra,0.0302,0.0055000000000000005,0.033,1.0969899665551839,0.18394648829431437,-0.6892655367231638
2011-02-10,Terra,0.027700000000000002,0.0054,0.0307,1.1090909090909091,0.19636363636363638,-0.6717325227963526
2011-02-21,Terra,0.062200000000000005,0.025500000000000002,0.0698,1.1221864951768488,0.409967845659164,-0.41847206385404795
2011-02-26,Terra,0.13390000000000002,0.09340000000000001,0.134,1.0007468259895445,0.6975354742345033,-0.1781786185657721
2011-03-09,Terra,0.045000000000000005,0.0166,0.0425,0.9454545454545454,0.36725663716814155,-0.4627831715210356
2011-03-21,Terra,0.11950000000000001,0.08900000000000001,0.12150000000000001,1.0167364016736402,0.7447698744769875,-0.1462829736211031
2011-03-22,Terra,0.056,0.0241,0.059000000000000004,1.0517857142857143,0.4316163410301954,-0.39702233250620345
2011-03-28,Terra,0.053000000000000005,0.016900000000000002,0.056100000000000004,1.062264150943396,0.31894934333958724,-0.5163584637268848
2011-03-31,Terra,0.0405,0.0119,0.0434,1.0716049382716049,0.2896039603960396,-0.5508637236084453
2011-04-01,Terra,0.039900000000000005,0.014400000000000001,0.0432,1.0827067669172932,0.36272040302267006,-0.46765249537892783
2011-04-02,Terra,0.053000000000000005,0.019200000000000002,0.0585,1.1037735849056602,0.3622641509433962,-0.4681440443213296
2011-04-03,Terra,0.033600000000000005,0.0102,0.030500000000000003,0.9186746987951808,0.30860534124629085,-0.528344671201814
2011-04-05,Terra,0.0323,0.0074,0.0322,1.0126582278481011,0.22935779816513763,-0.6268656716417911
2011-04-12,Terra,0.035,0.014,0.0374,1.062857142857143,0.3966005665722379,-0.43204868154158227
2011-04-19,Terra,0.037200000000000004,0.0205,0.0392,1.0487106017191976,0.5493333333333333,-0.29087779690189325
2011-04-21,Terra,0.0363,0.0131,0.039900000000000005,1.102493074792244,0.3587570621468927,-0.47193347193347185
2011-04-27,Terra,0.0386,0.0142,0.044000000000000004,1.1398963730569949,0.36787564766839376,-0.46212121212121215
2011-04-28,Terra,0.08850000000000001,0.0645,0.096,1.0847457627118644,0.7288135593220338,-0.15686274509803924
2011-04-30,Terra,0.0346,0.0115,0.034,0.9825072886297375,0.31903485254691694,-0.516260162601626
2011-05-01,Terra,0.0375,0.012100000000000001,0.04,1.0491803278688525,0.3261455525606469,-0.508130081300813
2011-05-03,Terra,0.057100000000000005,0.0323,0.057100000000000005,1.0231729055258467,0.5757575757575758,-0.2692307692307692
2011-05-04,Terra,0.0385,0.014400000000000001,0.0427,1.116094986807388,0.37402597402597404,-0.4555765595463137
2011-05-08,Terra,0.0402,0.0118,0.0438,1.0922693266832917,0.2935323383084577,-0.5461538461538462
2011-05-10,Terra,0.0329,0.0091,0.0354,1.0718562874251496,0.27743902439024387,-0.5656324582338902
2011-05-12,Terra,0.059300000000000005,0.0385,0.061700000000000005,1.0579470198675496,0.6440397350993378,-0.21651560926485397
2011-05-18,Terra,0.043000000000000003,0.0119,0.051500000000000004,1.207373271889401,0.27906976744186046,-0.5636363636363636
2011-05-19,Terra,0.079,0.060000000000000005,0.07980000000000001,1.006426735218509,0.7686375321336761,-0.1308139534883721
2011-05-20,Terra,0.0268,0.007,0.0324,1.208955223880597,0.25263157894736843,-0.5966386554621849
2011-05-22,Terra,0.0109,0.0012000000000000001,0.008050000000000002,0.7388888888888889,0.1095117845117845,-0.8084653906839541
2011-05-23,Terra,0.036000000000000004,0.012100000000000001,0.042100000000000005,1.1694444444444445,0.3380681818181818,-0.49469214437367304
2011-05-27,Terra,0.0874,0.0562,0.1014,1.160183066361556,0.643020594965675,-0.21727019498607245
2011-05-29,Terra,0.06470000000000001,0.030600000000000002,0.076,1.1746522411128282,0.472952086553323,-0.35781741867785943
2011-05-30,Terra,0.07250000000000001,0.0453,0.08080000000000001,1.1144827586206896,0.6248275862068965,-0.23089983022071311
2011-06-07,Terra,0.0291,0.0077,0.036000000000000004,1.2333333333333334,0.2646048109965636,-0.5815217391304348
2011-06-08,Terra,0.0261,0.006900000000000001,0.029500000000000002,1.1377952755905512,0.2607003891050584,-0.5864197530864198
2011-06-09,Terra,0.0269,0.006200000000000001,0.0327,1.2156133828996283,0.23140495867768593,-0.6241610738255033
2011-06-10,Terra,0.028900000000000002,0.0094,0.0334,1.1528239202657806,0.3159722222222222,-0.5197889182058048
2011-06-13,Terra,0.0712,0.0509,0.075,1.0550206327372764,0.7148876404494382,-0.16625716625716624
2011-06-14,Terra,0.0281,0.0082,0.0367,1.2889733840304183,0.2918149466192171,-0.5482093663911847
2011-06-15,Terra,0.0241,0.0054,0.0281,1.15625,0.2226890756302521,-0.6357388316151203
2011-06-16,Terra,0.0327,0.014700000000000001,0.0396,1.2124183006535947,0.43108504398826986,-0.3975409836065574
2011-06-17,Terra,0.030500000000000003,0.0159,0.0364,1.2077922077922079,0.5079872204472844,-0.32627118644067793
2011-06-19,Terra,0.029500000000000002,0.007,0.0354,1.2101694915254237,0.23986486486486486,-0.6130790190735694
2011-06-20,Terra,0.0596,0.039400000000000004,0.0655,1.098993288590604,0.6610738255033558,-0.204040404040404
2011-06-21,Terra,0.0274,0.0085,0.036000000000000004,1.3140794223826715,0.30685920577617326,-0.5303867403314917
2011-06-22,Terra,0.023100000000000002,0.008,0.027700000000000002,1.2258064516129032,0.34509803921568627,-0.48688046647230315
2011-06-23,Terra,0.0273,0.0076,0.034800000000000005,1.2637362637362637,0.2779783393501805,-0.5649717514124295
2011-06-24,Terra,0.0233,0.0079,0.029500000000000002,1.2587719298245614,0.34763948497854075,-0.4840764331210192
2011-06-26,Terra,0.0205,0.0068000000000000005,0.027200000000000002,1.311881188118812,0.3366336633663366,-0.49629629629629635
2011-06-30,Terra,0.022500000000000003,0.0092,0.033800000000000004,1.5065502183406114,0.4017467248908297,-0.42679127725856697
2011-07-01,Terra,0.0207,0.0068000000000000005,0.0269,1.2758620689655173,0.33497536945812806,-0.4981549815498155
2011-07-02,Terra,0.0193,0.006200000000000001,0.0258,1.3526315789473684,0.3280423280423281,-0.5059760956175299
2011-07-03,Terra,0.0166,0.0055000000000000005,0.0198,1.1801242236024845,0.3376623376623377,-0.49514563106796117
2011-07-04,Terra,0.0211,0.008700000000000001,0.0308,1.4647887323943662,0.4129353233830846,-0.4154929577464788
2011-07-05,Terra,0.025,0.0095,0.034300000000000004,1.3801652892561982,0.3909465020576131,-0.4378698224852071
2011-07-06,Terra,0.021500000000000002,0.0103,0.0313,1.3721804511278197,0.4811320754716982,-0.35031847133757965
2011-07-07,Terra,0.0292,0.0137,0.042100000000000005,1.511864406779661,0.49818181818181817,-0.33495145631067963
2011-07-08,Terra,0.0261,0.013900000000000001,0.034300000000000004,1.2375886524822695,0.5,-0.3333333333333333
2011-07-09,Terra,0.0251,0.014100000000000001,0.0405,1.6393442622950818,0.5617529880478088,-0.28061224489795916
2011-07-10,Terra,0.0206,0.0117,0.0325,1.5518867924528301,0.5555555555555556,-0.2857142857142857
2011-07-13,Terra,0.0526,0.037200000000000004,0.0729,1.3859315589353614,0.7072243346007605,-0.17149220489977723
2011-07-14,Terra,0.032,0.029500000000000002,0.0531,1.659375,0.921875,-0.04065040650406502
2011-07-15,Terra,0.0292,0.0218,0.0506,1.6849315068493151,0.7100977198697068,-0.16952380952380955
2011-07-20,Terra,0.023700000000000002,0.0621,0.051300000000000005,2.219409282700422,2.772321428571429,0.46982248520710057
2011-07-21,Terra,0.0264,0.0388,0.0555,2.0833333333333335,1.4317343173431734,0.17754172989377842
2011-07-22,Terra,0.025500000000000002,0.0256,0.0512,1.8794326241134751,1.080168776371308,0.03853955375253547
2011-07-23,Terra,0.0235,0.023100000000000002,0.0437,1.8888888888888888,0.9506172839506173,-0.02531645569620252
2011-07-24,Terra,0.0229,0.0097,0.033600000000000005,1.4678899082568808,0.42016806722689076,-0.40828402366863903
2011-07-26,Terra,0.028200000000000003,0.0213,0.043300000000000005,1.5401459854014599,0.7580071174377224,-0.1376518218623482
2011-07-27,Terra,0.0268,0.040100000000000004,0.0538,1.9563636363636363,1.4581818181818182,0.18639053254437873
2011-07-28,Terra,0.0238,0.0166,0.0361,1.5205479452054795,0.7579908675799087,-0.13766233766233765
2011-07-29,Terra,0.025,0.016,0.038700000000000005,1.548,0.64,-0.21951219512195125
2011-07-30,Terra,0.0309,0.0188,0.0465,1.5048543689320388,0.6084142394822006,-0.24346076458752514
2011-07-31,Terra,0.023700000000000002,0.0106,0.0318,1.3612334801762114,0.4612244897959184,-0.3687150837988827
2011-08-01,Terra,0.0339,0.0246,0.047,1.4168937329700273,0.6702997275204359,-0.1973898858075041
2011-08-02,Terra,0.019700000000000002,0.0123,0.0285,1.4285714285714286,0.6054274611398964,-0.2458184230630051
2011-08-03,Terra,0.0233,0.019,0.040100000000000004,1.74025974025974,0.852017937219731,-0.07990314769975788
2011-08-04,Terra,0.0251,0.0219,0.0374,1.4496124031007753,0.8488372093023255,-0.08176100628930819
2011-08-05,Terra,0.013300000000000001,0.0262,0.0267,2.007518796992481,1.9699248120300752,0.3265822784810127
2011-08-06,Terra,0.0285,0.0379,0.0488,1.7428571428571429,1.3464285714285715,0.14764079147640796
2011-08-07,Terra,0.028800000000000003,0.0229,0.0444,1.5416666666666665,0.7951388888888888,-0.11411992263056096
2011-08-08,Terra,0.0424,0.034,0.059500000000000004,1.403301886792453,0.8018867924528302,-0.10994764397905757
2011-08-09,Terra,0.0181,0.0108,0.023,1.2707182320441988,0.5966850828729282,-0.2525951557093426
2011-08-10,Terra,0.0221,0.0284,0.0414,1.835680751173709,1.2441314553990612,0.10878661087866115
2011-08-11,Terra,0.0199,0.020800000000000003,0.0317,1.7135135135135133,1.0056497175141244,0.002816901408450687
2011-08-12,Terra,0.0189,0.0149,0.028,1.4973262032085561,0.7967914438502673,-0.11309523809523812
2011-08-13,Terra,0.0218,0.0211,0.036000000000000004,1.7042801556420233,0.8990825688073394,-0.0531400966183575
2011-08-14,Terra,0.0227,0.015700000000000002,0.0354,1.5663716814159292,0.6741071428571429,-0.19466666666666665
2011-08-15,Terra,0.0261,0.0362,0.046400000000000004,1.777777777777778,1.3869731800766283,0.16211878009630817
2011-08-16,Terra,0.0235,0.0183,0.0347,1.56198347107438,0.7826086956521741,-0.12195121951219505
2011-08-17,Terra,0.032100000000000004,0.025900000000000003,0.0507,1.5794392523364484,0.8068535825545171,-0.10689655172413792
2011-08-18,Terra,0.0188,0.0128,0.0302,1.6063829787234043,0.6808510638297872,-0.18987341772151897
2011-08-19,Terra,0.022000000000000002,0.0143,0.0347,1.5892857142857142,0.6383928571428572,-0.22070844686648503
2011-08-20,Terra,0.022000000000000002,0.019,0.0334,1.4409090909090907,0.8636363636363635,-0.07317073170731714
2011-08-21,Terra,0.0246,0.016800000000000002,0.039400000000000004,1.5697211155378488,0.6693227091633467,-0.19809069212410493
2011-08-22,Terra,0.0292,0.027600000000000003,0.0472,1.5503597122302157,0.8897338403041826,-0.058350100603621724
2011-08-23,Terra,0.019100000000000002,0.0217,0.0393,2.0,1.061904761904762,0.030023094688221685
2011-08-25,Terra,0.0182,0.014100000000000001,0.0329,1.8076923076923075,0.7747252747252747,-0.1269349845201238
2011-08-26,Terra,0.019700000000000002,0.013000000000000001,0.0356,1.7563451776649743,0.6617647058823529,-0.2035398230088496
2011-08-27,Terra,0.019,0.015000000000000001,0.031400000000000004,1.6517412935323383,0.7611940298507464,-0.13559322033898302
2011-08-28,Terra,0.024300000000000002,0.0148,0.0379,1.528957528957529,0.5992063492063492,-0.2506203473945409
2011-08-29,Terra,0.0221,0.014700000000000001,0.0359,1.609865470852018,0.6591928251121076,-0.20540540540540536
2011-08-30,Terra,0.0172,0.010700000000000001,0.031100000000000003,1.7005076142131978,0.6484848484848486,-0.21323529411764702
2011-08-31,Terra,0.0188,0.0171,0.0325,1.7485714285714284,0.9085714285714286,-0.04790419161676649
2011-09-01,Terra,0.0317,0.024300000000000002,0.0438,1.421875,0.7830188679245284,-0.12169312169312169
2011-09-02,Terra,0.028800000000000003,0.0233,0.05,1.6994535519125684,0.8275862068965517,-0.09433962264150945
2011-09-03,Terra,0.0188,0.010400000000000001,0.025400000000000002,1.2450980392156863,0.5255102040816326,-0.3110367892976588
2011-09-04,Terra,0.0229,0.0135,0.0332,1.4248927038626609,0.5895196506550219,-0.2582417582417582
2011-09-05,Terra,0.0173,0.010400000000000001,0.025400000000000002,1.4269662921348316,0.6125,-0.24031007751937983
2011-09-06,Terra,0.022000000000000002,0.0111,0.031,1.425233644859813,0.5186915887850467,-0.316923076923077
2011-09-08,Terra,0.0222,0.0145,0.030000000000000002,1.3443396226415094,0.6359649122807017,-0.2225201072386059
2011-09-09,Terra,0.0472,0.035300000000000005,0.0584,1.2372881355932204,0.7478813559322035,-0.14424242424242417
2011-09-11,Terra,0.0001,0.0073,0.0118,117.99999999999999,73.0,0.9729729729729729
2011-09-14,Terra,0.0035,0.001,0.0118,3.3714285714285714,0.2857142857142857,-0.5555555555555555
2011-09-17,Terra,0.0223,0.0173,0.0292,1.3053097345132743,0.7757847533632286,-0.1262626262626263
2011-09-18,Terra,0.0146,0.008,0.023100000000000002,1.5886524822695034,0.558139534883721,-0.28358208955223874
2011-09-19,Terra,0.0126,0.0102,0.017400000000000002,1.381679389312977,0.8225806451612903,-0.09734513274336284
2011-09-20,Terra,0.016300000000000002,0.0091,0.023100000000000002,1.4135802469135803,0.5617283950617284,-0.2806324110671936
2011-09-21,Terra,0.020800000000000003,0.0134,0.0268,1.2849462365591398,0.6442307692307692,-0.216374269005848
2011-09-22,Terra,0.0166,0.0073,0.0228,1.3734939759036144,0.4478527607361963,-0.3813559322033898
2011-09-23,Terra,0.016900000000000002,0.009000000000000001,0.0229,1.3558282208588956,0.5266272189349112,-0.310077519379845
2011-09-24,Terra,0.016900000000000002,0.0092,0.0206,1.2571428571428571,0.5324675324675325,-0.30508474576271183
2011-09-26,Terra,0.031200000000000002,0.025,0.0359,1.141025641025641,0.8012820512820513,-0.1103202846975089
2011-09-27,Terra,0.0173,0.0103,0.0251,1.4457142857142855,0.6094674556213017,-0.24264705882352947
2011-09-28,Terra,0.0159,0.005,0.0194,1.2386363636363635,0.3381294964028777,-0.49462365591397844
2011-09-29,Terra,0.0177,0.0078000000000000005,0.022500000000000003,1.2711864406779663,0.4406779661016949,-0.388235294117647
2011-10-06,Terra,0.0046,0.0004,0.0033,0.717391304347826,0.08695652173913045,-0.84
2011-10-08,Terra,0.0175,0.0057,0.0216,1.2681564245810057,0.33333333333333337,-0.4999999999999999
2011-10-11,Terra,0.012,0.0004,0.0193,1.6083333333333334,0.03333333333333333,-0.935483870967742
2011-10-14,Terra,0.020900000000000002,0.0082,0.024300000000000002,1.1626794258373205,0.38974358974358975,-0.4391143911439115
2011-10-15,Terra,0.036000000000000004,0.0234,0.0424,1.1794117647058824,0.6628895184135977,-0.202725724020443
2011-10-17,Terra,0.0148,0.0044,0.0111,0.76,0.2972972972972973,-0.5416666666666666
2011-10-18,Terra,0.024300000000000002,0.0077,0.029300000000000003,1.2142857142857144,0.32900432900432897,-0.5048859934853421
2011-10-19,Terra,0.0177,0.0073,0.0182,1.017341040462428,0.4060913705583756,-0.42238267148014447
2011-10-20,Terra,0.0235,0.008700000000000001,0.0285,1.228448275862069,0.36864406779661024,-0.46130030959752316
2011-10-21,Terra,0.0327,0.024,0.0374,1.1428571428571428,0.7339743589743589,-0.15341959334565622
2011-10-22,Terra,0.0198,0.0049,0.024300000000000002,1.2388059701492538,0.2475247524752475,-0.6031746031746031
2011-10-23,Terra,0.0264,0.0102,0.0328,1.2240663900414939,0.3948339483394834,-0.4338624338624339
2011-10-24,Terra,0.031900000000000005,0.0154,0.0369,1.1694915254237288,0.48275862068965514,-0.3488372093023256
2011-10-25,Terra,0.0373,0.0162,0.0434,1.1662198391420913,0.4354838709677419,-0.3932584269662922
2011-10-26,Terra,0.029500000000000002,0.011300000000000001,0.0351,1.1881533101045296,0.38281249999999994,-0.44632768361581926
2011-10-27,Terra,0.048,0.026500000000000003,0.058300000000000005,1.215811965811966,0.5641025641025641,-0.27868852459016397
2011-10-31,Terra,0.0302,0.0078000000000000005,0.0374,1.2233333333333334,0.25595238095238093,-0.5924170616113745
2011-11-01,Terra,0.0362,0.0122,0.0409,1.1408839779005524,0.3453038674033149,-0.486652977412731
2011-11-02,Terra,0.0252,0.0055000000000000005,0.031900000000000005,1.2299651567944252,0.20912547528517111,-0.6540880503144654
2011-11-04,Terra,0.0379,0.011300000000000001,0.046400000000000004,1.2242744063324538,0.29350649350649355,-0.5461847389558233
2011-11-12,Terra,0.49150000000000005,0.5182,0.48900000000000005,0.9949135300101729,1.0543234994913528,0.026443498068733234
2011-11-14,Terra,0.0455,0.012,0.053000000000000005,1.164835164835165,0.26373626373626374,-0.582608695652174
2011-11-25,Terra,0.0558,0.0105,0.061200000000000004,1.0957983193277312,0.19159663865546217,-0.6784203102961919
2011-11-28,Terra,0.0572,0.0106,0.0656,1.1468531468531469,0.1853146853146853,-0.6873156342182891
2011-11-30,Terra,0.0519,0.0111,0.0565,1.0834914611005693,0.21772639691714837,-0.6424050632911391
2011-12-01,Terra,0.0465,0.010100000000000001,0.0509,1.0946236559139786,0.22008547008547008,-0.63922942206655
2011-12-02,Terra,0.0463,0.0095,0.051300000000000005,1.1175213675213675,0.20502092050209203,-0.6597222222222223
2011-12-03,Terra,0.047900000000000005,0.0115,0.051500000000000004,1.078556263269639,0.23991507430997877,-0.6130136986301369
2011-12-04,Terra,0.041,0.0085,0.0444,1.0797872340425532,0.20731707317073172,-0.6565656565656566
2011-12-05,Terra,0.041,0.010100000000000001,0.0453,1.1030042918454934,0.24390243902439024,-0.6078431372549019
2011-12-06,Terra,0.0347,0.0061,0.0386,1.12316715542522,0.17878787878787877,-0.6966580976863753
2011-12-07,Terra,0.052000000000000005,0.017,0.058,1.1153846153846154,0.3269230769230769,-0.5072463768115942
2011-12-08,Terra,0.0422,0.011000000000000001,0.0494,1.1547344110854503,0.2625570776255708,-0.5840867992766726
2011-12-09,Terra,0.0478,0.014400000000000001,0.0531,1.1113490364025695,0.3068893528183716,-0.5303514376996806
2011-12-31,Terra,0.0419,0.0154,0.050800000000000005,1.2161616161616162,0.3709677419354839,-0.45882352941176474
2012-01-02,Terra,0.0471,0.0126,0.050300000000000004,1.0679405520169851,0.27213822894168466,-0.5721561969439728
2012-01-03,Terra,0.06470000000000001,0.0367,0.0748,1.1385991058122207,0.5656877897990726,-0.27739387956564665
2012-01-05,Terra,0.0385,0.0077,0.047,1.2285714285714286,0.2,-0.6666666666666667
2012-01-07,Terra,0.0328,0.0086,0.043000000000000003,1.2880578129455373,0.259375,-0.5880893300248138
2012-01-08,Terra,0.0335,0.0076,0.0431,1.2869318181818181,0.22822822822822822,-0.6283618581907091
2012-01-09,Terra,0.0304,0.004200000000000001,0.041,1.348684210526316,0.13815789473684212,-0.7572254335260116
2012-01-10,Terra,0.028200000000000003,0.0037,0.040100000000000004,1.4219858156028369,0.13043478260869565,-0.7692307692307692
2012-01-12,Terra,0.0413,0.0176,0.051300000000000005,1.2383177570093458,0.43083900226757366,-0.3977812995245642
2012-01-13,Terra,0.0285,0.0082,0.0366,1.304985337243402,0.31460674157303375,-0.5213675213675213
2012-01-14,Terra,0.024800000000000003,0.0033,0.034800000000000005,1.3678929765886285,0.1237458193979933,-0.7797619047619047
2012-01-27,Terra,0.0359,0.0114,0.046900000000000004,1.2698863636363638,0.3064516129032258,-0.5308641975308642
2012-01-30,Terra,0.03475,0.007200000000000001,0.047400000000000005,1.3610315186246418,0.2033898305084746,-0.6619718309859155
2012-02-02,Terra,0.0318,0.0061,0.041,1.2893081761006289,0.19292604501607716,-0.6765498652291106
2012-02-03,Terra,0.0251,0.0037,0.0315,1.2405498281786942,0.14342629482071714,-0.7491289198606272
2012-02-05,Terra,0.0357,0.0071,0.0483,1.3649025069637883,0.2,-0.6666666666666666
2012-02-06,Terra,0.0386,0.0119,0.0502,1.2767441860465116,0.3644859813084112,-0.4657534246575342
2012-02-11,Terra,0.0371,0.0068000000000000005,0.0472,1.3079268292682926,0.20121951219512194,-0.6649746192893401
2012-02-15,Terra,0.0408,0.0111,0.049800000000000004,1.208530805687204,0.26666666666666666,-0.5789473684210525
2012-02-19,Terra,0.0512,0.0219,0.060700000000000004,1.185546875,0.42752293577981654,-0.4010282776349614
2012-02-23,Terra,0.048,0.0132,0.0582,1.1842105263157894,0.27499999999999997,-0.568627450980392
2012-02-24,Terra,0.0364,0.0061,0.0397,1.0906593406593406,0.1648936170212766,-0.7168949771689496
2012-03-07,Terra,0.057,0.013000000000000001,0.0603,1.0422077922077924,0.22419928825622776,-0.6337209302325582
2012-03-08,Terra,0.055,0.014100000000000001,0.062200000000000005,1.1276978417266188,0.2537878787878788,-0.595166163141994
2012-03-09,Terra,0.054200000000000005,0.0106,0.0616,1.136531365313653,0.19557195571955718,-0.6728395061728395
2012-03-10,Terra,0.0597,0.0206,0.0692,1.1477832512315271,0.34505862646566166,-0.4869240348692403
2012-03-23,Terra,0.079,0.0284,0.0844,1.0683544303797468,0.359493670886076,-0.47113594040968343
2012-04-06,Terra,0.0727,0.028800000000000003,0.0794,1.092159559834938,0.40057224606580827,-0.42798774259448424
2012-04-07,Terra,0.0679,0.0414,0.0711,1.0471281296023562,0.609720176730486,-0.24245196706312902
2012-04-08,Terra,0.07440000000000001,0.0363,0.0792,1.0731070496083552,0.48790322580645157,-0.3441734417344174
2012-04-14,Terra,0.0511,0.015700000000000002,0.051000000000000004,0.9838709677419355,0.30985915492957744,-0.5268817204301074
2012-04-20,Terra,0.0594,0.0176,0.06860000000000001,1.1595925297113752,0.2986577181208054,-0.5400516795865634
2012-04-21,Terra,0.041,0.008400000000000001,0.040400000000000005,0.9873096446700508,0.20481927710843373,-0.66
2012-04-23,Terra,0.0424,0.015000000000000001,0.041800000000000004,0.9858490566037736,0.35323383084577115,-0.4779411764705882
2012-04-27,Terra,0.0488,0.0172,0.053200000000000004,1.0938775510204082,0.3594080338266385,-0.4712286158631416
2012-04-28,Terra,0.060000000000000005,0.031400000000000004,0.0646,1.077943615257048,0.5293159609120521,-0.3077742279020234
2012-04-29,Terra,0.0575,0.0395,0.061200000000000004,1.0643478260869565,0.6869565217391305,-0.18556701030927836
2012-05-01,Terra,0.045700000000000005,0.014700000000000001,0.049300000000000004,1.0838709677419356,0.32473118279569896,-0.5097402597402597
2012-05-05,Terra,0.0771,0.049300000000000004,0.0792,1.0285714285714287,0.6376623376623377,-0.22125297383029338
2012-05-06,Terra,0.049100000000000005,0.0188,0.0546,1.1167400881057268,0.4118942731277533,-0.4165366614664587
2012-05-07,Terra,0.0337,0.01,0.0337,0.9912790697674418,0.29673590504451036,-0.5423340961098397
2012-05-09,Terra,0.024900000000000002,0.0079,0.0241,0.9404255319148936,0.31063829787234043,-0.525974025974026
2012-05-10,Terra,0.045200000000000004,0.015700000000000002,0.048400000000000006,1.0645161290322582,0.34734513274336287,-0.4844006568144499
2012-05-12,Terra,0.0369,0.0134,0.0396,1.03954802259887,0.36314363143631434,-0.46719681908548705
2012-05-13,Terra,0.0383,0.0173,0.0431,1.104859335038363,0.4516971279373368,-0.37769784172661874
2012-05-15,Terra,0.034,0.0135,0.0409,1.2029411764705882,0.39705882352941174,-0.4315789473684211
2012-05-16,Terra,0.0258,0.0077,0.0281,1.0804597701149425,0.30268199233716475,-0.5352941176470588
2012-05-18,Terra,0.0313,0.0111,0.0357,1.1369426751592355,0.35987261146496813,-0.47072599531615933
2012-05-23,Terra,0.0431,0.0155,0.0473,1.1206496519721578,0.3743961352657005,-0.45518453427065025
2012-05-29,Terra,0.035500000000000004,0.017400000000000002,0.0443,1.2486033519553075,0.48882681564245817,-0.3433395872420262
2012-05-30,Terra,0.023200000000000002,0.0055000000000000005,0.0253,1.0964912280701755,0.23913043478260873,-0.6140350877192982
2012-05-31,Terra,0.021400000000000002,0.0061,0.025500000000000002,1.1915887850467288,0.2850467289719626,-0.5563636363636363
2012-06-01,Terra,0.0216,0.004200000000000001,0.024300000000000002,1.125,0.18750000000000003,-0.6842105263157895
2012-06-06,Terra,0.0495,0.0279,0.0538,1.096579476861167,0.5636363636363636,-0.2790697674418605
2012-06-08,Terra,0.1839,0.18760000000000002,0.1837,0.9989124524197933,1.0201196302338227,0.00995962314939437
2012-06-09,Terra,0.031100000000000003,0.0088,0.038,1.220447284345048,0.2829581993569132,-0.5588972431077693
2012-06-10,Terra,0.0223,0.0046,0.0222,1.0,0.20361990950226244,-0.6616541353383458
2012-06-11,Terra,0.0386,0.0246,0.0446,1.161038961038961,0.6373056994818652,-0.22151898734177217
2012-06-13,Terra,0.0385,0.0177,0.0422,1.1091811414392059,0.4597402597402598,-0.3701067615658363
2012-06-14,Terra,0.0337,0.0161,0.040100000000000004,1.1740710313447928,0.4777448071216617,-0.35341365461847396
2012-06-17,Terra,0.0235,0.0081,0.0236,0.9782608695652175,0.3521739130434782,-0.4790996784565916
2012-06-18,Terra,0.0517,0.0257,0.054,1.0534351145038168,0.49709864603481624,-0.33591731266149877
2012-06-19,Terra,0.026000000000000002,0.0054,0.0315,1.1948529411764706,0.20377358490566036,-0.6614420062695924
2012-06-20,Terra,0.0247,0.0045000000000000005,0.028800000000000003,1.168627450980392,0.18410041841004185,-0.6890459363957596
2012-06-21,Terra,0.0227,0.006900000000000001,0.028,1.2435233160621761,0.3212435233160622,-0.5137254901960784
2012-06-24,Terra,0.042,0.0227,0.0475,1.1291079812206575,0.5422535211267606,-0.29680365296803646
2012-06-26,Terra,0.0541,0.0402,0.06670000000000001,1.232902033271719,0.7430683918669131,-0.14740190880169673
2012-06-27,Terra,0.0229,0.0097,0.031900000000000005,1.3744855967078187,0.4217391304347826,-0.40672782874617736
2012-06-28,Terra,0.0271,0.015600000000000001,0.0364,1.3197026022304834,0.5799256505576208,-0.26588235294117646
2012-07-01,Terra,0.0364,0.027100000000000003,0.0524,1.4755043227665705,0.7212475633528266,-0.16194790486976215
2012-07-02,Terra,0.0251,0.0123,0.041100000000000005,1.6374501992031874,0.48235294117647054,-0.34920634920634924
2012-07-03,Terra,0.0166,0.010700000000000001,0.0274,1.6540880503144653,0.6449704142011834,-0.21582733812949645
2012-07-04,Terra,0.0179,0.009000000000000001,0.027700000000000002,1.556179775280899,0.5166666666666666,-0.31868131868131866
2012-07-05,Terra,0.0267,0.0302,0.0472,1.7378277153558053,1.1310861423220973,0.06151142355008786
2012-07-06,Terra,0.021500000000000002,0.013800000000000002,0.0371,1.733644859813084,0.6180257510729614,-0.23607427055702915
2012-07-07,Terra,0.0304,0.0362,0.054900000000000004,1.8160535117056855,1.1907894736842106,0.08708708708708712
2012-07-08,Terra,0.0251,0.0183,0.0471,1.8306451612903225,0.7290836653386454,-0.1566820276497696
2012-07-09,Terra,0.027600000000000003,0.0212,0.0528,1.8888888888888888,0.7681159420289855,-0.13114754098360662
2012-07-10,Terra,0.037200000000000004,0.0279,0.057300000000000004,1.516042780748663,0.7493472584856397,-0.14328358208955225
2012-07-11,Terra,0.030600000000000002,0.0383,0.055900000000000005,1.826797385620915,1.3161512027491409,0.13649851632047477
2012-07-12,Terra,0.0257,0.020300000000000002,0.0472,1.8153846153846152,0.7807692307692308,-0.12311015118790496
2012-07-14,Terra,0.0246,0.0257,0.0521,2.09375,1.0532786885245902,0.025948103792415148
2012-07-15,Terra,0.0212,0.018000000000000002,0.0475,2.160427807486631,0.8609625668449197,-0.07471264367816097
2012-07-18,Terra,0.027200000000000002,0.035,0.0557,2.047794117647059,1.5402843601895735,0.2126865671641791
2012-07-19,Terra,0.021500000000000002,0.0414,0.049,2.2475728155339807,1.925581395348837,0.31637519872813985
2012-07-21,Terra,0.0264,0.0333,0.053700000000000005,2.0264150943396224,1.2613636363636365,0.11557788944723624
2012-07-22,Terra,0.020900000000000002,0.019700000000000002,0.044700000000000004,2.138755980861244,0.9380952380952381,-0.03194103194103192
2012-07-23,Terra,0.0196,0.0216,0.0373,1.903061224489796,1.1127450980392157,0.05336426914153132
2012-07-24,Terra,0.0238,0.016,0.0422,1.7695473251028806,0.6890756302521008,-0.18407960199004977
2012-07-25,Terra,0.024200000000000003,0.012400000000000001,0.040600000000000004,1.7088122605363985,0.47509578544061304,-0.3558441558441558
2012-07-26,Terra,0.027200000000000002,0.012,0.0449,1.667870036101083,0.44776119402985076,-0.3814432989690722
2012-07-27,Terra,0.030100000000000002,0.016800000000000002,0.0517,1.6932515337423313,0.5548172757475083,-0.28632478632478636
2012-07-28,Terra,0.025500000000000002,0.0196,0.0459,1.7000000000000002,0.8078431372549019,-0.10629067245119309
2012-07-29,Terra,0.0235,0.0189,0.04,1.6410256410256412,0.8076923076923077,-0.10638297872340426
2012-07-30,Terra,0.026500000000000003,0.024200000000000003,0.050100000000000006,1.8843283582089554,0.9029850746268657,-0.0509803921568627
2012-07-31,Terra,0.0218,0.0125,0.0373,1.7110091743119267,0.5688073394495413,-0.2748538011695906
2012-08-01,Terra,0.0284,0.0322,0.0528,1.8506944444444442,1.1249999999999998,0.05882352941176463
2012-08-02,Terra,0.0167,0.0145,0.030600000000000002,1.8454106280193239,0.8553459119496856,-0.07796610169491525
2012-08-03,Terra,0.0213,0.013900000000000001,0.0368,1.727699530516432,0.6887755102040817,-0.18429003021148035
2012-08-04,Terra,0.0212,0.0119,0.0286,1.423076923076923,0.5760869565217391,-0.2689655172413793
2012-08-06,Terra,0.020200000000000003,0.0135,0.0307,1.4844444444444442,0.6386138613861385,-0.22054380664652573
2012-08-07,Terra,0.0212,0.0146,0.0352,1.6527196652719665,0.6824644549763034,-0.18873239436619715
2012-08-09,Terra,0.037200000000000004,0.020800000000000003,0.0483,1.3709677419354838,0.5725806451612903,-0.27179487179487183
2012-08-10,Terra,0.034,0.0251,0.0528,1.5705882352941176,0.738235294117647,-0.15059221658206431
2012-08-12,Terra,0.024200000000000003,0.0132,0.0412,1.6075949367088607,0.5021097046413502,-0.33146067415730335
2012-08-18,Terra,0.0262,0.0178,0.0376,1.413919413919414,0.652014652014652,-0.21064301552106432
2012-08-19,Terra,0.031,0.0247,0.0492,1.5922330097087378,0.7841269841269841,-0.1209964412811388
2012-08-20,Terra,0.0223,0.0212,0.033600000000000005,1.5067264573991033,1.0,0.0
2012-08-21,Terra,0.0221,0.0149,0.0325,1.4788732394366197,0.6394849785407725,-0.21989528795811522
2012-08-22,Terra,0.0292,0.022000000000000002,0.040400000000000005,1.3922155688622755,0.7789473684210526,-0.1242603550295858
2012-08-23,Terra,0.0216,0.0256,0.0368,1.7268518518518519,1.1797235023041475,0.08245243128964061
2012-08-24,Terra,0.0198,0.010700000000000001,0.033600000000000005,1.6650943396226416,0.5513513513513513,-0.289198606271777
2012-08-26,Terra,0.028800000000000003,0.0201,0.035500000000000004,1.4369918699186992,0.5899419729206964,-0.2579075425790754
2012-08-28,Terra,0.0067,0.0022,0.027800000000000002,4.149253731343284,0.3283582089552239,-0.5056179775280899
2012-08-29,Terra,0.0201,0.0145,0.0315,1.5469613259668507,0.7365269461077845,-0.15172413793103448
2012-09-02,Terra,0.030000000000000002,0.025,0.0442,1.5517241379310345,0.9225092250922509,-0.04030710172744723
2012-09-03,Terra,0.0256,0.0328,0.0451,1.833333333333333,1.306772908366534,0.13298791018998274
2012-09-04,Terra,0.0489,0.036500000000000005,0.065,1.3647058823529412,0.7604938271604939,-0.13604488078541374
2012-09-05,Terra,0.0227,0.019,0.0393,1.6747572815533982,0.9574468085106383,-0.021739130434782573
2012-09-07,Terra,0.023700000000000002,0.0123,0.0356,1.5148936170212766,0.5168067226890756,-0.31855955678670367
2012-09-08,Terra,0.0228,0.0154,0.0352,1.5106382978723405,0.6437768240343348,-0.21671018276762402
2012-09-09,Terra,0.0216,0.0089,0.0307,1.4212962962962963,0.42622950819672134,-0.4022988505747126
2012-09-10,Terra,0.0176,0.012100000000000001,0.028200000000000003,1.5683060109289617,0.7034883720930233,-0.17406143344709893
2012-09-11,Terra,0.0366,0.019200000000000002,0.0488,1.3631284916201118,0.5245901639344263,-0.31182795698924726
2012-09-12,Terra,0.026000000000000002,0.011000000000000001,0.0364,1.3838028169014085,0.4119718309859155,-0.41645885286783035
2012-09-13,Terra,0.0245,0.0155,0.0363,1.4816326530612245,0.6326530612244897,-0.22500000000000003
2012-09-14,Terra,0.028800000000000003,0.0247,0.0442,1.6391752577319587,0.9545454545454546,-0.023255813953488375
2012-09-15,Terra,0.0236,0.0158,0.037000000000000005,1.5294117647058822,0.672645739910314,-0.19571045576407506
2012-09-16,Terra,0.029400000000000003,0.015300000000000001,0.041800000000000004,1.4355828220858895,0.5114754098360655,-0.32321041214750545
2012-09-17,Terra,0.0273,0.012700000000000001,0.037700000000000004,1.332,0.46289752650176674,-0.36714975845410625
2012-09-18,Terra,0.0356,0.023700000000000002,0.049300000000000004,1.4,0.6771428571428572,-0.19250425894378195
2012-09-19,Terra,0.0262,0.0151,0.0368,1.3834586466165413,0.5725190839694657,-0.27184466019417475
2012-09-20,Terra,0.0396,0.0292,0.053500000000000006,1.3719912472647702,0.7373737373737373,-0.15116279069767447
2012-09-21,Terra,0.0223,0.0164,0.031100000000000003,1.409090909090909,0.7688442211055276,-0.13068181818181818
2012-09-22,Terra,0.0221,0.012700000000000001,0.0315,1.425339366515837,0.5681818181818182,-0.27536231884057966
2012-09-23,Terra,0.0238,0.007500000000000001,0.0363,1.4831932773109244,0.28991596638655465,-0.5504885993485342
2012-09-24,Terra,0.0323,0.0132,0.048100000000000004,1.46875,0.39999999999999997,-0.42857142857142855
2012-09-25,Terra,0.006500000000000001,0.0196,0.017400000000000002,2.676923076923077,3.015384615384615,0.5019157088122606
2012-09-26,Terra,0.031400000000000004,0.0297,0.051000000000000004,1.627831715210356,0.9288025889967637,-0.03691275167785236
2012-09-29,Terra,0.0437,0.033600000000000005,0.0577,1.327188940092166,0.7688787185354692,-0.13065976714100902
2012-09-30,Terra,0.025500000000000002,0.0131,0.036000000000000004,1.3457249070631971,0.48698884758364314,-0.345
2012-10-01,Terra,0.033,0.006900000000000001,0.0424,1.2977528089887642,0.21428571428571427,-0.6470588235294118
2012-10-02,Terra,0.0296,0.0148,0.0432,1.468013468013468,0.5103448275862069,-0.3242009132420091
2012-10-03,Terra,0.050100000000000006,0.0164,0.0562,1.121756487025948,0.32987551867219916,-0.5039001560062402
2012-10-04,Terra,0.0431,0.011300000000000001,0.0524,1.222222222222222,0.26851851851851855,-0.5766423357664234
2012-10-05,Terra,0.0568,0.0285,0.06430000000000001,1.156414762741652,0.5034246575342466,-0.3302961275626423
2012-10-06,Terra,0.0472,0.011000000000000001,0.056900000000000006,1.2055084745762714,0.22672064777327935,-0.6303630363036303
2012-10-07,Terra,0.0426,0.0088,0.048600000000000004,1.1414141414141414,0.21640091116173119,-0.6441947565543071
2012-10-08,Terra,0.046200000000000005,0.0199,0.0614,1.3308641975308642,0.448051948051948,-0.38116591928251126
2012-10-09,Terra,0.0495,0.016300000000000002,0.062200000000000005,1.2565656565656567,0.33913043478260874,-0.49350649350649345
2012-10-10,Terra,0.042300000000000004,0.0151,0.0531,1.24009900990099,0.3304157549234136,-0.5032894736842105
2012-10-11,Terra,0.0436,0.008,0.055200000000000006,1.2660550458715598,0.1834862385321101,-0.689922480620155
2012-10-12,Terra,0.0451,0.0137,0.055600000000000004,1.2438478747203578,0.3064876957494407,-0.5308219178082192
2012-10-17,Terra,0.052500000000000005,0.0081,0.0616,1.1438721136767318,0.14615384615384613,-0.7449664429530201
2012-10-21,Terra,0.0835,0.026000000000000002,0.0944,1.1305389221556885,0.31137724550898205,-0.5251141552511415
2012-10-25,Terra,0.06860000000000001,0.0137,0.0794,1.120320855614973,0.20336605890603085,-0.662004662004662
2012-10-29,Terra,0.0685,0.018000000000000002,0.0804,1.17663421418637,0.2764227642276423,-0.5668789808917197
2012-11-07,Terra,0.07640000000000001,0.0193,0.0849,1.1112565445026177,0.2526178010471204,-0.5966562173458726
2012-11-10,Terra,0.0884,0.024,0.0838,0.9378468368479468,0.2761795166858458,-0.5671776375112715
2012-11-25,Terra,0.1044,0.0325,0.0954,0.9190751445086704,0.313102119460501,-0.5231107850330154
2012-12-02,Terra,0.09910000000000001,0.042100000000000005,0.0738,0.7447023208879919,0.42694300518134715,-0.4015976761074801
2012-12-03,Terra,0.11080000000000001,0.055400000000000005,0.1029,0.9207920792079207,0.5013574660633484,-0.33212778782399033
2012-12-05,Terra,0.1004,0.035,0.0946,0.9497991967871485,0.34860557768924305,-0.48301329394386994
2012-12-06,Terra,0.10160000000000001,0.0395,0.09530000000000001,0.9379243452958292,0.3907815631262525,-0.4380403458213256
2012-12-09,Terra,0.098,0.037000000000000005,0.0863,0.8806122448979592,0.3581800580832527,-0.4725588025659301
2012-12-12,Terra,0.0893,0.022600000000000002,0.08800000000000001,0.987750556792873,0.25279642058165547,-0.5964285714285713
2012-12-13,Terra,0.0712,0.019200000000000002,0.057800000000000004,0.8597222222222222,0.26711409395973157,-0.5783898305084746
2013-03-09,Terra,0.0478,0.0091,0.049600000000000005,1.0774058577405858,0.20891364902506965,-0.6543778801843319
2013-03-15,Terra,0.0639,0.0228,0.07730000000000001,1.2087227414330217,0.36619718309859156,-0.4639175257731958
2013-03-16,Terra,0.0458,0.0193,0.0543,1.1704834605597965,0.4541176470588235,-0.37540453074433655
2013-03-17,Terra,0.0608,0.0151,0.0618,1.0164473684210527,0.2644483362521891,-0.5817174515235457
2013-03-18,Terra,0.0551,0.0241,0.0627,1.1395759717314486,0.4280639431616341,-0.400497512437811
2013-03-22,Terra,0.0824,0.0329,0.0949,1.1589805825242718,0.39927184466019416,-0.4293148308759757
2013-03-29,Terra,0.0402,0.012400000000000001,0.0471,1.174563591022444,0.3092269326683292,-0.5276190476190477
2013-03-30,Terra,0.0437,0.0095,0.0505,1.1464530892448512,0.21590909090909088,-0.6448598130841121
2013-04-08,Terra,0.0625,0.0235,0.0651,1.0333333333333334,0.38827258320126784,-0.44063926940639264
2013-04-11,Terra,0.0665,0.028,0.075,1.1213063763608084,0.4225563909774436,-0.40591966173361527
2013-04-13,Terra,0.078,0.0371,0.0813,1.0423076923076924,0.47613219094247244,-0.3548922056384743
2013-04-15,Terra,0.068,0.0239,0.076,1.1176470588235292,0.35250737463126847,-0.47873500545256265
2013-04-17,Terra,0.048600000000000004,0.012,0.051000000000000004,1.0626304801670146,0.25,-0.6
2013-04-18,Terra,0.0539,0.011300000000000001,0.0609,1.1284916201117319,0.21172022684310018,-0.6505460218408736
2013-04-20,Terra,0.0611,0.0212,0.0669,1.0949263502454991,0.34369885433715225,-0.48842874543239945
2013-04-21,Terra,0.0575,0.022600000000000002,0.0644,1.1260647359454856,0.39219015280135827,-0.4365853658536585
2013-04-22,Terra,0.0732,0.0375,0.0781,1.057377049180328,0.5100133511348465,-0.3244916003536693
2013-04-23,Terra,0.050300000000000004,0.0175,0.055600000000000004,1.0884615384615384,0.3353783231083845,-0.4977029096477795
2013-04-24,Terra,0.0419,0.012,0.0443,1.045346062052506,0.2820512820512821,-0.56
2013-04-25,Terra,0.048100000000000004,0.0195,0.0505,1.04989604989605,0.4054054054054054,-0.4230769230769231
2013-04-26,Terra,0.0375,0.0117,0.0376,1.0275229357798166,0.312,-0.5243902439024389
2013-04-27,Terra,0.042800000000000005,0.011300000000000001,0.0477,1.1093023255813952,0.26635514018691586,-0.5793357933579336
2013-04-30,Terra,0.0465,0.013900000000000001,0.0524,1.1440860215053765,0.3041575492341357,-0.5335570469798657
2013-05-01,Terra,0.0495,0.0176,0.0528,1.0662650602409638,0.35470941883767537,-0.4763313609467456
2013-05-02,Terra,0.0444,0.013000000000000001,0.0522,1.1783295711060948,0.29213483146067415,-0.5478260869565217
2013-05-03,Terra,0.040100000000000004,0.011300000000000001,0.044500000000000005,1.115,0.2820512820512821,-0.5599999999999999
2013-05-05,Terra,0.0417,0.0135,0.0463,1.1129807692307692,0.3245192307692307,-0.5099818511796734
2013-05-06,Terra,0.057800000000000004,0.0257,0.0673,1.1643598615916955,0.444636678200692,-0.3844311377245509
2013-05-07,Terra,0.0585,0.0285,0.0678,1.1589743589743589,0.48717948717948717,-0.3448275862068966
2013-05-09,Terra,0.0396,0.0145,0.0473,1.2086956521739132,0.337995337995338,-0.4947735191637631
2013-05-10,Terra,0.0367,0.0119,0.0417,1.1412742382271468,0.3210526315789474,-0.5139442231075696
2013-05-14,Terra,0.0364,0.0102,0.0434,1.1813333333333333,0.2762430939226519,-0.5670995670995671
2013-05-17,Terra,0.0388,0.0145,0.044500000000000005,1.1138014527845035,0.3746770025839793,-0.45488721804511284
2013-05-19,Terra,0.031900000000000005,0.008400000000000001,0.0347,1.0797546012269938,0.2555205047318612,-0.5929648241206029
2013-05-20,Terra,0.032,0.010400000000000001,0.039400000000000004,1.2281250000000001,0.32,-0.5151515151515151
2013-05-22,Terra,0.0594,0.0281,0.06760000000000001,1.1335559265442403,0.4730639730639731,-0.35771428571428576
2013-05-23,Terra,0.0456,0.012400000000000001,0.0568,1.2456140350877194,0.2719298245614035,-0.5724137931034482
2013-05-24,Terra,0.0324,0.011000000000000001,0.0392,1.1964735516372795,0.34161490683229817,-0.49074074074074064
2013-05-25,Terra,0.0385,0.013300000000000001,0.0494,1.2806122448979593,0.34285714285714286,-0.4893617021276596
2013-05-26,Terra,0.059800000000000006,0.029,0.0675,1.12876254180602,0.4849498327759197,-0.34684684684684686
2013-05-28,Terra,0.0366,0.0125,0.0438,1.1967213114754098,0.34173669467787116,-0.49060542797494777
2013-05-30,Terra,0.0333,0.0145,0.0443,1.3313782991202348,0.4354354354354354,-0.393305439330544
2013-05-31,Terra,0.045000000000000005,0.0196,0.053500000000000006,1.1888888888888889,0.44418052256532065,-0.3848684210526316
2013-06-01,Terra,0.035300000000000005,0.0149,0.0449,1.271954674220963,0.4220963172804532,-0.4063745019920319
2013-06-02,Terra,0.0621,0.0397,0.0682,1.095761381475667,0.631336405529954,-0.22598870056497172
2013-06-03,Terra,0.036000000000000004,0.0172,0.045700000000000005,1.2412790697674418,0.49189189189189186,-0.34057971014492755
2013-06-04,Terra,0.027,0.008700000000000001,0.0325,1.1821561338289963,0.34532374100719426,-0.48663101604278075
2013-06-05,Terra,0.025900000000000003,0.011000000000000001,0.033,1.2546125461254611,0.41697416974169743,-0.4114583333333333
2013-06-06,Terra,0.0223,0.0082,0.028300000000000002,1.2863636363636364,0.3739495798319327,-0.4556574923547401
2013-06-07,Terra,0.0205,0.007,0.028200000000000003,1.375609756097561,0.3414634146341463,-0.49090909090909096
2013-06-08,Terra,0.0212,0.0068000000000000005,0.028200000000000003,1.330188679245283,0.3238095238095238,-0.5107913669064749
2013-06-09,Terra,0.058800000000000005,0.0472,0.0743,1.2636054421768708,0.802721088435374,-0.10943396226415099
2013-06-10,Terra,0.037700000000000004,0.0332,0.0514,1.4041994750656168,0.8713910761154855,-0.06872370266479666
2013-06-11,Terra,0.029900000000000003,0.0241,0.0505,1.6889632107023411,0.794392523364486,-0.11458333333333336
2013-06-12,Terra,0.0256,0.0123,0.0392,1.5719844357976656,0.4785992217898833,-0.35263157894736846
2013-06-14,Terra,0.0251,0.016900000000000002,0.0434,1.7470817120622568,0.6735537190082644,-0.1950617283950617
2013-06-15,Terra,0.0363,0.0408,0.0594,1.6454293628808865,1.12707182320442,0.05974025974025973
2013-06-16,Terra,0.0811,0.0748,0.0985,1.2241784037558687,0.9025821596244132,-0.051202961135101706
2013-06-17,Terra,0.0279,0.0308,0.055600000000000004,2.0205479452054798,1.1296296296296298,0.060869565217391355
2013-06-22,Terra,0.023200000000000002,0.024300000000000002,0.0492,2.0163934426229506,0.9959016393442623,-0.002053388090349063
2013-06-27,Terra,0.0247,0.038,0.0485,1.9666666666666666,1.5666666666666667,0.2207792207792208
2013-06-28,Terra,0.0188,0.16640000000000002,0.047400000000000005,2.521276595744681,9.193370165745856,0.8037940379403794
2013-06-29,Terra,0.0182,0.0059,0.029900000000000003,1.6839080459770115,0.3333333333333333,-0.5
2013-06-30,Terra,0.0182,0.0123,0.0351,1.9241071428571428,0.625,-0.23076923076923075
2013-07-01,Terra,0.052000000000000005,0.049800000000000004,0.0694,1.3542074363992171,0.9558541266794627,-0.022571148184494568
2013-07-03,Terra,0.034800000000000005,0.0241,0.0509,1.4753623188405796,0.6905444126074498,-0.18305084745762715
2013-07-05,Terra,0.0182,0.015700000000000002,0.038400000000000004,2.10989010989011,0.8626373626373627,-0.07374631268436574
2013-07-06,Terra,0.0212,0.011300000000000001,0.0354,1.702020202020202,0.5404040404040404,-0.2983606557377049
2013-07-07,Terra,0.0281,0.0102,0.0444,1.5800711743772242,0.3629893238434164,-0.4673629242819843
2013-07-08,Terra,0.0228,0.012400000000000001,0.0379,1.7627906976744185,0.5767441860465117,-0.26843657817109146
2013-07-09,Terra,0.0241,0.015600000000000001,0.0407,1.6562499999999998,0.625,-0.23076923076923075
2013-07-10,Terra,0.0244,0.0274,0.0511,2.0547945205479454,1.1111111111111112,0.052631578947368404
2013-07-11,Terra,0.0315,0.0263,0.0517,1.6174242424242424,0.9205882352941176,-0.04134762633996939
2013-07-12,Terra,0.024200000000000003,0.023200000000000002,0.051000000000000004,2.0901639344262297,0.9098712446351931,-0.04719101123595509
2013-07-13,Terra,0.0207,0.0128,0.0373,1.8046511627906976,0.5981308411214953,-0.2514619883040936
2013-07-14,Terra,0.0211,0.0118,0.0396,1.8421052631578945,0.5221238938053097,-0.3139534883720931
2013-07-15,Terra,0.050800000000000005,0.0429,0.0702,1.3818897637795273,0.8444881889763779,-0.0843116328708645
2013-07-17,Terra,0.0196,0.0111,0.0351,1.7835051546391751,0.575875486381323,-0.2691358024691358
2013-07-18,Terra,0.056100000000000004,0.048100000000000004,0.0741,1.3255813953488371,0.8550983899821109,-0.07810993249758921
2013-07-19,Terra,0.0273,0.0162,0.0473,1.7289377289377288,0.5907172995780591,-0.25729442970822286
2013-07-20,Terra,0.0412,0.036000000000000004,0.0613,1.4902912621359223,0.8883495145631068,-0.05912596401028277
2013-07-21,Terra,0.029,0.0233,0.0514,1.7069486404833836,0.7039274924471298,-0.17375886524822698
2013-07-22,Terra,0.0219,0.0146,0.0379,1.9141414141414141,0.7373737373737373,-0.15116279069767447
2013-07-25,Terra,0.027600000000000003,0.029400000000000003,0.0529,2.0320284697508897,1.0507246376811594,0.024734982332155448
2013-07-27,Terra,0.0463,0.036000000000000004,0.0663,1.4319654427645787,0.7555110220440883,-0.139269406392694
2013-07-28,Terra,0.023,0.0183,0.044000000000000004,1.9004524886877827,0.7446043165467625,-0.14639175257731962
2013-07-29,Terra,0.021500000000000002,0.0149,0.0374,1.7799043062200957,0.6898148148148148,-0.18356164383561643
2013-08-01,Terra,0.0036000000000000003,0.0458,0.027800000000000002,7.499999999999999,12.055555555555555,0.8468085106382979
2013-08-02,Terra,0.0235,0.040400000000000005,0.0524,2.2983193277310927,1.719148936170213,0.26447574334898283
2013-08-03,Terra,0.049600000000000005,0.04,0.06910000000000001,1.3754863813229572,0.8099173553719007,-0.10502283105022837
2013-08-04,Terra,0.028900000000000002,0.0358,0.055,1.9550173010380623,1.2924187725631768,0.12755905511811017
2013-08-05,Terra,0.0379,0.021,0.054700000000000006,1.4158163265306123,0.5526315789473685,-0.28813559322033894
2013-08-06,Terra,0.0199,0.019200000000000002,0.0352,1.7688442211055277,0.9648241206030151,-0.017902813299232715
2013-08-11,Terra,0.0251,0.0206,0.032100000000000004,1.2886178861788617,0.8373983739837398,-0.08849557522123894
2013-08-12,Terra,0.0263,0.017,0.033600000000000005,1.3087719298245613,0.6158940397350994,-0.23770491803278684
2013-08-13,Terra,0.029,0.014700000000000001,0.038200000000000005,1.360927152317881,0.506896551724138,-0.32723112128146453
2013-08-14,Terra,0.027700000000000002,0.0112,0.0351,1.239057239057239,0.39492753623188404,-0.4337662337662338
2013-08-15,Terra,0.027200000000000002,0.0111,0.034,1.2580645161290323,0.40808823529411764,-0.4203655352480419
2013-08-16,Terra,0.022500000000000003,0.0079,0.0297,1.273109243697479,0.3636363636363636,-0.4666666666666667
2013-08-17,Terra,0.012400000000000001,0.0057,0.012100000000000001,0.9758064516129032,0.4596774193548387,-0.37016574585635365
2013-08-18,Terra,0.0291,0.014400000000000001,0.0349,1.1890034364261168,0.5017421602787457,-0.33178654292343385
2013-08-19,Terra,0.0236,0.0082,0.0284,1.2167300380228137,0.35344827586206895,-0.4777070063694267
2013-08-20,Terra,0.032600000000000004,0.017400000000000002,0.0432,1.3251533742331287,0.5337423312883436,-0.304
2013-08-23,Terra,0.0351,0.020800000000000003,0.042,1.1918465227817745,0.6079545454545455,-0.24381625441696111
2013-08-24,Terra,0.0332,0.011600000000000001,0.0397,1.1744186046511629,0.3493975903614458,-0.48214285714285715
2013-08-26,Terra,0.0227,0.007,0.0297,1.3083700440528634,0.30837004405286345,-0.5286195286195287
2013-08-27,Terra,0.024300000000000002,0.018500000000000003,0.033600000000000005,1.4233333333333333,0.7939914163090129,-0.11483253588516742
2013-08-28,Terra,0.0217,0.005,0.0256,1.2251308900523559,0.22685185185185183,-0.630188679245283
2013-08-29,Terra,0.0292,0.0134,0.038,1.3013698630136985,0.4589041095890411,-0.37089201877934275
2013-08-30,Terra,0.0223,0.0064,0.028900000000000002,1.3047210300429184,0.29910714285714285,-0.5395189003436426
2013-08-31,Terra,0.0211,0.0044,0.0292,1.2985781990521328,0.21343873517786563,-0.6482084690553747
2013-09-01,Terra,0.0194,0.0054,0.0235,1.2009803921568627,0.2654028436018957,-0.5805243445692884
2013-09-02,Terra,0.0264,0.007,0.035500000000000004,1.34469696969697,0.2591240875912409,-0.5884057971014491
2013-09-03,Terra,0.025500000000000002,0.0054,0.0328,1.303030303030303,0.20833333333333334,-0.6551724137931034
2013-09-04,Terra,0.028,0.007500000000000001,0.0366,1.29136690647482,0.2785714285714286,-0.5642458100558659
2013-09-07,Terra,0.0324,0.0092,0.043500000000000004,1.2985074626865671,0.2839506172839506,-0.5576923076923077
2013-09-08,Terra,0.0303,0.0051,0.0362,1.2065573770491802,0.16560509554140126,-0.7158469945355191
2013-09-09,Terra,0.0324,0.0058000000000000005,0.0396,1.2276657060518732,0.18269230769230768,-0.6910569105691057
2013-09-10,Terra,0.033800000000000004,0.0068000000000000005,0.0431,1.2844036697247707,0.20118343195266272,-0.6650246305418719
2013-09-11,Terra,0.0308,0.0059,0.0396,1.2548262548262548,0.19005847953216376,-0.6805896805896806
2013-09-13,Terra,0.037700000000000004,0.0112,0.0449,1.209039548022599,0.2986666666666667,-0.5400410677618069
2013-09-14,Terra,0.0472,0.018000000000000002,0.06280000000000001,1.3305084745762714,0.3821656050955414,-0.4470046082949308
2013-09-15,Terra,0.0412,0.0158,0.049800000000000004,1.1976190476190476,0.38630806845965776,-0.4426807760141093
2013-09-16,Terra,0.045200000000000004,0.009600000000000001,0.056900000000000006,1.2779043280182232,0.21867881548974943,-0.6411214953271027
2013-09-18,Terra,0.032100000000000004,0.0082,0.0415,1.2888198757763976,0.25625000000000003,-0.592039800995025
2013-09-19,Terra,0.033600000000000005,0.006500000000000001,0.038700000000000005,1.1517857142857142,0.19345238095238093,-0.6758104738154614
2013-09-20,Terra,0.0344,0.009000000000000001,0.043000000000000003,1.2405797101449276,0.2628398791540785,-0.583732057416268
2013-09-25,Terra,0.06760000000000001,0.029500000000000002,0.0858,1.2692307692307692,0.4363905325443787,-0.392378990731205
2013-09-26,Terra,0.0577,0.0188,0.07100000000000001,1.2305025996533796,0.32582322357019067,-0.5084967320261439
2013-09-27,Terra,0.041600000000000005,0.0098,0.0478,1.165,0.2331730769230769,-0.621832358674464
2013-09-30,Terra,0.07050000000000001,0.028200000000000003,0.0719,1.0198581560283688,0.4,-0.42857142857142855
2013-10-02,Terra,0.045000000000000005,0.011300000000000001,0.056400000000000006,1.2674157303370785,0.23777777777777778,-0.6157989228007181
2013-10-03,Terra,0.049300000000000004,0.0092,0.0582,1.1733870967741935,0.1866125760649087,-0.6854700854700855
2013-10-04,Terra,0.0439,0.011600000000000001,0.0483,1.0911111111111111,0.26027397260273977,-0.5869565217391304
2013-10-05,Terra,0.0439,0.0083,0.0521,1.1818181818181819,0.18260869565217394,-0.6911764705882352
2013-10-06,Terra,0.046,0.0125,0.0587,1.2650862068965516,0.27173913043478265,-0.5726495726495727
2013-10-08,Terra,0.0475,0.009600000000000001,0.053000000000000005,1.1228813559322035,0.2082429501084599,-0.6552962298025136
2013-10-12,Terra,0.054,0.010700000000000001,0.062400000000000004,1.1349911190053286,0.20209059233449478,-0.6637681159420289
2013-10-13,Terra,0.062200000000000005,0.012100000000000001,0.0668,1.0670826833073324,0.1929530201342282,-0.6765119549929678
2013-10-14,Terra,0.06330000000000001,0.015600000000000001,0.0707,1.128526645768025,0.2425742574257426,-0.6095617529880477
2013-10-15,Terra,0.0502,0.0097,0.052700000000000004,1.0661577608142494,0.1936842105263158,-0.6754850088183422
2013-10-16,Terra,0.0719,0.0142,0.07730000000000001,1.0751043115438108,0.19749652294853964,-0.6701509872241579
2013-10-17,Terra,0.06330000000000001,0.0098,0.06620000000000001,1.0577557755775577,0.16541353383458646,-0.7161290322580645
2013-10-18,Terra,0.06910000000000001,0.013000000000000001,0.0756,1.094066570188133,0.2090032154340836,-0.6542553191489362
2013-10-19,Terra,0.0656,0.0122,0.0713,1.0875000000000001,0.18307905686546463,-0.6905041031652989
2013-10-20,Terra,0.0719,0.0125,0.078,1.09180790960452,0.1765536723163842,-0.6998799519807923
2013-10-21,Terra,0.0702,0.013300000000000001,0.07540000000000001,1.068917018284107,0.18706047819971874,-0.6848341232227487
2013-10-22,Terra,0.06770000000000001,0.0109,0.0756,1.0946915351506457,0.16119402985074627,-0.7223650385604112
2013-10-23,Terra,0.0668,0.0142,0.0741,1.1092814371257484,0.2125748502994012,-0.6493827160493826
2013-10-24,Terra,0.0687,0.0135,0.068,0.9898107714701603,0.19650655021834063,-0.6715328467153285
2013-10-25,Terra,0.0794,0.0154,0.0876,1.1032745591939546,0.1939546599496222,-0.6751054852320676
2013-10-26,Terra,0.06920000000000001,0.0131,0.0734,1.063768115942029,0.1923774954627949,-0.6773211567732116
2013-10-27,Terra,0.0863,0.0252,0.082,0.9673278879813303,0.28399122807017546,-0.5576430401366352
2013-10-29,Terra,0.0829,0.019700000000000002,0.08220000000000001,1.007177033492823,0.23702830188679244,-0.6167778836987609
2013-10-30,Terra,0.1041,0.028300000000000002,0.10640000000000001,1.0220941402497599,0.2718539865513929,-0.5725075528700906
2013-10-31,Terra,0.0881,0.0584,0.0915,1.0385925085130534,0.662883087400681,-0.20273037542662115
2013-11-01,Terra,0.0902,0.033,0.0916,1.015521064301552,0.36585365853658536,-0.4642857142857143
2013-11-04,Terra,0.0813,0.019200000000000002,0.0809,0.9950799507995081,0.22629543045288292,-0.6309287610326144
2013-11-13,Terra,0.06910000000000001,0.0125,0.0648,0.9487554904831624,0.18234442836468884,-0.6915544675642595
2013-11-14,Terra,0.0703,0.012700000000000001,0.0636,0.89807976366322,0.18289085545722716,-0.6907730673316709
2013-11-16,Terra,0.0741,0.0252,0.0648,0.8900709219858155,0.340080971659919,-0.49244712990936557
2013-11-17,Terra,0.0821,0.0151,0.0819,0.994026284348865,0.18364779874213835,-0.6896918172157279
2013-11-21,Terra,0.0795,0.0253,0.0656,0.8282828282828283,0.3220551378446115,-0.5127962085308058
2013-11-22,Terra,0.0718,0.0221,0.062,0.8869814020028611,0.32045779685264664,-0.5146262188515709
2013-11-23,Terra,0.0682,0.0182,0.055900000000000005,0.8031609195402298,0.2665639445300462,-0.5790754257907543
2013-11-24,Terra,0.062,0.012400000000000001,0.0587,0.94585448392555,0.20135363790186125,-0.6647887323943661
2013-11-28,Terra,0.0692,0.0111,0.0654,0.9583975346687212,0.16040462427745666,-0.7235367372353674
2013-11-29,Terra,0.061200000000000004,0.0134,0.07050000000000001,1.1519607843137256,0.21895424836601307,-0.6407506702412868
2013-12-04,Terra,0.0804,0.031900000000000005,0.0719,0.9133663366336633,0.3967661691542289,-0.4318788958147817
2014-02-01,Terra,0.11040000000000001,0.0551,0.1226,1.1105072463768115,0.4990942028985507,-0.3341389728096677
2014-02-21,Terra,0.056900000000000006,0.0176,0.0695,1.2156862745098038,0.31016042780748665,-0.5265306122448978
2014-02-22,Terra,0.038400000000000004,0.0054,0.0459,1.171875,0.13846153846153847,-0.7567567567567567
2014-02-23,Terra,0.042100000000000005,0.006900000000000001,0.049800000000000004,1.171764705882353,0.1675392670157068,-0.7130044843049327
2014-03-11,Terra,0.045200000000000004,0.006500000000000001,0.0546,1.1943231441048037,0.14380530973451328,-0.7485493230174082
2014-03-12,Terra,0.0364,0.0058000000000000005,0.0425,1.1876675603217157,0.15934065934065936,-0.7251184834123223
2014-03-15,Terra,0.0332,0.006,0.0383,1.1839080459770113,0.17757009345794392,-0.6984126984126985
2014-03-17,Terra,0.061200000000000004,0.0172,0.0656,1.1045751633986929,0.2866666666666666,-0.5544041450777203
2014-03-18,Terra,0.0505,0.0085,0.060700000000000004,1.198019801980198,0.16831683168316833,-0.711864406779661
2014-03-19,Terra,0.042,0.0066,0.0524,1.2458233890214798,0.15654205607476634,-0.7292929292929294
2014-03-20,Terra,0.0497,0.0097,0.0592,1.1911468812877264,0.19635627530364375,-0.6717428087986463
2014-03-21,Terra,0.0438,0.009000000000000001,0.050100000000000006,1.1438356164383563,0.19863013698630141,-0.6685714285714286
2014-03-22,Terra,0.0441,0.0083,0.0512,1.1323210412147506,0.1894273127753304,-0.6814814814814814
2014-03-23,Terra,0.047,0.0142,0.053700000000000005,1.1464968152866242,0.3186046511627907,-0.5167548500881834
2014-03-24,Terra,0.0477,0.0188,0.057,1.1949685534591195,0.39203354297693926,-0.4367469879518072
2014-04-02,Terra,0.047,0.0095,0.0541,1.1607142857142858,0.200836820083682,-0.6655052264808361
2014-04-07,Terra,0.042100000000000005,0.0111,0.0456,1.1070559610705595,0.2795698924731183,-0.5630252100840336
2014-04-09,Terra,0.036500000000000005,0.0068000000000000005,0.0403,1.095890410958904,0.18783068783068785,-0.6837416481069042
2014-04-10,Terra,0.042,0.0135,0.048100000000000004,1.1474201474201475,0.3316953316953317,-0.5018450184501846
2014-04-11,Terra,0.032600000000000004,0.007200000000000001,0.0346,1.0613496932515336,0.21779141104294478,-0.6423173803526447
2014-04-12,Terra,0.0403,0.008400000000000001,0.047400000000000005,1.167487684729064,0.21994884910485932,-0.6394129979035639
2014-04-13,Terra,0.036500000000000005,0.006900000000000001,0.0391,1.0720221606648201,0.18648648648648647,-0.6856492027334852
2014-04-14,Terra,0.0419,0.0111,0.048,1.1468531468531469,0.27204030226700254,-0.5722772277227722
2014-04-16,Terra,0.046700000000000005,0.0146,0.0531,1.1267942583732058,0.31263383297644537,-0.5236541598694943
2014-04-18,Terra,0.07,0.042800000000000005,0.0779,1.1107913669064748,0.6014285714285714,-0.2488849241748439
2014-04-20,Terra,0.0432,0.012700000000000001,0.049100000000000005,1.1264637002341922,0.2927400468384075,-0.5471014492753623
2014-04-22,Terra,0.0517,0.0129,0.057100000000000005,1.1215139442231077,0.2457142857142857,-0.6055045871559633
2014-04-28,Terra,0.053200000000000004,0.0235,0.0614,1.1564245810055864,0.44155844155844154,-0.38738738738738737
2014-04-29,Terra,0.0362,0.0095,0.041,1.1201117318435756,0.2569832402234637,-0.5911111111111111
2014-05-06,Terra,0.0427,0.0118,0.048,1.1229314420803782,0.2764976958525346,-0.5667870036101083
2014-05-07,Terra,0.051500000000000004,0.019,0.057,1.1111111111111112,0.37500000000000006,-0.4545454545454546
2014-05-10,Terra,0.0511,0.0145,0.0621,1.214,0.28160919540229884,-0.5605381165919283
2014-05-11,Terra,0.0736,0.0434,0.0771,1.0551905387647833,0.5896739130434783,-0.2581196581196581
2014-05-13,Terra,0.0375,0.0105,0.0395,1.0606860158311344,0.28,-0.5624999999999999
2014-05-14,Terra,0.044000000000000004,0.012100000000000001,0.050100000000000006,1.1395348837209303,0.275,-0.5686274509803922
2014-05-16,Terra,0.0386,0.0111,0.0436,1.1295336787564767,0.28756476683937826,-0.5533199195171027
2014-05-17,Terra,0.0388,0.012100000000000001,0.0466,1.212820512820513,0.31266149870801035,-0.5236220472440946
2014-05-20,Terra,0.07350000000000001,0.044000000000000004,0.0792,1.076607387140903,0.6019283746556474,-0.24849527085124673
2014-05-21,Terra,0.0422,0.013300000000000001,0.0492,1.1658767772511849,0.3222748815165877,-0.5125448028673835
2014-05-22,Terra,0.034,0.007,0.0381,1.1305637982195846,0.20474777448071219,-0.6600985221674877
2014-05-24,Terra,0.043000000000000003,0.0182,0.0522,1.2028985507246377,0.44598337950138506,-0.3831417624521073
2014-05-26,Terra,0.0408,0.0114,0.049100000000000005,1.2139303482587065,0.2842639593908629,-0.5573122529644269
2014-05-27,Terra,0.1057,0.0799,0.1101,1.0508628519527703,0.7559129612109744,-0.1390086206896552
2014-05-28,Terra,0.0555,0.024300000000000002,0.0675,1.2162162162162162,0.4285714285714286,-0.39999999999999997
2014-05-29,Terra,0.0413,0.014,0.046,1.1243654822335023,0.33573141486810554,-0.49730700179533216
2014-05-30,Terra,0.0374,0.0128,0.0444,1.1940700808625337,0.3450134770889488,-0.4869739478957916
2014-05-31,Terra,0.0318,0.0076,0.0362,1.115501519756839,0.240625,-0.6120906801007557
2014-06-01,Terra,0.0397,0.013900000000000001,0.0488,1.2252475247524752,0.3545918367346939,-0.47645951035781536
2014-06-02,Terra,0.0403,0.016,0.052000000000000005,1.2843373493975903,0.40404040404040403,-0.4244604316546763
2014-06-03,Terra,0.0523,0.0286,0.061500000000000006,1.1759082217973233,0.5468451242829828,-0.29295426452410384
2014-06-04,Terra,0.033,0.0099,0.0466,1.3899204244031829,0.3172205438066465,-0.518348623853211
2014-06-05,Terra,0.077,0.0539,0.08320000000000001,1.0862944162436547,0.6918158567774936,-0.18216175359032505
2014-06-06,Terra,0.039,0.017,0.0489,1.2538461538461538,0.43846153846153846,-0.39037433155080214
2014-06-07,Terra,0.0345,0.0152,0.043000000000000003,1.2751479289940826,0.4450867052023122,-0.38399999999999995
2014-06-08,Terra,0.039900000000000005,0.0218,0.0517,1.3032581453634084,0.5463659147869674,-0.29335494327390604
2014-06-09,Terra,0.0279,0.010100000000000001,0.0368,1.3225806451612903,0.3620071684587814,-0.46842105263157885
2014-06-10,Terra,0.0388,0.0222,0.0521,1.324742268041237,0.5515463917525774,-0.2890365448504983
2014-06-11,Terra,0.035300000000000005,0.019200000000000002,0.0531,1.488888888888889,0.5650887573964497,-0.277882797731569
2014-06-12,Terra,0.1044,0.0876,0.114,1.1016144349477683,0.8397683397683398,-0.087093389296957
2014-06-15,Terra,0.0263,0.0212,0.042800000000000005,1.750877192982456,0.7651821862348178,-0.1330275229357798
2014-06-16,Terra,0.0263,0.0194,0.0451,1.722007722007722,0.7451737451737451,-0.14601769911504428
2014-06-17,Terra,0.0317,0.0247,0.051500000000000004,1.6327160493827162,0.7884615384615384,-0.11827956989247314
2014-06-18,Terra,0.027700000000000002,0.0258,0.0539,1.8532423208191124,0.9310344827586207,-0.03571428571428575
2014-06-19,Terra,0.030500000000000003,0.038400000000000004,0.0543,1.7508196721311475,1.1278688524590164,0.060092449922958355
2014-06-20,Terra,0.0273,0.0159,0.046400000000000004,1.7612903225806453,0.624505928853755,-0.2311435523114355
2014-06-22,Terra,0.0246,0.027,0.048400000000000006,1.8615384615384616,1.0384615384615383,0.018867924528301838
2014-06-23,Terra,0.0363,0.0342,0.052700000000000004,1.516795865633075,0.8870588235294118,-0.05985037406483788
2014-06-24,Terra,0.024,0.0172,0.038,1.5833333333333333,0.7166666666666667,-0.1650485436893204
2014-06-28,Terra,0.02,0.0246,0.042300000000000004,2.166666666666667,1.2058823529411764,0.09333333333333331
2014-06-29,Terra,0.0235,0.0324,0.047,1.9469964664310955,1.1448763250883391,0.06754530477759466
2014-06-30,Terra,0.023200000000000002,0.013600000000000001,0.0371,1.5510204081632653,0.5551020408163265,-0.28608923884514437
2014-07-02,Terra,0.032600000000000004,0.014,0.046900000000000004,1.4444444444444446,0.42944785276073616,-0.3991416309012876
2014-07-03,Terra,0.027800000000000002,0.0179,0.0475,1.7058823529411764,0.6580882352941175,-0.2062084257206209
2014-07-04,Terra,0.023700000000000002,0.015300000000000001,0.0398,1.6864406779661019,0.6329113924050633,-0.2248062015503876
2014-07-05,Terra,0.0234,0.0233,0.047900000000000005,1.9957081545064377,1.0,0.0
2014-07-06,Terra,0.029500000000000002,0.027100000000000003,0.055600000000000004,1.8847457627118644,0.9186440677966102,-0.04240282685512366
2014-07-07,Terra,0.0526,0.0414,0.06670000000000001,1.2680608365019013,0.7461406518010292,-0.14538310412573674
2014-07-09,Terra,0.026000000000000002,0.028800000000000003,0.0522,2.026615969581749,1.095435684647303,0.04554455445544554
2014-07-10,Terra,0.0261,0.0358,0.051000000000000004,1.955223880597015,1.3716475095785439,0.15670436187399026
2014-07-12,Terra,0.023100000000000002,0.037000000000000005,0.0456,1.9397590361445782,1.4741035856573708,0.19162640901771344
2014-07-13,Terra,0.0376,0.0333,0.0533,1.4175531914893615,0.8856382978723405,-0.06064880112834976
2014-07-14,Terra,0.0227,0.0143,0.0313,1.4688995215311005,0.6467889908256882,-0.21448467966573811
2014-07-15,Terra,0.012700000000000001,0.0217,0.025400000000000002,1.9921259842519683,0.9933333333333333,-0.003344481605351208
2014-07-16,Terra,0.039400000000000004,0.0233,0.0523,1.3243243243243243,0.5913705583756345,-0.2567783094098884
2014-07-17,Terra,0.0213,0.0218,0.0415,1.8362831858407078,0.9646017699115044,-0.018018018018018063
2014-07-18,Terra,0.0183,0.0155,0.0308,1.7803468208092488,0.8712446351931331,-0.06880733944954126
2014-07-19,Terra,0.0322,0.0269,0.044500000000000005,1.3571428571428572,0.7484472049689441,-0.14387211367673178
2014-07-20,Terra,0.0244,0.0297,0.0497,1.94140625,1.16015625,0.07414104882459312
2014-07-22,Terra,0.032,0.027700000000000002,0.0541,1.753125,0.8875000000000001,-0.0596026490066225
2014-07-24,Terra,0.022600000000000002,0.021500000000000002,0.0419,1.825,0.920886075949367,-0.041186161449752914
2014-07-25,Terra,0.0184,0.0154,0.033100000000000004,1.7597765363128492,0.7541899441340782,-0.14012738853503184
2014-07-26,Terra,0.023200000000000002,0.0179,0.0405,1.5517241379310345,0.8994974874371858,-0.052910052910052956
2014-07-28,Terra,0.022600000000000002,0.008,0.0366,1.5221238938053097,0.35023041474654376,-0.4812286689419796
2014-07-29,Terra,0.0264,0.0123,0.0356,1.4140625,0.4889705882352941,-0.3432098765432099
2014-07-30,Terra,0.0246,0.0085,0.036000000000000004,1.3962251828631138,0.34552845528455284,-0.48640483383685795
2014-07-31,Terra,0.0302,0.0236,0.0466,1.5430463576158941,0.7814569536423841,-0.12267657992565059
2014-08-01,Terra,0.031400000000000004,0.029400000000000003,0.056400000000000006,1.8216560509554138,0.9158878504672897,-0.043902439024390255
2014-08-05,Terra,0.08940000000000001,0.0887,0.11750000000000001,1.3143176733780761,0.9921700223713645,-0.00393037619314995
2014-08-07,Terra,0.026000000000000002,0.026000000000000002,0.050800000000000005,2.042307692307692,1.0346153846153845,0.017013232514177655
2014-08-08,Terra,0.0327,0.0258,0.0483,1.4770642201834863,0.7889908256880734,-0.11794871794871796
2014-08-09,Terra,0.030000000000000002,0.0206,0.0442,1.5,0.6866666666666666,-0.1857707509881423
2014-08-10,Terra,0.038,0.0228,0.0507,1.3342105263157895,0.6000000000000001,-0.24999999999999997
2014-08-11,Terra,0.0344,0.0286,0.0502,1.4542936288088644,0.8271954674220962,-0.09457364341085278
2014-08-12,Terra,0.0346,0.024,0.047400000000000005,1.3659942363112392,0.752212389380531,-0.14141414141414138
2014-08-15,Terra,0.0212,0.0176,0.0296,1.3962264150943398,0.8301886792452831,-0.09278350515463915
2014-08-17,Terra,0.0256,0.011000000000000001,0.0298,1.1785714285714286,0.42687747035573126,-0.40166204986149584
2014-08-18,Terra,0.032600000000000004,0.014400000000000001,0.0415,1.2398753894080996,0.4386503067484662,-0.3901918976545843
2014-08-20,Terra,0.0235,0.0074,0.030600000000000002,1.3189655172413792,0.3162393162393162,-0.5194805194805194
2014-08-21,Terra,0.0239,0.0148,0.0315,1.3389121338912133,0.6192468619246861,-0.23514211886304912
2014-08-22,Terra,0.0393,0.0184,0.0489,1.2811671087533156,0.4857881136950904,-0.34608695652173915
2014-08-23,Terra,0.032100000000000004,0.010100000000000001,0.0439,1.3846153846153844,0.3209876543209877,-0.514018691588785
2014-08-24,Terra,0.028900000000000002,0.013800000000000002,0.0383,1.3435374149659862,0.4767025089605735,-0.35436893203883496
2014-08-25,Terra,0.0361,0.0129,0.046200000000000005,1.2696335078534031,0.3507246376811594,-0.48068669527897
2014-08-26,Terra,0.0268,0.0109,0.034800000000000005,1.2851985559566785,0.44140625,-0.3875338753387534
2014-08-31,Terra,0.0309,0.025500000000000002,0.0511,1.6734006734006734,0.8044164037854891,-0.10839160839160834
2014-09-01,Terra,0.035300000000000005,0.0109,0.050800000000000005,1.4390934844192633,0.3087818696883852,-0.5281385281385282
2014-09-02,Terra,0.0403,0.0247,0.0596,1.4926470588235294,0.6237373737373737,-0.23172628304821158
2014-09-03,Terra,0.035,0.010100000000000001,0.0473,1.34375,0.2914285714285714,-0.5486725663716814
2014-09-04,Terra,0.0344,0.0112,0.0456,1.3139534883720931,0.32091690544412604,-0.5140997830802603
2014-09-05,Terra,0.0368,0.0098,0.048400000000000006,1.2722513089005234,0.26133333333333336,-0.5856236786469345
2014-09-06,Terra,0.0359,0.0109,0.046700000000000005,1.3008356545961004,0.3036211699164345,-0.5341880341880342
2014-09-07,Terra,0.0376,0.015300000000000001,0.0504,1.3404255319148937,0.4054054054054054,-0.42307692307692313
2014-09-08,Terra,0.0683,0.0398,0.09050000000000001,1.325478645066274,0.5988286969253294,-0.25091575091575097
2014-09-09,Terra,0.0332,0.0091,0.0459,1.368421052631579,0.26608187134502925,-0.579676674364896
2014-09-10,Terra,0.036000000000000004,0.013900000000000001,0.0507,1.4322033898305084,0.38611111111111107,-0.44288577154308617
2014-09-11,Terra,0.04,0.0118,0.0529,1.3226600985221675,0.295,-0.5444015444015444
2014-09-12,Terra,0.047,0.019700000000000002,0.06520000000000001,1.3872340425531917,0.4191489361702128,-0.409295352323838
2014-09-14,Terra,0.0438,0.0152,0.057800000000000004,1.3108108108108107,0.34703196347031967,-0.4847457627118644
2014-09-16,Terra,0.031200000000000002,0.0067,0.0417,1.3245901639344262,0.21428571428571427,-0.6470588235294118
2014-09-19,Terra,0.0317,0.0056,0.039900000000000005,1.2833333333333332,0.17948717948717946,-0.6956521739130436
2014-09-20,Terra,0.0335,0.010400000000000001,0.045000000000000005,1.3265306122448977,0.3104477611940299,-0.5261958997722096
2014-09-26,Terra,0.0437,0.0179,0.0659,1.5080091533180777,0.4096109839816933,-0.4188311688311689
2014-09-29,Terra,0.029400000000000003,0.012400000000000001,0.0444,1.5782312925170068,0.42857142857142855,-0.4
2014-09-30,Terra,0.0346,0.0088,0.0504,1.4265927977839337,0.25138121546961323,-0.5982339955849889
2014-10-01,Terra,0.0328,0.0112,0.05,1.5407854984894258,0.346875,-0.4849187935034803
2014-10-02,Terra,0.028900000000000002,0.01,0.0429,1.4866920152091256,0.33222591362126247,-0.5012468827930174
2014-10-03,Terra,0.0297,0.0068000000000000005,0.043500000000000004,1.4646464646464648,0.2053872053872054,-0.659217877094972
2014-10-04,Terra,0.026600000000000002,0.005,0.038200000000000005,1.4360902255639099,0.19685039370078738,-0.6710526315789473
2014-10-05,Terra,0.0251,0.0195,0.0427,1.6339622641509435,0.724907063197026,-0.15948275862068967
2014-10-06,Terra,0.0256,0.014100000000000001,0.0375,1.528735632183908,0.5444015444015444,-0.295
2014-10-07,Terra,0.027100000000000003,0.0172,0.042,1.5498154981549814,0.6420664206642067,-0.21797752808988763
2014-10-08,Terra,0.0307,0.013000000000000001,0.0449,1.4625407166123778,0.4234527687296417,-0.40503432494279173
2014-10-09,Terra,0.0325,0.006900000000000001,0.0405,1.276190476190476,0.21646341463414634,-0.644110275689223
2014-10-10,Terra,0.055600000000000004,0.047,0.0717,1.289568345323741,0.8453237410071942,-0.08382066276803123
2014-10-11,Terra,0.0466,0.0095,0.058800000000000005,1.261802575107296,0.19954648526077098,-0.6672967863894139
2014-10-12,Terra,0.0458,0.0152,0.0585,1.2984693877551021,0.35514018691588783,-0.4758620689655173
2014-10-13,Terra,0.049,0.0134,0.054900000000000004,1.1051660516605166,0.27346938775510204,-0.5705128205128205
2014-10-16,Terra,0.060500000000000005,0.014,0.0685,1.11900826446281,0.23863636363636365,-0.6146788990825688
2014-10-18,Terra,0.0455,0.0135,0.0534,1.2110874200426438,0.31105990783410137,-0.5254833040421794
2014-10-19,Terra,0.053000000000000005,0.025400000000000002,0.060500000000000005,1.2307692307692308,0.46691176470588236,-0.3634085213032581
2014-10-27,Terra,0.077,0.0427,0.0692,0.8664343786295005,0.5644599303135889,-0.27839643652561247
2014-11-02,Terra,0.08030000000000001,0.0275,0.0703,0.8944020356234097,0.34547738693467334,-0.48646125116713357
2014-11-08,Terra,0.08660000000000001,0.0222,0.0741,0.8568075117370894,0.24721603563474387,-0.6035714285714286
2014-11-10,Terra,0.08020000000000001,0.018000000000000002,0.0719,0.8815461346633415,0.22443890274314215,-0.6334012219959266
2014-11-11,Terra,0.07300000000000001,0.0234,0.0656,0.8963337547408344,0.319910514541387,-0.5152542372881356
2014-11-15,Terra,0.091,0.0219,0.0897,0.9966254218222721,0.24262295081967214,-0.6094986807387863
2014-11-17,Terra,0.085,0.0263,0.0863,1.0,0.30589543937708563,-0.5315161839863715
2014-12-18,Terra,0.0814,0.0235,0.0748,0.9410876132930512,0.29012345679012347,-0.5502392344497608
2014-12-26,Terra,0.07010000000000001,0.0162,0.0497,0.7059659090909091,0.23711340206185566,-0.6166666666666666
2014-12-28,Terra,0.0698,0.0366,0.051000000000000004,0.7356828193832599,0.5330396475770924,-0.30459770114942536
2014-12-30,Terra,0.07100000000000001,0.034300000000000004,0.0597,0.8267394270122783,0.484548825710754,-0.347210657785179
2015-01-01,Terra,0.092,0.0455,0.0823,0.8945652173913043,0.4945652173913043,-0.33818181818181814
2015-01-07,Terra,0.08800000000000001,0.0388,0.0791,0.8988636363636363,0.4429223744292238,-0.38607594936708856
2015-01-19,Terra,0.0485,0.0086,0.052700000000000004,1.0858283433133733,0.18640350877192982,-0.6857670979667283
2015-01-20,Terra,0.045200000000000004,0.0105,0.045000000000000005,0.995575221238938,0.2210526315789474,-0.6379310344827586
2015-01-23,Terra,0.0436,0.0085,0.046400000000000004,1.0432900432900432,0.18398268398268397,-0.6892138939670932
2015-01-24,Terra,0.027600000000000003,0.006200000000000001,0.024200000000000003,0.9012658227848102,0.16971279373368148,-0.7098214285714286
2015-01-28,Terra,0.07200000000000001,0.0402,0.0775,1.1012145748987856,0.5809248554913294,-0.26508226691042047
2015-01-30,Terra,0.0463,0.0091,0.0499,1.08008658008658,0.19696969696969696,-0.6708860759493672
2015-01-31,Terra,0.0364,0.006500000000000001,0.036500000000000005,1.0142857142857142,0.18274111675126903,-0.6909871244635194
2015-02-14,Terra,0.052700000000000004,0.01,0.0456,0.8557874762808348,0.18827708703374776,-0.6831091180866966
2015-02-16,Terra,0.053700000000000005,0.0108,0.049,0.9048507462686567,0.2033898305084746,-0.6619718309859156
2015-02-18,Terra,0.053000000000000005,0.0085,0.055200000000000006,1.0425925925925927,0.1586073500967118,-0.7262103505843073
2015-02-20,Terra,0.075,0.0465,0.08030000000000001,1.0662337662337664,0.62,-0.2345679012345679
2015-02-21,Terra,0.0506,0.0083,0.0492,0.9590643274853801,0.16532258064516128,-0.7162629757785468
2015-02-22,Terra,0.0555,0.0122,0.059000000000000004,1.063063063063063,0.22141560798548093,-0.6374442793462111
2015-02-23,Terra,0.0516,0.011000000000000001,0.0509,0.9903474903474904,0.2152641878669276,-0.64573268921095
2015-02-24,Terra,0.0529,0.0078000000000000005,0.052000000000000005,0.9842829076620826,0.14744801512287334,-0.742998352553542
2015-03-01,Terra,0.049600000000000005,0.011000000000000001,0.0506,1.0313152400835073,0.2217741935483871,-0.6369636963696369
2015-03-02,Terra,0.0504,0.0111,0.0528,1.048076923076923,0.22023809523809523,-0.6390243902439025
2015-03-03,Terra,0.051000000000000004,0.012700000000000001,0.0555,1.0809128630705394,0.2572614107883818,-0.5907590759075907
2015-03-04,Terra,0.0438,0.0082,0.0458,1.0214592274678111,0.18614718614718612,-0.686131386861314
2015-03-06,Terra,0.0456,0.0114,0.0505,1.1056338028169015,0.2800982800982801,-0.5623800383877159
2015-03-08,Terra,0.0432,0.0102,0.0456,1.0640732265446224,0.23991031390134532,-0.6130198915009041
2015-03-09,Terra,0.0465,0.007200000000000001,0.051000000000000004,1.0907127429805616,0.15400843881856538,-0.73308957952468
2015-03-12,Terra,0.057,0.0126,0.063,1.1140350877192982,0.22282608695652173,-0.6355555555555557
2015-03-18,Terra,0.047,0.009600000000000001,0.049100000000000005,1.0474137931034482,0.2066805845511482,-0.6574394463667821
2015-03-19,Terra,0.0468,0.0161,0.052500000000000005,1.1217948717948718,0.3470715835140998,-0.48470209339774556
2015-03-21,Terra,0.0473,0.0118,0.051000000000000004,1.0634920634920635,0.2540322580645161,-0.594855305466238
2015-03-26,Terra,0.0425,0.009300000000000001,0.0497,1.1612149532710279,0.21728971962616822,-0.6429942418426103
2015-03-27,Terra,0.038900000000000004,0.0079,0.038700000000000005,0.9973753280839894,0.2032520325203252,-0.6621621621621622
2015-03-28,Terra,0.0483,0.0105,0.051800000000000006,1.0375494071146245,0.21030042918454933,-0.652482269503546
2015-03-29,Terra,0.0388,0.006900000000000001,0.0392,1.0178117048346056,0.1758793969849246,-0.7008547008547009
2015-03-31,Terra,0.051000000000000004,0.0164,0.0528,1.0352941176470587,0.3153846153846154,-0.52046783625731
2015-04-01,Terra,0.0529,0.014400000000000001,0.0567,1.0718336483931947,0.2722117202268431,-0.5720653789004457
2015-04-02,Terra,0.049300000000000004,0.0152,0.0558,1.130784708249497,0.310838445807771,-0.5257410296411856
2015-04-09,Terra,0.0521,0.0158,0.0562,1.0773584905660376,0.2988721804511278,-0.5397973950795947
2015-04-12,Terra,0.0539,0.026500000000000003,0.055400000000000005,1.0222634508348794,0.4793233082706767,-0.3519695044472681
2015-04-14,Terra,0.0635,0.023,0.06420000000000001,1.0078740157480315,0.3533026113671275,-0.4778660612939841
2015-04-15,Terra,0.0604,0.0134,0.0626,1.038772213247173,0.21809369951534732,-0.6419098143236074
2015-04-16,Terra,0.0465,0.0082,0.0494,1.055441478439425,0.17824074074074073,-0.6974459724950884
2015-04-17,Terra,0.0465,0.0092,0.047400000000000005,1.0206611570247932,0.20043572984749453,-0.6660617059891107
2015-04-19,Terra,0.0482,0.0114,0.0529,1.0843373493975903,0.23505154639175257,-0.6193656093489148
2015-04-20,Terra,0.0746,0.0463,0.0874,1.1715817694369974,0.6206434316353887,-0.23407775020678245
2015-04-21,Terra,0.0475,0.014700000000000001,0.053200000000000004,1.1162790697674418,0.3146551724137931,-0.521311475409836
2015-04-22,Terra,0.0533,0.0155,0.0584,1.092896174863388,0.29080675422138835,-0.5494186046511628
2015-04-25,Terra,0.0526,0.0131,0.061900000000000004,1.183752417794971,0.2490494296577947,-0.6012176560121765
2015-04-26,Terra,0.059500000000000004,0.0274,0.0658,1.1058823529411763,0.46050420168067224,-0.3693901035673188
2015-04-27,Terra,0.039400000000000004,0.0073,0.046200000000000005,1.1725888324873097,0.18527918781725886,-0.6873661670235546
2015-04-28,Terra,0.034,0.007500000000000001,0.0391,1.1490514905149052,0.22318840579710145,-0.6350710900473935
2015-04-29,Terra,0.049100000000000005,0.0149,0.057600000000000005,1.1731160896130346,0.3127490039840638,-0.5235204855842186
2015-04-30,Terra,0.055,0.024300000000000002,0.062,1.1274685816876124,0.44344703770197486,-0.3855721393034826
2015-05-01,Terra,0.056100000000000004,0.025500000000000002,0.0668,1.188612099644128,0.46345811051693403,-0.36662606577344703
2015-05-02,Terra,0.038400000000000004,0.0112,0.0456,1.199438202247191,0.295,-0.5444015444015444
2015-05-03,Terra,0.041100000000000005,0.0119,0.0495,1.1884057971014492,0.2895377128953771,-0.5509433962264151
2015-05-04,Terra,0.042100000000000005,0.0198,0.051300000000000005,1.2096774193548387,0.46522781774580335,-0.3649754500818331
2015-05-05,Terra,0.060700000000000004,0.032100000000000004,0.068,1.12,0.5283333333333333,-0.30861504907306436
2015-05-06,Terra,0.046,0.0131,0.0568,1.2369565217391305,0.28540305010893247,-0.5559322033898305
2015-05-09,Terra,0.0396,0.0106,0.0448,1.1559888579387188,0.28133704735376047,-0.5608695652173913
2015-05-14,Terra,0.0577,0.024200000000000003,0.0702,1.2063492063492063,0.42140468227424743,-0.4070588235294118
2015-05-21,Terra,0.049100000000000005,0.0145,0.0634,1.2834008097165992,0.2935222672064777,-0.5461658841940532
2015-05-23,Terra,0.09430000000000001,0.0625,0.1041,1.1039236479321313,0.6627783669141039,-0.20280612244897966
2015-05-24,Terra,0.0439,0.0132,0.056400000000000006,1.3078651685393257,0.3055555555555555,-0.5319148936170213
2015-05-25,Terra,0.054,0.0315,0.06520000000000001,1.2037735849056603,0.5870445344129555,-0.260204081632653
2015-05-26,Terra,0.0364,0.0092,0.046,1.2637362637362637,0.25274725274725274,-0.5964912280701754
2015-05-27,Terra,0.0328,0.0073,0.042100000000000005,1.2753623188405798,0.21987951807228914,-0.6395061728395062
2015-05-29,Terra,0.0371,0.0151,0.051800000000000006,1.4016172506738545,0.43148688046647227,-0.39714867617107946
2015-06-03,Terra,0.024800000000000003,0.009000000000000001,0.037200000000000004,1.5020408163265306,0.3673469387755102,-0.46268656716417905
2015-06-05,Terra,0.0292,0.011000000000000001,0.0434,1.4724137931034482,0.3767123287671233,-0.45273631840796025
2015-06-07,Terra,0.022600000000000002,0.0081,0.034,1.4918032786885245,0.36320754716981135,-0.46712802768166084
2015-06-08,Terra,0.0219,0.0082,0.034800000000000005,1.5890410958904113,0.37104072398190047,-0.45874587458745875
2015-06-09,Terra,0.0039000000000000003,0.0155,0.014400000000000001,3.6923076923076925,3.974358974358974,0.5979381443298969
2015-06-11,Terra,0.0206,0.0081,0.0347,1.7009803921568627,0.4103773584905661,-0.41806020066889626
2015-06-12,Terra,0.0164,0.0073,0.030600000000000002,1.8867924528301887,0.4320987654320988,-0.39655172413793105
2015-06-13,Terra,0.0453,0.0324,0.0613,1.3360995850622406,0.7115789473684211,-0.1685116851168511
2015-06-15,Terra,0.0228,0.0155,0.0424,1.8596491228070176,0.6696035242290749,-0.1978891820580475
2015-06-16,Terra,0.033100000000000004,0.0268,0.0565,1.7212121212121212,0.821875,-0.09777015437392796
2015-06-17,Terra,0.0201,0.0125,0.0396,1.9751243781094527,0.6260869565217392,-0.22994652406417107
2015-06-18,Terra,0.027600000000000003,0.024200000000000003,0.053700000000000005,1.9565217391304346,0.7598870056497175,-0.13643659711075443
2015-06-19,Terra,0.0233,0.0354,0.0512,2.190082644628099,1.5063829787234042,0.20203735144312396
2015-06-20,Terra,0.025500000000000002,0.0193,0.0505,1.9803921568627452,0.7568627450980392,-0.13839285714285715
2015-06-22,Terra,0.0245,0.022500000000000003,0.05,1.9523809523809523,0.892063492063492,-0.05704697986577181
2015-06-23,Terra,0.029300000000000003,0.031100000000000003,0.0579,1.9627118644067796,1.0542372881355933,0.026402640264026413
2015-06-24,Terra,0.0323,0.0385,0.062,1.9195046439628483,1.1919504643962848,0.08757062146892651
2015-06-25,Terra,0.0217,0.0154,0.0427,1.967741935483871,0.7096774193548387,-0.16981132075471697
2015-06-26,Terra,0.0385,0.031100000000000003,0.056600000000000004,1.4883116883116885,0.8376963350785339,-0.08831908831908836
2015-06-29,Terra,0.0222,0.0362,0.046900000000000004,2.103139013452915,1.5083333333333335,0.20265780730897012
2015-06-30,Terra,0.022600000000000002,0.013800000000000002,0.0413,1.7649572649572651,0.5897435897435898,-0.2580645161290322
2015-07-01,Terra,0.0403,0.0257,0.0545,1.370731707317073,0.6487804878048781,-0.21301775147928992
2015-07-02,Terra,0.034300000000000004,0.0224,0.054700000000000006,1.6413994169096209,0.6726618705035972,-0.1956989247311828
2015-07-06,Terra,0.0224,0.0697,0.047900000000000005,2.192307692307692,3.111607142857143,0.51357220412595
2015-07-07,Terra,0.0409,0.044500000000000005,0.0579,1.4127423822714682,1.0880195599022007,0.04215456674473075
2015-07-14,Terra,0.0405,0.030500000000000003,0.055200000000000006,1.3800000000000001,0.7505617977528088,-0.14249037227214384
2015-07-15,Terra,0.0275,0.0158,0.0429,1.5785714285714287,0.5090909090909091,-0.3253012048192771
2015-07-16,Terra,0.027700000000000002,0.022600000000000002,0.050100000000000006,1.7184115523465704,0.8227848101265822,-0.09722222222222227
2015-07-18,Terra,0.0257,0.0143,0.0473,1.7510204081632652,0.5836734693877551,-0.26288659793814434
2015-07-19,Terra,0.0235,0.0078000000000000005,0.0379,1.6208333333333336,0.3319148936170213,-0.5015974440894568
2015-07-20,Terra,0.0296,0.0143,0.0495,1.6952054794520548,0.48675496688741726,-0.34521158129175944
2015-07-21,Terra,0.024800000000000003,0.0129,0.0427,1.7038461538461536,0.5183673469387755,-0.31720430107526876
2015-07-23,Terra,0.029300000000000003,0.0205,0.050100000000000006,1.7017543859649122,0.6807017543859649,-0.18997912317327767
2015-07-24,Terra,0.0375,0.0258,0.059800000000000006,1.5613079019073568,0.6921052631578948,-0.18195956454121306
2015-07-25,Terra,0.0341,0.025400000000000002,0.0627,1.8592375366568916,0.7582089552238807,-0.13752122241086584
2015-07-26,Terra,0.0257,0.0281,0.0509,1.9805447470817121,1.093385214007782,0.044609665427509285
2015-07-27,Terra,0.032100000000000004,0.0244,0.059300000000000005,1.8338557993730407,0.7289719626168224,-0.1567567567567568
2015-07-28,Terra,0.022000000000000002,0.012700000000000001,0.039400000000000004,1.7747747747747749,0.5863636363636363,-0.26074498567335247
2015-07-29,Terra,0.0227,0.0122,0.0362,1.63135593220339,0.5374449339207048,-0.3008595988538682
2015-07-30,Terra,0.0378,0.0332,0.0512,1.3736263736263736,0.890625,-0.057851239669421524
2015-07-31,Terra,0.0344,0.021400000000000002,0.0516,1.5357142857142856,0.6369047619047619,-0.22181818181818183
2015-08-01,Terra,0.0303,0.0241,0.0505,1.717687074829932,0.7893081761006289,-0.11775043936731108
2015-08-03,Terra,0.051800000000000006,0.0409,0.0734,1.416988416988417,0.7895752895752894,-0.1175836030204963
2015-08-04,Terra,0.037200000000000004,0.0334,0.061200000000000004,1.6304909560723513,0.8621621621621621,-0.07402031930333816
2015-08-05,Terra,0.0036000000000000003,0.0378,0.0048000000000000004,1.3333333333333333,10.499999999999998,0.8260869565217391
2015-08-06,Terra,0.0362,0.0244,0.0562,1.5524861878453038,0.6740331491712707,-0.19471947194719474
2015-08-08,Terra,0.038900000000000004,0.0334,0.061900000000000004,1.6212121212121213,0.8434343434343433,-0.08493150684931511
2015-08-11,Terra,0.0302,0.0279,0.0543,1.8311258278145695,1.0224358974358976,0.011093502377179123
2015-08-12,Terra,0.022500000000000003,0.015000000000000001,0.045200000000000004,2.008888888888889,0.6944444444444444,-0.18032786885245902
2015-08-13,Terra,0.0184,0.017400000000000002,0.0403,2.264044943820225,0.9775280898876406,-0.011363636363636295
2015-08-14,Terra,0.07590000000000001,0.0563,0.10830000000000001,1.4268774703557312,0.7417654808959157,-0.1482602118003026
2015-08-15,Terra,0.0291,0.028,0.055200000000000006,1.864864864864865,0.9395973154362416,-0.031141868512110715
2015-08-16,Terra,0.025900000000000003,0.0241,0.0446,1.722007722007722,0.9305019305019304,-0.03600000000000006
2015-08-17,Terra,0.0429,0.038900000000000004,0.06420000000000001,1.5165562913907285,0.9067599067599068,-0.04889975550122245
2015-08-19,Terra,0.0017000000000000001,0.0456,0.0291,17.11764705882353,26.823529411764707,0.9281183932346723
2015-08-20,Terra,0.0239,0.016,0.044000000000000004,1.8437500000000002,0.625,-0.2307692307692308
2015-08-21,Terra,0.029300000000000003,0.0131,0.049800000000000004,1.6996587030716723,0.447098976109215,-0.3820754716981132
2015-08-22,Terra,0.045000000000000005,0.0316,0.0627,1.4040632054176074,0.6960352422907489,-0.1792207792207792
2015-08-23,Terra,0.0012000000000000001,0.0207,0.0032,2.6666666666666665,17.249999999999996,0.8904109589041096
2015-08-24,Terra,0.0264,0.020800000000000003,0.0434,1.643939393939394,0.7755102040816326,-0.12643678160919544
2015-08-26,Terra,0.0268,0.040400000000000005,0.0567,2.175373134328358,1.5843137254901962,0.22610015174506828
2015-08-29,Terra,0.0219,0.013600000000000001,0.032,1.3926940639269407,0.7120418848167539,-0.16819571865443425
2015-08-31,Terra,0.0317,0.047400000000000005,0.056400000000000006,1.8706624605678235,1.5993265993265993,0.23056994818652848
2015-09-01,Terra,0.0253,0.0189,0.044000000000000004,1.820388349514563,0.8294930875576038,-0.0931989924433249
2015-09-03,Terra,0.024800000000000003,0.027200000000000002,0.0483,1.9475806451612903,1.096774193548387,0.046153846153846136
2015-09-05,Terra,0.0244,0.0494,0.0509,2.071129707112971,2.008130081300813,0.33513513513513515
2015-09-07,Terra,0.0198,0.0148,0.0327,1.6391752577319587,0.6984924623115578,-0.17751479289940827
2015-09-08,Terra,0.022600000000000002,0.0152,0.031200000000000002,1.4054054054054055,0.6940639269406393,-0.18059299191374661
2015-09-09,Terra,0.0307,0.052500000000000005,0.0589,1.9387096774193548,1.7384105960264902,0.26964933494558646
2015-09-10,Terra,0.0329,0.0323,0.055400000000000005,1.5527156549520766,0.8898071625344354,-0.05830903790087459
2015-09-18,Terra,0.022600000000000002,0.013000000000000001,0.0302,1.3789954337899544,0.5525114155251142,-0.288235294117647
2015-09-19,Terra,0.023,0.0273,0.045200000000000004,1.8781512605042017,1.1470588235294117,0.06849315068493149
2015-09-20,Terra,0.0246,0.0269,0.046400000000000004,1.8938775510204082,1.0979591836734695,0.04669260700389104
2015-09-21,Terra,0.024900000000000002,0.0131,0.0367,1.6990740740740742,0.6064814814814815,-0.24495677233429394
2015-09-22,Terra,0.0257,0.0318,0.049600000000000005,1.8931297709923665,1.1691176470588236,0.07796610169491525
2015-09-23,Terra,0.023,0.0117,0.032600000000000004,1.488584474885845,0.5342465753424658,-0.30357142857142855
2015-09-24,Terra,0.0212,0.0097,0.0286,1.2962962962962963,0.4619047619047619,-0.36807817589576547
2015-09-25,Terra,0.023200000000000002,0.010400000000000001,0.0332,1.4424778761061947,0.4705882352941177,-0.36
2015-09-26,Terra,0.027200000000000002,0.020200000000000003,0.040600000000000004,1.5185185185185184,0.7095588235294118,-0.1698924731182796
2015-09-27,Terra,0.0304,0.0103,0.0426,1.3848684210526319,0.33881578947368424,-0.49385749385749383
2015-09-28,Terra,0.0258,0.0068000000000000005,0.033,1.3157894736842104,0.2904761904761905,-0.5498154981549815
2015-09-29,Terra,0.028300000000000002,0.0443,0.0478,1.6655052264808363,1.543554006968641,0.2136986301369863
2015-10-02,Terra,0.0219,0.0071,0.028300000000000002,1.2466960352422907,0.32420091324200917,-0.5103448275862069
2015-10-04,Terra,0.0364,0.015600000000000001,0.0465,1.2947976878612717,0.4364161849710983,-0.39235412474849085
2015-10-05,Terra,0.023,0.0246,0.0391,1.7853881278538815,1.0474452554744524,0.023172905525846686
2015-10-09,Terra,0.0253,0.006500000000000001,0.0291,1.150197628458498,0.25691699604743085,-0.591194968553459
2015-10-10,Terra,0.028900000000000002,0.0108,0.0398,1.3125000000000002,0.370242214532872,-0.45959595959595956
2015-10-11,Terra,0.028900000000000002,0.0068000000000000005,0.0379,1.314878892733564,0.25384615384615383,-0.5950920245398772
2015-10-12,Terra,0.0238,0.0126,0.033600000000000005,1.3465703971119132,0.5198412698412699,-0.3159268929503916
2015-10-13,Terra,0.0285,0.0091,0.041600000000000005,1.4134275618374557,0.3152542372881356,-0.520618556701031
2015-10-14,Terra,0.026500000000000003,0.0088,0.0379,1.375886524822695,0.3120567375886525,-0.5243243243243243
2015-10-15,Terra,0.039900000000000005,0.010100000000000001,0.051300000000000005,1.3101604278074865,0.26666666666666666,-0.5789473684210527
2015-10-16,Terra,0.0402,0.0212,0.052700000000000004,1.268354430379747,0.5088607594936708,-0.325503355704698
2015-10-21,Terra,0.039400000000000004,0.030600000000000002,0.048100000000000004,1.2208121827411167,0.7766497461928934,-0.12571428571428572
2015-10-22,Terra,0.051000000000000004,0.013300000000000001,0.062400000000000004,1.2352941176470587,0.2941176470588235,-0.5454545454545454
2015-10-26,Terra,0.0477,0.0151,0.0603,1.2703962703962703,0.29836829836829837,-0.5403949730700179
2015-10-29,Terra,0.0539,0.017,0.0714,1.3246753246753247,0.31539888682745826,-0.5204513399153737
2015-11-02,Terra,0.07930000000000001,0.0193,0.0925,1.1664564943253466,0.2461734693877551,-0.6049129989764586
2015-11-03,Terra,0.062200000000000005,0.0164,0.06335,0.9903069466882067,0.2624,-0.5842839036755387
2015-11-04,Terra,0.0606,0.0129,0.057600000000000005,0.9513776337115073,0.20941558441558442,-0.6536912751677852
2015-11-07,Terra,0.069,0.0233,0.08120000000000001,1.1768115942028985,0.33768115942028987,-0.49512459371614304
2015-11-10,Terra,0.0674,0.0194,0.0666,0.9788519637462234,0.2717041800643087,-0.572692793931732
2015-11-18,Terra,0.0853,0.023200000000000002,0.062200000000000005,0.750301568154403,0.26874279123414074,-0.5763636363636363
2015-11-20,Terra,0.0868,0.0244,0.0762,0.8778801843317973,0.29066985645933013,-0.5495829471733086
2015-11-21,Terra,0.0732,0.0194,0.0718,0.9665809768637531,0.26379542395693134,-0.5825346112886048
2015-11-26,Terra,0.0771,0.0221,0.0683,0.9022842639593908,0.2871927554980595,-0.5537688442211056
2015-11-27,Terra,0.0835,0.0239,0.0669,0.7852112676056339,0.2928921568627451,-0.5469194312796208
2015-11-28,Terra,0.0883,0.032100000000000004,0.0818,0.9262472885032538,0.3635334088335221,-0.4667774086378737
2015-12-14,Terra,0.0859,0.024900000000000002,0.0883,1.023474178403756,0.28752886836027713,-0.5533632286995516
2016-01-31,Terra,0.0541,0.009300000000000001,0.067,1.220665499124343,0.17929759704251386,-0.6959247648902822
2016-02-01,Terra,0.057300000000000004,0.0103,0.0707,1.2185792349726776,0.18101933216168714,-0.6934523809523809
2016-02-07,Terra,0.08410000000000001,0.0495,0.0959,1.140309155766944,0.5885850178359096,-0.2589820359281438
2016-02-08,Terra,0.0463,0.007500000000000001,0.0582,1.2521929824561404,0.16198704103671707,-0.7211895910780669
2016-02-12,Terra,0.028,0.0067,0.0349,1.2464285714285714,0.2392857142857143,-0.6138328530259366
2016-02-29,Terra,0.0815,0.0334,0.09000000000000001,1.1042944785276074,0.40981595092024536,-0.4186248912097476
2016-03-06,Terra,0.07050000000000001,0.0207,0.07150000000000001,0.9985775248933143,0.29445234708392604,-0.5450549450549451
2016-03-07,Terra,0.07970000000000001,0.0221,0.0869,1.0934343434343434,0.27904040404040403,-0.5636722606120435
2016-03-16,Terra,0.0661,0.0132,0.0726,1.0983358547655067,0.2009345794392523,-0.6653696498054475
2016-03-17,Terra,0.0697,0.0351,0.0741,1.0631276901004305,0.503586800573888,-0.33015267175572516
2016-03-24,Terra,0.048100000000000004,0.0128,0.0463,0.9549180327868853,0.2639175257731959,-0.5823817292006526
2016-03-25,Terra,0.0519,0.0118,0.0499,0.9577735124760076,0.23031496062992124,-0.6256
2016-03-28,Terra,0.062400000000000004,0.0219,0.06520000000000001,1.0530303030303032,0.35096153846153844,-0.4804270462633453
2016-03-30,Terra,0.052500000000000005,0.011300000000000001,0.057600000000000005,1.0971428571428572,0.21714285714285714,-0.6431924882629108
2016-03-31,Terra,0.040400000000000005,0.006900000000000001,0.0393,0.9632352941176471,0.17349397590361446,-0.7043121149897331
2016-04-01,Terra,0.0442,0.0131,0.0449,1.0274599542334095,0.29638009049773756,-0.5427574171029669
2016-04-02,Terra,0.0453,0.0131,0.0477,1.0461215932914045,0.2907216494845361,-0.5495207667731629
2016-04-03,Terra,0.0465,0.013000000000000001,0.046700000000000005,0.9977777777777778,0.27872340425531916,-0.5640599001663893
2016-04-04,Terra,0.0459,0.012,0.0458,1.0158371040723981,0.2669683257918552,-0.5785714285714286
2016-04-06,Terra,0.0429,0.0094,0.046200000000000005,1.0792540792540792,0.21937258319263656,-0.6401884221476609
2016-04-07,Terra,0.032100000000000004,0.006900000000000001,0.032,0.9628378378378378,0.20648967551622419,-0.6577017114914425
2016-04-09,Terra,0.0361,0.0105,0.0329,0.9065155807365438,0.29639889196675906,-0.5427350427350427
2016-04-10,Terra,0.0446,0.0126,0.0482,1.0807174887892377,0.2831460674157303,-0.5586690017513135
2016-04-11,Terra,0.0781,0.0584,0.08080000000000001,1.0345710627400768,0.7477592829705506,-0.14432234432234434
2016-04-15,Terra,0.052000000000000005,0.0184,0.0585,1.125,0.3538461538461538,-0.4772727272727273
2016-04-16,Terra,0.0357,0.0082,0.035300000000000005,0.9915492957746478,0.22905027932960897,-0.6272727272727273
2016-04-17,Terra,0.0364,0.009600000000000001,0.0366,1.0157894736842106,0.2606232294617563,-0.5865168539325843
2016-04-18,Terra,0.0333,0.010400000000000001,0.0307,0.9417177914110428,0.2979351032448378,-0.5409090909090909
2016-04-19,Terra,0.037700000000000004,0.0158,0.0393,1.0424403183023871,0.41909814323607425,-0.4093457943925234
2016-04-25,Terra,0.0409,0.014400000000000001,0.0385,0.9619952494061756,0.3569553805774278,-0.4738878143133462
2016-04-27,Terra,0.0478,0.0135,0.0528,1.1216730038022815,0.2875816993464052,-0.5532994923857869
2016-04-28,Terra,0.041,0.0143,0.042100000000000005,1.033734939759036,0.344578313253012,-0.4874551971326165
2016-05-01,Terra,0.0354,0.0097,0.0402,1.1283582089552238,0.2746268656716418,-0.5690866510538642
2016-05-02,Terra,0.029900000000000003,0.008,0.0307,0.9967637540453075,0.2724358974358974,-0.5717884130982368
2016-05-08,Terra,0.029900000000000003,0.009000000000000001,0.0335,1.129251700680272,0.3010033444816054,-0.5372750642673522
2016-05-09,Terra,0.049600000000000005,0.027200000000000002,0.051500000000000004,1.0325203252032522,0.5528455284552846,-0.2879581151832461
2016-05-10,Terra,0.0258,0.0071,0.0273,1.058139534883721,0.2751937984496124,-0.56838905775076
2016-05-11,Terra,0.024200000000000003,0.006900000000000001,0.0261,1.0882352941176472,0.29069767441860467,-0.5495495495495495
2016-05-17,Terra,0.032100000000000004,0.0128,0.0385,1.203125,0.4012539184952978,-0.4272930648769576
2016-05-18,Terra,0.0269,0.0132,0.0287,1.0511811023622046,0.49103942652329746,-0.34134615384615385
2016-05-24,Terra,0.043500000000000004,0.0228,0.051500000000000004,1.1839080459770115,0.5241379310344827,-0.3122171945701358
2016-05-25,Terra,0.045200000000000004,0.024900000000000002,0.0519,1.1341463414634148,0.5431818181818181,-0.29602356406480124
2016-05-26,Terra,0.0324,0.0213,0.040600000000000004,1.2578616352201257,0.6574074074074074,-0.20670391061452512
2016-05-27,Terra,0.028200000000000003,0.009600000000000001,0.0317,1.1333333333333333,0.3442028985507246,-0.48787061994609177
2016-05-28,Terra,0.0327,0.014,0.038900000000000004,1.1896024464831805,0.42813455657492355,-0.4004282655246253
2016-05-31,Terra,0.0274,0.0109,0.033600000000000005,1.214022140221402,0.40145985401459855,-0.42708333333333326
2016-06-01,Terra,0.0258,0.0114,0.0291,1.1216730038022815,0.444,-0.38504155124653744
2016-06-03,Terra,0.020900000000000002,0.023100000000000002,0.0298,1.4536585365853658,1.126829268292683,0.05963302752293582
2016-06-06,Terra,0.0324,0.0155,0.0378,1.166189111747851,0.4783950617283951,-0.3528183716075156
2016-06-07,Terra,0.0334,0.0165,0.0413,1.2417910447761196,0.48148148148148157,-0.3499999999999999
2016-06-09,Terra,0.077,0.06420000000000001,0.0824,1.0701298701298703,0.8337662337662338,-0.09065155807365434
2016-06-11,Terra,0.027100000000000003,0.0114,0.0398,1.4712230215827338,0.4206642066420664,-0.40779220779220776
2016-06-12,Terra,0.022500000000000003,0.0088,0.031400000000000004,1.3855932203389831,0.3869565217391304,-0.4420062695924765
2016-06-14,Terra,0.035500000000000004,0.0193,0.0502,1.4816901408450702,0.5887323943661972,-0.25886524822695034
2016-06-16,Terra,0.0468,0.0268,0.0671,1.4465811965811968,0.5714285714285714,-0.27272727272727276
2016-06-18,Terra,0.0403,0.021,0.0636,1.5781637717121588,0.5210918114143921,-0.31484502446982054
2016-06-19,Terra,0.0307,0.022500000000000003,0.0471,1.540816326530612,0.7250000000000001,-0.15942028985507245
2016-06-20,Terra,0.0223,0.0145,0.0426,1.8766519823788546,0.6387665198237885,-0.22043010752688172
2016-06-21,Terra,0.0198,0.013900000000000001,0.0344,1.7373737373737372,0.702020202020202,-0.17507418397626115
2016-06-22,Terra,0.023200000000000002,0.0279,0.0419,1.8944954128440368,1.1923076923076923,0.08771929824561404
2016-06-23,Terra,0.023200000000000002,0.0244,0.0419,1.9170731707317072,1.1365853658536587,0.0639269406392694
2016-06-24,Terra,0.0489,0.06720000000000001,0.076,1.5541922290388548,1.256737588652482,0.11376492771841602
2016-06-25,Terra,0.025900000000000003,0.0235,0.051000000000000004,1.952029520295203,0.959409594095941,-0.02071563088512241
2016-06-26,Terra,0.021400000000000002,0.0083,0.0358,1.6438356164383565,0.38604651162790693,-0.4429530201342282
2016-06-27,Terra,0.024800000000000003,0.0103,0.04,1.6129032258064515,0.3992248062015504,-0.4293628808864266
2016-06-28,Terra,0.020900000000000002,0.010700000000000001,0.0332,1.5735294117647058,0.5047169811320755,-0.329153605015674
2016-06-29,Terra,0.022000000000000002,0.010700000000000001,0.0325,1.4976303317535546,0.47982062780269064,-0.35151515151515145
2016-06-30,Terra,0.019200000000000002,0.011000000000000001,0.028900000000000002,1.53475935828877,0.5681818181818181,-0.2753623188405797
2016-07-01,Terra,0.0274,0.024800000000000003,0.0483,1.6890459363957597,0.8996282527881042,-0.05283757338551854
2016-07-02,Terra,0.0505,0.0656,0.0708,1.401980198019802,1.299009900990099,0.13006029285099052
2016-07-03,Terra,0.021400000000000002,0.008,0.0368,1.8052631578947371,0.4157894736842106,-0.4126394052044609
2016-07-04,Terra,0.0241,0.0205,0.0405,1.7391304347826089,0.8130434782608696,-0.10311750599520379
2016-07-05,Terra,0.0207,0.0182,0.042100000000000005,1.8628318584070798,0.8053097345132743,-0.10784313725490198
2016-07-06,Terra,0.07250000000000001,0.1467,0.0974,1.3434482758620687,2.023448275862069,0.33850364963503643
2016-07-07,Terra,0.022500000000000003,0.0268,0.0465,2.0207253886010363,1.165217391304348,0.07630522088353417
2016-07-09,Terra,0.0639,0.06470000000000001,0.08950000000000001,1.400625978090767,1.0125195618153366,0.006220839813374876
2016-07-11,Terra,0.0257,0.0427,0.0539,2.07380073800738,1.611320754716981,0.2341040462427745
2016-07-12,Terra,0.022000000000000002,0.009300000000000001,0.0361,1.6428571428571428,0.42105263157894735,-0.4074074074074074
2016-07-13,Terra,0.023100000000000002,0.013600000000000001,0.041,1.6141732283464567,0.5354330708661417,-0.30256410256410254
2016-07-14,Terra,0.0216,0.011600000000000001,0.036000000000000004,1.6339285714285714,0.5384615384615384,-0.3
2016-07-15,Terra,0.0221,0.0123,0.039900000000000005,1.7198275862068966,0.5301724137931034,-0.3070422535211268
2016-07-16,Terra,0.020300000000000002,0.016900000000000002,0.0366,1.807909604519774,0.8700564971751412,-0.06948640483383685
2016-07-17,Terra,0.022500000000000003,0.0118,0.0386,1.7706422018348624,0.5412844036697247,-0.2976190476190476
2016-07-19,Terra,0.0941,0.0834,0.10840000000000001,1.150163220892274,0.8751311647429171,-0.06659205372132068
2016-07-20,Terra,0.020800000000000003,0.048,0.045200000000000004,2.2598425196850394,2.3076923076923075,0.3953488372093023
2016-07-21,Terra,0.0206,0.0187,0.036500000000000005,1.7718446601941749,0.9077669902912622,-0.04834605597964373
2016-07-22,Terra,0.0196,0.0273,0.0437,2.051643192488263,1.2816901408450705,0.12345679012345681
2016-07-23,Terra,0.016900000000000002,0.0126,0.030500000000000003,1.7232704402515722,0.7169811320754716,-0.16483516483516486
2016-07-24,Terra,0.021500000000000002,0.0146,0.034,1.5894736842105264,0.6894736842105263,-0.18380062305295944
2016-07-25,Terra,0.0206,0.0102,0.028900000000000002,1.4642857142857144,0.5204081632653061,-0.3154362416107382
2016-07-26,Terra,0.0176,0.0109,0.0317,1.8427672955974843,0.6855345911949685,-0.18656716417910452
2016-07-27,Terra,0.0222,0.015600000000000001,0.038,1.699530516431925,0.6470588235294117,-0.2142857142857143
2016-07-28,Terra,0.0408,0.0298,0.054700000000000006,1.3842482100238664,0.7488372093023256,-0.14361702127659579
2016-07-29,Terra,0.0245,0.0166,0.0414,1.7121771217712176,0.7380073800738007,-0.15074309978768582
2016-07-30,Terra,0.0187,0.0108,0.0303,1.6157407407407407,0.5291005291005291,-0.3079584775086505
2016-07-31,Terra,0.0176,0.0146,0.0298,1.6647727272727273,0.8352272727272727,-0.08978328173374611
2016-08-01,Terra,0.0205,0.013900000000000001,0.0324,1.8670520231213874,0.8034682080924856,-0.10897435897435893
2016-08-02,Terra,0.0216,0.0222,0.045000000000000005,2.0454545454545454,1.009090909090909,0.004524886877828027
2016-08-03,Terra,0.0199,0.0179,0.0337,1.693467336683417,0.8994974874371858,-0.052910052910052956
2016-08-04,Terra,0.059300000000000005,0.0477,0.0752,1.2533783783783783,0.7956081081081081,-0.11382878645343367
2016-08-05,Terra,0.050800000000000005,0.1165,0.079,1.5551181102362204,2.293307086614173,0.3927077106993425
2016-08-06,Terra,0.0201,0.0145,0.038200000000000005,1.888888888888889,0.6718749999999999,-0.19626168224299068
2016-08-07,Terra,0.0219,0.0149,0.042300000000000004,1.7479338842975207,0.6930232558139534,-0.18131868131868137
2016-08-08,Terra,0.0217,0.0443,0.049300000000000004,2.2314814814814814,2.0509259259259256,0.3444613050075872
2016-08-09,Terra,0.027,0.0285,0.0483,1.788888888888889,1.0555555555555556,0.02702702702702705
2016-08-10,Terra,0.0181,0.012700000000000001,0.0292,1.5919540229885056,0.7298850574712643,-0.15614617940199338
2016-08-11,Terra,0.0213,0.0119,0.0346,1.5982142857142856,0.5586854460093897,-0.2831325301204819
2016-08-12,Terra,0.0239,0.0182,0.0429,1.7554585152838427,0.7510917030567685,-0.14214463840399005
2016-08-13,Terra,0.0223,0.0126,0.0396,1.7695652173913043,0.5727272727272726,-0.2716763005780347
2016-08-15,Terra,0.0222,0.0086,0.0291,1.3632478632478635,0.4095238095238095,-0.41891891891891897
2016-08-16,Terra,0.0322,0.0176,0.0426,1.3322981366459627,0.546583850931677,-0.2931726907630522
2016-08-17,Terra,0.0211,0.009000000000000001,0.028800000000000003,1.3649289099526067,0.4123222748815166,-0.4161073825503356
2016-08-18,Terra,0.0241,0.009600000000000001,0.029900000000000003,1.2448979591836735,0.4102564102564103,-0.41818181818181815
2016-08-19,Terra,0.0313,0.019700000000000002,0.0414,1.3226837060702874,0.6293929712460065,-0.22745098039215683
2016-08-20,Terra,0.0246,0.0111,0.033800000000000004,1.3658536585365855,0.45833333333333337,-0.3714285714285714
2016-08-21,Terra,0.0324,0.015600000000000001,0.0455,1.4308176100628929,0.47560975609756095,-0.35537190082644626
2016-08-22,Terra,0.0149,0.0047,0.0207,1.4267515923566876,0.31756756756756754,-0.517948717948718
2016-08-23,Terra,0.0176,0.0053,0.0279,1.59,0.30113636363636365,-0.537117903930131
2016-08-24,Terra,0.0151,0.0053,0.023,1.5657142857142856,0.3676470588235294,-0.46236559139784944
2016-08-25,Terra,0.0181,0.0074,0.0308,1.6214689265536724,0.4011299435028249,-0.42741935483870963
2016-08-26,Terra,0.0143,0.0073,0.0201,1.4,0.5070422535211268,-0.32710280373831774
2016-08-27,Terra,0.0222,0.006500000000000001,0.0356,1.698979591836735,0.31050228310502287,-0.5261324041811847
2016-08-28,Terra,0.0286,0.0123,0.0495,1.6772151898734178,0.45045045045045046,-0.3788819875776398
2016-08-31,Terra,0.025500000000000002,0.009600000000000001,0.0361,1.5294117647058822,0.38431372549019605,-0.44475920679886694
2016-09-03,Terra,0.0177,0.006900000000000001,0.025,1.3988095238095235,0.38125000000000003,-0.4479638009049773
2016-09-04,Terra,0.025,0.0092,0.0397,1.5691699604743083,0.3709677419354838,-0.45882352941176474
2016-09-05,Terra,0.027,0.0109,0.0403,1.5150375939849623,0.40784313725490196,-0.4206128133704735
2016-09-06,Terra,0.030600000000000002,0.0082,0.05,1.6339869281045751,0.2679738562091503,-0.577319587628866
2016-09-07,Terra,0.021,0.0094,0.0298,1.4509803921568627,0.4571428571428572,-0.37254901960784315
2016-09-08,Terra,0.024,0.0041,0.0375,1.5813953488372094,0.17083333333333334,-0.708185053380783
2016-09-09,Terra,0.0245,0.0099,0.033,1.36144578313253,0.3907563025210084,-0.43806646525679754
2016-09-10,Terra,0.027,0.0043,0.038,1.366366366366366,0.15185185185185188,-0.7363344051446946
2016-09-11,Terra,0.0201,0.0037,0.0304,1.409090909090909,0.17676767676767677,-0.6995708154506438
2016-09-12,Terra,0.038900000000000004,0.0187,0.0473,1.2082262210796915,0.4702842377260982,-0.3602811950790862
2016-09-13,Terra,0.0275,0.0097,0.038200000000000005,1.3868312757201646,0.34657039711191334,-0.4852546916890081
2016-09-14,Terra,0.0187,0.0044,0.030600000000000002,1.631578947368421,0.22598870056497175,-0.631336405529954
2016-09-15,Terra,0.023200000000000002,0.0057,0.037000000000000005,1.5394190871369295,0.24882629107981222,-0.6015037593984963
2016-09-16,Terra,0.019,0.0048000000000000004,0.029500000000000002,1.5526315789473686,0.247787610619469,-0.6028368794326241
2016-09-18,Terra,0.0178,0.0038,0.027100000000000003,1.5250000000000001,0.22666666666666666,-0.6304347826086957
2016-09-19,Terra,0.0172,0.0036000000000000003,0.024300000000000002,1.4277777777777776,0.21176470588235294,-0.6504854368932039
2016-09-21,Terra,0.0233,0.0066,0.033600000000000005,1.4415584415584415,0.2796610169491526,-0.5629139072847683
2016-09-24,Terra,0.0173,0.004,0.025400000000000002,1.4413407821229052,0.23121387283236997,-0.6244131455399061
2016-09-25,Terra,0.0207,0.0038,0.031100000000000003,1.4541984732824427,0.18357487922705315,-0.6897959183673469
2016-09-26,Terra,0.019700000000000002,0.0035,0.027700000000000002,1.4145077720207253,0.17098445595854922,-0.7079646017699115
2016-09-27,Terra,0.019200000000000002,0.0036000000000000003,0.0292,1.4895833333333333,0.1875,-0.6842105263157895
2016-09-28,Terra,0.0212,0.0048000000000000004,0.0297,1.3820754716981134,0.2274881516587678,-0.6293436293436294
2016-09-29,Terra,0.0256,0.0095,0.0358,1.3529411764705883,0.3725490196078431,-0.45714285714285713
2016-10-06,Terra,0.0298,0.0085,0.0386,1.278523489932886,0.2852348993288591,-0.556135770234987
2016-10-08,Terra,0.026000000000000002,0.007,0.033,1.3036303630363035,0.23102310231023102,-0.6246648793565684
2016-10-09,Terra,0.033,0.0143,0.0409,1.2281879194630874,0.44827586206896547,-0.380952380952381
2016-10-10,Terra,0.025,0.0037,0.032600000000000004,1.253676470588235,0.16544117647058823,-0.7160883280757097
2016-10-11,Terra,0.0274,0.0041,0.035300000000000005,1.312280701754386,0.14482758620689656,-0.746987951807229
2016-10-12,Terra,0.0364,0.012400000000000001,0.0455,1.2506666666666668,0.33787465940054495,-0.49490835030549896
2016-11-04,Terra,0.0468,0.007,0.049600000000000005,1.0643776824034334,0.15317286652078774,-0.7343453510436433
2016-11-08,Terra,0.0434,0.0081,0.05205,1.1789709172259508,0.18791946308724833,-0.6836158192090395
2016-11-09,Terra,0.0506,0.009300000000000001,0.0608,1.2015810276679841,0.18379446640316208,-0.689482470784641
2016-11-13,Terra,0.055,0.008,0.0632,1.1605166051660516,0.14760147601476015,-0.7427652733118971
2016-11-17,Terra,0.044500000000000005,0.0076,0.0504,1.0836909871244635,0.17391304347826086,-0.7037037037037036
2016-11-26,Terra,0.066,0.031400000000000004,0.0562,0.8952095808383235,0.45454545454545453,-0.37500000000000006
2016-12-01,Terra,0.058300000000000005,0.0146,0.0446,0.765008576329331,0.25795644891122277,-0.5898801597869509
2016-12-03,Terra,0.0742,0.031200000000000002,0.07830000000000001,1.055256064690027,0.42048517520215634,-0.40796963946869064
2016-12-05,Terra,0.059300000000000005,0.014400000000000001,0.0497,0.8401976935749588,0.23311897106109325,-0.621903520208605
2016-12-10,Terra,0.036000000000000004,0.005200000000000001,0.0374,0.9815668202764977,0.16533864541832669,-0.7162393162393162
2017-02-23,Terra,0.0358,0.009300000000000001,0.0427,1.185897435897436,0.2596153846153846,-0.5877862595419848
2017-02-24,Terra,0.0507,0.0165,0.06280000000000001,1.2309197651663404,0.3228962818003914,-0.5118343195266273
2017-02-25,Terra,0.0629,0.0361,0.0766,1.2258064516129032,0.5217391304347826,-0.3142857142857142
2017-02-28,Terra,0.0432,0.014100000000000001,0.051500000000000004,1.2426966292134831,0.33707865168539325,-0.49579831932773116
2017-03-10,Terra,0.2584,0.2863,0.2591,1.0027089783281733,1.1079721362229102,0.051220855516798204
2017-03-16,Terra,0.029500000000000002,0.0088,0.0309,1.0517241379310345,0.2983050847457627,-0.5404699738903395
2017-03-23,Terra,0.0429,0.0179,0.0471,1.0980861244019138,0.411764705882353,-0.41666666666666663
2017-03-27,Terra,0.0388,0.0129,0.0443,1.1417525773195876,0.3324742268041237,-0.5009671179883946
2017-03-31,Terra,0.0393,0.017,0.0413,1.0558375634517767,0.4218362282878412,-0.40663176265270506
2017-04-02,Terra,0.029500000000000002,0.0079,0.031900000000000005,1.0401234567901236,0.2664359861591695,-0.5792349726775957
2017-04-03,Terra,0.0346,0.0173,0.0361,1.0586510263929618,0.5148809523809523,-0.32023575638506885
2017-04-08,Terra,0.0627,0.0246,0.06380000000000001,1.0175438596491229,0.3923444976076555,-0.4364261168384881
2017-04-14,Terra,0.0478,0.019100000000000002,0.0504,1.0467091295116773,0.40552016985138006,-0.4229607250755287
2017-04-15,Terra,0.0632,0.0442,0.0651,1.0300632911392404,0.6993670886075949,-0.17690875232774675
2017-04-21,Terra,0.0218,0.0061,0.0194,0.8990825688073394,0.2798104265402843,-0.5627314814814814
2017-04-28,Terra,0.0227,0.008,0.0173,0.7577092511013216,0.3418803418803419,-0.4904458598726115
2017-04-30,Terra,0.025900000000000003,0.009600000000000001,0.0216,0.8712121212121212,0.37065637065637064,-0.4591549295774648
2017-05-01,Terra,0.038400000000000004,0.0175,0.0403,1.0494791666666667,0.4557291666666667,-0.3738819320214669
2017-05-03,Terra,0.0193,0.0036000000000000003,0.0178,0.9347826086956522,0.1832460732984293,-0.6902654867256638
2017-05-07,Terra,0.0363,0.0172,0.0354,0.975206611570248,0.47740112994350287,-0.3537284894837476
2017-05-08,Terra,0.022600000000000002,0.008400000000000001,0.0162,0.7623762376237623,0.3805309734513274,-0.44871794871794873
2017-05-09,Terra,0.028,0.0164,0.0287,1.0289389067524115,0.6142322097378278,-0.23897911832946636
2017-05-10,Terra,0.0536,0.0388,0.0531,0.9949066213921902,0.7214700193423598,-0.1617977528089888
2017-05-14,Terra,0.0236,0.0085,0.0205,0.8504273504273504,0.34649122807017546,-0.48534201954397393
2017-05-15,Terra,0.0227,0.0076,0.0172,0.7929515418502203,0.34615384615384615,-0.48571428571428577
2017-05-17,Terra,0.0292,0.0092,0.0297,1.0149812734082397,0.30136986301369867,-0.5368421052631579
2017-05-18,Terra,0.0212,0.007500000000000001,0.014,0.660377358490566,0.3537735849056604,-0.47735191637630664
2017-05-19,Terra,0.0218,0.0055000000000000005,0.020200000000000003,0.9518716577540106,0.2568306010928962,-0.591304347826087
2017-05-20,Terra,0.0221,0.0068000000000000005,0.0245,1.1184834123222749,0.3008474576271187,-0.5374592833876222
2017-05-21,Terra,0.0257,0.0098,0.0264,1.0289256198347108,0.3798449612403101,-0.449438202247191
2017-05-22,Terra,0.020200000000000003,0.007500000000000001,0.021,1.0552763819095476,0.36363636363636365,-0.4666666666666666
2017-05-25,Terra,0.02,0.006500000000000001,0.0217,1.115,0.3170731707317073,-0.5185185185185185
2017-05-26,Terra,0.038,0.023100000000000002,0.0397,1.036619718309859,0.6078947368421054,-0.24386252045826506
2017-05-27,Terra,0.0245,0.0085,0.0285,1.1531531531531531,0.36936936936936937,-0.4605263157894736
2017-05-28,Terra,0.0162,0.004200000000000001,0.0145,0.8928571428571428,0.267515923566879,-0.577889447236181
2017-06-01,Terra,0.030500000000000003,0.013000000000000001,0.0367,1.20327868852459,0.4262295081967213,-0.40229885057471265
2017-06-02,Terra,0.0205,0.0082,0.0228,1.1121951219512196,0.3872549019607843,-0.4416961130742049
2017-06-03,Terra,0.0206,0.0129,0.0201,0.9757281553398058,0.581081081081081,-0.264957264957265
2017-06-04,Terra,0.109,0.0971,0.10890000000000001,0.998003992015968,0.8892215568862274,-0.05863708399366092
2017-06-05,Terra,0.0297,0.0161,0.0354,1.1851851851851851,0.5472972972972973,-0.29257641921397387
2017-06-06,Terra,0.0219,0.0108,0.021400000000000002,0.9817351598173517,0.4954545454545454,-0.33738601823708214
2017-06-12,Terra,0.060500000000000005,0.028800000000000003,0.0747,1.2325174825174827,0.47603305785123967,-0.35498320268757005
2017-06-13,Terra,0.0224,0.0142,0.0281,1.237885462555066,0.6387665198237885,-0.22043010752688172
2017-06-17,Terra,0.0206,0.015300000000000001,0.027200000000000002,1.3250000000000002,0.7389380530973451,-0.1501272264631044
2017-06-18,Terra,0.023200000000000002,0.011000000000000001,0.0281,1.209090909090909,0.4845814977973568,-0.34718100890207715
2017-06-19,Terra,0.0199,0.0071,0.0227,1.1407035175879396,0.37500000000000006,-0.45454545454545453
2017-06-20,Terra,0.061500000000000006,0.047400000000000005,0.0671,1.0910569105691057,0.7707317073170732,-0.12947658402203857
2017-06-21,Terra,0.0246,0.0088,0.0308,1.2520325203252032,0.3534136546184739,-0.4777448071216618
2017-06-22,Terra,0.0413,0.0261,0.046200000000000005,1.1133004926108374,0.6305418719211823,-0.22658610271903323
2017-06-23,Terra,0.0179,0.0103,0.0234,1.3220338983050848,0.5754189944134078,-0.2695035460992908
2017-06-24,Terra,0.0189,0.0078000000000000005,0.025500000000000002,1.3492063492063493,0.41269841269841273,-0.4157303370786516
2017-06-26,Terra,0.020300000000000002,0.011600000000000001,0.0309,1.5373831775700932,0.5497630331753555,-0.290519877675841
2017-06-28,Terra,0.025900000000000003,0.018000000000000002,0.0451,1.7860696517412935,0.7475247524752474,-0.14447592067988674
2017-06-29,Terra,0.039,0.0342,0.057600000000000005,1.4311926605504588,0.8623853211009175,-0.07389162561576353
2017-06-30,Terra,0.0308,0.023100000000000002,0.0523,1.704225352112676,0.7500000000000001,-0.14285714285714282
2017-07-01,Terra,0.0218,0.0179,0.0393,1.784403669724771,0.8248847926267281,-0.095959595959596
2017-07-02,Terra,0.023,0.0207,0.0475,1.965217391304348,0.9,-0.05263157894736842
2017-07-03,Terra,0.0162,0.0122,0.027700000000000002,1.7151898734177216,0.7721518987341772,-0.1285714285714286
2017-07-04,Terra,0.0362,0.0345,0.0528,1.416201117318436,0.9443099273607748,-0.02864259028642594
2017-07-05,Terra,0.016800000000000002,0.0166,0.035300000000000005,1.8,0.86875,-0.07023411371237456
2017-07-06,Terra,0.0206,0.0557,0.0473,2.1384615384615384,2.5,0.4285714285714286
2017-07-07,Terra,0.0193,0.0296,0.0472,2.408602150537634,1.586021505376344,0.2266112266112266
2017-07-08,Terra,0.022000000000000002,0.028,0.048400000000000006,2.18018018018018,1.2612612612612613,0.11553784860557768
2017-07-09,Terra,0.023200000000000002,0.0175,0.045700000000000005,1.9049586776859502,0.7478632478632479,-0.1442542787286063
2017-07-10,Terra,0.016,0.011600000000000001,0.029400000000000003,1.903225806451613,0.7179487179487178,-0.16417910447761197
2017-07-11,Terra,0.0159,0.0184,0.0316,1.962025316455696,1.0886075949367087,0.04242424242424238
2017-07-12,Terra,0.0201,0.023,0.0405,1.9377593360995853,0.954356846473029,-0.023354564755838646
2017-07-13,Terra,0.0397,0.0409,0.0627,1.552825552825553,1.028061224489796,0.013836477987421431
2017-07-14,Terra,0.0269,0.0173,0.048400000000000006,1.7992565055762084,0.6431226765799256,-0.2171945701357466
2017-07-15,Terra,0.023200000000000002,0.0223,0.0414,1.7107438016528924,0.88212927756654,-0.0626262626262626
2017-07-16,Terra,0.022600000000000002,0.0308,0.047400000000000005,2.127853881278539,1.406392694063927,0.16888045540796967
2017-07-17,Terra,0.0222,0.0184,0.0359,1.6428571428571428,0.7857142857142858,-0.11999999999999995
2017-07-18,Terra,0.0221,0.019700000000000002,0.041800000000000004,1.8095238095238095,0.8873873873873874,-0.05966587112171834
2017-07-19,Terra,0.024300000000000002,0.050300000000000004,0.0538,2.213991769547325,2.0699588477366255,0.3485254691689008
2017-07-20,Terra,0.0222,0.0891,0.052500000000000005,2.4234234234234235,4.367647058823529,0.6273972602739726
2017-07-21,Terra,0.0258,0.027700000000000002,0.0509,1.9640000000000002,1.104,0.049429657794676826
2017-07-22,Terra,0.0393,0.0451,0.058600000000000006,1.4910941475826973,1.1475826972010177,0.06872037914691942
2017-07-24,Terra,0.025900000000000003,0.018600000000000002,0.043500000000000004,1.556862745098039,0.656140350877193,-0.20762711864406777
2017-07-25,Terra,0.031,0.0206,0.051800000000000006,1.6580645161290324,0.6498422712933755,-0.21223709369024854
2017-07-27,Terra,0.0246,0.0471,0.0529,2.1504065040650406,1.9146341463414636,0.3138075313807532
2017-07-28,Terra,0.0211,0.0218,0.0368,1.7018348623853212,1.0686274509803921,0.03317535545023693
2017-07-29,Terra,0.0227,0.015600000000000001,0.0376,1.6936936936936937,0.7027027027027027,-0.1746031746031746
2017-07-30,Terra,0.034,0.0252,0.049,1.4,0.72,-0.16279069767441864
2017-07-31,Terra,0.0431,0.0361,0.0591,1.3613053613053614,0.8190255220417635,-0.09948979591836728
2017-08-01,Terra,0.04,0.0354,0.0577,1.4425,0.885,-0.0610079575596817
2017-08-02,Terra,0.0344,0.022600000000000002,0.0465,1.3452380952380951,0.6522988505747126,-0.21043478260869566
2017-08-08,Terra,0.024800000000000003,0.0505,0.048,1.9140127388535029,1.9556451612903225,0.3233287858117326
2017-08-11,Terra,0.0212,0.0198,0.034,1.619047619047619,0.9428571428571428,-0.029411764705882342
2017-08-16,Terra,0.0246,0.0167,0.0334,1.3865546218487395,0.7020408163265306,-0.17505995203836933
2017-08-17,Terra,0.0273,0.044500000000000005,0.0565,2.1305970149253732,1.66044776119403,0.24824684431977564
2017-08-20,Terra,0.0375,0.0234,0.049,1.3066666666666669,0.624,-0.2315270935960591
2017-08-21,Terra,0.0307,0.0178,0.044500000000000005,1.4495114006514658,0.5798045602605862,-0.265979381443299
2017-08-24,Terra,0.014100000000000001,0.030500000000000003,0.027,1.9148936170212765,2.1631205673758864,0.36771300448430494
2017-08-26,Terra,0.039,0.0269,0.056400000000000006,1.4461538461538463,0.6897435897435897,-0.18361153262518967
2017-08-27,Terra,0.0267,0.021500000000000002,0.0385,1.4365671641791045,0.7846715328467154,-0.12065439672801634
2017-08-31,Terra,0.0044,0.0009000000000000001,0.0027,0.6136363636363636,0.20454545454545456,-0.660377358490566
2017-09-01,Terra,0.025400000000000002,0.0287,0.0409,1.6102362204724407,1.1299212598425197,0.060998151571164456
2017-09-05,Terra,0.034800000000000005,0.023200000000000002,0.0449,1.3257142857142856,0.6816816816816816,-0.18928571428571428
2017-09-08,Terra,0.0223,0.0166,0.034800000000000005,1.566820276497696,0.7248908296943232,-0.15949367088607594
2017-09-10,Terra,0.0268,0.014700000000000001,0.0361,1.3382946379215035,0.5511811023622046,-0.2893401015228427
2017-09-11,Terra,0.0318,0.0235,0.045000000000000005,1.3603896103896103,0.762987012987013,-0.13443830570902396
2017-09-21,Terra,0.0238,0.019200000000000002,0.0429,1.7647058823529411,0.8017241379310345,-0.11004784688995214
2017-09-24,Terra,0.0234,0.0239,0.0432,1.8305084745762714,0.9297658862876254,-0.03639514731369153
2017-09-26,Terra,0.0184,0.0103,0.026000000000000002,1.4444444444444444,0.5706521739130436,-0.273356401384083
2017-09-27,Terra,0.02485,0.020900000000000002,0.0402,1.5796178343949043,1.0625,0.030303030303030304
2017-09-28,Terra,0.026600000000000002,0.0309,0.045200000000000004,1.7056603773584906,1.1616541353383458,0.07478260869565215
2017-09-30,Terra,0.0233,0.0095,0.0241,1.0472103004291846,0.407725321888412,-0.42073170731707316
2017-10-01,Terra,0.0329,0.0181,0.0403,1.2154696132596685,0.5737179487179487,-0.2708757637474542
2017-10-03,Terra,0.0358,0.019100000000000002,0.0431,1.1906077348066297,0.5310173697270472,-0.306320907617504
2017-10-05,Terra,0.023100000000000002,0.0218,0.0359,1.549586776859504,0.9083333333333333,-0.04803493449781661
2017-10-06,Terra,0.02,0.011300000000000001,0.027700000000000002,1.3417266187050358,0.6312849162011174,-0.2260273972602739
2017-10-07,Terra,0.027200000000000002,0.0142,0.0358,1.3574007220216606,0.5188679245283019,-0.3167701863354037
2017-10-08,Terra,0.0303,0.0176,0.0357,1.1848184818481848,0.5878378378378379,-0.25957446808510637
2017-10-10,Terra,0.0872,0.0709,0.1057,1.2121559633027523,0.8130733944954129,-0.10309930423782412
2017-10-14,Terra,0.0247,0.017400000000000002,0.0309,1.2682926829268293,0.7044534412955467,-0.17339667458432298
2017-10-16,Terra,0.0361,0.1101,0.060200000000000004,1.6842105263157894,3.0498614958448753,0.5061559507523941
2017-10-17,Terra,0.0257,0.0201,0.0366,1.3618677042801557,0.7626459143968871,-0.13465783664459163
2017-10-18,Terra,0.0437,0.031100000000000003,0.053700000000000005,1.22883295194508,0.7116704805491991,-0.16844919786096255
2017-10-25,Terra,0.038900000000000004,0.064,0.0543,1.3958868894601542,1.6452442159383032,0.24392614188532552
2017-10-26,Terra,0.0287,0.011000000000000001,0.0308,1.049056603773585,0.3660377358490566,-0.4640883977900553
2017-10-27,Terra,0.038700000000000005,0.0135,0.0449,1.154566744730679,0.3718309859154929,-0.45790554414784396
2017-10-28,Terra,0.034300000000000004,0.0077,0.0379,1.1495327102803738,0.21978021978021978,-0.6396396396396397
2017-10-29,Terra,0.0318,0.0079,0.0396,1.23121387283237,0.2548387096774194,-0.5938303341902312
2017-10-31,Terra,0.033100000000000004,0.0088,0.030600000000000002,0.8670212765957448,0.2606382978723404,-0.5864978902953587
2017-11-01,Terra,0.028800000000000003,0.0064,0.0323,1.1,0.21846153846153846,-0.6414141414141413
2017-11-04,Terra,0.047,0.0134,0.0478,1.106060606060606,0.26429980276134124,-0.5819032761310452
2017-11-11,Terra,0.049600000000000005,0.011600000000000001,0.0526,1.0294117647058825,0.23387096774193547,-0.6209150326797386
2017-11-14,Terra,0.060500000000000005,0.0164,0.06380000000000001,1.0545454545454547,0.28034188034188035,-0.562082777036048
2017-11-17,Terra,0.0557,0.013600000000000001,0.061900000000000004,1.0994371482176362,0.2401500938086304,-0.6127080181543116
2017-12-04,Terra,0.050300000000000004,0.0103,0.0533,1.0544747081712063,0.20116054158607352,-0.6650563607085347
2017-12-05,Terra,0.0451,0.009300000000000001,0.0538,1.1929046563192904,0.20620842572062087,-0.6580882352941175
2017-12-06,Terra,0.04,0.0073,0.0432,1.083743842364532,0.18114143920595532,-0.6932773109243697
2017-12-07,Terra,0.043000000000000003,0.0083,0.0497,1.1589861751152075,0.19302325581395346,-0.6764132553606238
2017-12-08,Terra,0.0429,0.0128,0.0497,1.1585081585081585,0.2956521739130435,-0.5436241610738255
2017-12-10,Terra,0.041800000000000004,0.0123,0.046900000000000004,1.127403846153846,0.26914660831509846,-0.5758620689655173
2017-12-30,Terra,0.043500000000000004,0.014100000000000001,0.05,1.1494252873563218,0.32413793103448274,-0.5104166666666666
2018-01-02,Terra,0.068,0.0352,0.0795,1.1691176470588234,0.5176470588235295,-0.3178294573643411
2018-01-06,Terra,0.0264,0.0022,0.0378,1.406015037593985,0.08333333333333334,-0.8461538461538461
2018-01-13,Terra,0.0221,0.0047,0.024900000000000002,1.1512195121951219,0.22926829268292684,-0.6269841269841271
2018-01-20,Terra,0.045700000000000005,0.014100000000000001,0.056400000000000006,1.231732776617954,0.3068893528183716,-0.5303514376996806
2018-01-30,Terra,0.0304,0.0074,0.028300000000000002,0.9389830508474577,0.25084745762711863,-0.5989159891598916
2018-02-02,Terra,0.0408,0.013000000000000001,0.0477,1.170316301703163,0.31862745098039214,-0.516728624535316
2018-02-05,Terra,0.0267,0.0074,0.0205,0.7677902621722846,0.27611940298507465,-0.5672514619883041
2018-02-06,Terra,0.029400000000000003,0.0063,0.0358,1.2006802721088436,0.2040816326530612,-0.6610169491525425
2018-02-07,Terra,0.0426,0.021,0.049800000000000004,1.1941964285714288,0.4882629107981221,-0.34384858044164035
2018-02-10,Terra,0.0315,0.0058000000000000005,0.0375,1.2083333333333335,0.19205298013245034,-0.6777777777777777
2018-02-12,Terra,0.0443,0.0149,0.0517,1.1670428893905194,0.3363431151241535,-0.4966216216216216
2018-02-13,Terra,0.028900000000000002,0.0038,0.025,0.8471760797342193,0.1342281879194631,-0.7633136094674557
2018-02-14,Terra,0.062200000000000005,0.0217,0.0784,1.260450160771704,0.3488745980707395,-0.48271752085816455
2018-02-15,Terra,0.032100000000000004,0.005,0.038,1.156156156156156,0.15666666666666665,-0.729106628242075
2018-02-18,Terra,0.0697,0.020300000000000002,0.08320000000000001,1.193687230989957,0.29124820659971307,-0.5488888888888889
2018-02-23,Terra,0.0516,0.017,0.0618,1.1374269005847955,0.368763557483731,-0.4611727416798732
2018-02-26,Terra,0.050300000000000004,0.0145,0.059000000000000004,1.1640625,0.2823061630218688,-0.5596899224806202
2018-03-03,Terra,0.0685,0.0258,0.0762,1.1124087591240877,0.3766423357664233,-0.4528101802757158
2018-03-11,Terra,0.0562,0.0236,0.0665,1.1701388888888888,0.4199288256227758,-0.40852130325814545
2018-03-19,Terra,0.0374,0.0106,0.0409,1.0891891891891892,0.28418230563002683,-0.5574112734864302
2018-03-21,Terra,0.0437,0.0146,0.0473,1.1095238095238096,0.3135011441647597,-0.5226480836236934
2018-03-27,Terra,0.0529,0.0309,0.0572,1.0812854442344044,0.5841209829867675,-0.26252983293556087
2018-03-28,Terra,0.042,0.016300000000000002,0.046400000000000004,1.09009009009009,0.3861607142857143,-0.44283413848631237
2018-03-31,Terra,0.0442,0.015300000000000001,0.0489,1.0855263157894737,0.3485193621867882,-0.4831081081081081
2018-04-01,Terra,0.059500000000000004,0.0369,0.06520000000000001,1.1075630252100839,0.626890756302521,-0.22933884297520665
2018-04-02,Terra,0.0456,0.020200000000000003,0.0472,1.0326086956521738,0.4444444444444444,-0.3846153846153847
2018-04-08,Terra,0.0478,0.018500000000000003,0.051800000000000006,1.0938775510204082,0.3870292887029289,-0.4419306184012066
2018-04-09,Terra,0.0631,0.032100000000000004,0.07010000000000001,1.1030110935023774,0.5069767441860465,-0.3271604938271605
2018-04-17,Terra,0.065,0.038,0.0721,1.1052631578947367,0.584375,-0.26232741617356997
2018-04-20,Terra,0.0442,0.0098,0.047,1.0609480812641083,0.22121896162528215,-0.6377079482439927
2018-04-21,Terra,0.049100000000000005,0.012700000000000001,0.0553,1.136460554371002,0.25198412698412703,-0.5974643423137875
2018-04-22,Terra,0.0502,0.0205,0.051000000000000004,1.0,0.40763052208835343,-0.4208273894436519
2018-04-23,Terra,0.055400000000000005,0.02,0.062,1.1072727272727274,0.3621013133208255,-0.4683195592286502
2018-04-24,Terra,0.0478,0.0182,0.0487,1.0041928721174005,0.3929313929313929,-0.43582089552238806
2018-04-25,Terra,0.0635,0.0303,0.0704,1.1037277147487845,0.47368421052631576,-0.35714285714285715
2018-04-29,Terra,0.0673,0.0292,0.0729,1.0947521865889212,0.4329446064139941,-0.39572736520854523
2018-04-30,Terra,0.0828,0.035300000000000005,0.096,1.1609870740305521,0.426328502415459,-0.40220152413209137
2018-05-01,Terra,0.0494,0.0132,0.055900000000000005,1.1275303643724697,0.2729124236252546,-0.5712
2018-05-02,Terra,0.046,0.0089,0.047,1.0304347826086957,0.1954261954261954,-0.6730434782608696
2018-05-03,Terra,0.0403,0.0092,0.0427,1.0595533498759304,0.23267326732673266,-0.6224899598393575
2018-05-06,Terra,0.0405,0.0105,0.0466,1.1439205955334988,0.25874125874125875,-0.5888888888888889
2018-05-07,Terra,0.0409,0.0109,0.0516,1.2591687041564794,0.2665036674816626,-0.5791505791505791
2018-05-08,Terra,0.0308,0.010100000000000001,0.034300000000000004,1.1209964412811388,0.34532374100719426,-0.48663101604278075
2018-05-11,Terra,0.049100000000000005,0.0179,0.0616,1.2545824847250509,0.3646055437100213,-0.46562500000000007
2018-05-12,Terra,0.048,0.011000000000000001,0.056600000000000004,1.1791666666666667,0.22916666666666669,-0.6271186440677965
2018-05-13,Terra,0.057600000000000005,0.033800000000000004,0.0678,1.1742160278745646,0.5887372013651877,-0.2588614393125671
2018-05-14,Terra,0.0297,0.0105,0.0408,1.395638629283489,0.33333333333333337,-0.49999999999999994
2018-05-15,Terra,0.0258,0.006500000000000001,0.035300000000000005,1.3773584905660379,0.24714828897338406,-0.6036585365853657
2018-05-17,Terra,0.0859,0.07390000000000001,0.09280000000000001,1.080325960419092,0.8603026775320141,-0.07509386733416769
2018-05-18,Terra,0.0233,0.0089,0.0297,1.2746781115879828,0.3862660944206009,-0.4427244582043343
2018-05-19,Terra,0.0412,0.0262,0.0521,1.2956120092378751,0.6359223300970874,-0.22255192878338279
2018-05-21,Terra,0.036000000000000004,0.0175,0.050100000000000006,1.348314606741573,0.47780678851174935,-0.35335689045936397
2018-05-22,Terra,0.037200000000000004,0.018500000000000003,0.047400000000000005,1.2741935483870968,0.49731182795698925,-0.3357271095152603
2018-05-23,Terra,0.0118,0.0034000000000000002,0.017,1.440677966101695,0.288135593220339,-0.5526315789473684
2018-05-24,Terra,0.0238,0.0074,0.0327,1.3636363636363638,0.314410480349345,-0.521594684385382
2018-05-26,Terra,0.0257,0.0082,0.0313,1.1985294117647058,0.3215686274509804,-0.513353115727003
2018-05-27,Terra,0.049600000000000005,0.0405,0.0585,1.1794354838709677,0.816532258064516,-0.1009988901220866
2018-05-28,Terra,0.0212,0.0058000000000000005,0.030500000000000003,1.4292237442922375,0.27751196172248804,-0.5655430711610487
2018-05-30,Terra,0.035,0.020800000000000003,0.0454,1.3267326732673268,0.6428571428571429,-0.21739130434782605
2018-06-01,Terra,0.024,0.008,0.0371,1.5432098765432096,0.3333333333333333,-0.5
2018-06-02,Terra,0.0219,0.012,0.0322,1.475336322869955,0.5429864253393665,-0.2961876832844575
2018-06-04,Terra,0.0213,0.0073,0.0292,1.3768844221105527,0.3427230046948357,-0.4895104895104895
2018-06-05,Terra,0.053700000000000005,0.0431,0.0711,1.3516483516483517,0.802607076350093,-0.10950413223140501
2018-06-07,Terra,0.0795,0.0665,0.09280000000000001,1.1690140845070425,0.8364779874213837,-0.08904109589041093
2018-06-08,Terra,0.031900000000000005,0.0184,0.0485,1.5203761755485892,0.5768025078369905,-0.2683896620278331
2018-06-09,Terra,0.0551,0.0367,0.06860000000000001,1.2610294117647058,0.6716981132075471,-0.19638826185101585
2018-06-11,Terra,0.0184,0.0088,0.0328,1.6775956284153006,0.44221105527638194,-0.3867595818815331
2018-06-12,Terra,0.024,0.010100000000000001,0.038400000000000004,1.589519650655022,0.41666666666666663,-0.4117647058823529
2018-06-13,Terra,0.021400000000000002,0.010100000000000001,0.033100000000000004,1.591346153846154,0.4702970297029702,-0.3602693602693603
2018-06-15,Terra,0.024800000000000003,0.0126,0.0444,1.7903225806451613,0.5080645161290323,-0.32620320855614976
2018-06-19,Terra,0.020200000000000003,0.0222,0.0476,2.297029702970297,1.0990099009900989,0.04716981132075467
2018-06-20,Terra,0.0223,0.06620000000000001,0.0516,2.3004694835680755,3.1079812206572774,0.5131428571428572
2018-06-21,Terra,0.037200000000000004,0.031900000000000005,0.0596,1.5935828877005347,0.8529411764705883,-0.07936507936507933
2018-06-24,Terra,0.0315,0.024800000000000003,0.049100000000000005,1.6045751633986929,0.7873015873015874,-0.1190053285968028
2018-06-25,Terra,0.0345,0.032600000000000004,0.057100000000000005,1.655072463768116,0.9449275362318841,-0.028315946348733214
2018-06-26,Terra,0.022500000000000003,0.0196,0.048,1.9733333333333332,0.8622222222222221,-0.07398568019093082
2018-06-27,Terra,0.0227,0.0102,0.0442,1.8015873015873016,0.45634920634920634,-0.3732970027247957
2018-06-28,Terra,0.022000000000000002,0.0219,0.046900000000000004,2.1409090909090907,0.9954545454545454,-0.0022779043280182886
2018-06-29,Terra,0.0227,0.0805,0.0507,2.148305084745763,3.4110169491525424,0.5465898174831894
2018-06-30,Terra,0.027600000000000003,0.028300000000000002,0.051000000000000004,1.756521739130435,0.9373040752351097,-0.03236245954692559
2018-07-01,Terra,0.0253,0.0751,0.053500000000000006,2.14,3.004,0.5004995004995005
2018-07-02,Terra,0.021400000000000002,0.013000000000000001,0.0442,1.9585798816568047,0.6686390532544378,-0.19858156028368795
2018-07-03,Terra,0.022500000000000003,0.0296,0.047900000000000005,2.0844444444444443,1.3155555555555554,0.13627639155470245
2018-07-04,Terra,0.0388,0.041100000000000005,0.0656,1.690721649484536,1.059278350515464,0.028785982478097664
2018-07-05,Terra,0.0275,0.023,0.047400000000000005,1.6483516483516485,0.8901098901098902,-0.05813953488372091
2018-07-07,Terra,0.023,0.050100000000000006,0.0526,2.304347826086957,2.330232558139535,0.3994413407821229
2018-07-08,Terra,0.0307,0.0256,0.0551,1.794788273615635,0.8338762214983714,-0.09058614564831262
2018-07-09,Terra,0.0286,0.028,0.053200000000000004,1.8798586572438163,0.9057591623036648,-0.04945054945054953
2018-07-10,Terra,0.027100000000000003,0.027,0.0526,1.9197080291970803,1.051094890510949,0.024911032028469785
2018-07-11,Terra,0.0228,0.0198,0.042300000000000004,1.8823529411764706,0.9744680851063829,-0.012931034482758619
2018-07-12,Terra,0.0227,0.017,0.0388,1.7647058823529411,0.6854838709677419,-0.18660287081339713
2018-07-14,Terra,0.0264,0.0119,0.0403,1.5095057034220531,0.4524714828897339,-0.3769633507853403
2018-07-16,Terra,0.027100000000000003,0.014700000000000001,0.0448,1.6173285198555956,0.5424354243542435,-0.2966507177033493
2018-07-17,Terra,0.0275,0.0241,0.0483,1.7381818181818183,0.8763636363636363,-0.06589147286821706
2018-07-18,Terra,0.0543,0.046,0.0738,1.3333333333333333,0.8327402135231317,-0.09126213592233008
2018-07-19,Terra,0.0267,0.017,0.0475,1.7902621722846441,0.7192982456140351,-0.16326530612244897
2018-07-20,Terra,0.032600000000000004,0.0181,0.0453,1.372093023255814,0.5700325732899023,-0.2738589211618257
2018-07-21,Terra,0.0332,0.017400000000000002,0.0497,1.4835820895522387,0.5194029850746269,-0.31630648330058936
2018-07-22,Terra,0.0286,0.020300000000000002,0.0441,1.5419580419580419,0.7097902097902099,-0.16973415132924333
2018-07-26,Terra,0.0016,0.028900000000000002,0.0089,5.5625,18.0625,0.8950819672131147
2018-07-27,Terra,0.0368,0.023100000000000002,0.057600000000000005,1.5738916256157633,0.6346153846153847,-0.22352941176470587
2018-07-28,Terra,0.0167,0.0388,0.0229,1.3712574850299402,2.3233532934131738,0.39819819819819824
2018-08-02,Terra,0.18910000000000002,0.1427,0.22590000000000002,1.1946060285563194,0.7546271813855102,-0.1398432790837855
2018-08-11,Terra,0.0322,0.0318,0.0492,1.5279503105590062,0.9875776397515529,-0.006249999999999962
2018-08-12,Terra,0.0466,0.0316,0.0675,1.4164859002169197,0.6829787234042554,-0.18836915297092283
2018-08-18,Terra,0.0017000000000000001,0.0263,0.00030000000000000003,0.17647058823529413,15.470588235294116,0.8785714285714286
2018-08-20,Terra,0.0429,0.0269,0.0649,1.5128205128205128,0.627039627039627,-0.22922636103151864
2018-08-27,Terra,0.016900000000000002,0.0097,0.0334,1.9763313609467452,0.57396449704142,-0.27067669172932335
2018-08-28,Terra,0.0199,0.008400000000000001,0.0298,1.4901960784313724,0.43076923076923085,-0.3978494623655913
2018-08-31,Terra,0.0173,0.0329,0.033800000000000004,2.0736196319018405,1.8383233532934133,0.2953586497890296
2018-09-01,Terra,0.022600000000000002,0.0173,0.0366,1.6052631578947367,0.7587719298245613,-0.13715710723192023
2018-09-02,Terra,0.025900000000000003,0.0161,0.0396,1.5492424242424243,0.6226415094339622,-0.23255813953488375
2018-09-03,Terra,0.0304,0.024,0.052700000000000004,1.7373737373737372,0.8080808080808081,-0.10614525139664806
2018-09-05,Terra,0.0318,0.021400000000000002,0.0521,1.6237942122186495,0.6881028938906752,-0.18476190476190474
2018-09-08,Terra,0.0332,0.046700000000000005,0.0618,1.8397626112759644,1.4194528875379941,0.17336683417085436
2018-09-09,Terra,0.0058000000000000005,0.0801,0.0151,2.746268656716418,13.208955223880597,0.8592436974789917
2018-09-10,Terra,0.033100000000000004,0.039900000000000005,0.0618,1.885542168674699,1.2555205047318614,0.11328671328671332
2018-09-12,Terra,0.0327,0.0286,0.0546,1.6249999999999998,0.8304597701149424,-0.0926216640502355
2018-09-13,Terra,0.0297,0.0247,0.0489,1.6416382252559727,0.8006430868167203,-0.11071428571428571
2018-09-15,Terra,0.0345,0.0438,0.0589,1.5981308411214954,1.0788912579957355,0.037948717948717896
2018-09-16,Terra,0.023200000000000002,0.0291,0.0477,2.0560344827586206,1.2707423580786026,0.11923076923076924
2018-09-17,Terra,0.0284,0.031900000000000005,0.0504,1.9055555555555557,1.3178807947019868,0.13714285714285715
2018-09-18,Terra,0.0274,0.0253,0.0471,1.7220216606498193,0.9301470588235293,-0.03619047619047623
2018-09-19,Terra,0.024,0.014100000000000001,0.0392,1.6333333333333333,0.5875,-0.25984251968503935
2018-09-20,Terra,0.0179,0.013300000000000001,0.032600000000000004,1.8111111111111111,0.7388888888888888,-0.15015974440894572
2018-09-23,Terra,0.028200000000000003,0.0143,0.0393,1.3551724137931034,0.49310344827586206,-0.3394919168591224
2018-09-24,Terra,0.023700000000000002,0.0129,0.030500000000000003,1.2891566265060241,0.5461847389558233,-0.2935064935064935
2018-09-25,Terra,0.0274,0.0244,0.0473,1.6019736842105263,0.8608695652173914,-0.07476635514018685
2018-09-26,Terra,0.0222,0.0176,0.029500000000000002,1.4320388349514563,0.766990291262136,-0.13186813186813182
2018-09-27,Terra,0.0274,0.0274,0.0468,1.7205882352941175,0.977859778597786,-0.011194029850746265
2018-09-29,Terra,0.0397,0.0236,0.0475,1.1766233766233767,0.5850515463917526,-0.26178861788617885
2018-09-30,Terra,0.031900000000000005,0.020800000000000003,0.0488,1.5297805642633227,0.6520376175548589,-0.21062618595825428
2018-10-04,Terra,0.028900000000000002,0.0512,0.055,1.9169550173010381,1.5657492354740061,0.22050059594755664
2018-10-06,Terra,0.042800000000000005,0.0204,0.061500000000000006,1.4247572815533982,0.4642857142857143,-0.36585365853658536
2018-10-07,Terra,0.0269,0.013600000000000001,0.0362,1.563063063063063,0.591304347826087,-0.2568306010928961
2018-10-09,Terra,0.0528,0.026000000000000002,0.0551,1.046641791044776,0.47101449275362317,-0.35960591133004927
2018-10-11,Terra,0.027800000000000002,0.0151,0.0361,1.4344262295081969,0.5823170731707318,-0.26396917148362237
2018-10-12,Terra,0.0318,0.0155,0.0431,1.380503144654088,0.4874213836477987,-0.34460887949260044
2018-10-13,Terra,0.042300000000000004,0.015300000000000001,0.0463,1.0909090909090908,0.3541147132169576,-0.4769797421731124
2018-10-14,Terra,0.0386,0.0344,0.0565,1.4637305699481864,0.9870967741935485,-0.006493506493506454
2018-10-15,Terra,0.0334,0.032,0.0526,1.5036231884057971,0.9083094555873925,-0.048048048048048075
2018-10-16,Terra,0.0313,0.023200000000000002,0.0431,1.3578595317725752,0.7060702875399362,-0.17228464419475653
2018-10-17,Terra,0.029500000000000002,0.0114,0.033600000000000005,1.1742424242424243,0.38,-0.4492753623188406
2018-10-18,Terra,0.0308,0.022000000000000002,0.0352,1.2822085889570551,0.7971014492753623,-0.11290322580645162
2018-10-19,Terra,0.036000000000000004,0.0135,0.0386,1.1522388059701492,0.3827160493827161,-0.44642857142857134
2018-10-20,Terra,0.035,0.0228,0.0463,1.3042253521126759,0.6570605187319885,-0.20695652173913043
2018-10-21,Terra,0.0347,0.0269,0.048600000000000004,1.398477157360406,0.8176291793313071,-0.10033444816053509
2018-10-22,Terra,0.0327,0.012700000000000001,0.0391,1.1896024464831805,0.3883792048929664,-0.4405286343612334
2018-10-30,Terra,0.0437,0.016,0.0514,1.1914414414414414,0.3295194508009153,-0.504302925989673
2018-11-05,Terra,0.0366,0.0063,0.0368,1.0259365994236311,0.1714285714285714,-0.7073170731707318
2018-11-07,Terra,0.0495,0.0159,0.0459,0.9243697478991597,0.3201581027667984,-0.5149700598802396
2018-11-08,Terra,0.059000000000000004,0.0143,0.0646,1.1146711635750421,0.2445193929173693,-0.6070460704607047
2018-11-09,Terra,0.0521,0.0173,0.057,1.104417670682731,0.3241252302025783,-0.5104311543810848
2018-11-10,Terra,0.0436,0.008700000000000001,0.0436,1.0453514739229026,0.18790496760259182,-0.6836363636363637
2018-11-11,Terra,0.0413,0.0076,0.036500000000000005,0.9031476997578691,0.1840193704600484,-0.689161554192229
2018-11-12,Terra,0.0426,0.0057,0.040100000000000004,1.021978021978022,0.14285714285714285,-0.75
2018-11-14,Terra,0.0512,0.014400000000000001,0.054700000000000006,1.0999999999999999,0.28654970760233917,-0.5545454545454547
2018-11-16,Terra,0.0441,0.0091,0.048600000000000004,1.0940366972477065,0.20634920634920637,-0.6578947368421053
2018-11-17,Terra,0.043500000000000004,0.0083,0.027800000000000002,0.587737843551797,0.1908045977011494,-0.6795366795366795
2018-11-18,Terra,0.0434,0.0073,0.046,1.072494669509595,0.16615384615384615,-0.7150395778364115
2018-11-19,Terra,0.051800000000000006,0.008400000000000001,0.0592,1.1339805825242717,0.15613382899628256,-0.7299035369774919
2018-11-20,Terra,0.0689,0.029500000000000002,0.0763,1.111416781292985,0.43350604490500866,-0.3951807228915662
2018-11-25,Terra,0.0755,0.028800000000000003,0.0786,1.0410596026490067,0.3804347826086957,-0.4488188976377953
2018-12-05,Terra,0.0644,0.015000000000000001,0.054700000000000006,0.8615160349854226,0.22773722627737225,-0.629013079667063
2018-12-06,Terra,0.058100000000000006,0.0155,0.053700000000000005,0.9517857142857142,0.2767857142857143,-0.5664335664335663
2018-12-12,Terra,0.0495,0.008700000000000001,0.050800000000000005,1.0262626262626262,0.16201117318435754,-0.7211538461538461
2018-12-20,Terra,0.0529,0.0115,0.0455,0.8739130434782609,0.22391304347826088,-0.6341030195381882
2018-12-21,Terra,0.0679,0.016900000000000002,0.054900000000000004,0.8085419734904271,0.2488954344624448,-0.6014150943396227
2018-12-25,Terra,0.0629,0.0118,0.0634,1.0270270270270272,0.19556451612903225,-0.6728499156829679
2018-12-27,Terra,0.058100000000000006,0.0119,0.058800000000000005,1.0135135135135136,0.20411663807890223,-0.6609686609686609
2018-12-28,Terra,0.07010000000000001,0.0134,0.07690000000000001,1.0970042796005706,0.1911554921540656,-0.6790419161676647
2018-12-30,Terra,0.0458,0.0261,0.0444,0.9694323144104804,0.5698689956331878,-0.2739916550764951
2019-01-12,Terra,0.0514,0.009300000000000001,0.050800000000000005,0.9850746268656716,0.17357001972386588,-0.7042016806722688
2019-01-13,Terra,0.056100000000000004,0.010400000000000001,0.058600000000000006,1.0408525754884548,0.18538324420677363,-0.687218045112782
2019-01-14,Terra,0.027,0.0058000000000000005,0.0329,1.1211453744493391,0.2,-0.6666666666666667
2019-01-21,Terra,0.053000000000000005,0.0106,0.060700000000000004,1.1520912547528517,0.19557195571955718,-0.6728395061728395
2019-01-25,Terra,0.041600000000000005,0.0083,0.0506,1.2163461538461537,0.19951923076923075,-0.6673346693386774
2019-01-30,Terra,0.0357,0.0061,0.0361,1.0403458213256485,0.17079207920792078,-0.708245243128964
2019-01-31,Terra,0.0407,0.0047,0.051000000000000004,1.2608695652173914,0.11594202898550726,-0.7922077922077922
2019-02-16,Terra,0.0698,0.0162,0.0828,1.186246418338109,0.2320916905444126,-0.6232558139534884
2019-02-18,Terra,0.055400000000000005,0.0111,0.06720000000000001,1.20863309352518,0.2007233273056058,-0.6656626506024097
2019-02-20,Terra,0.0599,0.013300000000000001,0.0737,1.230118443316413,0.21983471074380165,-0.6395663956639567
2019-02-22,Terra,0.0658,0.0201,0.07400000000000001,1.1246200607902737,0.3054711246200608,-0.5320139697322468
2019-03-11,Terra,0.051500000000000004,0.008,0.06330000000000001,1.2291262135922332,0.1553398058252427,-0.73109243697479
2019-03-13,Terra,0.0587,0.0111,0.0679,1.1567291311754684,0.1890971039182283,-0.681948424068768
2019-03-15,Terra,0.0505,0.0088,0.0599,1.1872427983539093,0.17901234567901236,-0.6963350785340314
2019-03-17,Terra,0.0514,0.0108,0.060500000000000005,1.1735537190082643,0.21132897603485837,-0.6510791366906475
2019-03-18,Terra,0.0502,0.0112,0.0557,1.1095617529880477,0.21008403361344538,-0.6527777777777777
2019-03-24,Terra,0.0597,0.0217,0.07250000000000001,1.205574912891986,0.3637846655791191,-0.46650717703349276
2019-03-30,Terra,0.056900000000000006,0.0115,0.07,1.2302284710017575,0.20210896309314585,-0.6637426900584796
2019-03-31,Terra,0.049600000000000005,0.0103,0.060000000000000005,1.1968190854870775,0.20967741935483872,-0.6533333333333333
2019-04-12,Terra,0.0514,0.0148,0.06430000000000001,1.1584766584766586,0.2879377431906615,-0.552870090634441
2019-04-16,Terra,0.0458,0.0112,0.054,1.1790393013100438,0.2445414847161572,-0.6070175438596491
2019-04-18,Terra,0.0391,0.0068000000000000005,0.0466,1.1767676767676767,0.1827956989247312,-0.6909090909090909
2019-04-21,Terra,0.041100000000000005,0.0098,0.0455,1.1313868613138685,0.23844282238442818,-0.6149312377210218
2019-04-22,Terra,0.035,0.0079,0.039900000000000005,1.1400000000000001,0.22571428571428573,-0.6317016317016316
2019-04-23,Terra,0.0369,0.0066,0.044000000000000004,1.1818181818181819,0.18808777429467083,-0.6833773087071241
2019-04-24,Terra,0.036000000000000004,0.013300000000000001,0.04,1.111111111111111,0.38244514106583066,-0.44671201814058953
2019-04-25,Terra,0.0432,0.0223,0.046400000000000004,1.0740740740740742,0.5162037037037037,-0.3190839694656489
2019-04-26,Terra,0.0298,0.009000000000000001,0.029300000000000003,0.9832214765100672,0.30201342281879195,-0.5360824742268041
2019-04-27,Terra,0.0325,0.0103,0.033,0.9912023460410558,0.31384615384615383,-0.522248243559719
2019-04-28,Terra,0.039900000000000005,0.015700000000000002,0.042100000000000005,1.0687830687830688,0.42857142857142855,-0.4
2019-04-29,Terra,0.0329,0.0091,0.0351,1.0701219512195121,0.265625,-0.5802469135802469
2019-04-30,Terra,0.0558,0.027800000000000002,0.058800000000000005,1.053763440860215,0.49820788530465954,-0.33492822966507174
2019-05-01,Terra,0.0371,0.0129,0.0431,1.1617250673854447,0.37196765498652296,-0.4577603143418468
2019-05-02,Terra,0.028,0.0088,0.0291,1.0384615384615385,0.32280701754385965,-0.5119363395225465
2019-05-03,Terra,0.029300000000000003,0.0146,0.0334,1.13915857605178,0.49829351535836175,-0.33485193621867887
2019-05-04,Terra,0.024800000000000003,0.009300000000000001,0.024800000000000003,1.0425531914893618,0.3670411985018726,-0.46301369863013697
2019-05-05,Terra,0.0257,0.0108,0.0264,1.027237354085603,0.42023346303501946,-0.4082191780821917
2019-05-06,Terra,0.0257,0.012100000000000001,0.0233,0.9173228346456692,0.4357976653696498,-0.39295392953929537
2019-05-07,Terra,0.0366,0.0194,0.0427,1.1658415841584158,0.5273224043715847,-0.3094812164579606
2019-05-09,Terra,0.0296,0.0118,0.0313,1.0662251655629138,0.41454545454545455,-0.41388174807197936
2019-05-10,Terra,0.0261,0.0112,0.027700000000000002,1.0613026819923372,0.4291187739463601,-0.3994638069705094
2019-05-11,Terra,0.026000000000000002,0.007200000000000001,0.0308,1.1578947368421053,0.2874493927125506,-0.5534591194968552
2019-05-12,Terra,0.019700000000000002,0.008700000000000001,0.0159,0.8071065989847716,0.42131979695431465,-0.40714285714285714
2019-05-20,Terra,0.062400000000000004,0.0379,0.0689,1.1041666666666667,0.6073717948717949,-0.24426719840478564
2019-05-24,Terra,0.042800000000000005,0.0258,0.0511,1.1939252336448596,0.6028037383177569,-0.24781341107871724
2019-05-25,Terra,0.0246,0.006,0.026500000000000003,1.0728744939271255,0.2520325203252033,-0.5974025974025974
2019-05-26,Terra,0.021500000000000002,0.0046,0.0318,1.4790697674418605,0.213953488372093,-0.6475095785440613
2019-05-28,Terra,0.0397,0.0193,0.0443,1.1203438395415473,0.48837209302325574,-0.34375000000000006
2019-05-29,Terra,0.0307,0.0126,0.0371,1.196923076923077,0.40327868852459015,-0.4252336448598131
2019-05-30,Terra,0.0328,0.0108,0.0405,1.225609756097561,0.32926829268292684,-0.5045871559633028
2019-06-02,Terra,0.0341,0.0161,0.0425,1.249266862170088,0.47214076246334313,-0.35856573705179284
2019-06-03,Terra,0.0222,0.0056,0.0274,1.223744292237443,0.23660714285714285,-0.6173285198555957
2019-06-04,Terra,0.0245,0.0082,0.032,1.3061224489795917,0.3346938775510204,-0.49847094801223246
2019-06-05,Terra,0.0194,0.0032,0.0238,1.2268041237113403,0.16019417475728154,-0.7238493723849372
2019-06-07,Terra,0.0315,0.010700000000000001,0.0392,1.18,0.34408602150537637,-0.48799999999999993
2019-06-08,Terra,0.0206,0.0051,0.023,1.1132075471698113,0.24528301886792456,-0.6060606060606061
2019-06-09,Terra,0.0211,0.007,0.026500000000000003,1.2559241706161137,0.33175355450236965,-0.501779359430605
2019-06-10,Terra,0.027,0.014400000000000001,0.0368,1.3214285714285716,0.5333333333333334,-0.3043478260869565
2019-06-11,Terra,0.0268,0.0103,0.0357,1.332089552238806,0.3843283582089552,-0.4447439353099731
2019-06-12,Terra,0.027800000000000002,0.015050000000000001,0.033100000000000004,1.2032520325203253,0.5268817204301075,-0.3098591549295775
2019-06-13,Terra,0.026600000000000002,0.0132,0.0379,1.4268774703557312,0.49624060150375937,-0.33668341708542715
2019-06-14,Terra,0.0159,0.0055000000000000005,0.0188,1.197452229299363,0.3597560975609756,-0.4708520179372198
2019-06-16,Terra,0.0166,0.0074,0.0196,1.21875,0.4397590361445783,-0.38912133891213385
2019-06-18,Terra,0.0205,0.0135,0.0356,1.7365853658536585,0.7596153846153846,-0.13661202185792348
2019-06-19,Terra,0.0553,0.043500000000000004,0.0665,1.2188065099457503,0.7840136054421768,-0.12106768350810297
2019-06-20,Terra,0.0269,0.0199,0.043000000000000003,1.5985130111524164,0.7397769516728625,-0.14957264957264954
2019-06-21,Terra,0.0221,0.013800000000000002,0.033800000000000004,1.5,0.611111111111111,-0.24137931034482762
2019-06-22,Terra,0.0188,0.0112,0.0325,1.7017543859649122,0.6153846153846153,-0.2380952380952381
2019-06-23,Terra,0.0165,0.0068000000000000005,0.024800000000000003,1.5096774193548388,0.4121212121212121,-0.41630901287553645
2019-06-24,Terra,0.0246,0.0309,0.0436,1.7723577235772356,1.2560975609756098,0.1135135135135135
2019-06-25,Terra,0.034800000000000005,0.0439,0.0644,1.7413793103448274,0.9320594479830149,-0.03516483516483518
2019-06-26,Terra,0.1163,0.10640000000000001,0.13090000000000002,1.125537403267412,0.945829750644884,-0.027839151568714096
2019-06-28,Terra,0.023100000000000002,0.0137,0.0376,1.7819905213270142,0.6492890995260664,-0.21264367816091956
2019-06-30,Terra,0.022000000000000002,0.0198,0.0408,1.8461538461538463,0.8773584905660379,-0.0653266331658291
2019-07-02,Terra,0.024300000000000002,0.056,0.051500000000000004,2.1631799163179917,2.4034334763948495,0.41235813366960905
2019-07-04,Terra,0.032600000000000004,0.0408,0.055200000000000006,1.6380368098159508,1.2106824925816024,0.09530201342281881
2019-07-05,Terra,0.0253,0.0154,0.0412,1.595505617977528,0.5746268656716418,-0.27014218009478674
2019-07-07,Terra,0.0261,0.0211,0.0422,1.7011494252873562,0.8577235772357724,-0.07658643326039385
2019-07-08,Terra,0.0268,0.0182,0.0424,1.560483870967742,0.7338709677419355,-0.1534883720930233
2019-07-11,Terra,0.0221,0.037700000000000004,0.049300000000000004,2.018099547511312,1.3665158371040724,0.1548757170172084
2019-07-13,Terra,0.028800000000000003,0.0201,0.051800000000000006,1.7951388888888888,0.6979166666666666,-0.1779141104294479
2019-07-14,Terra,0.0258,0.048400000000000006,0.051000000000000004,2.0079051383399213,1.6652542372881356,0.24960254372019083
2019-07-16,Terra,0.0224,0.031900000000000005,0.0446,2.090909090909091,1.546875,0.21472392638036808
2019-07-18,Terra,0.0238,0.0563,0.0523,2.180672268907563,2.365546218487395,0.40574282147315854
2019-07-19,Terra,0.0499,0.0434,0.066,1.3691406250000002,0.9328063241106719,-0.034764826175869123
2019-07-20,Terra,0.0285,0.0222,0.0499,1.7263157894736842,0.7836879432624113,-0.121272365805169
2019-07-21,Terra,0.0236,0.0117,0.0364,1.5103734439834027,0.47950819672131145,-0.3518005540166205
2019-07-22,Terra,0.028,0.0221,0.0422,1.51985559566787,0.7978339350180506,-0.11244979919678716
2019-07-23,Terra,0.026000000000000002,0.042,0.0546,2.0845588235294117,1.6494233160399605,0.2449689031170196
2019-07-24,Terra,0.0216,0.0152,0.0344,1.5914893617021277,0.6666666666666667,-0.19999999999999998
2019-07-25,Terra,0.0207,0.0103,0.0297,1.4471153846153846,0.48309178743961356,-0.3485342019543974
2019-07-27,Terra,0.0269,0.020900000000000002,0.039400000000000004,1.4733096085409252,0.7508896797153025,-0.14227642276422764
2019-07-28,Terra,0.026500000000000003,0.0159,0.043000000000000003,1.5846153846153845,0.6115384615384615,-0.24105011933174222
2019-07-29,Terra,0.029400000000000003,0.020300000000000002,0.049300000000000004,1.6768707482993197,0.7491525423728813,-0.14341085271317827
2019-07-30,Terra,0.0279,0.0178,0.046,1.6431095406360423,0.652014652014652,-0.21064301552106432
2019-07-31,Terra,0.0316,0.0188,0.0497,1.5727848101265822,0.5949367088607594,-0.253968253968254
2019-08-01,Terra,0.023700000000000002,0.0188,0.0398,1.6864406779661019,0.7932489451476793,-0.11529411764705885
2019-08-02,Terra,0.0217,0.023100000000000002,0.046200000000000005,2.128888888888889,1.0809523809523809,0.038901601830663615
2019-08-03,Terra,0.0235,0.022500000000000003,0.040100000000000004,1.8324873096446699,1.0,0.0
2019-08-04,Terra,0.023700000000000002,0.015000000000000001,0.0398,1.6851063829787236,0.6680851063829788,-0.19897959183673464
2019-08-05,Terra,0.0264,0.0256,0.0514,1.9147286821705427,0.9696969696969697,-0.015384615384615358
2019-08-07,Terra,0.032,0.035300000000000005,0.062200000000000005,1.94375,1.1031250000000001,0.049034175334323984
2019-08-08,Terra,0.0181,0.0194,0.036000000000000004,1.9943502824858759,1.0718232044198894,0.03466666666666664
2019-08-11,Terra,0.027700000000000002,0.0284,0.0495,1.8464285714285715,1.047970479704797,0.023423423423423403
2019-08-12,Terra,0.0246,0.026600000000000002,0.049800000000000004,2.0326530612244897,1.0857142857142859,0.04109589041095892
2019-08-13,Terra,0.023,0.0211,0.0472,1.9958333333333336,0.8833333333333333,-0.06194690265486726
2019-08-14,Terra,0.029,0.0246,0.055,1.8689655172413795,0.8039215686274509,-0.10869565217391308
2019-08-15,Terra,0.0175,0.0164,0.0328,1.833333333333333,0.9314285714285715,-0.035502958579881644
2019-08-16,Terra,0.0221,0.0233,0.0461,2.031111111111111,1.0355555555555556,0.01746724890829691
2019-08-17,Terra,0.023,0.0386,0.0478,2.0782608695652174,1.6637931034482758,0.24919093851132684
2019-08-18,Terra,0.023,0.030600000000000002,0.05,2.183406113537118,1.3362445414847162,0.14392523364485985
2019-08-19,Terra,0.0228,0.0207,0.0408,1.76,0.8399999999999999,-0.08695652173913049
2019-08-22,Terra,0.027700000000000002,0.022600000000000002,0.0414,1.5222222222222224,0.8,-0.11111111111111108
2019-08-23,Terra,0.0368,0.0332,0.0629,1.743732590529248,0.8853333333333334,-0.0608203677510608
2019-08-24,Terra,0.0239,0.0219,0.0438,1.830434782608696,0.9218106995884773,-0.04068522483940047
2019-08-25,Terra,0.024300000000000002,0.0238,0.0499,1.9636363636363636,0.8708006672226856,-0.06906971313096646
2019-08-26,Terra,0.018500000000000003,0.0173,0.0346,1.7721518987341771,0.89,-0.05820105820105822
2019-08-27,Terra,0.0213,0.013300000000000001,0.032600000000000004,1.5902439024390245,0.6487804878048781,-0.21301775147928992
2019-08-29,Terra,0.0244,0.016,0.040600000000000004,1.6382978723404256,0.6583333333333334,-0.20603015075376882
2019-08-30,Terra,0.026600000000000002,0.026500000000000003,0.0504,1.7938931297709924,1.141304347826087,0.06598984771573599
2019-08-31,Terra,0.0236,0.030000000000000002,0.050100000000000006,2.103448275862069,1.270042194092827,0.11895910780669144
2019-09-01,Terra,0.0184,0.0178,0.0297,1.6091954022988504,0.947136563876652,-0.027149321266968316
2019-09-02,Terra,0.0219,0.022500000000000003,0.043000000000000003,2.0238095238095237,1.1494252873563218,0.06951871657754005
2019-09-03,Terra,0.017400000000000002,0.013600000000000001,0.028300000000000002,1.6484848484848484,0.7865853658536585,-0.11945392491467581
2019-09-04,Terra,0.0206,0.017400000000000002,0.0371,1.718487394957983,0.7548387096774194,-0.13970588235294115
2019-09-06,Terra,0.034,0.029,0.057800000000000004,1.7,0.8504398826979473,-0.08082408874801897
2019-09-09,Terra,0.0645,0.07780000000000001,0.08600000000000001,1.3333333333333335,1.144186046511628,0.06724511930585685
2019-09-11,Terra,0.024900000000000002,0.038700000000000005,0.0505,2.02834008097166,1.5269709543568464,0.20853858784893267
2019-09-12,Terra,0.0216,0.035,0.0438,2.0467289719626165,1.6355140186915889,0.24113475177304963
2019-09-13,Terra,0.033800000000000004,0.056100000000000004,0.055200000000000006,1.6331360946745561,1.630813953488372,0.23977900552486192
2019-09-14,Terra,0.0247,0.030500000000000003,0.0456,1.940711462450593,1.25,0.11111111111111109
2019-09-21,Terra,0.0236,0.051800000000000006,0.0471,1.995762711864407,2.1949152542372885,0.37400530503978785
2019-09-23,Terra,0.0222,0.0373,0.0439,1.9327354260089686,1.6726457399103138,0.25167785234899326
2019-09-24,Terra,0.023700000000000002,0.0292,0.0415,1.7630331753554505,1.232067510548523,0.10396975425330808
2019-09-25,Terra,0.0158,0.0077,0.025,1.5569620253164556,0.4873417721518987,-0.34468085106382984
2019-09-26,Terra,0.0218,0.0263,0.0366,1.7023255813953486,1.18348623853211,0.08403361344537814
2019-09-27,Terra,0.0199,0.0115,0.0274,1.3768844221105527,0.5637254901960784,-0.2789968652037618
2019-10-01,Terra,0.0386,0.0273,0.0572,1.4818652849740932,0.7072538860103627,-0.17147192716236723
2019-10-04,Terra,0.021400000000000002,0.0456,0.0413,1.8111111111111111,2.1682242990654204,0.36873156342182895
2019-10-05,Terra,0.0181,0.020300000000000002,0.029500000000000002,1.8089430894308944,1.0497237569060773,0.02425876010781666
2019-10-06,Terra,0.021,0.014100000000000001,0.0286,1.3619047619047617,0.6714285714285715,-0.19658119658119655
2019-10-07,Terra,0.0233,0.0246,0.040400000000000005,1.6437246963562755,1.0747663551401867,0.03603603603603597
2019-10-09,Terra,0.0318,0.016,0.0407,1.2798742138364778,0.5418181818181819,-0.2971698113207547
2019-10-10,Terra,0.031,0.0195,0.0478,1.430769230769231,0.5723830734966592,-0.2719546742209632
2019-10-11,Terra,0.029900000000000003,0.013800000000000002,0.035500000000000004,1.2297297297297298,0.4640287769784172,-0.3660933660933661
2019-10-13,Terra,0.0427,0.0473,0.061500000000000006,1.4665071770334928,1.165432098765432,0.07639680729760545
2019-10-21,Terra,0.0281,0.0201,0.029300000000000003,1.04375,0.6979166666666666,-0.1779141104294479
2019-10-22,Terra,0.0328,0.018000000000000002,0.036000000000000004,1.0985915492957745,0.5787781350482315,-0.2668024439918533
2019-10-23,Terra,0.041600000000000005,0.0126,0.0431,1.0335731414868106,0.2822429906542056,-0.5597667638483965
2019-10-24,Terra,0.0585,0.0302,0.0629,1.0981387478849407,0.5162393162393162,-0.31905298759864714
2019-10-25,Terra,0.0514,0.02,0.056900000000000006,1.1237721021611002,0.3955637707948244,-0.43311258278145687
2019-10-26,Terra,0.0637,0.02,0.0694,1.1015873015873017,0.3214285714285714,-0.5135135135135135
2019-10-27,Terra,0.0391,0.0103,0.0383,0.9645776566757492,0.2622549019607843,-0.5844660194174757
2019-10-28,Terra,0.0409,0.0102,0.0362,0.8982630272952854,0.25055432372505543,-0.5992907801418439
2019-10-29,Terra,0.055900000000000005,0.018000000000000002,0.053000000000000005,0.9380234505862646,0.31444241316270566,-0.5215577190542421
2019-10-30,Terra,0.0468,0.0092,0.0478,1.0144329896907216,0.19696969696969696,-0.6708860759493672
2019-10-31,Terra,0.056900000000000006,0.0164,0.0522,0.937888198757764,0.28822495606326887,-0.5525238744884039
2019-11-01,Terra,0.0509,0.01,0.046700000000000005,0.915686274509804,0.1969439728353141,-0.6709219858156028
2019-11-02,Terra,0.053200000000000004,0.012100000000000001,0.056,1.0611888111888113,0.2204007285974499,-0.6388059701492538
2019-11-03,Terra,0.0461,0.0131,0.0461,0.9555555555555555,0.27790432801822323,-0.5650623885918002
2019-11-04,Terra,0.0575,0.0115,0.0591,1.0295652173913044,0.19190140845070422,-0.6779911373707532
2019-11-08,Terra,0.045200000000000004,0.01,0.0441,0.971830985915493,0.20881670533642693,-0.654510556621881
2019-11-10,Terra,0.046400000000000004,0.0076,0.0451,1.0,0.16071428571428573,-0.7230769230769231
2019-11-20,Terra,0.08170000000000001,0.0268,0.08220000000000001,1.0081680280046674,0.327970297029703,-0.506057781919851
2019-11-21,Terra,0.059000000000000004,0.0135,0.0579,1.0091575091575091,0.2347972972972973,-0.6196990424076607
2019-11-22,Terra,0.0562,0.011600000000000001,0.047400000000000005,0.8296795952782462,0.2041522491349481,-0.6609195402298851
2019-11-23,Terra,0.0526,0.0106,0.0461,0.876425855513308,0.195970695970696,-0.6722817764165391
2019-11-24,Terra,0.0608,0.018500000000000003,0.0687,1.0910596026490065,0.31542461005199307,-0.5204216073781291
2019-11-28,Terra,0.0838,0.027700000000000002,0.07930000000000001,0.9383886255924171,0.32816229116945106,-0.5058400718778078
2019-11-29,Terra,0.1033,0.049,0.0879,0.8505408062930188,0.4714424007744434,-0.3592105263157895
2019-12-15,Terra,0.0839,0.020800000000000003,0.08220000000000001,0.9797377830750895,0.24791418355184747,-0.6026743075453678
2019-12-23,Terra,0.06330000000000001,0.015700000000000002,0.055400000000000005,0.8689024390243902,0.2503888024883359,-0.599502487562189
2019-12-26,Terra,0.0685,0.0193,0.0577,0.8392330383480827,0.2776978417266187,-0.5653153153153154
2019-12-30,Terra,0.0627,0.0176,0.055900000000000005,0.8914728682170543,0.2765957446808511,-0.5666666666666667
2020-01-04,Terra,0.06470000000000001,0.0161,0.056,0.8778979907264296,0.24731182795698922,-0.603448275862069
2020-01-09,Terra,0.0787,0.020800000000000003,0.0792,1.0186335403726707,0.268733850129199,-0.5763747454175153
2020-02-02,Terra,0.06570000000000001,0.0194,0.059500000000000004,0.9,0.29663608562691135,-0.5424528301886792
2020-02-03,Terra,0.0668,0.0142,0.07010000000000001,1.0659824046920823,0.21301775147928995,-0.6487804878048781
2020-02-06,Terra,0.0655,0.0129,0.0648,1.0175695461200587,0.20763358778625954,-0.6561314791403287
2020-02-07,Terra,0.0548,0.010400000000000001,0.054,0.9911190053285968,0.18850987432675045,-0.6827794561933535
2020-02-08,Terra,0.1136,0.0385,0.11710000000000001,1.0308098591549295,0.3389084507042253,-0.4937541091387245
2020-02-09,Terra,0.060000000000000005,0.014700000000000001,0.0546,0.9123102866779089,0.2478920741989882,-0.6027027027027027
2020-02-10,Terra,0.061700000000000005,0.0117,0.0495,0.8061889250814332,0.18962722852512154,-0.6811989100817438
2020-02-11,Terra,0.0557,0.0125,0.0504,0.9048473967684022,0.23060796645702308,-0.625212947189097
2020-02-13,Terra,0.0502,0.0126,0.0521,1.0060120240480963,0.22845691382765532,-0.6280587275693311
2020-02-14,Terra,0.061000000000000006,0.013800000000000002,0.0592,0.9692832764505119,0.22532894736842105,-0.6322147651006712
2020-02-17,Terra,0.06810000000000001,0.015600000000000001,0.057,0.8375184638109304,0.22907488986784139,-0.6272401433691757
2020-02-18,Terra,0.061000000000000006,0.0155,0.058800000000000005,0.9639344262295082,0.25409836065573765,-0.5947712418300654
2020-02-19,Terra,0.06380000000000001,0.013900000000000001,0.0618,1.0,0.2191780821917808,-0.6404494382022472
2020-02-21,Terra,0.056,0.0129,0.054400000000000004,0.9756554307116104,0.23501984126984127,-0.6194084456657831
2020-02-22,Terra,0.060700000000000004,0.0166,0.0653,1.0757825370675451,0.27915869980879543,-0.5635276532137519
2020-02-24,Terra,0.07,0.0165,0.0695,0.9289940828402368,0.2262872628726287,-0.6309392265193371
2020-02-27,Terra,0.0597,0.0148,0.0555,0.9280245022970904,0.24584717607973422,-0.6053333333333333
2020-03-01,Terra,0.0663,0.0182,0.0673,1.0134730538922156,0.2759146341463415,-0.5675029868578255
2020-03-02,Terra,0.0761,0.0239,0.0796,1.0459921156373193,0.3052362707535121,-0.5322896281800391
2020-03-03,Terra,0.055600000000000004,0.010400000000000001,0.055900000000000005,1.01056338028169,0.1863799283154122,-0.6858006042296072
2020-03-04,Terra,0.0644,0.0142,0.0592,0.925632911392405,0.21798780487804875,-0.642052565707134
2020-03-10,Terra,0.0591,0.0171,0.062200000000000005,1.0524534686971236,0.2952548330404218,-0.5440976933514247
2020-03-11,Terra,0.0591,0.015600000000000001,0.0648,1.0976377952755905,0.25989672977624784,-0.587431693989071
2020-03-12,Terra,0.0543,0.0123,0.054700000000000006,1.0058479532163742,0.2302025782688766,-0.6257485029940121
2020-03-13,Terra,0.055,0.012700000000000001,0.054900000000000004,0.9981818181818183,0.22598870056497175,-0.6313364055299538
2020-03-16,Terra,0.0955,0.0402,0.108,1.1308900523560208,0.42094240837696334,-0.4075165806927045
2020-03-17,Terra,0.0758,0.0245,0.0833,1.1017587939698492,0.3297442799461642,-0.5040485829959515
2020-03-19,Terra,0.0502,0.0106,0.053200000000000004,1.0631163708086786,0.21301775147928995,-0.6487804878048782
2020-03-20,Terra,0.055600000000000004,0.011300000000000001,0.0568,1.0424354243542435,0.2036036036036036,-0.6616766467065869
2020-03-21,Terra,0.056100000000000004,0.0154,0.06380000000000001,1.1372549019607845,0.2653061224489796,-0.5806451612903225
2020-03-22,Terra,0.045200000000000004,0.0102,0.0471,1.0283842794759825,0.23008849557522124,-0.6258992805755396
2020-03-26,Terra,0.049600000000000005,0.0099,0.0541,1.0907258064516128,0.201195219123506,-0.6650082918739634
2020-04-02,Terra,0.0562,0.0109,0.060500000000000005,1.0797872340425532,0.19320214669051877,-0.6761619190404797
2020-04-03,Terra,0.060700000000000004,0.0132,0.0668,1.1004942339373969,0.2174629324546952,-0.6427604871447902
2020-04-07,Terra,0.057300000000000004,0.0114,0.06280000000000001,1.0932642487046633,0.19689119170984457,-0.670995670995671
2020-04-08,Terra,0.051300000000000005,0.013800000000000002,0.053700000000000005,1.0550098231827112,0.2691552062868369,-0.5758513931888544
2020-04-09,Terra,0.057800000000000004,0.017400000000000002,0.0635,1.0971524288107202,0.3,-0.5384615384615384
2020-04-10,Terra,0.129,0.1109,0.13870000000000002,1.0773085182534,0.8589835361488904,-0.07585675779745862
2020-04-12,Terra,0.0523,0.0118,0.054900000000000004,1.0497131931166348,0.22222222222222224,-0.6363636363636362
2020-04-13,Terra,0.0472,0.0092,0.052500000000000005,1.1142241379310345,0.19491525423728814,-0.6737588652482269
2020-04-14,Terra,0.050100000000000006,0.0088,0.0562,1.1228070175438596,0.17763157894736842,-0.6983240223463688
2020-04-16,Terra,0.058600000000000006,0.0162,0.06770000000000001,1.1357254290171606,0.2633279483037157,-0.5831202046035805
2020-04-17,Terra,0.054900000000000004,0.0143,0.0641,1.1675774134790529,0.273037542662116,-0.5710455764075067
2020-04-19,Terra,0.06420000000000001,0.0195,0.0779,1.2028985507246377,0.3037383177570093,-0.5340501792114695
2020-04-20,Terra,0.046,0.0106,0.0524,1.1403887688984882,0.23847695390781565,-0.6148867313915858
2020-04-23,Terra,0.059300000000000005,0.0182,0.0675,1.1357388316151202,0.3069139966273187,-0.5303225806451612
2020-04-26,Terra,0.053200000000000004,0.0137,0.0659,1.2317757009345793,0.27139874739039666,-0.5730706075533661
2020-04-28,Terra,0.0437,0.0079,0.049600000000000005,1.125858123569794,0.18077803203661327,-0.693798449612403
2020-04-30,Terra,0.061200000000000004,0.0221,0.07250000000000001,1.1736227045075125,0.36170212765957444,-0.46875
2020-05-01,Terra,0.0488,0.0152,0.057,1.1680327868852458,0.3090909090909091,-0.5277777777777778
2020-05-03,Terra,0.0476,0.0145,0.0568,1.1932773109243697,0.30462184873949577,-0.533011272141707
2020-05-04,Terra,0.056400000000000006,0.0211,0.0682,1.2024647887323943,0.37544483985765126,-0.45407503234152646
2020-05-06,Terra,0.0425,0.0112,0.049100000000000005,1.1552941176470588,0.2659090909090909,-0.5798922800718133
2020-05-07,Terra,0.051800000000000006,0.0162,0.06280000000000001,1.20995670995671,0.32239382239382236,-0.5124087591240877
2020-05-08,Terra,0.0361,0.0109,0.040600000000000004,1.1246537396121885,0.30193905817174516,-0.5361702127659574
2020-05-15,Terra,0.0329,0.0067,0.0386,1.1618497109826589,0.20743034055727552,-0.6564102564102564
2020-05-20,Terra,0.08070000000000001,0.0504,0.08990000000000001,1.114045618247299,0.6251468860164512,-0.23065798987707883
2020-05-22,Terra,0.041600000000000005,0.011600000000000001,0.0475,1.1398104265402844,0.28125,-0.5609756097560975
2020-05-23,Terra,0.0354,0.0071,0.040400000000000005,1.1481481481481481,0.19943019943019943,-0.667458432304038
2020-05-25,Terra,0.0345,0.006200000000000001,0.042100000000000005,1.216374269005848,0.18005540166204986,-0.6948356807511737
2020-05-26,Terra,0.0327,0.007500000000000001,0.0378,1.1559633027522935,0.22935779816513763,-0.6268656716417911
2020-05-28,Terra,0.0388,0.010700000000000001,0.047900000000000005,1.2345360824742269,0.2757731958762887,-0.5676767676767677
2020-05-31,Terra,0.0618,0.0244,0.07250000000000001,1.173139158576052,0.39482200647249194,-0.43387470997679817
2020-06-02,Terra,0.0323,0.0091,0.0373,1.1661538461538463,0.28213166144200624,-0.5599022004889975
2020-06-04,Terra,0.0309,0.012100000000000001,0.040600000000000004,1.3189368770764118,0.3819241982507288,-0.44725738396624476
2020-06-07,Terra,0.0483,0.0193,0.0594,1.2298136645962732,0.3995859213250518,-0.42899408284023666
2020-06-09,Terra,0.0371,0.0269,0.051300000000000005,1.3749999999999998,0.7154255319148936,-0.16589147286821707
2020-06-10,Terra,0.0626,0.042,0.07740000000000001,1.2305246422893483,0.6677265500794913,-0.19923736892278357
2020-06-14,Terra,0.041600000000000005,0.029,0.0565,1.367298578199052,0.6971153846153846,-0.1784702549575071
2020-06-16,Terra,0.045700000000000005,0.0211,0.063,1.346420323325635,0.46170678336980303,-0.3682634730538923
2020-06-17,Terra,0.0264,0.0126,0.0402,1.5227272727272727,0.4772727272727273,-0.35384615384615387
2020-06-18,Terra,0.024800000000000003,0.011000000000000001,0.0368,1.5333333333333332,0.45081967213114754,-0.3785310734463277
2020-06-21,Terra,0.0218,0.0126,0.0388,1.7293577981651378,0.5642201834862386,-0.27859237536656895
2020-06-22,Terra,0.0324,0.0188,0.056600000000000004,1.6958333333333333,0.5510204081632653,-0.2894736842105264
2020-06-23,Terra,0.0238,0.0094,0.040400000000000005,1.693548387096774,0.3991596638655462,-0.42942942942942947
2020-06-25,Terra,0.0211,0.013900000000000001,0.0381,1.817307692307692,0.6682692307692307,-0.19884726224783866
2020-06-26,Terra,0.0234,0.0109,0.041,1.7521367521367521,0.45606694560669453,-0.37356321839080464
2020-06-27,Terra,0.023200000000000002,0.020200000000000003,0.0436,1.8956521739130434,0.8478260869565217,-0.08235294117647059
2020-06-28,Terra,0.0859,0.0784,0.1052,1.2233796296296295,0.9246411483253588,-0.039154754505904284
2020-06-29,Terra,0.035300000000000005,0.0267,0.060700000000000004,1.7195467422096316,0.8367952522255193,-0.08885298869143776
2020-06-30,Terra,0.0224,0.0205,0.0436,1.9321266968325792,0.9151785714285715,-0.04428904428904426
2020-07-01,Terra,0.0228,0.0252,0.0509,2.1921568627450982,1.156862745098039,0.07272727272727272
2020-07-02,Terra,0.0246,0.0273,0.051300000000000005,1.9799196787148594,1.0963855421686746,0.04597701149425286
2020-07-03,Terra,0.027700000000000002,0.0195,0.0465,1.635379061371841,0.6456953642384106,-0.21529175050301813
2020-07-04,Terra,0.0275,0.0565,0.0538,1.9345454545454548,2.0545454545454547,0.34523809523809523
2020-07-05,Terra,0.0258,0.0274,0.0526,2.0343642611683848,1.0458015267175573,0.02238805970149253
2020-07-06,Terra,0.0286,0.043500000000000004,0.0582,2.0104895104895104,1.4745762711864407,0.19178082191780824
2020-07-07,Terra,0.024300000000000002,0.0531,0.0555,2.25,2.18595041322314,0.3722438391699092
2020-07-08,Terra,0.024300000000000002,0.0383,0.0512,2.1379310344827585,1.665217391304348,0.24959216965742254
2020-07-09,Terra,0.0227,0.0166,0.040100000000000004,1.9278846153846154,0.798076923076923,-0.11229946524064177
2020-07-10,Terra,0.0245,0.060000000000000005,0.0509,2.0775510204081633,2.4489795918367347,0.4201183431952663
2020-07-11,Terra,0.024800000000000003,0.0205,0.0495,1.975806451612903,0.8266129032258064,-0.0949227373068433
2020-07-12,Terra,0.022600000000000002,0.015000000000000001,0.044000000000000004,2.0108695652173916,0.8152173913043479,-0.1017964071856287
2020-07-13,Terra,0.025900000000000003,0.0279,0.052500000000000005,2.027027027027027,1.1673640167364017,0.07722007722007722
2020-07-14,Terra,0.0287,0.0468,0.056600000000000004,1.97212543554007,1.6306620209059235,0.23973509933774836
2020-07-15,Terra,0.027700000000000002,0.0239,0.048400000000000006,1.9103942652329748,0.9637096774193548,-0.01848049281314171
2020-07-16,Terra,0.0222,0.0308,0.0487,2.2376681614349776,1.3805309734513274,0.15985130111524162
2020-07-17,Terra,0.026000000000000002,0.014,0.0446,1.5221843003412967,0.477815699658703,-0.3533487297921478
2020-07-18,Terra,0.0284,0.019700000000000002,0.0514,1.7724137931034483,0.6816608996539792,-0.18930041152263372
2020-07-19,Terra,0.0189,0.026500000000000003,0.044500000000000005,1.8563218390804597,1.5229885057471264,0.20728929384965827
2020-07-20,Terra,0.0274,0.0143,0.0485,1.718861209964413,0.5053003533568904,-0.32863849765258224
2020-07-21,Terra,0.029300000000000003,0.0129,0.0458,1.5436893203883495,0.4358108108108108,-0.3929411764705882
2020-07-22,Terra,0.034800000000000005,0.0256,0.0512,1.5254237288135593,0.768361581920904,-0.13099041533546324
2020-07-23,Terra,0.0241,0.0235,0.0477,1.976470588235294,0.9399141630901287,-0.03097345132743367
2020-07-24,Terra,0.027,0.0279,0.054,1.9424460431654675,1.0035971223021583,0.0017953321364452316
2020-07-25,Terra,0.0198,0.0181,0.038200000000000005,2.0096618357487928,0.9206349206349207,-0.04132231404958672
2020-07-26,Terra,0.0315,0.0229,0.0483,1.5498392282958198,0.720125786163522,-0.16270566727605124
2020-07-27,Terra,0.0551,0.049800000000000004,0.0787,1.428312159709619,0.9038112522686026,-0.05052430886558626
2020-07-29,Terra,0.027600000000000003,0.0161,0.047,1.6721854304635762,0.5833333333333333,-0.26315789473684215
2020-07-30,Terra,0.025900000000000003,0.0142,0.0458,1.7348484848484849,0.5546558704453441,-0.2864583333333333
2020-07-31,Terra,0.026500000000000003,0.0279,0.0546,2.066914498141264,1.0528301886792453,0.02573529411764703
2020-08-01,Terra,0.0235,0.021400000000000002,0.045000000000000005,1.9282511210762332,0.9563318777292577,-0.022321428571428593
2020-08-02,Terra,0.0234,0.0201,0.0439,1.7863247863247864,0.674342105263158,-0.19449901768172886
2020-08-03,Terra,0.019100000000000002,0.016900000000000002,0.0415,2.2030456852791875,0.9787234042553191,-0.01075268817204304
2020-08-04,Terra,0.021400000000000002,0.016900000000000002,0.0381,1.7892156862745099,0.7897196261682243,-0.11749347258485641
2020-08-05,Terra,0.0263,0.0363,0.0551,2.152941176470588,1.4291338582677164,0.17666126418152342
2020-08-06,Terra,0.0207,0.034800000000000005,0.047900000000000005,2.314009661835749,1.6811594202898552,0.2540540540540541
2020-08-07,Terra,0.0264,0.024900000000000002,0.049800000000000004,1.8545454545454547,0.9962121212121212,-0.001897533206831108
2020-08-08,Terra,0.0235,0.0325,0.047900000000000005,1.9702127659574469,1.2218045112781954,0.09983079526226733
2020-08-09,Terra,0.0325,0.0233,0.0539,1.6403785488958993,0.719242902208202,-0.16330275229357794
2020-08-10,Terra,0.020800000000000003,0.013900000000000001,0.0352,1.870967741935484,0.7580645161290323,-0.13761467889908255
2020-08-11,Terra,0.0262,0.017400000000000002,0.0422,1.6106870229007633,0.6641221374045803,-0.20183486238532108
2020-08-13,Terra,0.0221,0.0359,0.048100000000000004,2.1814159292035398,1.5884955752212389,0.22735042735042732
2020-08-14,Terra,0.029400000000000003,0.0252,0.0454,1.542372881355932,0.8542372881355932,-0.07861060329067646
2020-08-15,Terra,0.0216,0.013300000000000001,0.033600000000000005,1.4867256637168142,0.6197916666666666,-0.2347266881028939
2020-08-19,Terra,0.0345,0.038900000000000004,0.0604,1.7267441860465116,1.0204081632653061,0.010101010101010156
2020-08-20,Terra,0.0177,0.012400000000000001,0.028900000000000002,1.632768361581921,0.7005649717514125,-0.17607973421926906
2020-08-21,Terra,0.0239,0.021400000000000002,0.0392,1.6401673640167362,0.895397489539749,-0.055187637969094885
2020-08-23,Terra,0.16720000000000002,0.12000000000000001,0.19440000000000002,1.1626794258373205,0.7177033492822966,-0.16434540389972147
2020-08-30,Terra,0.0223,0.013900000000000001,0.0274,1.2286995515695067,0.6233183856502242,-0.2320441988950276
2020-08-31,Terra,0.0284,0.0364,0.0512,1.8156028368794326,1.2816901408450705,0.1234567901234568
2020-09-01,Terra,0.027800000000000002,0.018500000000000003,0.0446,1.60431654676259,0.6654676258992807,-0.20086393088552912
2020-09-02,Terra,0.0219,0.024,0.045200000000000004,2.089686098654709,1.0818181818181818,0.0393013100436681
2020-09-03,Terra,0.025500000000000002,0.017,0.0354,1.388235294117647,0.6746031746031746,-0.19431279620853079
2020-09-07,Terra,0.017400000000000002,0.0115,0.0297,1.7784431137724552,0.676470588235294,-0.19298245614035092
2020-09-08,Terra,0.030600000000000002,0.0161,0.039,1.2786885245901638,0.5278688524590164,-0.3090128755364807
2020-09-09,Terra,0.0241,0.014700000000000001,0.0371,1.5294117647058822,0.6186440677966102,-0.2356020942408377
2020-09-10,Terra,0.0472,0.036500000000000005,0.06570000000000001,1.419491525423729,0.8257372654155496,-0.09544787077826725
2020-09-17,Terra,0.0489,0.06570000000000001,0.0641,1.310838445807771,1.3435582822085892,0.14659685863874353
2020-09-19,Terra,0.067,0.0614,0.0947,1.4134328358208956,0.9164179104477612,-0.04361370716510904
2020-09-20,Terra,0.0247,0.026600000000000002,0.0429,1.6652542372881356,1.0754716981132075,0.03636363636363633
2020-09-27,Terra,0.021400000000000002,0.0155,0.0347,1.5707762557077627,0.7242990654205607,-0.15989159891598922
2020-09-28,Terra,0.0219,0.014,0.0316,1.5410628019323673,0.6666666666666667,-0.19999999999999998
2020-09-29,Terra,0.0304,0.0436,0.054,1.8650519031141868,1.3625,0.15343915343915343
2020-10-01,Terra,0.0362,0.049600000000000005,0.065,1.8087431693989073,1.3551912568306013,0.15081206496519728
2020-10-04,Terra,0.0263,0.0412,0.0495,1.8089887640449438,1.3753581661891117,0.158021712907117
2020-10-05,Terra,0.0077,0.0371,0.0211,2.74025974025974,4.818181818181818,0.6562500000000001
2020-10-06,Terra,0.0349,0.0376,0.056,1.5930851063829787,1.0670391061452515,0.03243243243243251
2020-10-14,Terra,0.0222,0.0066,0.021,1.0194174757281553,0.3137254901960784,-0.5223880597014926
2020-10-15,Terra,0.0332,0.012,0.0375,1.1506024096385543,0.3582089552238806,-0.47252747252747257
2020-10-16,Terra,0.026600000000000002,0.048400000000000006,0.050300000000000004,1.913533834586466,1.8195488721804511,0.2906666666666667
2020-10-17,Terra,0.035500000000000004,0.030000000000000002,0.051000000000000004,1.4492753623188406,0.8294797687861272,-0.09320695102685624
2020-10-18,Terra,0.0228,0.022500000000000003,0.0368,1.8134920634920637,1.0298507462686568,0.014705882352941171
2020-10-19,Terra,0.0307,0.042300000000000004,0.054200000000000005,1.6676829268292683,1.4332247557003257,0.178045515394913
2020-10-20,Terra,0.023100000000000002,0.0162,0.0325,1.5846153846153845,0.8307692307692307,-0.092436974789916
2020-10-22,Terra,0.0533,0.0332,0.0636,1.200374531835206,0.6254681647940075,-0.23041474654377883
2020-10-23,Terra,0.032,0.0142,0.0439,1.2599999999999998,0.44062500000000004,-0.3882863340563991
2020-10-25,Terra,0.051300000000000005,0.02,0.0519,1.0040080160320641,0.3819301848049282,-0.44725111441307575
2020-10-26,Terra,0.0396,0.0146,0.0478,1.153846153846154,0.36923076923076925,-0.4606741573033707
2020-10-27,Terra,0.030100000000000002,0.0161,0.0378,1.26,0.5348837209302325,-0.30303030303030304
2020-10-28,Terra,0.0368,0.023700000000000002,0.0507,1.3436123348017621,0.6457765667574932,-0.2152317880794702
2020-10-29,Terra,0.0327,0.020800000000000003,0.0426,1.3653846153846152,0.6459016393442623,-0.21513944223107567
2020-10-30,Terra,0.0279,0.019200000000000002,0.037200000000000004,1.282392026578073,0.637873754152824,-0.22109533468559836
2020-10-31,Terra,0.035,0.009000000000000001,0.036500000000000005,1.0508021390374331,0.26993865030674846,-0.5748792270531401
2020-11-01,Terra,0.0358,0.0262,0.048100000000000004,1.3854748603351956,0.7217630853994491,-0.16159999999999997
2020-11-02,Terra,0.04,0.0172,0.0497,1.2425,0.4538258575197889,-0.37568058076225047
2020-11-03,Terra,0.0322,0.010700000000000001,0.0392,1.2012578616352203,0.3364779874213837,-0.4964705882352941
2020-11-04,Terra,0.0471,0.0132,0.057100000000000005,1.2123142250530785,0.26993865030674846,-0.57487922705314
2020-11-05,Terra,0.036500000000000005,0.014400000000000001,0.042,1.126005361930295,0.375,-0.4545454545454545
2020-11-06,Terra,0.058,0.013300000000000001,0.0623,1.1,0.2349726775956284,-0.6194690265486726
2020-11-07,Terra,0.0546,0.0155,0.0582,1.0613718411552346,0.2883895131086142,-0.5523255813953489
2020-11-09,Terra,0.0636,0.0204,0.06620000000000001,1.037037037037037,0.3285024154589372,-0.5054545454545455
2020-11-10,Terra,0.0776,0.0227,0.0781,1.0470446320868516,0.30428571428571427,-0.5334063526834611
2020-11-19,Terra,0.06760000000000001,0.018500000000000003,0.0603,0.9038461538461537,0.271513353115727,-0.5729288214702452
2020-11-20,Terra,0.0887,0.0356,0.08600000000000001,0.9571899012074643,0.4027149321266968,-0.42580645161290326
2020-11-21,Terra,0.06570000000000001,0.0213,0.061200000000000004,0.9161676646706588,0.34880239520958084,-0.48279689234184237
2020-11-24,Terra,0.0694,0.018000000000000002,0.06960000000000001,0.9825503355704699,0.26174496644295303,-0.5851063829787233
2020-11-26,Terra,0.057300000000000004,0.0115,0.0505,0.8944543828264758,0.20955882352941177,-0.6534954407294834
2020-11-29,Terra,0.0608,0.013600000000000001,0.0551,0.90625,0.21710526315789475,-0.6432432432432433
2020-12-01,Terra,0.06280000000000001,0.014100000000000001,0.06280000000000001,1.0152207001522071,0.2191780821917808,-0.6404494382022472
2020-12-02,Terra,0.0545,0.0129,0.0563,1.015625,0.23302752293577983,-0.6220238095238095
2020-12-03,Terra,0.0497,0.012400000000000001,0.0557,1.1016666666666666,0.2494969818913481,-0.6006441223832528
2020-12-04,Terra,0.0505,0.010400000000000001,0.0521,1.080827067669173,0.21394230769230765,-0.6475247524752477
2020-12-05,Terra,0.0461,0.007200000000000001,0.049100000000000005,1.0695652173913044,0.15698924731182795,-0.7286245353159851
2020-12-06,Terra,0.0506,0.0076,0.0478,0.956,0.14828209764918626,-0.741732283464567
2020-12-08,Terra,0.041800000000000004,0.0045000000000000005,0.0364,0.8668280871670702,0.1076555023923445,-0.8056155507559394
2020-12-10,Terra,0.0529,0.0122,0.0603,1.1121951219512194,0.23062381852551986,-0.6251920122887864
2020-12-12,Terra,0.048100000000000004,0.0125,0.054700000000000006,1.1372141372141373,0.2598752598752599,-0.5874587458745876
2020-12-14,Terra,0.048,0.01,0.049100000000000005,1.0061855670103093,0.20833333333333334,-0.6551724137931034
2020-12-17,Terra,0.0664,0.016900000000000002,0.07100000000000001,1.048895899053628,0.251088534107402,-0.5986078886310906
2020-12-22,Terra,0.055200000000000006,0.0126,0.0511,0.9257246376811593,0.22826086956521738,-0.6283185840707965
2020-12-23,Terra,0.0511,0.0098,0.054400000000000004,1.0729783037475344,0.18918918918918917,-0.681818181818182
2021-01-13,Terra,0.0575,0.0122,0.0592,1.0452173913043479,0.21607142857142858,-0.6446402349486049
2021-01-18,Terra,0.0539,0.010100000000000001,0.054400000000000004,1.0092764378478665,0.19423076923076923,-0.674718196457327
2021-01-19,Terra,0.0482,0.0083,0.0502,1.0434782608695652,0.18087318087318088,-0.693661971830986
2021-01-23,Terra,0.061900000000000004,0.014400000000000001,0.0661,1.0678513731825525,0.2271293375394322,-0.6298200514138818
2021-02-03,Terra,0.0872,0.0258,0.08700000000000001,1.001150747986191,0.29185520361990946,-0.5481611208406304
2021-02-04,Terra,0.0876,0.0446,0.08850000000000001,1.0102739726027399,0.5120551090700344,-0.322703113135915
2021-02-05,Terra,0.0766,0.0221,0.0762,0.9647798742138365,0.2940360610263523,-0.5455519828510182
2021-02-06,Terra,0.056900000000000006,0.016900000000000002,0.0506,0.8892794376098417,0.29701230228471004,-0.5420054200542006
2021-02-07,Terra,0.0577,0.011600000000000001,0.0574,1.0017391304347827,0.20695652173913043,-0.6570605187319885
2021-02-10,Terra,0.0606,0.0098,0.06280000000000001,1.0363036303630364,0.17173524150268335,-0.7068702290076336
2021-02-17,Terra,0.06810000000000001,0.0152,0.0616,0.9065281899109793,0.22543352601156072,-0.6320754716981132
2021-02-22,Terra,0.07970000000000001,0.044500000000000005,0.08460000000000001,1.0614805520702635,0.5583437892095358,-0.2834138486312399
2021-02-23,Terra,0.058100000000000006,0.012,0.056400000000000006,0.9672413793103448,0.20207253886010362,-0.6637931034482759
2021-02-24,Terra,0.06380000000000001,0.015600000000000001,0.0604,0.9200680272108843,0.23556231003039516,-0.6186961869618696
2021-02-27,Terra,0.0688,0.028900000000000002,0.0591,0.846938775510204,0.4098837209302326,-0.4185567010309278
2021-02-28,Terra,0.0698,0.016,0.0594,0.8436619718309859,0.22779369627507165,-0.6289381563593933
2021-03-01,Terra,0.061900000000000004,0.0145,0.0546,0.8852988691437803,0.23289902280130292,-0.6221928665785997
2021-03-02,Terra,0.0674,0.016800000000000002,0.0693,1.0266272189349113,0.2511210762331839,-0.5985663082437276
2021-03-03,Terra,0.06620000000000001,0.020200000000000003,0.0627,0.9471299093655589,0.30513595166163143,-0.5324074074074074
2021-03-06,Terra,0.0702,0.019700000000000002,0.0648,0.923076923076923,0.28062678062678065,-0.5617352614015572
2021-03-11,Terra,0.08900000000000001,0.030100000000000002,0.0952,1.059045226130653,0.3429895712630359,-0.4892148403796376
2021-03-12,Terra,0.0704,0.0181,0.07250000000000001,1.0276243093922652,0.25862068965517243,-0.589041095890411
2021-03-13,Terra,0.0558,0.0117,0.055200000000000006,0.9857142857142858,0.21234119782214156,-0.6497005988023953
2021-03-16,Terra,0.0693,0.0173,0.06960000000000001,1.002865329512894,0.25035971223021586,-0.5995397008055237
2021-03-17,Terra,0.077,0.0369,0.0818,1.0611246943765282,0.4857512953367875,-0.3461203138622494
2021-03-19,Terra,0.07980000000000001,0.028300000000000002,0.0824,1.0377833753148615,0.3521303258145363,-0.479147358665431
2021-03-21,Terra,0.08270000000000001,0.0317,0.08850000000000001,1.0675512665862485,0.38367844092570036,-0.4454225352112676
2021-03-22,Terra,0.0906,0.038,0.0984,1.0911917098445596,0.4194260485651214,-0.4090202177293935
2021-03-23,Terra,0.0731,0.023,0.0746,1.021097046413502,0.31506849315068486,-0.5208333333333334
2021-03-26,Terra,0.0613,0.0154,0.06470000000000001,1.0505709624796085,0.25122349102773245,-0.5984354628422425
2021-03-27,Terra,0.057300000000000004,0.0117,0.0604,1.0527240773286466,0.20593368237347293,-0.658465991316932
2021-03-28,Terra,0.0727,0.019200000000000002,0.0792,1.09375,0.2682926829268293,-0.576923076923077
2021-03-29,Terra,0.0608,0.017400000000000002,0.059300000000000005,0.9670510708401977,0.2861842105263158,-0.5549872122762147
2021-03-30,Terra,0.0724,0.0205,0.07540000000000001,1.0463483146067416,0.28792134831460675,-0.5528898582333696
2021-03-31,Terra,0.055600000000000004,0.0119,0.0577,1.0285204991087344,0.21402877697841727,-0.6474074074074074
2021-04-01,Terra,0.0656,0.017,0.07050000000000001,1.0718954248366013,0.2595419847328244,-0.5878787878787879
2021-04-05,Terra,0.064,0.0205,0.0669,1.04375,0.3251533742331288,-0.5092592592592594
2021-04-06,Terra,0.0671,0.0198,0.0743,1.1032934131736527,0.2964071856287425,-0.5427251732101617
2021-04-07,Terra,0.0539,0.012400000000000001,0.057100000000000005,1.0604395604395604,0.2314814814814815,-0.6240601503759398
2021-04-08,Terra,0.06670000000000001,0.0175,0.0704,1.0673813169984687,0.2615844544095665,-0.5853080568720379
2021-04-09,Terra,0.0558,0.0142,0.060000000000000005,1.0763636363636364,0.2581818181818182,-0.5895953757225434
2021-04-10,Terra,0.0708,0.0229,0.0726,1.0274170274170273,0.32436260623229457,-0.5101604278074866
2021-04-11,Terra,0.061000000000000006,0.0173,0.0613,1.0083056478405317,0.28547854785478544,-0.5558408215661105
2021-04-12,Terra,0.058100000000000006,0.0184,0.061000000000000006,1.0480928689883915,0.31727574750830567,-0.5182849936948297
2021-04-14,Terra,0.058100000000000006,0.0175,0.0603,1.0343053173241852,0.2951096121416526,-0.5442708333333334
2021-04-15,Terra,0.062400000000000004,0.017,0.0708,1.125,0.26993865030674846,-0.5748792270531401
2021-04-16,Terra,0.052500000000000005,0.0119,0.0536,1.0304182509505704,0.22813688212927757,-0.6284829721362228
2021-04-17,Terra,0.0473,0.0123,0.053000000000000005,1.1095617529880477,0.2579281183932347,-0.5899159663865545
2021-04-18,Terra,0.047900000000000005,0.012700000000000001,0.053500000000000006,1.116910229645094,0.26383763837638374,-0.5824817518248175
2021-04-21,Terra,0.06670000000000001,0.0275,0.07250000000000001,1.0777126099706746,0.4226475279106858,-0.40582959641255606
2021-04-22,Terra,0.0567,0.013600000000000001,0.0655,1.1575091575091576,0.2380952380952381,-0.6153846153846153
2021-04-26,Terra,0.0601,0.0173,0.0707,1.186411149825784,0.2902711323763955,-0.550061804697157
2021-04-27,Terra,0.049800000000000004,0.0103,0.056900000000000006,1.1503006012024048,0.20641282565130262,-0.6578073089700995
2021-04-28,Terra,0.0555,0.023100000000000002,0.06520000000000001,1.1618181818181819,0.4209558823529411,-0.407503234152652
2021-05-02,Terra,0.049800000000000004,0.0129,0.058300000000000005,1.1706827309236947,0.26294820717131473,-0.5835962145110412
2021-05-03,Terra,0.0466,0.010100000000000001,0.0562,1.2069716775599129,0.21888412017167383,-0.6408450704225352
2021-05-04,Terra,0.0451,0.0115,0.0519,1.1502242152466369,0.25503355704697983,-0.5935828877005348
2021-05-05,Terra,0.0536,0.018600000000000002,0.0649,1.2040816326530612,0.3450834879406308,-0.48689655172413787
2021-05-07,Terra,0.06430000000000001,0.030500000000000003,0.0721,1.12094395280236,0.4689863842662632,-0.36148300720906285
2021-05-08,Terra,0.0574,0.0228,0.07,1.221254355400697,0.397212543554007,-0.4314214463840399
2021-05-09,Terra,0.0574,0.0178,0.07100000000000001,1.2369337979094077,0.3155893536121673,-0.5202312138728324
2021-05-10,Terra,0.0536,0.023700000000000002,0.06570000000000001,1.2169117647058825,0.44216417910447764,-0.3868046571798188
2021-05-11,Terra,0.038900000000000004,0.0102,0.0437,1.1477572559366755,0.2562189054726368,-0.592079207920792
2021-05-12,Terra,0.0388,0.008,0.044700000000000004,1.1485148514851486,0.2162849872773537,-0.6443514644351465
2021-05-13,Terra,0.0378,0.0109,0.0459,1.2136752136752136,0.29894179894179895,-0.5397148676171079
2021-05-16,Terra,0.0424,0.014100000000000001,0.0488,1.1533018867924527,0.3302107728337237,-0.5035211267605634
2021-05-17,Terra,0.038200000000000005,0.011000000000000001,0.047400000000000005,1.2323759791122715,0.29729729729729726,-0.5416666666666666
2021-05-18,Terra,0.0351,0.008400000000000001,0.0383,1.1120943952802362,0.2418879056047198,-0.6104513064133017
2021-05-19,Terra,0.053200000000000004,0.023100000000000002,0.0614,1.160680529300567,0.43750000000000006,-0.3913043478260869
2021-05-23,Terra,0.053200000000000004,0.0239,0.06280000000000001,1.1804511278195489,0.44924812030075184,-0.3800259403372244
2021-05-25,Terra,0.0345,0.009000000000000001,0.0395,1.1522988505747127,0.2647058823529412,-0.5813953488372093
2021-05-26,Terra,0.0328,0.0078000000000000005,0.038700000000000005,1.1801801801801801,0.24085365853658536,-0.6117936117936118
2021-05-28,Terra,0.0345,0.008,0.0407,1.1866295264623954,0.23188405797101447,-0.6235294117647059
2021-05-29,Terra,0.0349,0.0088,0.043500000000000004,1.241691842900302,0.2458100558659218,-0.6053811659192824
2021-05-30,Terra,0.049,0.0218,0.0558,1.1387755102040817,0.4448979591836735,-0.384180790960452
2021-05-31,Terra,0.0379,0.0092,0.0476,1.2422680412371134,0.24274406332453824,-0.6093418259023355
2021-06-01,Terra,0.0309,0.006500000000000001,0.0363,1.1832298136645965,0.21917808219178084,-0.6404494382022472
2021-06-02,Terra,0.0383,0.012100000000000001,0.046200000000000005,1.2245989304812834,0.3235294117647059,-0.5111111111111112
2021-06-03,Terra,0.0296,0.0083,0.0356,1.1939799331103678,0.2790697674418605,-0.5636363636363636
2021-06-04,Terra,0.029,0.007500000000000001,0.0385,1.3220338983050846,0.25862068965517243,-0.589041095890411
2021-06-05,Terra,0.0392,0.0166,0.046900000000000004,1.1897435897435897,0.4166666666666667,-0.4117647058823529
2021-06-08,Terra,0.108,0.09000000000000001,0.1184,1.0962962962962963,0.8333333333333335,-0.09090909090909084
2021-06-10,Terra,0.029300000000000003,0.0086,0.037000000000000005,1.2797202797202798,0.29096989966555187,-0.5492227979274612
2021-06-12,Terra,0.0386,0.0216,0.0511,1.3333333333333335,0.5538461538461539,-0.2871287128712871
2021-06-15,Terra,0.0988,0.07980000000000001,0.1076,1.0890688259109311,0.8076923076923078,-0.10638297872340419
2021-06-16,Terra,0.0304,0.0108,0.044700000000000004,1.4703947368421053,0.35526315789473684,-0.4757281553398058
2021-06-17,Terra,0.0317,0.014400000000000001,0.0439,1.355140186915888,0.4497041420118343,-0.379591836734694
2021-06-18,Terra,0.0263,0.015300000000000001,0.038900000000000004,1.479087452471483,0.5817490494296578,-0.2644230769230769
2021-06-19,Terra,0.0268,0.0099,0.038400000000000004,1.4379562043795622,0.37109375,-0.4586894586894588
2021-06-20,Terra,0.029400000000000003,0.023100000000000002,0.048400000000000006,1.6462585034013606,0.7857142857142857,-0.12
2021-06-21,Terra,0.0381,0.0256,0.055200000000000006,1.4438775510204083,0.6501305483028721,-0.21202531645569617
2021-06-22,Terra,0.027200000000000002,0.013800000000000002,0.0438,1.6102941176470587,0.5073529411764706,-0.32682926829268294
2021-06-23,Terra,0.0201,0.0162,0.0335,1.7313432835820899,0.8358208955223881,-0.08943089430894301
2021-06-24,Terra,0.027700000000000002,0.019700000000000002,0.048100000000000004,1.7302158273381296,0.7086330935251799,-0.17052631578947366
2021-06-25,Terra,0.0212,0.036000000000000004,0.0449,2.188679245283019,1.7264150943396226,0.2664359861591695
2021-06-26,Terra,0.0198,0.0134,0.0375,1.9035532994923856,0.6907216494845361,-0.18292682926829268
2021-06-27,Terra,0.0031000000000000003,0.001,0.013600000000000001,4.387096774193548,0.3225806451612903,-0.5121951219512195
2021-06-28,Terra,0.0257,0.0363,0.0523,2.033962264150943,1.369811320754717,0.1560509554140127
2021-06-29,Terra,0.0235,0.0244,0.0455,1.9914529914529915,1.0166666666666666,0.008264462809917378
2021-06-30,Terra,0.0275,0.0297,0.0534,1.9127272727272728,1.1,0.04761904761904764
2021-07-02,Terra,0.0146,0.035500000000000004,0.0356,2.23972602739726,1.6382978723404256,0.24193548387096775
2021-07-03,Terra,0.032,0.0273,0.0541,1.733974358974359,0.853125,-0.07925801011804383
2021-07-05,Terra,0.026500000000000003,0.0257,0.0489,1.881422924901186,0.9553903345724907,-0.02281368821292775
2021-07-06,Terra,0.0027,0.0054,0.006900000000000001,2.555555555555556,2.0,0.33333333333333337
2021-07-07,Terra,0.0178,0.0108,0.031100000000000003,1.7134831460674158,0.6067415730337079,-0.24475524475524474
2021-07-09,Terra,0.0058000000000000005,0.0727,0.0269,4.637931034482758,12.534482758620689,0.8522292993630574
2021-07-10,Terra,0.0345,0.0268,0.058800000000000005,1.6914285714285713,0.7745664739884394,-0.12703583061889248
2021-07-15,Terra,0.034300000000000004,0.033,0.0623,1.8163265306122447,0.9620991253644314,-0.019316493313521584
2021-07-16,Terra,0.0054,0.042300000000000004,0.015700000000000002,2.388888888888889,7.833333333333334,0.7735849056603773
2021-07-17,Terra,0.0253,0.0436,0.056,2.1704545454545454,1.6515151515151516,0.2457142857142857
2021-07-18,Terra,0.0291,0.0267,0.0543,1.7323529411764704,0.9347079037800687,-0.03374777975133213
2021-07-20,Terra,0.0193,0.021400000000000002,0.0403,2.0877192982456143,0.8699186991869919,-0.06956521739130431
2021-07-21,Terra,0.023700000000000002,0.022500000000000003,0.0434,1.937219730941704,1.0089686098654709,0.004464285714285764
2021-07-22,Terra,0.0049,0.0228,0.0135,1.934782608695652,4.782608695652175,0.6541353383458647
2021-07-23,Terra,0.028800000000000003,0.0258,0.050300000000000004,1.7344827586206897,0.8916083916083917,-0.05730129390018481
2021-07-28,Terra,0.0303,0.0449,0.058,1.8710601719197706,1.4867549668874172,0.19573901464713717
2021-08-03,Terra,0.0896,0.0908,0.115,1.283482142857143,1.0133928571428572,0.006651884700665225
2021-08-06,Terra,0.033600000000000005,0.0364,0.0519,1.5479041916167666,1.139240506329114,0.06508875739644972
2021-08-08,Terra,0.030100000000000002,0.026600000000000002,0.045000000000000005,1.5149501661129567,0.9136212624584718,-0.045138888888888916
2021-08-10,Terra,0.0095,0.0166,0.024300000000000002,2.5578947368421057,1.7473684210526317,0.2720306513409962
2021-08-17,Terra,0.0033,0.013600000000000001,0.0131,3.9696969696969697,4.121212121212121,0.6094674556213017
2021-08-19,Terra,0.007500000000000001,0.0047,0.024200000000000003,3.2266666666666666,0.6266666666666666,-0.22950819672131148
2021-08-20,Terra,0.0262,0.0327,0.0499,1.916030534351145,1.242063492063492,0.10796460176991152
2021-08-22,Terra,0.0376,0.0296,0.057100000000000005,1.518617021276596,0.7872340425531915,-0.11904761904761903
2021-08-26,Terra,0.0362,0.0629,0.061200000000000004,1.6906077348066297,1.643646408839779,0.24346917450365727
2021-08-27,Terra,0.030500000000000003,0.041600000000000005,0.0558,1.8794326241134751,1.4041811846689896,0.16811594202898553
2021-08-28,Terra,0.0408,0.024200000000000003,0.0575,1.4127764127764129,0.6342592592592592,-0.22379603399433431
2021-09-02,Terra,0.0393,0.027200000000000002,0.0555,1.4122137404580153,0.6793893129770993,-0.1909090909090909
2021-09-03,Terra,0.034,0.0385,0.058300000000000005,1.7053824362606231,1.0906515580736542,0.04336043360433597
2021-09-04,Terra,0.009300000000000001,0.0454,0.031,3.333333333333333,4.881720430107527,0.659963436928702
2021-09-10,Terra,0.09770000000000001,0.0857,0.1183,1.2108495394063459,0.8771750255885362,-0.06543075245365328
2021-09-12,Terra,0.0245,0.025500000000000002,0.0405,1.7500000000000002,1.1069182389937107,0.05074626865671642
2021-09-14,Terra,0.020900000000000002,0.012100000000000001,0.028800000000000003,1.526595744680851,0.6436170212765958,-0.21682847896440124
2021-09-16,Terra,0.027100000000000003,0.015600000000000001,0.0388,1.4620938628158844,0.5894308943089431,-0.258312020460358
2021-09-19,Terra,0.0362,0.0175,0.048400000000000006,1.3370165745856355,0.4593175853018373,-0.37050359712230213
2021-09-20,Terra,0.031,0.0184,0.0477,1.5760517799352751,0.5878594249201278,-0.25955734406438635
2021-09-21,Terra,0.019100000000000002,0.0091,0.0275,1.467741935483871,0.4764397905759162,-0.3546099290780142
2021-09-23,Terra,0.0179,0.0092,0.025400000000000002,1.4216867469879517,0.5077720207253885,-0.3264604810996564
2021-09-24,Terra,0.0223,0.0309,0.045000000000000005,1.9491525423728813,1.593939393939394,0.2289719626168224
2021-09-25,Terra,0.0359,0.018000000000000002,0.0478,1.3441734417344173,0.5179153094462541,-0.31759656652360513
2021-09-26,Terra,0.0267,0.0128,0.041100000000000005,1.5087719298245614,0.49034749034749037,-0.3419689119170985
2021-09-28,Terra,0.0318,0.0176,0.046200000000000005,1.4222873900293256,0.5161290322580646,-0.3191489361702127
2021-09-29,Terra,0.024300000000000002,0.035500000000000004,0.0448,1.8436213991769546,1.4730290456431536,0.19127516778523496
2021-09-30,Terra,0.0253,0.0228,0.0456,1.6929133858267715,1.1434108527131783,0.0669077757685353
2021-10-01,Terra,0.0323,0.0164,0.044500000000000005,1.3684210526315792,0.49397590361445787,-0.33870967741935476
2021-10-02,Terra,0.026600000000000002,0.028200000000000003,0.0424,1.6353383458646618,1.0601503759398496,0.029197080291970816
2021-10-03,Terra,0.0233,0.050100000000000006,0.0465,1.98326359832636,2.1228813559322037,0.35956580732700144
2021-10-06,Terra,0.0811,0.0678,0.0937,1.155363748458693,0.8360049321824907,-0.08932169241101415
2021-10-07,Terra,0.0487,0.0303,0.0604,1.240506329113924,0.6392405063291139,-0.2200772200772201
2021-10-09,Terra,0.030000000000000002,0.0369,0.0519,1.724590163934426,1.2163934426229508,0.09763313609467451
2021-10-11,Terra,0.061700000000000005,0.0287,0.0728,1.179902755267423,0.46515397082658017,-0.3650442477876106
2021-10-13,Terra,0.049300000000000004,0.020800000000000003,0.06760000000000001,1.3711967545638946,0.43052935010482185,-0.3981047509284159
2021-10-14,Terra,0.0269,0.0149,0.0392,1.4419475655430711,0.5580524344569288,-0.2836538461538462
2021-10-15,Terra,0.0224,0.0795,0.0451,2.072,3.8134715025906734,0.5844994617868676
2021-10-16,Terra,0.0318,0.08030000000000001,0.059300000000000005,1.8714733542319748,2.592833876221498,0.44333635539437893
2021-10-28,Terra,0.0422,0.0154,0.0431,1.00982800982801,0.3783783783783784,-0.45098039215686275
2021-11-07,Terra,0.0742,0.0252,0.07970000000000001,1.0697986577181209,0.34097035040431267,-0.49145728643216074
2021-11-17,Terra,0.0655,0.0307,0.0671,1.015625,0.47022900763358777,-0.3603322949117342
2021-11-20,Terra,0.0618,0.0123,0.060000000000000005,0.9659442724458204,0.20104895104895104,-0.6652110625909754
2021-11-22,Terra,0.0526,0.0082,0.054900000000000004,1.0510396975425331,0.16159695817490496,-0.7217675941080196
2021-12-04,Terra,0.0738,0.0292,0.0806,1.0921409214092141,0.3956639566395664,-0.43300970873786404
2021-12-05,Terra,0.0521,0.0134,0.059300000000000005,1.1304347826086958,0.2703213610586011,-0.5744047619047619
2021-12-10,Terra,0.053200000000000004,0.0103,0.058800000000000005,1.1054613935969868,0.19615384615384615,-0.6720257234726689
2021-12-14,Terra,0.0714,0.0182,0.0795,1.1151685393258426,0.2552594670406732,-0.5932960893854748
2022-02-05,Terra,0.032,0.005,0.0459,1.4125,0.15625,-0.7297297297297297
2022-02-08,Terra,0.0373,0.0076,0.050800000000000005,1.3619302949061665,0.2037533512064343,-0.6614699331848553
2022-02-09,Terra,0.0337,0.0058000000000000005,0.046200000000000005,1.3702623906705538,0.1749271137026239,-0.7022332506203475
2022-02-10,Terra,0.033,0.0048000000000000004,0.043000000000000003,1.33248730964467,0.1322314049586777,-0.7664233576642336
2022-02-11,Terra,0.0455,0.0137,0.0613,1.3472527472527474,0.30109890109890114,-0.5371621621621621
2022-02-12,Terra,0.033800000000000004,0.005200000000000001,0.0456,1.3244047619047619,0.15116279069767444,-0.7373737373737373
2022-02-15,Terra,0.0477,0.008400000000000001,0.059800000000000006,1.2759493670886075,0.17336683417085427,-0.7044967880085652
2022-02-16,Terra,0.0465,0.0078000000000000005,0.061200000000000004,1.3161290322580645,0.16919739696312364,-0.7105751391465677
2022-02-17,Terra,0.0431,0.0074,0.056100000000000004,1.2863534675615211,0.17391304347826086,-0.7037037037037036
2022-02-18,Terra,0.0451,0.0083,0.059000000000000004,1.3068432671081678,0.18403547671840353,-0.6891385767790261
2022-02-19,Terra,0.042300000000000004,0.0068000000000000005,0.056100000000000004,1.3067632850241546,0.15246636771300448,-0.735408560311284
2022-02-22,Terra,0.07690000000000001,0.029,0.09230000000000001,1.1719576719576719,0.39503105590062115,-0.43365983971504896
2022-02-24,Terra,0.0551,0.0118,0.0673,1.2098540145985401,0.21350364963503649,-0.6481203007518797
2022-02-25,Terra,0.0516,0.010700000000000001,0.0653,1.2292051756007394,0.20958083832335328,-0.6534653465346534
2022-03-04,Terra,0.054900000000000004,0.0119,0.068,1.238615664845173,0.2167577413479053,-0.6437125748502994
2022-03-06,Terra,0.0587,0.014100000000000001,0.0719,1.2175379426644182,0.23960066555740434,-0.6134228187919463
2022-03-07,Terra,0.048600000000000004,0.009000000000000001,0.057,1.151277013752456,0.19157894736842107,-0.6784452296819788
2022-03-09,Terra,0.0631,0.0159,0.0755,1.1984126984126984,0.2507788161993769,-0.5990037359900373
2022-03-10,Terra,0.0585,0.012700000000000001,0.0658,1.1277310924369748,0.2154882154882155,-0.6454293628808865
2022-03-11,Terra,0.0519,0.0171,0.059800000000000006,1.1666666666666667,0.3352941176470588,-0.49779735682819376
2022-03-12,Terra,0.060200000000000004,0.0154,0.07250000000000001,1.196078431372549,0.2544861337683524,-0.5942782834850455
2022-03-16,Terra,0.0517,0.011000000000000001,0.0635,1.2254335260115607,0.21343873517786563,-0.6482084690553747
2022-03-22,Terra,0.0529,0.0105,0.065,1.2404580152671756,0.19465648854961834,-0.6741214057507987
2022-03-25,Terra,0.061900000000000004,0.0213,0.07690000000000001,1.2349304482225656,0.3409461663947798,-0.49148418491484186
2022-03-29,Terra,0.0572,0.013900000000000001,0.0707,1.235934664246824,0.24655172413793103,-0.6044260027662517
2022-04-01,Terra,0.0614,0.016300000000000002,0.07200000000000001,1.1803005008347245,0.26513911620294595,-0.5808538163001293
2022-04-05,Terra,0.062400000000000004,0.014100000000000001,0.0714,1.1469194312796207,0.22274881516587677,-0.6356589147286822
2022-04-06,Terra,0.0707,0.0234,0.0801,1.1342857142857141,0.3242857142857143,-0.5102481121898599
2022-04-07,Terra,0.0608,0.0182,0.0702,1.156507413509061,0.29983525535420097,-0.5386565272496832
2022-04-08,Terra,0.0689,0.0252,0.0766,1.1074964639321077,0.3554301833568406,-0.4755463059313216
2022-04-09,Terra,0.0687,0.0188,0.0795,1.1572052401746726,0.2736535662299855,-0.5702857142857143
2022-04-16,Terra,0.1009,0.0453,0.12040000000000001,1.193260654112983,0.4489593657086224,-0.3803009575923393
2022-04-22,Terra,0.061900000000000004,0.013300000000000001,0.07060000000000001,1.138709677419355,0.2148626817447496,-0.6462765957446809
2022-04-23,Terra,0.0723,0.0444,0.0809,1.1189488243430152,0.6141078838174274,-0.2390745501285347
2022-04-24,Terra,0.0646,0.0257,0.0741,1.1422155688622755,0.40179910044977507,-0.42673796791443847
2022-04-26,Terra,0.0568,0.018500000000000003,0.06430000000000001,1.1254416961130742,0.3274336283185841,-0.5066666666666666
2022-04-27,Terra,0.068,0.0253,0.08,1.1767304860088366,0.3667157584683358,-0.4633620689655172
2022-04-29,Terra,0.0779,0.0407,0.0884,1.128238341968912,0.5178117048346056,-0.31768650461022635
2022-05-01,Terra,0.0574,0.0183,0.0663,1.1469594594594594,0.31228070175438594,-0.5240641711229946
2022-05-03,Terra,0.0589,0.0189,0.06380000000000001,1.0851788756388416,0.32088285229202035,-0.5141388174807198
2022-05-04,Terra,0.0575,0.0143,0.0656,1.137221269296741,0.25,-0.6
2022-05-11,Terra,0.0649,0.0227,0.0801,1.2295839753466873,0.349768875192604,-0.48173515981735165
2022-05-13,Terra,0.053500000000000006,0.0155,0.0644,1.2003577817531306,0.29159212880143115,-0.5484764542936288
2022-05-14,Terra,0.3548,0.3573,0.3592,1.0124013528748592,1.0070462232243518,0.003510742873191971
2022-05-19,Terra,0.055600000000000004,0.024300000000000002,0.0656,1.1926444833625218,0.4381625441696113,-0.3906633906633907
2022-05-20,Terra,0.0437,0.0102,0.056,1.2791762013729977,0.23146067415730334,-0.6240875912408761
2022-05-21,Terra,0.0397,0.0097,0.0471,1.1964735516372795,0.24310776942355888,-0.6088709677419355
2022-05-22,Terra,0.061200000000000004,0.034300000000000004,0.07200000000000001,1.1760000000000002,0.5488000000000001,-0.29132231404958675
2022-05-23,Terra,0.048,0.0199,0.0597,1.2459016393442621,0.4171907756813417,-0.41124260355029585
2022-05-24,Terra,0.0439,0.0146,0.0538,1.2205567451820127,0.3403755868544601,-0.4921190893169878
2022-05-25,Terra,0.0417,0.0126,0.051800000000000006,1.227154046997389,0.302158273381295,-0.5359116022099447
2022-05-29,Terra,0.0711,0.035,0.08220000000000001,1.1518987341772153,0.5021582733812949,-0.3314176245210728
2022-05-30,Terra,0.0444,0.011000000000000001,0.055200000000000006,1.2227272727272727,0.2378048780487805,-0.6157635467980295
2022-05-31,Terra,0.046700000000000005,0.0146,0.0546,1.1745689655172413,0.31263383297644537,-0.5236541598694943
2022-06-06,Terra,0.0378,0.0076,0.042100000000000005,1.113756613756614,0.20759493670886078,-0.6561844863731656
2022-06-09,Terra,0.048,0.0241,0.059000000000000004,1.2291666666666667,0.5020833333333333,-0.3314840499306519
2022-06-14,Terra,0.036500000000000005,0.0105,0.051000000000000004,1.3967391304347827,0.2876712328767123,-0.553191489361702
2022-06-15,Terra,0.027600000000000003,0.0057,0.0378,1.3541666666666665,0.20833333333333331,-0.6551724137931034
2022-06-18,Terra,0.0695,0.0459,0.0828,1.19136690647482,0.660431654676259,-0.20450606585788564
2022-06-19,Terra,0.0568,0.019200000000000002,0.079,1.3678929765886285,0.3380281690140845,-0.4947368421052631
2022-06-21,Terra,0.0307,0.0077,0.043300000000000005,1.4104234527687298,0.24838709677419354,-0.6020671834625324
2022-06-23,Terra,0.0267,0.006,0.0378,1.3948339483394834,0.22641509433962262,-0.6307692307692309
2022-06-24,Terra,0.0251,0.0066,0.0308,1.2270916334661355,0.26,-0.5873015873015873
2022-06-26,Terra,0.031100000000000003,0.0106,0.0438,1.4083601286173633,0.3419354838709677,-0.4903846153846154
2022-06-27,Terra,0.034800000000000005,0.0161,0.046700000000000005,1.3419540229885056,0.46264367816091945,-0.3673870333988213
2022-06-28,Terra,0.0246,0.0071,0.0368,1.4959349593495934,0.2886178861788618,-0.55205047318612
2022-06-29,Terra,0.0212,0.0092,0.0309,1.471153846153846,0.4232558139534884,-0.40522875816993464
2022-06-30,Terra,0.0252,0.012100000000000001,0.0388,1.5513307984790876,0.4624505928853755,-0.3675675675675676
2022-07-01,Terra,0.022500000000000003,0.0106,0.032100000000000004,1.4266666666666667,0.47111111111111104,-0.3595166163141994
2022-07-03,Terra,0.029400000000000003,0.0204,0.0439,1.4829721362229102,0.6755852842809364,-0.19361277445109779
2022-07-06,Terra,0.0281,0.0187,0.0434,1.5669014084507042,0.6584507042253521,-0.20594479830148618
2022-07-08,Terra,0.0222,0.0162,0.0337,1.523148148148148,0.7162162162162162,-0.1653543307086614
2022-07-10,Terra,0.0204,0.0129,0.0329,1.6127450980392155,0.6323529411764706,-0.22522522522522526
2022-07-11,Terra,0.057100000000000005,0.0512,0.07930000000000001,1.350909090909091,0.8773109243697479,-0.06535362578334826
2022-07-12,Terra,0.0409,0.0369,0.0591,1.4449877750611246,0.9022004889975551,-0.05141388174807193
2022-07-13,Terra,0.028,0.0213,0.0451,1.5936395759717314,0.7517482517482518,-0.14171656686626743
2022-07-14,Terra,0.0376,0.0631,0.0604,1.6462395543175488,1.7811634349030474,0.2808764940239044
2022-07-15,Terra,0.0261,0.021500000000000002,0.045700000000000005,1.7509578544061304,0.8431372549019608,-0.0851063829787234
2022-07-16,Terra,0.0236,0.031,0.052000000000000005,2.258620689655172,1.3419913419913418,0.1460258780036968
2022-07-17,Terra,0.0275,0.030000000000000002,0.0543,1.9401408450704225,1.107011070110701,0.05078809106830122
2022-07-18,Terra,0.029,0.0256,0.049300000000000004,1.686206896551724,0.8480243161094225,-0.08223684210526312
2022-07-19,Terra,0.0315,0.0308,0.0538,1.7299035369774918,0.9777777777777779,-0.011235955056179763
2022-07-20,Terra,0.035300000000000005,0.0334,0.0589,1.6656976744186047,0.82039911308204,-0.09866017052375146
2022-07-21,Terra,0.0222,0.0155,0.0422,1.9328621908127208,0.9,-0.05263157894736843
2022-07-22,Terra,0.022000000000000002,0.023700000000000002,0.0488,2.2018348623853212,1.0772727272727272,0.037199124726477024
2022-07-23,Terra,0.0195,0.0161,0.0437,2.2538860103626943,0.8341968911917098,-0.09039548022598874
2022-07-24,Terra,0.0171,0.0149,0.0368,2.069620253164557,0.8362573099415205,-0.08917197452229302
2022-07-26,Terra,0.028800000000000003,0.023100000000000002,0.0541,1.8982456140350876,0.8073089700996678,-0.10661764705882351
2022-07-27,Terra,0.0606,0.054900000000000004,0.0859,1.3724035608308605,0.9451038575667656,-0.028222730739893172
2022-07-29,Terra,0.0269,0.0246,0.051800000000000006,1.925650557620818,0.8897058823529412,-0.05836575875486379
2022-07-30,Terra,0.033100000000000004,0.0391,0.056600000000000004,1.7613293051359515,1.2896825396825398,0.12651646447140383
2022-08-03,Terra,0.049100000000000005,0.039400000000000004,0.0721,1.4912621359223301,0.8521739130434782,-0.07981220657276997
2022-08-04,Terra,0.054900000000000004,0.037200000000000004,0.07590000000000001,1.3825136612021858,0.6775956284153005,-0.19218241042345274
2022-08-06,Terra,0.0207,0.0155,0.044000000000000004,2.1256038647342996,0.748792270531401,-0.14364640883977903
2022-08-07,Terra,0.0234,0.017400000000000002,0.043000000000000003,1.8327137546468402,0.6914498141263942,-0.18241758241758238
2022-08-08,Terra,0.0219,0.0128,0.041600000000000005,1.7899543378995433,0.5844748858447489,-0.26224783861671463
2022-08-10,Terra,0.029400000000000003,0.024800000000000003,0.051000000000000004,1.6875,0.8125,-0.10344827586206899
2022-08-11,Terra,0.020300000000000002,0.0176,0.041600000000000005,2.074257425742574,0.8712871287128712,-0.06878306878306882
2022-08-12,Terra,0.024200000000000003,0.0239,0.051000000000000004,2.09009009009009,0.9598393574297188,-0.02049180327868854
2022-08-13,Terra,0.0334,0.032,0.0637,1.8625730994152048,0.935672514619883,-0.03323262839879154
2022-08-14,Terra,0.0227,0.0177,0.0441,1.9427312775330396,0.7873303167420815,-0.11898734177215185
2022-08-15,Terra,0.024200000000000003,0.0234,0.045000000000000005,1.8140495867768593,0.8223140495867768,-0.0975056689342404
2022-08-16,Terra,0.0212,0.0196,0.041,1.9339622641509435,0.9252336448598131,-0.0388349514563107
2022-08-17,Terra,0.0333,0.025500000000000002,0.057,1.7567567567567568,0.7657657657657657,-0.1326530612244898
2022-08-19,Terra,0.0261,0.0145,0.046700000000000005,1.8029739776951674,0.5525291828793775,-0.2882205513784461
2022-08-20,Terra,0.0244,0.019100000000000002,0.0393,1.7904761904761903,0.8395904436860068,-0.08719851576994439
2022-08-21,Terra,0.026600000000000002,0.024200000000000003,0.051300000000000005,1.8277027027027026,0.8783269961977187,-0.06477732793522263
2022-08-22,Terra,0.0218,0.0218,0.036000000000000004,1.8000000000000003,1.0,0.0
2022-08-23,Terra,0.022600000000000002,0.0165,0.0373,1.720754716981132,0.7568807339449541,-0.1383812010443864
2022-08-24,Terra,0.0102,0.0152,0.0229,2.2450980392156863,1.4901960784313724,0.19685039370078738
2022-08-25,Terra,0.0247,0.0173,0.0409,1.642276422764228,0.7032520325203252,-0.1742243436754177
2022-08-26,Terra,0.033100000000000004,0.034,0.0591,1.7854984894259815,1.0271903323262839,0.013412816691505186
2022-08-27,Terra,0.043300000000000005,0.0296,0.058600000000000006,1.358974358974359,0.6804597701149425,-0.19015047879616967
2022-08-28,Terra,0.0285,0.0351,0.0543,1.9071428571428573,1.1739130434782608,0.07999999999999995
2022-08-30,Terra,0.023700000000000002,0.0275,0.044000000000000004,1.7991803278688525,1.1646090534979423,0.07604562737642584
2022-08-31,Terra,0.021500000000000002,0.0134,0.034,1.6216216216216217,0.6232558139534884,-0.23209169054441264
2022-09-01,Terra,0.0275,0.0322,0.0507,1.8777777777777778,1.2014388489208632,0.09150326797385616
2022-09-02,Terra,0.026600000000000002,0.030500000000000003,0.0463,1.7340823970037453,1.1423220973782773,0.06643356643356646
2022-09-03,Terra,0.029500000000000002,0.0193,0.0432,1.4734982332155475,0.6632302405498282,-0.2024793388429752
2022-09-05,Terra,0.026000000000000002,0.0184,0.0403,1.5561492745793086,0.6346153846153846,-0.2235294117647059
2022-09-06,Terra,0.028900000000000002,0.028200000000000003,0.049,1.6986301369863015,1.0296052631578947,0.014586709886547835
2022-09-08,Terra,0.042,0.0224,0.050800000000000005,1.186206896551724,0.5149425287356322,-0.3201820940819424
2022-09-09,Terra,0.0351,0.0183,0.0504,1.4216524216524218,0.518005540166205,-0.3175182481751824
2022-09-10,Terra,0.0714,0.050800000000000005,0.091,1.2745098039215685,0.711484593837535,-0.1685761047463175
2022-09-12,Terra,0.0407,0.0269,0.0568,1.3955773955773956,0.6609336609336609,-0.20414201183431954
2022-09-13,Terra,0.0375,0.02,0.0516,1.3760000000000001,0.5333333333333333,-0.30434782608695654
2022-09-15,Terra,0.0267,0.0734,0.0584,2.218867924528302,2.8674698795180724,0.4828660436137071
2022-09-16,Terra,0.020900000000000002,0.0509,0.040400000000000005,2.1553398058252426,2.1595092024539877,0.3669902912621359
2022-09-19,Terra,0.022000000000000002,0.0194,0.0379,1.713004484304933,0.874439461883408,-0.06698564593301436
2022-09-22,Terra,0.0252,0.0189,0.0438,1.649789029535865,0.8130434782608696,-0.10311750599520379
2022-09-23,Terra,0.0112,0.0847,0.033100000000000004,2.9553571428571432,7.5625,0.7664233576642335
2022-09-24,Terra,0.0269,0.032100000000000004,0.048400000000000006,1.6947040498442367,1.216216216216216,0.09756097560975605
2022-09-25,Terra,0.0222,0.0273,0.0368,1.7167381974248928,1.3648068669527897,0.1542649727767695
2022-09-26,Terra,0.023200000000000002,0.0188,0.0407,1.784,0.831858407079646,-0.09178743961352659
2022-09-27,Terra,0.030500000000000003,0.050100000000000006,0.0596,2.0183823529411766,1.8419117647058825,0.296248382923674
2022-09-29,Terra,0.0194,0.025400000000000002,0.046700000000000005,2.404624277456648,1.3599999999999999,0.15254237288135591
2022-09-30,Terra,0.0251,0.0158,0.0386,1.5598802395209581,0.6134453781512604,-0.23958333333333334
2022-10-01,Terra,0.025400000000000002,0.0142,0.038400000000000004,1.5301204819277108,0.5748031496062992,-0.2700000000000001
2022-10-02,Terra,0.0313,0.0181,0.0505,1.6134185303514377,0.5782747603833867,-0.26720647773279355
2022-10-03,Terra,0.0269,0.032600000000000004,0.049300000000000004,1.8426573426573427,1.4885496183206106,0.19631901840490792
2022-10-05,Terra,0.0325,0.043300000000000005,0.0609,1.8295454545454544,1.3522727272727273,0.1497584541062802
2022-10-06,Terra,0.023100000000000002,0.025,0.0431,1.8398058252427185,1.0564516129032258,0.02745098039215683
2022-10-07,Terra,0.0307,0.0308,0.051800000000000006,1.6413612565445026,0.9163987138263665,-0.04362416107382553
2022-10-08,Terra,0.029900000000000003,0.0291,0.055600000000000004,1.6942857142857142,0.8771428571428571,-0.06544901065449013
2022-10-09,Terra,0.0391,0.0296,0.0618,1.5805626598465472,0.710997442455243,-0.1689088191330344
2022-10-25,Terra,0.022600000000000002,0.0218,0.0383,1.7212389380530975,0.9437229437229436,-0.028953229398663752
2022-10-27,Terra,0.028,0.0161,0.043000000000000003,1.5163636363636364,0.5682656826568265,-0.27529411764705886
2022-10-29,Terra,0.031,0.0873,0.0574,1.867313915857605,2.825242718446602,0.4771573604060914
2022-11-03,Terra,0.0246,0.04,0.042100000000000005,1.7113821138211385,1.6260162601626016,0.23839009287925694
2022-11-13,Terra,0.024200000000000003,0.0034000000000000002,0.0246,1.0165289256198347,0.14049586776859505,-0.7536231884057971
2022-11-14,Terra,0.046400000000000004,0.0132,0.0528,1.1403887688984882,0.28634361233480177,-0.5547945205479451
2022-11-15,Terra,0.0473,0.0151,0.0543,1.1374207188160677,0.3192389006342495,-0.516025641025641
2022-11-16,Terra,0.044700000000000004,0.0114,0.052700000000000004,1.1607929515418502,0.26327944572748263,-0.5831809872029251
2022-11-18,Terra,0.078,0.039900000000000005,0.0847,1.0949008498583568,0.5115384615384616,-0.3231552162849872
2022-11-19,Terra,0.0444,0.0115,0.0488,1.1021377672209025,0.25274725274725274,-0.5964912280701755
2022-11-24,Terra,0.037200000000000004,0.0109,0.0441,1.1609498680738786,0.287598944591029,-0.5532786885245902
2022-11-26,Terra,0.0381,0.0108,0.0466,1.243718592964824,0.28051948051948056,-0.5618661257606491
2022-11-29,Terra,0.0509,0.0128,0.0548,1.0691588785046728,0.27289719626168224,-0.5712187958883994
2022-12-12,Terra,0.07200000000000001,0.0179,0.08940000000000001,1.228490832157969,0.25105782792665726,-0.5986471251409246
2023-01-01,Terra,0.0771,0.0383,0.07930000000000001,1.1095360824742269,0.496757457846952,-0.3362218370883882
2023-01-16,Terra,0.0482,0.0241,0.05,1.037344398340249,0.5,-0.3333333333333333
2023-01-17,Terra,0.0718,0.038400000000000004,0.0819,1.14066852367688,0.5348189415041783,-0.30308529945553536
2023-01-19,Terra,0.06760000000000001,0.024,0.0772,1.1316568047337277,0.3572496263079223,-0.4735682819383259
2023-01-20,Terra,0.0446,0.0125,0.0541,1.1928251121076234,0.27114967462039047,-0.5733788395904438
2023-01-21,Terra,0.0478,0.0119,0.052500000000000005,1.1021276595744682,0.24236252545824846,-0.6098360655737705
2023-01-23,Terra,0.0376,0.0088,0.0439,1.13953488372093,0.2401129943502825,-0.612756264236902
2023-01-29,Terra,0.0438,0.015000000000000001,0.0509,1.1380846325167038,0.33407572383073497,-0.49916527545909856
2023-01-30,Terra,0.0854,0.052700000000000004,0.08420000000000001,0.9859484777517565,0.617096018735363,-0.23678493845039825
2023-02-08,Terra,0.036000000000000004,0.0083,0.042300000000000004,1.1652892561983472,0.23756906077348064,-0.6160714285714286
2023-02-11,Terra,0.0456,0.0155,0.0512,1.1118279569892473,0.3442265795206972,-0.4878444084278768
2023-02-12,Terra,0.0463,0.0112,0.054400000000000004,1.1749460043196545,0.24190064794816413,-0.6104347826086957
2023-02-15,Terra,0.043300000000000005,0.0119,0.0528,1.212962962962963,0.2741935483870968,-0.569620253164557
2023-02-17,Terra,0.0574,0.0292,0.0666,1.1725978647686832,0.5121951219512195,-0.32258064516129026
2023-02-19,Terra,0.059500000000000004,0.0257,0.0687,1.1546218487394957,0.43193277310924366,-0.39671361502347424
2023-02-25,Terra,0.0443,0.0112,0.05,1.1291759465478841,0.24944320712694876,-0.6007130124777184
2023-03-16,Terra,0.0505,0.0162,0.0618,1.2250996015936255,0.3176470588235294,-0.5178571428571429
2023-03-17,Terra,0.054900000000000004,0.0164,0.0663,1.2140151515151516,0.2918287937743191,-0.5481927710843374
2023-03-21,Terra,0.0524,0.023200000000000002,0.0629,1.2015655577299413,0.4403846153846154,-0.3885180240320427
2023-03-26,Terra,0.0409,0.0102,0.049100000000000005,1.1975609756097563,0.2469733656174334,-0.6038834951456311
2023-04-10,Terra,0.0451,0.0098,0.061500000000000006,1.334736842105263,0.21729490022172948,-0.6429872495446265
2023-04-11,Terra,0.045200000000000004,0.0118,0.0589,1.3030973451327432,0.27002288329519447,-0.5747747747747749
2023-04-12,Terra,0.0665,0.029900000000000003,0.0801,1.2075757575757575,0.45303030303030306,-0.3764337851929092
2023-04-13,Terra,0.053500000000000006,0.024300000000000002,0.0693,1.3009345794392524,0.4542056074766355,-0.37532133676092544
2023-04-14,Terra,0.0427,0.013300000000000001,0.055900000000000005,1.3030303030303032,0.3107476635514019,-0.5258467023172906
2023-04-15,Terra,0.0458,0.0117,0.0596,1.311965811965812,0.2623318385650224,-0.5843694493783304
2023-04-19,Terra,0.0733,0.0424,0.08310000000000001,1.1432469304229194,0.5691275167785235,-0.2745936698032506
2023-04-22,Terra,0.0483,0.019100000000000002,0.063,1.2836438923395443,0.3954451345755694,-0.43323442136498513
2023-04-23,Terra,0.0454,0.0132,0.0606,1.3392461197339247,0.2860310421286031,-0.5551724137931034
2023-04-24,Terra,0.0641,0.032,0.07540000000000001,1.1708860759493671,0.5063291139240506,-0.32773109243697485
2023-04-25,Terra,0.0562,0.039400000000000004,0.0704,1.2526690391459077,0.7010676156583631,-0.1757322175732217
2023-04-26,Terra,0.027,0.006200000000000001,0.030100000000000002,1.1139705882352942,0.22426470588235295,-0.6336336336336336
2023-04-27,Terra,0.040400000000000005,0.0165,0.0524,1.2970297029702968,0.41119221411192214,-0.41724137931034483
2023-04-28,Terra,0.0275,0.0085,0.031900000000000005,1.1598513011152416,0.31111111111111117,-0.5254237288135593
2023-04-30,Terra,0.0327,0.0122,0.044000000000000004,1.3373860182370823,0.38006230529595014,-0.4492099322799097
2023-05-01,Terra,0.0386,0.012,0.0489,1.2895442359249332,0.31578947368421056,-0.5199999999999999
2023-05-03,Terra,0.0459,0.0173,0.057300000000000004,1.2562929061784898,0.4004629629629629,-0.42809917355371907
2023-05-09,Terra,0.012700000000000001,0.0004,0.0148,1.1653543307086613,0.031496062992125984,-0.9389312977099238
2023-05-10,Terra,0.028200000000000003,0.008700000000000001,0.0385,1.3652482269503545,0.30851063829787234,-0.5284552845528456
2023-05-11,Terra,0.0152,0.0004,0.02,1.3157894736842106,0.026315789473684213,-0.9487179487179488
2023-05-12,Terra,0.026600000000000002,0.0082,0.037700000000000004,1.4202334630350195,0.311284046692607,-0.5252225519287834
2023-05-13,Terra,0.0425,0.028300000000000002,0.0483,1.1129032258064517,0.6715328467153284,-0.1965065502183406
2023-05-14,Terra,0.027200000000000002,0.0123,0.0363,1.3148148148148149,0.4522058823529411,-0.3772151898734178
2023-05-16,Terra,0.0131,0.00030000000000000003,0.0199,1.5190839694656488,0.022900763358778626,-0.9552238805970149
2023-05-17,Terra,0.0217,0.0066,0.029300000000000003,1.3375527426160336,0.28703703703703703,-0.5539568345323741
2023-05-18,Terra,0.024900000000000002,0.0091,0.0322,1.293172690763052,0.3654618473895582,-0.4647058823529412
2023-05-19,Terra,0.0267,0.0119,0.033800000000000004,1.3279999999999998,0.45149253731343286,-0.377892030848329
2023-05-20,Terra,0.0178,0.0047,0.022000000000000002,1.2290502793296092,0.26256983240223464,-0.584070796460177
2023-05-21,Terra,0.0098,0.00030000000000000003,0.0159,1.6224489795918369,0.030612244897959186,-0.9405940594059407
2023-05-22,Terra,0.0274,0.0145,0.034800000000000005,1.2781954887218046,0.5266903914590747,-0.31002331002331
2023-05-23,Terra,0.0391,0.023100000000000002,0.045000000000000005,1.1618037135278514,0.5885286783042394,-0.2590266875981162
2023-05-24,Terra,0.024900000000000002,0.0131,0.0341,1.3237704918032787,0.5180722891566265,-0.3174603174603175
2023-05-25,Terra,0.0975,0.0893,0.1005,1.03125,0.9002016129032258,-0.05251989389920428
2023-05-26,Terra,0.0211,0.0119,0.0324,1.5355450236966823,0.5639810426540285,-0.27878787878787875
2023-05-27,Terra,0.0317,0.0145,0.0415,1.3095975232198143,0.4707792207792208,-0.35982339955849896
2023-05-28,Terra,0.0134,0.0007,0.0217,1.5696969696969698,0.0693069306930693,-0.8703703703703706
2023-05-29,Terra,0.0228,0.0105,0.031,1.3478260869565217,0.44933920704845814,-0.3799392097264438
2023-05-30,Terra,0.058,0.0422,0.0665,1.1414634146341462,0.7275862068965517,-0.15768463073852296
2023-05-31,Terra,0.032600000000000004,0.016800000000000002,0.0454,1.387878787878788,0.5233644859813085,-0.31288343558282206
2023-06-02,Terra,0.0318,0.0145,0.043000000000000003,1.3522012578616351,0.4559748427672956,-0.3736501079913607
2023-06-03,Terra,0.0201,0.0078000000000000005,0.0244,1.1659388646288211,0.38547486033519557,-0.4435483870967742
2023-06-04,Terra,0.0316,0.0151,0.039900000000000005,1.2531645569620253,0.4693251533742331,-0.36116910229645094
2023-06-05,Terra,0.042,0.0279,0.0528,1.2753623188405798,0.6443418013856812,-0.2162921348314607
2023-06-06,Terra,0.0634,0.056100000000000004,0.0698,1.1105527638190953,0.8848580441640379,-0.06108786610878656
2023-06-07,Terra,0.0324,0.02,0.042800000000000005,1.320987654320988,0.6286549707602339,-0.22800718132854578
2023-06-08,Terra,0.033800000000000004,0.0151,0.0456,1.349112426035503,0.44674556213017746,-0.3824130879345603
2023-06-12,Terra,0.0228,0.0111,0.034,1.4778761061946901,0.47577092511013214,-0.35522388059701493
2023-06-13,Terra,0.020900000000000002,0.01,0.0269,1.3073170731707318,0.47619047619047616,-0.3548387096774194
2023-06-15,Terra,0.018500000000000003,0.009000000000000001,0.022600000000000002,1.2388888888888887,0.49180327868852464,-0.3406593406593406
2023-06-16,Terra,0.0534,0.0396,0.06330000000000001,1.1799628942486085,0.7457943925233645,-0.145610278372591
2023-06-17,Terra,0.063,0.08940000000000001,0.0742,1.1777777777777778,1.4190476190476191,0.17322834645669294
2023-06-18,Terra,0.0187,0.015300000000000001,0.032100000000000004,1.7165775401069518,0.8181818181818182,-0.1
2023-06-19,Terra,0.001,0.0027,0.0061,6.1000000000000005,2.7,0.4594594594594595
2023-06-20,Terra,0.0275,0.0523,0.038400000000000004,1.391304347826087,1.8509090909090908,0.29846938775510207
2023-06-21,Terra,0.0129,0.026000000000000002,0.013800000000000002,1.0697674418604652,2.096774193548387,0.3541666666666667
2023-06-22,Terra,0.0308,0.023100000000000002,0.0376,1.222222222222222,0.7458745874587459,-0.14555765595463135
2023-06-23,Terra,0.027,0.0712,0.0386,1.4296296296296298,2.637037037037037,0.45010183299389006
2023-06-25,Terra,0.0482,0.0328,0.0579,1.2012448132780082,0.6914893617021277,-0.18238993710691823
2023-06-26,Terra,0.0048000000000000004,0.0449,0.0008,0.16666666666666666,9.354166666666666,0.8068410462776661
2023-06-27,Terra,0.0269,0.0198,0.0378,1.3859649122807016,0.748936170212766,-0.1435523114355231
2023-06-28,Terra,0.0028,0.0183,0.0021000000000000003,0.9090909090909091,5.71875,0.7023255813953488
2023-06-29,Terra,0.0286,0.0316,0.041600000000000005,1.4411764705882353,1.104895104895105,0.04983388704318941
2023-06-30,Terra,0.033,0.023200000000000002,0.042100000000000005,1.2666666666666668,0.6972972972972972,-0.17834394904458603
2023-07-01,Terra,0.0244,0.0103,0.0357,1.440329218106996,0.41935483870967744,-0.4090909090909091
2023-07-02,Terra,0.016800000000000002,0.006500000000000001,0.0217,1.2950819672131149,0.3846153846153846,-0.4444444444444444
2023-07-03,Terra,0.0211,0.0117,0.0298,1.4047619047619047,0.5571428571428572,-0.28440366972477066
2023-07-04,Terra,0.019700000000000002,0.009000000000000001,0.027,1.3846153846153846,0.4598930481283422,-0.36996336996337
2023-07-05,Terra,0.0012000000000000001,0.0017000000000000001,0.0012000000000000001,1.0,1.4166666666666667,0.17241379310344826
2023-07-06,Terra,0.024800000000000003,0.0148,0.038900000000000004,1.5685483870967742,0.596774193548387,-0.25252525252525254
2023-07-07,Terra,0.0233,0.0142,0.0337,1.4637096774193545,0.6130434782608697,-0.23989218328840964
2023-07-08,Terra,0.0001,0.0122,0.009600000000000001,96.0,122.0,0.9837398373983741
2023-07-09,Terra,0.0183,0.015700000000000002,0.031900000000000005,1.7066666666666666,0.8579234972677596,-0.07647058823529405
2023-07-10,Terra,0.021500000000000002,0.0199,0.0378,1.7466666666666666,0.954954954954955,-0.0230414746543779
2023-07-11,Terra,0.0181,0.019200000000000002,0.035500000000000004,1.9222222222222218,1.0388888888888888,0.019073569482288805
2023-07-12,Terra,0.0247,0.023,0.0409,1.7137096774193548,0.9271255060728745,-0.03781512605042016
2023-07-13,Terra,0.0229,0.0206,0.0454,1.9727272727272727,0.9321266968325791,-0.03512880562060893
2023-07-14,Terra,0.0216,0.0239,0.041800000000000004,1.9295774647887327,1.0188679245283017,0.009345794392523307
2023-07-15,Terra,0.020300000000000002,0.0114,0.035300000000000005,1.7244897959183676,0.5615763546798029,-0.2807570977917981
2023-07-16,Terra,0.018500000000000003,0.0112,0.0356,1.9280575539568345,0.5978835978835979,-0.2516556291390728
2023-07-17,Terra,0.020800000000000003,0.015300000000000001,0.046200000000000005,1.9759615384615385,0.6874999999999999,-0.18518518518518523
2023-07-18,Terra,0.023700000000000002,0.018600000000000002,0.0442,1.9557522123893805,0.8054298642533936,-0.10776942355889728
2023-07-19,Terra,0.0213,0.0135,0.0414,1.9408866995073892,0.653061224489796,-0.2098765432098765
2023-07-21,Terra,0.0222,0.0216,0.0458,2.0538116591928253,0.9919028340080972,-0.004065040650406479
2023-07-22,Terra,0.0223,0.0181,0.046200000000000005,2.0263157894736845,0.793859649122807,-0.11491442542787282
2023-07-23,Terra,0.0257,0.0227,0.052000000000000005,1.9143968871595332,0.8407407407407408,-0.08651911468812874
2023-07-24,Terra,0.0257,0.0419,0.0579,2.2579365079365084,1.6693227091633465,0.2507462686567164
2023-07-25,Terra,0.029400000000000003,0.036000000000000004,0.062,2.129251700680272,1.226950354609929,0.10191082802547766
2023-07-26,Terra,0.0193,0.0119,0.040400000000000005,2.1122994652406417,0.6096256684491979,-0.2425249169435216
2023-07-27,Terra,0.0201,0.0143,0.040100000000000004,1.934579439252336,0.7363184079601991,-0.15186246418338106
2023-07-28,Terra,0.022000000000000002,0.022600000000000002,0.042300000000000004,2.097938144329897,0.9748743718592965,-0.012722646310432581
2023-07-29,Terra,0.030100000000000002,0.038400000000000004,0.0596,1.9800664451827241,1.275747508305648,0.12116788321167885
2023-07-30,Terra,0.0268,0.0279,0.0565,2.1082089552238807,1.041044776119403,0.020109689213893972
2023-07-31,Terra,0.0221,0.014,0.042800000000000005,1.9366515837104072,0.6482412060301507,-0.2134146341463415
2023-08-02,Terra,0.029500000000000002,0.021400000000000002,0.0538,1.8604651162790697,0.7628458498023716,-0.13452914798206275
2023-08-03,Terra,0.027600000000000003,0.0459,0.0504,1.826086956521739,1.6630434782608694,0.24897959183673465
2023-08-05,Terra,0.023100000000000002,0.0176,0.043300000000000005,1.8638297872340426,0.7387387387387387,-0.15025906735751293
2023-08-06,Terra,0.0145,0.0171,0.0414,2.8551724137931034,1.1793103448275861,0.08227848101265822
2023-08-08,Terra,0.033100000000000004,0.0236,0.0551,1.6646525679758306,0.7129909365558911,-0.1675485008818343
2023-08-09,Terra,0.025500000000000002,0.016300000000000002,0.0424,1.6367713004484308,0.6549019607843136,-0.20853080568720384
2023-08-10,Terra,0.023100000000000002,0.0112,0.0415,1.7261904761904763,0.48917748917748916,-0.34302325581395354
2023-08-11,Terra,0.0238,0.0187,0.044500000000000005,1.8508771929824561,0.7411347517730497,-0.14867617107942974
2023-08-12,Terra,0.0315,0.016900000000000002,0.0442,1.4024390243902438,0.5577557755775578,-0.28389830508474573
2023-08-13,Terra,0.020900000000000002,0.0088,0.031400000000000004,1.5919282511210764,0.42372881355932207,-0.40476190476190477
2023-08-14,Terra,0.017400000000000002,0.007,0.0263,1.5085714285714285,0.39999999999999997,-0.42857142857142866
2023-08-19,Terra,0.0328,0.0199,0.0485,1.5030487804878048,0.6130030959752322,-0.23992322456813817
2023-08-23,Terra,0.0055000000000000005,0.0002,0.0235,4.2727272727272725,0.03636363636363636,-0.9298245614035089
2023-08-24,Terra,0.021400000000000002,0.010100000000000001,0.033100000000000004,1.541871921182266,0.4719626168224299,-0.35873015873015873
2023-08-26,Terra,0.0206,0.0142,0.0373,1.8008130081300813,0.6926829268292684,-0.18155619596541786
2023-08-27,Terra,0.029,0.0128,0.0492,1.7620689655172412,0.49122807017543857,-0.3411764705882353
2023-08-28,Terra,0.0016,0.0378,0.0216,13.5,23.625,0.918781725888325
2023-08-29,Terra,0.058300000000000005,0.0402,0.07640000000000001,1.3226381461675578,0.6912280701754386,-0.18257261410788378
2023-08-30,Terra,0.0238,0.0118,0.0438,1.8571428571428572,0.5571428571428572,-0.28440366972477066
2023-09-03,Terra,0.0233,0.0119,0.0383,1.650442477876106,0.49579831932773105,-0.3370786516853933
2023-09-05,Terra,0.0172,0.008,0.0285,1.653846153846154,0.4519774011299435,-0.377431906614786
2023-09-06,Terra,0.046700000000000005,0.027,0.0658,1.400473933649289,0.5781584582441113,-0.26729986431478975
2023-09-07,Terra,0.020800000000000003,0.0085,0.033,1.6130653266331658,0.4068627450980392,-0.42160278745644597
2023-09-09,Terra,0.024800000000000003,0.01,0.0375,1.556910569105691,0.40725806451612906,-0.4212034383954155
2023-09-10,Terra,0.0233,0.0094,0.0361,1.5475113122171946,0.4260869565217391,-0.4024390243902439
2023-09-12,Terra,0.016300000000000002,0.007,0.0256,1.5392670157068062,0.4125,-0.415929203539823
2023-09-13,Terra,0.0244,0.0112,0.0349,1.407258064516129,0.4472573839662447,-0.3819241982507289
2023-09-14,Terra,0.0177,0.006900000000000001,0.028900000000000002,1.528205128205128,0.4011299435028249,-0.42741935483870963
2023-09-15,Terra,0.0213,0.007200000000000001,0.0342,1.5837837837837838,0.36619718309859156,-0.4639175257731958
2023-09-16,Terra,0.0426,0.026000000000000002,0.061500000000000006,1.4073226544622426,0.6175771971496437,-0.236417033773862
2023-09-17,Terra,0.029300000000000003,0.014100000000000001,0.0402,1.3648208469055374,0.4982456140350877,-0.33489461358313816
2023-09-19,Terra,0.0211,0.0086,0.031100000000000003,1.4218009478672986,0.3798076923076923,-0.44947735191637633
2023-09-20,Terra,0.0238,0.0085,0.033,1.3823529411764703,0.365546218487395,-0.4646153846153846
2023-09-22,Terra,0.0325,0.0122,0.048100000000000004,1.4649681528662417,0.3665594855305466,-0.4635294117647059
2023-09-23,Terra,0.052500000000000005,0.026000000000000002,0.0709,1.3504761904761904,0.49523809523809526,-0.3375796178343949
2023-09-28,Terra,0.0391,0.0155,0.0553,1.390625,0.39641943734015345,-0.43223443223443225
2023-10-01,Terra,0.0322,0.0123,0.0454,1.4112149532710279,0.38317757009345793,-0.44594594594594605
2023-10-02,Terra,0.0422,0.0201,0.059000000000000004,1.407925407925408,0.47058823529411764,-0.36
2023-10-03,Terra,0.2706,0.2544,0.2842,1.050258684405026,0.9401330376940134,-0.03085714285714284
2023-10-04,Terra,0.0304,0.0051,0.044500000000000005,1.3848684210526319,0.17910447761194032,-0.6962025316455696
2023-10-05,Terra,0.045000000000000005,0.0083,0.0584,1.2977777777777777,0.18933333333333335,-0.6816143497757846
2023-10-06,Terra,0.0352,0.0068000000000000005,0.045200000000000004,1.2661064425770308,0.1918158567774936,-0.6781115879828327
2023-10-07,Terra,0.0417,0.0097,0.0572,1.3245192307692306,0.2236180904522613,-0.6344969199178645
2023-10-08,Terra,0.0366,0.0081,0.052700000000000004,1.4387464387464388,0.22340425531914895,-0.6347826086956522
2023-10-12,Terra,0.0363,0.0054,0.0492,1.3710144927536232,0.14860681114551083,-0.7412398921832885
2023-10-15,Terra,0.048400000000000006,0.023700000000000002,0.0635,1.3075435203094778,0.4896694214876033,-0.34257975034674065
2023-10-18,Terra,0.027700000000000002,0.005,0.0367,1.3358490566037735,0.17647058823529413,-0.6999999999999998
2023-10-19,Terra,0.039,0.0081,0.054900000000000004,1.4267990074441688,0.2108108108108108,-0.6517857142857143
2023-10-23,Terra,0.0392,0.016900000000000002,0.0521,1.321608040201005,0.4321608040201005,-0.39649122807017545
2023-10-27,Terra,0.0424,0.0131,0.052500000000000005,1.2216981132075473,0.31979695431472077,-0.5153846153846154
2023-10-28,Terra,0.035300000000000005,0.0083,0.039400000000000004,1.1578947368421053,0.24590163934426232,-0.6052631578947368
2023-10-29,Terra,0.036000000000000004,0.0041,0.0468,1.2999999999999998,0.1151685393258427,-0.7934508816120907
2023-10-30,Terra,0.025,0.0044,0.0264,1.1054421768707483,0.16271186440677968,-0.7201166180758016
2023-10-31,Terra,0.029300000000000003,0.0041,0.0362,1.2702702702702702,0.14675767918088736,-0.744047619047619
2023-11-03,Terra,0.052000000000000005,0.0176,0.0713,1.3711538461538462,0.3384615384615384,-0.49425287356321834
2023-11-06,Terra,0.057,0.022500000000000003,0.0716,1.256140350877193,0.46106557377049184,-0.3688639551192146
2023-11-11,Terra,0.035,0.007500000000000001,0.0413,1.1755485893416926,0.209375,-0.6537467700258398
2023-11-16,Terra,0.0324,0.0063,0.0455,1.4055727554179567,0.18885448916408668,-0.6822916666666666
2023-11-20,Terra,0.040600000000000004,0.0074,0.0546,1.3300248138957815,0.17248908296943233,-0.7057728119180634
2023-11-21,Terra,0.0334,0.0034000000000000002,0.0461,1.3728323699421965,0.1020408163265306,-0.8148148148148148
2023-11-24,Terra,0.046,0.0068000000000000005,0.0587,1.2565217391304349,0.14782608695652175,-0.7424242424242424
2023-11-25,Terra,0.0438,0.0063,0.0565,1.346153846153846,0.14285714285714285,-0.75
2023-11-26,Terra,0.0419,0.0061,0.0579,1.3712871287128712,0.13953488372093023,-0.7551020408163266
2023-11-27,Terra,0.0482,0.008,0.060200000000000004,1.3224137931034483,0.1864801864801865,-0.6856581532416502
2023-11-28,Terra,0.037200000000000004,0.0051,0.0551,1.3879093198992445,0.1513647642679901,-0.7370689655172413
2023-11-29,Terra,0.0419,0.0079,0.0528,1.260143198090692,0.1885441527446301,-0.6827309236947792
2023-12-12,Terra,0.0441,0.0125,0.060500000000000005,1.3251533742331287,0.2553648068669528,-0.5931623931623932
2023-12-15,Terra,0.0453,0.0091,0.062200000000000005,1.4040632054176074,0.20476190476190476,-0.6600790513833991
2023-12-16,Terra,0.054900000000000004,0.0083,0.0732,1.3406193078324224,0.15398886827458255,-0.7331189710610932
2023-12-23,Terra,0.049800000000000004,0.007500000000000001,0.0697,1.3868921775898522,0.14971209213051825,-0.7395659432387311
2023-12-30,Terra,0.1095,0.0659,0.1301,1.1881278538812785,0.6018264840182649,-0.24857468643101482
2024-01-03,Terra,0.0509,0.012,0.0765,1.462264150943396,0.23772102161100198,-0.6158730158730159
2024-01-05,Terra,0.0485,0.011600000000000001,0.07100000000000001,1.4576923076923076,0.22499999999999998,-0.6326530612244897
2024-01-14,Terra,0.1313,0.0668,0.1183,0.9580459770114943,0.6012601260126013,-0.24901630129286118
2024-01-23,Terra,0.060000000000000005,0.015600000000000001,0.0728,1.2225806451612904,0.2516129032258065,-0.5979381443298969
2024-01-25,Terra,0.0482,0.006900000000000001,0.0592,1.2282157676348548,0.14315352697095438,-0.749546279491833
2024-01-28,Terra,0.058100000000000006,0.0152,0.07590000000000001,1.309278350515464,0.2621527777777778,-0.5845942228335627
2024-01-30,Terra,0.0458,0.0091,0.06430000000000001,1.3920335429769393,0.2,-0.6666666666666667
2024-02-11,Terra,0.0579,0.0167,0.0698,1.2057823129251701,0.2959558823529411,-0.5432624113475177
2024-02-23,Terra,0.053500000000000006,0.020200000000000003,0.0711,1.3289719626168222,0.38504672897196257,-0.4439946018893388
2024-02-24,Terra,0.0698,0.0244,0.0925,1.325214899713467,0.3445850914205345,-0.4874476987447699
2024-03-07,Terra,0.0859,0.0405,0.1053,1.2284382284382285,0.4691501746216531,-0.3613312202852615
2024-03-08,Terra,0.060000000000000005,0.0229,0.07690000000000001,1.2816666666666667,0.38166666666666665,-0.44752714113389636
2024-03-13,Terra,0.056900000000000006,0.0182,0.06960000000000001,1.234119782214156,0.3215547703180212,-0.5133689839572193
2024-03-14,Terra,0.0635,0.0224,0.07970000000000001,1.2461059190031152,0.34890965732087226,-0.4826789838337182
2024-03-15,Terra,0.0563,0.0194,0.0723,1.2330508474576272,0.33157894736842103,-0.5019762845849803
2024-03-17,Terra,0.0565,0.0149,0.062,1.0973451327433628,0.26371681415929205,-0.5826330532212884
2024-03-18,Terra,0.049100000000000005,0.0155,0.0603,1.2285714285714286,0.3094262295081967,-0.5273865414710486
2024-03-19,Terra,0.0523,0.013000000000000001,0.060500000000000005,1.15678776290631,0.25140712945590993,-0.5982008995502249
2024-03-20,Terra,0.061900000000000004,0.025400000000000002,0.0785,1.284072249589491,0.39937106918238996,-0.42921348314606733
2024-03-21,Terra,0.0597,0.0207,0.07590000000000001,1.271356783919598,0.34673366834170855,-0.4850746268656717
2024-03-24,Terra,0.0734,0.020900000000000002,0.0945,1.273841961852861,0.2847411444141689,-0.5567338282078473
2024-03-25,Terra,0.0952,0.049800000000000004,0.11560000000000001,1.2013422818791946,0.523109243697479,-0.31310344827586206
2024-03-31,Terra,0.0918,0.0437,0.1022,1.112590799031477,0.4724324324324325,-0.35829662261380324
2024-04-01,Terra,0.059300000000000005,0.013000000000000001,0.07100000000000001,1.1932773109243697,0.21922428330522767,-0.6403872752420471
2024-04-02,Terra,0.053200000000000004,0.009000000000000001,0.0639,1.2011278195488722,0.16605166051660517,-0.7151898734177216
2024-04-04,Terra,0.0596,0.014400000000000001,0.0682,1.1602671118530885,0.24242424242424243,-0.6097560975609756
2024-04-05,Terra,0.07680000000000001,0.0227,0.0869,1.133247089262613,0.2944369063772049,-0.5450733752620546
2024-04-07,Terra,0.064,0.0143,0.0816,1.282170542635659,0.2273449920508744,-0.6295336787564767
2024-04-08,Terra,0.0616,0.012,0.0756,1.227722772277228,0.19480519480519481,-0.673913043478261
2024-04-09,Terra,0.05,0.0102,0.0648,1.291242362525458,0.20400000000000001,-0.6611295681063123
2024-04-10,Terra,0.061900000000000004,0.015700000000000002,0.0796,1.288,0.25120000000000003,-0.5984654731457799
2024-04-11,Terra,0.0506,0.0115,0.06810000000000001,1.3518164435946463,0.2215909090909091,-0.6372093023255814
2024-04-15,Terra,0.06420000000000001,0.016,0.08660000000000001,1.3420647149460712,0.24883359253499218,-0.601494396014944
2024-04-16,Terra,0.045200000000000004,0.010400000000000001,0.062400000000000004,1.3805309734513274,0.22566371681415928,-0.631768953068592
2024-04-17,Terra,0.082,0.038400000000000004,0.09670000000000001,1.1791767554479418,0.46795646916565903,-0.3624382207578254
2024-04-18,Terra,0.048,0.0123,0.065,1.349112426035503,0.25833333333333336,-0.5894039735099338
2024-04-19,Terra,0.0459,0.0088,0.0631,1.3531914893617023,0.18961625282167047,-0.681214421252372
2024-04-20,Terra,0.0585,0.0122,0.0809,1.3786078098471988,0.20882852292020374,-0.6544943820224719
2024-04-23,Terra,0.048400000000000006,0.014,0.0664,1.3649193548387097,0.2886178861788618,-0.55205047318612
2024-04-24,Terra,0.053200000000000004,0.0142,0.075,1.401851851851852,0.2660377358490566,-0.5797317436661699
2024-04-28,Terra,0.050100000000000006,0.0158,0.06860000000000001,1.3775100401606426,0.3172690763052209,-0.5182926829268293
2024-05-01,Terra,0.0454,0.010100000000000001,0.0618,1.3594771241830066,0.22149122807017546,-0.6373429084380611
2024-05-02,Terra,0.09720000000000001,0.049,0.11410000000000001,1.1738683127572016,0.5196078431372548,-0.31612903225806455
2024-05-07,Terra,0.0644,0.0206,0.08370000000000001,1.2881889763779526,0.3196969696969697,-0.5154994259471871
2024-05-08,Terra,0.048100000000000004,0.0119,0.0609,1.276639344262295,0.24948453608247426,-0.6006600660066007
2024-05-09,Terra,0.049600000000000005,0.0109,0.0639,1.2898876404494382,0.22173913043478263,-0.6370106761565836
2024-05-10,Terra,0.041100000000000005,0.009300000000000001,0.0555,1.347222222222222,0.22142857142857145,-0.6374269005847952
2024-05-11,Terra,0.042,0.008400000000000001,0.057,1.3530805687203793,0.1966019417475728,-0.6713995943204869
2024-05-12,Terra,0.055200000000000006,0.0159,0.0727,1.314711359404097,0.2942271880819367,-0.5453237410071943
2024-05-13,Terra,0.0383,0.008,0.0514,1.3517587939698492,0.20963855421686747,-0.653386454183267
2024-05-14,Terra,0.048600000000000004,0.0145,0.060000000000000005,1.2345679012345678,0.29795918367346935,-0.5408805031446541
2024-05-15,Terra,0.0375,0.0083,0.046400000000000004,1.2487046632124352,0.20563380281690138,-0.6588785046728972
2024-05-16,Terra,0.0379,0.008,0.0465,1.2122093023255813,0.21511627906976746,-0.6459330143540669
2024-05-17,Terra,0.0499,0.0222,0.0623,1.2449799196787148,0.44047619047619047,-0.3884297520661157
2024-05-18,Terra,0.0448,0.0154,0.0543,1.2202247191011235,0.34988713318284426,-0.4816053511705686
2024-05-19,Terra,0.0546,0.0187,0.066,1.2063197026022305,0.34124087591240876,-0.4911564625850339
2024-05-20,Terra,0.0441,0.0128,0.053000000000000005,1.1946308724832215,0.2909090909090909,-0.5492957746478874
2024-05-21,Terra,0.0517,0.020800000000000003,0.06280000000000001,1.2107355864811133,0.4007707129094413,-0.42778541953232463
2024-05-22,Terra,0.0663,0.032100000000000004,0.07880000000000001,1.1794158553546592,0.4834337349397591,-0.3482233502538071
2024-05-23,Terra,0.0381,0.006200000000000001,0.0477,1.25,0.16112531969309463,-0.722466960352423
2024-05-26,Terra,0.0488,0.0177,0.0591,1.2169421487603305,0.36122448979591837,-0.4692653673163418
2024-05-27,Terra,0.037700000000000004,0.010400000000000001,0.046700000000000005,1.233160621761658,0.2816537467700258,-0.560483870967742
2024-05-30,Terra,0.048100000000000004,0.025900000000000003,0.0568,1.1967213114754098,0.5429769392033543,-0.296195652173913
2024-05-31,Terra,0.043300000000000005,0.0155,0.0522,1.204035874439462,0.36815920398009955,-0.4618181818181818
2024-06-01,Terra,0.057600000000000005,0.0437,0.0671,1.1486697965571206,0.7703180212014133,-0.1297405189620759
2024-06-03,Terra,0.11670000000000001,0.1041,0.1262,1.0814053127677805,0.881870385561936,-0.0627724498692241
2024-06-06,Terra,0.028200000000000003,0.0068000000000000005,0.0334,1.1843971631205672,0.23843416370106763,-0.6149425287356322
2024-06-07,Terra,0.0396,0.014,0.051000000000000004,1.2878787878787878,0.35353535353535354,-0.4776119402985075
2024-06-09,Terra,0.030000000000000002,0.0109,0.0393,1.3051359516616312,0.34523809523809523,-0.48672566371681425
2024-06-10,Terra,0.028200000000000003,0.007500000000000001,0.0398,1.4090909090909092,0.26223776223776224,-0.5844875346260388
2024-06-11,Terra,0.023700000000000002,0.0068000000000000005,0.031200000000000002,1.330396475770925,0.28451882845188287,-0.5570032573289903
2024-06-12,Terra,0.025,0.010700000000000001,0.0363,1.421455938697318,0.42800000000000005,-0.4005602240896358
2024-06-13,Terra,0.0256,0.0089,0.035,1.3671875,0.3524904214559387,-0.4787535410764873
2024-06-16,Terra,0.0258,0.0111,0.0364,1.4108527131782946,0.41417910447761197,-0.4142480211081794
2024-06-17,Terra,0.038700000000000005,0.017400000000000002,0.0509,1.3152454780361755,0.4496124031007752,-0.3796791443850267
2024-06-18,Terra,0.024,0.009600000000000001,0.032100000000000004,1.3319502074688798,0.4050632911392405,-0.42342342342342343
2024-06-20,Terra,0.0485,0.042300000000000004,0.0627,1.2927835051546392,0.8721649484536083,-0.06828193832599115
2024-06-21,Terra,0.024200000000000003,0.0085,0.034,1.4340425531914893,0.3319148936170213,-0.5015974440894568
2024-06-22,Terra,0.0302,0.0233,0.043000000000000003,1.4238410596026492,0.7818791946308725,-0.12241054613935967
2024-06-23,Terra,0.0221,0.0074,0.031200000000000002,1.4196428571428572,0.3474178403755869,-0.48432055749128916
2024-06-25,Terra,0.025900000000000003,0.0129,0.0371,1.4324324324324322,0.5102880658436214,-0.3242506811989101
2024-06-26,Terra,0.0448,0.028,0.0567,1.2628062360801782,0.6263736263736264,-0.22972972972972971
2024-06-27,Terra,0.0381,0.038200000000000005,0.0499,1.3087071240105541,0.9973890339425588,-0.0013071895424836067
2024-06-28,Terra,0.020900000000000002,0.009000000000000001,0.028,1.380710659898477,0.430622009569378,-0.3979933110367893
2024-06-29,Terra,0.0335,0.0234,0.0432,1.3003194888178913,0.6507462686567164,-0.21157323688969262
2024-07-01,Terra,0.099,0.0829,0.1091,1.090643274853801,0.8373737373737373,-0.08851017042330953
2024-07-02,Terra,0.0322,0.014100000000000001,0.0443,1.384375,0.44336569579288027,-0.38565022421524664
2024-07-03,Terra,0.0246,0.0092,0.0337,1.3819742489270386,0.37551020408163266,-0.4540059347181009
2024-07-04,Terra,0.0337,0.0164,0.0461,1.3622754491017963,0.4820359281437126,-0.34949494949494947
2024-07-05,Terra,0.0217,0.0086,0.033,1.4904761904761905,0.4056603773584906,-0.4228187919463087
2024-07-06,Terra,0.024800000000000003,0.0108,0.0385,1.5625,0.4176706827309237,-0.41076487252124644
2024-07-07,Terra,0.027600000000000003,0.0106,0.044500000000000005,1.599264705882353,0.3745583038869258,-0.45501285347043696
2024-07-08,Terra,0.0381,0.0195,0.0531,1.3824289405684753,0.5064599483204133,-0.3276157804459692
2024-07-09,Terra,0.030100000000000002,0.018500000000000003,0.0499,1.6877076411960132,0.6105610561056106,-0.24180327868852453
2024-07-10,Terra,0.0333,0.0166,0.0495,1.459375,0.504424778761062,-0.3294117647058823
2024-07-11,Terra,0.005,0.0034000000000000002,0.0261,5.220000000000001,0.68,-0.19047619047619044
2024-07-12,Terra,0.0296,0.0149,0.048,1.6216216216216215,0.5034722222222222,-0.3302540415704388
2024-07-13,Terra,0.0347,0.0189,0.0557,1.6160714285714284,0.5446685878962536,-0.2947761194029851
2024-07-15,Terra,0.0286,0.016,0.049100000000000005,1.7054794520547947,0.5451612903225808,-0.29436325678496866
2024-07-17,Terra,0.0224,0.012,0.0432,1.9074889867841411,0.5357142857142857,-0.3023255813953488
2024-07-18,Terra,0.031400000000000004,0.0142,0.0545,1.7192429022082019,0.4536741214057508,-0.3758241758241758
2024-07-19,Terra,0.054700000000000006,0.0364,0.07880000000000001,1.440585009140768,0.6654478976234003,-0.2008781558726674
2024-07-20,Terra,0.046700000000000005,0.027,0.0664,1.425263157894737,0.572938689217759,-0.271505376344086
2024-07-22,Terra,0.0388,0.0228,0.0611,1.574742268041237,0.6015831134564643,-0.24876441515650743
2024-07-23,Terra,0.0026000000000000003,0.0082,0.0221,8.5,3.1538461538461537,0.5185185185185186
2024-07-25,Terra,0.0179,0.008400000000000001,0.0357,2.0114285714285716,0.47027027027027024,-0.3602941176470589
2024-07-28,Terra,0.0489,0.0303,0.0747,1.512035010940919,0.6444007858546169,-0.2162485065710872
2024-07-30,Terra,0.0206,0.006,0.0323,1.6,0.28169014084507044,-0.5604395604395604
2024-07-31,Terra,0.009000000000000001,0.0001,0.0194,2.1555555555555554,0.01111111111111111,-0.9780219780219782
2024-08-01,Terra,0.0455,0.026000000000000002,0.064,1.413716814159292,0.5756207674943568,-0.26934097421203435
2024-08-04,Terra,0.027,0.0115,0.044700000000000004,1.6961538461538461,0.43846153846153846,-0.39037433155080214
2024-08-05,Terra,0.0359,0.014700000000000001,0.054700000000000006,1.5236768802228413,0.4194444444444444,-0.4090019569471624
2024-08-06,Terra,0.040400000000000005,0.0213,0.059500000000000004,1.4713541666666665,0.5419847328244275,-0.29702970297029707
2024-08-08,Terra,0.0318,0.021400000000000002,0.0448,1.4088050314465408,0.6729559748427674,-0.19548872180451127
2024-08-09,Terra,0.0045000000000000005,0.0005,0.0022,0.4888888888888889,0.15384615384615383,-0.7333333333333333
2024-08-10,Terra,0.007,0.0008,0.0183,2.6142857142857143,0.163265306122449,-0.719298245614035
2024-08-12,Terra,0.039900000000000005,0.016900000000000002,0.059500000000000004,1.5162907268170425,0.42048517520215634,-0.40796963946869064
2024-08-13,Terra,0.0167,0.0059,0.029400000000000003,1.8263473053892219,0.36526946107784436,-0.4649122807017543
2024-08-16,Terra,0.029900000000000003,0.0137,0.0443,1.4816053511705685,0.451505016722408,-0.3778801843317973
2024-08-18,Terra,0.0267,0.0106,0.043000000000000003,1.5977011494252873,0.37057220708446864,-0.45924453280318095
2024-08-19,Terra,0.055600000000000004,0.0347,0.0733,1.3052434456928839,0.6247619047619047,-0.2309495896834701
2024-08-20,Terra,0.0892,0.0893,0.10650000000000001,1.1939461883408073,1.001121076233184,0.0005602240896358705
2024-08-21,Terra,0.028900000000000002,0.018000000000000002,0.0454,1.5607142857142857,0.6013986013986014,-0.24890829694323144
2024-08-23,Terra,0.0879,0.0664,0.11570000000000001,1.3162684869169512,0.7554038680318543,-0.13933895009721325
2024-08-24,Terra,0.0585,0.0323,0.082,1.3941480206540446,0.5514469453376206,-0.28911917098445594
2024-08-25,Terra,0.0258,0.0095,0.0454,1.7,0.3696498054474708,-0.46022727272727265
2024-08-26,Terra,0.0227,0.0053,0.0403,1.76,0.2320675105485232,-0.6232876712328766
2024-08-27,Terra,0.034800000000000005,0.0083,0.054700000000000006,1.6518987341772151,0.24620060790273557,-0.6048780487804879
2024-08-28,Terra,0.0279,0.0078000000000000005,0.0392,1.4131944444444444,0.27796610169491526,-0.5649867374005304
2024-08-29,Terra,0.0395,0.0123,0.057,1.4329113924050634,0.3225806451612903,-0.5121951219512195
2024-08-30,Terra,0.030000000000000002,0.010400000000000001,0.044700000000000004,1.5000000000000002,0.3366376939157223,-0.49629273820080794
2024-08-31,Terra,0.037000000000000005,0.0137,0.0562,1.5429362880886426,0.3618233618233619,-0.4686192468619246
2024-09-02,Terra,0.026500000000000003,0.0073,0.038700000000000005,1.4507575757575757,0.2748091603053435,-0.5688622754491018
2024-09-03,Terra,0.0424,0.0118,0.0675,1.6,0.27394209354120264,-0.56993006993007
2024-09-04,Terra,0.06670000000000001,0.0379,0.0901,1.3672230652503794,0.5639880952380952,-0.2787821122740248
2024-09-05,Terra,0.0536,0.0252,0.076,1.4245283018867922,0.4671814671814672,-0.36315789473684207
2024-09-07,Terra,0.031100000000000003,0.0071,0.045200000000000004,1.46583850931677,0.23225806451612904,-0.6230366492146596
2024-09-08,Terra,0.016900000000000002,0.0014,0.0135,0.7988165680473371,0.08284023668639053,-0.8469945355191257
2024-09-09,Terra,0.0577,0.029500000000000002,0.0779,1.322357019064125,0.5117540687160941,-0.32296650717703346
2024-09-10,Terra,0.040600000000000004,0.0118,0.0563,1.3866995073891626,0.2927461139896373,-0.5470941883767535
2024-09-12,Terra,0.0323,0.0086,0.051000000000000004,1.5789473684210527,0.2662538699690402,-0.5794621026894865
2024-09-13,Terra,0.0614,0.0367,0.0823,1.3294701986754969,0.6076158940397351,-0.24407826982492273
2024-09-18,Terra,0.041,0.011000000000000001,0.0623,1.5373493975903616,0.2696335078534031,-0.575257731958763
2024-09-19,Terra,0.0238,0.0063,0.038,1.5899581589958158,0.26582278481012656,-0.5800000000000001
2024-09-20,Terra,0.0357,0.0108,0.0551,1.5546218487394956,0.3081395348837209,-0.528888888888889
2024-09-21,Terra,0.0309,0.008,0.0429,1.4158415841584158,0.2646048109965636,-0.5815217391304348
2024-09-22,Terra,0.035500000000000004,0.0111,0.0502,1.4152046783625731,0.31197771587743733,-0.524416135881104
2024-09-23,Terra,0.0422,0.011300000000000001,0.0603,1.4354430379746836,0.2677725118483412,-0.5775700934579439
2024-09-24,Terra,0.025,0.0047,0.0339,1.3512396694214874,0.1864406779661017,-0.6857142857142856
2024-09-26,Terra,0.0264,0.0068000000000000005,0.0358,1.3436293436293436,0.2548262548262548,-0.593846153846154
2024-09-27,Terra,0.0284,0.0059,0.0398,1.4178571428571427,0.20819112627986347,-0.6553672316384181
2024-09-28,Terra,0.031100000000000003,0.0111,0.0449,1.396551724137931,0.34827586206896555,-0.4833759590792839
2024-09-29,Terra,0.024200000000000003,0.0049,0.0313,1.2987551867219918,0.20512820512820515,-0.6595744680851062
2024-09-30,Terra,0.038400000000000004,0.0098,0.0456,1.21875,0.2535211267605634,-0.5955056179775281
2024-10-01,Terra,0.023100000000000002,0.0044,0.033600000000000005,1.4419642857142858,0.19047619047619047,-0.6799999999999999
2024-10-02,Terra,0.029,0.0047,0.0431,1.4912280701754386,0.16845878136200718,-0.7116564417177914
2024-10-03,Terra,0.030000000000000002,0.007500000000000001,0.0429,1.4415584415584415,0.2631578947368421,-0.5833333333333333
2024-10-04,Terra,0.021500000000000002,0.0037,0.029500000000000002,1.3849765258215965,0.17289719626168223,-0.7051792828685258
2024-10-05,Terra,0.0307,0.0045000000000000005,0.047400000000000005,1.5490196078431373,0.14563106796116507,-0.7457627118644068
2024-10-06,Terra,0.021500000000000002,0.0032,0.0334,1.5639810426540284,0.15121951219512197,-0.7372881355932202
2024-10-07,Terra,0.026500000000000003,0.005,0.039,1.471698113207547,0.18596491228070175,-0.6863905325443787
2024-10-08,Terra,0.0253,0.006500000000000001,0.040600000000000004,1.6111111111111112,0.25793650793650796,-0.5899053627760253
2024-10-09,Terra,0.0234,0.0045000000000000005,0.0368,1.5294117647058822,0.2112676056338028,-0.6511627906976745
2024-10-10,Terra,0.038,0.010400000000000001,0.0563,1.4595300261096606,0.2752808988764045,-0.5682819383259913
2024-10-13,Terra,0.027200000000000002,0.008,0.038700000000000005,1.4697508896797153,0.29961089494163423,-0.5389221556886228
2024-10-14,Terra,0.0241,0.0043,0.0366,1.5046296296296295,0.18055555555555555,-0.6941176470588235
2024-10-17,Terra,0.0695,0.0375,0.08600000000000001,1.2374100719424461,0.539568345323741,-0.2990654205607477
2024-10-18,Terra,0.0241,0.0044,0.0396,1.6074380165289257,0.17842323651452283,-0.6971830985915491
2024-10-19,Terra,0.0184,0.0027,0.029300000000000003,1.5402843601895735,0.1452513966480447,-0.746341463414634
2024-10-24,Terra,0.027100000000000003,0.0063,0.042100000000000005,1.5206896551724138,0.23018867924528302,-0.6257668711656441
2024-10-26,Terra,0.0222,0.004,0.0369,1.6396396396396395,0.18584070796460178,-0.6865671641791044
2024-10-29,Terra,0.029500000000000002,0.006200000000000001,0.0477,1.6182432432432434,0.21016949152542375,-0.6526610644257703
2024-11-02,Terra,0.0396,0.010100000000000001,0.061500000000000006,1.553030303030303,0.2550505050505051,-0.5935613682092554
2024-11-03,Terra,0.0374,0.007,0.0587,1.5324324324324323,0.18918918918918917,-0.6818181818181819
2024-11-05,Terra,0.021400000000000002,0.0068000000000000005,0.0332,1.5747663551401867,0.3211009174311927,-0.513888888888889
2024-11-06,Terra,0.0316,0.0023,0.049600000000000005,1.5727848101265822,0.07419354838709677,-0.861861861861862
2024-11-07,Terra,0.0239,0.0031000000000000003,0.0391,1.6533333333333333,0.1288888888888889,-0.7716535433070867
2024-11-08,Terra,0.0317,0.0034000000000000002,0.049800000000000004,1.5755627009646302,0.11003236245954694,-0.8017492711370263
2024-11-15,Terra,0.0424,0.0122,0.0678,1.537735849056604,0.28773584905660377,-0.553113553113553
2024-11-24,Terra,0.0522,0.0122,0.06420000000000001,1.2276119402985073,0.23732251521298173,-0.6163934426229508
2024-12-02,Terra,0.045000000000000005,0.009600000000000001,0.0654,1.456953642384106,0.21640091116173119,-0.6441947565543071
2024-12-03,Terra,0.0653,0.0134,0.0886,1.3568147013782543,0.24225865209471767,-0.6099706744868035
2024-12-04,Terra,0.0358,0.0053,0.0563,1.5726256983240225,0.14804469273743018,-0.7420924574209246
2024-12-09,Terra,0.0379,0.007,0.0579,1.5306122448979593,0.1912568306010929,-0.6788990825688074
2024-12-31,Terra,0.043000000000000003,0.0123,0.06430000000000001,1.4692144373673035,0.2943820224719101,-0.545138888888889
2025-01-09,Terra,0.031900000000000005,0.0013000000000000002,0.0529,1.6583072100313478,0.04436860068259386,-0.9150326797385622
2025-01-10,Terra,0.0332,0.0066,0.053500000000000006,1.6566265060240963,0.19999999999999998,-0.6666666666666666
2025-01-11,Terra,0.0374,0.0063,0.048400000000000006,1.2191435768261967,0.17696629213483148,-0.6992840095465394
2025-01-12,Terra,0.0302,0.0073,0.051300000000000005,1.5592705167173255,0.22352941176470587,-0.6346153846153846
2025-01-13,Terra,0.0349,0.0071,0.045700000000000005,1.2120343839541547,0.2095808383233533,-0.6534653465346535
2025-01-14,Terra,0.062,0.0366,0.08410000000000001,1.356451612903226,0.5903225806451613,-0.25760649087221094
2025-01-15,Terra,0.027700000000000002,0.0047,0.0463,1.602076124567474,0.16967509025270758,-0.7098765432098765
2025-01-16,Terra,0.026500000000000003,0.0036000000000000003,0.0356,1.3858267716535433,0.13688212927756654,-0.7591973244147158
2025-01-18,Terra,0.0376,0.010100000000000001,0.0574,1.527363184079602,0.2724795640326975,-0.5717344753747323
2025-01-20,Terra,0.029500000000000002,0.0061,0.041100000000000005,1.3885135135135136,0.20761245674740483,-0.6561604584527222
2025-01-22,Terra,0.028,0.0064,0.0494,1.9107142857142858,0.22857142857142856,-0.627906976744186
2025-01-25,Terra,0.0328,0.008400000000000001,0.046400000000000004,1.3892215568862276,0.25609756097560976,-0.5922330097087379
2025-01-27,Terra,0.036000000000000004,0.0129,0.0466,1.3850267379679144,0.38244514106583066,-0.44671201814058953
2025-02-25,Terra,0.0439,0.0222,0.0688,1.5671981776765376,0.5056947608200456,-0.32829046898638425
2025-02-26,Terra,0.024800000000000003,0.0061,0.044000000000000004,1.75390625,0.24596774193548387,-0.605177993527508
2025-02-27,Terra,0.0324,0.007,0.0497,1.5434782608695652,0.2173913043478261,-0.6428571428571429
2025-02-28,Terra,0.0238,0.006500000000000001,0.0369,1.550420168067227,0.24696356275303646,-0.6038961038961038
2025-03-01,Terra,0.023,0.005200000000000001,0.030500000000000003,1.331877729257642,0.2347417840375587,-0.6197718631178707
2025-03-03,Terra,0.0246,0.006500000000000001,0.0373,1.4999999999999998,0.26315789473684215,-0.5833333333333334
2025-03-06,Terra,0.058600000000000006,0.031900000000000005,0.0746,1.3084922010398612,0.5495652173913044,-0.2906846240179573
2025-03-07,Terra,0.034300000000000004,0.012,0.0533,1.5647058823529412,0.35608308605341243,-0.474835886214442
2025-03-08,Terra,0.0303,0.0152,0.0415,1.3696369636963697,0.49346405228758167,-0.33916849015317285
2025-03-10,Terra,0.040400000000000005,0.023200000000000002,0.0574,1.406862745098039,0.5696821515892421,-0.2741433021806853
2025-03-11,Terra,0.0478,0.0221,0.0685,1.4241164241164241,0.45945945945945943,-0.37037037037037035
2025-03-13,Terra,0.0558,0.0329,0.0713,1.2777777777777777,0.589605734767025,-0.25817361894024804
2025-03-24,Terra,0.0325,0.0054,0.0539,1.6545961002785514,0.16615384615384615,-0.7150395778364115
2025-03-26,Terra,0.040400000000000005,0.0158,0.0509,1.2734177215189875,0.3886138613861386,-0.4402852049910873
2025-03-29,Terra,0.0737,0.0373,0.0945,1.282225237449118,0.5061058344640434,-0.32792792792792796
2025-04-02,Terra,0.0429,0.012,0.0584,1.3613053613053614,0.27906976744186046,-0.5636363636363636
2025-04-03,Terra,0.0577,0.028,0.0743,1.268421052631579,0.4757929883138564,-0.3552036199095022
2025-04-04,Terra,0.0291,0.0097,0.0369,1.2902097902097902,0.31972789115646255,-0.5154639175257733
2025-04-10,Terra,0.046,0.0187,0.055400000000000005,1.2036659877800406,0.40700218818380746,-0.42146189735614303
2025-04-12,Terra,0.0516,0.0286,0.0599,1.1485714285714284,0.555776892430279,-0.2855313700384123
2025-04-13,Terra,0.0413,0.021,0.053700000000000005,1.2696897374701672,0.5084745762711864,-0.32584269662921345
2025-04-14,Terra,0.0269,0.0078000000000000005,0.0325,1.2034482758620688,0.29779411764705876,-0.5410764872521248
2025-04-16,Terra,0.028200000000000003,0.0125,0.0322,1.1666666666666665,0.4432624113475177,-0.3857493857493858
2025-04-17,Terra,0.0666,0.0465,0.0714,1.068452380952381,0.7001477104874446,-0.17636837532580368
2025-04-18,Terra,0.0329,0.0151,0.041,1.237082066869301,0.4589665653495441,-0.37083333333333324
2025-04-20,Terra,0.030100000000000002,0.0098,0.0368,1.215873015873016,0.3299319727891156,-0.5038363171355499
2025-04-21,Terra,0.029400000000000003,0.013300000000000001,0.0347,1.2066666666666668,0.45307443365695793,-0.376391982182628
2025-04-22,Terra,0.07440000000000001,0.0563,0.078,1.0483870967741935,0.7588005215123859,-0.13713862120088954
2025-04-23,Terra,0.0352,0.0173,0.0431,1.2144927536231882,0.5,-0.33333333333333337
2025-04-27,Terra,0.0891,0.0726,0.0915,1.0280583613916947,0.8082191780821918,-0.10606060606060604
2025-04-28,Terra,0.034300000000000004,0.0142,0.041100000000000005,1.1988636363636362,0.4139941690962099,-0.41443298969072173
2025-04-30,Terra,0.0519,0.0332,0.0606,1.1586998087954112,0.6351351351351351,-0.22314049586776868
2025-05-01,Terra,0.0373,0.0228,0.0443,1.1687344913151365,0.6135135135135135,-0.23953098827470692
2025-05-02,Terra,0.0383,0.0207,0.0432,1.1279373368146215,0.5404699738903395,-0.2983050847457627
2025-05-04,Terra,0.032600000000000004,0.014400000000000001,0.0369,1.1477987421383649,0.44936708860759494,-0.3799126637554585
2025-05-05,Terra,0.0635,0.044000000000000004,0.06760000000000001,1.0718750000000001,0.6932907348242812,-0.1811320754716981
2025-05-06,Terra,0.0346,0.0183,0.04,1.1488095238095237,0.5596026490066226,-0.2823779193205945
2025-05-08,Terra,0.0269,0.014700000000000001,0.0327,1.2156133828996283,0.5353159851301116,-0.30266343825665853
2025-05-10,Terra,0.029,0.0128,0.0351,1.2087542087542087,0.4444444444444444,-0.38461538461538464
2025-05-13,Terra,0.0932,0.0756,0.1072,1.150214592274678,0.8092042186001918,-0.10545839957604664
2025-05-15,Terra,0.0349,0.0211,0.041600000000000005,1.2105263157894737,0.6167146974063401,-0.23707664884135468
2025-05-16,Terra,0.032,0.0179,0.038,1.1904761904761905,0.55625,-0.28514056224899603
2025-05-17,Terra,0.054200000000000005,0.053000000000000005,0.0585,1.0512333965844403,1.0056925996204933,0.002838221381267754
2025-05-18,Terra,0.061200000000000004,0.0538,0.06760000000000001,1.1045751633986929,0.8790849673202614,-0.06434782608695655
2025-05-20,Terra,0.030500000000000003,0.0151,0.0409,1.3409836065573768,0.4885245901639344,-0.3436123348017622
2025-05-21,Terra,0.0222,0.0091,0.0274,1.239819004524887,0.40888888888888886,-0.4195583596214511
2025-05-24,Terra,0.0233,0.016300000000000002,0.0313,1.346153846153846,0.7186147186147186,-0.16372795969773307
2025-05-25,Terra,0.044500000000000005,0.031200000000000002,0.0548,1.2192622950819672,0.7015590200445434,-0.1753926701570681
2025-05-26,Terra,0.0285,0.0152,0.0364,1.2907801418439715,0.527972027972028,-0.30892448512585813
2025-05-27,Terra,0.0019,0.0035,0.009000000000000001,4.736842105263158,1.8421052631578947,0.2962962962962963
2025-05-28,Terra,0.0269,0.0235,0.0342,1.2647058823529411,0.8379446640316206,-0.08817204301075268
2025-05-31,Terra,0.0234,0.013900000000000001,0.0284,1.2544642857142858,0.6318181818181818,-0.22562674094707524
2025-06-01,Terra,0.1275,0.125,0.12940000000000002,1.0184190330007676,0.9846508058326938,-0.0077339520494973
2025-06-02,Terra,0.025,0.0106,0.035500000000000004,1.4031620553359685,0.4189723320158103,-0.40947075208913647
2025-06-03,Terra,0.0651,0.051000000000000004,0.0723,1.111791730474732,0.786046511627907,-0.11979166666666667
2025-06-04,Terra,0.0395,0.0344,0.055200000000000006,1.401015228426396,0.8730964467005076,-0.06775067750677512
2025-06-05,Terra,0.028300000000000002,0.0155,0.0381,1.3287671232876712,0.5425531914893617,-0.29655172413793107
2025-06-07,Terra,0.0219,0.0125,0.029400000000000003,1.3424657534246578,0.5707762557077626,-0.27325581395348836
2025-06-08,Terra,0.022000000000000002,0.0103,0.0286,1.2740917487684729,0.4732142857142857,-0.35757575757575755
2025-06-09,Terra,0.033100000000000004,0.0212,0.0466,1.378048780487805,0.6404833836858005,-0.2191528545119706
2025-06-10,Terra,0.024800000000000003,0.0179,0.0325,1.283898305084746,0.7276422764227641,-0.15764705882352945
2025-06-11,Terra,0.0936,0.0835,0.0971,1.0373931623931625,0.8920940170940171,-0.05702992659514397
2025-06-12,Terra,0.030000000000000002,0.020900000000000002,0.039400000000000004,1.3022508038585208,0.7100977198697068,-0.16952380952380955
2025-06-14,Terra,0.0345,0.031100000000000003,0.0509,1.4782608695652173,0.9067055393586005,-0.048929663608562705
2025-06-16,Terra,0.036500000000000005,0.031900000000000005,0.0482,1.3856382978723403,0.8797814207650273,-0.06395348837209304
2025-06-17,Terra,0.028800000000000003,0.036500000000000005,0.0438,1.5363321799307958,1.2673611111111112,0.11791730474732007
2025-06-18,Terra,0.014,0.036500000000000005,0.0309,2.1691176470588234,2.1492537313432836,0.3649289099526067
2025-06-19,Terra,0.0368,0.0332,0.053000000000000005,1.4124629080118696,0.9112271540469974,-0.04644808743169399
2025-06-21,Terra,0.049800000000000004,0.0495,0.06860000000000001,1.3775100401606426,0.9939759036144578,-0.003021148036253793
2025-06-23,Terra,0.1371,0.1343,0.14550000000000002,1.065109695682944,0.9795918367346939,-0.01030927835051545
2025-06-24,Terra,0.0371,0.0349,0.057,1.6147308781869687,0.9913294797687863,-0.004354136429608051
2025-06-25,Terra,0.0201,0.014100000000000001,0.0371,1.8186274509803921,0.6865671641791046,-0.18584070796460173
2025-06-26,Terra,0.0533,0.0449,0.07350000000000001,1.378986866791745,0.8424015009380863,-0.08553971486761708
2025-06-27,Terra,0.028200000000000003,0.033100000000000004,0.0539,1.9243986254295533,1.173758865248227,0.07993474714518761
2025-06-28,Terra,0.0218,0.0201,0.0441,2.084070796460177,0.946188340807175,-0.027649769585253448
2025-06-29,Terra,0.0324,0.0262,0.0599,1.8896103896103895,0.8146964856230032,-0.10211267605633802
2025-06-30,Terra,0.019700000000000002,0.0117,0.0334,1.6943005181347148,0.605911330049261,-0.245398773006135
2025-07-02,Terra,0.030000000000000002,0.10930000000000001,0.0655,2.176271186440678,3.7560137457044673,0.5794797687861272
2025-07-03,Terra,0.1762,0.1749,0.188,1.0681818181818181,0.9937499999999999,-0.0031347962382445643
2025-07-05,Terra,0.0213,0.024,0.0488,2.2740384615384612,1.1382488479262673,0.0646551724137931
2025-07-07,Terra,0.0213,0.0188,0.0371,1.8319327731092436,0.9481132075471698,-0.02663438256658596
2025-07-09,Terra,0.0335,0.033600000000000005,0.0604,1.8698412698412699,1.0029850746268658,0.0014903129657228443
2025-07-10,Terra,0.015300000000000001,0.0064,0.0304,1.980891719745223,0.40522875816993464,-0.4232558139534884
2025-07-11,Terra,0.0495,0.0429,0.0658,1.3861386138613863,0.8712871287128713,-0.06878306878306877
2025-07-12,Terra,0.0205,0.0175,0.033,1.6230366492146595,0.8634146341463415,-0.07329842931937174
2025-07-14,Terra,0.0534,0.0461,0.0751,1.4027777777777777,0.8632958801498127,-0.07336683417085428
2025-07-16,Terra,0.0032,0.0056,0.0167,5.21875,1.75,0.2727272727272727
2025-07-17,Terra,0.0408,0.0313,0.062400000000000004,1.5288220551378446,0.7598039215686274,-0.13649025069637888
2025-07-18,Terra,0.0477,0.0356,0.0772,1.6184486373165619,0.7463312368972747,-0.1452581032412965
2025-07-19,Terra,0.018000000000000002,0.014100000000000001,0.037700000000000004,2.085308056872038,0.7833333333333333,-0.12149532710280375
2025-07-20,Terra,0.023,0.0179,0.042300000000000004,1.6964285714285712,0.7902439024390243,-0.11716621253406001
2025-07-21,Terra,0.027,0.020300000000000002,0.048600000000000004,1.7407407407407407,0.806338028169014,-0.1072124756335283
2025-07-22,Terra,0.0252,0.022600000000000002,0.044000000000000004,1.7341772151898733,0.928,-0.03734439834024895
2025-07-24,Terra,0.028300000000000002,0.023100000000000002,0.047,1.673469387755102,0.8351648351648352,-0.08982035928143713
2025-07-25,Terra,0.0219,0.0142,0.0385,1.850961538461538,0.6484018264840183,-0.21329639889196672
2025-07-26,Terra,0.019700000000000002,0.015700000000000002,0.0349,1.7277227722772275,0.8440860215053764,-0.0845481049562682
2025-07-27,Terra,0.0179,0.0108,0.031200000000000002,1.6666666666666667,0.5736842105263158,-0.2709030100334448
2025-07-28,Terra,0.1409,0.1379,0.1573,1.1163946061036196,0.985722784057109,-0.007189934092270778
2025-07-29,Terra,0.0206,0.0179,0.0345,1.6236559139784945,0.7718446601941747,-0.1287671232876712
2025-07-30,Terra,0.0216,0.0129,0.034300000000000004,1.6345177664974617,0.5972222222222222,-0.25217391304347825
2025-08-01,Terra,0.0201,0.0198,0.034300000000000004,1.7330097087378642,0.9900000000000001,-0.005025125628140673
2025-08-02,Terra,0.0298,0.030100000000000002,0.0529,1.6630434782608694,0.9654255319148936,-0.017591339648173242
2025-08-03,Terra,0.031900000000000005,0.026500000000000003,0.053700000000000005,1.7063492063492065,0.8307210031347962,-0.09246575342465756
2025-08-04,Terra,0.0188,0.0182,0.0413,2.1546391752577323,1.0104712041884816,0.005208333333333301
2025-08-05,Terra,0.0204,0.0247,0.0454,2.2058823529411766,1.2107843137254901,0.09534368070953432
2025-08-09,Terra,0.0229,0.020900000000000002,0.0432,1.728448275862069,0.8232758620689655,-0.09692671394799052
2025-08-10,Terra,0.0227,0.0189,0.0463,1.75092936802974,0.7268722466960352,-0.15816326530612246
2025-08-11,Terra,0.020300000000000002,0.0122,0.0333,1.6403940886699506,0.5842696629213483,-0.2624113475177305
2025-08-13,Terra,0.0257,0.0178,0.0455,1.7757009345794392,0.6953125,-0.1797235023041475
2025-08-14,Terra,0.0166,0.017,0.0342,2.1132075471698113,1.0,0.0
2025-08-15,Terra,0.031400000000000004,0.0361,0.056600000000000004,1.8428093645484949,1.2073578595317724,0.09393939393939389
2025-08-18,Terra,0.017,0.0205,0.0307,1.8058823529411765,1.1313131313131313,0.061611374407582895
