band1_red,band2_nir,band4_green,date,datetime,green_red_ratio,ndci,nir_red_ratio,sensor,time
0.0263,0.0077,0.0213,2011-01-20,2011-01-20 00:00:00,0.8098859315589353,-0.5470588235294117,0.29277566539923955,Aqua,00:00:00
0.0395,0.0162,0.039900000000000005,2011-01-27,2011-01-27 00:00:00,1.010126582278481,-0.4183123877917415,0.410126582278481,Aqua,00:00:00
0.039400000000000004,0.016300000000000002,0.040600000000000004,2011-01-28,2011-01-28 00:00:00,1.0304568527918783,-0.41681574239713776,0.41161616161616166,Aqua,00:00:00
0.053200000000000004,0.0236,0.0608,2011-01-30,2011-01-30 00:00:00,1.1428571428571428,-0.3854166666666667,0.44360902255639095,Aqua,00:00:00
0.0257,0.0061,0.0258,2011-02-01,2011-02-01 00:00:00,1.011764705882353,-0.6144578313253013,0.23880597014925373,Aqua,00:00:00
0.063,0.0316,0.0603,2011-02-07,2011-02-07 00:00:00,0.9571428571428571,-0.33264248704663224,0.5007776049766718,Aqua,00:00:00
0.0261,0.004,0.0286,2011-02-09,2011-02-09 00:00:00,1.108433734939759,-0.7366771159874607,0.1516245487364621,Aqua,00:00:00
0.0239,0.0046,0.023,2011-02-10,2011-02-10 00:00:00,0.9583333333333333,-0.6823529411764705,0.18881118881118883,Aqua,00:00:00
0.032600000000000004,0.0108,0.035500000000000004,2011-02-12,2011-02-12 00:00:00,1.0647058823529412,-0.5144766146993319,0.3205882352941176,Aqua,00:00:00
0.0758,0.030600000000000002,0.08270000000000001,2011-02-14,2011-02-14 00:00:00,1.091029023746702,-0.424812030075188,0.40369393139841686,Aqua,00:00:00
0.0584,0.0196,0.069,2011-02-20,2011-02-20 00:00:00,1.2093802345058626,-0.5056746532156368,0.3283082077051926,Aqua,00:00:00
0.0941,0.0476,0.0951,2011-03-02,2011-03-02 00:00:00,1.010626992561105,-0.32815808045165845,0.5058448459086079,Aqua,00:00:00
0.051800000000000006,0.0175,0.053200000000000004,2011-03-07,2011-03-07 00:00:00,1.047034764826176,-0.49494949494949503,0.33783783783783783,Aqua,00:00:00
0.062,0.0307,0.0692,2011-03-22,2011-03-22 00:00:00,1.1175496688741722,-0.3390742734122712,0.49356913183279744,Aqua,00:00:00
0.0361,0.008,0.040100000000000004,2011-03-31,2011-03-31 00:00:00,1.110803324099723,-0.6355353075170843,0.22284122562674094,Aqua,00:00:00
0.040600000000000004,0.0109,0.0425,2011-04-02,2011-04-02 00:00:00,1.0404761904761906,-0.5766990291262136,0.26847290640394084,Aqua,00:00:00
0.0339,0.0064,0.0324,2011-04-03,2011-04-03 00:00:00,0.9587020648967552,-0.6782178217821783,0.19174041297935104,Aqua,00:00:00
0.0402,0.010700000000000001,0.0438,2011-04-05,2011-04-05 00:00:00,1.1083123425692696,-0.58203125,0.26419753086419756,Aqua,00:00:00
0.0449,0.0212,0.0519,2011-04-11,2011-04-11 00:00:00,1.1382765531062125,-0.35987748851454826,0.47072072072072074,Aqua,00:00:00
0.0543,0.030500000000000003,0.0594,2011-04-12,2011-04-12 00:00:00,1.106060606060606,-0.2804733727810651,0.5619223659889094,Aqua,00:00:00
0.0392,0.014,0.044700000000000004,2011-04-13,2011-04-13 00:00:00,1.1282051282051284,-0.48571428571428577,0.34615384615384615,Aqua,00:00:00
0.0354,0.0118,0.039400000000000004,2011-04-18,2011-04-18 00:00:00,1.1225071225071226,-0.5072463768115942,0.3269230769230769,Aqua,00:00:00
0.0499,0.0325,0.0548,2011-04-19,2011-04-19 00:00:00,1.084313725490196,-0.17948717948717946,0.6956521739130436,Aqua,00:00:00
0.051500000000000004,0.0234,0.061000000000000006,2011-04-21,2011-04-21 00:00:00,1.2,-0.3751668891855808,0.45436893203883494,Aqua,00:00:00
0.20420000000000002,0.19340000000000002,0.2189,2011-04-25,2011-04-25 00:00:00,1.0719882468168462,-0.027162977867203224,0.9471106758080313,Aqua,00:00:00
0.039,0.0108,0.0443,2011-04-26,2011-04-26 00:00:00,1.1354166666666665,-0.5666003976143141,0.27664974619289334,Aqua,00:00:00
0.029,0.0064,0.0297,2011-04-27,2011-04-27 00:00:00,1.0271186440677966,-0.6388888888888888,0.22033898305084745,Aqua,00:00:00
0.0776,0.0412,0.0854,2011-04-28,2011-04-28 00:00:00,1.1095360824742269,-0.308144416456759,0.5288831835686778,Aqua,00:00:00
0.042300000000000004,0.015000000000000001,0.048,2011-04-30,2011-04-30 00:00:00,1.1131221719457014,-0.4764397905759163,0.3546099290780142,Aqua,00:00:00
0.049300000000000004,0.026500000000000003,0.0522,2011-05-01,2011-05-01 00:00:00,1.0593047034764829,-0.3005181347150259,0.5378486055776892,Aqua,00:00:00
0.0641,0.0397,0.0656,2011-05-03,2011-05-03 00:00:00,1.0234009360374414,-0.23656927426955707,0.6173780487804877,Aqua,00:00:00
0.029900000000000003,0.0085,0.0309,2011-05-04,2011-05-04 00:00:00,1.048951048951049,-0.5585106382978724,0.2832764505119454,Aqua,00:00:00
0.0648,0.0381,0.06810000000000001,2011-05-08,2011-05-08 00:00:00,1.0769230769230769,-0.26558005752636626,0.5803030303030303,Aqua,00:00:00
0.0483,0.0188,0.0545,2011-05-09,2011-05-09 00:00:00,1.1283643892339543,-0.4382022471910112,0.39062500000000006,Aqua,00:00:00
0.0333,0.009300000000000001,0.0364,2011-05-10,2011-05-10 00:00:00,1.093093093093093,-0.5623529411764705,0.2801204819277109,Aqua,00:00:00
0.0562,0.033800000000000004,0.0613,2011-05-12,2011-05-12 00:00:00,1.0806174957118353,-0.2537634408602151,0.595197255574614,Aqua,00:00:00
0.0536,0.019700000000000002,0.0659,2011-05-18,2011-05-18 00:00:00,1.2294776119402984,-0.47174770039421815,0.35892857142857143,Aqua,00:00:00
0.0704,0.048600000000000004,0.0731,2011-05-19,2011-05-19 00:00:00,1.0383522727272727,-0.18319327731092436,0.6903409090909091,Aqua,00:00:00
0.0368,0.0118,0.045200000000000004,2011-05-21,2011-05-21 00:00:00,1.2276422764227641,-0.5154004106776181,0.3197831978319783,Aqua,00:00:00
0.0381,0.0149,0.0449,2011-05-22,2011-05-22 00:00:00,1.188630490956072,-0.4223300970873787,0.4061433447098976,Aqua,00:00:00
0.02,0.00030000000000000003,0.027800000000000002,2011-05-23,2011-05-23 00:00:00,1.3900000000000001,-0.9704433497536944,0.015000000000000001,Aqua,00:00:00
0.0253,0.0044,0.030100000000000002,2011-06-07,2011-06-07 00:00:00,1.1839080459770115,-0.7103448275862068,0.16935483870967744,Aqua,00:00:00
0.0303,0.0088,0.0378,2011-06-08,2011-06-08 00:00:00,1.2440677966101694,-0.5498721227621483,0.29042904290429045,Aqua,00:00:00
0.0253,0.0043,0.030100000000000002,2011-06-09,2011-06-09 00:00:00,1.1906614785992218,-0.7032258064516129,0.17424242424242425,Aqua,00:00:00
0.0381,0.0591,0.031400000000000004,2011-06-12,2011-06-12 00:00:00,0.8241469816272966,0.21604938271604934,1.5511811023622046,Aqua,00:00:00
0.0386,0.0166,0.0455,2011-06-13,2011-06-13 00:00:00,1.1840000000000002,-0.3985507246376812,0.43005181347150256,Aqua,00:00:00
0.025400000000000002,0.0046,0.0317,2011-06-14,2011-06-14 00:00:00,1.2589641434262948,-0.6845637583892618,0.18725099601593626,Aqua,00:00:00
0.0285,0.0067,0.0359,2011-06-15,2011-06-15 00:00:00,1.2724014336917564,-0.6171428571428571,0.23674911660777384,Aqua,00:00:00
0.0257,0.0051,0.0308,2011-06-16,2011-06-16 00:00:00,1.2015209125475286,-0.6474358974358974,0.21400778210116733,Aqua,00:00:00
0.0285,0.0098,0.0379,2011-06-17,2011-06-17 00:00:00,1.315972222222222,-0.4922279792746114,0.34027777777777773,Aqua,00:00:00
0.0281,0.0063,0.0356,2011-06-19,2011-06-19 00:00:00,1.2685512367491165,-0.6337209302325582,0.22419928825622776,Aqua,00:00:00
0.0275,0.008700000000000001,0.0363,2011-06-20,2011-06-20 00:00:00,1.3152173913043477,-0.5164835164835165,0.3188405797101449,Aqua,00:00:00
0.0258,0.008400000000000001,0.0344,2011-06-22,2011-06-22 00:00:00,1.3176895306859207,-0.5300546448087432,0.30714285714285716,Aqua,00:00:00
0.0246,0.0049,0.0309,2011-06-23,2011-06-23 00:00:00,1.2531120331950207,-0.6677966101694917,0.1991869918699187,Aqua,00:00:00
0.0256,0.0094,0.034800000000000005,2011-06-24,2011-06-24 00:00:00,1.3968871595330739,-0.45671641791044776,0.3729508196721311,Aqua,00:00:00
0.0244,0.01,0.0344,2011-06-26,2011-06-26 00:00:00,1.4388185654008436,-0.3954983922829582,0.43317972350230416,Aqua,00:00:00
0.019700000000000002,0.006,0.0297,2011-06-30,2011-06-30 00:00:00,1.4776119402985075,-0.5219123505976095,0.3141361256544502,Aqua,00:00:00
0.0221,0.007200000000000001,0.0309,2011-07-01,2011-07-01 00:00:00,1.4147465437788018,-0.5017301038062283,0.3317972350230415,Aqua,00:00:00
0.018600000000000002,0.0063,0.0245,2011-07-02,2011-07-02 00:00:00,1.315217391304348,-0.5,0.3333333333333333,Aqua,00:00:00
0.0216,0.0082,0.032100000000000004,2011-07-03,2011-07-03 00:00:00,1.4892703862660943,-0.44966442953020136,0.37962962962962965,Aqua,00:00:00
0.0206,0.0068000000000000005,0.0304,2011-07-04,2011-07-04 00:00:00,1.4876847290640394,-0.49629629629629635,0.3366336633663366,Aqua,00:00:00
0.0227,0.0106,0.034800000000000005,2011-07-05,2011-07-05 00:00:00,1.5219298245614035,-0.3671641791044776,0.462882096069869,Aqua,00:00:00
0.021,0.008400000000000001,0.033100000000000004,2011-07-06,2011-07-06 00:00:00,1.543778801843318,-0.4305084745762711,0.39810426540284366,Aqua,00:00:00
0.023700000000000002,0.0082,0.0332,2011-07-07,2011-07-07 00:00:00,1.4305555555555556,-0.47112462006079026,0.359504132231405,Aqua,00:00:00
0.028200000000000003,0.015600000000000001,0.040100000000000004,2011-07-08,2011-07-08 00:00:00,1.4070175438596493,-0.30434782608695654,0.5333333333333333,Aqua,00:00:00
0.021500000000000002,0.0117,0.0368,2011-07-09,2011-07-09 00:00:00,1.6127659574468087,-0.309192200557103,0.5276595744680852,Aqua,00:00:00
0.0316,0.0309,0.0458,2011-07-10,2011-07-10 00:00:00,1.4100000000000001,-0.04532577903682722,0.9132791327913279,Aqua,00:00:00
0.027100000000000003,0.0234,0.051000000000000004,2011-07-14,2011-07-14 00:00:00,1.92,-0.058823529411764684,0.888888888888889,Aqua,00:00:00
0.023100000000000002,0.023100000000000002,0.0442,2011-07-20,2011-07-20 00:00:00,1.9385964912280702,0.004347826086956571,1.0087336244541485,Aqua,00:00:00
0.0187,0.0171,0.0373,2011-07-21,2011-07-21 00:00:00,1.994652406417112,-0.04469273743016762,0.9144385026737968,Aqua,00:00:00
0.023200000000000002,0.0603,0.0476,2011-07-22,2011-07-22 00:00:00,2.0943396226415096,0.4425837320574162,2.5879828326180254,Aqua,00:00:00
0.023,0.0145,0.0403,2011-07-23,2011-07-23 00:00:00,1.7387755102040816,-0.19444444444444445,0.6744186046511628,Aqua,00:00:00
0.0252,0.0264,0.0454,2011-07-24,2011-07-24 00:00:00,1.7461538461538462,-0.045207956600361705,0.9134948096885812,Aqua,00:00:00
0.0296,0.029500000000000002,0.0521,2011-07-26,2011-07-26 00:00:00,1.8808664259927796,0.03146853146853146,1.0649819494584838,Aqua,00:00:00
0.025500000000000002,0.0149,0.0417,2011-07-27,2011-07-27 00:00:00,1.6352941176470588,-0.2921615201900238,0.5477941176470588,Aqua,00:00:00
0.023700000000000002,0.0189,0.0408,2011-07-28,2011-07-28 00:00:00,1.6624472573839664,-0.12354312354312352,0.7800829875518672,Aqua,00:00:00
0.025400000000000002,0.0118,0.0393,2011-07-29,2011-07-29 00:00:00,1.5551181102362204,-0.38219895287958117,0.44696969696969696,Aqua,00:00:00
0.0229,0.0148,0.0385,2011-07-30,2011-07-30 00:00:00,1.6401673640167362,-0.220253164556962,0.6390041493775934,Aqua,00:00:00
0.0262,0.0126,0.0393,2011-07-31,2011-07-31 00:00:00,1.5,-0.3505154639175258,0.4809160305343511,Aqua,00:00:00
0.0221,0.013800000000000002,0.034300000000000004,2011-08-01,2011-08-01 00:00:00,1.5627906976744188,-0.23119777158774374,0.6244343891402715,Aqua,00:00:00
0.0217,0.0159,0.0349,2011-08-02,2011-08-02 00:00:00,1.6227272727272726,-0.16042780748663096,0.7235023041474655,Aqua,00:00:00
0.0212,0.0111,0.0345,2011-08-03,2011-08-03 00:00:00,1.574660633484163,-0.3392857142857143,0.4933333333333333,Aqua,00:00:00
0.0413,0.030600000000000002,0.0664,2011-08-04,2011-08-04 00:00:00,1.6077481840193704,-0.14881780250347706,0.7409200968523002,Aqua,00:00:00
0.028300000000000002,0.0172,0.0439,2011-08-05,2011-08-05 00:00:00,1.5467625899280575,-0.2711864406779661,0.5733333333333333,Aqua,00:00:00
0.028800000000000003,0.0151,0.043500000000000004,2011-08-06,2011-08-06 00:00:00,1.5068027210884352,-0.32134831460674157,0.5136054421768708,Aqua,00:00:00
0.0308,0.0146,0.043500000000000004,2011-08-07,2011-08-07 00:00:00,1.4123376623376624,-0.35682819383259906,0.474025974025974,Aqua,00:00:00
0.027800000000000002,0.015300000000000001,0.040600000000000004,2011-08-08,2011-08-08 00:00:00,1.4405594405594406,-0.28741092636579574,0.5535055350553505,Aqua,00:00:00
0.020200000000000003,0.0098,0.0291,2011-08-09,2011-08-09 00:00:00,1.4351851851851851,-0.36774193548387096,0.46226415094339623,Aqua,00:00:00
0.0194,0.014100000000000001,0.030000000000000002,2011-08-10,2011-08-10 00:00:00,1.5306122448979593,-0.16320474777448066,0.7193877551020409,Aqua,00:00:00
0.0228,0.0195,0.0386,2011-08-11,2011-08-11 00:00:00,1.7464788732394367,-0.04411764705882351,0.9154929577464789,Aqua,00:00:00
0.02,0.0079,0.0297,2011-08-12,2011-08-12 00:00:00,1.5309278350515463,-0.4336917562724014,0.395,Aqua,00:00:00
0.0234,0.013300000000000001,0.038400000000000004,2011-08-13,2011-08-13 00:00:00,1.6410256410256412,-0.2752043596730245,0.5683760683760684,Aqua,00:00:00
0.0219,0.0134,0.036500000000000005,2011-08-15,2011-08-15 00:00:00,1.6367713004484308,-0.23782234957020057,0.6157407407407408,Aqua,00:00:00
0.0188,0.0164,0.0334,2011-08-16,2011-08-16 00:00:00,1.7384615384615385,-0.06051873198847255,0.8858695652173915,Aqua,00:00:00
0.0236,0.009000000000000001,0.0361,2011-08-17,2011-08-17 00:00:00,1.5502183406113539,-0.44051446945337613,0.3883928571428572,Aqua,00:00:00
0.0217,0.022000000000000002,0.040100000000000004,2011-08-18,2011-08-18 00:00:00,1.847926267281106,0.016166281755196365,1.0328638497652582,Aqua,00:00:00
0.020200000000000003,0.012100000000000001,0.0316,2011-08-19,2011-08-19 00:00:00,1.569377990430622,-0.2571428571428572,0.5909090909090908,Aqua,00:00:00
0.0334,0.0261,0.0526,2011-08-20,2011-08-20 00:00:00,1.595808383233533,-0.12268907563025207,0.7814371257485031,Aqua,00:00:00
0.025900000000000003,0.011600000000000001,0.037000000000000005,2011-08-21,2011-08-21 00:00:00,1.4396887159533076,-0.3780160857908847,0.45136186770428016,Aqua,00:00:00
0.025,0.0217,0.0448,2011-08-22,2011-08-22 00:00:00,1.6592592592592592,-0.05446623093681922,0.896694214876033,Aqua,00:00:00
0.019100000000000002,0.0132,0.0371,2011-08-23,2011-08-23 00:00:00,1.9777777777777776,-0.19135802469135804,0.6787564766839378,Aqua,00:00:00
0.0375,0.0322,0.061000000000000006,2011-08-24,2011-08-24 00:00:00,1.5565476190476188,-0.0916844349680171,0.8320312499999999,Aqua,00:00:00
0.0257,0.0114,0.0415,2011-08-25,2011-08-25 00:00:00,1.6136363636363635,-0.3891891891891891,0.43968871595330744,Aqua,00:00:00
0.019700000000000002,0.009000000000000001,0.0354,2011-08-26,2011-08-26 00:00:00,1.705607476635514,-0.40789473684210525,0.4205607476635514,Aqua,00:00:00
0.0252,0.018600000000000002,0.0448,2011-08-27,2011-08-27 00:00:00,1.776470588235294,-0.1564625850340136,0.7294117647058824,Aqua,00:00:00
0.023200000000000002,0.0128,0.0376,2011-08-28,2011-08-28 00:00:00,1.6206896551724137,-0.2888888888888889,0.5517241379310345,Aqua,00:00:00
0.0258,0.0158,0.0441,2011-08-29,2011-08-29 00:00:00,1.7030075187969924,-0.24038461538461536,0.6124031007751939,Aqua,00:00:00
0.0198,0.0089,0.034300000000000004,2011-08-30,2011-08-30 00:00:00,1.7127659574468084,-0.37543859649122807,0.45408163265306123,Aqua,00:00:00
0.0302,0.0218,0.0483,2011-09-01,2011-09-01 00:00:00,1.5978260869565215,-0.16153846153846155,0.7218543046357616,Aqua,00:00:00
0.015000000000000001,0.0115,0.029300000000000003,2011-09-02,2011-09-02 00:00:00,1.815068493150685,-0.13207547169811323,0.7666666666666666,Aqua,00:00:00
0.023200000000000002,0.0109,0.0361,2011-09-03,2011-09-03 00:00:00,1.5232067510548521,-0.3699421965317919,0.4599156118143459,Aqua,00:00:00
0.0224,0.009300000000000001,0.031200000000000002,2011-09-04,2011-09-04 00:00:00,1.3866666666666665,-0.3694915254237288,0.46039603960396036,Aqua,00:00:00
0.0227,0.0111,0.035300000000000005,2011-09-05,2011-09-05 00:00:00,1.616822429906542,-0.3443708609271523,0.4876847290640394,Aqua,00:00:00
0.0199,0.007500000000000001,0.028300000000000002,2011-09-06,2011-09-06 00:00:00,1.3930348258706469,-0.47014925373134325,0.36040609137055835,Aqua,00:00:00
0.0402,0.0322,0.0546,2011-09-07,2011-09-07 00:00:00,1.3582089552238807,-0.11049723756906078,0.8009950248756219,Aqua,00:00:00
0.0269,0.0167,0.04,2011-09-08,2011-09-08 00:00:00,1.5222156682533368,-0.1428571428571429,0.7499999999999999,Aqua,00:00:00
0.0095,0.0172,0.0329,2011-09-12,2011-09-12 00:00:00,3.463157894736842,0.2883895131086142,1.8105263157894738,Aqua,00:00:00
0.0234,0.015300000000000001,0.0367,2011-09-13,2011-09-13 00:00:00,1.5327868852459017,-0.21243523316062177,0.6495726495726496,Aqua,00:00:00
0.0196,0.012100000000000001,0.030000000000000002,2011-09-16,2011-09-16 00:00:00,1.5129533678756475,-0.23659305993690846,0.6173469387755103,Aqua,00:00:00
0.0123,0.0058000000000000005,0.019100000000000002,2011-09-18,2011-09-18 00:00:00,1.5528455284552847,-0.35195530726256985,0.47933884297520657,Aqua,00:00:00
0.020300000000000002,0.015300000000000001,0.0315,2011-09-19,2011-09-19 00:00:00,1.55,-0.11560693641618495,0.7927461139896373,Aqua,00:00:00
0.013600000000000001,0.007200000000000001,0.0189,2011-09-20,2011-09-20 00:00:00,1.4042553191489362,-0.3055555555555556,0.5319148936170213,Aqua,00:00:00
0.0286,0.0196,0.038900000000000004,2011-09-21,2011-09-21 00:00:00,1.332089552238806,-0.16270566727605124,0.720125786163522,Aqua,00:00:00
0.0199,0.0103,0.027100000000000003,2011-09-23,2011-09-23 00:00:00,1.4000000000000001,-0.32450331125827814,0.51,Aqua,00:00:00
0.0128,0.005200000000000001,0.019700000000000002,2011-09-26,2011-09-26 00:00:00,1.4137931034482758,-0.42222222222222217,0.40625000000000006,Aqua,00:00:00
0.0132,0.004200000000000001,0.0196,2011-09-27,2011-09-27 00:00:00,1.4692307692307693,-0.52046783625731,0.3153846153846154,Aqua,00:00:00
0.0187,0.005200000000000001,0.0253,2011-09-28,2011-09-28 00:00:00,1.3605769230769231,-0.5677966101694916,0.27567567567567564,Aqua,00:00:00
0.017400000000000002,0.0067,0.0234,2011-09-29,2011-09-29 00:00:00,1.3092105263157896,-0.4488188976377953,0.3804347826086957,Aqua,00:00:00
0.014,0.0045000000000000005,0.0167,2011-10-08,2011-10-08 00:00:00,1.1690140845070423,-0.5280898876404494,0.3088235294117647,Aqua,00:00:00
0.0427,0.024900000000000002,0.0582,2011-10-09,2011-10-09 00:00:00,1.3741648106904232,-0.26685393258426965,0.5787139689578714,Aqua,00:00:00
0.027200000000000002,0.010700000000000001,0.0341,2011-10-11,2011-10-11 00:00:00,1.2481481481481482,-0.44385026737967903,0.38518518518518524,Aqua,00:00:00
0.028800000000000003,0.0148,0.0359,2011-10-13,2011-10-13 00:00:00,1.2465277777777777,-0.3317535545023696,0.501779359430605,Aqua,00:00:00
0.0196,0.00030000000000000003,0.029500000000000002,2011-10-16,2011-10-16 00:00:00,1.5051020408163267,-0.9698492462311556,0.015306122448979593,Aqua,00:00:00
0.0173,0.0034000000000000002,0.0194,2011-10-17,2011-10-17 00:00:00,1.1294117647058823,-0.6666666666666666,0.2,Aqua,00:00:00
0.019,0.0047,0.0245,2011-10-18,2011-10-18 00:00:00,1.2894736842105263,-0.6170212765957447,0.23684210526315794,Aqua,00:00:00
0.0229,0.0078000000000000005,0.029,2011-10-19,2011-10-19 00:00:00,1.2432432432432434,-0.48514851485148514,0.3466666666666666,Aqua,00:00:00
0.027100000000000003,0.0115,0.0339,2011-10-21,2011-10-21 00:00:00,1.2527472527472527,-0.4072164948453609,0.4212454212454212,Aqua,00:00:00
0.0177,0.0038,0.0212,2011-10-22,2011-10-22 00:00:00,1.2247191011235956,-0.6517857142857143,0.2108108108108108,Aqua,00:00:00
0.0342,0.0149,0.039,2011-10-24,2011-10-24 00:00:00,1.1497175141242937,-0.38983050847457623,0.43902439024390244,Aqua,00:00:00
0.0341,0.0129,0.040600000000000004,2011-10-25,2011-10-25 00:00:00,1.1906158357771264,-0.4488517745302715,0.38040345821325644,Aqua,00:00:00
0.0275,0.0079,0.0344,2011-10-26,2011-10-26 00:00:00,1.2464285714285714,-0.5536723163841808,0.2872727272727273,Aqua,00:00:00
0.046,0.038400000000000004,0.052700000000000004,2011-10-27,2011-10-27 00:00:00,1.1443514644351465,-0.10843373493975896,0.8043478260869567,Aqua,00:00:00
0.0228,0.0043,0.030600000000000002,2011-10-29,2011-10-29 00:00:00,1.3333333333333333,-0.6857142857142856,0.1864406779661017,Aqua,00:00:00
0.0256,0.0057,0.0317,2011-10-31,2011-10-31 00:00:00,1.2392156862745098,-0.6387096774193548,0.22047244094488186,Aqua,00:00:00
0.06760000000000001,0.0543,0.0726,2011-11-01,2011-11-01 00:00:00,1.0927357032457494,-0.10592160133444534,0.808446455505279,Aqua,00:00:00
0.0246,0.006200000000000001,0.031,2011-11-02,2011-11-02 00:00:00,1.2589641434262948,-0.5942028985507246,0.2545454545454545,Aqua,00:00:00
0.0461,0.014,0.06430000000000001,2011-11-04,2011-11-04 00:00:00,1.3947939262472886,-0.5341098169717139,0.3036876355748373,Aqua,00:00:00
0.058300000000000005,0.0386,0.0636,2011-11-12,2011-11-12 00:00:00,1.1122159090909092,-0.20901639344262296,0.6542372881355932,Aqua,00:00:00
0.044700000000000004,0.0158,0.0536,2011-11-14,2011-11-14 00:00:00,1.2165178571428572,-0.47768595041322315,0.3534675615212528,Aqua,00:00:00
0.056,0.0183,0.0673,2011-11-19,2011-11-19 00:00:00,1.2017857142857142,-0.5074024226110363,0.3267857142857143,Aqua,00:00:00
0.042300000000000004,0.0067,0.041800000000000004,2011-11-25,2011-11-25 00:00:00,0.9597457627118644,-0.7241379310344828,0.16,Aqua,00:00:00
0.0398,0.0061,0.045200000000000004,2011-11-28,2011-11-28 00:00:00,1.135678391959799,-0.7288135593220338,0.1568627450980392,Aqua,00:00:00
0.0285,0.008700000000000001,0.0339,2011-11-29,2011-11-29 00:00:00,1.1894736842105262,-0.5322580645161289,0.30526315789473685,Aqua,00:00:00
0.037000000000000005,0.0067,0.0367,2011-11-30,2011-11-30 00:00:00,0.9918918918918919,-0.6912442396313364,0.18256130790190733,Aqua,00:00:00
0.056400000000000006,0.0134,0.061200000000000004,2011-12-01,2011-12-01 00:00:00,1.1028368794326242,-0.6160458452722063,0.23758865248226949,Aqua,00:00:00
0.0375,0.007500000000000001,0.041,2011-12-02,2011-12-02 00:00:00,1.0829145728643215,-0.6736596736596737,0.19498607242339833,Aqua,00:00:00
0.043500000000000004,0.0119,0.0468,2011-12-03,2011-12-03 00:00:00,1.0960187353629975,-0.573236889692586,0.2712643678160919,Aqua,00:00:00
0.0332,0.007200000000000001,0.0333,2011-12-04,2011-12-04 00:00:00,1.0026954177897576,-0.6542553191489362,0.2090032154340836,Aqua,00:00:00
0.0344,0.0056,0.0391,2011-12-05,2011-12-05 00:00:00,1.1366279069767442,-0.7170731707317074,0.16477272727272727,Aqua,00:00:00
0.0344,0.0056,0.039400000000000004,2011-12-06,2011-12-06 00:00:00,1.1074626865671642,-0.728643216080402,0.1569767441860465,Aqua,00:00:00
0.0368,0.008700000000000001,0.0419,2011-12-07,2011-12-07 00:00:00,1.1274787535410764,-0.6081081081081081,0.24369747899159666,Aqua,00:00:00
0.0502,0.0145,0.0575,2011-12-08,2011-12-08 00:00:00,1.1416122004357299,-0.5517774343122102,0.28884462151394424,Aqua,00:00:00
0.038200000000000005,0.009000000000000001,0.0414,2011-12-09,2011-12-09 00:00:00,1.1222222222222222,-0.6070038910505837,0.24455205811138014,Aqua,00:00:00
0.0599,0.0221,0.0629,2011-12-12,2011-12-12 00:00:00,1.052910052910053,-0.4599483204134367,0.36991150442477877,Aqua,00:00:00
0.058300000000000005,0.0159,0.0658,2012-01-02,2012-01-02 00:00:00,1.1320754716981132,-0.5714285714285715,0.2727272727272727,Aqua,00:00:00
0.0308,0.0036000000000000003,0.0354,2012-01-03,2012-01-03 00:00:00,1.1745454545454546,-0.7901639344262295,0.11721611721611722,Aqua,00:00:00
0.031200000000000002,0.007200000000000001,0.0424,2012-01-06,2012-01-06 00:00:00,1.3782051282051282,-0.6173469387755102,0.23659305993690855,Aqua,00:00:00
0.0441,0.0281,0.0546,2012-01-08,2012-01-08 00:00:00,1.2380952380952381,-0.22268326417704015,0.6357466063348416,Aqua,00:00:00
0.0328,0.0125,0.0419,2012-01-12,2012-01-12 00:00:00,1.2568807339449544,-0.4444444444444445,0.3846153846153846,Aqua,00:00:00
0.025400000000000002,0.0026000000000000003,0.034300000000000004,2012-01-13,2012-01-13 00:00:00,1.3597122302158273,-0.7950530035335689,0.11417322834645668,Aqua,00:00:00
0.029900000000000003,0.0054,0.040100000000000004,2012-01-14,2012-01-14 00:00:00,1.3562091503267975,-0.6974789915966385,0.17821782178217824,Aqua,00:00:00
0.0512,0.021500000000000002,0.0679,2012-01-16,2012-01-16 00:00:00,1.326171875,-0.40852819807427787,0.419921875,Aqua,00:00:00
0.0247,0.0026000000000000003,0.0324,2012-02-02,2012-02-02 00:00:00,1.2954545454545454,-0.8028169014084506,0.109375,Aqua,00:00:00
0.0251,0.0027,0.029900000000000003,2012-02-03,2012-02-03 00:00:00,1.1912350597609562,-0.8057553956834532,0.10756972111553785,Aqua,00:00:00
0.032100000000000004,0.0066,0.043000000000000003,2012-02-05,2012-02-05 00:00:00,1.3395638629283488,-0.6683417085427135,0.19879518072289157,Aqua,00:00:00
0.0333,0.005200000000000001,0.0471,2012-02-06,2012-02-06 00:00:00,1.3765822784810127,-0.7311827956989247,0.15527950310559008,Aqua,00:00:00
0.0251,0.004,0.029300000000000003,2012-02-11,2012-02-11 00:00:00,1.1967213114754098,-0.7491289198606272,0.14342629482071714,Aqua,00:00:00
0.04,0.0102,0.0495,2012-02-15,2012-02-15 00:00:00,1.1685912240184755,-0.5930232558139534,0.2554744525547445,Aqua,00:00:00
0.0378,0.0081,0.049300000000000004,2012-02-18,2012-02-18 00:00:00,1.3042328042328044,-0.6508620689655173,0.2114882506527415,Aqua,00:00:00
0.056100000000000004,0.0246,0.07060000000000001,2012-02-19,2012-02-19 00:00:00,1.2392857142857143,-0.3948717948717949,0.43382352941176466,Aqua,00:00:00
0.036000000000000004,0.0035,0.0444,2012-02-23,2012-02-23 00:00:00,1.1972602739726026,-0.8210526315789474,0.09826589595375723,Aqua,00:00:00
0.040600000000000004,0.0059,0.0485,2012-02-24,2012-02-24 00:00:00,1.1945812807881773,-0.7456896551724137,0.145679012345679,Aqua,00:00:00
0.0853,0.0363,0.0921,2012-03-01,2012-03-01 00:00:00,1.073856975381008,-0.40686274509803927,0.4216027874564459,Aqua,00:00:00
0.055,0.023,0.0574,2012-03-03,2012-03-03 00:00:00,1.0436363636363637,-0.41025641025641024,0.41818181818181815,Aqua,00:00:00
0.07050000000000001,0.027200000000000002,0.0761,2012-03-04,2012-03-04 00:00:00,1.079432624113475,-0.44319344933469806,0.38581560283687943,Aqua,00:00:00
0.0504,0.010400000000000001,0.0521,2012-03-07,2012-03-07 00:00:00,1.0276243093922652,-0.6632302405498283,0.20247933884297517,Aqua,00:00:00
0.0753,0.046900000000000004,0.0818,2012-03-08,2012-03-08 00:00:00,1.0863213811420982,-0.23240589198036007,0.6228419654714475,Aqua,00:00:00
0.0499,0.0094,0.054900000000000004,2012-03-09,2012-03-09 00:00:00,1.1046277665995976,-0.6854700854700855,0.1866125760649087,Aqua,00:00:00
0.0713,0.0234,0.0796,2012-03-17,2012-03-17 00:00:00,1.1122159090909092,-0.5122950819672131,0.3224932249322493,Aqua,00:00:00
0.07740000000000001,0.0318,0.0823,2012-03-18,2012-03-18 00:00:00,1.0526960784313726,-0.4315789473684211,0.39705882352941174,Aqua,00:00:00
0.0644,0.0196,0.0674,2012-03-23,2012-03-23 00:00:00,1.0568181818181819,-0.5242603550295858,0.31211180124223603,Aqua,00:00:00
0.0597,0.0196,0.0574,2012-03-28,2012-03-28 00:00:00,0.950530035335689,-0.508641975308642,0.32569558101472995,Aqua,00:00:00
0.0613,0.0221,0.061200000000000004,2012-04-02,2012-04-02 00:00:00,0.9983686786296901,-0.466183574879227,0.3640856672158155,Aqua,00:00:00
0.048600000000000004,0.0111,0.0523,2012-04-20,2012-04-20 00:00:00,1.0859538784067087,-0.627287853577371,0.22903885480572597,Aqua,00:00:00
0.048,0.009600000000000001,0.0502,2012-04-21,2012-04-21 00:00:00,1.0512295081967213,-0.665529010238908,0.20081967213114751,Aqua,00:00:00
0.054,0.0244,0.0574,2012-04-24,2012-04-24 00:00:00,1.052901023890785,-0.3685636856368564,0.4613861386138614,Aqua,00:00:00
0.068,0.0354,0.0747,2012-04-28,2012-04-28 00:00:00,1.0985294117647058,-0.3140096618357488,0.5220588235294118,Aqua,00:00:00
0.038400000000000004,0.0167,0.0385,2012-04-29,2012-04-29 00:00:00,1.0133689839572193,-0.3996316758747697,0.4289473684210527,Aqua,00:00:00
0.0442,0.015700000000000002,0.046200000000000005,2012-05-01,2012-05-01 00:00:00,1.0551558752997603,-0.47088186356073214,0.3597285067873303,Aqua,00:00:00
0.0335,0.0117,0.034800000000000005,2012-05-06,2012-05-06 00:00:00,1.0388059701492538,-0.48888888888888893,0.34328358208955223,Aqua,00:00:00
0.037700000000000004,0.0102,0.0393,2012-05-07,2012-05-07 00:00:00,1.0452127659574468,-0.575875486381323,0.2691358024691358,Aqua,00:00:00
0.037700000000000004,0.010400000000000001,0.0402,2012-05-08,2012-05-08 00:00:00,1.0731707317073171,-0.5635491606714629,0.2791411042944785,Aqua,00:00:00
0.0456,0.0205,0.0509,2012-05-09,2012-05-09 00:00:00,1.096153846153846,-0.38041733547351525,0.44883720930232557,Aqua,00:00:00
0.0456,0.018000000000000002,0.0482,2012-05-10,2012-05-10 00:00:00,1.053763440860215,-0.43354430379746833,0.3951434878587196,Aqua,00:00:00
0.034300000000000004,0.0148,0.0378,2012-05-11,2012-05-11 00:00:00,1.0631868131868132,-0.40255009107468115,0.425974025974026,Aqua,00:00:00
0.0342,0.0129,0.036500000000000005,2012-05-12,2012-05-12 00:00:00,1.0623441396508726,-0.45531914893617026,0.3742690058479532,Aqua,00:00:00
0.0327,0.0082,0.036000000000000004,2012-05-13,2012-05-13 00:00:00,1.0975609756097562,-0.6000000000000001,0.25,Aqua,00:00:00
0.048400000000000006,0.023700000000000002,0.055200000000000006,2012-05-14,2012-05-14 00:00:00,1.129979035639413,-0.35380835380835385,0.47731397459165154,Aqua,00:00:00
0.028800000000000003,0.0082,0.0334,2012-05-15,2012-05-15 00:00:00,1.1514195583596216,-0.5567567567567567,0.2847222222222222,Aqua,00:00:00
0.032600000000000004,0.0115,0.038700000000000005,2012-05-16,2012-05-16 00:00:00,1.2050473186119877,-0.46976744186046515,0.36075949367088606,Aqua,00:00:00
0.0383,0.014400000000000001,0.0446,2012-05-17,2012-05-17 00:00:00,1.1619537275064267,-0.45098039215686286,0.37837837837837834,Aqua,00:00:00
0.0487,0.0351,0.057600000000000005,2012-05-18,2012-05-18 00:00:00,1.182751540041068,-0.162291169451074,0.7207392197125256,Aqua,00:00:00
0.1675,0.1598,0.19010000000000002,2012-05-22,2012-05-22 00:00:00,1.1349253731343285,-0.023525817293003397,0.9540298507462686,Aqua,00:00:00
0.040600000000000004,0.0246,0.0505,2012-05-23,2012-05-23 00:00:00,1.2438423645320196,-0.245398773006135,0.605911330049261,Aqua,00:00:00
0.10655,0.07955000000000001,0.10940000000000001,2012-05-26,2012-05-26 00:00:00,1.1385281385281385,-0.14360041623309058,0.748862602365787,Aqua,00:00:00
0.026000000000000002,0.0058000000000000005,0.032,2012-05-30,2012-05-30 00:00:00,1.2316602316602316,-0.6300940438871473,0.2269230769230769,Aqua,00:00:00
0.02,0.0033,0.023100000000000002,2012-05-31,2012-05-31 00:00:00,1.145077720207254,-0.7164179104477612,0.16521739130434782,Aqua,00:00:00
0.023700000000000002,0.0053,0.0292,2012-06-01,2012-06-01 00:00:00,1.2242152466367713,-0.6336996336996337,0.2242152466367713,Aqua,00:00:00
0.0449,0.027600000000000003,0.047,2012-06-02,2012-06-02 00:00:00,1.0467706013363027,-0.23862068965517239,0.6146993318485524,Aqua,00:00:00
0.038200000000000005,0.011600000000000001,0.0483,2012-06-05,2012-06-05 00:00:00,1.2617801047120418,-0.5372233400402414,0.3010471204188481,Aqua,00:00:00
0.027200000000000002,0.0058000000000000005,0.0335,2012-06-06,2012-06-06 00:00:00,1.2264150943396226,-0.6459627329192547,0.2150943396226415,Aqua,00:00:00
0.0627,0.0357,0.0713,2012-06-08,2012-06-08 00:00:00,1.1371610845295055,-0.274390243902439,0.569377990430622,Aqua,00:00:00
0.026500000000000003,0.0048000000000000004,0.030600000000000002,2012-06-09,2012-06-09 00:00:00,1.151291512915129,-0.6932907348242813,0.1811320754716981,Aqua,00:00:00
0.0269,0.0055000000000000005,0.0335,2012-06-10,2012-06-10 00:00:00,1.2453531598513012,-0.6604938271604939,0.20446096654275095,Aqua,00:00:00
0.0458,0.0317,0.051500000000000004,2012-06-11,2012-06-11 00:00:00,1.1244541484716157,-0.18193548387096775,0.6921397379912664,Aqua,00:00:00
0.12810000000000002,0.1095,0.12890000000000001,2012-06-13,2012-06-13 00:00:00,1.013270882123341,-0.07944514501891557,0.8528037383177569,Aqua,00:00:00
0.026500000000000003,0.006,0.0313,2012-06-14,2012-06-14 00:00:00,1.1777777777777778,-0.6345514950166112,0.22357723577235775,Aqua,00:00:00
0.0322,0.013000000000000001,0.035500000000000004,2012-06-17,2012-06-17 00:00:00,1.1166666666666667,-0.4129158512720157,0.41551246537396125,Aqua,00:00:00
0.048100000000000004,0.0247,0.0449,2012-06-18,2012-06-18 00:00:00,0.9334719334719335,-0.32142857142857145,0.5135135135135135,Aqua,00:00:00
0.027,0.007200000000000001,0.034,2012-06-19,2012-06-19 00:00:00,1.2669039145907472,-0.5743440233236152,0.27037037037037037,Aqua,00:00:00
0.023200000000000002,0.0041,0.0273,2012-06-20,2012-06-20 00:00:00,1.1711711711711712,-0.7124183006535947,0.16793893129770993,Aqua,00:00:00
0.008,0.0086,0.014100000000000001,2012-06-21,2012-06-21 00:00:00,1.7625000000000002,0.036144578313253004,1.075,Aqua,00:00:00
0.0362,0.020200000000000003,0.051300000000000005,2012-06-26,2012-06-26 00:00:00,1.425414364640884,-0.28440366972477066,0.557142857142857,Aqua,00:00:00
0.0217,0.006500000000000001,0.0285,2012-06-27,2012-06-27 00:00:00,1.304147465437788,-0.5422535211267605,0.29680365296803657,Aqua,00:00:00
0.0218,0.0085,0.0332,2012-07-02,2012-07-02 00:00:00,1.5291479820627802,-0.43812709030100333,0.3906976744186047,Aqua,00:00:00
0.0195,0.013000000000000001,0.032100000000000004,2012-07-03,2012-07-03 00:00:00,1.6461538461538463,-0.19999999999999996,0.6666666666666667,Aqua,00:00:00
0.0189,0.0105,0.030000000000000002,2012-07-04,2012-07-04 00:00:00,1.5706806282722512,-0.2937293729372937,0.5459183673469389,Aqua,00:00:00
0.0368,0.026000000000000002,0.059500000000000004,2012-07-05,2012-07-05 00:00:00,1.6168478260869568,-0.17011128775834655,0.7092391304347827,Aqua,00:00:00
0.0349,0.0247,0.051300000000000005,2012-07-06,2012-07-06 00:00:00,1.4326647564469914,-0.18578352180937,0.6866485013623977,Aqua,00:00:00
0.0257,0.0267,0.0463,2012-07-07,2012-07-07 00:00:00,1.801556420233463,0.02298850574712643,1.0470588235294118,Aqua,00:00:00
0.027200000000000002,0.016800000000000002,0.049600000000000005,2012-07-08,2012-07-08 00:00:00,1.8566037735849055,-0.23636363636363633,0.6176470588235294,Aqua,00:00:00
0.0279,0.0176,0.047900000000000005,2012-07-09,2012-07-09 00:00:00,1.6968641114982579,-0.22637362637362637,0.6308243727598566,Aqua,00:00:00
0.030100000000000002,0.0403,0.0526,2012-07-11,2012-07-11 00:00:00,1.725085910652921,0.1465149359886202,1.3433333333333333,Aqua,00:00:00
0.037700000000000004,0.0354,0.06720000000000001,2012-07-12,2012-07-12 00:00:00,1.7824933687002653,-0.02613480055020631,0.9490616621983915,Aqua,00:00:00
0.047400000000000005,0.041600000000000005,0.0721,2012-07-13,2012-07-13 00:00:00,1.5290178571428572,-0.07270811380400417,0.8644400785854618,Aqua,00:00:00
0.021500000000000002,0.022000000000000002,0.0441,2012-07-14,2012-07-14 00:00:00,2.0599078341013826,-0.0023310023310023167,0.9953488372093023,Aqua,00:00:00
0.0349,0.025400000000000002,0.056,2012-07-15,2012-07-15 00:00:00,1.6411042944785277,-0.16374269005847955,0.7185929648241206,Aqua,00:00:00
0.0233,0.10070000000000001,0.0536,2012-07-18,2012-07-18 00:00:00,2.299145299145299,0.6186224489795917,4.2441471571906355,Aqua,00:00:00
0.021500000000000002,0.019700000000000002,0.0471,2012-07-20,2012-07-20 00:00:00,2.122340425531915,-0.032967032967032954,0.9361702127659575,Aqua,00:00:00
0.0269,0.0558,0.0558,2012-07-21,2012-07-21 00:00:00,2.0579150579150576,0.3484276729559748,2.0694980694980694,Aqua,00:00:00
0.0707,0.0629,0.08700000000000001,2012-07-22,2012-07-22 00:00:00,1.2743732590529246,-0.04316020482809073,0.917251051893408,Aqua,00:00:00
0.028900000000000002,0.028,0.0565,2012-07-23,2012-07-23 00:00:00,1.9550173010380623,-0.02777777777777779,0.9459459459459459,Aqua,00:00:00
0.028,0.012100000000000001,0.0468,2012-07-24,2012-07-24 00:00:00,1.6714285714285715,-0.4,0.42857142857142855,Aqua,00:00:00
0.0239,0.0105,0.0395,2012-07-25,2012-07-25 00:00:00,1.657370517928287,-0.39828080229226365,0.430327868852459,Aqua,00:00:00
0.0244,0.0167,0.041,2012-07-27,2012-07-27 00:00:00,1.680327868852459,-0.18734793187347937,0.6844262295081966,Aqua,00:00:00
0.0296,0.020800000000000003,0.048,2012-07-28,2012-07-28 00:00:00,1.5714285714285714,-0.17460317460317457,0.7027027027027027,Aqua,00:00:00
0.023100000000000002,0.0105,0.0381,2012-07-29,2012-07-29 00:00:00,1.6493506493506493,-0.39209726443769,0.4366812227074236,Aqua,00:00:00
0.0257,0.016,0.0424,2012-07-30,2012-07-30 00:00:00,1.6825396825396826,-0.2233009708737864,0.6349206349206349,Aqua,00:00:00
0.0245,0.0118,0.0403,2012-07-31,2012-07-31 00:00:00,1.6640316205533598,-0.3333333333333333,0.5,Aqua,00:00:00
0.0236,0.019100000000000002,0.0386,2012-08-01,2012-08-01 00:00:00,1.707509881422925,-0.09890109890109891,0.82,Aqua,00:00:00
0.0205,0.008400000000000001,0.0333,2012-08-02,2012-08-02 00:00:00,1.6243902439024391,-0.41666666666666663,0.411764705882353,Aqua,00:00:00
0.0173,0.0111,0.029400000000000003,2012-08-03,2012-08-03 00:00:00,1.7093023255813955,-0.21554770318021202,0.6453488372093024,Aqua,00:00:00
0.0216,0.0146,0.0341,2012-08-04,2012-08-04 00:00:00,1.640552995391705,-0.2065217391304348,0.6576576576576576,Aqua,00:00:00
0.0357,0.0286,0.058800000000000005,2012-08-05,2012-08-05 00:00:00,1.6178861788617886,-0.09784411276948593,0.8217522658610271,Aqua,00:00:00
0.031100000000000003,0.0159,0.048400000000000006,2012-08-06,2012-08-06 00:00:00,1.5562700964630225,-0.32196162046908317,0.5129032258064516,Aqua,00:00:00
0.0318,0.0239,0.044000000000000004,2012-08-07,2012-08-07 00:00:00,1.5185185185185186,-0.13567839195979897,0.7610619469026548,Aqua,00:00:00
0.0204,0.0126,0.0351,2012-08-08,2012-08-08 00:00:00,1.6534653465346532,-0.23185011709601872,0.623574144486692,Aqua,00:00:00
0.025,0.0274,0.0426,2012-08-10,2012-08-10 00:00:00,1.6991869918699187,0.041958041958041946,1.0875912408759123,Aqua,00:00:00
0.0239,0.0097,0.0347,2012-08-12,2012-08-12 00:00:00,1.416326530612245,-0.40490797546012264,0.42358078602620086,Aqua,00:00:00
0.030000000000000002,0.08660000000000001,0.0509,2012-08-13,2012-08-13 00:00:00,1.6643598615916955,0.4991334488734836,2.9930795847750864,Aqua,00:00:00
0.009000000000000001,0.0273,0.0261,2012-08-15,2012-08-15 00:00:00,2.9,0.5041322314049587,3.033333333333333,Aqua,00:00:00
0.0284,0.019200000000000002,0.0468,2012-08-18,2012-08-18 00:00:00,1.647887323943662,-0.19327731092436973,0.676056338028169,Aqua,00:00:00
0.023200000000000002,0.010400000000000001,0.033100000000000004,2012-08-19,2012-08-19 00:00:00,1.409691629955947,-0.38011695906432746,0.4491525423728814,Aqua,00:00:00
0.0039000000000000003,0.0008,0.012400000000000001,2012-08-20,2012-08-20 00:00:00,3.1794871794871797,-0.6595744680851064,0.20512820512820512,Aqua,00:00:00
0.021400000000000002,0.0092,0.0304,2012-08-21,2012-08-21 00:00:00,1.4079601990049753,-0.3720136518771331,0.4577114427860696,Aqua,00:00:00
0.021,0.011300000000000001,0.0337,2012-08-23,2012-08-23 00:00:00,1.5294117647058822,-0.2911392405063291,0.5490196078431372,Aqua,00:00:00
0.0189,0.0125,0.0333,2012-08-24,2012-08-24 00:00:00,1.6995073891625616,-0.24159021406727826,0.6108374384236454,Aqua,00:00:00
0.0219,0.0091,0.0303,2012-08-26,2012-08-26 00:00:00,1.3835616438356164,-0.4110032362459547,0.41743119266055045,Aqua,00:00:00
0.0324,0.0238,0.0506,2012-08-28,2012-08-28 00:00:00,1.5457227138643068,-0.16928446771378708,0.7104477611940299,Aqua,00:00:00
0.0236,0.0212,0.0349,2012-08-29,2012-08-29 00:00:00,1.4978902953586497,-0.11058823529411764,0.8008474576271186,Aqua,00:00:00
0.0396,0.0222,0.0562,2012-08-30,2012-08-30 00:00:00,1.4200000000000002,-0.27301092043681746,0.571078431372549,Aqua,00:00:00
0.042,0.0324,0.062200000000000005,2012-08-31,2012-08-31 00:00:00,1.4852216748768472,-0.1290322580645162,0.7714285714285714,Aqua,00:00:00
0.040100000000000004,0.016,0.0543,2012-09-01,2012-09-01 00:00:00,1.347394540942928,-0.4316163410301954,0.39702233250620345,Aqua,00:00:00
0.0287,0.012100000000000001,0.0403,2012-09-02,2012-09-02 00:00:00,1.3943661971830987,-0.4068627450980391,0.421602787456446,Aqua,00:00:00
0.0279,0.0187,0.0449,2012-09-03,2012-09-03 00:00:00,1.5653710247349821,-0.20169851380042464,0.6643109540636042,Aqua,00:00:00
0.0309,0.019200000000000002,0.041100000000000005,2012-09-04,2012-09-04 00:00:00,1.3300970873786409,-0.23353293413173648,0.6213592233009709,Aqua,00:00:00
0.024800000000000003,0.0114,0.0397,2012-09-05,2012-09-05 00:00:00,1.600806451612903,-0.3698630136986301,0.45999999999999996,Aqua,00:00:00
0.0356,0.0229,0.0492,2012-09-06,2012-09-06 00:00:00,1.40564667793463,-0.22842639593908626,0.628099173553719,Aqua,00:00:00
0.0286,0.0223,0.0487,2012-09-07,2012-09-07 00:00:00,1.7027972027972027,-0.1237721021611002,0.7797202797202797,Aqua,00:00:00
0.0244,0.0109,0.0381,2012-09-08,2012-09-08 00:00:00,1.5243445692883895,-0.4128440366972477,0.41558441558441556,Aqua,00:00:00
0.0235,0.010100000000000001,0.0347,2012-09-09,2012-09-09 00:00:00,1.518987341772152,-0.40634005763688763,0.4221311475409836,Aqua,00:00:00
0.0205,0.0085,0.0316,2012-09-10,2012-09-10 00:00:00,1.576530612244898,-0.3980582524271844,0.4305555555555556,Aqua,00:00:00
0.027100000000000003,0.0102,0.035,2012-09-11,2012-09-11 00:00:00,1.4243542435424354,-0.4414893617021277,0.38745387453874536,Aqua,00:00:00
0.0274,0.0112,0.0407,2012-09-12,2012-09-12 00:00:00,1.4742268041237112,-0.42187499999999994,0.4065934065934066,Aqua,00:00:00
0.0234,0.010100000000000001,0.0322,2012-09-13,2012-09-13 00:00:00,1.4145299145299146,-0.38226299694189597,0.44690265486725667,Aqua,00:00:00
0.022000000000000002,0.0064,0.0309,2012-09-15,2012-09-15 00:00:00,1.3981900452488687,-0.554006968641115,0.28699551569506726,Aqua,00:00:00
0.030500000000000003,0.013000000000000001,0.0439,2012-09-16,2012-09-16 00:00:00,1.4336569579288025,-0.40229885057471265,0.4262295081967213,Aqua,00:00:00
0.027,0.012400000000000001,0.037700000000000004,2012-09-17,2012-09-17 00:00:00,1.3186440677966103,-0.39814814814814814,0.43046357615894043,Aqua,00:00:00
0.031900000000000005,0.0105,0.0407,2012-09-18,2012-09-18 00:00:00,1.269592476489028,-0.5047169811320754,0.329153605015674,Aqua,00:00:00
0.0302,0.0218,0.0472,2012-09-19,2012-09-19 00:00:00,1.579310344827586,-0.14173228346456695,0.7517241379310344,Aqua,00:00:00
0.0252,0.007200000000000001,0.0349,2012-09-20,2012-09-20 00:00:00,1.396825396825397,-0.5590062111801243,0.28286852589641437,Aqua,00:00:00
0.0292,0.0103,0.041600000000000005,2012-09-21,2012-09-21 00:00:00,1.4344827586206899,-0.4824120603015076,0.34915254237288135,Aqua,00:00:00
0.0234,0.005200000000000001,0.0317,2012-09-22,2012-09-22 00:00:00,1.3612334801762114,-0.6272401433691757,0.2290748898678414,Aqua,00:00:00
0.0308,0.0085,0.046,2012-09-23,2012-09-23 00:00:00,1.5064935064935066,-0.5674300254452926,0.275974025974026,Aqua,00:00:00
0.0325,0.0146,0.0475,2012-09-24,2012-09-24 00:00:00,1.453125,-0.3829787234042554,0.4461538461538462,Aqua,00:00:00
0.0049,0.0014,0.0105,2012-09-25,2012-09-25 00:00:00,1.8947368421052633,-0.6455696202531646,0.21538461538461537,Aqua,00:00:00
0.0366,0.0179,0.0529,2012-09-26,2012-09-26 00:00:00,1.4305555555555556,-0.33580705009276446,0.4972222222222221,Aqua,00:00:00
0.030000000000000002,0.0219,0.0468,2012-09-30,2012-09-30 00:00:00,1.5420875420875422,-0.16763005780346818,0.712871287128713,Aqua,00:00:00
0.0302,0.009300000000000001,0.041100000000000005,2012-10-01,2012-10-01 00:00:00,1.302839116719243,-0.5407407407407407,0.2980769230769231,Aqua,00:00:00
0.029400000000000003,0.0083,0.042800000000000005,2012-10-02,2012-10-02 00:00:00,1.4551724137931035,-0.5549597855227882,0.2862068965517241,Aqua,00:00:00
0.0516,0.0175,0.0589,2012-10-03,2012-10-03 00:00:00,1.1368821292775666,-0.49132947976878616,0.34108527131782945,Aqua,00:00:00
0.034300000000000004,0.0103,0.0426,2012-10-04,2012-10-04 00:00:00,1.298136645962733,-0.5381165919282512,0.30029154518950435,Aqua,00:00:00
0.0397,0.0071,0.046400000000000004,2012-10-06,2012-10-06 00:00:00,1.156028368794326,-0.6822033898305084,0.18891687657430734,Aqua,00:00:00
0.043300000000000005,0.0195,0.0579,2012-10-07,2012-10-07 00:00:00,1.3355408388520973,-0.36075949367088606,0.46976744186046515,Aqua,00:00:00
0.0412,0.0161,0.0526,2012-10-08,2012-10-08 00:00:00,1.2713567839195978,-0.4789644012944984,0.35229759299781177,Aqua,00:00:00
0.06430000000000001,0.0233,0.0821,2012-10-09,2012-10-09 00:00:00,1.2768273716951788,-0.46803652968036535,0.3623639191290824,Aqua,00:00:00
0.0414,0.017400000000000002,0.0528,2012-10-10,2012-10-10 00:00:00,1.2953020134228186,-0.41293532338308453,0.4154929577464789,Aqua,00:00:00
0.0405,0.0149,0.0531,2012-10-11,2012-10-11 00:00:00,1.3459715639810428,-0.43129770992366406,0.39733333333333337,Aqua,00:00:00
0.0351,0.007200000000000001,0.0488,2012-10-13,2012-10-13 00:00:00,1.3133903133903135,-0.6595744680851063,0.20512820512820515,Aqua,00:00:00
0.058100000000000006,0.0137,0.064,2012-10-16,2012-10-16 00:00:00,1.1015490533562822,-0.6295369211514393,0.22734254992319508,Aqua,00:00:00
0.0436,0.0071,0.048400000000000006,2012-10-17,2012-10-17 00:00:00,1.1100917431192663,-0.7500000000000001,0.14285714285714285,Aqua,00:00:00
0.09000000000000001,0.046200000000000005,0.09480000000000001,2012-10-20,2012-10-20 00:00:00,1.0533333333333332,-0.32158590308370044,0.5133333333333333,Aqua,00:00:00
0.0804,0.020900000000000002,0.09390000000000001,2012-10-25,2012-10-25 00:00:00,1.1318289786223277,-0.5992402659069327,0.2505938242280285,Aqua,00:00:00
0.057800000000000004,0.0145,0.0658,2012-10-29,2012-10-29 00:00:00,1.1661073825503356,-0.6096904441453567,0.24247491638795984,Aqua,00:00:00
0.062200000000000005,0.0089,0.0644,2012-11-04,2012-11-04 00:00:00,1.0361635220125787,-0.7514619883040936,0.14190317195325544,Aqua,00:00:00
0.0688,0.0112,0.063,2012-11-06,2012-11-06 00:00:00,0.9156976744186046,-0.7255369928400955,0.1590594744121715,Aqua,00:00:00
0.068,0.015700000000000002,0.0711,2012-11-07,2012-11-07 00:00:00,1.0406250000000001,-0.6243654822335025,0.23125,Aqua,00:00:00
0.1124,0.0316,0.1136,2012-11-10,2012-11-10 00:00:00,0.9973661106233539,-0.565635738831615,0.27743634767339775,Aqua,00:00:00
0.0845,0.0239,0.0732,2012-11-25,2012-11-25 00:00:00,0.862232779097387,-0.5596669750231267,0.28232502965599054,Aqua,00:00:00
0.0823,0.0256,0.0845,2012-12-05,2012-12-05 00:00:00,1.026354319180088,-0.5254865616311399,0.3110571081409478,Aqua,00:00:00
0.0911,0.025500000000000002,0.0708,2012-12-08,2012-12-08 00:00:00,0.7771679473106476,-0.5710681244743483,0.27301927194860814,Aqua,00:00:00
0.0755,0.0207,0.0603,2012-12-09,2012-12-09 00:00:00,0.7934210526315789,-0.5696465696465697,0.27417218543046357,Aqua,00:00:00
0.1124,0.0292,0.1165,2012-12-12,2012-12-12 00:00:00,1.0364768683274022,-0.5875706214689265,0.2597864768683274,Aqua,00:00:00
0.0634,0.0164,0.0482,2012-12-13,2012-12-13 00:00:00,0.7686335403726708,-0.5829268292682926,0.263482280431433,Aqua,00:00:00
0.034800000000000005,0.0078000000000000005,0.038200000000000005,2013-03-08,2013-03-08 00:00:00,1.114942528735632,-0.6338028169014084,0.22413793103448273,Aqua,00:00:00
0.0526,0.0089,0.0587,2013-03-09,2013-03-09 00:00:00,1.1159695817490494,-0.7105691056910569,0.16920152091254753,Aqua,00:00:00
0.0483,0.0193,0.0574,2013-03-10,2013-03-10 00:00:00,1.1737193763919822,-0.42899408284023666,0.3995859213250518,Aqua,00:00:00
0.052000000000000005,0.0142,0.0601,2013-03-13,2013-03-13 00:00:00,1.148,-0.5591715976331361,0.2827324478178368,Aqua,00:00:00
0.049300000000000004,0.0126,0.0572,2013-03-15,2013-03-15 00:00:00,1.1690140845070423,-0.5875613747954174,0.2597938144329897,Aqua,00:00:00
0.048100000000000004,0.010100000000000001,0.048600000000000004,2013-03-17,2013-03-17 00:00:00,0.9956989247311828,-0.6532399299474606,0.20974576271186443,Aqua,00:00:00
0.057,0.018000000000000002,0.0649,2013-03-22,2013-03-22 00:00:00,1.1385964912280702,-0.5203045685279187,0.31552587646076796,Aqua,00:00:00
0.0414,0.0177,0.0482,2013-03-23,2013-03-23 00:00:00,1.1642512077294687,-0.4010152284263959,0.427536231884058,Aqua,00:00:00
0.04,0.0078000000000000005,0.0475,2013-03-29,2013-03-29 00:00:00,1.1925,-0.672340425531915,0.19592875318066158,Aqua,00:00:00
0.0522,0.0151,0.0613,2013-03-30,2013-03-30 00:00:00,1.1743295019157087,-0.5512630014858841,0.289272030651341,Aqua,00:00:00
0.046,0.0188,0.0522,2013-04-02,2013-04-02 00:00:00,1.1347826086956523,-0.41975308641975306,0.40869565217391307,Aqua,00:00:00
0.07740000000000001,0.04,0.07930000000000001,2013-04-08,2013-04-08 00:00:00,1.024547803617571,-0.31856899488926754,0.5167958656330749,Aqua,00:00:00
0.049100000000000005,0.0077,0.0516,2013-04-09,2013-04-09 00:00:00,1.0631364562118126,-0.7266435986159169,0.15831663326653309,Aqua,00:00:00
0.0534,0.0172,0.0614,2013-04-11,2013-04-11 00:00:00,1.149812734082397,-0.5127478753541077,0.32209737827715357,Aqua,00:00:00
0.0731,0.0253,0.08410000000000001,2013-04-15,2013-04-15 00:00:00,1.146505376344086,-0.4857723577235772,0.34610123119015046,Aqua,00:00:00
0.0592,0.0173,0.0648,2013-04-17,2013-04-17 00:00:00,1.1063829787234043,-0.5518987341772151,0.28874388254486133,Aqua,00:00:00
0.0482,0.0097,0.0534,2013-04-18,2013-04-18 00:00:00,1.103305785123967,-0.6655172413793103,0.20082815734989648,Aqua,00:00:00
0.0654,0.0253,0.0703,2013-04-20,2013-04-20 00:00:00,1.0784615384615386,-0.4533762057877814,0.3761061946902655,Aqua,00:00:00
0.07980000000000001,0.040100000000000004,0.08370000000000001,2013-04-22,2013-04-22 00:00:00,1.0563909774436089,-0.33497942386831275,0.498150431565968,Aqua,00:00:00
0.038700000000000005,0.0095,0.04,2013-04-23,2013-04-23 00:00:00,1.0308056872037916,-0.6095444685466377,0.24258760107816713,Aqua,00:00:00
0.0509,0.016900000000000002,0.056400000000000006,2013-04-24,2013-04-24 00:00:00,1.1021611001964637,-0.5007473841554559,0.33266932270916333,Aqua,00:00:00
0.049,0.027600000000000003,0.051500000000000004,2013-04-25,2013-04-25 00:00:00,1.0510204081632653,-0.2793733681462141,0.5632653061224491,Aqua,00:00:00
0.0485,0.020800000000000003,0.0536,2013-04-26,2013-04-26 00:00:00,1.1051546391752578,-0.4,0.42857142857142855,Aqua,00:00:00
0.043500000000000004,0.0146,0.0466,2013-04-27,2013-04-27 00:00:00,1.0813648293963254,-0.4790874524714829,0.35218508997429304,Aqua,00:00:00
0.0446,0.0114,0.0502,2013-04-30,2013-04-30 00:00:00,1.1255605381165918,-0.5928571428571429,0.2556053811659193,Aqua,00:00:00
0.046700000000000005,0.0117,0.052700000000000004,2013-05-01,2013-05-01 00:00:00,1.1290983606557377,-0.5993150684931506,0.2505353319057816,Aqua,00:00:00
0.038200000000000005,0.009000000000000001,0.0434,2013-05-02,2013-05-02 00:00:00,1.125925925925926,-0.621276595744681,0.23359580052493437,Aqua,00:00:00
0.0449,0.014100000000000001,0.0519,2013-05-03,2013-05-03 00:00:00,1.1516483516483518,-0.5154639175257731,0.3197278911564626,Aqua,00:00:00
0.0346,0.0094,0.0395,2013-05-09,2013-05-09 00:00:00,1.1242937853107344,-0.5777262180974478,0.2676470588235294,Aqua,00:00:00
0.0429,0.016300000000000002,0.052000000000000005,2013-05-10,2013-05-10 00:00:00,1.2064220183486238,-0.4520547945205479,0.37735849056603776,Aqua,00:00:00
0.0436,0.0152,0.0548,2013-05-17,2013-05-17 00:00:00,1.2436781609195402,-0.4839797639123103,0.3477272727272727,Aqua,00:00:00
0.0376,0.0099,0.047,2013-05-19,2013-05-19 00:00:00,1.2553191489361701,-0.5831578947368421,0.26329787234042556,Aqua,00:00:00
0.0308,0.0067,0.038,2013-05-20,2013-05-20 00:00:00,1.2327868852459016,-0.6430446194225722,0.2172523961661342,Aqua,00:00:00
0.045700000000000005,0.014400000000000001,0.057300000000000004,2013-05-23,2013-05-23 00:00:00,1.2538293216630196,-0.5207986688851913,0.3150984682713348,Aqua,00:00:00
0.060700000000000004,0.0436,0.0704,2013-05-24,2013-05-24 00:00:00,1.1598023064250411,-0.16395014381591566,0.7182866556836902,Aqua,00:00:00
0.06520000000000001,0.0346,0.07540000000000001,2013-05-26,2013-05-26 00:00:00,1.156441717791411,-0.3097345132743363,0.527027027027027,Aqua,00:00:00
0.0441,0.0177,0.055400000000000005,2013-05-28,2013-05-28 00:00:00,1.268181818181818,-0.4326923076923077,0.3959731543624161,Aqua,00:00:00
0.0634,0.0323,0.0746,2013-05-29,2013-05-29 00:00:00,1.1843393148450245,-0.3235602094240838,0.5110759493670886,Aqua,00:00:00
0.0371,0.0134,0.0485,2013-05-30,2013-05-30 00:00:00,1.307277628032345,-0.47222222222222227,0.3584905660377359,Aqua,00:00:00
0.0323,0.012,0.043300000000000005,2013-05-31,2013-05-31 00:00:00,1.3446153846153845,-0.4545454545454546,0.37499999999999994,Aqua,00:00:00
0.0477,0.0376,0.056400000000000006,2013-06-01,2013-06-01 00:00:00,1.1823899371069184,-0.11840562719812424,0.7882599580712789,Aqua,00:00:00
0.052700000000000004,0.028,0.062200000000000005,2013-06-02,2013-06-02 00:00:00,1.151851851851852,-0.3109452736318408,0.5256166982922201,Aqua,00:00:00
0.0292,0.0073,0.0378,2013-06-03,2013-06-03 00:00:00,1.2894736842105263,-0.5956284153005464,0.2534246575342466,Aqua,00:00:00
0.029400000000000003,0.0099,0.040400000000000005,2013-06-04,2013-06-04 00:00:00,1.3741496598639455,-0.4886075949367088,0.3435374149659864,Aqua,00:00:00
0.027700000000000002,0.0078000000000000005,0.036500000000000005,2013-06-05,2013-06-05 00:00:00,1.3176895306859207,-0.553072625698324,0.28776978417266186,Aqua,00:00:00
0.028800000000000003,0.011300000000000001,0.044700000000000004,2013-06-06,2013-06-06 00:00:00,1.5491525423728814,-0.4400000000000001,0.38888888888888884,Aqua,00:00:00
0.0287,0.0106,0.0419,2013-06-07,2013-06-07 00:00:00,1.4599303135888502,-0.460559796437659,0.3693379790940767,Aqua,00:00:00
0.0233,0.007500000000000001,0.0344,2013-06-08,2013-06-08 00:00:00,1.4808510638297874,-0.5161290322580645,0.3191489361702128,Aqua,00:00:00
0.038400000000000004,0.021400000000000002,0.046200000000000005,2013-06-09,2013-06-09 00:00:00,1.3370044052863437,-0.2842809364548495,0.5572916666666666,Aqua,00:00:00
0.0332,0.0229,0.048100000000000004,2013-06-10,2013-06-10 00:00:00,1.4487951807228916,-0.18480138169257346,0.6880466472303206,Aqua,00:00:00
0.0424,0.031900000000000005,0.062200000000000005,2013-06-11,2013-06-11 00:00:00,1.4669811320754718,-0.14131897711978458,0.7523584905660379,Aqua,00:00:00
0.023700000000000002,0.0109,0.0375,2013-06-12,2013-06-12 00:00:00,1.5473251028806583,-0.37677053824362605,0.45267489711934156,Aqua,00:00:00
0.0352,0.0251,0.054900000000000004,2013-06-14,2013-06-14 00:00:00,1.5376344086021505,-0.1590909090909091,0.7254901960784313,Aqua,00:00:00
0.0233,0.027800000000000002,0.050800000000000005,2013-06-17,2013-06-17 00:00:00,2.152542372881356,0.09505703422053233,1.2100840336134453,Aqua,00:00:00
0.063,0.0589,0.0853,2013-06-18,2013-06-18 00:00:00,1.353968253968254,-0.03363412633305988,0.9349206349206349,Aqua,00:00:00
0.0218,0.028800000000000003,0.0487,2013-06-21,2013-06-21 00:00:00,2.2333333333333334,0.13320079522862827,1.3073394495412844,Aqua,00:00:00
0.0223,0.015300000000000001,0.044500000000000005,2013-06-22,2013-06-22 00:00:00,1.9337016574585635,-0.1861702127659574,0.6860986547085203,Aqua,00:00:00
0.019200000000000002,0.058,0.0465,2013-06-27,2013-06-27 00:00:00,2.430769230769231,0.5025906735751295,3.020833333333333,Aqua,00:00:00
0.0213,0.085,0.051500000000000004,2013-06-28,2013-06-28 00:00:00,2.3867924528301887,0.6022620169651274,4.028436018957346,Aqua,00:00:00
0.0212,0.0057,0.0375,2013-06-29,2013-06-29 00:00:00,1.7688679245283019,-0.5777777777777777,0.26760563380281693,Aqua,00:00:00
0.0201,0.0057,0.035300000000000005,2013-06-30,2013-06-30 00:00:00,1.8059701492537312,-0.5365853658536586,0.30158730158730157,Aqua,00:00:00
0.0448,0.027600000000000003,0.0671,2013-07-02,2013-07-02 00:00:00,1.4439834024896268,-0.2436548223350254,0.6081632653061224,Aqua,00:00:00
0.031100000000000003,0.0143,0.0483,2013-07-03,2013-07-03 00:00:00,1.4953560371517027,-0.37610619469026546,0.4533762057877814,Aqua,00:00:00
0.0244,0.0167,0.0461,2013-07-04,2013-07-04 00:00:00,1.8611111111111112,-0.2028639618138425,0.6626984126984127,Aqua,00:00:00
0.0155,0.0165,0.0356,2013-07-05,2013-07-05 00:00:00,2.296774193548387,0.03125000000000003,1.0645161290322582,Aqua,00:00:00
0.0233,0.01,0.037700000000000004,2013-07-06,2013-07-06 00:00:00,1.6180257510729614,-0.3993993993993994,0.4291845493562232,Aqua,00:00:00
0.0246,0.0129,0.046,2013-07-08,2013-07-08 00:00:00,1.8699186991869918,-0.3224043715846994,0.512396694214876,Aqua,00:00:00
0.0582,0.0621,0.0839,2013-07-09,2013-07-09 00:00:00,1.4497528830313016,0.011400651465798033,1.0230642504118617,Aqua,00:00:00
0.027800000000000002,0.027600000000000003,0.057600000000000005,2013-07-10,2013-07-10 00:00:00,2.0719424460431655,-0.0036101083032490755,0.9928057553956835,Aqua,00:00:00
0.031900000000000005,0.027600000000000003,0.0604,2013-07-11,2013-07-11 00:00:00,1.8787878787878787,0.0060422960725076205,1.0121580547112463,Aqua,00:00:00
0.018600000000000002,0.0145,0.0363,2013-07-12,2013-07-12 00:00:00,2.0204081632653064,-0.06371191135734071,0.8802083333333334,Aqua,00:00:00
0.022500000000000003,0.0115,0.0409,2013-07-13,2013-07-13 00:00:00,1.853333333333333,-0.32352941176470595,0.5111111111111111,Aqua,00:00:00
0.0206,0.007500000000000001,0.039400000000000004,2013-07-14,2013-07-14 00:00:00,1.863849765258216,-0.4880546075085324,0.34403669724770647,Aqua,00:00:00
0.0246,0.0356,0.0533,2013-07-17,2013-07-17 00:00:00,2.1698113207547167,0.1633986928104575,1.390625,Aqua,00:00:00
0.0392,0.0251,0.0534,2013-07-18,2013-07-18 00:00:00,1.3622448979591837,-0.2192846034214619,0.6403061224489797,Aqua,00:00:00
0.020200000000000003,0.0195,0.0405,2013-07-19,2013-07-19 00:00:00,2.015873015873016,0.002638522427440617,1.0052910052910053,Aqua,00:00:00
0.023100000000000002,0.0142,0.0437,2013-07-20,2013-07-20 00:00:00,1.9000000000000001,-0.23655913978494622,0.6173913043478262,Aqua,00:00:00
0.0253,0.0068000000000000005,0.039400000000000004,2013-07-21,2013-07-21 00:00:00,1.5735849056603772,-0.5727002967359051,0.27169811320754716,Aqua,00:00:00
0.024900000000000002,0.010100000000000001,0.0446,2013-07-22,2013-07-22 00:00:00,1.7177419354838708,-0.4212034383954155,0.40725806451612906,Aqua,00:00:00
0.028,0.0122,0.0465,2013-07-23,2013-07-23 00:00:00,1.6472727272727272,-0.423963133640553,0.4045307443365696,Aqua,00:00:00
0.026500000000000003,0.0329,0.057,2013-07-25,2013-07-25 00:00:00,2.029304029304029,0.07166123778501625,1.1543859649122805,Aqua,00:00:00
0.042300000000000004,0.022000000000000002,0.0649,2013-07-26,2013-07-26 00:00:00,1.5395348837209304,-0.3230769230769231,0.5116279069767442,Aqua,00:00:00
0.033800000000000004,0.0171,0.054700000000000006,2013-07-27,2013-07-27 00:00:00,1.6331360946745561,-0.338403041825095,0.4943181818181819,Aqua,00:00:00
0.0238,0.0216,0.0422,2013-07-28,2013-07-28 00:00:00,1.7605042016806722,-0.06150341685649205,0.8841201716738197,Aqua,00:00:00
0.0302,0.027200000000000002,0.054400000000000004,2013-07-29,2013-07-29 00:00:00,1.7637540453074434,-0.02657807308970095,0.9482200647249192,Aqua,00:00:00
0.0436,0.0363,0.061900000000000004,2013-08-01,2013-08-01 00:00:00,1.4262672811059909,-0.10073710073710072,0.8169642857142857,Aqua,00:00:00
0.017,0.033100000000000004,0.0461,2013-08-02,2013-08-02 00:00:00,2.606896551724138,0.3907563025210085,2.2827586206896555,Aqua,00:00:00
0.0609,0.0519,0.0824,2013-08-03,2013-08-03 00:00:00,1.3576512455516014,-0.0797872340425532,0.8522167487684729,Aqua,00:00:00
0.021500000000000002,0.0148,0.040600000000000004,2013-08-04,2013-08-04 00:00:00,1.777292576419214,-0.16853932584269665,0.7115384615384615,Aqua,00:00:00
0.0284,0.0112,0.041800000000000004,2013-08-06,2013-08-06 00:00:00,1.471830985915493,-0.4241645244215938,0.4043321299638989,Aqua,00:00:00
0.025900000000000003,0.0162,0.0366,2013-08-11,2013-08-11 00:00:00,1.424124513618677,-0.23897911832946636,0.6142322097378278,Aqua,00:00:00
0.0318,0.013600000000000001,0.0436,2013-08-12,2013-08-12 00:00:00,1.371069182389937,-0.4008810572687225,0.4276729559748428,Aqua,00:00:00
0.0219,0.0056,0.0281,2013-08-13,2013-08-13 00:00:00,1.2657657657657657,-0.6056338028169014,0.24561403508771928,Aqua,00:00:00
0.0114,0.0053,0.0181,2013-08-14,2013-08-14 00:00:00,1.587719298245614,-0.36526946107784436,0.4649122807017544,Aqua,00:00:00
0.0234,0.0077,0.030100000000000002,2013-08-15,2013-08-15 00:00:00,1.264957264957265,-0.5079872204472843,0.326271186440678,Aqua,00:00:00
0.0351,0.0164,0.0458,2013-08-18,2013-08-18 00:00:00,1.3048433048433048,-0.36310679611650476,0.4672364672364673,Aqua,00:00:00
0.0304,0.014700000000000001,0.0373,2013-08-19,2013-08-19 00:00:00,1.215873015873016,-0.3704496788008565,0.45937500000000003,Aqua,00:00:00
0.0442,0.0279,0.054400000000000004,2013-08-20,2013-08-20 00:00:00,1.2309417040358746,-0.2342857142857143,0.6203703703703703,Aqua,00:00:00
0.0548,0.0413,0.06520000000000001,2013-08-23,2013-08-23 00:00:00,1.1897810218978104,-0.14047866805411027,0.7536496350364964,Aqua,00:00:00
0.0427,0.016800000000000002,0.0502,2013-08-24,2013-08-24 00:00:00,1.1756440281030445,-0.4352941176470588,0.3934426229508197,Aqua,00:00:00
0.0204,0.0041,0.027100000000000003,2013-08-26,2013-08-26 00:00:00,1.3069306930693068,-0.6652719665271967,0.20100502512562812,Aqua,00:00:00
0.024900000000000002,0.0053,0.033100000000000004,2013-08-27,2013-08-27 00:00:00,1.3013100436681222,-0.6478405315614618,0.21370967741935482,Aqua,00:00:00
0.0291,0.0088,0.0363,2013-08-28,2013-08-28 00:00:00,1.2491530363192598,-0.5147928994082839,0.3203125,Aqua,00:00:00
0.0252,0.004200000000000001,0.034,2013-08-30,2013-08-30 00:00:00,1.3541666666666667,-0.7031249999999999,0.1743119266055046,Aqua,00:00:00
0.023100000000000002,0.0029000000000000002,0.0292,2013-08-31,2013-08-31 00:00:00,1.266949152542373,-0.7809187279151945,0.12301587301587302,Aqua,00:00:00
0.0275,0.0151,0.0369,2013-09-01,2013-09-01 00:00:00,1.3418181818181818,-0.29107981220657275,0.5490909090909091,Aqua,00:00:00
0.0251,0.0056,0.03415,2013-09-02,2013-09-02 00:00:00,1.3361344537815125,-0.6357388316151203,0.2226890756302521,Aqua,00:00:00
0.0304,0.007200000000000001,0.0396,2013-09-03,2013-09-03 00:00:00,1.3163841807909604,-0.6149732620320855,0.2384105960264901,Aqua,00:00:00
0.0297,0.0063,0.0385,2013-09-04,2013-09-04 00:00:00,1.2912280701754386,-0.6473988439306358,0.21403508771929824,Aqua,00:00:00
0.0335,0.0112,0.044500000000000005,2013-09-06,2013-09-06 00:00:00,1.3105413105413106,-0.49999999999999994,0.33333333333333337,Aqua,00:00:00
0.0308,0.0074,0.0379,2013-09-07,2013-09-07 00:00:00,1.230031948881789,-0.6051282051282052,0.24600638977635783,Aqua,00:00:00
0.032,0.0067,0.0429,2013-09-08,2013-09-08 00:00:00,1.3224755700325734,-0.6243386243386244,0.23127035830618892,Aqua,00:00:00
0.0307,0.0053,0.0378,2013-09-09,2013-09-09 00:00:00,1.2359154929577463,-0.7095890410958904,0.16987179487179485,Aqua,00:00:00
0.0371,0.0086,0.049300000000000004,2013-09-10,2013-09-10 00:00:00,1.3477088948787062,-0.62363238512035,0.23180592991913745,Aqua,00:00:00
0.0292,0.0058000000000000005,0.0362,2013-09-11,2013-09-11 00:00:00,1.2639296187683284,-0.67816091954023,0.1917808219178082,Aqua,00:00:00
0.0473,0.014100000000000001,0.0597,2013-09-12,2013-09-12 00:00:00,1.2995594713656389,-0.5260504201680672,0.31057268722466963,Aqua,00:00:00
0.042300000000000004,0.0119,0.054400000000000004,2013-09-13,2013-09-13 00:00:00,1.2671394799054372,-0.5729927007299269,0.271461716937355,Aqua,00:00:00
0.0396,0.011000000000000001,0.0497,2013-09-14,2013-09-14 00:00:00,1.263565891472868,-0.560878243512974,0.2813299232736573,Aqua,00:00:00
0.0596,0.0285,0.06810000000000001,2013-09-15,2013-09-15 00:00:00,1.1384083044982698,-0.34961154273029965,0.48190789473684215,Aqua,00:00:00
0.031,0.0077,0.0412,2013-09-18,2013-09-18 00:00:00,1.3290322580645162,-0.6020671834625324,0.24838709677419354,Aqua,00:00:00
0.0369,0.0053,0.0471,2013-09-19,2013-09-19 00:00:00,1.2764227642276422,-0.7435897435897437,0.14705882352941177,Aqua,00:00:00
0.0385,0.008700000000000001,0.0492,2013-09-20,2013-09-20 00:00:00,1.286472148541114,-0.6340425531914894,0.22395833333333331,Aqua,00:00:00
0.0408,0.0077,0.0523,2013-09-25,2013-09-25 00:00:00,1.272727272727273,-0.6853002070393374,0.18673218673218672,Aqua,00:00:00
0.0415,0.0066,0.0526,2013-09-27,2013-09-27 00:00:00,1.2714681440443214,-0.6904761904761906,0.18309859154929578,Aqua,00:00:00
0.0519,0.0146,0.0505,2013-09-30,2013-09-30 00:00:00,1.0104166666666667,-0.5707762557077625,0.2732558139534884,Aqua,00:00:00
0.0483,0.0102,0.054200000000000005,2013-10-02,2013-10-02 00:00:00,1.1808278867102397,-0.6515912897822446,0.21095334685598377,Aqua,00:00:00
0.061700000000000005,0.0129,0.0733,2013-10-03,2013-10-03 00:00:00,1.2058346839546192,-0.6507503410641201,0.2115702479338843,Aqua,00:00:00
0.041600000000000005,0.0102,0.0489,2013-10-04,2013-10-04 00:00:00,1.1783132530120481,-0.596116504854369,0.25304136253041365,Aqua,00:00:00
0.0407,0.0115,0.0505,2013-10-05,2013-10-05 00:00:00,1.2424242424242424,-0.5559845559845561,0.2853598014888337,Aqua,00:00:00
0.0451,0.01,0.056,2013-10-06,2013-10-06 00:00:00,1.2365591397849462,-0.6396396396396395,0.2197802197802198,Aqua,00:00:00
0.0579,0.0112,0.0683,2013-10-07,2013-10-07 00:00:00,1.1986183074265977,-0.6758321273516643,0.1934369602763385,Aqua,00:00:00
0.0541,0.0109,0.0616,2013-10-09,2013-10-09 00:00:00,1.128747795414462,-0.6641452344931921,0.2018181818181818,Aqua,00:00:00
0.068,0.027800000000000002,0.0828,2013-10-11,2013-10-11 00:00:00,1.2073529411764705,-0.40021574973031276,0.42835130970724195,Aqua,00:00:00
0.0585,0.0102,0.0637,2013-10-13,2013-10-13 00:00:00,1.088888888888889,-0.7018072289156627,0.1752212389380531,Aqua,00:00:00
0.058100000000000006,0.0146,0.06720000000000001,2013-10-14,2013-10-14 00:00:00,1.1087662337662336,-0.5924308588064047,0.2559414990859232,Aqua,00:00:00
0.0506,0.009000000000000001,0.0575,2013-10-15,2013-10-15 00:00:00,1.1428571428571428,-0.6994991652754591,0.17681728880157171,Aqua,00:00:00
0.0582,0.010100000000000001,0.0611,2013-10-16,2013-10-16 00:00:00,1.0575296108291032,-0.7033773861967694,0.17413793103448277,Aqua,00:00:00
0.07100000000000001,0.0112,0.0757,2013-10-17,2013-10-17 00:00:00,1.066765578635015,-0.7150127226463104,0.1661721068249258,Aqua,00:00:00
0.062400000000000004,0.0117,0.06520000000000001,2013-10-18,2013-10-18 00:00:00,1.0625,-0.6859060402684564,0.18630573248407642,Aqua,00:00:00
0.08020000000000001,0.0146,0.08410000000000001,2013-10-19,2013-10-19 00:00:00,1.0486284289276808,-0.6940686784599375,0.1805896805896806,Aqua,00:00:00
0.063,0.0112,0.0679,2013-10-20,2013-10-20 00:00:00,1.0777777777777777,-0.7041884816753926,0.17357910906298002,Aqua,00:00:00
0.0631,0.0115,0.0684,2013-10-21,2013-10-21 00:00:00,1.0842105263157893,-0.6932707355242568,0.18114602587800369,Aqua,00:00:00
0.0658,0.0102,0.0695,2013-10-22,2013-10-22 00:00:00,1.046367851622875,-0.731578947368421,0.15501519756838908,Aqua,00:00:00
0.0644,0.0103,0.0689,2013-10-23,2013-10-23 00:00:00,1.0698757763975155,-0.7242302543507362,0.15993788819875776,Aqua,00:00:00
0.07640000000000001,0.0132,0.0786,2013-10-24,2013-10-24 00:00:00,1.0355677154582763,-0.7053571428571428,0.17277486910994763,Aqua,00:00:00
0.0656,0.010700000000000001,0.0668,2013-10-25,2013-10-25 00:00:00,1.0214067278287462,-0.7181315916740348,0.16405536359664802,Aqua,00:00:00
0.0818,0.0137,0.083,2013-10-26,2013-10-26 00:00:00,1.014669926650367,-0.7096774193548387,0.16981132075471697,Aqua,00:00:00
0.055,0.023200000000000002,0.0434,2013-10-27,2013-10-27 00:00:00,0.7890909090909091,-0.40664961636828634,0.42181818181818187,Aqua,00:00:00
0.07250000000000001,0.015000000000000001,0.06860000000000001,2013-10-29,2013-10-29 00:00:00,0.9576923076923077,-0.6571428571428571,0.20689655172413793,Aqua,00:00:00
0.0673,0.0137,0.0621,2013-10-30,2013-10-30 00:00:00,0.9509658246656761,-0.6617283950617283,0.20356612184249628,Aqua,00:00:00
0.07690000000000001,0.0158,0.075,2013-10-31,2013-10-31 00:00:00,0.9985875706214689,-0.6523560209424083,0.21039290240811154,Aqua,00:00:00
0.0582,0.0095,0.056900000000000006,2013-11-01,2013-11-01 00:00:00,0.9733333333333333,-0.7186544342507646,0.16370106761565836,Aqua,00:00:00
0.0847,0.016,0.0776,2013-11-09,2013-11-09 00:00:00,0.887154861944778,-0.6819085487077535,0.18912529550827423,Aqua,00:00:00
0.09280000000000001,0.0221,0.09630000000000001,2013-11-11,2013-11-11 00:00:00,1.0189673340358274,-0.6036199095022624,0.24717832957110608,Aqua,00:00:00
0.07830000000000001,0.018000000000000002,0.07980000000000001,2013-11-13,2013-11-13 00:00:00,1.0191570881226053,-0.6261682242990654,0.22988505747126436,Aqua,00:00:00
0.06620000000000001,0.0114,0.059000000000000004,2013-11-17,2013-11-17 00:00:00,0.879284649776453,-0.7063291139240506,0.17210682492581603,Aqua,00:00:00
0.0702,0.0188,0.060000000000000005,2013-11-21,2013-11-21 00:00:00,0.8618705035971223,-0.5736961451247167,0.27089337175792505,Aqua,00:00:00
0.0653,0.016900000000000002,0.056600000000000004,2013-11-22,2013-11-22 00:00:00,0.8746130030959752,-0.5759096612296111,0.26910828025477707,Aqua,00:00:00
0.06960000000000001,0.0164,0.0572,2013-11-23,2013-11-23 00:00:00,0.8125915080527086,-0.6041426927502876,0.2467718794835007,Aqua,00:00:00
0.0594,0.011000000000000001,0.0485,2013-11-24,2013-11-24 00:00:00,0.789795918367347,-0.6874999999999999,0.1851851851851852,Aqua,00:00:00
0.06860000000000001,0.0106,0.055400000000000005,2013-11-25,2013-11-25 00:00:00,0.8075801749271136,-0.7323232323232324,0.15451895043731775,Aqua,00:00:00
0.058300000000000005,0.009300000000000001,0.0575,2013-11-28,2013-11-28 00:00:00,0.9862778730703259,-0.7248520710059171,0.1595197255574614,Aqua,00:00:00
0.08420000000000001,0.0386,0.0634,2013-12-04,2013-12-04 00:00:00,0.7363530778164924,-0.3713355048859935,0.4584323040380047,Aqua,00:00:00
0.0487,0.0079,0.057600000000000005,2014-02-16,2014-02-16 00:00:00,1.215885947046843,-0.7129670406487014,0.16756479893272347,Aqua,00:00:00
0.06960000000000001,0.020900000000000002,0.0872,2014-02-19,2014-02-19 00:00:00,1.248914616497829,-0.5366795366795367,0.3015075376884422,Aqua,00:00:00
0.044500000000000005,0.0045000000000000005,0.056100000000000004,2014-02-22,2014-02-22 00:00:00,1.2687224669603525,-0.8143459915611814,0.10232558139534884,Aqua,00:00:00
0.043000000000000003,0.0094,0.0574,2014-02-25,2014-02-25 00:00:00,1.3481152993348116,-0.6360078277886496,0.22248803827751196,Aqua,00:00:00
0.0505,0.019700000000000002,0.060700000000000004,2014-03-07,2014-03-07 00:00:00,1.2030947775628626,-0.4387464387464387,0.3900990099009901,Aqua,00:00:00
0.061000000000000006,0.0181,0.0717,2014-03-10,2014-03-10 00:00:00,1.15962441314554,-0.5509708737864077,0.2895148669796558,Aqua,00:00:00
0.0373,0.0046,0.0456,2014-03-11,2014-03-11 00:00:00,1.1912144702842375,-0.7752293577981652,0.12661498708010333,Aqua,00:00:00
0.044500000000000005,0.0068000000000000005,0.0562,2014-03-12,2014-03-12 00:00:00,1.2736625514403292,-0.7357001972386589,0.15227272727272725,Aqua,00:00:00
0.039,0.006500000000000001,0.0482,2014-03-13,2014-03-13 00:00:00,1.2481012658227848,-0.7105263157894737,0.16923076923076924,Aqua,00:00:00
0.0497,0.016300000000000002,0.0621,2014-03-14,2014-03-14 00:00:00,1.2495049504950495,-0.506060606060606,0.3279678068410463,Aqua,00:00:00
0.037200000000000004,0.0094,0.046200000000000005,2014-03-15,2014-03-15 00:00:00,1.2454308093994777,-0.5965665236051503,0.25268817204301075,Aqua,00:00:00
0.0521,0.0115,0.0568,2014-03-17,2014-03-17 00:00:00,1.1097560975609757,-0.6423017107309488,0.2178030303030303,Aqua,00:00:00
0.0424,0.006,0.0516,2014-03-18,2014-03-18 00:00:00,1.2251655629139073,-0.7505197505197506,0.14251781472684083,Aqua,00:00:00
0.062,0.027600000000000003,0.0742,2014-03-19,2014-03-19 00:00:00,1.2086553323029365,-0.3863898500576701,0.44259567387687193,Aqua,00:00:00
0.0405,0.0057,0.0488,2014-03-20,2014-03-20 00:00:00,1.2049382716049384,-0.7510917030567684,0.14214463840399003,Aqua,00:00:00
0.053700000000000005,0.0148,0.0632,2014-03-21,2014-03-21 00:00:00,1.1610486891385767,-0.5714285714285714,0.27272727272727276,Aqua,00:00:00
0.0417,0.007500000000000001,0.049300000000000004,2014-03-22,2014-03-22 00:00:00,1.1733668341708543,-0.688622754491018,0.18439716312056736,Aqua,00:00:00
0.0451,0.013800000000000002,0.053000000000000005,2014-03-23,2014-03-23 00:00:00,1.2,-0.5307820299500832,0.30652173913043484,Aqua,00:00:00
0.0536,0.0098,0.06430000000000001,2014-04-02,2014-04-02 00:00:00,1.199626865671642,-0.690851735015773,0.1828358208955224,Aqua,00:00:00
0.057300000000000004,0.0155,0.0718,2014-04-06,2014-04-06 00:00:00,1.2677029360967187,-0.5724137931034482,0.2719298245614035,Aqua,00:00:00
0.0374,0.0079,0.0425,2014-04-07,2014-04-07 00:00:00,1.1363636363636365,-0.6403508771929826,0.21925133689839574,Aqua,00:00:00
0.0374,0.0091,0.0427,2014-04-10,2014-04-10 00:00:00,1.1368421052631579,-0.6155507559395249,0.23796791443850265,Aqua,00:00:00
0.0364,0.007500000000000001,0.0419,2014-04-11,2014-04-11 00:00:00,1.1479591836734695,-0.6545454545454545,0.20879120879120877,Aqua,00:00:00
0.0333,0.005200000000000001,0.0381,2014-04-12,2014-04-12 00:00:00,1.1446945337620578,-0.7178841309823677,0.16422287390029325,Aqua,00:00:00
0.042100000000000005,0.0071,0.051500000000000004,2014-04-13,2014-04-13 00:00:00,1.235011990407674,-0.7188118811881188,0.16359447004608296,Aqua,00:00:00
0.0609,0.0409,0.0665,2014-04-15,2014-04-15 00:00:00,1.0923076923076924,-0.18125,0.6931216931216931,Aqua,00:00:00
0.047900000000000005,0.0125,0.056100000000000004,2014-04-16,2014-04-16 00:00:00,1.1702127659574468,-0.5847176079734218,0.2620545073375262,Aqua,00:00:00
0.0575,0.0188,0.0671,2014-04-18,2014-04-18 00:00:00,1.1787003610108302,-0.49793103448275855,0.3351749539594844,Aqua,00:00:00
0.064,0.0286,0.0737,2014-04-19,2014-04-19 00:00:00,1.1515625,-0.3769063180827887,0.4525316455696202,Aqua,00:00:00
0.0568,0.022600000000000002,0.06860000000000001,2014-04-20,2014-04-20 00:00:00,1.2047101449275361,-0.4307304785894207,0.397887323943662,Aqua,00:00:00
0.0375,0.0076,0.0439,2014-04-28,2014-04-28 00:00:00,1.1737967914438503,-0.6681034482758622,0.19896640826873382,Aqua,00:00:00
0.0476,0.012700000000000001,0.0589,2014-04-29,2014-04-29 00:00:00,1.2263374485596708,-0.567921440261866,0.27557411273486426,Aqua,00:00:00
0.0422,0.0142,0.048600000000000004,2014-04-30,2014-04-30 00:00:00,1.1619537275064267,-0.5016835016835016,0.33183856502242154,Aqua,00:00:00
0.0415,0.0142,0.0492,2014-05-03,2014-05-03 00:00:00,1.1666666666666667,-0.4869109947643978,0.3450704225352113,Aqua,00:00:00
0.045700000000000005,0.0109,0.0545,2014-05-05,2014-05-05 00:00:00,1.1940298507462686,-0.6147110332749561,0.2386117136659436,Aqua,00:00:00
0.1073,0.08020000000000001,0.116,2014-05-06,2014-05-06 00:00:00,1.0810810810810811,-0.14453333333333332,0.7474370922646785,Aqua,00:00:00
0.069,0.047,0.0746,2014-05-07,2014-05-07 00:00:00,1.0828729281767955,-0.18965517241379315,0.681159420289855,Aqua,00:00:00
0.0492,0.0143,0.059500000000000004,2014-05-10,2014-05-10 00:00:00,1.209349593495935,-0.5467511885895404,0.29303278688524587,Aqua,00:00:00
0.0489,0.0171,0.0563,2014-05-11,2014-05-11 00:00:00,1.1556503198294243,-0.4809590973201693,0.35047619047619044,Aqua,00:00:00
0.0441,0.012400000000000001,0.0519,2014-05-13,2014-05-13 00:00:00,1.1748878923766817,-0.5622775800711745,0.28018223234624146,Aqua,00:00:00
0.0396,0.0076,0.0463,2014-05-14,2014-05-14 00:00:00,1.1653944020356233,-0.6779661016949152,0.1919191919191919,Aqua,00:00:00
0.048100000000000004,0.020800000000000003,0.054,2014-05-16,2014-05-16 00:00:00,1.1293634496919918,-0.3883058470764617,0.44060475161987045,Aqua,00:00:00
0.1135,0.1053,0.1675,2014-05-17,2014-05-17 00:00:00,1.4757709251101323,-0.037477148080438755,0.9277533039647577,Aqua,00:00:00
0.054400000000000004,0.0173,0.068,2014-05-19,2014-05-19 00:00:00,1.2490774907749078,-0.5174337517433752,0.3180147058823529,Aqua,00:00:00
0.0621,0.0291,0.0723,2014-05-20,2014-05-20 00:00:00,1.1704545454545454,-0.3618421052631579,0.4685990338164251,Aqua,00:00:00
0.0361,0.0066,0.0432,2014-05-21,2014-05-21 00:00:00,1.2,-0.6894117647058823,0.18384401114206128,Aqua,00:00:00
0.052700000000000004,0.0349,0.0648,2014-05-24,2014-05-24 00:00:00,1.2086776859504131,-0.2031963470319635,0.6622390891840607,Aqua,00:00:00
0.0396,0.0091,0.049,2014-05-26,2014-05-26 00:00:00,1.2592592592592593,-0.6315789473684211,0.22580645161290325,Aqua,00:00:00
0.0946,0.0687,0.10300000000000001,2014-05-27,2014-05-27 00:00:00,1.0887949260042284,-0.1569343065693431,0.7287066246056783,Aqua,00:00:00
0.0429,0.0126,0.0536,2014-05-29,2014-05-29 00:00:00,1.2587412587412588,-0.5459459459459459,0.2937062937062937,Aqua,00:00:00
0.0356,0.0102,0.0436,2014-05-30,2014-05-30 00:00:00,1.2347826086956522,-0.5495867768595041,0.2906666666666667,Aqua,00:00:00
0.0391,0.0109,0.0499,2014-05-31,2014-05-31 00:00:00,1.2762148337595907,-0.5691056910569107,0.27461139896373055,Aqua,00:00:00
0.037000000000000005,0.0111,0.0487,2014-06-01,2014-06-01 00:00:00,1.287206266318538,-0.5423728813559322,0.2967032967032967,Aqua,00:00:00
0.0673,0.046400000000000004,0.08510000000000001,2014-06-02,2014-06-02 00:00:00,1.2644873699851413,-0.18381706244503074,0.6894502228826153,Aqua,00:00:00
0.10060000000000001,0.0752,0.1078,2014-06-03,2014-06-03 00:00:00,1.0806100217864925,-0.14448236632536976,0.7475149105367793,Aqua,00:00:00
0.0296,0.006,0.042300000000000004,2014-06-04,2014-06-04 00:00:00,1.4328859060402686,-0.664804469273743,0.20134228187919465,Aqua,00:00:00
0.040100000000000004,0.016300000000000002,0.0522,2014-06-05,2014-06-05 00:00:00,1.3017456359102244,-0.4290718038528896,0.39950980392156865,Aqua,00:00:00
0.0328,0.0109,0.043000000000000003,2014-06-06,2014-06-06 00:00:00,1.3483483483483483,-0.5033860045146726,0.3303303303303303,Aqua,00:00:00
0.037200000000000004,0.018600000000000002,0.0522,2014-06-07,2014-06-07 00:00:00,1.3983739837398372,-0.32730560578661844,0.5068119891008175,Aqua,00:00:00
0.034300000000000004,0.0184,0.0492,2014-06-08,2014-06-08 00:00:00,1.4344023323615158,-0.30170777988614805,0.5364431486880465,Aqua,00:00:00
0.0346,0.0125,0.049100000000000005,2014-06-09,2014-06-09 00:00:00,1.4265129682997117,-0.4703389830508474,0.36023054755043227,Aqua,00:00:00
0.0297,0.0173,0.047,2014-06-10,2014-06-10 00:00:00,1.5928571428571427,-0.23620309050772628,0.6178571428571428,Aqua,00:00:00
0.032100000000000004,0.0205,0.049800000000000004,2014-06-11,2014-06-11 00:00:00,1.5981308411214954,-0.19765166340508805,0.6699346405228758,Aqua,00:00:00
0.09330000000000001,0.0763,0.1076,2014-06-12,2014-06-12 00:00:00,1.1719260065288357,-0.09274673008323425,0.8302502720348205,Aqua,00:00:00
0.033100000000000004,0.0171,0.0557,2014-06-13,2014-06-13 00:00:00,1.6798780487804879,-0.3187250996015936,0.5166163141993957,Aqua,00:00:00
0.0509,0.0455,0.0736,2014-06-15,2014-06-15 00:00:00,1.4459724950884085,-0.05601659751037347,0.8939096267190569,Aqua,00:00:00
0.0414,0.029500000000000002,0.0656,2014-06-16,2014-06-16 00:00:00,1.5845410628019325,-0.16784203102961914,0.71256038647343,Aqua,00:00:00
0.0482,0.04,0.076,2014-06-17,2014-06-17 00:00:00,1.5873684210526318,-0.0929705215419501,0.8298755186721992,Aqua,00:00:00
0.0298,0.0286,0.057600000000000005,2014-06-18,2014-06-18 00:00:00,1.946843853820598,-0.010380622837370238,0.9794520547945206,Aqua,00:00:00
0.0614,0.075,0.07970000000000001,2014-06-19,2014-06-19 00:00:00,1.2980456026058633,0.09970674486803516,1.2214983713355048,Aqua,00:00:00
0.0257,0.0216,0.0438,2014-06-20,2014-06-20 00:00:00,1.7338709677419355,-0.09623430962343095,0.8244274809160306,Aqua,00:00:00
0.0229,0.0164,0.042800000000000005,2014-06-22,2014-06-22 00:00:00,1.8341013824884793,-0.15245478036175708,0.7354260089686099,Aqua,00:00:00
0.041100000000000005,0.028900000000000002,0.0584,2014-06-23,2014-06-23 00:00:00,1.4209245742092456,-0.1742857142857143,0.7031630170316301,Aqua,00:00:00
0.0178,0.017,0.0432,2014-06-28,2014-06-28 00:00:00,2.3043478260869565,0.02719033232628403,1.0559006211180124,Aqua,00:00:00
0.0195,0.0119,0.0362,2014-06-29,2014-06-29 00:00:00,2.0769230769230766,-0.1877133105802048,0.6839080459770115,Aqua,00:00:00
0.0193,0.008700000000000001,0.0327,2014-06-30,2014-06-30 00:00:00,1.6943005181347148,-0.35555555555555546,0.4754098360655738,Aqua,00:00:00
0.035500000000000004,0.0178,0.054200000000000005,2014-07-01,2014-07-01 00:00:00,1.584,-0.3431734317343174,0.489010989010989,Aqua,00:00:00
0.0459,0.0414,0.0756,2014-07-02,2014-07-02 00:00:00,1.6470588235294117,-0.051546391752577365,0.9019607843137254,Aqua,00:00:00
0.0234,0.0228,0.0473,2014-07-05,2014-07-05 00:00:00,2.0213675213675213,-0.012987012987012983,0.9743589743589743,Aqua,00:00:00
0.0273,0.0083,0.0456,2014-07-06,2014-07-06 00:00:00,1.6529850746268655,-0.5294117647058824,0.3076923076923077,Aqua,00:00:00
0.028200000000000003,0.0158,0.0454,2014-07-07,2014-07-07 00:00:00,1.6134751773049643,-0.2745591939546599,0.5691699604743083,Aqua,00:00:00
0.0241,0.0229,0.0453,2014-07-10,2014-07-10 00:00:00,1.854838709677419,-0.021097046413502126,0.9586776859504131,Aqua,00:00:00
0.0274,0.0323,0.0506,2014-07-12,2014-07-12 00:00:00,1.8333333333333335,0.08207705192629818,1.1788321167883211,Aqua,00:00:00
0.0309,0.021,0.0463,2014-07-15,2014-07-15 00:00:00,1.471641791044776,-0.19305019305019303,0.6763754045307444,Aqua,00:00:00
0.0213,0.0088,0.0304,2014-07-17,2014-07-17 00:00:00,1.4272300469483568,-0.4074074074074074,0.42105263157894735,Aqua,00:00:00
0.030500000000000003,0.033600000000000005,0.0558,2014-07-18,2014-07-18 00:00:00,1.8461538461538463,0.11208151382823874,1.2524590163934426,Aqua,00:00:00
0.0262,0.020200000000000003,0.0424,2014-07-19,2014-07-19 00:00:00,1.6037037037037039,-0.16631578947368422,0.7148014440433212,Aqua,00:00:00
0.0233,0.0122,0.0366,2014-07-20,2014-07-20 00:00:00,1.5844155844155843,-0.31267605633802814,0.5236051502145923,Aqua,00:00:00
0.017,0.0149,0.031100000000000003,2014-07-24,2014-07-24 00:00:00,1.807909604519774,-0.08571428571428572,0.8421052631578947,Aqua,00:00:00
0.019100000000000002,0.016300000000000002,0.034800000000000005,2014-07-25,2014-07-25 00:00:00,1.8376963350785338,-0.08831908831908836,0.8376963350785339,Aqua,00:00:00
0.0216,0.007200000000000001,0.0347,2014-07-26,2014-07-26 00:00:00,1.6056338028169015,-0.4947368421052631,0.33802816901408456,Aqua,00:00:00
0.0046,0.0037,0.0236,2014-08-01,2014-08-01 00:00:00,5.130434782608695,-0.10843373493975901,0.8043478260869565,Aqua,00:00:00
0.038900000000000004,0.0709,0.0575,2014-08-03,2014-08-03 00:00:00,1.4781491002570692,0.2914389799635701,1.8226221079691516,Aqua,00:00:00
0.07390000000000001,0.059000000000000004,0.096,2014-08-04,2014-08-04 00:00:00,1.2990527740189444,-0.10447761194029855,0.8108108108108107,Aqua,00:00:00
0.0359,0.0195,0.052700000000000004,2014-08-07,2014-08-07 00:00:00,1.4605263157894737,-0.29090909090909095,0.5492957746478873,Aqua,00:00:00
0.038,0.026600000000000002,0.0608,2014-08-08,2014-08-08 00:00:00,1.6,-0.17647058823529405,0.7000000000000001,Aqua,00:00:00
0.0253,0.0235,0.0402,2014-08-09,2014-08-09 00:00:00,1.616788321167883,-0.05263157894736842,0.9,Aqua,00:00:00
0.0171,0.025500000000000002,0.0369,2014-08-10,2014-08-10 00:00:00,2.1578947368421053,0.19718309859154934,1.4912280701754386,Aqua,00:00:00
0.0367,0.052500000000000005,0.0648,2014-08-11,2014-08-11 00:00:00,1.7656675749318798,0.17713004484304934,1.430517711171662,Aqua,00:00:00
0.079,0.07010000000000001,0.10650000000000001,2014-08-14,2014-08-14 00:00:00,1.3481012658227849,-0.05969148222669343,0.8873417721518988,Aqua,00:00:00
0.0098,0.0008,0.012,2014-08-15,2014-08-15 00:00:00,1.2244897959183674,-0.8490566037735848,0.0816326530612245,Aqua,00:00:00
0.0358,0.019200000000000002,0.049800000000000004,2014-08-16,2014-08-16 00:00:00,1.36231884057971,-0.30181818181818176,0.5363128491620113,Aqua,00:00:00
0.0117,0.00030000000000000003,0.0189,2014-08-17,2014-08-17 00:00:00,1.6153846153846154,-0.9500000000000001,0.025641025641025644,Aqua,00:00:00
0.026600000000000002,0.009600000000000001,0.0352,2014-08-18,2014-08-18 00:00:00,1.3356890459363957,-0.46629213483146076,0.3639846743295019,Aqua,00:00:00
0.0806,0.08120000000000001,0.09670000000000001,2014-08-19,2014-08-19 00:00:00,1.2114649681528662,-0.0061199510403916815,0.9878345498783455,Aqua,00:00:00
0.024800000000000003,0.006200000000000001,0.034300000000000004,2014-08-20,2014-08-20 00:00:00,1.3884297520661157,-0.6049382716049383,0.24615384615384614,Aqua,00:00:00
0.030500000000000003,0.011300000000000001,0.0424,2014-08-21,2014-08-21 00:00:00,1.3966666666666665,-0.45631067961165056,0.3733333333333333,Aqua,00:00:00
0.055200000000000006,0.0324,0.068,2014-08-22,2014-08-22 00:00:00,1.232974910394265,-0.26292134831460673,0.5836298932384342,Aqua,00:00:00
0.027100000000000003,0.006900000000000001,0.0376,2014-08-23,2014-08-23 00:00:00,1.3874538745387452,-0.5943661971830986,0.254416961130742,Aqua,00:00:00
0.0396,0.0246,0.0511,2014-08-24,2014-08-24 00:00:00,1.2983870967741935,-0.22981366459627325,0.6262626262626263,Aqua,00:00:00
0.0337,0.013000000000000001,0.0451,2014-08-25,2014-08-25 00:00:00,1.3253731343283581,-0.4779116465863454,0.3532608695652174,Aqua,00:00:00
0.043300000000000005,0.0224,0.062,2014-08-26,2014-08-26 00:00:00,1.4318706697459582,-0.31811263318112637,0.5173210161662817,Aqua,00:00:00
0.0606,0.0658,0.08950000000000001,2014-08-27,2014-08-27 00:00:00,1.476897689768977,0.04113924050632908,1.0858085808580857,Aqua,00:00:00
0.0099,0.0024000000000000002,0.0037,2014-08-29,2014-08-29 00:00:00,0.3737373737373737,-0.6097560975609756,0.24242424242424243,Aqua,00:00:00
0.0359,0.041600000000000005,0.06280000000000001,2014-08-31,2014-08-31 00:00:00,1.6997455470737912,0.0452261306532664,1.0947368421052632,Aqua,00:00:00
0.031,0.011000000000000001,0.0448,2014-09-01,2014-09-01 00:00:00,1.4883720930232558,-0.4647201946472019,0.3654485049833887,Aqua,00:00:00
0.0162,0.0045000000000000005,0.0115,2014-09-02,2014-09-02 00:00:00,0.7098765432098766,-0.5502392344497608,0.29012345679012347,Aqua,00:00:00
0.0322,0.007200000000000001,0.0455,2014-09-03,2014-09-03 00:00:00,1.3987915407854983,-0.6426799007444169,0.2175226586102719,Aqua,00:00:00
0.0402,0.0123,0.057800000000000004,2014-09-04,2014-09-04 00:00:00,1.421994884910486,-0.5285171102661597,0.3084577114427861,Aqua,00:00:00
0.0341,0.0098,0.0468,2014-09-05,2014-09-05 00:00:00,1.3444816053511703,-0.5609756097560975,0.28125,Aqua,00:00:00
0.0506,0.0328,0.0616,2014-09-06,2014-09-06 00:00:00,1.2838709677419355,-0.21342925659472417,0.6482213438735178,Aqua,00:00:00
0.0367,0.0114,0.0465,2014-09-07,2014-09-07 00:00:00,1.3545454545454545,-0.5,0.3333333333333333,Aqua,00:00:00
0.0567,0.032100000000000004,0.07690000000000001,2014-09-08,2014-09-08 00:00:00,1.3398230088495575,-0.2834821428571428,0.5582608695652175,Aqua,00:00:00
0.0388,0.0094,0.0548,2014-09-09,2014-09-09 00:00:00,1.4175257731958764,-0.6099585062240664,0.2422680412371134,Aqua,00:00:00
0.0358,0.014400000000000001,0.0534,2014-09-10,2014-09-10 00:00:00,1.4567567567567568,-0.43083003952569165,0.39779005524861877,Aqua,00:00:00
0.0634,0.0279,0.08320000000000001,2014-09-11,2014-09-11 00:00:00,1.3102362204724411,-0.3768961493582264,0.4525423728813559,Aqua,00:00:00
0.044000000000000004,0.0129,0.0582,2014-09-14,2014-09-14 00:00:00,1.3227272727272725,-0.5464362850971921,0.2932960893854749,Aqua,00:00:00
0.055900000000000005,0.0339,0.0673,2014-09-15,2014-09-15 00:00:00,1.2039355992844363,-0.24498886414253904,0.6064400715563506,Aqua,00:00:00
0.0335,0.008,0.045700000000000005,2014-09-16,2014-09-16 00:00:00,1.3734567901234571,-0.613953488372093,0.23919308357348704,Aqua,00:00:00
0.0753,0.046,0.0873,2014-09-17,2014-09-17 00:00:00,1.1593625498007967,-0.2415498763396538,0.6108897742363877,Aqua,00:00:00
0.0315,0.0043,0.0437,2014-09-19,2014-09-19 00:00:00,1.3885542168674698,-0.7591036414565827,0.13694267515923564,Aqua,00:00:00
0.0523,0.0229,0.0751,2014-09-20,2014-09-20 00:00:00,1.4233716475095786,-0.3957219251336898,0.4329501915708812,Aqua,00:00:00
0.0468,0.0188,0.0679,2014-09-21,2014-09-21 00:00:00,1.4145833333333333,-0.42314335060449054,0.4053398058252427,Aqua,00:00:00
0.0339,0.010100000000000001,0.0519,2014-09-26,2014-09-26 00:00:00,1.55425219941349,-0.5325842696629214,0.3049853372434018,Aqua,00:00:00
0.04,0.0426,0.0629,2014-09-29,2014-09-29 00:00:00,1.5530864197530863,0.025270758122743653,1.0518518518518518,Aqua,00:00:00
0.0373,0.0106,0.0574,2014-09-30,2014-09-30 00:00:00,1.517150395778364,-0.5628865979381444,0.2796833773087071,Aqua,00:00:00
0.024900000000000002,0.0385,0.0427,2014-10-01,2014-10-01 00:00:00,1.6508379888268156,0.03903095558546433,1.0812324929971988,Aqua,00:00:00
0.0296,0.009300000000000001,0.043500000000000004,2014-10-02,2014-10-02 00:00:00,1.4745222929936304,-0.5059952038369305,0.32802547770700635,Aqua,00:00:00
0.026500000000000003,0.0055000000000000005,0.0388,2014-10-03,2014-10-03 00:00:00,1.4717607973421927,-0.6538461538461539,0.20930232558139533,Aqua,00:00:00
0.029,0.0046,0.0436,2014-10-04,2014-10-04 00:00:00,1.501639344262295,-0.7133550488599348,0.1673003802281369,Aqua,00:00:00
0.0228,0.0114,0.0378,2014-10-05,2014-10-05 00:00:00,1.6297872340425532,-0.31652661064425763,0.5191489361702128,Aqua,00:00:00
0.027200000000000002,0.0115,0.044500000000000005,2014-10-06,2014-10-06 00:00:00,1.6360294117647058,-0.4056847545219639,0.42279411764705876,Aqua,00:00:00
0.0261,0.0097,0.04005,2014-10-07,2014-10-07 00:00:00,1.5121951219512197,-0.4344023323615161,0.3943089430894309,Aqua,00:00:00
0.033100000000000004,0.0044,0.0471,2014-10-08,2014-10-08 00:00:00,1.4395280235988202,-0.7656249999999999,0.13274336283185842,Aqua,00:00:00
0.032,0.0097,0.0458,2014-10-09,2014-10-09 00:00:00,1.396875,-0.5467980295566504,0.29299363057324834,Aqua,00:00:00
0.0402,0.0071,0.0507,2014-10-12,2014-10-12 00:00:00,1.2686567164179106,-0.6997885835095137,0.17661691542288557,Aqua,00:00:00
0.07200000000000001,0.018500000000000003,0.07730000000000001,2014-10-13,2014-10-13 00:00:00,1.0794451450189155,-0.6089385474860335,0.24305555555555555,Aqua,00:00:00
0.056,0.012700000000000001,0.061500000000000006,2014-10-16,2014-10-16 00:00:00,1.0982142857142858,-0.6320754716981132,0.22543352601156072,Aqua,00:00:00
0.046700000000000005,0.0217,0.0589,2014-10-18,2014-10-18 00:00:00,1.2563025210084033,-0.3682678311499272,0.46170212765957447,Aqua,00:00:00
0.059300000000000005,0.014400000000000001,0.0723,2014-10-24,2014-10-24 00:00:00,1.2192242833052276,-0.6070528967254408,0.24451410658307207,Aqua,00:00:00
0.08990000000000001,0.07780000000000001,0.075,2014-10-25,2014-10-25 00:00:00,0.832408435072142,-0.07198096371207614,0.8657047724750278,Aqua,00:00:00
0.0765,0.0632,0.06960000000000001,2014-10-27,2014-10-27 00:00:00,0.8776041666666666,-0.09627329192546588,0.8243626062322945,Aqua,00:00:00
0.09770000000000001,0.035300000000000005,0.0964,2014-11-01,2014-11-01 00:00:00,0.9854166666666667,-0.4719521316379954,0.358739837398374,Aqua,00:00:00
0.0843,0.0196,0.0775,2014-11-07,2014-11-07 00:00:00,0.9257075471698113,-0.6275071633237822,0.22887323943661972,Aqua,00:00:00
0.08510000000000001,0.027,0.0845,2014-11-08,2014-11-08 00:00:00,1.0023696682464456,-0.5152603231597847,0.31990521327014215,Aqua,00:00:00
0.0829,0.0181,0.0722,2014-11-10,2014-11-10 00:00:00,0.8843373493975903,-0.6419386745796241,0.21807228915662652,Aqua,00:00:00
0.0671,0.0182,0.0551,2014-11-11,2014-11-11 00:00:00,0.8506056527590848,-0.606060606060606,0.24528301886792453,Aqua,00:00:00
0.0755,0.016900000000000002,0.07150000000000001,2014-11-15,2014-11-15 00:00:00,0.9536423841059604,-0.6341991341991342,0.22384105960264905,Aqua,00:00:00
0.1129,0.065,0.1129,2014-11-16,2014-11-16 00:00:00,1.0,-0.2692523889825745,0.5757307351638619,Aqua,00:00:00
0.07730000000000001,0.0263,0.079,2014-11-17,2014-11-17 00:00:00,1.0232858990944371,-0.4955665024630543,0.33728590250329377,Aqua,00:00:00
0.07440000000000001,0.019,0.0794,2014-11-24,2014-11-24 00:00:00,1.0672043010752688,-0.5931477516059958,0.25537634408602145,Aqua,00:00:00
0.0648,0.0091,0.06910000000000001,2014-11-25,2014-11-25 00:00:00,1.0933544303797469,-0.7560975609756097,0.13888888888888892,Aqua,00:00:00
0.0636,0.0123,0.0653,2014-11-29,2014-11-29 00:00:00,1.0157232704402517,-0.6785714285714286,0.19148936170212766,Aqua,00:00:00
0.0608,0.012700000000000001,0.0534,2014-12-26,2014-12-26 00:00:00,0.8707592891760905,-0.6572958500669345,0.20678513731825524,Aqua,00:00:00
0.0658,0.038,0.0449,2014-12-28,2014-12-28 00:00:00,0.6864274570982839,-0.27338129496402874,0.5706214689265537,Aqua,00:00:00
0.0707,0.0323,0.046400000000000004,2014-12-30,2014-12-30 00:00:00,0.6562942008486563,-0.33675564681724846,0.49615975422427033,Aqua,00:00:00
0.07930000000000001,0.039900000000000005,0.0639,2014-12-31,2014-12-31 00:00:00,0.8058007566204286,-0.33053691275167785,0.5031525851197982,Aqua,00:00:00
0.10200000000000001,0.055400000000000005,0.0787,2015-01-01,2015-01-01 00:00:00,0.7715686274509804,-0.2960609911054638,0.5431372549019607,Aqua,00:00:00
0.08360000000000001,0.0322,0.0741,2015-01-07,2015-01-07 00:00:00,0.8954802259887005,-0.44097222222222227,0.38795180722891565,Aqua,00:00:00
0.0575,0.0164,0.06380000000000001,2015-01-19,2015-01-19 00:00:00,1.1095652173913044,-0.5561569688768605,0.2852173913043478,Aqua,00:00:00
0.038900000000000004,0.0081,0.0354,2015-01-20,2015-01-20 00:00:00,0.9100257069408739,-0.649438202247191,0.2125340599455041,Aqua,00:00:00
0.0427,0.0167,0.0465,2015-01-24,2015-01-24 00:00:00,1.0889929742388758,-0.4377104377104377,0.3911007025761124,Aqua,00:00:00
0.0378,0.0083,0.04,2015-01-25,2015-01-25 00:00:00,1.0782997762863533,-0.6255924170616114,0.2303206997084548,Aqua,00:00:00
0.040400000000000005,0.006200000000000001,0.04,2015-01-30,2015-01-30 00:00:00,1.008108108108108,-0.7289719626168225,0.15675675675675674,Aqua,00:00:00
0.0385,0.0061,0.0359,2015-01-31,2015-01-31 00:00:00,0.9833795013850416,-0.7282850779510022,0.15721649484536082,Aqua,00:00:00
0.0526,0.0098,0.0465,2015-02-14,2015-02-14 00:00:00,0.8840304182509505,-0.6829268292682927,0.18840579710144928,Aqua,00:00:00
0.0666,0.019200000000000002,0.07150000000000001,2015-02-17,2015-02-17 00:00:00,1.0735735735735736,-0.5524475524475524,0.2882882882882883,Aqua,00:00:00
0.0579,0.0099,0.0562,2015-02-18,2015-02-18 00:00:00,0.9574105621805792,-0.7052023121387283,0.17288135593220338,Aqua,00:00:00
0.043500000000000004,0.0074,0.0414,2015-02-19,2015-02-19 00:00:00,0.9495192307692306,-0.7142857142857144,0.16666666666666663,Aqua,00:00:00
0.07350000000000001,0.035,0.0784,2015-02-20,2015-02-20 00:00:00,1.0666666666666664,-0.3548387096774194,0.47619047619047616,Aqua,00:00:00
0.0512,0.0098,0.054700000000000006,2015-02-21,2015-02-21 00:00:00,1.068359375,-0.6643835616438355,0.2016460905349794,Aqua,00:00:00
0.0507,0.0099,0.0502,2015-02-22,2015-02-22 00:00:00,0.9980079681274902,-0.6705490848585691,0.19721115537848607,Aqua,00:00:00
0.049800000000000004,0.009600000000000001,0.047,2015-02-23,2015-02-23 00:00:00,0.9282868525896415,-0.6779388083735909,0.19193857965451055,Aqua,00:00:00
0.0499,0.0068000000000000005,0.0514,2015-02-24,2015-02-24 00:00:00,1.0346938775510204,-0.7594254937163376,0.13673469387755102,Aqua,00:00:00
0.064,0.023200000000000002,0.06860000000000001,2015-02-25,2015-02-25 00:00:00,1.0806962025316456,-0.4684994272623139,0.3619344773790952,Aqua,00:00:00
0.0641,0.0146,0.0674,2015-02-28,2015-02-28 00:00:00,1.0514820592823713,-0.6289707750952985,0.22776911076443057,Aqua,00:00:00
0.049100000000000005,0.010100000000000001,0.0523,2015-03-01,2015-03-01 00:00:00,1.065173116089613,-0.6587837837837839,0.20570264765784116,Aqua,00:00:00
0.047,0.008700000000000001,0.049,2015-03-02,2015-03-02 00:00:00,1.0555555555555554,-0.6830985915492958,0.1882845188284519,Aqua,00:00:00
0.044500000000000005,0.010700000000000001,0.0487,2015-03-03,2015-03-03 00:00:00,1.0845410628019325,-0.6069565217391304,0.24458874458874458,Aqua,00:00:00
0.048100000000000004,0.0091,0.051300000000000005,2015-03-04,2015-03-04 00:00:00,1.075875486381323,-0.6928571428571427,0.18143459915611812,Aqua,00:00:00
0.0543,0.0142,0.062,2015-03-06,2015-03-06 00:00:00,1.118867924528302,-0.5879828326180256,0.2594594594594595,Aqua,00:00:00
0.044500000000000005,0.011000000000000001,0.049100000000000005,2015-03-07,2015-03-07 00:00:00,1.1098398169336383,-0.5978062157221206,0.2517162471395881,Aqua,00:00:00
0.0528,0.012100000000000001,0.060000000000000005,2015-03-08,2015-03-08 00:00:00,1.130514705882353,-0.6284829721362228,0.22813688212927757,Aqua,00:00:00
0.0424,0.0058000000000000005,0.0466,2015-03-09,2015-03-09 00:00:00,1.1026252983293556,-0.7573221757322176,0.1380952380952381,Aqua,00:00:00
0.048600000000000004,0.010400000000000001,0.054900000000000004,2015-03-12,2015-03-12 00:00:00,1.1294363256784967,-0.6474576271186441,0.2139917695473251,Aqua,00:00:00
0.0574,0.0131,0.0653,2015-03-17,2015-03-17 00:00:00,1.1391304347826088,-0.628368794326241,0.22822299651567945,Aqua,00:00:00
0.044700000000000004,0.007,0.049100000000000005,2015-03-18,2015-03-18 00:00:00,1.0956521739130436,-0.7292069632495165,0.1565995525727069,Aqua,00:00:00
0.0413,0.0105,0.0463,2015-03-21,2015-03-21 00:00:00,1.0969387755102042,-0.6062992125984251,0.24509803921568626,Aqua,00:00:00
0.0449,0.0079,0.0507,2015-03-26,2015-03-26 00:00:00,1.1291759465478841,-0.7013232514177695,0.17555555555555555,Aqua,00:00:00
0.0429,0.0095,0.047400000000000005,2015-03-27,2015-03-27 00:00:00,1.1,-0.6448598130841121,0.21590909090909088,Aqua,00:00:00
0.050100000000000006,0.0166,0.0551,2015-03-28,2015-03-28 00:00:00,1.0931174089068827,-0.48675034867503486,0.3452157598499062,Aqua,00:00:00
0.0522,0.0106,0.059300000000000005,2015-03-29,2015-03-29 00:00:00,1.1290944123314066,-0.6634920634920636,0.20229007633587787,Aqua,00:00:00
0.0476,0.0119,0.0519,2015-04-01,2015-04-01 00:00:00,1.088421052631579,-0.6040955631399317,0.2468085106382979,Aqua,00:00:00
0.053500000000000006,0.0188,0.0604,2015-04-02,2015-04-02 00:00:00,1.1254681647940075,-0.479224376731302,0.35205992509363293,Aqua,00:00:00
0.0693,0.027,0.07390000000000001,2015-04-09,2015-04-09 00:00:00,1.067919075144509,-0.4392523364485982,0.38961038961038963,Aqua,00:00:00
0.07680000000000001,0.042100000000000005,0.0794,2015-04-10,2015-04-10 00:00:00,1.0338541666666665,-0.29184188393608074,0.5481770833333334,Aqua,00:00:00
0.076,0.0253,0.0847,2015-04-11,2015-04-11 00:00:00,1.1591549295774646,-0.5024582104228122,0.33115183246073293,Aqua,00:00:00
0.050300000000000004,0.0206,0.0536,2015-04-12,2015-04-12 00:00:00,1.0311926605504587,-0.4421965317919075,0.3867735470941884,Aqua,00:00:00
0.079,0.0325,0.08080000000000001,2015-04-14,2015-04-14 00:00:00,1.0259579728059334,-0.41918294849023086,0.409261576971214,Aqua,00:00:00
0.0495,0.0086,0.049100000000000005,2015-04-15,2015-04-15 00:00:00,0.9959758551307847,-0.7039586919104992,0.17373737373737372,Aqua,00:00:00
0.0524,0.0095,0.056100000000000004,2015-04-16,2015-04-16 00:00:00,1.0702402957486137,-0.6850393700787402,0.18691588785046728,Aqua,00:00:00
0.041800000000000004,0.007,0.0439,2015-04-17,2015-04-17 00:00:00,1.0502392344497606,-0.7148846960167715,0.1662591687041565,Aqua,00:00:00
0.0692,0.033800000000000004,0.0789,2015-04-19,2015-04-19 00:00:00,1.1403508771929824,-0.344294003868472,0.4877697841726618,Aqua,00:00:00
0.0409,0.0099,0.043300000000000005,2015-04-22,2015-04-22 00:00:00,1.086092715231788,-0.6261343012704175,0.2299107142857143,Aqua,00:00:00
0.0782,0.0386,0.0857,2015-04-24,2015-04-24 00:00:00,1.0959079283887467,-0.3390410958904109,0.4936061381074169,Aqua,00:00:00
0.0742,0.0322,0.0862,2015-04-25,2015-04-25 00:00:00,1.1648648648648647,-0.3947858472998138,0.43391188251001334,Aqua,00:00:00
0.055600000000000004,0.0151,0.0654,2015-04-26,2015-04-26 00:00:00,1.1688073394495415,-0.5660919540229885,0.27706422018348625,Aqua,00:00:00
0.0408,0.0077,0.0483,2015-04-27,2015-04-27 00:00:00,1.1951807228915663,-0.6790123456790124,0.19117647058823528,Aqua,00:00:00
0.0414,0.009000000000000001,0.047400000000000005,2015-04-29,2015-04-29 00:00:00,1.1449275362318843,-0.6411290322580646,0.21867321867321868,Aqua,00:00:00
0.062400000000000004,0.0286,0.0743,2015-04-30,2015-04-30 00:00:00,1.2007168458781363,-0.3714285714285715,0.4583333333333333,Aqua,00:00:00
0.0432,0.017,0.050300000000000004,2015-05-01,2015-05-01 00:00:00,1.1681614349775784,-0.43999999999999995,0.38888888888888895,Aqua,00:00:00
0.0499,0.0188,0.0625,2015-05-02,2015-05-02 00:00:00,1.25250501002004,-0.45269286754002913,0.37675350701402804,Aqua,00:00:00
0.039900000000000005,0.0201,0.0454,2015-05-03,2015-05-03 00:00:00,1.2239382239382237,-0.15546218487394958,0.730909090909091,Aqua,00:00:00
0.0594,0.050300000000000004,0.0685,2015-05-04,2015-05-04 00:00:00,1.1482112436115843,-0.07706422018348622,0.8568994889267462,Aqua,00:00:00
0.0485,0.012400000000000001,0.0587,2015-05-06,2015-05-06 00:00:00,1.2103092783505154,-0.5927750410509031,0.25567010309278354,Aqua,00:00:00
0.059500000000000004,0.0245,0.0685,2015-05-07,2015-05-07 00:00:00,1.150974025974026,-0.4208675263774912,0.4075907590759076,Aqua,00:00:00
0.050100000000000006,0.0201,0.0599,2015-05-09,2015-05-09 00:00:00,1.198744769874477,-0.4232954545454546,0.405189620758483,Aqua,00:00:00
0.0553,0.026500000000000003,0.0669,2015-05-24,2015-05-24 00:00:00,1.2003514938488575,-0.3520782396088019,0.47920433996383366,Aqua,00:00:00
0.0346,0.007200000000000001,0.0439,2015-05-26,2015-05-26 00:00:00,1.2672413793103448,-0.6532066508313539,0.2097701149425287,Aqua,00:00:00
0.0363,0.0089,0.05,2015-05-27,2015-05-27 00:00:00,1.3774104683195594,-0.6036446469248292,0.24715909090909094,Aqua,00:00:00
0.0247,0.0091,0.04,2015-06-08,2015-06-08 00:00:00,1.6228813559322035,-0.46153846153846156,0.368421052631579,Aqua,00:00:00
0.025550000000000003,0.0103,0.0414,2015-06-10,2015-06-10 00:00:00,1.6363636363636365,-0.42535211267605627,0.40316205533596844,Aqua,00:00:00
0.0204,0.007,0.0362,2015-06-11,2015-06-11 00:00:00,1.748743718592965,-0.5053003533568905,0.3286384976525822,Aqua,00:00:00
0.022600000000000002,0.0095,0.0438,2015-06-12,2015-06-12 00:00:00,1.944700460829493,-0.4080996884735203,0.4203539823008849,Aqua,00:00:00
0.058,0.047900000000000005,0.0767,2015-06-13,2015-06-13 00:00:00,1.3224137931034483,-0.09537299338999053,0.8258620689655173,Aqua,00:00:00
0.0263,0.014700000000000001,0.046700000000000005,2015-06-14,2015-06-14 00:00:00,1.7943548387096775,-0.25569620253164554,0.592741935483871,Aqua,00:00:00
0.0252,0.0148,0.046400000000000004,2015-06-15,2015-06-15 00:00:00,1.8634538152610443,-0.25870646766169153,0.5889328063241107,Aqua,00:00:00
0.0247,0.0114,0.0444,2015-06-16,2015-06-16 00:00:00,1.8189655172413792,-0.3595505617977528,0.47107438016528924,Aqua,00:00:00
0.022000000000000002,0.0177,0.045200000000000004,2015-06-17,2015-06-17 00:00:00,2.035398230088495,-0.10831234256926957,0.8045454545454545,Aqua,00:00:00
0.020900000000000002,0.016800000000000002,0.044500000000000005,2015-06-18,2015-06-18 00:00:00,2.1037735849056602,-0.10695187165775401,0.8067632850241546,Aqua,00:00:00
0.0229,0.0368,0.0507,2015-06-19,2015-06-19 00:00:00,2.417582417582418,0.28881987577639756,1.812227074235808,Aqua,00:00:00
0.031900000000000005,0.0201,0.0529,2015-06-21,2015-06-21 00:00:00,1.7037037037037037,-0.1939736346516007,0.6750788643533124,Aqua,00:00:00
0.023700000000000002,0.020300000000000002,0.0443,2015-06-24,2015-06-24 00:00:00,1.854251012145749,-0.06451612903225806,0.8787878787878788,Aqua,00:00:00
0.0201,0.0109,0.0351,2015-06-25,2015-06-25 00:00:00,1.7070707070707072,-0.3192771084337349,0.5159817351598174,Aqua,00:00:00
0.0475,0.049800000000000004,0.0712,2015-06-29,2015-06-29 00:00:00,1.4989473684210526,0.023638232271325832,1.048421052631579,Aqua,00:00:00
0.0267,0.0132,0.048400000000000006,2015-06-30,2015-06-30 00:00:00,1.8290909090909093,-0.3383458646616541,0.4943820224719101,Aqua,00:00:00
0.0345,0.0213,0.0526,2015-07-01,2015-07-01 00:00:00,1.518840579710145,-0.24468085106382978,0.6068376068376068,Aqua,00:00:00
0.031100000000000003,0.0145,0.0454,2015-07-02,2015-07-02 00:00:00,1.4786885245901638,-0.36465324384787473,0.46557377049180326,Aqua,00:00:00
0.0207,0.0115,0.0354,2015-07-06,2015-07-06 00:00:00,1.6682242990654206,-0.31137724550898205,0.5251141552511416,Aqua,00:00:00
0.0539,0.0335,0.0791,2015-07-07,2015-07-07 00:00:00,1.4675324675324675,-0.2334096109839817,0.62152133580705,Aqua,00:00:00
0.048,0.0309,0.0671,2015-07-15,2015-07-15 00:00:00,1.4323374340949033,-0.2167300380228137,0.64375,Aqua,00:00:00
0.0207,0.0086,0.039900000000000005,2015-07-16,2015-07-16 00:00:00,1.9275362318840583,-0.4129692832764505,0.41545893719806765,Aqua,00:00:00
0.0219,0.0091,0.0383,2015-07-18,2015-07-18 00:00:00,1.7330316742081446,-0.42500000000000004,0.40350877192982454,Aqua,00:00:00
0.0263,0.0094,0.0434,2015-07-19,2015-07-19 00:00:00,1.6515151515151516,-0.4748603351955308,0.3560606060606061,Aqua,00:00:00
0.0239,0.0091,0.0424,2015-07-20,2015-07-20 00:00:00,1.7613168724279835,-0.4431137724550898,0.38589211618257263,Aqua,00:00:00
0.038,0.0284,0.0614,2015-07-23,2015-07-23 00:00:00,1.631578947368421,-0.16030534351145037,0.7236842105263158,Aqua,00:00:00
0.040100000000000004,0.0317,0.061500000000000006,2015-07-24,2015-07-24 00:00:00,1.5163551401869158,-0.1455525606469003,0.7458823529411764,Aqua,00:00:00
0.0414,0.0487,0.075,2015-07-26,2015-07-26 00:00:00,1.8115942028985508,0.08102108768035517,1.176328502415459,Aqua,00:00:00
0.0206,0.013800000000000002,0.0402,2015-07-27,2015-07-27 00:00:00,2.0145631067961167,-0.17045454545454544,0.7087378640776699,Aqua,00:00:00
0.027100000000000003,0.0134,0.046900000000000004,2015-07-28,2015-07-28 00:00:00,1.7321428571428572,-0.33827160493827163,0.49446494464944646,Aqua,00:00:00
0.0204,0.0112,0.036500000000000005,2015-07-29,2015-07-29 00:00:00,1.7263681592039801,-0.28434504792332266,0.5572139303482587,Aqua,00:00:00
0.029400000000000003,0.020900000000000002,0.0497,2015-08-05,2015-08-05 00:00:00,1.6806451612903226,-0.16260162601626016,0.7202797202797203,Aqua,00:00:00
0.0805,0.07250000000000001,0.1265,2015-08-08,2015-08-08 00:00:00,1.5714285714285714,-0.05228758169934635,0.9006211180124224,Aqua,00:00:00
0.020300000000000002,0.013300000000000001,0.039,2015-08-12,2015-08-12 00:00:00,1.980487804878049,-0.21301775147928992,0.6487804878048781,Aqua,00:00:00
0.0253,0.033800000000000004,0.0574,2015-08-13,2015-08-13 00:00:00,2.253012048192771,0.13422818791946314,1.310077519379845,Aqua,00:00:00
0.001,0.023,0.0063,2015-08-14,2015-08-14 00:00:00,6.3,0.9166666666666666,23.0,Aqua,00:00:00
0.023700000000000002,0.0386,0.055900000000000005,2015-08-15,2015-08-15 00:00:00,2.3586497890295357,0.260952380952381,1.7061855670103094,Aqua,00:00:00
0.0238,0.0173,0.0439,2015-08-16,2015-08-16 00:00:00,1.8000000000000003,-0.1691542288557214,0.7106382978723405,Aqua,00:00:00
0.0371,0.0292,0.0585,2015-08-17,2015-08-17 00:00:00,1.5657894736842106,-0.13095238095238093,0.768421052631579,Aqua,00:00:00
0.0315,0.0221,0.056400000000000006,2015-08-19,2015-08-19 00:00:00,1.7560975609756098,-0.1753731343283582,0.7015873015873016,Aqua,00:00:00
0.0316,0.019100000000000002,0.0587,2015-08-20,2015-08-20 00:00:00,1.8229813664596275,-0.25536062378167634,0.5931677018633541,Aqua,00:00:00
0.027200000000000002,0.012,0.0465,2015-08-21,2015-08-21 00:00:00,1.7142857142857142,-0.38775510204081637,0.4411764705882353,Aqua,00:00:00
0.0279,0.020300000000000002,0.050800000000000005,2015-08-24,2015-08-24 00:00:00,1.839344262295082,-0.16949152542372886,0.7101449275362318,Aqua,00:00:00
0.0354,0.0436,0.0669,2015-08-27,2015-08-27 00:00:00,1.8107344632768363,0.036860879904875125,1.0765432098765433,Aqua,00:00:00
0.031,0.0519,0.058,2015-08-31,2015-08-31 00:00:00,1.898305084745763,0.27681307456588355,1.7655367231638417,Aqua,00:00:00
0.0244,0.0188,0.0427,2015-09-01,2015-09-01 00:00:00,1.75,-0.12962962962962965,0.7704918032786885,Aqua,00:00:00
0.0244,0.0246,0.044500000000000005,2015-09-03,2015-09-03 00:00:00,1.8663594470046083,0.01992031872509962,1.0406504065040652,Aqua,00:00:00
0.034300000000000004,0.0228,0.055400000000000005,2015-09-04,2015-09-04 00:00:00,1.6997084548104955,-0.20140105078809112,0.6647230320699707,Aqua,00:00:00
0.024,0.0489,0.0472,2015-09-05,2015-09-05 00:00:00,2.195348837209302,0.3216216216216216,1.9482071713147409,Aqua,00:00:00
0.0239,0.02,0.044000000000000004,2015-09-07,2015-09-07 00:00:00,1.8410041841004186,-0.07192575406032488,0.8658008658008657,Aqua,00:00:00
0.022000000000000002,0.010100000000000001,0.0342,2015-09-08,2015-09-08 00:00:00,1.5,-0.3687499999999999,0.46118721461187223,Aqua,00:00:00
0.0302,0.0219,0.0505,2015-09-09,2015-09-09 00:00:00,1.6721854304635762,-0.1593090211132438,0.7251655629139072,Aqua,00:00:00
0.024,0.019,0.042300000000000004,2015-09-10,2015-09-10 00:00:00,1.7436974789915967,-0.1363636363636364,0.7599999999999999,Aqua,00:00:00
0.0446,0.0332,0.0629,2015-09-13,2015-09-13 00:00:00,1.393805309734513,-0.15089514066496168,0.7377777777777776,Aqua,00:00:00
0.0291,0.031900000000000005,0.053200000000000004,2015-09-18,2015-09-18 00:00:00,1.7965367965367964,0.16000000000000003,1.380952380952381,Aqua,00:00:00
0.0247,0.0267,0.0483,2015-09-19,2015-09-19 00:00:00,1.896825396825397,0.039130434782608685,1.081447963800905,Aqua,00:00:00
0.0222,0.011300000000000001,0.0367,2015-09-20,2015-09-20 00:00:00,1.6531531531531531,-0.3253731343283582,0.509009009009009,Aqua,00:00:00
0.0279,0.011000000000000001,0.0427,2015-09-21,2015-09-21 00:00:00,1.4982456140350877,-0.44303797468354433,0.3859649122807018,Aqua,00:00:00
0.0198,0.014700000000000001,0.036500000000000005,2015-09-22,2015-09-22 00:00:00,1.796875,-0.13274336283185842,0.765625,Aqua,00:00:00
0.0451,0.039900000000000005,0.060200000000000004,2015-09-23,2015-09-23 00:00:00,1.3348115299334813,-0.06117647058823525,0.8847006651884701,Aqua,00:00:00
0.0227,0.009000000000000001,0.0322,2015-09-24,2015-09-24 00:00:00,1.4061135371179039,-0.45454545454545453,0.37500000000000006,Aqua,00:00:00
0.0247,0.0055000000000000005,0.0376,2015-09-25,2015-09-25 00:00:00,1.5119047619047619,-0.6351791530944625,0.22310756972111553,Aqua,00:00:00
0.038400000000000004,0.0313,0.0531,2015-09-26,2015-09-26 00:00:00,1.4010416666666665,-0.11304347826086958,0.796875,Aqua,00:00:00
0.0253,0.0115,0.0381,2015-09-27,2015-09-27 00:00:00,1.4864864864864864,-0.3850267379679145,0.44401544401544396,Aqua,00:00:00
0.025900000000000003,0.009300000000000001,0.035300000000000005,2015-09-28,2015-09-28 00:00:00,1.4331797235023043,-0.40909090909090906,0.41935483870967744,Aqua,00:00:00
0.0239,0.0073,0.0334,2015-09-29,2015-09-29 00:00:00,1.344,-0.521311475409836,0.3146551724137931,Aqua,00:00:00
0.0257,0.0129,0.042,2015-10-02,2015-10-02 00:00:00,1.596958174904943,-0.3418367346938776,0.49049429657794674,Aqua,00:00:00
0.032100000000000004,0.0154,0.0488,2015-10-04,2015-10-04 00:00:00,1.5202492211838006,-0.35398230088495575,0.4771241830065359,Aqua,00:00:00
0.0281,0.0395,0.050800000000000005,2015-10-05,2015-10-05 00:00:00,1.795053003533569,0.16519174041297932,1.3957597173144876,Aqua,00:00:00
0.0302,0.0057,0.0402,2015-10-09,2015-10-09 00:00:00,1.3311258278145695,-0.6824512534818942,0.18874172185430463,Aqua,00:00:00
0.0297,0.0097,0.041100000000000005,2015-10-11,2015-10-11 00:00:00,1.4175084175084176,-0.5245098039215687,0.31189710610932475,Aqua,00:00:00
0.0246,0.0092,0.036500000000000005,2015-10-12,2015-10-12 00:00:00,1.4789272030651341,-0.4390243902439025,0.3898305084745763,Aqua,00:00:00
0.025500000000000002,0.0081,0.038200000000000005,2015-10-13,2015-10-13 00:00:00,1.4693140794223825,-0.5182926829268293,0.3172690763052209,Aqua,00:00:00
0.0393,0.0223,0.0546,2015-10-14,2015-10-14 00:00:00,1.366093366093366,-0.3020344287949922,0.5360576923076923,Aqua,00:00:00
0.0352,0.013800000000000002,0.0494,2015-10-15,2015-10-15 00:00:00,1.302439024390244,-0.4857142857142857,0.34615384615384615,Aqua,00:00:00
0.044000000000000004,0.0175,0.0609,2015-10-16,2015-10-16 00:00:00,1.3857758620689655,-0.4444444444444444,0.38461538461538464,Aqua,00:00:00
0.0285,0.0071,0.042800000000000005,2015-10-20,2015-10-20 00:00:00,1.5017543859649123,-0.601123595505618,0.24912280701754386,Aqua,00:00:00
0.0279,0.0284,0.0419,2015-10-21,2015-10-21 00:00:00,1.4481481481481482,-0.12202380952380955,0.7824933687002652,Aqua,00:00:00
0.0446,0.020800000000000003,0.057300000000000004,2015-10-22,2015-10-22 00:00:00,1.2317596566523605,-0.3609831029185867,0.4695259593679459,Aqua,00:00:00
0.0417,0.013000000000000001,0.0516,2015-10-26,2015-10-26 00:00:00,1.2134292565947242,-0.5700934579439252,0.27380952380952384,Aqua,00:00:00
0.0645,0.014700000000000001,0.0816,2015-10-28,2015-10-28 00:00:00,1.277511961722488,-0.6287878787878787,0.22790697674418606,Aqua,00:00:00
0.0364,0.0228,0.0459,2015-10-29,2015-10-29 00:00:00,1.4133663366336633,-0.24848484848484845,0.6019417475728156,Aqua,00:00:00
0.0611,0.0114,0.06620000000000001,2015-11-02,2015-11-02 00:00:00,1.1176470588235294,-0.6785714285714285,0.19148936170212766,Aqua,00:00:00
0.049800000000000004,0.0172,0.0604,2015-11-04,2015-11-04 00:00:00,1.228962818003914,-0.46855345911949686,0.3618843683083512,Aqua,00:00:00
0.0733,0.0235,0.0709,2015-11-10,2015-11-10 00:00:00,0.9672578444747613,-0.5628997867803838,0.27967257844474763,Aqua,00:00:00
0.0651,0.0106,0.0748,2015-11-12,2015-11-12 00:00:00,1.1126543209876543,-0.7165562913907284,0.1651234567901235,Aqua,00:00:00
0.101,0.0398,0.10210000000000001,2015-11-16,2015-11-16 00:00:00,1.0124401913875598,-0.43459915611814354,0.3941176470588235,Aqua,00:00:00
0.0742,0.0176,0.0659,2015-11-18,2015-11-18 00:00:00,0.8957219251336899,-0.6130434782608697,0.2398921832884097,Aqua,00:00:00
0.0955,0.0444,0.09820000000000001,2015-11-20,2015-11-20 00:00:00,1.0231749710312863,-0.3737931034482759,0.45582329317269077,Aqua,00:00:00
0.066,0.0164,0.058,2015-11-21,2015-11-21 00:00:00,0.8874773139745916,-0.596130592503023,0.253030303030303,Aqua,00:00:00
0.0711,0.0179,0.07010000000000001,2015-11-23,2015-11-23 00:00:00,0.9831697054698458,-0.5899198167239404,0.2579250720461095,Aqua,00:00:00
0.08660000000000001,0.0262,0.0684,2015-11-26,2015-11-26 00:00:00,0.8135593220338984,-0.5324675324675325,0.30508474576271183,Aqua,00:00:00
0.0741,0.0206,0.06620000000000001,2015-11-27,2015-11-27 00:00:00,0.9034482758620689,-0.5690376569037657,0.27466666666666667,Aqua,00:00:00
0.0611,0.0128,0.07970000000000001,2016-01-31,2016-01-31 00:00:00,1.2945990180032734,-0.6535859269282814,0.20949263502454993,Aqua,00:00:00
0.0572,0.0106,0.06960000000000001,2016-02-01,2016-02-01 00:00:00,1.2167832167832169,-0.6873156342182891,0.1853146853146853,Aqua,00:00:00
0.0504,0.0088,0.0606,2016-02-07,2016-02-07 00:00:00,1.243801652892562,-0.6923076923076923,0.1818181818181818,Aqua,00:00:00
0.0403,0.006,0.0436,2016-02-08,2016-02-08 00:00:00,1.1174934725848564,-0.7291196388261851,0.1566579634464752,Aqua,00:00:00
0.0835,0.0397,0.08320000000000001,2016-02-17,2016-02-17 00:00:00,0.9964071856287425,-0.35551948051948057,0.47544910179640715,Aqua,00:00:00
0.051800000000000006,0.009300000000000001,0.0511,2016-02-22,2016-02-22 00:00:00,0.9921414538310414,-0.6918138041733546,0.18216318785578747,Aqua,00:00:00
0.0448,0.012100000000000001,0.046,2016-02-24,2016-02-24 00:00:00,1.0342105263157895,-0.5746924428822495,0.27008928571428575,Aqua,00:00:00
0.0476,0.013900000000000001,0.052700000000000004,2016-02-25,2016-02-25 00:00:00,1.1096774193548387,-0.5525876460767946,0.2881720430107527,Aqua,00:00:00
0.13870000000000002,0.108,0.1303,2016-03-03,2016-03-03 00:00:00,0.9394376351838499,-0.12444264288609654,0.7786589762076422,Aqua,00:00:00
0.0596,0.0108,0.0603,2016-03-07,2016-03-07 00:00:00,1.0085910652920962,-0.6933895921237694,0.18106312292358803,Aqua,00:00:00
0.0521,0.0091,0.0528,2016-03-16,2016-03-16 00:00:00,1.0267175572519083,-0.7026143790849673,0.17466410748560462,Aqua,00:00:00
0.0579,0.0097,0.0648,2016-03-17,2016-03-17 00:00:00,1.1191709844559585,-0.71301775147929,0.16753022452504318,Aqua,00:00:00
0.34400000000000003,0.3234,0.2916,2016-03-19,2016-03-19 00:00:00,0.8476744186046512,-0.030866047347917303,0.9401162790697675,Aqua,00:00:00
0.0655,0.0182,0.07200000000000001,2016-03-22,2016-03-22 00:00:00,1.099236641221374,-0.5651135005973716,0.2778625954198473,Aqua,00:00:00
0.0659,0.0224,0.0699,2016-03-24,2016-03-24 00:00:00,1.0808709175738724,-0.4926387315968289,0.33990895295902884,Aqua,00:00:00
0.0488,0.012100000000000001,0.052700000000000004,2016-03-25,2016-03-25 00:00:00,1.0742268041237113,-0.6066666666666667,0.24481327800829875,Aqua,00:00:00
0.055,0.0176,0.0584,2016-03-27,2016-03-27 00:00:00,1.0618181818181818,-0.5151515151515152,0.32,Aqua,00:00:00
0.033100000000000004,0.015600000000000001,0.0369,2016-03-28,2016-03-28 00:00:00,1.332129963898917,-0.279445727482679,0.5631768953068592,Aqua,00:00:00
0.039400000000000004,0.0076,0.0376,2016-03-30,2016-03-30 00:00:00,0.9566326530612245,-0.6788008565310493,0.19132653061224492,Aqua,00:00:00
0.0553,0.025,0.0591,2016-03-31,2016-03-31 00:00:00,1.0432525951557092,-0.3961352657004831,0.4325259515570934,Aqua,00:00:00
0.0374,0.007500000000000001,0.0371,2016-04-01,2016-04-01 00:00:00,0.9712041884816753,-0.6659242761692651,0.20053475935828877,Aqua,00:00:00
0.051800000000000006,0.0172,0.054400000000000004,2016-04-02,2016-04-02 00:00:00,1.05168986083499,-0.5173453996983409,0.3180914512922465,Aqua,00:00:00
0.0697,0.040100000000000004,0.0747,2016-04-04,2016-04-04 00:00:00,1.0747531734837799,-0.2648945921173236,0.5811594202898551,Aqua,00:00:00
0.053700000000000005,0.0182,0.0565,2016-04-05,2016-04-05 00:00:00,1.0709090909090908,-0.49374130737134914,0.33891992551210426,Aqua,00:00:00
0.0393,0.006500000000000001,0.0427,2016-04-06,2016-04-06 00:00:00,1.0781249999999998,-0.7149028077753778,0.16624685138539044,Aqua,00:00:00
0.033800000000000004,0.0082,0.0323,2016-04-07,2016-04-07 00:00:00,0.975609756097561,-0.610705596107056,0.2416918429003021,Aqua,00:00:00
0.0444,0.0134,0.0495,2016-04-09,2016-04-09 00:00:00,1.114864864864865,-0.5366666666666666,0.3015184381778742,Aqua,00:00:00
0.038,0.0081,0.040100000000000004,2016-04-10,2016-04-10 00:00:00,1.052219321148825,-0.6485900216919739,0.2131578947368421,Aqua,00:00:00
0.057600000000000005,0.021400000000000002,0.0648,2016-04-11,2016-04-11 00:00:00,1.1336805555555554,-0.45194805194805193,0.3774597495527728,Aqua,00:00:00
0.045200000000000004,0.016800000000000002,0.0456,2016-04-12,2016-04-12 00:00:00,1.008849557522124,-0.45806451612903226,0.37168141592920356,Aqua,00:00:00
0.0417,0.011000000000000001,0.043500000000000004,2016-04-15,2016-04-15 00:00:00,1.0431654676258995,-0.5825426944971536,0.2637889688249401,Aqua,00:00:00
0.038900000000000004,0.007500000000000001,0.040400000000000005,2016-04-16,2016-04-16 00:00:00,1.038560411311054,-0.6774193548387097,0.19230769230769232,Aqua,00:00:00
0.031200000000000002,0.006500000000000001,0.031100000000000003,2016-04-17,2016-04-17 00:00:00,1.0,-0.6551724137931033,0.20833333333333334,Aqua,00:00:00
0.0358,0.0159,0.0369,2016-04-19,2016-04-19 00:00:00,1.0233236151603498,-0.4107142857142857,0.4177215189873417,Aqua,00:00:00
0.055200000000000006,0.0247,0.0585,2016-04-25,2016-04-25 00:00:00,1.0574506283662477,-0.3807740324594257,0.44846292947558775,Aqua,00:00:00
0.0176,0.011000000000000001,0.022600000000000002,2016-04-27,2016-04-27 00:00:00,1.2840909090909092,-0.23076923076923075,0.625,Aqua,00:00:00
0.048400000000000006,0.020300000000000002,0.0524,2016-04-28,2016-04-28 00:00:00,1.0864978902953586,-0.4107402031930334,0.4176954732510288,Aqua,00:00:00
0.0521,0.0181,0.0604,2016-04-29,2016-04-29 00:00:00,1.1781609195402298,-0.4806312769010043,0.3507751937984496,Aqua,00:00:00
0.0483,0.0227,0.0551,2016-04-30,2016-04-30 00:00:00,1.1407867494824016,-0.3605633802816901,0.4699792960662526,Aqua,00:00:00
0.031400000000000004,0.006200000000000001,0.0339,2016-05-01,2016-05-01 00:00:00,1.0828025477707006,-0.6684782608695652,0.1986970684039088,Aqua,00:00:00
0.029500000000000002,0.0078000000000000005,0.03315,2016-05-08,2016-05-08 00:00:00,1.1208053691275168,-0.5806451612903225,0.2653061224489796,Aqua,00:00:00
0.0468,0.0238,0.050100000000000006,2016-05-09,2016-05-09 00:00:00,1.0678733031674208,-0.32417582417582413,0.5103734439834025,Aqua,00:00:00
0.025900000000000003,0.0044,0.029,2016-05-10,2016-05-10 00:00:00,1.116279069767442,-0.7086092715231788,0.17054263565891473,Aqua,00:00:00
0.027100000000000003,0.008700000000000001,0.031100000000000003,2016-05-11,2016-05-11 00:00:00,1.164705882352941,-0.513353115727003,0.3215686274509804,Aqua,00:00:00
0.0279,0.008,0.0323,2016-05-17,2016-05-17 00:00:00,1.1666666666666665,-0.546448087431694,0.29328621908127206,Aqua,00:00:00
0.0308,0.0091,0.0398,2016-05-25,2016-05-25 00:00:00,1.2876254180602005,-0.5438596491228069,0.29545454545454547,Aqua,00:00:00
0.0269,0.009600000000000001,0.033,2016-05-26,2016-05-26 00:00:00,1.2267657992565055,-0.4728260869565218,0.35793357933579334,Aqua,00:00:00
0.0362,0.0143,0.0446,2016-05-27,2016-05-27 00:00:00,1.2354570637119113,-0.44111776447105794,0.3878116343490305,Aqua,00:00:00
0.028200000000000003,0.0099,0.033800000000000004,2016-05-28,2016-05-28 00:00:00,1.188811188811189,-0.4775725593667545,0.3535714285714286,Aqua,00:00:00
0.067,0.051800000000000006,0.07100000000000001,2016-05-30,2016-05-30 00:00:00,1.0719298245614035,-0.13738019169329072,0.7584269662921348,Aqua,00:00:00
0.024800000000000003,0.019700000000000002,0.0354,2016-06-03,2016-06-03 00:00:00,1.4743589743589745,-0.08584686774941992,0.841880341880342,Aqua,00:00:00
0.049,0.0298,0.058600000000000006,2016-06-06,2016-06-06 00:00:00,1.1851063829787234,-0.2436548223350254,0.6081632653061224,Aqua,00:00:00
0.06520000000000001,0.0468,0.0719,2016-06-10,2016-06-10 00:00:00,1.1166666666666667,-0.1642857142857143,0.7177914110429447,Aqua,00:00:00
0.0218,0.0081,0.0324,2016-06-11,2016-06-11 00:00:00,1.4663677130044843,-0.4508474576271187,0.3785046728971962,Aqua,00:00:00
0.0251,0.009000000000000001,0.0379,2016-06-12,2016-06-12 00:00:00,1.4921259842519685,-0.47003154574132483,0.3605150214592275,Aqua,00:00:00
0.027700000000000002,0.014100000000000001,0.047,2016-06-18,2016-06-18 00:00:00,1.644012944983819,-0.3376623376623376,0.49514563106796117,Aqua,00:00:00
0.020300000000000002,0.0187,0.037700000000000004,2016-06-19,2016-06-19 00:00:00,1.8963730569948185,-0.043478260869565216,0.9166666666666666,Aqua,00:00:00
0.020300000000000002,0.0167,0.0397,2016-06-20,2016-06-20 00:00:00,1.9234693877551023,-0.11640211640211644,0.7914691943127962,Aqua,00:00:00
0.0235,0.0122,0.044700000000000004,2016-06-21,2016-06-21 00:00:00,1.9078341013824884,-0.28023598820059,0.5622119815668203,Aqua,00:00:00
0.0247,0.023200000000000002,0.0483,2016-06-22,2016-06-22 00:00:00,1.9458333333333335,-0.03333333333333335,0.9354838709677419,Aqua,00:00:00
0.038900000000000004,0.0371,0.0618,2016-06-23,2016-06-23 00:00:00,1.588688946015424,-0.023684210526315825,0.9537275064267351,Aqua,00:00:00
0.0206,0.062,0.052700000000000004,2016-06-24,2016-06-24 00:00:00,2.609137055837563,0.5093399750933997,3.076142131979695,Aqua,00:00:00
0.028800000000000003,0.033800000000000004,0.0565,2016-06-25,2016-06-25 00:00:00,2.0474452554744524,0.06643952299829643,1.1423357664233578,Aqua,00:00:00
0.0234,0.0066,0.037700000000000004,2016-06-26,2016-06-26 00:00:00,1.6111111111111112,-0.5657894736842105,0.27731092436974786,Aqua,00:00:00
0.0235,0.0097,0.0414,2016-06-27,2016-06-27 00:00:00,1.7583333333333333,-0.4121212121212121,0.41630901287553645,Aqua,00:00:00
0.024,0.009300000000000001,0.0391,2016-06-28,2016-06-28 00:00:00,1.6157024793388428,-0.4248366013071895,0.4036697247706422,Aqua,00:00:00
0.024,0.0068000000000000005,0.0408,2016-06-29,2016-06-29 00:00:00,1.7333333333333336,-0.5612903225806452,0.2809917355371901,Aqua,00:00:00
0.0213,0.013900000000000001,0.038900000000000004,2016-06-30,2016-06-30 00:00:00,1.793859649122807,-0.22413793103448276,0.6338028169014085,Aqua,00:00:00
0.023,0.0357,0.050800000000000005,2016-07-01,2016-07-01 00:00:00,2.094262295081967,0.2163543441226576,1.5521739130434784,Aqua,00:00:00
0.025900000000000003,0.0134,0.0422,2016-07-02,2016-07-02 00:00:00,1.6538461538461537,-0.3197969543147208,0.5153846153846153,Aqua,00:00:00
0.0206,0.0071,0.0366,2016-07-03,2016-07-03 00:00:00,1.7761194029850749,-0.4779411764705882,0.35323383084577115,Aqua,00:00:00
0.0373,0.0438,0.059500000000000004,2016-07-04,2016-07-04 00:00:00,1.5951742627345846,0.08014796547472254,1.1742627345844503,Aqua,00:00:00
0.019200000000000002,0.024900000000000002,0.035,2016-07-05,2016-07-05 00:00:00,1.8817204301075268,0.14482758620689654,1.3387096774193548,Aqua,00:00:00
0.0393,0.0339,0.0572,2016-07-06,2016-07-06 00:00:00,1.4065420560747663,-0.1017964071856287,0.8152173913043479,Aqua,00:00:00
0.0224,0.0307,0.0499,2016-07-11,2016-07-11 00:00:00,2.223214285714286,0.15630885122410548,1.3705357142857144,Aqua,00:00:00
0.0211,0.0103,0.0373,2016-07-12,2016-07-12 00:00:00,1.7579908675799087,-0.3602484472049689,0.4703196347031964,Aqua,00:00:00
0.0235,0.008,0.0386,2016-07-13,2016-07-13 00:00:00,1.6543209876543208,-0.5046439628482973,0.3292181069958848,Aqua,00:00:00
0.024300000000000002,0.0074,0.0383,2016-07-14,2016-07-14 00:00:00,1.5144032921810697,-0.5217391304347827,0.3142857142857143,Aqua,00:00:00
0.021,0.0041,0.0337,2016-07-15,2016-07-15 00:00:00,1.5639810426540284,-0.6821705426356589,0.18894009216589863,Aqua,00:00:00
0.0198,0.0453,0.042800000000000005,2016-07-16,2016-07-16 00:00:00,2.0836501901140685,0.3938461538461538,2.299492385786802,Aqua,00:00:00
0.0234,0.0119,0.0357,2016-07-17,2016-07-17 00:00:00,1.5,-0.40648379052369077,0.4219858156028369,Aqua,00:00:00
0.0543,0.0443,0.0736,2016-07-19,2016-07-19 00:00:00,1.401473296500921,-0.10141987829614607,0.8158379373848986,Aqua,00:00:00
0.0198,0.0307,0.0456,2016-07-20,2016-07-20 00:00:00,2.233644859813084,0.17850287907869478,1.4345794392523363,Aqua,00:00:00
0.0199,0.0146,0.038200000000000005,2016-07-21,2016-07-21 00:00:00,1.9004975124378112,-0.15850144092219018,0.7263681592039801,Aqua,00:00:00
0.0177,0.0102,0.034,2016-07-22,2016-07-22 00:00:00,2.0481927710843375,-0.2388059701492537,0.6144578313253013,Aqua,00:00:00
0.027800000000000002,0.0227,0.0543,2016-07-23,2016-07-23 00:00:00,1.8406779661016948,-0.13026819923371646,0.7694915254237288,Aqua,00:00:00
0.0211,0.0135,0.0368,2016-07-24,2016-07-24 00:00:00,1.7277227722772275,-0.20104438642297645,0.6652173913043479,Aqua,00:00:00
0.0279,0.0119,0.0451,2016-07-25,2016-07-25 00:00:00,1.6216216216216215,-0.4198473282442748,0.4086021505376344,Aqua,00:00:00
0.019,0.0061,0.034,2016-07-26,2016-07-26 00:00:00,1.8279569892473118,-0.5060728744939271,0.3279569892473118,Aqua,00:00:00
0.0238,0.0064,0.0379,2016-07-27,2016-07-27 00:00:00,1.5958333333333334,-0.5789473684210527,0.26666666666666666,Aqua,00:00:00
0.0218,0.0083,0.0376,2016-07-28,2016-07-28 00:00:00,1.6785714285714286,-0.45394736842105265,0.3755656108597285,Aqua,00:00:00
0.027700000000000002,0.0106,0.044000000000000004,2016-07-29,2016-07-29 00:00:00,1.6573426573426575,-0.4591836734693878,0.3706293706293706,Aqua,00:00:00
0.0253,0.0105,0.042800000000000005,2016-07-30,2016-07-30 00:00:00,1.6916996047430832,-0.4134078212290503,0.41501976284584985,Aqua,00:00:00
0.0207,0.0046,0.0347,2016-07-31,2016-07-31 00:00:00,1.6617647058823528,-0.6349206349206349,0.2233009708737864,Aqua,00:00:00
0.0236,0.0172,0.0449,2016-08-01,2016-08-01 00:00:00,1.9533898305084747,-0.15686274509803919,0.728813559322034,Aqua,00:00:00
0.056400000000000006,0.052700000000000004,0.0763,2016-08-02,2016-08-02 00:00:00,1.3527336860670194,-0.03636363636363633,0.9298245614035089,Aqua,00:00:00
0.0217,0.0175,0.0397,2016-08-03,2016-08-03 00:00:00,1.8294930875576036,-0.10714285714285712,0.8064516129032259,Aqua,00:00:00
0.030100000000000002,0.0178,0.048600000000000004,2016-08-04,2016-08-04 00:00:00,1.5904436860068258,-0.25050916496945014,0.5993485342019543,Aqua,00:00:00
0.023,0.0207,0.0436,2016-08-06,2016-08-06 00:00:00,1.8956521739130434,-0.05263157894736842,0.9,Aqua,00:00:00
0.0195,0.0128,0.0344,2016-08-07,2016-08-07 00:00:00,1.7794871794871796,-0.21874999999999997,0.6410256410256411,Aqua,00:00:00
0.026500000000000003,0.046400000000000004,0.0568,2016-08-08,2016-08-08 00:00:00,2.1310861423220975,0.26949384404924764,1.7378277153558053,Aqua,00:00:00
0.0357,0.042300000000000004,0.0623,2016-08-09,2016-08-09 00:00:00,1.7450980392156863,-0.040816326530612235,0.9215686274509804,Aqua,00:00:00
0.027200000000000002,0.010400000000000001,0.0431,2016-08-10,2016-08-10 00:00:00,1.6213235294117645,-0.4468085106382979,0.3823529411764706,Aqua,00:00:00
0.022600000000000002,0.0088,0.0367,2016-08-11,2016-08-11 00:00:00,1.564102564102564,-0.4482758620689655,0.38095238095238093,Aqua,00:00:00
0.025400000000000002,0.012700000000000001,0.0431,2016-08-12,2016-08-12 00:00:00,1.6732283464566928,-0.33333333333333337,0.5,Aqua,00:00:00
0.0261,0.010700000000000001,0.0425,2016-08-13,2016-08-13 00:00:00,1.6897810218978102,-0.43832020997375326,0.3905109489051095,Aqua,00:00:00
0.028200000000000003,0.0103,0.0412,2016-08-15,2016-08-15 00:00:00,1.472027972027972,-0.4663212435233161,0.36395759717314485,Aqua,00:00:00
0.023,0.0081,0.032,2016-08-16,2016-08-16 00:00:00,1.391304347826087,-0.4918566775244299,0.3406113537117904,Aqua,00:00:00
0.0285,0.011300000000000001,0.0414,2016-08-17,2016-08-17 00:00:00,1.456140350877193,-0.4307304785894207,0.397887323943662,Aqua,00:00:00
0.028800000000000003,0.0118,0.0376,2016-08-18,2016-08-18 00:00:00,1.3296703296703296,-0.4029850746268657,0.42553191489361697,Aqua,00:00:00
0.0361,0.028900000000000002,0.045700000000000005,2016-08-19,2016-08-19 00:00:00,1.2659279778393353,-0.11076923076923073,0.8005540166204986,Aqua,00:00:00
0.0275,0.011000000000000001,0.0386,2016-08-20,2016-08-20 00:00:00,1.4465648854961832,-0.4021739130434782,0.42635658914728686,Aqua,00:00:00
0.0244,0.0109,0.035300000000000005,2016-08-21,2016-08-21 00:00:00,1.44672131147541,-0.3828571428571429,0.44628099173553715,Aqua,00:00:00
0.02,0.0056,0.0318,2016-08-22,2016-08-22 00:00:00,1.586206896551724,-0.5599999999999999,0.2820512820512821,Aqua,00:00:00
0.0164,0.0043,0.0286,2016-08-23,2016-08-23 00:00:00,1.691823899371069,-0.5902439024390244,0.25766871165644173,Aqua,00:00:00
0.021400000000000002,0.0073,0.0368,2016-08-24,2016-08-24 00:00:00,1.7009345794392523,-0.49823321554770317,0.3349056603773585,Aqua,00:00:00
0.0159,0.0058000000000000005,0.030600000000000002,2016-08-25,2016-08-25 00:00:00,1.8472222222222223,-0.4722222222222222,0.3584905660377358,Aqua,00:00:00
0.060700000000000004,0.064,0.07390000000000001,2016-08-26,2016-08-26 00:00:00,1.2174629324546953,0.026463512429831575,1.0543657331136738,Aqua,00:00:00
0.023200000000000002,0.006200000000000001,0.0373,2016-08-27,2016-08-27 00:00:00,1.6351931330472103,-0.5796610169491525,0.26609442060085836,Aqua,00:00:00
0.0218,0.0089,0.038900000000000004,2016-08-28,2016-08-28 00:00:00,1.8365384615384615,-0.4248366013071895,0.4036697247706422,Aqua,00:00:00
0.024200000000000003,0.0129,0.0393,2016-08-30,2016-08-30 00:00:00,1.633744855967078,-0.2950819672131148,0.5443037974683543,Aqua,00:00:00
0.0341,0.0114,0.0558,2016-08-31,2016-08-31 00:00:00,1.6533742331288344,-0.4886877828054298,0.3434650455927052,Aqua,00:00:00
0.020300000000000002,0.0077,0.0347,2016-09-03,2016-09-03 00:00:00,1.7177033492822966,-0.45,0.3793103448275862,Aqua,00:00:00
0.021500000000000002,0.0053,0.0378,2016-09-04,2016-09-04 00:00:00,1.7477477477477477,-0.6086956521739132,0.24324324324324326,Aqua,00:00:00
0.0218,0.0058000000000000005,0.0378,2016-09-05,2016-09-05 00:00:00,1.723809523809524,-0.5849056603773585,0.2619047619047619,Aqua,00:00:00
0.0229,0.0058000000000000005,0.0383,2016-09-06,2016-09-06 00:00:00,1.6694560669456069,-0.5958188153310104,0.2532751091703057,Aqua,00:00:00
0.0246,0.007,0.0383,2016-09-08,2016-09-08 00:00:00,1.5454545454545456,-0.5767918088737202,0.2683982683982684,Aqua,00:00:00
0.032100000000000004,0.009600000000000001,0.0468,2016-09-09,2016-09-09 00:00:00,1.4579439252336448,-0.5395683453237411,0.29906542056074764,Aqua,00:00:00
0.0252,0.0031000000000000003,0.034,2016-09-10,2016-09-10 00:00:00,1.4061433447098974,-0.7823129251700679,0.12213740458015267,Aqua,00:00:00
0.0222,0.0041,0.0349,2016-09-11,2016-09-11 00:00:00,1.5555555555555556,-0.6917293233082707,0.18222222222222223,Aqua,00:00:00
0.0362,0.0161,0.045000000000000005,2016-09-12,2016-09-12 00:00:00,1.243961352657005,-0.38926174496644295,0.4396135265700483,Aqua,00:00:00
0.0244,0.0059,0.0366,2016-09-13,2016-09-13 00:00:00,1.5,-0.613095238095238,0.23985239852398524,Aqua,00:00:00
0.022500000000000003,0.0043,0.0373,2016-09-14,2016-09-14 00:00:00,1.6533333333333333,-0.6791044776119403,0.1911111111111111,Aqua,00:00:00
0.0196,0.004,0.032600000000000004,2016-09-15,2016-09-15 00:00:00,1.6428571428571428,-0.6694915254237288,0.1979695431472081,Aqua,00:00:00
0.028,0.0148,0.0378,2016-09-19,2016-09-19 00:00:00,1.385135135135135,-0.308411214953271,0.5285714285714286,Aqua,00:00:00
0.0161,0.0023,0.025,2016-09-24,2016-09-24 00:00:00,1.5527950310559007,-0.7415730337078652,0.14838709677419354,Aqua,00:00:00
0.0279,0.0035,0.042,2016-09-25,2016-09-25 00:00:00,1.5053763440860215,-0.7709923664122138,0.1293103448275862,Aqua,00:00:00
0.0182,0.0027,0.0273,2016-09-26,2016-09-26 00:00:00,1.5294117647058822,-0.7450980392156862,0.1460674157303371,Aqua,00:00:00
0.021400000000000002,0.0032,0.032600000000000004,2016-09-27,2016-09-27 00:00:00,1.4954128440366974,-0.7398373983739837,0.14953271028037382,Aqua,00:00:00
0.0234,0.0053,0.0342,2016-09-28,2016-09-28 00:00:00,1.4190871369294606,-0.6363636363636364,0.22222222222222224,Aqua,00:00:00
0.027,0.0103,0.0356,2016-09-29,2016-09-29 00:00:00,1.326996197718631,-0.455026455026455,0.37454545454545457,Aqua,00:00:00
0.046400000000000004,0.0258,0.0568,2016-09-30,2016-09-30 00:00:00,1.2285067873303166,-0.27989487516425754,0.5626283367556468,Aqua,00:00:00
0.025400000000000002,0.0037,0.033600000000000005,2016-10-06,2016-10-06 00:00:00,1.308641975308642,-0.7441860465116279,0.14666666666666664,Aqua,00:00:00
0.0327,0.009600000000000001,0.043300000000000005,2016-10-07,2016-10-07 00:00:00,1.3453038674033149,-0.5545243619489559,0.2865671641791045,Aqua,00:00:00
0.0224,0.0025,0.0285,2016-10-10,2016-10-10 00:00:00,1.2946859903381642,-0.795275590551181,0.11403508771929825,Aqua,00:00:00
0.0315,0.0036000000000000003,0.0422,2016-10-11,2016-10-11 00:00:00,1.342857142857143,-0.7924528301886792,0.11578947368421053,Aqua,00:00:00
0.0297,0.0054,0.039900000000000005,2016-10-12,2016-10-12 00:00:00,1.3664383561643838,-0.6842105263157895,0.1875,Aqua,00:00:00
0.051800000000000006,0.015000000000000001,0.0695,2016-10-18,2016-10-18 00:00:00,1.3416988416988416,-0.5508982035928144,0.28957528957528955,Aqua,00:00:00
0.0614,0.0123,0.0665,2016-11-01,2016-11-01 00:00:00,1.0922570016474464,-0.6694444444444444,0.19800332778702165,Aqua,00:00:00
0.0422,0.0056,0.0488,2016-11-04,2016-11-04 00:00:00,1.1580188679245285,-0.7656903765690376,0.13270142180094785,Aqua,00:00:00
0.0438,0.0071,0.0545,2016-11-09,2016-11-09 00:00:00,1.2352941176470589,-0.7204724409448818,0.16247139588100687,Aqua,00:00:00
0.044700000000000004,0.0051,0.0546,2016-11-10,2016-11-10 00:00:00,1.2302325581395348,-0.7946611909650925,0.11441647597254004,Aqua,00:00:00
0.04055,0.0051,0.047,2016-11-13,2016-11-13 00:00:00,1.1417721518987343,-0.7797356828193834,0.12376237623762375,Aqua,00:00:00
0.049,0.007200000000000001,0.0543,2016-11-17,2016-11-17 00:00:00,1.079591836734694,-0.7478108581436078,0.14428857715430862,Aqua,00:00:00
0.08710000000000001,0.0291,0.09230000000000001,2016-11-30,2016-11-30 00:00:00,1.0597014925373134,-0.4991394148020654,0.33409873708381166,Aqua,00:00:00
0.0711,0.018500000000000003,0.0728,2016-12-01,2016-12-01 00:00:00,1.013138686131387,-0.5895287958115184,0.2582345191040843,Aqua,00:00:00
0.0736,0.0213,0.0758,2016-12-03,2016-12-03 00:00:00,1.0357634112792298,-0.5511064278187566,0.28940217391304346,Aqua,00:00:00
0.0682,0.0152,0.051800000000000006,2016-12-05,2016-12-05 00:00:00,0.7421203438395416,-0.6289381563593933,0.22779369627507165,Aqua,00:00:00
0.0722,0.0154,0.0755,2016-12-10,2016-12-10 00:00:00,1.0457063711911356,-0.6484018264840183,0.21329639889196678,Aqua,00:00:00
0.0446,0.0099,0.0616,2017-02-23,2017-02-23 00:00:00,1.3615023474178405,-0.6483516483516483,0.21333333333333332,Aqua,00:00:00
0.055400000000000005,0.020800000000000003,0.0763,2017-02-25,2017-02-25 00:00:00,1.3772563176895307,-0.45406824146981634,0.37545126353790614,Aqua,00:00:00
0.0502,0.028200000000000003,0.0582,2017-03-01,2017-03-01 00:00:00,1.159362549800797,-0.2778489116517285,0.5651302605210421,Aqua,00:00:00
0.026000000000000002,0.006,0.0298,2017-03-10,2017-03-10 00:00:00,1.1155378486055776,-0.6363636363636362,0.22222222222222224,Aqua,00:00:00
0.059500000000000004,0.0362,0.07100000000000001,2017-03-13,2017-03-13 00:00:00,1.1932773109243697,-0.24346917450365727,0.6084033613445379,Aqua,00:00:00
0.0456,0.0199,0.0533,2017-03-16,2017-03-16 00:00:00,1.168859649122807,-0.39236641221374047,0.43640350877192985,Aqua,00:00:00
0.043000000000000003,0.0114,0.048400000000000006,2017-03-21,2017-03-21 00:00:00,1.1348314606741572,-0.5804480651731161,0.2654639175257732,Aqua,00:00:00
0.031200000000000002,0.0058000000000000005,0.0332,2017-03-31,2017-03-31 00:00:00,1.042622950819672,-0.6927083333333334,0.18153846153846154,Aqua,00:00:00
0.026600000000000002,0.0055000000000000005,0.0263,2017-04-02,2017-04-02 00:00:00,0.9920318725099602,-0.6625000000000001,0.20300751879699247,Aqua,00:00:00
0.0371,0.015000000000000001,0.0409,2017-04-03,2017-04-03 00:00:00,1.1024258760107817,-0.42418426103646834,0.40431266846361186,Aqua,00:00:00
0.044500000000000005,0.0188,0.048,2017-04-10,2017-04-10 00:00:00,1.0813953488372092,-0.409295352323838,0.4191489361702128,Aqua,00:00:00
0.023100000000000002,0.0032,0.024,2017-04-14,2017-04-14 00:00:00,1.0389610389610389,-0.7566539923954372,0.13852813852813853,Aqua,00:00:00
0.027200000000000002,0.0057,0.0286,2017-04-20,2017-04-20 00:00:00,1.0653846153846154,-0.6529411764705882,0.2099644128113879,Aqua,00:00:00
0.0287,0.0092,0.0316,2017-04-21,2017-04-21 00:00:00,1.1126760563380282,-0.5106382978723405,0.32394366197183094,Aqua,00:00:00
0.0432,0.016800000000000002,0.0458,2017-04-27,2017-04-27 00:00:00,1.079207920792079,-0.4495114006514658,0.3797752808988764,Aqua,00:00:00
0.0344,0.014100000000000001,0.037000000000000005,2017-04-28,2017-04-28 00:00:00,1.0106666666666668,-0.4333333333333333,0.39534883720930236,Aqua,00:00:00
0.0302,0.0099,0.0333,2017-04-30,2017-04-30 00:00:00,1.1013513513513515,-0.5111111111111112,0.3235294117647059,Aqua,00:00:00
0.0304,0.0085,0.0358,2017-05-02,2017-05-02 00:00:00,1.1709677419354838,-0.5696202531645569,0.2741935483870968,Aqua,00:00:00
0.0212,0.0037,0.0227,2017-05-03,2017-05-03 00:00:00,1.0769230769230769,-0.6941176470588235,0.18055555555555555,Aqua,00:00:00
0.055900000000000005,0.0392,0.0645,2017-05-06,2017-05-06 00:00:00,1.1538461538461537,-0.17560462670872773,0.701252236135957,Aqua,00:00:00
0.0443,0.0227,0.046400000000000004,2017-05-07,2017-05-07 00:00:00,1.045766590389016,-0.3255474452554744,0.5088105726872247,Aqua,00:00:00
0.024,0.006200000000000001,0.0238,2017-05-08,2017-05-08 00:00:00,1.0108108108108107,-0.5882352941176471,0.25925925925925924,Aqua,00:00:00
0.031400000000000004,0.025,0.0347,2017-05-09,2017-05-09 00:00:00,1.0806451612903227,-0.1154529307282416,0.7929936305732483,Aqua,00:00:00
0.020200000000000003,0.0001,0.0253,2017-05-14,2017-05-14 00:00:00,1.2524752475247523,-0.9901477832512315,0.00495049504950495,Aqua,00:00:00
0.0223,0.0059,0.022600000000000002,2017-05-15,2017-05-15 00:00:00,1.0574162679425838,-0.5893536121673003,0.2583732057416268,Aqua,00:00:00
0.0391,0.018500000000000003,0.040600000000000004,2017-05-17,2017-05-17 00:00:00,1.0105820105820107,-0.34615384615384615,0.4857142857142857,Aqua,00:00:00
0.0261,0.0067,0.0281,2017-05-18,2017-05-18 00:00:00,1.058139534883721,-0.6012269938650305,0.24904214559386975,Aqua,00:00:00
0.023100000000000002,0.0056,0.0238,2017-05-19,2017-05-19 00:00:00,1.0702479338842976,-0.5986159169550174,0.2510822510822511,Aqua,00:00:00
0.023200000000000002,0.0073,0.0239,2017-05-20,2017-05-20 00:00:00,1.0598290598290598,-0.510948905109489,0.32367149758454106,Aqua,00:00:00
0.0376,0.0297,0.0405,2017-05-22,2017-05-22 00:00:00,1.0761421319796953,-0.1173848439821694,0.7898936170212766,Aqua,00:00:00
0.033800000000000004,0.0196,0.0408,2017-05-23,2017-05-23 00:00:00,1.2071005917159763,-0.2659176029962547,0.5798816568047337,Aqua,00:00:00
0.0354,0.0217,0.0374,2017-05-24,2017-05-24 00:00:00,1.052478134110787,-0.2453531598513011,0.6059701492537314,Aqua,00:00:00
0.02,0.005,0.0241,2017-05-25,2017-05-25 00:00:00,1.2044444444444444,-0.596774193548387,0.2525252525252525,Aqua,00:00:00
0.11620000000000001,0.1022,0.1168,2017-05-26,2017-05-26 00:00:00,1.0051635111876074,-0.06410256410256415,0.8795180722891566,Aqua,00:00:00
0.0217,0.0059,0.0253,2017-05-27,2017-05-27 00:00:00,1.150943396226415,-0.570909090909091,0.27314814814814814,Aqua,00:00:00
0.0213,0.0058000000000000005,0.0239,2017-05-28,2017-05-28 00:00:00,1.1198156682027651,-0.5671641791044777,0.2761904761904762,Aqua,00:00:00
0.0402,0.0222,0.047,2017-05-29,2017-05-29 00:00:00,1.1691542288557215,-0.28846153846153844,0.5522388059701493,Aqua,00:00:00
0.0375,0.0257,0.049100000000000005,2017-06-01,2017-06-01 00:00:00,1.2532751091703056,-0.1916558018252934,0.6783369803063457,Aqua,00:00:00
0.0396,0.0262,0.0427,2017-06-02,2017-06-02 00:00:00,1.0802919708029197,-0.2110939907550077,0.6513994910941476,Aqua,00:00:00
0.0852,0.0704,0.08560000000000001,2017-06-04,2017-06-04 00:00:00,1.0081490104772992,-0.09511568123393312,0.8262910798122066,Aqua,00:00:00
0.0371,0.0274,0.042800000000000005,2017-06-05,2017-06-05 00:00:00,1.1485411140583555,-0.1607963246554365,0.7229551451187335,Aqua,00:00:00
0.027,0.0118,0.031,2017-06-06,2017-06-06 00:00:00,1.173758865248227,-0.3917525773195876,0.43703703703703706,Aqua,00:00:00
0.024200000000000003,0.0128,0.0307,2017-06-13,2017-06-13 00:00:00,1.2845528455284554,-0.2981530343007915,0.540650406504065,Aqua,00:00:00
0.0257,0.0194,0.037700000000000004,2017-06-17,2017-06-17 00:00:00,1.462406015037594,-0.15652173913043482,0.7293233082706767,Aqua,00:00:00
0.0222,0.0081,0.031100000000000003,2017-06-18,2017-06-18 00:00:00,1.3574660633484164,-0.46534653465346537,0.3648648648648648,Aqua,00:00:00
0.0251,0.007500000000000001,0.033,2017-06-19,2017-06-19 00:00:00,1.3147410358565736,-0.5398773006134969,0.29880478087649404,Aqua,00:00:00
0.0239,0.009600000000000001,0.0325,2017-06-20,2017-06-20 00:00:00,1.3390557939914163,-0.44985673352435523,0.37944664031620556,Aqua,00:00:00
0.0212,0.0045000000000000005,0.026600000000000002,2017-06-21,2017-06-21 00:00:00,1.2429906542056075,-0.6525096525096525,0.2102803738317757,Aqua,00:00:00
0.030000000000000002,0.0146,0.038,2017-06-22,2017-06-22 00:00:00,1.254125412541254,-0.3516949152542373,0.4796238244514106,Aqua,00:00:00
0.0195,0.010700000000000001,0.030600000000000002,2017-06-23,2017-06-23 00:00:00,1.59375,-0.2913907284768211,0.5487179487179488,Aqua,00:00:00
0.0204,0.0082,0.031200000000000002,2017-06-24,2017-06-24 00:00:00,1.5294117647058822,-0.4265734265734266,0.4019607843137255,Aqua,00:00:00
0.0309,0.0221,0.048,2017-06-26,2017-06-26 00:00:00,1.5745341614906834,-0.18600368324125227,0.6863354037267081,Aqua,00:00:00
0.093,0.08360000000000001,0.10890000000000001,2017-06-27,2017-06-27 00:00:00,1.1942604856512142,-0.0451527224435591,0.9135959339263025,Aqua,00:00:00
0.0188,0.0151,0.0374,2017-06-28,2017-06-28 00:00:00,1.9378238341968912,-0.12209302325581398,0.7823834196891192,Aqua,00:00:00
0.0212,0.022600000000000002,0.0478,2017-06-29,2017-06-29 00:00:00,2.165745856353591,0.03466666666666664,1.0718232044198894,Aqua,00:00:00
0.0218,0.0143,0.0396,2017-06-30,2017-06-30 00:00:00,1.808219178082192,-0.21348314606741575,0.6481481481481481,Aqua,00:00:00
0.023700000000000002,0.027100000000000003,0.0448,2017-07-01,2017-07-01 00:00:00,1.8745098039215686,0.06692913385826771,1.1434599156118144,Aqua,00:00:00
0.0233,0.0279,0.047400000000000005,2017-07-02,2017-07-02 00:00:00,2.017167381974249,0.06613226452905813,1.1416309012875536,Aqua,00:00:00
0.024200000000000003,0.0114,0.0426,2017-07-03,2017-07-03 00:00:00,1.8283261802575106,-0.37566137566137575,0.4538461538461538,Aqua,00:00:00
0.0182,0.0115,0.0328,2017-07-05,2017-07-05 00:00:00,1.8135593220338984,-0.2123287671232877,0.6497175141242938,Aqua,00:00:00
0.022500000000000003,0.058300000000000005,0.0506,2017-07-06,2017-07-06 00:00:00,2.329411764705882,0.443069306930693,2.591111111111111,Aqua,00:00:00
0.020900000000000002,0.0511,0.051500000000000004,2017-07-07,2017-07-07 00:00:00,2.492822966507177,0.42538354253835425,2.4805825242718447,Aqua,00:00:00
0.0206,0.014100000000000001,0.0407,2017-07-08,2017-07-08 00:00:00,2.033816425120773,-0.1661971830985915,0.7149758454106281,Aqua,00:00:00
0.019700000000000002,0.0135,0.0385,2017-07-09,2017-07-09 00:00:00,1.9543147208121825,-0.1867469879518073,0.6852791878172588,Aqua,00:00:00
0.022000000000000002,0.017400000000000002,0.046200000000000005,2017-07-10,2017-07-10 00:00:00,2.0666666666666664,-0.11224489795918362,0.798165137614679,Aqua,00:00:00
0.0204,0.0151,0.041100000000000005,2017-07-11,2017-07-11 00:00:00,2.0050000000000003,-0.11780821917808222,0.7892156862745098,Aqua,00:00:00
0.0251,0.0233,0.050100000000000006,2017-07-12,2017-07-12 00:00:00,2.00796812749004,0.026506024096385465,1.0544554455445543,Aqua,00:00:00
0.0217,0.0155,0.0403,2017-07-14,2017-07-14 00:00:00,1.8634361233480177,-0.15816326530612246,0.7268722466960352,Aqua,00:00:00
0.0239,0.0279,0.051800000000000006,2017-07-15,2017-07-15 00:00:00,2.1067193675889326,0.04887218045112785,1.1027667984189724,Aqua,00:00:00
0.0244,0.059500000000000004,0.057,2017-07-16,2017-07-16 00:00:00,2.3360655737704916,0.4082840236686391,2.38,Aqua,00:00:00
0.030500000000000003,0.023700000000000002,0.0526,2017-07-17,2017-07-17 00:00:00,1.6655737704918032,-0.16106194690265485,0.7225609756097561,Aqua,00:00:00
0.0247,0.020800000000000003,0.044000000000000004,2017-07-18,2017-07-18 00:00:00,1.7817460317460319,-0.0855949895615867,0.8423076923076922,Aqua,00:00:00
0.026000000000000002,0.0333,0.0511,2017-07-19,2017-07-19 00:00:00,1.9653846153846153,0.12457912457912453,1.2846153846153845,Aqua,00:00:00
0.0247,0.0545,0.054900000000000004,2017-07-20,2017-07-20 00:00:00,2.222672064777328,0.3727959697732997,2.188755020080321,Aqua,00:00:00
0.0262,0.0285,0.053700000000000005,2017-07-21,2017-07-21 00:00:00,2.0572519083969465,0.04204753199268738,1.0877862595419847,Aqua,00:00:00
0.062400000000000004,0.053200000000000004,0.0789,2017-07-22,2017-07-22 00:00:00,1.2671875000000001,-0.08838821490467944,0.8375796178343948,Aqua,00:00:00
0.0252,0.0088,0.041100000000000005,2017-07-24,2017-07-24 00:00:00,1.6309523809523812,-0.4823529411764705,0.34920634920634924,Aqua,00:00:00
0.028800000000000003,0.013900000000000001,0.0466,2017-07-25,2017-07-25 00:00:00,1.597972972972973,-0.3458823529411764,0.48601398601398604,Aqua,00:00:00
0.024300000000000002,0.0292,0.052000000000000005,2017-07-27,2017-07-27 00:00:00,2.1762295081967213,0.09158878504672893,1.2016460905349793,Aqua,00:00:00
0.0284,0.0264,0.0512,2017-07-28,2017-07-28 00:00:00,1.8413793103448275,-0.03942652329749105,0.9241379310344827,Aqua,00:00:00
0.0241,0.0083,0.0381,2017-07-29,2017-07-29 00:00:00,1.5601659751037344,-0.4876543209876544,0.34439834024896265,Aqua,00:00:00
0.038400000000000004,0.0296,0.0568,2017-07-30,2017-07-30 00:00:00,1.4831168831168833,-0.13069016152716592,0.7688311688311689,Aqua,00:00:00
0.0296,0.0241,0.0477,2017-08-01,2017-08-01 00:00:00,1.5749128919860629,-0.09963099630996308,0.8187919463087249,Aqua,00:00:00
0.005200000000000001,0.0004,0.013800000000000002,2017-08-02,2017-08-02 00:00:00,2.6538461538461537,-0.8571428571428571,0.07692307692307691,Aqua,00:00:00
0.0381,0.0198,0.0533,2017-08-03,2017-08-03 00:00:00,1.4097035040431267,-0.3125,0.5238095238095238,Aqua,00:00:00
0.0379,0.0767,0.0737,2017-08-08,2017-08-08 00:00:00,1.8284960422163588,0.33856893542757416,2.0237467018469655,Aqua,00:00:00
0.0224,0.015600000000000001,0.0335,2017-08-10,2017-08-10 00:00:00,1.4888888888888887,-0.1767810026385224,0.6995515695067265,Aqua,00:00:00
0.0302,0.0228,0.0432,2017-08-15,2017-08-15 00:00:00,1.588235294117647,-0.13333333333333333,0.7647058823529412,Aqua,00:00:00
0.0227,0.0162,0.039,2017-08-16,2017-08-16 00:00:00,1.634453781512605,-0.20000000000000007,0.6666666666666665,Aqua,00:00:00
0.029300000000000003,0.0211,0.0507,2017-08-17,2017-08-17 00:00:00,1.6363636363636362,-0.18689788053949905,0.685064935064935,Aqua,00:00:00
0.0297,0.0198,0.0446,2017-08-19,2017-08-19 00:00:00,1.4410774410774412,-0.218436873747495,0.6414473684210527,Aqua,00:00:00
0.026500000000000003,0.0182,0.0426,2017-08-21,2017-08-21 00:00:00,1.581132075471698,-0.18568232662192397,0.6867924528301886,Aqua,00:00:00
0.026600000000000002,0.022500000000000003,0.041600000000000005,2017-08-26,2017-08-26 00:00:00,1.5676691729323307,-0.08536585365853655,0.8426966292134832,Aqua,00:00:00
0.04,0.025500000000000002,0.060200000000000004,2017-08-28,2017-08-28 00:00:00,1.5050000000000001,-0.2254901960784313,0.6320000000000001,Aqua,00:00:00
0.0033,0.0082,0.0097,2017-08-29,2017-08-29 00:00:00,2.9393939393939394,0.4260869565217392,2.484848484848485,Aqua,00:00:00
0.0002,0.0022,0.0036000000000000003,2017-08-31,2017-08-31 00:00:00,18.0,0.8333333333333333,11.0,Aqua,00:00:00
0.0234,0.0173,0.0378,2017-09-01,2017-09-01 00:00:00,1.594017094017094,-0.1498771498771499,0.7393162393162392,Aqua,00:00:00
0.0029000000000000002,0.0015,0.0038,2017-09-02,2017-09-02 00:00:00,1.3103448275862069,-0.31818181818181823,0.5172413793103448,Aqua,00:00:00
0.0263,0.0155,0.0424,2017-09-08,2017-09-08 00:00:00,1.6071428571428572,-0.2636579572446556,0.5827067669172932,Aqua,00:00:00
0.0308,0.017400000000000002,0.0429,2017-09-09,2017-09-09 00:00:00,1.4109589041095891,-0.2780082987551867,0.564935064935065,Aqua,00:00:00
0.0252,0.016900000000000002,0.0392,2017-09-11,2017-09-11 00:00:00,1.5450980392156863,-0.20283018867924524,0.6627450980392157,Aqua,00:00:00
0.0327,0.019,0.0477,2017-09-20,2017-09-20 00:00:00,1.4748427672955975,-0.23396226415094334,0.6207951070336392,Aqua,00:00:00
0.0369,0.0253,0.057600000000000005,2017-09-23,2017-09-23 00:00:00,1.5532467532467533,-0.1931464174454828,0.6762402088772846,Aqua,00:00:00
0.023,0.0438,0.049100000000000005,2017-09-24,2017-09-24 00:00:00,2.071729957805907,0.2977777777777777,1.8481012658227847,Aqua,00:00:00
0.0184,0.0118,0.0317,2017-09-26,2017-09-26 00:00:00,1.7000000000000002,-0.24647887323943657,0.6045197740112995,Aqua,00:00:00
0.0189,0.0094,0.029,2017-09-27,2017-09-27 00:00:00,1.5927419354838708,-0.3138686131386862,0.5222222222222221,Aqua,00:00:00
0.0287,0.027800000000000002,0.049300000000000004,2017-09-28,2017-09-28 00:00:00,1.7235023041474655,-0.015929203539822974,0.9686411149825784,Aqua,00:00:00
0.028,0.011600000000000001,0.0398,2017-09-30,2017-09-30 00:00:00,1.452471482889734,-0.4101876675603217,0.41825095057034223,Aqua,00:00:00
0.0437,0.025500000000000002,0.0582,2017-10-01,2017-10-01 00:00:00,1.2993630573248407,-0.23918575063613226,0.6139630390143738,Aqua,00:00:00
0.0334,0.0164,0.041600000000000005,2017-10-03,2017-10-03 00:00:00,1.2767295597484278,-0.31889763779527563,0.5164179104477612,Aqua,00:00:00
0.033100000000000004,0.11610000000000001,0.0632,2017-10-05,2017-10-05 00:00:00,1.9093655589123866,0.5563002680965148,3.507552870090634,Aqua,00:00:00
0.0217,0.011600000000000001,0.032100000000000004,2017-10-06,2017-10-06 00:00:00,1.4763948497854076,-0.29970326409495546,0.5388127853881278,Aqua,00:00:00
0.031100000000000003,0.0165,0.0437,2017-10-07,2017-10-07 00:00:00,1.3531157270029674,-0.30947368421052635,0.5273311897106109,Aqua,00:00:00
0.0315,0.0164,0.041,2017-10-08,2017-10-08 00:00:00,1.3777777777777778,-0.301010101010101,0.5372670807453416,Aqua,00:00:00
0.0522,0.0258,0.0655,2017-10-11,2017-10-11 00:00:00,1.2145390070921986,-0.3695395513577332,0.4603448275862069,Aqua,00:00:00
0.031200000000000002,0.0148,0.043500000000000004,2017-10-14,2017-10-14 00:00:00,1.3679245283018868,-0.3582417582417583,0.47249190938511326,Aqua,00:00:00
0.0396,0.0989,0.060200000000000004,2017-10-15,2017-10-15 00:00:00,1.5906593406593406,0.4329553035356905,2.527058823529412,Aqua,00:00:00
0.048,0.0684,0.06620000000000001,2017-10-16,2017-10-16 00:00:00,1.3791666666666669,0.15789473684210528,1.375,Aqua,00:00:00
0.030600000000000002,0.0456,0.0509,2017-10-17,2017-10-17 00:00:00,1.559322033898305,0.18282548476454294,1.4474576271186441,Aqua,00:00:00
0.061200000000000004,0.0253,0.0741,2017-10-20,2017-10-20 00:00:00,1.2107843137254901,-0.415028901734104,0.4133986928104575,Aqua,00:00:00
0.0273,0.0786,0.0446,2017-10-23,2017-10-23 00:00:00,1.6336996336996337,0.4844192634560906,2.879120879120879,Aqua,00:00:00
0.029500000000000002,0.0079,0.0333,2017-10-24,2017-10-24 00:00:00,1.1389830508474577,-0.5775401069518716,0.2677966101694915,Aqua,00:00:00
0.039,0.0488,0.052700000000000004,2017-10-25,2017-10-25 00:00:00,1.3512820512820514,0.11262798634812285,1.2538461538461538,Aqua,00:00:00
0.029400000000000003,0.0234,0.0366,2017-10-26,2017-10-26 00:00:00,1.264957264957265,-0.0116086235489221,0.9770491803278688,Aqua,00:00:00
0.031,0.0155,0.037700000000000004,2017-10-27,2017-10-27 00:00:00,1.1911262798634812,-0.3333333333333333,0.5,Aqua,00:00:00
0.0342,0.0132,0.0442,2017-10-28,2017-10-28 00:00:00,1.2698863636363638,-0.44583333333333336,0.38328530259365995,Aqua,00:00:00
0.027700000000000002,0.008400000000000001,0.033600000000000005,2017-10-29,2017-10-29 00:00:00,1.2412587412587415,-0.5517241379310345,0.2888888888888889,Aqua,00:00:00
0.079,0.0357,0.08660000000000001,2017-10-30,2017-10-30 00:00:00,1.0918984280532043,-0.3780487804878048,0.4513274336283186,Aqua,00:00:00
0.0298,0.0073,0.0347,2017-10-31,2017-10-31 00:00:00,1.129310344827586,-0.6094117647058823,0.24269005847953215,Aqua,00:00:00
0.0329,0.0047,0.0412,2017-11-01,2017-11-01 00:00:00,1.2522796352583587,-0.75,0.14285714285714288,Aqua,00:00:00
0.059800000000000006,0.0235,0.07200000000000001,2017-11-04,2017-11-04 00:00:00,1.2123552123552124,-0.4620390455531453,0.3679525222551929,Aqua,00:00:00
0.0568,0.0146,0.0679,2017-11-06,2017-11-06 00:00:00,1.1954225352112675,-0.5910364145658263,0.25704225352112675,Aqua,00:00:00
0.043000000000000003,0.0091,0.0437,2017-11-14,2017-11-14 00:00:00,1.018735362997658,-0.6470588235294118,0.2142857142857143,Aqua,00:00:00
0.0519,0.009600000000000001,0.058100000000000006,2017-11-17,2017-11-17 00:00:00,1.1194605009633911,-0.6883116883116884,0.18461538461538463,Aqua,00:00:00
0.0529,0.0115,0.0625,2017-12-03,2017-12-03 00:00:00,1.2136105860113422,-0.6408163265306122,0.21890547263681592,Aqua,00:00:00
0.037700000000000004,0.0057,0.0371,2017-12-04,2017-12-04 00:00:00,0.8955916473317866,-0.7361111111111109,0.15200000000000002,Aqua,00:00:00
0.0333,0.004,0.0367,2017-12-05,2017-12-05 00:00:00,1.081699346405229,-0.7756410256410257,0.1263537906137184,Aqua,00:00:00
0.0359,0.005200000000000001,0.037200000000000004,2017-12-06,2017-12-06 00:00:00,1.0362116991643455,-0.7469586374695864,0.14484679665738162,Aqua,00:00:00
0.0317,0.005,0.0366,2017-12-07,2017-12-07 00:00:00,1.14010989010989,-0.7239583333333334,0.16012084592145012,Aqua,00:00:00
0.0443,0.0246,0.048,2017-12-09,2017-12-09 00:00:00,1.0835214446952597,-0.28592162554426703,0.5553047404063206,Aqua,00:00:00
0.0207,0.0068000000000000005,0.0252,2017-12-30,2017-12-30 00:00:00,1.1855072463768115,-0.49063670411985016,0.3417085427135678,Aqua,00:00:00
0.026000000000000002,0.0016,0.0359,2018-01-06,2018-01-06 00:00:00,1.403846153846154,-0.8772563176895307,0.06538461538461539,Aqua,00:00:00
0.091,0.0806,0.09680000000000001,2018-01-07,2018-01-07 00:00:00,1.063736263736264,-0.06060606060606056,0.8857142857142858,Aqua,00:00:00
0.0364,0.0082,0.045000000000000005,2018-02-05,2018-02-05 00:00:00,1.2307692307692306,-0.6371681415929205,0.2216216216216216,Aqua,00:00:00
0.0268,0.0037,0.0327,2018-02-06,2018-02-06 00:00:00,1.2123893805309733,-0.7744360902255639,0.1271186440677966,Aqua,00:00:00
0.0325,0.0083,0.0408,2018-02-07,2018-02-07 00:00:00,1.2553846153846153,-0.5929648241206029,0.2555205047318612,Aqua,00:00:00
0.0444,0.0132,0.0541,2018-02-11,2018-02-11 00:00:00,1.2216981132075473,-0.5607321131447589,0.2814498933901919,Aqua,00:00:00
0.043500000000000004,0.0094,0.0528,2018-02-12,2018-02-12 00:00:00,1.2250580046403712,-0.6466165413533835,0.21461187214611874,Aqua,00:00:00
0.0317,0.0043,0.0359,2018-02-13,2018-02-13 00:00:00,1.1324921135646688,-0.7616580310880829,0.13529411764705881,Aqua,00:00:00
0.0325,0.004200000000000001,0.0368,2018-02-15,2018-02-15 00:00:00,1.1329479768786128,-0.7771260997067448,0.1254125412541254,Aqua,00:00:00
0.0476,0.0118,0.052700000000000004,2018-02-18,2018-02-18 00:00:00,1.1266375545851528,-0.6026936026936027,0.24789915966386553,Aqua,00:00:00
0.0813,0.032,0.0981,2018-02-19,2018-02-19 00:00:00,1.2066420664206643,-0.4351279788172992,0.3936039360393604,Aqua,00:00:00
0.0815,0.0376,0.0927,2018-02-22,2018-02-22 00:00:00,1.1374233128834357,-0.36859781696053734,0.46134969325153374,Aqua,00:00:00
0.048100000000000004,0.013800000000000002,0.0545,2018-02-23,2018-02-23 00:00:00,1.1645299145299144,-0.5471074380165291,0.29273504273504275,Aqua,00:00:00
0.0591,0.0148,0.0708,2018-02-26,2018-02-26 00:00:00,1.1959459459459458,-0.5983379501385042,0.2512998266897747,Aqua,00:00:00
0.056400000000000006,0.0195,0.063,2018-03-01,2018-03-01 00:00:00,1.1193771626297577,-0.48429319371727747,0.34744268077601415,Aqua,00:00:00
0.058300000000000005,0.015600000000000001,0.0665,2018-03-03,2018-03-03 00:00:00,1.1406518010291595,-0.5572916666666666,0.2842809364548495,Aqua,00:00:00
0.052500000000000005,0.014100000000000001,0.0574,2018-03-05,2018-03-05 00:00:00,1.0933333333333333,-0.5765765765765766,0.26857142857142857,Aqua,00:00:00
0.042,0.0106,0.049,2018-03-19,2018-03-19 00:00:00,1.1404761904761904,-0.5969581749049431,0.2523809523809524,Aqua,00:00:00
0.06430000000000001,0.043500000000000004,0.07060000000000001,2018-03-27,2018-03-27 00:00:00,1.097978227060653,-0.19294990723562155,0.67651632970451,Aqua,00:00:00
0.0466,0.0145,0.0507,2018-03-28,2018-03-28 00:00:00,1.0858369098712446,-0.5225806451612903,0.3135593220338983,Aqua,00:00:00
0.0354,0.009600000000000001,0.0385,2018-03-31,2018-03-31 00:00:00,1.0783783783783785,-0.5733333333333334,0.2711864406779661,Aqua,00:00:00
0.0472,0.0213,0.051800000000000006,2018-04-02,2018-04-02 00:00:00,1.1045751633986929,-0.377286389008158,0.45213131971606546,Aqua,00:00:00
0.0666,0.033600000000000005,0.0737,2018-04-08,2018-04-08 00:00:00,1.1205357142857142,-0.32786885245901637,0.5061728395061729,Aqua,00:00:00
0.058800000000000005,0.0351,0.0632,2018-04-09,2018-04-09 00:00:00,1.0735785953177257,-0.25000000000000006,0.6,Aqua,00:00:00
0.0653,0.0261,0.075,2018-04-16,2018-04-16 00:00:00,1.1485451761102603,-0.4288840262582057,0.39969372128637065,Aqua,00:00:00
0.0519,0.0154,0.058800000000000005,2018-04-20,2018-04-20 00:00:00,1.112794612794613,-0.5477239353891336,0.2922201138519924,Aqua,00:00:00
0.0443,0.0088,0.049800000000000004,2018-04-21,2018-04-21 00:00:00,1.1255605381165918,-0.6685499058380413,0.19864559819413094,Aqua,00:00:00
0.0582,0.0213,0.0639,2018-04-22,2018-04-22 00:00:00,1.0960548885077186,-0.46616541353383456,0.3641025641025641,Aqua,00:00:00
0.0468,0.0129,0.050800000000000005,2018-04-23,2018-04-23 00:00:00,1.0833333333333333,-0.5665529010238908,0.2766884531590414,Aqua,00:00:00
0.0523,0.0171,0.0585,2018-04-25,2018-04-25 00:00:00,1.1195876288659794,-0.5049504950495048,0.32894736842105265,Aqua,00:00:00
0.0965,0.0577,0.1023,2018-04-27,2018-04-27 00:00:00,1.060103626943005,-0.251621271076524,0.5979274611398964,Aqua,00:00:00
0.0721,0.027100000000000003,0.0804,2018-04-29,2018-04-29 00:00:00,1.1289875173370318,-0.4523326572008114,0.3770949720670391,Aqua,00:00:00
0.055900000000000005,0.013000000000000001,0.0648,2018-05-01,2018-05-01 00:00:00,1.1574239713774597,-0.6220930232558141,0.23297491039426524,Aqua,00:00:00
0.0438,0.007,0.0495,2018-05-02,2018-05-02 00:00:00,1.125858123569794,-0.7267326732673266,0.15825688073394498,Aqua,00:00:00
0.0526,0.014700000000000001,0.062400000000000004,2018-05-03,2018-05-03 00:00:00,1.1939736346516008,-0.5611940298507462,0.28107074569789675,Aqua,00:00:00
0.0538,0.0196,0.064,2018-05-06,2018-05-06 00:00:00,1.1982758620689655,-0.46754966887417215,0.36281588447653423,Aqua,00:00:00
0.0461,0.0188,0.057,2018-05-07,2018-05-07 00:00:00,1.2289416846652268,-0.43030303030303024,0.39830508474576276,Aqua,00:00:00
0.0414,0.0162,0.054400000000000004,2018-05-09,2018-05-09 00:00:00,1.2671641791044777,-0.41304347826086957,0.41538461538461535,Aqua,00:00:00
0.0848,0.06380000000000001,0.0944,2018-05-13,2018-05-13 00:00:00,1.1170084439083232,-0.14648829431438118,0.7444574095682615,Aqua,00:00:00
0.022500000000000003,0.0048000000000000004,0.031200000000000002,2018-05-14,2018-05-14 00:00:00,1.4083969465648856,-0.6434108527131783,0.2169811320754717,Aqua,00:00:00
0.0352,0.012700000000000001,0.0512,2018-05-15,2018-05-15 00:00:00,1.4545454545454546,-0.4697286012526095,0.3607954545454546,Aqua,00:00:00
0.026600000000000002,0.0081,0.0371,2018-05-18,2018-05-18 00:00:00,1.3895131086142323,-0.5307262569832403,0.30656934306569344,Aqua,00:00:00
0.0347,0.0162,0.046900000000000004,2018-05-22,2018-05-22 00:00:00,1.343915343915344,-0.3634577603143419,0.4668587896253602,Aqua,00:00:00
0.1938,0.19690000000000002,0.20550000000000002,2018-05-26,2018-05-26 00:00:00,1.0603715170278638,0.007934476580496593,1.0159958720330238,Aqua,00:00:00
0.0368,0.0173,0.047400000000000005,2018-05-27,2018-05-27 00:00:00,1.2821917808219176,-0.3563636363636363,0.47453083109919575,Aqua,00:00:00
0.025,0.0073,0.0388,2018-05-28,2018-05-28 00:00:00,1.545816733067729,-0.54375,0.29554655870445345,Aqua,00:00:00
0.1247,0.10890000000000001,0.1326,2018-05-29,2018-05-29 00:00:00,1.0681458003169573,-0.06631532718489241,0.8756177924217463,Aqua,00:00:00
0.062400000000000004,0.0442,0.0741,2018-05-31,2018-05-31 00:00:00,1.1875,-0.16504854368932032,0.7166666666666668,Aqua,00:00:00
0.0222,0.0048000000000000004,0.0356,2018-06-01,2018-06-01 00:00:00,1.592760180995475,-0.6492537313432837,0.21266968325791855,Aqua,00:00:00
0.0239,0.008400000000000001,0.0385,2018-06-02,2018-06-02 00:00:00,1.610878661087866,-0.4743202416918428,0.35655737704918034,Aqua,00:00:00
0.027700000000000002,0.010100000000000001,0.0414,2018-06-03,2018-06-03 00:00:00,1.4789272030651341,-0.46560846560846564,0.36462093862815886,Aqua,00:00:00
0.0281,0.010700000000000001,0.042300000000000004,2018-06-04,2018-06-04 00:00:00,1.5215827338129497,-0.44444444444444436,0.38461538461538464,Aqua,00:00:00
0.0618,0.0476,0.07830000000000001,2018-06-07,2018-06-07 00:00:00,1.248847926267281,-0.1225806451612903,0.7816091954022989,Aqua,00:00:00
0.06430000000000001,0.053200000000000004,0.0844,2018-06-08,2018-06-08 00:00:00,1.3125972006220838,-0.094468085106383,0.8273716951788491,Aqua,00:00:00
0.054900000000000004,0.0362,0.07300000000000001,2018-06-09,2018-06-09 00:00:00,1.3296903460837888,-0.21548387096774196,0.6454352441613588,Aqua,00:00:00
0.0217,0.011000000000000001,0.0392,2018-06-11,2018-06-11 00:00:00,1.8781512605042017,-0.2739273927392739,0.5699481865284974,Aqua,00:00:00
0.024200000000000003,0.010100000000000001,0.0398,2018-06-12,2018-06-12 00:00:00,1.6315789473684212,-0.41954022988505746,0.4089068825910932,Aqua,00:00:00
0.026500000000000003,0.0108,0.0426,2018-06-13,2018-06-13 00:00:00,1.6075471698113206,-0.4209115281501341,0.4075471698113207,Aqua,00:00:00
0.0279,0.0327,0.0553,2018-06-14,2018-06-14 00:00:00,2.01027397260274,0.07715582450832068,1.1672131147540983,Aqua,00:00:00
0.0236,0.013800000000000002,0.0453,2018-06-15,2018-06-15 00:00:00,1.8983050847457628,-0.27368421052631575,0.5702479338842975,Aqua,00:00:00
0.0224,0.024,0.048100000000000004,2018-06-19,2018-06-19 00:00:00,2.1339285714285716,0.034482758620689676,1.0714285714285714,Aqua,00:00:00
0.0334,0.018500000000000003,0.052000000000000005,2018-06-21,2018-06-21 00:00:00,1.632996632996633,-0.23553719008264462,0.6187290969899666,Aqua,00:00:00
0.0397,0.050300000000000004,0.0694,2018-06-22,2018-06-22 00:00:00,1.695945945945946,0.08485499462943076,1.1854460093896715,Aqua,00:00:00
0.060000000000000005,0.0574,0.08560000000000001,2018-06-23,2018-06-23 00:00:00,1.4172185430463577,-0.025396825396825407,0.9504643962848297,Aqua,00:00:00
0.0218,0.0155,0.046200000000000005,2018-06-24,2018-06-24 00:00:00,2.0596330275229358,-0.18421052631578952,0.6888888888888888,Aqua,00:00:00
0.0216,0.009600000000000001,0.0409,2018-06-26,2018-06-26 00:00:00,1.8340807174887892,-0.37864077669902907,0.45070422535211274,Aqua,00:00:00
0.0219,0.0108,0.0432,2018-06-27,2018-06-27 00:00:00,1.9770642201834863,-0.3374233128834355,0.4954128440366973,Aqua,00:00:00
0.027,0.019200000000000002,0.052700000000000004,2018-06-28,2018-06-28 00:00:00,1.892857142857143,-0.18644067796610164,0.6857142857142857,Aqua,00:00:00
0.0184,0.053200000000000004,0.0463,2018-06-29,2018-06-29 00:00:00,2.505434782608696,0.4860335195530727,2.8913043478260874,Aqua,00:00:00
0.0206,0.0142,0.0419,2018-06-30,2018-06-30 00:00:00,2.1597938144329896,-0.15476190476190474,0.731958762886598,Aqua,00:00:00
0.0193,0.0189,0.0405,2018-07-01,2018-07-01 00:00:00,2.1490384615384612,0.0026525198938991885,1.0053191489361701,Aqua,00:00:00
0.0246,0.0171,0.0438,2018-07-02,2018-07-02 00:00:00,1.9423076923076923,-0.09762532981530347,0.8221153846153846,Aqua,00:00:00
0.021400000000000002,0.0381,0.0517,2018-07-03,2018-07-03 00:00:00,2.4158878504672896,0.3320683111954459,1.9943181818181817,Aqua,00:00:00
0.032,0.0256,0.0499,2018-07-05,2018-07-05 00:00:00,1.5159235668789808,-0.10535405872193432,0.8093750000000001,Aqua,00:00:00
0.024300000000000002,0.027100000000000003,0.0514,2018-07-07,2018-07-07 00:00:00,2.1555555555555554,0.094949494949495,1.2098214285714286,Aqua,00:00:00
0.0517,0.0397,0.0731,2018-07-09,2018-07-09 00:00:00,1.4216634429400388,-0.1069182389937107,0.8068181818181818,Aqua,00:00:00
0.021,0.035,0.0385,2018-07-10,2018-07-10 00:00:00,2.359447004608295,0.3354134165366615,2.0093896713615025,Aqua,00:00:00
0.0217,0.0181,0.0397,2018-07-11,2018-07-11 00:00:00,1.8743961352657006,-0.06474820143884895,0.8783783783783783,Aqua,00:00:00
0.0247,0.0152,0.0441,2018-07-12,2018-07-12 00:00:00,1.6704545454545454,-0.2692307692307692,0.5757575757575758,Aqua,00:00:00
0.0279,0.0079,0.0426,2018-07-14,2018-07-14 00:00:00,1.5323741007194243,-0.5628415300546448,0.27972027972027974,Aqua,00:00:00
0.034800000000000005,0.0184,0.0565,2018-07-17,2018-07-17 00:00:00,1.5782122905027933,-0.30909090909090914,0.5277777777777777,Aqua,00:00:00
0.029400000000000003,0.0207,0.052000000000000005,2018-07-18,2018-07-18 00:00:00,1.7785234899328861,-0.17693836978131217,0.6993243243243242,Aqua,00:00:00
0.024300000000000002,0.0128,0.040600000000000004,2018-07-19,2018-07-19 00:00:00,1.677685950413223,-0.33827160493827163,0.49446494464944646,Aqua,00:00:00
0.0361,0.0187,0.0539,2018-07-21,2018-07-21 00:00:00,1.4888888888888887,-0.31999999999999995,0.5151515151515152,Aqua,00:00:00
0.06420000000000001,0.0718,0.07970000000000001,2018-07-22,2018-07-22 00:00:00,1.2414330218068537,0.05588235294117643,1.118380062305296,Aqua,00:00:00
0.1497,0.1254,0.18430000000000002,2018-07-24,2018-07-24 00:00:00,1.2311289245156982,-0.0883315158124318,0.8376753507014029,Aqua,00:00:00
0.0438,0.13490000000000002,0.0711,2018-08-07,2018-08-07 00:00:00,1.6232876712328768,0.5097929490766648,3.0799086757990874,Aqua,00:00:00
0.0013000000000000002,0.0088,0.0036000000000000003,2018-08-09,2018-08-09 00:00:00,2.769230769230769,0.7425742574257426,6.769230769230769,Aqua,00:00:00
0.0097,0.0014,0.0505,2018-08-14,2018-08-14 00:00:00,5.206185567010309,-0.7477477477477478,0.14432989690721648,Aqua,00:00:00
0.0367,0.0317,0.058300000000000005,2018-08-24,2018-08-24 00:00:00,1.6103542234332424,-0.0697674418604651,0.8695652173913044,Aqua,00:00:00
0.0177,0.0152,0.0341,2018-08-27,2018-08-27 00:00:00,1.926553672316384,-0.06948640483383685,0.8700564971751412,Aqua,00:00:00
0.0227,0.016900000000000002,0.0379,2018-08-28,2018-08-28 00:00:00,1.6872246696035242,-0.14646464646464644,0.7444933920704846,Aqua,00:00:00
0.0442,0.025400000000000002,0.0635,2018-08-29,2018-08-29 00:00:00,1.4366515837104072,-0.2701149425287356,0.574660633484163,Aqua,00:00:00
0.0267,0.0247,0.0483,2018-08-31,2018-08-31 00:00:00,1.822641509433962,-0.04296875000000001,0.9176029962546817,Aqua,00:00:00
0.0244,0.0216,0.044700000000000004,2018-09-01,2018-09-01 00:00:00,1.8319999999999999,-0.060869565217391314,0.8852459016393442,Aqua,00:00:00
0.0275,0.023700000000000002,0.047900000000000005,2018-09-02,2018-09-02 00:00:00,1.7067137809187278,-0.08670520231213874,0.8404255319148937,Aqua,00:00:00
0.028200000000000003,0.0235,0.0506,2018-09-03,2018-09-03 00:00:00,1.8201438848920861,-0.08382066276803123,0.8453237410071942,Aqua,00:00:00
0.0253,0.014100000000000001,0.041,2018-09-05,2018-09-05 00:00:00,1.5968992248062015,-0.29081632653061223,0.549407114624506,Aqua,00:00:00
0.0059,0.006,0.020300000000000002,2018-09-06,2018-09-06 00:00:00,3.4406779661016955,0.008403361344537837,1.0169491525423728,Aqua,00:00:00
0.0045000000000000005,0.1228,0.0273,2018-09-08,2018-09-08 00:00:00,6.066666666666666,0.9293008641005499,27.288888888888888,Aqua,00:00:00
0.026000000000000002,0.015700000000000002,0.0427,2018-09-10,2018-09-10 00:00:00,1.6423076923076922,-0.29119638826185096,0.5489510489510491,Aqua,00:00:00
0.034,0.0268,0.054700000000000006,2018-09-12,2018-09-12 00:00:00,1.6088235294117648,-0.11842105263157895,0.788235294117647,Aqua,00:00:00
0.0291,0.0162,0.0454,2018-09-14,2018-09-14 00:00:00,1.5488215488215487,-0.2764044943820225,0.5669014084507041,Aqua,00:00:00
0.0234,0.0333,0.0495,2018-09-16,2018-09-16 00:00:00,2.1515151515151514,0.18085106382978722,1.4415584415584415,Aqua,00:00:00
0.0261,0.023200000000000002,0.048600000000000004,2018-09-17,2018-09-17 00:00:00,1.8620689655172413,-0.0588235294117647,0.888888888888889,Aqua,00:00:00
0.028200000000000003,0.0239,0.0472,2018-09-18,2018-09-18 00:00:00,1.7376425855513309,-0.09297912713472488,0.829861111111111,Aqua,00:00:00
0.023,0.013600000000000001,0.0388,2018-09-19,2018-09-19 00:00:00,1.7198275862068966,-0.24799999999999994,0.6025641025641026,Aqua,00:00:00
0.0245,0.033600000000000005,0.0444,2018-09-20,2018-09-20 00:00:00,1.9384615384615382,0.12941176470588237,1.2972972972972974,Aqua,00:00:00
0.0218,0.0097,0.033800000000000004,2018-09-23,2018-09-23 00:00:00,1.5599999999999998,-0.4022988505747126,0.42622950819672134,Aqua,00:00:00
0.029400000000000003,0.0128,0.0444,2018-09-24,2018-09-24 00:00:00,1.554421768707483,-0.39336492890995267,0.43537414965986393,Aqua,00:00:00
0.0236,0.0154,0.0374,2018-09-25,2018-09-25 00:00:00,1.6092436974789914,-0.21025641025641023,0.652542372881356,Aqua,00:00:00
0.0262,0.0119,0.041600000000000005,2018-09-26,2018-09-26 00:00:00,1.5813008130081303,-0.39204545454545453,0.43673469387755104,Aqua,00:00:00
0.0257,0.0106,0.0388,2018-09-27,2018-09-27 00:00:00,1.5477178423236515,-0.420654911838791,0.4078014184397163,Aqua,00:00:00
0.0509,0.026500000000000003,0.0604,2018-09-29,2018-09-29 00:00:00,1.196969696969697,-0.2986666666666667,0.5400410677618069,Aqua,00:00:00
0.0357,0.014100000000000001,0.0557,2018-09-30,2018-09-30 00:00:00,1.683473389355742,-0.436,0.39275766016713093,Aqua,00:00:00
0.031,0.013600000000000001,0.0456,2018-10-04,2018-10-04 00:00:00,1.4477611940298507,-0.39591836734693875,0.4327485380116959,Aqua,00:00:00
0.0526,0.0269,0.0709,2018-10-06,2018-10-06 00:00:00,1.3515037593984962,-0.2955665024630542,0.5437262357414449,Aqua,00:00:00
0.0275,0.051500000000000004,0.0546,2018-10-07,2018-10-07 00:00:00,2.0678571428571426,0.334916864608076,2.007142857142857,Aqua,00:00:00
0.0409,0.017400000000000002,0.042300000000000004,2018-10-09,2018-10-09 00:00:00,1.0775193798449612,-0.38709677419354843,0.441860465116279,Aqua,00:00:00
0.0258,0.0211,0.0393,2018-10-11,2018-10-11 00:00:00,1.6016260162601628,-0.04954954954954956,0.9055793991416309,Aqua,00:00:00
0.028800000000000003,0.0281,0.0429,2018-10-12,2018-10-12 00:00:00,1.4895833333333333,-0.017208413001912073,0.9661654135338346,Aqua,00:00:00
0.044000000000000004,0.0135,0.0507,2018-10-13,2018-10-13 00:00:00,1.1628440366972477,-0.5271453590192645,0.30963302752293576,Aqua,00:00:00
0.0274,0.017,0.035500000000000004,2018-10-14,2018-10-14 00:00:00,1.2682926829268293,-0.1926977687626775,0.6768707482993197,Aqua,00:00:00
0.0363,0.0514,0.058,2018-10-15,2018-10-15 00:00:00,1.524547803617571,0.14095449500554932,1.3281653746770024,Aqua,00:00:00
0.030500000000000003,0.0246,0.0402,2018-10-16,2018-10-16 00:00:00,1.3627118644067795,-0.14878892733564011,0.7409638554216867,Aqua,00:00:00
0.037700000000000004,0.041600000000000005,0.0543,2018-10-17,2018-10-17 00:00:00,1.4327176781002637,0.08758169934640528,1.191977077363897,Aqua,00:00:00
0.029400000000000003,0.0221,0.0424,2018-10-18,2018-10-18 00:00:00,1.3734177215189873,-0.15034965034965028,0.7386018237082068,Aqua,00:00:00
0.038200000000000005,0.0227,0.0524,2018-10-19,2018-10-19 00:00:00,1.3862433862433863,-0.23248407643312108,0.6227390180878553,Aqua,00:00:00
0.034,0.022600000000000002,0.0459,2018-10-20,2018-10-20 00:00:00,1.2971246006389776,-0.17688266199649744,0.6994047619047618,Aqua,00:00:00
0.0333,0.013600000000000001,0.0443,2018-10-21,2018-10-21 00:00:00,1.3303303303303302,-0.4380165289256199,0.3908045977011494,Aqua,00:00:00
0.0391,0.0158,0.051300000000000005,2018-10-22,2018-10-22 00:00:00,1.3333333333333335,-0.3923076923076923,0.43646408839779005,Aqua,00:00:00
0.0345,0.012100000000000001,0.04,2018-10-30,2018-10-30 00:00:00,1.2109826589595376,-0.4224343675417661,0.40604026845637586,Aqua,00:00:00
0.0502,0.0325,0.0629,2018-11-01,2018-11-01 00:00:00,1.2224489795918367,-0.22894424673784106,0.6274131274131274,Aqua,00:00:00
0.0374,0.012100000000000001,0.046900000000000004,2018-11-05,2018-11-05 00:00:00,1.2461139896373057,-0.5040322580645161,0.3297587131367292,Aqua,00:00:00
0.033,0.0111,0.0415,2018-11-06,2018-11-06 00:00:00,1.2253086419753088,-0.4849187935034803,0.346875,Aqua,00:00:00
0.0579,0.0161,0.0629,2018-11-07,2018-11-07 00:00:00,1.082191780821918,-0.567785234899329,0.2756849315068493,Aqua,00:00:00
0.047900000000000005,0.0098,0.053200000000000004,2018-11-08,2018-11-08 00:00:00,1.1390728476821192,-0.6493256262042391,0.21261682242990654,Aqua,00:00:00
0.053500000000000006,0.014100000000000001,0.0641,2018-11-09,2018-11-09 00:00:00,1.1948998178506376,-0.591304347826087,0.2568306010928962,Aqua,00:00:00
0.0397,0.006200000000000001,0.0451,2018-11-10,2018-11-10 00:00:00,1.1388888888888888,-0.7324263038548752,0.15445026178010468,Aqua,00:00:00
0.047,0.0056,0.053500000000000006,2018-11-11,2018-11-11 00:00:00,1.1297872340425532,-0.7886792452830188,0.1181434599156118,Aqua,00:00:00
0.0422,0.0071,0.045700000000000005,2018-11-12,2018-11-12 00:00:00,1.0933660933660936,-0.7148080438756855,0.16631130063965885,Aqua,00:00:00
0.0668,0.026600000000000002,0.07880000000000001,2018-11-14,2018-11-14 00:00:00,1.1923714759535655,-0.4479917610710607,0.3812233285917497,Aqua,00:00:00
0.0473,0.014400000000000001,0.055600000000000004,2018-11-15,2018-11-15 00:00:00,1.175475687103594,-0.53322528363047,0.3044397463002114,Aqua,00:00:00
0.0485,0.0128,0.0543,2018-11-16,2018-11-16 00:00:00,1.116182572614108,-0.5823817292006526,0.2639175257731959,Aqua,00:00:00
0.0429,0.006200000000000001,0.048600000000000004,2018-11-17,2018-11-17 00:00:00,1.132867132867133,-0.7549407114624505,0.13963963963963966,Aqua,00:00:00
0.046200000000000005,0.0038,0.054200000000000005,2018-11-18,2018-11-18 00:00:00,1.173160173160173,-0.8480000000000001,0.08225108225108224,Aqua,00:00:00
0.0444,0.0074,0.0506,2018-11-19,2018-11-19 00:00:00,1.135135135135135,-0.7126213592233008,0.16780045351473924,Aqua,00:00:00
0.0853,0.029400000000000003,0.0867,2018-11-25,2018-11-25 00:00:00,1.0164126611957796,-0.4873583260680035,0.34466588511137164,Aqua,00:00:00
0.0654,0.0125,0.0722,2018-12-02,2018-12-02 00:00:00,1.0508701472556894,-0.7074285714285714,0.1713520749665328,Aqua,00:00:00
0.0563,0.010400000000000001,0.0538,2018-12-05,2018-12-05 00:00:00,0.9649737302977233,-0.6881559220389805,0.1847246891651865,Aqua,00:00:00
0.0536,0.0105,0.0563,2018-12-06,2018-12-06 00:00:00,1.0559701492537314,-0.6656050955414012,0.20076481835564056,Aqua,00:00:00
0.0509,0.0095,0.053200000000000004,2018-12-12,2018-12-12 00:00:00,1.0943025540275049,-0.6854304635761589,0.18664047151277013,Aqua,00:00:00
0.057,0.008700000000000001,0.057300000000000004,2018-12-21,2018-12-21 00:00:00,1.0,-0.7367624810892587,0.1515679442508711,Aqua,00:00:00
0.0942,0.037000000000000005,0.10790000000000001,2018-12-25,2018-12-25 00:00:00,1.145435244161359,-0.4359756097560975,0.39278131634819535,Aqua,00:00:00
0.0629,0.0094,0.06280000000000001,2018-12-27,2018-12-27 00:00:00,0.9984101748807633,-0.7399723374827109,0.1494435612082671,Aqua,00:00:00
0.058800000000000005,0.0268,0.0454,2018-12-30,2018-12-30 00:00:00,0.7721088435374149,-0.3802816901408451,0.44897959183673464,Aqua,00:00:00
0.0616,0.011600000000000001,0.054700000000000006,2018-12-31,2018-12-31 00:00:00,0.8988580750407831,-0.6834924965893588,0.1880064829821718,Aqua,00:00:00
0.061200000000000004,0.01,0.06330000000000001,2019-01-12,2019-01-12 00:00:00,1.0557432432432432,-0.7285067873303168,0.15706806282722513,Aqua,00:00:00
0.042800000000000005,0.006200000000000001,0.046400000000000004,2019-01-13,2019-01-13 00:00:00,1.0514018691588785,-0.7469387755102042,0.14485981308411214,Aqua,00:00:00
0.0682,0.0143,0.08220000000000001,2019-01-21,2019-01-21 00:00:00,1.2052785923753668,-0.6533333333333333,0.20967741935483872,Aqua,00:00:00
0.0477,0.0146,0.0572,2019-01-25,2019-01-25 00:00:00,1.1814882032667877,-0.5279106858054227,0.3089770354906054,Aqua,00:00:00
0.0342,0.005,0.0341,2019-01-29,2019-01-29 00:00:00,1.0,-0.7493734335839599,0.14326647564469913,Aqua,00:00:00
0.0425,0.0043,0.0543,2019-01-30,2019-01-30 00:00:00,1.238938053097345,-0.8120805369127516,0.10370370370370371,Aqua,00:00:00
0.036000000000000004,0.0047,0.0395,2019-01-31,2019-01-31 00:00:00,1.0956284153005464,-0.7596153846153847,0.1366120218579235,Aqua,00:00:00
0.0675,0.018500000000000003,0.082,2019-02-06,2019-02-06 00:00:00,1.2148148148148148,-0.5697674418604651,0.2740740740740741,Aqua,00:00:00
0.0587,0.0106,0.0727,2019-02-18,2019-02-18 00:00:00,1.2367972742759794,-0.6958393113342899,0.1793570219966159,Aqua,00:00:00
0.06620000000000001,0.0204,0.081,2019-02-21,2019-02-21 00:00:00,1.245006657789614,-0.5078407720144752,0.3264,Aqua,00:00:00
0.055900000000000005,0.0099,0.0689,2019-03-07,2019-03-07 00:00:00,1.2402826855123674,-0.6957831325301206,0.1793960923623446,Aqua,00:00:00
0.043300000000000005,0.006200000000000001,0.0512,2019-03-11,2019-03-11 00:00:00,1.2078239608801957,-0.7453027139874738,0.14593301435406697,Aqua,00:00:00
0.0771,0.0367,0.1005,2019-03-12,2019-03-12 00:00:00,1.3035019455252919,-0.3550087873462214,0.4760051880674449,Aqua,00:00:00
0.0627,0.0125,0.07780000000000001,2019-03-13,2019-03-13 00:00:00,1.2190179267342167,-0.6617050067658998,0.20358306188925082,Aqua,00:00:00
0.0748,0.036000000000000004,0.09050000000000001,2019-03-14,2019-03-14 00:00:00,1.2085561497326203,-0.35018050541516244,0.4812834224598931,Aqua,00:00:00
0.0555,0.0083,0.0685,2019-03-15,2019-03-15 00:00:00,1.2270363951473138,-0.7382039573820395,0.15061295971978983,Aqua,00:00:00
0.060000000000000005,0.0134,0.0747,2019-03-17,2019-03-17 00:00:00,1.2449999999999999,-0.6348773841961852,0.22333333333333333,Aqua,00:00:00
0.0434,0.0073,0.0514,2019-03-18,2019-03-18 00:00:00,1.193467336683417,-0.7058823529411765,0.1724137931034483,Aqua,00:00:00
0.0723,0.0195,0.0834,2019-03-27,2019-03-27 00:00:00,1.212566844919786,-0.5864262990455991,0.2606951871657754,Aqua,00:00:00
0.0562,0.01,0.07050000000000001,2019-03-30,2019-03-30 00:00:00,1.2468916518650088,-0.6978851963746224,0.17793594306049823,Aqua,00:00:00
0.0608,0.0142,0.07590000000000001,2019-03-31,2019-03-31 00:00:00,1.248355263157895,-0.6213333333333334,0.23355263157894737,Aqua,00:00:00
0.06470000000000001,0.025,0.0785,2019-04-02,2019-04-02 00:00:00,1.213292117465224,-0.4425863991081383,0.3863987635239567,Aqua,00:00:00
0.0453,0.012100000000000001,0.0534,2019-04-12,2019-04-12 00:00:00,1.1789709172259508,-0.5761821366024519,0.2688888888888889,Aqua,00:00:00
0.0505,0.010700000000000001,0.062400000000000004,2019-04-16,2019-04-16 00:00:00,1.2396039603960396,-0.6476345840130505,0.21386138613861386,Aqua,00:00:00
0.0468,0.0085,0.057600000000000005,2019-04-18,2019-04-18 00:00:00,1.2020833333333334,-0.6938775510204082,0.18072289156626506,Aqua,00:00:00
0.0448,0.0134,0.0514,2019-04-21,2019-04-21 00:00:00,1.1353211009174313,-0.5403087478559176,0.29844097995545654,Aqua,00:00:00
0.058,0.0318,0.06670000000000001,2019-04-22,2019-04-22 00:00:00,1.1572649572649574,-0.29046563192904656,0.5498281786941581,Aqua,00:00:00
0.0393,0.007500000000000001,0.0473,2019-04-23,2019-04-23 00:00:00,1.185089974293059,-0.6767241379310345,0.1928020565552699,Aqua,00:00:00
0.029500000000000002,0.006500000000000001,0.0327,2019-04-24,2019-04-24 00:00:00,1.1084745762711863,-0.6423841059602649,0.21774193548387094,Aqua,00:00:00
0.0439,0.0244,0.047400000000000005,2019-04-25,2019-04-25 00:00:00,1.0810810810810811,-0.29069767441860467,0.5495495495495496,Aqua,00:00:00
0.0284,0.0056,0.029900000000000003,2019-04-26,2019-04-26 00:00:00,1.049122807017544,-0.6727272727272728,0.19565217391304346,Aqua,00:00:00
0.0397,0.015700000000000002,0.046700000000000005,2019-04-27,2019-04-27 00:00:00,1.1591448931116388,-0.4187380497131932,0.40970350404312667,Aqua,00:00:00
0.031,0.006900000000000001,0.033600000000000005,2019-04-28,2019-04-28 00:00:00,1.106529209621993,-0.6145833333333333,0.23870967741935484,Aqua,00:00:00
0.0352,0.011000000000000001,0.040100000000000004,2019-04-29,2019-04-29 00:00:00,1.1392045454545454,-0.5227765726681127,0.3133903133903134,Aqua,00:00:00
0.07590000000000001,0.0511,0.0785,2019-04-30,2019-04-30 00:00:00,1.0254452926208653,-0.18684843624699285,0.685135135135135,Aqua,00:00:00
0.0316,0.007200000000000001,0.0358,2019-05-01,2019-05-01 00:00:00,1.1419141914191417,-0.6288659793814433,0.22784810126582278,Aqua,00:00:00
0.046,0.0287,0.052500000000000005,2019-05-02,2019-05-02 00:00:00,1.1341719077568135,-0.24081632653061222,0.6118421052631579,Aqua,00:00:00
0.0198,0.008,0.0211,2019-05-03,2019-05-03 00:00:00,1.0795454545454544,-0.43478260869565216,0.3939393939393939,Aqua,00:00:00
0.0325,0.015000000000000001,0.038,2019-05-04,2019-05-04 00:00:00,1.1574074074074074,-0.37130801687763715,0.4584615384615384,Aqua,00:00:00
0.024200000000000003,0.0068000000000000005,0.027600000000000003,2019-05-05,2019-05-05 00:00:00,1.140495867768595,-0.5562700964630225,0.28512396694214875,Aqua,00:00:00
0.0366,0.018500000000000003,0.042,2019-05-06,2019-05-06 00:00:00,1.1487603305785126,-0.32967032967032966,0.5041322314049587,Aqua,00:00:00
0.033,0.010100000000000001,0.0409,2019-05-08,2019-05-08 00:00:00,1.2329192546583851,-0.537037037037037,0.30120481927710846,Aqua,00:00:00
0.0507,0.0333,0.0541,2019-05-09,2019-05-09 00:00:00,1.0632411067193677,-0.2023952095808383,0.6633466135458168,Aqua,00:00:00
0.0252,0.0068000000000000005,0.0296,2019-05-10,2019-05-10 00:00:00,1.1612903225806452,-0.5833333333333334,0.26315789473684215,Aqua,00:00:00
0.0284,0.0091,0.0344,2019-05-11,2019-05-11 00:00:00,1.1967213114754098,-0.5161290322580645,0.3191489361702128,Aqua,00:00:00
0.035500000000000004,0.0234,0.0393,2019-05-12,2019-05-12 00:00:00,1.0888888888888888,-0.20543293718166386,0.6591549295774647,Aqua,00:00:00
0.033800000000000004,0.0095,0.042800000000000005,2019-05-24,2019-05-24 00:00:00,1.2662721893491125,-0.5612009237875288,0.2810650887573964,Aqua,00:00:00
0.029300000000000003,0.008400000000000001,0.0364,2019-05-28,2019-05-28 00:00:00,1.247457627118644,-0.5502645502645503,0.2901023890784983,Aqua,00:00:00
0.039,0.0148,0.047900000000000005,2019-05-30,2019-05-30 00:00:00,1.2161458333333333,-0.44776119402985076,0.3814432989690722,Aqua,00:00:00
0.046,0.0206,0.058300000000000005,2019-05-31,2019-05-31 00:00:00,1.2673913043478262,-0.36615384615384616,0.46396396396396394,Aqua,00:00:00
0.051500000000000004,0.035300000000000005,0.061700000000000005,2019-06-02,2019-06-02 00:00:00,1.1980582524271846,-0.1866359447004608,0.6854368932038836,Aqua,00:00:00
0.024800000000000003,0.0068000000000000005,0.031100000000000003,2019-06-03,2019-06-03 00:00:00,1.2561983471074378,-0.5723270440251572,0.272,Aqua,00:00:00
0.0245,0.0078000000000000005,0.0302,2019-06-04,2019-06-04 00:00:00,1.208530805687204,-0.515527950310559,0.319672131147541,Aqua,00:00:00
0.0222,0.0048000000000000004,0.028,2019-06-05,2019-06-05 00:00:00,1.2633928571428572,-0.6417910447761193,0.21818181818181817,Aqua,00:00:00
0.0227,0.0053,0.0303,2019-06-08,2019-06-08 00:00:00,1.3376623376623376,-0.6283783783783783,0.2282157676348548,Aqua,00:00:00
0.0241,0.0078000000000000005,0.0325,2019-06-09,2019-06-09 00:00:00,1.3541666666666667,-0.5185185185185185,0.3170731707317073,Aqua,00:00:00
0.025,0.008,0.035,2019-06-11,2019-06-11 00:00:00,1.3923076923076922,-0.5151515151515151,0.32,Aqua,00:00:00
0.0304,0.0114,0.041,2019-06-12,2019-06-12 00:00:00,1.3658536585365852,-0.4392059553349876,0.3896551724137931,Aqua,00:00:00
0.025500000000000002,0.0102,0.037200000000000004,2019-06-13,2019-06-13 00:00:00,1.467479674796748,-0.4468085106382979,0.3823529411764706,Aqua,00:00:00
0.0388,0.036500000000000005,0.049800000000000004,2019-06-14,2019-06-14 00:00:00,1.2835051546391754,-0.03054448871181934,0.9407216494845362,Aqua,00:00:00
0.031900000000000005,0.0179,0.046700000000000005,2019-06-16,2019-06-16 00:00:00,1.4670846394984325,-0.281124497991968,0.561128526645768,Aqua,00:00:00
0.002,0.0083,0.0223,2019-06-17,2019-06-17 00:00:00,11.15,0.6116504854368932,4.15,Aqua,00:00:00
0.017400000000000002,0.0102,0.033600000000000005,2019-06-18,2019-06-18 00:00:00,1.9700598802395208,-0.2556390977443609,0.592814371257485,Aqua,00:00:00
0.026500000000000003,0.0146,0.0409,2019-06-19,2019-06-19 00:00:00,1.5433962264150942,-0.29,0.5503875968992248,Aqua,00:00:00
0.022600000000000002,0.017400000000000002,0.039,2019-06-20,2019-06-20 00:00:00,1.7079646017699115,-0.12999999999999998,0.7699115044247788,Aqua,00:00:00
0.0251,0.0137,0.0431,2019-06-21,2019-06-21 00:00:00,1.75,-0.2857142857142857,0.5555555555555556,Aqua,00:00:00
0.020800000000000003,0.0228,0.037000000000000005,2019-06-22,2019-06-22 00:00:00,1.753694581280788,0.04365079365079366,1.091286307053942,Aqua,00:00:00
0.0221,0.0119,0.0407,2019-06-23,2019-06-23 00:00:00,1.8008849557522122,-0.3101449275362319,0.5265486725663717,Aqua,00:00:00
0.0627,0.0575,0.08410000000000001,2019-06-26,2019-06-26 00:00:00,1.3413078149920254,-0.04326123128119803,0.9170653907496013,Aqua,00:00:00
0.0262,0.0201,0.0424,2019-06-28,2019-06-28 00:00:00,1.618320610687023,-0.13174946004319657,0.767175572519084,Aqua,00:00:00
0.0261,0.047400000000000005,0.0519,2019-06-30,2019-06-30 00:00:00,1.8135593220338984,0.1929824561403509,1.4782608695652175,Aqua,00:00:00
0.027,0.0291,0.0521,2019-07-02,2019-07-02 00:00:00,1.9101123595505618,0.04301075268817203,1.0898876404494382,Aqua,00:00:00
0.0228,0.060200000000000004,0.053700000000000005,2019-07-03,2019-07-03 00:00:00,2.2017937219730945,0.4593939393939394,2.6995515695067267,Aqua,00:00:00
0.023100000000000002,0.031,0.040100000000000004,2019-07-04,2019-07-04 00:00:00,1.7822222222222222,0.1460258780036968,1.3419913419913418,Aqua,00:00:00
0.0313,0.016900000000000002,0.0494,2019-07-05,2019-07-05 00:00:00,1.610759493670886,-0.3030927835051547,0.5348101265822784,Aqua,00:00:00
0.032,0.0292,0.052500000000000005,2019-07-07,2019-07-07 00:00:00,1.628125,-0.033112582781456984,0.9358974358974358,Aqua,00:00:00
0.0262,0.018600000000000002,0.0471,2019-07-08,2019-07-08 00:00:00,1.83206106870229,-0.16346153846153846,0.71900826446281,Aqua,00:00:00
0.020900000000000002,0.0205,0.041100000000000005,2019-07-11,2019-07-11 00:00:00,1.9805825242718447,-0.0024330900243308856,0.9951456310679612,Aqua,00:00:00
0.0383,0.040600000000000004,0.0621,2019-07-12,2019-07-12 00:00:00,1.6214099216710183,0.024676850763807257,1.0506024096385542,Aqua,00:00:00
0.023,0.018600000000000002,0.0453,2019-07-13,2019-07-13 00:00:00,1.9252336448598129,-0.1233595800524935,0.7803738317757009,Aqua,00:00:00
0.0316,0.0505,0.059800000000000006,2019-07-14,2019-07-14 00:00:00,1.8924050632911393,0.2302070645554202,1.5981012658227847,Aqua,00:00:00
0.0229,0.0252,0.0488,2019-07-15,2019-07-15 00:00:00,2.087866108786611,0.06910569105691057,1.148471615720524,Aqua,00:00:00
0.0388,0.09330000000000001,0.0724,2019-07-16,2019-07-16 00:00:00,1.8403141361256543,0.4190114068441065,2.4424083769633507,Aqua,00:00:00
0.0262,0.0456,0.0557,2019-07-18,2019-07-18 00:00:00,2.150375939849624,0.27552447552447545,1.7606177606177604,Aqua,00:00:00
0.0258,0.0477,0.054700000000000006,2019-07-19,2019-07-19 00:00:00,2.077490774907749,0.2536136662286465,1.6795774647887323,Aqua,00:00:00
0.0253,0.0165,0.041600000000000005,2019-07-20,2019-07-20 00:00:00,1.640316205533597,-0.21052631578947364,0.6521739130434783,Aqua,00:00:00
0.0246,0.0099,0.0403,2019-07-21,2019-07-21 00:00:00,1.509293680297398,-0.4619565217391305,0.3680297397769517,Aqua,00:00:00
0.029500000000000002,0.0376,0.053500000000000006,2019-07-22,2019-07-22 00:00:00,1.681159420289855,0.05089408528198076,1.1072463768115943,Aqua,00:00:00
0.0256,0.0381,0.0546,2019-07-23,2019-07-23 00:00:00,2.125,0.19623233908948193,1.48828125,Aqua,00:00:00
0.0207,0.0132,0.0381,2019-07-24,2019-07-24 00:00:00,1.722222222222222,-0.2534818941504179,0.5955555555555555,Aqua,00:00:00
0.0264,0.0119,0.0412,2019-07-26,2019-07-26 00:00:00,1.5485074626865671,-0.38341968911917096,0.4456928838951311,Aqua,00:00:00
0.0264,0.013600000000000001,0.0442,2019-07-27,2019-07-27 00:00:00,1.6742424242424243,-0.31999999999999995,0.5151515151515151,Aqua,00:00:00
0.0317,0.0146,0.049,2019-07-28,2019-07-28 00:00:00,1.5512820512820513,-0.368421052631579,0.46153846153846156,Aqua,00:00:00
0.0328,0.0165,0.0511,2019-07-29,2019-07-29 00:00:00,1.548780487804878,-0.3497942386831276,0.4817073170731707,Aqua,00:00:00
0.0375,0.032100000000000004,0.062400000000000004,2019-07-30,2019-07-30 00:00:00,1.6640000000000001,-0.07758620689655166,0.8560000000000001,Aqua,00:00:00
0.0256,0.0128,0.0412,2019-07-31,2019-07-31 00:00:00,1.5887096774193548,-0.3402061855670103,0.4923076923076923,Aqua,00:00:00
0.021,0.0251,0.041100000000000005,2019-08-02,2019-08-02 00:00:00,2.162280701754386,0.14350797266514806,1.3351063829787233,Aqua,00:00:00
0.0267,0.0194,0.0492,2019-08-03,2019-08-03 00:00:00,1.842696629213483,-0.15835140997830804,0.7265917602996255,Aqua,00:00:00
0.0262,0.0099,0.0448,2019-08-04,2019-08-04 00:00:00,1.6902985074626866,-0.45152354570637127,0.37786259541984735,Aqua,00:00:00
0.029500000000000002,0.0146,0.0509,2019-08-05,2019-08-05 00:00:00,1.7159090909090908,-0.3129411764705882,0.5232974910394265,Aqua,00:00:00
0.0216,0.0239,0.0436,2019-08-08,2019-08-08 00:00:00,2.042654028436019,0.04656319290465627,1.097674418604651,Aqua,00:00:00
0.0268,0.0358,0.055900000000000005,2019-08-11,2019-08-11 00:00:00,2.15,0.14012738853503184,1.325925925925926,Aqua,00:00:00
0.0251,0.06280000000000001,0.0541,2019-08-12,2019-08-12 00:00:00,2.171875,0.4288964732650741,2.5019920318725104,Aqua,00:00:00
0.023700000000000002,0.014400000000000001,0.0442,2019-08-13,2019-08-13 00:00:00,1.8059071729957805,-0.21311475409836067,0.6486486486486487,Aqua,00:00:00
0.0221,0.0129,0.0425,2019-08-14,2019-08-14 00:00:00,1.9130434782608698,-0.3246753246753246,0.5098039215686274,Aqua,00:00:00
0.019,0.0189,0.039900000000000005,2019-08-15,2019-08-15 00:00:00,2.1,-0.002638522427440617,0.9947368421052631,Aqua,00:00:00
0.0212,0.0263,0.0414,2019-08-16,2019-08-16 00:00:00,2.2011173184357546,0.20370370370370375,1.5116279069767442,Aqua,00:00:00
0.028200000000000003,0.0709,0.0524,2019-08-17,2019-08-17 00:00:00,1.8321678321678323,0.42512562814070354,2.479020979020979,Aqua,00:00:00
0.0245,0.0269,0.0524,2019-08-18,2019-08-18 00:00:00,2.0549019607843135,0.04669260700389104,1.0979591836734695,Aqua,00:00:00
0.0514,0.09630000000000001,0.0792,2019-08-19,2019-08-19 00:00:00,1.5408560311284047,0.30399458361543674,1.8735408560311286,Aqua,00:00:00
0.0252,0.0596,0.056100000000000004,2019-08-20,2019-08-20 00:00:00,2.2322834645669287,0.382830626450116,2.2406015037593985,Aqua,00:00:00
0.027700000000000002,0.0222,0.0448,2019-08-22,2019-08-22 00:00:00,1.6254545454545455,-0.11111111111111115,0.7999999999999999,Aqua,00:00:00
0.0395,0.050300000000000004,0.0665,2019-08-23,2019-08-23 00:00:00,1.6835443037974684,0.12026726057906463,1.2734177215189875,Aqua,00:00:00
0.027200000000000002,0.0247,0.0546,2019-08-24,2019-08-24 00:00:00,1.977941176470588,-0.048169556840077114,0.9080882352941175,Aqua,00:00:00
0.0234,0.023100000000000002,0.0473,2019-08-25,2019-08-25 00:00:00,2.056872037914692,-0.017937219730941752,0.9647577092511013,Aqua,00:00:00
0.025900000000000003,0.0222,0.048600000000000004,2019-08-26,2019-08-26 00:00:00,1.8809523809523812,-0.07628865979381447,0.8582375478927202,Aqua,00:00:00
0.0222,0.0123,0.0359,2019-08-27,2019-08-27 00:00:00,1.5733333333333333,-0.28455284552845533,0.5569620253164557,Aqua,00:00:00
0.0201,0.021400000000000002,0.0373,2019-08-30,2019-08-30 00:00:00,1.855,0.02782931354359928,1.0572519083969467,Aqua,00:00:00
0.020300000000000002,0.0216,0.0415,2019-08-31,2019-08-31 00:00:00,2.029126213592233,0.016470588235294098,1.0334928229665072,Aqua,00:00:00
0.020200000000000003,0.016900000000000002,0.037200000000000004,2019-09-01,2019-09-01 00:00:00,1.8926829268292682,-0.09333333333333331,0.8292682926829269,Aqua,00:00:00
0.0269,0.0253,0.05,2019-09-02,2019-09-02 00:00:00,1.852941176470588,-0.0036900369003690456,0.9926470588235293,Aqua,00:00:00
0.0201,0.015000000000000001,0.0351,2019-09-03,2019-09-03 00:00:00,1.687782805429864,-0.14805194805194805,0.7420814479638009,Aqua,00:00:00
0.0296,0.024900000000000002,0.051800000000000006,2019-09-04,2019-09-04 00:00:00,1.899598393574297,-0.012820512820512815,0.9746835443037974,Aqua,00:00:00
0.034,0.0342,0.061200000000000004,2019-09-05,2019-09-05 00:00:00,1.7983193277310925,0.0029325513196480756,1.0058823529411764,Aqua,00:00:00
0.0308,0.031,0.052500000000000005,2019-09-06,2019-09-06 00:00:00,1.6776315789473686,-0.011764705882352927,0.9767441860465117,Aqua,00:00:00
0.023700000000000002,0.0178,0.038900000000000004,2019-09-08,2019-09-08 00:00:00,1.6680497925311204,-0.14999999999999997,0.7391304347826088,Aqua,00:00:00
0.1332,0.14150000000000001,0.17220000000000002,2019-09-10,2019-09-10 00:00:00,1.292792792792793,0.030214779759737895,1.0623123123123124,Aqua,00:00:00
0.0323,0.0575,0.062200000000000005,2019-09-11,2019-09-11 00:00:00,1.91875,0.2771618625277162,1.7668711656441718,Aqua,00:00:00
0.0173,0.0148,0.030600000000000002,2019-09-12,2019-09-12 00:00:00,1.7370892018779345,-0.08157099697885195,0.8491620111731844,Aqua,00:00:00
0.0213,0.0165,0.0366,2019-09-13,2019-09-13 00:00:00,1.7304347826086959,-0.12195121951219505,0.7826086956521741,Aqua,00:00:00
0.029300000000000003,0.024,0.0472,2019-09-14,2019-09-14 00:00:00,1.5794392523364484,-0.11275415896487988,0.7973421926910299,Aqua,00:00:00
0.025400000000000002,0.014100000000000001,0.0381,2019-09-15,2019-09-15 00:00:00,1.5119047619047619,-0.282442748091603,0.5595238095238095,Aqua,00:00:00
0.0979,0.10400000000000001,0.1467,2019-09-19,2019-09-19 00:00:00,1.498467824310521,0.030212976721149122,1.0623084780388152,Aqua,00:00:00
0.0256,0.0417,0.053500000000000006,2019-09-20,2019-09-20 00:00:00,2.0434782608695654,0.19999999999999998,1.5,Aqua,00:00:00
0.022500000000000003,0.046200000000000005,0.05,2019-09-21,2019-09-21 00:00:00,2.167381974248927,0.3294964028776979,1.9828326180257512,Aqua,00:00:00
0.0227,0.0354,0.0461,2019-09-23,2019-09-23 00:00:00,2.0308370044052864,0.21858864027538727,1.5594713656387664,Aqua,00:00:00
0.0175,0.015600000000000001,0.0309,2019-09-24,2019-09-24 00:00:00,1.6939655172413792,-0.09952606635071096,0.8189655172413792,Aqua,00:00:00
0.0167,0.010100000000000001,0.029,2019-09-25,2019-09-25 00:00:00,1.7499999999999998,-0.23773584905660375,0.6158536585365854,Aqua,00:00:00
0.0212,0.019100000000000002,0.039,2019-09-26,2019-09-26 00:00:00,1.857142857142857,-0.04096385542168675,0.9212962962962963,Aqua,00:00:00
0.0279,0.0148,0.0461,2019-09-27,2019-09-27 00:00:00,1.6877192982456142,-0.30434782608695654,0.5333333333333333,Aqua,00:00:00
0.028300000000000002,0.0497,0.053000000000000005,2019-10-01,2019-10-01 00:00:00,1.8685121107266434,0.29113924050632917,1.8214285714285716,Aqua,00:00:00
0.0303,0.0442,0.058100000000000006,2019-10-04,2019-10-04 00:00:00,1.9588014981273407,0.2539912917271408,1.6809338521400778,Aqua,00:00:00
0.018500000000000003,0.0158,0.033,2019-10-05,2019-10-05 00:00:00,1.7606382978723405,-0.08670520231213869,0.8404255319148937,Aqua,00:00:00
0.0251,0.0268,0.0444,2019-10-06,2019-10-06 00:00:00,1.75,0.03275529865125241,1.0677290836653386,Aqua,00:00:00
0.0253,0.029300000000000003,0.0431,2019-10-07,2019-10-07 00:00:00,1.7035573122529644,0.07326007326007332,1.1581027667984192,Aqua,00:00:00
0.0405,0.0238,0.0539,2019-10-08,2019-10-08 00:00:00,1.325925925925926,-0.264069264069264,0.5821917808219179,Aqua,00:00:00
0.032600000000000004,0.017050000000000003,0.0461,2019-10-09,2019-10-09 00:00:00,1.4141104294478526,-0.3333333333333333,0.5,Aqua,00:00:00
0.0268,0.016,0.038200000000000005,2019-10-10,2019-10-10 00:00:00,1.4253731343283584,-0.2523364485981308,0.5970149253731343,Aqua,00:00:00
0.0315,0.0369,0.0499,2019-10-11,2019-10-11 00:00:00,1.542857142857143,0.07894736842105265,1.1714285714285715,Aqua,00:00:00
0.0367,0.027800000000000002,0.0517,2019-10-12,2019-10-12 00:00:00,1.415549597855228,-0.12476007677543188,0.7781569965870306,Aqua,00:00:00
0.0317,0.049300000000000004,0.048100000000000004,2019-10-13,2019-10-13 00:00:00,1.5154185022026432,0.2488151658767773,1.662460567823344,Aqua,00:00:00
0.0322,0.0245,0.045700000000000005,2019-10-14,2019-10-14 00:00:00,1.3975155279503106,-0.125703564727955,0.7766666666666666,Aqua,00:00:00
0.06960000000000001,0.033,0.0852,2019-10-18,2019-10-18 00:00:00,1.2241379310344827,-0.35672514619883045,0.4741379310344827,Aqua,00:00:00
0.038700000000000005,0.0309,0.0529,2019-10-22,2019-10-22 00:00:00,1.366925064599483,-0.11206896551724144,0.7984496124031006,Aqua,00:00:00
0.039900000000000005,0.012400000000000001,0.0465,2019-10-23,2019-10-23 00:00:00,1.1378504672897196,-0.5190380761523047,0.31662269129287596,Aqua,00:00:00
0.040100000000000004,0.014,0.0466,2019-10-24,2019-10-24 00:00:00,1.1620947630922693,-0.4715596330275229,0.35910224438902744,Aqua,00:00:00
0.053700000000000005,0.0166,0.060500000000000005,2019-10-25,2019-10-25 00:00:00,1.1310211946050097,-0.5188405797101449,0.31679389312977096,Aqua,00:00:00
0.0454,0.008700000000000001,0.0472,2019-10-26,2019-10-26 00:00:00,1.0396475770925109,-0.6757894736842106,0.1934673366834171,Aqua,00:00:00
0.0477,0.012100000000000001,0.0502,2019-10-27,2019-10-27 00:00:00,1.0456521739130435,-0.5986038394415357,0.25109170305676853,Aqua,00:00:00
0.0415,0.0122,0.046400000000000004,2019-10-28,2019-10-28 00:00:00,1.113253012048193,-0.5485074626865671,0.29156626506024097,Aqua,00:00:00
0.0668,0.018000000000000002,0.0693,2019-10-29,2019-10-29 00:00:00,1.026392961876833,-0.5719381688466112,0.2723146747352496,Aqua,00:00:00
0.0437,0.0077,0.0439,2019-10-30,2019-10-30 00:00:00,1.0,-0.6976744186046511,0.17808219178082194,Aqua,00:00:00
0.0618,0.0233,0.0666,2019-10-31,2019-10-31 00:00:00,1.0773993808049536,-0.4617224880382774,0.36824877250409166,Aqua,00:00:00
0.051300000000000005,0.0088,0.052500000000000005,2019-11-01,2019-11-01 00:00:00,1.0076045627376427,-0.7080536912751678,0.17092337917485267,Aqua,00:00:00
0.0415,0.0085,0.045000000000000005,2019-11-02,2019-11-02 00:00:00,1.064655172413793,-0.6690647482014389,0.1982758620689655,Aqua,00:00:00
0.0599,0.0182,0.0679,2019-11-03,2019-11-03 00:00:00,1.1018867924528302,-0.5400788436268069,0.2986348122866894,Aqua,00:00:00
0.05,0.008400000000000001,0.0529,2019-11-04,2019-11-04 00:00:00,1.0469314079422383,-0.7182608695652175,0.16396761133603238,Aqua,00:00:00
0.0562,0.0115,0.0596,2019-11-06,2019-11-06 00:00:00,1.069364161849711,-0.6502115655853314,0.21196581196581196,Aqua,00:00:00
0.0495,0.0091,0.055600000000000004,2019-11-08,2019-11-08 00:00:00,1.1244813278008299,-0.6952998379254457,0.17973231357552583,Aqua,00:00:00
0.0499,0.006500000000000001,0.055400000000000005,2019-11-10,2019-11-10 00:00:00,1.0623885918003564,-0.7683397683397684,0.13100436681222707,Aqua,00:00:00
0.07490000000000001,0.020800000000000003,0.07590000000000001,2019-11-20,2019-11-20 00:00:00,1.0159574468085106,-0.5653082549634274,0.27770360480640854,Aqua,00:00:00
0.0654,0.013600000000000001,0.062,2019-11-21,2019-11-21 00:00:00,0.9697428139183055,-0.6494522691705791,0.21252371916508536,Aqua,00:00:00
0.052500000000000005,0.0091,0.0524,2019-11-22,2019-11-22 00:00:00,0.9864341085271318,-0.699421965317919,0.17687074829931973,Aqua,00:00:00
0.0528,0.0094,0.0563,2019-11-23,2019-11-23 00:00:00,1.082089552238806,-0.6977491961414791,0.17803030303030304,Aqua,00:00:00
0.1145,0.041100000000000005,0.1145,2019-11-28,2019-11-28 00:00:00,1.0125448028673836,-0.47716743878226336,0.3539426523297491,Aqua,00:00:00
0.081,0.0325,0.07150000000000001,2019-11-29,2019-11-29 00:00:00,0.8765432098765433,-0.4298245614035088,0.3987730061349693,Aqua,00:00:00
0.0838,0.0246,0.0761,2019-12-03,2019-12-03 00:00:00,0.9081145584725537,-0.5461254612546126,0.2935560859188544,Aqua,00:00:00
0.0886,0.0251,0.0874,2019-12-23,2019-12-23 00:00:00,0.9758620689655172,-0.551986475063398,0.2886710239651416,Aqua,00:00:00
0.07390000000000001,0.0206,0.0636,2019-12-30,2019-12-30 00:00:00,0.8606224627875507,-0.5668508287292818,0.27644569816643155,Aqua,00:00:00
0.0859,0.0246,0.09050000000000001,2020-01-05,2020-01-05 00:00:00,1.0510869565217393,-0.5547511312217195,0.28637951105937137,Aqua,00:00:00
0.1173,0.0703,0.1269,2020-01-09,2020-01-09 00:00:00,1.081841432225064,-0.25053304904051177,0.5993179880647911,Aqua,00:00:00
0.06670000000000001,0.0152,0.07010000000000001,2020-02-03,2020-02-03 00:00:00,1.0548961424332344,-0.6328828828828829,0.22482758620689655,Aqua,00:00:00
0.057100000000000005,0.0097,0.0541,2020-02-06,2020-02-06 00:00:00,0.9316987740805605,-0.7095808383233534,0.169877408056042,Aqua,00:00:00
0.061700000000000005,0.0103,0.0557,2020-02-07,2020-02-07 00:00:00,0.9415481832543443,-0.7142857142857142,0.16666666666666669,Aqua,00:00:00
0.0903,0.0333,0.0936,2020-02-09,2020-02-09 00:00:00,1.0428736964078795,-0.4611650485436893,0.36877076411960136,Aqua,00:00:00
0.058100000000000006,0.0103,0.0543,2020-02-10,2020-02-10 00:00:00,0.9345955249569706,-0.6988304093567252,0.17728055077452667,Aqua,00:00:00
0.0613,0.0148,0.0626,2020-02-11,2020-02-11 00:00:00,1.0273752012882449,-0.6009852216748769,0.2492307692307692,Aqua,00:00:00
0.0766,0.0286,0.0818,2020-02-12,2020-02-12 00:00:00,1.0678851174934725,-0.45627376425855515,0.3733681462140992,Aqua,00:00:00
0.0539,0.0097,0.0538,2020-02-13,2020-02-13 00:00:00,1.0122377622377623,-0.6937500000000001,0.18081180811808115,Aqua,00:00:00
0.059000000000000004,0.011000000000000001,0.0577,2020-02-17,2020-02-17 00:00:00,0.9795221843003412,-0.6837606837606838,0.18781725888324874,Aqua,00:00:00
0.077,0.0207,0.07970000000000001,2020-02-18,2020-02-18 00:00:00,1.0350649350649352,-0.5748194014447884,0.2699868938401048,Aqua,00:00:00
0.057800000000000004,0.0112,0.0574,2020-02-19,2020-02-19 00:00:00,0.9865771812080538,-0.6722408026755852,0.19599999999999998,Aqua,00:00:00
0.046700000000000005,0.0102,0.0482,2020-02-21,2020-02-21 00:00:00,1.0321199143468949,-0.6414762741652021,0.2184154175588865,Aqua,00:00:00
0.0397,0.0086,0.0422,2020-02-22,2020-02-22 00:00:00,1.0428211586901763,-0.6631259484066768,0.20255474452554745,Aqua,00:00:00
0.0673,0.013000000000000001,0.0679,2020-02-23,2020-02-23 00:00:00,1.0451339915373765,-0.6688741721854305,0.19841269841269843,Aqua,00:00:00
0.0693,0.0235,0.0716,2020-02-24,2020-02-24 00:00:00,1.0337738619676946,-0.4955752212389381,0.33727810650887574,Aqua,00:00:00
0.08710000000000001,0.0339,0.08990000000000001,2020-02-25,2020-02-25 00:00:00,1.032146957520092,-0.43966942148760335,0.3892078071182548,Aqua,00:00:00
0.06570000000000001,0.016,0.0627,2020-02-26,2020-02-26 00:00:00,0.9726027397260273,-0.6083231334149327,0.243531202435312,Aqua,00:00:00
0.0634,0.0151,0.0635,2020-02-27,2020-02-27 00:00:00,1.031104199066874,-0.6196473551637279,0.2348367029548989,Aqua,00:00:00
0.0747,0.0188,0.0767,2020-03-01,2020-03-01 00:00:00,1.0267737617135209,-0.6021164021164022,0.24834874504623514,Aqua,00:00:00
0.060000000000000005,0.013000000000000001,0.0591,2020-03-02,2020-03-02 00:00:00,0.9831932773109243,-0.6413793103448275,0.2184873949579832,Aqua,00:00:00
0.0697,0.0134,0.0746,2020-03-03,2020-03-03 00:00:00,1.0703012912482066,-0.677496991576414,0.19225251076040173,Aqua,00:00:00
0.057800000000000004,0.0105,0.0609,2020-03-04,2020-03-04 00:00:00,1.0472854640980735,-0.6916299559471365,0.18229166666666666,Aqua,00:00:00
0.069,0.016,0.0829,2020-03-09,2020-03-09 00:00:00,1.2014492753623187,-0.6235294117647059,0.23188405797101447,Aqua,00:00:00
0.06330000000000001,0.016800000000000002,0.0709,2020-03-10,2020-03-10 00:00:00,1.1058823529411765,-0.582901554404145,0.2635024549918167,Aqua,00:00:00
0.0659,0.015000000000000001,0.0707,2020-03-12,2020-03-12 00:00:00,1.0728376327769347,-0.6274038461538463,0.22895125553914325,Aqua,00:00:00
0.0548,0.011000000000000001,0.0592,2020-03-13,2020-03-13 00:00:00,1.0900562851782365,-0.6580937972768531,0.20620437956204382,Aqua,00:00:00
0.06280000000000001,0.0125,0.0707,2020-03-19,2020-03-19 00:00:00,1.1275917065390748,-0.670184696569921,0.1974723538704581,Aqua,00:00:00
0.053700000000000005,0.0094,0.0596,2020-03-20,2020-03-20 00:00:00,1.1088560885608856,-0.7015873015873016,0.17537313432835822,Aqua,00:00:00
0.0441,0.0088,0.050300000000000004,2020-03-22,2020-03-22 00:00:00,1.116504854368932,-0.664406779661017,0.20162932790224034,Aqua,00:00:00
0.0609,0.0125,0.0697,2020-03-26,2020-03-26 00:00:00,1.1544991511035654,-0.6585365853658537,0.20588235294117646,Aqua,00:00:00
0.0698,0.0166,0.07880000000000001,2020-04-01,2020-04-01 00:00:00,1.1244509516837482,-0.613953488372093,0.23919308357348704,Aqua,00:00:00
0.0541,0.0095,0.0611,2020-04-03,2020-04-03 00:00:00,1.123134328358209,-0.7000000000000001,0.17647058823529413,Aqua,00:00:00
0.0563,0.0111,0.06330000000000001,2020-04-07,2020-04-07 00:00:00,1.1418803418803418,-0.6661562021439511,0.2003676470588235,Aqua,00:00:00
0.054700000000000006,0.0126,0.06330000000000001,2020-04-08,2020-04-08 00:00:00,1.157221206581353,-0.6248108925869894,0.2309124767225326,Aqua,00:00:00
0.0582,0.014700000000000001,0.0659,2020-04-09,2020-04-09 00:00:00,1.1324626865671643,-0.575,0.2698412698412699,Aqua,00:00:00
0.0482,0.0099,0.057300000000000004,2020-04-10,2020-04-10 00:00:00,1.1975051975051976,-0.6592082616179002,0.20539419087136931,Aqua,00:00:00
0.049800000000000004,0.008700000000000001,0.057800000000000004,2020-04-12,2020-04-12 00:00:00,1.1666666666666667,-0.7045840407470289,0.17330677290836655,Aqua,00:00:00
0.057100000000000005,0.0119,0.0683,2020-04-13,2020-04-13 00:00:00,1.1933216168717047,-0.6570605187319885,0.20695652173913043,Aqua,00:00:00
0.0543,0.0152,0.0651,2020-04-14,2020-04-14 00:00:00,1.195970695970696,-0.5602836879432623,0.2818181818181818,Aqua,00:00:00
0.058,0.0172,0.0685,2020-04-15,2020-04-15 00:00:00,1.1810344827586208,-0.5425531914893618,0.296551724137931,Aqua,00:00:00
0.0726,0.028300000000000002,0.0816,2020-04-16,2020-04-16 00:00:00,1.1244979919678715,-0.43762376237623757,0.39118457300275483,Aqua,00:00:00
0.0516,0.010100000000000001,0.0616,2020-04-17,2020-04-17 00:00:00,1.1937984496124032,-0.672609400324149,0.19573643410852715,Aqua,00:00:00
0.0499,0.0095,0.059500000000000004,2020-04-19,2020-04-19 00:00:00,1.205761316872428,-0.6860068259385665,0.1862348178137652,Aqua,00:00:00
0.053700000000000005,0.012,0.064,2020-04-21,2020-04-21 00:00:00,1.2,-0.6338880484114977,0.2240740740740741,Aqua,00:00:00
0.062200000000000005,0.0212,0.0723,2020-04-23,2020-04-23 00:00:00,1.1690821256038646,-0.49411764705882344,0.33858267716535434,Aqua,00:00:00
0.0502,0.0129,0.0625,2020-04-26,2020-04-26 00:00:00,1.2413127413127414,-0.580536912751678,0.2653927813163482,Aqua,00:00:00
0.0429,0.0056,0.0528,2020-04-28,2020-04-28 00:00:00,1.2273781902552205,-0.7690721649484535,0.13053613053613053,Aqua,00:00:00
0.0582,0.0194,0.0679,2020-04-30,2020-04-30 00:00:00,1.1666666666666667,-0.4987080103359174,0.33448275862068966,Aqua,00:00:00
0.0548,0.014100000000000001,0.0688,2020-05-03,2020-05-03 00:00:00,1.25,-0.5871156661786238,0.2601476014760148,Aqua,00:00:00
0.05,0.0122,0.0613,2020-05-06,2020-05-06 00:00:00,1.214859437751004,-0.6,0.25,Aqua,00:00:00
0.0451,0.010400000000000001,0.054200000000000005,2020-05-07,2020-05-07 00:00:00,1.1961206896551724,-0.6245614035087719,0.2311015118790497,Aqua,00:00:00
0.0471,0.015300000000000001,0.058100000000000006,2020-05-08,2020-05-08 00:00:00,1.2570806100217864,-0.5098684210526315,0.32461873638344224,Aqua,00:00:00
0.0417,0.0098,0.0543,2020-05-15,2020-05-15 00:00:00,1.2884615384615383,-0.6194174757281552,0.23501199040767384,Aqua,00:00:00
0.0654,0.029500000000000002,0.0782,2020-05-17,2020-05-17 00:00:00,1.2329376854599408,-0.39112487100103205,0.43768545994065283,Aqua,00:00:00
0.0553,0.0162,0.0683,2020-05-19,2020-05-19 00:00:00,1.2350813743218807,-0.5468531468531468,0.29294755877034356,Aqua,00:00:00
0.0799,0.042100000000000005,0.0912,2020-05-20,2020-05-20 00:00:00,1.1408284023668638,-0.30232558139534876,0.5357142857142858,Aqua,00:00:00
0.0465,0.0117,0.0582,2020-05-21,2020-05-21 00:00:00,1.2516268980477223,-0.5965217391304348,0.25272331154684097,Aqua,00:00:00
0.0596,0.031400000000000004,0.0761,2020-05-22,2020-05-22 00:00:00,1.269151138716356,-0.3361522198731501,0.4968354430379747,Aqua,00:00:00
0.0397,0.0108,0.049800000000000004,2020-05-23,2020-05-23 00:00:00,1.2467866323907455,-0.5764705882352941,0.26865671641791045,Aqua,00:00:00
0.0436,0.0125,0.054900000000000004,2020-05-24,2020-05-24 00:00:00,1.259090909090909,-0.5539305301645338,0.28705882352941176,Aqua,00:00:00
0.0366,0.0067,0.0459,2020-05-26,2020-05-26 00:00:00,1.2540983606557379,-0.6905311778290993,0.1830601092896175,Aqua,00:00:00
0.0407,0.0083,0.050800000000000005,2020-05-28,2020-05-28 00:00:00,1.2615012106537529,-0.6679999999999999,0.1990407673860911,Aqua,00:00:00
0.044700000000000004,0.017400000000000002,0.0579,2020-06-02,2020-06-02 00:00:00,1.2863534675615211,-0.4396135265700483,0.38926174496644295,Aqua,00:00:00
0.0307,0.0079,0.0424,2020-06-04,2020-06-04 00:00:00,1.3941368078175898,-0.5794871794871795,0.26623376623376627,Aqua,00:00:00
0.0236,0.0171,0.030500000000000003,2020-06-08,2020-06-08 00:00:00,1.2923728813559323,-0.27058823529411763,0.5740740740740741,Aqua,00:00:00
0.0585,0.0519,0.0699,2020-06-09,2020-06-09 00:00:00,1.1948717948717948,-0.05978260869565219,0.8871794871794871,Aqua,00:00:00
0.052700000000000004,0.0172,0.0732,2020-06-13,2020-06-13 00:00:00,1.3996175908221797,-0.5072046109510085,0.3269598470363289,Aqua,00:00:00
0.0381,0.0201,0.0543,2020-06-17,2020-06-17 00:00:00,1.415549597855228,-0.32436974789915973,0.5101522842639593,Aqua,00:00:00
0.0317,0.0142,0.050800000000000005,2020-06-18,2020-06-18 00:00:00,1.592476489028213,-0.38394793926247295,0.44514106583072094,Aqua,00:00:00
0.0235,0.0145,0.0432,2020-06-21,2020-06-21 00:00:00,1.8305084745762714,-0.24615384615384614,0.6049382716049383,Aqua,00:00:00
0.0229,0.0106,0.041,2020-06-22,2020-06-22 00:00:00,1.8008849557522122,-0.3614457831325302,0.4690265486725663,Aqua,00:00:00
0.027600000000000003,0.0111,0.0476,2020-06-23,2020-06-23 00:00:00,1.732394366197183,-0.40104166666666663,0.4275092936802974,Aqua,00:00:00
0.0261,0.0177,0.048,2020-06-25,2020-06-25 00:00:00,1.8314176245210727,-0.19178082191780824,0.6781609195402298,Aqua,00:00:00
0.0604,0.0505,0.082,2020-06-26,2020-06-26 00:00:00,1.3576158940397351,-0.10570236439499298,0.808805031446541,Aqua,00:00:00
0.0264,0.018600000000000002,0.05,2020-06-27,2020-06-27 00:00:00,1.8897338403041826,-0.17286652078774617,0.7052238805970149,Aqua,00:00:00
0.035500000000000004,0.028,0.06670000000000001,2020-06-29,2020-06-29 00:00:00,1.8788732394366199,-0.1181102362204725,0.7887323943661971,Aqua,00:00:00
0.023700000000000002,0.022500000000000003,0.0466,2020-06-30,2020-06-30 00:00:00,1.9576271186440681,-0.05856832971800436,0.8893442622950819,Aqua,00:00:00
0.0218,0.020800000000000003,0.045700000000000005,2020-07-01,2020-07-01 00:00:00,2.0794392523364484,-0.014218009478672982,0.9719626168224299,Aqua,00:00:00
0.0268,0.0511,0.0506,2020-07-02,2020-07-02 00:00:00,1.8104089219330854,0.32041343669250644,1.9429657794676805,Aqua,00:00:00
0.041600000000000005,0.033,0.0659,2020-07-03,2020-07-03 00:00:00,1.5228310502283107,-0.14062499999999994,0.7534246575342466,Aqua,00:00:00
0.0233,0.0183,0.042800000000000005,2020-07-04,2020-07-04 00:00:00,1.9173913043478261,-0.09523809523809525,0.8260869565217391,Aqua,00:00:00
0.0236,0.0324,0.0524,2020-07-05,2020-07-05 00:00:00,2.2754237288135597,0.15714285714285714,1.3728813559322033,Aqua,00:00:00
0.0274,0.0427,0.0565,2020-07-06,2020-07-06 00:00:00,2.1564885496183206,0.23947750362844702,1.6297709923664123,Aqua,00:00:00
0.025,0.0675,0.0572,2020-07-07,2020-07-07 00:00:00,2.32,0.4547413793103448,2.6679841897233203,Aqua,00:00:00
0.026600000000000002,0.053200000000000004,0.055200000000000006,2020-07-08,2020-07-08 00:00:00,2.075187969924812,0.34513274336283184,2.054054054054054,Aqua,00:00:00
0.027700000000000002,0.014,0.0482,2020-07-09,2020-07-09 00:00:00,1.7256317689530685,-0.334916864608076,0.498220640569395,Aqua,00:00:00
0.0235,0.029,0.050800000000000005,2020-07-10,2020-07-10 00:00:00,2.0793650793650795,0.07806691449814124,1.1693548387096773,Aqua,00:00:00
0.0269,0.0304,0.0526,2020-07-11,2020-07-11 00:00:00,2.0187265917602994,0.06434782608695655,1.137546468401487,Aqua,00:00:00
0.023,0.0068000000000000005,0.0375,2020-07-12,2020-07-12 00:00:00,1.6576923076923076,-0.5358361774744027,0.3022222222222222,Aqua,00:00:00
0.0246,0.028200000000000003,0.0538,2020-07-13,2020-07-13 00:00:00,2.078358208955224,0.025454545454545487,1.0522388059701493,Aqua,00:00:00
0.0497,0.047900000000000005,0.07390000000000001,2020-07-14,2020-07-14 00:00:00,1.4455252918287937,-0.05763397371081898,0.8910133843212238,Aqua,00:00:00
0.0222,0.0159,0.0396,2020-07-15,2020-07-15 00:00:00,1.7807017543859651,-0.16997792494481237,0.7094339622641509,Aqua,00:00:00
0.023700000000000002,0.0291,0.049,2020-07-16,2020-07-16 00:00:00,2.1265822784810124,0.10018903591682418,1.222689075630252,Aqua,00:00:00
0.024300000000000002,0.0063,0.0361,2020-07-17,2020-07-17 00:00:00,1.4382470119521913,-0.5655172413793104,0.2775330396475771,Aqua,00:00:00
0.0221,0.0275,0.0367,2020-07-18,2020-07-18 00:00:00,1.6380090497737556,0.05217391304347832,1.1100917431192663,Aqua,00:00:00
0.0318,0.0152,0.0488,2020-07-19,2020-07-19 00:00:00,1.5443037974683544,-0.3504273504273505,0.48101265822784806,Aqua,00:00:00
0.0302,0.022000000000000002,0.0495,2020-07-20,2020-07-20 00:00:00,1.6390728476821192,-0.15708812260536395,0.728476821192053,Aqua,00:00:00
0.0324,0.013000000000000001,0.0505,2020-07-21,2020-07-21 00:00:00,1.5783132530120483,-0.42795698924731185,0.40060240963855426,Aqua,00:00:00
0.0373,0.013800000000000002,0.053700000000000005,2020-07-22,2020-07-22 00:00:00,1.4396782841823057,-0.45988258317025443,0.3699731903485255,Aqua,00:00:00
0.0358,0.0376,0.0626,2020-07-23,2020-07-23 00:00:00,1.7834757834757835,0.028727770177838546,1.0591549295774647,Aqua,00:00:00
0.023,0.016,0.042800000000000005,2020-07-24,2020-07-24 00:00:00,1.9292035398230087,-0.14893617021276598,0.7407407407407407,Aqua,00:00:00
0.0218,0.021500000000000002,0.0439,2020-07-25,2020-07-25 00:00:00,2.041860465116279,0.0,1.0,Aqua,00:00:00
0.030600000000000002,0.018600000000000002,0.048799999999999996,2020-07-26,2020-07-26 00:00:00,1.5980392156862744,-0.22554890219560877,0.6319218241042345,Aqua,00:00:00
0.0358,0.029,0.06380000000000001,2020-07-29,2020-07-29 00:00:00,1.7821229050279332,-0.10493827160493824,0.8100558659217878,Aqua,00:00:00
0.0281,0.0216,0.0514,2020-07-30,2020-07-30 00:00:00,1.797872340425532,-0.14285714285714288,0.75,Aqua,00:00:00
0.0222,0.0181,0.0429,2020-07-31,2020-07-31 00:00:00,1.9678899082568808,-0.10173697270471461,0.8153153153153153,Aqua,00:00:00
0.025,0.0257,0.0546,2020-08-01,2020-08-01 00:00:00,2.15625,0.013972055888223605,1.02834008097166,Aqua,00:00:00
0.0229,0.0212,0.0432,2020-08-02,2020-08-02 00:00:00,2.055350553505535,-0.043037974683544304,0.9174757281553398,Aqua,00:00:00
0.0238,0.0224,0.046200000000000005,2020-08-03,2020-08-03 00:00:00,2.2345679012345676,-0.031088082901554393,0.9396984924623116,Aqua,00:00:00
0.023200000000000002,0.012700000000000001,0.0422,2020-08-04,2020-08-04 00:00:00,1.788135593220339,-0.3002754820936639,0.538135593220339,Aqua,00:00:00
0.0188,0.0251,0.0388,2020-08-07,2020-08-07 00:00:00,2.0604395604395602,0.14350797266514806,1.3351063829787233,Aqua,00:00:00
0.020800000000000003,0.0235,0.040100000000000004,2020-08-08,2020-08-08 00:00:00,2.0670103092783507,0.11111111111111108,1.25,Aqua,00:00:00
0.018600000000000002,0.0137,0.035,2020-08-09,2020-08-09 00:00:00,1.8817204301075268,-0.151702786377709,0.7365591397849461,Aqua,00:00:00
0.021,0.0142,0.0376,2020-08-10,2020-08-10 00:00:00,1.9183673469387756,-0.15976331360946744,0.7244897959183674,Aqua,00:00:00
0.0224,0.014,0.0395,2020-08-11,2020-08-11 00:00:00,1.7302904564315353,-0.2650918635170603,0.5809128630705395,Aqua,00:00:00
0.031900000000000005,0.0543,0.06280000000000001,2020-08-12,2020-08-12 00:00:00,1.952978056426332,0.20843672456575676,1.5266457680250782,Aqua,00:00:00
0.027600000000000003,0.0245,0.0516,2020-08-13,2020-08-13 00:00:00,1.897727272727273,-0.03732809430255401,0.9280303030303031,Aqua,00:00:00
0.0281,0.013800000000000002,0.046900000000000004,2020-08-14,2020-08-14 00:00:00,1.6872727272727275,-0.3412887828162291,0.4911032028469751,Aqua,00:00:00
0.024300000000000002,0.010100000000000001,0.037700000000000004,2020-08-15,2020-08-15 00:00:00,1.5587044534412955,-0.41954022988505746,0.4089068825910932,Aqua,00:00:00
0.019,0.0109,0.033600000000000005,2020-08-20,2020-08-20 00:00:00,1.7692307692307694,-0.25597269624573377,0.592391304347826,Aqua,00:00:00
0.028200000000000003,0.0175,0.0446,2020-08-30,2020-08-30 00:00:00,1.5815602836879432,-0.23413566739606126,0.6205673758865248,Aqua,00:00:00
0.029400000000000003,0.029900000000000003,0.049300000000000004,2020-08-31,2020-08-31 00:00:00,1.6917562724014337,0.00857632933104632,1.0173010380622838,Aqua,00:00:00
0.02,0.0132,0.038200000000000005,2020-09-02,2020-09-02 00:00:00,1.891089108910891,-0.2,0.6666666666666666,Aqua,00:00:00
0.024,0.0135,0.040100000000000004,2020-09-03,2020-09-03 00:00:00,1.6296296296296295,-0.29319371727748694,0.5465587044534413,Aqua,00:00:00
0.016900000000000002,0.0451,0.0346,2020-09-06,2020-09-06 00:00:00,2.0473372781065087,0.45483870967741935,2.6686390532544375,Aqua,00:00:00
0.019100000000000002,0.0083,0.0327,2020-09-07,2020-09-07 00:00:00,1.7301587301587302,-0.3916349809885932,0.4371584699453552,Aqua,00:00:00
0.0328,0.0184,0.0451,2020-09-08,2020-09-08 00:00:00,1.4018691588785046,-0.2727272727272727,0.5714285714285714,Aqua,00:00:00
0.0234,0.0184,0.041,2020-09-09,2020-09-09 00:00:00,1.7108433734939756,-0.1111111111111111,0.8,Aqua,00:00:00
0.028200000000000003,0.0176,0.041800000000000004,2020-09-10,2020-09-10 00:00:00,1.4661921708185053,-0.23245614035087714,0.6227758007117439,Aqua,00:00:00
0.0635,0.060200000000000004,0.0898,2020-09-17,2020-09-17 00:00:00,1.4141732283464568,-0.026677445432497955,0.9480314960629922,Aqua,00:00:00
0.0347,0.025400000000000002,0.055200000000000006,2020-09-19,2020-09-19 00:00:00,1.6363636363636365,-0.15789473684210525,0.7272727272727273,Aqua,00:00:00
0.0303,0.0275,0.0526,2020-09-20,2020-09-20 00:00:00,1.7359735973597359,-0.04621072088724588,0.9116607773851589,Aqua,00:00:00
0.0252,0.0179,0.043300000000000005,2020-09-27,2020-09-27 00:00:00,1.7182539682539684,-0.18309859154929573,0.6904761904761906,Aqua,00:00:00
0.0233,0.016900000000000002,0.0392,2020-09-28,2020-09-28 00:00:00,1.7217391304347829,-0.1528822055137844,0.7347826086956523,Aqua,00:00:00
0.0316,0.0346,0.058,2020-09-29,2020-09-29 00:00:00,1.8958333333333333,0.0646153846153846,1.138157894736842,Aqua,00:00:00
0.0275,0.026500000000000003,0.0522,2020-10-01,2020-10-01 00:00:00,1.869402985074627,-0.009174311926605512,0.9818181818181818,Aqua,00:00:00
0.029500000000000002,0.0463,0.061000000000000006,2020-10-03,2020-10-03 00:00:00,1.95,0.280774550484094,1.7807692307692307,Aqua,00:00:00
0.039900000000000005,0.034800000000000005,0.061900000000000004,2020-10-05,2020-10-05 00:00:00,1.5591939546599498,-0.08900523560209424,0.8365384615384616,Aqua,00:00:00
0.0721,0.0473,0.10360000000000001,2020-10-06,2020-10-06 00:00:00,1.4368932038834954,-0.2077051926298157,0.6560332871012483,Aqua,00:00:00
0.034800000000000005,0.012400000000000001,0.0454,2020-10-11,2020-10-11 00:00:00,1.3160919540229883,-0.4774346793349168,0.3536977491961415,Aqua,00:00:00
0.0239,0.0058000000000000005,0.031400000000000004,2020-10-14,2020-10-14 00:00:00,1.3238866396761133,-0.619672131147541,0.2348178137651822,Aqua,00:00:00
0.0362,0.0085,0.047400000000000005,2020-10-15,2020-10-15 00:00:00,1.3093922651933703,-0.6196868008948546,0.23480662983425415,Aqua,00:00:00
0.0281,0.0328,0.0472,2020-10-16,2020-10-16 00:00:00,1.690909090909091,0.09333333333333334,1.2058823529411764,Aqua,00:00:00
0.0274,0.0347,0.052000000000000005,2020-10-18,2020-10-18 00:00:00,1.8687943262411346,0.11935483870967742,1.271062271062271,Aqua,00:00:00
0.037700000000000004,0.027600000000000003,0.0563,2020-10-20,2020-10-20 00:00:00,1.5,-0.1546707503828484,0.7320954907161804,Aqua,00:00:00
0.0659,0.045200000000000004,0.07740000000000001,2020-10-22,2020-10-22 00:00:00,1.174506828528073,-0.1906052393857272,0.6798179059180577,Aqua,00:00:00
0.0371,0.015000000000000001,0.05,2020-10-23,2020-10-23 00:00:00,1.3315649867374004,-0.4307400379506642,0.3978779840848806,Aqua,00:00:00
0.0393,0.012400000000000001,0.0517,2020-10-24,2020-10-24 00:00:00,1.3155216284987277,-0.5223300970873787,0.3137755102040816,Aqua,00:00:00
0.0483,0.0164,0.0514,2020-10-25,2020-10-25 00:00:00,1.049689440993789,-0.4930448222565687,0.33954451345755693,Aqua,00:00:00
0.0451,0.048400000000000006,0.0629,2020-10-26,2020-10-26 00:00:00,1.3915492957746478,0.0824008138351984,1.1796008869179602,Aqua,00:00:00
0.0364,0.0274,0.048400000000000006,2020-10-27,2020-10-27 00:00:00,1.3835616438356164,-0.11326860841423947,0.7965116279069767,Aqua,00:00:00
0.0313,0.0284,0.0432,2020-10-28,2020-10-28 00:00:00,1.384848484848485,-0.04477611940298503,0.9142857142857144,Aqua,00:00:00
0.0356,0.024800000000000003,0.048400000000000006,2020-10-29,2020-10-29 00:00:00,1.3407202216066483,-0.1788079470198675,0.6966292134831461,Aqua,00:00:00
0.030600000000000002,0.0058000000000000005,0.0388,2020-10-30,2020-10-30 00:00:00,1.267515923566879,-0.6939890710382514,0.18064516129032257,Aqua,00:00:00
0.0352,0.013000000000000001,0.0471,2020-10-31,2020-10-31 00:00:00,1.3190883190883191,-0.47589098532494756,0.35511363636363635,Aqua,00:00:00
0.0327,0.0316,0.046900000000000004,2020-11-01,2020-11-01 00:00:00,1.444108761329305,-0.017107309486780665,0.9663608562691133,Aqua,00:00:00
0.0323,0.022500000000000003,0.0408,2020-11-02,2020-11-02 00:00:00,1.3149171270718232,-0.17279411764705885,0.7053291536050157,Aqua,00:00:00
0.0337,0.019,0.045200000000000004,2020-11-03,2020-11-03 00:00:00,1.355491329479769,-0.2669322709163347,0.5786163522012578,Aqua,00:00:00
0.038400000000000004,0.011600000000000001,0.0489,2020-11-04,2020-11-04 00:00:00,1.268817204301075,-0.551257253384913,0.2892768079800499,Aqua,00:00:00
0.046,0.0176,0.057800000000000004,2020-11-05,2020-11-05 00:00:00,1.2458628841607564,-0.4525316455696203,0.3769063180827886,Aqua,00:00:00
0.0463,0.0092,0.051300000000000005,2020-11-06,2020-11-06 00:00:00,1.1160337552742616,-0.6660682226211848,0.20043103448275862,Aqua,00:00:00
0.0845,0.0356,0.0833,2020-11-07,2020-11-07 00:00:00,1.0070339976553342,-0.4110835401157982,0.41735052754982416,Aqua,00:00:00
0.07690000000000001,0.0224,0.0819,2020-11-08,2020-11-08 00:00:00,1.0650195058517553,-0.5488418932527693,0.2912873862158647,Aqua,00:00:00
0.0541,0.0179,0.054400000000000004,2020-11-11,2020-11-11 00:00:00,1.0421455938697317,-0.5075653370013755,0.3266423357664233,Aqua,00:00:00
0.0703,0.020800000000000003,0.062,2020-11-19,2020-11-19 00:00:00,0.8755244755244754,-0.5418502202643173,0.29714285714285715,Aqua,00:00:00
0.06810000000000001,0.0241,0.0574,2020-11-20,2020-11-20 00:00:00,0.8531571218795888,-0.4756229685807151,0.355359765051395,Aqua,00:00:00
0.0786,0.0263,0.0699,2020-11-21,2020-11-21 00:00:00,0.89873417721519,-0.4985700667302192,0.33460559796437656,Aqua,00:00:00
0.054900000000000004,0.0129,0.0499,2020-11-24,2020-11-24 00:00:00,0.9089253187613843,-0.6287769784172662,0.22791519434628973,Aqua,00:00:00
0.054900000000000004,0.010100000000000001,0.048600000000000004,2020-11-26,2020-11-26 00:00:00,0.8908730158730159,-0.6863354037267081,0.18600368324125233,Aqua,00:00:00
0.0687,0.0233,0.0709,2020-11-27,2020-11-27 00:00:00,1.033527696793003,-0.49292709466811757,0.3396501457725947,Aqua,00:00:00
0.055600000000000004,0.011000000000000001,0.0514,2020-11-29,2020-11-29 00:00:00,0.9399293286219081,-0.6636085626911316,0.20220588235294118,Aqua,00:00:00
0.0488,0.0095,0.0483,2020-12-01,2020-12-01 00:00:00,0.9797979797979798,-0.6722972972972973,0.19595959595959594,Aqua,00:00:00
0.0648,0.0146,0.06670000000000001,2020-12-02,2020-12-02 00:00:00,1.0309119010819165,-0.6354799513973268,0.22288261515601784,Aqua,00:00:00
0.0432,0.008400000000000001,0.0465,2020-12-03,2020-12-03 00:00:00,1.0927536231884059,-0.6626506024096386,0.20289855072463767,Aqua,00:00:00
0.043300000000000005,0.0068000000000000005,0.0485,2020-12-04,2020-12-04 00:00:00,1.1200923787528867,-0.7285429141716567,0.15704387990762125,Aqua,00:00:00
0.0485,0.0076,0.048600000000000004,2020-12-05,2020-12-05 00:00:00,0.995983935742972,-0.731958762886598,0.15476190476190477,Aqua,00:00:00
0.0454,0.0068000000000000005,0.0436,2020-12-06,2020-12-06 00:00:00,0.9655172413793103,-0.7421731123388582,0.14799154334038056,Aqua,00:00:00
0.027,0.0118,0.0287,2020-12-07,2020-12-07 00:00:00,1.0629629629629629,-0.4473067915690866,0.38187702265372164,Aqua,00:00:00
0.0415,0.0051,0.0408,2020-12-08,2020-12-08 00:00:00,0.9510489510489512,-0.7813953488372092,0.1227154046997389,Aqua,00:00:00
0.0463,0.0086,0.0487,2020-12-10,2020-12-10 00:00:00,1.0382978723404257,-0.6794171220400728,0.19088937093275488,Aqua,00:00:00
0.0495,0.0082,0.0506,2020-12-21,2020-12-21 00:00:00,1.0039370078740157,-0.7128027681660899,0.16767676767676767,Aqua,00:00:00
0.053000000000000005,0.0085,0.048,2020-12-23,2020-12-23 00:00:00,0.9143835616438356,-0.7235772357723578,0.16037735849056603,Aqua,00:00:00
0.064,0.018600000000000002,0.056600000000000004,2020-12-28,2020-12-28 00:00:00,0.9049844236760125,-0.5446756425948591,0.294770206022187,Aqua,00:00:00
0.1495,0.1335,0.18780000000000002,2020-12-30,2020-12-30 00:00:00,1.2561872909699,-0.05653710247349818,0.8929765886287626,Aqua,00:00:00
0.059300000000000005,0.0137,0.0597,2021-01-07,2021-01-07 00:00:00,1.0067453625632377,-0.6246575342465753,0.23102866779089373,Aqua,00:00:00
0.0579,0.012400000000000001,0.0591,2021-01-13,2021-01-13 00:00:00,1.0280210157618213,-0.6468926553672317,0.2144082332761578,Aqua,00:00:00
0.051500000000000004,0.008400000000000001,0.0478,2021-01-14,2021-01-14 00:00:00,0.9094488188976378,-0.7162162162162163,0.16535433070866143,Aqua,00:00:00
0.0458,0.0078000000000000005,0.0427,2021-01-18,2021-01-18 00:00:00,0.932608695652174,-0.7052238805970148,0.17286652078774617,Aqua,00:00:00
0.046200000000000005,0.0092,0.0475,2021-01-23,2021-01-23 00:00:00,1.0355731225296443,-0.6678700361010831,0.1991341991341991,Aqua,00:00:00
0.07930000000000001,0.0366,0.0853,2021-01-25,2021-01-25 00:00:00,1.0756620428751575,-0.36842105263157904,0.4615384615384615,Aqua,00:00:00
0.06670000000000001,0.0161,0.0645,2021-02-03,2021-02-03 00:00:00,0.966565349544073,-0.6116504854368932,0.24096385542168675,Aqua,00:00:00
0.0671,0.0171,0.0649,2021-02-05,2021-02-05 00:00:00,0.9572271386430679,-0.5889423076923076,0.2586989409984871,Aqua,00:00:00
0.056900000000000006,0.0125,0.0509,2021-02-06,2021-02-06 00:00:00,0.8765880217785844,-0.6423248882265274,0.2177858439201452,Aqua,00:00:00
0.0587,0.0115,0.0521,2021-02-07,2021-02-07 00:00:00,0.8787878787878788,-0.6708860759493671,0.19696969696969696,Aqua,00:00:00
0.0506,0.009000000000000001,0.0483,2021-02-10,2021-02-10 00:00:00,0.931958762886598,-0.6980519480519479,0.1778202676864245,Aqua,00:00:00
0.09340000000000001,0.0356,0.10200000000000001,2021-02-13,2021-02-13 00:00:00,1.0920770877944326,-0.44806201550387603,0.38115631691648816,Aqua,00:00:00
0.0579,0.011000000000000001,0.0611,2021-02-22,2021-02-22 00:00:00,1.0552677029360968,-0.6806966618287372,0.1899827288428325,Aqua,00:00:00
0.0606,0.012,0.0575,2021-02-23,2021-02-23 00:00:00,0.9367909238249594,-0.6743554952510178,0.1944894651539708,Aqua,00:00:00
0.054,0.010700000000000001,0.0499,2021-02-24,2021-02-24 00:00:00,0.9072727272727272,-0.669195751138088,0.19818181818181818,Aqua,00:00:00
0.07980000000000001,0.0221,0.0869,2021-02-25,2021-02-25 00:00:00,1.0889724310776943,-0.5596933187294634,0.28230337078651685,Aqua,00:00:00
0.09000000000000001,0.038700000000000005,0.08560000000000001,2021-02-27,2021-02-27 00:00:00,0.9307958477508651,-0.3986013986013986,0.43,Aqua,00:00:00
0.0629,0.0132,0.058,2021-02-28,2021-02-28 00:00:00,0.9217252396166133,-0.6539973787680209,0.2091917591125198,Aqua,00:00:00
0.0658,0.0158,0.06570000000000001,2021-03-01,2021-03-01 00:00:00,0.9984802431610944,-0.6117936117936118,0.24085365853658536,Aqua,00:00:00
0.06520000000000001,0.0152,0.06280000000000001,2021-03-02,2021-03-02 00:00:00,0.9655172413793103,-0.6218905472636816,0.23312883435582818,Aqua,00:00:00
0.06620000000000001,0.015600000000000001,0.066,2021-03-03,2021-03-03 00:00:00,0.9924812030075187,-0.6133828996282528,0.23963133640552994,Aqua,00:00:00
0.0884,0.0359,0.0847,2021-03-04,2021-03-04 00:00:00,0.9814600231749709,-0.4223652453740949,0.4061085972850679,Aqua,00:00:00
0.0707,0.0368,0.057800000000000004,2021-03-05,2021-03-05 00:00:00,0.8171589310829819,-0.31534883720930235,0.5205091937765205,Aqua,00:00:00
0.079,0.0213,0.07050000000000001,2021-03-06,2021-03-06 00:00:00,0.890818858560794,-0.5756972111553785,0.2692793931731985,Aqua,00:00:00
0.058300000000000005,0.012,0.057,2021-03-12,2021-03-12 00:00:00,0.9794871794871794,-0.6569037656903766,0.20707070707070707,Aqua,00:00:00
0.0644,0.0128,0.06420000000000001,2021-03-13,2021-03-13 00:00:00,0.9968944099378884,-0.6658031088082902,0.20062208398133746,Aqua,00:00:00
0.0599,0.0129,0.059000000000000004,2021-03-16,2021-03-16 00:00:00,0.9816666666666666,-0.6475409836065573,0.21393034825870647,Aqua,00:00:00
0.06570000000000001,0.0195,0.06860000000000001,2021-03-21,2021-03-21 00:00:00,1.042168674698795,-0.5422535211267605,0.2968036529680365,Aqua,00:00:00
0.0603,0.0143,0.058800000000000005,2021-03-23,2021-03-23 00:00:00,0.9852216748768473,-0.616,0.23762376237623764,Aqua,00:00:00
0.0611,0.0129,0.0646,2021-03-26,2021-03-26 00:00:00,1.0572831423895255,-0.6514745308310993,0.21103896103896105,Aqua,00:00:00
0.0613,0.0122,0.0654,2021-03-27,2021-03-27 00:00:00,1.0608,-0.6680272108843538,0.19902120717781405,Aqua,00:00:00
0.0594,0.013900000000000001,0.0627,2021-03-28,2021-03-28 00:00:00,1.0398009950248757,-0.6213991769547325,0.23350253807106602,Aqua,00:00:00
0.0826,0.032100000000000004,0.08700000000000001,2021-03-29,2021-03-29 00:00:00,1.053268765133172,-0.43917169974115616,0.38968824940047964,Aqua,00:00:00
0.059300000000000005,0.0128,0.060500000000000005,2021-03-30,2021-03-30 00:00:00,1.0291595197255574,-0.639943741209564,0.2195540308747856,Aqua,00:00:00
0.0687,0.0161,0.0751,2021-03-31,2021-03-31 00:00:00,1.091970802919708,-0.6213017751479291,0.23357664233576642,Aqua,00:00:00
0.058100000000000006,0.0122,0.0634,2021-04-01,2021-04-01 00:00:00,1.0891938250428816,-0.6514285714285714,0.21107266435986158,Aqua,00:00:00
0.059300000000000005,0.0219,0.0668,2021-04-04,2021-04-04 00:00:00,1.1385135135135136,-0.4617224880382774,0.36824877250409166,Aqua,00:00:00
0.06520000000000001,0.016,0.0693,2021-04-05,2021-04-05 00:00:00,1.0646153846153845,-0.6065162907268169,0.2449297971918877,Aqua,00:00:00
0.056100000000000004,0.0118,0.061500000000000006,2021-04-06,2021-04-06 00:00:00,1.0962566844919786,-0.6497829232995658,0.212280701754386,Aqua,00:00:00
0.07640000000000001,0.0264,0.08460000000000001,2021-04-07,2021-04-07 00:00:00,1.1087533156498675,-0.4881065651760229,0.34398976982097185,Aqua,00:00:00
0.0568,0.0125,0.0579,2021-04-08,2021-04-08 00:00:00,1.0141093474426808,-0.6408045977011494,0.2189141856392294,Aqua,00:00:00
0.06670000000000001,0.0183,0.0767,2021-04-09,2021-04-09 00:00:00,1.1460506706408347,-0.5695896032831738,0.27421844633238934,Aqua,00:00:00
0.0717,0.0263,0.0737,2021-04-10,2021-04-10 00:00:00,1.0306834030683405,-0.46504559270516715,0.3651452282157676,Aqua,00:00:00
0.058800000000000005,0.015000000000000001,0.0626,2021-04-11,2021-04-11 00:00:00,1.0613382899628254,-0.5884057971014491,0.2591240875912409,Aqua,00:00:00
0.0645,0.020900000000000002,0.07010000000000001,2021-04-12,2021-04-12 00:00:00,1.0936037441497661,-0.5118306351183063,0.3228995057660626,Aqua,00:00:00
0.0716,0.023700000000000002,0.0762,2021-04-14,2021-04-14 00:00:00,1.0598052851182198,-0.5026232948583421,0.3310055865921788,Aqua,00:00:00
0.0577,0.0119,0.0635,2021-04-15,2021-04-15 00:00:00,1.10051993067591,-0.6558533145275035,0.20783645655877342,Aqua,00:00:00
0.064,0.016800000000000002,0.0719,2021-04-16,2021-04-16 00:00:00,1.1173780487804879,-0.5872235872235873,0.26006191950464397,Aqua,00:00:00
0.0458,0.0098,0.050300000000000004,2021-04-17,2021-04-17 00:00:00,1.1164241164241164,-0.6474820143884893,0.21397379912663755,Aqua,00:00:00
0.0507,0.013800000000000002,0.060000000000000005,2021-04-18,2021-04-18 00:00:00,1.1854684512428297,-0.5766871165644172,0.2684824902723736,Aqua,00:00:00
0.060000000000000005,0.0151,0.07010000000000001,2021-04-20,2021-04-20 00:00:00,1.1600000000000001,-0.592391304347826,0.25597269624573377,Aqua,00:00:00
0.076,0.0327,0.0825,2021-04-21,2021-04-21 00:00:00,1.0881578947368422,-0.397459165154265,0.4311688311688312,Aqua,00:00:00
0.0531,0.012400000000000001,0.0587,2021-04-22,2021-04-22 00:00:00,1.1054613935969868,-0.6180451127819548,0.23605947955390336,Aqua,00:00:00
0.0799,0.0443,0.0906,2021-04-23,2021-04-23 00:00:00,1.1339173967459324,-0.286634460547504,0.5544430538172715,Aqua,00:00:00
0.0494,0.008700000000000001,0.058,2021-04-27,2021-04-27 00:00:00,1.18052738336714,-0.697594501718213,0.17813765182186236,Aqua,00:00:00
0.050800000000000005,0.0123,0.060700000000000004,2021-04-28,2021-04-28 00:00:00,1.192156862745098,-0.6006240249609985,0.24951267056530213,Aqua,00:00:00
0.0599,0.0162,0.0726,2021-05-01,2021-05-01 00:00:00,1.2118644067796611,-0.5779569892473118,0.26746166950596256,Aqua,00:00:00
0.064,0.0183,0.0794,2021-05-02,2021-05-02 00:00:00,1.25,-0.5555555555555555,0.2857142857142857,Aqua,00:00:00
0.0442,0.008400000000000001,0.053000000000000005,2021-05-03,2021-05-03 00:00:00,1.1995359628770303,-0.6711711711711712,0.1967654986522911,Aqua,00:00:00
0.0579,0.0238,0.0703,2021-05-04,2021-05-04 00:00:00,1.2089810017271159,-0.4195121951219512,0.40893470790378006,Aqua,00:00:00
0.0502,0.0155,0.061500000000000006,2021-05-06,2021-05-06 00:00:00,1.2237623762376237,-0.5267175572519084,0.31,Aqua,00:00:00
0.07350000000000001,0.0349,0.0828,2021-05-07,2021-05-07 00:00:00,1.1265306122448977,-0.3582222222222223,0.47251308900523553,Aqua,00:00:00
0.059800000000000006,0.0193,0.0741,2021-05-09,2021-05-09 00:00:00,1.2391304347826086,-0.5120101137800254,0.32274247491638797,Aqua,00:00:00
0.0471,0.0154,0.0579,2021-05-10,2021-05-10 00:00:00,1.227176220806794,-0.5064102564102565,0.32765957446808514,Aqua,00:00:00
0.0483,0.0171,0.0596,2021-05-11,2021-05-11 00:00:00,1.23,-0.47480916030534354,0.35610766045548653,Aqua,00:00:00
0.040400000000000005,0.0085,0.049600000000000005,2021-05-12,2021-05-12 00:00:00,1.2307692307692306,-0.6451612903225806,0.21568627450980393,Aqua,00:00:00
0.0437,0.0143,0.0546,2021-05-13,2021-05-13 00:00:00,1.2494279176201373,-0.5107913669064749,0.3238095238095238,Aqua,00:00:00
0.041600000000000005,0.0108,0.0517,2021-05-16,2021-05-16 00:00:00,1.2305825242718447,-0.5885714285714285,0.2589928057553957,Aqua,00:00:00
0.0391,0.011000000000000001,0.0478,2021-05-17,2021-05-17 00:00:00,1.2162162162162162,-0.5555555555555556,0.2857142857142857,Aqua,00:00:00
0.0482,0.018600000000000002,0.057800000000000004,2021-05-18,2021-05-18 00:00:00,1.199170124481328,-0.4431137724550898,0.38589211618257263,Aqua,00:00:00
0.057100000000000005,0.0285,0.0651,2021-05-19,2021-05-19 00:00:00,1.1395759717314486,-0.3364377182770663,0.49651567944250874,Aqua,00:00:00
0.0613,0.031400000000000004,0.0719,2021-05-23,2021-05-23 00:00:00,1.169435215946844,-0.3218142548596112,0.5130718954248367,Aqua,00:00:00
0.0432,0.0198,0.0524,2021-05-24,2021-05-24 00:00:00,1.2098765432098766,-0.39579967689822293,0.4328703703703704,Aqua,00:00:00
0.0604,0.0279,0.0718,2021-05-25,2021-05-25 00:00:00,1.1949999999999998,-0.36723163841807904,0.46280991735537186,Aqua,00:00:00
0.0327,0.0063,0.0408,2021-05-26,2021-05-26 00:00:00,1.2430769230769232,-0.6736842105263157,0.1949685534591195,Aqua,00:00:00
0.08370000000000001,0.0567,0.09090000000000001,2021-05-28,2021-05-28 00:00:00,1.086021505376344,-0.19230769230769235,0.6774193548387096,Aqua,00:00:00
0.0363,0.009300000000000001,0.0448,2021-05-29,2021-05-29 00:00:00,1.23463687150838,-0.5874439461883408,0.2598870056497175,Aqua,00:00:00
0.0716,0.042800000000000005,0.07930000000000001,2021-05-30,2021-05-30 00:00:00,1.1075418994413408,-0.25174825174825166,0.5977653631284917,Aqua,00:00:00
0.036000000000000004,0.008400000000000001,0.0453,2021-06-01,2021-06-01 00:00:00,1.2641509433962266,-0.6130434782608697,0.2398921832884097,Aqua,00:00:00
0.0368,0.0103,0.0463,2021-06-02,2021-06-02 00:00:00,1.2659279778393353,-0.5506607929515418,0.2897727272727273,Aqua,00:00:00
0.0391,0.0131,0.051500000000000004,2021-06-03,2021-06-03 00:00:00,1.3171355498721227,-0.4980842911877395,0.3350383631713555,Aqua,00:00:00
0.038200000000000005,0.016,0.0476,2021-06-04,2021-06-04 00:00:00,1.2466124661246611,-0.40959409594095947,0.41884816753926696,Aqua,00:00:00
0.038200000000000005,0.010700000000000001,0.046,2021-06-05,2021-06-05 00:00:00,1.206806282722513,-0.5623721881390593,0.2801047120418848,Aqua,00:00:00
0.045000000000000005,0.020800000000000003,0.057,2021-06-10,2021-06-10 00:00:00,1.2666666666666666,-0.36778115501519754,0.4622222222222222,Aqua,00:00:00
0.0902,0.0704,0.1019,2021-06-15,2021-06-15 00:00:00,1.1047363184079602,-0.12573964497041423,0.7766097240473062,Aqua,00:00:00
0.0262,0.0092,0.038700000000000005,2021-06-16,2021-06-16 00:00:00,1.4749034749034748,-0.4812834224598931,0.35018050541516244,Aqua,00:00:00
0.0318,0.0108,0.0461,2021-06-17,2021-06-17 00:00:00,1.4622641509433962,-0.4843373493975903,0.34740259740259744,Aqua,00:00:00
0.0296,0.012100000000000001,0.0449,2021-06-18,2021-06-18 00:00:00,1.505084745762712,-0.412621359223301,0.41580756013745707,Aqua,00:00:00
0.031,0.0115,0.049,2021-06-19,2021-06-19 00:00:00,1.5728155339805827,-0.45754716981132076,0.372168284789644,Aqua,00:00:00
0.031400000000000004,0.018000000000000002,0.051000000000000004,2021-06-20,2021-06-20 00:00:00,1.6121794871794872,-0.27272727272727265,0.5714285714285715,Aqua,00:00:00
0.059000000000000004,0.0385,0.08510000000000001,2021-06-21,2021-06-21 00:00:00,1.4423728813559322,-0.2102564102564103,0.6525423728813559,Aqua,00:00:00
0.033,0.0143,0.0533,2021-06-22,2021-06-22 00:00:00,1.6506410256410258,-0.4029227557411274,0.425595238095238,Aqua,00:00:00
0.0391,0.021500000000000002,0.0669,2021-06-24,2021-06-24 00:00:00,1.7109974424552428,-0.29042904290429045,0.5498721227621484,Aqua,00:00:00
0.021,0.0244,0.042300000000000004,2021-06-25,2021-06-25 00:00:00,2.0285714285714285,0.08203991130820402,1.1787439613526571,Aqua,00:00:00
0.0212,0.014700000000000001,0.041600000000000005,2021-06-26,2021-06-26 00:00:00,1.9622641509433965,-0.18435754189944134,0.6886792452830188,Aqua,00:00:00
0.0269,0.0108,0.0448,2021-06-27,2021-06-27 00:00:00,1.6642335766423357,-0.4270557029177719,0.40148698884758366,Aqua,00:00:00
0.026000000000000002,0.0395,0.0523,2021-06-28,2021-06-28 00:00:00,1.946360153256705,0.21951219512195125,1.5625000000000002,Aqua,00:00:00
0.0758,0.0709,0.10020000000000001,2021-06-29,2021-06-29 00:00:00,1.3218997361477574,-0.03340149965916838,0.9353562005277045,Aqua,00:00:00
0.0322,0.0413,0.054900000000000004,2021-06-30,2021-06-30 00:00:00,1.8229813664596275,0.2526439482961222,1.6761006289308176,Aqua,00:00:00
0.0434,0.0414,0.0684,2021-07-02,2021-07-02 00:00:00,1.576036866359447,-0.02358490566037738,0.9539170506912442,Aqua,00:00:00
0.0002,0.005200000000000001,0.013600000000000001,2021-07-03,2021-07-03 00:00:00,68.0,0.925925925925926,26.000000000000004,Aqua,00:00:00
0.0309,0.0219,0.0545,2021-07-04,2021-07-04 00:00:00,1.7524115755627008,-0.17919075144508675,0.696078431372549,Aqua,00:00:00
0.027,0.011600000000000001,0.0489,2021-07-05,2021-07-05 00:00:00,1.8111111111111111,0.10447761194029852,1.2333333333333334,Aqua,00:00:00
0.029300000000000003,0.020300000000000002,0.052500000000000005,2021-07-06,2021-07-06 00:00:00,1.8144329896907216,-0.19603960396039602,0.6721854304635762,Aqua,00:00:00
0.023700000000000002,0.014100000000000001,0.0437,2021-07-07,2021-07-07 00:00:00,1.8566037735849055,-0.3054187192118227,0.5320754716981132,Aqua,00:00:00
0.0407,0.029400000000000003,0.0625,2021-07-09,2021-07-09 00:00:00,1.5404761904761906,-0.16786226685796268,0.7125307125307125,Aqua,00:00:00
0.009300000000000001,0.0035,0.0417,2021-07-14,2021-07-14 00:00:00,4.483870967741935,-0.45312500000000006,0.3763440860215053,Aqua,00:00:00
0.0352,0.0201,0.059500000000000004,2021-07-15,2021-07-15 00:00:00,1.7052023121387285,-0.28214285714285714,0.5598885793871866,Aqua,00:00:00
0.035300000000000005,0.0274,0.0579,2021-07-16,2021-07-16 00:00:00,1.6257142857142857,-0.12599681020733658,0.7762039660056657,Aqua,00:00:00
0.027100000000000003,0.0204,0.050800000000000005,2021-07-17,2021-07-17 00:00:00,1.8608058608058609,-0.14644351464435143,0.7445255474452555,Aqua,00:00:00
0.028300000000000002,0.0154,0.048,2021-07-18,2021-07-18 00:00:00,1.6338028169014085,-0.3057471264367816,0.5316901408450704,Aqua,00:00:00
0.0257,0.0117,0.042300000000000004,2021-07-20,2021-07-20 00:00:00,1.6459143968871597,-0.3858267716535433,0.4431818181818182,Aqua,00:00:00
0.026600000000000002,0.024900000000000002,0.0504,2021-07-21,2021-07-21 00:00:00,1.8909774436090225,-0.037037037037037084,0.9285714285714285,Aqua,00:00:00
0.034,0.0171,0.0529,2021-07-22,2021-07-22 00:00:00,1.5028409090909092,-0.3460803059273423,0.48579545454545453,Aqua,00:00:00
0.031200000000000002,0.0374,0.057800000000000004,2021-07-23,2021-07-23 00:00:00,1.8376623376623378,0.09037900874635568,1.1987179487179487,Aqua,00:00:00
0.031100000000000003,0.0325,0.0618,2021-07-28,2021-07-28 00:00:00,1.9277456647398847,0.0014513788098694173,1.002906976744186,Aqua,00:00:00
0.009600000000000001,0.0023,0.0103,2021-08-03,2021-08-03 00:00:00,1.0729166666666665,-0.6134453781512605,0.23958333333333331,Aqua,00:00:00
0.0505,0.0511,0.0755,2021-08-06,2021-08-06 00:00:00,1.4950495049504948,0.015837104072398172,1.032183908045977,Aqua,00:00:00
0.0346,0.0194,0.058100000000000006,2021-08-07,2021-08-07 00:00:00,1.6936416184971101,-0.28148148148148144,0.5606936416184971,Aqua,00:00:00
0.051800000000000006,0.0376,0.0761,2021-08-08,2021-08-08 00:00:00,1.469111969111969,-0.15883668903803136,0.7258687258687259,Aqua,00:00:00
0.0014,0.0023,0.0034000000000000002,2021-08-10,2021-08-10 00:00:00,2.428571428571429,0.24324324324324323,1.6428571428571428,Aqua,00:00:00
0.004,0.0002,0.007500000000000001,2021-08-20,2021-08-20 00:00:00,1.875,-0.9047619047619048,0.05,Aqua,00:00:00
0.042300000000000004,0.0297,0.0653,2021-08-26,2021-08-26 00:00:00,1.507177033492823,-0.16923076923076927,0.7105263157894737,Aqua,00:00:00
0.0261,0.031900000000000005,0.051300000000000005,2021-08-27,2021-08-27 00:00:00,1.943609022556391,0.07037037037037039,1.151394422310757,Aqua,00:00:00
0.0287,0.0155,0.043500000000000004,2021-08-28,2021-08-28 00:00:00,1.5089605734767026,-0.3474178403755868,0.4843205574912892,Aqua,00:00:00
0.0432,0.031900000000000005,0.06520000000000001,2021-09-01,2021-09-01 00:00:00,1.5092592592592593,-0.17312661498708015,0.7048458149779735,Aqua,00:00:00
0.0287,0.02,0.0495,2021-09-02,2021-09-02 00:00:00,1.7247386759581882,-0.1786447638603696,0.6968641114982579,Aqua,00:00:00
0.0373,0.0241,0.058,2021-09-03,2021-09-03 00:00:00,1.5871313672922254,-0.21498371335504887,0.646112600536193,Aqua,00:00:00
0.020300000000000002,0.014,0.0438,2021-09-07,2021-09-07 00:00:00,2.1576354679802954,-0.18367346938775514,0.689655172413793,Aqua,00:00:00
0.0061,0.003,0.0125,2021-09-12,2021-09-12 00:00:00,2.139784946236559,-0.17307692307692313,0.7049180327868853,Aqua,00:00:00
0.024200000000000003,0.0201,0.0395,2021-09-13,2021-09-13 00:00:00,1.59927797833935,-0.12354312354312352,0.7800829875518672,Aqua,00:00:00
0.0246,0.0102,0.037700000000000004,2021-09-14,2021-09-14 00:00:00,1.5529411764705883,-0.3961218836565097,0.43253968253968256,Aqua,00:00:00
0.029500000000000002,0.0126,0.044000000000000004,2021-09-15,2021-09-15 00:00:00,1.5347985347985347,-0.4028436018957346,0.42567567567567566,Aqua,00:00:00
0.032100000000000004,0.0193,0.0519,2021-09-16,2021-09-16 00:00:00,1.60625,-0.2475633528265107,0.603125,Aqua,00:00:00
0.047400000000000005,0.029900000000000003,0.0668,2021-09-17,2021-09-17 00:00:00,1.4092827004219408,-0.22033898305084743,0.638888888888889,Aqua,00:00:00
0.0459,0.022600000000000002,0.0597,2021-09-19,2021-09-19 00:00:00,1.3161434977578477,-0.32738095238095233,0.5067264573991032,Aqua,00:00:00
0.0179,0.0082,0.029500000000000002,2021-09-20,2021-09-20 00:00:00,1.650537634408602,-0.3880597014925373,0.44086021505376344,Aqua,00:00:00
0.019700000000000002,0.0088,0.031200000000000002,2021-09-21,2021-09-21 00:00:00,1.5078534031413613,-0.3824561403508772,0.44670050761421315,Aqua,00:00:00
0.0193,0.0142,0.032600000000000004,2021-09-24,2021-09-24 00:00:00,1.6984126984126986,-0.12000000000000002,0.7857142857142857,Aqua,00:00:00
0.0419,0.0222,0.057300000000000004,2021-09-25,2021-09-25 00:00:00,1.3714953271028036,-0.316923076923077,0.5186915887850467,Aqua,00:00:00
0.033,0.0182,0.0466,2021-09-26,2021-09-26 00:00:00,1.412121212121212,-0.30134357005758156,0.5368731563421829,Aqua,00:00:00
0.019,0.0148,0.0313,2021-09-29,2021-09-29 00:00:00,1.7718446601941749,-0.0662460567823344,0.8757396449704141,Aqua,00:00:00
0.0187,0.022000000000000002,0.035,2021-09-30,2021-09-30 00:00:00,1.907335907335907,0.16710875331564984,1.4012738853503184,Aqua,00:00:00
0.0233,0.0102,0.0337,2021-10-01,2021-10-01 00:00:00,1.446351931330472,-0.40181268882175225,0.4267241379310345,Aqua,00:00:00
0.042800000000000005,0.0386,0.0623,2021-10-02,2021-10-02 00:00:00,1.4696261682242988,-0.04691358024691355,0.9103773584905661,Aqua,00:00:00
0.0245,0.016300000000000002,0.04,2021-10-03,2021-10-03 00:00:00,1.6578947368421053,-0.2009803921568627,0.6653061224489797,Aqua,00:00:00
0.0373,0.019200000000000002,0.0565,2021-10-04,2021-10-04 00:00:00,1.514745308310992,-0.3203539823008849,0.514745308310992,Aqua,00:00:00
0.031400000000000004,0.021,0.0465,2021-10-06,2021-10-06 00:00:00,1.5391061452513968,-0.20741989881956152,0.6564245810055866,Aqua,00:00:00
0.026600000000000002,0.0287,0.0455,2021-10-09,2021-10-09 00:00:00,1.7720930232558139,0.007633587786259496,1.0153846153846153,Aqua,00:00:00
0.0379,0.0173,0.0529,2021-10-10,2021-10-10 00:00:00,1.3685567010309279,-0.37881508078994625,0.45052083333333326,Aqua,00:00:00
0.1042,0.07980000000000001,0.1091,2021-10-11,2021-10-11 00:00:00,1.0470249520153552,-0.13260869565217387,0.7658349328214972,Aqua,00:00:00
0.0323,0.0184,0.046400000000000004,2021-10-12,2021-10-12 00:00:00,1.4458204334365325,-0.25955734406438635,0.5878594249201278,Aqua,00:00:00
0.0287,0.016800000000000002,0.0408,2021-10-13,2021-10-13 00:00:00,1.454861111111111,-0.2631578947368421,0.5833333333333334,Aqua,00:00:00
0.0307,0.0222,0.053000000000000005,2021-10-14,2021-10-14 00:00:00,1.6710097719869708,-0.16068052930056712,0.7231270358306189,Aqua,00:00:00
0.028900000000000002,0.0359,0.0526,2021-10-15,2021-10-15 00:00:00,1.820069204152249,0.10802469135802469,1.2422145328719723,Aqua,00:00:00
0.031400000000000004,0.0767,0.058600000000000006,2021-10-16,2021-10-16 00:00:00,1.8662420382165605,0.4255319148936171,2.481481481481482,Aqua,00:00:00
0.0733,0.024300000000000002,0.0737,2021-11-16,2021-11-16 00:00:00,1.026086956521739,-0.5020491803278688,0.3315143246930423,Aqua,00:00:00
0.0541,0.011300000000000001,0.0517,2021-11-20,2021-11-20 00:00:00,0.955637707948244,-0.6544342507645261,0.2088724584103512,Aqua,00:00:00
0.040600000000000004,0.015000000000000001,0.0403,2021-11-21,2021-11-21 00:00:00,0.9926108374384236,-0.4534883720930233,0.376,Aqua,00:00:00
0.051300000000000005,0.0082,0.045000000000000005,2021-11-22,2021-11-22 00:00:00,0.8726937269372693,-0.7175697865353039,0.16443594646271512,Aqua,00:00:00
0.0648,0.0154,0.06910000000000001,2021-11-23,2021-11-23 00:00:00,1.0704225352112677,-0.6220275344180225,0.2330246913580247,Aqua,00:00:00
0.0819,0.043500000000000004,0.08700000000000001,2021-11-24,2021-11-24 00:00:00,1.0622710622710623,-0.30622009569377984,0.5311355311355311,Aqua,00:00:00
0.0596,0.0172,0.0653,2021-11-25,2021-11-25 00:00:00,1.0784023668639053,-0.5520833333333333,0.2885906040268456,Aqua,00:00:00
0.042800000000000005,0.0054,0.0449,2021-11-30,2021-11-30 00:00:00,1.0660377358490567,-0.7759336099585061,0.1261682242990654,Aqua,00:00:00
0.047900000000000005,0.0051,0.0472,2021-12-01,2021-12-01 00:00:00,0.9624505928853755,-0.8015873015873017,0.11013215859030837,Aqua,00:00:00
0.04,0.006200000000000001,0.0458,2021-12-02,2021-12-02 00:00:00,1.167816091954023,-0.7359855334538878,0.15208333333333332,Aqua,00:00:00
0.0388,0.0035,0.0349,2021-12-03,2021-12-03 00:00:00,1.1127272727272728,-0.8151815181518152,0.10181818181818182,Aqua,00:00:00
0.054,0.004,0.058600000000000006,2021-12-05,2021-12-05 00:00:00,1.0936254980079683,-0.8527397260273973,0.07948243992606284,Aqua,00:00:00
0.0892,0.0341,0.1015,2021-12-14,2021-12-14 00:00:00,1.1378923766816145,-0.4468775344687754,0.38228699551569506,Aqua,00:00:00
0.0385,0.0067,0.048400000000000006,2022-02-08,2022-02-08 00:00:00,1.2571428571428573,-0.7035398230088497,0.17402597402597403,Aqua,00:00:00
0.0302,0.004,0.0427,2022-02-11,2022-02-11 00:00:00,1.4097222222222223,-0.7690140845070423,0.1305732484076433,Aqua,00:00:00
0.0304,0.0049,0.0413,2022-02-12,2022-02-12 00:00:00,1.3585526315789476,-0.7223796033994335,0.1611842105263158,Aqua,00:00:00
0.0412,0.006,0.0533,2022-02-13,2022-02-13 00:00:00,1.2936893203883495,-0.7457627118644068,0.14563106796116504,Aqua,00:00:00
0.042,0.007200000000000001,0.0485,2022-02-15,2022-02-15 00:00:00,1.1902439024390243,-0.7079482439926061,0.170995670995671,Aqua,00:00:00
0.0466,0.006900000000000001,0.06280000000000001,2022-02-16,2022-02-16 00:00:00,1.325,-0.7486338797814207,0.14375000000000002,Aqua,00:00:00
0.0517,0.0172,0.0645,2022-02-17,2022-02-17 00:00:00,1.2586872586872586,-0.5007256894049347,0.33268858800773693,Aqua,00:00:00
0.0434,0.0054,0.0562,2022-02-18,2022-02-18 00:00:00,1.2731376975169302,-0.7826961770623742,0.12189616252821671,Aqua,00:00:00
0.0494,0.0098,0.06520000000000001,2022-02-19,2022-02-19 00:00:00,1.3299595141700407,-0.6715927750410509,0.19646365422396855,Aqua,00:00:00
0.0591,0.0239,0.0702,2022-02-20,2022-02-20 00:00:00,1.24364896073903,-0.4023769100169779,0.4261501210653753,Aqua,00:00:00
0.057800000000000004,0.014700000000000001,0.07010000000000001,2022-02-22,2022-02-22 00:00:00,1.2166064981949458,-0.5905292479108636,0.2574430823117338,Aqua,00:00:00
0.048600000000000004,0.009000000000000001,0.0541,2022-02-24,2022-02-24 00:00:00,1.1394849785407726,-0.6883561643835615,0.18458417849898578,Aqua,00:00:00
0.0487,0.0076,0.058800000000000005,2022-02-25,2022-02-25 00:00:00,1.1971544715447155,-0.732394366197183,0.15447154471544716,Aqua,00:00:00
0.0534,0.010100000000000001,0.06380000000000001,2022-03-06,2022-03-06 00:00:00,1.1969981238273923,-0.6853582554517132,0.1866913123844732,Aqua,00:00:00
0.0529,0.0091,0.061900000000000004,2022-03-07,2022-03-07 00:00:00,1.1567291311754684,-0.7064516129032259,0.1720226843100189,Aqua,00:00:00
0.067,0.0175,0.083,2022-03-08,2022-03-08 00:00:00,1.2335766423357664,-0.5843230403800476,0.2623688155922039,Aqua,00:00:00
0.049600000000000005,0.009000000000000001,0.0563,2022-03-10,2022-03-10 00:00:00,1.1159135559921416,-0.6923076923076923,0.18181818181818182,Aqua,00:00:00
0.0694,0.016300000000000002,0.08370000000000001,2022-03-14,2022-03-14 00:00:00,1.2002781641168287,-0.6196032672112018,0.23487031700288186,Aqua,00:00:00
0.0629,0.0134,0.0776,2022-03-16,2022-03-16 00:00:00,1.233226837060703,-0.6487549148099607,0.21303656597774245,Aqua,00:00:00
0.0648,0.018000000000000002,0.0789,2022-03-17,2022-03-17 00:00:00,1.2175925925925926,-0.5652173913043478,0.27777777777777785,Aqua,00:00:00
0.0568,0.0089,0.07060000000000001,2022-03-22,2022-03-22 00:00:00,1.2584670231729056,-0.7290715372907154,0.1566901408450704,Aqua,00:00:00
0.0654,0.018600000000000002,0.08020000000000001,2022-03-24,2022-03-24 00:00:00,1.2324159021406729,-0.5534441805225654,0.28746177370030584,Aqua,00:00:00
0.056900000000000006,0.011300000000000001,0.0687,2022-03-29,2022-03-29 00:00:00,1.2354014598540148,-0.6671251719394773,0.1996699669966997,Aqua,00:00:00
0.0966,0.042300000000000004,0.1015,2022-04-21,2022-04-21 00:00:00,1.0507246376811594,-0.3909287257019438,0.43788819875776397,Aqua,00:00:00
0.059800000000000006,0.021500000000000002,0.0661,2022-04-23,2022-04-23 00:00:00,1.1067796610169491,-0.47847478474784755,0.3527454242928453,Aqua,00:00:00
0.07740000000000001,0.0351,0.0891,2022-04-24,2022-04-24 00:00:00,1.1511627906976742,-0.37600000000000006,0.4534883720930232,Aqua,00:00:00
0.07740000000000001,0.038,0.0901,2022-04-26,2022-04-26 00:00:00,1.1632390745501286,-0.3418367346938775,0.49049429657794685,Aqua,00:00:00
0.056900000000000006,0.0151,0.0659,2022-04-27,2022-04-27 00:00:00,1.1629629629629632,-0.5728429985855729,0.2715827338129496,Aqua,00:00:00
0.063,0.020200000000000003,0.0722,2022-05-01,2022-05-01 00:00:00,1.1463046757164403,-0.5152253349573691,0.31993569131832794,Aqua,00:00:00
0.07540000000000001,0.0375,0.0791,2022-05-02,2022-05-02 00:00:00,1.036,-0.33569530558015953,0.49734748010610075,Aqua,00:00:00
0.0679,0.024300000000000002,0.07740000000000001,2022-05-03,2022-05-03 00:00:00,1.1375186846038865,-0.4703296703296704,0.3602391629297459,Aqua,00:00:00
0.0511,0.0105,0.056600000000000004,2022-05-04,2022-05-04 00:00:00,1.1104536489151875,-0.6590909090909091,0.20547945205479454,Aqua,00:00:00
0.041,0.012400000000000001,0.050300000000000004,2022-05-16,2022-05-16 00:00:00,1.2320185614849188,-0.5322283609576427,0.3052884615384615,Aqua,00:00:00
0.07150000000000001,0.0458,0.08510000000000001,2022-05-17,2022-05-17 00:00:00,1.1833333333333331,-0.21843003412969286,0.6414565826330532,Aqua,00:00:00
0.0408,0.0095,0.0502,2022-05-20,2022-05-20 00:00:00,1.230392156862745,-0.6227897838899804,0.2324455205811138,Aqua,00:00:00
0.049,0.0126,0.0629,2022-05-21,2022-05-21 00:00:00,1.297520661157025,-0.5890850722311397,0.2585858585858586,Aqua,00:00:00
0.0468,0.015600000000000001,0.058,2022-05-23,2022-05-23 00:00:00,1.233684210526316,-0.503225806451613,0.33047210300429186,Aqua,00:00:00
0.0627,0.0386,0.0737,2022-05-24,2022-05-24 00:00:00,1.1735668789808915,-0.23790720631786774,0.6156299840510366,Aqua,00:00:00
0.0577,0.037200000000000004,0.0674,2022-05-25,2022-05-25 00:00:00,1.168110918544194,-0.21601685985247623,0.6447140381282496,Aqua,00:00:00
0.040400000000000005,0.0074,0.0499,2022-05-31,2022-05-31 00:00:00,1.2238805970149254,-0.696,0.1792452830188679,Aqua,00:00:00
0.0717,0.033800000000000004,0.08270000000000001,2022-06-12,2022-06-12 00:00:00,1.1548117154811715,-0.3546453546453546,0.476401179941003,Aqua,00:00:00
0.049600000000000005,0.0204,0.06520000000000001,2022-06-18,2022-06-18 00:00:00,1.314516129032258,-0.41714285714285715,0.41129032258064513,Aqua,00:00:00
0.038400000000000004,0.0112,0.0505,2022-06-19,2022-06-19 00:00:00,1.3282051282051284,-0.5483870967741935,0.29166666666666663,Aqua,00:00:00
0.038400000000000004,0.0143,0.048100000000000004,2022-06-21,2022-06-21 00:00:00,1.2554216867469878,-0.45730550284629984,0.3723958333333333,Aqua,00:00:00
0.0313,0.0088,0.0431,2022-06-22,2022-06-22 00:00:00,1.3859060402684564,-0.5610972568578553,0.28115015974440893,Aqua,00:00:00
0.027800000000000002,0.0057,0.0396,2022-06-23,2022-06-23 00:00:00,1.4244604316546763,-0.6480938416422288,0.21352313167259787,Aqua,00:00:00
0.0279,0.0044,0.0403,2022-06-24,2022-06-24 00:00:00,1.4377224199288259,-0.7275541795665634,0.15770609318996415,Aqua,00:00:00
0.030000000000000002,0.0071,0.041600000000000005,2022-06-25,2022-06-25 00:00:00,1.3866666666666667,-0.6120218579234974,0.24067796610169492,Aqua,00:00:00
0.0291,0.007200000000000001,0.0412,2022-06-26,2022-06-26 00:00:00,1.4061433447098974,-0.6022099447513811,0.24827586206896554,Aqua,00:00:00
0.029,0.0089,0.043500000000000004,2022-06-27,2022-06-27 00:00:00,1.4983050847457626,-0.5315789473684212,0.3058419243986254,Aqua,00:00:00
0.046700000000000005,0.027100000000000003,0.0574,2022-06-28,2022-06-28 00:00:00,1.2304347826086959,-0.2579310344827586,0.5899122807017544,Aqua,00:00:00
0.025900000000000003,0.0109,0.0402,2022-06-29,2022-06-29 00:00:00,1.552123552123552,-0.42699724517906334,0.4015444015444016,Aqua,00:00:00
0.027100000000000003,0.0106,0.0422,2022-07-01,2022-07-01 00:00:00,1.5498154981549814,-0.4376657824933687,0.39114391143911437,Aqua,00:00:00
0.0256,0.0495,0.042800000000000005,2022-07-08,2022-07-08 00:00:00,1.66015625,0.31299734748010605,1.9111969111969112,Aqua,00:00:00
0.0205,0.0134,0.0357,2022-07-10,2022-07-10 00:00:00,1.7079207920792079,-0.2254335260115607,0.6320754716981132,Aqua,00:00:00
0.0253,0.016900000000000002,0.0422,2022-07-11,2022-07-11 00:00:00,1.6746031746031746,-0.19714964370546315,0.6706349206349207,Aqua,00:00:00
0.0342,0.0268,0.0562,2022-07-14,2022-07-14 00:00:00,1.6476190476190478,-0.09116409537166908,0.832904884318766,Aqua,00:00:00
0.0251,0.0206,0.0453,2022-07-15,2022-07-15 00:00:00,1.865625,-0.1135135135135135,0.7961165048543689,Aqua,00:00:00
0.0211,0.0176,0.0431,2022-07-17,2022-07-17 00:00:00,2.0588235294117645,-0.06756756756756763,0.8734177215189872,Aqua,00:00:00
0.0213,0.0235,0.0397,2022-07-18,2022-07-18 00:00:00,1.863849765258216,0.07061503416856489,1.1519607843137254,Aqua,00:00:00
0.0222,0.0119,0.0409,2022-07-19,2022-07-19 00:00:00,1.866028708133971,-0.3219373219373219,0.5129310344827586,Aqua,00:00:00
0.0239,0.0212,0.0495,2022-07-20,2022-07-20 00:00:00,2.0376569037656904,-0.045951859956236345,0.9121338912133891,Aqua,00:00:00
0.0241,0.0204,0.0487,2022-07-21,2022-07-21 00:00:00,2.066371681415929,-0.08372093023255811,0.8454935622317598,Aqua,00:00:00
0.0264,0.025,0.0553,2022-07-22,2022-07-22 00:00:00,2.0946969696969697,-0.027237354085603082,0.946969696969697,Aqua,00:00:00
0.02,0.011600000000000001,0.044000000000000004,2022-07-23,2022-07-23 00:00:00,2.207070707070707,-0.2709030100334448,0.5736842105263158,Aqua,00:00:00
0.0222,0.0114,0.0432,2022-07-24,2022-07-24 00:00:00,1.945945945945946,-0.3214285714285714,0.5135135135135135,Aqua,00:00:00
0.033100000000000004,0.0161,0.0529,2022-07-26,2022-07-26 00:00:00,1.6079027355623101,-0.3567346579919114,0.47413373860182373,Aqua,00:00:00
0.025900000000000003,0.013600000000000001,0.0461,2022-07-28,2022-07-28 00:00:00,1.795275590551181,-0.30256410256410254,0.5354330708661417,Aqua,00:00:00
0.0122,0.0023,0.039,2022-07-29,2022-07-29 00:00:00,3.1967213114754096,-0.54,0.2987012987012987,Aqua,00:00:00
0.0079,0.0002,0.0247,2022-07-30,2022-07-30 00:00:00,2.952380952380952,-0.9534883720930232,0.023809523809523808,Aqua,00:00:00
0.0789,0.0766,0.10490000000000001,2022-07-31,2022-07-31 00:00:00,1.3295310519645123,-0.014790996784565894,0.9708491761723701,Aqua,00:00:00
0.0287,0.0212,0.056900000000000006,2022-08-03,2022-08-03 00:00:00,1.9071428571428573,-0.1637080867850099,0.7186440677966102,Aqua,00:00:00
0.0284,0.0177,0.0529,2022-08-04,2022-08-04 00:00:00,1.8692579505300353,-0.2511013215859031,0.5985915492957746,Aqua,00:00:00
0.0375,0.015300000000000001,0.057600000000000005,2022-08-06,2022-08-06 00:00:00,1.6221079691516709,-0.42589118198874293,0.40263157894736845,Aqua,00:00:00
0.0383,0.0194,0.0645,2022-08-07,2022-08-07 00:00:00,1.650130548302872,-0.30837789661319076,0.5286103542234332,Aqua,00:00:00
0.0241,0.007500000000000001,0.0451,2022-08-08,2022-08-08 00:00:00,1.8960000000000001,-0.5033112582781457,0.3303964757709251,Aqua,00:00:00
0.0361,0.029500000000000002,0.058800000000000005,2022-08-10,2022-08-10 00:00:00,1.671270718232044,-0.09337349397590357,0.8292011019283747,Aqua,00:00:00
0.0229,0.022000000000000002,0.0488,2022-08-11,2022-08-11 00:00:00,2.1797235023041477,-0.004524886877828027,0.9909909909909911,Aqua,00:00:00
0.024900000000000002,0.0213,0.051800000000000006,2022-08-12,2022-08-12 00:00:00,2.0779220779220777,-0.05063291139240504,0.9036144578313253,Aqua,00:00:00
0.0256,0.0162,0.0511,2022-08-13,2022-08-13 00:00:00,2.044,-0.21359223300970878,0.6479999999999999,Aqua,00:00:00
0.0273,0.0188,0.0506,2022-08-14,2022-08-14 00:00:00,1.828358208955224,-0.1662971175166297,0.714828897338403,Aqua,00:00:00
0.027600000000000003,0.021,0.050300000000000004,2022-08-15,2022-08-15 00:00:00,1.840277777777778,-0.12156862745098039,0.7832167832167832,Aqua,00:00:00
0.0269,0.0207,0.0531,2022-08-16,2022-08-16 00:00:00,1.9739776951672863,-0.13025210084033614,0.7695167286245352,Aqua,00:00:00
0.052700000000000004,0.032100000000000004,0.07730000000000001,2022-08-17,2022-08-17 00:00:00,1.4667931688804554,-0.24292452830188677,0.6091081593927894,Aqua,00:00:00
0.0329,0.0148,0.0584,2022-08-19,2022-08-19 00:00:00,1.7999999999999998,-0.3814432989690722,0.44776119402985076,Aqua,00:00:00
0.0229,0.013900000000000001,0.0442,2022-08-20,2022-08-20 00:00:00,1.8487394957983194,-0.2625994694960212,0.5840336134453782,Aqua,00:00:00
0.0529,0.050300000000000004,0.0767,2022-08-21,2022-08-21 00:00:00,1.449905482041588,-0.025193798449612382,0.950850661625709,Aqua,00:00:00
0.0207,0.0135,0.0403,2022-08-22,2022-08-22 00:00:00,1.9246231155778895,-0.23655913978494622,0.6173913043478262,Aqua,00:00:00
0.0251,0.0263,0.0472,2022-08-23,2022-08-23 00:00:00,1.9180327868852458,0.037475345167652836,1.0778688524590163,Aqua,00:00:00
0.0267,0.0131,0.0476,2022-08-24,2022-08-24 00:00:00,1.7735849056603772,-0.3417085427135678,0.49063670411985016,Aqua,00:00:00
0.0332,0.0167,0.053200000000000004,2022-08-25,2022-08-25 00:00:00,1.602409638554217,-0.3306613226452906,0.503012048192771,Aqua,00:00:00
0.0115,0.0009000000000000001,0.0286,2022-08-26,2022-08-26 00:00:00,2.4869565217391307,-0.8548387096774194,0.0782608695652174,Aqua,00:00:00
0.038900000000000004,0.0324,0.0666,2022-08-28,2022-08-28 00:00:00,1.730077120822622,-0.07823613086770988,0.854881266490765,Aqua,00:00:00
0.023200000000000002,0.0142,0.0369,2022-08-29,2022-08-29 00:00:00,1.6048387096774193,-0.22365038560411313,0.634453781512605,Aqua,00:00:00
0.0337,0.0269,0.049800000000000004,2022-08-30,2022-08-30 00:00:00,1.477744807121662,-0.11221122112211222,0.798219584569733,Aqua,00:00:00
0.0218,0.0081,0.035,2022-08-31,2022-08-31 00:00:00,1.6047619047619046,-0.46075085324232085,0.3691588785046729,Aqua,00:00:00
0.0233,0.0125,0.0412,2022-09-01,2022-09-01 00:00:00,1.7469879518072289,-0.3314285714285714,0.502145922746781,Aqua,00:00:00
0.031400000000000004,0.0206,0.048400000000000006,2022-09-02,2022-09-02 00:00:00,1.5068493150684932,-0.2062256809338521,0.6580645161290323,Aqua,00:00:00
0.0279,0.014400000000000001,0.043500000000000004,2022-09-03,2022-09-03 00:00:00,1.5241379310344827,-0.32552693208430916,0.508833922261484,Aqua,00:00:00
0.1691,0.1247,0.2013,2022-09-04,2022-09-04 00:00:00,1.190419869899468,-0.1511232130701157,0.7374334713187464,Aqua,00:00:00
0.0263,0.0307,0.0517,2022-09-05,2022-09-05 00:00:00,1.9583333333333335,0.07530647985989496,1.1628787878787878,Aqua,00:00:00
0.029900000000000003,0.011000000000000001,0.0403,2022-09-08,2022-09-08 00:00:00,1.3478260869565217,-0.46210268948655253,0.36789297658862874,Aqua,00:00:00
0.0366,0.0188,0.0553,2022-09-09,2022-09-09 00:00:00,1.5491803278688525,-0.29557522123893804,0.5437158469945356,Aqua,00:00:00
0.0352,0.0199,0.052500000000000005,2022-09-12,2022-09-12 00:00:00,1.4914772727272727,-0.2776769509981851,0.5653409090909091,Aqua,00:00:00
0.0396,0.028300000000000002,0.0563,2022-09-13,2022-09-13 00:00:00,1.4217171717171717,-0.16642120765832108,0.7146464646464646,Aqua,00:00:00
0.026500000000000003,0.034,0.0555,2022-09-15,2022-09-15 00:00:00,2.094339622641509,0.12396694214876032,1.2830188679245282,Aqua,00:00:00
0.0201,0.0234,0.0438,2022-09-16,2022-09-16 00:00:00,2.075,0.06605922551252846,1.1414634146341462,Aqua,00:00:00
0.022500000000000003,0.016800000000000002,0.042300000000000004,2022-09-19,2022-09-19 00:00:00,1.8205128205128205,-0.16666666666666669,0.7142857142857143,Aqua,00:00:00
0.0313,0.079,0.0637,2022-09-22,2022-09-22 00:00:00,2.0,0.40195208518189884,2.344213649851632,Aqua,00:00:00
0.021400000000000002,0.024800000000000003,0.041800000000000004,2022-09-23,2022-09-23 00:00:00,1.9716981132075473,0.11919191919191924,1.2706422018348624,Aqua,00:00:00
0.0224,0.0145,0.0339,2022-09-24,2022-09-24 00:00:00,1.526829268292683,-0.21409214092140919,0.6473214285714286,Aqua,00:00:00
0.026000000000000002,0.0446,0.055600000000000004,2022-09-25,2022-09-25 00:00:00,1.888888888888889,0.2710280373831776,1.7435897435897436,Aqua,00:00:00
0.0291,0.0368,0.054700000000000006,2022-09-26,2022-09-26 00:00:00,1.8797250859106531,0.11684370257966614,1.2646048109965635,Aqua,00:00:00
0.0206,0.015300000000000001,0.0368,2022-09-28,2022-09-28 00:00:00,1.6941747572815533,-0.14763231197771584,0.7427184466019418,Aqua,00:00:00
0.023100000000000002,0.0198,0.0442,2022-09-29,2022-09-29 00:00:00,2.108786610878661,-0.09382151029748281,0.8284518828451883,Aqua,00:00:00
0.0189,0.0099,0.0333,2022-09-30,2022-09-30 00:00:00,1.6834170854271358,-0.30232558139534876,0.5357142857142858,Aqua,00:00:00
0.0257,0.020200000000000003,0.0456,2022-10-01,2022-10-01 00:00:00,1.7743190661478598,-0.0961968680089485,0.8244897959183675,Aqua,00:00:00
0.0269,0.010100000000000001,0.0429,2022-10-02,2022-10-02 00:00:00,1.579925650557621,-0.45405405405405397,0.37546468401486993,Aqua,00:00:00
0.027800000000000002,0.026500000000000003,0.049800000000000004,2022-10-03,2022-10-03 00:00:00,1.7508532423208192,0.05091649694501015,1.1072961373390557,Aqua,00:00:00
0.0292,0.0349,0.050100000000000006,2022-10-04,2022-10-04 00:00:00,1.7559055118110234,0.113237639553429,1.2553956834532374,Aqua,00:00:00
0.0274,0.0379,0.052500000000000005,2022-10-05,2022-10-05 00:00:00,1.897260273972603,0.19370078740157484,1.48046875,Aqua,00:00:00
0.0332,0.0446,0.0635,2022-10-06,2022-10-06 00:00:00,1.9126506024096386,0.18160377358490568,1.4438040345821326,Aqua,00:00:00
0.028,0.0179,0.046700000000000005,2022-10-07,2022-10-07 00:00:00,1.728744939271255,-0.22510822510822515,0.6325088339222614,Aqua,00:00:00
0.03345000000000001,0.0236,0.054700000000000006,2022-10-08,2022-10-08 00:00:00,1.658610271903323,-0.14495412844036698,0.7467948717948718,Aqua,00:00:00
0.0146,0.0395,0.0358,2022-10-09,2022-10-09 00:00:00,2.2620320855614975,0.501779359430605,3.0142857142857142,Aqua,00:00:00
0.0347,0.0229,0.0529,2022-10-10,2022-10-10 00:00:00,1.536023054755043,-0.20486111111111113,0.6599423631123918,Aqua,00:00:00
0.0417,0.06770000000000001,0.07390000000000001,2022-10-11,2022-10-11 00:00:00,1.6738609112709832,0.2456301747930083,1.651219512195122,Aqua,00:00:00
0.0261,0.024,0.0475,2022-10-12,2022-10-12 00:00:00,1.6968641114982579,-0.06966292134831466,0.8697478991596638,Aqua,00:00:00
0.0315,0.049300000000000004,0.058800000000000005,2022-10-13,2022-10-13 00:00:00,1.866666666666667,0.2202970297029703,1.565079365079365,Aqua,00:00:00
0.022000000000000002,0.0132,0.0369,2022-10-14,2022-10-14 00:00:00,1.6849315068493151,-0.24786324786324784,0.6027397260273972,Aqua,00:00:00
0.024200000000000003,0.012700000000000001,0.0405,2022-10-15,2022-10-15 00:00:00,1.6454183266932272,-0.3201133144475921,0.5150214592274678,Aqua,00:00:00
0.0239,0.0213,0.0402,2022-10-16,2022-10-16 00:00:00,1.6820083682008367,-0.04807692307692304,0.9082568807339451,Aqua,00:00:00
0.0234,0.0165,0.0391,2022-10-17,2022-10-17 00:00:00,1.6801801801801801,-0.16455696202531642,0.7173913043478262,Aqua,00:00:00
0.031100000000000003,0.078,0.0629,2022-10-18,2022-10-18 00:00:00,2.0514469453376205,0.4391143911439115,2.5657894736842106,Aqua,00:00:00
0.0229,0.0327,0.038,2022-10-19,2022-10-19 00:00:00,1.8136882129277565,0.14720812182741116,1.3452380952380951,Aqua,00:00:00
0.0344,0.0426,0.058100000000000006,2022-10-20,2022-10-20 00:00:00,1.7222222222222223,0.12105263157894737,1.2754491017964071,Aqua,00:00:00
0.023700000000000002,0.009000000000000001,0.033800000000000004,2022-10-23,2022-10-23 00:00:00,1.376068376068376,-0.45398773006134974,0.3755274261603375,Aqua,00:00:00
0.034800000000000005,0.0375,0.0558,2022-10-25,2022-10-25 00:00:00,1.6424581005586594,0.05863192182410422,1.1245674740484428,Aqua,00:00:00
0.0341,0.0785,0.062400000000000004,2022-10-27,2022-10-27 00:00:00,1.824925816023739,0.39928698752228164,2.3293768545994067,Aqua,00:00:00
0.0379,0.0489,0.060700000000000004,2022-10-29,2022-10-29 00:00:00,1.5524296675191815,0.11136363636363633,1.2506393861892582,Aqua,00:00:00
0.033800000000000004,0.0627,0.0511,2022-10-31,2022-10-31 00:00:00,1.5607843137254902,0.40139211136890945,2.341085271317829,Aqua,00:00:00
0.0608,0.037700000000000004,0.079,2022-11-03,2022-11-03 00:00:00,1.299342105263158,-0.22061191626409019,0.6385224274406333,Aqua,00:00:00
0.055200000000000006,0.0238,0.0567,2022-11-06,2022-11-06 00:00:00,1.0205992509363295,-0.39072847682119205,0.43809523809523804,Aqua,00:00:00
0.0536,0.0183,0.06620000000000001,2022-11-09,2022-11-09 00:00:00,1.1088777219430486,-0.5118110236220473,0.3229166666666667,Aqua,00:00:00
0.0368,0.0085,0.0395,2022-11-13,2022-11-13 00:00:00,1.0815789473684212,-0.6137931034482759,0.23931623931623935,Aqua,00:00:00
0.041,0.0081,0.047,2022-11-14,2022-11-14 00:00:00,1.146341463414634,-0.6700610997963339,0.19756097560975608,Aqua,00:00:00
0.0393,0.0109,0.0437,2022-11-15,2022-11-15 00:00:00,1.104325699745547,-0.5795918367346939,0.2661498708010336,Aqua,00:00:00
0.034800000000000005,0.0078000000000000005,0.0375,2022-11-16,2022-11-16 00:00:00,1.126126126126126,-0.6326530612244899,0.22499999999999995,Aqua,00:00:00
0.0441,0.0134,0.045200000000000004,2022-11-18,2022-11-18 00:00:00,1.0588235294117647,-0.5180722891566265,0.31746031746031744,Aqua,00:00:00
0.047900000000000005,0.0117,0.0512,2022-11-19,2022-11-19 00:00:00,1.068893528183716,-0.5966666666666667,0.25260960334029225,Aqua,00:00:00
0.034300000000000004,0.0079,0.0386,2022-11-23,2022-11-23 00:00:00,1.0546448087431695,-0.6449438202247191,0.21584699453551914,Aqua,00:00:00
0.0395,0.0119,0.0268,2022-11-24,2022-11-24 00:00:00,0.8023952095808383,-0.5328185328185329,0.30478589420654917,Aqua,00:00:00
0.0313,0.0106,0.0297,2022-11-26,2022-11-26 00:00:00,0.9488817891373802,-0.49403341288782826,0.33865814696485624,Aqua,00:00:00
0.0609,0.0152,0.081,2022-12-07,2022-12-07 00:00:00,1.3306188925081435,-0.6005256241787122,0.24958949096880131,Aqua,00:00:00
0.0507,0.0166,0.0567,2023-01-17,2023-01-17 00:00:00,1.126232741617357,-0.5074183976261128,0.32677165354330706,Aqua,00:00:00
0.044500000000000005,0.0105,0.0521,2023-01-19,2023-01-19 00:00:00,1.1734234234234233,-0.6181818181818182,0.23595505617977527,Aqua,00:00:00
0.044700000000000004,0.0078000000000000005,0.053500000000000006,2023-01-20,2023-01-20 00:00:00,1.196868008948546,-0.7028571428571428,0.174496644295302,Aqua,00:00:00
0.0465,0.0102,0.0562,2023-01-22,2023-01-22 00:00:00,1.2086021505376343,-0.6402116402116402,0.21935483870967742,Aqua,00:00:00
0.033800000000000004,0.007200000000000001,0.0352,2023-01-23,2023-01-23 00:00:00,1.0414201183431953,-0.6487804878048781,0.21301775147928995,Aqua,00:00:00
0.038200000000000005,0.0106,0.0379,2023-01-29,2023-01-29 00:00:00,0.9973684210526317,-0.5637860082304528,0.27894736842105267,Aqua,00:00:00
0.0618,0.0285,0.0618,2023-02-07,2023-02-07 00:00:00,1.0215736040609136,-0.37464251668255477,0.45492371705963947,Aqua,00:00:00
0.0317,0.0067,0.0344,2023-02-09,2023-02-09 00:00:00,1.0838509316770186,-0.6470588235294117,0.2142857142857143,Aqua,00:00:00
0.039400000000000004,0.010400000000000001,0.041800000000000004,2023-02-11,2023-02-11 00:00:00,1.0583756345177664,-0.5873015873015873,0.26,Aqua,00:00:00
0.035500000000000004,0.0077,0.0436,2023-02-12,2023-02-12 00:00:00,1.228169014084507,-0.6377171215880894,0.2212121212121212,Aqua,00:00:00
0.051500000000000004,0.013600000000000001,0.060700000000000004,2023-02-14,2023-02-14 00:00:00,1.1727447216890594,-0.584097859327217,0.2625482625482625,Aqua,00:00:00
0.046,0.0102,0.054,2023-02-15,2023-02-15 00:00:00,1.175,-0.6356877323420076,0.2227272727272727,Aqua,00:00:00
0.0618,0.027200000000000002,0.07200000000000001,2023-02-17,2023-02-17 00:00:00,1.1617647058823528,-0.3885778275475923,0.44032258064516133,Aqua,00:00:00
0.0415,0.0115,0.0487,2023-02-19,2023-02-19 00:00:00,1.1899313501144164,-0.5709459459459458,0.2731182795698925,Aqua,00:00:00
0.042,0.0094,0.0448,2023-02-25,2023-02-25 00:00:00,1.0666666666666667,-0.6342412451361868,0.2238095238095238,Aqua,00:00:00
0.049100000000000005,0.0142,0.057300000000000004,2023-03-16,2023-03-16 00:00:00,1.1676891615541924,-0.5499207606973058,0.2903885480572597,Aqua,00:00:00
0.0762,0.0364,0.094,2023-03-17,2023-03-17 00:00:00,1.2283464566929134,-0.35231316725978645,0.4789473684210527,Aqua,00:00:00
0.0665,0.030100000000000002,0.0834,2023-03-25,2023-03-25 00:00:00,1.2,-0.37681159420289856,0.45263157894736844,Aqua,00:00:00
0.07680000000000001,0.038,0.0956,2023-03-26,2023-03-26 00:00:00,1.2252604166666665,-0.3481228668941979,0.48354430379746843,Aqua,00:00:00
0.0511,0.014,0.067,2023-04-11,2023-04-11 00:00:00,1.3111545988258317,-0.5698924731182795,0.273972602739726,Aqua,00:00:00
0.060500000000000005,0.0213,0.0772,2023-04-12,2023-04-12 00:00:00,1.2764900662251655,-0.4775,0.35363790186125216,Aqua,00:00:00
0.046700000000000005,0.0155,0.060200000000000004,2023-04-13,2023-04-13 00:00:00,1.284796573875803,-0.4991922455573506,0.334051724137931,Aqua,00:00:00
0.0568,0.0239,0.0737,2023-04-14,2023-04-14 00:00:00,1.2952548330404217,-0.4084158415841584,0.42003514938488573,Aqua,00:00:00
0.0461,0.0177,0.0597,2023-04-22,2023-04-22 00:00:00,1.270212765957447,-0.4414125200642054,0.3875278396436526,Aqua,00:00:00
0.0391,0.0128,0.0534,2023-04-25,2023-04-25 00:00:00,1.3139841688654355,-0.5027829313543599,0.3308641975308642,Aqua,00:00:00
0.044500000000000005,0.022600000000000002,0.0529,2023-04-26,2023-04-26 00:00:00,1.1887640449438202,-0.3263785394932936,0.5078651685393258,Aqua,00:00:00
0.0296,0.0061,0.0346,2023-04-27,2023-04-27 00:00:00,1.2436363636363637,-0.650887573964497,0.2114695340501792,Aqua,00:00:00
0.038200000000000005,0.0125,0.049100000000000005,2023-04-28,2023-04-28 00:00:00,1.2827225130890052,-0.5098814229249012,0.32460732984293195,Aqua,00:00:00
0.033800000000000004,0.0097,0.0454,2023-04-29,2023-04-29 00:00:00,1.3421052631578947,-0.5580865603644647,0.28362573099415206,Aqua,00:00:00
0.061700000000000005,0.040400000000000005,0.0661,2023-04-30,2023-04-30 00:00:00,1.0713128038897892,-0.2086190009794319,0.6547811993517019,Aqua,00:00:00
0.059500000000000004,0.0257,0.0732,2023-05-02,2023-05-02 00:00:00,1.230252100840336,-0.39671361502347424,0.43193277310924366,Aqua,00:00:00
0.0434,0.0179,0.056400000000000006,2023-05-03,2023-05-03 00:00:00,1.292134831460674,-0.4182389937106918,0.41019955654102,Aqua,00:00:00
0.0373,0.0148,0.049600000000000005,2023-05-09,2023-05-09 00:00:00,1.323076923076923,-0.4274661508704062,0.4010840108401084,Aqua,00:00:00
0.0244,0.0078000000000000005,0.0309,2023-05-11,2023-05-11 00:00:00,1.2716049382716048,-0.5187500000000002,0.3168724279835391,Aqua,00:00:00
0.0341,0.0221,0.0449,2023-05-12,2023-05-12 00:00:00,1.3105413105413106,-0.22045855379188709,0.638728323699422,Aqua,00:00:00
0.0207,0.005,0.0261,2023-05-13,2023-05-13 00:00:00,1.2788461538461537,-0.6050420168067228,0.24607329842931935,Aqua,00:00:00
0.0267,0.0074,0.0358,2023-05-16,2023-05-16 00:00:00,1.3408239700374531,-0.5681818181818182,0.27536231884057966,Aqua,00:00:00
0.0241,0.008400000000000001,0.031900000000000005,2023-05-17,2023-05-17 00:00:00,1.3333333333333333,-0.4817073170731707,0.3497942386831276,Aqua,00:00:00
0.0262,0.0085,0.0335,2023-05-18,2023-05-18 00:00:00,1.2786259541984732,-0.5100864553314121,0.3244274809160305,Aqua,00:00:00
0.015700000000000002,0.0001,0.0261,2023-05-19,2023-05-19 00:00:00,1.6419753086419755,-0.9873417721518988,0.006369426751592356,Aqua,00:00:00
0.0216,0.006,0.028800000000000003,2023-05-20,2023-05-20 00:00:00,1.3333333333333335,-0.5586206896551724,0.2831858407079646,Aqua,00:00:00
0.031400000000000004,0.016,0.0405,2023-05-21,2023-05-21 00:00:00,1.2834890965732086,-0.32210526315789484,0.5127388535031846,Aqua,00:00:00
0.0284,0.0155,0.0354,2023-05-24,2023-05-24 00:00:00,1.253676470588235,-0.29384965831435084,0.5457746478873239,Aqua,00:00:00
0.0236,0.0103,0.030000000000000002,2023-05-25,2023-05-25 00:00:00,1.275109170305677,-0.40476190476190477,0.42372881355932207,Aqua,00:00:00
0.0178,0.0001,0.032100000000000004,2023-05-26,2023-05-26 00:00:00,1.8033707865168542,-0.9888268156424581,0.005617977528089888,Aqua,00:00:00
0.0273,0.010400000000000001,0.037000000000000005,2023-05-29,2023-05-29 00:00:00,1.3418181818181818,-0.45308310991957107,0.3763837638376384,Aqua,00:00:00
0.028900000000000002,0.0111,0.0393,2023-05-30,2023-05-30 00:00:00,1.3453237410071943,-0.43444730077120813,0.3942652329749104,Aqua,00:00:00
0.0412,0.0229,0.052000000000000005,2023-05-31,2023-05-31 00:00:00,1.2629107981220657,-0.2828438948995363,0.5590361445783133,Aqua,00:00:00
0.016900000000000002,0.0002,0.0292,2023-06-02,2023-06-02 00:00:00,1.7278106508875737,-0.976608187134503,0.011834319526627219,Aqua,00:00:00
0.0228,0.0076,0.0298,2023-06-03,2023-06-03 00:00:00,1.3271028037383177,-0.4999999999999999,0.33333333333333337,Aqua,00:00:00
0.035300000000000005,0.0159,0.046,2023-06-04,2023-06-04 00:00:00,1.3123287671232877,-0.3808553971486762,0.44837758112094395,Aqua,00:00:00
0.0324,0.0146,0.0439,2023-06-07,2023-06-07 00:00:00,1.3375394321766563,-0.36933045356371486,0.4605678233438486,Aqua,00:00:00
0.0594,0.0392,0.07300000000000001,2023-06-08,2023-06-08 00:00:00,1.2209302325581397,-0.20206185567010307,0.6638078902229846,Aqua,00:00:00
0.025400000000000002,0.0211,0.0359,2023-06-10,2023-06-10 00:00:00,1.4039408866995073,-0.010489510489510486,0.9792387543252595,Aqua,00:00:00
0.0424,0.025400000000000002,0.054700000000000006,2023-06-11,2023-06-11 00:00:00,1.269047619047619,-0.24966261808367074,0.6004352835744462,Aqua,00:00:00
0.1242,0.1129,0.1307,2023-06-12,2023-06-12 00:00:00,1.052166934189406,-0.047659215520877284,0.9090177133655394,Aqua,00:00:00
0.0509,0.0454,0.062200000000000005,2023-06-15,2023-06-15 00:00:00,1.230612244897959,-0.056034482758620725,0.8938775510204081,Aqua,00:00:00
0.031,0.030600000000000002,0.0436,2023-06-16,2023-06-16 00:00:00,1.4064516129032258,-0.006493506493506454,0.9870967741935485,Aqua,00:00:00
0.0285,0.014700000000000001,0.0391,2023-06-18,2023-06-18 00:00:00,1.357142857142857,-0.32432432432432434,0.5102040816326531,Aqua,00:00:00
0.0606,0.059300000000000005,0.0741,2023-06-19,2023-06-19 00:00:00,1.239670528103815,-0.01084236864053374,0.9785478547854786,Aqua,00:00:00
0.0298,0.0848,0.044000000000000004,2023-06-20,2023-06-20 00:00:00,1.476510067114094,0.5037037037037037,3.029850746268657,Aqua,00:00:00
0.0392,0.0302,0.0524,2023-06-21,2023-06-21 00:00:00,1.3410852713178294,-0.1396011396011396,0.755,Aqua,00:00:00
0.0145,0.034800000000000005,0.0183,2023-06-26,2023-06-26 00:00:00,1.2620689655172412,0.5535714285714286,3.4800000000000004,Aqua,00:00:00
0.0024000000000000002,0.012700000000000001,0.0055000000000000005,2023-06-28,2023-06-28 00:00:00,2.5833333333333335,0.6821192052980132,5.291666666666667,Aqua,00:00:00
0.0211,0.0095,0.028900000000000002,2023-06-29,2023-06-29 00:00:00,1.3696682464454977,-0.41479099678456594,0.41363636363636364,Aqua,00:00:00
0.034,0.023200000000000002,0.0478,2023-06-30,2023-06-30 00:00:00,1.4024024024024024,-0.21739130434782608,0.6428571428571428,Aqua,00:00:00
0.0228,0.0125,0.032,2023-07-01,2023-07-01 00:00:00,1.3834586466165413,-0.2917847025495751,0.5482456140350878,Aqua,00:00:00
0.0238,0.0098,0.0346,2023-07-02,2023-07-02 00:00:00,1.4411764705882353,-0.4149253731343284,0.4135021097046413,Aqua,00:00:00
0.0373,0.023700000000000002,0.0483,2023-07-03,2023-07-03 00:00:00,1.2949061662198391,-0.22295081967213112,0.6353887399463808,Aqua,00:00:00
0.022000000000000002,0.0079,0.032100000000000004,2023-07-04,2023-07-04 00:00:00,1.4705882352941175,-0.47651006711409394,0.35454545454545455,Aqua,00:00:00
0.0071,0.003,0.016900000000000002,2023-07-05,2023-07-05 00:00:00,2.380281690140845,-0.4059405940594059,0.4225352112676056,Aqua,00:00:00
0.0239,0.0099,0.0359,2023-07-06,2023-07-06 00:00:00,1.5,-0.42608695652173906,0.4024390243902439,Aqua,00:00:00
0.0414,0.029300000000000003,0.0563,2023-07-07,2023-07-07 00:00:00,1.3599033816425121,-0.1711456859971711,0.7077294685990339,Aqua,00:00:00
0.0446,0.0308,0.0611,2023-07-08,2023-07-08 00:00:00,1.3692946058091287,-0.17039106145251395,0.7088305489260144,Aqua,00:00:00
0.023100000000000002,0.0099,0.0408,2023-07-09,2023-07-09 00:00:00,1.728813559322034,-0.4,0.42857142857142855,Aqua,00:00:00
0.025400000000000002,0.0154,0.0494,2023-07-10,2023-07-10 00:00:00,1.7341269841269842,-0.24027459954233413,0.6125461254612545,Aqua,00:00:00
0.0218,0.012400000000000001,0.042,2023-07-11,2023-07-11 00:00:00,1.909090909090909,-0.2865853658536585,0.5545023696682464,Aqua,00:00:00
0.026600000000000002,0.0146,0.0494,2023-07-12,2023-07-12 00:00:00,1.8721804511278195,-0.29126213592233013,0.5488721804511277,Aqua,00:00:00
0.0238,0.013600000000000001,0.0434,2023-07-13,2023-07-13 00:00:00,1.8319327731092436,-0.2779220779220779,0.5650406504065041,Aqua,00:00:00
0.027200000000000002,0.0318,0.0543,2023-07-14,2023-07-14 00:00:00,1.9786476868327403,0.07796610169491525,1.1691176470588236,Aqua,00:00:00
0.0223,0.0115,0.043000000000000003,2023-07-15,2023-07-15 00:00:00,1.9134199134199132,-0.3352601156069364,0.4978354978354978,Aqua,00:00:00
0.0327,0.020200000000000003,0.0526,2023-07-16,2023-07-16 00:00:00,1.6085626911314985,-0.23629489603024567,0.6177370030581041,Aqua,00:00:00
0.0217,0.014,0.047400000000000005,2023-07-17,2023-07-17 00:00:00,2.1487179487179486,-0.23028391167192427,0.6256410256410256,Aqua,00:00:00
0.024,0.013600000000000001,0.0461,2023-07-18,2023-07-18 00:00:00,1.948616600790514,-0.2663316582914573,0.5793650793650794,Aqua,00:00:00
0.027600000000000003,0.014400000000000001,0.0536,2023-07-19,2023-07-19 00:00:00,1.9420289855072463,-0.30935251798561153,0.5274725274725275,Aqua,00:00:00
0.029,0.025900000000000003,0.058100000000000006,2023-07-20,2023-07-20 00:00:00,1.9238410596026492,-0.07664884135472368,0.8576158940397351,Aqua,00:00:00
0.030500000000000003,0.023200000000000002,0.056100000000000004,2023-07-21,2023-07-21 00:00:00,1.8488745980707395,-0.11731843575418993,0.79,Aqua,00:00:00
0.0229,0.012700000000000001,0.0477,2023-07-22,2023-07-22 00:00:00,2.0956521739130434,-0.2924791086350975,0.5474137931034483,Aqua,00:00:00
0.0349,0.0369,0.06330000000000001,2023-07-24,2023-07-24 00:00:00,1.8137535816618913,0.027624309392265217,1.0568181818181819,Aqua,00:00:00
0.0222,0.0397,0.051500000000000004,2023-07-25,2023-07-25 00:00:00,2.3013100436681224,0.2623211446740858,1.711206896551724,Aqua,00:00:00
0.025400000000000002,0.0205,0.0456,2023-07-26,2023-07-26 00:00:00,1.795275590551181,-0.10675381263616561,0.8070866141732284,Aqua,00:00:00
0.0219,0.0189,0.0455,2023-07-27,2023-07-27 00:00:00,2.068493150684932,-0.07352941176470586,0.863013698630137,Aqua,00:00:00
0.024200000000000003,0.0228,0.0523,2023-07-28,2023-07-28 00:00:00,2.115702479338843,-0.0021881838074398114,0.9956331877729258,Aqua,00:00:00
0.040100000000000004,0.0536,0.06770000000000001,2023-07-29,2023-07-29 00:00:00,1.718137254901961,0.14652014652014653,1.3433476394849786,Aqua,00:00:00
0.026000000000000002,0.0181,0.0536,2023-07-30,2023-07-30 00:00:00,2.045801526717557,-0.18284424379232503,0.6908396946564885,Aqua,00:00:00
0.028300000000000002,0.0241,0.057,2023-07-31,2023-07-31 00:00:00,2.0955882352941178,-0.07604562737642584,0.8586572438162544,Aqua,00:00:00
0.0308,0.0284,0.057600000000000005,2023-08-01,2023-08-01 00:00:00,1.8794326241134751,-0.020761245674740476,0.9593220338983051,Aqua,00:00:00
0.0115,0.0014,0.0358,2023-08-02,2023-08-02 00:00:00,3.1130434782608694,-0.7829457364341085,0.12173913043478261,Aqua,00:00:00
0.0417,0.0358,0.07390000000000001,2023-08-04,2023-08-04 00:00:00,1.7721822541966428,-0.07612903225806456,0.8585131894484412,Aqua,00:00:00
0.028200000000000003,0.0142,0.052000000000000005,2023-08-05,2023-08-05 00:00:00,1.8680555555555554,-0.31730769230769235,0.5182481751824818,Aqua,00:00:00
0.031200000000000002,0.023700000000000002,0.057300000000000004,2023-08-06,2023-08-06 00:00:00,1.819935691318328,-0.13503649635036497,0.7620578778135049,Aqua,00:00:00
0.0053,0.0019,0.0323,2023-08-07,2023-08-07 00:00:00,6.09433962264151,-0.47222222222222227,0.3584905660377358,Aqua,00:00:00
0.028200000000000003,0.012700000000000001,0.04705,2023-08-08,2023-08-08 00:00:00,1.7628865979381445,-0.37499999999999994,0.45454545454545453,Aqua,00:00:00
0.031,0.014,0.0536,2023-08-09,2023-08-09 00:00:00,1.729032258064516,-0.37610619469026546,0.4533762057877814,Aqua,00:00:00
0.0236,0.01,0.043300000000000005,2023-08-10,2023-08-10 00:00:00,1.7640449438202248,-0.42363112391930835,0.4048582995951417,Aqua,00:00:00
0.028300000000000002,0.011600000000000001,0.047900000000000005,2023-08-11,2023-08-11 00:00:00,1.6925795053003534,-0.4185463659147869,0.4098939929328622,Aqua,00:00:00
0.0315,0.0161,0.0468,2023-08-12,2023-08-12 00:00:00,1.46984126984127,-0.3428571428571428,0.48936170212765956,Aqua,00:00:00
0.0206,0.0059,0.0352,2023-08-13,2023-08-13 00:00:00,1.6761904761904762,-0.5627240143369175,0.27981651376146793,Aqua,00:00:00
0.023200000000000002,0.0086,0.0378,2023-08-14,2023-08-14 00:00:00,1.629310344827586,-0.45396825396825397,0.37554585152838427,Aqua,00:00:00
0.034,0.0212,0.058800000000000005,2023-08-15,2023-08-15 00:00:00,1.7294117647058824,-0.23188405797101455,0.6235294117647059,Aqua,00:00:00
0.0318,0.0178,0.049,2023-08-17,2023-08-17 00:00:00,1.5126582278481011,-0.28194726166328604,0.560126582278481,Aqua,00:00:00
0.0233,0.0148,0.04,2023-08-23,2023-08-23 00:00:00,1.7167381974248928,-0.2230971128608924,0.6351931330472103,Aqua,00:00:00
0.021400000000000002,0.0095,0.0368,2023-08-24,2023-08-24 00:00:00,1.6872037914691942,-0.3831168831168831,0.4460093896713615,Aqua,00:00:00
0.0262,0.0099,0.0468,2023-08-26,2023-08-26 00:00:00,1.7890295358649788,-0.4584615384615385,0.3713080168776371,Aqua,00:00:00
0.0239,0.009000000000000001,0.0429,2023-08-27,2023-08-27 00:00:00,1.794979079497908,-0.452887537993921,0.3765690376569038,Aqua,00:00:00
0.005200000000000001,0.0056,0.0195,2023-08-28,2023-08-28 00:00:00,3.7499999999999996,0.087378640776699,1.1914893617021276,Aqua,00:00:00
0.0334,0.0193,0.05,2023-08-29,2023-08-29 00:00:00,1.5197568389057752,-0.2560747663551402,0.5922619047619047,Aqua,00:00:00
0.0258,0.0137,0.049300000000000004,2023-08-30,2023-08-30 00:00:00,1.9190283400809718,-0.2864583333333333,0.5546558704453441,Aqua,00:00:00
0.015300000000000001,0.0001,0.0371,2023-09-03,2023-09-03 00:00:00,2.4248366013071894,-0.9870129870129871,0.006535947712418301,Aqua,00:00:00
0.036000000000000004,0.0126,0.060500000000000005,2023-09-04,2023-09-04 00:00:00,1.7174515235457064,-0.4716981132075472,0.358974358974359,Aqua,00:00:00
0.018600000000000002,0.0053,0.0329,2023-09-05,2023-09-05 00:00:00,1.807486631016043,-0.5435684647302904,0.2956989247311828,Aqua,00:00:00
0.0239,0.0095,0.0363,2023-09-07,2023-09-07 00:00:00,1.518828451882845,-0.43113772455089827,0.39748953974895396,Aqua,00:00:00
0.026500000000000003,0.0058000000000000005,0.042300000000000004,2023-09-09,2023-09-09 00:00:00,1.6159695817490496,-0.6408668730650156,0.2188679245283019,Aqua,00:00:00
0.027800000000000002,0.010700000000000001,0.0424,2023-09-10,2023-09-10 00:00:00,1.5390070921985815,-0.4441558441558441,0.38489208633093525,Aqua,00:00:00
0.0206,0.006500000000000001,0.0346,2023-09-12,2023-09-12 00:00:00,1.6626506024096384,-0.5259259259259259,0.31067961165048547,Aqua,00:00:00
0.0274,0.0118,0.0432,2023-09-13,2023-09-13 00:00:00,1.5766423357664234,-0.39795918367346944,0.4306569343065693,Aqua,00:00:00
0.022600000000000002,0.0082,0.038,2023-09-14,2023-09-14 00:00:00,1.6800000000000002,-0.4627831715210356,0.36725663716814155,Aqua,00:00:00
0.023700000000000002,0.0059,0.038200000000000005,2023-09-15,2023-09-15 00:00:00,1.6714975845410627,-0.6129032258064517,0.24,Aqua,00:00:00
0.0396,0.0181,0.058800000000000005,2023-09-16,2023-09-16 00:00:00,1.5212527964205815,-0.40594059405940586,0.4225352112676057,Aqua,00:00:00
0.031900000000000005,0.0123,0.0476,2023-09-17,2023-09-17 00:00:00,1.47953216374269,-0.4434389140271494,0.3855799373040752,Aqua,00:00:00
0.021400000000000002,0.0064,0.0342,2023-09-19,2023-09-19 00:00:00,1.5652173913043477,-0.5563636363636363,0.2850467289719626,Aqua,00:00:00
0.030000000000000002,0.0123,0.0449,2023-09-20,2023-09-20 00:00:00,1.4966666666666666,-0.42180094786729866,0.4066666666666667,Aqua,00:00:00
0.059800000000000006,0.034,0.08,2023-09-21,2023-09-21 00:00:00,1.3266331658291457,-0.27448869752421956,0.5692567567567568,Aqua,00:00:00
0.0327,0.011600000000000001,0.0492,2023-09-22,2023-09-22 00:00:00,1.5137614678899083,-0.4708520179372198,0.3597560975609756,Aqua,00:00:00
0.0357,0.0123,0.054,2023-09-27,2023-09-27 00:00:00,1.5126050420168067,-0.49498997995991983,0.3378016085790885,Aqua,00:00:00
0.0364,0.0081,0.0523,2023-09-28,2023-09-28 00:00:00,1.4368131868131868,-0.6335540838852097,0.2243243243243243,Aqua,00:00:00
0.0292,0.0085,0.043300000000000005,2023-10-01,2023-10-01 00:00:00,1.4685314685314685,-0.5490716180371353,0.2910958904109589,Aqua,00:00:00
0.041800000000000004,0.006500000000000001,0.058600000000000006,2023-10-04,2023-10-04 00:00:00,1.4019138755980862,-0.7308488612836439,0.15550239234449761,Aqua,00:00:00
0.038200000000000005,0.0059,0.0551,2023-10-05,2023-10-05 00:00:00,1.4315245478036176,-0.7324263038548752,0.15445026178010468,Aqua,00:00:00
0.033800000000000004,0.005,0.050300000000000004,2023-10-06,2023-10-06 00:00:00,1.4497041420118342,-0.7381489841986456,0.15064935064935067,Aqua,00:00:00
0.0459,0.0078000000000000005,0.0666,2023-10-07,2023-10-07 00:00:00,1.4205020920502092,-0.7079107505070995,0.171021377672209,Aqua,00:00:00
0.0339,0.006,0.048600000000000004,2023-10-08,2023-10-08 00:00:00,1.4285714285714284,-0.7010869565217391,0.1757188498402556,Aqua,00:00:00
0.0427,0.010700000000000001,0.058800000000000005,2023-10-12,2023-10-12 00:00:00,1.4,-0.596039603960396,0.2531017369727047,Aqua,00:00:00
0.0324,0.0054,0.047400000000000005,2023-10-17,2023-10-17 00:00:00,1.4782608695652173,-0.7112299465240641,0.16875,Aqua,00:00:00
0.0323,0.0034000000000000002,0.0478,2023-10-18,2023-10-18 00:00:00,1.479876160990712,-0.8121212121212122,0.10367892976588629,Aqua,00:00:00
0.0378,0.0067,0.0577,2023-10-19,2023-10-19 00:00:00,1.513126491646778,-0.7067209775967415,0.17183770883054894,Aqua,00:00:00
0.036500000000000005,0.0154,0.0504,2023-10-23,2023-10-23 00:00:00,1.4038997214484679,-0.4065510597302506,0.421917808219178,Aqua,00:00:00
0.0322,0.0068000000000000005,0.0456,2023-10-26,2023-10-26 00:00:00,1.3836477987421385,-0.6491228070175439,0.2127659574468085,Aqua,00:00:00
0.0327,0.0059,0.036500000000000005,2023-10-27,2023-10-27 00:00:00,1.1957831325301205,-0.694300518134715,0.18042813455657492,Aqua,00:00:00
0.0431,0.0078000000000000005,0.0577,2023-10-28,2023-10-28 00:00:00,1.345707656612529,-0.693516699410609,0.18097447795823668,Aqua,00:00:00
0.029300000000000003,0.0032,0.0388,2023-10-29,2023-10-29 00:00:00,1.3431085043988271,-0.7917981072555206,0.11619718309859155,Aqua,00:00:00
0.0349,0.0019,0.0476,2023-10-30,2023-10-30 00:00:00,1.4088541666666665,-0.8791540785498488,0.06430868167202572,Aqua,00:00:00
0.0287,0.0032,0.0426,2023-10-31,2023-10-31 00:00:00,1.4212328767123288,-0.799373040752351,0.11149825783972125,Aqua,00:00:00
0.0309,0.0074,0.0424,2023-11-08,2023-11-08 00:00:00,1.3652482269503545,-0.6063829787234043,0.24503311258278146,Aqua,00:00:00
0.0383,0.0058000000000000005,0.0522,2023-11-11,2023-11-11 00:00:00,1.3629242819843344,-0.7417943107221006,0.14824120603015073,Aqua,00:00:00
0.0308,0.0044,0.044000000000000004,2023-11-17,2023-11-17 00:00:00,1.4123376623376624,-0.7530864197530865,0.14084507042253522,Aqua,00:00:00
0.032100000000000004,0.0023,0.0425,2023-11-20,2023-11-20 00:00:00,1.3406940063091484,-0.8647058823529411,0.07255520504731862,Aqua,00:00:00
0.038400000000000004,0.001,0.0548,2023-11-21,2023-11-21 00:00:00,1.4561855670103092,-0.949238578680203,0.026041666666666664,Aqua,00:00:00
0.0824,0.0409,0.09570000000000001,2023-11-23,2023-11-23 00:00:00,1.1950207468879668,-0.34085414987912976,0.4915865384615384,Aqua,00:00:00
0.0371,0.0045000000000000005,0.0494,2023-11-24,2023-11-24 00:00:00,1.2999999999999998,-0.7777777777777777,0.125,Aqua,00:00:00
0.0364,0.0017000000000000001,0.05,2023-11-25,2023-11-25 00:00:00,1.3597883597883598,-0.9090909090909091,0.047619047619047616,Aqua,00:00:00
0.038,0.0023,0.0505,2023-11-26,2023-11-26 00:00:00,1.335,-0.8912529550827422,0.057499999999999996,Aqua,00:00:00
0.0354,0.0044,0.0458,2023-11-27,2023-11-27 00:00:00,1.2988505747126435,-0.7744360902255638,0.12711864406779663,Aqua,00:00:00
0.0446,0.0029000000000000002,0.061700000000000005,2023-11-28,2023-11-28 00:00:00,1.3678571428571429,-0.875,0.06666666666666667,Aqua,00:00:00
0.061900000000000004,0.013000000000000001,0.0834,2023-12-12,2023-12-12 00:00:00,1.3214862681744748,-0.6528704939919893,0.210016155088853,Aqua,00:00:00
0.0402,0.0044,0.056400000000000006,2023-12-16,2023-12-16 00:00:00,1.3953488372093021,-0.8,0.11111111111111109,Aqua,00:00:00
0.0509,0.0092,0.0693,2024-01-05,2024-01-05 00:00:00,1.3622047244094486,-0.696160267111853,0.17913385826771652,Aqua,00:00:00
0.0366,0.0106,0.0509,2024-01-06,2024-01-06 00:00:00,1.364406779661017,-0.5508474576271187,0.2896174863387978,Aqua,00:00:00
0.0579,0.011000000000000001,0.0781,2024-01-29,2024-01-29 00:00:00,1.3546099290780143,-0.6763848396501457,0.19304347826086957,Aqua,00:00:00
0.068,0.019200000000000002,0.0752,2024-02-03,2024-02-03 00:00:00,1.0987124463519313,-0.5611428571428572,0.28111273792093705,Aqua,00:00:00
0.065,0.0235,0.0786,2024-02-11,2024-02-11 00:00:00,1.2092307692307693,-0.46892655367231645,0.36153846153846153,Aqua,00:00:00
0.053700000000000005,0.0122,0.06760000000000001,2024-02-13,2024-02-13 00:00:00,1.2333333333333334,-0.6253869969040248,0.23047619047619047,Aqua,00:00:00
0.07540000000000001,0.027600000000000003,0.10110000000000001,2024-02-22,2024-02-22 00:00:00,1.328804347826087,-0.46407766990291266,0.3660477453580902,Aqua,00:00:00
0.0558,0.0198,0.0738,2024-02-23,2024-02-23 00:00:00,1.3225225225225226,-0.4747736093143595,0.356140350877193,Aqua,00:00:00
0.0724,0.024900000000000002,0.0994,2024-02-24,2024-02-24 00:00:00,1.3798342541436464,-0.48822927328556803,0.343878954607978,Aqua,00:00:00
0.0811,0.0465,0.0975,2024-03-01,2024-03-01 00:00:00,1.2022194821208385,-0.30184804928131415,0.5362776025236593,Aqua,00:00:00
0.076,0.0323,0.09580000000000001,2024-03-06,2024-03-06 00:00:00,1.2513157894736844,-0.4067952249770432,0.4216710182767624,Aqua,00:00:00
0.0889,0.042100000000000005,0.11460000000000001,2024-03-07,2024-03-07 00:00:00,1.2890888638920135,-0.35725190839694654,0.4735658042744657,Aqua,00:00:00
0.0606,0.0234,0.0789,2024-03-08,2024-03-08 00:00:00,1.297029702970297,-0.4445768772348033,0.3844884488448845,Aqua,00:00:00
0.0777,0.028300000000000002,0.0998,2024-03-12,2024-03-12 00:00:00,1.2791293213828425,-0.4680451127819548,0.3623559539052497,Aqua,00:00:00
0.0524,0.013600000000000001,0.06420000000000001,2024-03-13,2024-03-13 00:00:00,1.233009708737864,-0.5861027190332325,0.26095238095238094,Aqua,00:00:00
0.0713,0.024200000000000003,0.0913,2024-03-14,2024-03-14 00:00:00,1.284900284900285,-0.4883227176220808,0.3437945791726105,Aqua,00:00:00
0.0507,0.011600000000000001,0.0629,2024-03-15,2024-03-15 00:00:00,1.2510204081632652,-0.6258064516129033,0.23015873015873017,Aqua,00:00:00
0.053700000000000005,0.0125,0.0695,2024-03-16,2024-03-16 00:00:00,1.2921348314606742,-0.6248108925869894,0.2309124767225326,Aqua,00:00:00
0.0631,0.0281,0.0789,2024-03-18,2024-03-18 00:00:00,1.2503961965134707,-0.37931034482758613,0.45,Aqua,00:00:00
0.0558,0.012400000000000001,0.0742,2024-03-19,2024-03-19 00:00:00,1.3018867924528301,-0.6363636363636362,0.22222222222222224,Aqua,00:00:00
0.0737,0.0216,0.0952,2024-03-24,2024-03-24 00:00:00,1.3102529960053262,-0.5438972162740899,0.29542302357836336,Aqua,00:00:00
0.0695,0.0184,0.0906,2024-03-25,2024-03-25 00:00:00,1.303597122302158,-0.5813424345847554,0.2647482014388489,Aqua,00:00:00
0.0752,0.0206,0.09430000000000001,2024-03-26,2024-03-26 00:00:00,1.2724505327245053,-0.566289825282631,0.2769028871391076,Aqua,00:00:00
0.09140000000000001,0.0407,0.1053,2024-03-31,2024-03-31 00:00:00,1.1707006369426753,-0.38380015140045426,0.4452954048140043,Aqua,00:00:00
0.0538,0.0077,0.0637,2024-04-01,2024-04-01 00:00:00,1.1823104693140793,-0.746031746031746,0.14545454545454545,Aqua,00:00:00
0.0675,0.0162,0.082,2024-04-04,2024-04-04 00:00:00,1.2148148148148148,-0.6120481927710842,0.24065769805680118,Aqua,00:00:00
0.08420000000000001,0.0317,0.09960000000000001,2024-04-05,2024-04-05 00:00:00,1.17936694021102,-0.45439045183290705,0.37514654161781946,Aqua,00:00:00
0.0719,0.0378,0.08850000000000001,2024-04-09,2024-04-09 00:00:00,1.2329545454545454,-0.3112947658402205,0.5252100840336134,Aqua,00:00:00
0.0551,0.0092,0.0751,2024-04-10,2024-04-10 00:00:00,1.3594306049822065,-0.7123287671232875,0.168,Aqua,00:00:00
0.056,0.011600000000000001,0.0762,2024-04-11,2024-04-11 00:00:00,1.3594306049822065,-0.6467153284671533,0.21453900709219859,Aqua,00:00:00
0.050100000000000006,0.0079,0.0698,2024-04-15,2024-04-15 00:00:00,1.3870333988212182,-0.726027397260274,0.15873015873015872,Aqua,00:00:00
0.058800000000000005,0.0151,0.08,2024-04-17,2024-04-17 00:00:00,1.328,-0.5994694960212201,0.2504145936981758,Aqua,00:00:00
0.047,0.0073,0.0656,2024-04-18,2024-04-18 00:00:00,1.3909287257019438,-0.7313974591651543,0.15513626834381553,Aqua,00:00:00
0.0582,0.010100000000000001,0.0819,2024-04-19,2024-04-19 00:00:00,1.4072072072072073,-0.6951219512195121,0.17985611510791366,Aqua,00:00:00
0.0499,0.020300000000000002,0.0675,2024-04-28,2024-04-28 00:00:00,1.3527054108216434,-0.4216524216524216,0.40681362725450904,Aqua,00:00:00
0.0563,0.0135,0.07680000000000001,2024-04-30,2024-04-30 00:00:00,1.3652173913043477,-0.6039051603905161,0.24695652173913044,Aqua,00:00:00
0.058800000000000005,0.015000000000000001,0.079,2024-05-02,2024-05-02 00:00:00,1.3279483037156705,-0.5934959349593496,0.25510204081632654,Aqua,00:00:00
0.0572,0.0212,0.07300000000000001,2024-05-07,2024-05-07 00:00:00,1.2762237762237765,-0.46570397111913353,0.3645320197044335,Aqua,00:00:00
0.061500000000000006,0.0166,0.0813,2024-05-08,2024-05-08 00:00:00,1.299382716049383,-0.5691489361702128,0.2745762711864406,Aqua,00:00:00
0.044000000000000004,0.007,0.0606,2024-05-09,2024-05-09 00:00:00,1.3668376068376067,-0.7265625,0.1583710407239819,Aqua,00:00:00
0.0427,0.0074,0.0584,2024-05-10,2024-05-10 00:00:00,1.3676814988290398,-0.7045908183632733,0.17330210772833723,Aqua,00:00:00
0.0463,0.008,0.0639,2024-05-11,2024-05-11 00:00:00,1.386813186813187,-0.701195219123506,0.1756440281030445,Aqua,00:00:00
0.0426,0.0086,0.0579,2024-05-12,2024-05-12 00:00:00,1.3687943262411346,-0.6640316205533597,0.2019002375296912,Aqua,00:00:00
0.0483,0.0109,0.0666,2024-05-13,2024-05-13 00:00:00,1.3821656050955413,-0.634517766497462,0.2236024844720497,Aqua,00:00:00
0.0367,0.0054,0.046900000000000004,2024-05-14,2024-05-14 00:00:00,1.2938144329896908,-0.7453703703703705,0.14588859416445624,Aqua,00:00:00
0.053200000000000004,0.0235,0.06810000000000001,2024-05-15,2024-05-15 00:00:00,1.256554307116105,-0.3888166449934981,0.44007490636704116,Aqua,00:00:00
0.0471,0.0143,0.059500000000000004,2024-05-17,2024-05-17 00:00:00,1.259713701431493,-0.5387096774193548,0.29979035639413,Aqua,00:00:00
0.0419,0.0097,0.053000000000000005,2024-05-19,2024-05-19 00:00:00,1.2559241706161137,-0.626204238921002,0.22985781990521326,Aqua,00:00:00
0.06620000000000001,0.026500000000000003,0.08370000000000001,2024-05-20,2024-05-20 00:00:00,1.2679938744257275,-0.42949407965554354,0.3990963855421687,Aqua,00:00:00
0.059800000000000006,0.032100000000000004,0.0714,2024-05-21,2024-05-21 00:00:00,1.2194744976816072,-0.3029315960912052,0.535,Aqua,00:00:00
0.0468,0.0112,0.056900000000000006,2024-05-22,2024-05-22 00:00:00,1.215811965811966,-0.613240418118467,0.23974082073434125,Aqua,00:00:00
0.047,0.0106,0.061200000000000004,2024-05-23,2024-05-23 00:00:00,1.2934131736526944,-0.6164383561643835,0.23728813559322032,Aqua,00:00:00
0.0392,0.0092,0.0506,2024-05-26,2024-05-26 00:00:00,1.2908163265306123,-0.6213991769547326,0.23350253807106597,Aqua,00:00:00
0.0472,0.0143,0.0614,2024-05-27,2024-05-27 00:00:00,1.3008474576271187,-0.5349593495934959,0.3029661016949153,Aqua,00:00:00
0.055900000000000005,0.0368,0.0668,2024-05-29,2024-05-29 00:00:00,1.1843853820598007,-0.20604099244875948,0.6583184257602862,Aqua,00:00:00
0.0316,0.007200000000000001,0.039400000000000004,2024-05-31,2024-05-31 00:00:00,1.2616487455197132,-0.6439024390243903,0.21661721068249257,Aqua,00:00:00
0.0318,0.0044,0.0437,2024-06-05,2024-06-05 00:00:00,1.367283950617284,-0.7580645161290323,0.13761467889908258,Aqua,00:00:00
0.0347,0.0083,0.048400000000000006,2024-06-06,2024-06-06 00:00:00,1.4011627906976745,-0.6120092378752886,0.24068767908309457,Aqua,00:00:00
0.032600000000000004,0.008,0.0448,2024-06-07,2024-06-07 00:00:00,1.3902439024390243,-0.5970149253731344,0.2523364485981308,Aqua,00:00:00
0.0505,0.0236,0.0668,2024-06-08,2024-06-08 00:00:00,1.3227722772277226,-0.36302294197031043,0.4673267326732673,Aqua,00:00:00
0.027200000000000002,0.005,0.040100000000000004,2024-06-10,2024-06-10 00:00:00,1.4761904761904763,-0.6904024767801857,0.18315018315018314,Aqua,00:00:00
0.029400000000000003,0.007500000000000001,0.043500000000000004,2024-06-11,2024-06-11 00:00:00,1.4795918367346939,-0.5936675461741424,0.25496688741721857,Aqua,00:00:00
0.0238,0.0051,0.0354,2024-06-12,2024-06-12 00:00:00,1.478813559322034,-0.6559139784946237,0.20779220779220778,Aqua,00:00:00
0.0315,0.0134,0.048100000000000004,2024-06-13,2024-06-13 00:00:00,1.5203761755485892,-0.4031180400890868,0.4253968253968254,Aqua,00:00:00
0.0663,0.061200000000000004,0.0791,2024-06-15,2024-06-15 00:00:00,1.1930618401206639,-0.039999999999999945,0.9230769230769231,Aqua,00:00:00
0.0258,0.0061,0.0388,2024-06-17,2024-06-17 00:00:00,1.5212355212355213,-0.6139240506329113,0.23921568627450981,Aqua,00:00:00
0.029300000000000003,0.019100000000000002,0.0442,2024-06-18,2024-06-18 00:00:00,1.5102739726027397,-0.20746887966804972,0.6563573883161513,Aqua,00:00:00
0.0261,0.0097,0.0369,2024-06-19,2024-06-19 00:00:00,1.4625,-0.46745562130177515,0.3629032258064516,Aqua,00:00:00
0.0307,0.021400000000000002,0.045700000000000005,2024-06-21,2024-06-21 00:00:00,1.5050167224080269,-0.17214700193423593,0.7062706270627064,Aqua,00:00:00
0.027700000000000002,0.0089,0.0424,2024-06-22,2024-06-22 00:00:00,1.520912547528517,-0.518324607329843,0.3172413793103448,Aqua,00:00:00
0.026600000000000002,0.007,0.042800000000000005,2024-06-23,2024-06-23 00:00:00,1.5942028985507246,-0.5783132530120483,0.26717557251908397,Aqua,00:00:00
0.0246,0.008,0.0367,2024-06-24,2024-06-24 00:00:00,1.4881889763779526,-0.5120481927710844,0.32270916334661354,Aqua,00:00:00
0.024800000000000003,0.023,0.0456,2024-06-26,2024-06-26 00:00:00,1.854838709677419,-0.03765690376569044,0.9274193548387095,Aqua,00:00:00
0.022000000000000002,0.0182,0.0298,2024-06-27,2024-06-27 00:00:00,1.3727272727272726,-0.0737913486005089,0.8625592417061612,Aqua,00:00:00
0.0233,0.0129,0.0342,2024-06-28,2024-06-28 00:00:00,1.4780701754385965,-0.27323943661971833,0.5707964601769911,Aqua,00:00:00
0.049600000000000005,0.033600000000000005,0.063,2024-07-01,2024-07-01 00:00:00,1.2701612903225805,-0.19789473684210532,0.6695957820738137,Aqua,00:00:00
0.025900000000000003,0.0066,0.0393,2024-07-02,2024-07-02 00:00:00,1.5173745173745172,-0.593846153846154,0.2548262548262548,Aqua,00:00:00
0.0258,0.013900000000000001,0.0379,2024-07-04,2024-07-04 00:00:00,1.4777327935222675,-0.29974811083123426,0.5387596899224807,Aqua,00:00:00
0.0262,0.0103,0.0436,2024-07-05,2024-07-05 00:00:00,1.6420233463035019,-0.42777777777777776,0.40077821011673154,Aqua,00:00:00
0.025,0.0108,0.0402,2024-07-06,2024-07-06 00:00:00,1.610894941634241,-0.3742690058479532,0.45531914893617026,Aqua,00:00:00
0.0307,0.016900000000000002,0.0473,2024-07-07,2024-07-07 00:00:00,1.5580645161290323,-0.2731182795698925,0.5709459459459459,Aqua,00:00:00
0.0273,0.0068000000000000005,0.049300000000000004,2024-07-09,2024-07-09 00:00:00,1.7859922178988328,-0.6011730205278591,0.2490842490842491,Aqua,00:00:00
0.0145,0.0014,0.0324,2024-07-10,2024-07-10 00:00:00,2.2344827586206892,-0.8238993710691824,0.09655172413793103,Aqua,00:00:00
0.0339,0.0148,0.052500000000000005,2024-07-11,2024-07-11 00:00:00,1.5415472779369628,-0.40667976424361485,0.42178770949720673,Aqua,00:00:00
0.019,0.0063,0.041100000000000005,2024-07-12,2024-07-12 00:00:00,2.1631578947368424,-0.3961538461538461,0.4325068870523417,Aqua,00:00:00
0.0753,0.0584,0.0969,2024-07-13,2024-07-13 00:00:00,1.2868525896414342,-0.12640239341810025,0.7755644090305445,Aqua,00:00:00
0.0367,0.0165,0.0651,2024-07-15,2024-07-15 00:00:00,1.776566757493188,-0.37969924812030076,0.44959128065395093,Aqua,00:00:00
0.0362,0.016900000000000002,0.0608,2024-07-16,2024-07-16 00:00:00,1.6727748691099473,-0.3672727272727272,0.46276595744680854,Aqua,00:00:00
0.0287,0.0128,0.057300000000000004,2024-07-17,2024-07-17 00:00:00,1.9581881533101047,-0.40045766590389015,0.42810457516339867,Aqua,00:00:00
0.028,0.008,0.0506,2024-07-18,2024-07-18 00:00:00,1.7781954887218043,-0.5617977528089888,0.2805755395683453,Aqua,00:00:00
0.0318,0.0128,0.0562,2024-07-19,2024-07-19 00:00:00,1.7781250000000002,-0.43107221006564544,0.3975535168195719,Aqua,00:00:00
0.0369,0.0165,0.059300000000000005,2024-07-21,2024-07-21 00:00:00,1.5840220385674932,-0.3854545454545454,0.4435695538057743,Aqua,00:00:00
0.0128,0.001,0.033,2024-07-22,2024-07-22 00:00:00,2.578125,-0.8701298701298702,0.06944444444444443,Aqua,00:00:00
0.0328,0.013800000000000002,0.052500000000000005,2024-07-23,2024-07-23 00:00:00,1.6158536585365855,-0.401673640167364,0.426865671641791,Aqua,00:00:00
0.0528,0.0461,0.0767,2024-07-25,2024-07-25 00:00:00,1.4526515151515151,-0.0755711775043937,0.8594771241830065,Aqua,00:00:00
0.037000000000000005,0.0184,0.0577,2024-07-26,2024-07-26 00:00:00,1.5722070844686646,-0.3321234119782215,0.5013623978201635,Aqua,00:00:00
0.030600000000000002,0.0126,0.0523,2024-07-28,2024-07-28 00:00:00,1.7046979865771814,-0.41743119266055045,0.41100323624595475,Aqua,00:00:00
0.029500000000000002,0.0103,0.046700000000000005,2024-07-30,2024-07-30 00:00:00,1.5498154981549814,-0.4898989898989899,0.34237288135593225,Aqua,00:00:00
0.0368,0.015600000000000001,0.0596,2024-07-31,2024-07-31 00:00:00,1.5835543766578248,-0.4172932330827068,0.4111405835543766,Aqua,00:00:00
0.014100000000000001,0.00030000000000000003,0.033600000000000005,2024-08-01,2024-08-01 00:00:00,2.382978723404255,-0.9583333333333334,0.02127659574468085,Aqua,00:00:00
0.0436,0.0193,0.0645,2024-08-04,2024-08-04 00:00:00,1.4758454106280194,-0.3896103896103897,0.4392523364485981,Aqua,00:00:00
0.0304,0.01,0.0494,2024-08-05,2024-08-05 00:00:00,1.65359477124183,-0.5110024449877751,0.32362459546925565,Aqua,00:00:00
0.0451,0.0181,0.06670000000000001,2024-08-06,2024-08-06 00:00:00,1.507760532150776,-0.41867469879518077,0.40976645435244163,Aqua,00:00:00
0.0049,0.0025,0.0057,2024-08-09,2024-08-09 00:00:00,1.1632653061224492,-0.3243243243243243,0.5102040816326531,Aqua,00:00:00
0.029900000000000003,0.0115,0.0482,2024-08-10,2024-08-10 00:00:00,1.612040133779264,-0.42569269521410585,0.4028268551236749,Aqua,00:00:00
0.0211,0.004,0.040100000000000004,2024-08-11,2024-08-11 00:00:00,1.8632478632478633,-0.5348837209302325,0.30303030303030304,Aqua,00:00:00
0.022000000000000002,0.0061,0.0383,2024-08-12,2024-08-12 00:00:00,1.7442922374429226,-0.5714285714285714,0.2727272727272727,Aqua,00:00:00
0.0268,0.0071,0.049800000000000004,2024-08-13,2024-08-13 00:00:00,1.848708487084871,-0.5805471124620061,0.2653846153846154,Aqua,00:00:00
0.0205,0.0059,0.046,2024-08-15,2024-08-15 00:00:00,2.24390243902439,-0.5530303030303031,0.28780487804878047,Aqua,00:00:00
0.041100000000000005,0.0172,0.0639,2024-08-16,2024-08-16 00:00:00,1.554744525547445,-0.40994854202401376,0.4184914841849148,Aqua,00:00:00
0.06330000000000001,0.0427,0.0826,2024-08-18,2024-08-18 00:00:00,1.3048973143759872,-0.19433962264150947,0.6745655608214849,Aqua,00:00:00
0.0442,0.0176,0.07010000000000001,2024-08-24,2024-08-24 00:00:00,1.5859728506787332,-0.4385382059800665,0.3903002309468822,Aqua,00:00:00
0.036000000000000004,0.007200000000000001,0.0646,2024-08-25,2024-08-25 00:00:00,1.788732394366197,-0.6689655172413793,0.19834710743801656,Aqua,00:00:00
0.025400000000000002,0.0041,0.0455,2024-08-26,2024-08-26 00:00:00,1.8385826771653544,-0.7220338983050848,0.16141732283464566,Aqua,00:00:00
0.0309,0.0066,0.0512,2024-08-27,2024-08-27 00:00:00,1.6763754045307444,-0.6358839050131926,0.22258064516129034,Aqua,00:00:00
0.047,0.0201,0.0674,2024-08-28,2024-08-28 00:00:00,1.4217557251908395,-0.4140302613480055,0.41439688715953304,Aqua,00:00:00
0.0297,0.005,0.049600000000000005,2024-08-29,2024-08-29 00:00:00,1.6146179401993357,-0.7167630057803469,0.16498316498316498,Aqua,00:00:00
0.0409,0.0091,0.0674,2024-08-30,2024-08-30 00:00:00,1.645476772616137,-0.6392785571142284,0.22004889975550126,Aqua,00:00:00
0.033,0.0083,0.0538,2024-08-31,2024-08-31 00:00:00,1.6727272727272728,-0.5970149253731344,0.2523364485981308,Aqua,00:00:00
0.0455,0.011300000000000001,0.0729,2024-09-01,2024-09-01 00:00:00,1.6087912087912088,-0.6057347670250895,0.2455357142857143,Aqua,00:00:00
0.0461,0.020200000000000003,0.06620000000000001,2024-09-02,2024-09-02 00:00:00,1.420824295010846,-0.39064856711915535,0.438177874186551,Aqua,00:00:00
0.0354,0.0073,0.058600000000000006,2024-09-03,2024-09-03 00:00:00,1.6557377049180328,-0.65807962529274,0.2062146892655367,Aqua,00:00:00
0.025400000000000002,0.0001,0.047400000000000005,2024-09-04,2024-09-04 00:00:00,1.8661417322834646,-0.9921568627450981,0.003937007874015748,Aqua,00:00:00
0.050300000000000004,0.0188,0.0718,2024-09-08,2024-09-08 00:00:00,1.4189723320158103,-0.45821325648414973,0.3715415019762846,Aqua,00:00:00
0.0251,0.0044,0.0426,2024-09-12,2024-09-12 00:00:00,1.7045454545454548,-0.7024221453287196,0.17479674796747968,Aqua,00:00:00
0.043300000000000005,0.023700000000000002,0.060000000000000005,2024-09-13,2024-09-13 00:00:00,1.3856812933025404,-0.29253731343283584,0.5473441108545034,Aqua,00:00:00
0.037700000000000004,0.0122,0.0603,2024-09-18,2024-09-18 00:00:00,1.59946949602122,-0.5110220440881763,0.3236074270557029,Aqua,00:00:00
0.0274,0.0039000000000000003,0.046200000000000005,2024-09-20,2024-09-20 00:00:00,1.6881720430107527,-0.7492537313432837,0.14334470989761092,Aqua,00:00:00
0.041800000000000004,0.0094,0.0636,2024-09-21,2024-09-21 00:00:00,1.5215311004784688,-0.6353166986564299,0.22300469483568075,Aqua,00:00:00
0.027700000000000002,0.0045000000000000005,0.0439,2024-09-22,2024-09-22 00:00:00,1.510204081632653,-0.7295597484276729,0.15636363636363637,Aqua,00:00:00
0.0415,0.006200000000000001,0.06430000000000001,2024-09-23,2024-09-23 00:00:00,1.5531400966183577,-0.7364016736401674,0.15180722891566265,Aqua,00:00:00
0.0431,0.0179,0.0609,2024-09-24,2024-09-24 00:00:00,1.4129930394431556,-0.4131147540983607,0.4153132250580046,Aqua,00:00:00
0.0356,0.005,0.055,2024-09-26,2024-09-26 00:00:00,1.5449438202247192,-0.75669099756691,0.13850415512465375,Aqua,00:00:00
0.0251,0.003,0.0388,2024-09-27,2024-09-27 00:00:00,1.544,-0.7879858657243817,0.11857707509881424,Aqua,00:00:00
0.0415,0.007200000000000001,0.0631,2024-09-28,2024-09-28 00:00:00,1.5238095238095237,-0.7024793388429753,0.17475728155339806,Aqua,00:00:00
0.0274,0.0045000000000000005,0.041,2024-09-29,2024-09-29 00:00:00,1.4945454545454546,-0.7169230769230769,0.16487455197132617,Aqua,00:00:00
0.028800000000000003,0.0048000000000000004,0.0415,2024-09-30,2024-09-30 00:00:00,1.4212328767123288,-0.719626168224299,0.16304347826086957,Aqua,00:00:00
0.034,0.0035,0.0507,2024-10-01,2024-10-01 00:00:00,1.5014409221902016,-0.8133333333333332,0.10294117647058823,Aqua,00:00:00
0.024900000000000002,0.003,0.0391,2024-10-02,2024-10-02 00:00:00,1.5527426160337552,-0.785234899328859,0.12030075187969924,Aqua,00:00:00
0.0373,0.0047,0.057800000000000004,2024-10-03,2024-10-03 00:00:00,1.5218508997429305,-0.7788235294117646,0.12433862433862435,Aqua,00:00:00
0.027200000000000002,0.0059,0.04,2024-10-04,2024-10-04 00:00:00,1.4645390070921986,-0.6391437308868502,0.22014925373134328,Aqua,00:00:00
0.0246,0.0034000000000000002,0.0397,2024-10-07,2024-10-07 00:00:00,1.6276150627615065,-0.7543859649122807,0.13999999999999999,Aqua,00:00:00
0.035300000000000005,0.0046,0.056900000000000006,2024-10-08,2024-10-08 00:00:00,1.6445086705202314,-0.7694235588972431,0.13031161473087816,Aqua,00:00:00
0.038400000000000004,0.0058000000000000005,0.0582,2024-10-13,2024-10-13 00:00:00,1.5234375,-0.727069351230425,0.15803108808290156,Aqua,00:00:00
0.0244,0.004200000000000001,0.0392,2024-10-14,2024-10-14 00:00:00,1.5508474576271187,-0.7062937062937064,0.17213114754098363,Aqua,00:00:00
0.0351,0.01,0.0506,2024-10-17,2024-10-17 00:00:00,1.4415954415954415,-0.56,0.2820512820512821,Aqua,00:00:00
0.029500000000000002,0.0029000000000000002,0.049600000000000005,2024-10-18,2024-10-18 00:00:00,1.7023411371237456,-0.8092105263157895,0.10545454545454547,Aqua,00:00:00
0.0196,0.0019,0.034800000000000005,2024-10-24,2024-10-24 00:00:00,1.7438423645320196,-0.8190476190476191,0.09947643979057591,Aqua,00:00:00
0.0239,0.004200000000000001,0.0405,2024-10-26,2024-10-26 00:00:00,1.7130801687763713,-0.6989966555183946,0.17716535433070865,Aqua,00:00:00
0.022000000000000002,0.0036000000000000003,0.0378,2024-10-29,2024-10-29 00:00:00,1.71689497716895,-0.7132352941176471,0.16738197424892703,Aqua,00:00:00
0.027,0.0041,0.042800000000000005,2024-11-03,2024-11-03 00:00:00,1.5962962962962963,-0.7363344051446946,0.15185185185185188,Aqua,00:00:00
0.0246,0.0004,0.0386,2024-11-06,2024-11-06 00:00:00,1.5975609756097562,-0.968,0.016260162601626018,Aqua,00:00:00
0.028,0.0007,0.045200000000000004,2024-11-07,2024-11-07 00:00:00,1.7153846153846153,-0.949820788530466,0.025735294117647058,Aqua,00:00:00
0.0354,0.0078000000000000005,0.056,2024-11-15,2024-11-15 00:00:00,1.565459610027855,-0.6326530612244898,0.225,Aqua,00:00:00
0.0776,0.014100000000000001,0.1072,2024-11-26,2024-11-26 00:00:00,1.3814432989690721,-0.690631808278867,0.1829896907216495,Aqua,00:00:00
0.037200000000000004,0.0079,0.0524,2024-12-03,2024-12-03 00:00:00,1.4086021505376343,-0.6389548693586699,0.22028985507246374,Aqua,00:00:00
0.042300000000000004,0.0054,0.0546,2024-12-04,2024-12-04 00:00:00,1.283482142857143,-0.7676537585421412,0.13144329896907217,Aqua,00:00:00
0.031200000000000002,0.0032,0.0461,2024-12-08,2024-12-08 00:00:00,1.4804804804804805,-0.8086419753086419,0.10580204778156997,Aqua,00:00:00
0.0361,0.0034000000000000002,0.0465,2024-12-09,2024-12-09 00:00:00,1.2948328267477205,-0.8126721763085399,0.10334346504559272,Aqua,00:00:00
0.0727,0.0426,0.09090000000000001,2024-12-18,2024-12-18 00:00:00,1.2646239554317549,-0.2461951656222023,0.6048850574712644,Aqua,00:00:00
0.0236,0.0031000000000000003,0.0373,2025-01-09,2025-01-09 00:00:00,1.6577777777777776,-0.7674418604651163,0.13157894736842105,Aqua,00:00:00
0.031100000000000003,0.0054,0.0309,2025-01-11,2025-01-11 00:00:00,1.0378006872852235,-0.6982097186700768,0.17771084337349397,Aqua,00:00:00
0.0345,0.0078000000000000005,0.0526,2025-01-12,2025-01-12 00:00:00,1.493421052631579,-0.6170212765957446,0.2368421052631579,Aqua,00:00:00
0.0287,0.0023,0.0459,2025-01-15,2025-01-15 00:00:00,1.540268456375839,-0.8491803278688524,0.08156028368794326,Aqua,00:00:00
0.0252,0.0045000000000000005,0.0334,2025-01-16,2025-01-16 00:00:00,1.2857142857142856,-0.6917562724014336,0.1822033898305085,Aqua,00:00:00
0.026600000000000002,0.0047,0.0412,2025-01-18,2025-01-18 00:00:00,1.5671641791044777,-0.6969696969696969,0.17857142857142858,Aqua,00:00:00
0.025900000000000003,0.0037,0.0351,2025-01-19,2025-01-19 00:00:00,1.3559999999999999,-0.7500000000000001,0.14285714285714285,Aqua,00:00:00
0.0267,0.0033,0.0369,2025-01-20,2025-01-20 00:00:00,1.3820224719101124,-0.7857142857142857,0.12,Aqua,00:00:00
0.0439,0.0148,0.0621,2025-01-21,2025-01-21 00:00:00,1.4028776978417266,-0.49745331069609505,0.3356009070294785,Aqua,00:00:00
0.027200000000000002,0.0031000000000000003,0.0506,2025-01-22,2025-01-22 00:00:00,1.8446866485013624,-0.7953795379537955,0.11397058823529412,Aqua,00:00:00
0.0302,0.0067,0.0417,2025-01-24,2025-01-24 00:00:00,1.380794701986755,-0.6368563685636855,0.22185430463576158,Aqua,00:00:00
0.038700000000000005,0.0082,0.0557,2025-01-25,2025-01-25 00:00:00,1.4392764857881135,-0.6604554865424431,0.20448877805486285,Aqua,00:00:00
0.0368,0.0115,0.0506,2025-01-26,2025-01-26 00:00:00,1.3715083798882683,-0.5258964143426295,0.31070496083550914,Aqua,00:00:00
0.024800000000000003,0.0061,0.0434,2025-02-25,2025-02-25 00:00:00,1.7499999999999998,-0.605177993527508,0.24596774193548387,Aqua,00:00:00
0.0273,0.0059,0.0475,2025-02-26,2025-02-26 00:00:00,1.73992673992674,-0.6445783132530121,0.2161172161172161,Aqua,00:00:00
0.0212,0.0039000000000000003,0.036500000000000005,2025-02-28,2025-02-28 00:00:00,1.7216981132075473,-0.6892430278884462,0.1839622641509434,Aqua,00:00:00
0.0302,0.006200000000000001,0.0509,2025-03-03,2025-03-03 00:00:00,1.6866666666666665,-0.6620498614958449,0.20333333333333334,Aqua,00:00:00
0.0437,0.0129,0.0665,2025-03-06,2025-03-06 00:00:00,1.5183486238532111,-0.5488454706927175,0.2912844036697248,Aqua,00:00:00
0.036000000000000004,0.016300000000000002,0.052000000000000005,2025-03-07,2025-03-07 00:00:00,1.4920634920634923,-0.3713163064833006,0.4584527220630373,Aqua,00:00:00
0.0285,0.0071,0.0414,2025-03-08,2025-03-08 00:00:00,1.4680851063829785,-0.5963302752293579,0.2528735632183908,Aqua,00:00:00
0.0303,0.0051,0.0504,2025-03-24,2025-03-24 00:00:00,1.6633663366336633,-0.711864406779661,0.16831683168316833,Aqua,00:00:00
0.067,0.0335,0.08900000000000001,2025-03-29,2025-03-29 00:00:00,1.3328358208955224,-0.3333333333333333,0.5,Aqua,00:00:00
0.066,0.033100000000000004,0.0702,2025-03-30,2025-03-30 00:00:00,1.0636363636363635,-0.33333333333333337,0.5,Aqua,00:00:00
0.0476,0.0152,0.0653,2025-04-02,2025-04-02 00:00:00,1.375,-0.5201288244766504,0.3156779661016949,Aqua,00:00:00
0.0567,0.0251,0.0748,2025-04-03,2025-04-03 00:00:00,1.3280423280423281,-0.370417193426043,0.45940959409594095,Aqua,00:00:00
0.029500000000000002,0.0081,0.037700000000000004,2025-04-04,2025-04-04 00:00:00,1.2915254237288136,-0.5687203791469195,0.27492447129909364,Aqua,00:00:00
0.049300000000000004,0.0207,0.0639,2025-04-10,2025-04-10 00:00:00,1.3154639175257734,-0.40579710144927533,0.422680412371134,Aqua,00:00:00
0.035300000000000005,0.0123,0.046200000000000005,2025-04-12,2025-04-12 00:00:00,1.2864864864864864,-0.4831932773109245,0.348441926345609,Aqua,00:00:00
0.04,0.0137,0.0519,2025-04-13,2025-04-13 00:00:00,1.2975,-0.48975791433891996,0.3425,Aqua,00:00:00
0.0273,0.0063,0.0334,2025-04-14,2025-04-14 00:00:00,1.2455516014234878,-0.6222910216718266,0.23282442748091603,Aqua,00:00:00
0.0458,0.0286,0.0489,2025-04-16,2025-04-16 00:00:00,1.0723684210526314,-0.2262773722627737,0.6309523809523809,Aqua,00:00:00
0.0281,0.0057,0.0361,2025-04-17,2025-04-17 00:00:00,1.2711267605633803,-0.6581196581196582,0.20618556701030927,Aqua,00:00:00
0.061200000000000004,0.0374,0.0694,2025-04-18,2025-04-18 00:00:00,1.1252006420545748,-0.24974924774322965,0.6003210272873195,Aqua,00:00:00
0.029500000000000002,0.0098,0.0366,2025-04-20,2025-04-20 00:00:00,1.2508474576271187,-0.5051020408163266,0.3288135593220339,Aqua,00:00:00
0.0341,0.013300000000000001,0.041100000000000005,2025-04-21,2025-04-21 00:00:00,1.211143695014663,-0.41320293398533003,0.41522491349480967,Aqua,00:00:00
0.0661,0.039400000000000004,0.07740000000000001,2025-04-23,2025-04-23 00:00:00,1.1709531013615735,-0.25308056872037915,0.5960665658093798,Aqua,00:00:00
0.0281,0.0082,0.035300000000000005,2025-04-27,2025-04-27 00:00:00,1.2661870503597121,-0.5482093663911847,0.2918149466192171,Aqua,00:00:00
0.0502,0.0378,0.0594,2025-04-30,2025-04-30 00:00:00,1.170873786407767,-0.14090909090909093,0.7529880478087649,Aqua,00:00:00
0.0373,0.023100000000000002,0.0431,2025-05-01,2025-05-01 00:00:00,1.1559139784946237,-0.23509933774834432,0.6193029490616623,Aqua,00:00:00
0.0327,0.0143,0.038200000000000005,2025-05-04,2025-05-04 00:00:00,1.1677018633540373,-0.39148936170212767,0.43730886850152906,Aqua,00:00:00
0.1228,0.10790000000000001,0.1252,2025-05-06,2025-05-06 00:00:00,1.019543973941368,-0.06458604247941047,0.8786644951140066,Aqua,00:00:00
0.0449,0.0287,0.0516,2025-05-08,2025-05-08 00:00:00,1.165071770334928,-0.21024258760107814,0.6525612472160357,Aqua,00:00:00
0.0261,0.0088,0.0315,2025-05-10,2025-05-10 00:00:00,1.2468354430379747,-0.4957020057306591,0.3371647509578544,Aqua,00:00:00
0.0335,0.0115,0.041600000000000005,2025-05-12,2025-05-12 00:00:00,1.2388059701492538,-0.48888888888888893,0.34328358208955223,Aqua,00:00:00
0.0974,0.0723,0.1223,2025-05-13,2025-05-13 00:00:00,1.25564681724846,-0.1479080730701237,0.742299794661191,Aqua,00:00:00
0.0436,0.0246,0.05,2025-05-14,2025-05-14 00:00:00,1.146788990825688,-0.27859237536656895,0.5642201834862386,Aqua,00:00:00
0.0268,0.0099,0.0364,2025-05-20,2025-05-20 00:00:00,1.3536121673003803,-0.4575342465753424,0.37218045112781956,Aqua,00:00:00
0.0222,0.006200000000000001,0.0302,2025-05-22,2025-05-22 00:00:00,1.3581395348837209,-0.5649122807017544,0.27802690582959644,Aqua,00:00:00
0.0106,0.0004,0.024900000000000002,2025-05-23,2025-05-23 00:00:00,2.2735849056603774,-0.9266055045871561,0.03809523809523809,Aqua,00:00:00
0.11130000000000001,0.0983,0.12430000000000001,2025-05-26,2025-05-26 00:00:00,1.1170212765957446,-0.06465313827277018,0.8785460992907801,Aqua,00:00:00
0.0219,0.0115,0.031100000000000003,2025-05-27,2025-05-27 00:00:00,1.3972602739726028,-0.2997347480106101,0.5387755102040817,Aqua,00:00:00
0.040100000000000004,0.0257,0.058300000000000005,2025-05-28,2025-05-28 00:00:00,1.4396984924623115,-0.21884498480243167,0.6408977556109725,Aqua,00:00:00
0.0931,0.08750000000000001,0.11510000000000001,2025-05-29,2025-05-29 00:00:00,1.2363050483351237,-0.03100775193798446,0.9398496240601505,Aqua,00:00:00
0.026000000000000002,0.0137,0.0351,2025-05-30,2025-05-30 00:00:00,1.4254385964912282,-0.309823677581864,0.5269230769230769,Aqua,00:00:00
0.037000000000000005,0.025500000000000002,0.0472,2025-06-01,2025-06-01 00:00:00,1.2694444444444444,-0.180952380952381,0.6935483870967741,Aqua,00:00:00
0.0252,0.0085,0.0386,2025-06-02,2025-06-02 00:00:00,1.5098814229249014,-0.4955489614243323,0.3373015873015873,Aqua,00:00:00
0.0303,0.0164,0.0419,2025-06-04,2025-06-04 00:00:00,1.398089171974522,-0.3054393305439331,0.532051282051282,Aqua,00:00:00
0.06430000000000001,0.046400000000000004,0.0804,2025-06-05,2025-06-05 00:00:00,1.2503888024883356,-0.1616982836495032,0.7216174183514774,Aqua,00:00:00
0.0333,0.020200000000000003,0.0434,2025-06-06,2025-06-06 00:00:00,1.3027522935779816,-0.24493554327808476,0.606508875739645,Aqua,00:00:00
0.0297,0.0154,0.0414,2025-06-07,2025-06-07 00:00:00,1.3939393939393938,-0.3200883002207506,0.5150501672240803,Aqua,00:00:00
0.21350000000000002,0.21630000000000002,0.2609,2025-06-08,2025-06-08 00:00:00,1.2220140515222482,0.006514657980456018,1.0131147540983607,Aqua,00:00:00
0.0273,0.0137,0.0357,2025-06-11,2025-06-11 00:00:00,1.3143939393939394,-0.33495145631067963,0.49818181818181817,Aqua,00:00:00
0.0504,0.043300000000000005,0.0661,2025-06-14,2025-06-14 00:00:00,1.3115079365079365,-0.07577374599786547,0.8591269841269842,Aqua,00:00:00
0.037000000000000005,0.0257,0.0495,2025-06-16,2025-06-16 00:00:00,1.3297872340425532,-0.17948717948717946,0.6956521739130436,Aqua,00:00:00
0.0261,0.0222,0.0413,2025-06-17,2025-06-17 00:00:00,1.582375478927203,-0.09387755102040816,0.8283582089552239,Aqua,00:00:00
0.0269,0.0177,0.0448,2025-06-19,2025-06-19 00:00:00,1.6356877323420076,-0.20171673819742486,0.6642857142857144,Aqua,00:00:00
0.0366,0.0297,0.0611,2025-06-22,2025-06-22 00:00:00,1.6763848396501457,-0.10136157337367625,0.8159340659340659,Aqua,00:00:00
0.023200000000000002,0.0129,0.0419,2025-06-24,2025-06-24 00:00:00,1.8060344827586206,-0.28531855955678675,0.5560344827586207,Aqua,00:00:00
0.05,0.045000000000000005,0.0777,2025-06-26,2025-06-26 00:00:00,1.5899999999999999,-0.057494866529774126,0.8912621359223301,Aqua,00:00:00
0.023700000000000002,0.0187,0.0529,2025-06-28,2025-06-28 00:00:00,2.2320675105485233,-0.1179245283018868,0.7890295358649789,Aqua,00:00:00
0.020300000000000002,0.02,0.0443,2025-06-29,2025-06-29 00:00:00,2.260204081632653,-0.007444168734491356,0.9852216748768472,Aqua,00:00:00
0.0198,0.028800000000000003,0.0492,2025-06-30,2025-06-30 00:00:00,2.484848484848485,0.1851851851851852,1.4545454545454546,Aqua,00:00:00
0.0512,0.0876,0.0854,2025-07-01,2025-07-01 00:00:00,1.66796875,0.26224783861671463,1.7109374999999998,Aqua,00:00:00
0.021500000000000002,0.0207,0.0458,2025-07-02,2025-07-02 00:00:00,2.1055276381909547,-0.01895734597156403,0.9627906976744185,Aqua,00:00:00
0.0304,0.019,0.0575,2025-07-03,2025-07-03 00:00:00,1.8805460750853242,-0.2318181818181818,0.6236162361623616,Aqua,00:00:00
0.030600000000000002,0.019700000000000002,0.0533,2025-07-05,2025-07-05 00:00:00,1.7692307692307694,-0.2006802721088436,0.6657223796033993,Aqua,00:00:00
0.0263,0.0252,0.0516,2025-07-07,2025-07-07 00:00:00,1.9770114942528734,-0.01562500000000004,0.9692307692307691,Aqua,00:00:00
0.0591,0.054400000000000004,0.08600000000000001,2025-07-08,2025-07-08 00:00:00,1.455160744500846,-0.04140969162995591,0.9204737732656515,Aqua,00:00:00
0.0227,0.0239,0.048100000000000004,2025-07-09,2025-07-09 00:00:00,2.103896103896104,0.018604651162790666,1.037914691943128,Aqua,00:00:00
0.022600000000000002,0.0089,0.048400000000000006,2025-07-10,2025-07-10 00:00:00,2.1275720164609053,-0.4408602150537634,0.3880597014925373,Aqua,00:00:00
0.0257,0.0239,0.0521,2025-07-12,2025-07-12 00:00:00,1.9404761904761905,-0.059793814432989686,0.8871595330739299,Aqua,00:00:00
0.0089,0.0023,0.042300000000000004,2025-07-13,2025-07-13 00:00:00,4.752808988764046,-0.5892857142857143,0.25842696629213485,Aqua,00:00:00
0.0274,0.0183,0.0473,2025-07-14,2025-07-14 00:00:00,1.727941176470588,-0.20600858369098707,0.6583629893238435,Aqua,00:00:00
0.035500000000000004,0.028900000000000002,0.0599,2025-07-15,2025-07-15 00:00:00,1.695774647887324,-0.10248447204968944,0.8140845070422535,Aqua,00:00:00
0.005200000000000001,0.0181,0.015700000000000002,2025-07-16,2025-07-16 00:00:00,3.019230769230769,0.553648068669528,3.480769230769231,Aqua,00:00:00
0.0663,0.057300000000000004,0.0907,2025-07-18,2025-07-18 00:00:00,1.368024132730015,-0.07281553398058248,0.8642533936651584,Aqua,00:00:00
0.0222,0.0223,0.0489,2025-07-19,2025-07-19 00:00:00,2.307692307692308,0.04040404040404043,1.0842105263157895,Aqua,00:00:00
0.0383,0.036500000000000005,0.0637,2025-07-20,2025-07-20 00:00:00,1.6631853785900785,-0.0240641711229946,0.9530026109660575,Aqua,00:00:00
0.033600000000000005,0.035,0.06620000000000001,2025-07-22,2025-07-22 00:00:00,2.046376811594203,0.022580645161290297,1.046204620462046,Aqua,00:00:00
0.008,0.0017000000000000001,0.033100000000000004,2025-07-23,2025-07-23 00:00:00,4.1375,-0.6494845360824743,0.21250000000000002,Aqua,00:00:00
0.0257,0.0167,0.046900000000000004,2025-07-24,2025-07-24 00:00:00,1.8506224066390042,-0.23041474654377883,0.6254681647940075,Aqua,00:00:00
0.028900000000000002,0.044700000000000004,0.061900000000000004,2025-07-25,2025-07-25 00:00:00,2.1194539249146755,0.20994475138121546,1.5314685314685315,Aqua,00:00:00
0.0222,0.025500000000000002,0.050300000000000004,2025-07-26,2025-07-26 00:00:00,2.211711711711712,0.11842105263157898,1.2686567164179106,Aqua,00:00:00
0.0442,0.0298,0.0785,2025-07-28,2025-07-28 00:00:00,1.7760180995475112,-0.1945945945945946,0.67420814479638,Aqua,00:00:00
0.0238,0.025,0.0477,2025-07-29,2025-07-29 00:00:00,2.0829694323144103,-0.0059642147117295865,0.9881422924901186,Aqua,00:00:00
0.023700000000000002,0.0145,0.042300000000000004,2025-08-01,2025-08-01 00:00:00,1.7848101265822784,-0.24083769633507854,0.6118143459915611,Aqua,00:00:00
0.0514,0.0703,0.08070000000000001,2025-08-04,2025-08-04 00:00:00,1.5703564727954973,0.14487632508833914,1.3388429752066113,Aqua,00:00:00
0.0221,0.0446,0.0534,2025-08-05,2025-08-05 00:00:00,2.4660633484162893,0.3576864535768645,2.1137440758293837,Aqua,00:00:00
0.018600000000000002,0.026500000000000003,0.045200000000000004,2025-08-06,2025-08-06 00:00:00,2.4457142857142857,0.20454545454545456,1.5142857142857142,Aqua,00:00:00
0.0244,0.012700000000000001,0.0455,2025-08-10,2025-08-10 00:00:00,1.8,-0.32409972299168976,0.5104602510460251,Aqua,00:00:00
0.026600000000000002,0.0112,0.044000000000000004,2025-08-11,2025-08-11 00:00:00,1.6793893129770994,-0.40921409214092147,0.4192307692307692,Aqua,00:00:00
0.0379,0.0334,0.0558,2025-08-12,2025-08-12 00:00:00,1.4722955145118732,-0.0631136044880786,0.8812664907651714,Aqua,00:00:00
0.0917,0.0848,0.1131,2025-08-13,2025-08-13 00:00:00,1.2333696837513632,-0.039093484419263476,0.9247546346782988,Aqua,00:00:00
0.0189,0.014700000000000001,0.0369,2025-08-14,2025-08-14 00:00:00,1.9732620320855614,-0.11782477341389734,0.7891891891891891,Aqua,00:00:00
