Date,Site ID (new),Chl RFU,Chl ug/L
2010-06-29,LB,0.025,0.1
2010-06-29,LB,0.075,0.3
2010-06-29,HT,0.1,0.4
2010-06-29,HT,0.075,0.3
2010-06-29,BO,0.1,0.4
2010-06-29,BO,0.2,0.8
2010-06-29,BO,0.15,0.6
2010-06-29,BO,0.1,0.4
2010-06-29,BO,0.1,0.4
2010-06-29,BO,0.1,0.4
2010-06-29,BO,0.075,0.3
2010-06-29,BB,0.1,1.9
2010-06-29,BB,0.3,2.7
2010-07-06,LB,3.45,13.8
2010-07-06,LB,0.375,1.5
2010-07-06,HT,0.15,0.6
2010-07-06,BO,0.15,0.6
2010-07-06,BO,0.175,0.7
2010-07-06,BB,1.225,4.9
2010-07-06,BB,0.125,0.5
2010-07-13,LB,0.275,1.1
2010-07-13,LB,0.225,0.9
2010-07-13,HT,0.225,0.9
2010-07-13,HT,0.225,0.9
2010-07-13,BO,0.15,0.6
2010-07-13,BO,0.4,1.6
2010-07-23,LB,1.175,4.7
2010-07-23,LB,0.35,1.4
2010-07-23,HT,0.25,1.0
2010-07-23,HT,0.25,1.0
2010-07-23,BO,0.225,0.9
2010-07-23,BO,0.275,1.1
2010-07-23,BB,0.35,1.4
2010-07-23,BB,0.3,1.2
2010-07-29,HT,0.175,0.7
2010-07-29,HT,0.675,2.7
2010-07-29,BO,0.325,1.3
2010-07-29,BO,0.4,1.6
2010-07-29,BO,0.65,2.6
2010-07-29,BB,0.025,0.1
2010-07-29,BB,0.4,1.6
2010-08-04,LB,0.35,1.4
2010-08-04,LB,0.45,1.8
2010-08-04,HT,0.275,1.1
2010-08-04,HT,0.275,1.1
2010-08-04,BO,0.225,0.9
2010-08-04,BO,0.35,1.4
2010-08-04,BB,0.525,2.1
2010-08-04,BB,0.35,1.4
2010-08-12,HT,0.55,2.2
2010-08-12,HT,0.675,2.7
2010-08-12,BO,0.425,1.7
2010-08-12,BO,0.45,1.8
2010-08-12,BB,0.3,1.2
2010-08-12,BB,0.475,1.9
2010-08-23,BO,0.05,0.2
2010-08-23,BB,0.05,0.2
2010-09-01,LB,0.4,1.6
2010-09-01,LB,0.225,0.9
2010-09-01,HT,0.325,1.3
2010-09-01,HT,0.3,1.2
2010-09-01,BO,0.075,0.3
2010-09-01,BO,0.05,0.2
2010-09-01,BB,0.1,0.4
2010-09-01,BB,0.175,0.7
2011-05-10,LB,0.0,0.1
2011-05-10,LB,0.2,0.7
2011-05-26,LB,0.1,0.3
2011-05-26,LB,0.1,0.4
2011-05-26,LB,0.2,0.6
2011-06-01,LB,0.1,0.3
2011-06-01,LB,0.0,0.0
2011-06-01,HT,0.0,0.1
2011-06-01,HT,0.0,0.0
2011-06-01,HT,0.1,0.3
2011-06-09,BB,0.1,0.3
2011-06-09,BB,0.0,0.0
2011-06-09,BO,0.1,0.4
2011-06-09,BO,0.2,0.7
2011-06-22,LB,0.0,0.0
2011-06-22,LB,0.0,0.1
2011-06-22,LB,0.0,0.1
2011-06-22,LB,0.0,0.0
2011-06-22,HT,0.1,0.4
2011-06-22,BO,0.0,0.0
2011-06-22,BO,0.1,0.5
2011-06-22,BB,0.0,0.0
2011-06-22,BB,0.1,0.2
2011-06-22,BB,0.1,0.4
2011-06-28,BB,0.4,1.4
2011-06-28,BB,0.3,0.9
2011-06-28,BB,0.3,1.2
2011-06-28,BO,0.5,1.6
2011-06-28,BO,0.6,2.0
2011-06-28,BO,0.4,1.6
2011-06-28,HT,0.7,2.6
2011-06-28,HT,0.8,2.7
2011-06-28,HT,0.6,2.1
2011-06-28,LB,0.2,0.6
2011-06-28,LB,0.3,0.9
2011-06-28,LB,0.2,0.6
2011-06-30,BB,0.4,1.3
2011-06-30,BB,0.4,1.4
2011-06-30,BB,0.5,1.7
2011-06-30,LB,0.1,0.4
2011-06-30,LB,0.1,0.3
2011-07-06,LB,0.0,0.0
2011-07-06,LB,0.1,0.4
2011-07-06,LB,0.0,0.0
2011-07-06,HT,0.1,0.5
2011-07-06,HT,0.2,0.6
2011-07-06,HT,0.2,0.6
2011-07-06,BO,0.4,1.3
2011-07-06,BO,0.3,1.1
2011-07-06,BO,0.3,0.9
2011-07-06,BB,0.1,0.5
2011-07-06,BB,0.2,0.6
2011-07-06,BB,0.2,0.7
2011-07-12,LB,0.1,0.2
2011-07-12,LB,0.0,0.0
2011-07-12,HT,0.0,0.0
2011-07-12,HT,0.0,0.0
2011-07-12,BO,0.3,0.9
2011-07-12,BO,0.1,0.2
2011-07-12,BB,0.0,0.1
2011-07-19,BB,0.2,0.8
2011-07-19,BB,0.3,1.1
2011-07-19,BB,0.3,1.0
2011-07-19,BO,0.9,3.1
2011-07-19,BO,0.8,2.7
2011-07-19,BO,0.8,3.0
2011-07-19,HT,0.7,2.4
2011-07-19,HT,0.8,2.8
2011-07-19,HT,0.6,2.1
2011-07-19,LB,0.3,0.9
2011-07-19,LB,0.5,1.7
2011-07-19,LB,0.2,0.9
2011-07-19,LB,0.6,2.2
2011-07-26,BB,0.3,1.1
2011-07-26,BB,0.2,0.8
2011-07-26,BB,0.1,0.4
2011-07-26,BO,0.2,0.6
2011-07-26,BO,0.2,0.7
2011-07-26,BO,0.3,0.9
2011-07-26,HT,0.5,1.8
2011-07-26,HT,0.4,1.5
2011-07-26,HT,0.3,1.0
2011-07-26,HT,0.5,1.6
2011-07-26,HT,0.4,1.3
2011-07-26,LB,0.5,1.7
2011-07-26,LB,0.5,1.6
2011-07-26,LB,0.3,1.1
2011-08-02,LB,0.3,1.1
2011-08-02,LB,0.3,1.0
2011-08-02,LB,0.3,1.0
2011-08-02,LB,0.3,1.0
2011-08-02,HT,0.1,0.2
2011-08-02,HT,0.0,0.2
2011-08-02,HT,0.2,0.7
2011-08-02,BO,0.3,1.1
2011-08-02,BO,0.3,1.0
2011-08-02,BO,0.2,0.7
2011-08-02,BO,0.2,0.7
2011-08-02,BO,0.2,0.6
2011-08-02,BB,0.1,0.3
2011-08-02,BB,0.1,0.5
2011-08-02,BB,0.1,0.5
2011-08-09,LB,0.1,0.4
2011-08-09,LB,0.2,0.6
2011-08-09,LB,0.1,0.3
2011-08-09,HT,0.0,0.1
2011-08-09,HT,0.3,0.9
2011-08-09,HT,0.1,0.5
2011-08-09,BO,0.1,0.5
2011-08-09,BO,0.1,0.4
2011-08-09,BO,0.1,0.4
2011-08-09,BO,0.2,0.9
2011-08-09,BB,0.2,0.6
2011-08-09,BB,0.0,0.1
2011-08-09,BB,0.2,0.6
2011-08-16,BB,0.0,0.0
2011-08-16,BB,0.0,0.0
2011-08-16,HT,0.0,0.0
2011-08-16,HT,0.1,0.2
2011-08-16,HT,0.1,0.5
2011-08-16,HT,0.0,0.0
2011-08-16,LB,0.0,0.0
2011-08-16,LB,0.0,0.0
2011-08-24,BB,0.3,1.2
2011-08-24,BB,0.2,0.9
2011-08-24,BB,0.2,0.8
2011-08-24,BO,0.0,0.1
2011-08-24,BO,0.0,0.1
2011-08-24,BO,0.0,0.1
2011-08-24,HT,0.1,0.2
2011-08-24,HT,0.1,0.3
2011-08-24,HT,0.1,0.3
2011-08-24,LB,0.1,0.5
2011-08-24,LB,0.0,0.0
2011-08-24,LB,0.1,0.2
2011-08-31,BB,0.1,0.3
2011-08-31,BB,0.1,0.3
2011-08-31,BB,0.1,0.2
2011-08-31,BB,0.1,0.5
2011-08-31,BB,0.2,0.9
2011-08-31,BO,0.3,1.1
2011-08-31,BO,0.1,0.5
2011-08-31,BO,0.3,0.9
2011-08-31,HT,0.3,0.9
2011-08-31,HT,0.5,1.7
2011-08-31,HT,0.3,1.2
2011-08-31,HT,0.2,0.6
2011-08-31,HT,0.1,0.4
2011-08-31,HT,0.3,1.2
2011-08-31,HT,0.3,1.0
2011-08-31,LB,0.3,1.0
2011-08-31,LB,0.2,0.7
2011-08-31,LB,0.3,0.9
2011-09-07,BB,0.1,0.4
2011-09-07,BB,0.1,0.5
2011-09-07,BB,0.1,0.4
2011-09-07,BB,0.2,0.8
2011-09-07,BO,0.0,0.2
2011-09-07,BO,0.1,0.3
2011-09-07,BO,0.1,0.4
2011-09-07,HT,0.1,0.3
2011-09-07,HT,0.2,0.8
2011-09-07,HT,0.2,0.8
2011-09-07,LB,0.1,0.2
2011-09-07,LB,0.0,0.1
2011-09-13,BB,0.4,1.4
2011-09-13,BB,0.4,1.3
2011-09-13,BB,0.3,1.0
2011-09-13,BB,0.3,1.1
2011-09-13,BO,0.2,0.9
2011-09-13,BO,0.0,0.0
2011-09-13,BO,0.3,0.9
2011-09-13,BO,0.2,0.9
2011-09-13,HT,0.3,1.0
2011-09-13,HT,0.4,1.3
2011-09-13,HT,0.3,1.0
2011-09-13,LB,0.3,1.0
2011-09-13,LB,0.3,1.1
2011-09-13,LB,0.2,0.8
2011-09-20,LB,0.1,0.3
2011-09-20,LB,0.2,0.8
2011-09-20,LB,0.0,0.2
2011-09-20,LB,0.2,0.8
2011-09-20,HT,0.3,1.0
2011-09-20,HT,0.1,0.4
2011-09-20,HT,0.0,0.1
2011-09-20,HT,0.0,0.2
2011-09-20,HT,0.2,0.5
2011-09-20,BO,0.3,0.9
2011-09-20,BO,0.1,0.2
2011-09-20,BO,0.1,0.3
2011-09-27,LB,0.4,1.3
2011-09-27,LB,0.3,0.9
2011-09-27,LB,0.3,1.1
2011-10-26,LB,0.3,1.1
2011-10-26,LB,0.3,1.1
2011-10-26,LB,0.4,1.4
2011-11-30,LB,0.1,0.6
2011-11-30,LB,0.1,0.3
2011-11-30,LB,0.1,0.5
2012-01-04,LB,1.0,0.3
2012-01-04,LB,1.3,0.4
2012-01-04,LB,2.2,0.6
2012-01-04,LB,1.4,0.4
2012-01-04,LB,1.4,0.4
2012-01-04,LB,1.7,0.5
2012-01-04,LB,1.8,0.5
2012-04-25,LB,0.2,0.7
2012-04-25,LB,0.2,0.7
2012-04-25,LB,0.2,0.9
2012-05-08,LB,0.2,0.7
2012-05-08,LB,0.0,0.2
2012-05-08,HT,0.0,0.1
2012-05-08,HT,0.0,0.0
2012-05-08,BO,0.1,0.3
2012-05-08,BO,0.0,0.1
2012-05-08,BO,0.1,0.3
2012-05-08,BO,0.1,0.6
2012-05-08,BB,0.1,0.6
2012-05-08,BB,0.1,0.5
2012-05-08,BB,0.1,0.4
2012-05-15,LB,0.1,0.3
2012-05-15,LB,0.1,0.3
2012-05-15,LB,0.1,0.3
2012-05-15,HT,0.1,0.3
2012-05-15,HT,0.0,0.1
2012-05-15,BO,0.0,0.1
2012-05-15,BO,0.1,0.4
2012-05-15,BB,0.1,0.5
2012-05-15,BB,0.1,0.3
2012-05-15,BB,0.2,0.7
2012-05-22,HT,0.0,0.2
2012-05-22,HT,0.0,0.1
2012-06-05,LB,0.1,0.3
2012-06-05,LB,0.1,0.5
2012-06-05,LB,0.1,0.5
2012-06-05,LB,0.2,0.8
2012-06-05,LB,0.3,1.1
2012-06-05,LB,0.1,0.3
2012-06-05,HT,0.4,1.8
2012-06-05,HT,0.1,0.3
2012-06-05,HT,0.2,0.8
2012-06-05,HT,0.2,0.7
2012-06-05,HT,0.2,1.0
2012-06-05,HT,0.1,0.6
2012-06-05,HT,0.1,0.6
2012-06-05,HT,0.2,1.0
2012-06-05,BO,0.0,0.2
2012-06-05,BO,0.0,0.2
2012-06-05,BO,0.0,0.0
2012-06-05,BB,0.1,0.5
2012-06-05,BB,0.3,1.4
2012-06-05,BB,0.2,0.9
2012-06-12,LB,0.2,0.6
2012-06-12,LB,0.2,0.7
2012-06-12,LB,0.2,0.6
2012-06-12,LB,0.3,0.9
2012-06-18,HT,0.8,2.7
2012-06-18,HT,0.6,2.0
2012-06-18,HT,0.6,2.3
2012-06-18,LB,0.0,0.2
2012-06-18,LB,0.1,0.3
2012-06-18,LB,0.1,0.5
2012-06-18,BO,0.5,1.8
2012-06-18,BO,0.6,2.3
2012-06-18,BO,0.5,1.9
2012-06-18,BB,0.3,1.0
2012-06-18,BB,0.4,1.3
2012-06-18,BB,0.4,1.4
2012-06-21,LB,0.1,0.3
2012-06-21,LB,0.3,0.9
2012-06-21,LB,0.1,0.3
2012-06-21,LB,0.2,0.7
2012-06-21,LB,0.1,0.3
2012-06-26,LB,0.3,1.2
2012-06-26,LB,0.3,1.3
2012-06-26,LB,0.2,0.8
2012-06-26,HT,0.2,0.6
2012-06-26,HT,0.4,1.5
2012-06-26,HT,0.3,1.4
2012-06-26,BO,0.3,1.3
2012-06-26,BO,0.2,1.0
2012-06-26,BO,0.2,1.0
2012-06-26,BO,0.3,1.4
2012-06-26,BO,0.3,1.2
2012-06-26,BO,0.2,0.8
2012-06-26,BB,0.2,0.7
2012-06-26,BB,0.3,1.3
2012-06-26,BB,0.3,1.1
2012-07-02,LB,0.1,0.3
2012-07-02,LB,0.0,0.1
2012-07-02,HT,0.1,0.4
2012-07-02,HT,0.0,0.0
2012-07-02,BO,0.1,0.3
2012-07-05,PK,0.0,0.1
2012-07-05,PK,0.1,0.2
2012-07-05,PK,0.1,0.3
2012-07-09,LB,0.1,0.2
2012-07-09,LB,0.1,0.3
2012-07-09,HT,0.1,0.6
2012-07-09,HT,0.1,0.3
2012-07-09,HT,0.1,0.3
2012-07-09,BO,0.1,0.5
2012-07-09,BO,0.1,0.5
2012-07-09,BO,0.1,0.5
2012-07-09,BB,0.1,0.4
2012-07-09,BB,0.1,0.3
2012-07-09,BB,0.1,0.6
2012-07-12,LB,0.1,0.5
2012-07-12,LB,0.1,0.3
2012-07-12,LB,0.1,0.4
2012-07-12,HT,0.2,0.7
2012-07-12,HT,0.1,0.5
2012-07-12,HT,0.1,0.3
2012-07-12,PK,0.1,0.2
2012-07-12,PK,0.1,0.5
2012-07-12,PK,0.1,0.6
2012-07-12,PK,0.0,0.1
2012-07-17,LB,0.2,1.0
2012-07-17,LB,0.2,0.8
2012-07-17,LB,0.6,2.5
2012-07-17,HT,0.0,0.1
2012-07-17,HT,0.1,0.3
2012-07-17,HT,0.2,0.8
2012-07-17,BO,0.1,0.6
2012-07-17,BO,0.1,0.5
2012-07-17,BO,0.1,0.3
2012-07-17,BB,0.3,1.1
2012-07-17,BB,0.1,0.5
2012-07-17,BB,0.2,0.8
2012-07-17,PK,0.3,1.1
2012-07-17,PK,0.1,0.3
2012-07-17,PK,0.2,1.0
2012-07-17,PK,0.2,1.0
2012-07-17,PK,0.2,0.7
2012-07-24,LB,0.1,0.4
2012-07-24,HT,0.0,0.1
2012-07-24,HT,0.0,0.2
2012-07-24,HT,0.2,0.7
2012-07-24,HT,0.2,0.7
2012-07-24,BO,0.3,1.2
2012-07-24,BO,0.1,0.4
2012-07-24,BO,0.1,0.6
2012-07-24,BO,0.1,0.6
2012-07-24,BB,0.1,0.5
2012-07-24,BB,0.2,0.7
2012-07-24,BB,0.3,1.2
2012-07-31,LB,0.1,0.4
2012-07-31,LB,0.1,0.2
2012-07-31,LB,0.0,0.1
2012-07-31,HT,0.0,0.1
2012-07-31,HT,0.1,0.5
2012-07-31,HT,0.1,0.5
2012-07-31,BO,0.3,0.9
2012-07-31,BO,0.1,0.3
2012-07-31,BO,0.2,0.6
2012-07-31,BB,0.2,0.8
2012-07-31,BB,0.3,1.0
2012-07-31,BB,0.1,0.5
2012-08-07,BB,0.2,0.7
2012-08-07,BB,0.3,1.2
2012-08-07,BB,0.2,1.0
2012-08-07,BB,0.2,0.7
2012-08-07,BB,0.4,1.6
2012-08-07,BB,0.4,1.8
2012-08-07,BB,0.4,1.6
2012-08-07,BB,0.3,1.1
2012-08-07,BO,0.1,0.5
2012-08-07,BO,0.1,0.4
2012-08-07,BO,0.1,0.5
2012-08-07,HT,0.1,0.5
2012-08-07,HT,0.3,1.3
2012-08-07,HT,0.2,0.9
2012-08-07,LB,0.0,0.0
2012-08-07,LB,0.0,0.0
2012-08-07,PK,0.0,0.1
2012-08-07,PK,0.2,0.7
2012-08-14,LB,0.0,0.2
2012-08-14,LB,0.1,0.3
2012-08-14,HT,0.1,0.4
2012-08-14,HT,0.0,0.2
2012-08-16,LB,0.1,0.6
2012-08-16,PK,0.1,0.6
2012-08-16,PK,0.1,0.5
2012-08-16,PK,0.1,0.6
2012-08-16,PK,0.1,0.6
2012-08-16,PK,0.1,0.3
2012-08-17,LB,0.1,0.4
2012-08-17,HT,0.0,0.2
2012-08-21,BB,0.2,1.0
2012-08-21,BB,0.2,0.7
2012-08-21,BB,0.2,0.8
2012-08-21,BO,0.0,0.1
2012-08-21,BO,0.1,0.5
2012-08-21,BO,0.1,0.5
2012-08-21,BO,0.2,0.8
2012-08-21,BO,0.3,1.1
2012-08-21,BO,0.1,0.6
2012-08-21,HT,0.2,1.0
2012-08-21,HT,0.3,1.2
2012-08-21,HT,0.1,0.5
2012-08-21,HT,0.1,0.3
2012-08-21,LB,0.2,1.0
2012-08-28,LB,0.1,0.4
2012-08-28,HT,0.2,0.7
2012-08-28,HT,0.0,0.0
2012-08-28,BO,0.1,0.4
2012-08-28,BO,0.1,0.4
2012-08-28,BB,0.0,0.0
2012-08-28,BB,0.2,0.8
2012-09-04,LB,0.1,0.5
2012-09-04,LB,0.2,0.6
2012-09-04,LB,0.2,0.6
2012-09-04,HT,0.1,0.3
2012-09-04,HT,0.1,0.4
2012-09-04,HT,0.0,0.1
2012-09-06,LB,0.2,0.7
2012-09-06,LB,0.2,0.8
2012-09-06,LB,0.2,0.7
2012-09-06,HT,0.1,0.4
2012-09-06,HT,0.1,0.5
2012-09-06,HT,0.1,0.2
2012-09-06,HT,0.1,0.3
2012-09-06,HT,0.1,0.5
2012-09-06,BB,0.1,0.2
2012-09-06,BB,0.2,0.7
2012-09-11,LB,0.4,1.7
2012-09-11,LB,0.4,1.7
2012-09-11,LB,0.2,0.9
2012-09-11,HT,0.0,0.0
2012-09-11,HT,0.2,0.9
2012-09-11,HT,0.2,0.9
2012-09-11,BO,0.2,1.0
2012-09-11,BO,0.1,0.6
2012-09-11,BO,0.2,1.0
2012-09-11,BB,0.3,1.3
2012-09-11,BB,0.4,1.5
2012-09-11,BB,0.3,1.5
2012-09-18,LB,0.3,1.1
2012-09-18,LB,0.3,1.1
2012-09-18,LB,0.4,1.6
2012-09-18,HT,0.1,0.5
2012-09-18,HT,0.2,0.8
2012-09-18,HT,0.3,1.2
2012-09-18,BO,0.1,0.5
2012-09-18,BO,0.1,0.5
2012-09-18,BO,0.2,0.7
2012-09-18,BO,0.4,1.6
2012-09-25,LB,0.1,0.5
2012-09-25,LB,0.3,1.2
2012-09-25,LB,0.3,1.1
2012-09-25,HT,0.1,0.5
2012-09-25,HT,0.3,1.4
2012-10-02,LB,0.0,0.1
2012-10-02,LB,0.1,0.5
2012-10-02,LB,0.1,0.5
2012-10-02,HT,0.0,0.0
2012-10-02,HT,0.0,0.2
2012-10-02,HT,0.1,0.4
2012-10-09,LB,0.5,2.1
2012-10-09,LB,0.3,1.4
2012-10-09,LB,0.3,1.1
2012-10-09,LB,0.4,1.7
2012-10-09,HT,0.1,0.5
2012-10-09,HT,0.3,1.4
2012-10-09,HT,0.2,0.9
2012-10-09,HT,0.3,1.2
2012-11-06,LB,0.4,1.4
2012-11-06,LB,0.5,1.6
2012-11-06,LB,0.3,1.2
2012-12-04,PK,0.2,0.9
2012-12-04,PK,0.4,1.5
2012-12-04,PK,0.3,1.4
2013-01-22,PK,0.0,0.1
2013-01-22,PK,0.1,0.2
2013-01-22,PK,0.1,0.4
2013-01-22,PK,0.0,0.2
2013-01-22,PK,0.1,0.2
2013-01-22,PK,0.0,0.1
2013-02-05,LB,0.4,1.7
2013-02-05,LB,0.2,0.7
2013-02-05,LB,0.3,1.3
2013-03-12,LB,0.1,0.4
2013-03-12,LB,0.0,0.0
2013-04-30,HT,0.0,0.1
2013-05-21,LB,0.1,0.5
2013-05-21,LB,0.2,0.6
2013-05-28,LB,0.3,1.1
2013-05-28,LB,0.4,1.6
2013-05-28,LB,0.4,1.5
2013-06-03,LB,0.3,1.4
2013-06-03,LB,0.3,1.3
2013-06-03,LB,0.3,1.2
2013-06-06,BO,0.6,2.7
2013-06-06,BO,0.5,2.2
2013-06-06,BO,0.5,2.1
2013-06-06,BB,0.3,1.1
2013-06-06,BB,0.1,0.3
2013-06-06,BB,0.4,1.7
2013-06-06,BB,0.3,1.3
2013-06-06,BB,0.3,1.1
2013-06-06,BB,0.5,2.3
2013-06-11,LB,0.2,1.0
2013-06-11,LB,0.3,1.3
2013-06-11,LB,0.3,1.5
2013-06-11,HT,0.4,1.7
2013-06-11,HT,0.5,2.0
2013-06-11,HT,0.2,1.0
2013-06-11,BO,0.7,2.9
2013-06-11,BO,0.3,1.1
2013-06-11,BO,0.3,1.3
2013-06-11,BO,0.4,1.8
2013-06-11,BB,0.3,1.3
2013-06-11,BB,0.4,1.5
2013-06-11,BB,0.4,1.8
2013-06-11,BB,0.3,1.3
2013-06-18,BO,0.1,0.5
2013-06-18,BO,0.1,0.3
2013-06-18,BO,0.0,0.0
2013-06-25,LB,0.1,0.2
2013-06-25,LB,0.1,0.5
2013-06-25,LB,0.2,0.6
2013-07-02,LB,0.2,0.9
2013-07-02,LB,0.2,0.6
2013-07-02,LB,0.1,0.5
2013-07-02,HT,0.3,1.3
2013-07-02,HT,0.1,0.5
2013-07-02,HT,0.1,0.3
2013-07-02,BO,0.2,0.6
2013-07-02,BO,0.2,0.9
2013-07-02,BO,0.1,0.5
2013-07-02,BB,0.3,1.4
2013-07-02,BB,0.0,0.0
2013-07-02,BB,0.1,0.3
2013-07-10,LB,0.3,1.3
2013-07-10,LB,0.1,0.3
2013-07-10,LB,0.0,0.1
2013-07-17,LB,0.2,0.8
2013-07-17,LB,0.2,0.6
2013-07-17,LB,0.2,0.5
2013-07-17,LB,0.1,0.3
2013-07-23,LB,0.0,0.1
2013-07-23,LB,0.0,0.1
2013-07-30,LB,0.0,0.2
2013-07-30,LB,0.0,0.1
2013-07-30,LB,0.2,0.9
2013-07-30,HT,0.0,0.2
2013-07-30,HT,0.1,0.2
2013-07-30,HT,0.1,0.5
2013-07-30,BO,0.1,0.4
2013-07-30,BO,0.1,0.6
2013-07-30,BO,0.1,0.2
2013-07-30,BB,0.0,0.1
2013-08-06,LB,0.2,1.0
2013-08-06,LB,0.1,0.6
2013-08-06,LB,0.2,0.7
2013-08-13,LB,0.1,0.3
2013-08-13,LB,0.1,0.2
2013-08-13,LB,0.1,0.5
2013-08-20,LB,0.1,0.4
2013-08-20,LB,0.1,0.5
2013-08-20,LB,0.1,0.3
2013-08-27,LB,0.2,0.8
2013-08-27,LB,0.1,0.4
2013-08-27,LB,0.2,1.0
2013-08-27,HT,0.1,0.3
2013-08-27,HT,0.1,0.6
2013-08-27,BO,0.2,0.9
2013-08-27,BO,0.1,0.5
2013-08-27,BO,0.2,0.9
2013-08-27,BB,0.4,1.9
2013-08-27,BB,0.6,2.7
2013-08-27,BB,0.1,0.4
2013-09-03,LB,0.3,1.3
2013-09-03,LB,0.2,0.7
2013-09-03,LB,0.2,0.9
2013-09-03,LB,0.4,1.7
2013-09-10,LB,0.1,0.3
2013-09-10,LB,0.3,1.0
2013-09-10,LB,0.2,0.6
2013-09-24,LB,0.4,1.8
2013-09-24,LB,0.4,1.7
2013-09-24,LB,0.3,1.4
2014-05-06,LB,0.07,0.32
2014-05-06,LB,0.12,0.49
2014-05-06,LB,0.07,0.29
2014-05-06,HT,0.19,0.78
2014-05-06,HT,0.17,0.71
2014-05-06,HT,0.15,0.62
2014-05-20,LB,0.07,0.26
2014-05-20,LB,0.05,0.16
2014-05-20,LB,0.04,0.13
2014-05-20,HT,0.01,0.02
2014-05-20,HT,0.07,0.27
2014-05-27,LB,0.2,0.77
2014-05-27,LB,0.32,1.25
2014-05-27,LB,0.28,1.08
2014-05-27,HT,0.36,1.4
2014-05-27,HT,0.4,1.57
2014-05-27,HT,0.44,1.73
2014-06-03,LB,0.26,1.04
2014-06-03,LB,0.33,1.3
2014-06-03,LB,0.34,1.37
2014-06-03,HT,0.65,2.58
2014-06-03,HT,0.56,2.25
2014-06-03,HT,0.6,2.41
2014-06-10,LB,0.15,0.61
2014-06-10,LB,0.2,0.82
2014-06-10,LB,0.18,0.72
2014-06-10,HT,0.16,0.65
2014-06-10,HT,0.1,0.38
2014-06-10,HT,0.18,0.7
2014-06-10,HT,0.2,0.79
2014-06-17,LB,0.52,2.12
2014-06-17,LB,0.67,2.72
2014-06-17,LB,0.71,2.87
2014-06-17,LB,0.9,3.61
2014-06-17,LB,0.03,0.16
2014-06-17,HT,0.76,3.08
2014-06-17,HT,0.76,3.09
2014-06-17,HT,0.76,3.07
2014-06-24,LB,0.09,0.41
2014-06-24,LB,0.32,1.33
2014-06-24,HT,0.04,0.23
2014-06-24,HT,0.06,0.31
2014-06-24,HT,0.09,0.41
2014-06-24,HT,0.15,0.64
2014-07-01,LB,0.11,0.52
2014-07-01,LB,0.05,0.26
2014-07-01,LB,0.06,0.3
2014-07-01,LB,0.07,0.33
2014-07-01,HT,0.04,0.21
2014-07-01,HT,0.03,0.19
2014-07-01,HT,0.01,0.11
2014-07-01,BO,0.14,0.63
2014-07-01,BO,0.13,0.59
2014-07-01,BO,0.15,0.65
2014-07-01,BB,0.12,0.53
2014-07-01,BB,0.1,0.47
2014-07-01,BB,0.13,0.58
2014-07-01,BB,0.01,0.08
2014-07-08,LB,0.05,0.18
2014-07-08,LB,0.02,0.07
2014-07-08,LB,0.04,0.14
2014-07-08,LB,0.1,0.37
2014-07-08,HT,0.04,0.12
2014-07-08,HT,0.03,0.11
2014-07-08,HT,0.02,0.06
2014-07-08,HT,0.08,0.29
2014-07-15,LB,0.02,0.04
2014-07-15,LB,0.05,0.17
2014-07-15,LB,0.06,0.2
2014-07-15,LB,0.12,0.46
2014-07-15,HT,0.04,0.13
2014-07-15,HT,0.11,0.41
2014-07-15,HT,0.1,0.36
2014-07-22,LB,0.11,0.53
2014-07-22,LB,0.17,0.75
2014-07-22,LB,0.16,0.74
2014-07-22,LB,0.11,0.51
2014-07-22,HT,0.24,1.06
2014-07-22,HT,0.24,1.02
2014-07-22,HT,0.29,1.25
2014-07-22,HT,0.23,1.02
2014-07-29,LB,0.05,0.18
2014-07-29,LB,0.06,0.22
2014-07-29,LB,0.06,0.24
2014-07-29,HT,0.13,0.52
2014-07-29,HT,0.13,0.52
2014-07-29,HT,0.11,0.43
2014-07-29,HT,0.19,0.76
2014-07-29,HT,0.17,0.68
2014-07-29,HT,0.16,0.62
2014-08-04,LB,0.08,0.31
2014-08-04,LB,0.06,0.22
2014-08-04,LB,0.1,0.38
2014-08-04,HT,0.17,0.68
2014-08-04,HT,0.14,0.55
2014-08-04,HT,0.16,0.63
2014-08-04,HT,0.3,1.21
2014-08-12,LB,0.22,0.89
2014-08-12,LB,0.17,0.67
2014-08-12,LB,0.23,0.9
2014-08-12,HT,0.35,1.39
2014-08-12,HT,0.26,1.05
2014-08-12,HT,0.26,1.04
2014-08-12,HT,0.25,1.01
2014-08-19,LB,0.16,0.63
2014-08-19,LB,0.06,0.22
2014-08-19,LB,0.09,0.37
2014-08-19,HT,0.1,0.39
2014-08-19,HT,0.13,0.53
2014-08-19,HT,0.18,0.71
2014-08-27,LB,0.04,0.17
2014-08-27,LB,0.11,0.45
2014-08-27,LB,0.07,0.27
2014-08-27,HT,0.1,0.4
2014-08-27,HT,0.1,0.4
2014-08-27,HT,0.15,0.61
2014-08-27,HT,0.16,0.63
2014-08-27,HT,0.29,1.16
2014-08-27,HT,0.24,0.95
2014-09-02,LB,0.07,0.29
2014-09-02,LB,0.1,0.44
2014-09-02,LB,0.05,0.21
2014-09-09,LB,0.21,0.86
2014-09-09,LB,0.29,1.17
2014-09-09,LB,0.25,1.0
2014-09-09,LB,0.21,0.84
2014-09-09,HT,0.18,0.72
2014-09-09,HT,0.23,0.94
2014-09-09,HT,0.22,0.88
2014-09-09,HT,0.19,0.78
2014-09-16,LB,0.13,0.53
2014-09-16,LB,0.14,0.55
2014-09-16,LB,0.16,0.65
2014-09-16,HT,0.91,3.66
2014-09-16,HT,0.25,1.01
2014-09-16,HT,0.17,0.69
2014-09-24,LB,0.48,1.86
2014-09-24,LB,0.67,2.6
2014-09-24,LB,0.6,2.34
2014-09-24,LB,0.68,2.64
2014-09-24,HT,0.81,3.16
2014-09-24,HT,1.04,4.1
2014-09-24,HT,0.76,2.98
2014-09-30,LB,0.94,3.58
2014-09-30,LB,0.81,3.08
2014-09-30,LB,0.89,3.38
2014-09-30,HT,0.77,2.89
2014-09-30,HT,0.69,2.58
2014-09-30,HT,0.64,2.41
2014-09-30,HT,0.8,3.01
2014-10-07,LB,0.35,1.16
2014-10-07,LB,0.3,0.97
2014-10-07,LB,0.29,0.94
2014-10-07,LB,0.31,1.02
2014-10-07,HT,0.22,0.65
2014-10-07,HT,0.28,0.9
2014-10-07,HT,0.19,0.5
2014-10-07,HT,0.34,1.12
2014-10-14,LB,0.68,2.47
2014-10-14,LB,0.65,2.37
2014-10-14,LB,0.57,2.02
2014-10-14,HT,0.67,2.43
2014-10-14,HT,0.72,2.62
2014-10-14,HT,0.65,2.36
2014-10-14,HT,0.66,2.41
2014-10-14,HT,0.74,2.7
2014-10-21,LB,0.49,1.85
2014-10-21,LB,0.53,2.01
2014-10-21,LB,0.55,2.08
2014-10-21,HT,0.65,2.45
2014-10-21,HT,0.66,2.5
2014-10-21,HT,0.67,2.57
2014-10-21,HT,0.67,2.55
2015-04-14,LB,0.05,0.06
2015-04-14,LB,0.08,0.2
2015-04-21,LB,0.15,0.47
2015-04-21,LB,0.13,0.39
2015-04-21,LB,0.12,0.32
2015-04-28,LB,0.15,0.45
2015-04-28,LB,0.15,0.45
2015-04-28,LB,0.18,0.58
2015-04-28,LB,0.17,0.54
2015-05-05,LB,0.15,0.47
2015-05-05,LB,0.12,0.32
2015-05-05,LB,0.09,0.23
2015-05-05,HT,0.16,0.49
2015-05-05,HT,0.15,0.46
2015-05-12,LB,0.19,0.6
2015-05-12,LB,0.24,0.8
2015-05-12,LB,0.32,1.15
2015-05-12,LB,0.39,1.4
2015-05-12,HT,0.87,3.35
2015-05-12,HT,0.61,2.3
2015-05-12,HT,0.6,2.25
2015-05-18,LB,0.58,2.17
2015-05-18,LB,0.4,1.44
2015-05-18,LB,0.18,0.57
2015-05-18,LB,0.21,0.71
2015-05-18,HT,0.25,0.85
2015-05-18,HT,0.23,0.78
2015-05-18,HT,0.23,0.78
2015-05-26,LB,0.13,0.38
2015-05-26,LB,0.1,0.26
2015-05-26,LB,0.11,0.3
2015-05-26,HT,0.09,0.2
2015-05-26,HT,0.07,0.13
2015-05-26,HT,0.04,0.01
2015-05-26,HT,0.06,0.11
2015-06-02,LB,0.31,1.02
2015-06-02,LB,0.5,1.76
2015-06-02,LB,0.49,1.72
2015-06-02,HT,0.24,0.7
2015-06-02,HT,0.26,0.82
2015-06-02,HT,0.32,1.06
2015-06-08,LB,0.07,0.03
2015-06-08,LB,0.07,0.03
2015-06-08,HT,0.19,0.51
2015-06-08,HT,0.11,0.19
2015-06-08,HT,0.09,0.12
2015-06-08,HT,0.25,0.74
2015-06-16,LB,0.17,0.43
2015-06-16,LB,0.09,0.1
2015-06-16,LB,0.17,0.45
2015-06-16,LB,0.14,0.3
2015-06-16,HT,0.3,0.98
2015-06-16,HT,0.25,0.76
2015-06-16,HT,0.21,0.61
2015-06-16,HT,0.23,0.7
2015-06-23,LB,0.18,0.49
2015-06-23,LB,0.18,0.49
2015-06-23,LB,0.13,0.28
2015-06-23,LB,0.11,0.19
2015-06-23,LB,0.26,0.81
2015-06-23,HT,0.46,1.59
2015-06-23,HT,0.23,0.67
2015-06-23,HT,0.27,0.82
2015-06-23,HT,0.53,1.87
2015-07-14,LB,0.08,0.09
2015-07-14,LB,0.06,0.03
2015-07-14,LB,0.07,0.08
2015-07-14,HT,0.19,0.54
2015-07-14,HT,0.11,0.23
2015-07-14,HT,0.08,0.1
2015-07-21,LB,0.14,0.33
2015-07-21,LB,0.06,0.04
2015-07-21,LB,0.07,0.07
2015-07-21,HT,0.29,0.93
2015-07-21,HT,0.08,0.08
2015-07-21,HT,0.16,0.41
2015-07-28,LB,0.09,0.14
2015-07-28,LB,0.1,0.17
2015-07-28,LB,0.12,0.25
2015-07-28,LB,0.07,0.08
2015-07-28,HT,0.23,0.69
2015-07-28,HT,0.15,0.39
2015-07-28,HT,0.16,0.41
2015-07-28,HT,0.13,0.31
2015-07-28,HT,0.17,0.48
2015-08-04,LB,0.19,0.56
2015-08-04,LB,0.14,0.36
2015-08-04,LB,0.16,0.44
2015-08-04,HT,0.23,0.71
2015-08-04,HT,0.13,0.33
2015-08-04,HT,0.19,0.56
2015-08-11,LB,0.18,0.5
2015-08-11,LB,0.19,0.55
2015-08-11,LB,0.16,0.42
2015-08-11,HT,0.25,0.78
2015-08-11,HT,0.29,0.94
2015-08-11,HT,0.27,0.89
2015-08-18,LB,0.09,0.15
2015-08-18,LB,0.06,0.03
2015-08-18,LB,0.08,0.11
2015-08-18,LB,0.09,0.15
2015-08-18,LB,0.08,0.13
2015-08-18,LB,0.09,0.15
2015-08-18,HT,0.15,0.41
2015-08-18,HT,0.1,0.21
2015-08-18,HT,0.13,0.3
2015-08-18,HT,0.12,0.29
2015-08-25,LB,0.09,0.18
2015-08-25,LB,0.1,0.2
2015-08-25,LB,0.13,0.35
2015-08-25,HT,0.28,0.93
2015-08-25,HT,0.22,0.68
2015-08-25,HT,0.13,0.33
2015-09-01,LB,0.1,0.23
2015-09-01,LB,0.13,0.34
2015-09-01,HT,0.24,0.79
2015-09-01,HT,0.13,0.33
2015-09-01,HT,0.16,0.46
2015-09-01,HT,0.18,0.53
2015-09-15,LB,0.3,1.03
2015-09-15,LB,0.36,1.26
2015-09-15,LB,0.42,1.51
2015-09-15,LB,0.42,1.5
2015-09-15,HT,0.33,1.14
2015-09-15,HT,0.32,1.11
2015-09-15,HT,0.37,1.31
2015-09-22,LB,0.21,0.67
2015-09-22,LB,0.2,0.61
2015-09-22,LB,0.28,0.94
2015-09-22,LB,0.3,1.02
2015-09-22,LB,0.27,0.92
2015-09-22,HT,0.37,1.29
2015-09-22,HT,0.38,1.35
2015-09-22,HT,0.46,1.67
2017-04-25,LB,0.11,0.55
2017-04-25,LB,0.09,0.45
2017-04-25,LB,0.1,0.48
2017-04-25,LB,0.08,0.4
2017-04-25,LB,0.09,0.46
2017-04-25,LB,0.1,0.48
2017-05-09,LB,0.02,0.2
2017-05-09,LB,0.0,0.13
2017-05-15,PK,0.0,0.11
2017-05-15,PK,0.0,0.09
2017-05-15,PK,0.0,0.09
2017-05-15,PK,0.01,0.16
2017-05-15,PK,0.05,0.34
2017-05-16,PK,0.46,2.21
2017-05-16,PK,0.03,0.27
2017-05-16,PK,0.03,0.26
2017-05-16,PK,0.07,0.41
2017-05-16,PK,0.04,0.29
2017-05-16,PK,0.05,0.35
2017-05-16,PK,0.06,0.37
2017-05-24,HT,0.02,0.2
2017-05-24,LB,0.0,0.12
2017-05-24,LB,0.0,0.11
2017-05-24,LB,0.01,0.16
2017-05-31,PK,0.02,0.18
2017-05-31,PK,0.01,0.17
2017-05-31,PK,0.02,0.22
2017-05-31,PK,0.0,0.1
2017-05-31,PK,0.02,0.22
2017-05-31,PK,0.03,0.25
2017-05-31,LB,0.04,0.29
2017-05-31,LB,0.08,0.47
2017-05-31,LB,0.08,0.45
2017-05-31,LB,0.07,0.44
2017-05-31,HT,0.19,0.99
2017-05-31,HT,0.18,0.92
2017-05-31,HT,0.13,0.7
2017-05-31,HT,0.11,0.59
2017-06-02,PK,0.01,0.18
2017-06-02,PK,0.0,0.1
2017-06-02,PK,0.05,0.34
2017-06-02,PK,0.05,0.33
2017-06-02,PK,0.03,0.23
2017-06-02,PK,0.0,0.12
2017-06-02,PK,0.02,0.2
2017-06-05,PK,0.01,0.16
2017-06-05,PK,0.0,0.1
2017-06-05,PK,0.04,0.29
2017-06-05,LB,0.09,0.52
2017-06-05,LB,0.02,0.2
2017-06-05,HT,0.19,1.0
2017-06-05,HT,0.17,0.88
2017-06-05,HT,0.08,0.49
2017-06-05,HT,0.12,0.67
2017-06-05,HT,0.19,0.97
2017-06-05,HT,0.29,1.46
2017-06-05,HT,0.39,1.89
2017-06-05,HT,0.2,1.02
2017-06-07,LB,0.08,0.49
2017-06-07,LB,0.1,0.57
2017-06-07,LB,0.07,0.43
2017-06-07,LB,0.08,0.47
2017-06-07,LB,0.13,0.69
2017-06-07,HT,0.21,1.07
2017-06-07,HT,0.2,1.04
2017-06-07,BO,0.34,1.69
2017-06-07,BO,0.4,1.96
2017-06-07,BO,0.57,2.75
2017-06-07,BO,0.38,1.86
2017-06-07,PK,0.0,0.13
2017-06-07,PK,0.0,0.13
2017-06-07,PK,0.03,0.23
2017-06-12,PK,0.03,0.25
2017-06-12,PK,0.04,0.27
2017-06-12,PK,0.04,0.28
2017-06-12,PK,0.02,0.18
2017-06-12,PK,0.02,0.22
2017-06-12,LB,0.08,0.49
2017-06-12,LB,0.09,0.51
2017-06-12,LB,0.07,0.43
2017-06-12,HT,0.33,1.66
2017-06-12,HT,0.41,2.01
2017-06-12,BO,0.92,4.38
2017-06-12,BO,1.02,4.85
2017-06-15,LB,0.17,0.89
2017-06-15,LB,0.25,1.28
2017-06-15,HT,0.47,2.26
2017-06-15,HT,0.5,2.44
2017-06-15,HT,0.55,2.64
2017-06-15,BO,0.58,2.8
2017-06-15,BO,0.65,3.1
2017-06-15,BO,0.83,3.96
2017-06-15,PK,0.08,0.47
2017-06-15,PK,0.09,0.5
2017-06-15,PK,0.07,0.44
2017-06-15,PK,0.07,0.43
2017-06-15,PK,0.08,0.5
2017-06-20,PK,0.01,0.14
2017-06-20,PK,0.0,0.12
2017-06-20,PK,0.0,0.1
2017-06-20,LB,0.21,1.1
2017-06-20,LB,0.19,1.01
2017-06-20,LB,0.18,0.94
2017-06-20,HT,0.36,1.78
2017-06-20,HT,0.38,1.89
2017-06-20,HT,0.43,2.08
2017-06-20,BO,0.1,0.55
2017-06-20,BO,0.08,0.48
2017-06-20,BO,0.11,0.6
2017-06-27,HT,0.01,0.14
2017-06-27,HT,0.04,0.31
2017-06-27,HT,0.02,0.19
2017-06-27,HT,0.03,0.25
2017-06-27,HT,0.05,0.36
2017-06-27,LB,0.15,0.82
2017-06-27,LB,0.17,0.9
2017-06-27,LB,0.2,1.04
2017-06-27,LB,0.03,0.26
2017-06-27,HT,0.14,0.76
2017-06-27,HT,0.15,0.82
2017-06-27,HT,0.21,1.06
2017-06-27,BO,0.03,0.23
2017-06-27,BO,0.07,0.42
2017-07-05,LB,0.02,0.18
2017-07-05,LB,0.04,0.28
2017-07-05,LB,0.03,0.24
2017-07-05,HT,0.03,0.23
2017-07-05,HT,0.05,0.35
2017-07-05,HT,0.06,0.38
2017-07-05,BO,0.0,0.12
2017-07-05,BO,0.03,0.26
2017-07-05,BO,0.02,0.22
2017-07-05,PK,0.0,0.12
2017-07-05,PK,0.01,0.13
2017-07-05,PK,0.03,0.23
2017-07-05,PK,0.03,0.26
2017-07-11,PK,0.01,0.16
2017-07-11,PK,0.0,0.12
2017-07-11,PK,0.01,0.13
2017-07-11,PK,0.01,0.16
2017-07-11,PK,0.03,0.24
2017-07-11,LB,0.04,0.3
2017-07-11,LB,0.06,0.39
2017-07-11,LB,0.03,0.24
2017-07-11,HT,0.05,0.33
2017-07-11,HT,0.06,0.38
2017-07-11,BO,0.01,0.15
2017-07-11,BO,0.02,0.17
2017-07-18,HT,0.11,0.59
2017-07-18,HT,0.11,0.59
2017-07-18,HT,0.0,0.07
2017-07-18,HT,0.0,0.07
2017-07-18,HT,0.0,0.08
2017-07-18,HT,0.02,0.15
2017-07-18,HT,0.05,0.28
2017-07-18,BO,0.06,0.36
2017-07-18,BO,0.05,0.29
2017-07-18,BO,0.1,0.5
2017-07-18,LB,0.02,0.17
2017-07-18,LB,0.07,0.38
2017-07-18,LB,0.03,0.19
2017-07-25,PK,0.05,0.25
2017-07-25,PK,0.03,0.14
2017-07-25,PK,0.01,0.04
2017-07-25,PK,0.03,0.12
2017-07-25,PK,0.02,0.11
2017-07-25,PK,0.04,0.17
2017-07-25,LB,0.04,0.16
2017-07-25,LB,0.06,0.27
2017-07-25,HT,0.03,0.12
2017-07-25,HT,0.03,0.16
2017-07-25,HT,0.04,0.2
2017-07-25,BO,0.09,0.41
2017-08-01,BO,0.12,0.56
2017-08-01,BO,0.15,0.71
2017-08-01,BO,0.12,0.56
2017-08-01,HT,0.06,0.28
2017-08-01,HT,0.04,0.19
2017-08-01,HT,0.04,0.2
2017-08-01,LB,0.07,0.34
2017-08-01,LB,0.05,0.22
2017-08-01,PK,0.06,0.29
2017-08-01,PK,0.04,0.18
2017-08-01,PK,0.02,0.09
2017-08-01,PK,0.0,0.02
2017-08-01,PK,0.01,0.07
2017-08-03,PK,0.09,0.4
2017-08-03,PK,0.08,0.37
2017-08-03,PK,0.05,0.25
2017-08-03,PK,0.05,0.21
2017-08-03,PK,0.05,0.23
2017-08-08,PK,0.02,0.07
2017-08-08,PK,0.04,0.16
2017-08-08,PK,0.03,0.09
2017-08-08,PK,0.03,0.12
2017-08-08,PK,0.05,0.2
2017-08-08,LB,0.03,0.1
2017-08-08,LB,0.07,0.27
2017-08-08,HT,0.04,0.15
2017-08-08,HT,0.03,0.08
2017-08-08,HT,0.04,0.15
2017-08-08,HT,0.07,0.27
2017-08-08,BO,0.08,0.32
2017-08-08,BO,0.08,0.34
2017-08-10,BO,0.08,0.34
2017-08-10,BO,0.09,0.38
2017-08-10,BO,0.11,0.48
2017-08-10,HT,0.09,0.37
2017-08-10,HT,0.03,0.11
2017-08-10,LB,0.02,0.04
2017-08-10,LB,0.06,0.26
2017-08-10,PK,0.05,0.2
2017-08-10,PK,0.04,0.17
2017-08-10,PK,0.02,0.07
2017-08-10,PK,0.02,0.06
2017-08-10,PK,0.02,0.07
2017-08-15,LB,0.11,0.45
2017-08-15,LB,0.08,0.31
2017-08-15,HT,0.06,0.24
2017-08-15,HT,0.05,0.19
2017-08-15,HT,0.14,0.59
2017-08-15,BO,0.09,0.36
2017-08-15,BO,0.11,0.46
2017-08-15,BO,0.1,0.42
2017-08-15,PK,0.06,0.22
2017-08-15,PK,0.04,0.14
2017-08-15,PK,0.03,0.1
2017-08-15,PK,0.02,0.04
2017-08-15,PK,0.05,0.18
2017-08-15,PK,0.04,0.13
2017-08-24,LB,0.07,0.3
2017-08-24,LB,0.05,0.19
2017-08-24,HT,0.12,0.52
2017-08-24,HT,0.11,0.47
2017-08-24,PK,0.04,0.15
2017-08-24,PK,0.03,0.09
2017-08-24,PK,0.02,0.05
2017-08-24,PK,0.05,0.18
2017-08-24,PK,0.07,0.3
2017-08-24,PK,0.09,0.37
2017-08-29,LB,0.3,1.32
2017-08-29,LB,0.32,1.46
2017-08-29,HT,0.16,0.71
2017-08-29,HT,0.23,1.03
2017-09-06,PK,0.11,0.46
2017-09-06,PK,0.05,0.2
2017-09-06,PK,0.11,0.44
2017-09-06,PK,0.11,0.48
2017-09-06,PK,0.08,0.34
2017-09-12,PK,0.04,0.12
2017-09-12,PK,0.06,0.22
2017-09-12,PK,0.07,0.29
2017-09-12,PK,0.05,0.18
2017-09-12,PK,0.06,0.22
2017-09-12,PK,0.04,0.14
2017-09-12,LB,0.07,0.27
2017-09-12,LB,0.04,0.16
2017-09-12,HT,0.11,0.48
2017-09-12,HT,0.13,0.55
2017-09-12,HT,0.14,0.58
2017-09-12,BO,0.1,0.43
2017-09-12,BO,0.06,0.21
2017-09-19,BB,0.83,3.64
2017-09-19,BB,0.86,3.77
2017-09-19,BB,0.88,3.88
2017-09-19,BB,0.87,3.84
2017-09-19,BB,0.75,3.31
2017-09-19,PK,0.2,0.93
2017-09-19,PK,0.22,1.0
2017-09-19,PK,0.2,0.93
2017-09-19,PK,0.2,0.94
2017-09-19,PK,0.22,1.02
2017-09-26,BB,0.02,0.07
2017-09-26,BB,0.01,0.06
2017-09-26,BB,0.04,0.17
2017-09-26,BB,0.05,0.2
2017-09-26,BB,0.06,0.25
2017-09-26,BB,0.05,0.23
2017-09-26,PK,0.09,0.37
2017-09-26,PK,0.08,0.36
2017-09-26,PK,0.07,0.28
2017-09-26,PK,0.06,0.25
2018-04-24,PK,0.07,0.33
2018-04-24,PK,0.07,0.31
2018-04-24,PK,0.05,0.25
2018-04-24,PK,0.06,0.27
2018-04-24,PK,0.06,0.3
2018-05-08,PK,0.16,0.56
2018-05-08,PK,0.13,0.46
2018-04-24,LB,0.07,0.33
2018-04-24,LB,0.1,0.45
2018-04-24,HT,0.05,0.22
2018-04-24,HT,0.05,0.24
2018-04-24,BB,0.01,0.07
2018-04-24,BB,0.01,0.06
2018-04-24,BB,0.01,0.08
2018-04-24,BB,0.02,0.09
2018-05-08,PK,0.09,0.29
2018-05-08,PK,0.09,0.26
2018-05-08,PK,0.09,0.28
2018-05-08,LB,0.05,0.21
2018-05-08,LB,0.07,0.3
2018-05-08,LB,0.07,0.3
2018-05-08,HT,0.1,0.32
2018-05-08,HT,0.09,0.27
2018-05-08,HT,0.14,0.46
2018-05-08,BO,0.1,0.33
2018-05-08,BO,0.09,0.27
2018-05-08,BB,0.08,0.23
2018-05-08,BB,0.13,0.43
2018-05-10,PK,0.09,0.27
2018-05-10,PK,0.11,0.36
2018-05-10,PK,0.1,0.31
2018-05-10,PK,0.09,0.28
2018-05-10,BB,0.28,1.02
2018-05-10,BB,0.29,1.08
2018-05-10,BB,0.32,1.18
2018-05-10,BO,0.25,0.92
2018-05-10,BO,0.31,1.16
2018-05-10,HT,0.11,0.36
2018-05-10,HT,0.16,0.57
2018-05-10,HT,0.22,0.77
2018-05-10,LB,0.16,0.54
2018-05-10,LB,0.16,0.55
2018-05-10,LB,0.16,0.56
2018-05-10,PK,0.09,0.28
2018-05-14,PK,0.1,0.32
2018-05-14,PK,0.09,0.28
2018-05-14,PK,0.09,0.28
2018-05-14,PK,0.1,0.3
2018-05-14,LB,0.12,0.39
2018-05-14,LB,0.14,0.48
2018-05-14,LB,0.17,0.59
2018-05-14,HT,0.18,0.62
2018-05-14,HT,0.21,0.76
2018-05-14,HT,0.22,0.79
2018-05-14,BO,0.13,0.44
2018-05-14,BO,0.15,0.51
2018-05-14,PK,0.08,0.24
2018-05-16,PK,0.06,0.15
2018-05-16,PK,0.05,0.13
2018-05-16,LB,0.5,1.9
2018-05-16,LB,0.55,2.1
2018-05-16,HT,0.32,1.19
2018-05-16,HT,0.32,1.2
2018-05-16,HT,0.39,1.46
2018-05-16,BO,0.56,2.11
2018-05-16,BO,0.57,2.16
2018-05-16,BO,0.55,2.08
2018-05-16,BO,0.55,2.09
2018-05-16,BO,0.57,2.17
2018-05-16,BO,0.5,1.9
2018-05-16,BB,0.46,1.72
2018-05-16,BB,0.51,1.93
2018-05-16,BB,0.48,1.8
2018-05-16,BB,0.51,1.92
2018-05-16,BB,0.55,2.11
2018-05-16,PK,0.06,0.15
2018-05-16,PK,0.08,0.26
2018-05-16,PK,0.07,0.2
2018-05-16,PK,0.05,0.12
2018-05-16,PK,0.04,0.07
2018-05-16,PK,0.04,0.1
2018-05-16,PK,0.05,0.11
2018-05-16,PK,0.05,0.11
2018-05-16,PK,0.05,0.12
2018-05-16,PK,0.07,0.2
2018-05-17,PK,0.08,0.24
2018-05-17,PK,0.04,0.09
2018-05-17,LB,0.28,1.01
2018-05-17,LB,0.25,0.91
2018-05-17,HT,0.29,1.08
2018-05-17,HT,0.33,1.22
2018-05-17,BO,0.31,1.16
2018-05-17,BO,0.28,1.01
2018-05-17,BO,0.29,1.07
2018-05-17,PK,0.04,0.1
2018-05-17,PK,0.04,0.1
2018-05-17,PK,0.05,0.13
2018-05-21,LB,0.146,0.5
2018-05-21,LB,0.171,0.6
2018-05-21,LB,0.181,0.64
2018-05-21,HT,0.139,0.47
2018-05-21,HT,0.171,0.6
2018-05-21,HT,0.173,0.61
2018-05-21,BO,0.793,3.05
2018-05-21,BO,0.869,3.34
2018-05-21,BO,0.421,1.58
2018-05-21,BO,0.368,1.37
2018-05-21,BB,0.31,1.14
2018-05-21,BB,0.296,1.09
2018-05-21,BB,0.304,1.12
2018-05-21,BB,0.372,1.39
2018-05-21,BB,0.506,1.92
2018-05-23,BO,0.239,0.87
2018-05-23,BO,0.204,0.73
2018-05-23,BO,0.221,0.8
2018-05-23,BO,0.21,0.75
2018-05-23,BO,0.279,1.02
2018-05-23,HT,0.163,0.57
2018-05-23,HT,0.21,0.75
2018-05-23,HT,0.257,0.94
2018-05-23,LB,0.232,0.84
2018-05-23,LB,0.222,0.8
2018-05-23,LB,0.267,0.98
2018-05-23,BB,0.157,0.55
2018-05-23,BB,0.238,0.86
2018-05-23,BB,0.294,1.08
2018-05-25,LB,0.483,1.83
2018-05-25,LB,0.486,1.84
2018-05-25,HT,0.444,1.67
2018-05-25,HT,0.432,1.63
2018-05-25,HT,0.444,1.67
2018-05-25,HT,0.571,2.17
2018-05-25,BO,0.709,2.72
2018-05-25,BO,0.908,3.5
2018-05-25,BO,0.649,2.48
2018-05-25,BB,0.504,1.91
2018-05-27,LB,0.179,0.63
2018-05-27,HT,0.132,0.45
2018-05-27,HT,0.317,1.17
2018-05-27,BO,0.195,0.69
2018-05-27,BO,0.221,0.8
2018-05-29,LB,0.226,0.82
2018-05-29,LB,0.239,0.87
2018-05-31,LB,0.464,1.75
2018-06-01,LB,0.132,0.45
2018-06-01,LB,0.233,0.84
2018-06-01,LB,0.202,0.72
2018-06-01,LB,0.118,0.39
2018-06-01,HT,0.155,0.54
2018-06-01,HT,0.154,0.53
2018-06-01,HT,0.146,0.5
2018-06-01,HT,0.159,0.55
2018-06-01,HT,0.099,0.31
2018-06-01,BO,0.207,0.74
2018-06-01,BO,0.179,0.63
2018-06-01,BO,0.203,0.73
2018-06-01,BO,0.391,1.46
2018-06-02,LB,0.16,0.56
2018-06-02,LB,0.148,0.51
2018-06-02,LB,0.183,0.65
2018-06-02,HT,0.212,0.76
2018-06-02,HT,0.202,0.72
2018-06-02,HT,0.134,0.45
2018-06-04,LB,0.51,1.93
2018-06-04,LB,0.559,2.13
2018-06-04,HT,0.476,1.8
2018-06-04,HT,0.498,1.89
2018-06-04,BO,0.295,1.09
2018-06-04,BO,0.286,1.05
2018-06-05,LB,0.257,0.94
2018-06-05,LB,0.272,1.0
2018-06-05,HT,0.146,0.5
2018-06-05,HT,0.109,0.36
2018-06-05,HT,0.165,0.57
2018-06-05,BO,0.169,0.59
2018-06-05,BO,0.186,0.66
2018-06-05,BO,0.252,0.92
2018-06-07,BO,0.231,0.84
2018-06-07,BO,0.238,0.86
2018-06-07,LB,0.296,1.09
2018-06-07,LB,0.279,1.02
2018-06-07,LB,0.323,1.2
2018-06-07,HT,0.158,0.55
2018-06-07,HT,0.122,0.41
2018-06-07,HT,0.189,0.67
2018-06-08,LB,0.182,0.64
2018-06-08,LB,0.167,0.58
2018-06-08,LB,0.193,0.69
2018-06-08,HT,0.108,0.35
2018-06-08,HT,0.133,0.45
2018-06-08,HT,0.139,0.47
2018-06-08,BO,0.12,0.4
2018-06-08,BO,0.113,0.37
2018-06-08,BO,0.102,0.33
2018-06-08,BO,0.138,0.47
2018-06-09,LB,0.325,1.21
2018-06-15,LB,0.225,0.84
2018-06-15,LB,0.273,1.03
2018-06-15,HT,0.269,1.02
2018-06-15,HT,0.257,0.97
2018-06-15,BO,0.188,0.7
2018-06-15,BO,0.19,0.71
2018-06-19,BCR,0.011,0.0
2018-06-19,BCR,0.028,0.07
2018-06-19,BCR,0.032,0.09
2018-06-19,BCR,0.018,0.03
2018-06-19,LB,0.129,0.47
2018-06-19,LB,0.121,0.43
2018-06-19,LB,0.125,0.45
2018-06-19,LB,0.164,0.6
2018-06-19,HT,0.075,0.25
2018-06-19,HT,0.093,0.33
2018-06-19,HT,0.085,0.29
2018-06-19,BO,0.106,0.38
2018-06-19,BO,0.1,0.35
2018-06-19,BO,0.172,0.64
2018-06-21,LB,0.197,0.74
2018-06-21,LB,0.231,0.87
2018-06-21,LB,0.219,0.82
2018-06-21,LB,0.206,0.77
2018-06-21,HT,0.102,0.36
2018-06-21,HT,0.162,0.6
2018-06-21,HT,0.115,0.41
2018-06-21,HT,0.217,0.81
2018-06-21,BO,0.158,0.58
2018-06-21,BO,0.109,0.39
2018-06-21,BO,0.101,0.36
2018-06-21,BO,0.147,0.54
2018-07-11,LB,0.694,2.69
2018-07-11,LB,0.785,3.05
2018-07-11,LB,0.814,3.16
2018-07-13,LB,0.171,0.63
2018-07-13,LB,0.296,1.12
2018-07-13,HT,0.233,0.88
2018-07-13,HT,0.447,1.72
2018-07-13,HT,0.466,1.79
2018-07-13,BO,0.166,0.61
2018-07-13,BO,0.66,2.56
2018-07-13,PK,0.302,1.15
2018-07-13,PK,0.285,1.08
2018-07-13,PK,0.286,1.08
2018-07-13,PK,0.31,1.18
2018-07-13,PK,0.287,1.09
2018-07-16,LB,0.63,2.44
2018-07-16,LB,0.993,3.86
2018-07-16,LB,1.493,5.83
2018-07-16,HT,0.375,1.43
2018-07-16,HT,0.847,3.29
2018-07-16,HT,0.726,2.81
2018-07-16,BO,0.165,0.61
2018-07-16,BO,0.408,1.56
2018-07-16,BO,0.601,2.32
2018-07-16,PK,0.268,1.01
2018-07-16,PK,0.247,0.93
2018-07-16,PK,0.256,0.97
2018-07-16,PK,0.258,0.98
2018-07-16,PK,0.321,1.22
2018-07-18,LB,0.791,3.07
2018-07-18,LB,0.793,3.08
2018-07-18,LB,0.747,2.9
2018-07-18,HT,0.3,1.14
2018-07-18,HT,0.382,1.46
2018-07-18,HT,0.526,2.03
2018-07-18,BO,0.277,1.05
2018-07-18,BO,0.3,1.14
2018-07-18,BO,0.439,1.69
2018-07-18,PK,0.24,0.9
2018-07-18,PK,0.26,0.98
2018-07-18,PK,0.313,1.19
2018-07-18,PK,0.24,0.91
2018-07-18,PK,0.246,0.93
2018-07-24,LB,0.257,1.0
2018-07-24,LB,0.262,1.02
2018-07-24,LB,0.326,1.27
2018-07-24,HT,0.079,0.3
2018-07-24,HT,0.112,0.43
2018-07-24,HT,0.141,0.54
2018-07-24,BO,0.07,0.27
2018-07-24,BO,0.16,0.62
2018-07-24,BO,0.153,0.59
2018-07-24,PK,0.195,0.76
2018-07-24,PK,0.188,0.73
2018-07-24,PK,0.198,0.77
2018-07-24,PK,0.211,0.82
2018-07-24,PK,0.189,0.73
2018-07-26,LB,0.182,0.71
2018-07-26,LB,0.241,0.94
2018-07-26,HT,0.113,0.43
2018-07-26,HT,0.257,1.0
2018-07-26,BO,0.121,0.47
2018-07-26,BO,0.171,0.66
2018-07-26,BO,0.225,0.87
2018-07-26,PK,0.165,0.64
2018-07-26,PK,0.17,0.66
2018-07-26,PK,0.156,0.6
2018-07-26,PK,0.152,0.59
2018-07-26,PK,0.158,0.61
2018-07-31,BCR,0.541,2.13
2018-07-31,BCR,0.582,2.29
2018-07-31,BCR,0.531,2.09
2018-07-31,BCR,0.545,2.15
2018-07-31,BCR,0.533,2.1
2018-07-31,LB,0.152,0.6
2018-07-31,LB,0.197,0.78
2018-07-31,LB,0.17,0.67
2018-07-31,HT,0.086,0.34
2018-07-31,HT,0.126,0.5
2018-07-31,HT,0.112,0.44
2018-07-31,BO,0.1,0.4
2018-07-31,BO,0.21,0.83
2018-07-31,BO,0.208,0.82
2018-07-31,PK,0.11,0.44
2018-07-31,PK,0.105,0.42
2018-07-31,PK,0.118,0.47
2018-07-31,PK,0.12,0.47
2018-08-02,BCR,0.458,1.8
2018-08-02,BCR,0.462,1.82
2018-08-02,BCR,0.476,1.87
2018-08-02,BCR,0.479,1.89
2018-08-02,BCR,0.474,1.87
2018-08-02,BO,0.178,0.7
2018-08-02,BO,0.19,0.75
2018-08-02,BO,0.216,0.85
2018-08-02,HT,0.106,0.42
2018-08-02,HT,0.125,0.49
2018-08-02,HT,0.118,0.47
2018-08-02,HT,0.143,0.57
2018-08-02,LB,0.157,0.62
2018-08-02,LB,0.165,0.65
2018-08-02,LB,0.161,0.64
2018-08-02,LB,0.136,0.54
2018-08-02,PK,0.117,0.46
2018-08-02,PK,0.118,0.47
2018-08-02,PK,0.121,0.48
2018-08-02,PK,0.113,0.45
2018-08-02,PK,0.108,0.43
2018-08-02,PK,0.137,0.54
2018-08-07,LB,0.162,0.64
2018-08-09,BCR,0.222,0.88
2018-08-09,BCR,0.22,0.87
2018-08-09,BCR,0.213,0.84
2018-08-09,BCR,0.226,0.89
2018-08-09,BCR,0.211,0.84
2018-08-09,LB,0.111,0.44
2018-08-14,LB,0.111,0.39
2018-08-14,LB,0.148,0.54
2018-08-14,HT,0.133,0.48
2018-08-14,HT,0.127,0.46
2018-08-16,LB,0.304,1.15
2018-08-16,LB,0.283,1.07
2018-08-16,LB,0.261,0.98
2018-08-16,HT,0.295,1.12
2018-08-16,HT,0.259,0.97
2018-08-16,HT,0.224,0.84
2018-08-16,BO,0.713,2.76
2018-08-16,BO,0.491,1.89
2018-11-05,PK,0.139,0.55
2018-11-05,PK,0.135,0.53
2018-11-05,PK,0.118,0.47
2018-11-05,PK,0.14,0.55
2018-11-05,PK,0.15,0.59
2018-11-05,PK,0.145,0.57
2018-11-05,BCR,0.094,0.37
2018-11-05,BCR,0.054,0.21
2018-11-05,BCR,0.054,0.21
2018-11-05,BCR,0.034,0.14
2018-11-05,BCR,0.025,0.1
2018-11-13,PK,0.324,1.28
2018-11-13,PK,0.394,1.55
2018-11-13,PK,0.329,1.3
2018-11-13,PK,0.322,1.27
2018-11-13,PK,0.326,1.28
2018-11-13,BCR,0.347,1.37
2018-11-13,BCR,0.382,1.5
2018-11-13,BCR,0.38,1.5
2018-11-13,BCR,0.369,1.45
2018-11-13,BCR,0.343,1.35
2018-11-13,BCR,0.262,1.03
2018-11-19,PK,0.168,0.61
2018-11-19,PK,0.153,0.54
2018-11-19,PK,0.145,0.51
2018-11-19,PK,0.156,0.55
2018-11-19,PK,0.149,0.53
2018-11-19,BCR,0.123,0.41
2018-11-19,BCR,0.098,0.3
2018-11-19,BCR,0.09,0.27
2018-11-19,BCR,0.088,0.26
2018-11-19,BCR,0.082,0.23
2018-11-27,BCR,0.166,0.6
2018-11-27,BCR,0.172,0.62
2018-11-27,BCR,0.156,0.55
2018-11-27,BCR,0.179,0.66
2018-11-27,PK,0.167,0.6
2018-11-27,PK,0.181,0.66
2018-11-27,PK,0.177,0.65
2018-11-27,PK,0.176,0.64
2018-11-27,PK,0.156,0.56
2018-12-04,PK,0.151,0.61
2018-12-04,PK,0.15,0.6
2018-12-04,PK,0.148,0.59
2018-12-04,PK,0.137,0.55
2018-12-04,PK,0.151,0.61
2018-12-04,BCR,0.124,0.49
2018-12-04,BCR,0.159,0.64
2018-12-04,BCR,0.162,0.65
2018-12-04,BCR,0.166,0.67
2018-12-04,BCR,0.186,0.76
2018-12-18,PK,0.348,1.45
2018-12-18,PK,0.335,1.39
2018-12-18,PK,0.355,1.48
2018-12-18,PK,0.35,1.46
2018-12-18,BCR,0.231,0.94
2018-12-18,BCR,0.271,1.11
2018-12-18,BCR,0.238,0.97
2018-12-18,BCR,0.185,0.74
2018-12-31,PK,0.066,0.22
2018-12-31,PK,0.057,0.18
2018-12-31,PK,0.046,0.14
2018-12-31,PK,0.067,0.22
2018-12-31,PK,0.052,0.16
2018-12-31,BCR,0.062,0.2
2018-12-31,BCR,0.055,0.17
2018-12-31,BCR,0.064,0.21
2018-12-31,BCR,0.052,0.16
2018-12-31,BCR,0.029,0.06
2019-01-15,PK,0.084,0.3
2019-01-15,PK,0.094,0.34
2019-01-15,PK,0.104,0.38
2019-01-15,PK,0.095,0.35
2019-01-15,PK,0.097,0.36
2019-01-15,BCR,0.114,0.43
2019-01-15,BCR,0.116,0.44
2019-01-15,BCR,0.093,0.34
2019-01-15,BCR,0.09,0.32
2019-01-15,BCR,0.082,0.29
2019-01-29,PK,0.148,0.71
2019-01-29,PK,0.153,0.74
2019-01-29,PK,0.159,0.76
2019-01-29,PK,0.15,0.72
2019-01-29,PK,0.146,0.7
2019-01-29,BCR,0.107,0.54
2019-01-29,BCR,0.119,0.59
2019-01-29,BCR,0.119,0.59
2019-01-29,BCR,0.114,0.57
2019-01-29,BCR,0.104,0.52
2019-02-12,PK,0.028,0.31
2019-02-12,PK,0.037,0.35
2019-02-12,PK,0.029,0.32
2019-02-12,PK,0.009,0.23
2019-02-12,PK,0.017,0.27
2019-02-12,BCR,0.029,0.32
2019-02-12,BCR,0.02,0.28
2019-02-12,BCR,0.007,0.22
2019-02-12,BCR,0.024,0.29
2019-02-12,BCR,0.014,0.26
2019-03-05,LB,0.471,1.82
2019-03-05,LB,0.512,1.98
2019-03-05,LB,0.62,2.41
2019-03-05,LB,0.643,2.5
2019-03-05,HT,0.238,0.91
2019-03-05,HT,0.267,1.02
2019-03-05,HT,0.438,1.69
2019-03-05,HT,0.449,1.74
2019-03-05,BO,0.072,0.26
2019-03-05,BO,0.263,1.01
2019-03-05,BO,0.255,0.98
2019-03-05,BCR,0.338,1.3
2019-03-05,BCR,0.332,1.28
2019-03-05,BCR,0.333,1.28
2019-03-05,BCR,0.332,1.28
2019-03-05,BCR,0.331,1.27
2019-03-05,PK,0.328,1.26
2019-03-05,PK,0.313,1.2
2019-03-05,PK,0.339,1.3
2019-03-05,PK,0.316,1.22
2019-03-05,PK,0.295,1.13
2019-03-12,BCR,0.635,2.47
2019-03-12,BCR,0.688,2.68
2019-03-12,BCR,0.601,2.34
2019-03-12,BCR,0.649,2.52
2019-03-12,BCR,0.612,2.38
2019-03-12,PK,0.581,2.25
2019-03-12,PK,0.575,2.23
2019-03-12,PK,0.611,2.37
2019-03-12,PK,0.579,2.25
2019-03-12,PK,0.575,2.23
2019-03-26,PK,0.239,0.96
2019-03-26,PK,0.252,1.01
2019-03-26,PK,0.268,1.07
2019-03-26,PK,0.241,0.97
2019-03-26,PK,0.238,0.96
2019-03-26,PK,0.236,0.95
2019-03-26,PK,0.259,1.04
2019-03-26,BCR,0.233,0.94
2019-03-26,BCR,0.238,0.96
2019-03-26,BCR,0.226,0.91
2019-03-26,BCR,0.236,0.95
2019-03-26,BCR,0.218,0.88
2019-04-04,PK,0.309,1.24
2019-04-04,PK,0.351,1.4
2019-04-04,PK,0.356,1.42
2019-04-04,PK,0.364,1.45
2019-04-04,PK,0.348,1.39
2019-04-04,PK,0.339,1.35
2019-04-09,BCR,0.318,1.26
2019-04-09,BCR,0.33,1.31
2019-04-09,BCR,0.353,1.4
2019-04-09,BCR,0.346,1.37
2019-04-09,BCR,0.291,1.15
2019-04-09,LB,0.572,2.25
2019-04-09,LB,0.596,2.35
2019-04-09,LB,0.527,2.08
2019-04-09,HT,0.363,1.43
2019-04-09,HT,0.338,1.34
2019-04-09,HT,0.437,1.72
2019-04-09,BO,0.151,0.6
2019-04-09,BO,0.137,0.54
2019-04-09,BO,0.139,0.55
2019-04-09,PK,0.294,1.16
2019-04-09,PK,0.284,1.12
2019-04-09,PK,0.287,1.14
2019-04-09,PK,0.291,1.15
2019-04-09,PK,0.284,1.12
2019-04-09,PK,0.288,1.14
2019-04-17,LB,0.26,1.1
2019-04-17,LB,0.211,0.91
2019-04-17,LB,0.262,1.11
2019-04-17,HT,0.328,1.37
2019-04-17,HT,0.348,1.45
2019-04-17,BCR,0.085,0.41
2019-04-17,BCR,0.089,0.43
2019-04-17,BCR,0.11,0.51
2019-04-17,BCR,0.134,0.61
2019-04-17,BCR,0.125,0.57
2019-04-17,PK,0.116,0.54
2019-04-17,PK,0.104,0.49
2019-04-17,PK,0.098,0.46
2019-04-17,PK,0.096,0.46
2019-04-17,PK,0.098,0.46
2019-04-17,PK,0.105,0.49
2019-04-23,BCR,0.234,0.91
2019-04-23,BCR,0.223,0.86
2019-04-23,BCR,0.233,0.9
2019-04-23,BCR,0.234,0.91
2019-04-23,BCR,0.243,0.94
2019-04-23,LB,0.24,0.93
2019-04-23,LB,0.339,1.32
2019-04-23,LB,0.415,1.62
2019-04-23,HT,0.297,1.15
2019-04-23,HT,0.511,2.0
2019-04-23,HT,0.645,2.52
2019-04-23,BO,0.295,1.15
2019-04-23,BO,0.249,0.97
2019-04-23,BO,0.202,0.78
2019-04-23,PK,0.162,0.62
2019-04-23,PK,0.164,0.63
2019-04-23,PK,0.152,0.58
2019-04-23,PK,0.175,0.67
2019-04-23,PK,0.168,0.65
2019-04-30,BCR,0.085,0.37
2019-04-30,BCR,0.084,0.37
2019-04-30,BCR,0.101,0.44
2019-04-30,BCR,0.106,0.45
2019-04-30,BCR,0.115,0.49
2019-04-30,LB,0.147,0.62
2019-04-30,LB,0.174,0.72
2019-04-30,LB,0.177,0.73
2019-04-30,HT,0.037,0.18
2019-04-30,BO,0.031,0.16
2019-04-30,BO,0.049,0.23
2019-04-30,PK,0.079,0.35
2019-04-30,PK,0.087,0.38
2019-04-30,PK,0.09,0.39
2019-04-30,PK,0.087,0.38
2019-04-30,PK,0.067,0.3
2019-05-07,BCR,0.173,0.67
2019-05-07,BCR,0.198,0.77
2019-05-07,BCR,0.2,0.77
2019-05-07,BCR,0.207,0.8
2019-05-07,BCR,0.194,0.75
2019-05-07,BB,0.103,0.4
2019-05-07,BB,0.099,0.38
2019-05-07,LB,0.025,0.09
2019-05-07,LB,0.042,0.16
2019-05-07,HT,0.127,0.49
2019-05-07,HT,0.13,0.5
2019-05-07,BO,0.048,0.18
2019-05-07,BO,0.086,0.33
2019-05-07,BO,0.124,0.48
2019-05-07,BO,0.127,0.49
2019-05-07,PK,0.058,0.22
2019-05-07,PK,0.066,0.25
2019-05-07,PK,0.065,0.25
2019-05-07,PK,0.07,0.27
2019-05-07,PK,0.075,0.28
2019-05-14,BCR,0.194,0.77
2019-05-14,BCR,0.124,0.49
2019-05-14,BCR,0.14,0.55
2019-05-14,BCR,0.151,0.6
2019-05-14,BCR,0.162,0.64
2019-05-14,BCR,0.189,0.75
2019-05-14,BCR,0.184,0.73
2019-05-14,BCR,0.143,0.57
2019-05-14,BCR,0.135,0.54
2019-05-14,BCR,0.122,0.48
2019-05-14,LB,0.417,1.65
2019-05-14,LB,0.445,1.76
2019-05-14,LB,0.499,1.97
2019-05-14,HT,0.45,1.78
2019-05-14,HT,0.445,1.76
2019-05-14,HT,0.45,1.77
2019-05-14,BO,0.334,1.32
2019-05-14,BO,0.345,1.36
2019-05-14,BO,0.407,1.61
2019-05-14,BO,0.48,1.89
2019-05-14,BO,0.461,1.82
2019-05-14,PK,0.173,0.69
2019-05-14,PK,0.161,0.64
2019-05-14,PK,0.158,0.63
2019-05-14,PK,0.185,0.73
2019-05-14,PK,0.17,0.68
2019-05-14,PK,0.181,0.72
2019-05-21,BCR,0.136,0.59
2019-05-21,BCR,0.12,0.53
2019-05-21,BCR,0.13,0.56
2019-05-21,BCR,0.122,0.53
2019-05-21,BCR,0.113,0.5
2019-05-21,BCR,0.068,0.32
2019-05-21,LB,0.395,1.61
2019-05-21,LB,0.439,1.78
2019-05-21,LB,0.316,1.3
2019-05-21,HT,0.277,1.14
2019-05-21,HT,0.314,1.29
2019-05-21,HT,0.35,1.43
2019-05-21,BO,0.111,0.49
2019-05-21,BO,0.136,0.59
2019-05-21,BO,0.156,0.67
2019-05-21,PK,0.075,0.35
2019-05-21,PK,0.068,0.32
2019-05-21,PK,0.068,0.32
2019-05-21,PK,0.083,0.38
2019-05-21,PK,0.084,0.38
2019-05-21,PK,0.071,0.33
2019-05-28,BCR,0.165,0.65
2019-05-28,BCR,0.165,0.65
2019-05-28,BCR,0.153,0.6
2019-05-28,BCR,0.149,0.59
2019-05-28,BCR,0.113,0.45
2019-05-28,BCR,0.1,0.39
2019-05-28,LB,0.214,0.84
2019-05-28,LB,0.235,0.92
2019-05-28,LB,0.198,0.78
2019-05-28,LB,0.169,0.67
2019-05-28,HT,0.159,0.63
2019-05-28,HT,0.165,0.65
2019-05-28,BO,0.052,0.21
2019-05-28,BO,0.086,0.34
2019-05-28,BO,0.142,0.56
2019-05-28,PK,0.229,0.9
2019-05-28,PK,0.203,0.8
2019-05-28,PK,0.198,0.78
2019-05-28,PK,0.15,0.59
2019-05-28,PK,0.174,0.68
2019-05-30,BCR,0.486,1.91
2019-05-30,BCR,0.807,3.17
2019-05-30,BCR,0.854,3.36
2019-05-30,BCR,0.926,3.64
2019-05-30,BCR,0.857,3.37
2019-05-30,LB,0.086,0.34
2019-05-30,LB,0.112,0.44
2019-05-30,HT,0.141,0.55
2019-05-30,HT,0.149,0.59
2019-05-30,BO,0.058,0.23
2019-05-30,BO,0.12,0.47
2019-05-30,BO,0.134,0.53
2019-05-30,PK,0.121,0.48
2019-05-30,PK,0.107,0.42
2019-05-30,PK,0.105,0.42
2019-05-30,PK,0.101,0.4
2019-05-30,PK,0.093,0.37
2019-06-03,BCR,0.336,1.32
2019-06-03,BCR,0.394,1.55
2019-06-03,BCR,0.416,1.63
2019-06-03,BCR,0.379,1.49
2019-06-03,BCR,0.356,1.4
2019-06-03,BCR,0.355,1.39
2019-06-03,BCR,0.343,1.35
2019-06-03,BCR,0.324,1.27
2019-06-03,LB,0.17,0.67
2019-06-03,LB,0.146,0.57
2019-06-03,LB,0.14,0.55
2019-06-03,HT,0.296,1.16
2019-06-03,HT,0.266,1.04
2019-06-03,HT,0.27,1.06
2019-06-03,BO,0.107,0.42
2019-06-03,BO,0.079,0.31
2019-06-03,PK,0.08,0.31
2019-06-03,PK,0.107,0.42
2019-06-03,PK,0.115,0.45
2019-06-03,PK,0.104,0.41
2019-06-03,PK,0.106,0.42
2019-06-03,PK,0.085,0.33
2019-06-03,PK,0.08,0.31
2019-06-03,PK,0.088,0.35
2019-06-03,PK,0.115,0.45
2019-06-03,PK,0.095,0.37
2019-06-04,PK,0.198,0.77
2019-06-04,PK,0.202,0.79
2019-06-04,PK,0.228,0.89
2019-06-04,PK,0.205,0.8
2019-06-04,PK,0.228,0.89
2019-06-04,BCR,0.349,1.37
2019-06-04,BCR,0.314,1.23
2019-06-04,BCR,0.325,1.28
2019-06-04,BCR,0.331,1.3
2019-06-04,BCR,0.356,1.4
2019-06-04,LB,0.093,0.36
2019-06-04,LB,0.102,0.4
2019-06-04,LB,0.122,0.48
2019-06-04,LB,0.129,0.51
2019-06-04,HT,0.108,0.42
2019-06-04,HT,0.133,0.52
2019-06-04,HT,0.122,0.48
2019-06-04,HT,0.137,0.54
2019-06-04,BO,0.034,0.13
2019-06-04,BO,0.074,0.29
2019-06-04,BO,0.08,0.31
2019-06-05,PK,0.137,0.54
2019-06-05,PK,0.125,0.49
2019-06-05,PK,0.139,0.54
2019-06-05,PK,0.155,0.61
2019-06-05,PK,0.132,0.52
2019-06-05,PK,0.112,0.44
2019-06-05,PK,0.109,0.43
2019-06-05,BCR,0.079,0.31
2019-06-05,BCR,0.071,0.28
2019-06-05,BCR,0.069,0.27
2019-06-05,BCR,0.073,0.29
2019-06-05,BCR,0.094,0.37
2019-06-05,BCR,0.088,0.35
2019-06-05,BCR,0.081,0.32
2019-06-05,LB,0.085,0.33
2019-06-05,LB,0.095,0.37
2019-06-05,LB,0.115,0.45
2019-06-05,HT,0.077,0.3
2019-06-05,HT,0.077,0.3
2019-06-05,HT,0.073,0.28
2019-06-05,HT,0.081,0.32
2019-06-05,HT,0.063,0.24
2019-06-05,HT,0.058,0.23
2019-06-05,BO,0.12,0.47
2019-06-06,PK,0.29,1.14
2019-06-06,PK,0.286,1.12
2019-06-06,PK,0.275,1.08
2019-06-06,PK,0.298,1.17
2019-06-06,PK,0.302,1.19
2019-06-06,BCR,0.228,0.89
2019-06-06,BCR,0.222,0.87
2019-06-06,BCR,0.209,0.82
2019-06-06,BCR,0.221,0.87
2019-06-06,BCR,0.24,0.94
2019-06-06,BCR,0.225,0.88
2019-06-06,LB,0.243,0.95
2019-06-06,LB,0.29,1.14
2019-06-06,LB,0.23,0.9
2019-06-06,HT,0.148,0.58
2019-06-06,HT,0.168,0.66
2019-06-06,HT,0.205,0.81
2019-06-06,BO,0.229,0.9
2019-06-06,BO,0.208,0.82
2019-06-06,BO,0.198,0.78
2019-06-07,PK,0.263,1.03
2019-06-07,PK,0.286,1.12
2019-06-07,PK,0.248,0.97
2019-06-07,PK,0.275,1.08
2019-06-07,PK,0.287,1.13
2019-06-07,BCR,0.248,0.97
2019-06-07,BCR,0.278,1.09
2019-06-07,BCR,0.283,1.11
2019-06-07,BCR,0.26,1.02
2019-06-07,BCR,0.256,1.0
2019-06-07,LB,0.346,1.36
2019-06-07,LB,0.367,1.44
2019-06-07,LB,0.354,1.39
2019-06-07,LB,0.377,1.48
2019-06-07,HT,0.356,1.4
2019-06-07,HT,0.33,1.3
2019-06-07,HT,0.344,1.35
2019-06-07,BO,0.193,0.76
2019-06-07,BO,0.178,0.7
2019-06-07,BO,0.199,0.78
2019-06-10,PK,0.11,0.43
2019-06-10,PK,0.11,0.43
2019-06-10,PK,0.11,0.43
2019-06-10,PK,0.105,0.41
2019-06-10,PK,0.118,0.46
2019-06-10,LB,0.083,0.32
2019-06-10,LB,0.118,0.46
2019-06-10,HT,0.059,0.23
2019-06-10,HT,0.108,0.42
2019-06-10,HT,0.087,0.33
2019-06-10,HT,0.093,0.36
2019-06-10,BO,0.13,0.51
2019-06-10,BO,0.165,0.64
2019-06-10,BO,0.163,0.63
2019-06-11,PK,0.299,1.17
2019-06-11,PK,0.262,1.02
2019-06-11,PK,0.203,0.79
2019-06-11,PK,0.196,0.77
2019-06-11,PK,0.199,0.78
2019-06-11,PK,0.181,0.7
2019-06-11,BCR,0.409,1.6
2019-06-11,BCR,0.42,1.65
2019-06-11,BCR,0.454,1.78
2019-06-11,BCR,0.512,2.01
2019-06-11,BCR,0.627,2.46
2019-06-11,BCR,0.725,2.84
2019-06-11,LB,0.152,0.59
2019-06-11,LB,0.152,0.59
2019-06-11,HT,0.138,0.54
2019-06-11,HT,0.096,0.37
2019-06-11,HT,0.147,0.57
2019-06-11,HT,0.2,0.78
2019-06-11,BO,0.288,1.13
2019-06-11,BO,0.172,0.67
2019-06-11,BO,0.176,0.68
2019-06-11,BO,0.189,0.74
2019-06-11,BO,0.202,0.79
2019-06-12,PK,0.15,0.58
2019-06-12,PK,0.13,0.5
2019-06-12,PK,0.141,0.55
2019-06-12,PK,0.128,0.5
2019-06-12,PK,0.122,0.47
2019-06-12,BCR,0.268,1.05
2019-06-12,BCR,0.255,0.99
2019-06-12,BCR,0.267,1.04
2019-06-12,BCR,0.271,1.06
2019-06-12,LB,0.195,0.76
2019-06-12,HT,0.203,0.79
2019-06-12,HT,0.152,0.59
2019-06-12,BO,0.275,1.07
2019-06-13,PK,0.183,0.71
2019-06-13,PK,0.185,0.72
2019-06-13,PK,0.182,0.71
2019-06-13,PK,0.159,0.62
2019-06-13,PK,0.126,0.49
2019-06-13,BCR,0.387,1.51
2019-06-13,BCR,0.402,1.57
2019-06-13,BCR,0.409,1.6
2019-06-13,BCR,0.403,1.58
2019-06-13,BCR,0.398,1.56
2019-06-13,LB,0.117,0.46
2019-06-13,LB,0.229,0.89
2019-06-13,LB,0.263,1.03
2019-06-13,LB,0.246,0.96
2019-06-13,LB,0.278,1.09
2019-06-13,LB,0.339,1.33
2019-06-13,HT,0.163,0.63
2019-06-13,HT,0.167,0.65
2019-06-13,HT,0.211,0.83
2019-06-13,BO,0.224,0.87
2019-06-13,BO,0.202,0.79
2019-06-13,BO,0.246,0.96
2019-06-13,BO,0.223,0.87
2019-06-13,BO,0.166,0.65
2019-06-13,BO,0.099,0.38
2019-06-13,BO,0.094,0.36
2019-06-13,BO,0.109,0.42
2019-06-14,BCR,0.461,1.8
2019-06-14,BCR,0.482,1.89
2019-06-14,BCR,0.483,1.89
2019-06-14,BCR,0.504,1.98
2019-06-14,BCR,0.518,2.03
2019-06-14,BCR,0.446,1.75
2019-06-14,BCR,0.449,1.76
2019-06-14,BCR,0.471,1.85
2019-06-14,LB,0.199,0.78
2019-06-14,LB,0.175,0.68
2019-06-14,BO,0.23,0.9
2019-06-14,BO,0.245,0.96
2019-06-14,BO,0.142,0.55
2019-06-14,BO,0.156,0.61
2019-06-17,PK,0.113,0.44
2019-06-17,PK,0.116,0.45
2019-06-17,PK,0.112,0.44
2019-06-17,PK,0.112,0.44
2019-06-17,PK,0.111,0.43
2019-06-17,BCR,0.326,1.27
2019-06-17,BCR,0.323,1.26
2019-06-17,BCR,0.312,1.22
2019-06-17,BCR,0.317,1.24
2019-06-17,BCR,0.319,1.25
2019-06-17,BCR,0.317,1.24
2019-06-17,LB,0.199,0.78
2019-06-17,LB,0.208,0.81
2019-06-17,LB,0.22,0.86
2019-06-17,LB,0.229,0.89
2019-06-17,LB,0.244,0.96
2019-06-17,BO,0.278,1.09
2019-06-18,PK,0.154,0.6
2019-06-18,PK,0.164,0.64
2019-06-18,PK,0.165,0.64
2019-06-18,PK,0.168,0.66
2019-06-18,PK,0.179,0.7
2019-06-18,PK,0.178,0.69
2019-06-18,PK,0.172,0.67
2019-06-18,BCR,0.452,1.77
2019-06-18,BCR,0.456,1.79
2019-06-18,BCR,0.45,1.76
2019-06-18,BCR,0.451,1.77
2019-06-18,BCR,0.457,1.79
2019-06-18,BCR,0.465,1.82
2019-06-18,LB,0.367,1.43
2019-06-18,LB,0.393,1.54
2019-06-18,HT,0.392,1.53
2019-06-18,HT,0.372,1.45
2019-06-18,HT,0.377,1.48
2019-06-18,BO,0.212,0.83
2019-06-19,PK,0.163,0.64
2019-06-19,PK,0.145,0.56
2019-06-19,PK,0.13,0.5
2019-06-19,PK,0.146,0.57
2019-06-19,PK,0.167,0.65
2019-06-19,BCR,0.564,2.21
2019-06-19,BCR,0.579,2.27
2019-06-19,BCR,0.562,2.2
2019-06-19,BCR,0.557,2.18
2019-06-19,BCR,0.579,2.27
2019-06-19,BCR,0.56,2.19
2019-06-19,LB,0.475,1.86
2019-06-19,LB,0.394,1.54
2019-06-19,LB,0.437,1.71
2019-06-19,HT,0.515,2.02
2019-06-19,HT,0.528,2.07
2019-06-19,HT,0.297,1.16
2019-06-19,BO,0.098,0.38
2019-06-19,BO,0.131,0.51
2019-06-20,PK,0.225,0.88
2019-06-20,PK,0.223,0.87
2019-06-20,PK,0.23,0.9
2019-06-20,PK,0.211,0.82
2019-06-20,PK,0.216,0.84
2019-06-20,BCR,0.615,2.41
2019-06-20,BCR,0.619,2.43
2019-06-20,BCR,0.613,2.4
2019-06-20,BCR,0.605,2.37
2019-06-20,LB,0.638,2.5
2019-06-20,LB,0.704,2.76
2019-06-20,HT,0.427,1.67
2019-06-20,HT,0.498,1.95
2019-06-20,BO,0.347,1.36
2019-06-21,PK,0.189,0.74
2019-06-21,PK,0.175,0.68
2019-06-21,PK,0.185,0.72
2019-06-21,PK,0.186,0.73
2019-06-21,PK,0.2,0.78
2019-06-21,PK,0.221,0.86
2019-06-21,PK,0.185,0.72
2019-06-21,LB,0.559,2.19
2019-06-21,LB,0.458,1.79
2019-06-21,LB,0.573,2.25
2019-06-21,LB,0.61,2.39
2019-06-21,LB,0.482,1.89
2019-06-24,PK,0.165,0.64
2019-06-24,PK,0.189,0.74
2019-06-24,PK,0.159,0.62
2019-06-24,PK,0.157,0.61
2019-06-24,PK,0.159,0.62
2019-06-24,PK,0.139,0.54
2019-06-24,BCR,0.37,1.45
2019-06-24,BCR,0.372,1.46
2019-06-24,BCR,0.379,1.48
2019-06-24,BCR,0.395,1.55
2019-06-24,BCR,0.406,1.59
2019-06-24,BCR,0.41,1.6
2019-06-24,LB,0.103,0.4
2019-06-24,LB,0.103,0.4
2019-06-24,LB,0.109,0.42
2019-06-24,LB,0.135,0.53
2019-06-24,HT,0.098,0.38
2019-06-24,HT,0.111,0.43
2019-06-24,HT,0.143,0.55
2019-06-24,BO,0.11,0.43
2019-06-24,BO,0.121,0.47
2019-06-24,BO,0.124,0.48
2019-06-25,PK,0.148,0.58
2019-06-25,BCR,0.264,1.03
2019-06-25,BCR,0.118,0.46
2019-06-25,LB,0.075,0.29
2019-06-25,LB,0.142,0.55
2019-06-25,HT,0.175,0.68
2019-06-25,HT,0.126,0.49
2019-06-25,HT,0.101,0.39
2019-06-25,BO,0.192,0.75
2019-06-26,PK,0.104,0.4
2019-06-26,PK,0.109,0.42
2019-06-26,PK,0.118,0.46
2019-06-26,PK,0.125,0.48
2019-06-26,PK,0.131,0.51
2019-06-26,BCR,0.415,1.63
2019-06-26,BCR,0.382,1.49
2019-06-26,BCR,0.422,1.65
2019-06-26,BCR,0.437,1.71
2019-06-26,BCR,0.427,1.67
2019-06-26,LB,0.169,0.66
2019-06-26,LB,0.188,0.73
2019-06-26,LB,0.207,0.81
2019-06-26,HT,0.202,0.79
2019-06-26,HT,0.176,0.69
2019-06-26,BO,0.063,0.24
2019-06-26,BO,0.1,0.39
2019-06-26,BO,0.1,0.39
2019-06-27,PK,0.144,0.56
2019-06-27,PK,0.134,0.52
2019-06-27,PK,0.156,0.61
2019-06-27,PK,0.164,0.64
2019-06-27,PK,0.173,0.68
2019-06-27,LB,0.119,0.46
2019-06-27,LB,0.133,0.52
2019-06-27,HT,0.317,1.24
2019-06-27,HT,0.279,1.09
2019-06-27,BO,0.212,0.83
2019-06-27,BO,0.187,0.73
2019-07-05,PK,0.043,0.52
2019-07-05,PK,0.01,0.38
2019-07-05,PK,0.025,0.45
2019-07-05,PK,0.031,0.47
2019-07-05,PK,0.022,0.43
2019-07-05,PK,0.018,0.42
2019-07-05,BCR,0.008,0.37
2019-07-05,BCR,0.011,0.38
2019-07-05,BCR,0.018,0.41
2019-07-05,BCR,0.042,0.52
2019-07-05,BCR,0.044,0.53
2019-07-05,LB,0.001,0.34
2019-07-05,LB,0.017,0.41
2019-07-05,LB,0.008,0.37
2019-07-05,HT,0.027,0.45
2019-07-05,HT,0.054,0.57
2019-07-05,HT,0.046,0.54
2019-07-05,BO,0.04,0.51
2019-07-05,BO,0.01,0.38
2019-07-08,PK,0.005,0.36
2019-07-08,PK,0.012,0.39
2019-07-08,PK,0.009,0.38
2019-07-08,BCR,0.015,0.4
2019-07-08,BCR,0.022,0.43
2019-07-08,BCR,0.02,0.42
2019-07-08,BCR,0.014,0.4
2019-07-08,BCR,0.014,0.4
2019-07-08,BCR,0.004,0.35
2019-07-08,LB,0.014,0.4
2019-07-08,LB,0.003,0.35
2019-07-08,HT,0.011,0.38
2019-07-08,HT,0.051,0.56
2019-07-08,BO,0.089,0.72
2019-07-08,BO,0.034,0.48
2019-07-09,PK,0.006,0.36
2019-07-09,PK,0.004,0.35
2019-07-09,PK,0.007,0.36
2019-07-09,PK,0.014,0.4
2019-07-09,BCR,0.005,0.36
2019-07-09,LB,0.005,0.36
2019-07-09,LB,0.017,0.41
2019-07-09,HT,0.032,0.47
2019-07-09,HT,0.065,0.62
2019-07-09,HT,0.043,0.52
2019-07-09,BO,0.125,0.88
2019-07-09,BO,0.035,0.49
2019-07-09,BO,0.053,0.57
2019-07-10,BO,0.049,0.55
2019-07-10,BO,0.074,0.66
2019-07-10,BO,0.036,0.49
2019-07-10,LB,0.016,0.4
2019-07-10,LB,0.037,0.49
2019-07-10,HT,0.108,0.81
2019-07-10,HT,0.086,0.71
2019-07-11,PK,0.047,0.54
2019-07-11,PK,0.009,0.37
2019-07-11,PK,0.014,0.39
2019-07-11,PK,0.009,0.38
2019-07-11,PK,0.015,0.4
2019-07-11,PK,0.008,0.37
2019-07-11,PK,0.02,0.42
2019-07-11,BCR,0.019,0.42
2019-07-11,BCR,0.012,0.39
2019-07-11,BCR,0.027,0.45
2019-07-11,BCR,0.048,0.54
2019-07-11,BCR,0.058,0.59
2019-07-11,LB,0.025,0.45
2019-07-11,HT,0.11,0.81
2019-07-12,PK,0.013,0.39
2019-07-12,PK,0.014,0.4
2019-07-12,PK,0.008,0.37
2019-07-12,PK,0.033,0.48
2019-07-12,PK,0.044,0.53
2019-07-12,PK,0.029,0.46
2019-07-12,PK,0.017,0.41
2019-07-12,PK,0.026,0.45
2019-07-12,BCR,0.032,0.47
2019-07-12,BCR,0.014,0.4
2019-07-12,BCR,0.022,0.43
2019-07-12,BCR,0.017,0.41
2019-07-12,BCR,0.04,0.51
2019-07-12,BCR,0.025,0.44
2019-07-12,BCR,0.022,0.43
2019-07-12,HT,0.095,0.75
2019-07-12,BO,0.06,0.6
2019-07-15,PK,0.077,0.56
2019-07-15,PK,0.097,0.64
2019-07-15,PK,0.088,0.6
2019-07-15,PK,0.045,0.42
2019-07-15,PK,0.066,0.51
2019-07-15,BCR,0.049,0.43
2019-07-15,BCR,0.043,0.41
2019-07-15,BCR,0.033,0.36
2019-07-15,BCR,0.03,0.35
2019-07-15,BCR,0.044,0.41
2019-07-15,BCR,0.053,0.45
2019-07-16,PK,0.081,0.57
2019-07-16,PK,0.067,0.51
2019-07-16,PK,0.066,0.51
2019-07-16,PK,0.061,0.49
2019-07-16,PK,0.039,0.39
2019-07-16,LB,0.066,0.51
2019-07-16,LB,0.066,0.51
2019-07-16,LB,0.052,0.45
2019-07-16,LB,0.005,0.24
2019-07-16,HT,0.063,0.49
2019-07-16,HT,0.067,0.51
2019-07-16,HT,0.073,0.54
2019-07-16,BO,0.027,0.34
2019-07-16,BO,0.084,0.59
2019-07-16,BCR,0.054,0.45
2019-07-16,BCR,0.066,0.51
2019-07-16,BCR,0.058,0.47
2019-07-16,BCR,0.07,0.52
2019-07-16,BCR,0.047,0.42
2019-07-17,PK,0.024,0.32
2019-07-17,PK,0.025,0.33
2019-07-17,PK,0.011,0.27
2019-07-17,PK,0.021,0.31
2019-07-17,PK,0.032,0.36
2019-07-17,PK,0.024,0.33
2019-07-17,BCR,0.03,0.35
2019-07-17,BCR,0.026,0.33
2019-07-17,BCR,0.053,0.45
2019-07-17,BCR,0.04,0.4
2019-07-17,BCR,0.029,0.35
2019-07-18,BCR,0.106,0.68
2019-07-18,BCR,0.059,0.48
2019-07-18,BCR,0.058,0.47
2019-07-18,BCR,0.038,0.39
2019-07-18,BCR,0.04,0.4
2019-07-18,BCR,0.031,0.35
2019-07-18,BCR,0.059,0.48
2019-07-18,LB,0.047,0.43
2019-07-18,HT,0.117,0.73
2019-07-18,BO,0.081,0.57
2019-07-18,PK,0.006,0.25
2019-07-18,PK,0.018,0.3
2019-07-18,PK,0.03,0.35
2019-07-18,PK,0.044,0.41
2019-07-18,PK,0.032,0.36
2019-07-18,PK,0.041,0.4
2019-07-18,PK,0.042,0.4
2019-07-18,PK,0.019,0.3
2019-07-18,PK,0.02,0.3
2019-07-18,PK,0.01,0.26
2019-07-18,PK,0.017,0.29
2019-07-18,PK,0.007,0.25
2019-07-18,PK,0.029,0.35
2019-07-18,PK,0.015,0.28
2019-07-18,PK,0.031,0.35
2019-07-18,PK,0.016,0.29
2019-07-22,PK,0.052,0.33
2019-07-22,PK,0.046,0.3
2019-07-22,PK,0.041,0.28
2019-07-22,PK,0.065,0.39
2019-07-22,PK,0.084,0.47
2019-07-22,PK,0.075,0.43
2019-07-22,BCR,0.059,0.36
2019-07-22,BCR,0.044,0.29
2019-07-22,BCR,0.03,0.23
2019-07-22,BCR,0.046,0.3
2019-07-22,BCR,0.061,0.36
2019-07-23,BCR,0.085,0.47
2019-07-23,BCR,0.092,0.5
2019-07-23,BCR,0.097,0.52
2019-07-23,BCR,0.093,0.5
2019-07-23,BCR,0.116,0.6
2019-07-23,BCR,0.109,0.58
2019-07-23,LB,0.094,0.51
2019-07-23,LB,0.091,0.5
2019-07-23,LB,0.116,0.6
2019-07-23,LB,0.124,0.64
2019-07-23,HT,0.089,0.49
2019-07-23,HT,0.099,0.53
2019-07-23,HT,0.101,0.54
2019-07-23,BO,0.126,0.65
2019-07-23,BO,0.139,0.71
2019-07-23,BO,0.172,0.85
2019-07-23,BO,0.159,0.79
2019-07-23,PK,0.085,0.47
2019-07-23,PK,0.091,0.5
2019-07-23,PK,0.053,0.33
2019-07-23,PK,0.03,0.23
2019-07-23,PK,0.028,0.22
2019-07-23,PK,0.019,0.18
2019-07-23,PK,0.036,0.26
2019-07-24,BCR,0.099,0.53
2019-07-24,BCR,0.11,0.58
2019-07-24,BCR,0.111,0.59
2019-07-24,BCR,0.078,0.44
2019-07-24,BCR,0.063,0.37
2019-07-24,BCR,0.095,0.52
2019-07-24,BCR,0.12,0.62
2019-07-24,PK,0.087,0.48
2019-07-24,PK,0.108,0.57
2019-07-24,PK,0.083,0.46
2019-07-24,PK,0.072,0.41
2019-07-24,PK,0.074,0.42
2019-07-24,PK,0.081,0.45
2019-07-24,PK,0.066,0.39
2019-07-24,PK,0.053,0.33
2019-07-25,BCR,0.337,1.57
2019-07-25,BCR,0.245,1.17
2019-07-25,BCR,0.188,0.92
2019-07-25,BCR,0.198,0.96
2019-07-25,BCR,0.21,1.01
2019-07-25,BCR,0.199,0.97
2019-07-25,BCR,0.197,0.96
2019-07-25,BCR,0.188,0.92
2019-07-25,BCR,0.192,0.94
2019-07-25,BCR,0.209,1.01
2019-07-25,BCR,0.211,1.02
2019-07-25,BCR,0.2,0.97
2019-07-25,BCR,0.236,1.13
2019-07-25,BCR,0.269,1.27
2019-07-25,BCR,0.25,1.19
2019-07-25,BCR,0.207,1.0
2019-07-25,BCR,0.234,1.12
2019-07-25,LB,0.103,0.55
2019-07-25,LB,0.086,0.48
2019-07-25,LB,0.102,0.54
2019-07-25,LB,0.099,0.53
2019-07-25,LB,0.089,0.49
2019-07-25,HT,0.226,1.09
2019-07-25,HT,0.218,1.05
2019-07-25,HT,0.193,0.94
2019-07-25,BO,0.272,1.28
2019-07-25,PK,0.037,0.26
2019-07-25,PK,0.043,0.29
2019-07-25,PK,0.052,0.33
2019-07-25,PK,0.044,0.29
2019-07-25,PK,0.053,0.33
2019-07-25,PK,0.038,0.27
2019-07-25,PK,0.03,0.23
2019-07-29,PK,0.073,0.44
2019-07-29,PK,0.086,0.5
2019-07-29,PK,0.078,0.47
2019-07-29,PK,0.077,0.46
2019-07-29,PK,0.104,0.58
2019-07-29,PK,0.105,0.58
2019-07-29,BCR,0.281,1.35
2019-07-29,BCR,0.275,1.32
2019-07-29,BCR,0.283,1.36
2019-07-29,BCR,0.298,1.42
2019-07-29,BCR,0.305,1.45
2019-07-29,BCR,0.262,1.26
2019-07-29,BCR,0.25,1.21
2019-07-29,BCR,0.245,1.19
2019-07-29,BCR,0.28,1.34
2019-07-30,BCR,0.704,3.19
2019-07-30,BCR,0.737,3.33
2019-07-30,BCR,0.721,3.27
2019-07-30,BCR,0.709,3.21
2019-07-30,BCR,0.743,3.36
2019-07-30,BCR,0.764,3.45
2019-07-30,BCR,0.671,3.05
2019-07-30,BCR,0.566,2.59
2019-07-30,LB,0.439,2.04
2019-07-30,LB,0.365,1.71
2019-07-30,LB,0.379,1.77
2019-07-30,LB,0.428,1.99
2019-07-30,HT,0.108,0.59
2019-07-30,HT,0.177,0.89
2019-07-30,HT,0.278,1.33
2019-07-30,HT,0.476,2.2
2019-07-30,HT,0.326,1.54
2019-07-30,BO,0.021,0.22
2019-07-30,BO,0.019,0.21
2019-07-30,BO,0.044,0.31
2019-07-30,PK,0.099,0.55
2019-07-30,PK,0.093,0.53
2019-07-30,PK,0.071,0.44
2019-07-30,PK,0.071,0.43
2019-07-30,PK,0.087,0.5
2019-07-30,PK,0.089,0.51
2019-07-30,PK,0.09,0.52
2019-07-30,PK,0.078,0.47
2019-07-30,PK,0.072,0.44
2019-07-31,BCR,0.226,1.11
2019-07-31,BCR,0.235,1.15
2019-07-31,BCR,0.248,1.2
2019-07-31,BCR,0.244,1.19
2019-07-31,BCR,0.285,1.36
2019-07-31,BCR,0.263,1.27
2019-07-31,BCR,0.207,1.03
2019-07-31,BCR,0.218,1.07
2019-07-31,PK,0.098,0.55
2019-07-31,PK,0.103,0.57
2019-07-31,PK,0.087,0.5
2019-07-31,PK,0.096,0.54
2019-07-31,PK,0.087,0.51
2019-07-31,PK,0.102,0.57
2019-07-31,PK,0.107,0.59
2019-07-31,PK,0.114,0.62
2019-07-31,PK,0.099,0.56
2019-07-31,PK,0.107,0.59
2019-07-31,PK,0.102,0.57
2019-08-01,BCR,0.619,2.82
2019-08-01,BCR,0.706,3.2
2019-08-01,BCR,0.711,3.22
2019-08-01,BCR,0.854,3.84
2019-08-01,BCR,0.978,4.38
2019-08-01,BCR,0.809,3.65
2019-08-01,BCR,0.775,3.5
2019-08-01,LB,0.143,0.75
2019-08-01,LB,0.143,0.75
2019-08-01,LB,0.131,0.7
2019-08-01,LB,0.113,0.62
2019-08-01,LB,0.108,0.59
2019-08-01,LB,0.098,0.55
2019-08-01,LB,0.148,0.77
2019-08-01,LB,0.929,4.17
2019-08-01,HT,0.279,1.34
2019-08-01,HT,0.295,1.41
2019-08-01,HT,0.335,1.58
2019-08-01,HT,0.382,1.79
2019-08-01,HT,0.379,1.77
2019-08-01,HT,0.401,1.87
2019-08-01,HT,0.331,1.57
2019-08-01,HT,0.226,1.11
2019-08-01,HT,0.217,1.07
2019-08-01,HT,0.189,0.95
2019-08-01,HT,0.358,1.68
2019-08-01,HT,0.235,1.15
2019-08-01,HT,0.242,1.18
2019-08-01,BO,0.034,0.27
2019-08-01,BO,0.041,0.31
2019-08-01,BO,0.071,0.44
2019-08-01,BO,0.148,0.77
2019-08-01,BO,0.122,0.66
2019-08-01,PK,0.089,0.51
2019-08-01,PK,0.091,0.52
2019-08-01,PK,0.128,0.68
2019-08-01,PK,0.131,0.7
2019-08-01,PK,0.096,0.54
2019-08-01,PK,0.093,0.53
2019-08-01,PK,0.107,0.59
2019-08-01,PK,0.081,0.48
2019-08-01,PK,0.099,0.56
2019-08-01,PK,0.136,0.72
2019-08-01,PK,0.118,0.64
2019-08-01,PK,0.092,0.52
2019-08-01,PK,0.057,0.37
2019-08-05,BCR,0.482,2.33
2019-08-05,BCR,0.497,2.39
2019-08-05,BCR,0.474,2.29
2019-08-05,BCR,0.47,2.27
2019-08-05,BCR,0.474,2.29
2019-08-05,BCR,0.481,2.33
2019-08-05,BCR,0.447,2.18
2019-08-05,BCR,0.447,2.17
2019-08-05,PK,0.047,0.43
2019-08-05,PK,0.047,0.43
2019-08-05,PK,0.084,0.59
2019-08-05,PK,0.08,0.58
2019-08-05,PK,0.058,0.48
2019-08-05,PK,0.056,0.47
2019-08-05,PK,0.084,0.59
2019-08-05,PK,0.074,0.55
2019-08-05,PK,0.032,0.37
2019-08-06,BCR,1.237,5.62
2019-08-06,BCR,1.169,5.32
2019-08-06,BCR,0.996,4.56
2019-08-06,BCR,1.077,4.92
2019-08-06,BCR,1.177,5.35
2019-08-06,BCR,1.189,5.41
2019-08-06,BCR,1.132,5.16
2019-08-06,BCR,1.049,4.8
2019-08-06,BCR,1.149,5.23
2019-08-06,BCR,1.158,5.27
2019-08-06,LB,0.188,1.05
2019-08-06,LB,0.212,1.15
2019-08-06,LB,0.294,1.51
2019-08-06,LB,0.572,2.72
2019-08-06,BO,0.214,1.16
2019-08-06,BO,0.43,2.1
2019-08-06,BO,0.201,1.1
2019-08-06,BO,0.158,0.92
2019-08-06,BO,0.15,0.88
2019-08-06,PK,0.121,0.76
2019-08-06,PK,0.119,0.75
2019-08-06,PK,0.089,0.61
2019-08-06,PK,0.092,0.63
2019-08-06,PK,0.086,0.6
2019-08-06,PK,0.106,0.69
2019-08-06,PK,0.12,0.75
2019-08-06,PK,0.101,0.67
2019-08-07,PK,0.483,2.33
2019-08-07,PK,0.5,2.41
2019-08-07,PK,0.496,2.39
2019-08-07,PK,0.484,2.34
2019-08-07,PK,0.485,2.34
2019-08-07,PK,0.459,2.23
2019-08-07,PK,0.482,2.33
2019-08-07,PK,0.842,3.89
2019-08-07,PK,0.866,4.0
2019-08-07,PK,0.927,4.26
2019-08-07,PK,0.964,4.42
2019-08-07,PK,0.87,4.02
2019-08-07,PK,0.88,4.06
2019-08-08,BCR,1.365,6.17
2019-08-08,BCR,1.388,6.27
2019-08-08,BCR,1.369,6.19
2019-08-08,BCR,1.415,6.39
2019-08-08,BCR,1.791,8.03
2019-08-08,BCR,2.001,8.94
2019-08-08,BCR,1.639,7.37
2019-08-08,BCR,1.494,6.74
2019-08-08,LB,0.813,3.77
2019-08-08,LB,0.891,4.11
2019-08-08,LB,0.881,4.06
2019-08-08,LB,0.812,3.76
2019-08-08,LB,0.767,3.57
2019-08-08,HT,0.74,3.45
2019-08-08,HT,0.765,3.56
2019-08-08,HT,0.846,3.91
2019-08-08,HT,0.847,3.92
2019-08-08,HT,0.808,3.75
2019-08-08,HT,0.829,3.84
2019-08-08,HT,0.696,3.26
2019-08-08,HT,0.227,1.22
2019-08-08,BO,0.496,2.39
2019-08-08,BO,0.529,2.53
2019-08-08,BO,0.506,2.43
2019-08-08,BO,0.501,2.41
2019-08-08,PK,0.318,1.62
2019-08-08,PK,0.295,1.51
2019-08-08,PK,0.281,1.45
2019-08-08,PK,0.306,1.56
2019-08-08,PK,0.314,1.6
2019-08-08,PK,0.275,1.43
2019-08-08,PK,0.294,1.51
2019-08-09,PK,0.409,2.01
2019-08-09,PK,0.431,2.1
2019-08-09,PK,0.426,2.08
2019-08-09,PK,0.428,2.09
2019-08-09,PK,0.431,2.11
2019-08-09,PK,0.417,2.04
2019-08-09,PK,0.855,3.95
2019-08-09,PK,0.847,3.91
2019-08-09,BCR,1.138,5.18
2019-08-09,BCR,1.142,5.2
2019-08-09,BCR,1.104,5.04
2019-08-09,BCR,1.101,5.02
2019-08-09,BCR,1.011,4.63
2019-08-09,BCR,0.893,4.12
2019-08-12,BCR,0.158,0.82
2019-08-12,BCR,0.2,1.0
2019-08-12,BCR,0.204,1.02
2019-08-12,BCR,0.162,0.84
2019-08-12,BCR,0.204,1.02
2019-08-12,BCR,0.267,1.29
2019-08-12,BCR,0.217,1.08
2019-08-12,BCR,0.203,1.01
2019-08-12,PK,0.104,0.58
2019-08-12,PK,0.087,0.51
2019-08-12,PK,0.083,0.49
2019-08-12,PK,0.066,0.42
2019-08-12,PK,0.056,0.38
2019-08-12,PK,0.066,0.42
2019-08-12,PK,0.077,0.47
2019-08-12,PK,0.077,0.47
2019-08-12,PK,0.084,0.5
2019-08-13,BCR,0.26,1.26
2019-08-13,BCR,0.245,1.2
2019-08-13,BCR,0.238,1.17
2019-08-13,BCR,0.24,1.18
2019-08-13,BCR,0.236,1.16
2019-08-13,BCR,0.239,1.17
2019-08-13,BCR,0.257,1.25
2019-08-13,BCR,0.231,1.13
2019-08-13,BCR,0.201,1.01
2019-08-13,BCR,0.225,1.11
2019-08-13,BCR,0.222,1.1
2019-08-13,BCR,0.208,1.04
2019-08-13,BCR,0.208,1.03
2019-08-13,BCR,0.217,1.08
2019-08-13,BCR,0.233,1.15
2019-08-13,BCR,0.244,1.19
2019-08-13,BCR,0.233,1.15
2019-08-13,BCR,0.264,1.28
2019-08-13,BCR,0.253,1.23
2019-08-13,BCR,0.231,1.14
2019-08-13,BCR,0.239,1.17
2019-08-13,BCR,0.222,1.1
2019-08-13,BCR,0.232,1.14
2019-08-13,BCR,0.265,1.29
2019-08-13,BCR,0.231,1.13
2019-08-13,BCR,0.258,1.25
2019-08-13,BCR,0.248,1.21
2019-08-13,BCR,0.256,1.24
2019-08-13,BCR,0.283,1.36
2019-08-13,BCR,0.24,1.17
2019-08-13,BCR,0.227,1.12
2019-08-13,BCR,0.242,1.19
2019-08-13,BCR,0.25,1.22
2019-08-13,BCR,0.24,1.18
2019-08-13,BCR,0.231,1.14
2019-08-13,LB,0.053,0.36
2019-08-13,LB,0.055,0.37
2019-08-13,LB,0.034,0.28
2019-08-13,LB,0.053,0.36
2019-08-13,LB,0.049,0.35
2019-08-13,LB,0.019,0.21
2019-08-13,LB,0.019,0.21
2019-08-13,LB,0.034,0.28
2019-08-13,LB,0.051,0.35
2019-08-13,LB,0.037,0.29
2019-08-13,LB,0.053,0.36
2019-08-13,LB,0.05,0.35
2019-08-13,LB,0.036,0.29
2019-08-13,LB,0.058,0.38
2019-08-13,LB,0.051,0.35
2019-08-13,LB,0.045,0.33
2019-08-13,LB,0.031,0.26
2019-08-13,LB,0.022,0.23
2019-08-13,LB,0.042,0.31
2019-08-13,LB,0.035,0.28
2019-08-13,LB,0.046,0.33
2019-08-13,LB,0.04,0.3
2019-08-13,LB,0.029,0.26
2019-08-13,LB,0.038,0.3
2019-08-13,LB,0.083,0.49
2019-08-13,LB,0.087,0.51
2019-08-13,LB,0.032,0.27
2019-08-13,LB,0.024,0.24
2019-08-13,LB,0.037,0.29
2019-08-13,LB,0.054,0.37
2019-08-13,LB,0.049,0.35
2019-08-13,LB,0.046,0.33
2019-08-13,LB,0.028,0.25
2019-08-13,HT,0.059,0.39
2019-08-13,HT,0.055,0.37
2019-08-13,HT,0.036,0.29
2019-08-13,HT,0.046,0.33
2019-08-13,HT,0.064,0.41
2019-08-13,HT,0.052,0.36
2019-08-13,HT,0.015,0.2
2019-08-13,HT,0.023,0.23
2019-08-13,HT,0.03,0.26
2019-08-13,HT,0.042,0.31
2019-08-13,HT,0.057,0.38
2019-08-13,HT,0.057,0.38
2019-08-13,HT,0.039,0.3
2019-08-13,HT,0.042,0.31
2019-08-13,HT,0.056,0.37
2019-08-13,BO,0.077,0.47
2019-08-13,BO,0.057,0.38
2019-08-13,BO,0.05,0.35
2019-08-13,BO,0.061,0.39
2019-08-13,BO,0.069,0.43
2019-08-13,BO,0.09,0.52
2019-08-13,BO,0.094,0.54
2019-08-13,BO,0.074,0.45
2019-08-13,BO,0.07,0.44
2019-08-13,BO,0.084,0.5
2019-08-13,BO,0.092,0.53
2019-08-13,BO,0.104,0.59
2019-08-13,BO,0.078,0.47
2019-08-13,BO,0.08,0.48
2019-08-13,BO,0.07,0.44
2019-08-13,PK,0.128,0.69
2019-08-13,PK,0.104,0.58
2019-08-13,PK,0.094,0.54
2019-08-13,PK,0.069,0.43
2019-08-13,PK,0.06,0.39
2019-08-13,PK,0.061,0.4
2019-08-13,PK,0.073,0.45
2019-08-13,PK,0.063,0.4
2019-08-13,PK,0.067,0.42
2019-08-13,PK,0.055,0.37
2019-08-13,PK,0.065,0.41
2019-08-13,PK,0.052,0.36
2019-08-13,PK,0.054,0.37
2019-08-13,PK,0.064,0.41
2019-08-13,PK,0.063,0.41
2019-08-13,PK,0.069,0.43
2019-08-13,PK,0.071,0.44
2019-08-13,PK,0.074,0.45
2019-08-15,BCR,0.23,1.13
2019-08-15,BCR,0.243,1.19
2019-08-15,BCR,0.283,1.36
2019-08-15,BCR,0.266,1.29
2019-08-15,BCR,0.274,1.32
2019-08-15,BCR,0.288,1.38
2019-08-15,LB,0.056,0.37
2019-08-15,LB,0.045,0.33
2019-08-15,LB,0.067,0.42
2019-08-15,LB,0.086,0.51
2019-08-15,HT,0.158,0.82
2019-08-15,HT,0.147,0.77
2019-08-15,HT,0.154,0.8
2019-08-15,HT,0.144,0.76
2019-08-15,HT,0.142,0.75
2019-08-15,HT,0.146,0.77
2019-08-15,HT,0.135,0.72
2019-08-15,HT,0.14,0.74
2019-08-15,HT,0.149,0.78
2019-08-15,HT,0.154,0.8
2019-08-15,BO,0.119,0.65
2019-08-15,BO,0.103,0.58
2019-08-15,BO,0.1,0.57
2019-08-15,BO,0.075,0.46
2019-08-15,BO,0.05,0.35
2019-08-15,BO,0.036,0.29
2019-08-15,BO,0.023,0.23
2019-08-15,BO,0.03,0.26
2019-08-15,BO,0.038,0.29
2019-08-15,BO,0.04,0.3
2019-08-15,BO,0.031,0.27
2019-08-15,PK,0.011,0.18
2019-08-15,PK,0.009,0.17
2019-08-15,PK,0.012,0.18
2019-08-15,PK,0.016,0.2
2019-08-15,PK,0.024,0.23
2019-08-16,PK,0.108,0.6
2019-08-16,PK,0.119,0.65
2019-08-16,PK,0.128,0.69
2019-08-16,PK,0.117,0.64
2019-08-16,PK,0.108,0.6
2019-08-16,PK,0.129,0.69
2019-08-16,BCR,0.123,0.67
2019-08-16,BCR,0.077,0.46
2019-08-16,BCR,0.095,0.54
2019-08-16,BCR,0.114,0.63
2019-08-16,BCR,0.113,0.62
2019-08-16,BCR,0.111,0.61
2019-08-16,BCR,0.115,0.63
2019-08-19,BCR,0.042,0.31
2019-08-19,BCR,0.047,0.33
2019-08-19,BCR,0.042,0.31
2019-08-19,BCR,0.045,0.33
2019-08-19,BCR,0.052,0.36
2019-08-19,BCR,0.047,0.33
2019-08-19,BCR,0.044,0.32
2019-08-19,PK,0.047,0.34
2019-08-19,PK,0.046,0.33
2019-08-19,PK,0.029,0.26
2019-08-19,PK,0.011,0.18
2019-08-19,PK,0.019,0.21
2019-08-19,PK,0.048,0.34
2019-08-19,PK,0.066,0.42
2019-08-20,BCR,0.125,0.67
2019-08-20,BCR,0.122,0.66
2019-08-20,BCR,0.145,0.76
2019-08-20,BCR,0.165,0.85
2019-08-20,BCR,0.176,0.9
2019-08-20,BCR,0.165,0.85
2019-08-20,BCR,0.123,0.67
2019-08-20,BCR,0.123,0.67
2019-08-20,BCR,0.159,0.82
2019-08-20,BCR,0.127,0.69
2019-08-20,BCR,0.098,0.56
2019-08-20,PK,0.052,0.36
2019-08-20,PK,0.057,0.38
2019-08-20,PK,0.046,0.33
2019-08-20,PK,0.025,0.24
2019-08-20,PK,0.034,0.28
2019-08-20,PK,0.053,0.36
2019-08-21,BCR,0.113,0.62
2019-08-21,BCR,0.125,0.68
2019-08-21,BCR,0.108,0.6
2019-08-21,BCR,0.122,0.66
2019-08-21,BCR,0.109,0.61
2019-08-21,BCR,0.118,0.64
2019-08-21,BCR,0.137,0.73
2019-08-21,BCR,0.126,0.68
2019-08-21,BCR,0.124,0.67
2019-08-21,BCR,0.117,0.64
2019-08-21,PK,0.039,0.3
2019-08-21,PK,0.054,0.37
2019-08-21,PK,0.05,0.35
2019-08-21,PK,0.036,0.29
2019-08-21,PK,0.043,0.32
2019-08-22,BCR,0.096,0.55
2019-08-22,BCR,0.12,0.65
2019-08-22,BCR,0.128,0.69
2019-08-22,BCR,0.1,0.57
2019-08-22,BCR,0.079,0.48
2019-08-22,BCR,0.074,0.45
2019-08-22,BCR,0.073,0.45
2019-08-22,BCR,0.072,0.45
2019-08-22,LB,0.047,0.33
2019-08-22,LB,0.056,0.37
2019-08-22,LB,0.052,0.36
2019-08-22,HT,0.032,0.27
2019-08-22,HT,0.057,0.38
2019-08-22,HT,0.09,0.52
2019-08-22,HT,0.096,0.55
2019-08-22,HT,0.09,0.52
2019-08-22,HT,0.081,0.49
2019-08-22,HT,0.083,0.49
2019-08-22,HT,0.059,0.39
2019-08-22,HT,0.049,0.35
2019-08-22,HT,0.085,0.5
2019-08-22,HT,0.098,0.56
2019-08-22,BO,0.028,0.25
2019-08-22,PK,0.087,0.51
2019-08-22,PK,0.105,0.59
2019-08-22,PK,0.054,0.36
2019-08-22,PK,0.038,0.3
2019-08-22,PK,0.056,0.38
2019-08-22,PK,0.058,0.38
2019-08-22,PK,0.058,0.38
2019-08-23,PK,0.02,0.22
2019-08-23,PK,0.009,0.17
2019-08-23,PK,0.006,0.16
2019-08-23,PK,0.017,0.21
2019-08-23,PK,0.035,0.29
2019-08-23,PK,0.032,0.27
2019-08-23,PK,0.021,0.22
2019-08-26,PK,0.018,0.21
2019-08-26,PK,0.016,0.2
2019-08-26,PK,0.007,0.16
2019-08-26,PK,0.01,0.17
2019-08-26,PK,0.026,0.24
2019-08-26,PK,0.002,0.14
2019-08-26,BCR,0.021,0.22
2019-08-26,BCR,0.033,0.28
2019-08-26,BCR,0.017,0.21
2019-08-26,BCR,0.027,0.25
2019-08-26,BCR,0.035,0.28
2019-08-27,BCR,0.123,0.67
2019-08-27,BCR,0.537,2.47
2019-08-27,BCR,0.841,3.79
2019-08-27,BCR,0.537,2.47
2019-08-27,BCR,0.124,0.67
2019-08-27,BCR,0.187,0.94
2019-08-27,BCR,0.164,0.84
2019-08-27,BCR,0.08,0.48
2019-08-27,BCR,0.106,0.59
2019-08-27,LB,0.023,0.23
2019-08-27,LB,0.038,0.3
2019-08-27,LB,0.033,0.27
2019-08-27,LB,0.028,0.25
2019-08-27,HT,0.011,0.18
2019-08-27,HT,0.032,0.27
2019-08-27,HT,0.059,0.39
2019-08-27,HT,0.07,0.43
2019-08-27,HT,0.078,0.47
2019-08-27,HT,0.099,0.56
2019-08-27,BO,0.064,0.41
2019-08-27,BO,0.069,0.43
2019-08-27,BO,0.057,0.38
2019-08-27,BO,0.059,0.39
2019-08-27,BO,0.077,0.47
2019-08-27,BO,0.08,0.48
2019-08-27,BO,0.089,0.52
2019-08-27,BO,0.087,0.51
2019-08-27,PK,0.023,0.23
2019-08-27,PK,0.041,0.31
2019-08-27,PK,0.036,0.29
2019-08-27,PK,0.026,0.24
2019-08-27,PK,0.03,0.26
2019-08-27,PK,0.024,0.23
2019-08-27,PK,0.046,0.33
2019-08-27,PK,0.053,0.36
2019-08-28,BCR,0.036,0.29
2019-08-28,BCR,0.039,0.3
2019-08-28,BCR,0.042,0.32
2019-08-28,BCR,0.044,0.32
2019-08-28,BCR,0.044,0.32
2019-08-28,BCR,0.033,0.27
2019-08-29,BCR,0.192,0.97
2019-08-29,BCR,0.215,1.07
2019-08-29,BCR,0.28,1.35
2019-08-29,BCR,0.291,1.4
2019-08-29,BCR,0.276,1.33
2019-08-29,BCR,0.297,1.42
2019-08-29,BCR,0.28,1.35
2019-08-29,BCR,0.205,1.03
2019-08-29,BCR,0.202,1.01
2019-08-29,BCR,0.278,1.34
2019-08-29,BCR,0.355,1.68
2019-08-29,BCR,0.38,1.78
2019-08-29,BCR,0.243,1.19
2019-08-29,BCR,0.23,1.13
2019-08-29,LB,0.02,0.22
2019-08-29,LB,0.022,0.23
2019-08-29,LB,0.02,0.22
2019-08-29,LB,0.049,0.35
2019-08-29,LB,0.046,0.33
2019-08-29,LB,0.017,0.21
2019-08-29,LB,0.004,0.15
2019-08-29,HT,0.015,0.19
2019-08-29,HT,0.007,0.16
2019-08-29,HT,0.012,0.18
2019-08-29,HT,0.016,0.2
2019-08-29,HT,0.021,0.22
2019-08-29,BO,0.053,0.36
2019-08-29,BO,0.049,0.35
2019-08-29,BO,0.042,0.31
2019-08-29,BO,0.047,0.33
2019-08-29,PK,0.068,0.43
2019-08-29,PK,0.072,0.44
2019-08-29,PK,0.052,0.36
2019-08-29,PK,0.053,0.36
2019-08-29,PK,0.052,0.36
2019-08-29,PK,0.036,0.29
2019-08-29,PK,0.028,0.25
2019-08-29,PK,0.032,0.27
2019-09-10,PK,0.041,0.01
2019-09-10,PK,0.057,0.08
2019-09-10,PK,0.053,0.07
2019-09-10,PK,0.047,0.04
2019-09-10,PK,0.054,0.07
2019-09-10,PK,0.064,0.11
2019-09-10,PK,0.048,0.04
2019-09-10,PK,0.04,0.01
2019-09-10,PK,0.044,0.02
2019-09-10,PK,0.044,0.03
2019-09-10,PK,0.048,0.04
2019-09-17,PK,0.014,0.03
2019-09-17,PK,0.037,0.13
2019-09-17,PK,0.019,0.05
2019-09-17,PK,0.016,0.04
2019-09-17,PK,0.023,0.07
2019-09-17,PK,0.012,0.02
2019-09-17,PK,0.01,0.01
2019-09-24,LB,0.023,0.07
2019-09-24,LB,0.019,0.05
2019-09-24,LB,0.016,0.04
2019-09-24,LB,0.025,0.08
2019-09-24,HT,0.062,0.24
2019-09-24,HT,0.08,0.32
2019-09-24,HT,0.074,0.29
2019-09-24,HT,0.22,0.92
2019-09-24,HT,0.081,0.32
2019-09-24,HT,0.044,0.16
2019-09-24,HT,0.062,0.24
2019-09-24,HT,0.028,0.09
2019-09-24,HT,0.022,0.06
2019-09-24,HT,0.04,0.14
2019-09-24,HT,0.025,0.08
2019-09-24,HT,0.028,0.09
2019-09-24,HT,0.036,0.13
2019-09-24,HT,0.06,0.23
2019-09-24,HT,0.045,0.16
2019-09-24,HT,0.029,0.09
2019-09-24,HT,0.017,0.04
2019-09-24,HT,0.039,0.14
2019-09-24,HT,0.056,0.21
2019-09-24,HT,0.046,0.17
2019-09-24,HT,0.031,0.1
2019-09-24,BO,0.118,0.48
2019-09-24,BO,0.176,0.74
2019-09-24,BCR,0.032,0.1
2019-09-25,LB,0.025,0.08
2019-09-25,LB,0.03,0.1
2019-09-25,LB,0.009,0.0
2019-09-25,LB,0.015,0.03
2019-09-25,LB,0.026,0.08
2019-09-25,LB,0.03,0.1
2019-09-25,LB,0.023,0.07
2019-09-25,LB,0.015,0.03
2019-09-26,PK,0.007,0.0
2019-09-26,PK,0.01,0.01
2019-09-26,PK,0.018,0.04
2019-09-26,PK,0.034,0.11
2019-09-26,PK,0.05,0.18
2019-09-26,PK,0.054,0.2
2019-09-26,PK,0.028,0.09
2019-09-26,PK,0.012,0.02
2019-09-26,PK,0.007,0.0
2019-09-26,BCR,0.007,0.0
2019-09-26,BCR,0.012,0.02
2019-09-26,BCR,0.014,0.03
2019-09-26,BCR,0.023,0.07
2019-09-26,BCR,0.018,0.04
2019-10-01,LB,0.058,0.13
2019-10-01,LB,0.032,0.03
2019-10-01,LB,0.031,0.02
2019-10-01,LB,0.035,0.04
2019-10-01,HT,0.078,0.22
2019-10-01,HT,0.075,0.21
2019-10-01,HT,0.058,0.14
2019-10-01,HT,0.063,0.16
2019-10-01,HT,0.073,0.2
2019-10-01,HT,0.081,0.24
2019-10-01,BO,0.108,0.35
2019-10-01,BO,0.118,0.4
2019-10-01,BO,0.123,0.42
2019-10-01,BO,0.117,0.39
2019-10-01,PK,0.03,0.01
2019-10-09,LB,0.061,0.1
2019-10-09,LB,0.054,0.07
2019-10-09,LB,0.065,0.12
2019-10-09,LB,0.043,0.03
2019-10-09,LB,0.051,0.06
2019-10-09,LB,0.091,0.23
2019-10-09,LB,0.094,0.25
2019-10-09,LB,0.089,0.23
2019-10-09,LB,0.08,0.19
2019-10-09,LB,0.074,0.16
2019-10-09,LB,0.066,0.13
2019-10-09,LB,0.081,0.19
2019-10-09,LB,0.098,0.26
2019-10-09,LB,0.102,0.28
2019-10-09,HT,0.087,0.22
2019-10-09,HT,0.097,0.26
2019-10-09,HT,0.078,0.18
2019-10-09,HT,0.076,0.17
2019-10-09,HT,0.074,0.16
2019-10-09,HT,0.09,0.23
2019-10-09,HT,0.077,0.17
2019-10-09,BO,0.148,0.48
2019-10-09,BO,0.146,0.47
2019-10-09,BO,0.14,0.45
2019-10-09,BO,0.147,0.48
2019-10-09,BO,0.182,0.63
2019-10-15,LB,0.06,0.1
2019-10-15,LB,0.068,0.13
2019-10-15,LB,0.064,0.12
2019-10-15,LB,0.055,0.08
2019-10-15,LB,0.054,0.08
2019-10-15,LB,0.056,0.08
2019-10-15,LB,0.063,0.11
2019-10-15,LB,0.067,0.13
2019-10-15,LB,0.077,0.17
2019-10-15,LB,0.095,0.25
2019-10-15,LB,0.089,0.23
2019-10-15,LB,0.053,0.07
2019-10-15,LB,0.05,0.05
2019-10-15,LB,0.077,0.17
2019-10-15,BO,0.114,0.33
2019-10-15,BO,0.076,0.17
2019-10-15,HT,0.099,0.27
2019-10-15,HT,0.078,0.18
2019-10-15,HT,0.097,0.26
2019-10-15,HT,0.117,0.35
2019-10-15,HT,0.131,0.41
2019-10-15,BO,0.042,0.02
2019-10-15,BO,0.048,0.05
2019-10-15,BO,0.059,0.1
2019-10-30,BCR,0.11,0.32
2019-10-30,BCR,0.113,0.33
2019-10-30,BCR,0.105,0.29
2019-10-30,BCR,0.082,0.19
2019-10-30,BCR,0.098,0.27
2019-10-30,BCR,0.096,0.26
2019-10-30,BCR,0.099,0.27
2020-03-09,LB,0.145,0.41
2020-03-09,LB,0.127,0.32
2020-03-09,LB,0.136,0.37
2020-03-09,LB,0.145,0.4
2020-03-09,LB,0.111,0.26
2020-03-09,LB,0.085,0.14
2020-03-09,LB,0.085,0.14
2020-03-09,LB,0.092,0.17
2020-03-09,LB,0.081,0.13
2020-03-09,LB,0.094,0.18
2020-03-09,HT,0.173,0.53
2020-03-09,HT,0.174,0.53
2020-03-09,HT,0.176,0.54
2020-03-09,HT,0.197,0.63
2020-03-09,HT,0.243,0.83
2020-03-09,BO,0.054,0.01
2020-03-09,BO,0.053,0.0
2020-03-09,BO,0.057,0.02
2020-03-09,BO,0.052,0.0
2020-04-07,BCR,0.01,0.13
2020-04-07,BCR,0.006,0.11
2020-04-07,BCR,0.012,0.14
2020-04-07,BCR,0.004,0.1
2020-04-07,BCR,0.012,0.13
2020-04-07,BB,0.009,0.12
2020-04-07,BO,0.001,0.09
2020-04-07,HT,0.039,0.26
2020-04-07,HT,0.004,0.1
2020-04-07,HT,0.006,0.11
2020-04-07,HT,0.007,0.11
2020-04-07,HT,0.003,0.1
2020-04-07,HT,0.0,0.09
2020-04-07,HT,0.007,0.11
2020-04-07,HT,0.031,0.22
2020-04-07,LB,0.007,0.12
2020-04-07,LB,0.018,0.16
2020-04-07,LB,0.025,0.19
2020-04-07,LB,0.025,0.19
2020-04-14,BCR,0.056,0.2
2020-04-14,BCR,0.048,0.17
2020-04-14,BCR,0.044,0.15
2020-04-14,BCR,0.044,0.15
2020-04-14,BCR,0.04,0.13
2020-04-14,BCR,0.061,0.22
2020-04-14,BCR,0.064,0.24
2020-04-14,BCR,0.058,0.21
2020-04-14,BCR,0.055,0.2
2020-04-14,LB,0.037,0.12
2020-04-14,LB,0.013,0.01
2020-04-14,LB,0.03,0.09
2020-04-14,LB,0.027,0.08
2020-04-14,HT,0.021,0.05
2020-04-14,HT,0.016,0.03
2020-04-14,HT,0.018,0.04
2020-04-14,BO,0.025,0.06
2020-04-14,BO,0.019,0.04
2020-04-14,BO,0.011,0.0
2020-04-14,BO,0.018,0.04
2020-04-14,BO,0.02,0.04
2020-04-14,BO,0.014,0.02
2020-04-07,BCR,0.01,0.13
2020-04-07,BCR,0.006,0.11
2020-04-07,BCR,0.012,0.14
2020-04-07,BCR,0.004,0.1
2020-04-07,BCR,0.012,0.13
2020-04-07,BB,0.009,0.12
2020-04-07,BO,0.001,0.09
2020-04-07,HT,0.039,0.26
2020-04-07,HT,0.004,0.1
2020-04-07,HT,0.006,0.11
2020-04-07,HT,0.007,0.11
2020-04-07,HT,0.003,0.1
2020-04-07,HT,0.0,0.09
2020-04-07,HT,0.007,0.11
2020-04-07,HT,0.031,0.22
2020-04-07,LB,0.007,0.12
2020-04-07,LB,0.018,0.16
2020-04-07,LB,0.025,0.19
2020-04-07,LB,0.025,0.19
2020-04-14,BCR,0.056,0.2
2020-04-14,BCR,0.048,0.17
2020-04-14,BCR,0.044,0.15
2020-04-14,BCR,0.044,0.15
2020-04-14,BCR,0.04,0.13
2020-04-14,BCR,0.061,0.22
2020-04-14,BCR,0.064,0.24
2020-04-14,BCR,0.058,0.21
2020-04-14,BCR,0.055,0.2
2020-04-14,LB,0.037,0.12
2020-04-14,LB,0.013,0.01
2020-04-14,LB,0.03,0.09
2020-04-14,LB,0.027,0.08
2020-04-14,HT,0.021,0.05
2020-04-14,HT,0.016,0.03
2020-04-14,HT,0.018,0.04
2020-04-14,BO,0.025,0.06
2020-04-14,BO,0.019,0.04
2020-04-14,BO,0.011,0.0
2020-04-14,BO,0.018,0.04
2020-04-14,BO,0.02,0.04
2020-04-14,BO,0.014,0.02
2020-04-17,LB,0.032,0.1
2020-04-17,LB,0.02,0.04
2020-04-17,LB,0.028,0.08
2020-04-17,LB,0.045,0.16
2020-04-17,HT,0.029,0.09
2020-04-17,HT,0.011,0.0
2020-04-17,BO,0.018,0.04
2020-04-17,BO,0.023,0.06
2020-04-17,BO,0.022,0.05
2020-04-17,BO,0.018,0.04
2020-04-17,BO,0.024,0.06
2020-04-17,BO,0.011,0.01
2020-04-17,BB,0.014,0.02
2020-04-17,BB,0.023,0.06
2020-04-17,BB,0.016,0.03
2020-04-17,BB,0.021,0.05
2020-04-17,BB,0.035,0.11
2020-04-17,BB,0.024,0.06
2020-04-23,LB,0.047,0.25
2020-04-23,LB,0.048,0.25
2020-04-23,LB,0.043,0.23
2020-04-23,LB,0.04,0.22
2020-04-23,LB,0.043,0.23
2020-04-23,LB,0.052,0.27
2020-04-23,LB,0.047,0.25
2020-04-23,LB,0.055,0.28
2020-04-23,HT,0.014,0.11
2020-04-23,HT,0.002,0.05
2020-04-23,HT,0.007,0.08
2020-04-23,HT,0.006,0.07
2020-04-23,BO,0.03,0.18
2020-04-23,BO,0.032,0.19
2020-04-23,BO,0.022,0.14
2020-04-23,BO,0.015,0.11
2020-04-28,BCR,0.037,0.12
2020-04-28,BCR,0.015,0.02
2020-04-28,BCR,0.015,0.02
2020-04-28,BCR,0.042,0.14
2020-04-28,BCR,0.031,0.09
2020-04-28,LB,0.017,0.03
2020-04-28,HT,0.01,0.0
2020-04-28,HT,0.011,0.0
2020-04-28,HT,0.022,0.05
2020-05-05,BCR,0.04,0.09
2020-05-05,BCR,0.022,0.01
2020-05-05,BCR,0.039,0.08
2020-05-05,BCR,0.025,0.02
2020-05-05,HT,0.031,0.05
2020-05-05,HT,0.021,0.0
2020-05-05,BO,0.021,0.0
2020-05-05,BO,0.035,0.07
2020-05-05,BO,0.053,0.15
2020-05-05,BO,0.05,0.13
2020-05-05,BO,0.035,0.07
2020-05-05,BO,0.048,0.12
2020-05-05,BO,0.054,0.15
2020-05-12,BCR,0.028,0.03
2020-05-12,BCR,0.03,0.05
2020-05-12,BCR,0.036,0.07
2020-05-12,BCR,0.037,0.07
2020-05-12,BCR,0.039,0.09
2020-05-12,BCR,0.039,0.08
2020-05-12,BCR,0.031,0.05
2020-05-12,LB,0.11,0.39
2020-05-12,LB,0.117,0.42
2020-05-12,LB,0.103,0.36
2020-05-12,LB,0.107,0.38
2020-05-12,HT,0.117,0.42
2020-05-12,HT,0.11,0.39
2020-05-12,HT,0.104,0.37
2020-05-12,HT,0.119,0.43
2020-05-12,HT,0.144,0.54
2020-05-12,HT,0.154,0.58
2020-05-12,BO,0.036,0.07
2020-05-12,BO,0.037,0.07
2020-05-12,BO,0.03,0.05
2020-05-12,PK,0.047,0.12
2020-05-12,PK,0.058,0.17
2020-05-12,PK,0.065,0.2
2020-05-12,PK,0.068,0.21
2020-05-12,PK,0.07,0.22
2020-05-12,PK,0.081,0.27
2020-05-12,PK,0.055,0.15
2020-05-12,PK,0.045,0.11
2020-05-19,HT,0.107,0.42
2020-05-19,HT,0.12,0.47
2020-05-19,HT,0.128,0.51
2020-05-19,HT,0.136,0.54
2020-05-19,HT,0.146,0.59
2020-05-19,HT,0.133,0.53
2020-05-19,HT,0.129,0.51
2020-05-19,BO,0.05,0.17
2020-05-19,BO,0.05,0.17
2020-05-19,BO,0.052,0.18
2020-05-19,BO,0.064,0.23
2020-05-19,BO,0.08,0.3
2020-05-19,PK,0.036,0.11
2020-05-19,PK,0.047,0.16
2020-05-19,PK,0.045,0.15
2020-05-19,PK,0.024,0.05
2020-05-19,PK,0.018,0.03
2020-05-19,BCR,0.011,0.0
2020-05-19,BCR,0.012,0.0
2020-05-19,BCR,0.026,0.06
2020-05-19,BCR,0.063,0.22
2020-05-19,BCR,0.055,0.19
2020-05-19,BCR,0.033,0.09
2020-05-19,BCR,0.036,0.11
2020-05-19,BCR,0.035,0.1
2020-05-19,BCR,0.044,0.14
2020-05-19,LB,0.171,0.7
2020-05-19,LB,0.157,0.64
2020-05-19,LB,0.147,0.59
2020-05-19,LB,0.149,0.6
2020-05-19,LB,0.164,0.66
2020-05-19,LB,0.154,0.62
2020-05-19,LB,0.149,0.6
2020-05-19,LB,0.17,0.69
2020-05-21,BCR,0.027,0.07
2020-05-21,BCR,0.02,0.04
2020-05-21,BCR,0.018,0.03
2020-05-21,BCR,0.032,0.09
2020-05-21,BCR,0.033,0.1
2020-05-21,BCR,0.026,0.07
2020-05-21,BCR,0.021,0.04
2020-05-21,BCR,0.023,0.05
2020-05-21,BCR,0.016,0.02
2020-05-21,LB,0.184,0.75
2020-05-21,LB,0.191,0.78
2020-05-21,LB,0.221,0.91
2020-05-21,LB,0.198,0.81
2020-05-21,LB,0.191,0.78
2020-05-21,LB,0.2,0.82
2020-05-21,LB,0.219,0.9
2020-05-21,LB,0.205,0.84
2020-05-21,LB,0.198,0.81
2020-05-21,LB,0.214,0.88
2020-05-21,HT,0.194,0.8
2020-05-21,HT,0.195,0.8
2020-05-21,HT,0.185,0.76
2020-05-21,HT,0.181,0.74
2020-05-21,HT,0.201,0.83
2020-05-21,BO,0.048,0.16
2020-05-21,BO,0.057,0.2
2020-05-21,BO,0.072,0.26
2020-05-21,BO,0.075,0.28
2020-05-21,BO,0.085,0.32
2020-05-21,BO,0.075,0.28
2020-05-21,BO,0.068,0.25
2020-05-21,BO,0.084,0.32
2020-05-21,PK,0.056,0.19
2020-05-21,PK,0.068,0.25
2020-05-21,PK,0.051,0.17
2020-05-21,PK,0.058,0.2
2020-05-21,PK,0.058,0.2
2020-05-21,PK,0.059,0.21
2020-05-21,PK,0.055,0.19
2020-05-21,PK,0.06,0.21
2020-05-25,BCR,0.013,0.01
2020-05-25,BCR,0.013,0.01
2020-05-25,BCR,0.014,0.01
2020-05-25,BCR,0.023,0.05
2020-05-25,BCR,0.015,0.02
2020-05-25,LB,0.041,0.13
2020-05-25,LB,0.032,0.09
2020-05-25,LB,0.039,0.12
2020-05-25,LB,0.068,0.24
2020-05-25,LB,0.05,0.17
2020-05-25,LB,0.049,0.16
2020-05-25,HT,0.104,0.4
2020-05-25,HT,0.101,0.39
2020-05-25,HT,0.09,0.34
2020-05-25,HT,0.114,0.45
2020-05-25,BO,0.132,0.53
2020-05-25,BO,0.126,0.5
2020-05-25,BO,0.112,0.44
2020-05-25,BO,0.122,0.48
2020-05-25,BO,0.124,0.49
2020-05-25,BO,0.119,0.47
2020-05-25,BO,0.15,0.6
2020-05-25,BO,0.126,0.5
2020-05-25,BO,0.043,0.14
2020-05-25,PK,0.021,0.04
2020-05-25,PK,0.017,0.02
2020-05-25,PK,0.025,0.06
2020-05-26,BCR,0.029,0.08
2020-05-26,BCR,0.014,0.01
2020-05-26,BCR,0.02,0.04
2020-05-26,BCR,0.021,0.04
2020-05-26,LB,0.02,0.04
2020-05-26,LB,0.016,0.02
2020-05-26,LB,0.02,0.04
2020-05-26,LB,0.028,0.07
2020-05-26,LB,0.023,0.05
2020-05-26,LB,0.032,0.09
2020-05-26,LB,0.033,0.09
2020-05-26,LB,0.039,0.12
2020-05-26,HT,0.108,0.42
2020-05-26,HT,0.09,0.34
2020-05-26,HT,0.062,0.22
2020-05-26,HT,0.061,0.21
2020-05-26,HT,0.069,0.25
2020-05-26,HT,0.072,0.26
2020-05-26,HT,0.062,0.22
2020-05-26,BO,0.104,0.4
2020-05-26,BO,0.11,0.43
2020-05-26,BO,0.081,0.31
2020-05-26,BO,0.084,0.32
2020-05-26,BO,0.112,0.44
2020-05-26,BO,0.118,0.47
2020-05-26,BO,0.109,0.43
2020-05-26,BO,0.079,0.29
2020-05-26,PK,0.063,0.22
2020-05-26,PK,0.045,0.15
2020-05-26,PK,0.024,0.06
2020-05-26,PK,0.031,0.09
2020-05-26,PK,0.015,0.01
2020-05-27,PK,0.011,0.0
2020-05-27,PK,0.012,0.0
2020-05-27,BCR,0.011,0.0
2020-05-27,BCR,0.027,0.07
2020-05-27,BCR,0.03,0.08
2020-05-27,BCR,0.017,0.02
2020-05-27,LB,0.048,0.16
2020-05-27,LB,0.043,0.14
2020-05-27,LB,0.059,0.21
2020-05-27,LB,0.057,0.2
2020-05-27,LB,0.05,0.17
2020-05-27,LB,0.05,0.17
2020-05-27,HT,0.071,0.26
2020-05-27,HT,0.091,0.35
2020-05-27,HT,0.073,0.27
2020-05-27,HT,0.082,0.31
2020-05-27,HT,0.111,0.43
2020-05-27,HT,0.113,0.44
2020-05-27,HT,0.086,0.32
2020-05-27,HT,0.082,0.31
2020-05-27,HT,0.081,0.3
2020-05-27,HT,0.099,0.38
2020-05-27,BO,0.26,1.08
2020-05-27,BO,0.245,1.02
2020-05-27,BO,0.19,0.78
2020-05-27,BO,0.109,0.42
2020-05-27,BO,0.101,0.39
2020-05-27,BO,0.099,0.38
2020-05-27,BO,0.101,0.39
2020-05-27,BO,0.092,0.35
2020-05-27,BO,0.128,0.51
2020-05-27,BO,0.153,0.62
2020-05-27,BO,0.18,0.73
2020-05-27,BO,0.199,0.82
2020-05-27,BO,0.188,0.77
2020-05-27,BO,0.181,0.74
2020-05-28,BCR,0.02,0.04
2020-05-28,BCR,0.021,0.04
2020-05-28,BCR,0.016,0.02
2020-05-28,BCR,0.013,0.01
2020-05-28,BCR,0.031,0.08
2020-05-28,PK,0.02,0.04
2020-05-28,PK,0.018,0.03
2020-05-28,PK,0.014,0.01
2020-05-28,PK,0.02,0.04
2020-05-29,PK,0.033,0.09
2020-05-29,PK,0.037,0.11
2020-05-29,PK,0.026,0.07
2020-05-29,BCR,0.034,0.1
2020-05-29,LB,0.036,0.11
2020-05-29,LB,0.031,0.09
2020-05-29,LB,0.042,0.13
2020-05-29,HT,0.162,0.66
2020-05-29,HT,0.194,0.79
2020-05-29,HT,0.197,0.81
2020-05-29,HT,0.184,0.75
2020-05-29,HT,0.188,0.77
2020-05-29,HT,0.193,0.79
2020-05-29,HT,0.208,0.86
2020-05-29,HT,0.21,0.86
2020-05-29,HT,0.211,0.87
2020-05-29,HT,0.192,0.79
2020-05-29,HT,0.131,0.52
2020-05-29,HT,0.107,0.42
2020-05-29,BO,0.035,0.1
2020-05-29,BO,0.043,0.14
2020-05-29,BO,0.073,0.27
2020-05-29,BO,0.058,0.2
2020-05-29,BO,0.054,0.18
2020-05-29,BO,0.069,0.25
2020-05-29,BO,0.09,0.34
2020-05-29,BO,0.079,0.29
2020-05-29,BO,0.066,0.24
2020-06-01,LB,0.036,0.11
2020-06-01,LB,0.029,0.08
2020-06-01,LB,0.043,0.14
2020-06-01,LB,0.046,0.15
2020-06-01,LB,0.056,0.19
2020-06-01,LB,0.048,0.16
2020-06-01,LB,0.044,0.14
2020-06-01,LB,0.035,0.1
2020-06-01,LB,0.038,0.12
2020-06-01,LB,0.046,0.15
2020-06-01,HT,0.108,0.42
2020-06-01,HT,0.092,0.35
2020-06-01,HT,0.102,0.39
2020-06-01,HT,0.108,0.42
2020-06-01,HT,0.11,0.43
2020-06-01,HT,0.121,0.48
2020-06-01,HT,0.112,0.44
2020-06-01,BO,0.016,0.02
2020-06-01,BO,0.016,0.02
2020-06-01,BO,0.028,0.07
2020-06-01,BO,0.044,0.14
2020-06-01,BCR,0.032,0.09
2020-06-01,BCR,0.038,0.12
2020-06-01,BCR,0.039,0.12
2020-06-01,PK,0.011,0.0
2020-06-01,PK,0.034,0.1
2020-06-01,PK,0.042,0.13
2020-06-02,PK,0.026,0.06
2020-06-02,PK,0.027,0.07
2020-06-02,BCR,0.212,0.87
2020-06-02,BCR,0.214,0.88
2020-06-02,BCR,0.225,0.93
2020-06-02,BCR,0.241,1.0
2020-06-02,BCR,0.231,0.96
2020-06-02,BCR,0.18,0.74
2020-06-03,PK,0.047,0.16
2020-06-03,PK,0.044,0.14
2020-06-03,PK,0.053,0.18
2020-06-03,PK,0.065,0.23
2020-06-03,PK,0.068,0.25
2020-06-03,PK,0.045,0.15
2020-06-03,PK,0.045,0.14
2020-06-03,PK,0.047,0.15
2020-06-03,PK,0.043,0.14
2020-06-03,PK,0.033,0.09
2020-06-03,PK,0.04,0.13
2020-06-03,BCR,0.211,0.87
2020-06-03,BCR,0.213,0.88
2020-06-03,BCR,0.237,0.98
2020-06-03,BCR,0.235,0.97
2020-06-03,BCR,0.222,0.92
2020-06-03,LB,0.052,0.18
2020-06-03,LB,0.045,0.15
2020-06-03,LB,0.037,0.11
2020-06-03,LB,0.063,0.23
2020-06-03,LB,0.083,0.31
2020-06-03,LB,0.081,0.3
2020-06-03,LB,0.087,0.33
2020-06-03,HT,0.298,1.25
2020-06-03,HT,0.292,1.22
2020-06-03,HT,0.28,1.17
2020-06-03,HT,0.268,1.12
2020-06-03,HT,0.268,1.12
2020-06-03,HT,0.283,1.18
2020-06-03,HT,0.308,1.29
2020-06-03,HT,0.311,1.3
2020-06-03,HT,0.317,1.33
2020-06-03,HT,0.32,1.34
2020-06-03,HT,0.311,1.3
2020-06-03,HT,0.329,1.38
2020-06-03,BO,0.054,0.18
2020-06-03,BO,0.04,0.13
2020-06-03,BO,0.038,0.12
2020-06-03,BO,0.026,0.06
2020-06-03,BO,0.032,0.09
2020-06-03,BO,0.05,0.17
2020-06-04,BCR,0.146,0.48
2020-06-04,BCR,0.11,0.32
2020-06-04,BCR,0.136,0.43
2020-06-04,BCR,0.161,0.54
2020-06-04,BCR,0.172,0.59
2020-06-04,BCR,0.157,0.52
2020-06-04,BCR,0.163,0.55
2020-06-04,BCR,0.042,0.02
2020-06-04,BCR,0.042,0.02
2020-06-04,BCR,0.049,0.05
2020-06-04,BCR,0.055,0.08
2020-06-04,BCR,0.05,0.05
2020-06-04,BCR,0.044,0.03
2020-06-05,BCR,0.152,0.5
2020-06-05,BCR,0.158,0.53
2020-06-05,BCR,0.184,0.64
2020-06-05,BCR,0.196,0.69
2020-06-05,BCR,0.175,0.6
2020-06-05,BCR,0.173,0.59
2020-06-05,BCR,0.16,0.54
2020-06-05,BCR,0.158,0.53
2020-06-05,BCR,0.155,0.52
2020-06-05,BCR,0.152,0.5
2020-06-05,BCR,0.169,0.57
2020-06-05,BCR,0.174,0.59
2020-06-05,BCR,0.142,0.46
2020-06-05,BCR,0.149,0.49
2020-06-05,BCR,0.154,0.51
2020-06-05,BCR,0.145,0.47
2020-06-05,BCR,0.124,0.38
2020-06-05,BCR,0.123,0.37
2020-06-05,BCR,0.136,0.43
2020-06-05,BCR,0.151,0.49
2020-06-05,BCR,0.146,0.47
2020-06-05,BCR,0.128,0.4
2020-06-05,BCR,0.132,0.41
2020-06-05,LB,0.148,0.48
2020-06-05,LB,0.116,0.34
2020-06-05,HT,0.12,0.36
2020-06-05,BO,0.146,0.48
2020-06-05,PK,0.053,0.07
2020-06-05,PK,0.069,0.14
2020-06-05,PK,0.076,0.17
2020-06-05,PK,0.06,0.1
2020-06-05,PK,0.074,0.16
2020-06-05,PK,0.072,0.15
2020-06-05,PK,0.078,0.18
2020-06-05,PK,0.062,0.11
2020-06-05,PK,0.054,0.07
2020-06-05,PK,0.083,0.2
2020-06-08,LB,0.19,0.66
2020-06-08,LB,0.178,0.61
2020-06-08,LB,0.179,0.62
2020-06-08,LB,0.185,0.64
2020-06-08,LB,0.201,0.71
2020-06-08,LB,0.223,0.81
2020-06-08,LB,0.224,0.82
2020-06-08,LB,0.221,0.8
2020-06-08,LB,0.225,0.82
2020-06-08,HT,0.204,0.73
2020-06-08,HT,0.189,0.66
2020-06-08,HT,0.185,0.64
2020-06-08,HT,0.159,0.53
2020-06-08,HT,0.157,0.52
2020-06-08,HT,0.169,0.57
2020-06-08,HT,0.191,0.67
2020-06-08,BO,0.121,0.36
2020-06-08,BO,0.118,0.35
2020-06-08,BO,0.129,0.4
2020-06-08,BO,0.137,0.43
2020-06-09,PK,0.13,0.4
2020-06-09,PK,0.142,0.46
2020-06-09,PK,0.128,0.4
2020-06-09,PK,0.117,0.35
2020-06-09,PK,0.121,0.37
2020-06-09,PK,0.135,0.43
2020-06-09,PK,0.138,0.44
2020-06-09,BCR,0.253,0.94
2020-06-09,BCR,0.272,1.02
2020-06-09,BCR,0.258,0.96
2020-06-09,BCR,0.246,0.91
2020-06-09,BCR,0.256,0.95
2020-06-09,BCR,0.243,0.9
2020-06-09,BCR,0.258,0.96
2020-06-09,BCR,0.271,1.02
2020-06-10,BCR,0.138,0.44
2020-06-10,BCR,0.128,0.4
2020-06-10,BCR,0.129,0.4
2020-06-10,BCR,0.131,0.41
2020-06-10,BCR,0.135,0.43
2020-06-10,BCR,0.149,0.49
2020-06-10,BCR,0.137,0.43
2020-06-10,BCR,0.136,0.43
2020-06-10,BCR,0.131,0.41
2020-06-10,BCR,0.131,0.41
2020-06-10,BCR,0.137,0.44
2020-06-10,BCR,0.135,0.43
2020-06-10,BCR,0.154,0.51
2020-06-10,BCR,0.161,0.54
2020-06-10,BCR,0.152,0.5
2020-06-10,BCR,0.142,0.46
2020-06-10,BCR,0.121,0.37
2020-06-10,LB,0.064,0.12
2020-06-10,LB,0.063,0.11
2020-06-10,LB,0.077,0.18
2020-06-10,LB,0.07,0.14
2020-06-10,HT,0.075,0.16
2020-06-10,HT,0.073,0.15
2020-06-10,HT,0.09,0.23
2020-06-10,HT,0.093,0.24
2020-06-10,BO,0.068,0.13
2020-06-10,BO,0.063,0.11
2020-06-15,PK,0.164,0.55
2020-06-15,PK,0.154,0.51
2020-06-15,PK,0.165,0.56
2020-06-15,PK,0.171,0.58
2020-06-15,PK,0.176,0.6
2020-06-15,PK,0.192,0.67
2020-06-15,BCR,0.203,0.72
2020-06-15,BCR,0.209,0.75
2020-06-15,BCR,0.173,0.59
2020-06-15,BCR,0.173,0.59
2020-06-15,BCR,0.179,0.62
2020-06-15,BCR,0.198,0.7
2020-06-15,BCR,0.183,0.64
2020-06-15,LB,0.167,0.56
2020-06-15,LB,0.164,0.55
2020-06-15,LB,0.175,0.6
2020-06-15,LB,0.188,0.66
2020-06-15,LB,0.189,0.66
2020-06-15,LB,0.196,0.69
2020-06-15,LB,0.183,0.64
2020-06-15,LB,0.17,0.58
2020-06-15,LB,0.178,0.61
2020-06-15,HT,0.14,0.45
2020-06-15,HT,0.141,0.45
2020-06-15,HT,0.127,0.39
2020-06-15,HT,0.13,0.41
2020-06-15,HT,0.14,0.45
2020-06-15,HT,0.149,0.49
2020-06-15,HT,0.133,0.42
2020-06-15,HT,0.121,0.36
2020-06-15,HT,0.111,0.32
2020-06-15,HT,0.114,0.33
2020-06-15,HT,0.111,0.32
2020-06-15,HT,0.11,0.32
2020-06-15,HT,0.111,0.32
2020-06-15,HT,0.103,0.29
2020-06-15,HT,0.103,0.29
2020-06-15,HT,0.112,0.33
2020-06-15,HT,0.125,0.38
2020-06-15,HT,0.132,0.41
2020-06-15,HT,0.138,0.44
2020-06-15,HT,0.121,0.36
2020-06-15,HT,0.107,0.3
2020-06-15,HT,0.088,0.22
2020-06-15,HT,0.096,0.25
2020-06-15,BO,0.074,0.16
2020-06-15,BO,0.054,0.07
2020-06-15,BO,0.049,0.05
2020-06-15,BO,0.069,0.14
2020-06-15,BO,0.069,0.14
2020-06-15,BO,0.088,0.22
2020-06-15,BO,0.077,0.17
2020-06-15,BO,0.084,0.2
2020-06-17,PK,0.078,0.18
2020-06-17,PK,0.074,0.16
2020-06-17,PK,0.072,0.15
2020-06-17,PK,0.075,0.17
2020-06-17,PK,0.067,0.13
2020-06-17,PK,0.067,0.13
2020-06-17,PK,0.058,0.09
2020-06-17,PK,0.061,0.1
2020-06-17,BCR,0.13,0.41
2020-06-17,BCR,0.114,0.34
2020-06-17,BCR,0.123,0.37
2020-06-17,BCR,0.12,0.36
2020-06-17,BCR,0.131,0.41
2020-06-17,BCR,0.137,0.43
2020-06-17,BCR,0.138,0.44
2020-06-17,BCR,0.145,0.47
2020-06-17,BCR,0.145,0.47
2020-06-17,BCR,0.138,0.44
2020-06-17,LB,0.092,0.24
2020-06-17,LB,0.093,0.24
2020-06-17,LB,0.119,0.36
2020-06-17,LB,0.124,0.38
2020-06-17,LB,0.136,0.43
2020-06-17,LB,0.138,0.44
2020-06-17,LB,0.151,0.5
2020-06-17,LB,0.147,0.48
2020-06-17,LB,0.142,0.46
2020-06-17,LB,0.136,0.43
2020-06-17,LB,0.121,0.37
2020-06-17,LB,0.128,0.4
2020-06-17,LB,0.13,0.4
2020-06-17,LB,0.132,0.41
2020-06-17,LB,0.133,0.42
2020-06-17,LB,0.135,0.43
2020-06-17,LB,0.132,0.41
2020-06-17,LB,0.137,0.44
2020-06-17,HT,0.086,0.21
2020-06-17,HT,0.082,0.2
2020-06-17,HT,0.066,0.13
2020-06-17,HT,0.054,0.07
2020-06-17,HT,0.066,0.12
2020-06-17,HT,0.069,0.14
2020-06-17,HT,0.067,0.13
2020-06-17,HT,0.069,0.14
2020-06-17,BO,0.056,0.08
2020-06-17,BO,0.053,0.07
2020-06-17,BO,0.058,0.09
2020-06-17,BO,0.063,0.11
2020-06-17,BO,0.065,0.12
2020-06-17,BO,0.057,0.09
2020-06-17,BO,0.065,0.12
2020-06-17,BO,0.066,0.13
2020-06-17,BO,0.063,0.11
2020-06-17,BO,0.07,0.14
2020-06-17,BO,0.079,0.18
2020-06-17,BO,0.107,0.3
2020-06-17,BO,0.087,0.22
2020-06-17,BO,0.083,0.2
2020-06-17,BO,0.062,0.11
2020-06-17,BO,0.06,0.1
2020-06-19,PK,0.071,0.15
2020-06-19,PK,0.068,0.14
2020-06-19,PK,0.071,0.15
2020-06-19,PK,0.062,0.11
2020-06-19,PK,0.062,0.11
2020-06-19,PK,0.054,0.07
2020-06-19,PK,0.059,0.09
2020-06-19,PK,0.053,0.07
2020-06-19,BCR,0.132,0.41
2020-06-19,BCR,0.119,0.36
2020-06-19,BCR,0.108,0.31
2020-06-19,BCR,0.117,0.35
2020-06-19,BCR,0.127,0.39
2020-06-19,BCR,0.133,0.42
2020-06-19,LB,0.044,0.03
2020-06-19,LB,0.052,0.06
2020-06-19,LB,0.042,0.02
2020-06-19,HT,0.052,0.07
2020-06-19,HT,0.051,0.06
2020-06-19,HT,0.051,0.06
2020-06-19,HT,0.047,0.04
2020-06-19,HT,0.054,0.07
2020-06-19,HT,0.056,0.08
2020-06-22,PK,0.062,0.11
2020-06-22,PK,0.066,0.13
2020-06-22,PK,0.05,0.05
2020-06-22,PK,0.065,0.12
2020-06-22,PK,0.053,0.07
2020-06-22,PK,0.054,0.07
2020-06-22,BCR,0.12,0.36
2020-06-22,BCR,0.152,0.5
2020-06-22,BCR,0.169,0.57
2020-06-22,BCR,0.177,0.61
2020-06-22,BCR,0.165,0.56
2020-06-22,BCR,0.161,0.54
2020-06-22,BCR,0.142,0.46
2020-06-22,BCR,0.144,0.47
2020-06-22,LB,0.037,0.0
2020-06-22,HT,0.045,0.03
2020-06-22,HT,0.063,0.11
2020-06-22,HT,0.075,0.16
2020-06-22,HT,0.068,0.14
2020-06-22,BO,0.046,0.04
2020-06-22,BO,0.052,0.06
2020-06-22,BO,0.059,0.1
2020-06-22,BO,0.06,0.1
2020-06-22,BO,0.055,0.08
2020-06-22,BO,0.06,0.1
2020-06-22,BO,0.039,0.01
2020-06-22,BO,0.049,0.05
2020-06-22,BO,0.045,0.03
2020-06-22,BO,0.061,0.11
2020-06-22,BO,0.078,0.18
2020-06-22,BO,0.074,0.16
2020-06-22,BO,0.071,0.15
2020-06-22,BO,0.076,0.17
2020-06-24,PK,0.037,0.0
2020-06-24,PK,0.042,0.02
2020-06-24,PK,0.041,0.02
2020-06-24,PK,0.056,0.08
2020-06-24,PK,0.055,0.08
2020-06-24,PK,0.056,0.08
2020-06-24,PK,0.061,0.1
2020-06-24,PK,0.048,0.05
2020-06-24,PK,0.045,0.03
2020-06-24,PK,0.049,0.05
2020-06-24,PK,0.048,0.05
2020-06-24,PK,0.036,0.0
2020-06-24,PK,0.051,0.06
2020-06-24,PK,0.052,0.06
2020-06-24,PK,0.051,0.06
2020-06-24,PK,0.046,0.04
2020-06-24,BCR,0.061,0.1
2020-06-24,BCR,0.07,0.14
2020-06-24,BCR,0.078,0.18
2020-06-24,BCR,0.085,0.21
2020-06-24,BCR,0.064,0.12
2020-06-24,BCR,0.051,0.06
2020-06-24,BCR,0.056,0.08
2020-06-24,BCR,0.051,0.06
2020-06-24,BCR,0.072,0.15
2020-06-24,BCR,0.085,0.21
2020-06-24,BCR,0.084,0.21
2020-06-24,BCR,0.084,0.2
2020-06-24,BCR,0.061,0.1
2020-06-24,BCR,0.072,0.15
2020-06-24,BCR,0.076,0.17
2020-06-24,BCR,0.074,0.16
2020-06-24,BCR,0.08,0.18
2020-06-24,BCR,0.077,0.17
2020-06-24,BCR,0.074,0.16
2020-06-24,BCR,0.079,0.18
2020-06-24,BCR,0.085,0.21
2020-06-24,LB,0.107,0.3
2020-06-24,LB,0.114,0.33
2020-06-24,LB,0.106,0.3
2020-06-24,HT,0.066,0.12
2020-06-24,HT,0.073,0.15
2020-06-24,HT,0.078,0.18
2020-06-24,HT,0.066,0.12
2020-06-24,HT,0.076,0.17
2020-06-24,HT,0.065,0.12
2020-06-24,HT,0.053,0.07
2020-06-24,HT,0.055,0.08
2020-06-24,HT,0.063,0.11
2020-06-24,HT,0.078,0.18
2020-06-24,HT,0.083,0.2
2020-06-24,HT,0.098,0.27
2020-06-24,HT,0.095,0.25
2020-06-24,HT,0.092,0.24
2020-06-24,HT,0.097,0.26
2020-06-24,HT,0.086,0.21
2020-06-24,HT,0.1,0.28
2020-06-24,HT,0.106,0.3
2020-06-24,HT,0.108,0.31
2020-06-24,HT,0.107,0.31
2020-06-24,HT,0.089,0.22
2020-06-24,HT,0.066,0.13
2020-06-24,HT,0.079,0.18
2020-06-24,HT,0.056,0.08
2020-06-24,HT,0.071,0.15
2020-06-24,HT,0.082,0.19
2020-06-24,HT,0.063,0.11
2020-06-24,HT,0.068,0.13
2020-06-24,BO,0.114,0.34
2020-06-24,BO,0.126,0.39
2020-06-24,BO,0.122,0.37
2020-06-24,BO,0.123,0.38
2020-06-26,PK,0.038,0.0
2020-06-26,PK,0.036,0.0
2020-06-26,PK,0.039,0.01
2020-06-26,BCR,0.07,0.14
2020-06-26,BCR,0.067,0.13
2020-06-26,BCR,0.07,0.14
2020-06-26,BCR,0.076,0.17
2020-06-26,BCR,0.08,0.19
2020-06-26,BCR,0.089,0.23
2020-06-26,BCR,0.103,0.29
2020-06-26,BCR,0.09,0.23
2020-06-26,BCR,0.079,0.18
2020-06-26,LB,0.037,0.0
2020-06-26,LB,0.038,0.0
2020-06-26,LB,0.052,0.07
2020-06-26,LB,0.052,0.07
2020-06-26,LB,0.068,0.14
2020-06-26,LB,0.054,0.07
2020-06-26,LB,0.053,0.07
2020-06-26,HT,0.049,0.05
2020-06-26,HT,0.058,0.09
2020-06-26,HT,0.065,0.12
2020-06-26,HT,0.074,0.16
2020-06-26,HT,0.057,0.09
2020-06-26,HT,0.063,0.11
2020-06-26,HT,0.059,0.1
2020-06-26,HT,0.056,0.08
2020-06-26,HT,0.061,0.11
2020-06-26,HT,0.06,0.1
2020-06-26,BO,0.049,0.05
2020-06-26,BO,0.045,0.03
2020-06-26,BO,0.037,0.0
2020-06-26,BO,0.038,0.0
2020-06-26,BO,0.036,0.0
2020-06-29,LB,0.066,0.12
2020-06-29,LB,0.069,0.14
2020-06-29,LB,0.056,0.08
2020-06-29,LB,0.06,0.1
2020-06-29,HT,0.063,0.11
2020-06-29,HT,0.056,0.08
2020-06-29,BO,0.073,0.16
2020-06-29,BO,0.079,0.18
2020-07-01,PK,0.06,0.1
2020-07-01,PK,0.054,0.08
2020-07-01,PK,0.063,0.11
2020-07-01,PK,0.058,0.09
2020-07-01,PK,0.058,0.09
2020-07-01,PK,0.04,0.01
2020-07-01,BCR,0.084,0.2
2020-07-01,BCR,0.087,0.22
2020-07-01,BCR,0.106,0.3
2020-07-01,BCR,0.109,0.31
2020-07-01,BCR,0.1,0.28
2020-07-01,BCR,0.106,0.3
2020-07-01,BCR,0.084,0.21
2020-07-01,BCR,0.082,0.19
2020-07-01,LB,0.082,0.2
2020-07-01,LB,0.085,0.21
2020-07-01,LB,0.081,0.19
2020-07-01,LB,0.083,0.2
2020-07-01,LB,0.084,0.2
2020-07-01,LB,0.089,0.23
2020-07-01,HT,0.102,0.28
2020-07-01,HT,0.106,0.3
2020-07-01,HT,0.108,0.31
2020-07-01,HT,0.105,0.3
2020-07-01,HT,0.111,0.32
2020-07-01,HT,0.099,0.27
2020-07-01,HT,0.117,0.35
2020-07-01,HT,0.12,0.36
2020-07-01,BO,0.054,0.07
2020-07-01,BO,0.075,0.17
2020-07-01,BO,0.067,0.13
2020-07-01,BO,0.074,0.16
2020-07-01,BO,0.086,0.21
2020-07-01,BO,0.074,0.16
2020-07-01,BO,0.083,0.2
2020-07-02,PK,0.064,0.12
2020-07-02,PK,0.075,0.16
2020-07-02,PK,0.073,0.16
2020-07-02,PK,0.073,0.16
2020-07-02,PK,0.076,0.17
2020-07-02,PK,0.067,0.13
2020-07-02,PK,0.062,0.11
2020-07-02,PK,0.04,0.01
2020-07-02,BCR,0.175,0.6
2020-07-02,BCR,0.172,0.59
2020-07-02,BCR,0.152,0.5
2020-07-02,BCR,0.159,0.53
2020-07-02,BCR,0.182,0.63
2020-07-02,BCR,0.186,0.65
2020-07-02,BCR,0.218,0.79
2020-07-02,BCR,0.191,0.67
2020-07-02,BCR,0.173,0.59
2020-07-02,LB,0.058,0.09
2020-07-02,LB,0.08,0.19
2020-07-02,LB,0.078,0.18
2020-07-02,LB,0.073,0.16
2020-07-02,LB,0.061,0.11
2020-07-02,LB,0.037,0.0
2020-07-02,LB,0.037,0.0
2020-07-02,LB,0.04,0.01
2020-07-02,LB,0.057,0.09
2020-07-02,LB,0.068,0.13
2020-07-02,HT,0.096,0.26
2020-07-02,HT,0.092,0.24
2020-07-02,HT,0.103,0.29
2020-07-02,HT,0.12,0.36
2020-07-02,HT,0.131,0.41
2020-07-02,HT,0.132,0.41
2020-07-02,HT,0.129,0.4
2020-07-02,BO,0.049,0.05
2020-07-02,BO,0.037,0.0
2020-07-02,BO,0.05,0.06
2020-07-02,BO,0.061,0.1
2020-07-02,BO,0.081,0.19
2020-07-06,PK,0.057,0.09
2020-07-06,PK,0.067,0.13
2020-07-06,PK,0.071,0.15
2020-07-06,PK,0.068,0.13
2020-07-06,PK,0.065,0.12
2020-07-06,PK,0.036,0.0
2020-07-06,BCR,0.079,0.18
2020-07-06,BCR,0.071,0.15
2020-07-06,BCR,0.087,0.22
2020-07-06,BCR,0.091,0.23
2020-07-06,BCR,0.087,0.22
2020-07-06,BCR,0.089,0.22
2020-07-06,BCR,0.077,0.17
2020-07-06,BCR,0.074,0.16
2020-07-06,LB,0.082,0.2
2020-07-06,LB,0.088,0.22
2020-07-06,LB,0.102,0.28
2020-07-06,LB,0.094,0.25
2020-07-06,LB,0.101,0.28
2020-07-06,LB,0.089,0.23
2020-07-06,HT,0.061,0.11
2020-07-06,HT,0.049,0.05
2020-07-06,HT,0.057,0.09
2020-07-06,HT,0.06,0.1
2020-07-06,HT,0.081,0.19
2020-07-06,HT,0.097,0.26
2020-07-06,BO,0.058,0.09
2020-07-06,BO,0.067,0.13
2020-07-06,BO,0.073,0.16
2020-07-06,BO,0.089,0.23
2020-07-06,BO,0.101,0.28
2020-07-06,BO,0.102,0.28
2020-07-06,BO,0.096,0.25
2020-07-06,BO,0.081,0.19
2020-07-08,PK,0.144,0.47
2020-07-08,PK,0.366,1.43
2020-07-08,PK,0.717,2.96
2020-07-08,PK,0.867,3.62
2020-07-08,PK,0.649,2.66
2020-07-08,PK,0.326,1.26
2020-07-08,PK,0.268,1.01
2020-07-08,PK,0.355,1.38
2020-07-08,PK,0.288,1.09
2020-07-08,BCR,0.171,0.58
2020-07-08,BCR,0.164,0.55
2020-07-08,BCR,0.165,0.56
2020-07-08,BCR,0.16,0.54
2020-07-08,BCR,0.167,0.57
2020-07-08,BCR,0.175,0.6
2020-07-08,BCR,0.148,0.48
2020-07-08,LB,0.115,0.34
2020-07-08,LB,0.109,0.31
2020-07-08,LB,0.111,0.32
2020-07-08,LB,0.107,0.3
2020-07-08,LB,0.101,0.28
2020-07-08,LB,0.096,0.26
2020-07-08,LB,0.111,0.32
2020-07-08,LB,0.134,0.42
2020-07-08,LB,0.127,0.39
2020-07-08,LB,0.13,0.4
2020-07-08,LB,0.117,0.35
2020-07-08,HT,0.08,0.19
2020-07-08,HT,0.089,0.23
2020-07-08,HT,0.086,0.21
2020-07-08,HT,0.098,0.27
2020-07-08,HT,0.097,0.26
2020-07-08,BO,0.049,0.05
2020-07-08,BO,0.056,0.08
2020-07-08,BO,0.069,0.14
2020-07-08,BO,0.07,0.14
2020-07-08,BO,0.092,0.24
2020-07-08,BO,0.088,0.22
2020-07-08,BO,0.086,0.21
2020-07-10,PK,0.052,0.06
2020-07-10,PK,0.058,0.09
2020-07-10,PK,0.049,0.05
2020-07-10,PK,0.068,0.13
2020-07-10,PK,0.051,0.06
2020-07-10,PK,0.043,0.03
2020-07-10,PK,0.048,0.05
2020-07-10,PK,0.041,0.01
2020-07-10,PK,0.054,0.07
2020-07-10,PK,0.059,0.09
2020-07-10,PK,0.066,0.13
2020-07-10,BCR,0.089,0.23
2020-07-10,BCR,0.082,0.2
2020-07-10,BCR,0.094,0.25
2020-07-10,BCR,0.098,0.27
2020-07-10,BCR,0.09,0.23
2020-07-10,BCR,0.09,0.23
2020-07-10,BCR,0.074,0.16
2020-07-10,LB,0.058,0.09
2020-07-10,LB,0.04,0.01
2020-07-10,LB,0.069,0.14
2020-07-10,LB,0.069,0.14
2020-07-10,LB,0.074,0.16
2020-07-10,LB,0.086,0.21
2020-07-10,LB,0.082,0.2
2020-07-10,LB,0.075,0.16
2020-07-10,HT,0.053,0.07
2020-07-10,HT,0.043,0.03
2020-07-10,HT,0.041,0.02
2020-07-10,HT,0.054,0.07
2020-07-10,HT,0.058,0.09
2020-07-10,HT,0.076,0.17
2020-07-10,HT,0.081,0.19
2020-07-10,HT,0.076,0.17
2020-07-10,HT,0.072,0.15
2020-07-10,BO,0.044,0.03
2020-07-10,BO,0.067,0.13
2020-07-10,BO,0.055,0.08
2020-07-10,BO,0.036,0.0
2020-07-10,BO,0.041,0.02
2020-07-10,BO,0.052,0.06
2020-07-10,BO,0.061,0.1
2020-07-10,BO,0.059,0.09
2020-07-14,BCR,0.044,0.03
2020-07-14,BCR,0.05,0.06
2020-07-14,BCR,0.07,0.14
2020-07-14,BCR,0.071,0.15
2020-07-14,BCR,0.072,0.15
2020-07-14,BCR,0.075,0.17
2020-07-14,BCR,0.073,0.16
2020-07-14,BCR,0.07,0.14
2020-07-14,BCR,0.069,0.14
2020-07-14,BCR,0.078,0.18
2020-07-14,BCR,0.077,0.17
2020-07-14,BCR,0.072,0.15
2020-07-14,BCR,0.089,0.23
2020-07-14,PK,0.042,0.02
2020-07-14,PK,0.044,0.03
2020-07-14,PK,0.047,0.04
2020-07-14,PK,0.053,0.07
2020-07-14,PK,0.05,0.05
2020-07-14,PK,0.06,0.1
2020-07-14,PK,0.041,0.02
2020-07-14,PK,0.047,0.04
2020-07-15,PK,0.06,0.1
2020-07-15,PK,0.043,0.03
2020-07-15,PK,0.041,0.02
2020-07-15,PK,0.05,0.05
2020-07-15,BCR,0.063,0.11
2020-07-15,BCR,0.066,0.12
2020-07-15,BCR,0.074,0.16
2020-07-15,BCR,0.083,0.2
2020-07-15,BCR,0.085,0.21
2020-07-15,BCR,0.079,0.18
2020-07-15,BCR,0.094,0.25
2020-07-15,BCR,0.093,0.24
2020-07-15,LB,0.057,0.09
2020-07-15,LB,0.051,0.06
2020-07-15,LB,0.056,0.08
2020-07-15,LB,0.067,0.13
2020-07-15,LB,0.067,0.13
2020-07-15,LB,0.078,0.18
2020-07-15,LB,0.075,0.16
2020-07-15,LB,0.058,0.09
2020-07-15,LB,0.055,0.08
2020-07-15,LB,0.052,0.07
2020-07-15,LB,0.07,0.14
2020-07-15,LB,0.083,0.2
2020-07-15,LB,0.091,0.24
2020-07-15,LB,0.085,0.21
2020-07-15,LB,0.083,0.2
2020-07-15,LB,0.069,0.14
2020-07-15,LB,0.063,0.11
2020-07-15,LB,0.055,0.08
2020-07-15,LB,0.068,0.13
2020-07-15,LB,0.069,0.14
2020-07-15,LB,0.074,0.16
2020-07-15,LB,0.069,0.14
2020-07-15,HT,0.053,0.07
2020-07-15,HT,0.058,0.09
2020-07-15,HT,0.063,0.11
2020-07-15,HT,0.061,0.1
2020-07-15,HT,0.055,0.08
2020-07-15,HT,0.046,0.04
2020-07-15,HT,0.043,0.02
2020-07-15,HT,0.058,0.09
2020-07-15,HT,0.055,0.08
2020-07-15,HT,0.057,0.09
2020-07-15,HT,0.058,0.09
2020-07-15,HT,0.065,0.12
2020-07-15,HT,0.064,0.12
2020-07-15,HT,0.084,0.2
2020-07-15,HT,0.083,0.2
2020-07-15,BO,0.073,0.16
2020-07-15,BO,0.089,0.22
2020-07-15,BO,0.081,0.19
2020-07-15,BO,0.085,0.21
2020-07-15,BO,0.059,0.09
2020-07-15,BO,0.045,0.03
2020-07-15,BO,0.045,0.04
2020-07-15,BO,0.039,0.01
2020-07-15,BO,0.053,0.07
2020-07-17,PK,0.048,0.05
2020-07-17,PK,0.041,0.02
2020-07-17,PK,0.04,0.01
2020-07-17,PK,0.047,0.05
2020-07-17,PK,0.05,0.06
2020-07-17,PK,0.037,0.0
2020-07-17,PK,0.044,0.03
2020-07-17,PK,0.038,0.0
2020-07-17,BCR,0.138,0.44
2020-07-17,BCR,0.133,0.42
2020-07-17,BCR,0.11,0.32
2020-07-17,BCR,0.102,0.28
2020-07-17,BCR,0.113,0.33
2020-07-17,BCR,0.125,0.38
2020-07-17,BCR,0.128,0.39
2020-07-17,BCR,0.132,0.41
2020-07-17,BCR,0.11,0.32
2020-07-17,HT,0.055,0.08
2020-07-17,BO,0.096,0.26
2020-07-17,BO,0.092,0.24
2020-07-21,BCR,0.064,0.11
2020-07-21,BCR,0.052,0.07
2020-07-21,BCR,0.054,0.07
2020-07-21,BCR,0.073,0.16
2020-07-21,BCR,0.096,0.26
2020-07-21,BCR,0.095,0.25
2020-07-21,BCR,0.089,0.23
2020-07-21,BCR,0.088,0.22
2020-07-21,PK,0.058,0.09
2020-07-21,PK,0.042,0.02
2020-07-21,PK,0.042,0.02
2020-07-21,PK,0.051,0.06
2020-07-21,PK,0.062,0.11
2020-07-21,PK,0.065,0.12
2020-07-21,PK,0.078,0.18
2020-07-21,PK,0.063,0.11
2020-07-21,PK,0.06,0.1
2020-07-21,PK,0.06,0.1
2020-07-22,PK,0.068,0.14
2020-07-22,PK,0.071,0.15
2020-07-22,PK,0.062,0.11
2020-07-22,PK,0.064,0.12
2020-07-22,PK,0.058,0.09
2020-07-22,PK,0.049,0.05
2020-07-22,BCR,0.114,0.34
2020-07-22,BCR,0.106,0.3
2020-07-22,BCR,0.098,0.27
2020-07-22,BCR,0.101,0.28
2020-07-22,BCR,0.103,0.29
2020-07-22,BCR,0.099,0.27
2020-07-22,BCR,0.093,0.24
2020-07-22,LB,0.089,0.23
2020-07-22,LB,0.079,0.18
2020-07-22,LB,0.076,0.17
2020-07-22,LB,0.068,0.14
2020-07-22,LB,0.067,0.13
2020-07-22,LB,0.076,0.17
2020-07-22,LB,0.085,0.21
2020-07-22,LB,0.094,0.25
2020-07-22,LB,0.079,0.18
2020-07-22,LB,0.066,0.13
2020-07-22,LB,0.058,0.09
2020-07-22,LB,0.058,0.09
2020-07-22,LB,0.066,0.13
2020-07-22,LB,0.064,0.12
2020-07-22,LB,0.061,0.1
2020-07-22,HT,0.123,0.37
2020-07-22,HT,0.136,0.43
2020-07-22,HT,0.118,0.35
2020-07-22,HT,0.116,0.35
2020-07-22,HT,0.126,0.39
2020-07-22,HT,0.115,0.34
2020-07-22,HT,0.115,0.34
2020-07-22,HT,0.114,0.33
2020-07-22,HT,0.115,0.34
2020-07-22,HT,0.125,0.38
2020-07-22,HT,0.134,0.42
2020-07-22,HT,0.146,0.47
2020-07-22,BO,0.153,0.51
2020-07-22,BO,0.157,0.52
2020-07-22,BO,0.153,0.5
2020-07-22,BO,0.162,0.54
2020-07-22,BO,0.157,0.52
2020-07-24,BCR,0.132,0.41
2020-07-24,BCR,0.148,0.48
2020-07-24,BCR,0.154,0.51
2020-07-24,BCR,0.154,0.51
2020-07-24,BCR,0.173,0.59
2020-07-24,BCR,0.165,0.56
2020-07-24,BCR,0.164,0.55
2020-07-24,BCR,0.164,0.55
2020-07-24,BCR,0.155,0.51
2020-07-24,BCR,0.158,0.53
2020-07-24,HT,0.199,0.7
2020-07-24,HT,0.192,0.68
2020-07-24,BO,0.154,0.51
2020-07-24,BO,0.154,0.51
2020-07-24,PK,0.076,0.17
2020-07-24,PK,0.084,0.21
2020-07-24,PK,0.099,0.27
2020-07-24,PK,0.111,0.32
2020-07-24,PK,0.098,0.27
2020-07-24,PK,0.094,0.25
2020-07-24,PK,0.091,0.24
2020-07-24,PK,0.089,0.23
2020-07-24,PK,0.07,0.14
2020-07-24,PK,0.077,0.17
2020-07-24,PK,0.067,0.13
2020-07-24,PK,0.063,0.11
2020-07-27,PK,0.072,0.15
2020-07-27,PK,0.064,0.12
2020-07-27,PK,0.061,0.1
2020-07-27,PK,0.07,0.14
2020-07-27,PK,0.069,0.14
2020-07-27,PK,0.067,0.13
2020-07-27,BCR,0.137,0.44
2020-07-27,BCR,0.143,0.46
2020-07-27,BCR,0.131,0.41
2020-07-27,BCR,0.129,0.4
2020-07-27,BCR,0.127,0.39
2020-07-27,BCR,0.131,0.41
2020-07-27,LB,0.085,0.21
2020-07-27,LB,0.075,0.16
2020-07-27,LB,0.087,0.22
2020-07-27,LB,0.075,0.17
2020-07-27,LB,0.092,0.24
2020-07-27,LB,0.103,0.29
2020-07-27,LB,0.089,0.23
2020-07-27,LB,0.086,0.21
2020-07-27,HT,0.098,0.27
2020-07-27,HT,0.081,0.19
2020-07-27,HT,0.097,0.26
2020-07-27,HT,0.099,0.27
2020-07-27,HT,0.099,0.27
2020-07-27,BO,0.167,0.57
2020-07-27,BO,0.156,0.52
2020-07-27,BO,0.165,0.56
2020-07-27,BO,0.174,0.59
2020-07-27,BO,0.171,0.58
2020-07-27,BO,0.184,0.64
2020-07-27,BO,0.181,0.63
2020-07-28,PK,0.065,0.12
2020-07-28,PK,0.057,0.09
2020-07-28,PK,0.058,0.09
2020-07-28,PK,0.051,0.06
2020-07-28,PK,0.053,0.07
2020-07-28,PK,0.056,0.08
2020-07-28,PK,0.06,0.1
2020-07-28,PK,0.068,0.14
2020-07-28,PK,0.073,0.16
2020-07-28,PK,0.079,0.18
2020-07-28,PK,0.08,0.19
2020-07-28,PK,0.071,0.15
2020-07-28,BCR,0.109,0.31
2020-07-28,BCR,0.128,0.4
2020-07-28,BCR,0.155,0.51
2020-07-28,BCR,0.143,0.46
2020-07-28,BCR,0.137,0.44
2020-07-28,BCR,0.133,0.42
2020-07-28,BCR,0.106,0.3
2020-07-28,BCR,0.112,0.33
2020-07-28,BCR,0.093,0.24
2020-07-28,BCR,0.087,0.22
2020-07-28,BCR,0.09,0.23
2020-07-29,PK,0.059,0.1
2020-07-29,PK,0.064,0.12
2020-07-29,PK,0.078,0.18
2020-07-29,PK,0.081,0.19
2020-07-29,PK,0.068,0.14
2020-07-29,PK,0.065,0.12
2020-07-29,PK,0.065,0.12
2020-07-29,PK,0.078,0.18
2020-07-29,BCR,0.103,0.29
2020-07-29,BCR,0.105,0.29
2020-07-29,BCR,0.099,0.27
2020-07-29,BCR,0.109,0.31
2020-07-29,BCR,0.116,0.34
2020-07-29,BCR,0.113,0.33
2020-07-29,BCR,0.104,0.29
2020-07-29,BCR,0.096,0.26
2020-07-29,LB,0.098,0.26
2020-07-29,LB,0.093,0.24
2020-07-29,LB,0.107,0.31
2020-07-29,LB,0.107,0.3
2020-07-29,LB,0.093,0.24
2020-07-29,LB,0.089,0.23
2020-07-29,LB,0.072,0.15
2020-07-29,LB,0.066,0.13
2020-07-29,LB,0.07,0.14
2020-07-29,LB,0.072,0.15
2020-07-29,LB,0.074,0.16
2020-07-29,LB,0.072,0.15
2020-07-29,LB,0.091,0.23
2020-07-29,LB,0.1,0.28
2020-07-29,LB,0.103,0.29
2020-07-29,LB,0.098,0.27
2020-07-29,LB,0.074,0.16
2020-07-29,HT,0.106,0.3
2020-07-29,HT,0.113,0.33
2020-07-29,HT,0.128,0.4
2020-07-29,HT,0.125,0.38
2020-07-29,BO,0.152,0.5
2020-07-29,BO,0.14,0.45
2020-07-29,BO,0.125,0.38
2020-07-29,BO,0.125,0.38
2020-07-29,BO,0.135,0.43
2020-07-29,BO,0.145,0.47
2020-07-29,BO,0.135,0.43
2020-07-29,BO,0.132,0.41
2020-07-29,BO,0.121,0.37
2020-07-31,PK,0.078,0.18
2020-07-31,PK,0.083,0.2
2020-07-31,PK,0.094,0.25
2020-07-31,PK,0.091,0.24
2020-07-31,PK,0.074,0.16
2020-07-31,PK,0.07,0.14
2020-07-31,PK,0.046,0.04
2020-07-31,PK,0.044,0.03
2020-07-31,PK,0.056,0.08
2020-07-31,PK,0.066,0.12
2020-07-31,BCR,0.141,0.45
2020-07-31,BCR,0.162,0.54
2020-07-31,BCR,0.171,0.58
2020-07-31,BCR,0.153,0.5
2020-07-31,BCR,0.155,0.51
2020-07-31,BCR,0.141,0.45
2020-07-31,BCR,0.166,0.56
2020-07-31,BCR,0.199,0.7
2020-07-31,BCR,0.206,0.73
2020-07-31,BCR,0.172,0.59
2020-07-31,BCR,0.138,0.44
2020-07-31,BCR,0.129,0.4
2020-07-31,BCR,0.124,0.38
2020-07-31,BCR,0.138,0.44
2020-07-31,BCR,0.148,0.48
2020-07-31,BCR,0.144,0.46
2020-07-31,LB,0.084,0.2
2020-07-31,LB,0.097,0.26
2020-07-31,LB,0.081,0.19
2020-07-31,HT,0.17,0.58
2020-07-31,HT,0.17,0.58
2020-07-31,HT,0.144,0.47
2020-07-31,BO,0.109,0.31
2020-07-31,BO,0.109,0.31
2020-07-31,BO,0.101,0.28
2020-08-03,LB,0.114,0.34
2020-08-03,LB,0.117,0.35
2020-08-03,LB,0.114,0.34
2020-08-03,HT,0.121,0.37
2020-08-03,HT,0.136,0.43
2020-08-03,HT,0.136,0.43
2020-08-03,BO,0.126,0.39
2020-08-03,BO,0.118,0.35
2020-08-03,BO,0.102,0.28
2020-08-03,BO,0.114,0.33
2020-08-03,BO,0.113,0.33
2020-08-03,BO,0.115,0.34
2020-08-03,BO,0.119,0.36
2020-08-03,BO,0.121,0.37
2020-08-03,BO,0.116,0.34
2020-08-03,BO,0.098,0.27
2020-08-03,BO,0.081,0.19
2020-08-03,BO,0.104,0.29
2020-08-03,BO,0.11,0.32
2020-08-03,BO,0.128,0.39
2020-08-03,BO,0.116,0.34
2020-08-03,BO,0.088,0.22
2020-08-03,BO,0.093,0.24
2020-08-03,BO,0.101,0.28
2020-08-03,BO,0.126,0.39
2020-08-03,BO,0.138,0.44
2020-08-03,BO,0.146,0.48
2020-08-03,BO,0.144,0.47
2020-08-03,BCR,0.128,0.4
2020-08-03,BCR,0.14,0.45
2020-08-03,BCR,0.159,0.53
2020-08-03,BCR,0.162,0.54
2020-08-03,BCR,0.133,0.42
2020-08-03,BCR,0.121,0.37
2020-08-03,BCR,0.12,0.36
2020-08-03,BCR,0.13,0.4
2020-08-03,BCR,0.123,0.37
2020-08-03,BCR,0.114,0.33
2020-08-03,BCR,0.117,0.35
2020-08-03,BCR,0.111,0.32
2020-08-03,BCR,0.118,0.35
2020-08-03,BCR,0.13,0.4
2020-08-03,BCR,0.125,0.38
2020-08-03,BCR,0.123,0.38
2020-08-03,PK,0.056,0.08
2020-08-03,PK,0.066,0.13
2020-08-03,PK,0.068,0.13
2020-08-03,PK,0.089,0.22
2020-08-03,PK,0.083,0.2
2020-08-03,PK,0.093,0.24
2020-08-03,PK,0.086,0.21
2020-08-03,PK,0.093,0.25
2020-08-03,PK,0.085,0.21
2020-08-03,PK,0.082,0.19
2020-08-03,PK,0.081,0.19
2020-08-03,PK,0.084,0.2
2020-08-03,PK,0.083,0.2
2020-08-05,PK,0.1,0.27
2020-08-05,PK,0.093,0.24
2020-08-05,PK,0.08,0.18
2020-08-05,PK,0.076,0.17
2020-08-05,PK,0.085,0.21
2020-08-05,PK,0.08,0.19
2020-08-05,PK,0.081,0.19
2020-08-05,PK,0.087,0.22
2020-08-05,BCR,0.208,0.74
2020-08-05,BCR,0.217,0.79
2020-08-05,BCR,0.258,0.96
2020-08-05,BCR,0.263,0.98
2020-08-05,BCR,0.268,1.01
2020-08-05,BCR,0.255,0.95
2020-08-05,BCR,0.256,0.95
2020-08-05,BCR,0.213,0.77
2020-08-05,LB,0.131,0.41
2020-08-05,LB,0.144,0.46
2020-08-05,LB,0.134,0.42
2020-08-05,LB,0.144,0.47
2020-08-05,LB,0.138,0.44
2020-08-05,LB,0.149,0.49
2020-08-05,LB,0.16,0.54
2020-08-05,LB,0.169,0.58
2020-08-05,LB,0.159,0.53
2020-08-05,LB,0.156,0.52
2020-08-05,HT,0.102,0.28
2020-08-05,HT,0.118,0.35
2020-08-05,HT,0.11,0.32
2020-08-05,HT,0.111,0.32
2020-08-05,HT,0.102,0.28
2020-08-05,BO,0.078,0.18
2020-08-05,BO,0.085,0.21
2020-08-05,BO,0.108,0.31
2020-08-05,BO,0.106,0.3
2020-08-05,BO,0.1,0.27
2020-08-05,BO,0.099,0.27
2020-08-07,LB,0.167,0.57
2020-08-07,LB,0.167,0.57
2020-08-07,LB,0.155,0.51
2020-08-07,HT,0.138,0.44
2020-08-07,HT,0.143,0.46
2020-08-07,BO,0.08,0.18
2020-08-07,BO,0.085,0.21
2020-08-10,PK,0.097,0.26
2020-08-10,PK,0.088,0.22
2020-08-10,PK,0.069,0.14
2020-08-10,PK,0.058,0.09
2020-08-10,PK,0.082,0.2
2020-08-10,PK,0.092,0.24
2020-08-10,PK,0.095,0.25
2020-08-10,PK,0.093,0.24
2020-08-10,PK,0.099,0.27
2020-08-10,PK,0.101,0.28
2020-08-10,PK,0.114,0.33
2020-08-10,PK,0.12,0.36
2020-08-10,PK,0.1,0.28
2020-08-10,BCR,0.185,0.65
2020-08-10,BCR,0.219,0.79
2020-08-10,BCR,0.272,1.02
2020-08-10,BCR,0.321,1.23
2020-08-10,BCR,0.304,1.16
2020-08-10,BCR,0.243,0.9
2020-08-10,BCR,0.191,0.67
2020-08-10,BCR,0.21,0.75
2020-08-10,BCR,0.232,0.85
2020-08-10,BCR,0.24,0.88
2020-08-10,BCR,0.21,0.75
2020-08-10,LB,0.141,0.45
2020-08-10,LB,0.136,0.43
2020-08-10,LB,0.136,0.43
2020-08-10,HT,0.13,0.4
2020-08-10,HT,0.117,0.35
2020-08-10,HT,0.126,0.39
2020-08-10,HT,0.157,0.52
2020-08-10,HT,0.171,0.58
2020-08-10,BO,0.1,0.27
2020-08-10,BO,0.121,0.37
2020-08-10,BO,0.127,0.39
2020-08-10,BO,0.12,0.36
2020-08-10,BO,0.104,0.29
2020-08-10,BO,0.102,0.28
2020-08-10,BO,0.111,0.32
2020-08-10,BO,0.12,0.36
2020-08-10,BO,0.126,0.39
2020-08-10,BO,0.128,0.4
2020-08-10,BO,0.121,0.37
2020-08-10,BO,0.116,0.34
2020-08-10,BO,0.117,0.35
2020-08-10,BO,0.117,0.35
2020-08-10,BO,0.147,0.48
2020-08-10,BO,0.141,0.45
2020-08-10,BO,0.136,0.43
2020-08-12,PK,0.095,0.25
2020-08-12,PK,0.11,0.32
2020-08-12,PK,0.097,0.26
2020-08-12,PK,0.093,0.24
2020-08-12,PK,0.09,0.23
2020-08-12,PK,0.098,0.27
2020-08-12,PK,0.106,0.3
2020-08-12,BCR,0.169,0.57
2020-08-12,BCR,0.174,0.6
2020-08-12,BCR,0.169,0.58
2020-08-12,BCR,0.167,0.56
2020-08-12,BCR,0.172,0.59
2020-08-12,BCR,0.164,0.55
2020-08-12,BCR,0.155,0.51
2020-08-12,BCR,0.149,0.49
2020-08-12,BCR,0.153,0.51
2020-08-12,BCR,0.162,0.55
2020-08-12,BCR,0.151,0.5
2020-08-12,BCR,0.154,0.51
2020-08-12,LB,0.125,0.38
2020-08-12,LB,0.137,0.43
2020-08-12,LB,0.124,0.38
2020-08-12,LB,0.138,0.44
2020-08-12,LB,0.136,0.43
2020-08-12,LB,0.138,0.44
2020-08-12,LB,0.15,0.49
2020-08-12,LB,0.165,0.56
2020-08-12,LB,0.172,0.59
2020-08-12,LB,0.184,0.64
2020-08-12,LB,0.166,0.56
2020-08-12,LB,0.149,0.49
2020-08-12,LB,0.161,0.54
2020-08-12,LB,0.16,0.54
2020-08-12,LB,0.171,0.58
2020-08-12,LB,0.178,0.61
2020-08-12,LB,0.186,0.65
2020-08-12,LB,0.183,0.63
2020-08-12,HT,0.167,0.57
2020-08-12,HT,0.161,0.54
2020-08-12,HT,0.159,0.53
2020-08-12,HT,0.167,0.57
2020-08-12,HT,0.153,0.5
2020-08-12,BO,0.108,0.31
2020-08-12,BO,0.112,0.33
2020-08-12,BO,0.11,0.32
2020-08-12,BO,0.1,0.28
2020-08-12,BO,0.109,0.31
2020-08-12,BO,0.102,0.28
2020-08-12,BO,0.099,0.27
2020-08-14,LB,0.126,0.39
2020-08-14,LB,0.126,0.39
2020-08-14,LB,0.114,0.34
2020-08-14,LB,0.101,0.28
2020-08-14,LB,0.105,0.29
2020-08-14,LB,0.092,0.24
2020-08-14,LB,0.11,0.32
2020-08-14,LB,0.129,0.4
2020-08-14,LB,0.114,0.33
2020-08-14,LB,0.113,0.33
2020-08-14,LB,0.115,0.34
2020-08-14,LB,0.114,0.33
2020-08-14,LB,0.113,0.33
2020-08-14,HT,0.137,0.44
2020-08-14,HT,0.152,0.5
2020-08-14,HT,0.133,0.42
2020-08-14,HT,0.147,0.48
2020-08-14,BO,0.122,0.37
2020-08-14,BO,0.122,0.37
2020-08-14,BO,0.105,0.3
2020-08-14,BO,0.113,0.33
2020-08-17,PK,0.063,0.11
2020-08-17,PK,0.047,0.04
2020-08-17,PK,0.044,0.03
2020-08-17,PK,0.048,0.05
2020-08-17,PK,0.057,0.09
2020-08-17,PK,0.077,0.17
2020-08-17,PK,0.069,0.14
2020-08-17,PK,0.084,0.2
2020-08-17,PK,0.072,0.15
2020-08-17,PK,0.072,0.15
2020-08-17,PK,0.092,0.24
2020-08-17,PK,0.086,0.21
2020-08-17,BCR,0.113,0.33
2020-08-17,BCR,0.103,0.29
2020-08-17,BCR,0.106,0.3
2020-08-17,BCR,0.106,0.3
2020-08-17,BCR,0.122,0.37
2020-08-17,BCR,0.133,0.42
2020-08-17,BCR,0.137,0.44
2020-08-17,BCR,0.132,0.41
2020-08-17,LB,0.1,0.27
2020-08-17,LB,0.09,0.23
2020-08-17,HT,0.083,0.2
2020-08-17,HT,0.095,0.25
2020-08-17,BO,0.135,0.43
2020-08-19,PK,0.098,0.27
2020-08-19,PK,0.101,0.28
2020-08-19,PK,0.094,0.25
2020-08-19,PK,0.09,0.23
2020-08-19,PK,0.106,0.3
2020-08-19,PK,0.102,0.28
2020-08-19,PK,0.095,0.25
2020-08-19,PK,0.069,0.14
2020-08-19,BCR,0.142,0.46
2020-08-19,BCR,0.127,0.39
2020-08-19,BCR,0.12,0.36
2020-08-19,BCR,0.109,0.31
2020-08-19,BCR,0.142,0.46
2020-08-19,BCR,0.141,0.45
2020-08-19,LB,0.125,0.38
2020-08-19,LB,0.121,0.37
2020-08-19,LB,0.117,0.35
2020-08-19,LB,0.115,0.34
2020-08-19,LB,0.098,0.26
2020-08-19,LB,0.09,0.23
2020-08-19,LB,0.081,0.19
2020-08-19,LB,0.091,0.23
2020-08-19,LB,0.105,0.29
2020-08-19,LB,0.107,0.31
2020-08-19,LB,0.115,0.34
2020-08-19,HT,0.094,0.25
2020-08-19,HT,0.089,0.22
2020-08-19,HT,0.077,0.17
2020-08-19,HT,0.083,0.2
2020-08-19,HT,0.106,0.3
2020-08-19,BO,0.083,0.2
2020-08-19,BO,0.102,0.28
2020-08-19,BO,0.105,0.29
2020-08-19,BO,0.101,0.28
2020-08-19,BO,0.12,0.36
2020-08-19,BO,0.113,0.33
2020-08-21,BCR,0.105,0.3
2020-08-21,BCR,0.093,0.24
2020-08-21,BCR,0.107,0.3
2020-08-21,BCR,0.121,0.37
2020-08-21,BCR,0.142,0.46
2020-08-21,BCR,0.138,0.44
2020-08-21,BCR,0.133,0.42
2020-08-21,BCR,0.145,0.47
2020-08-21,BCR,0.142,0.46
2020-08-21,LB,0.145,0.47
2020-08-21,LB,0.15,0.49
2020-08-21,LB,0.14,0.45
2020-08-21,HT,0.148,0.48
2020-08-21,HT,0.143,0.46
2020-08-21,BO,0.155,0.51
2020-08-21,BO,0.154,0.51
2020-08-21,BO,0.149,0.49
2020-08-24,PK,0.102,0.28
2020-08-24,PK,0.104,0.29
2020-08-24,PK,0.087,0.22
2020-08-24,PK,0.1,0.27
2020-08-24,PK,0.088,0.22
2020-08-24,PK,0.103,0.29
2020-08-24,BCR,0.084,0.21
2020-08-24,BCR,0.078,0.18
2020-08-24,BCR,0.091,0.23
2020-08-24,BCR,0.08,0.19
2020-08-24,BCR,0.07,0.14
2020-08-24,BCR,0.056,0.08
2020-08-24,BCR,0.06,0.1
2020-08-24,BCR,0.069,0.14
2020-08-24,BCR,0.069,0.14
2020-08-24,LB,0.077,0.17
2020-08-24,LB,0.082,0.2
2020-08-24,LB,0.094,0.25
2020-08-24,LB,0.115,0.34
2020-08-24,LB,0.105,0.3
2020-08-24,HT,0.111,0.32
2020-08-24,HT,0.108,0.31
2020-08-24,HT,0.101,0.28
2020-08-24,HT,0.112,0.33
2020-08-24,HT,0.113,0.33
2020-08-24,HT,0.111,0.32
2020-08-24,HT,0.121,0.37
2020-08-24,HT,0.106,0.3
2020-08-24,HT,0.105,0.29
2020-08-24,HT,0.095,0.25
2020-08-24,BO,0.153,0.51
2020-08-24,BO,0.168,0.57
2020-08-26,BCR,0.127,0.39
2020-08-26,BCR,0.131,0.41
2020-08-26,BCR,0.106,0.3
2020-08-26,BCR,0.116,0.35
2020-08-26,BCR,0.102,0.28
2020-08-26,BCR,0.109,0.32
2020-08-26,BCR,0.129,0.4
2020-08-26,BCR,0.12,0.36
2020-08-26,BCR,0.123,0.37
2020-08-26,BCR,0.13,0.4
2020-08-26,LB,0.081,0.19
2020-08-26,LB,0.091,0.24
2020-08-26,LB,0.105,0.29
2020-08-26,LB,0.11,0.32
2020-08-26,LB,0.101,0.28
2020-08-26,LB,0.092,0.24
2020-08-26,LB,0.08,0.19
2020-08-26,LB,0.075,0.17
2020-08-26,HT,0.099,0.27
2020-08-26,HT,0.107,0.31
2020-08-26,HT,0.106,0.3
2020-08-26,HT,0.117,0.35
2020-08-26,HT,0.105,0.3
2020-08-26,HT,0.098,0.26
2020-08-26,HT,0.094,0.25
2020-08-26,HT,0.095,0.25
2020-08-26,BO,0.138,0.44
2020-08-26,BO,0.128,0.4
2020-08-26,BO,0.126,0.39
2020-08-26,BO,0.129,0.4
2020-08-26,BO,0.151,0.5
2020-08-26,BO,0.173,0.59
2020-08-26,PK,0.069,0.14
2020-08-26,PK,0.107,0.31
2020-08-26,PK,0.123,0.37
2020-08-26,PK,0.112,0.33
2020-08-26,PK,0.11,0.32
2020-08-28,BCR,0.101,0.28
2020-08-28,BCR,0.075,0.17
2020-08-28,BCR,0.088,0.22
2020-08-28,BCR,0.095,0.25
2020-08-28,BCR,0.111,0.32
2020-08-28,BCR,0.117,0.35
2020-08-28,BCR,0.16,0.54
2020-08-28,BCR,0.146,0.47
2020-08-28,BCR,0.13,0.4
2020-08-28,BCR,0.111,0.32
2020-08-28,LB,0.12,0.36
2020-08-28,LB,0.115,0.34
2020-08-28,LB,0.097,0.26
2020-08-28,LB,0.106,0.3
2020-08-28,LB,0.09,0.23
2020-08-28,LB,0.108,0.31
2020-08-28,LB,0.096,0.25
2020-08-28,LB,0.092,0.24
2020-08-28,LB,0.102,0.28
2020-08-28,HT,0.102,0.28
2020-08-28,HT,0.114,0.34
2020-08-28,HT,0.112,0.33
2020-08-28,HT,0.108,0.31
2020-08-28,HT,0.11,0.32
2020-08-28,HT,0.111,0.32
2020-08-28,BO,0.171,0.58
2020-08-28,BO,0.166,0.56
2020-08-28,BO,0.168,0.57
2020-08-28,BO,0.164,0.55
2020-08-28,BO,0.173,0.59
2020-08-28,BO,0.173,0.59
2020-08-28,PK,0.053,0.07
2020-08-28,PK,0.062,0.11
2020-08-28,PK,0.048,0.05
2020-08-28,PK,0.069,0.14
2020-08-28,PK,0.066,0.12
2020-08-28,PK,0.06,0.1
2020-08-28,PK,0.078,0.18
2020-08-28,PK,0.084,0.2
2020-09-02,BCR,0.117,0.35
2020-09-02,BCR,0.106,0.3
2020-09-02,BCR,0.091,0.23
2020-09-02,BCR,0.085,0.21
2020-09-02,BCR,0.097,0.26
2020-09-02,BCR,0.093,0.24
2020-09-02,BCR,0.115,0.34
2020-09-02,BCR,0.112,0.32
2020-09-02,BCR,0.116,0.35
2020-09-02,BCR,0.118,0.35
2020-09-02,LB,0.097,0.26
2020-09-02,LB,0.098,0.26
2020-09-02,LB,0.097,0.26
2020-09-02,LB,0.103,0.28
2020-09-02,LB,0.115,0.34
2020-09-02,LB,0.117,0.35
2020-09-02,LB,0.109,0.31
2020-09-02,LB,0.106,0.3
2020-09-02,LB,0.106,0.3
2020-09-02,LB,0.105,0.29
2020-09-02,LB,0.104,0.29
2020-09-02,LB,0.097,0.26
2020-09-02,LB,0.095,0.25
2020-09-02,LB,0.08,0.19
2020-09-02,LB,0.084,0.21
2020-09-02,LB,0.09,0.23
2020-09-02,LB,0.095,0.25
2020-09-02,LB,0.101,0.28
2020-09-02,LB,0.102,0.28
2020-09-02,LB,0.106,0.3
2020-09-02,HT,0.09,0.23
2020-09-02,HT,0.091,0.23
2020-09-02,HT,0.086,0.21
2020-09-02,HT,0.084,0.2
2020-09-02,HT,0.077,0.17
2020-09-02,HT,0.077,0.17
2020-09-02,HT,0.091,0.24
2020-09-02,HT,0.098,0.26
2020-09-02,HT,0.114,0.34
2020-09-02,HT,0.113,0.33
2020-09-02,BO,0.181,0.62
2020-09-02,BO,0.164,0.55
2020-09-02,BO,0.143,0.46
2020-09-02,BO,0.137,0.44
2020-09-02,BO,0.133,0.42
2020-09-02,HO,0.446,1.78
2020-09-02,HO,0.428,1.7
2020-09-02,HO,0.465,1.86
2020-09-02,HO,0.434,1.73
2020-09-02,HO,0.452,1.81
2020-09-02,HO,0.438,1.74
2020-09-02,HO,0.388,1.53
2020-09-02,HO,0.322,1.24
2020-09-02,HO,0.3,1.14
2020-09-02,HO,0.31,1.19
2020-09-02,PK,0.098,0.26
2020-09-02,PK,0.096,0.26
2020-09-02,PK,0.077,0.17
2020-09-02,PK,0.073,0.15
2020-09-02,PK,0.068,0.13
2020-09-02,PK,0.065,0.12
2020-09-02,PK,0.094,0.25
2020-09-02,PK,0.118,0.35
2020-09-02,PK,0.117,0.35
2020-09-02,PK,0.108,0.31
2020-09-02,PK,0.081,0.19
2020-09-02,PK,0.08,0.19
2020-09-02,PK,0.079,0.18
2020-09-04,BCR,0.092,0.24
2020-09-04,BCR,0.082,0.19
2020-09-04,BCR,0.095,0.25
2020-09-04,BCR,0.092,0.24
2020-09-04,BCR,0.103,0.29
2020-09-04,BCR,0.107,0.3
2020-09-04,LB,0.09,0.23
2020-09-04,LB,0.098,0.26
2020-09-04,LB,0.11,0.32
2020-09-04,LB,0.12,0.36
2020-09-04,LB,0.114,0.33
2020-09-04,LB,0.114,0.34
2020-09-04,LB,0.099,0.27
2020-09-04,LB,0.104,0.29
2020-09-04,LB,0.083,0.2
2020-09-04,LB,0.082,0.19
2020-09-04,HT,0.108,0.31
2020-09-04,HT,0.101,0.28
2020-09-04,HT,0.097,0.26
2020-09-04,HT,0.11,0.32
2020-09-04,HT,0.108,0.31
2020-09-04,HT,0.125,0.38
2020-09-04,HT,0.116,0.34
2020-09-04,HT,0.114,0.33
2020-09-04,HT,0.11,0.32
2020-09-04,HT,0.099,0.27
2020-09-04,HT,0.094,0.25
2020-09-04,HT,0.092,0.24
2020-09-04,HT,0.074,0.16
2020-09-04,HT,0.1,0.28
2020-09-04,HT,0.103,0.29
2020-09-04,BO,0.102,0.28
2020-09-04,BO,0.107,0.31
2020-09-04,BO,0.108,0.31
2020-09-04,BO,0.113,0.33
2020-10-12,PK,0.063,0.44
2020-10-12,PK,0.079,0.51
2020-10-12,PK,0.051,0.39
2020-10-12,PK,0.05,0.38
2020-10-12,PK,0.047,0.37
2020-10-12,PK,0.053,0.39
2020-10-12,PK,0.075,0.49
2021-04-06,PK,0.587,2.43
2021-04-06,PK,0.589,2.44
2021-04-06,PK,0.563,2.33
2021-04-06,PK,0.463,1.93
2021-04-06,PK,0.463,1.93
2021-04-06,PK,0.417,1.74
2021-04-06,PK,0.515,2.14
2021-04-06,PK,0.579,2.4
2021-04-06,PK,0.56,2.32
2021-04-06,BCR,0.524,2.17
2021-04-06,BCR,0.505,2.1
2021-04-06,BCR,0.506,2.1
2021-04-06,BCR,0.48,2.0
2021-04-06,BCR,0.453,1.89
2021-04-06,BCR,0.436,1.82
2021-04-06,LB,0.277,1.18
2021-04-06,LB,0.291,1.24
2021-04-06,LB,0.295,1.25
2021-04-06,LB,0.285,1.21
2021-04-06,LB,0.286,1.22
2021-04-06,LB,0.292,1.24
2021-04-06,LB,0.297,1.26
2021-04-06,LB,0.298,1.26
2021-04-06,HT,0.44,1.84
2021-04-06,HT,0.44,1.84
2021-04-06,HT,0.419,1.75
2021-04-06,HT,0.394,1.65
2021-04-06,HT,0.371,1.56
2021-04-06,HT,0.362,1.52
2021-04-06,BO,0.158,0.7
2021-04-06,BO,0.196,0.85
2021-04-06,BO,0.184,0.8
2021-04-06,BO,0.204,0.88
2021-04-06,BO,0.208,0.9
2021-04-06,BO,0.193,0.84
2021-04-13,PK,0.28,1.18
2021-04-13,PK,0.28,1.18
2021-04-13,PK,0.26,1.13
2021-04-13,PK,0.25,1.08
2021-04-21,LB,0.23,0.97
2021-04-21,LB,0.25,1.08
2021-04-21,LB,0.24,1.02
2021-04-21,LB,0.24,1.04
2021-04-21,LB,0.25,1.05
2021-04-21,LB,0.22,0.94
2021-04-21,LB,0.23,1.0
2021-04-21,LB,0.22,0.94
2021-04-21,LB,0.2,0.85
2021-04-21,LB,0.2,0.88
2021-04-21,LB,0.22,0.96
2021-04-21,HT,0.23,0.99
2021-04-21,HT,0.22,0.95
2021-04-21,HT,0.2,0.85
2021-04-21,HT,0.19,0.83
2021-04-21,HT,0.21,0.91
2021-04-21,HT,0.22,0.94
2021-04-21,BO,0.14,0.64
2021-04-21,BO,0.13,0.57
2021-04-21,BO,0.11,0.49
2021-04-21,BO,0.1,0.48
2021-04-21,BO,0.12,0.55
2021-04-21,BO,0.16,0.71
2021-04-21,BO,0.18,0.79
2021-04-21,BO,0.2,0.85
2021-04-21,BO,0.22,0.94
2021-04-21,BO,0.19,0.84
2021-05-11,PK,0.2,0.88
2021-05-11,PK,0.17,0.76
2021-05-11,PK,0.18,0.77
2021-05-11,PK,0.17,0.75
2021-05-11,PK,0.17,0.74
2021-05-11,PK,0.19,0.84
2021-05-11,PK,0.19,0.82
2021-05-11,PK,0.22,0.93
2021-05-11,BCR,0.14,0.64
2021-05-11,BCR,0.13,0.59
2021-05-11,BCR,0.13,0.57
2021-05-11,BCR,0.13,0.59
2021-05-11,BCR,0.14,0.63
2021-05-11,BCR,0.14,0.63
2021-05-11,BCR,0.19,0.83
2021-05-11,BCR,0.15,0.66
2021-05-11,LB,0.17,0.75
2021-05-11,LB,0.16,0.69
2021-05-11,LB,0.16,0.71
2021-05-11,LB,0.16,0.73
2021-05-11,LB,0.17,0.75
2021-05-11,LB,0.2,0.86
2021-05-11,LB,0.23,0.99
2021-05-11,HT,0.13,0.57
2021-05-11,HT,0.1,0.45
2021-05-11,HT,0.08,0.39
2021-05-11,HT,0.09,0.44
2021-05-11,HT,0.1,0.48
2021-05-11,HT,0.14,0.61
2021-05-11,BO,0.12,0.53
2021-05-11,BO,0.11,0.51
2021-05-11,BO,0.12,0.53
2021-05-11,BO,0.1,0.47
2021-05-18,PK,0.22,0.96
2021-05-18,PK,0.22,0.95
2021-05-18,PK,0.21,0.93
2021-05-18,PK,0.24,1.02
2021-05-18,PK,0.24,1.04
2021-05-18,PK,0.24,1.02
2021-05-18,PK,0.26,1.09
2021-05-18,BCR,0.48,2.01
2021-05-18,BCR,0.52,2.14
2021-05-18,BCR,0.49,2.05
2021-05-18,BCR,0.47,1.97
2021-05-18,BCR,0.46,1.91
2021-05-18,BCR,0.45,1.87
2021-05-18,BCR,0.48,2.0
2021-05-18,BCR,0.47,1.95
2021-05-18,LB,0.5,2.07
2021-05-18,LB,0.49,2.03
2021-05-18,LB,0.47,1.95
2021-05-18,LB,0.47,1.97
2021-05-18,LB,0.46,1.9
2021-05-18,LB,0.46,1.91
2021-05-18,LB,0.47,1.97
2021-05-18,LB,0.49,2.04
2021-05-18,HT,0.33,1.37
2021-05-18,HT,0.36,1.53
2021-05-18,HT,0.34,1.42
2021-05-18,HT,0.36,1.51
2021-05-18,HT,0.34,1.44
2021-05-18,BO,0.2,0.85
2021-05-18,BO,0.18,0.77
2021-05-18,BO,0.18,0.78
2021-05-18,BO,0.17,0.74
2021-05-18,BO,0.18,0.78
2021-05-18,BO,0.2,0.87
2021-05-18,BO,0.21,0.93
2021-05-25,PK,0.27,1.17
2021-05-25,PK,0.25,1.07
2021-05-25,PK,0.27,1.14
2021-05-25,PK,0.26,1.11
2021-05-25,PK,0.28,1.19
2021-05-25,PK,0.28,1.19
2021-05-25,PK,0.28,1.19
2021-05-25,BCR,0.54,2.22
2021-05-25,BCR,0.53,2.2
2021-05-25,BCR,0.52,2.17
2021-05-25,BCR,0.54,2.24
2021-05-25,BCR,0.51,2.14
2021-05-25,BCR,0.54,2.23
2021-05-25,BCR,0.55,2.27
2021-05-25,BCR,0.52,2.16
2021-05-25,LB,0.26,1.11
2021-05-25,LB,0.26,1.11
2021-05-25,LB,0.26,1.1
2021-05-25,LB,0.25,1.07
2021-05-25,LB,0.24,1.01
2021-05-25,LB,0.27,1.15
2021-05-25,LB,0.28,1.2
2021-05-25,HT,0.43,1.78
2021-05-25,HT,0.42,1.77
2021-05-25,HT,0.38,1.6
2021-05-25,HT,0.39,1.63
2021-05-25,HT,0.42,1.75
2021-05-25,HT,0.43,1.8
2021-05-25,HT,0.43,1.82
2021-05-25,BO,0.28,1.19
2021-05-25,BO,0.28,1.18
2021-05-25,BO,0.3,1.25
2021-05-25,BO,0.3,1.27
2021-05-25,BO,0.31,1.29
2021-05-25,BO,0.3,1.26
2021-05-25,BO,0.27,1.16
2021-05-25,BB,0.52,2.16
2021-05-25,BB,0.52,2.14
2021-05-25,BB,0.51,2.1
2021-05-25,BB,0.48,1.98
2021-05-25,BB,0.48,2.01
2021-05-27,PK,0.39,1.63
2021-05-27,PK,0.39,1.63
2021-05-27,PK,0.37,1.55
2021-05-27,PK,0.35,1.49
2021-05-27,PK,0.37,1.56
2021-05-27,PK,0.38,1.59
2021-05-27,BCR,0.48,1.98
2021-05-27,BCR,0.46,1.92
2021-05-27,BCR,0.46,1.93
2021-05-27,BCR,0.45,1.89
2021-05-27,BCR,0.45,1.86
2021-05-27,BCR,0.48,1.98
2021-05-27,LB,0.57,2.38
2021-05-27,LB,0.56,2.34
2021-05-27,LB,0.53,2.22
2021-05-27,LB,0.56,2.31
2021-05-27,LB,0.56,2.31
2021-05-27,HT,0.4,1.67
2021-05-27,HT,0.4,1.69
2021-05-27,HT,0.41,1.73
2021-05-27,HT,0.39,1.65
2021-05-27,HT,0.39,1.65
2021-05-27,HT,0.38,1.58
2021-05-27,HT,0.38,1.58
2021-05-27,HT,0.39,1.63
2021-05-27,BO,0.27,1.15
2021-05-27,BO,0.27,1.16
2021-05-27,BO,0.25,1.07
2021-05-27,BO,0.27,1.16
2021-05-27,BO,0.28,1.19
2021-05-27,BO,0.28,1.19
2021-05-27,BO,0.26,1.12
2021-05-27,BO,0.26,1.09
2021-05-27,BO,0.27,1.14
2021-05-27,BO,0.3,1.26
2021-05-27,BO,0.28,1.17
2021-05-27,BO,0.31,1.33
2021-05-27,BO,0.31,1.33
2021-05-27,BO,0.28,1.18
2021-05-27,BO,0.3,1.28
2021-05-27,BO,0.25,1.09
2021-07-13,LB,0.19,0.84
2021-07-13,LB,0.18,0.8
2021-07-13,LB,0.18,0.8
2021-07-13,HT,0.07,0.36
2021-07-13,HT,0.06,0.29
2021-07-13,HT,0.07,0.35
2021-07-13,HT,0.09,0.43
2021-07-13,BO,0.25,1.08
2021-07-13,BO,0.23,1.0
2021-07-13,BO,0.24,1.04
2021-07-13,BO,0.23,0.98
2021-07-13,BO,0.25,1.05
2021-07-13,BCR,0.06,0.29
2021-07-13,BCR,0.07,0.33
2021-07-13,BCR,0.06,0.3
2021-07-13,BCR,0.04,0.21
2021-07-13,BCR,0.02,0.16
2021-07-13,BCR,0.02,0.16
2021-07-13,BCR,0.0,0.06
2021-07-13,BCR,0.04,0.23
2021-07-13,BCR,0.06,0.3
2021-07-13,PK,0.18,0.81
2021-07-13,PK,0.14,0.64
2021-07-13,PK,0.16,0.72
2021-07-13,PK,0.16,0.69
2021-07-13,PK,0.16,0.7
2021-07-13,PK,0.15,0.68
2021-07-13,PK,0.13,0.6
2021-07-13,PK,0.12,0.56
2021-07-13,PK,0.14,0.61
2021-07-13,PK,0.15,0.66
2021-07-13,PK,0.16,0.71
2021-07-13,PK,0.15,0.67
2021-07-13,PK,0.16,0.7
2021-07-13,PK,0.14,0.63
2021-07-13,PK,0.13,0.58
2021-07-15,PK,0.19,0.82
2021-07-15,PK,0.18,0.79
2021-07-15,PK,0.18,0.81
2021-07-15,PK,0.2,0.85
2021-07-15,PK,0.18,0.79
2021-07-15,PK,0.17,0.74
2021-07-15,PK,0.16,0.69
2021-07-15,PK,0.16,0.7
2021-07-15,PK,0.18,0.8
2021-07-15,PK,0.18,0.79
2021-07-15,PK,0.19,0.83
2021-07-15,PK,0.21,0.89
2021-07-15,PK,0.18,0.79
2021-07-15,PK,0.18,0.78
2021-07-15,BCR,0.18,0.78
2021-07-15,BCR,0.18,0.8
2021-07-15,BCR,0.21,0.93
2021-07-15,BCR,0.21,0.9
2021-07-15,BCR,0.21,0.89
2021-07-15,BCR,0.19,0.83
2021-07-15,BCR,0.18,0.8
2021-07-15,BCR,0.17,0.73
2021-07-15,BCR,0.16,0.72
2021-07-15,BCR,0.19,0.83
2021-07-15,LB,0.23,0.97
2021-07-15,LB,0.23,0.99
2021-07-15,LB,0.23,0.98
2021-07-15,LB,0.23,1.01
2021-07-15,LB,0.22,0.93
2021-07-15,LB,0.22,0.96
2021-07-15,LB,0.22,0.96
2021-07-15,LB,0.22,0.94
2021-07-15,HT,0.17,0.73
2021-07-15,HT,0.16,0.71
2021-07-15,HT,0.16,0.69
2021-07-15,HT,0.17,0.73
2021-07-15,BO,0.13,0.57
2021-07-15,BO,0.15,0.66
2021-07-15,BO,0.11,0.5
2021-07-20,PK,0.32,1.35
2021-07-20,PK,0.36,1.52
2021-07-20,PK,0.32,1.35
2021-07-20,PK,0.31,1.3
2021-07-20,PK,0.29,1.22
2021-07-20,PK,0.28,1.18
2021-07-20,PK,0.26,1.13
2021-07-20,PK,0.26,1.09
2021-07-20,PK,0.27,1.15
2021-07-20,PK,0.29,1.22
2021-07-20,PK,0.32,1.37
2021-07-20,PK,0.31,1.3
2021-07-20,PK,0.26,1.09
2021-07-20,PK,0.29,1.21
2021-07-20,PK,0.3,1.25
2021-07-20,PK,0.31,1.31
2021-07-20,PK,0.34,1.42
2021-07-20,PK,0.32,1.34
2021-07-20,BCR,0.31,1.31
2021-07-20,BCR,0.33,1.4
2021-07-20,BCR,0.33,1.41
2021-07-20,BCR,0.31,1.29
2021-07-20,BCR,0.31,1.32
2021-07-20,BCR,0.29,1.24
2021-07-20,BCR,0.29,1.23
2021-07-20,BCR,0.25,1.08
2021-07-20,BCR,0.29,1.23
2021-07-20,BCR,0.29,1.24
2021-07-20,LB,0.19,0.83
2021-07-20,LB,0.19,0.84
2021-07-20,LB,0.2,0.85
2021-07-20,LB,0.18,0.77
2021-07-20,LB,0.57,2.37
2021-07-20,LB,1.14,4.68
2021-07-20,HT,0.15,0.67
2021-07-20,HT,0.17,0.76
2021-07-20,HT,0.2,0.86
2021-07-20,HT,0.21,0.89
2021-07-20,HT,0.19,0.82
2021-07-20,HT,0.18,0.79
2021-07-20,BO,0.12,0.55
2021-07-20,BO,0.12,0.56
2021-07-20,BO,0.14,0.62
2021-07-20,BO,0.14,0.64
2021-07-20,BO,0.16,0.7
2021-07-20,BO,0.18,0.77
2021-07-20,BO,0.16,0.72
2021-07-20,BO,0.18,0.79
2021-07-20,BO,0.22,0.95
2021-07-20,BO,0.22,0.96
2021-07-20,BO,0.24,1.04
2021-07-20,BO,0.23,0.97
2021-07-20,BO,0.2,0.87
2021-07-20,BO,0.19,0.83
2021-07-20,BO,0.16,0.72
2021-07-20,BO,0.17,0.74
2021-07-22,PK,0.17,0.73
2021-07-22,PK,0.16,0.69
2021-07-22,PK,0.22,0.95
2021-07-22,PK,0.26,1.11
2021-07-22,PK,0.27,1.16
2021-07-22,PK,0.26,1.12
2021-07-22,PK,0.22,0.97
2021-07-22,PK,0.18,0.77
2021-07-22,PK,0.16,0.72
2021-07-22,PK,0.17,0.76
2021-07-22,PK,0.2,0.87
2021-07-22,PK,0.21,0.89
2021-07-22,PK,0.18,0.77
2021-07-22,PK,0.19,0.84
2021-07-22,PK,0.16,0.71
2021-07-22,PK,0.19,0.81
2021-07-22,PK,0.23,1.01
2021-07-22,PK,0.23,1.0
2021-07-22,PK,0.24,1.04
2021-07-22,LB,0.09,0.41
2021-07-22,LB,0.07,0.36
2021-07-22,LB,0.08,0.38
2021-07-22,LB,0.08,0.37
2021-07-22,LB,0.1,0.47
2021-07-22,LB,0.09,0.44
2021-07-22,LB,0.1,0.47
2021-07-22,LB,0.1,0.48
2021-07-22,LB,0.1,0.45
2021-07-22,LB,0.1,0.48
2021-07-22,LB,0.08,0.38
2021-07-22,LB,0.08,0.39
2021-07-22,LB,0.07,0.35
2021-07-22,LB,0.06,0.31
2021-07-22,LB,0.1,0.46
2021-07-22,LB,0.09,0.44
2021-07-22,HT,0.11,0.52
2021-07-22,HT,0.12,0.56
2021-07-22,HT,0.12,0.55
2021-07-22,BO,0.22,0.95
2021-07-22,BO,0.23,0.98
2021-07-22,BO,0.24,1.02
2021-07-22,BO,0.23,0.98
2021-07-22,BO,0.22,0.96
2021-07-22,BO,0.21,0.92
2021-07-22,BO,0.22,0.94
2021-07-22,BO,0.24,1.03
2021-07-22,BO,0.27,1.13
2021-07-22,BO,0.25,1.08
2021-07-22,BO,0.24,1.05
2021-07-22,BO,0.24,1.02
2021-07-27,PK,0.27,1.09
2021-07-27,PK,0.27,1.09
2021-07-27,PK,0.3,1.21
2021-07-27,PK,0.3,1.19
2021-07-27,PK,0.28,1.14
2021-07-27,PK,0.28,1.13
2021-07-27,PK,0.26,1.05
2021-07-27,PK,0.26,1.06
2021-07-27,PK,0.26,1.02
2021-07-27,PK,0.26,1.04
2021-07-27,PK,0.26,1.05
2021-07-27,PK,0.23,0.92
2021-07-27,PK,0.25,1.0
2021-07-27,PK,0.22,0.89
2021-07-27,PK,0.23,0.92
2021-07-27,PK,0.22,0.87
2021-07-27,PK,0.21,0.84
2021-07-27,PK,0.23,0.93
2021-07-27,PK,0.23,0.93
2021-07-27,PK,0.26,1.05
2021-07-27,PK,0.27,1.1
2021-07-27,BCR,0.29,1.17
2021-07-27,BCR,0.3,1.21
2021-07-27,BCR,0.32,1.28
2021-07-27,BCR,0.32,1.29
2021-07-27,BCR,0.34,1.35
2021-07-27,BCR,0.33,1.31
2021-07-27,BCR,0.3,1.18
2021-07-27,BCR,0.29,1.18
2021-07-27,BCR,0.3,1.2
2021-07-27,BCR,0.31,1.24
2021-07-27,BCR,0.34,1.37
2021-07-27,BCR,0.33,1.33
2021-07-27,BCR,0.34,1.37
2021-07-27,BCR,0.32,1.3
2021-07-27,BCR,0.32,1.29
2021-07-27,BCR,0.33,1.33
2021-07-27,BCR,0.37,1.47
2021-07-27,BCR,0.38,1.51
2021-07-27,LB,0.25,1.01
2021-07-27,LB,0.26,1.06
2021-07-27,LB,0.27,1.09
2021-07-27,LB,0.25,1.0
2021-07-27,LB,0.26,1.06
2021-07-27,LB,0.24,0.97
2021-07-27,LB,0.25,0.99
2021-07-27,LB,0.27,1.08
2021-07-27,HT,0.35,1.4
2021-07-27,HT,0.33,1.34
2021-07-27,HT,0.34,1.37
2021-07-27,HT,0.33,1.31
2021-07-27,HT,0.32,1.29
2021-07-27,HT,0.31,1.26
2021-07-27,HT,0.32,1.3
2021-07-27,HT,0.32,1.28
2021-07-27,HT,0.31,1.26
2021-07-27,HT,0.35,1.42
2021-07-27,HT,0.32,1.28
2021-07-27,HT,0.32,1.26
2021-07-27,BO,0.43,1.73
2021-07-27,BO,0.42,1.69
2021-07-27,BO,0.43,1.72
2021-07-27,BO,0.43,1.72
2021-07-27,BO,0.42,1.69
2021-07-27,BO,0.4,1.61
2021-07-29,PK,0.15,0.58
2021-07-29,PK,0.16,0.62
2021-07-29,PK,0.15,0.58
2021-07-29,PK,0.13,0.51
2021-07-29,PK,0.15,0.6
2021-07-29,PK,0.17,0.68
2021-07-29,PK,0.18,0.7
2021-07-29,PK,0.18,0.72
2021-07-29,PK,0.17,0.68
2021-07-29,PK,0.13,0.5
2021-07-29,PK,0.15,0.61
2021-07-29,PK,0.14,0.54
2021-07-29,PK,0.14,0.57
2021-07-29,PK,0.19,0.76
2021-07-29,PK,0.18,0.71
2021-07-29,PK,0.18,0.73
2021-07-29,PK,0.2,0.79
2021-07-29,PK,0.19,0.77
2021-07-29,PK,0.18,0.73
2021-07-29,PK,0.16,0.62
2021-07-29,PK,0.15,0.59
2021-07-29,PK,0.14,0.54
2021-07-29,BCR,0.37,1.47
2021-07-29,BCR,0.35,1.4
2021-07-29,BCR,0.35,1.41
2021-07-29,BCR,0.33,1.33
2021-07-29,BCR,0.37,1.47
2021-07-29,BCR,0.53,2.12
2021-07-29,BCR,0.6,2.43
2021-07-29,BCR,0.61,2.46
2021-07-29,BCR,0.5,2.0
2021-07-29,BCR,0.34,1.34
2021-07-29,BCR,0.33,1.34
2021-07-29,BCR,0.35,1.41
2021-07-29,BCR,0.37,1.47
2021-07-29,BCR,0.38,1.52
2021-07-29,BCR,0.43,1.72
2021-07-29,BCR,0.47,1.87
2021-07-29,BCR,0.59,2.38
2021-07-29,BCR,0.77,3.11
2021-07-29,BCR,1.03,4.13
2021-07-29,BCR,0.95,3.84
2021-07-29,BCR,0.78,3.12
2021-07-29,BCR,0.55,2.22
2021-07-29,BCR,0.54,2.16
2021-07-29,BCR,0.58,2.33
2021-07-29,BCR,0.58,2.33
2021-07-29,BCR,0.36,1.45
2021-07-29,BCR,0.32,1.28
2021-07-29,BCR,0.25,1.0
2021-07-29,BCR,0.2,0.78
2021-07-29,BCR,0.19,0.76
2021-07-29,BCR,0.17,0.68
2021-07-29,BCR,0.17,0.68
2021-07-29,BCR,0.2,0.82
2021-07-29,BCR,0.16,0.63
2021-07-29,BCR,0.18,0.7
2021-07-29,BCR,0.16,0.63
2021-07-29,BCR,0.15,0.62
2021-07-29,BCR,0.16,0.64
2021-07-29,BCR,0.2,0.8
2021-07-29,BCR,0.18,0.73
2021-07-29,BCR,0.19,0.77
2021-07-29,LB,0.17,0.67
2021-07-29,LB,0.19,0.77
2021-07-29,LB,0.19,0.76
2021-07-29,LB,0.2,0.8
2021-07-29,LB,0.18,0.73
2021-07-29,LB,0.15,0.58
2021-07-29,LB,0.17,0.66
2021-07-29,LB,0.16,0.65
2021-07-29,LB,0.15,0.61
2021-07-29,LB,0.15,0.62
2021-07-29,LB,0.17,0.68
2021-07-29,HT,0.14,0.55
2021-07-29,HT,0.13,0.5
2021-07-29,HT,0.12,0.49
2021-07-29,HT,0.15,0.58
2021-07-29,HT,0.14,0.55
2021-07-29,HT,0.16,0.65
2021-07-29,HT,0.17,0.68
2021-07-29,HT,0.14,0.57
2021-07-29,HT,0.14,0.54
2021-07-29,HT,0.13,0.52
2021-07-29,HT,0.13,0.5
2021-07-29,HT,0.17,0.67
2021-07-29,HT,0.19,0.77
2021-07-29,HT,0.19,0.75
2021-07-29,HT,0.21,0.86
2021-07-29,HT,0.19,0.75
2021-07-29,BO,0.45,1.83
2021-07-29,BO,0.44,1.75
2021-07-29,BO,0.43,1.75
2021-07-29,BO,0.43,1.73
2021-07-29,BO,0.39,1.59
2021-07-29,BO,0.37,1.5
2021-07-29,BO,0.32,1.3
2021-08-03,PK,0.18,0.74
2021-08-03,PK,0.19,0.74
2021-08-03,PK,0.2,0.81
2021-08-03,PK,0.19,0.78
2021-08-03,PK,0.19,0.76
2021-08-03,PK,0.17,0.67
2021-08-03,PK,0.17,0.67
2021-08-03,BCR,0.34,1.37
2021-08-03,BCR,0.38,1.53
2021-08-03,BCR,0.36,1.44
2021-08-03,BCR,0.27,1.08
2021-08-03,BCR,0.24,0.96
2021-08-03,BCR,0.22,0.86
2021-08-03,BCR,0.23,0.92
2021-08-03,BCR,0.26,1.06
2021-08-03,BCR,0.32,1.3
2021-08-03,BCR,0.37,1.48
2021-08-03,LB,0.18,0.71
2021-08-03,LB,0.18,0.73
2021-08-03,LB,0.2,0.8
2021-08-03,HT,0.18,0.73
2021-08-03,HT,0.2,0.79
2021-08-03,HT,0.2,0.78
2021-08-03,HT,0.2,0.8
2021-08-03,BO,0.44,1.76
2021-08-03,BO,0.44,1.78
2021-08-03,BO,0.41,1.66
2021-08-05,BCR,0.21,0.85
2021-08-05,BCR,0.22,0.87
2021-08-05,BCR,0.16,0.62
2021-08-05,BCR,0.16,0.62
2021-08-05,BCR,0.13,0.53
2021-08-05,BCR,0.15,0.61
2021-08-05,BCR,0.21,0.83
2021-08-05,BCR,0.2,0.81
2021-08-05,BCR,0.21,0.83
2021-08-05,BCR,0.21,0.82
2021-08-05,BCR,0.25,0.98
2021-08-05,BCR,0.23,0.93
2021-08-05,BCR,0.23,0.9
2021-08-05,BCR,0.21,0.84
2021-08-05,LB,0.16,0.62
2021-08-05,LB,0.17,0.66
2021-08-05,LB,0.15,0.61
2021-08-05,LB,0.17,0.66
2021-08-05,LB,0.17,0.69
2021-08-05,LB,0.17,0.68
2021-08-05,LB,0.18,0.71
2021-08-05,LB,0.19,0.78
2021-08-05,HT,0.19,0.77
2021-08-05,HT,0.19,0.77
2021-08-05,HT,0.19,0.75
2021-08-05,HT,0.19,0.77
2021-08-05,BO,0.25,0.99
2021-08-05,BO,0.25,1.02
2021-08-05,BO,0.27,1.07
2021-08-05,BO,0.26,1.04
2021-08-10,PK,0.18,0.71
2021-08-10,PK,0.16,0.63
2021-08-10,PK,0.19,0.74
2021-08-10,PK,0.17,0.68
2021-08-10,PK,0.2,0.79
2021-08-10,PK,0.21,0.86
2021-08-10,PK,0.2,0.8
2021-08-10,PK,0.19,0.74
2021-08-10,PK,0.17,0.68
2021-08-10,PK,0.17,0.69
2021-08-10,PK,0.18,0.7
2021-08-10,PK,0.16,0.65
2021-08-10,PK,0.16,0.63
2021-08-10,PK,0.17,0.7
2021-08-10,PK,0.18,0.72
2021-08-10,PK,0.23,0.91
2021-08-10,PK,0.23,0.92
2021-08-10,PK,0.21,0.85
2021-08-10,PK,0.21,0.84
2021-08-10,PK,0.16,0.63
2021-08-10,PK,0.17,0.69
2021-08-10,PK,0.15,0.62
2021-08-10,PK,0.16,0.64
2021-08-10,PK,0.18,0.7
2021-08-10,BCR,0.09,0.37
2021-08-10,BCR,0.04,0.17
2021-08-10,BCR,0.08,0.3
2021-08-10,BCR,0.09,0.37
2021-08-10,BCR,0.14,0.57
2021-08-10,BCR,0.14,0.55
2021-08-10,BCR,0.12,0.47
2021-08-10,BCR,0.1,0.39
2021-08-10,BCR,0.1,0.41
2021-08-10,BCR,0.11,0.42
2021-08-10,BCR,0.15,0.6
2021-08-10,BCR,0.17,0.67
2021-08-10,BCR,0.13,0.5
2021-08-10,BCR,0.14,0.57
2021-08-10,BCR,0.14,0.56
2021-08-10,BCR,0.18,0.74
2021-08-10,BCR,0.17,0.68
2021-08-10,BCR,0.16,0.65
2021-08-10,BCR,0.12,0.48
2021-08-10,BCR,0.12,0.48
2021-08-10,LB,0.14,0.57
2021-08-10,LB,0.14,0.55
2021-08-10,LB,0.16,0.62
2021-08-10,LB,0.16,0.62
2021-08-10,LB,0.13,0.53
2021-08-10,LB,0.12,0.48
2021-08-10,LB,0.13,0.53
2021-08-10,LB,0.14,0.55
2021-08-10,LB,0.18,0.73
2021-08-10,LB,0.17,0.7
2021-08-10,LB,0.19,0.76
2021-08-10,LB,0.19,0.75
2021-08-10,LB,0.18,0.72
2021-08-10,LB,0.18,0.73
2021-08-10,LB,0.17,0.69
2021-08-10,HT,0.0,0.0
2021-08-10,HT,0.16,0.63
2021-08-10,HT,0.19,0.76
2021-08-10,HT,0.18,0.71
2021-08-10,HT,0.17,0.68
2021-08-10,HT,0.18,0.72
2021-08-10,HT,0.15,0.6
2021-08-10,HT,0.15,0.6
2021-08-10,HT,0.14,0.57
2021-08-10,HT,0.13,0.51
2021-08-10,HT,0.12,0.5
2021-08-10,HT,0.09,0.37
2021-08-10,HT,0.11,0.42
2021-08-10,HT,0.11,0.42
2021-08-10,HT,0.14,0.55
2021-08-10,HT,0.15,0.58
2021-08-10,BO,0.26,1.03
2021-08-10,BO,0.17,0.68
2021-08-10,BO,0.19,0.76
2021-08-10,BO,0.17,0.69
2021-08-10,BO,0.14,0.58
2021-08-10,BO,0.16,0.65
2021-08-10,BO,0.15,0.59
2021-08-10,BO,0.13,0.53
2021-08-10,BO,0.15,0.61
2021-08-10,BO,0.16,0.62
2021-08-10,BO,0.16,0.65
2021-08-10,BO,0.17,0.68
2021-08-10,BO,0.17,0.69
2021-08-17,PK,0.17,0.81
2021-08-17,PK,0.17,0.81
2021-08-17,PK,0.21,0.94
2021-08-17,PK,0.2,0.92
2021-08-17,PK,0.19,0.9
2021-08-17,PK,0.2,0.91
2021-08-17,PK,0.16,0.78
2021-08-17,PK,0.17,0.81
2021-08-17,PK,0.16,0.76
2021-08-17,PK,0.15,0.71
2021-08-17,PK,0.16,0.76
2021-08-17,PK,0.15,0.72
2021-08-17,PK,0.17,0.82
2021-08-17,PK,0.18,0.84
2021-08-17,PK,0.18,0.83
2021-08-17,PK,0.16,0.77
2021-08-17,PK,0.17,0.79
2021-08-17,PK,0.17,0.81
2021-08-17,PK,0.19,0.89
2021-08-17,PK,0.19,0.89
2021-08-17,PK,0.18,0.85
2021-08-17,PK,0.19,0.87
2021-08-17,PK,0.18,0.86
2021-08-17,PK,0.2,0.91
2021-08-17,PK,0.21,0.96
2021-08-17,BCR,0.16,0.75
2021-08-17,BCR,0.14,0.69
2021-08-17,BCR,0.13,0.65
2021-08-17,BCR,0.09,0.49
2021-08-17,BCR,0.1,0.53
2021-08-17,BCR,0.11,0.54
2021-08-17,BCR,0.12,0.59
2021-08-17,BCR,0.1,0.51
2021-08-17,BCR,0.07,0.41
2021-08-17,BCR,0.07,0.38
2021-08-17,BCR,0.1,0.5
2021-08-17,BCR,0.09,0.47
2021-08-17,BCR,0.1,0.51
2021-08-17,BCR,0.1,0.52
2021-08-17,BCR,0.09,0.47
2021-08-17,BCR,0.13,0.62
2021-08-17,BCR,0.13,0.62
2021-08-17,BCR,0.1,0.52
2021-08-17,BCR,0.12,0.59
2021-08-17,BCR,0.1,0.51
2021-08-17,BCR,0.1,0.53
2021-08-17,BCR,0.13,0.63
2021-08-17,BCR,0.15,0.71
2021-08-17,BCR,0.16,0.76
2021-08-17,BCR,0.16,0.75
2021-08-17,BCR,0.16,0.74
2021-08-17,BCR,0.11,0.57
2021-08-17,BCR,0.11,0.56
2021-08-17,BCR,0.11,0.54
2021-08-17,BCR,0.1,0.51
2021-08-17,BCR,0.11,0.54
2021-08-17,BCR,0.1,0.51
2021-08-17,BCR,0.09,0.49
2021-08-17,BCR,0.1,0.52
2021-08-17,BCR,0.13,0.66
2021-08-17,BCR,0.14,0.69
2021-08-17,BCR,0.14,0.7
2021-08-17,BCR,0.12,0.61
2021-08-17,LB,0.19,0.88
2021-08-17,LB,0.2,0.91
2021-08-17,LB,0.18,0.85
2021-08-17,LB,0.2,0.91
2021-08-17,HT,0.23,1.02
2021-08-17,HT,0.23,1.04
2021-08-17,HT,0.23,1.04
2021-08-17,HT,0.25,1.12
2021-08-17,HT,0.26,1.17
2021-08-17,HT,0.28,1.23
2021-08-17,HT,0.27,1.2
2021-08-17,BO,0.24,1.08
2021-08-17,BO,0.23,1.05
2021-08-17,BO,0.21,0.94
2021-08-17,BO,0.21,0.97
2021-08-19,PK,0.17,0.78
2021-08-19,PK,0.16,0.77
2021-08-19,PK,0.18,0.83
2021-08-19,PK,0.17,0.79
2021-08-19,PK,0.18,0.85
2021-08-19,PK,0.21,0.98
2021-08-19,PK,0.22,1.0
2021-08-19,PK,0.2,0.91
2021-08-19,PK,0.2,0.91
2021-08-19,PK,0.15,0.73
2021-08-19,PK,0.15,0.7
2021-08-19,BCR,0.1,0.52
2021-08-19,BCR,0.12,0.61
2021-08-19,BCR,0.11,0.57
2021-08-19,BCR,0.09,0.48
2021-08-19,BCR,0.12,0.59
2021-08-19,BCR,0.1,0.53
2021-08-19,BCR,0.1,0.53
2021-08-19,BCR,0.11,0.55
2021-08-19,BCR,0.09,0.49
2021-08-19,BCR,0.13,0.63
2021-08-19,BCR,0.15,0.72
2021-08-19,LB,0.12,0.6
2021-08-19,LB,0.13,0.63
2021-08-19,LB,0.12,0.58
2021-08-19,HT,0.19,0.89
2021-08-19,HT,0.19,0.89
2021-08-19,HT,0.23,1.06
2021-08-19,HT,0.33,1.43
2021-08-19,HT,0.35,1.51
2021-08-24,BCR,0.2,0.94
2021-08-24,BCR,0.17,0.81
2021-08-24,BCR,0.19,0.88
2021-08-24,BCR,0.23,1.05
2021-08-24,BCR,0.3,1.33
2021-08-24,BCR,0.31,1.38
2021-08-24,LB,0.17,0.78
2021-08-24,LB,0.15,0.73
2021-08-24,LB,0.17,0.78
2021-08-24,LB,0.18,0.85
2021-08-24,LB,0.17,0.8
2021-08-24,HT,0.22,0.99
2021-08-24,HT,0.22,0.99
2021-08-24,HT,0.2,0.93
2021-08-24,BO,0.22,1.01
2021-08-24,BO,0.2,0.94
2021-08-24,BO,0.21,0.96
2021-08-24,BO,0.21,0.96
2021-08-26,BCR,0.08,0.41
2021-08-26,BCR,0.08,0.45
2021-08-26,BCR,0.1,0.53
2021-08-26,BCR,0.15,0.7
2021-08-26,BCR,0.2,0.9
2021-08-26,LB,0.11,0.54
2021-08-26,LB,0.11,0.55
2021-08-26,LB,0.11,0.54
2021-08-26,LB,0.12,0.58
2021-08-26,LB,0.15,0.73
2021-08-26,HT,0.27,1.2
2021-08-26,HT,0.26,1.18
2021-08-26,HT,0.27,1.2
2021-08-26,HT,0.26,1.17
2021-08-26,BO,0.35,1.51
2021-08-26,BO,0.34,1.49
2021-08-26,BO,0.32,1.42
2021-08-26,BO,0.32,1.39
2021-08-26,BO,0.33,1.44
2021-08-26,BO,0.34,1.5
2021-08-31,BCR,0.11,0.54
2021-08-31,BCR,0.12,0.61
2021-08-31,BCR,0.12,0.59
2021-08-31,BCR,0.13,0.65
2021-08-31,BCR,0.13,0.63
2021-08-31,LB,0.23,1.05
2021-08-31,LB,0.25,1.13
2021-08-31,LB,0.25,1.1
2021-08-31,LB,0.26,1.17
2021-08-31,LB,0.27,1.21
2021-08-31,LB,0.28,1.24
2021-08-31,LB,0.29,1.27
2021-08-31,LB,0.24,1.07
2021-08-31,HT,0.12,0.58
2021-08-31,HT,0.11,0.56
2021-08-31,HT,0.13,0.64
2021-08-31,HT,0.14,0.7
2021-08-31,BO,0.09,0.48
2021-08-31,BO,0.1,0.51
2021-08-31,BO,0.09,0.47
2021-09-02,BCR,0.16,0.77
2021-09-02,BCR,0.18,0.84
2021-09-02,BCR,0.2,0.94
2021-09-02,BCR,0.19,0.88
2021-09-02,BCR,0.18,0.84
2021-09-02,BCR,0.17,0.8
2021-09-02,BCR,0.18,0.83
2021-09-02,BCR,0.14,0.7
2021-09-02,BCR,0.15,0.73
2021-09-02,LB,0.2,0.91
2021-09-02,LB,0.21,0.95
2021-09-02,LB,0.21,0.96
2021-09-02,LB,0.17,0.81
2021-09-02,LB,0.17,0.81
2021-09-02,HT,0.09,0.49
2021-09-02,HT,0.12,0.61
2021-09-02,HT,0.11,0.54
2021-09-02,BO,0.13,0.65
2021-09-02,BO,0.11,0.57
2021-09-02,BO,0.12,0.59
2021-09-02,BO,0.14,0.66
2021-09-21,BCR,0.05,0.32
2021-09-21,BCR,0.05,0.3
2021-09-21,BCR,0.08,0.45
2021-09-21,BCR,0.11,0.54
2021-09-21,BCR,0.11,0.56
2021-09-21,BCR,0.11,0.54
2021-09-21,BCR,0.1,0.51
2021-09-21,BCR,0.08,0.43
2021-09-21,BCR,0.08,0.43
2021-09-21,BCR,0.07,0.4
2021-09-21,BCR,0.04,0.27
2021-09-21,BCR,0.06,0.34
2021-09-21,BCR,0.09,0.46
2021-09-21,BCR,0.11,0.58
2021-09-21,BCR,0.14,0.69
2021-09-21,BCR,0.13,0.64
2021-09-21,BCR,0.11,0.54
2021-09-21,BCR,0.1,0.51
2021-09-21,BCR,0.1,0.51
2021-09-21,BCR,0.08,0.45
2021-09-21,BCR,0.09,0.47
2021-09-21,LB,0.18,0.84
2021-09-21,LB,0.17,0.78
2021-09-21,LB,0.18,0.82
2021-09-21,LB,0.21,0.97
2021-09-21,HT,0.19,0.88
2021-09-21,HT,0.17,0.8
2021-09-21,HT,0.16,0.76
2021-09-21,HT,0.18,0.84
2021-09-21,HT,0.17,0.8
2021-09-21,BO,0.18,0.85
2021-09-21,BO,0.16,0.75
2021-09-21,BO,0.15,0.7
2021-09-21,PK,0.13,0.62
2021-09-21,PK,0.13,0.62
2021-09-21,PK,0.13,0.64
2021-09-21,PK,0.13,0.65
2021-09-21,PK,0.13,0.66
2021-09-21,PK,0.13,0.63
2021-09-21,PK,0.11,0.56
2021-09-21,PK,0.12,0.58
2021-09-21,PK,0.12,0.61
2021-09-21,PK,0.14,0.68
2021-09-21,PK,0.14,0.66
2021-09-28,BCR,0.11,0.55
2021-09-28,BCR,0.13,0.62
2021-09-28,BCR,0.13,0.65
2021-09-28,BCR,0.16,0.75
2021-09-28,BCR,0.16,0.78
2021-09-28,BCR,0.13,0.64
2021-09-28,LB,0.38,1.65
2021-09-28,HT,0.34,1.48
2021-09-28,HT,0.31,1.35
2021-09-28,HT,0.29,1.3
2021-09-28,HT,0.32,1.42
2021-09-28,HT,0.34,1.49
2021-09-28,HT,0.37,1.59
2021-09-28,BO,0.1,0.53
2021-09-28,BO,0.24,1.07
2021-09-28,BO,0.26,1.18
2021-09-28,BO,0.25,1.12
2021-09-28,BO,0.26,1.17
2021-09-28,BO,0.24,1.09
2021-09-28,BO,0.25,1.13
2021-09-28,PK,0.25,1.12
2021-09-28,PK,0.26,1.16
2021-09-28,PK,0.27,1.19
2021-09-28,PK,0.27,1.22
2021-09-28,PK,0.31,1.35
2021-09-28,PK,0.3,1.34
2021-09-28,PK,0.32,1.39
2021-09-28,PK,0.3,1.33
2021-09-28,PK,0.3,1.34
2021-09-28,PK,0.29,1.28
2021-09-28,PK,0.28,1.26
2021-09-28,PK,0.29,1.3
2021-09-28,PK,0.28,1.23
2021-09-28,PK,0.27,1.21
2021-09-28,PK,0.28,1.23
2021-09-28,PK,0.27,1.21
2021-09-28,PK,0.27,1.22
2021-09-28,PK,0.29,1.26
2021-09-28,PK,0.29,1.29
2021-09-28,PK,0.3,1.32
2021-09-28,PK,0.3,1.32
2021-09-28,PK,0.29,1.27
2021-10-05,BCR,0.28,1.24
2021-10-05,BCR,0.27,1.2
2021-10-05,BCR,0.26,1.15
2021-10-05,BCR,0.24,1.08
2021-10-05,BCR,0.23,1.05
2021-10-05,BCR,0.25,1.1
2021-10-05,BCR,0.22,0.98
2021-10-05,BCR,0.21,0.94
2021-10-05,LB,0.37,1.62
2021-10-05,LB,0.4,1.72
2021-10-05,LB,0.42,1.79
2021-10-05,LB,0.4,1.74
2021-10-05,LB,0.42,1.8
2021-10-05,HT,0.48,2.06
2021-10-05,HT,0.49,2.07
2021-10-05,HT,0.51,2.17
2021-10-05,HT,0.53,2.27
2021-10-05,HT,0.5,2.12
2021-10-05,HT,0.51,2.17
2021-10-05,HT,0.46,1.96
2021-10-05,HT,0.47,1.99
2021-10-12,BCR,0.31,1.35
2021-10-12,BCR,0.3,1.32
2021-10-12,BCR,0.28,1.22
2021-10-12,BCR,0.26,1.17
2021-10-12,BCR,0.27,1.2
2021-10-12,BCR,0.3,1.34
2021-10-14,BCR,0.17,0.78
2021-10-14,BCR,0.18,0.84
2021-10-14,BCR,0.21,0.94
2021-10-14,BCR,0.21,0.96
2021-10-14,BCR,0.21,0.95
2021-10-14,BCR,0.2,0.91
2021-10-14,LB,0.49,2.09
2021-10-14,LB,0.5,2.13
2021-10-14,LB,0.45,1.92
2022-04-01,LB,0.19,0.89
2022-04-01,LB,0.18,0.84
2022-04-01,LB,0.2,0.92
2022-04-01,LB,0.2,0.92
2022-04-01,LB,0.21,0.96
2022-04-01,LB,0.21,0.98
2022-04-01,LB,0.21,0.98
2022-04-01,LB,0.21,0.96
2022-04-01,LB,0.2,0.94
2022-04-01,HT,0.17,0.81
2022-04-01,HT,0.23,1.04
2022-04-01,HT,0.23,1.03
2022-04-01,HT,0.22,1.01
2022-04-01,HT,0.23,1.04
2022-04-01,HT,0.22,1.02
2022-04-01,HT,0.22,1.01
2022-04-01,HT,0.24,1.1
2022-04-01,BO,0.09,0.48
2022-04-01,BO,0.11,0.55
2022-04-01,BO,0.09,0.49
2022-04-01,BO,0.09,0.47
2022-04-01,BO,0.09,0.48
2022-04-01,BO,0.08,0.44
2022-04-01,BO,0.08,0.47
2022-04-01,BO,0.11,0.57
2022-04-01,BO,0.13,0.67
2022-04-01,BO,0.13,0.64
2022-04-01,BO,0.12,0.61
2022-04-01,BO,0.11,0.59
2022-04-01,BO,0.12,0.59
2022-04-01,BO,0.12,0.61
2022-04-01,BO,0.12,0.6
2022-04-01,BO,0.14,0.68
2022-04-01,BO,0.11,0.58
2022-04-01,BO,0.11,0.56
2022-04-01,HO,0.28,1.26
2022-04-01,HO,0.28,1.23
2022-04-01,HO,0.27,1.22
2022-04-01,HO,0.27,1.21
2022-04-01,HO,0.28,1.25
2022-04-01,BB,0.01,0.18
2022-04-01,BB,0.0,0.13
2022-04-01,BB,0.01,0.16
2022-04-01,BB,0.0,0.14
2022-04-07,LB,0.18,0.87
2022-04-07,LB,0.2,0.92
2022-04-07,LB,0.22,1.0
2022-04-07,LB,0.21,0.98
2022-04-07,LB,0.22,1.02
2022-04-07,LB,0.25,1.11
2022-04-07,LB,0.26,1.18
2022-04-07,HT,0.32,1.42
2022-04-07,HT,0.35,1.52
2022-04-07,HT,0.36,1.59
2022-04-07,HT,0.44,1.87
2022-04-07,BO,0.12,0.61
2022-04-07,BO,0.11,0.58
2022-04-07,BO,0.12,0.61
2022-04-07,BO,0.14,0.68
2022-04-27,BCR,0.07,0.54
2022-04-27,BCR,0.05,0.45
2022-04-27,BCR,0.02,0.32
2022-04-27,BCR,0.03,0.36
2022-04-27,BCR,0.03,0.37
2022-04-27,BCR,0.04,0.43
2022-04-27,BCR,0.05,0.44
2022-04-27,BCR,0.03,0.39
2022-04-27,BCR,0.03,0.35
2022-04-27,BCR,0.01,0.3
2022-04-27,BCR,0.01,0.3
2022-04-27,BCR,0.0,0.25
2022-04-27,BCR,0.01,0.28
2022-04-27,BCR,0.01,0.28
2022-04-27,BCR,0.0,0.24
2022-04-27,BCR,0.0,0.24
2022-04-27,BCR,0.0,0.25
2022-04-27,BCR,0.01,0.3
2022-04-27,BCR,0.03,0.36
2022-04-27,BCR,0.04,0.41
2022-04-27,BCR,0.05,0.46
2022-04-27,BCR,0.05,0.43
2022-04-27,BCR,0.05,0.45
2022-04-27,BCR,0.03,0.38
2022-04-27,BCR,0.02,0.31
2022-04-27,BCR,0.01,0.29
2022-04-27,BCR,0.0,0.25
2022-04-27,LB,0.64,2.82
2022-04-27,LB,0.65,2.84
2022-04-27,LB,0.64,2.81
2022-04-27,LB,0.65,2.84
2022-04-27,LB,0.67,2.94
2022-04-27,LB,0.72,3.12
2022-04-27,LB,0.76,3.28
2022-04-27,HT,0.94,3.99
2022-04-27,HT,0.96,4.06
2022-04-27,HT,0.95,4.03
2022-04-27,HT,0.94,4.0
2022-04-27,HT,0.92,3.93
2022-04-27,BO,0.18,0.97
2022-04-27,BO,0.18,0.98
2022-04-27,BO,0.21,1.1
2022-05-03,BCR,0.2,1.08
2022-05-03,BCR,0.52,2.33
2022-05-03,BCR,0.52,2.34
2022-05-03,BCR,0.7,3.08
2022-05-03,BCR,0.6,2.66
2022-05-03,BCR,0.36,1.72
2022-05-03,BCR,0.33,1.58
2022-05-03,BCR,0.08,0.6
2022-05-03,BCR,0.01,0.3
2022-05-03,BCR,0.0,0.26
2022-05-03,BCR,0.0,0.27
2022-05-03,LB,0.31,1.5
2022-05-03,LB,0.3,1.48
2022-05-03,LB,0.32,1.55
2022-05-03,LB,0.35,1.65
2022-05-03,LB,0.37,1.76
2022-05-03,LB,0.4,1.88
2022-05-03,LB,0.41,1.92
2022-05-03,LB,0.4,1.87
2022-05-03,LB,0.41,1.91
2022-05-03,LB,0.38,1.8
2022-05-03,LB,0.37,1.76
2022-05-03,LB,0.36,1.72
2022-05-03,LB,0.36,1.73
2022-05-03,LB,0.38,1.77
2022-05-03,LB,0.39,1.84
2022-05-03,LB,0.4,1.86
2022-05-03,LB,0.39,1.85
2022-05-03,LB,0.41,1.9
2022-05-03,LB,0.4,1.88
2022-05-03,LB,0.41,1.92
2022-05-03,LB,0.43,2.0
2022-05-03,LB,0.43,1.98
2022-05-03,LB,0.43,2.01
2022-05-03,LB,0.46,2.12
2022-05-03,LB,0.47,2.15
2022-05-03,HT,0.13,0.79
2022-05-03,HT,0.12,0.75
2022-05-03,HT,0.13,0.78
2022-05-03,HT,0.13,0.78
2022-05-03,HT,0.13,0.8
2022-05-03,HT,0.17,0.94
2022-05-03,HT,0.16,0.91
2022-05-03,HT,0.19,1.04
2022-05-03,HT,0.2,1.06
2022-05-03,HT,0.2,1.07
2022-05-03,HT,0.2,1.06
2022-05-03,HT,0.19,1.02
2022-05-03,HT,0.19,1.04
2022-05-03,HT,0.17,0.96
2022-05-03,HT,0.18,0.99
2022-05-03,HT,0.18,0.99
2022-05-03,HT,0.17,0.96
2022-05-03,BO,0.14,0.83
2022-05-03,BO,0.14,0.83
2022-05-03,BO,0.13,0.77
2022-05-03,BO,0.12,0.76
2022-05-03,BO,0.13,0.78
2022-05-03,BO,0.14,0.81
2022-05-03,BO,0.15,0.88
2022-05-03,BO,0.14,0.83
2022-05-03,BO,0.15,0.86
2022-05-03,BO,0.15,0.86
2022-05-03,PK,0.1,0.66
2022-05-03,PK,0.1,0.65
2022-05-03,PK,0.11,0.7
2022-05-03,PK,0.11,0.72
2022-05-03,PK,0.11,0.71
2022-05-03,PK,0.1,0.67
2022-05-03,PK,0.1,0.66
2022-05-03,PK,0.09,0.62
2022-05-03,PK,0.07,0.55
2022-05-03,PK,0.09,0.63
2022-05-11,BCR,0.08,0.59
2022-05-11,BCR,0.08,0.61
2022-05-11,BCR,0.08,0.6
2022-05-11,BCR,0.05,0.48
2022-05-11,BCR,0.07,0.56
2022-05-11,BCR,0.07,0.55
2022-05-11,BCR,0.09,0.63
2022-05-11,BCR,0.1,0.67
2022-05-11,LB,0.32,1.55
2022-05-11,LB,0.33,1.59
2022-05-11,LB,0.34,1.63
2022-05-11,LB,0.35,1.67
2022-05-11,LB,0.36,1.69
2022-05-11,LB,0.35,1.68
2022-05-11,LB,0.35,1.65
2022-05-11,LB,0.34,1.62
2022-05-11,LB,0.31,1.52
2022-05-11,LB,0.31,1.52
2022-05-11,LB,0.29,1.44
2022-05-11,LB,0.29,1.41
2022-05-11,LB,0.3,1.45
2022-05-11,LB,0.3,1.45
2022-05-11,LB,0.31,1.51
2022-05-11,LB,0.31,1.53
2022-05-11,LB,0.33,1.57
2022-05-11,LB,0.32,1.55
2022-05-11,HT,0.32,1.54
2022-05-11,HT,0.33,1.58
2022-05-11,HT,0.34,1.64
2022-05-11,HT,0.36,1.7
2022-05-11,HT,0.39,1.85
2022-05-11,HT,0.42,1.94
2022-05-11,BO,0.22,1.15
2022-05-11,BO,0.21,1.12
2022-05-11,BO,0.23,1.18
2022-05-11,BO,0.24,1.24
2022-05-11,PK,0.06,0.51
2022-05-11,PK,0.06,0.51
2022-05-11,PK,0.07,0.54
2022-05-11,PK,0.03,0.4
2022-05-11,PK,0.01,0.3
2022-05-11,PK,0.04,0.42
2022-05-11,PK,0.04,0.43
2022-05-17,BCR,0.05,0.19
2022-05-17,BCR,0.1,0.39
2022-05-17,BCR,0.1,0.39
2022-05-17,BCR,0.1,0.41
2022-05-17,BCR,0.09,0.34
2022-05-17,BCR,0.1,0.38
2022-05-17,BCR,0.09,0.36
2022-05-17,BCR,0.1,0.39
2022-05-17,BCR,0.09,0.37
2022-05-17,BCR,0.08,0.34
2022-05-17,BCR,0.08,0.32
2022-05-17,BCR,0.08,0.33
2022-05-17,LB,0.2,0.79
2022-05-17,LB,0.2,0.8
2022-05-17,LB,0.2,0.81
2022-05-17,LB,0.2,0.81
2022-05-17,LB,0.21,0.84
2022-05-17,LB,0.22,0.89
2022-05-17,HT,0.35,1.42
2022-05-17,HT,0.33,1.34
2022-05-17,HT,0.32,1.28
2022-05-17,HT,0.31,1.27
2022-05-17,HT,0.29,1.19
2022-05-17,HT,0.31,1.24
2022-05-17,HT,0.31,1.26
2022-05-17,HT,0.31,1.27
2022-05-17,HT,0.35,1.42
2022-05-17,HT,0.37,1.47
2022-05-17,BO,0.29,1.15
2022-05-17,BO,0.29,1.18
2022-05-17,BO,0.29,1.16
2022-05-17,BO,0.29,1.18
2022-05-17,BO,0.29,1.17
2022-05-17,BO,0.3,1.2
2022-05-17,BO,0.3,1.2
2022-05-17,BO,0.31,1.25
2022-05-17,BO,0.33,1.31
2022-05-17,BO,0.39,1.58
2022-05-17,BO,0.39,1.59
2022-05-17,BO,0.39,1.57
2022-05-17,PK,0.06,0.25
2022-05-17,PK,0.06,0.24
2022-05-17,PK,0.07,0.27
2022-05-17,PK,0.07,0.27
2022-05-17,PK,0.06,0.24
2022-05-24,PK,0.2,0.76
2022-05-24,PK,0.18,0.69
2022-05-24,PK,0.17,0.64
2022-05-24,PK,0.16,0.62
2022-05-24,PK,0.17,0.64
2022-05-24,PK,0.17,0.65
2022-05-24,PK,0.19,0.71
2022-05-24,PK,0.18,0.7
2022-05-24,PK,0.19,0.72
2022-05-24,LB,0.19,0.74
2022-05-24,LB,0.18,0.7
2022-05-24,LB,0.17,0.64
2022-05-24,LB,0.19,0.72
2022-05-24,LB,0.2,0.75
2022-05-24,LB,0.22,0.86
2022-05-24,LB,0.24,0.93
2022-05-24,LB,0.23,0.9
2022-05-24,LB,0.24,0.93
2022-05-24,LB,0.25,0.95
2022-05-24,LB,0.26,1.02
2022-05-24,LB,0.27,1.07
2022-05-24,HT,0.14,0.54
2022-05-24,HT,0.14,0.53
2022-05-24,HT,0.15,0.56
2022-05-24,HT,0.17,0.63
2022-05-24,HT,0.16,0.62
2022-05-24,HT,0.18,0.7
2022-05-24,HT,0.17,0.65
2022-05-24,HT,0.18,0.7
2022-05-24,HT,0.18,0.68
2022-05-24,HT,0.16,0.62
2022-05-24,HT,0.16,0.6
2022-05-24,HT,0.15,0.58
2022-05-24,HT,0.18,0.68
2022-05-24,HT,0.18,0.7
2022-05-24,HT,0.18,0.69
2022-05-24,HT,0.17,0.66
2022-05-24,HT,0.19,0.72
2022-05-24,BO,0.1,0.35
2022-05-24,BO,0.1,0.38
2022-05-24,BO,0.1,0.35
2022-05-24,BO,0.09,0.32
2022-05-24,BO,0.09,0.32
2022-05-24,BO,0.09,0.34
2022-05-24,BO,0.08,0.29
2022-05-24,BO,0.07,0.25
2022-05-24,BCR,0.06,0.18
2022-05-24,BCR,0.06,0.19
2022-05-24,BCR,0.05,0.14
2022-05-24,BCR,0.03,0.07
2022-05-24,BCR,0.02,0.05
2022-05-31,PK,0.12,0.44
2022-05-31,PK,0.11,0.42
2022-05-31,PK,0.12,0.43
2022-05-31,PK,0.15,0.55
2022-05-31,PK,0.14,0.52
2022-05-31,BCR,0.19,0.72
2022-05-31,BCR,0.17,0.64
2022-05-31,BCR,0.15,0.56
2022-05-31,BCR,0.15,0.58
2022-05-31,BCR,0.15,0.56
2022-05-31,BCR,0.17,0.63
2022-05-31,BCR,0.17,0.64
2022-05-31,LB,0.16,0.59
2022-05-31,LB,0.16,0.59
2022-05-31,LB,0.17,0.63
2022-05-31,LB,0.18,0.67
2022-05-31,LB,0.17,0.64
2022-05-31,LB,0.18,0.68
2022-05-31,LB,0.17,0.63
2022-05-31,LB,0.17,0.63
2022-05-31,LB,0.18,0.69
2022-05-31,LB,0.18,0.68
2022-05-31,LB,0.18,0.68
2022-05-31,HT,0.05,0.15
2022-05-31,HT,0.06,0.19
2022-05-31,HT,0.06,0.22
2022-05-31,HT,0.07,0.24
2022-05-31,HT,0.07,0.23
2022-05-31,HT,0.08,0.29
2022-05-31,HT,0.1,0.36
2022-05-31,HT,0.09,0.34
2022-05-31,HT,0.1,0.36
2022-05-31,BO,0.06,0.2
2022-05-31,BO,0.07,0.23
2022-05-31,BO,0.1,0.35
2022-05-31,BO,0.09,0.33
2022-05-31,BO,0.1,0.34
2022-06-07,PK,0.19,0.75
2022-06-07,PK,0.17,0.7
2022-06-07,PK,0.16,0.63
2022-06-07,PK,0.15,0.62
2022-06-07,PK,0.15,0.61
2022-06-07,PK,0.14,0.56
2022-06-07,PK,0.15,0.61
2022-06-07,BCR,0.2,0.81
2022-06-07,BCR,0.19,0.78
2022-06-07,BCR,0.18,0.74
2022-06-07,BCR,0.17,0.71
2022-06-07,BCR,0.16,0.66
2022-06-07,LB,0.17,0.67
2022-06-07,LB,0.17,0.7
2022-06-07,HT,0.11,0.44
2022-06-07,HT,0.1,0.42
2022-06-07,HT,0.11,0.44
2022-06-07,HT,0.11,0.45
2022-06-07,HT,0.11,0.45
2022-06-07,HT,0.16,0.63
2022-06-07,HT,0.2,0.82
2022-06-07,BO,0.06,0.24
2022-06-07,BO,0.06,0.23
2022-06-07,BO,0.07,0.28
2022-06-07,BO,0.09,0.38
2022-06-14,PK,0.25,0.97
2022-06-14,PK,0.22,0.88
2022-06-14,PK,0.23,0.93
2022-06-14,PK,0.2,0.8
2022-06-14,PK,0.2,0.8
2022-06-14,PK,0.22,0.88
2022-06-14,PK,0.23,0.91
2022-06-14,PK,0.23,0.92
2022-06-14,PK,0.2,0.77
2022-06-14,PK,0.19,0.75
2022-06-14,PK,0.19,0.76
2022-06-14,BCR,1.23,4.95
2022-06-14,BCR,1.03,4.14
2022-06-14,BCR,1.04,4.18
2022-06-14,BCR,0.91,3.65
2022-06-14,BCR,0.84,3.39
2022-06-14,LB,0.56,2.23
2022-06-14,LB,0.55,2.2
2022-06-14,LB,0.54,2.18
2022-06-14,LB,0.57,2.28
2022-06-14,LB,0.61,2.45
2022-06-14,LB,0.66,2.64
2022-06-14,LB,0.67,2.69
2022-06-14,LB,0.68,2.71
2022-06-14,LB,0.67,2.7
2022-06-14,HT,0.4,1.61
2022-06-14,HT,0.41,1.63
2022-06-14,HT,0.41,1.63
2022-06-14,HT,0.43,1.7
2022-06-14,HT,0.43,1.73
2022-06-14,HT,0.45,1.78
2022-06-14,HT,0.44,1.77
2022-06-14,BO,0.22,0.89
2022-06-14,BO,0.22,0.88
2022-06-14,BO,0.21,0.83
2022-06-14,BO,0.21,0.82
2022-06-14,BO,0.2,0.78
2022-06-14,BO,0.21,0.81
2022-06-14,BO,0.2,0.77
2022-06-21,PK,0.07,0.27
2022-06-21,PK,0.07,0.25
2022-06-21,PK,0.06,0.22
2022-06-21,PK,0.06,0.24
2022-06-21,PK,0.04,0.15
2022-06-21,PK,0.04,0.15
2022-06-21,PK,0.05,0.17
2022-06-21,BCR,0.05,0.17
2022-06-21,BCR,0.06,0.23
2022-06-21,BCR,0.07,0.28
2022-06-21,BCR,0.07,0.27
2022-06-21,BCR,0.07,0.27
2022-06-21,LB,0.08,0.31
2022-06-21,LB,0.08,0.32
2022-06-21,LB,0.09,0.36
2022-06-21,LB,0.07,0.28
2022-06-21,LB,0.08,0.31
2022-06-21,LB,0.08,0.32
2022-06-21,HT,0.07,0.27
2022-06-21,HT,0.08,0.3
2022-06-21,HT,0.07,0.26
2022-06-21,HT,0.08,0.29
2022-06-21,BO,0.01,0.04
2022-06-21,BO,0.01,0.03
2022-06-21,BO,0.03,0.09
2022-06-27,PK,0.08,0.31
2022-06-27,PK,0.06,0.21
2022-06-27,PK,0.05,0.17
2022-06-27,PK,0.07,0.27
2022-06-27,BCR,0.11,0.44
2022-06-27,BCR,0.1,0.37
2022-06-27,BCR,0.09,0.33
2022-06-27,BCR,0.1,0.37
2022-06-27,BCR,0.09,0.36
2022-06-27,BCR,0.09,0.33
2022-06-27,LB,0.06,0.24
2022-06-27,LB,0.07,0.27
2022-06-27,LB,0.07,0.24
2022-06-27,LB,0.07,0.27
2022-06-27,LB,0.06,0.24
2022-06-27,LB,0.07,0.25
2022-06-27,HT,0.07,0.26
2022-06-27,HT,0.05,0.19
2022-06-27,HT,0.07,0.26
2022-06-27,HT,0.09,0.34
2022-06-27,BO,0.07,0.26
2022-06-27,BO,0.07,0.26
2022-06-27,BO,0.07,0.25
2022-06-27,PK,0.08,0.31
2022-06-27,PK,0.06,0.21
2022-06-27,PK,0.05,0.17
2022-06-27,PK,0.07,0.27
2022-06-27,BCR,0.11,0.44
2022-06-27,BCR,0.1,0.37
2022-06-27,BCR,0.09,0.33
2022-06-27,BCR,0.1,0.37
2022-06-27,BCR,0.09,0.36
2022-06-27,BCR,0.09,0.33
2022-06-27,LB,0.06,0.24
2022-06-27,LB,0.07,0.27
2022-06-27,LB,0.07,0.24
2022-06-27,LB,0.07,0.27
2022-06-27,LB,0.06,0.24
2022-06-27,LB,0.07,0.25
2022-06-27,HT,0.07,0.26
2022-06-27,HT,0.05,0.19
2022-06-27,HT,0.07,0.26
2022-06-27,HT,0.09,0.34
2022-06-27,BO,0.07,0.26
2022-06-27,BO,0.07,0.26
2022-06-27,BO,0.07,0.25
2022-06-29,PK,0.0,0.35
2022-06-29,PK,0.0,0.38
2022-06-29,PK,0.0,0.37
2022-06-29,PK,0.0,0.38
2022-06-29,PK,0.0,0.38
2022-06-29,BCR,0.0,0.21
2022-06-29,BCR,0.0,0.15
2022-06-29,BCR,0.0,0.23
2022-06-29,BCR,0.0,0.17
2022-06-29,BCR,0.0,0.14
2022-06-29,BCR,0.0,0.13
2022-06-29,BCR,0.0,0.09
2022-06-29,LB,0.0,0.34
2022-06-29,LB,0.0,0.36
2022-06-29,LB,0.0,0.36
2022-06-29,LB,0.0,0.38
2022-06-29,LB,0.0,0.36
2022-06-29,LB,0.0,0.4
2022-06-29,HT,0.0,0.28
2022-06-29,HT,0.0,0.31
2022-06-29,HT,0.0,0.31
2022-06-29,HT,0.0,0.3
2022-06-29,BO,0.0,0.41
2022-07-11,PK,1.32,5.26
2022-07-11,PK,1.33,5.31
2022-07-11,PK,1.33,5.32
2022-07-11,PK,1.34,5.35
2022-07-11,PK,1.32,5.28
2022-07-11,BCR,1.19,4.74
2022-07-11,BCR,1.21,4.82
2022-07-11,BCR,1.22,4.89
2022-07-11,BCR,1.21,4.85
2022-07-11,BCR,1.2,4.82
2022-07-11,LB,1.02,4.08
2022-07-11,LB,1.02,4.1
2022-07-11,LB,1.03,4.12
2022-07-11,LB,1.04,4.15
2022-07-11,LB,1.04,4.18
2022-07-11,LB,1.04,4.16
2022-07-11,HT,1.31,5.22
2022-07-11,HT,1.33,5.3
2022-07-11,HT,1.29,5.18
2022-07-11,HT,1.27,5.07
2022-07-11,HT,1.25,4.99
2022-07-11,HT,1.24,4.97
2022-07-11,HT,1.25,5.0
2022-07-11,HT,1.26,5.04
2022-07-11,HT,1.25,5.01
2022-07-11,BO,1.1,4.39
2022-07-11,BO,1.06,4.25
2022-07-11,BO,1.03,4.12
2022-07-11,BO,1.0,4.02
2022-07-11,BO,1.05,4.19
2022-07-11,BO,1.09,4.34
2022-07-11,BO,1.14,4.54
2022-07-11,BO,1.15,4.61
2022-07-11,PK,1.32,5.26
2022-07-11,PK,1.33,5.31
2022-07-11,PK,1.33,5.32
2022-07-11,PK,1.34,5.35
2022-07-11,PK,1.32,5.28
2022-07-11,BCR,1.19,4.74
2022-07-11,BCR,1.21,4.82
2022-07-11,BCR,1.22,4.89
2022-07-11,BCR,1.21,4.85
2022-07-11,BCR,1.2,4.82
2022-07-11,LB,1.02,4.08
2022-07-11,LB,1.02,4.1
2022-07-11,LB,1.03,4.12
2022-07-11,LB,1.04,4.15
2022-07-11,LB,1.04,4.18
2022-07-11,LB,1.04,4.16
2022-07-11,HT,1.31,5.22
2022-07-11,HT,1.33,5.3
2022-07-11,HT,1.29,5.18
2022-07-11,HT,1.27,5.07
2022-07-11,HT,1.25,4.99
2022-07-11,HT,1.24,4.97
2022-07-11,HT,1.25,5.0
2022-07-11,HT,1.26,5.04
2022-07-11,HT,1.25,5.01
2022-07-11,BO,1.1,4.39
2022-07-11,BO,1.06,4.25
2022-07-11,BO,1.03,4.12
2022-07-11,BO,1.0,4.02
2022-07-11,BO,1.05,4.19
2022-07-11,BO,1.09,4.34
2022-07-11,BO,1.14,4.54
2022-07-11,BO,1.15,4.61
2022-07-13,BO,0.0,0.0
2022-07-13,PK,1.05,4.2
2022-07-13,PK,1.04,4.17
2022-07-13,PK,1.04,4.15
2022-07-13,PK,1.04,4.17
2022-07-13,PK,1.03,4.13
2022-07-13,PK,1.04,4.15
2022-07-13,BCR,1.15,4.62
2022-07-13,BCR,1.17,4.67
2022-07-13,BCR,1.16,4.64
2022-07-13,BCR,1.17,4.68
2022-07-13,BCR,1.18,4.71
2022-07-13,BCR,1.15,4.61
2022-07-13,LB,1.17,4.69
2022-07-13,LB,1.19,4.76
2022-07-13,LB,1.18,4.7
2022-07-13,LB,1.19,4.75
2022-07-13,LB,1.18,4.71
2022-07-13,LB,1.18,4.73
2022-07-13,LB,1.19,4.76
2022-07-13,LB,1.19,4.76
2022-07-13,HT,1.23,4.92
2022-07-13,HT,1.25,4.99
2022-07-13,HT,1.25,5.0
2022-07-13,BO,1.11,4.43
2022-07-13,BO,1.08,4.31
2022-07-13,BO,1.07,4.3
2022-07-13,BO,1.08,4.31
2022-07-13,BO,1.04,4.17
2022-07-15,PK,1.21,4.85
2022-07-15,PK,1.23,4.9
2022-07-15,PK,1.23,4.92
2022-07-15,PK,1.23,4.92
2022-07-15,PK,1.22,4.88
2022-07-15,PK,1.19,4.75
2022-07-15,PK,1.16,4.64
2022-07-15,BCR,1.12,4.47
2022-07-15,BCR,1.11,4.44
2022-07-15,BCR,1.1,4.41
2022-07-15,BCR,1.11,4.45
2022-07-15,BO,1.18,4.72
2022-07-15,BO,1.19,4.75
2022-07-15,BO,1.17,4.69
2022-07-15,BO,1.16,4.65
2022-07-15,BO,1.14,4.57
2022-07-15,BO,1.14,4.56
2022-07-15,LB,0.91,3.63
2022-07-15,LB,0.89,3.55
2022-07-15,LB,0.89,3.57
2022-07-15,LB,0.9,3.6
2022-07-15,LB,0.93,3.72
2022-07-15,LB,0.94,3.76
2022-07-15,HT,1.28,5.12
2022-07-15,HT,1.25,5.0
2022-07-19,BCR,1.25,4.99
2022-07-19,BCR,1.26,5.04
2022-07-19,BCR,1.27,5.07
2022-07-19,BCR,1.28,5.13
2022-07-19,BCR,1.27,5.09
2022-07-19,BCR,1.27,5.09
2022-07-19,LB,1.25,5.02
2022-07-19,LB,1.26,5.03
2022-07-19,LB,1.24,4.96
2022-07-19,LB,1.24,4.95
2022-07-19,LB,1.23,4.92
2022-07-19,HT,1.36,5.42
2022-07-19,HT,1.36,5.45
2022-07-19,HT,1.35,5.4
2022-07-19,HT,1.37,5.48
2022-07-19,BO,1.38,5.52
2022-07-19,BO,1.37,5.49
2022-07-19,BO,1.35,5.42
2022-07-19,BO,1.32,5.26
2022-07-19,BO,1.32,5.28
2022-07-19,PK,1.24,4.97
2022-07-19,PK,1.28,5.13
2022-07-19,PK,1.27,5.07
2022-07-19,PK,1.29,5.15
2022-07-19,PK,1.27,5.08
2022-07-21,PK,1.21,4.84
2022-07-21,PK,1.22,4.88
2022-07-21,PK,1.26,5.02
2022-07-21,PK,1.27,5.06
2022-07-21,PK,1.27,5.09
2022-07-21,BCR,1.14,4.55
2022-07-21,BCR,1.15,4.61
2022-07-21,BCR,1.13,4.54
2022-07-21,BCR,1.13,4.52
2022-07-21,BCR,1.11,4.46
2022-07-21,BCR,1.12,4.5
2022-07-21,LB,1.18,4.73
2022-07-21,LB,1.17,4.68
2022-07-21,LB,1.17,4.69
2022-07-21,LB,1.18,4.74
2022-07-21,LB,1.18,4.71
2022-07-21,LB,1.16,4.66
2022-07-21,HT,1.22,4.87
2022-07-21,HT,1.21,4.84
2022-07-21,HT,1.18,4.72
2022-07-21,HT,1.17,4.67
2022-07-21,HT,1.17,4.66
2022-07-21,BO,0.99,3.96
2022-07-21,BO,0.97,3.89
2022-07-21,BO,0.95,3.79
2022-07-21,BO,0.95,3.81
2022-07-21,BO,0.96,3.85
2022-07-26,BCR,1.06,4.24
2022-07-26,BCR,1.05,4.2
2022-07-26,BCR,1.07,4.27
2022-07-26,BCR,1.07,4.29
2022-07-26,BCR,1.08,4.31
2022-07-26,LB,1.08,4.31
2022-07-26,LB,1.07,4.29
2022-07-26,LB,1.08,4.32
2022-07-26,LB,1.08,4.31
2022-07-26,HT,1.25,5.01
2022-07-26,HT,1.25,5.01
2022-07-26,HT,1.26,5.03
2022-07-26,HT,1.26,5.06
2022-07-26,HT,1.26,5.03
2022-07-26,HT,1.26,5.03
2022-07-26,BO,1.27,5.09
2022-07-26,BO,1.28,5.11
2022-07-26,BO,1.28,5.11
2022-07-26,BO,1.28,5.11
2022-07-26,BO,1.28,5.14
2022-07-26,PK,1.0,3.99
2022-07-26,PK,1.01,4.04
2022-07-26,PK,1.02,4.08
2022-07-26,PK,1.03,4.1
2022-07-26,PK,1.05,4.18
2022-07-28,BCR,1.26,5.04
2022-07-28,BCR,1.26,5.03
2022-07-28,BCR,1.25,5.01
2022-07-28,BCR,1.25,5.01
2022-07-28,BCR,1.27,5.09
2022-07-28,BCR,1.27,5.08
2022-07-28,LB,1.2,4.8
2022-07-28,LB,1.19,4.77
2022-07-28,LB,1.17,4.67
2022-07-28,LB,1.14,4.54
2022-07-28,LB,1.11,4.44
2022-07-28,LB,1.11,4.42
2022-07-28,LB,1.12,4.49
2022-07-28,HT,1.29,5.16
2022-07-28,HT,1.29,5.17
2022-07-28,HT,1.3,5.2
2022-07-28,HT,1.29,5.16
2022-07-28,HT,1.27,5.1
2022-07-28,HT,1.27,5.09
2022-07-28,HT,1.27,5.09
2022-07-28,HT,1.28,5.12
2022-07-28,BO,1.26,5.06
2022-07-28,BO,1.25,5.0
2022-07-28,BO,1.26,5.05
2022-07-28,BO,1.27,5.07
2022-07-28,BO,1.26,5.04
2022-07-28,BO,1.25,5.01
2022-07-28,PK,1.21,4.85
2022-07-28,PK,1.2,4.79
2022-07-28,PK,1.2,4.8
2022-07-28,PK,1.2,4.81
2022-08-09,LB,1.06,4.26
2022-08-09,LB,1.05,4.18
2022-08-09,LB,1.04,4.17
2022-08-09,LB,1.05,4.21
2022-08-09,PK,0.88,3.54
2022-08-09,PK,0.89,3.54
2022-08-09,PK,0.89,3.56
2022-08-09,PK,0.9,3.61
2022-08-09,PK,0.9,3.61
2022-08-11,PK,1.3,5.2
2022-08-11,PK,1.14,4.57
2022-08-11,PK,0.35,1.42
2022-08-11,PK,1.08,4.33
2022-08-11,PK,1.63,6.52
2022-08-11,PK,1.36,5.45
2022-08-11,PK,1.59,6.34
2022-08-11,PK,1.08,4.31
2022-08-11,PK,0.85,3.39
2022-08-11,BCR,1.15,4.59
2022-08-11,BCR,1.16,4.64
2022-08-11,BCR,1.16,4.65
2022-08-11,BCR,1.18,4.72
2022-08-11,BCR,1.19,4.75
2022-08-11,BCR,1.19,4.76
2022-08-11,BCR,1.17,4.69
2022-08-11,LB,1.47,5.9
2022-08-11,LB,1.47,5.88
2022-08-11,LB,1.46,5.86
2022-08-11,LB,1.45,5.8
2022-08-11,HT,1.34,5.35
2022-08-11,HT,1.32,5.26
2022-08-11,HT,1.31,5.23
2022-08-11,BO,1.11,4.44
2022-08-11,BO,1.1,4.38
2022-08-11,BO,1.07,4.28
2022-08-16,PK,0.32,5.8
2022-08-16,PK,0.33,5.82
2022-08-16,PK,0.3,5.71
2022-08-16,PK,0.27,5.61
2022-08-16,PK,0.26,5.55
2022-08-16,PK,0.25,5.5
2022-08-16,PK,0.25,5.53
2022-08-16,BCR,0.07,4.79
2022-08-16,BCR,0.07,4.81
2022-08-16,BCR,0.11,4.96
2022-08-16,BCR,0.14,5.1
2022-08-16,BCR,0.15,5.1
2022-08-16,LB,0.8,3.19
2022-08-16,LB,0.8,3.18
2022-08-16,LB,0.79,3.15
2022-08-16,LB,0.79,3.14
2022-08-16,HT,1.27,5.09
2022-08-16,HT,1.26,5.05
2022-08-16,HT,1.24,4.98
2022-08-16,HT,1.23,4.91
2022-08-16,BO,1.37,5.49
2022-08-16,BO,1.37,5.49
2022-08-16,BO,1.37,5.5
2022-08-23,PK,0.17,5.51
2022-08-23,PK,0.22,5.7
2022-08-23,PK,0.22,5.69
2022-08-23,PK,0.23,5.71
2022-08-23,PK,0.23,5.74
2022-08-23,PK,0.23,5.71
2022-08-23,PK,0.22,5.71
2022-08-23,PK,0.19,5.58
2022-08-23,PK,0.2,5.6
2022-08-23,PK,0.2,5.63
2022-08-23,LB,0.04,4.97
2022-08-23,LB,0.0,4.79
2022-08-30,PK,0.18,5.57
2022-08-30,PK,0.17,5.53
2022-08-30,PK,0.2,5.65
2022-08-30,PK,0.02,4.93
2022-08-30,PK,0.15,5.44
2022-08-30,PK,0.17,5.52
2022-08-30,PK,0.17,5.52
2022-08-30,PK,0.17,5.52
2022-08-30,PK,0.17,5.52
2022-08-30,BCR,0.2,5.64
2022-08-30,BCR,0.15,5.45
2022-08-30,BCR,0.15,5.43
2022-08-30,BCR,0.15,5.45
2022-08-30,BCR,0.15,5.45
2022-08-30,BCR,0.15,5.43
2022-08-30,BCR,0.13,5.37
2022-08-30,BCR,0.1,5.24
2022-08-30,BCR,0.09,5.2
2022-08-30,BCR,0.1,5.25
2022-08-30,BCR,0.13,5.38
2022-08-30,BCR,0.15,5.44
2022-08-30,LB,0.0,4.83
2022-08-30,HT,0.08,5.18
2022-08-30,HT,0.05,5.04
2022-08-30,HT,0.02,4.94
2022-08-30,BO,0.03,4.97
2022-08-30,BO,0.08,5.15
2022-08-30,BO,0.08,5.16
2022-09-06,BCR,1.11,4.43
2022-09-06,BCR,1.13,4.52
2022-09-06,BCR,1.16,4.64
2022-09-06,BCR,1.18,4.73
2022-09-06,BCR,1.19,4.75
2022-09-06,BCR,1.19,4.78
2022-09-06,LB,1.26,5.04
2022-09-06,LB,1.26,5.04
2022-09-06,LB,1.27,5.07
2022-09-06,LB,1.26,5.05
2022-09-06,LB,1.25,5.01
2022-09-06,LB,1.25,5.02
2022-09-06,LB,1.27,5.06
2022-09-06,HT,1.2,4.82
2022-09-06,HT,1.22,4.86
2022-09-06,HT,1.23,4.94
2022-09-06,HT,1.26,5.04
2022-09-06,HT,1.24,4.98
2022-09-06,BO,1.13,4.53
2022-09-06,BO,1.17,4.67
2022-09-06,BO,1.17,4.7
2022-09-06,BO,1.16,4.65
2022-09-06,PK,1.1,4.41
2022-09-06,PK,1.09,4.34
2022-09-06,PK,1.08,4.33
2022-09-06,PK,1.08,4.33
2022-09-06,PK,1.08,4.31
